reef_id,latitude,longitude,year,window_start,window_end,hard_coral_cover_pct,percent_bleaching,depth_m,max_dhw_30d,max_dhw_90d,max_dhw,mean_sst_anomaly,max_sst_anomaly,days_bleaching_alert,noaa_pixel_offset
4,-19.1483,146.8703,2013,2012-06-16,2013-06-16,10.62,5.0,4.0,0.0,2.4,2.4,-0.06396226415094339,2.01,0,False
4,-19.1483,146.8703,2014,2013-08-23,2014-08-23,14.22,0.875,3.0,0.0,0.0,0.16,0.1722641509433962,1.54,0,False
4,-19.1483,146.8703,2015,2014-10-24,2015-10-24,15.0,0.75,4.0,0.0,0.0,3.56,0.6158490566037738,1.95,0,False
4,-19.1483,146.8703,2016,2015-04-10,2016-04-09,24.6875,6.375,4.5,5.05,5.05,5.05,0.6175471698113209,1.9,0,False
4,-19.1483,146.8703,2017,2016-06-09,2017-06-09,22.814999999999998,2.125,4.0,4.08,7.67,7.67,0.9232075471698111,2.5500000000000003,14,False
6,-19.1227,146.8814,2014,2013-06-14,2014-06-14,12.185,1.5,5.0,0.0,0.16,0.16,0.2184905660377358,1.54,0,False
6,-19.1227,146.8814,2015,2014-07-26,2015-07-26,16.560000000000002,13.25,5.0,0.0,0.98,3.56,0.5881132075471699,1.95,0,False
6,-19.1227,146.8814,2017,2016-03-19,2017-03-19,21.56,6.25,3.0,5.03,5.03,5.05,1.088076923076923,2.32,0,False
7,-19.1219,146.8808,2016,2015-06-27,2016-06-26,19.69,5.0,3.0,0.0,5.05,5.05,0.7541509433962263,2.32,0,False
8,-18.9561,146.9562,2016,2015-10-13,2016-10-12,23.75,17.5,3.0,0.0,0.0,2.62,0.9201886792452829,2.49,0,False
9,-18.7979,147.5206,2017,2016-07-08,2017-07-08,35.620000000000005,0.5,8.0,1.43,4.67,4.67,0.8437735849056607,2.08,7,False
10,-18.7974,147.52,2017,2016-07-09,2017-07-09,14.685,0.0,5.0,1.43,4.28,4.67,0.8201923076923078,2.08,7,False
11,-18.796,147.5213,2017,2016-07-09,2017-07-09,19.69,0.0,2.0,1.43,4.28,4.67,0.8201923076923078,2.08,7,False
12,-18.7949,147.5212,2017,2016-07-08,2017-07-08,28.44,2.25,4.0,1.43,4.67,4.67,0.8437735849056607,2.08,7,False
13,-18.734,146.5738,2013,2012-11-15,2013-11-15,2.5,,1.0,0.0,0.0,2.12,0.3779245283018869,1.41,0,False
14,-18.6872,147.0968,2017,2016-07-07,2017-07-07,10.625,0.0,4.0,0.95,5.84,5.84,0.8686792452830189,2.12,7,False
31,-20.8998,149.4077,2016,2015-03-27,2016-03-26,23.75,6.25,4.0,1.68,1.68,1.68,0.6767924528301887,1.69,0,False
32,-20.8931,149.421,2016,2015-03-27,2016-03-26,30.314999999999998,8.75,5.0,1.68,1.68,1.68,0.6767924528301887,1.69,0,False
36,-20.7458,149.4721,2016,2015-03-28,2016-03-27,26.25,11.25,6.0,2.47,2.47,2.47,0.6856603773584907,1.59,0,False
37,-20.7377,149.4649,2016,2015-03-28,2016-03-27,21.56,25.0,5.0,2.47,2.47,2.47,0.6856603773584907,1.59,0,False
38,-20.2594,148.8146,2017,2016-08-06,2017-08-06,21.56,1.0,2.0,0.0,4.12,6.21,0.666923076923077,2.06,7,False
39,-20.2526,148.8129,2013,2012-06-23,2013-06-23,16.56,,2.0,0.0,0.15,0.15,-0.21113207547169813,0.92,0,False
39,-20.2526,148.8129,2014,2013-10-24,2014-10-24,18.75,6.75,2.0,0.0,0.0,0.0,0.05641509433962263,0.95,0,False
39,-20.2526,148.8129,2016,2015-04-26,2016-04-25,11.25,,2.0,2.31,2.31,2.31,0.4952830188679246,1.49,0,False
39,-20.2526,148.8129,2017,2016-08-06,2017-08-06,2.19,33.75,2.0,0.0,4.12,6.21,0.666923076923077,2.06,7,False
40,-20.2504,148.8144,2013,2012-06-23,2013-06-23,8.75,,1.0,0.0,0.15,0.15,-0.21113207547169813,0.92,0,False
40,-20.2504,148.8144,2014,2013-10-24,2014-10-24,7.19,0.25,2.0,0.0,0.0,0.0,0.05641509433962263,0.95,0,False
40,-20.2504,148.8144,2016,2015-04-26,2016-04-25,5.0,,3.0,2.31,2.31,2.31,0.4952830188679246,1.49,0,False
42,-20.0658,148.9481,2013,2012-06-22,2013-06-22,19.065,3.75,6.0,0.0,1.12,1.12,0.003018867924528293,1.07,0,False
42,-20.0658,148.9481,2016,2015-04-24,2016-04-23,19.06,9.25,7.0,3.3200000000000003,3.3200000000000003,3.3200000000000003,0.5967924528301888,1.55,0,False
45,-20.039,148.8758,2014,2013-07-12,2014-07-12,23.28,0.25,5.5,0.0,0.0,0.0,0.33226415094339623,1.28,0,False
45,-20.039,148.8758,2015,2014-10-01,2015-10-01,24.06,4.5,6.0,0.0,0.0,2.27,0.6133962264150944,1.57,0,False
45,-20.039,148.8758,2015,2014-10-02,2015-10-02,18.905,23.75,5.5,0.0,0.0,2.27,0.609245283018868,1.57,0,False
45,-20.039,148.8758,2016,2015-04-24,2016-04-23,30.0,40.0,4.0,3.36,3.36,3.36,0.5920754716981131,1.54,0,False
45,-20.039,148.8758,2016,2015-04-25,2016-04-24,20.31,,5.0,3.36,3.36,3.36,0.5920754716981131,1.54,0,False
48,-19.8178,149.0658,2016,2015-05-29,2016-05-28,18.119999999999997,9.5,5.0,2.18,2.65,2.65,0.549622641509434,1.81,0,False
48,-19.8178,149.0658,2017,2016-08-07,2017-08-07,17.189999999999998,11.75,5.0,0.0,2.23,3.24,0.740188679245283,1.61,0,False
49,-19.8131,149.0657,2017,2016-08-07,2017-08-07,17.19,1.25,2.0,0.0,2.23,3.24,0.740188679245283,1.61,0,False
50,-19.8076,149.0627,2016,2015-05-29,2016-05-28,19.06,4.75,4.0,2.18,2.65,2.65,0.549622641509434,1.81,0,False
52,-19.7458,149.1659,2013,2012-04-15,2013-04-15,29.375,,5.0,0.0,0.0,0.49,-0.0067924528301886835,0.94,0,False
52,-19.7458,149.1659,2016,2015-05-30,2016-05-29,26.56,32.5,5.0,1.71,1.71,1.71,0.5618867924528301,1.83,0,False
52,-19.7458,149.1659,2017,2016-08-05,2017-08-05,24.380000000000003,0.0,5.0,0.0,1.64,2.26,0.7250943396226415,1.56,0,False
53,-19.7456,149.1658,2013,2012-04-14,2013-04-14,23.75,13.75,5.0,0.0,0.0,0.49,-0.0067924528301886835,0.94,0,False
53,-19.7456,149.1658,2016,2015-05-30,2016-05-29,22.81,17.25,5.0,1.71,1.71,1.71,0.5618867924528301,1.83,0,False
53,-19.7456,149.1658,2017,2016-08-05,2017-08-05,23.75,1.25,5.0,0.0,1.64,2.26,0.7250943396226415,1.56,0,False
54,-19.1983,146.8152,2014,2013-05-04,2014-05-04,30.0,1.0,5.0,0.0,0.5,0.5,0.1652830188679245,1.75,0,False
54,-19.1983,146.8152,2015,2014-07-25,2015-07-25,25.314999999999998,8.75,4.0,0.0,1.18,3.83,0.5979245283018867,2.02,0,False
54,-19.1983,146.8152,2016,2015-06-26,2016-06-25,23.12,57.5,3.0,0.0,5.88,5.88,0.7598113207547169,2.14,7,False
54,-19.1983,146.8152,2017,2016-03-18,2017-03-18,43.75,1.0,3.0,5.99,5.99,5.99,1.1064150943396227,2.14,7,False
55,-19.1981,146.815,2014,2013-05-04,2014-05-04,41.565,3.0,2.0,0.0,0.5,0.5,0.1652830188679245,1.75,0,False
55,-19.1981,146.815,2015,2014-07-25,2015-07-25,36.87,6.5,3.0,0.0,1.18,3.83,0.5979245283018867,2.02,0,False
55,-19.1981,146.815,2017,2016-03-18,2017-03-18,44.37,1.0,5.0,5.99,5.99,5.99,1.1064150943396227,2.14,7,False
56,-19.1707,146.8485,2017,2016-07-07,2017-07-07,26.56,0.0,5.0,1.28,8.57,8.57,0.7715094339622641,2.68,21,False
57,-19.1694,146.8472,2017,2016-10-15,2017-10-15,37.815,0.5,2.0,0.0,0.0,8.57,0.8550000000000002,2.68,21,False
59,-19.1692,146.8469,2013,2012-04-21,2013-04-21,13.7475,1.5,2.5,2.5,2.5,3.14,-0.11830188679245282,2.02,0,False
59,-19.1692,146.8469,2014,2013-05-11,2014-05-11,18.75,1.5,6.0,0.0,0.5,0.5,0.1679245283018868,1.75,0,False
59,-19.1692,146.8469,2014,2013-06-11,2014-06-11,18.75,1.25,5.0,0.0,0.5,0.5,0.22018867924528301,1.75,0,False
59,-19.1692,146.8469,2015,2014-10-24,2015-10-24,12.19,2.25,5.0,0.0,0.0,3.83,0.6254716981132076,2.02,0,False
59,-19.1692,146.8469,2016,2015-04-11,2016-04-10,35.625,4.75,5.0,5.88,5.88,5.88,0.6166037735849057,2.04,7,False
59,-19.1692,146.8469,2017,2016-06-09,2017-06-09,25.630000000000003,3.5,4.0,4.2,8.57,8.57,0.9364150943396228,2.68,21,False
60,-19.1543,146.8661,2016,2015-06-27,2016-06-26,39.065,20.0,1.0,0.0,5.54,5.54,0.760377358490566,2.21,7,False
60,-19.1543,146.8661,2017,2016-03-19,2017-03-19,32.81,6.0,3.0,5.18,5.18,5.54,1.1003846153846153,2.21,0,False
61,-19.1542,146.8658,2014,2013-06-14,2014-06-14,11.559999999999999,,5.0,0.0,0.32,0.32,0.22132075471698115,1.74,0,False
61,-19.1542,146.8658,2015,2014-07-26,2015-07-26,20.0,24.25,4.0,0.0,1.14,3.83,0.5922641509433962,2.01,0,False
82,-16.9322,145.9865,2017,2016-10-29,2017-10-29,13.435,16.25,1.0,0.0,0.0,10.69,0.759423076923077,2.63,35,False
87,-16.8725,146.2044,2013,2012-04-28,2013-04-28,33.44,15.5,5.0,2.79,2.79,2.79,0.17698113207547167,1.72,0,False
87,-16.8725,146.2044,2014,2013-07-27,2014-07-27,23.75,1.5,5.0,0.0,0.0,0.0,0.35792452830188676,1.16,0,False
87,-16.8725,146.2044,2015,2014-09-12,2015-09-12,28.125,67.5,3.0,0.0,0.0,1.86,0.4747169811320755,1.5,0,False
87,-16.8725,146.2044,2016,2015-04-18,2016-04-17,32.81,72.5,3.0,3.01,3.01,3.01,0.5479245283018869,1.85,0,False
87,-16.8725,146.2044,2016,2015-10-31,2016-10-30,28.125,9.375,5.0,0.0,0.0,3.01,1.1020754716981134,2.65,0,False
87,-16.8725,146.2044,2017,2016-04-01,2017-04-01,14.530000000000001,93.25,5.0,9.67,9.67,9.67,1.3060377358490567,2.65,35,False
87,-16.8725,146.2044,2017,2016-10-28,2017-10-28,4.6899999999999995,3.5,3.0,0.0,0.0,10.7,0.8309433962264151,2.42,42,False
103,-16.5667,145.9833,2016,2015-10-30,2016-10-29,14.065,4.0,4.0,0.0,0.0,4.36,1.1384905660377358,2.62,0,False
104,-16.5192,146.0056,2016,2015-04-18,2016-04-17,20.31,58.75,4.0,5.29,5.29,5.29,0.5649056603773585,2.19,7,False
105,-16.5125,146.0011,2015,2014-09-13,2015-09-13,13.125,3.25,5.0,0.0,0.0,1.63,0.4488679245283019,1.64,0,False
105,-16.5125,146.0011,2017,2016-04-02,2017-04-02,23.439999999999998,75.75,5.0,9.02,9.02,9.02,1.2871153846153847,2.67,21,False
109,-16.4581,145.9825,2013,2012-04-27,2013-04-27,5.0,13.5,5.0,1.33,1.33,1.33,0.23433962264150943,1.51,0,False
109,-16.4581,145.9825,2014,2013-06-24,2014-06-24,3.125,,1.0,0.0,0.0,0.0,0.3366037735849057,1.04,0,False
111,-16.4208,145.9957,2014,2013-07-26,2014-07-26,11.25,1.0,6.0,0.0,0.0,0.0,0.3549056603773584,1.06,0,False
111,-16.4208,145.9957,2015,2014-09-13,2015-09-13,14.69,8.75,5.0,0.0,0.0,1.62,0.45018867924528294,1.62,0,False
111,-16.4208,145.9957,2016,2015-04-18,2016-04-17,13.125,60.0,5.0,6.21,6.21,6.21,0.5732075471698113,2.14,14,False
111,-16.4208,145.9957,2017,2016-04-02,2017-04-02,18.13,77.5,5.0,9.33,9.33,9.33,1.2850000000000001,2.56,28,False
116,-16.3772,145.558,2013,2012-08-24,2013-08-24,6.56,1.75,2.0,0.0,0.0,1.28,0.22773584905660374,1.49,0,False
116,-16.3772,145.558,2015,2014-08-02,2015-08-02,9.219999999999999,2.5,4.0,0.0,0.34,1.5,0.3779245283018867,1.34,0,False
116,-16.3772,145.558,2017,2016-05-01,2017-05-01,18.12,50.0,4.0,11.54,11.54,11.54,1.2686792452830191,2.56,42,False
119,-16.25,145.8333,2013,2012-05-25,2013-05-25,18.75,1.0,4.0,0.95,1.47,1.47,0.23509433962264156,1.47,0,False
119,-16.25,145.8333,2016,2015-05-01,2016-04-30,34.375,52.5,7.0,5.05,5.05,5.05,0.5781132075471698,1.9,7,False
122,-16.2419,145.8619,2013,2012-05-26,2013-05-26,20.94,1.0,5.0,0.96,1.46,1.46,0.26150943396226417,1.47,0,False
122,-16.2419,145.8619,2017,2016-04-30,2017-04-30,13.125,42.75,5.0,9.45,9.45,9.45,1.290769230769231,2.52,28,False
123,-16.2417,145.864,2013,2012-05-25,2013-05-25,26.25,6.0,4.0,0.96,1.46,1.46,0.26150943396226417,1.47,0,False
123,-16.2417,145.864,2015,2014-08-30,2015-08-30,25.315,28.75,8.0,0.0,0.0,1.42,0.41150943396226414,1.48,0,False
123,-16.2417,145.864,2016,2015-05-01,2016-04-30,27.81,56.25,7.0,5.82,5.82,5.82,0.590377358490566,1.93,14,False
123,-16.2417,145.864,2017,2016-04-30,2017-04-30,23.44,31.0,5.0,9.45,9.45,9.45,1.290769230769231,2.52,28,False
126,-16.2309,145.8676,2017,2016-04-30,2017-04-30,15.315,35.25,4.0,9.45,9.45,9.45,1.290769230769231,2.52,28,False
129,-16.0,145.9667,2016,2015-10-31,2016-10-30,11.875,1.5,4.0,0.0,0.0,8.72,1.1390566037735848,2.18,28,False
130,-15.983,145.8224,2013,2012-08-25,2013-08-25,35.0,1.5,6.0,0.0,0.0,1.64,0.4275471698113206,1.59,0,False
130,-15.983,145.8224,2015,2014-08-29,2015-08-29,33.435,22.5,6.0,0.0,0.0,1.13,0.37509433962264155,1.32,0,False
131,-15.9829,145.8224,2013,2012-08-25,2013-08-25,29.69,12.75,5.5,0.0,0.0,1.64,0.4275471698113206,1.59,0,False
131,-15.9829,145.8224,2015,2014-08-29,2015-08-29,38.75,13.75,6.0,0.0,0.0,1.13,0.37509433962264155,1.32,0,False
166,-28.1625,153.5311,2016,2015-04-20,2016-04-19,3.125,0.0,4.0,0.32,0.32,0.32,0.38547169811320753,1.68,0,False
167,-28.1092,153.4758,2013,2012-11-22,2013-11-22,5.9350000000000005,0.25,9.5,0.0,0.0,0.0,0.15339622641509434,1.1,0,False
167,-28.1092,153.4758,2015,2014-11-22,2015-11-22,13.594999999999999,2.0,10.0,0.0,0.0,0.0,0.31981132075471697,1.74,0,False
167,-28.1092,153.4758,2017,2016-03-27,2017-03-27,4.6899999999999995,,12.0,0.18,0.18,0.18,0.11754716981132077,1.57,0,False
168,-28.0411,153.4536,2017,2016-05-22,2017-05-22,3.435,,24.0,0.33,0.33,0.33,-0.004905660377358493,1.32,0,False
169,-27.9867,153.4334,2016,2015-04-20,2016-04-19,21.875,,6.0,0.0,0.0,0.0,0.2292452830188679,1.51,0,False
170,-27.9397,153.4208,2013,2012-11-03,2013-11-03,3.75,0.0,2.0,0.0,0.0,0.0,0.13452830188679243,1.15,0,False
170,-27.9397,153.4208,2015,2014-12-19,2015-12-19,0.31,0.0,2.0,0.0,0.0,0.0,0.2758490566037736,1.66,0,False
170,-27.9397,153.4208,2015,2014-12-20,2015-12-20,0.0,0.0,3.0,0.0,0.0,0.0,0.2758490566037736,1.66,0,False
170,-27.9397,153.4208,2017,2016-02-06,2017-02-05,0.0,0.0,3.0,0.0,0.0,0.0,0.11461538461538465,1.53,0,False
170,-27.9397,153.4208,2017,2016-12-09,2017-12-09,6.25,0.0,2.0,0.0,0.0,0.33,0.09905660377358491,1.3,0,False
171,-27.9369,153.4256,2015,2014-12-20,2015-12-20,0.0,0.0,4.0,0.0,0.0,0.0,0.2758490566037736,1.66,0,False
171,-27.9369,153.4256,2017,2016-02-06,2017-02-05,0.0,0.0,4.0,0.0,0.0,0.0,0.11461538461538465,1.53,0,False
171,-27.9369,153.4256,2017,2016-12-09,2017-12-09,0.31,0.0,9.0,0.0,0.0,0.33,0.09905660377358491,1.3,0,False
174,-27.5689,153.3519,2016,2015-02-14,2016-02-14,3.75,0.25,1.0,0.0,0.0,1.06,0.11320754716981132,1.77,0,False
174,-27.5689,153.3519,2017,2016-03-11,2017-03-11,7.81,25.0,2.0,7.65,7.65,7.65,0.3828301886792453,2.25,21,False
174,-27.5689,153.3519,2017,2016-11-17,2017-11-17,11.25,2.0,2.0,0.0,0.0,7.65,0.21377358490566034,2.25,21,False
175,-27.5177,153.3846,2013,2012-01-21,2013-01-20,20.31,0.5,2.0,0.0,0.0,0.0,-0.22415094339622643,1.31,0,False
175,-27.5177,153.3846,2013,2012-12-19,2013-12-19,14.69,52.5,2.0,0.0,0.0,0.0,0.04037735849056605,1.19,0,False
175,-27.5177,153.3846,2015,2014-01-10,2015-01-10,15.0,56.25,2.0,0.49,0.49,0.49,0.16754716981132076,1.77,0,False
175,-27.5177,153.3846,2015,2014-11-01,2015-11-01,22.19,4.875,2.75,0.0,0.0,1.72,0.3288679245283019,1.77,0,False
175,-27.5177,153.3846,2016,2015-02-14,2016-02-14,3.75,0.25,1.0,0.0,0.0,1.72,0.1622641509433962,1.86,0,False
175,-27.5177,153.3846,2016,2015-11-20,2016-11-19,14.375,6.25,1.0,0.0,0.0,0.3,0.289811320754717,1.88,0,False
175,-27.5177,153.3846,2017,2016-11-17,2017-11-17,10.31,3.0,3.0,0.0,0.0,8.75,0.2756603773584906,2.39,28,False
176,-27.5166,153.3829,2014,2013-06-24,2014-06-24,3.125,1.0,1.0,0.0,0.0,0.0,0.10037735849056603,1.19,0,False
176,-27.5166,153.3829,2015,2014-10-06,2015-10-06,10.94,27.5,1.0,0.0,0.0,1.72,0.29547169811320756,1.77,0,False
176,-27.5166,153.3829,2016,2015-04-29,2016-04-28,11.56,35.75,1.0,0.3,0.3,0.44,0.24301886792452831,1.88,0,False
176,-27.5166,153.3829,2016,2015-11-22,2016-11-21,9.06,10.0,1.0,0.0,0.0,0.3,0.289811320754717,1.88,0,False
176,-27.5166,153.3829,2017,2016-11-27,2017-11-27,6.25,11.25,1.0,0.0,0.0,8.75,0.25528301886792454,2.39,28,False
179,-27.5022,153.3707,2013,2012-10-23,2013-10-23,17.185,0.0,3.0,0.0,0.0,0.0,0.06547169811320755,1.31,0,False
179,-27.5022,153.3707,2015,2014-11-01,2015-11-01,17.185000000000002,32.5,2.5,0.0,0.0,1.72,0.3288679245283019,1.77,0,False
179,-27.5022,153.3707,2016,2015-11-21,2016-11-20,5.94,4.25,2.0,0.0,0.0,0.3,0.289811320754717,1.88,0,False
179,-27.5022,153.3707,2017,2016-11-26,2017-11-26,16.25,3.5,2.0,0.0,0.0,8.75,0.2536538461538461,2.39,28,False
180,-27.5,153.3752,2014,2013-06-24,2014-06-24,10.0,0.25,1.0,0.0,0.0,0.0,0.1418867924528302,1.24,0,False
180,-27.5,153.3752,2015,2014-10-06,2015-10-06,7.5,11.25,1.0,0.0,0.0,1.93,0.34358490566037736,1.75,0,False
180,-27.5,153.3752,2016,2015-11-23,2016-11-22,10.625,5.5,1.0,0.0,0.0,0.31,0.34490566037735854,2.0,0,False
180,-27.5,153.3752,2017,2016-11-15,2017-11-15,10.309999999999999,3.0,2.0,0.0,0.0,8.69,0.3262264150943396,2.48,28,False
181,-27.472,153.4099,2014,2013-06-23,2014-06-23,8.75,0.0,1.0,0.0,0.0,0.0,0.2743396226415094,1.32,0,False
181,-27.472,153.4099,2015,2014-01-10,2015-01-10,22.185,6.25,2.0,0.65,0.65,0.65,0.35509433962264153,1.78,0,False
181,-27.472,153.4099,2015,2014-10-07,2015-10-07,19.064999999999998,0.0,1.0,0.0,0.0,1.9,0.5011320754716981,1.78,0,False
181,-27.472,153.4099,2015,2014-10-31,2015-10-31,16.875,6.25,2.0,0.0,0.0,1.9,0.5362264150943395,1.78,0,False
181,-27.472,153.4099,2016,2015-04-29,2016-04-28,16.56,1.0,2.0,0.33,0.33,0.45,0.45999999999999996,2.05,0,False
181,-27.472,153.4099,2016,2015-11-20,2016-11-19,15.94,18.75,4.0,0.0,0.0,0.33,0.5135849056603774,2.05,0,False
181,-27.472,153.4099,2016,2015-11-22,2016-11-21,7.5,1.25,1.0,0.0,0.0,0.33,0.5135849056603774,2.05,0,False
181,-27.472,153.4099,2017,2016-11-15,2017-11-15,18.125,1.25,2.0,0.0,0.0,6.87,0.43603773584905653,2.3000000000000003,21,False
181,-27.472,153.4099,2017,2016-11-26,2017-11-26,19.06,0.75,2.0,0.0,0.0,6.87,0.42788461538461536,2.3000000000000003,21,False
182,-27.4701,153.3491,2015,2014-11-18,2015-11-18,15.935,7.5,3.0,0.0,0.0,2.62,0.240188679245283,1.77,0,False
182,-27.4701,153.3491,2016,2015-04-29,2016-04-28,13.125,18.75,1.0,0.29,0.29,0.45,0.14830188679245285,1.98,0,False
182,-27.4701,153.3491,2016,2015-11-21,2016-11-20,11.565,1.25,2.0,0.0,0.0,0.29,0.21415094339622645,1.98,0,False
182,-27.4701,153.3491,2017,2016-11-25,2017-11-25,7.5,20.0,2.0,0.0,0.0,10.14,0.2216981132075472,2.66,28,False
186,-27.4246,153.2278,2017,2016-12-16,2017-12-16,2.81,7.75,3.0,0.0,0.0,11.56,-0.004905660377358493,2.94,28,False
188,-27.4191,153.2416,2015,2014-11-18,2015-11-18,10.0,20.0,3.0,0.0,0.0,3.04,0.0013207547169811144,1.84,0,False
188,-27.4191,153.2416,2017,2016-03-11,2017-03-11,0.935,37.5,2.0,11.56,11.56,11.56,0.2913207547169811,2.94,28,False
192,-27.4182,153.235,2017,2016-12-16,2017-12-16,4.06,37.5,3.0,0.0,0.0,11.56,-0.004905660377358493,2.94,28,False
194,-27.4143,153.5261,2014,2013-11-22,2014-11-22,20.939999999999998,3.75,5.0,0.0,0.0,0.0,0.3652830188679245,1.45,0,False
194,-27.4143,153.5261,2015,2014-09-12,2015-09-12,13.75,6.0,9.0,0.0,0.0,2.22,0.6545283018867922,1.87,0,False
194,-27.4143,153.5261,2016,2015-03-07,2016-03-06,9.690000000000001,6.75,8.0,0.7000000000000001,0.7000000000000001,2.22,0.6571698113207547,1.65,0,False
194,-27.4143,153.5261,2016,2015-10-10,2016-10-09,17.81,10.0,5.0,0.0,0.0,0.84,0.779245283018868,2.13,0,False
194,-27.4143,153.5261,2017,2016-05-20,2017-05-20,10.629999999999999,,5.0,4.93,4.93,4.93,0.6064150943396225,2.06,14,False
194,-27.4143,153.5261,2017,2016-09-10,2017-09-10,18.75,1.75,5.0,0.0,0.0,4.93,0.546923076923077,2.06,14,False
198,-27.4142,153.5264,2014,2013-11-22,2014-11-22,10.625,3.75,5.0,0.0,0.0,0.0,0.3652830188679245,1.45,0,False
198,-27.4142,153.5264,2015,2014-09-12,2015-09-12,15.935,12.5,5.0,0.0,0.0,2.22,0.6545283018867922,1.87,0,False
198,-27.4142,153.5264,2016,2015-03-07,2016-03-06,15.935,2.75,6.0,0.7000000000000001,0.7000000000000001,2.22,0.6571698113207547,1.65,0,False
198,-27.4142,153.5264,2016,2015-10-10,2016-10-09,18.439999999999998,9.25,5.0,0.0,0.0,0.84,0.779245283018868,2.13,0,False
198,-27.4142,153.5264,2017,2016-05-21,2017-05-21,7.185,,5.0,4.93,4.93,4.93,0.5798076923076924,2.06,14,False
198,-27.4142,153.5264,2017,2016-09-10,2017-09-10,16.88,0.0,6.0,0.0,0.0,4.93,0.546923076923077,2.06,14,False
202,-27.4038,153.5323,2017,2016-05-21,2017-05-21,10.940000000000001,,14.0,4.93,4.93,4.93,0.5798076923076924,2.06,14,False
204,-27.4007,153.4373,2016,2015-03-13,2016-03-12,0.0,0.0,6.0,0.33,0.33,1.92,0.4369811320754717,1.58,0,False
204,-27.4007,153.4373,2016,2015-09-18,2016-09-17,1.875,1.25,2.0,0.0,0.0,0.33,0.6079245283018868,2.13,0,False
204,-27.4007,153.4373,2017,2016-11-25,2017-11-25,2.81,12.5,4.0,0.0,0.0,6.38,0.4671698113207547,2.34,21,False
207,-27.3967,153.5569,2013,2012-08-25,2013-08-25,12.19,0.0,9.0,0.0,0.0,0.3,0.39830188679245276,1.45,0,False
207,-27.3967,153.5569,2014,2013-11-23,2014-11-23,14.065,3.75,6.0,0.0,0.0,0.0,0.3988679245283019,1.57,0,False
207,-27.3967,153.5569,2015,2014-09-13,2015-09-13,6.875,2.5,8.0,0.0,0.0,2.08,0.6750943396226415,1.88,0,False
207,-27.3967,153.5569,2016,2015-03-06,2016-03-05,25.0,3.5,10.0,1.15,1.15,2.08,0.6856603773584906,1.65,0,False
207,-27.3967,153.5569,2016,2015-10-09,2016-10-08,21.56,5.25,7.0,0.0,0.0,1.29,0.8269811320754716,2.13,0,False
207,-27.3967,153.5569,2017,2016-05-20,2017-05-20,17.810000000000002,,10.0,5.16,5.16,5.16,0.6771698113207548,2.0,14,False
207,-27.3967,153.5569,2017,2016-09-09,2017-09-09,17.185,0.5,9.0,0.0,0.45,5.16,0.6366037735849056,1.96,14,False
210,-27.3906,153.5511,2013,2012-08-25,2013-08-25,6.880000000000001,0.0,6.0,0.0,0.0,0.3,0.39830188679245276,1.45,0,False
210,-27.3906,153.5511,2014,2013-11-23,2014-11-23,12.81,1.25,7.0,0.0,0.0,0.0,0.3988679245283019,1.57,0,False
210,-27.3906,153.5511,2015,2014-09-13,2015-09-13,17.185,12.5,8.0,0.0,0.0,2.08,0.6750943396226415,1.88,0,False
210,-27.3906,153.5511,2016,2015-03-06,2016-03-05,21.875,5.0,8.0,1.15,1.15,2.08,0.6856603773584906,1.65,0,False
210,-27.3906,153.5511,2016,2015-10-09,2016-10-08,24.064999999999998,12.5,5.0,0.0,0.0,1.29,0.8269811320754716,2.13,0,False
210,-27.3906,153.5511,2017,2016-09-09,2017-09-09,13.129999999999999,0.75,6.0,0.0,0.45,5.16,0.6366037735849056,1.96,14,False
213,-27.3472,153.2432,2017,2016-12-17,2017-12-17,1.25,5.0,2.0,0.0,0.0,9.89,0.021538461538461555,2.91,28,False
215,-27.3448,153.2388,2017,2016-12-17,2017-12-17,1.875,0.5,2.0,0.0,0.0,9.89,0.021538461538461555,2.91,28,False
219,-26.9837,153.4862,2017,2016-06-24,2017-06-24,15.94,,12.0,1.15,3.62,3.62,0.6049056603773584,2.01,0,False
221,-26.9799,153.4882,2013,2012-10-20,2013-10-20,22.19,1.0,11.5,0.0,0.0,0.0,0.4422641509433963,1.38,0,False
221,-26.9799,153.4882,2015,2014-01-04,2015-01-04,14.165,1.0,8.0,0.0,0.0,0.0,0.5311320754716982,1.83,0,False
221,-26.9799,153.4882,2015,2014-12-13,2015-12-13,23.119999999999997,35.0,10.0,0.0,0.0,0.8200000000000001,0.7047169811320755,1.83,0,False
221,-26.9799,153.4882,2016,2015-01-10,2016-01-10,20.625,1.0,10.0,0.0,0.0,0.8200000000000001,0.608490566037736,1.59,0,False
221,-26.9799,153.4882,2016,2015-11-07,2016-11-06,18.28,0.875,10.5,0.0,0.0,0.45,0.7133962264150944,1.99,0,False
221,-26.9799,153.4882,2017,2016-12-20,2017-12-20,11.875,10.0,12.0,0.0,0.0,3.62,0.7354716981132077,2.01,0,False
225,-26.9777,153.484,2013,2012-10-20,2013-10-20,33.75,1.25,8.5,0.0,0.0,0.0,0.4422641509433963,1.38,0,False
225,-26.9777,153.484,2015,2014-01-11,2015-01-11,31.869999999999997,5.0,6.0,0.0,0.0,0.0,0.5383018867924528,1.83,0,False
225,-26.9777,153.484,2015,2014-12-13,2015-12-13,38.44,21.25,10.0,0.0,0.0,0.8200000000000001,0.7047169811320755,1.83,0,False
225,-26.9777,153.484,2016,2015-11-07,2016-11-06,35.625,0.25,10.0,0.0,0.0,0.45,0.7133962264150944,1.99,0,False
227,-26.9775,153.4839,2013,2012-10-27,2013-10-27,8.435,4.0,5.5,0.0,0.0,0.0,0.4458490566037736,1.38,0,False
227,-26.9775,153.4839,2015,2014-01-04,2015-01-04,11.25,4.25,5.0,0.0,0.0,0.0,0.5311320754716982,1.83,0,False
227,-26.9775,153.4839,2016,2015-01-10,2016-01-10,11.875,0.75,10.0,0.0,0.0,0.8200000000000001,0.608490566037736,1.59,0,False
227,-26.9775,153.4839,2016,2015-11-07,2016-11-06,15.625,2.25,6.0,0.0,0.0,0.45,0.7133962264150944,1.99,0,False
231,-26.8033,153.1456,2013,2012-10-17,2013-10-17,19.685,0.25,3.0,0.0,0.0,0.0,0.15226415094339624,1.44,0,False
231,-26.8033,153.1456,2014,2013-06-20,2014-06-20,0.31,25.0,3.0,0.0,0.0,0.0,0.22735849056603774,1.44,0,False
231,-26.8033,153.1456,2014,2013-12-19,2014-12-19,3.44,0.5,4.0,0.0,0.0,0.0,0.19698113207547172,1.23,0,False
231,-26.8033,153.1456,2015,2014-12-12,2015-12-12,2.5,0.0,4.0,0.0,0.0,0.92,0.39735849056603784,1.68,0,False
231,-26.8033,153.1456,2016,2015-01-22,2016-01-22,9.685,1.25,9.0,0.0,0.0,0.92,0.26603773584905654,1.53,0,False
231,-26.8033,153.1456,2016,2015-12-04,2016-12-03,3.125,12.5,4.0,0.0,0.0,0.0,0.4115094339622642,1.81,0,False
231,-26.8033,153.1456,2017,2016-01-28,2017-01-27,17.5,0.0,10.0,0.0,0.0,0.0,0.47981132075471705,1.81,0,False
231,-26.8033,153.1456,2017,2016-11-18,2017-11-18,10.625,6.5,8.0,0.0,0.0,3.53,0.47264150943396227,2.05,0,False
237,-26.7545,153.1016,2017,2016-06-24,2017-06-24,3.125,,23.0,0.15,3.53,3.53,0.3349056603773584,2.05,0,True
239,-26.7517,153.1579,2016,2015-03-12,2016-03-11,10.780000000000001,5.375,9.0,0.0,0.0,0.58,0.32830188679245287,1.58,0,False
239,-26.7517,153.1579,2016,2015-05-08,2016-05-07,15.622499999999999,0.5,9.0,0.0,0.0,0.0,0.3856603773584905,1.83,0,False
239,-26.7517,153.1579,2017,2016-01-29,2017-01-28,19.845,0.5,9.0,0.0,0.0,0.0,0.5241509433962265,1.83,0,False
244,-26.645,153.1608,2014,2013-05-24,2014-05-24,17.5,3.0,9.5,0.0,0.0,0.0,0.20943396226415092,1.49,0,False
244,-26.645,153.1608,2014,2013-11-30,2014-11-30,18.59,9.375,9.5,0.0,0.0,0.0,0.1890566037735849,1.8,0,False
244,-26.645,153.1608,2015,2014-03-07,2015-03-07,17.5,1.5,9.0,0.66,0.66,0.66,0.44773584905660374,1.82,0,False
244,-26.645,153.1608,2015,2014-10-18,2015-10-18,16.56,0.0,9.0,0.0,0.0,0.66,0.479811320754717,1.82,0,False
244,-26.645,153.1608,2015,2014-11-21,2015-11-21,17.5,6.25,10.0,0.0,0.0,0.66,0.4969811320754717,1.82,0,False
244,-26.645,153.1608,2016,2015-11-13,2016-11-12,18.44,1.0,12.0,0.0,0.0,0.0,0.5318867924528301,1.86,0,False
244,-26.645,153.1608,2016,2015-11-14,2016-11-13,17.81,1.0,9.0,0.0,0.0,0.0,0.5318867924528301,1.86,0,False
244,-26.645,153.1608,2017,2016-01-28,2017-01-27,18.75,0.0,9.0,0.0,0.0,0.0,0.5275471698113208,1.86,0,False
244,-26.645,153.1608,2017,2016-10-14,2017-10-14,19.375,0.5,10.0,0.0,0.0,2.1,0.5200000000000001,2.08,0,False
249,-26.615,153.1129,2013,2012-09-15,2013-09-15,15.625,0.25,10.0,0.0,0.0,0.0,0.11377358490566036,1.31,0,False
249,-26.615,153.1129,2013,2012-11-08,2013-11-08,23.75,0.25,6.0,0.0,0.0,0.0,0.23415094339622639,1.45,0,False
249,-26.615,153.1129,2014,2013-10-05,2014-10-05,10.0,6.25,10.0,0.0,0.0,0.0,0.11339622641509432,1.74,0,False
249,-26.615,153.1129,2015,2014-10-18,2015-10-18,10.0,0.0,10.0,0.0,0.0,0.81,0.4164150943396227,1.81,0,False
249,-26.615,153.1129,2016,2015-01-22,2016-01-22,40.62,1.0,6.0,0.0,0.0,0.81,0.289811320754717,1.63,0,False
249,-26.615,153.1129,2016,2015-11-05,2016-11-04,21.405,0.875,11.0,0.0,0.0,0.0,0.4650943396226416,1.81,0,False
249,-26.615,153.1129,2017,2016-10-14,2017-10-14,9.375,0.0,9.0,0.0,0.0,2.08,0.43018867924528303,2.11,0,False
249,-26.615,153.1129,2017,2016-11-18,2017-11-18,18.125,1.0,6.0,0.0,0.0,2.08,0.4654716981132075,2.11,0,False
254,-26.615,153.1128,2013,2012-08-18,2013-08-18,18.435,1.0,6.0,0.0,0.0,0.0,0.051509433962264144,0.94,0,False
254,-26.615,153.1128,2014,2013-10-05,2014-10-05,19.375,8.75,5.0,0.0,0.0,0.0,0.11339622641509432,1.74,0,False
254,-26.615,153.1128,2015,2014-11-21,2015-11-21,10.0,0.75,5.0,0.0,0.0,0.81,0.4356603773584906,1.81,0,False
254,-26.615,153.1128,2016,2015-11-13,2016-11-12,14.375,3.25,5.0,0.0,0.0,0.0,0.46735849056603773,1.81,0,False
258,-25.6496,152.9146,2013,2012-08-11,2013-08-11,24.375,12.5,3.0,0.0,0.0,0.0,-0.5735849056603773,1.61,0,False
258,-25.6496,152.9146,2014,2013-08-30,2014-08-30,14.06,8.75,3.0,0.0,0.0,0.19,-0.13754716981132079,1.85,0,False
258,-25.6496,152.9146,2017,2016-06-17,2017-06-17,23.75,9.5,3.0,1.62,12.46,12.46,0.31867924528301883,2.43,42,False
260,-25.2822,152.9253,2017,2016-06-18,2017-06-18,9.06,23.75,3.0,1.38,10.27,10.27,0.4192307692307692,2.36,35,False
262,-25.2631,152.9381,2013,2012-08-12,2013-08-12,11.56,4.25,3.0,0.0,0.0,0.31,-0.43792452830188683,1.48,0,False
262,-25.2631,152.9381,2014,2013-08-30,2014-08-30,27.81,1.25,3.0,0.0,0.0,0.32,0.0135849056603774,2.04,0,False
262,-25.2631,152.9381,2017,2016-06-18,2017-06-18,21.25,22.75,4.0,1.38,10.27,10.27,0.4192307692307692,2.36,35,False
264,-25.2444,152.8253,2013,2012-08-11,2013-08-11,7.81,1.0,3.0,0.0,0.0,0.3,-0.3709433962264151,1.46,0,False
264,-25.2444,152.8253,2014,2013-08-30,2014-08-30,6.56,7.5,3.0,0.0,0.0,0.17,0.06660377358490563,2.13,0,False
264,-25.2444,152.8253,2017,2016-06-17,2017-06-17,25.935,51.25,3.0,0.81,8.72,8.72,0.42679245283018863,2.32,28,False
267,-24.8836,152.4908,2013,2012-08-10,2013-08-10,3.125,0.75,6.0,0.0,0.0,0.0,-0.2986792452830188,1.23,0,False
267,-24.8836,152.4908,2014,2013-08-31,2014-08-31,2.5,1.75,6.0,0.0,0.0,0.0,0.17849056603773586,2.09,0,False
267,-24.8836,152.4908,2017,2016-06-16,2017-06-16,3.125,1.25,6.0,0.14,7.9,7.9,0.4626415094339622,2.02,28,False
269,-24.8103,152.4711,2013,2012-08-10,2013-08-10,2.815,0.75,6.0,0.0,0.0,0.0,-0.2735849056603774,1.18,0,False
269,-24.8103,152.4711,2014,2013-08-31,2014-08-31,3.44,1.0,7.0,0.0,0.0,0.0,0.21735849056603773,2.01,0,False
269,-24.8103,152.4711,2017,2016-06-16,2017-06-16,0.31,0.25,6.0,0.15,7.58,7.58,0.4956603773584905,2.01,28,False
271,-24.114,152.7178,2013,2012-02-02,2013-02-01,,1.0,9.0,0.0,0.0,0.18,0.23867924528301887,1.26,0,False
271,-24.114,152.7178,2013,2012-02-03,2013-02-02,10.94,,1.0,0.0,0.0,0.18,0.23867924528301887,1.26,0,False
275,-23.4604,151.9292,2013,2012-11-02,2013-11-02,31.56,1.0,7.0,0.0,0.0,0.0,0.33660377358490573,1.32,0,False
275,-23.4604,151.9292,2014,2013-11-08,2014-11-08,37.185,0.75,5.0,0.0,0.0,0.0,0.3173584905660378,1.24,0,False
275,-23.4604,151.9292,2015,2014-11-24,2015-11-24,31.25,1.0,6.0,0.0,0.0,0.98,0.739056603773585,1.62,0,False
275,-23.4604,151.9292,2016,2015-09-19,2016-09-18,43.125,6.5,7.0,0.0,0.0,0.0,0.6781132075471699,1.57,0,False
275,-23.4604,151.9292,2017,2016-10-29,2017-10-29,27.19,1.0,7.0,0.0,0.0,1.96,0.8903846153846153,2.46,0,False
278,-23.4548,151.9238,2013,2012-11-06,2013-11-06,35.0,2.25,5.0,0.0,0.0,0.0,0.34584905660377363,1.32,0,False
278,-23.4548,151.9238,2014,2013-11-08,2014-11-08,31.25,1.0,6.0,0.0,0.0,0.0,0.3173584905660378,1.24,0,False
278,-23.4548,151.9238,2015,2014-11-24,2015-11-24,31.56,1.0,5.0,0.0,0.0,0.98,0.739056603773585,1.62,0,False
278,-23.4548,151.9238,2016,2015-09-19,2016-09-18,41.56,4.25,5.0,0.0,0.0,0.0,0.6781132075471699,1.57,0,False
278,-23.4548,151.9238,2017,2016-10-29,2017-10-29,30.31,1.75,5.0,0.0,0.0,1.96,0.8903846153846153,2.46,0,False
281,-23.4511,151.9182,2014,2013-11-11,2014-11-11,16.56,4.5,6.0,0.0,0.0,0.0,0.3173584905660378,1.24,0,False
281,-23.4511,151.9182,2015,2014-11-28,2015-11-28,15.31,1.0,5.0,0.0,0.0,0.98,0.7345283018867926,1.62,0,False
281,-23.4511,151.9182,2016,2015-09-23,2016-09-22,9.370000000000001,0.75,6.0,0.0,0.0,0.0,0.6781132075471699,1.57,0,False
281,-23.4511,151.9182,2017,2016-11-02,2017-11-02,10.0,10.0,6.0,0.0,0.0,1.96,0.8979245283018867,2.46,0,False
284,-23.4472,151.9119,2013,2012-11-02,2013-11-02,34.69,0.75,5.0,0.0,0.0,0.0,0.3473584905660377,1.27,0,False
284,-23.4472,151.9119,2014,2013-11-10,2014-11-10,24.685,3.25,7.0,0.0,0.0,0.0,0.3186792452830189,1.21,0,False
284,-23.4472,151.9119,2015,2014-11-27,2015-11-27,33.125,0.75,6.0,0.0,0.0,1.0,0.7292452830188679,1.55,0,False
284,-23.4472,151.9119,2016,2015-09-23,2016-09-22,35.94,0.25,6.0,0.0,0.0,0.0,0.6813207547169812,1.57,0,False
284,-23.4472,151.9119,2017,2016-11-02,2017-11-02,27.19,1.25,6.0,0.0,0.0,2.29,0.8922641509433961,2.34,0,False
287,-23.4447,151.9184,2013,2012-11-02,2013-11-02,18.12,2.5,1.5,0.0,0.0,0.0,0.3473584905660377,1.27,0,False
287,-23.4447,151.9184,2014,2013-11-09,2014-11-09,10.0,4.0,1.0,0.0,0.0,0.0,0.3186792452830189,1.21,0,False
287,-23.4447,151.9184,2015,2014-11-28,2015-11-28,15.315,1.0,2.0,0.0,0.0,1.0,0.7292452830188679,1.55,0,False
287,-23.4447,151.9184,2016,2015-09-20,2016-09-19,8.44,5.0,2.0,0.0,0.0,0.0,0.6813207547169812,1.57,0,False
287,-23.4447,151.9184,2017,2016-10-31,2017-10-31,11.559999999999999,30.0,2.0,0.0,0.0,2.29,0.8922641509433961,2.34,0,False
290,-23.4438,151.9133,2013,2012-11-03,2013-11-03,5.62,0.75,2.0,0.0,0.0,0.0,0.3473584905660377,1.27,0,False
290,-23.4438,151.9133,2014,2013-11-08,2014-11-08,10.315000000000001,18.5,2.0,0.0,0.0,0.0,0.3186792452830189,1.21,0,False
290,-23.4438,151.9133,2015,2014-11-24,2015-11-24,4.69,0.25,2.0,0.0,0.0,1.0,0.7343396226415093,1.55,0,False
290,-23.4438,151.9133,2016,2015-09-19,2016-09-18,5.3149999999999995,2.75,1.0,0.0,0.0,0.0,0.6813207547169812,1.57,0,False
290,-23.4438,151.9133,2017,2016-10-29,2017-10-29,4.375,6.5,2.0,0.0,0.0,2.29,0.8853846153846152,2.34,0,False
293,-23.4431,151.9094,2013,2012-11-04,2013-11-04,18.75,1.0,2.0,0.0,0.0,0.0,0.3473584905660377,1.27,0,False
293,-23.4431,151.9094,2014,2013-11-11,2014-11-11,18.125,3.75,1.0,0.0,0.0,0.0,0.3186792452830189,1.21,0,False
293,-23.4431,151.9094,2015,2014-11-27,2015-11-27,18.119999999999997,4.25,2.0,0.0,0.0,1.0,0.7292452830188679,1.55,0,False
293,-23.4431,151.9094,2016,2015-09-22,2016-09-21,24.065,5.0,2.0,0.0,0.0,0.0,0.6813207547169812,1.57,0,False
293,-23.4431,151.9094,2017,2016-10-30,2017-10-30,15.625,15.0,2.0,0.0,0.0,2.29,0.8922641509433961,2.34,0,False
295,-23.4425,151.9201,2013,2012-11-07,2013-11-07,23.44,8.75,1.0,0.0,0.0,0.0,0.3552830188679245,1.27,0,False
295,-23.4425,151.9201,2014,2013-11-10,2014-11-10,9.69,2.25,1.0,0.0,0.0,0.0,0.3186792452830189,1.21,0,False
295,-23.4425,151.9201,2015,2014-11-29,2015-11-29,8.75,1.0,2.0,0.0,0.0,1.0,0.7292452830188679,1.55,0,False
295,-23.4425,151.9201,2016,2015-09-22,2016-09-21,23.435000000000002,5.0,2.0,0.0,0.0,0.0,0.6813207547169812,1.57,0,False
295,-23.4425,151.9201,2017,2016-11-01,2017-11-01,8.125,25.0,2.0,0.0,0.0,2.29,0.8922641509433961,2.34,0,False
297,-23.4416,151.9048,2013,2012-11-04,2013-11-04,33.125,0.5,6.0,0.0,0.0,0.0,0.3473584905660377,1.27,0,False
297,-23.4416,151.9048,2014,2013-11-11,2014-11-11,40.0,2.0,6.0,0.0,0.0,0.0,0.3186792452830189,1.21,0,False
297,-23.4416,151.9048,2015,2014-11-27,2015-11-27,36.875,,6.0,0.0,0.0,1.0,0.7292452830188679,1.55,0,False
297,-23.4416,151.9048,2016,2015-09-21,2016-09-20,23.44,5.25,5.0,0.0,0.0,0.0,0.6813207547169812,1.57,0,False
297,-23.4416,151.9048,2017,2016-11-03,2017-11-03,26.875,1.0,6.0,0.0,0.0,2.29,0.8922641509433961,2.34,0,False
299,-23.4411,151.9105,2013,2012-11-06,2013-11-06,9.69,2.75,1.0,0.0,0.0,0.0,0.3552830188679245,1.27,0,False
299,-23.4411,151.9105,2014,2013-11-12,2014-11-12,15.625,18.75,1.0,0.0,0.0,0.0,0.3186792452830189,1.21,0,False
299,-23.4411,151.9105,2015,2014-11-25,2015-11-25,14.69,1.0,2.0,0.0,0.0,1.0,0.7343396226415093,1.55,0,False
299,-23.4411,151.9105,2016,2015-09-21,2016-09-20,16.25,15.25,1.0,0.0,0.0,0.0,0.6813207547169812,1.57,0,False
299,-23.4411,151.9105,2017,2016-11-02,2017-11-02,8.75,17.5,2.0,0.0,0.0,2.29,0.8922641509433961,2.34,0,False
302,-23.4401,151.9173,2016,2015-09-23,2016-09-22,5.935,0.25,15.0,0.0,0.0,0.0,0.6813207547169812,1.57,0,False
302,-23.4401,151.9173,2017,2016-11-04,2017-11-04,2.185,10.0,2.0,0.0,0.0,2.29,0.8922641509433961,2.34,0,False
304,-23.4388,151.9139,2014,2013-11-13,2014-11-13,8.44,42.5,1.0,0.0,0.0,0.0,0.3160377358490566,1.21,0,False
304,-23.4388,151.9139,2015,2014-11-26,2015-11-26,6.875,5.75,2.0,0.0,0.0,1.0,0.7343396226415093,1.55,0,False
304,-23.4388,151.9139,2016,2015-09-21,2016-09-20,4.6899999999999995,10.0,1.0,0.0,0.0,0.0,0.6813207547169812,1.57,0,False
304,-23.4388,151.9139,2017,2016-11-01,2017-11-01,7.5,12.5,2.0,0.0,0.0,2.29,0.8922641509433961,2.34,0,False
310,-23.4349,151.911,2017,2016-10-31,2017-10-31,31.875,1.0,6.0,0.0,0.0,2.29,0.8922641509433961,2.34,0,False
312,-23.4346,151.9224,2014,2013-11-12,2014-11-12,20.0,1.5,5.0,0.0,0.0,0.0,0.3186792452830189,1.21,0,False
312,-23.4346,151.9224,2017,2016-11-03,2017-11-03,26.565,2.0,4.0,0.0,0.0,2.29,0.8922641509433961,2.34,0,False
314,-23.4343,151.9334,2013,2012-11-03,2013-11-03,24.375,2.75,5.5,0.0,0.0,0.0,0.3473584905660377,1.27,0,False
314,-23.4343,151.9334,2014,2013-11-09,2014-11-09,24.369999999999997,1.5,6.0,0.0,0.0,0.0,0.3186792452830189,1.21,0,False
314,-23.4343,151.9334,2014,2013-11-12,2014-11-12,28.125,2.5,6.0,0.0,0.0,0.0,0.3186792452830189,1.21,0,False
314,-23.4343,151.9334,2015,2014-11-25,2015-11-25,26.25,1.0,6.0,0.0,0.0,1.0,0.7343396226415093,1.55,0,False
314,-23.4343,151.9334,2016,2015-09-20,2016-09-19,30.935,2.0,7.0,0.0,0.0,0.0,0.6813207547169812,1.57,0,False
314,-23.4343,151.9334,2017,2016-10-30,2017-10-30,32.19,4.25,7.0,0.0,0.0,2.29,0.8922641509433961,2.34,0,False
317,-23.434,151.9177,2013,2012-11-04,2013-11-04,14.685,4.5,6.0,0.0,0.0,0.0,0.3473584905660377,1.27,0,False
317,-23.434,151.9177,2014,2013-11-10,2014-11-10,17.185,4.25,7.0,0.0,0.0,0.0,0.3186792452830189,1.21,0,False
317,-23.434,151.9177,2015,2014-11-28,2015-11-28,21.56,1.0,6.0,0.0,0.0,1.0,0.7292452830188679,1.55,0,False
317,-23.434,151.9177,2016,2015-09-21,2016-09-20,32.5,1.0,6.0,0.0,0.0,0.0,0.6813207547169812,1.57,0,False
317,-23.434,151.9177,2017,2016-10-31,2017-10-31,23.44,1.0,6.0,0.0,0.0,2.29,0.8922641509433961,2.34,0,False
319,-23.4337,151.9249,2014,2013-11-09,2014-11-09,24.69,1.5,6.0,0.0,0.0,0.0,0.3186792452830189,1.21,0,False
319,-23.4337,151.9249,2015,2014-11-25,2015-11-25,28.44,1.0,6.0,0.0,0.0,1.0,0.7343396226415093,1.55,0,False
319,-23.4337,151.9249,2016,2015-09-20,2016-09-19,31.56,4.0,6.0,0.0,0.0,0.0,0.6813207547169812,1.57,0,False
319,-23.4337,151.9249,2017,2016-10-30,2017-10-30,27.5,3.5,6.0,0.0,0.0,2.29,0.8922641509433961,2.34,0,False
1032,-27.4785,153.3661,2013,2012-01-21,2013-01-20,9.685,0.5,2.0,0.0,0.0,0.0,-0.18603773584905658,1.22,0,False
1032,-27.4785,153.3661,2013,2012-10-23,2013-10-23,15.0,0.75,2.0,0.0,0.0,0.0,0.10547169811320754,1.22,0,False
1033,-27.4753,153.4014,2013,2012-01-21,2013-01-20,20.625,0.25,2.0,0.0,0.0,0.0,0.01452830188679246,1.19,0,False
1034,-27.4738,153.4049,2013,2012-12-19,2013-12-19,14.685,18.75,4.0,0.0,0.0,0.0,0.24716981132075472,1.18,0,False
1035,-27.4142,153.5258,2013,2012-08-24,2013-08-24,18.125,1.25,6.0,0.0,0.0,0.3,0.359811320754717,1.38,0,False
1036,-27.4142,153.5264,2013,2012-08-24,2013-08-24,19.065,1.25,6.0,0.0,0.0,0.3,0.359811320754717,1.38,0,False
1044,-26.7514,153.1578,2014,2013-02-08,2014-02-08,19.845,0.0,7.5,0.0,0.0,0.0,0.13773584905660383,1.48,0,False
1044,-26.7514,153.1578,2014,2013-12-21,2014-12-21,19.0625,1.0,7.5,0.0,0.0,0.0,0.23886792452830188,1.36,0,False
1045,-26.6772,153.12,2014,2013-04-26,2014-04-26,0.31,0.0,2.0,0.0,0.0,0.0,0.14132075471698113,1.43,0,False
1047,-26.6352,153.1518,2013,2012-08-18,2013-08-18,20.31,0.0,9.0,0.0,0.0,0.0,0.1167924528301887,1.02,0,False
1047,-26.6352,153.1518,2015,2014-03-07,2015-03-07,12.81,13.5,9.0,0.66,0.66,0.66,0.44773584905660374,1.82,0,False
1047,-26.6352,153.1518,2016,2015-01-22,2016-01-22,9.685,1.25,9.0,0.0,0.0,0.66,0.3513207547169811,1.66,0,False
1048,-26.635,153.1517,2013,2012-09-15,2013-09-15,14.370000000000001,0.5,10.0,0.0,0.0,0.0,0.18056603773584906,1.42,0,False
1049,-26.6121,153.1129,2013,2012-11-08,2013-11-08,24.064999999999998,0.0,9.0,0.0,0.0,0.0,0.23415094339622639,1.45,0,False
1051,-26.3625,153.115,2013,2012-09-29,2013-09-29,17.6575,0.75,10.5,0.0,0.0,0.0,0.28264150943396227,1.51,0,False
1057,-24.114,152.7197,2013,2012-02-03,2013-02-02,12.19,1.75,1.5,0.0,0.0,0.18,0.23867924528301887,1.26,0,False
1058,-24.1114,152.7106,2013,2012-02-03,2013-02-02,26.56,2.0,8.0,0.0,0.0,0.18,0.23867924528301887,1.26,0,False
1059,-24.1106,152.7113,2013,2012-02-02,2013-02-01,21.56,0.0,8.0,0.0,0.0,0.18,0.23867924528301887,1.26,0,False
1060,-24.1094,152.7136,2013,2012-02-02,2013-02-01,29.06,0.5,8.5,0.0,0.0,0.18,0.23867924528301887,1.26,0,False
1061,-23.4334,151.9248,2013,2012-11-03,2013-11-03,21.25,1.0,6.5,0.0,0.0,0.0,0.3473584905660377,1.27,0,False
1062,-22.1486,113.8679,2013,2012-06-12,2013-06-12,10.625,5.0,1.0,4.8100000000000005,8.91,8.91,0.8181132075471698,3.51,21,False
1062,-22.1486,113.8679,2016,2015-02-27,2016-02-27,8.75,0.5,2.0,0.0,0.0,0.34,0.1339622641509434,1.62,0,False
1063,-22.1483,113.8675,2013,2012-06-12,2013-06-12,16.875,1.0,1.0,4.8100000000000005,8.91,8.91,0.8181132075471698,3.51,21,False
1063,-22.1483,113.8675,2016,2015-02-27,2016-02-27,4.375,8.75,2.0,0.0,0.0,0.34,0.1339622641509434,1.62,0,False
1064,-22.1347,113.8759,2016,2015-02-25,2016-02-25,9.685,2.75,2.0,0.0,0.0,0.34,0.14415094339622642,1.62,0,False
1064,-22.1347,113.8759,2016,2015-02-28,2016-02-28,5.9399999999999995,12.5,2.0,0.0,0.0,0.34,0.1339622641509434,1.62,0,False
1065,-22.1322,113.8766,2013,2012-06-11,2013-06-11,6.56,0.5,1.0,4.8100000000000005,8.91,8.91,0.8257692307692307,3.51,21,False
1065,-22.1322,113.8766,2016,2015-02-28,2016-02-28,4.79,31.833333333333332,2.0,0.0,0.0,0.34,0.1339622641509434,1.62,0,False
1066,-22.131,113.8774,2013,2012-06-16,2013-06-16,8.125,1.0,1.0,2.49,8.91,8.91,0.8181132075471698,3.51,21,False
1066,-22.131,113.8774,2016,2015-02-24,2016-02-24,5.315,6.75,1.5,0.0,0.0,0.34,0.14415094339622642,1.62,0,False
1067,-21.9088,113.9642,2013,2012-06-15,2013-06-15,20.0,2.0,2.0,2.12,8.93,8.93,0.7794339622641508,3.47,21,False
1114,-16.5001,146.0172,2014,2013-07-27,2014-07-27,14.69,1.0,6.0,0.0,0.0,0.0,0.3573584905660378,1.05,0,False
1118,-16.25,145.8331,2015,2014-08-30,2015-08-30,33.75,3.25,6.0,0.0,0.0,1.41,0.4150943396226414,1.46,0,False
1125,-16.2356,145.8689,2013,2012-05-25,2013-05-25,20.0,0.75,4.0,0.96,1.46,1.46,0.26150943396226417,1.47,0,False
1303,24.4317,-76.6857,2013,2012-08-27,2013-08-27,25.31,27.0,16.5,0.0,0.0,0.0,-0.06846153846153846,0.87,0,False
1304,24.4334,-76.6809,2013,2012-08-27,2013-08-27,17.5,2.75,6.0,0.0,0.0,0.0,-0.06846153846153846,0.87,0,False
1308,24.8039,-76.3402,2016,2015-03-09,2016-03-08,19.369999999999997,16.25,6.1,0.0,0.29,5.75,0.8762264150943396,2.24,7,False
1309,24.8178,-76.3483,2017,2016-03-13,2017-03-13,6.25,0.0,4.5,0.0,0.32,5.23,0.6488679245283018,2.14,7,False
1315,25.093,-77.233,2013,2012-07-19,2013-07-19,12.19,33.25,4.5,0.0,0.0,0.0,-0.08358490566037736,1.32,0,False
1315,25.093,-77.233,2013,2012-11-20,2013-11-20,12.81,0.0,4.5,0.0,0.0,0.0,0.05509433962264153,1.35,0,False
1317,25.6573,-79.3056,2018,2017-06-22,2018-06-22,7.185,0.0,5.0,0.0,0.0,0.94,0.4877358490566038,1.29,0,False
1318,25.6626,-79.3077,2013,2012-06-13,2013-06-13,4.685,1.25,5.0,0.0,0.0,0.14,0.16886792452830188,1.95,0,False
1318,25.6626,-79.3077,2013,2012-08-14,2013-08-14,10.31,0.0,5.0,0.0,0.0,0.14,0.16094339622641507,1.95,0,False
1318,25.6626,-79.3077,2014,2013-08-06,2014-08-06,16.25,0.25,5.0,0.3,0.3,0.3,0.5558490566037736,1.79,0,False
1318,25.6626,-79.3077,2014,2013-08-29,2014-08-29,13.75,5.5,5.0,2.75,2.75,2.75,0.6060377358490567,1.79,0,False
1318,25.6626,-79.3077,2015,2014-06-11,2015-06-11,7.5,0.0,5.0,0.0,0.0,2.75,0.5471698113207548,2.04,0,False
1318,25.6626,-79.3077,2015,2014-08-27,2015-08-27,8.12,34.5,5.0,2.15,2.15,2.75,0.5713207547169812,2.04,0,False
1318,25.6626,-79.3077,2016,2015-08-14,2016-08-13,9.69,2.75,5.0,0.46,0.46,3.24,0.7833962264150942,1.68,0,False
1318,25.6626,-79.3077,2016,2015-08-23,2016-08-22,10.0,2.75,5.0,0.46,0.46,3.24,0.7798113207547169,1.68,0,False
1318,25.6626,-79.3077,2017,2016-08-16,2017-08-16,10.31,15.25,5.0,0.0,0.0,2.0,0.6666037735849059,1.65,0,False
1318,25.6626,-79.3077,2018,2017-08-25,2018-08-25,11.875,0.5,5.0,0.15,0.15,0.94,0.5077358490566038,1.29,0,False
1318,25.6626,-79.3077,2019,2018-08-24,2019-08-24,9.685,8.25,5.0,2.9,2.9,2.9,0.8537735849056604,1.96,0,False
1525,17.8339,-87.9939,2014,2013-06-24,2014-06-24,13.129999999999999,0.5,3.0,0.0,0.0,0.46,0.6330188679245283,1.4,0,False
1525,17.8339,-87.9939,2016,2015-06-23,2016-06-22,11.25,0.25,3.0,0.2,0.2,2.16,0.9199999999999999,1.68,0,False
1525,17.8339,-87.9939,2018,2017-06-23,2018-06-23,15.0,0.0,3.0,0.0,0.0,6.29,0.7733962264150944,1.7,7,False
1525,17.8339,-87.9939,2019,2018-06-19,2019-06-19,10.625,0.0,3.0,0.0,0.0,0.14,0.7537735849056603,1.46,0,False
1539,17.9385,-87.9349,2014,2013-06-23,2014-06-23,9.06,1.5,10.0,0.0,0.0,0.45,0.6347169811320755,1.39,0,False
1539,17.9385,-87.9349,2016,2015-06-22,2016-06-21,15.315000000000001,0.25,10.0,0.17,0.17,1.82,0.9164150943396225,1.7,0,False
1539,17.9385,-87.9349,2018,2017-06-22,2018-06-22,11.565000000000001,0.5,10.0,0.0,0.0,6.09,0.7652830188679246,1.88,7,False
1539,17.9385,-87.9349,2019,2018-06-24,2019-06-24,12.5,0.0,10.0,0.0,0.0,0.0,0.7313207547169813,1.42,0,False
1901,4.8456,114.329,2016,2015-05-18,2016-05-17,27.5,0.0,12.0,0.66,0.66,2.09,0.7128301886792453,1.35,0,False
1902,4.8481,114.3288,2016,2015-05-18,2016-05-17,33.12,1.25,11.0,0.66,0.66,2.09,0.7128301886792453,1.35,0,False
1903,4.905,114.6463,2016,2015-05-20,2016-05-19,13.75,0.0,6.0,0.85,0.85,3.47,0.8673584905660378,1.84,0,False
1904,4.9055,114.6449,2016,2015-05-20,2016-05-19,14.06,0.0,8.0,0.85,0.85,3.47,0.8673584905660378,1.84,0,False
1905,4.9066,114.6418,2016,2015-05-20,2016-05-19,22.814999999999998,0.0,8.0,0.85,0.85,3.47,0.8673584905660378,1.84,0,False
1906,4.9078,114.6449,2016,2015-05-20,2016-05-19,18.119999999999997,0.0,10.6,0.85,0.85,3.47,0.8673584905660378,1.84,0,False
1907,4.919,114.3709,2016,2015-05-18,2016-05-17,14.690000000000001,0.0,17.4,0.66,0.66,2.23,0.7137735849056603,1.42,0,False
1908,4.92,114.3709,2016,2015-05-18,2016-05-17,19.065,0.0,15.0,0.66,0.66,2.23,0.7137735849056603,1.42,0,False
1909,4.9334,114.3298,2016,2015-05-20,2016-05-19,14.06,0.5,12.0,0.67,0.67,2.08,0.6945283018867925,1.37,0,False
1910,4.9335,114.3295,2016,2015-05-20,2016-05-19,14.375,0.5,12.0,0.67,0.67,2.08,0.6945283018867925,1.37,0,False
1911,4.9377,114.6558,2016,2015-05-19,2016-05-18,17.814999999999998,1.25,9.0,0.86,0.86,3.63,0.9011320754716982,1.9,0,False
1912,4.9381,114.6522,2016,2015-05-19,2016-05-18,26.880000000000003,0.0,11.0,0.86,0.86,3.63,0.9011320754716982,1.9,0,False
1913,4.9385,114.658,2016,2015-05-19,2016-05-18,13.75,0.0,11.0,0.86,0.86,3.63,0.9011320754716982,1.9,0,False
1914,4.9401,114.6551,2016,2015-05-19,2016-05-18,13.120000000000001,0.0,6.8,0.86,0.86,3.63,0.9011320754716982,1.9,0,False
1915,4.9523,114.371,2016,2015-05-18,2016-05-17,26.5625,0.0,11.0,0.66,0.66,2.08,0.707169811320755,1.52,0,False
1916,4.9777,114.6236,2016,2015-05-17,2016-05-16,17.185000000000002,0.0,14.0,0.84,0.84,3.31,0.8490566037735849,1.81,0,False
1916,4.9777,114.6236,2016,2015-05-22,2016-05-21,17.5,0.25,15.0,1.17,1.17,3.31,0.8481132075471699,1.81,0,False
1917,4.9808,114.6234,2016,2015-05-17,2016-05-16,26.875,0.0,11.0,0.84,0.84,3.31,0.8490566037735849,1.81,0,False
1917,4.9808,114.6234,2016,2015-05-22,2016-05-21,19.375,0.0,11.6,1.17,1.17,3.31,0.8481132075471699,1.81,0,False
1919,5.0131,114.7123,2016,2015-05-19,2016-05-18,36.565,1.5,8.0,1.18,1.18,3.7,0.8884905660377359,1.75,0,False
1920,5.0145,114.7153,2016,2015-05-19,2016-05-18,26.25,0.25,8.0,1.18,1.18,3.7,0.8884905660377359,1.75,0,False
1921,5.02,114.7276,2016,2015-05-22,2016-05-21,32.19,0.0,11.0,1.5,1.5,3.7,0.8858490566037738,1.75,0,False
1922,5.0201,114.7302,2016,2015-05-22,2016-05-21,27.185,0.0,6.0,1.5,1.5,3.7,0.8858490566037738,1.75,0,False
1923,5.0833,115.0527,2016,2015-05-12,2016-05-11,31.875,0.0,8.0,1.41,1.41,4.15,1.0247169811320755,1.9,0,False
1924,5.0835,115.0521,2016,2015-05-12,2016-05-11,25.625,0.0,6.0,1.41,1.41,4.15,1.0247169811320755,1.9,0,False
1926,5.0964,114.9718,2016,2015-05-12,2016-05-11,25.625,0.0,8.0,1.03,1.03,4.43,0.9762264150943396,1.88,7,False
1927,5.0981,114.971,2016,2015-05-12,2016-05-11,36.565,2.5,9.0,1.03,1.03,4.43,0.9762264150943396,1.88,7,False
1928,5.1027,114.7643,2016,2015-05-17,2016-05-16,20.52,0.0,12.0,1.17,1.17,3.58,0.8592452830188679,1.64,0,False
1929,5.1034,114.7646,2016,2015-05-17,2016-05-16,12.81,0.0,14.0,1.17,1.17,3.58,0.8592452830188679,1.64,0,False
1930,5.1074,115.0704,2016,2015-05-13,2016-05-12,23.595,0.0,11.75,1.21,1.21,3.82,0.9877358490566039,1.91,0,False
1931,5.1082,115.0699,2016,2015-05-13,2016-05-12,32.5,0.0,12.0,1.21,1.21,3.82,0.9877358490566039,1.91,0,False
1932,5.1085,115.0699,2016,2015-05-08,2016-05-07,20.630000000000003,0.0,18.0,1.21,1.21,3.82,0.9877358490566039,1.91,0,False
1933,5.1779,114.7561,2016,2015-05-21,2016-05-20,6.25,0.0,12.0,1.01,1.01,3.42,0.8358490566037736,1.64,0,False
1934,5.1791,114.7572,2016,2015-05-21,2016-05-20,6.875,0.0,12.0,1.01,1.01,3.42,0.8358490566037736,1.64,0,False
1935,5.2021,114.7689,2016,2015-05-21,2016-05-20,13.435,0.5,11.0,0.86,0.86,3.27,0.8160377358490566,1.64,0,False
1936,5.203,114.7672,2016,2015-05-21,2016-05-20,5.31,2.5,8.0,0.86,0.86,3.27,0.8160377358490566,1.64,0,False
1937,5.2088,114.7287,2016,2015-05-21,2016-05-20,8.745,0.0,12.15,0.85,0.85,3.21,0.8049056603773584,1.53,0,False
1947,10.6521,103.2758,2013,2012-04-10,2013-04-10,5.935,0.0,3.0,0.0,0.0,0.0,0.37094339622641515,2.37,0,False
1948,10.6647,103.2572,2013,2012-10-04,2013-10-04,14.375,0.5,8.0,0.0,1.33,1.33,0.600754716981132,2.37,0,False
1949,10.6757,103.2583,2013,2012-03-17,2013-03-17,16.25,0.0,4.0,0.0,0.0,0.0,0.3516981132075472,2.37,0,False
1950,10.6814,103.2576,2013,2012-03-16,2013-03-16,8.44,0.25,8.0,0.0,0.0,0.0,0.3516981132075472,2.37,0,False
1951,10.6826,103.2582,2013,2012-03-16,2013-03-16,3.44,0.0,4.0,0.0,0.0,0.0,0.3516981132075472,2.37,0,False
1952,10.702,103.2333,2013,2012-04-11,2013-04-11,6.25,0.0,5.0,0.0,0.0,0.0,0.36679245283018863,2.36,0,False
1953,10.7258,103.333,2013,2012-04-19,2013-04-19,18.75,0.25,4.0,0.0,0.0,0.0,0.39622641509433965,2.39,0,False
1954,10.7304,103.3281,2013,2012-04-19,2013-04-19,21.25,1.0,4.0,0.0,0.0,0.0,0.39622641509433965,2.39,0,False
1955,10.7336,103.189,2013,2012-02-23,2013-02-22,12.19,0.0,3.0,0.0,0.0,0.0,0.36056603773584905,2.36,0,False
1956,10.7354,103.2086,2013,2012-03-22,2013-03-22,10.94,0.25,4.0,0.0,0.0,0.0,0.3445283018867925,2.36,0,False
1957,10.7367,103.2759,2013,2012-04-02,2013-04-02,2.5,0.0,3.0,0.0,0.0,0.0,0.34269230769230763,2.38,0,False
1958,10.7378,103.1977,2013,2012-04-20,2013-04-20,5.31,0.0,10.0,0.0,0.0,0.0,0.36,2.36,0,False
1959,10.7389,103.1984,2013,2012-04-22,2013-04-22,3.75,0.0,4.0,0.0,0.0,0.0,0.36,2.36,0,False
1960,10.7433,103.2781,2013,2012-04-08,2013-04-08,5.94,0.0,3.0,0.0,0.0,0.0,0.3669811320754716,2.38,0,False
1961,10.7519,103.1894,2013,2012-03-03,2013-03-03,11.25,0.0,7.0,0.0,0.0,0.0,0.35056603773584905,2.35,0,False
1962,10.7533,103.2582,2013,2012-04-13,2013-04-13,2.5,0.0,3.0,0.0,0.0,0.0,0.38924528301886796,2.35,0,False
1963,10.7544,103.1908,2013,2012-03-13,2013-03-13,0.31,0.0,2.0,0.0,0.0,0.0,0.3409433962264151,2.35,0,False
1964,10.7592,103.2761,2013,2012-04-01,2013-04-01,2.815,0.0,3.0,0.0,0.0,0.0,0.36735849056603787,2.35,0,False
1965,10.764,103.1879,2013,2012-04-03,2013-04-03,9.06,0.0,4.0,0.0,0.0,0.0,0.34415094339622637,2.35,0,False
1966,10.7646,103.1864,2013,2012-04-04,2013-04-04,14.69,0.0,7.0,0.0,0.0,0.0,0.34415094339622637,2.35,0,False
1967,10.7649,103.1874,2013,2012-04-05,2013-04-05,13.125,3.75,4.0,0.0,0.0,0.0,0.34415094339622637,2.35,0,False
1968,10.7672,103.191,2013,2012-03-07,2013-03-07,5.625,0.0,4.0,0.0,0.0,0.0,0.3416981132075471,2.35,0,False
1969,10.7673,103.1903,2013,2012-03-27,2013-03-27,5.94,0.0,11.0,0.0,0.0,0.0,0.33660377358490573,2.35,0,False
1970,10.7697,103.2564,2013,2012-02-21,2013-02-20,5.0,0.0,1.0,0.0,0.0,0.0,0.389622641509434,2.35,0,False
1971,10.7699,103.2067,2013,2012-03-09,2013-03-09,27.81,0.0,4.0,0.0,0.0,0.0,0.3560377358490566,2.35,0,False
1972,10.771,103.2018,2013,2012-03-02,2013-03-02,10.625,0.0,3.0,0.0,0.0,0.0,0.3652830188679246,2.35,0,False
1973,10.7711,103.2074,2013,2012-02-06,2013-02-05,20.63,0.0,5.0,0.0,0.0,0.0,0.3630769230769231,2.35,0,False
1974,10.7711,103.243,2013,2012-03-01,2013-03-01,10.625,0.0,5.0,0.0,0.0,0.0,0.3652830188679246,2.35,0,False
1975,10.7711,103.2116,2013,2012-03-19,2013-03-19,4.375,0.0,4.0,0.0,0.0,0.0,0.340576923076923,2.35,0,False
1976,10.7713,103.2109,2013,2012-03-14,2013-03-14,1.56,0.0,8.0,0.0,0.0,0.0,0.3549056603773585,2.35,0,False
1977,10.7761,103.2826,2013,2012-03-23,2013-03-23,11.25,0.0,4.0,0.0,0.0,0.0,0.3633962264150944,2.35,0,False
1978,10.7779,103.1883,2013,2012-04-09,2013-04-09,6.25,0.0,10.0,0.0,0.0,0.0,0.3373076923076923,2.35,0,False
1979,10.7787,103.1891,2013,2012-03-29,2013-03-29,6.56,0.75,4.0,0.0,0.0,0.0,0.33660377358490573,2.35,0,False
1980,10.7815,103.2181,2013,2012-03-06,2013-03-06,6.5649999999999995,0.0,3.0,0.0,0.0,0.0,0.3560377358490566,2.35,0,False
1981,10.7824,103.2207,2013,2012-03-03,2013-03-03,9.375,0.0,3.0,0.0,0.0,0.0,0.3652830188679246,2.35,0,False
1982,10.7826,103.2022,2013,2012-03-08,2013-03-08,4.6850000000000005,0.0,2.0,0.0,0.0,0.0,0.3560377358490566,2.35,0,False
1983,10.7939,103.2638,2013,2012-02-02,2013-02-01,9.375,0.0,3.0,0.0,0.0,0.0,0.3841509433962265,2.35,0,False
1984,10.7945,103.2464,2013,2012-02-22,2013-02-21,9.065,0.0,4.0,0.0,0.0,0.0,0.37622641509433963,2.35,0,False
1985,10.7966,103.2348,2013,2012-03-21,2013-03-21,20.625,0.0,3.0,0.0,0.0,0.0,0.35094339622641507,2.35,0,False
2202,12.5022,-81.7332,2017,2016-10-14,2017-10-14,14.059999999999999,12.25,7.7,6.2700000000000005,6.2700000000000005,6.2700000000000005,0.7369811320754718,1.96,14,False
2205,12.5217,-81.7245,2017,2016-10-14,2017-10-14,15.94,13.5,12.0,6.2700000000000005,6.2700000000000005,6.2700000000000005,0.7369811320754718,1.96,14,False
2264,9.3834,-76.2281,2017,2016-06-18,2017-06-18,9.06,6.0,10.0,0.3,0.3,0.74,0.854423076923077,1.74,0,False
2265,9.3884,-76.1726,2017,2016-06-17,2017-06-17,19.375,2.25,6.0,0.29,0.29,0.75,0.8673584905660375,1.72,0,False
2266,9.3969,-76.1893,2017,2016-06-17,2017-06-17,25.935,2.5,6.0,0.29,0.29,0.75,0.8673584905660375,1.72,0,False
2274,12.5052,-81.7316,2017,2016-10-15,2017-10-15,13.75,35.67,7.0,6.2700000000000005,6.2700000000000005,6.2700000000000005,0.7357692307692307,1.96,14,False
2275,12.5374,-81.7366,2017,2016-10-15,2017-10-15,15.0,36.75,12.0,6.2700000000000005,6.2700000000000005,6.2700000000000005,0.7357692307692307,1.96,14,False
2688,15.2138,-61.3718,2014,2013-04-10,2014-04-10,15.0,0.25,7.0,0.0,0.0,0.0,0.27867924528301885,0.77,0,False
2688,15.2138,-61.3718,2018,2017-01-19,2018-01-19,18.130000000000003,0.0,8.0,0.0,2.56,2.56,0.6483018867924528,1.27,0,False
2689,15.2369,-61.3701,2018,2017-01-19,2018-01-19,10.935,0.0,8.0,0.0,2.56,2.56,0.6483018867924528,1.27,0,False
2690,15.3808,-61.4125,2018,2017-01-20,2018-01-20,17.5,0.0,6.0,0.0,1.64,1.64,0.621132075471698,1.14,0,False
2691,15.4071,-61.4274,2018,2017-01-20,2018-01-20,25.625,0.0,8.0,0.0,1.49,1.49,0.6267924528301888,1.16,0,True
2692,15.4267,-61.4478,2018,2017-01-20,2018-01-20,13.120000000000001,0.0,16.0,0.0,1.49,1.49,0.6267924528301888,1.16,0,True
2693,15.4386,-61.4457,2018,2017-01-21,2018-01-21,33.13,0.0,8.0,0.0,1.49,1.49,0.6267924528301888,1.16,0,True
2694,15.5816,-61.4757,2018,2017-01-21,2018-01-21,9.69,0.0,12.0,0.0,1.58,1.58,0.6135849056603774,1.2,0,False
2695,15.5905,-61.4741,2018,2017-01-21,2018-01-21,8.75,0.0,10.0,0.0,1.58,1.58,0.6135849056603774,1.2,0,False
2701,15.2728,-61.3752,2014,2013-04-11,2014-04-11,9.06,0.0,8.0,0.0,0.0,0.14,0.28962264150943395,0.81,0,False
2720,18.4348,-69.6852,2014,2013-07-24,2014-07-24,29.69,5.75,15.0,0.0,0.0,0.93,0.5024528301886793,1.14,0,False
2720,18.4348,-69.6852,2018,2017-03-24,2018-03-24,21.564999999999998,0.0,15.0,0.0,0.29,2.52,0.6639622641509435,1.07,0,False
2721,18.437,-69.6207,2014,2013-08-19,2014-08-19,12.5,0.0,10.0,0.0,0.0,0.93,0.51,1.15,0,False
2722,18.4411,-69.6917,2014,2013-07-31,2014-07-31,21.56,1.25,18.0,0.0,0.0,0.93,0.4984905660377359,1.14,0,False
2723,18.4491,-68.4202,2018,2017-05-12,2018-05-12,11.56,0.0,6.0,0.0,0.0,0.45,0.5190566037735849,1.02,0,False
2725,18.6557,-68.3598,2018,2017-04-14,2018-04-14,13.435,0.0,6.0,0.0,0.0,0.89,0.49867924528301893,1.07,0,False
2729,19.7802,-70.6564,2018,2017-04-22,2018-04-22,22.5,0.0,3.0,0.0,0.0,1.17,0.3018867924528302,1.34,0,False
2775,18.3435,-68.8467,2013,2012-04-08,2013-04-08,21.875,0.0,16.0,0.0,0.15,0.3,0.5207547169811321,1.18,0,False
2783,18.4389,-69.6869,2014,2013-07-21,2014-07-21,17.814999999999998,4.5,12.0,0.0,0.0,0.93,0.49867924528301877,1.14,0,False
2789,18.4488,-69.6839,2013,2012-04-15,2013-04-15,10.625,10.0,10.7,0.0,0.0,1.08,0.5813207547169811,1.22,0,False
2789,18.4488,-69.6839,2014,2013-07-21,2014-07-21,29.369999999999997,8.75,12.0,0.0,0.0,0.93,0.49867924528301877,1.14,0,False
2811,19.1946,-69.3289,2013,2012-06-15,2013-06-15,10.0,0.0,8.0,0.0,0.0,1.46,0.39471698113207543,1.2,0,False
2812,19.2972,-69.1519,2014,2013-02-19,2014-02-19,10.0,0.0,1.5,0.0,0.29,0.29,0.29113207547169806,1.04,0,False
2812,19.2972,-69.1519,2014,2013-02-20,2014-02-20,9.065000000000001,0.0,1.5,0.0,0.29,0.29,0.2954716981132075,1.04,0,False
2830,-8.2686,125.6087,2017,2016-12-05,2017-12-05,6.25,0.0,13.0,0.0,0.0,1.87,0.4669811320754717,1.46,0,False
2830,-8.2686,125.6087,2017,2016-12-11,2017-12-11,15.625,0.5,14.0,0.0,0.0,1.87,0.4526415094339623,1.46,0,False
2830,-8.2686,125.6087,2017,2016-12-13,2017-12-13,20.0,0.0,10.0,0.0,0.0,1.87,0.4526415094339623,1.46,0,False
2831,-8.2385,125.6115,2017,2016-06-17,2017-06-17,25.625,1.0,13.0,0.0,0.0,1.84,0.6039622641509432,1.44,0,False
2832,-8.2385,125.612,2017,2016-12-05,2017-12-05,19.375,10.0,5.0,0.14,0.14,1.84,0.4598113207547169,1.44,0,False
2833,-8.2324,125.6129,2017,2016-12-15,2017-12-15,32.5,2.5,9.0,0.14,0.14,1.84,0.4462264150943395,1.44,0,False
2834,-8.2216,125.6195,2017,2016-12-14,2017-12-14,28.4375,5.0,12.5,0.14,0.14,1.84,0.4462264150943395,1.44,0,False
2835,-8.1461,125.6428,2017,2016-12-13,2017-12-13,31.25,5.0,11.0,0.3,0.3,1.22,0.4490566037735849,1.42,0,False
2876,24.9531,34.9411,2013,2012-04-24,2013-04-24,21.869999999999997,,7.0,0.0,0.0,10.74,1.0647169811320754,2.72,35,False
2878,24.9643,34.9361,2013,2012-04-20,2013-04-20,10.94,,5.0,0.0,0.0,10.74,1.05811320754717,2.72,35,False
2878,24.9643,34.9361,2014,2013-05-09,2014-05-09,23.125,0.0,5.0,0.0,0.0,1.41,0.7090566037735849,1.69,0,False
2879,24.9694,34.9421,2013,2012-04-19,2013-04-19,26.25,0.0,5.0,0.0,0.0,10.74,1.05811320754717,2.72,35,False
2879,24.9694,34.9421,2014,2013-03-21,2014-03-21,13.595,4.375,5.0,0.0,0.0,1.41,0.709622641509434,1.69,0,False
2888,26.1574,34.2462,2017,2016-03-24,2017-03-24,21.0425,0.0,8.0,0.0,0.0,6.18,0.882264150943396,2.63,14,False
2889,26.1575,34.2489,2017,2016-03-23,2017-03-23,23.5925,0.0,8.0,0.0,0.0,6.18,0.882264150943396,2.63,14,False
2890,26.1614,34.2467,2017,2016-03-22,2017-03-22,16.0925,0.0,8.0,0.0,0.0,6.18,0.882264150943396,2.63,14,False
2958,24.2156,35.4309,2018,2017-07-20,2018-07-20,23.28,0.0,6.0,0.0,0.0,0.0,1.0049056603773585,2.41,0,False
2959,24.2163,35.4328,2018,2017-07-20,2018-07-20,26.8725,1.0,6.0,0.0,0.0,0.0,1.0049056603773585,2.41,0,False
2961,24.9272,34.9647,2013,2012-06-18,2013-06-18,15.155,0.0,6.0,0.0,0.0,10.65,1.1442307692307692,2.73,35,False
2961,24.9272,34.9647,2015,2014-06-17,2015-06-17,20.155,0.0,6.0,0.0,0.0,1.14,0.40698113207547176,1.25,0,False
2961,24.9272,34.9647,2018,2017-07-14,2018-07-14,18.9025,0.0,6.0,0.0,0.0,0.15,0.560188679245283,2.28,0,False
2962,24.9286,34.9635,2013,2012-06-18,2013-06-18,15.3125,0.0,6.0,0.0,0.0,10.65,1.1442307692307692,2.73,35,False
2962,24.9286,34.9635,2015,2014-06-16,2015-06-16,17.81,0.0,8.5,0.0,0.0,1.14,0.40698113207547176,1.25,0,False
2962,24.9286,34.9635,2015,2014-06-17,2015-06-17,22.81,0.0,3.5,0.0,0.0,1.14,0.40698113207547176,1.25,0,False
2962,24.9286,34.9635,2018,2017-07-14,2018-07-14,20.1525,0.0,6.0,0.0,0.0,0.15,0.560188679245283,2.28,0,False
2965,24.9435,34.9856,2017,2016-05-28,2017-05-28,26.405,0.0,6.0,0.0,0.0,2.71,0.5215384615384614,2.09,0,False
2965,24.9435,34.9856,2019,2018-08-03,2019-08-03,29.6875,0.0,6.0,0.64,0.64,5.66,0.5375471698113208,2.22,14,False
2966,24.9628,34.9416,2014,2013-05-09,2014-05-09,26.25,0.0,5.0,0.0,0.0,1.41,0.7090566037735849,1.69,0,False
2967,24.9654,34.936,2013,2012-04-21,2013-04-21,7.185,0.0,5.0,0.0,0.0,10.74,1.05811320754717,2.72,35,False
2968,24.9661,34.9356,2014,2013-04-16,2014-04-16,24.065,8.75,1.0,0.0,0.0,1.41,0.689056603773585,1.69,0,False
2973,25.0136,35.9267,2014,2013-04-23,2014-04-23,12.81,2.5,12.0,0.0,0.0,0.0,0.5203773584905661,1.69,0,False
2974,25.0139,34.9268,2013,2012-04-22,2013-04-22,15.94,0.0,8.0,0.0,0.0,10.62,1.0649056603773586,2.72,35,False
2977,25.1576,34.8553,2015,2014-06-19,2015-06-19,22.345,0.0,6.0,0.0,0.0,2.45,0.4747169811320755,1.37,0,False
2981,25.2372,34.8001,2017,2016-05-31,2017-05-31,19.6875,0.0,6.0,0.0,0.0,3.78,0.5339622641509434,2.46,0,False
2981,25.2372,34.8001,2019,2018-08-03,2019-08-03,15.625,0.0,6.0,0.0,0.0,5.63,0.54,2.29,14,False
2982,25.244,34.7986,2013,2012-02-19,2013-02-18,20.0,0.0,3.5,0.0,0.99,12.17,0.8413207547169811,2.69,42,False
2982,25.244,34.7986,2013,2012-06-13,2013-06-13,19.69,0.0,6.0,0.0,0.0,12.17,1.1277358490566036,2.69,42,False
2982,25.244,34.7986,2015,2014-06-20,2015-06-20,25.31,0.0,6.0,0.0,0.0,3.51,0.47339622641509427,1.44,0,False
2982,25.244,34.7986,2017,2016-05-31,2017-05-31,21.0925,0.0,6.0,0.0,0.0,4.19,0.530377358490566,2.49,7,False
2982,25.244,34.7986,2019,2018-08-06,2019-08-06,21.0925,0.0,6.0,0.0,0.0,5.62,0.5349056603773584,2.31,14,False
2984,25.2465,34.798,2013,2012-06-17,2013-06-17,22.9675,0.0,6.0,0.0,0.0,12.17,1.1277358490566036,2.69,42,False
2984,25.2465,34.798,2015,2014-06-20,2015-06-20,25.625,0.0,6.0,0.0,0.0,3.51,0.47339622641509427,1.44,0,False
2984,25.2465,34.798,2017,2016-06-01,2017-06-01,23.28,0.0,6.0,0.0,0.0,4.19,0.530377358490566,2.49,7,False
2984,25.2465,34.798,2019,2018-08-01,2019-08-01,25.1575,0.0,6.0,0.0,0.0,5.62,0.5349056603773584,2.31,14,False
2986,25.3342,34.7446,2013,2012-06-12,2013-06-12,20.31,0.0,6.0,0.0,0.0,12.89,1.149056603773585,2.76,42,False
2986,25.3342,34.7446,2017,2016-05-30,2017-05-30,21.405,0.0,6.0,0.0,0.0,4.41,0.5409433962264151,2.56,0,False
2986,25.3342,34.7446,2019,2018-08-02,2019-08-02,26.715,0.0,6.0,0.14,0.14,5.43,0.5603773584905659,2.38,14,False
2987,25.3918,34.7024,2014,2013-05-12,2014-05-12,18.75,0.0,6.0,0.0,0.0,2.34,0.708867924528302,1.9,0,False
2990,26.1562,34.2466,2014,2013-12-02,2014-12-02,14.844999999999999,1.375,7.5,4.4,5.43,5.43,0.7362264150943395,2.05,14,False
2991,26.1573,34.2461,2014,2013-12-03,2014-12-03,17.0325,0.0,7.5,4.4,5.43,5.43,0.7362264150943395,2.05,14,False
3009,28.3532,34.4351,2014,2013-03-23,2014-03-23,17.5,0.0,10.0,0.0,0.0,4.07,0.7283018867924526,1.65,7,True
3009,28.3532,34.4351,2015,2014-09-06,2015-09-06,25.630000000000003,0.75,10.0,4.93,4.93,5.11,0.5918867924528302,1.79,7,True
3011,28.4208,34.4574,2014,2013-03-17,2014-03-17,15.937500000000002,0.125,7.5,0.0,0.0,4.0200000000000005,0.7428301886792453,1.65,7,False
3011,28.4208,34.4574,2015,2014-09-08,2015-09-08,15.31,0.0,10.0,4.99,4.99,4.99,0.5830188679245284,1.7,7,False
3011,28.4208,34.4574,2016,2015-09-05,2016-09-04,22.185000000000002,0.0,10.0,6.97,6.97,6.97,1.0328301886792453,2.39,28,False
3011,28.4208,34.4574,2018,2017-05-01,2018-05-01,21.560000000000002,0.0,10.0,0.0,0.0,0.46,0.46132075471698114,1.44,0,False
3011,28.4208,34.4574,2018,2017-08-20,2018-08-20,16.875,0.0,5.0,4.47,4.47,4.47,0.7147169811320755,1.96,7,False
3011,28.4208,34.4574,2018,2017-08-30,2018-08-30,22.810000000000002,0.0,10.0,7.03,7.03,7.03,0.7533962264150945,1.96,21,False
3011,28.4208,34.4574,2019,2018-05-16,2019-05-16,26.7175,0.0,7.5,0.0,0.0,7.56,0.8247169811320754,1.96,21,False
3011,28.4208,34.4574,2019,2018-09-09,2019-09-09,23.75,0.0,10.0,6.86,6.86,7.56,0.7809433962264151,2.32,14,False
3015,28.437,34.4593,2013,2012-03-19,2013-03-19,13.1275,0.0,7.5,0.0,0.0,6.21,0.8301923076923077,2.02,21,False
3015,28.437,34.4593,2013,2012-09-17,2013-09-17,21.875,0.0,7.5,4.0200000000000005,4.0200000000000005,6.21,0.8486538461538461,1.85,7,False
3015,28.437,34.4593,2014,2013-03-20,2014-03-20,8.28,0.0,7.5,0.0,0.0,4.0200000000000005,0.7326415094339623,1.65,7,False
3015,28.437,34.4593,2015,2014-01-02,2015-01-02,21.88,0.0,10.0,0.0,4.84,4.84,0.6694339622641509,1.78,0,False
3015,28.437,34.4593,2015,2014-01-07,2015-01-07,21.25,0.0,5.0,0.0,4.84,4.84,0.6694339622641509,1.78,0,False
3015,28.437,34.4593,2015,2014-03-20,2015-03-20,11.25,0.0,10.0,0.0,0.0,4.84,0.6035849056603773,1.78,0,False
3015,28.437,34.4593,2015,2014-09-02,2015-09-02,23.752499999999998,0.0,7.5,4.84,4.84,4.84,0.5847169811320755,1.7,7,False
3015,28.437,34.4593,2016,2015-09-03,2016-09-02,24.0625,3.0,7.5,6.97,6.97,6.97,1.0375471698113208,2.39,28,False
3015,28.437,34.4593,2018,2017-04-29,2018-04-29,16.875,0.0,7.5,0.0,0.0,0.46,0.44320754716981137,1.44,0,False
3015,28.437,34.4593,2018,2017-08-21,2018-08-21,14.375,0.0,10.0,5.76,5.76,5.76,0.7350943396226415,1.96,14,False
3015,28.437,34.4593,2018,2017-08-25,2018-08-25,25.0,0.0,5.0,5.76,5.76,5.76,0.7350943396226415,1.96,14,False
3015,28.437,34.4593,2019,2018-05-21,2019-05-21,21.87,0.0,10.0,0.0,0.0,7.56,0.8247169811320754,1.96,21,False
3015,28.437,34.4593,2019,2018-06-08,2019-06-08,18.75,0.0,5.0,0.0,0.0,7.56,0.7628301886792452,1.94,21,False
3015,28.437,34.4593,2019,2018-09-05,2019-09-05,18.12,0.0,10.0,6.86,6.86,7.56,0.7809433962264151,2.32,14,False
3015,28.437,34.4593,2019,2018-09-09,2019-09-09,32.19,0.0,5.0,6.86,6.86,7.56,0.7809433962264151,2.32,14,False
3015,28.437,34.4593,2019,2018-12-31,2019-12-31,17.5,0.0,10.0,0.0,7.5,7.5,0.7520754716981131,2.32,14,False
3021,28.4985,34.5198,2014,2013-03-14,2014-03-14,14.215,0.0,7.5,0.0,0.0,3.42,0.730377358490566,1.64,0,False
3021,28.4985,34.5198,2014,2013-12-31,2014-12-31,20.625,0.0,5.0,0.0,4.7700000000000005,4.7700000000000005,0.6362264150943396,1.7,7,False
3021,28.4985,34.5198,2015,2014-01-07,2015-01-07,18.125,0.0,10.0,0.0,4.7700000000000005,4.7700000000000005,0.6524528301886792,1.7,7,False
3021,28.4985,34.5198,2015,2014-04-09,2015-04-09,23.75,0.0,5.0,0.0,0.0,4.7700000000000005,0.588867924528302,1.7,7,False
3021,28.4985,34.5198,2015,2014-09-04,2015-09-04,14.375,0.0,10.0,4.2,4.2,4.7700000000000005,0.570566037735849,1.63,0,False
3021,28.4985,34.5198,2016,2015-09-10,2016-09-09,22.189999999999998,0.0,10.0,5.92,5.92,5.92,1.0128301886792455,2.3000000000000003,7,False
3021,28.4985,34.5198,2018,2017-05-01,2018-05-01,20.0,0.0,10.0,0.0,0.0,0.31,0.44094339622641504,1.34,0,False
3021,28.4985,34.5198,2018,2017-08-17,2018-08-17,20.0,0.0,5.0,4.12,4.12,4.12,0.699245283018868,1.91,7,False
3021,28.4985,34.5198,2019,2018-06-05,2019-06-05,28.439999999999998,0.0,10.0,0.0,0.0,7.26,0.7571698113207547,1.83,21,False
3021,28.4985,34.5198,2019,2018-09-07,2019-09-07,32.5,0.0,10.0,6.07,6.07,7.26,0.7711320754716982,2.18,14,False
3024,28.5422,34.5163,2013,2012-03-16,2013-03-16,22.5,0.0,10.0,0.0,0.0,5.69,0.7735849056603776,1.99,21,False
3024,28.5422,34.5163,2013,2012-03-26,2013-03-26,15.94,0.0,5.0,0.0,0.0,5.69,0.8305769230769233,1.99,21,False
3024,28.5422,34.5163,2013,2012-09-20,2013-09-20,18.5925,0.0,7.5,3.36,3.36,5.69,0.8411320754716981,1.81,0,False
3024,28.5422,34.5163,2014,2013-03-29,2014-03-29,16.0925,0.0,7.5,0.0,0.0,3.36,0.719622641509434,1.62,0,False
3024,28.5422,34.5163,2014,2013-12-29,2014-12-29,24.369999999999997,0.0,10.0,0.0,4.58,4.58,0.6298113207547169,1.65,7,False
3024,28.5422,34.5163,2015,2014-09-10,2015-09-10,15.625,0.0,5.0,4.2,4.2,4.58,0.5639622641509434,1.61,0,False
3024,28.5422,34.5163,2016,2015-09-21,2016-09-20,22.81,0.0,10.0,5.82,5.82,5.82,0.9894339622641509,2.27,7,False
3024,28.5422,34.5163,2018,2017-05-04,2018-05-04,20.31,0.0,10.0,0.0,0.0,0.47,0.42566037735849055,1.18,0,False
3024,28.5422,34.5163,2018,2017-05-08,2018-05-08,24.69,0.0,5.0,0.0,0.0,0.47,0.4462264150943396,1.18,0,False
3024,28.5422,34.5163,2018,2017-08-20,2018-08-20,20.94,0.0,5.0,4.13,4.13,4.13,0.6881132075471699,1.85,7,False
3024,28.5422,34.5163,2019,2018-05-14,2019-05-14,32.185,0.0,5.0,0.0,0.0,7.68,0.8501886792452832,1.85,21,False
3024,28.5422,34.5163,2019,2018-06-10,2019-06-10,30.314999999999998,0.0,10.0,0.0,0.0,7.68,0.7537735849056603,1.75,21,False
3024,28.5422,34.5163,2019,2018-09-25,2019-09-25,24.375,0.0,10.0,6.37,6.37,7.68,0.7524528301886793,2.1,14,False
3024,28.5422,34.5163,2019,2018-12-29,2019-12-29,15.315,0.0,10.0,0.0,6.37,6.37,0.7311320754716981,2.1,14,False
3027,28.5529,34.5193,2014,2013-03-13,2014-03-13,8.9075,0.0,7.5,0.0,0.0,3.36,0.7226415094339623,1.62,0,True
3027,28.5529,34.5193,2015,2014-09-09,2015-09-09,17.185000000000002,0.0,10.0,4.2,4.2,4.58,0.5639622641509434,1.61,0,True
3027,28.5529,34.5193,2016,2015-09-19,2016-09-18,10.940000000000001,6.25,10.0,5.82,5.82,5.82,0.9894339622641509,2.27,7,True
3027,28.5529,34.5193,2018,2017-05-09,2018-05-09,11.875,0.0,10.0,0.0,0.0,0.47,0.4462264150943396,1.18,0,True
3027,28.5529,34.5193,2019,2018-09-15,2019-09-15,14.379999999999999,0.0,10.0,6.37,6.37,7.68,0.7569811320754717,2.1,14,True
3028,28.5543,34.5203,2014,2013-03-15,2014-03-15,15.0,0.0,10.0,0.0,0.0,3.36,0.7226415094339623,1.62,0,True
3028,28.5543,34.5203,2015,2014-03-21,2015-03-21,10.94,0.0,10.0,0.0,0.0,4.58,0.5867924528301887,1.65,7,True
3028,28.5543,34.5203,2015,2014-08-30,2015-08-30,18.435000000000002,0.0,10.0,4.2,4.2,4.58,0.5673584905660378,1.61,7,True
3028,28.5543,34.5203,2016,2015-09-06,2016-09-05,16.25,2.75,10.0,5.82,5.82,5.82,0.9962264150943396,2.27,7,True
3028,28.5543,34.5203,2018,2017-04-14,2018-04-14,15.0,0.0,10.0,0.0,0.0,0.47,0.3637735849056604,1.18,0,True
3028,28.5543,34.5203,2018,2017-08-16,2018-08-16,18.435,0.0,10.0,4.13,4.13,4.13,0.6881132075471699,1.85,7,True
3028,28.5543,34.5203,2019,2018-09-03,2019-09-03,18.435000000000002,0.0,10.0,4.3500000000000005,4.3500000000000005,7.68,0.751509433962264,2.1,7,True
3031,28.5575,34.5239,2013,2012-03-16,2013-03-16,20.9375,0.0,7.5,0.0,0.0,5.69,0.7735849056603776,1.99,21,True
3031,28.5575,34.5239,2014,2013-03-21,2014-03-21,20.935,0.0,7.5,0.0,0.0,3.36,0.7133962264150943,1.62,0,True
3031,28.5575,34.5239,2014,2013-12-29,2014-12-29,27.5,0.0,5.0,0.0,4.58,4.58,0.6298113207547169,1.65,7,True
3031,28.5575,34.5239,2014,2013-12-30,2014-12-30,29.064999999999998,0.0,10.0,0.0,4.58,4.58,0.6298113207547169,1.65,7,True
3031,28.5575,34.5239,2015,2014-03-28,2015-03-28,26.25,0.0,7.5,0.0,0.0,4.58,0.5824528301886792,1.65,7,True
3031,28.5575,34.5239,2015,2014-09-05,2015-09-05,24.22,0.0,7.5,4.2,4.2,4.58,0.5639622641509434,1.61,0,True
3031,28.5575,34.5239,2016,2015-09-17,2016-09-16,22.5,0.0,10.0,5.82,5.82,5.82,0.9981132075471697,2.27,7,True
3031,28.5575,34.5239,2018,2017-04-26,2018-04-26,29.689999999999998,0.0,10.0,0.0,0.0,0.47,0.40886792452830184,1.18,0,True
3031,28.5575,34.5239,2018,2017-08-21,2018-08-21,23.75,0.0,5.0,5.3500000000000005,5.3500000000000005,5.3500000000000005,0.7062264150943397,1.85,14,True
3031,28.5575,34.5239,2019,2018-05-17,2019-05-17,33.75,1.5,10.0,0.0,0.0,7.68,0.8169811320754716,1.85,21,True
3031,28.5575,34.5239,2019,2018-09-14,2019-09-14,36.25,2.5,10.0,6.37,6.37,7.68,0.7569811320754717,2.1,14,True
3031,28.5575,34.5239,2019,2018-09-15,2019-09-15,33.435,0.0,5.0,6.37,6.37,7.68,0.7569811320754717,2.1,14,True
3031,28.5575,34.5239,2019,2018-12-27,2019-12-27,22.815,0.0,10.0,0.0,6.37,6.37,0.7311320754716981,2.1,14,True
3033,28.573,34.5381,2013,2012-03-26,2013-03-26,27.5,0.0,5.0,0.0,0.0,5.69,0.8305769230769233,1.99,21,True
3033,28.573,34.5381,2013,2012-03-28,2013-03-28,15.625,0.0,10.0,0.0,0.0,5.69,0.8243396226415096,1.99,21,True
3033,28.573,34.5381,2013,2012-09-25,2013-09-25,20.31,0.0,7.5,3.36,3.36,5.69,0.8413207547169811,1.81,0,True
3033,28.573,34.5381,2014,2013-03-25,2014-03-25,21.095,0.0,7.5,0.0,0.0,3.36,0.7133962264150943,1.62,0,True
3033,28.573,34.5381,2015,2014-04-01,2015-04-01,19.685,0.0,10.0,0.0,0.0,4.58,0.5824528301886792,1.65,7,True
3033,28.573,34.5381,2016,2015-09-18,2016-09-17,21.564999999999998,25.0,10.0,5.82,5.82,5.82,0.9894339622641509,2.27,7,True
3033,28.573,34.5381,2018,2017-05-08,2018-05-08,24.06,0.0,10.0,0.0,0.0,0.47,0.4462264150943396,1.18,0,True
3033,28.573,34.5381,2018,2017-08-27,2018-08-27,22.5,0.0,5.0,5.3500000000000005,5.3500000000000005,5.3500000000000005,0.7062264150943397,1.85,14,True
3033,28.573,34.5381,2019,2018-05-17,2019-05-17,29.06,0.0,5.0,0.0,0.0,7.68,0.8169811320754716,1.85,21,True
3033,28.573,34.5381,2019,2018-05-31,2019-05-31,25.31,5.5,10.0,0.0,0.0,7.68,0.7698113207547169,1.85,21,True
3033,28.573,34.5381,2019,2018-09-17,2019-09-17,24.0625,0.0,7.5,6.37,6.37,7.68,0.7569811320754717,2.1,14,True
3106,-17.9786,179.2251,2013,2012-12-12,2013-12-12,16.665,0.0,6.0,0.0,0.0,0.81,0.9313207547169813,1.53,0,False
3106,-17.9786,179.2251,2017,2016-02-24,2017-02-23,9.165,0.0,5.0,1.69,1.69,6.22,0.7864150943396225,2.1,7,False
3106,-17.9786,179.2251,2017,2016-05-01,2017-05-01,10.415,0.0,5.0,1.69,1.69,2.33,0.8335849056603774,2.1,0,False
3236,-19.0383,178.4569,2015,2014-07-10,2015-07-10,26.875,0.0,5.0,0.0,4.93,4.93,0.35660377358490564,1.46,0,False
3261,-17.7942,177.2022,2018,2017-01-12,2018-01-12,30.105,0.5,9.25,0.0,0.0,1.52,0.9690566037735849,1.79,0,False
3307,-17.5827,178.8475,2015,2014-07-11,2015-07-11,29.165,0.0,4.0,0.0,4.95,4.95,0.33886792452830183,1.39,0,False
3308,-17.5827,178.9398,2013,2012-12-11,2013-12-11,30.835,0.0,9.0,0.0,0.0,0.48,0.8766037735849057,1.59,0,False
3308,-17.5827,178.9398,2017,2016-02-24,2017-02-23,28.75,2.0,4.0,0.94,0.94,6.46,0.7856603773584905,1.9,7,False
3308,-17.5827,178.9398,2017,2016-05-02,2017-05-02,29.165,0.0,4.0,0.94,0.94,2.66,0.8035849056603774,1.9,0,False
3308,-17.5827,178.9398,2019,2018-02-20,2019-02-20,29.165,33.33,7.0,0.5,0.5,1.2,0.7716981132075471,1.63,0,False
3312,-17.5689,177.3018,2013,2012-12-07,2013-12-07,15.625,2.75,10.0,0.0,0.0,1.87,0.8581132075471698,1.58,0,False
3312,-17.5689,177.3018,2017,2016-04-29,2017-04-29,20.0,,10.0,2.73,2.73,5.7700000000000005,0.8364150943396225,1.8,0,False
3312,-17.5689,177.3018,2019,2018-02-16,2019-02-16,19.685,25.0,10.0,4.18,4.18,4.18,0.7011320754716981,1.65,7,False
3313,-17.5632,177.3084,2015,2014-07-07,2015-07-07,20.94,2.75,10.0,0.0,7.46,7.46,0.4758490566037736,1.8,14,False
3313,-17.5632,177.3084,2017,2016-02-19,2017-02-18,19.06,6.25,10.0,2.57,2.57,9.26,0.8543396226415094,1.8,21,False
3315,-17.3471,178.5226,2013,2012-06-29,2013-06-29,26.665,,6.0,0.0,0.0,0.0,0.570188679245283,1.52,0,False
3315,-17.3471,178.5226,2013,2012-12-13,2013-12-13,32.085,0.0,9.3,0.0,0.0,0.0,0.749622641509434,1.52,0,False
3315,-17.3471,178.5226,2015,2014-07-12,2015-07-12,22.5,0.0,11.8,0.0,4.84,4.84,0.28660377358490563,1.35,0,False
3315,-17.3471,178.5226,2017,2016-02-20,2017-02-19,13.335,0.0,9.3,0.3,0.3,6.61,0.7276923076923079,1.77,14,False
3315,-17.3471,178.5226,2019,2018-02-17,2019-02-17,26.665,0.0,9.3,0.0,0.0,0.0,0.6454716981132077,1.56,0,False
3316,-17.3303,178.5924,2013,2012-06-30,2013-06-30,27.5,0.0,10.3,0.0,0.0,0.0,0.5860377358490566,1.54,0,False
3316,-17.3303,178.5924,2013,2012-12-13,2013-12-13,36.665,0.0,9.3,0.0,0.0,0.0,0.7567924528301887,1.54,0,False
3316,-17.3303,178.5924,2015,2014-07-12,2015-07-12,27.5,0.0,11.8,0.0,4.82,4.82,0.29132075471698116,1.32,0,False
3316,-17.3303,178.5924,2019,2018-02-17,2019-02-17,31.25,0.0,10.5,0.0,0.0,0.14,0.650754716981132,1.59,0,False
3328,-17.2804,178.4596,2013,2012-12-08,2013-12-08,21.56,5.0,6.0,0.0,0.0,0.0,0.7383018867924529,1.6,0,False
3328,-17.2804,178.4596,2015,2014-07-13,2015-07-13,25.0,0.0,6.0,0.0,4.97,4.97,0.2935849056603773,1.41,0,False
3328,-17.2804,178.4596,2017,2016-02-20,2017-02-19,25.625,0.0,5.5,0.93,0.93,7.17,0.7374999999999999,1.84,21,False
3328,-17.2804,178.4596,2017,2016-04-30,2017-04-30,29.06,0.0,5.5,0.93,0.93,3.25,0.6946153846153847,1.84,0,False
3330,-17.2783,178.4614,2013,2012-12-08,2013-12-08,15.625,0.0,10.0,0.0,0.0,0.0,0.7383018867924529,1.6,0,False
3330,-17.2783,178.4614,2015,2014-07-12,2015-07-12,17.5,0.0,9.0,0.0,4.97,4.97,0.2935849056603773,1.41,0,False
3330,-17.2783,178.4614,2017,2016-02-20,2017-02-19,25.0,0.0,10.0,0.93,0.93,7.17,0.7374999999999999,1.84,21,False
3330,-17.2783,178.4614,2017,2016-04-20,2017-04-20,30.83,0.0,10.0,0.93,0.93,6.44,0.6590566037735848,1.84,0,False
3330,-17.2783,178.4614,2019,2018-02-10,2019-02-10,30.835,0.0,10.0,0.15,0.15,0.15,0.6488679245283018,1.61,0,False
3339,-17.1345,178.5204,2015,2014-07-07,2015-07-07,29.69,0.0,17.0,0.0,5.3500000000000005,5.3500000000000005,0.3032075471698114,1.48,0,False
3339,-17.1345,178.5204,2017,2016-02-21,2017-02-20,21.875,0.0,18.5,1.28,1.28,7.34,0.7324528301886791,1.92,21,False
3339,-17.1345,178.5204,2019,2018-02-24,2019-02-24,28.125,0.0,17.0,0.88,0.88,0.88,0.6726415094339623,1.6,0,False
3340,-17.1133,179.0638,2013,2012-12-09,2013-12-09,21.25,0.0,18.0,0.0,0.0,0.62,0.8583018867924529,1.66,0,False
3340,-17.1133,179.0638,2015,2014-07-09,2015-07-09,23.75,0.0,16.0,0.0,5.64,5.64,0.37509433962264144,1.5,7,False
3340,-17.1133,179.0638,2017,2016-02-22,2017-02-21,8.75,5.0,16.0,0.74,0.74,6.78,0.8113207547169812,1.97,14,False
3340,-17.1133,179.0638,2017,2016-05-03,2017-05-03,12.5,5.0,16.0,0.59,0.74,2.95,0.829245283018868,1.97,0,False
3340,-17.1133,179.0638,2019,2018-02-23,2019-02-23,15.0,,16.0,0.78,0.78,1.22,0.760188679245283,1.74,0,False
3343,-17.1103,179.0615,2013,2012-12-09,2013-12-09,39.065,0.0,4.0,0.0,0.0,0.62,0.8583018867924529,1.66,0,False
3343,-17.1103,179.0615,2015,2014-07-09,2015-07-09,37.185,0.0,4.0,0.0,5.64,5.64,0.37509433962264144,1.5,7,False
3343,-17.1103,179.0615,2017,2016-02-22,2017-02-21,15.625,5.0,4.0,0.74,0.74,6.78,0.8113207547169812,1.97,14,False
3343,-17.1103,179.0615,2017,2016-05-05,2017-05-05,18.75,0.0,4.0,0.59,0.74,2.95,0.829245283018868,1.97,0,False
3343,-17.1103,179.0615,2019,2018-02-23,2019-02-23,20.94,0.25,4.0,0.78,0.78,1.22,0.760188679245283,1.74,0,False
3353,-16.8114,-179.8481,2013,2012-02-14,2013-02-13,24.065,0.0,5.0,0.0,0.0,0.0,0.5943396226415095,1.39,0,False
3353,-16.8114,-179.8481,2013,2012-02-16,2013-02-15,25.314999999999998,0.0,5.0,0.0,0.0,0.0,0.5943396226415095,1.39,0,False
3353,-16.8114,-179.8481,2019,2018-03-12,2019-03-12,14.69,0.0,5.0,1.15,1.15,1.15,0.7415094339622641,1.77,0,False
3355,-16.7987,179.9013,2013,2012-02-19,2013-02-18,27.8125,0.5,7.5,0.15,0.15,0.15,0.6228301886792452,1.48,0,False
3355,-16.7987,179.9013,2014,2013-02-22,2014-02-22,20.935,10.0,10.0,4.51,4.51,4.51,0.9722641509433961,1.71,7,False
3355,-16.7987,179.9013,2018,2017-05-27,2018-05-27,20.3125,0.0,11.0,0.3,0.3,0.3,0.779622641509434,1.48,0,False
3355,-16.7987,179.9013,2019,2018-03-18,2019-03-18,15.78,0.125,7.5,0.75,0.75,0.75,0.7577358490566037,1.77,0,False
3393,-21.1755,55.2835,2015,2014-12-28,2015-12-28,3.435,0.0,1.0,0.16,0.16,1.01,0.8201886792452833,2.0,0,False
3394,-21.1659,55.2819,2014,2013-11-28,2014-11-28,29.06,0.0,6.0,0.0,0.0,2.63,0.8239622641509435,2.03,0,False
3395,-21.0531,55.2211,2014,2013-11-07,2014-11-07,15.31,0.0,6.5,0.0,0.0,2.79,0.8332075471698113,2.04,0,False
3395,-21.0531,55.2211,2015,2014-12-02,2015-12-02,22.5,,5.0,0.0,0.0,0.81,0.7926415094339624,1.95,0,False
3396,-12.9854,45.1838,2016,2015-06-12,2016-06-11,11.25,,3.0,3.16,3.18,3.18,0.6758490566037734,1.56,0,False
3397,-12.9373,44.9667,2016,2015-09-08,2016-09-07,10.315,,11.0,0.0,2.36,3.72,0.5207547169811321,1.53,0,False
3398,-12.9027,45.2035,2016,2015-06-12,2016-06-11,19.685,,1.5,2.96,2.99,2.99,0.7033962264150944,1.56,0,False
3399,-12.8941,45.2128,2015,2014-11-25,2015-11-25,8.12,0.0,1.0,0.0,0.0,0.0,0.4769811320754717,1.09,0,False
3399,-12.8941,45.2128,2016,2015-06-13,2016-06-12,28.75,,1.0,2.64,2.66,2.66,0.7047169811320755,1.52,0,False
3399,-12.8941,45.2128,2017,2016-11-01,2017-11-01,28.75,0.0,2.0,0.0,0.0,0.0,0.49320754716981136,1.08,0,False
3400,-12.8172,45.2369,2014,2013-10-07,2014-10-07,17.185,0.25,2.0,0.0,0.0,0.0,0.43018867924528303,1.3,0,False
3400,-12.8172,45.2369,2015,2014-11-27,2015-11-27,13.435,0.0,1.5,0.0,0.0,0.0,0.47150943396226414,1.13,0,False
3400,-12.8172,45.2369,2016,2015-06-11,2016-06-10,16.25,,2.0,2.58,2.88,2.88,0.7164150943396225,1.49,0,False
3401,-12.7612,45.066,2014,2013-05-31,2014-05-31,36.25,0.0,2.0,0.0,0.0,0.0,0.2554716981132076,1.29,0,False
3401,-12.7612,45.066,2014,2013-11-29,2014-11-29,45.625,0.0,2.0,0.0,0.0,0.0,0.379622641509434,1.29,0,False
3401,-12.7612,45.066,2016,2015-09-12,2016-09-11,18.125,,3.0,0.0,0.67,2.96,0.5260377358490566,1.52,0,False
3402,-12.71,45.1658,2014,2013-06-01,2014-06-01,22.81,0.0,2.0,0.0,0.0,0.0,0.3252830188679245,1.3,0,False
3402,-12.71,45.1658,2015,2014-04-18,2015-04-18,18.75,0.0,2.3,0.0,0.0,0.0,0.4120754716981132,1.05,0,False
3402,-12.71,45.1658,2016,2015-03-31,2016-03-30,7.5,,3.5,1.9,1.9,1.9,0.7162264150943396,1.45,0,False
3402,-12.71,45.1658,2016,2015-06-15,2016-06-14,7.185,2.5,2.0,2.41,2.5500000000000003,2.5500000000000003,0.7111320754716981,1.45,0,False
3402,-12.71,45.1658,2017,2016-10-30,2017-10-30,6.25,0.0,4.0,0.0,0.0,0.0,0.4960377358490566,1.08,0,False
3403,-12.686,45.0388,2013,2012-11-15,2013-11-15,25.31,0.0,8.0,0.0,0.0,0.0,0.3164150943396226,1.18,0,False
3403,-12.686,45.0388,2015,2014-04-18,2015-04-18,31.25,0.0,8.0,0.0,0.0,0.0,0.38207547169811323,1.13,0,False
3403,-12.686,45.0388,2016,2015-03-31,2016-03-30,30.415,,8.0,2.7,2.7,2.7,0.7015094339622642,1.64,0,False
3403,-12.686,45.0388,2016,2015-06-14,2016-06-13,15.935,,10.0,3.51,3.51,3.51,0.6881132075471699,1.64,0,False
3412,-21.2692,55.333,2013,2012-01-19,2013-01-18,21.25,0.0,1.0,0.0,0.0,0.46,0.4952830188679246,1.19,0,False
3412,-21.2692,55.333,2015,2014-11-11,2015-11-11,5.0,0.0,1.0,0.0,0.0,1.34,0.8120754716981133,2.04,0,False
3413,-21.2644,55.3277,2013,2012-06-16,2013-06-16,16.56,0.0,7.0,0.0,0.0,0.0,0.4558490566037735,1.19,0,False
3413,-21.2644,55.3277,2015,2014-11-11,2015-11-11,21.875,0.0,7.0,0.0,0.0,1.34,0.8120754716981133,2.04,0,False
3415,-21.1831,55.2862,2015,2014-12-28,2015-12-28,19.06,0.0,1.5,0.16,0.16,1.01,0.8201886792452833,2.0,0,False
3416,-21.1802,55.2859,2015,2014-12-28,2015-12-28,18.125,5.0,1.5,0.16,0.16,1.01,0.8201886792452833,2.0,0,False
3417,-21.1711,55.2831,2014,2013-11-28,2014-11-28,21.25,0.0,8.0,0.0,0.0,2.63,0.8239622641509435,2.03,0,False
3418,-21.1711,55.2856,2014,2013-10-21,2014-10-21,13.75,0.0,1.0,0.0,0.0,2.63,0.7862264150943397,2.03,0,False
3418,-21.1711,55.2856,2015,2014-10-20,2015-10-20,16.5625,0.0,4.75,0.0,0.0,1.01,0.8379245283018869,1.97,0,False
3418,-21.1711,55.2856,2016,2015-03-06,2016-03-05,19.685,0.0,8.0,4.24,4.24,4.24,0.8460377358490566,2.0,7,False
3419,-21.1641,55.2848,2016,2015-03-06,2016-03-05,38.44,1.25,5.5,4.24,4.24,4.24,0.8460377358490566,2.0,7,False
3420,-21.1102,55.2475,2014,2013-11-26,2014-11-26,11.56,0.0,8.0,0.0,0.0,2.94,0.8233962264150944,2.03,0,False
3420,-21.1102,55.2475,2015,2014-11-16,2015-11-16,8.125,0.0,8.0,0.0,0.0,0.8300000000000001,0.8103773584905661,1.95,0,False
3421,-21.1076,55.2497,2014,2013-10-23,2014-10-23,4.06,0.0,1.0,0.0,0.0,2.94,0.8133962264150943,2.03,0,False
3421,-21.1076,55.2497,2015,2014-11-13,2015-11-13,3.44,0.0,1.0,0.0,0.0,0.8300000000000001,0.8103773584905661,1.95,0,False
3423,-21.1058,55.2392,2014,2013-11-26,2014-11-26,13.75,0.0,8.0,0.0,0.0,2.94,0.8233962264150944,2.03,0,False
3423,-21.1058,55.2392,2015,2014-11-16,2015-11-16,10.94,0.0,9.0,0.0,0.0,0.8300000000000001,0.8103773584905661,1.95,0,False
3425,-21.1028,55.2428,2014,2013-10-23,2014-10-23,24.065,0.0,1.0,0.0,0.0,2.94,0.8133962264150943,2.03,0,False
3425,-21.1028,55.2428,2015,2014-11-13,2015-11-13,22.19,0.0,1.0,0.0,0.0,0.8300000000000001,0.8103773584905661,1.95,0,False
3426,-21.0998,55.2314,2014,2013-11-26,2014-11-26,13.125,0.0,8.0,0.0,0.0,2.79,0.8301886792452828,2.04,0,False
3426,-21.0998,55.2314,2015,2014-11-20,2015-11-20,12.19,0.0,9.0,0.0,0.0,0.81,0.7979245283018869,1.95,0,False
3427,-21.0968,55.2357,2013,2012-06-09,2013-06-09,29.69,0.0,1.0,0.0,0.0,0.0,0.4198113207547171,1.16,0,False
3427,-21.0968,55.2357,2014,2013-10-22,2014-10-22,24.375,0.0,1.0,0.0,0.0,2.79,0.799622641509434,2.04,0,False
3427,-21.0968,55.2357,2015,2014-11-10,2015-11-10,17.81,0.0,1.0,0.0,0.0,0.81,0.8130188679245284,1.95,0,False
3428,-21.0854,55.2206,2013,2012-05-25,2013-05-25,18.125,0.0,7.0,0.0,0.0,0.0,0.41811320754716996,1.16,0,False
3428,-21.0854,55.2206,2014,2013-11-27,2014-11-27,21.875,0.0,8.0,0.0,0.0,2.79,0.8343396226415095,2.04,0,False
3428,-21.0854,55.2206,2015,2014-11-20,2015-11-20,9.06,0.0,10.0,0.0,0.0,0.81,0.7979245283018869,1.95,0,False
3429,-21.0843,55.2248,2013,2012-05-25,2013-05-25,21.665,0.0,1.0,0.0,0.0,0.0,0.41811320754716996,1.16,0,False
3429,-21.0843,55.2248,2014,2013-10-22,2014-10-22,15.94,0.0,1.0,0.0,0.0,2.79,0.799622641509434,2.04,0,False
3429,-21.0843,55.2248,2015,2014-11-10,2015-11-10,5.625,0.0,1.0,0.0,0.0,0.81,0.8130188679245284,1.95,0,False
3430,-21.0732,55.2194,2014,2013-10-21,2014-10-21,9.065,0.0,1.0,0.0,0.0,2.79,0.799622641509434,2.04,0,False
3430,-21.0732,55.2194,2015,2014-11-09,2015-11-09,5.31,0.0,1.0,0.0,0.0,0.81,0.8130188679245284,1.95,0,False
3432,-21.0698,55.2172,2014,2013-11-27,2014-11-27,15.31,0.0,8.0,0.0,0.0,2.79,0.8343396226415095,2.04,0,False
3432,-21.0698,55.2172,2015,2014-12-02,2015-12-02,16.560000000000002,0.0,8.0,0.0,0.0,0.81,0.7926415094339624,1.95,0,False
3433,-21.0512,55.2221,2014,2013-10-20,2014-10-20,10.0,0.0,1.0,0.0,0.0,2.79,0.799622641509434,2.04,0,False
3437,-21.0258,55.2273,2014,2013-10-20,2014-10-20,6.25,0.0,1.0,0.0,0.0,2.34,0.8049056603773586,2.06,0,False
3437,-21.0258,55.2273,2015,2014-11-09,2015-11-09,9.685,0.0,1.0,0.0,0.0,0.78,0.8058490566037736,1.95,0,False
3438,-21.0246,55.2268,2014,2013-11-07,2014-11-07,15.31,0.0,8.0,0.0,0.0,2.34,0.8379245283018869,2.06,0,False
3438,-21.0246,55.2268,2015,2014-12-02,2015-12-02,15.620000000000001,0.0,5.0,0.0,0.0,0.78,0.7867924528301886,1.95,0,False
3441,-12.9639,45.0835,2014,2013-05-25,2014-05-25,32.5,0.0,2.0,0.0,0.0,0.0,0.22132075471698107,1.3,0,False
3441,-12.9639,45.0835,2014,2013-12-06,2014-12-06,32.5,0.0,2.0,0.0,0.0,0.0,0.3205660377358491,1.14,0,False
3444,-12.8697,45.2697,2014,2013-05-01,2014-05-01,33.125,0.25,3.0,0.0,0.0,0.0,0.3341509433962263,1.39,0,False
3444,-12.8697,45.2697,2015,2014-04-29,2015-04-29,31.56,0.5,2.5,0.0,0.0,0.0,0.3977358490566037,1.03,0,False
3444,-12.8697,45.2697,2015,2014-11-26,2015-11-26,24.369999999999997,0.0,4.0,0.0,0.0,0.0,0.4945283018867925,1.11,0,False
3444,-12.8697,45.2697,2016,2015-06-15,2016-06-14,23.44,0.0,3.0,2.64,2.8000000000000003,2.8000000000000003,0.7230188679245282,1.54,0,False
3445,-12.8642,45.2712,2014,2013-05-27,2014-05-27,20.94,0.0,6.0,0.0,0.0,0.0,0.33396226415094343,1.39,0,False
3445,-12.8642,45.2712,2015,2014-05-06,2015-05-06,20.31,0.0,6.0,0.0,0.0,0.0,0.4067924528301886,1.03,0,False
3445,-12.8642,45.2712,2015,2014-11-26,2015-11-26,16.565,0.0,6.0,0.0,0.0,0.0,0.4945283018867925,1.11,0,False
3445,-12.8642,45.2712,2016,2015-06-15,2016-06-14,11.56,1.25,6.0,2.64,2.8000000000000003,2.8000000000000003,0.7230188679245282,1.54,0,False
3445,-12.8642,45.2712,2017,2016-11-04,2017-11-04,9.06,0.0,6.0,0.0,0.0,0.0,0.5073584905660378,1.07,0,False
3448,-12.7142,45.1348,2017,2016-11-04,2017-11-04,19.689999999999998,0.0,11.0,0.0,0.0,0.0,0.4733962264150944,1.09,0,False
3450,15.8726,-61.31,2013,2012-12-17,2013-12-17,10.0,6.25,9.0,1.42,1.42,1.42,0.5073076923076922,1.02,0,False
3450,15.8726,-61.31,2015,2014-02-03,2015-02-03,11.56,0.0,9.0,0.0,0.0,0.0,0.35396226415094345,1.06,0,False
3450,15.8726,-61.31,2016,2015-01-26,2016-01-26,21.25,0.0,7.5,1.75,5.8100000000000005,5.8100000000000005,0.4573584905660377,1.75,14,False
3450,15.8726,-61.31,2018,2017-05-23,2018-05-23,22.81,0.0,7.5,0.0,0.0,1.81,0.5950943396226415,1.3,0,False
3450,15.8726,-61.31,2019,2018-05-21,2019-05-21,7.185,0.0,7.5,0.0,0.0,0.0,0.15886792452830195,0.64,0,False
3451,15.8764,-61.6017,2013,2012-12-18,2013-12-18,6.875,1.75,9.0,0.77,0.77,0.77,0.4573584905660377,1.0,0,False
3451,15.8764,-61.6017,2015,2014-02-04,2015-02-04,7.5,0.0,9.0,0.0,0.0,0.0,0.29037735849056606,1.08,0,False
3451,15.8764,-61.6017,2016,2015-01-27,2016-01-27,8.435,0.0,9.0,1.96,5.69,5.69,0.3924528301886792,1.56,14,False
3451,15.8764,-61.6017,2018,2017-05-24,2018-05-24,14.685,0.0,9.0,0.0,0.0,0.96,0.5454716981132075,1.26,0,False
3451,15.8764,-61.6017,2019,2018-05-23,2019-05-23,8.125,0.0,8.5,0.0,0.0,0.0,0.15867924528301894,0.5700000000000001,0,False
3452,15.9539,-61.7104,2013,2012-12-20,2013-12-20,13.440000000000001,0.5,8.0,1.07,1.07,1.07,0.4611320754716982,0.99,0,False
3452,15.9539,-61.7104,2015,2014-02-06,2015-02-06,22.5,0.0,10.0,0.0,0.0,0.0,0.2958490566037736,1.06,0,False
3452,15.9539,-61.7104,2016,2015-01-30,2016-01-30,15.625,5.0,10.0,2.28,5.94,5.94,0.3718867924528302,1.55,14,False
3452,15.9539,-61.7104,2018,2017-05-26,2018-05-26,26.25,0.5,10.0,0.0,0.0,1.24,0.5373584905660377,1.22,0,False
3452,15.9539,-61.7104,2019,2018-05-24,2019-05-24,16.25,0.5,10.0,0.0,0.0,0.0,0.14,0.64,0,False
3454,16.1384,-61.7757,2016,2015-01-29,2016-01-29,14.69,0.75,5.0,2.04,5.23,5.23,0.3379245283018868,1.49,7,False
3454,16.1384,-61.7757,2018,2017-05-25,2018-05-25,22.81,0.5,5.0,0.0,0.0,0.78,0.5250943396226416,1.21,0,False
3454,16.1384,-61.7757,2019,2018-05-25,2019-05-25,24.689999999999998,0.0,5.0,0.0,0.0,0.0,0.12188679245283017,0.59,0,False
3455,16.1751,-61.1056,2013,2012-12-16,2013-12-16,20.62,1.25,2.0,1.56,1.56,2.0,0.5599999999999999,1.07,0,False
3455,16.1751,-61.1056,2015,2014-02-01,2015-02-01,15.315,0.0,2.0,0.0,0.0,0.0,0.4090566037735849,1.14,0,False
3455,16.1751,-61.1056,2016,2015-01-24,2016-01-24,16.565,0.0,2.0,1.61,5.14,5.14,0.4673584905660378,1.56,7,False
3455,16.1751,-61.1056,2018,2017-05-22,2018-05-22,25.94,0.0,2.0,0.0,0.0,1.69,0.6352830188679243,1.33,0,False
3455,16.1751,-61.1056,2019,2018-05-20,2019-05-20,21.560000000000002,0.25,2.0,0.0,0.0,0.0,0.22018867924528301,0.68,0,False
3456,16.1999,-61.4898,2013,2012-12-13,2013-12-13,20.625,4.5,1.0,0.62,0.62,1.55,0.4843396226415094,1.03,0,False
3456,16.1999,-61.4898,2015,2014-02-07,2015-02-07,4.6850000000000005,0.0,0.5,0.0,0.0,0.0,0.3222641509433963,1.08,0,False
3456,16.1999,-61.4898,2016,2015-01-31,2016-01-31,10.629999999999999,0.0,0.5,1.73,5.63,5.63,0.3828301886792452,1.66,14,False
3456,16.1999,-61.4898,2018,2017-05-19,2018-05-19,11.25,0.0,0.5,0.0,0.0,2.27,0.6469811320754716,1.51,0,False
3456,16.1999,-61.4898,2019,2018-05-26,2019-05-26,5.630000000000001,0.5,0.5,0.0,0.0,0.0,0.2015094339622641,0.77,0,False
3457,16.2399,-61.2852,2013,2012-12-14,2013-12-14,25.935,0.0,12.0,0.9,0.9,1.85,0.521132075471698,1.02,0,False
3457,16.2399,-61.2852,2015,2014-01-31,2015-01-31,23.44,0.25,9.0,0.0,0.0,0.0,0.37849056603773573,1.06,0,False
3457,16.2399,-61.2852,2016,2015-01-23,2016-01-23,26.25,1.25,9.0,2.59,4.99,4.99,0.42943396226415104,1.55,7,False
3457,16.2399,-61.2852,2018,2017-05-20,2018-05-20,23.75,0.0,9.0,0.0,0.0,1.66,0.6116981132075472,1.28,0,False
3457,16.2399,-61.2852,2019,2018-05-18,2019-05-18,8.434999999999999,0.0,9.0,0.0,0.0,0.0,0.1952830188679245,0.65,0,False
3459,16.4312,-61.5429,2013,2012-12-13,2013-12-13,15.0,1.0,13.0,1.08,1.08,1.56,0.4522641509433962,1.05,0,False
3459,16.4312,-61.5429,2015,2014-01-30,2015-01-30,15.625,0.0,13.0,0.0,0.0,0.0,0.35396226415094334,1.02,0,False
3459,16.4312,-61.5429,2016,2015-01-22,2016-01-22,15.94,1.0,13.0,2.77,4.89,4.89,0.3971698113207547,1.43,7,False
3459,16.4312,-61.5429,2018,2017-05-27,2018-05-27,30.625,1.25,13.0,0.0,0.0,1.09,0.5262264150943397,1.22,0,False
3459,16.4312,-61.5429,2019,2018-05-17,2019-05-17,32.185,7.75,13.0,0.0,0.0,0.0,0.16018867924528302,0.59,0,False
3460,18.0712,-63.0101,2015,2014-01-28,2015-01-28,23.75,0.0,10.0,0.14,0.14,0.14,0.4169811320754717,1.11,0,False
3460,18.0712,-63.0101,2016,2015-01-25,2016-01-25,15.315,2.5,10.0,0.59,2.72,2.72,0.5241509433962265,1.33,0,False
3460,18.0712,-63.0101,2017,2016-02-16,2017-02-15,33.75,2.5,10.0,0.29,3.29,3.6,0.7490566037735849,1.43,0,False
3460,18.0712,-63.0101,2017,2016-12-04,2017-12-04,15.625,0.0,10.0,1.27,1.27,3.29,0.6286792452830189,1.32,0,False
3461,18.0909,-63.0106,2016,2015-01-25,2016-01-25,26.880000000000003,6.25,2.0,0.59,2.72,2.72,0.5241509433962265,1.33,0,False
3461,18.0909,-63.0106,2017,2016-02-15,2017-02-14,22.5,0.0,2.0,0.59,3.29,3.6,0.7490566037735849,1.43,0,False
3461,18.0909,-63.0106,2017,2016-12-06,2017-12-06,4.685,0.0,2.0,1.27,1.27,3.29,0.6286792452830189,1.32,0,False
3462,18.1029,-63.0161,2016,2015-02-05,2016-02-05,25.935,0.0,3.0,0.29,2.69,2.69,0.521132075471698,1.31,0,False
3462,18.1029,-63.0161,2017,2016-02-15,2017-02-14,22.815,0.0,3.0,0.44,2.97,3.28,0.7503773584905661,1.45,0,False
3462,18.1029,-63.0161,2017,2016-12-05,2017-12-05,24.69,0.25,3.0,1.25,1.25,2.97,0.6273584905660378,1.3,0,False
3463,18.1184,-63.0566,2016,2015-02-05,2016-02-05,8.75,0.0,10.0,0.58,2.8000000000000003,2.8000000000000003,0.5024528301886793,1.29,0,False
3463,18.1184,-63.0566,2017,2016-02-16,2017-02-15,20.31,0.0,10.0,0.15,2.51,2.82,0.7352830188679247,1.45,0,False
3463,18.1184,-63.0566,2017,2016-12-05,2017-12-05,12.185,0.0,10.0,1.25,1.25,2.51,0.620188679245283,1.3,0,False
3468,-17.498,-149.7562,2016,2015-03-14,2016-03-13,18.435000000000002,0.0,1.0,0.0,0.0,0.31,0.23660377358490564,0.73,0,False
3468,-17.498,-149.7562,2017,2016-04-30,2017-04-30,14.379999999999999,0.75,1.5,0.0,0.0,0.66,0.5909615384615384,1.49,0,False
3468,-17.498,-149.7562,2017,2016-11-18,2017-11-18,14.06,0.0,2.0,0.0,0.0,0.0,0.49452830188679253,1.49,0,False
3469,-17.4849,-149.8399,2015,2014-06-26,2015-06-26,16.88,0.25,2.1,0.0,0.32,0.32,0.4532075471698114,1.85,0,False
3469,-17.4849,-149.8399,2016,2015-04-02,2016-04-01,14.065000000000001,0.0,2.1,0.0,0.0,0.32,0.26075471698113206,0.75,0,False
3469,-17.4849,-149.8399,2016,2015-12-15,2016-12-14,23.435,0.0,2.0,0.0,0.0,0.66,0.5103773584905661,1.34,0,False
3469,-17.4849,-149.8399,2017,2016-11-18,2017-11-18,15.935,0.0,2.0,0.0,0.0,0.0,0.501132075471698,1.49,0,False
3523,-17.7168,-149.5856,2017,2016-05-06,2017-05-06,16.87,1.75,1.5,0.0,0.0,0.16,0.5130188679245284,1.4,0,False
3525,-17.7156,-149.5836,2017,2016-05-06,2017-05-06,21.564999999999998,1.0,1.0,0.0,0.0,0.16,0.5130188679245284,1.4,0,False
3526,-17.6564,-149.6026,2016,2015-10-13,2016-10-12,19.065,0.0,2.0,0.0,0.0,0.16,0.27679245283018866,1.24,0,False
3530,-17.6448,-149.6127,2016,2015-10-13,2016-10-12,12.815,0.0,3.0,0.0,0.0,0.17,0.28018867924528307,1.24,0,False
3533,-17.5931,-149.8565,2016,2015-02-13,2016-02-13,12.19,0.0,1.3,0.0,0.0,0.15,0.26132075471698113,0.7000000000000001,0,False
3534,-17.5871,-149.8525,2016,2015-01-30,2016-01-30,20.31,0.25,0.5,0.0,0.0,0.15,0.2564150943396226,0.7000000000000001,0,False
3534,-17.5871,-149.8525,2017,2016-06-03,2017-06-03,28.75,1.25,1.0,0.16,0.16,0.64,0.5918867924528302,1.55,0,False
3535,-17.5863,-149.8531,2016,2015-01-30,2016-01-30,17.81,0.0,3.0,0.0,0.0,0.15,0.2564150943396226,0.7000000000000001,0,False
3538,-17.5506,-149.8839,2016,2015-03-06,2016-03-05,23.130000000000003,0.0,0.5,0.0,0.0,0.15,0.2632075471698113,0.7000000000000001,0,False
3539,-17.5422,-149.902,2016,2015-04-10,2016-04-09,18.435,0.0,2.0,0.5,0.5,0.5,0.3145283018867925,1.38,0,False
3543,-17.4903,-149.9076,2016,2015-04-10,2016-04-09,17.810000000000002,0.0,1.4,0.51,0.51,0.51,0.32584905660377356,1.36,0,False
3545,-17.4864,-149.8912,2015,2014-11-13,2015-11-13,14.690000000000001,0.0,2.0,0.0,0.0,0.32,0.36,1.87,0,False
3547,-17.4833,-149.8126,2015,2014-06-26,2015-06-26,19.065,0.0,1.4,0.0,0.32,0.32,0.4532075471698114,1.85,0,False
3547,-17.4833,-149.8126,2016,2015-12-15,2016-12-14,11.88,0.0,2.0,0.0,0.0,0.66,0.5103773584905661,1.34,0,False
3547,-17.4833,-149.8126,2017,2016-04-30,2017-04-30,14.69,3.0,1.5,0.0,0.0,0.66,0.6009615384615385,1.49,0,False
3550,-17.4782,-149.8392,2015,2014-07-02,2015-07-02,20.939999999999998,2.25,2.0,0.0,0.0,0.32,0.4532075471698114,1.85,0,False
3550,-17.4782,-149.8392,2016,2015-12-16,2016-12-15,20.94,0.0,2.0,0.0,0.0,0.66,0.5103773584905661,1.34,0,False
3555,-17.4748,-149.8162,2015,2014-07-02,2015-07-02,11.565000000000001,2.25,2.1,0.0,0.0,0.32,0.4532075471698114,1.85,0,False
3555,-17.4748,-149.8162,2016,2015-04-02,2016-04-01,13.75,8.75,2.1,0.0,0.0,0.32,0.26075471698113206,0.75,0,False
3555,-17.4748,-149.8162,2016,2015-12-16,2016-12-15,16.875,0.0,2.0,0.0,0.0,0.66,0.5103773584905661,1.34,0,False
3556,-17.4733,-149.8174,2016,2015-03-13,2016-03-12,25.31,4.25,10.0,0.0,0.0,0.32,0.2518867924528302,0.75,0,False
3557,-16.879,-151.352,2016,2015-02-18,2016-02-18,18.44,0.0,1.0,0.0,0.0,0.0,0.3430188679245283,1.16,0,False
3562,-16.7355,-151.5039,2015,2014-10-31,2015-10-31,19.06,2.25,8.0,0.0,0.0,0.0,0.40811320754716984,1.47,0,False
3568,-16.5526,-151.7326,2013,2012-03-23,2013-03-23,4.369999999999999,2.5,1.0,0.0,0.47,0.47,0.4996226415094339,2.42,0,False
3568,-16.5526,-151.7326,2014,2013-03-09,2014-03-09,5.31,0.0,1.0,0.0,0.0,0.0,0.004150943396226417,0.6,0,False
3568,-16.5526,-151.7326,2014,2013-09-14,2014-09-14,5.31,0.0,0.8,0.0,0.0,0.0,0.05169811320754717,0.74,0,False
3568,-16.5526,-151.7326,2015,2014-04-12,2015-04-12,5.0,0.0,0.8,0.0,0.0,0.0,0.4428301886792453,1.39,0,False
3568,-16.5526,-151.7326,2015,2014-09-20,2015-09-20,6.56,0.0,0.8,0.0,0.0,0.0,0.4954716981132075,1.39,0,False
3568,-16.5526,-151.7326,2016,2015-04-10,2016-04-09,6.25,10.0,0.8,2.12,2.12,2.12,0.4728301886792453,1.89,0,False
3568,-16.5526,-151.7326,2017,2016-03-27,2017-03-27,7.5,0.0,0.8,0.0,0.0,3.6,0.7056603773584906,1.89,0,False
3568,-16.5526,-151.7326,2017,2016-10-16,2017-10-16,8.44,0.0,1.0,0.0,0.0,0.0,0.5850943396226415,1.37,0,False
3568,-16.5526,-151.7326,2018,2017-03-31,2018-03-31,7.5,0.0,1.0,0.0,0.0,0.0,0.3222641509433963,1.08,0,False
3568,-16.5526,-151.7326,2018,2017-10-13,2018-10-13,7.5,0.0,0.8,0.0,0.0,0.0,0.22471698113207547,1.08,0,False
3568,-16.5526,-151.7326,2019,2018-04-21,2019-04-21,7.5,2.5,0.8,0.47,0.47,0.47,0.5652830188679244,1.34,0,False
3568,-16.5526,-151.7326,2019,2018-10-12,2019-10-12,7.5,0.0,0.8,0.0,0.0,0.47,0.6490566037735849,1.34,0,False
3568,-16.5526,-151.7326,2020,2019-03-09,2020-03-08,6.25,0.0,0.8,0.0,0.0,0.47,0.4092452830188679,1.07,0,False
3571,-16.5515,-151.7784,2013,2012-07-03,2013-07-03,8.435,0.0,1.0,0.0,0.0,0.47,0.43339622641509434,2.43,0,False
3571,-16.5515,-151.7784,2014,2013-03-22,2014-03-22,10.31,3.0,1.0,0.0,0.0,0.0,0.018867924528301886,0.66,0,False
3571,-16.5515,-151.7784,2014,2013-09-20,2014-09-20,11.870000000000001,0.0,0.7,0.0,0.0,0.0,0.08075471698113207,0.74,0,False
3571,-16.5515,-151.7784,2015,2014-04-07,2015-04-07,12.5,0.0,0.7,0.0,0.0,0.0,0.4390566037735849,1.38,0,False
3571,-16.5515,-151.7784,2015,2014-09-13,2015-09-13,17.81,0.0,0.7,0.0,0.0,0.0,0.5183018867924528,1.38,0,False
3571,-16.5515,-151.7784,2016,2015-03-20,2016-03-19,17.81,4.5,0.7,0.0,0.0,0.0,0.41905660377358495,1.36,0,False
3571,-16.5515,-151.7784,2016,2015-09-18,2016-09-17,18.44,0.0,0.7,0.0,2.64,3.43,0.5599999999999999,1.88,0,False
3571,-16.5515,-151.7784,2017,2016-03-19,2017-03-19,18.44,2.5,0.7,0.0,0.0,3.43,0.7221153846153848,1.88,0,False
3571,-16.5515,-151.7784,2017,2016-09-03,2017-09-03,18.125,0.0,1.0,0.0,0.0,0.0,0.6828846153846153,1.38,0,False
3571,-16.5515,-151.7784,2018,2017-03-17,2018-03-17,18.125,3.75,1.0,0.0,0.0,0.0,0.35773584905660377,1.07,0,False
3571,-16.5515,-151.7784,2018,2017-09-09,2018-09-09,18.44,0.0,0.7,0.0,0.0,0.0,0.2169811320754717,1.07,0,False
3571,-16.5515,-151.7784,2019,2018-03-17,2019-03-17,17.5,20.0,0.7,0.0,0.0,0.0,0.47301886792452835,1.34,0,False
3571,-16.5515,-151.7784,2019,2018-09-08,2019-09-08,17.5,0.0,0.7,0.0,0.61,0.61,0.6566037735849057,1.34,0,False
3571,-16.5515,-151.7784,2020,2019-03-16,2020-03-15,18.125,0.0,0.7,0.0,0.0,0.61,0.4105660377358491,1.09,0,False
3573,-16.5491,-151.7038,2013,2012-03-23,2013-03-23,6.869999999999999,0.0,1.0,0.0,0.47,0.47,0.5018867924528302,2.43,0,True
3573,-16.5491,-151.7038,2014,2013-03-01,2014-03-01,10.315,0.0,1.0,0.0,0.0,0.0,0.004150943396226415,0.66,0,True
3573,-16.5491,-151.7038,2014,2013-09-28,2014-09-28,13.120000000000001,0.0,1.0,0.0,0.0,0.0,0.10433962264150942,0.77,0,True
3573,-16.5491,-151.7038,2015,2014-03-07,2015-03-07,10.94,18.0,1.0,0.0,0.0,0.0,0.39924528301886797,1.38,0,True
3573,-16.5491,-151.7038,2015,2014-09-20,2015-09-20,11.25,0.0,1.0,0.0,0.0,0.0,0.5069811320754717,1.38,0,True
3573,-16.5491,-151.7038,2016,2015-03-13,2016-03-12,12.185,7.5,1.0,0.0,0.0,0.0,0.4149056603773585,1.36,0,True
3573,-16.5491,-151.7038,2016,2015-08-21,2016-08-20,11.25,0.0,1.0,0.0,3.43,3.43,0.5260377358490566,1.88,0,True
3573,-16.5491,-151.7038,2017,2016-04-08,2017-04-08,11.875,0.0,1.0,0.0,0.0,3.43,0.6911320754716983,1.88,0,True
3573,-16.5491,-151.7038,2017,2016-10-29,2017-10-29,12.81,0.0,1.0,0.0,0.0,0.0,0.5663461538461539,1.38,0,True
3573,-16.5491,-151.7038,2018,2017-04-22,2018-04-22,12.19,0.0,1.0,0.0,0.0,0.0,0.2928301886792453,1.07,0,True
3573,-16.5491,-151.7038,2018,2017-09-30,2018-09-30,12.81,0.0,1.0,0.0,0.0,0.0,0.2162264150943396,1.07,0,True
3573,-16.5491,-151.7038,2019,2018-03-02,2019-03-02,12.5,16.25,1.0,0.0,0.0,0.0,0.42490566037735855,1.34,0,True
3573,-16.5491,-151.7038,2019,2018-10-12,2019-10-12,13.125,0.0,1.0,0.0,0.0,0.61,0.6520754716981132,1.34,0,True
3573,-16.5491,-151.7038,2020,2019-03-09,2020-03-08,12.81,0.0,1.0,0.0,0.0,0.61,0.41169811320754723,1.09,0,True
3577,-16.5427,-151.7408,2013,2012-03-31,2013-03-31,22.815,0.0,2.0,0.0,0.47,0.47,0.5056603773584906,2.43,0,True
3577,-16.5427,-151.7408,2014,2013-04-02,2014-04-02,26.880000000000003,2.5,2.0,0.0,0.0,0.0,0.00849056603773585,0.66,0,True
3577,-16.5427,-151.7408,2014,2013-09-12,2014-09-12,27.815,0.0,2.0,0.0,0.0,0.0,0.06056603773584906,0.74,0,True
3577,-16.5427,-151.7408,2015,2014-03-21,2015-03-21,24.380000000000003,0.0,2.0,0.0,0.0,0.0,0.4154716981132075,1.38,0,True
3577,-16.5427,-151.7408,2015,2014-10-04,2015-10-04,25.625,0.0,2.0,0.0,0.0,0.0,0.49301886792452826,1.38,0,True
3577,-16.5427,-151.7408,2016,2015-04-03,2016-04-02,25.94,0.0,2.0,0.79,0.79,0.79,0.4494339622641511,1.44,0,True
3577,-16.5427,-151.7408,2016,2015-09-25,2016-09-24,27.5,0.0,2.0,0.0,1.48,3.43,0.5550943396226414,1.88,0,True
3577,-16.5427,-151.7408,2017,2016-03-12,2017-03-12,27.815,12.5,2.0,0.0,0.0,3.43,0.7184615384615386,1.88,0,True
3577,-16.5427,-151.7408,2017,2016-09-11,2017-09-11,28.125,0.0,2.0,0.0,0.0,0.0,0.6633962264150944,1.38,0,True
3577,-16.5427,-151.7408,2018,2017-03-28,2018-03-28,28.44,1.25,2.0,0.0,0.0,0.0,0.32188679245283025,1.07,0,True
3577,-16.5427,-151.7408,2018,2017-09-29,2018-09-29,28.130000000000003,0.0,2.0,0.0,0.0,0.0,0.2162264150943396,1.07,0,True
3577,-16.5427,-151.7408,2019,2018-05-05,2019-05-05,21.565,100.0,2.0,0.61,0.61,0.61,0.5926415094339622,1.34,0,True
3577,-16.5427,-151.7408,2019,2018-09-28,2019-09-28,21.25,0.0,2.0,0.0,0.0,0.61,0.6420754716981132,1.34,0,True
3577,-16.5427,-151.7408,2020,2019-03-13,2020-03-12,29.685,0.0,2.0,0.0,0.0,0.61,0.4105660377358491,1.09,0,True
3579,-16.5424,-151.727,2013,2012-04-26,2013-04-26,18.439999999999998,1.25,1.7,0.0,0.47,0.47,0.4983018867924529,2.43,0,True
3579,-16.5424,-151.727,2014,2013-03-11,2014-03-11,16.25,3.75,1.7,0.0,0.0,0.0,0.018113207547169812,0.66,0,True
3579,-16.5424,-151.727,2014,2013-09-15,2014-09-15,15.935,0.0,1.7,0.0,0.0,0.0,0.06056603773584906,0.74,0,True
3579,-16.5424,-151.727,2015,2014-04-12,2015-04-12,15.94,0.25,1.7,0.0,0.0,0.0,0.45075471698113206,1.38,0,True
3579,-16.5424,-151.727,2015,2014-09-06,2015-09-06,15.629999999999999,0.0,1.7,0.0,0.0,0.0,0.5228301886792452,1.38,0,True
3579,-16.5424,-151.727,2016,2015-04-10,2016-04-09,15.620000000000001,6.25,1.7,1.95,1.95,1.95,0.48132075471698116,1.88,0,True
3579,-16.5424,-151.727,2016,2015-09-10,2016-09-09,15.0,0.0,1.7,0.0,3.43,3.43,0.5426415094339622,1.88,0,True
3579,-16.5424,-151.727,2017,2016-03-24,2017-03-24,14.370000000000001,0.0,1.7,0.0,0.0,3.43,0.7200000000000002,1.88,0,True
3579,-16.5424,-151.727,2017,2016-10-30,2017-10-30,16.564999999999998,0.0,1.7,0.0,0.0,0.0,0.5505660377358492,1.38,0,True
3579,-16.5424,-151.727,2018,2017-03-31,2018-03-31,15.0,0.0,1.7,0.0,0.0,0.0,0.32188679245283025,1.07,0,True
3579,-16.5424,-151.727,2018,2017-10-14,2018-10-14,14.685,0.0,1.7,0.0,0.0,0.0,0.22207547169811323,1.07,0,True
3579,-16.5424,-151.727,2019,2018-04-21,2019-04-21,13.44,0.0,1.7,0.61,0.61,0.61,0.5671698113207547,1.34,0,True
3579,-16.5424,-151.727,2019,2018-09-28,2019-09-28,12.81,0.0,1.7,0.0,0.0,0.61,0.6420754716981132,1.34,0,True
3579,-16.5424,-151.727,2020,2019-03-13,2020-03-12,13.125,0.0,1.7,0.0,0.0,0.61,0.4105660377358491,1.09,0,True
3580,-16.5397,-151.7887,2013,2012-03-07,2013-03-07,18.125,0.0,1.3,0.48,0.48,0.48,0.5235849056603773,2.43,0,False
3580,-16.5397,-151.7887,2014,2013-03-22,2014-03-22,16.560000000000002,0.0,1.3,0.0,0.0,0.0,-0.0013207547169811417,0.62,0,False
3580,-16.5397,-151.7887,2014,2013-09-20,2014-09-20,17.189999999999998,0.0,1.3,0.0,0.0,0.0,0.06735849056603774,0.74,0,False
3580,-16.5397,-151.7887,2015,2014-04-07,2015-04-07,16.560000000000002,0.0,1.3,0.0,0.0,0.0,0.4249056603773585,1.36,0,False
3580,-16.5397,-151.7887,2015,2014-09-13,2015-09-13,17.185,0.0,1.3,0.0,0.0,0.0,0.5035849056603774,1.36,0,False
3580,-16.5397,-151.7887,2016,2015-03-20,2016-03-19,16.56,1.25,1.3,0.0,0.0,0.0,0.41528301886792457,1.4,0,False
3580,-16.5397,-151.7887,2016,2015-09-12,2016-09-11,16.869999999999997,0.0,1.3,0.0,3.47,3.47,0.5526415094339623,1.88,0,False
3580,-16.5397,-151.7887,2017,2016-03-19,2017-03-19,18.125,3.75,1.3,0.0,0.0,3.47,0.7132692307692304,1.88,0,False
3580,-16.5397,-151.7887,2017,2016-09-03,2017-09-03,18.125,0.0,1.3,0.0,0.0,0.0,0.6744230769230769,1.36,0,False
3580,-16.5397,-151.7887,2018,2017-03-17,2018-03-17,18.125,0.1,1.3,0.0,0.0,0.0,0.3494339622641509,1.06,0,False
3580,-16.5397,-151.7887,2018,2017-09-09,2018-09-09,16.869999999999997,0.0,1.3,0.0,0.0,0.0,0.20679245283018868,1.06,0,False
3580,-16.5397,-151.7887,2019,2018-03-17,2019-03-17,15.620000000000001,21.25,1.3,0.0,0.0,0.0,0.4618867924528302,1.31,0,False
3580,-16.5397,-151.7887,2019,2018-09-08,2019-09-08,16.25,0.0,1.3,0.0,0.63,0.63,0.6488679245283018,1.31,0,False
3580,-16.5397,-151.7887,2020,2019-03-16,2020-03-15,15.620000000000001,0.0,1.3,0.0,0.0,0.63,0.4081132075471698,1.05,0,False
3581,-16.5353,-151.7479,2013,2012-06-01,2013-06-01,37.19,0.0,2.0,0.0,0.0,0.47,0.47698113207547166,2.43,0,True
3582,-16.5353,-151.7284,2013,2012-03-22,2013-03-22,20.935,3.75,1.2,0.0,0.47,0.47,0.5018867924528302,2.43,0,True
3582,-16.5353,-151.7284,2014,2013-03-01,2014-03-01,20.94,0.0,3.5,0.0,0.0,0.0,0.004150943396226415,0.66,0,True
3582,-16.5353,-151.7284,2014,2013-05-10,2014-05-10,24.06,0.0,1.2,0.0,0.0,0.0,-0.045660377358490566,0.66,0,True
3582,-16.5353,-151.7284,2015,2014-03-14,2015-03-14,24.06,1.0,1.2,0.0,0.0,0.0,0.4028301886792453,1.38,0,True
3582,-16.5353,-151.7284,2015,2014-09-05,2015-09-05,22.81,0.0,1.2,0.0,0.0,0.0,0.5228301886792452,1.38,0,True
3582,-16.5353,-151.7284,2016,2015-03-13,2016-03-12,21.56,2.5,1.2,0.0,0.0,0.0,0.4149056603773585,1.36,0,True
3582,-16.5353,-151.7284,2016,2015-09-01,2016-08-31,30.31,0.0,1.2,0.0,3.43,3.43,0.5362264150943395,1.88,0,True
3582,-16.5353,-151.7284,2017,2016-03-11,2017-03-11,29.375,3.75,1.2,0.0,0.0,3.43,0.7113207547169813,1.88,0,True
3582,-16.5353,-151.7284,2017,2016-10-15,2017-10-15,28.125,0.0,1.2,0.0,0.0,0.0,0.6038461538461539,1.38,0,True
3582,-16.5353,-151.7284,2018,2017-03-24,2018-03-24,26.875,0.0,1.2,0.0,0.0,0.0,0.33905660377358493,1.07,0,True
3582,-16.5353,-151.7284,2018,2017-09-16,2018-09-16,27.19,0.0,1.2,0.0,0.0,0.0,0.21547169811320754,1.07,0,True
3582,-16.5353,-151.7284,2019,2018-03-10,2019-03-10,25.31,20.0,1.2,0.0,0.0,0.0,0.4547169811320756,1.34,0,True
3582,-16.5353,-151.7284,2019,2018-09-14,2019-09-14,24.06,0.0,2.3,0.0,0.61,0.61,0.6530188679245285,1.34,0,True
3582,-16.5353,-151.7284,2020,2019-03-24,2020-03-23,28.125,0.0,2.3,0.0,0.0,0.61,0.40132075471698114,1.09,0,True
3583,-16.5348,-151.7299,2013,2012-04-26,2013-04-26,40.94,2.0,2.8,0.0,0.47,0.47,0.4983018867924529,2.43,0,True
3583,-16.5348,-151.7299,2014,2013-03-11,2014-03-11,35.625,1.25,8.5,0.0,0.0,0.0,0.018113207547169812,0.66,0,True
3583,-16.5348,-151.7299,2014,2013-09-15,2014-09-15,35.625,0.0,2.8,0.0,0.0,0.0,0.06056603773584906,0.74,0,True
3583,-16.5348,-151.7299,2015,2014-03-07,2015-03-07,34.685,0.0,2.8,0.0,0.0,0.0,0.39924528301886797,1.38,0,True
3583,-16.5348,-151.7299,2015,2014-10-10,2015-10-10,33.44,0.0,2.8,0.0,0.0,0.0,0.4779245283018868,1.38,0,True
3583,-16.5348,-151.7299,2016,2015-03-21,2016-03-20,31.56,2.5,2.8,0.0,0.0,0.0,0.41905660377358495,1.36,0,True
3583,-16.5348,-151.7299,2016,2015-09-01,2016-08-31,33.44,0.0,2.8,0.0,3.43,3.43,0.5362264150943395,1.88,0,True
3583,-16.5348,-151.7299,2017,2016-03-11,2017-03-11,32.5,3.75,2.8,0.0,0.0,3.43,0.7113207547169813,1.88,0,True
3583,-16.5348,-151.7299,2017,2016-10-15,2017-10-15,31.56,0.0,2.8,0.0,0.0,0.0,0.6038461538461539,1.38,0,True
3583,-16.5348,-151.7299,2018,2017-03-24,2018-03-24,28.435,0.0,2.8,0.0,0.0,0.0,0.33905660377358493,1.07,0,True
3583,-16.5348,-151.7299,2019,2018-03-10,2019-03-10,26.875,5.0,2.8,0.0,0.0,0.0,0.4547169811320756,1.34,0,True
3583,-16.5348,-151.7299,2019,2018-09-14,2019-09-14,27.815,0.0,2.8,0.0,0.61,0.61,0.6530188679245285,1.34,0,True
3583,-16.5348,-151.7299,2020,2019-03-21,2020-03-20,28.435,0.0,2.8,0.0,0.0,0.61,0.40132075471698114,1.09,0,True
3584,-16.5336,-151.7343,2013,2012-05-12,2013-05-12,30.31,0.0,1.8,0.0,0.47,0.47,0.49433962264150944,2.43,0,True
3584,-16.5336,-151.7343,2014,2013-05-13,2014-05-13,28.75,0.0,1.8,0.0,0.0,0.0,-0.045660377358490566,0.66,0,True
3584,-16.5336,-151.7343,2014,2013-11-30,2014-11-30,29.380000000000003,0.0,1.8,0.0,0.0,0.0,0.27094339622641506,1.17,0,True
3584,-16.5336,-151.7343,2015,2014-05-10,2015-05-10,26.565,2.5,1.8,0.0,0.0,0.0,0.4775471698113208,1.38,0,True
3584,-16.5336,-151.7343,2015,2014-12-17,2015-12-17,26.56,2.5,1.8,0.0,0.0,0.0,0.41641509433962265,1.38,0,True
3584,-16.5336,-151.7343,2016,2015-05-07,2016-05-06,29.685,2.5,1.8,3.43,3.43,3.43,0.508867924528302,1.88,0,True
3584,-16.5336,-151.7343,2016,2015-11-07,2016-11-06,23.125,0.0,1.8,0.0,0.0,3.43,0.6498113207547169,1.88,0,True
3584,-16.5336,-151.7343,2017,2016-05-21,2017-05-21,21.25,12.5,1.8,0.0,0.0,3.43,0.635576923076923,1.38,0,True
3584,-16.5336,-151.7343,2017,2016-11-12,2017-11-12,24.375,0.0,1.8,0.0,0.0,0.0,0.5273076923076924,1.38,0,True
3584,-16.5336,-151.7343,2018,2017-05-26,2018-05-26,24.06,0.0,1.8,0.0,0.0,0.0,0.28075471698113214,1.07,0,True
3584,-16.5336,-151.7343,2018,2017-12-15,2018-12-15,26.25,0.0,1.8,0.0,0.0,0.0,0.319811320754717,1.28,0,True
3584,-16.5336,-151.7343,2020,2019-05-31,2020-05-30,21.56,0.0,1.8,0.0,0.0,0.61,0.3956603773584905,1.09,0,True
3585,-16.5297,-151.7282,2013,2012-05-26,2013-05-26,17.810000000000002,0.0,2.2,0.0,0.0,0.47,0.4856603773584906,2.43,0,True
3585,-16.5297,-151.7282,2014,2013-05-14,2014-05-14,20.625,0.0,2.2,0.0,0.0,0.0,-0.045660377358490566,0.66,0,True
3585,-16.5297,-151.7282,2014,2013-12-01,2014-12-01,14.684999999999999,0.0,2.2,0.0,0.0,0.0,0.27094339622641506,1.17,0,True
3585,-16.5297,-151.7282,2015,2014-05-06,2015-05-06,14.065,0.0,3.3,0.0,0.0,0.0,0.4664150943396227,1.38,0,True
3585,-16.5297,-151.7282,2015,2014-11-29,2015-11-29,19.064999999999998,0.0,2.2,0.0,0.0,0.0,0.41716981132075476,1.38,0,True
3585,-16.5297,-151.7282,2016,2015-05-08,2016-05-07,18.439999999999998,0.0,2.2,3.43,3.43,3.43,0.5130188679245282,1.88,0,True
3585,-16.5297,-151.7282,2016,2015-11-14,2016-11-13,11.56,0.0,2.2,0.0,0.0,3.43,0.6577358490566038,1.88,0,True
3585,-16.5297,-151.7282,2017,2016-05-06,2017-05-06,10.309999999999999,0.0,2.2,0.0,0.0,3.43,0.6381132075471698,1.38,0,True
3585,-16.5297,-151.7282,2017,2016-11-12,2017-11-12,12.815,0.0,2.2,0.0,0.0,0.0,0.5273076923076924,1.38,0,True
3585,-16.5297,-151.7282,2018,2017-05-22,2018-05-22,12.5,0.0,2.2,0.0,0.0,0.0,0.28075471698113214,1.07,0,True
3585,-16.5297,-151.7282,2018,2017-12-15,2018-12-15,10.625,0.0,2.2,0.0,0.0,0.0,0.319811320754717,1.28,0,True
3585,-16.5297,-151.7282,2020,2019-05-14,2020-05-13,26.56,0.0,2.2,0.0,0.0,0.61,0.39905660377358493,1.09,0,True
3586,-16.5295,-151.7723,2013,2012-06-07,2013-06-07,29.06,0.0,1.5,0.0,0.0,0.48,0.4524528301886792,2.43,0,False
3586,-16.5295,-151.7723,2014,2013-05-19,2014-05-19,31.880000000000003,0.0,1.5,0.0,0.0,0.0,-0.07962264150943398,0.62,0,False
3586,-16.5295,-151.7723,2014,2013-12-28,2014-12-28,25.630000000000003,0.0,1.5,0.0,0.0,0.0,0.2637735849056604,1.15,0,False
3586,-16.5295,-151.7723,2015,2014-05-12,2015-05-12,29.06,0.0,1.5,0.0,0.0,0.0,0.4658490566037736,1.36,0,False
3586,-16.5295,-151.7723,2015,2014-11-07,2015-11-07,34.685,0.0,1.5,0.0,0.0,0.0,0.4254716981132076,1.36,0,False
3586,-16.5295,-151.7723,2016,2015-05-12,2016-05-11,33.75,0.0,1.5,3.47,3.47,3.47,0.5122641509433962,1.88,0,False
3586,-16.5295,-151.7723,2016,2015-11-24,2016-11-23,20.619999999999997,0.0,1.5,0.0,0.0,3.47,0.6554716981132075,1.88,0,False
3586,-16.5295,-151.7723,2017,2016-05-02,2017-05-02,25.630000000000003,8.25,1.5,0.0,0.0,3.47,0.6273584905660379,1.36,0,False
3586,-16.5295,-151.7723,2017,2016-11-19,2017-11-19,24.69,0.0,1.5,0.0,0.0,0.0,0.5125,1.36,0,False
3586,-16.5295,-151.7723,2018,2017-05-19,2018-05-19,23.125,0.0,1.5,0.0,0.0,0.0,0.2760377358490566,1.06,0,False
3586,-16.5295,-151.7723,2018,2017-12-12,2018-12-12,15.0,0.0,1.5,0.0,0.0,0.0,0.30943396226415093,1.31,0,False
3586,-16.5295,-151.7723,2020,2019-05-19,2020-05-18,3.75,0.0,1.5,0.0,0.0,0.63,0.39452830188679244,1.03,0,False
3590,-16.5069,-151.7642,2013,2012-05-31,2013-05-31,21.25,0.0,1.0,0.0,0.0,0.48,0.4716981132075472,2.43,0,False
3590,-16.5069,-151.7642,2014,2013-05-18,2014-05-18,25.630000000000003,0.0,1.0,0.0,0.0,0.0,-0.07962264150943398,0.62,0,False
3590,-16.5069,-151.7642,2015,2014-01-02,2015-01-02,23.75,0.0,1.0,0.0,0.0,0.0,0.2833962264150944,1.15,0,False
3590,-16.5069,-151.7642,2015,2014-05-19,2015-05-19,24.38,0.0,1.0,0.0,0.0,0.0,0.4771698113207547,1.36,0,False
3590,-16.5069,-151.7642,2015,2014-12-13,2015-12-13,21.88,0.0,1.0,0.0,0.0,0.0,0.40830188679245283,1.36,0,False
3590,-16.5069,-151.7642,2016,2015-05-05,2016-05-04,19.689999999999998,0.0,1.0,3.47,3.47,3.47,0.5079245283018868,1.88,0,False
3590,-16.5069,-151.7642,2017,2016-05-23,2017-05-23,15.31,0.0,1.0,0.0,0.0,3.47,0.6222641509433962,1.36,0,False
3590,-16.5069,-151.7642,2017,2016-11-06,2017-11-06,7.815,0.0,1.0,0.0,0.0,0.0,0.5281132075471698,1.36,0,False
3590,-16.5069,-151.7642,2018,2017-05-26,2018-05-26,8.434999999999999,0.0,1.0,0.0,0.0,0.0,0.270188679245283,1.06,0,False
3590,-16.5069,-151.7642,2018,2017-11-27,2018-11-27,8.75,0.0,1.0,0.0,0.0,0.0,0.2833962264150943,1.31,0,False
3591,-16.5064,-151.7836,2013,2012-06-07,2013-06-07,14.375,0.0,1.0,0.0,0.0,0.48,0.4524528301886792,2.43,0,False
3591,-16.5064,-151.7836,2014,2013-05-22,2014-05-22,15.0,0.0,1.0,0.0,0.0,0.0,-0.08169811320754718,0.62,0,False
3591,-16.5064,-151.7836,2014,2013-12-31,2014-12-31,14.69,0.0,1.0,0.0,0.0,0.0,0.2637735849056604,1.15,0,False
3591,-16.5064,-151.7836,2015,2014-05-13,2015-05-13,14.69,0.0,1.0,0.0,0.0,0.0,0.4658490566037736,1.36,0,False
3591,-16.5064,-151.7836,2015,2014-12-13,2015-12-13,18.13,0.0,1.0,0.0,0.0,0.0,0.40830188679245283,1.36,0,False
3591,-16.5064,-151.7836,2016,2015-05-05,2016-05-04,17.810000000000002,0.0,1.0,3.47,3.47,3.47,0.5079245283018868,1.88,0,False
3591,-16.5064,-151.7836,2016,2015-12-05,2016-12-04,20.0,0.0,1.0,0.0,0.0,3.47,0.6690566037735848,1.88,0,False
3591,-16.5064,-151.7836,2017,2016-06-06,2017-06-06,20.625,0.0,1.0,0.0,0.0,3.47,0.6230188679245283,1.36,0,False
3591,-16.5064,-151.7836,2017,2016-12-03,2017-12-03,7.81,36.25,1.0,0.0,0.0,0.0,0.4865384615384615,1.36,0,False
3591,-16.5064,-151.7836,2018,2017-05-20,2018-05-20,7.81,0.0,1.0,0.0,0.0,0.0,0.2760377358490566,1.06,0,False
3591,-16.5064,-151.7836,2018,2017-11-10,2018-11-10,11.25,0.0,1.0,0.0,0.0,0.0,0.24867924528301885,1.06,0,False
3591,-16.5064,-151.7836,2019,2018-05-11,2019-05-11,15.0,0.0,1.0,0.63,0.63,0.63,0.5939622641509434,1.31,0,False
3591,-16.5064,-151.7836,2019,2018-11-24,2019-11-24,12.81,0.0,1.0,0.0,0.0,0.63,0.6296226415094339,1.31,0,False
3591,-16.5064,-151.7836,2020,2019-05-31,2020-05-30,12.81,0.0,1.0,0.0,0.0,0.63,0.38830188679245287,1.03,0,False
3594,-16.4994,-151.784,2013,2012-05-01,2013-05-01,10.625,0.0,11.0,0.0,0.62,0.62,0.4973584905660377,2.42,0,False
3594,-16.4994,-151.784,2014,2013-04-05,2014-04-05,12.657499999999999,0.0,11.0,0.0,0.0,0.0,-0.025849056603773585,0.63,0,False
3594,-16.4994,-151.784,2014,2013-10-19,2014-10-19,18.4375,0.0,11.0,0.0,0.0,0.0,0.13660377358490566,0.76,0,False
3594,-16.4994,-151.784,2015,2014-04-18,2015-04-18,25.7825,3.75,11.0,0.0,0.0,0.0,0.4462264150943396,1.36,0,False
3594,-16.4994,-151.784,2015,2014-10-16,2015-10-16,27.9675,3.75,11.0,0.0,0.0,0.0,0.46396226415094344,1.36,0,False
3594,-16.4994,-151.784,2016,2015-04-04,2016-04-03,26.095,1.875,11.0,0.98,0.98,0.98,0.4537735849056604,1.54,0,False
3594,-16.4994,-151.784,2016,2015-09-26,2016-09-25,24.375,1.25,11.0,0.0,1.49,3.65,0.5575471698113208,1.9,0,False
3594,-16.4994,-151.784,2017,2016-04-15,2017-04-15,25.0,2.5,15.0,0.0,0.0,3.65,0.6554716981132076,1.37,0,False
3594,-16.4994,-151.784,2017,2016-04-29,2017-04-29,25.625,0.0,7.0,0.0,0.0,3.65,0.6313207547169811,1.37,0,False
3594,-16.4994,-151.784,2017,2016-10-22,2017-10-22,25.155,0.0,11.0,0.0,0.0,0.0,0.5805769230769231,1.37,0,False
3594,-16.4994,-151.784,2018,2017-03-31,2018-03-31,24.375,0.0,7.0,0.0,0.0,0.0,0.3160377358490566,1.07,0,False
3594,-16.4994,-151.784,2018,2017-04-08,2018-04-08,24.06,0.0,15.0,0.0,0.0,0.0,0.3058490566037736,1.07,0,False
3594,-16.4994,-151.784,2018,2017-09-30,2018-09-30,25.3125,0.0,11.0,0.0,0.0,0.0,0.2069811320754717,1.07,0,False
3594,-16.4994,-151.784,2019,2018-05-06,2019-05-06,23.4375,15.0,11.0,0.8,0.8,0.8,0.5949056603773585,1.33,0,False
3595,-16.499,-151.7573,2014,2013-05-14,2014-05-14,23.75,0.0,2.7,0.0,0.0,0.0,-0.07528301886792452,0.63,0,False
3595,-16.499,-151.7573,2014,2013-12-01,2014-12-01,25.619999999999997,0.0,2.7,0.0,0.0,0.0,0.25528301886792454,1.19,0,False
3595,-16.499,-151.7573,2015,2014-05-10,2015-05-10,35.935,0.0,2.7,0.0,0.0,0.0,0.46735849056603773,1.36,0,False
3595,-16.499,-151.7573,2015,2014-11-21,2015-11-21,16.25,0.0,2.7,0.0,0.0,0.0,0.4171698113207547,1.36,0,False
3595,-16.499,-151.7573,2016,2015-05-11,2016-05-10,22.189999999999998,0.0,2.7,3.65,3.65,3.65,0.521320754716981,1.9,0,False
3595,-16.499,-151.7573,2016,2015-11-13,2016-11-12,8.44,0.0,2.7,0.0,0.0,3.65,0.6547169811320754,1.9,0,False
3595,-16.499,-151.7573,2017,2016-05-07,2017-05-07,17.185000000000002,0.0,2.7,0.0,0.0,3.65,0.6267307692307692,1.37,0,False
3595,-16.499,-151.7573,2017,2016-11-19,2017-11-19,15.0,18.75,2.7,0.0,0.0,0.0,0.5167307692307692,1.37,0,False
3595,-16.499,-151.7573,2018,2017-05-23,2018-05-23,16.25,0.0,2.7,0.0,0.0,0.0,0.2718867924528302,1.07,0,False
3595,-16.499,-151.7573,2018,2017-12-16,2018-12-16,15.0,0.0,2.7,0.0,0.0,0.0,0.3109433962264151,1.33,0,False
3595,-16.499,-151.7573,2020,2019-05-21,2020-05-20,15.940000000000001,0.0,2.7,0.0,0.0,0.8,0.3986792452830189,0.98,0,False
3596,-16.4918,-151.71,2014,2013-05-18,2014-05-18,32.81,1.0,7.5,0.0,0.0,0.0,-0.09962264150943395,0.6,0,False
3596,-16.4918,-151.71,2014,2013-11-30,2014-11-30,30.0,0.0,2.5,0.0,0.0,0.0,0.2467924528301887,1.2,0,False
3596,-16.4918,-151.71,2015,2014-05-10,2015-05-10,35.315,0.0,2.5,0.0,0.0,0.0,0.46339622641509437,1.38,0,False
3596,-16.4918,-151.71,2015,2014-11-02,2015-11-02,32.19,0.0,2.5,0.0,0.0,0.0,0.4352830188679245,1.38,0,False
3596,-16.4918,-151.71,2016,2015-06-05,2016-06-04,31.869999999999997,8.75,2.5,3.68,3.68,3.68,0.5169811320754717,1.89,0,False
3596,-16.4918,-151.71,2016,2015-12-04,2016-12-03,37.81,0.0,2.5,0.0,0.0,3.68,0.6647169811320756,1.89,0,False
3596,-16.4918,-151.71,2017,2016-05-20,2017-05-20,36.56,1.25,2.5,0.0,0.0,3.68,0.6160377358490567,1.35,0,False
3596,-16.4918,-151.71,2017,2016-11-02,2017-11-02,35.31,0.0,2.5,0.0,0.0,0.0,0.540377358490566,1.35,0,False
3596,-16.4918,-151.71,2018,2017-06-01,2018-06-01,33.44,0.0,2.5,0.0,0.0,0.0,0.26377358490566033,1.08,0,False
3596,-16.4918,-151.71,2018,2017-11-30,2018-11-30,42.5,0.0,2.5,0.0,0.0,0.0,0.2818867924528302,1.34,0,False
3596,-16.4918,-151.71,2019,2018-05-25,2019-05-25,35.94,5.0,2.5,0.79,0.79,0.79,0.6247169811320754,1.34,0,False
3596,-16.4918,-151.71,2019,2018-11-29,2019-11-29,34.685,0.0,2.5,0.0,0.0,0.79,0.6132075471698113,1.31,0,False
3596,-16.4918,-151.71,2020,2019-05-13,2020-05-12,39.69,0.0,2.5,0.0,0.0,0.79,0.39056603773584914,0.95,0,False
3597,-16.4796,-151.7204,2013,2012-05-28,2013-05-28,18.125,0.0,1.0,0.0,0.0,0.48,0.4813461538461538,2.42,0,False
3597,-16.4796,-151.7204,2014,2013-05-21,2014-05-21,25.310000000000002,0.0,1.0,0.0,0.0,0.0,-0.09962264150943395,0.6,0,False
3597,-16.4796,-151.7204,2014,2013-12-26,2014-12-26,23.435000000000002,0.0,1.0,0.0,0.0,0.0,0.2535849056603774,1.2,0,False
3597,-16.4796,-151.7204,2015,2014-05-18,2015-05-18,21.875,0.0,1.0,0.0,0.0,0.0,0.47490566037735854,1.38,0,False
3597,-16.4796,-151.7204,2015,2014-12-06,2015-12-06,22.185000000000002,0.0,1.0,0.0,0.0,0.0,0.4041509433962264,1.38,0,False
3597,-16.4796,-151.7204,2016,2015-05-09,2016-05-08,23.75,0.0,1.0,3.68,3.68,3.68,0.5126415094339623,1.89,0,False
3597,-16.4796,-151.7204,2016,2015-11-06,2016-11-05,17.814999999999998,0.0,1.0,0.0,0.0,3.68,0.6337735849056603,1.89,0,False
3597,-16.4796,-151.7204,2017,2016-05-06,2017-05-06,19.060000000000002,0.0,1.0,0.0,0.0,3.68,0.6175471698113207,1.35,0,False
3597,-16.4796,-151.7204,2017,2016-11-26,2017-11-26,17.81,0.0,1.0,0.0,0.0,0.0,0.4982692307692308,1.35,0,False
3597,-16.4796,-151.7204,2018,2017-05-27,2018-05-27,17.19,0.0,1.0,0.0,0.0,0.0,0.2688679245283018,1.08,0,False
3597,-16.4796,-151.7204,2018,2017-12-16,2018-12-16,13.44,0.0,1.0,0.0,0.0,0.0,0.30547169811320757,1.34,0,False
3597,-16.4796,-151.7204,2020,2019-05-14,2020-05-13,15.625,0.0,1.0,0.0,0.0,0.79,0.39056603773584914,0.95,0,False
3600,-16.457,-151.7758,2013,2012-06-08,2013-06-08,18.13,0.0,1.0,0.0,0.0,0.62,0.4564150943396227,2.42,0,False
3600,-16.457,-151.7758,2014,2013-05-24,2014-05-24,18.125,0.0,1.0,0.0,0.0,0.0,-0.09018867924528302,0.63,0,False
3600,-16.457,-151.7758,2015,2014-01-06,2015-01-06,19.69,0.0,1.0,0.0,0.0,0.0,0.2843396226415094,1.19,0,False
3600,-16.457,-151.7758,2015,2014-05-16,2015-05-16,20.0,0.0,1.0,0.0,0.0,0.0,0.47849056603773593,1.36,0,False
3600,-16.457,-151.7758,2016,2015-01-09,2016-01-09,21.56,0.0,1.0,0.0,0.0,0.0,0.4452830188679246,1.45,0,False
3600,-16.457,-151.7758,2016,2015-05-07,2016-05-06,22.5,0.0,1.0,3.65,3.65,3.65,0.5164150943396226,1.9,0,False
3600,-16.457,-151.7758,2016,2015-11-21,2016-11-20,18.13,0.0,1.0,0.0,0.0,3.65,0.6594339622641509,1.9,0,False
3600,-16.457,-151.7758,2017,2016-06-05,2017-06-05,18.439999999999998,0.0,1.0,0.0,0.0,3.65,0.6213207547169811,1.37,0,False
3600,-16.457,-151.7758,2017,2016-12-17,2017-12-17,14.69,0.0,1.0,0.0,0.0,0.0,0.454423076923077,1.26,0,False
3600,-16.457,-151.7758,2018,2017-05-17,2018-05-17,10.31,0.0,1.0,0.0,0.0,0.0,0.27811320754716984,1.07,0,False
3600,-16.457,-151.7758,2018,2017-12-17,2018-12-17,18.125,0.0,1.0,0.0,0.0,0.0,0.3109433962264151,1.33,0,False
3600,-16.457,-151.7758,2019,2018-05-11,2019-05-11,19.37,0.0,1.0,0.8,0.8,0.8,0.6022641509433962,1.33,0,False
3600,-16.457,-151.7758,2019,2018-11-30,2019-11-30,15.31,0.0,1.0,0.0,0.0,0.8,0.6179245283018867,1.3,0,False
3600,-16.457,-151.7758,2020,2019-05-28,2020-05-27,15.94,0.0,1.0,0.0,0.0,0.8,0.39622641509433965,0.98,0,False
3601,-16.4481,-151.7659,2013,2012-06-08,2013-06-08,25.625,0.0,1.3,0.0,0.0,0.61,0.45792452830188685,2.4,0,False
3601,-16.4481,-151.7659,2014,2013-05-22,2014-05-22,24.06,0.0,1.3,0.0,0.0,0.0,-0.10113207547169811,0.63,0,False
3601,-16.4481,-151.7659,2015,2014-01-06,2015-01-06,25.0,0.0,1.3,0.0,0.0,0.0,0.2820754716981132,1.21,0,False
3601,-16.4481,-151.7659,2015,2014-05-17,2015-05-17,25.630000000000003,0.0,1.3,0.0,0.0,0.0,0.47698113207547166,1.35,0,False
3601,-16.4481,-151.7659,2016,2015-01-09,2016-01-09,25.315,0.0,1.3,0.0,0.0,0.0,0.44905660377358486,1.47,0,False
3601,-16.4481,-151.7659,2016,2015-05-07,2016-05-06,21.565,0.0,1.3,3.67,3.67,3.67,0.5226415094339623,1.9,0,False
3601,-16.4481,-151.7659,2016,2015-11-21,2016-11-20,24.685,0.0,1.3,0.0,0.0,3.67,0.662641509433962,1.9,0,False
3601,-16.4481,-151.7659,2017,2016-06-05,2017-06-05,24.685,0.0,1.3,0.0,0.0,3.67,0.6209433962264151,1.36,0,False
3601,-16.4481,-151.7659,2017,2016-11-25,2017-11-25,13.125,6.25,1.3,0.0,0.0,0.0,0.5139622641509435,1.36,0,False
3601,-16.4481,-151.7659,2018,2017-05-17,2018-05-17,12.5,0.0,1.3,0.0,0.0,0.0,0.279245283018868,1.04,0,False
3601,-16.4481,-151.7659,2018,2017-12-01,2018-12-01,13.44,0.0,1.3,0.0,0.0,0.0,0.2881132075471698,1.35,0,False
3601,-16.4481,-151.7659,2019,2018-05-05,2019-05-05,13.44,0.0,1.3,1.26,1.26,1.26,0.6003773584905661,1.35,0,False
3601,-16.4481,-151.7659,2019,2018-11-30,2019-11-30,15.31,0.0,1.3,0.0,0.0,1.26,0.6194339622641509,1.29,0,False
3601,-16.4481,-151.7659,2020,2019-05-28,2020-05-27,15.31,0.0,1.3,0.0,0.0,1.11,0.3975471698113207,0.95,0,False
3611,-14.9756,-147.6361,2013,2012-06-21,2013-06-21,20.31,7.5,7.0,0.0,0.0,0.15,0.5730188679245283,1.9,0,False
3619,12.0853,-61.7629,2014,2013-03-17,2014-03-17,20.94,0.0,5.0,0.0,0.68,2.28,0.44830188679245286,1.1,0,False
3620,12.0886,-61.7624,2014,2013-03-17,2014-03-17,14.585,0.0,10.0,0.0,0.68,2.28,0.44830188679245286,1.1,0,False
3621,12.0917,-61.7589,2014,2013-03-13,2014-03-13,18.435000000000002,0.0,7.0,0.0,0.68,2.28,0.44830188679245286,1.1,0,False
3622,12.4849,-61.4956,2016,2015-11-15,2016-11-14,21.560000000000002,10.75,8.6,1.62,1.62,1.62,0.6845283018867925,1.22,0,False
3622,12.4849,-61.4956,2017,2016-06-21,2017-06-21,14.06,4.5,9.5,0.0,0.0,1.62,0.7801886792452832,1.22,0,False
3622,12.4849,-61.4956,2017,2016-10-19,2017-10-19,16.560000000000002,1.5,10.5,3.4,3.4,3.4,0.8092452830188681,1.25,0,False
3622,12.4849,-61.4956,2018,2017-05-23,2018-05-23,20.939999999999998,1.25,9.5,0.0,0.0,3.6,0.6066037735849056,1.25,0,False
3622,12.4849,-61.4956,2018,2017-07-17,2018-07-17,20.63,0.0,9.5,0.0,0.0,3.6,0.5081132075471697,1.25,0,False
3623,12.4858,-61.4827,2016,2015-12-20,2016-12-19,25.939999999999998,1.75,12.0,1.62,1.62,1.62,0.7220754716981133,1.22,0,False
3623,12.4858,-61.4827,2017,2016-06-19,2017-06-19,24.38,32.25,8.0,0.0,0.0,1.62,0.7801886792452832,1.22,0,False
3623,12.4858,-61.4827,2017,2016-06-21,2017-06-21,14.065,1.25,4.5,0.0,0.0,1.62,0.7801886792452832,1.22,0,False
3623,12.4858,-61.4827,2017,2016-08-22,2017-08-22,27.5,2.5,11.0,0.0,0.0,1.62,0.7992452830188679,1.22,0,False
3623,12.4858,-61.4827,2017,2016-09-18,2017-09-18,27.810000000000002,0.0,11.0,3.26,3.26,3.26,0.8266037735849057,1.25,0,False
3623,12.4858,-61.4827,2017,2016-10-23,2017-10-23,22.185,0.0,3.5,3.6,3.6,3.6,0.7973584905660378,1.25,0,False
3623,12.4858,-61.4827,2018,2017-05-24,2018-05-24,12.5,3.5,4.5,0.0,0.0,3.6,0.6066037735849056,1.25,0,False
3623,12.4858,-61.4827,2018,2017-08-17,2018-08-17,25.314999999999998,0.0,11.5,0.0,0.0,3.6,0.4518867924528302,1.25,0,False
3623,12.4858,-61.4827,2019,2018-06-19,2019-06-19,22.5,0.01,11.0,0.0,0.0,0.0,0.2907547169811321,0.84,0,False
3624,12.4878,-61.4906,2017,2016-06-22,2017-06-22,16.560000000000002,3.25,11.3,0.0,0.0,1.62,0.7801886792452832,1.22,0,False
3624,12.4878,-61.4906,2017,2016-08-23,2017-08-23,12.81,8.75,4.0,0.0,0.0,1.62,0.7992452830188679,1.22,0,False
3624,12.4878,-61.4906,2017,2016-09-21,2017-09-21,22.189999999999998,16.25,11.2,3.26,3.26,3.26,0.8266037735849057,1.25,0,False
3624,12.4878,-61.4906,2017,2016-10-25,2017-10-25,22.189999999999998,7.25,10.5,3.6,3.6,3.6,0.7973584905660378,1.25,0,False
3624,12.4878,-61.4906,2018,2017-05-23,2018-05-23,21.25,0.5,10.5,0.0,0.0,3.6,0.6066037735849056,1.25,0,False
3624,12.4878,-61.4906,2018,2017-05-24,2018-05-24,20.0,6.5,4.0,0.0,0.0,3.6,0.6066037735849056,1.25,0,False
3624,12.4878,-61.4906,2018,2017-08-17,2018-08-17,23.75,0.0,10.5,0.0,0.0,3.6,0.4518867924528302,1.25,0,False
3624,12.4878,-61.4906,2019,2018-06-14,2019-06-14,14.684999999999999,0.0,10.5,0.0,0.0,0.0,0.2839622641509434,0.84,0,False
3625,12.4953,-61.4658,2017,2016-08-21,2017-08-21,20.62,4.5,9.0,0.0,0.0,1.62,0.7992452830188679,1.22,0,False
3625,12.4953,-61.4658,2018,2017-07-13,2018-07-13,23.13,0.25,10.0,0.0,0.0,3.6,0.5260377358490566,1.25,0,False
3625,12.4953,-61.4658,2018,2017-07-17,2018-07-17,13.129999999999999,0.0,3.0,0.0,0.0,3.6,0.5081132075471697,1.25,0,False
3643,18.0383,-73.9095,2013,2012-07-21,2013-07-21,14.375,0.0,20.0,0.0,0.0,1.02,0.4030188679245284,1.06,0,False
3644,18.1452,-73.9779,2014,2013-08-27,2014-08-27,29.06,0.0,12.8,0.0,0.0,0.46,0.4075471698113207,0.97,0,False
3645,18.2873,-74.3433,2014,2013-08-25,2014-08-25,31.5625,0.0,3.0,0.0,0.0,0.32,0.4866037735849057,1.01,0,False
3646,18.2081,-73.5038,2014,2013-05-11,2014-05-11,30.0,0.0,8.0,0.0,0.0,3.2,0.5967924528301887,1.26,0,True
3647,18.2258,-72.0667,2014,2013-10-13,2014-10-13,9.375,0.0,16.6,0.0,0.0,0.44,0.34660377358490574,1.07,0,True
3648,18.237,-74.0912,2014,2013-08-26,2014-08-26,25.31,0.0,10.0,0.0,0.0,0.31,0.3862264150943396,0.94,0,False
3649,18.2459,-73.4826,2014,2013-05-10,2014-05-10,32.5,0.0,4.0,0.0,0.0,2.4,0.5788679245283019,1.24,0,True
3651,18.2811,-74.1814,2014,2013-08-25,2014-08-25,16.560000000000002,0.0,10.0,0.0,0.0,0.31,0.42886792452830175,0.94,0,False
3652,18.4143,-74.4795,2014,2013-08-28,2014-08-28,18.75,0.0,7.7,0.0,0.0,0.0,0.5467924528301887,1.2,0,False
3653,18.4306,-72.7897,2016,2015-01-31,2016-01-31,23.125,1.25,5.0,0.32,1.63,1.63,0.6113207547169811,1.34,0,False
3654,18.4333,-72.7234,2013,2012-08-20,2013-08-20,23.75,0.0,3.5,0.0,0.0,0.16,0.3696153846153845,0.92,0,False
3655,18.4416,-74.4737,2014,2013-08-28,2014-08-28,18.439999999999998,0.0,8.0,0.0,0.0,0.0,0.5467924528301887,1.2,0,False
3656,18.4457,-72.6957,2013,2012-08-16,2013-08-16,25.315,0.0,4.2,0.0,0.0,0.16,0.36188679245283023,0.9,0,False
3657,18.4568,-73.0713,2013,2012-08-21,2013-08-21,28.75,0.0,3.0,0.0,0.0,0.15,0.4566037735849057,0.93,0,False
3658,18.477,-73.2383,2013,2012-08-22,2013-08-22,33.75,0.0,3.5,0.0,0.0,0.15,0.4505660377358491,0.86,0,False
3659,18.5053,-73.3408,2016,2015-01-17,2016-01-17,34.69,11.25,10.0,0.46,2.49,2.49,0.6762264150943396,1.35,0,False
3660,18.5307,-73.534,2013,2012-08-23,2013-08-23,20.625,0.0,6.0,0.0,0.0,0.15,0.40113207547169816,0.88,0,False
3661,18.5631,-73.5748,2013,2012-08-22,2013-08-22,28.125,0.0,6.0,0.0,0.0,0.16,0.39943396226415095,0.87,0,False
3662,18.5999,-74.4281,2014,2013-08-29,2014-08-29,15.315,0.0,3.0,0.0,0.0,0.44,0.6147169811320754,1.14,0,False
3663,18.6559,-74.3077,2014,2013-08-30,2014-08-30,30.0,0.0,7.0,0.0,0.0,0.47,0.6543396226415096,1.07,0,False
3664,18.6618,-74.1434,2015,2014-02-27,2015-02-27,17.5,0.0,10.0,0.0,0.0,0.0,0.3837735849056604,1.08,0,False
3665,18.6655,-74.1477,2015,2014-02-26,2015-02-26,21.25,2.5,7.0,0.0,0.0,0.0,0.38924528301886785,1.08,0,False
3666,18.6678,-74.2646,2015,2014-02-28,2015-02-28,11.559999999999999,0.0,8.0,0.0,0.0,0.0,0.4156603773584906,1.0,0,False
3667,18.6697,-74.1634,2015,2014-02-26,2015-02-26,15.315,0.0,13.0,0.0,0.0,0.0,0.3967924528301887,1.09,0,False
3668,18.6707,-74.1752,2015,2014-02-26,2015-02-26,20.0,0.0,14.0,0.0,0.0,0.0,0.3967924528301887,1.09,0,False
3669,18.6736,-74.1831,2015,2014-02-27,2015-02-27,14.375,0.0,15.0,0.0,0.0,0.0,0.390377358490566,1.09,0,False
3670,18.6747,-74.2353,2015,2014-02-28,2015-02-28,18.75,0.0,16.0,0.0,0.0,0.0,0.4020754716981133,1.06,0,False
3671,18.6769,-74.1952,2015,2014-02-27,2015-02-27,18.75,0.0,13.0,0.0,0.0,0.0,0.390377358490566,1.09,0,False
3694,19.7112,-71.8447,2013,2012-05-07,2013-05-07,36.875,0.0,10.0,0.0,0.0,0.44,0.35692307692307695,1.29,0,False
3706,19.8995,-72.5918,2013,2012-05-08,2013-05-08,27.81,0.0,11.0,0.0,0.0,0.0,0.2930188679245283,1.3,0,False
3707,20.0054,-72.7496,2013,2012-05-08,2013-05-08,14.69,0.0,10.0,0.0,0.0,0.0,0.33094339622641505,1.3,0,False
3708,20.0569,-72.9678,2013,2012-05-09,2013-05-09,28.904999999999998,0.0,13.0,0.0,0.0,0.0,0.3143396226415095,1.14,0,False
3709,20.0921,-72.8106,2013,2012-05-09,2013-05-09,23.75,0.0,15.0,0.0,0.0,0.0,0.34660377358490574,1.24,0,False
3774,16.2995,-86.615,2016,2015-01-07,2016-01-07,17.085,0.0,12.5,0.6,0.75,0.75,0.5266037735849056,1.53,0,False
3784,16.3428,-86.5589,2016,2015-01-06,2016-01-06,15.0,0.0,10.0,0.61,0.75,0.75,0.5249056603773585,1.46,0,False
3787,16.3574,-86.5316,2016,2015-01-06,2016-01-06,15.0,0.0,13.3,0.9,1.05,1.05,0.5360377358490566,1.49,0,False
3793,16.5626,-86.9443,2015,2014-01-10,2015-01-10,25.0,0.0,11.0,0.0,0.95,0.95,0.5009433962264151,1.28,0,False
3870,-8.48,119.8359,2014,2013-04-25,2014-04-25,18.28,6.25,7.5,1.38,1.38,1.38,0.5124528301886793,1.59,0,False
3875,-8.3639,116.0348,2017,2016-11-16,2017-11-16,20.47,0.0,8.0,0.0,0.0,2.39,0.6345283018867923,1.5,0,False
3875,-8.3639,116.0348,2018,2017-03-24,2018-03-24,25.4725,0.0,8.0,0.0,0.15,1.73,0.4809433962264151,1.21,0,False
3875,-8.3639,116.0348,2018,2017-06-26,2018-06-26,20.625,0.0,8.0,1.83,1.83,1.83,0.5118867924528302,1.3,0,False
3877,-8.3579,116.0425,2013,2012-10-26,2013-10-26,19.685,0.0,5.0,0.0,0.32,2.74,0.6367924528301887,1.51,0,False
3877,-8.3579,116.0425,2016,2015-06-30,2016-06-29,4.845,56.25,6.0,13.41,13.41,13.41,0.5560377358490566,1.92,56,False
3877,-8.3579,116.0425,2017,2016-05-23,2017-05-23,4.166666666666667,17.5,6.5,1.73,1.73,13.41,0.9,1.86,7,False
3877,-8.3579,116.0425,2017,2016-06-27,2017-06-27,14.059999999999999,0.0,6.0,1.73,1.73,9.41,0.820188679245283,1.86,0,False
3877,-8.3579,116.0425,2017,2016-11-29,2017-11-29,7.345000000000001,0.0,6.0,0.15,0.15,2.39,0.6109433962264151,1.5,0,False
3877,-8.3579,116.0425,2019,2018-06-27,2019-06-27,7.97,0.0,5.5,2.53,2.53,2.53,0.5011320754716981,1.42,0,False
3877,-8.3579,116.0425,2019,2018-11-21,2019-11-21,12.9675,8.75,5.5,0.0,0.0,2.53,0.2586792452830189,1.42,0,False
3877,-8.3579,116.0425,2020,2019-03-18,2020-03-17,17.03,2.5,5.25,5.65,5.65,5.65,0.4820754716981132,1.97,7,False
3881,-8.3439,116.0262,2017,2016-03-17,2017-03-17,9.0625,11.25,5.5,0.72,2.4,12.95,1.0105660377358492,1.9,49,False
3885,-8.3378,115.6611,2017,2016-11-16,2017-11-16,35.935,0.0,6.0,0.15,0.15,1.75,0.5913207547169811,1.36,0,False
3885,-8.3378,115.6611,2018,2017-11-05,2018-11-05,24.372500000000002,0.0,6.0,0.0,0.0,2.08,0.3586792452830188,1.17,0,False
3886,-8.3376,116.0376,2015,2014-10-30,2015-10-30,21.565,10.0,6.5,0.0,0.0,1.27,0.11396226415094339,1.25,0,False
3886,-8.3376,116.0376,2015,2014-11-17,2015-11-17,20.1575,4.375,6.0,0.0,0.0,1.27,0.0909433962264151,1.25,0,False
3886,-8.3376,116.0376,2016,2015-04-19,2016-04-18,22.3425,95.0,6.0,5.69,5.69,5.69,0.36660377358490565,1.61,21,False
3886,-8.3376,116.0376,2016,2015-06-28,2016-06-27,23.4375,66.25,6.0,12.95,12.95,12.95,0.550377358490566,1.9,49,False
3886,-8.3376,116.0376,2016,2015-10-14,2016-10-13,25.155,10.0,6.0,0.0,6.640000000000001,12.95,0.9673584905660378,1.9,49,False
3886,-8.3376,116.0376,2016,2015-11-13,2016-11-12,20.3125,20.0,6.0,0.0,1.12,12.95,1.0556603773584907,1.9,49,False
3886,-8.3376,116.0376,2017,2016-03-11,2017-03-11,20.625,6.75,6.0,1.91,2.4,12.95,1.011698113207547,1.9,49,False
3886,-8.3376,116.0376,2017,2016-05-20,2017-05-20,25.3125,5.0,6.0,1.46,1.46,12.95,0.919245283018868,1.9,7,False
3886,-8.3376,116.0376,2017,2016-06-24,2017-06-24,15.934999999999999,0.0,6.0,1.46,1.46,10.12,0.8230188679245282,1.82,0,False
3886,-8.3376,116.0376,2017,2016-11-11,2017-11-11,30.005000000000003,0.0,6.0,0.0,0.0,2.4,0.6224528301886794,1.53,0,False
3886,-8.3376,116.0376,2018,2017-02-06,2018-02-06,24.9975,0.0,6.0,0.15,0.15,1.91,0.539433962264151,1.53,0,False
3886,-8.3376,116.0376,2018,2017-03-17,2018-03-17,23.44,0.625,6.0,0.0,0.15,1.46,0.47905660377358483,1.28,0,False
3886,-8.3376,116.0376,2018,2017-04-24,2018-04-24,23.28,10.0,6.0,1.85,1.85,1.85,0.5083018867924528,1.28,0,False
3886,-8.3376,116.0376,2018,2017-09-14,2018-09-14,18.9075,12.5,6.0,0.0,1.99,1.99,0.43320754716981136,1.28,0,False
3886,-8.3376,116.0376,2019,2018-02-15,2019-02-15,23.7525,5.0,6.0,0.0,0.0,1.99,0.4339622641509434,1.28,0,False
3886,-8.3376,116.0376,2019,2018-06-22,2019-06-22,28.4375,0.0,6.0,2.73,2.73,2.73,0.5037735849056604,1.48,0,False
3886,-8.3376,116.0376,2019,2018-09-07,2019-09-07,29.375,0.0,6.0,0.0,2.73,2.73,0.3552830188679245,1.48,0,False
3886,-8.3376,116.0376,2019,2018-10-05,2019-10-05,17.655,0.0,6.0,0.0,1.03,2.73,0.28716981132075475,1.48,0,False
3886,-8.3376,116.0376,2019,2018-11-16,2019-11-16,26.405,0.0,6.0,0.0,0.0,2.73,0.2537735849056604,1.48,0,False
3886,-8.3376,116.0376,2020,2019-02-08,2020-02-08,26.72,17.5,6.0,5.78,5.78,5.78,0.4752830188679245,2.04,14,False
3886,-8.3376,116.0376,2020,2019-03-15,2020-03-14,29.064999999999998,7.5,6.0,5.78,5.78,5.78,0.478679245283019,2.04,14,False
3888,-8.3339,115.6547,2017,2016-11-16,2017-11-16,20.31,0.0,7.0,0.15,0.15,1.75,0.5913207547169811,1.36,0,False
3891,-8.2839,115.6033,2017,2016-05-17,2017-05-17,17.189999999999998,0.0,6.0,1.6,1.6,13.24,0.8713207547169811,1.86,7,False
3891,-8.2839,115.6033,2018,2017-07-27,2018-07-27,16.25,0.0,5.5,1.5,1.82,1.82,0.4041509433962264,1.25,0,False
3892,-8.2811,115.6008,2017,2016-05-17,2017-05-17,24.369999999999997,0.0,6.0,1.6,1.6,13.24,0.8713207547169811,1.86,7,False
3893,-8.2794,115.5992,2017,2016-05-17,2017-05-17,11.879999999999999,0.0,6.0,1.31,1.31,12.83,0.8624528301886794,1.85,7,False
3893,-8.2794,115.5992,2018,2017-07-27,2018-07-27,11.87,0.25,6.0,1.48,1.8,1.8,0.39566037735849063,1.26,0,False
3894,-8.2789,115.5983,2017,2016-05-17,2017-05-17,20.0,0.0,5.0,1.31,1.31,12.83,0.8624528301886794,1.85,7,False
3894,-8.2789,115.5983,2018,2017-07-27,2018-07-27,26.875,0.0,2.6,1.48,1.8,1.8,0.39566037735849063,1.26,0,False
3895,-8.2769,115.5944,2017,2016-05-17,2017-05-17,9.69,0.0,4.0,1.31,1.31,12.83,0.8624528301886794,1.85,7,False
3895,-8.2769,115.5944,2018,2017-07-27,2018-07-27,3.75,0.5,6.0,1.48,1.8,1.8,0.39566037735849063,1.26,0,False
3897,-8.2761,115.5936,2017,2016-05-17,2017-05-17,8.125,0.0,5.0,1.31,1.31,12.83,0.8624528301886794,1.85,7,False
3897,-8.2761,115.5936,2018,2017-07-27,2018-07-27,12.81,0.25,7.0,1.48,1.8,1.8,0.39566037735849063,1.26,0,False
3898,-8.2728,115.5919,2014,2013-11-20,2014-11-20,10.625,0.0,5.0,0.0,0.0,0.47,0.25943396226415094,1.22,0,False
3898,-8.2728,115.5919,2017,2016-05-17,2017-05-17,20.0,0.25,5.0,1.31,1.31,12.83,0.8624528301886794,1.85,7,False
3898,-8.2728,115.5919,2018,2017-07-27,2018-07-27,11.875,0.0,7.0,1.48,1.8,1.8,0.39566037735849063,1.26,0,False
3900,-8.2592,115.5839,2017,2016-11-06,2017-11-06,18.119999999999997,0.0,3.5,0.0,0.0,1.31,0.5564150943396226,1.18,0,False
3900,-8.2592,115.5839,2018,2017-10-19,2018-10-19,16.25,0.0,4.0,0.0,0.0,1.8,0.33452830188679245,1.26,0,False
3903,-8.1375,115.3942,2015,2014-10-24,2015-10-24,36.875,0.0,6.0,0.0,0.0,1.3,0.08924528301886793,1.48,0,False
3903,-8.1375,115.3942,2016,2015-10-27,2016-10-26,18.28,0.0,9.0,0.0,3.71,9.44,0.9764150943396226,1.87,28,False
3903,-8.1375,115.3942,2017,2016-12-15,2017-12-15,13.4375,0.0,5.5,0.0,0.0,0.88,0.5107547169811322,1.14,0,False
3903,-8.1375,115.3942,2018,2017-11-29,2018-11-29,14.22,0.0,8.0,0.0,0.0,0.78,0.26358490566037734,1.13,0,False
3904,-8.1247,115.3533,2016,2015-10-27,2016-10-26,13.44,0.0,6.0,0.0,3.71,9.44,0.9764150943396226,1.87,28,False
3905,-8.1089,115.3169,2015,2014-10-24,2015-10-24,11.56,0.0,3.5,0.0,0.0,1.28,0.08981132075471698,1.47,0,False
3905,-8.1089,115.3169,2016,2015-10-26,2016-10-25,18.125,0.0,4.0,0.0,3.82,9.07,0.9733962264150944,1.87,28,False
3905,-8.1089,115.3169,2017,2016-11-05,2017-11-05,25.6275,0.0,6.5,0.0,0.0,0.92,0.5375000000000001,1.16,0,False
3905,-8.1089,115.3169,2018,2017-11-29,2018-11-29,21.5625,0.0,5.75,0.0,0.0,0.8,0.26075471698113206,1.17,0,False
3908,-8.0942,115.2733,2016,2015-10-27,2016-10-26,6.875,0.0,5.0,0.0,3.79,8.72,0.9760377358490567,1.89,21,False
3908,-8.0942,115.2733,2017,2016-12-15,2017-12-15,4.375,0.0,8.0,0.0,0.0,0.97,0.5305660377358491,1.18,0,False
3908,-8.0942,115.2733,2018,2017-11-29,2018-11-29,5.3100000000000005,0.0,9.5,0.0,0.0,0.85,0.2786792452830189,1.25,0,False
4082,-4.5297,129.9536,2016,2015-02-09,2016-02-09,26.875,1.185,7.5,2.65,2.65,2.65,0.06433962264150944,1.65,0,False
4082,-4.5297,129.9536,2017,2016-11-30,2017-11-30,24.375,0.0,7.5,0.32,0.32,6.25,0.6905660377358491,1.43,14,False
4082,-4.5297,129.9536,2018,2017-12-01,2018-12-01,25.0,0.0,8.0,0.3,0.3,0.76,0.6303773584905661,1.18,0,False
4083,-4.5053,129.8794,2015,2014-05-03,2015-05-03,38.125,3.25,7.5,0.0,0.0,0.0,0.1858490566037736,1.06,0,False
4083,-4.5053,129.8794,2016,2015-03-13,2016-03-12,31.875,9.25,7.0,2.66,2.66,2.66,0.12452830188679245,1.55,0,False
4083,-4.5053,129.8794,2017,2016-11-29,2017-11-29,32.6575,1.5,7.5,0.31,0.31,6.55,0.6775471698113208,1.48,14,False
4083,-4.5053,129.8794,2018,2017-05-09,2018-05-09,35.625,3.0,7.5,0.0,0.46,0.77,0.6416981132075472,1.16,0,False
4083,-4.5053,129.8794,2018,2017-09-21,2018-09-21,37.19,0.0,5.5,0.0,0.0,0.77,0.6488679245283018,1.2,0,False
4083,-4.5053,129.8794,2018,2017-09-23,2018-09-23,31.565,0.0,10.0,0.0,0.0,0.77,0.6488679245283018,1.2,0,False
4083,-4.5053,129.8794,2019,2018-04-07,2019-04-07,35.625,0.5,8.0,0.0,0.15,0.15,0.5333962264150943,1.2,0,False
4083,-4.5053,129.8794,2019,2018-09-22,2019-09-22,39.9975,0.0,7.5,0.0,0.3,0.3,0.2649056603773584,1.2,0,False
4084,-4.4872,129.9303,2016,2015-02-09,2016-02-09,18.44,1.25,8.0,2.6,2.6,2.6,0.06188679245283019,1.6,0,False
4084,-4.4872,129.9303,2017,2016-12-01,2017-12-01,14.69,0.0,8.0,0.62,0.62,6.16,0.6894339622641509,1.46,14,False
4084,-4.4872,129.9303,2019,2018-11-02,2019-11-02,14.217500000000001,0.0,7.5,0.0,0.0,0.3,0.17377358490566036,1.17,0,False
4199,-8.7158,115.4583,2016,2015-10-06,2016-10-05,15.0,0.75,5.0,0.31,5.39,13.11,1.2945283018867921,2.35,77,True
4200,-8.6858,115.4622,2016,2015-10-07,2016-10-06,11.25,2.25,5.0,0.14,8.75,16.04,1.2124528301886794,2.17,91,False
4200,-8.6858,115.4622,2017,2016-04-17,2017-04-17,9.06,5.5,5.0,0.0,3.79,16.04,1.1767924528301887,2.17,35,False
4200,-8.6858,115.4622,2017,2016-04-25,2017-04-25,18.435000000000002,1.75,5.0,0.0,3.79,16.04,1.171320754716981,2.17,28,False
4201,-8.6758,115.4428,2017,2016-04-16,2017-04-16,11.25,3.75,5.0,0.0,3.78,14.48,1.204423076923077,2.19,35,False
4202,-8.675,115.4411,2017,2016-04-18,2017-04-18,20.935,3.75,5.0,0.0,3.78,14.48,1.1903773584905661,2.19,35,False
4203,-8.5095,119.7024,2014,2013-04-25,2014-04-25,27.19,2.5,7.5,1.42,1.42,1.42,0.5058490566037736,1.6,0,False
4204,-8.5094,116.8572,2014,2013-03-04,2014-03-04,12.5,3.75,6.0,0.0,0.0,1.82,0.41792452830188676,1.5,0,False
4205,-8.4955,116.8812,2014,2013-03-04,2014-03-04,12.5,10.0,6.0,0.0,0.0,1.82,0.42396226415094346,1.55,0,False
4206,-8.4931,116.8679,2014,2013-03-04,2014-03-04,11.56,10.0,6.0,0.0,0.0,1.82,0.42396226415094346,1.55,0,False
4210,-8.411,119.8627,2014,2013-05-08,2014-05-08,7.655,0.0,7.5,2.49,2.49,2.49,0.4977358490566036,1.54,0,False
4211,-8.3915,119.7989,2014,2013-04-25,2014-04-25,10.625,5.875,7.5,1.45,1.45,1.45,0.46301886792452834,1.61,0,False
4212,-8.3628,116.0298,2013,2012-08-02,2013-08-02,34.375,0.0,12.0,0.47,0.77,2.74,0.5437735849056604,1.51,0,False
4212,-8.3628,116.0298,2013,2012-11-06,2013-11-06,34.06,0.0,12.0,0.0,0.0,2.74,0.6333962264150943,1.51,0,False
4213,-8.3624,116.0314,2015,2014-02-11,2015-02-11,19.99833333333333,13.333333333333334,7.333333333333333,0.0,0.0,1.61,0.34773584905660376,1.35,0,False
4213,-8.3624,116.0314,2015,2014-11-19,2015-11-19,20.3125,0.0,8.0,0.0,0.0,1.42,0.09867924528301887,1.25,0,False
4213,-8.3624,116.0314,2016,2015-04-21,2016-04-20,16.872500000000002,77.5,8.0,5.8100000000000005,5.8100000000000005,5.8100000000000005,0.370188679245283,1.54,21,False
4214,-8.3619,116.0536,2013,2012-09-02,2013-09-02,11.4075,2.5,9.0,0.31,0.76,2.93,0.6250943396226416,1.53,0,False
4215,-8.3556,116.0515,2015,2014-02-12,2015-02-12,11.25,5.0,6.0,0.15,0.15,1.61,0.34301886792452835,1.35,0,False
4215,-8.3556,116.0515,2017,2016-05-20,2017-05-20,9.219999999999999,6.25,6.0,1.75,1.75,13.07,0.9226415094339623,1.91,14,False
4215,-8.3556,116.0515,2020,2019-03-18,2020-03-17,7.5,7.5,9.7,5.48,5.48,5.48,0.46698113207547176,1.93,7,False
4216,-8.3487,116.0858,2014,2013-10-30,2014-10-30,9.375,10.0,6.0,0.0,0.14,1.76,0.3288679245283018,1.52,0,False
4216,-8.3487,116.0858,2015,2014-02-10,2015-02-10,9.685,15.0,4.0,0.31,0.31,1.76,0.33415094339622636,1.38,0,False
4216,-8.3487,116.0858,2015,2014-04-22,2015-04-22,12.81,11.25,4.0,0.94,0.94,1.76,0.35452830188679246,1.3,0,False
4216,-8.3487,116.0858,2015,2014-11-18,2015-11-18,8.905,6.875,5.5,0.0,0.0,1.25,0.07830188679245283,1.23,0,False
4216,-8.3487,116.0858,2016,2015-04-20,2016-04-19,8.75,40.0,7.5,5.69,5.69,5.69,0.35603773584905657,1.61,21,False
4216,-8.3487,116.0858,2017,2016-03-15,2017-03-15,9.065,0.0,5.0,0.88,2.83,13.08,1.0060377358490566,1.91,49,False
4216,-8.3487,116.0858,2017,2016-05-24,2017-05-24,8.594999999999999,4.0,5.5,1.63,1.63,13.08,0.8820754716981131,1.83,0,False
4216,-8.3487,116.0858,2017,2016-06-28,2017-06-28,12.97,0.0,5.75,1.63,1.63,9.07,0.802264150943396,1.83,0,False
4216,-8.3487,116.0858,2019,2018-03-16,2019-03-16,11.0925,2.0,5.75,0.0,0.0,2.13,0.48660377358490564,1.5,0,False
4216,-8.3487,116.0858,2019,2018-06-25,2019-06-25,11.875,0.0,5.75,2.42,2.42,2.42,0.4830188679245284,1.5,0,False
4216,-8.3487,116.0858,2019,2018-09-12,2019-09-12,8.434999999999999,0.0,5.75,0.0,2.42,2.42,0.31905660377358486,1.5,0,False
4216,-8.3487,116.0858,2019,2018-11-19,2019-11-19,11.094999999999999,0.0,5.75,0.0,0.0,2.42,0.2411320754716981,1.5,0,False
4216,-8.3487,116.0858,2020,2019-02-12,2020-02-12,7.6575,35.0,5.75,5.75,5.75,5.75,0.4628301886792453,1.98,14,False
4217,-8.3452,116.0674,2014,2013-10-27,2014-10-27,10.625,20.0,12.2,0.0,0.14,1.76,0.3381132075471698,1.52,0,False
4217,-8.3452,116.0674,2015,2014-04-21,2015-04-21,11.875,10.0,13.0,0.94,0.94,1.76,0.35452830188679246,1.3,0,False
4218,-8.3448,116.0247,2015,2014-02-07,2015-02-07,8.13,10.0,7.0,0.15,0.15,1.46,0.3394339622641509,1.38,0,False
4218,-8.3448,116.0247,2015,2014-04-20,2015-04-20,6.56,0.0,7.0,0.95,0.95,1.46,0.360377358490566,1.27,0,False
4218,-8.3448,116.0247,2016,2015-10-09,2016-10-08,9.53,5.625,6.5,0.0,6.640000000000001,12.95,0.9673584905660378,1.9,49,False
4219,-8.3411,116.0273,2013,2012-07-14,2013-07-14,19.375,2.25,12.0,0.9,0.9,2.93,0.4766037735849057,1.52,0,False
4220,-8.3408,116.0426,2015,2014-06-06,2015-06-06,10.782499999999999,0.0,6.25,1.27,1.27,1.46,0.2852830188679245,1.25,0,False
4221,-8.3373,116.0365,2013,2012-06-29,2013-06-29,21.25,1.25,8.0,0.9,0.9,2.93,0.4226415094339623,1.52,0,False
4221,-8.3373,116.0365,2014,2013-10-28,2014-10-28,22.185,15.0,7.0,0.0,0.0,1.46,0.3469811320754717,1.54,0,False
4221,-8.3373,116.0365,2015,2014-02-09,2015-02-09,23.75,1.5,6.0,0.15,0.15,1.46,0.3394339622641509,1.38,0,False
4222,-8.3348,115.6532,2016,2015-05-29,2016-05-28,11.25,35.0,5.5,13.99,13.99,13.99,0.4796226415094339,1.86,63,False
4223,-8.3042,116.1368,2014,2013-10-29,2014-10-29,12.5,10.0,8.0,0.0,0.14,1.77,0.3266037735849057,1.5,0,False
4225,-8.2511,115.6998,2016,2015-05-28,2016-05-27,7.5,50.0,10.0,11.95,11.95,11.95,0.4454716981132077,1.83,56,False
4226,-8.1391,115.3964,2016,2015-05-27,2016-05-26,7.8149999999999995,17.25,10.0,8.26,8.26,8.26,0.4249056603773585,1.87,28,False
4302,-4.5972,129.6681,2016,2015-05-01,2016-04-30,30.3125,5.25,7.5,1.75,2.88,2.88,0.19754716981132076,1.46,0,False
4302,-4.5972,129.6681,2018,2017-10-31,2018-10-31,26.0925,0.0,7.5,0.0,0.0,0.93,0.6064150943396227,1.19,0,False
4302,-4.5972,129.6681,2019,2018-04-12,2019-04-12,28.28,0.0,8.0,0.34,0.45,0.45,0.5494339622641509,1.38,0,False
4303,-4.5781,130.0358,2016,2015-02-19,2016-02-19,6.25,0.0,7.0,2.91,2.91,2.91,0.0769811320754717,1.68,0,False
4303,-4.5781,130.0358,2018,2017-11-24,2018-11-24,13.747499999999999,1.125,7.5,0.31,0.31,1.37,0.6328301886792452,1.25,0,False
4303,-4.5781,130.0358,2019,2018-05-18,2019-05-18,14.375,0.0,7.5,0.31,0.31,0.46,0.5684905660377357,1.26,0,False
4304,-4.5303,129.9525,2015,2014-03-09,2015-03-09,23.44,0.0,10.0,0.15,0.15,0.16,0.20981132075471698,1.23,0,False
4304,-4.5303,129.9525,2018,2017-03-11,2018-03-11,27.3425,0.0,7.5,0.44,0.76,1.2,0.6562264150943397,1.21,0,False
4304,-4.5303,129.9525,2019,2018-10-27,2019-10-27,21.875,0.0,7.5,0.0,0.0,0.3,0.20528301886792447,1.14,0,False
4305,-4.525,129.7853,2015,2014-03-18,2015-03-18,12.345,0.0,7.0,0.15,0.3,0.3,0.18415094339622642,1.24,0,False
4305,-4.525,129.7853,2016,2015-03-27,2016-03-26,19.375,14.875,7.5,2.34,2.49,2.49,0.1547169811320755,1.47,0,False
4305,-4.525,129.7853,2019,2018-03-16,2019-03-16,21.565,0.0,8.0,0.0,0.29,0.29,0.5232075471698113,1.22,0,False
4305,-4.525,129.7853,2019,2018-12-01,2019-12-01,18.28,0.0,7.5,0.0,0.0,0.33,0.10981132075471697,1.33,0,False
4306,-4.5131,129.9447,2015,2014-03-09,2015-03-09,36.56,0.0,10.0,0.14,0.14,0.16,0.2018867924528302,1.23,0,False
4306,-4.5131,129.9447,2019,2018-04-05,2019-04-05,28.75,0.0,8.0,0.0,0.29,0.29,0.5401886792452829,1.18,0,False
4306,-4.5131,129.9447,2019,2018-10-27,2019-10-27,25.78,0.0,7.5,0.0,0.0,0.29,0.19283018867924526,1.15,0,False
4307,-4.5125,129.9083,2015,2014-03-09,2015-03-09,19.06,1.0,10.0,0.14,0.14,0.16,0.2018867924528302,1.23,0,False
4308,-4.5125,129.9383,2017,2016-04-22,2017-04-22,23.7475,0.0,7.0,0.0,6.47,6.47,0.9171698113207547,1.95,14,False
4309,-4.5106,129.9464,2016,2015-03-20,2016-03-19,30.7825,13.625,7.5,2.59,2.59,2.59,0.14132075471698116,1.6,0,False
4309,-4.5106,129.9464,2016,2015-09-21,2016-09-20,31.095,0.0,7.5,0.0,1.54,2.59,0.6564150943396226,1.95,0,False
4309,-4.5106,129.9464,2017,2016-04-07,2017-04-07,22.97,0.0,7.5,1.21,6.47,6.47,0.950188679245283,1.95,14,False
4309,-4.5106,129.9464,2018,2017-03-13,2018-03-13,28.9075,0.625,8.0,0.45,0.76,0.76,0.6469811320754717,1.18,0,False
4309,-4.5106,129.9464,2018,2017-11-29,2018-11-29,22.345,0.0,7.5,0.29,0.29,0.76,0.6228301886792452,1.18,0,False
4310,-4.4992,129.9375,2016,2015-10-19,2016-10-18,22.4975,0.0,7.5,0.0,1.1,2.6,0.8450943396226415,1.97,0,False
4310,-4.4992,129.9375,2019,2018-04-05,2019-04-05,25.4675,0.0,8.0,0.0,0.3,0.3,0.5469811320754717,1.17,0,False
4310,-4.4992,129.9375,2019,2018-11-24,2019-11-24,24.685,0.0,7.5,0.0,0.0,0.3,0.12849056603773587,1.16,0,False
4311,-4.4978,129.9383,2017,2016-04-08,2017-04-08,18.595,0.0,7.5,1.21,6.16,6.16,0.9596226415094341,1.97,14,False
4312,-4.4964,129.9339,2015,2014-10-17,2015-10-17,27.185,0.125,7.5,0.0,0.0,0.15,-0.026226415094339633,1.12,0,False
4312,-4.4964,129.9339,2016,2015-04-25,2016-04-24,27.5,0.0,7.5,1.59,2.6,2.6,0.1832075471698113,1.6,0,False
4312,-4.4964,129.9339,2018,2017-03-11,2018-03-11,23.125,0.0,7.5,0.44,1.07,1.21,0.6537735849056604,1.23,0,False
4312,-4.4964,129.9339,2018,2017-05-10,2018-05-10,28.75,0.0,8.0,0.0,0.44,1.07,0.6543396226415095,1.23,0,False
4312,-4.4964,129.9339,2018,2017-09-22,2018-09-22,32.6575,0.0,7.5,0.0,0.0,1.07,0.6624528301886793,1.23,0,False
4312,-4.4964,129.9339,2019,2018-04-07,2019-04-07,31.095,0.125,8.0,0.0,0.3,0.3,0.5469811320754717,1.17,0,False
4312,-4.4964,129.9339,2019,2018-09-29,2019-09-29,34.0625,0.0,7.5,0.0,0.0,0.3,0.2673584905660377,1.17,0,False
4340,0.1676,130.0157,2013,2012-06-02,2013-06-02,28.435,0.0,3.0,0.15,0.15,1.1,0.5337735849056604,1.38,0,False
4350,1.7375,125.1519,2013,2012-10-10,2013-10-10,6.095,0.47,9.0,0.0,0.0,0.0,0.43471698113207546,1.28,0,False
4350,1.7375,125.1519,2014,2013-10-30,2014-10-30,6.875,0.0,9.0,0.0,0.0,0.0,0.29207547169811315,1.04,0,False
4350,1.7375,125.1519,2015,2014-10-30,2015-10-30,6.5625,0.0,9.0,0.0,0.0,0.0,-0.024528301886792444,0.67,0,False
4350,1.7375,125.1519,2016,2015-10-15,2016-10-14,5.3100000000000005,4.5,9.0,0.0,0.14,0.14,0.32830188679245287,1.23,0,False
4350,1.7375,125.1519,2017,2016-11-02,2017-11-02,7.342499999999999,0.0,9.0,0.0,0.0,0.15,0.6841509433962263,1.2,0,False
4350,1.7375,125.1519,2018,2017-11-01,2018-11-01,7.812499999999999,0.0,9.0,0.0,0.0,0.0,0.5950943396226415,1.17,0,False
4350,1.7375,125.1519,2019,2018-10-08,2019-10-08,7.967499999999999,2.5,9.0,0.0,0.0,0.0,0.02962264150943395,0.53,0,False
4351,1.74,125.1439,2013,2012-10-10,2013-10-10,2.6574999999999998,1.75,9.0,0.0,0.0,0.0,0.39999999999999997,1.24,0,False
4351,1.74,125.1439,2014,2013-10-30,2014-10-30,5.78,0.0,9.0,0.0,0.0,0.0,0.2594339622641509,1.05,0,False
4351,1.74,125.1439,2015,2014-10-30,2015-10-30,8.4375,0.0,9.0,0.0,0.0,0.0,-0.05603773584905661,0.67,0,False
4351,1.74,125.1439,2016,2015-10-15,2016-10-14,5.154999999999999,0.0,9.0,0.0,0.15,0.15,0.2884905660377359,1.12,0,False
4351,1.74,125.1439,2017,2016-11-02,2017-11-02,3.2825,0.0,9.0,0.0,0.0,0.14,0.6483018867924528,1.17,0,False
4351,1.74,125.1439,2018,2017-11-01,2018-11-01,6.0925,0.0,9.0,0.0,0.0,0.0,0.5552830188679245,1.16,0,False
4351,1.74,125.1439,2019,2018-10-08,2019-10-08,6.8725000000000005,1.75,9.0,0.0,0.0,0.0,0.0011320754716981141,0.48,0,False
4353,1.7697,125.0467,2013,2012-10-09,2013-10-09,9.0625,2.0,9.0,0.15,0.15,0.15,0.38735849056603777,1.29,0,False
4353,1.7697,125.0467,2014,2013-10-29,2014-10-29,8.747499999999999,0.0,9.0,0.0,0.61,0.61,0.30037735849056596,1.17,0,False
4353,1.7697,125.0467,2015,2014-10-29,2015-10-29,12.1875,0.0,9.0,0.0,0.0,0.0,0.03283018867924528,0.72,0,False
4353,1.7697,125.0467,2016,2015-10-14,2016-10-13,6.0925,0.0,9.0,0.0,0.32,0.32,0.30471698113207546,1.05,0,False
4353,1.7697,125.0467,2017,2016-11-01,2017-11-01,7.812499999999999,1.0,9.0,0.16,0.16,0.16,0.6766037735849056,1.19,0,False
4353,1.7697,125.0467,2018,2017-10-31,2018-10-31,9.685,8.25,9.0,0.0,0.39,0.39,0.5926415094339622,1.25,0,False
4353,1.7697,125.0467,2019,2018-10-07,2019-10-07,9.842500000000001,4.125,9.0,0.0,0.0,0.0,0.0658490566037736,0.5700000000000001,0,False
4354,1.7747,125.0486,2013,2012-10-09,2013-10-09,17.8125,0.915,9.0,0.15,0.15,0.15,0.38735849056603777,1.29,0,False
4354,1.7747,125.0486,2014,2013-10-29,2014-10-29,21.7175,0.025,9.0,0.0,0.61,0.61,0.30037735849056596,1.17,0,False
4354,1.7747,125.0486,2015,2014-10-29,2015-10-29,19.060000000000002,0.0,9.0,0.0,0.0,0.0,0.03283018867924528,0.72,0,False
4354,1.7747,125.0486,2016,2015-10-14,2016-10-13,20.6225,6.875,9.0,0.0,0.32,0.32,0.30471698113207546,1.05,0,False
4354,1.7747,125.0486,2017,2016-11-01,2017-11-01,21.4075,0.0,9.0,0.16,0.16,0.16,0.6766037735849056,1.19,0,False
4354,1.7747,125.0486,2018,2017-10-31,2018-10-31,27.502499999999998,4.25,9.0,0.0,0.39,0.39,0.5926415094339622,1.25,0,False
4354,1.7747,125.0486,2019,2018-10-07,2019-10-07,28.1225,4.0,9.0,0.0,0.0,0.0,0.0658490566037736,0.5700000000000001,0,False
4355,1.7914,125.1206,2013,2012-10-08,2013-10-08,4.0600000000000005,12.129999999999999,9.0,0.15,0.15,0.15,0.42442307692307685,1.33,0,False
4355,1.7914,125.1206,2014,2013-10-28,2014-10-28,8.7475,0.0,9.0,0.0,0.45,0.45,0.32358490566037734,1.17,0,False
4355,1.7914,125.1206,2015,2014-10-28,2015-10-28,8.905,0.0,9.0,0.0,0.0,0.0,0.0449056603773585,0.7000000000000001,0,False
4355,1.7914,125.1206,2016,2015-10-13,2016-10-12,8.434999999999999,0.75,9.0,0.0,0.16,0.16,0.33433962264150946,1.17,0,False
4355,1.7914,125.1206,2017,2016-10-30,2017-10-30,6.56,7.25,6.0,0.0,0.0,0.15,0.6901886792452832,1.15,0,False
4355,1.7914,125.1206,2017,2016-10-31,2017-10-31,7.185,0.0,12.0,0.0,0.0,0.15,0.6901886792452832,1.15,0,False
4355,1.7914,125.1206,2018,2017-10-30,2018-10-30,10.625,0.0,9.0,0.0,0.15,0.15,0.5962264150943397,1.2,0,False
4355,1.7914,125.1206,2019,2018-10-06,2019-10-06,7.5,0.0,9.0,0.0,0.0,0.0,0.05320754716981134,0.54,0,False
4356,1.8458,125.0989,2015,2014-10-28,2015-10-28,3.2800000000000002,0.0,9.0,0.0,0.0,0.0,0.12528301886792453,0.74,0,False
4356,1.8458,125.0989,2016,2015-10-13,2016-10-12,4.6850000000000005,0.0,9.0,0.0,0.32,0.32,0.36754716981132085,1.19,0,False
4356,1.8458,125.0989,2017,2016-10-31,2017-10-31,5.155,0.0,9.0,0.47,0.47,0.47,0.7252830188679243,1.16,0,False
4356,1.8458,125.0989,2018,2017-10-30,2018-10-30,7.027500000000001,0.0,9.0,0.0,0.34,0.47,0.6420754716981131,1.25,0,False
4356,1.8458,125.0989,2019,2018-10-06,2019-10-06,3.4375,0.0,9.0,0.0,0.0,0.0,0.11018867924528301,0.63,0,False
4359,2.2617,118.2528,2014,2013-10-02,2014-10-02,21.72,0.0,8.5,0.0,3.2,3.2,0.5824528301886792,1.3,0,False
4359,2.2617,118.2528,2015,2014-11-18,2015-11-18,16.5625,0.0,7.5,0.0,0.0,0.9,0.3552830188679245,1.31,0,False
4360,2.2806,118.245,2013,2012-12-29,2013-12-29,8.4375,0.0,7.5,0.0,0.0,1.91,0.6064150943396225,1.58,0,False
4360,2.2806,118.245,2014,2013-10-01,2014-10-01,10.0025,0.0,7.5,0.0,3.16,3.16,0.5579245283018868,1.3,0,False
4360,2.2806,118.245,2015,2014-11-17,2015-11-17,13.592500000000001,0.0,7.5,0.0,0.0,0.9,0.35358490566037737,1.29,0,False
4372,-4.5114,129.8711,2016,2015-05-10,2016-05-09,23.905,2.875,7.5,1.95,2.66,2.66,0.21547169811320754,1.61,0,False
4372,-4.5114,129.8711,2018,2017-04-29,2018-04-29,12.809999999999999,1.625,8.0,0.0,0.77,0.77,0.6507547169811323,1.16,0,False
4372,-4.5114,129.8711,2019,2018-04-27,2019-04-27,14.375,0.0,8.0,0.3,0.3,0.3,0.5326415094339622,1.2,0,False
4373,25.8754,55.008,2016,2015-04-28,2016-04-27,27.81,,4.5,0.0,0.0,0.0,0.3124528301886793,1.76,0,False
4386,25.8688,55.0158,2016,2015-04-30,2016-04-29,29.685,0.0,4.0,0.0,0.0,0.0,0.3124528301886793,1.76,0,False
4387,25.8906,55.0188,2016,2015-04-29,2016-04-28,21.25,0.0,10.0,0.0,0.0,0.0,0.3124528301886793,1.76,0,False
4388,25.8931,55.0259,2016,2015-04-29,2016-04-28,32.5,0.0,7.0,0.0,0.0,0.0,0.3124528301886793,1.76,0,False
4389,25.8935,54.5277,2017,2016-03-03,2017-03-03,20.935,0.0,3.0,0.0,0.0,1.55,0.4283018867924528,1.59,0,False
4390,25.9005,54.5535,2017,2016-03-04,2017-03-04,28.435,0.0,4.0,0.0,0.0,0.75,0.4179245283018869,1.59,0,False
4391,25.9039,54.493,2017,2016-03-04,2017-03-04,32.5,0.0,3.0,0.0,0.0,1.1,0.4388679245283019,1.57,0,False
4392,26.2431,55.1565,2017,2016-02-12,2017-02-11,41.25,4.75,6.0,0.0,0.0,0.0,0.2766037735849056,1.28,0,False
4393,26.2656,55.2858,2017,2016-02-12,2017-02-11,13.44,0.0,5.0,0.0,0.3,0.46,0.3269811320754717,1.43,0,False
4394,26.2795,55.3005,2017,2016-02-11,2017-02-10,23.44,4.0,5.5,0.0,0.32,0.78,0.3241509433962264,1.44,0,False
4409,17.8323,-76.9222,2015,2014-08-25,2015-08-25,20.310000000000002,6.75,4.7,0.0,0.0,0.0,0.380754716981132,0.9,0,False
4409,17.8323,-76.9222,2016,2015-08-27,2016-08-26,20.0,0.0,5.6,0.0,0.0,0.92,0.6998113207547172,1.27,0,False
4409,17.8323,-76.9222,2017,2016-08-15,2017-08-15,22.19,2.5,4.0,0.0,0.0,0.15,0.6120754716981132,1.14,0,False
4410,17.9019,-76.8459,2013,2012-08-02,2013-08-02,13.120000000000001,1.25,8.0,0.0,0.0,0.61,0.32433962264150945,0.96,0,True
4410,17.9019,-76.8459,2015,2014-08-25,2015-08-25,24.375,1.5,8.6,0.0,0.0,0.0,0.36716981132075466,0.89,0,True
4410,17.9019,-76.8459,2017,2016-08-15,2017-08-15,15.315,0.0,5.6,0.0,0.0,0.0,0.610754716981132,1.19,0,True
4411,18.0999,-77.9861,2014,2013-07-01,2014-07-01,24.38,0.5,5.0,0.0,0.0,0.0,0.2983018867924528,0.77,0,False
4411,18.0999,-77.9861,2015,2014-05-14,2015-05-14,20.314999999999998,0.0,6.1,0.0,0.0,0.0,0.1730188679245283,0.94,0,False
4411,18.0999,-77.9861,2016,2015-10-28,2016-10-27,27.189999999999998,0.0,7.5,0.0,0.0,0.14,0.6435849056603773,1.08,0,False
4411,18.0999,-77.9861,2017,2016-12-20,2017-12-20,41.56,0.0,6.3,3.29,3.29,3.29,0.5560377358490567,1.24,0,False
4412,18.1365,-78.0382,2013,2012-07-25,2013-07-25,18.75,2.75,8.0,0.0,0.0,0.0,0.11358490566037738,0.8,0,False
4412,18.1365,-78.0382,2015,2014-05-13,2015-05-13,20.63,0.0,7.6,0.0,0.0,0.0,0.21150943396226415,0.97,0,False
4412,18.1365,-78.0382,2016,2015-10-27,2016-10-26,21.875,0.0,9.6,0.0,0.0,0.15,0.6415094339622642,1.07,0,False
4412,18.1365,-78.0382,2017,2016-12-19,2017-12-19,21.25,0.25,7.6,3.15,3.15,3.15,0.5662264150943396,1.27,0,False
4413,18.2095,-78.2596,2013,2012-09-11,2013-09-11,23.75,3.0,7.5,0.0,0.0,0.0,0.2626415094339623,0.78,0,True
4413,18.2095,-78.2596,2017,2016-06-29,2017-06-29,40.63,0.0,6.7,0.0,0.0,0.0,0.5054716981132076,1.07,0,True
4415,18.2618,-78.3663,2013,2012-09-12,2013-09-12,19.685000000000002,0.0,8.0,0.0,0.0,0.0,0.24528301886792453,0.77,0,False
4415,18.2618,-78.3663,2014,2013-07-10,2014-07-10,24.685000000000002,1.0,8.5,0.0,0.0,0.0,0.43377358490566037,1.2,0,False
4415,18.2618,-78.3663,2015,2014-06-24,2015-06-24,28.435,0.0,8.6,0.0,0.0,0.0,0.31999999999999995,0.76,0,False
4415,18.2618,-78.3663,2016,2015-08-12,2016-08-11,31.560000000000002,0.0,8.8,0.0,0.0,0.14,0.5671698113207548,1.17,0,False
4415,18.2618,-78.3663,2017,2016-06-27,2017-06-27,26.25,0.0,7.7,0.0,0.0,0.15,0.42811320754716975,0.94,0,False
4418,18.3422,-78.3556,2013,2012-09-12,2013-09-12,24.375,0.0,8.0,0.0,0.0,0.0,0.239622641509434,0.75,0,False
4418,18.3422,-78.3556,2014,2013-07-10,2014-07-10,32.5,0.75,8.4,0.0,0.0,0.0,0.43264150943396223,1.22,0,False
4418,18.3422,-78.3556,2015,2014-06-23,2015-06-23,30.0,0.0,8.3,0.0,0.0,0.0,0.3126415094339623,0.77,0,False
4418,18.3422,-78.3556,2016,2015-08-11,2016-08-10,33.75,0.0,8.2,0.0,0.0,0.0,0.5654716981132074,1.16,0,False
4418,18.3422,-78.3556,2017,2016-06-27,2017-06-27,29.064999999999998,0.0,8.9,0.0,0.0,0.0,0.4145283018867924,0.92,0,False
4423,18.3609,-78.3433,2014,2013-07-10,2014-07-10,28.130000000000003,0.5,7.8,0.0,0.0,0.0,0.4156603773584907,1.2,0,False
4423,18.3609,-78.3433,2015,2014-06-23,2015-06-23,28.439999999999998,10.0,8.3,0.0,0.0,0.0,0.2888679245283019,0.75,0,False
4423,18.3609,-78.3433,2016,2015-08-11,2016-08-10,29.369999999999997,0.0,7.4,0.0,0.0,0.29,0.5533962264150943,1.18,0,False
4423,18.3609,-78.3433,2017,2016-06-27,2017-06-27,25.0,0.0,5.4,0.0,0.0,0.0,0.38547169811320753,0.88,0,False
4424,18.4094,-77.0897,2017,2016-08-10,2017-08-10,33.75,0.0,10.0,0.0,0.0,0.0,0.2215094339622642,0.79,0,False
4425,18.4098,-76.9788,2015,2014-07-03,2015-07-03,34.375,0.0,11.2,0.0,0.0,0.0,0.1792452830188679,0.68,0,False
4425,18.4098,-76.9788,2016,2015-06-16,2016-06-15,24.69,0.0,9.4,0.0,0.0,0.64,0.480377358490566,1.3,0,False
4425,18.4098,-76.9788,2017,2016-07-13,2017-07-13,21.25,0.0,8.4,0.0,0.0,0.14,0.2583018867924528,0.93,0,False
4426,18.4108,-76.9485,2013,2012-06-06,2013-06-06,24.689999999999998,0.0,4.0,0.0,0.0,0.0,0.16396226415094337,0.65,0,False
4426,18.4108,-76.9485,2014,2013-05-21,2014-05-21,31.565,0.0,5.0,0.0,0.0,0.0,0.4856603773584906,1.05,0,False
4426,18.4108,-76.9485,2015,2014-07-01,2015-07-01,49.370000000000005,0.0,7.3,0.0,0.0,0.0,0.2086792452830189,0.73,0,False
4426,18.4108,-76.9485,2016,2015-06-16,2016-06-15,43.125,0.0,9.1,0.0,0.0,0.8,0.5126415094339623,1.3,0,False
4426,18.4108,-76.9485,2017,2016-07-12,2017-07-12,31.875,0.0,8.4,0.0,0.0,0.29,0.27264150943396226,0.99,0,False
4427,18.4119,-76.9917,2014,2013-05-20,2014-05-20,22.19,0.5,7.0,0.0,0.0,0.0,0.4609433962264151,1.04,0,False
4427,18.4119,-76.9917,2015,2014-07-02,2015-07-02,32.5,0.0,10.5,0.0,0.0,0.0,0.18150943396226418,0.68,0,False
4427,18.4119,-76.9917,2016,2015-06-16,2016-06-15,22.5,0.0,7.0,0.0,0.0,0.64,0.480377358490566,1.3,0,False
4427,18.4119,-76.9917,2017,2016-07-13,2017-07-13,25.94,0.0,8.4,0.0,0.0,0.14,0.2583018867924528,0.93,0,False
4428,18.4124,-76.9454,2014,2013-05-21,2014-05-21,20.63,0.0,6.0,0.0,0.0,0.0,0.4856603773584906,1.05,0,False
4428,18.4124,-76.9454,2015,2014-07-02,2015-07-02,26.25,0.0,6.2,0.0,0.0,0.0,0.2086792452830189,0.73,0,False
4428,18.4124,-76.9454,2016,2015-06-15,2016-06-14,32.185,0.0,9.3,0.0,0.0,0.8,0.5126415094339623,1.3,0,False
4428,18.4124,-76.9454,2017,2016-07-12,2017-07-12,36.25,0.0,8.3,0.0,0.0,0.29,0.27264150943396226,0.99,0,False
4429,18.4131,-76.944,2014,2013-05-21,2014-05-21,26.564999999999998,0.5,6.0,0.0,0.0,0.0,0.4856603773584906,1.05,0,False
4429,18.4131,-76.944,2015,2014-07-01,2015-07-01,36.565,0.0,12.7,0.0,0.0,0.0,0.2086792452830189,0.73,0,False
4429,18.4131,-76.944,2016,2015-06-15,2016-06-14,35.0,0.0,7.5,0.0,0.0,0.8,0.5126415094339623,1.3,0,False
4429,18.4131,-76.944,2017,2016-07-12,2017-07-12,29.065,0.0,8.6,0.0,0.0,0.29,0.27264150943396226,0.99,0,False
4430,18.4151,-77.1241,2013,2012-09-05,2013-09-05,17.815,18.75,5.5,0.0,0.0,0.0,0.09792452830188676,0.71,0,False
4430,18.4151,-77.1241,2015,2014-08-13,2015-08-13,15.625,0.0,8.0,0.0,0.0,0.0,0.10339622641509433,0.56,0,False
4430,18.4151,-77.1241,2017,2016-08-11,2017-08-11,22.5,0.0,7.3,0.0,0.0,0.0,0.21320754716981136,0.74,0,False
4431,18.4166,-77.079,2013,2012-09-06,2013-09-06,15.315,0.0,4.0,0.0,0.0,0.0,0.11301886792452831,0.6900000000000001,0,False
4431,18.4166,-77.079,2014,2013-07-28,2014-07-28,18.75,2.5,4.4,0.0,0.0,0.0,0.3862264150943396,1.01,0,False
4431,18.4166,-77.079,2015,2014-08-13,2015-08-13,19.689999999999998,3.5,4.6,0.0,0.0,0.0,0.11867924528301889,0.6,0,False
4431,18.4166,-77.079,2016,2015-08-25,2016-08-24,19.380000000000003,10.25,4.6,0.0,0.0,0.47,0.5281132075471698,1.26,0,False
4431,18.4166,-77.079,2017,2016-08-10,2017-08-10,16.875,0.0,5.0,0.0,0.0,0.0,0.2215094339622642,0.79,0,False
4432,18.4191,-77.0699,2017,2016-08-10,2017-08-10,41.875,0.0,8.0,0.0,0.0,0.0,0.2215094339622642,0.79,0,False
4433,18.4529,-77.9675,2013,2012-07-05,2013-07-05,31.560000000000002,0.0,5.0,0.0,0.0,0.0,0.05566037735849057,0.55,0,False
4433,18.4529,-77.9675,2014,2013-08-26,2014-08-26,26.25,0.25,5.0,0.0,0.0,0.0,0.33415094339622636,0.96,0,False
4433,18.4529,-77.9675,2015,2014-08-11,2015-08-11,27.5,0.0,6.1,0.0,0.0,0.0,0.1488679245283019,0.74,0,False
4433,18.4529,-77.9675,2016,2015-09-09,2016-09-08,29.060000000000002,0.0,6.1,0.0,0.0,0.0,0.4750943396226415,1.1,0,False
4433,18.4529,-77.9675,2017,2016-07-27,2017-07-27,42.19,0.0,6.1,0.0,0.0,0.0,0.23075471698113206,0.86,0,False
4434,18.4636,-77.3573,2013,2012-07-17,2013-07-17,32.19,0.5,5.0,0.0,0.0,0.0,0.09660377358490566,0.61,0,False
4434,18.4636,-77.3573,2014,2013-07-29,2014-07-29,30.935,0.0,8.0,0.0,0.0,0.0,0.36490566037735844,1.05,0,False
4434,18.4636,-77.3573,2015,2014-08-12,2015-08-12,27.814999999999998,0.0,7.0,0.0,0.0,0.0,0.14056603773584905,0.61,0,False
4434,18.4636,-77.3573,2016,2015-08-19,2016-08-18,34.375,0.0,8.5,0.0,0.0,0.14,0.5118867924528302,1.16,0,False
4434,18.4636,-77.3573,2017,2016-08-16,2017-08-16,26.880000000000003,0.0,8.1,0.0,0.0,0.0,0.2371698113207547,0.76,0,False
4436,18.4668,-78.0153,2014,2013-09-11,2014-09-11,27.5,0.25,9.0,0.0,0.0,0.0,0.3349056603773584,0.93,0,False
4436,18.4668,-78.0153,2015,2014-08-11,2015-08-11,26.56,1.25,8.5,0.0,0.0,0.0,0.14867924528301887,0.72,0,False
4436,18.4668,-78.0153,2016,2015-09-09,2016-09-08,28.75,0.0,8.8,0.0,0.0,0.0,0.4756603773584904,1.09,0,False
4436,18.4668,-78.0153,2017,2016-07-27,2017-07-27,28.125,0.0,8.4,0.0,0.0,0.0,0.2413207547169811,0.84,0,False
4438,18.4689,-77.3907,2013,2012-07-17,2013-07-17,28.75,1.25,9.0,0.0,0.0,0.0,0.09660377358490566,0.61,0,False
4438,18.4689,-77.3907,2014,2013-07-29,2014-07-29,29.064999999999998,0.0,10.0,0.0,0.0,0.0,0.36490566037735844,1.05,0,False
4438,18.4689,-77.3907,2015,2014-08-12,2015-08-12,33.75,3.25,10.3,0.0,0.0,0.0,0.14056603773584905,0.61,0,False
4438,18.4689,-77.3907,2016,2015-08-19,2016-08-18,28.435,0.0,9.6,0.0,0.0,0.14,0.5118867924528302,1.16,0,False
4438,18.4689,-77.3907,2017,2016-08-16,2017-08-16,26.25,0.0,7.9,0.0,0.0,0.0,0.2371698113207547,0.76,0,False
4442,18.4949,-77.9338,2013,2012-07-04,2013-07-04,26.560000000000002,0.0,5.0,0.0,0.0,0.0,0.05886792452830189,0.56,0,False
4442,18.4949,-77.9338,2014,2013-08-26,2014-08-26,25.63,0.0,6.0,0.0,0.0,0.0,0.33792452830188674,0.99,0,False
4442,18.4949,-77.9338,2015,2014-08-10,2015-08-10,21.875,0.0,6.7,0.0,0.0,0.0,0.1530188679245283,0.76,0,False
4442,18.4949,-77.9338,2016,2015-09-08,2016-09-07,22.19,0.0,6.6,0.0,0.0,0.0,0.48207547169811316,1.11,0,False
4442,18.4949,-77.9338,2017,2016-07-26,2017-07-26,28.125,0.0,7.0,0.0,0.0,0.0,0.22471698113207547,0.88,0,False
4443,18.4962,-77.6369,2013,2012-11-20,2013-11-20,21.25,0.25,8.0,0.0,0.0,0.0,0.2250943396226415,1.09,0,False
4443,18.4962,-77.6369,2014,2013-11-20,2014-11-20,24.685000000000002,0.0,8.0,0.0,0.0,0.0,0.27037735849056604,0.76,0,False
4443,18.4962,-77.6369,2015,2014-11-03,2015-11-03,18.75,4.0,9.0,0.0,0.0,0.0,0.19264150943396227,1.08,0,False
4443,18.4962,-77.6369,2016,2015-12-16,2016-12-15,25.0,0.0,7.8,0.0,0.0,0.0,0.4233962264150943,0.97,0,False
4443,18.4962,-77.6369,2017,2016-07-25,2017-07-25,21.25,0.0,7.4,0.0,0.0,0.0,0.2018867924528302,0.97,0,False
4444,18.4978,-77.9328,2013,2012-07-04,2013-07-04,23.435000000000002,1.0,7.0,0.0,0.0,0.0,0.05886792452830189,0.56,0,False
4444,18.4978,-77.9328,2014,2013-08-26,2014-08-26,19.685000000000002,0.5,6.0,0.0,0.0,0.0,0.33792452830188674,0.99,0,False
4444,18.4978,-77.9328,2015,2014-08-10,2015-08-10,15.94,3.25,7.3,0.0,0.0,0.0,0.1530188679245283,0.76,0,False
4444,18.4978,-77.9328,2016,2015-09-08,2016-09-07,26.875,11.25,8.9,0.0,0.0,0.0,0.48207547169811316,1.11,0,False
4444,18.4978,-77.9328,2017,2016-07-26,2017-07-26,20.0,0.0,8.9,0.0,0.0,0.0,0.22471698113207547,0.88,0,False
4445,18.4987,-77.6389,2013,2012-11-20,2013-11-20,36.25,1.0,9.0,0.0,0.0,0.0,0.2250943396226415,1.09,0,False
4445,18.4987,-77.6389,2014,2013-11-20,2014-11-20,26.880000000000003,0.0,10.0,0.0,0.0,0.0,0.27037735849056604,0.76,0,False
4445,18.4987,-77.6389,2015,2014-11-03,2015-11-03,30.315,0.75,11.3,0.0,0.0,0.0,0.19264150943396227,1.08,0,False
4445,18.4987,-77.6389,2016,2015-12-16,2016-12-15,21.565,0.0,10.3,0.0,0.0,0.0,0.4233962264150943,0.97,0,False
4445,18.4987,-77.6389,2017,2016-07-25,2017-07-25,30.0,0.0,9.1,0.0,0.0,0.0,0.2018867924528302,0.97,0,False
4530,17.7947,-77.0772,2015,2014-08-27,2015-08-27,26.880000000000003,8.75,4.3,0.0,0.0,0.0,0.429811320754717,1.12,0,False
4530,17.7947,-77.0772,2016,2015-11-10,2016-11-09,11.875,0.0,5.1,0.79,0.79,2.65,0.7815094339622644,1.53,0,False
4536,17.7999,-77.0173,2016,2015-11-10,2016-11-09,28.435,0.0,6.1,0.47,0.47,2.21,0.7641509433962265,1.4,0,False
4543,17.9199,-76.8199,2013,2012-08-02,2013-08-02,25.935,15.0,9.0,0.0,0.0,0.61,0.32433962264150945,0.96,0,True
4543,17.9199,-76.8199,2014,2013-12-04,2014-12-04,17.5,2.5,6.0,0.0,0.0,0.0,0.4311320754716981,0.98,0,True
4543,17.9199,-76.8199,2015,2014-08-26,2015-08-26,15.0,8.25,4.7,0.0,0.0,0.0,0.36716981132075466,0.89,0,True
4543,17.9199,-76.8199,2016,2015-08-27,2016-08-26,22.5,0.0,7.1,0.0,0.0,0.61,0.6752830188679245,1.24,0,True
4550,18.0909,-77.9775,2015,2014-05-14,2015-05-14,17.189999999999998,0.0,7.6,0.0,0.0,0.0,0.1730188679245283,0.94,0,False
4550,18.0909,-77.9775,2016,2015-10-28,2016-10-27,19.064999999999998,0.0,9.4,0.0,0.0,0.14,0.6435849056603773,1.08,0,False
4552,18.1076,-77.9995,2014,2013-07-01,2014-07-01,18.75,0.25,4.0,0.0,0.0,0.0,0.3096226415094341,0.81,0,True
4553,18.1219,-78.0182,2015,2014-05-13,2015-05-13,23.125,0.25,6.1,0.0,0.0,0.0,0.21150943396226415,0.97,0,False
4553,18.1219,-78.0182,2016,2015-10-27,2016-10-26,21.560000000000002,0.0,5.4,0.0,0.0,0.15,0.6415094339622642,1.07,0,False
4558,18.1915,-78.1229,2015,2014-05-12,2015-05-12,29.380000000000003,4.5,8.3,0.0,0.0,0.0,0.2777358490566038,1.01,0,False
4560,18.1964,-78.1046,2015,2014-05-12,2015-05-12,19.065,2.5,7.6,0.0,0.0,0.0,0.2777358490566038,1.01,0,False
4577,18.4088,-76.9674,2014,2013-05-20,2014-05-20,21.25,0.25,5.0,0.0,0.0,0.0,0.4609433962264151,1.04,0,False
4578,18.412,-76.9472,2013,2012-06-05,2013-06-05,24.06,0.0,8.0,0.0,0.0,0.0,0.16396226415094337,0.65,0,False
4579,18.412,-76.9915,2013,2012-06-06,2013-06-06,22.5,0.0,10.0,0.0,0.0,0.0,0.1450943396226415,0.66,0,False
4581,18.4134,-78.2702,2014,2013-09-09,2014-09-09,24.064999999999998,0.0,7.0,0.0,0.0,0.0,0.4232075471698113,1.16,0,False
4582,18.4139,-76.9423,2013,2012-06-05,2013-06-05,28.75,0.0,10.0,0.0,0.0,0.0,0.16396226415094337,0.65,0,False
4583,18.4208,-77.1386,2013,2012-09-06,2013-09-06,16.25,1.25,6.0,0.0,0.0,0.0,0.09792452830188676,0.71,0,False
4584,18.4246,-78.2508,2014,2013-09-09,2014-09-09,33.44,5.0,12.0,0.0,0.0,0.0,0.4232075471698113,1.16,0,False
4585,18.44,-77.1603,2013,2012-09-05,2013-09-05,22.5,10.75,8.0,0.0,0.0,0.0,0.08264150943396226,0.6900000000000001,0,False
4585,18.44,-77.1603,2014,2013-07-28,2014-07-28,26.565,0.0,8.9,0.0,0.0,0.0,0.3507547169811321,0.98,0,False
4585,18.44,-77.1603,2016,2015-08-25,2016-08-24,32.19,11.0,9.3,0.0,0.0,0.15,0.4864150943396226,1.18,0,False
4588,18.4582,-78.0752,2014,2013-09-10,2014-09-10,27.815,0.0,11.0,0.0,0.0,0.0,0.35056603773584905,0.95,0,False
4590,18.4664,-77.9474,2013,2012-07-04,2013-07-04,28.435,0.0,6.0,0.0,0.0,0.0,0.05886792452830189,0.56,0,False
4591,18.4674,-78.1214,2014,2013-09-10,2014-09-10,26.565,0.75,7.0,0.0,0.0,0.0,0.36773584905660384,0.98,0,False
4604,18.4999,-77.6459,2013,2012-11-20,2013-11-20,33.44,0.25,6.0,0.0,0.0,0.0,0.2250943396226415,1.09,0,False
4606,24.3669,124.0034,2016,2015-09-09,2016-09-08,,75.0,5.0,8.88,8.88,8.88,0.8069811320754717,1.91,21,False
4607,24.4548,124.1098,2016,2015-09-03,2016-09-02,,75.0,10.0,8.3,8.3,8.3,0.8171698113207546,1.94,21,False
4610,24.4826,124.1254,2016,2015-09-03,2016-09-02,,75.0,13.0,8.3,8.3,8.3,0.8171698113207546,1.94,21,False
4611,24.4837,124.1232,2016,2015-10-02,2016-10-01,,75.0,12.0,8.82,8.82,8.82,0.8584905660377359,1.94,21,False
4622,26.4405,127.7772,2013,2012-08-21,2013-08-21,,30.5,4.0,4.22,4.22,4.22,0.008490566037735865,1.43,7,False
4633,26.5326,128.0748,2016,2015-09-12,2016-09-11,,30.5,15.0,7.85,7.85,7.85,0.35622641509433967,1.79,14,False
4635,30.4577,130.4888,2016,2015-08-25,2016-08-24,,75.0,8.0,3.51,3.51,3.51,0.400943396226415,2.05,0,False
4637,30.4579,130.4889,2013,2012-08-22,2013-08-22,,75.0,6.0,2.95,2.95,2.95,-0.07660377358490571,1.99,0,False
4638,30.4581,130.4889,2016,2015-08-25,2016-08-24,,75.0,6.0,3.51,3.51,3.51,0.400943396226415,2.05,0,False
4639,30.4581,130.4889,2016,2015-08-20,2016-08-19,,75.0,8.0,1.77,1.77,1.77,0.36811320754716986,2.05,0,False
4640,30.4581,130.4889,2016,2015-08-07,2016-08-06,,5.5,8.0,0.31,0.31,0.31,0.3424528301886793,2.05,0,False
4641,30.4581,130.4891,2016,2015-08-06,2016-08-05,,0.0,10.0,0.0,0.0,0.0,0.33283018867924524,2.05,0,False
4648,32.7773,132.8703,2016,2015-08-11,2016-08-10,,0.0,2.0,0.16,0.16,1.47,0.44943396226415094,1.7,0,False
4649,32.8134,129.0542,2013,2012-10-21,2013-10-21,,0.0,7.0,6.76,6.76,6.76,-0.0026415094339622414,2.61,14,False
4664,33.5213,133.7536,2016,2015-07-31,2016-07-30,,0.0,2.0,0.0,0.0,3.6,0.9630188679245283,2.06,0,True
4667,33.6906,135.336,2013,2012-08-28,2013-08-28,,30.5,3.0,1.88,1.88,4.11,0.6473584905660378,3.19,0,False
4712,24.3661,124.0003,2016,2015-09-11,2016-09-10,,75.0,6.0,9.03,9.03,9.03,0.830566037735849,1.91,21,False
4715,26.355,127.1427,2016,2015-09-23,2016-09-22,,30.5,0.0,10.4,10.4,10.4,0.7194339622641511,2.02,28,False
4723,26.2328,127.3109,2016,2015-09-09,2016-09-08,,75.0,5.0,11.24,11.24,11.24,0.6630188679245284,2.04,35,False
4724,28.0729,129.3315,2016,2015-08-16,2016-08-15,,30.5,1.0,4.28,4.28,4.28,0.3018867924528302,1.6,7,False
4731,24.8136,125.1447,2016,2015-08-31,2016-08-30,,75.0,0.5,8.71,8.71,8.71,0.8079245283018868,1.87,28,False
4732,24.8136,125.1442,2016,2015-08-17,2016-08-16,,30.5,5.0,5.47,5.47,5.47,0.7335849056603773,1.87,14,False
4733,24.8614,125.2838,2013,2012-08-11,2013-08-11,,75.0,5.0,0.15,0.15,0.15,-0.14905660377358487,1.18,0,False
4734,24.937,125.2333,2015,2014-06-13,2015-06-13,,75.0,3.0,0.0,0.0,4.6000000000000005,0.33962264150943394,2.17,7,False
4740,26.3269,127.745,2016,2015-08-17,2016-08-16,,30.5,5.0,5.8,5.8,5.8,0.4877358490566037,1.92,14,False
4741,26.3269,127.7443,2013,2012-08-14,2013-08-14,,75.0,4.0,3.13,3.13,3.13,0.059245283018867924,1.45,0,False
4742,26.3271,127.7448,2013,2012-08-14,2013-08-14,,30.5,1.0,3.13,3.13,3.13,0.059245283018867924,1.45,0,False
4743,26.3271,127.7439,2013,2012-08-20,2013-08-20,,75.0,4.0,3.13,3.13,3.13,0.04788461538461539,1.45,0,False
4747,26.3324,127.7423,2013,2012-08-15,2013-08-15,,75.0,1.0,3.13,3.13,3.13,0.059245283018867924,1.45,0,False
4748,26.3326,127.7416,2013,2012-08-21,2013-08-21,,75.0,2.0,4.3500000000000005,4.3500000000000005,4.3500000000000005,0.06830188679245283,1.45,7,False
4751,26.362,127.7372,2013,2012-08-18,2013-08-18,,75.0,4.0,3.2,3.2,3.2,0.01905660377358491,1.48,0,False
4752,26.4956,127.8389,2016,2015-08-01,2016-07-31,,30.5,1.0,2.8000000000000003,2.8000000000000003,2.8000000000000003,0.38358490566037734,1.71,0,False
4754,26.5532,127.9696,2013,2012-08-24,2013-08-24,,75.0,3.0,3.45,3.45,3.45,-0.07547169811320754,1.48,0,False
4757,26.7146,128.0224,2016,2015-07-16,2016-07-15,,30.5,2.0,0.15,0.15,0.15,0.2952830188679245,1.79,0,False
4758,26.7147,128.0144,2016,2015-10-02,2016-10-01,,30.5,1.0,9.18,9.18,9.18,0.5056603773584906,1.82,21,False
4759,26.7155,128.0183,2016,2015-09-13,2016-09-12,,75.0,1.0,9.18,9.18,9.18,0.4756603773584904,1.82,21,False
4760,26.8474,128.288,2013,2012-09-08,2013-09-08,,30.5,1.5,3.62,3.62,3.62,0.033018867924528315,1.73,0,False
4763,32.7784,132.7325,2016,2015-09-24,2016-09-23,,30.5,1.0,5.45,5.45,5.45,1.0292452830188679,2.96,7,False
4764,32.7788,132.7326,2016,2015-09-02,2016-09-01,,30.5,3.0,5.26,5.26,5.26,0.9532075471698114,2.96,7,False
4770,24.2312,123.9935,2016,2015-08-31,2016-08-30,,30.5,6.0,8.74,8.74,8.74,0.771509433962264,2.01,21,False
4774,24.3094,124.1033,2016,2015-09-21,2016-09-20,,75.0,12.0,9.06,9.06,9.06,0.8520754716981132,1.91,21,False
4775,24.3098,124.1065,2016,2015-08-31,2016-08-30,,30.5,13.0,8.370000000000001,8.370000000000001,8.370000000000001,0.8064150943396227,1.91,21,False
4776,24.3124,124.1045,2016,2015-10-10,2016-10-09,,30.5,12.0,9.06,9.06,9.06,0.8462264150943395,1.91,21,False
4778,24.3125,124.1029,2016,2015-10-03,2016-10-02,,75.0,13.0,9.06,9.06,9.06,0.8454716981132074,1.91,21,False
4786,24.348,124.0922,2016,2015-07-16,2016-07-15,,75.0,3.0,0.75,0.75,0.75,0.6635849056603773,1.84,0,False
4789,24.3637,124.0413,2016,2015-09-09,2016-09-08,,75.0,5.0,8.88,8.88,8.88,0.8069811320754717,1.91,21,False
4790,24.3662,124.252,2016,2015-08-23,2016-08-22,,75.0,2.0,6.84,6.84,6.84,0.7956603773584906,2.04,14,False
4794,24.3792,123.9384,2016,2015-09-11,2016-09-10,,75.0,2.0,8.83,8.83,8.83,0.8200000000000001,1.9,21,False
4796,24.3884,124.1165,2016,2015-08-28,2016-08-27,,75.0,5.0,8.3,8.3,8.3,0.8022641509433964,1.92,21,False
4797,24.3995,124.1,2016,2015-08-31,2016-08-30,,75.0,5.0,8.28,8.28,8.28,0.7971698113207547,1.9,21,False
4798,24.4042,124.1129,2016,2015-09-10,2016-09-09,,75.0,6.0,8.65,8.65,8.65,0.8203773584905661,1.93,21,False
4799,24.4156,124.1139,2016,2015-09-01,2016-08-31,,75.0,1.0,8.14,8.14,8.14,0.8084905660377361,1.93,21,False
4800,24.4162,124.1124,2016,2015-09-10,2016-09-09,,30.5,6.0,8.65,8.65,8.65,0.8203773584905661,1.93,21,False
4803,24.4186,124.0662,2016,2015-08-31,2016-08-30,,75.0,5.0,8.33,8.33,8.33,0.8056603773584905,1.92,21,False
4804,24.42,124.1139,2016,2015-08-06,2016-08-05,,30.5,15.0,2.42,2.42,2.42,0.6949056603773585,1.78,0,False
4806,24.4215,124.0924,2016,2015-09-02,2016-09-01,,75.0,4.0,8.33,8.33,8.33,0.8056603773584905,1.92,21,False
4809,24.4234,124.0999,2016,2015-09-14,2016-09-13,,30.5,5.0,8.99,8.99,8.99,0.8413207547169812,1.92,21,False
4811,24.4236,124.0777,2016,2015-08-21,2016-08-20,,30.5,10.0,6.640000000000001,6.640000000000001,6.640000000000001,0.7633962264150942,1.92,14,False
4816,24.4264,124.0719,2016,2015-10-01,2016-09-30,,30.5,5.0,8.99,8.99,8.99,0.839622641509434,1.92,21,False
4817,24.4271,124.1059,2016,2015-09-23,2016-09-22,,30.5,5.0,8.81,8.81,8.81,0.8571698113207548,1.93,21,False
4818,24.4367,123.7763,2016,2015-07-21,2016-07-20,,75.0,1.5,0.96,0.96,0.96,0.6356603773584908,1.66,0,False
4824,24.4496,124.1757,2013,2012-08-16,2013-08-16,,30.5,1.0,1.04,1.04,1.04,-0.01735849056603776,1.55,0,False
4825,24.4501,124.1737,2016,2015-07-28,2016-07-27,,30.5,1.5,1.08,1.08,1.08,0.699245283018868,1.82,0,False
4826,24.4504,124.1733,2016,2015-08-18,2016-08-17,,75.0,1.0,5.03,5.03,5.03,0.7432075471698113,1.82,7,False
4827,24.4513,124.1741,2013,2012-08-16,2013-08-16,,5.5,3.0,1.07,1.07,1.07,-0.0009433962264151015,1.6,0,False
4829,24.4517,124.1836,2016,2015-08-02,2016-08-01,,30.5,1.5,2.58,2.58,2.58,0.7107547169811322,1.82,0,False
4831,24.4518,124.1834,2016,2015-07-26,2016-07-25,,30.5,2.0,1.08,1.08,1.08,0.699245283018868,1.82,0,False
4832,24.4521,124.1839,2016,2015-07-29,2016-07-28,,30.5,1.5,1.08,1.08,1.08,0.699245283018868,1.82,0,False
4833,24.4523,124.1818,2016,2015-07-26,2016-07-25,,0.0,4.0,1.08,1.08,1.08,0.699245283018868,1.82,0,False
4834,24.4526,124.1839,2013,2012-08-13,2013-08-13,,30.5,1.0,0.17,0.17,0.17,-0.013269230769230776,1.6,0,False
4842,24.4553,124.1846,2016,2015-08-31,2016-08-30,,30.5,1.0,8.34,8.34,8.34,0.8245283018867925,1.96,21,False
4846,24.4561,124.1864,2016,2015-08-07,2016-08-06,,30.5,1.5,3.72,3.72,3.72,0.7169811320754719,1.82,0,False
4847,24.4561,124.1862,2016,2015-08-08,2016-08-07,,75.0,2.0,3.72,3.72,3.72,0.7169811320754719,1.82,0,False
4848,24.4563,124.1861,2016,2015-07-20,2016-07-19,,30.5,1.0,0.76,0.76,0.93,0.6888679245283018,1.82,0,False
4850,24.4578,124.1647,2016,2015-08-18,2016-08-17,,75.0,1.0,5.03,5.03,5.03,0.7432075471698113,1.82,7,False
4853,24.4583,124.2054,2013,2012-09-17,2013-09-17,,5.5,0.3,1.33,1.33,1.33,-0.00692307692307692,1.59,0,False
4862,24.4961,124.229,2016,2015-08-19,2016-08-18,,75.0,2.0,5.07,5.07,5.07,0.7577358490566037,1.87,7,False
4870,24.609,124.3262,2016,2015-07-31,2016-07-30,,30.5,3.0,3.03,3.03,3.03,0.7550943396226414,1.87,0,False
4871,24.6091,124.3261,2016,2015-07-21,2016-07-20,,30.5,2.0,0.92,0.92,1.43,0.7328301886792453,1.87,0,False
4872,24.6093,124.3254,2016,2015-08-19,2016-08-18,,75.0,1.0,5.76,5.76,5.76,0.7896226415094337,1.87,14,False
4875,26.0873,127.7102,2013,2012-08-23,2013-08-23,,30.5,0.5,2.14,2.14,2.14,0.05415094339622643,1.34,0,False
4876,26.0877,127.7109,2016,2015-08-20,2016-08-19,,30.5,0.3,4.51,4.51,4.51,0.35641509433962265,1.74,7,False
4880,26.0887,127.7072,2013,2012-08-24,2013-08-24,,30.5,3.0,2.14,2.14,2.14,0.05415094339622643,1.34,0,False
4883,26.0894,127.7085,2016,2015-09-01,2016-08-31,,30.5,2.0,7.83,7.83,7.83,0.42735849056603775,1.91,21,False
4891,26.2576,127.6837,2013,2012-07-30,2013-07-30,,5.5,2.0,0.0,0.0,0.0,0.01634615384615383,1.14,0,False
4896,26.2582,127.6824,2013,2012-07-30,2013-07-30,,30.5,1.0,0.0,0.0,0.0,0.01634615384615383,1.14,0,False
4898,26.2584,127.6821,2013,2012-07-30,2013-07-30,,30.5,1.0,0.0,0.0,0.0,0.01634615384615383,1.14,0,False
4901,26.273,127.7051,2013,2012-08-22,2013-08-22,,30.5,0.2,3.91,3.91,3.91,0.11867924528301885,1.34,0,False
4902,26.2757,127.7015,2016,2015-08-02,2016-08-01,,30.5,0.3,2.64,2.64,2.64,0.46716981132075475,1.75,0,False
4903,26.2762,127.7004,2013,2012-08-22,2013-08-22,,75.0,0.5,3.91,3.91,3.91,0.11867924528301885,1.34,0,False
4904,26.2763,127.7018,2016,2015-09-16,2016-09-15,,30.5,0.3,10.41,10.41,10.41,0.5960377358490566,2.05,28,False
4905,26.287,127.7214,2013,2012-08-15,2013-08-15,,75.0,3.0,2.65,2.65,2.65,0.11056603773584907,1.34,0,False
4910,26.3515,127.7438,2013,2012-08-03,2013-08-03,,75.0,1.0,0.15,0.15,0.15,-0.040188679245283,1.28,0,False
4914,26.4063,127.715,2016,2015-08-24,2016-08-23,,30.5,2.0,7.56,7.56,7.56,0.4811320754716981,2.06,21,False
4916,26.4363,127.7132,2016,2015-08-05,2016-08-04,,30.5,0.5,2.84,2.84,2.84,0.41679245283018873,1.83,0,False
4921,26.4418,127.7124,2013,2012-08-14,2013-08-14,,30.5,3.0,3.04,3.04,3.04,-0.0060377358490566095,1.44,0,False
4925,26.4448,127.7695,2013,2012-08-20,2013-08-20,,75.0,0.2,3.02,3.02,3.02,-0.012499999999999985,1.43,0,False
4931,26.5076,127.8906,2016,2015-08-25,2016-08-24,,30.5,2.0,7.23,7.23,7.23,0.42415094339622644,1.93,21,False
4933,26.5281,127.9242,2013,2012-08-18,2013-08-18,,75.0,3.0,2.3000000000000003,2.3000000000000003,2.3000000000000003,-0.03830188679245285,1.48,0,False
4934,26.5544,128.1314,2013,2012-09-16,2013-09-16,,30.5,1.0,2.99,2.99,2.99,-0.030754716981132066,1.55,0,False
4936,26.5914,127.9598,2013,2012-08-24,2013-08-24,,30.5,1.5,3.45,3.45,3.45,-0.07547169811320754,1.48,0,False
4938,26.6032,127.9305,2013,2012-08-15,2013-08-15,,30.5,5.0,2.68,2.68,2.68,-0.0688679245283019,1.49,0,True
4939,26.6287,127.8594,2016,2015-07-07,2016-07-06,,0.0,2.0,0.0,0.0,0.15,0.3033962264150943,1.71,0,False
4940,26.6294,127.8589,2013,2012-08-07,2013-08-07,,30.5,3.0,1.03,1.03,1.03,-0.1020754716981132,1.3,0,False
4943,26.6458,127.8544,2013,2012-08-06,2013-08-06,,30.5,1.0,0.0,0.0,0.0,-0.12807692307692306,1.3,0,False
4945,26.6521,127.857,2013,2012-08-24,2013-08-24,,30.5,0.5,4.05,4.05,4.05,-0.05566037735849055,1.63,7,False
4948,26.6721,127.8827,2013,2012-08-07,2013-08-07,,30.5,2.0,1.05,1.05,1.05,-0.09188679245283018,1.29,0,False
4951,26.7001,127.8752,2013,2012-08-22,2013-08-22,,30.5,0.5,4.04,4.04,4.04,-0.044528301886792465,1.69,7,False
4953,26.7093,127.8838,2013,2012-08-23,2013-08-23,,5.5,0.5,4.04,4.04,4.04,-0.044528301886792465,1.69,7,False
4954,26.7099,127.8813,2016,2015-08-21,2016-08-20,,30.5,1.5,7.3,7.3,7.3,0.4432075471698113,1.88,21,False
4959,28.1101,129.2163,2013,2012-09-18,2013-09-18,,0.0,6.0,5.68,5.68,5.68,-0.045094339622641505,2.07,14,False
4960,28.372,129.4037,2013,2012-08-19,2013-08-19,,5.5,2.0,3.02,3.02,3.02,-0.2064150943396226,1.48,0,False
4963,24.0662,123.7621,2016,2015-08-11,2016-08-10,,30.5,2.0,3.97,3.97,3.97,0.6560377358490567,2.08,0,False
4971,24.2801,123.721,2016,2015-09-24,2016-09-23,,30.5,8.0,8.67,8.67,8.67,0.789811320754717,1.93,14,False
4980,24.3227,124.1665,2016,2015-10-05,2016-10-04,,75.0,10.0,9.19,9.19,9.19,0.8547169811320754,1.92,21,False
4981,24.3254,124.1637,2015,2014-06-15,2015-06-15,,75.0,5.0,0.0,0.0,4.96,0.29641509433962265,1.99,7,False
4984,24.3349,124.2367,2016,2015-08-29,2016-08-28,,30.5,15.0,8.56,8.56,8.56,0.8245283018867925,1.97,21,False
4989,24.3417,124.0881,2016,2015-09-09,2016-09-08,,75.0,5.0,8.89,8.89,8.89,0.8101886792452829,1.9,21,False
4990,24.3431,124.205,2016,2015-09-20,2016-09-19,,75.0,8.0,9.26,9.26,9.26,0.8707547169811319,1.97,21,False
4994,24.3593,124.2555,2013,2012-08-30,2013-08-30,,30.5,3.0,1.11,1.11,1.11,-0.04377358490566038,1.52,0,False
4996,24.3668,124.2556,2016,2015-08-10,2016-08-09,,30.5,1.0,3.86,3.86,3.86,0.728679245283019,1.95,0,False
4997,24.3671,124.2508,2016,2015-07-11,2016-07-10,,30.5,1.0,0.75,0.75,0.75,0.6950943396226416,1.95,0,False
5000,24.4034,123.8901,2016,2015-09-11,2016-09-10,,30.5,12.0,8.8,8.8,8.8,0.8213207547169811,1.9,28,False
5003,24.4295,123.7932,2016,2015-08-05,2016-08-04,,5.5,5.0,2.56,2.56,2.56,0.6549056603773585,1.66,0,False
5010,24.4376,123.785,2016,2015-08-07,2016-08-06,,75.0,2.0,3.97,3.97,3.97,0.6669811320754716,1.66,0,False
5021,24.7186,125.3427,2016,2015-09-02,2016-09-01,,30.5,2.0,8.63,8.63,8.63,0.7826415094339622,1.95,28,True
5022,24.7194,125.3425,2016,2015-08-29,2016-08-28,,30.5,3.0,8.63,8.63,8.63,0.7826415094339622,1.95,28,True
5024,24.7261,125.3729,2013,2012-01-23,2013-01-22,,30.5,6.0,0.0,0.0,0.0,-0.35442307692307684,1.11,0,True
5025,24.7284,125.4048,2013,2012-01-23,2013-01-22,,30.5,6.0,0.0,0.0,0.0,-0.28788461538461535,1.23,0,False
5026,24.7609,125.425,2013,2012-08-25,2013-08-25,,30.5,1.0,1.22,1.22,1.22,-0.11132075471698114,1.29,0,False
5028,24.7628,125.4272,2016,2015-09-01,2016-08-31,,75.0,1.0,8.82,8.82,8.82,0.8467924528301886,1.95,28,False
5029,24.7645,125.4258,2016,2015-08-20,2016-08-19,,30.5,2.0,5.51,5.51,5.51,0.7683018867924528,1.95,14,False
5030,24.7735,125.3945,2013,2012-08-07,2013-08-07,,75.0,1.0,0.0,0.0,0.0,-0.15528301886792453,1.23,0,False
5032,24.8133,125.143,2016,2015-08-07,2016-08-06,,30.5,0.8,4.14,4.14,4.14,0.7120754716981131,1.87,7,False
5033,24.8195,125.1409,2016,2015-07-31,2016-07-30,,75.0,3.0,2.79,2.79,2.79,0.6988679245283018,1.87,0,False
5034,24.9046,125.2653,2013,2012-08-15,2013-08-15,,0.0,1.0,1.63,1.63,1.63,-0.10641509433962265,1.2,0,False
5035,24.9047,125.2655,2013,2012-07-26,2013-07-26,,0.0,0.5,0.0,0.0,0.0,-0.17509433962264154,1.2,0,False
5037,24.9264,125.2377,2016,2015-08-21,2016-08-20,,30.5,3.0,7.72,7.72,7.72,0.8349056603773586,1.95,21,False
5038,24.9265,125.2379,2016,2015-07-25,2016-07-24,,75.0,3.0,1.63,1.63,1.63,0.7537735849056604,1.91,0,False
5039,24.9313,125.2327,2014,2013-03-02,2014-03-02,,0.0,0.0,0.0,0.0,1.75,-0.039999999999999994,1.2,0,False
5042,24.9375,125.2456,2013,2012-08-08,2013-08-08,,75.0,1.0,0.16,0.16,0.16,-0.1490566037735849,1.2,0,False
5043,24.9376,125.2457,2016,2015-08-19,2016-08-18,,75.0,2.0,6.05,6.05,6.05,0.8011320754716983,1.95,14,False
5045,24.9841,125.2847,2014,2013-05-27,2014-05-27,,0.0,10.0,0.0,0.0,2.29,-0.14660377358490564,1.23,0,False
5046,24.9856,125.2768,2016,2015-09-03,2016-09-02,,75.0,4.0,10.03,10.03,10.03,0.8994339622641511,1.99,28,False
5047,24.9882,125.2876,2015,2014-06-15,2015-06-15,,0.0,10.0,0.0,0.0,4.84,0.3633962264150944,2.25,7,False
5048,24.9919,125.2794,2013,2012-01-03,2013-01-02,,30.5,2.0,0.0,0.0,0.0,-0.16886792452830188,1.66,0,False
5049,25.0064,125.2768,2016,2015-09-03,2016-09-02,,75.0,4.0,10.14,10.14,10.14,0.9032075471698114,2.06,28,False
5051,26.079,127.6633,2013,2012-09-07,2013-09-07,,5.5,7.0,2.46,2.46,2.46,0.04283018867924529,1.32,0,False
5077,26.2137,127.293,2013,2012-08-19,2013-08-19,,0.0,1.0,2.42,2.42,2.42,0.08283018867924527,1.4,0,False
5081,26.2208,127.6658,2015,2014-06-18,2015-06-18,,75.0,2.0,0.0,0.0,3.0500000000000003,-0.1390566037735849,1.84,0,False
5082,26.2209,127.3089,2013,2012-08-17,2013-08-17,,0.0,5.0,2.3000000000000003,2.3000000000000003,2.3000000000000003,0.09641509433962264,1.47,0,False
5083,26.2223,127.2898,2013,2012-08-18,2013-08-18,,0.0,8.0,2.42,2.42,2.42,0.08283018867924527,1.4,0,False
5084,26.2242,127.2892,2013,2012-08-17,2013-08-17,,0.0,2.0,2.42,2.42,2.42,0.08283018867924527,1.4,0,False
5086,26.2353,127.2897,2013,2012-08-18,2013-08-18,,0.0,2.0,2.42,2.42,2.42,0.08283018867924527,1.4,0,False
5088,26.2567,127.4027,2013,2012-08-14,2013-08-14,,30.5,4.0,2.47,2.47,2.47,0.09962264150943397,1.6,0,False
5094,26.3087,127.8631,2013,2012-09-06,2013-09-06,,30.5,1.0,3.12,3.12,3.12,0.11283018867924531,1.36,0,False
5095,26.3554,126.8536,2013,2012-08-30,2013-08-30,,30.5,10.0,3.84,3.84,3.84,0.04584905660377357,1.55,0,False
5098,26.4933,127.8402,2016,2015-08-01,2016-07-31,,75.0,1.0,2.8000000000000003,2.8000000000000003,2.8000000000000003,0.38358490566037734,1.71,0,False
5100,26.4949,127.8399,2016,2015-08-01,2016-07-31,,5.5,1.0,2.8000000000000003,2.8000000000000003,2.8000000000000003,0.38358490566037734,1.71,0,False
5103,26.5024,127.842,2016,2015-08-05,2016-08-04,,30.5,4.0,2.97,2.97,2.97,0.3788679245283019,1.71,0,False
5104,26.5037,127.8436,2016,2015-08-07,2016-08-06,,30.5,4.0,4.32,4.32,4.32,0.4067924528301887,1.89,7,False
5107,26.5052,127.8497,2013,2012-09-09,2013-09-09,,30.5,3.0,4.09,4.09,4.09,-0.00905660377358492,1.5,7,False
5110,26.5232,127.8929,2016,2015-08-22,2016-08-21,,75.0,3.0,7.23,7.23,7.23,0.42415094339622644,1.93,21,False
5113,26.5379,128.08,2013,2012-09-01,2013-09-01,,30.5,1.5,3.06,3.06,3.06,-0.03245283018867924,1.53,0,False
5120,26.6311,127.8852,2013,2012-08-15,2013-08-15,,30.5,3.0,2.72,2.72,2.72,-0.0769811320754717,1.56,0,False
5121,26.6359,127.8657,2016,2015-08-27,2016-08-26,,30.5,2.0,7.19,7.19,7.19,0.418679245283019,1.85,21,False
5123,26.6361,127.8658,2013,2012-08-08,2013-08-08,,30.5,0.0,1.03,1.03,1.03,-0.1020754716981132,1.3,0,False
5125,26.6805,128.0192,2013,2012-09-08,2013-09-08,,5.5,3.0,3.88,3.88,3.88,-0.030566037735849066,1.6,0,False
5127,26.6977,128.0136,2016,2015-08-12,2016-08-11,,30.5,1.5,3.85,3.85,3.85,0.37,1.81,0,False
5129,26.7059,127.8919,2016,2015-07-31,2016-07-30,,75.0,2.0,3.02,3.02,3.02,0.39773584905660375,1.78,0,False
5130,26.7073,127.9402,2016,2015-09-23,2016-09-22,,75.0,1.5,9.28,9.28,9.28,0.5167924528301887,1.87,28,False
5134,26.7751,128.2031,2013,2012-08-25,2013-08-25,,75.0,2.0,3.6,3.6,3.6,0.007169811320754727,1.71,0,False
5135,26.7793,128.211,2013,2012-08-07,2013-08-07,,30.5,0.2,0.66,0.66,0.66,-0.03547169811320755,1.32,0,False
5142,27.8692,128.8875,2013,2012-09-11,2013-09-11,,75.0,2.0,3.31,3.31,3.31,-0.17000000000000004,1.7,0,False
5143,28.0706,129.3275,2013,2012-09-18,2013-09-18,,30.5,0.5,7.54,7.54,7.54,0.01452830188679242,2.35,21,False
5144,28.1112,129.3337,2013,2012-09-19,2013-09-19,,0.0,4.0,7.3,7.3,7.3,0.00037735849056603387,2.23,14,True
5149,28.2043,129.2716,2016,2015-08-19,2016-08-18,,30.5,1.0,5.82,5.82,5.82,0.4775471698113207,2.13,14,True
5151,28.4025,129.4537,2013,2012-08-28,2013-08-28,,75.0,2.0,3.65,3.65,3.65,-0.18509433962264155,1.44,0,False
5157,30.3011,130.6537,2016,2015-08-05,2016-08-04,,75.0,0.5,0.0,0.0,0.0,0.3994339622641509,1.98,0,False
5160,30.816,130.4165,2016,2015-09-02,2016-09-01,,75.0,2.0,6.24,6.24,6.24,0.27679245283018866,2.47,14,False
5165,32.2044,129.9966,2016,2015-08-01,2016-07-31,,0.0,3.0,0.0,0.0,0.0,-0.0922641509433962,1.78,0,False
5170,32.5811,128.7222,2013,2012-10-23,2013-10-23,,0.0,5.0,6.65,6.65,6.65,0.2464150943396227,2.62,14,False
5172,32.6586,128.66,2013,2012-10-23,2013-10-23,,30.5,2.0,8.75,8.75,8.75,0.2647169811320755,2.87,14,True
5177,32.767,132.63,2016,2015-09-24,2016-09-23,,75.0,1.0,5.68,5.68,5.68,1.1137735849056603,3.08,7,False
5192,33.5193,133.7551,2016,2015-08-01,2016-07-31,,0.0,1.0,0.0,0.0,3.6,0.9630188679245283,2.06,0,True
5199,33.7691,129.6547,2013,2012-10-18,2013-10-18,,30.5,3.0,12.54,12.54,12.54,0.4741509433962264,3.58,21,False
5200,33.8065,129.6676,2013,2012-10-18,2013-10-18,,30.5,2.0,12.9,12.9,12.9,0.5269811320754717,3.69,21,False
5201,33.8522,139.6092,2013,2012-09-19,2013-09-19,,0.0,5.0,10.01,10.01,10.38,0.2849056603773585,3.0500000000000003,21,False
5208,34.0545,139.4805,2013,2012-09-18,2013-09-18,,30.5,5.0,10.88,10.88,10.88,0.26150943396226417,2.96,28,False
5209,34.0559,139.4807,2013,2012-09-18,2013-09-18,,30.5,2.0,10.88,10.88,10.88,0.26150943396226417,2.96,28,False
5214,34.1056,129.174,2013,2012-10-04,2013-10-04,,30.5,3.0,9.26,9.26,9.26,0.3518867924528302,3.63,14,False
5219,34.2401,139.1368,2013,2012-08-19,2013-08-19,,5.5,6.0,5.16,5.16,7.72,0.19849056603773585,2.89,21,False
5220,34.2402,139.1369,2016,2015-08-11,2016-08-10,,0.0,1.0,0.0,0.0,6.48,0.23886792452830188,2.38,14,False
5223,34.3232,129.246,2013,2012-10-05,2013-10-05,,75.0,1.0,9.81,9.81,9.81,0.39622641509433953,3.77,14,False
5228,34.4236,129.2664,2013,2012-10-16,2013-10-16,,30.5,3.0,9.87,9.87,9.87,0.44867924528301883,3.85,14,False
5237,34.7027,129.4417,2013,2012-10-05,2013-10-05,,0.0,5.0,11.24,11.24,11.24,0.42358490566037743,3.99,21,False
5305,33.3444,135.6967,2013,2012-05-12,2013-05-12,10.0,0.0,6.5,0.0,0.0,0.64,0.45452830188679244,2.29,0,False
5305,33.3444,135.6967,2014,2013-05-25,2014-05-25,13.907499999999999,0.0,6.5,0.0,0.0,2.24,0.15358490566037736,1.46,0,False
5344,24.2857,123.7319,2014,2013-11-22,2014-11-22,39.685,0.0,7.5,3.96,5.21,5.21,-0.08943396226415094,1.93,14,False
5347,24.3717,123.9744,2013,2012-06-15,2013-06-15,12.1875,0.0,7.0,0.0,0.0,0.0,-0.1688679245283019,1.02,0,False
5347,24.3717,123.9744,2014,2013-05-31,2014-05-31,7.8125,0.0,5.5,0.0,0.0,1.17,-0.21150943396226413,1.54,0,False
5349,24.9841,125.2847,2014,2013-05-27,2014-05-27,30.47,0.0,6.5,0.0,0.0,2.29,-0.14660377358490564,1.23,0,False
5349,24.9841,125.2847,2015,2014-06-15,2015-06-15,27.5,0.0,6.5,0.0,0.0,4.84,0.3633962264150944,2.25,7,False
5358,33.6924,135.3247,2014,2013-06-07,2014-06-07,25.625,0.0,6.25,0.0,0.0,1.88,0.21754716981132077,1.9,0,False
5359,33.7199,135.3249,2014,2013-06-08,2014-06-08,36.875,0.0,7.0,0.0,0.0,1.89,0.24962264150943395,1.91,0,False
5360,34.0561,139.4811,2014,2013-07-05,2014-07-05,29.380000000000003,0.5,5.0,0.0,0.0,10.88,-0.33622641509433954,2.96,28,False
5361,34.0975,139.485,2014,2013-07-05,2014-07-05,28.435000000000002,0.0,10.0,0.0,0.0,10.88,-0.33622641509433954,2.96,28,False
5522,2.1729,104.112,2013,2012-09-22,2013-09-22,28.44,0.0,5.5,0.0,1.36,1.54,0.5149056603773585,1.49,0,False
5522,2.1729,104.112,2015,2014-07-27,2015-07-27,30.94,0.0,5.5,0.15,0.15,0.87,0.33264150943396226,1.43,0,False
5522,2.1729,104.112,2016,2015-09-08,2016-09-07,28.75,0.0,7.1,0.29,5.36,5.36,0.7941509433962264,1.65,7,False
5522,2.1729,104.112,2017,2016-07-26,2017-07-26,32.81,0.0,5.9,0.0,0.0,2.48,0.49094339622641514,1.47,0,False
5522,2.1729,104.112,2018,2017-07-10,2018-07-10,27.5,0.0,5.2,0.0,0.0,0.0,0.420377358490566,1.23,0,False
5522,2.1729,104.112,2019,2018-07-10,2019-07-10,23.125,1.25,5.0,4.42,4.42,4.42,0.6150943396226414,1.65,7,False
5523,2.1783,104.1092,2015,2014-07-27,2015-07-27,23.125,0.0,3.5,0.15,0.15,0.87,0.33264150943396226,1.43,0,False
5523,2.1783,104.1092,2016,2015-09-08,2016-09-07,35.0,0.0,4.7,0.29,5.36,5.36,0.7941509433962264,1.65,7,False
5523,2.1783,104.1092,2017,2016-07-26,2017-07-26,27.185,0.0,5.5,0.0,0.0,2.48,0.49094339622641514,1.47,0,False
5523,2.1783,104.1092,2018,2017-07-10,2018-07-10,32.5,0.0,4.2,0.0,0.0,0.0,0.420377358490566,1.23,0,False
5523,2.1783,104.1092,2019,2018-07-10,2019-07-10,36.25,0.0,3.1,4.42,4.42,4.42,0.6150943396226414,1.65,7,False
5524,2.184,104.1068,2013,2012-09-23,2013-09-23,16.869999999999997,0.0,8.0,0.0,1.36,1.54,0.5149056603773585,1.49,0,False
5524,2.184,104.1068,2014,2013-08-27,2014-08-27,13.75,0.0,8.0,0.87,0.87,0.87,0.11660377358490566,0.94,0,False
5524,2.184,104.1068,2015,2014-07-27,2015-07-27,13.44,0.0,7.5,0.15,0.15,0.87,0.33264150943396226,1.43,0,False
5524,2.184,104.1068,2016,2015-09-08,2016-09-07,23.44,0.5,8.6,0.29,5.36,5.36,0.7941509433962264,1.65,7,False
5524,2.184,104.1068,2017,2016-07-26,2017-07-26,15.0,0.0,7.0,0.0,0.0,2.48,0.49094339622641514,1.47,0,False
5524,2.184,104.1068,2018,2017-07-10,2018-07-10,16.875,0.0,7.0,0.0,0.0,0.0,0.420377358490566,1.23,0,False
5524,2.184,104.1068,2019,2018-07-10,2019-07-10,9.375,0.0,6.8,4.42,4.42,4.42,0.6150943396226414,1.65,7,False
5525,2.1878,104.0981,2013,2012-09-22,2013-09-22,19.375,0.0,4.0,0.0,1.35,1.53,0.5005660377358491,1.53,0,False
5525,2.1878,104.0981,2014,2013-08-27,2014-08-27,27.5,0.0,4.0,0.86,0.86,0.86,0.11415094339622643,0.93,0,False
5525,2.1878,104.0981,2015,2014-07-28,2015-07-28,30.0,0.0,4.0,0.16,0.16,0.86,0.34018867924528307,1.4,0,False
5525,2.1878,104.0981,2016,2015-09-08,2016-09-07,37.815,0.0,3.8,0.29,5.44,5.44,0.8033962264150944,1.71,7,False
5525,2.1878,104.0981,2017,2016-07-26,2017-07-26,36.565,0.0,3.9,0.0,0.0,2.48,0.5037735849056604,1.51,0,False
5525,2.1878,104.0981,2018,2017-07-11,2018-07-11,29.685,0.0,3.9,0.0,0.0,0.0,0.4518867924528302,1.26,0,False
5525,2.1878,104.0981,2019,2018-07-10,2019-07-10,35.935,0.0,4.0,4.75,4.75,4.75,0.641320754716981,1.72,7,False
5526,2.2261,104.0531,2015,2014-07-27,2015-07-27,20.0,0.0,2.5,0.15,0.15,0.85,0.3383018867924529,1.39,0,False
5526,2.2261,104.0531,2016,2015-09-08,2016-09-07,32.19,1.5,4.3,0.3,5.41,5.41,0.7979245283018866,1.71,7,False
5526,2.2261,104.0531,2017,2016-07-24,2017-07-24,32.81,13.75,2.5,0.0,0.0,2.5,0.49830188679245285,1.51,0,False
5526,2.2261,104.0531,2018,2017-07-11,2018-07-11,25.625,0.0,1.8,0.0,0.0,0.0,0.44415094339622646,1.25,0,False
5526,2.2261,104.0531,2019,2018-07-09,2019-07-09,35.94,0.25,2.1,4.61,4.61,4.61,0.6309433962264149,1.65,7,False
5527,2.231,104.0522,2013,2012-09-23,2013-09-23,26.25,0.0,7.0,0.0,1.33,1.5,0.5064150943396227,1.53,0,False
5527,2.231,104.0522,2014,2013-08-27,2014-08-27,21.875,0.0,7.0,0.85,0.85,0.85,0.11415094339622643,0.95,0,False
5527,2.231,104.0522,2015,2014-07-27,2015-07-27,30.94,0.0,6.5,0.15,0.15,0.85,0.3383018867924529,1.39,0,False
5527,2.231,104.0522,2016,2015-09-08,2016-09-07,27.5,0.5,5.0,0.3,5.41,5.41,0.7979245283018866,1.71,7,False
5527,2.231,104.0522,2017,2016-07-24,2017-07-24,30.0,0.0,6.0,0.0,0.0,2.5,0.49830188679245285,1.51,0,False
5527,2.231,104.0522,2018,2017-07-11,2018-07-11,33.435,0.0,7.0,0.0,0.0,0.0,0.44415094339622646,1.25,0,False
5527,2.231,104.0522,2019,2018-07-09,2019-07-09,28.44,6.25,6.6,4.61,4.61,4.61,0.6309433962264149,1.65,7,False
5528,2.2712,104.1273,2013,2012-09-25,2013-09-25,33.435,0.0,7.0,0.0,1.11,1.45,0.5260377358490567,1.51,0,False
5528,2.2712,104.1273,2014,2013-08-26,2014-08-26,26.875,0.0,7.0,0.86,0.86,0.86,0.11528301886792451,0.98,0,False
5528,2.2712,104.1273,2015,2014-07-28,2015-07-28,33.125,0.0,7.0,0.0,0.0,0.86,0.32603773584905654,1.41,0,False
5528,2.2712,104.1273,2016,2015-09-09,2016-09-08,35.625,0.25,6.6,0.3,4.74,4.74,0.7833962264150941,1.65,7,False
5528,2.2712,104.1273,2017,2016-07-24,2017-07-24,32.19,0.25,6.7,0.0,0.0,2.5,0.4839622641509433,1.51,0,False
5528,2.2712,104.1273,2018,2017-07-10,2018-07-10,30.315,0.0,6.7,0.0,0.0,0.0,0.4075471698113208,1.28,0,False
5528,2.2712,104.1273,2019,2018-07-12,2019-07-12,29.69,0.25,7.0,3.9,3.9,3.9,0.6030188679245283,1.56,0,False
5529,2.2733,104.1157,2013,2012-09-25,2013-09-25,43.75,0.0,4.0,0.0,1.11,1.45,0.5260377358490567,1.51,0,False
5529,2.2733,104.1157,2014,2013-08-26,2014-08-26,37.19,0.0,4.0,0.86,0.86,0.86,0.11528301886792451,0.98,0,False
5529,2.2733,104.1157,2015,2014-07-29,2015-07-29,41.875,0.0,4.0,0.0,0.0,0.86,0.32603773584905654,1.41,0,False
5529,2.2733,104.1157,2016,2015-09-09,2016-09-08,37.5,0.0,3.5,0.3,4.74,4.74,0.7833962264150941,1.65,7,False
5529,2.2733,104.1157,2017,2016-07-25,2017-07-25,38.125,0.0,3.6,0.0,0.0,2.5,0.4839622641509433,1.51,0,False
5529,2.2733,104.1157,2018,2017-07-09,2018-07-09,35.94,0.0,3.3,0.0,0.0,0.0,0.408301886792453,1.28,0,False
5529,2.2733,104.1157,2019,2018-07-12,2019-07-12,35.94,0.0,3.9,3.9,3.9,3.9,0.6030188679245283,1.56,0,False
5530,2.303,104.149,2013,2012-09-25,2013-09-25,36.25,0.0,6.0,0.14,1.23,1.55,0.529622641509434,1.51,0,False
5530,2.303,104.149,2014,2013-08-27,2014-08-27,36.25,0.0,6.0,0.86,0.86,0.86,0.11301886792452828,1.01,0,False
5530,2.303,104.149,2015,2014-07-28,2015-07-28,35.94,0.0,6.0,0.0,0.0,0.86,0.3198113207547171,1.39,0,False
5530,2.303,104.149,2016,2015-09-07,2016-09-06,34.06,0.0,5.0,0.3,4.59,4.59,0.7764150943396229,1.66,7,False
5530,2.303,104.149,2017,2016-07-27,2017-07-27,35.625,0.0,6.1,0.0,0.0,2.51,0.48188679245283017,1.51,0,False
5530,2.303,104.149,2018,2017-07-10,2018-07-10,20.625,0.0,5.5,0.0,0.0,0.0,0.3986792452830189,1.32,0,False
5530,2.303,104.149,2019,2018-07-12,2019-07-12,22.5,0.0,5.0,2.67,2.67,2.67,0.5962264150943397,1.53,0,False
5531,2.3132,104.1258,2013,2012-09-25,2013-09-25,28.119999999999997,0.0,5.0,0.14,1.23,1.55,0.529622641509434,1.51,0,False
5531,2.3132,104.1258,2014,2013-08-26,2014-08-26,24.685,0.0,5.0,0.86,0.86,0.86,0.11301886792452828,1.01,0,False
5531,2.3132,104.1258,2015,2014-07-28,2015-07-28,26.869999999999997,0.0,5.0,0.0,0.0,0.86,0.3198113207547171,1.39,0,False
5531,2.3132,104.1258,2016,2015-09-07,2016-09-06,20.935000000000002,0.0,5.0,0.3,4.59,4.59,0.7764150943396229,1.66,7,False
5531,2.3132,104.1258,2017,2016-07-25,2017-07-25,18.125,0.0,4.5,0.0,0.0,2.51,0.48188679245283017,1.51,0,False
5531,2.3132,104.1258,2018,2017-07-09,2018-07-09,29.065,0.0,5.2,0.0,0.0,0.0,0.4000000000000001,1.32,0,False
5531,2.3132,104.1258,2019,2018-07-12,2019-07-12,26.560000000000002,0.0,4.5,2.67,2.67,2.67,0.5962264150943397,1.53,0,False
5532,2.4734,103.9616,2017,2016-03-16,2017-03-16,23.125,0.0,3.5,0.0,0.0,5.18,0.7071698113207547,1.54,7,False
5533,2.4735,103.9589,2017,2016-03-15,2017-03-15,30.94,0.0,2.4,0.0,0.0,5.18,0.7071698113207547,1.54,7,False
5534,2.4819,103.9564,2013,2012-03-06,2013-03-06,31.875,0.0,3.5,0.0,0.0,0.0,0.10339622641509433,1.55,0,False
5534,2.4819,103.9564,2017,2016-03-16,2017-03-16,14.69,0.0,6.0,0.0,0.0,5.18,0.7071698113207547,1.54,7,False
5535,2.5233,103.9736,2017,2016-11-14,2017-11-14,21.875,0.0,5.0,0.0,0.0,0.0,0.5303773584905661,1.44,0,False
5536,2.5706,104.3218,2015,2014-09-17,2015-09-17,30.935,0.0,3.5,0.0,0.0,0.0,0.2737735849056604,1.32,0,False
5536,2.5706,104.3218,2016,2015-10-26,2016-10-25,25.935,0.0,3.0,0.0,2.88,5.05,0.8222641509433963,1.62,7,False
5536,2.5706,104.3218,2017,2016-09-13,2017-09-13,25.315,0.0,3.5,0.0,0.0,0.0,0.4094339622641509,1.33,0,False
5536,2.5706,104.3218,2018,2017-08-25,2018-08-25,31.565,0.0,3.5,0.0,0.0,0.0,0.3128301886792452,1.15,0,False
5536,2.5706,104.3218,2019,2018-09-09,2019-09-09,26.25,0.0,3.6,0.0,1.54,1.54,0.5935849056603774,1.37,0,False
5537,2.5794,104.3158,2013,2012-03-21,2013-03-21,27.5,0.0,4.0,0.0,0.0,0.0,0.1816981132075472,1.49,0,False
5537,2.5794,104.3158,2014,2013-08-06,2014-08-06,28.439999999999998,0.0,4.0,2.83,2.83,2.83,0.12358490566037734,1.3,0,False
5537,2.5794,104.3158,2015,2014-09-17,2015-09-17,26.25,0.0,4.0,0.0,0.0,0.0,0.2737735849056604,1.32,0,False
5537,2.5794,104.3158,2016,2015-10-26,2016-10-25,21.25,0.0,4.0,0.0,2.88,5.05,0.8222641509433963,1.62,7,False
5537,2.5794,104.3158,2017,2016-09-13,2017-09-13,23.439999999999998,0.0,4.0,0.0,0.0,0.0,0.4094339622641509,1.33,0,False
5537,2.5794,104.3158,2018,2017-08-25,2018-08-25,22.185000000000002,0.0,4.5,0.0,0.0,0.0,0.3128301886792452,1.15,0,False
5537,2.5794,104.3158,2019,2018-09-09,2019-09-09,30.935000000000002,0.0,3.3,0.0,1.54,1.54,0.5935849056603774,1.37,0,False
5538,2.5844,104.3363,2015,2014-09-17,2015-09-17,25.619999999999997,0.0,10.0,0.0,0.0,0.0,0.2737735849056604,1.32,0,False
5538,2.5844,104.3363,2016,2015-10-26,2016-10-25,26.56,0.0,10.0,0.0,2.88,5.05,0.8222641509433963,1.62,7,False
5538,2.5844,104.3363,2017,2016-09-13,2017-09-13,27.815,0.0,10.0,0.0,0.0,0.0,0.4094339622641509,1.33,0,False
5538,2.5844,104.3363,2018,2017-08-25,2018-08-25,28.75,0.0,10.0,0.0,0.0,0.0,0.3128301886792452,1.15,0,False
5538,2.5844,104.3363,2019,2018-09-09,2019-09-09,40.0,0.0,8.8,0.0,1.54,1.54,0.5935849056603774,1.37,0,False
5539,2.5967,104.3272,2013,2012-03-19,2013-03-19,15.315,0.0,10.0,0.0,0.0,0.0,0.18115384615384617,1.49,0,False
5539,2.5967,104.3272,2014,2013-04-04,2014-04-04,21.56,0.0,5.0,0.0,0.0,0.89,0.23566037735849057,1.28,0,False
5539,2.5967,104.3272,2014,2013-05-31,2014-05-31,40.625,1.0,7.0,2.83,2.83,2.83,0.21339622641509434,1.3,0,False
5539,2.5967,104.3272,2014,2013-08-06,2014-08-06,33.75,0.0,10.0,2.83,2.83,2.83,0.12358490566037734,1.3,0,False
5539,2.5967,104.3272,2015,2014-09-17,2015-09-17,30.625,0.0,10.0,0.0,0.0,0.0,0.2737735849056604,1.32,0,False
5539,2.5967,104.3272,2016,2015-10-26,2016-10-25,27.19,0.0,10.0,0.0,2.88,5.05,0.8222641509433963,1.62,7,False
5539,2.5967,104.3272,2017,2016-09-13,2017-09-13,30.935,0.0,10.0,0.0,0.0,0.0,0.4094339622641509,1.33,0,False
5539,2.5967,104.3272,2018,2017-08-26,2018-08-26,35.0,0.0,10.0,0.0,0.0,0.0,0.3128301886792452,1.15,0,False
5539,2.5967,104.3272,2019,2018-09-09,2019-09-09,32.5,0.0,9.0,0.0,1.54,1.54,0.5935849056603774,1.37,0,False
5540,2.6688,104.1753,2013,2012-04-03,2013-04-03,24.375,0.0,7.0,0.0,0.0,0.0,0.18415094339622642,1.48,0,False
5540,2.6688,104.1753,2014,2013-08-06,2014-08-06,25.94,0.0,8.0,2.65,2.65,2.65,0.11396226415094339,1.28,0,False
5540,2.6688,104.1753,2015,2014-09-17,2015-09-17,35.31,0.0,8.0,0.0,0.0,0.0,0.2618867924528302,1.36,0,False
5540,2.6688,104.1753,2016,2015-10-26,2016-10-25,35.625,0.0,8.5,0.0,2.86,4.8500000000000005,0.8118867924528301,1.69,7,False
5540,2.6688,104.1753,2017,2016-09-13,2017-09-13,37.5,0.0,8.0,0.0,0.0,0.0,0.409622641509434,1.42,0,False
5540,2.6688,104.1753,2018,2017-08-26,2018-08-26,32.81,0.0,8.0,0.0,0.0,0.0,0.3141509433962264,1.15,0,False
5540,2.6688,104.1753,2019,2018-10-23,2019-10-23,34.69,0.0,8.0,0.0,0.0,1.06,0.6024528301886792,1.4,0,False
5541,2.7415,104.2178,2015,2014-05-12,2015-05-12,36.565,0.0,8.0,0.0,0.0,2.7,0.3037735849056604,1.31,0,False
5541,2.7415,104.2178,2016,2015-09-03,2016-09-02,32.815,0.0,7.0,1.56,5.0,5.0,0.7366037735849057,1.66,7,False
5541,2.7415,104.2178,2017,2016-09-24,2017-09-24,33.12,0.0,8.0,0.0,0.0,0.0,0.42807692307692313,1.32,0,False
5541,2.7415,104.2178,2018,2017-11-10,2018-11-10,37.19,0.0,7.5,0.0,0.0,0.0,0.24981132075471696,1.17,0,False
5541,2.7415,104.2178,2019,2018-09-21,2019-09-21,37.19,0.5,8.0,0.0,1.07,1.07,0.5858490566037735,1.34,0,False
5542,2.7584,104.1992,2015,2014-05-12,2015-05-12,30.94,0.0,6.0,0.0,0.0,2.53,0.2915094339622642,1.36,0,True
5542,2.7584,104.1992,2016,2015-08-22,2016-08-21,34.375,0.0,5.0,3.88,4.91,4.91,0.7250943396226415,1.72,7,True
5542,2.7584,104.1992,2017,2016-09-26,2017-09-26,25.315,3.75,7.0,0.0,0.0,0.0,0.42754716981132074,1.44,0,True
5542,2.7584,104.1992,2018,2017-11-10,2018-11-10,23.75,0.5,6.5,0.0,0.0,0.0,0.24735849056603776,1.17,0,True
5542,2.7584,104.1992,2019,2018-08-27,2019-08-27,27.81,0.0,7.0,0.14,1.39,1.39,0.5849056603773586,1.4,0,True
5543,2.7793,104.2127,2013,2012-07-03,2013-07-03,18.75,0.0,6.0,0.88,0.88,0.88,0.4869811320754717,1.46,0,False
5543,2.7793,104.2127,2014,2013-04-15,2014-04-15,27.814999999999998,0.0,6.0,0.0,0.0,0.88,0.2369811320754717,1.13,0,False
5543,2.7793,104.2127,2015,2014-05-12,2015-05-12,26.560000000000002,0.0,7.0,0.0,0.0,3.01,0.3120754716981133,1.28,0,False
5543,2.7793,104.2127,2016,2015-09-03,2016-09-02,22.5,0.0,6.0,1.41,4.98,4.98,0.7411320754716981,1.66,7,False
5543,2.7793,104.2127,2017,2016-09-24,2017-09-24,38.125,0.0,8.0,0.0,0.0,0.0,0.43692307692307697,1.26,0,False
5543,2.7793,104.2127,2018,2017-11-10,2018-11-10,35.31,0.0,7.0,0.0,0.0,0.0,0.2549056603773585,1.17,0,False
5543,2.7793,104.2127,2019,2018-09-21,2019-09-21,24.06,0.0,7.0,0.0,1.07,1.07,0.5788679245283019,1.34,0,False
5544,2.7924,104.123,2014,2013-04-04,2014-04-04,32.185,0.0,7.7,0.0,0.0,0.9,0.21566037735849056,1.13,0,False
5544,2.7924,104.123,2014,2013-04-24,2014-04-24,28.75,0.0,7.0,0.0,0.0,0.9,0.2081132075471698,1.13,0,False
5544,2.7924,104.123,2015,2014-08-09,2015-08-09,30.0,0.0,8.0,0.0,0.0,0.0,0.26603773584905666,1.34,0,False
5544,2.7924,104.123,2016,2015-09-16,2016-09-15,29.69,0.0,8.0,0.0,5.05,5.05,0.7611320754716981,1.73,7,False
5544,2.7924,104.123,2017,2016-09-12,2017-09-12,28.75,0.0,8.0,0.0,0.0,0.0,0.4116981132075472,1.33,0,False
5544,2.7924,104.123,2018,2017-10-11,2018-10-11,24.69,0.0,8.0,0.0,0.0,0.0,0.27754716981132077,1.21,0,False
5544,2.7924,104.123,2019,2018-10-22,2019-10-22,25.625,0.0,9.0,0.0,0.29,1.69,0.5762264150943396,1.39,0,False
5546,2.81,104.1365,2013,2012-04-11,2013-04-11,40.0,0.0,8.0,0.15,0.15,0.15,0.20660377358490561,1.48,0,False
5546,2.81,104.1365,2014,2013-05-31,2014-05-31,45.315,1.0,6.0,3.02,3.02,3.02,0.22150943396226414,1.27,0,False
5546,2.81,104.1365,2015,2014-06-29,2015-06-29,40.935,0.0,8.0,0.0,0.0,3.02,0.26622641509433964,1.33,0,False
5546,2.81,104.1365,2016,2015-05-30,2016-05-29,41.56,0.0,8.0,5.0600000000000005,5.0600000000000005,5.0600000000000005,0.6156603773584904,1.73,7,False
5546,2.81,104.1365,2017,2016-08-14,2017-08-14,41.870000000000005,0.0,6.5,0.0,0.0,0.0,0.4362264150943396,1.25,0,False
5546,2.81,104.1365,2018,2017-07-22,2018-07-22,40.94,0.0,6.5,0.0,0.0,0.0,0.36622641509433956,1.23,0,False
5546,2.81,104.1365,2019,2018-10-05,2019-10-05,39.375,0.0,8.0,0.0,1.72,1.72,0.558301886792453,1.38,0,False
5547,2.816,104.151,2013,2012-03-28,2013-03-28,24.06,0.0,5.0,0.0,0.0,0.0,0.20698113207547175,1.46,0,False
5547,2.816,104.151,2014,2013-04-05,2014-04-05,12.19,0.0,6.5,0.0,0.0,0.9,0.22943396226415097,1.2,0,False
5547,2.816,104.151,2014,2013-04-23,2014-04-23,16.875,0.0,5.0,0.0,0.0,0.9,0.21735849056603773,1.2,0,False
5547,2.816,104.151,2015,2014-08-25,2015-08-25,15.620000000000001,0.0,5.0,0.0,0.0,0.0,0.27981132075471693,1.32,0,False
5547,2.816,104.151,2016,2015-10-19,2016-10-18,14.69,0.0,6.0,0.0,3.99,4.98,0.8173584905660377,1.69,7,False
5547,2.816,104.151,2017,2016-10-27,2017-10-27,14.06,0.0,6.0,0.0,0.0,0.0,0.47830188679245284,1.25,0,False
5547,2.816,104.151,2018,2017-10-11,2018-10-11,18.125,0.0,5.0,0.0,0.0,0.0,0.2792452830188679,1.22,0,False
5547,2.816,104.151,2019,2018-10-23,2019-10-23,23.125,0.0,5.2,0.0,0.0,1.53,0.5784905660377359,1.36,0,False
5548,2.8242,104.1574,2013,2012-04-11,2013-04-11,37.81,0.0,7.0,0.14,0.14,0.14,0.22358490566037736,1.46,0,False
5548,2.8242,104.1574,2014,2013-04-04,2014-04-04,39.379999999999995,0.0,7.7,0.0,0.0,0.9,0.22943396226415097,1.2,0,False
5548,2.8242,104.1574,2014,2013-04-23,2014-04-23,40.629999999999995,0.0,6.0,0.0,0.0,0.9,0.21735849056603773,1.2,0,False
5548,2.8242,104.1574,2015,2014-08-09,2015-08-09,38.75,0.0,7.0,0.0,0.0,0.0,0.2728301886792453,1.32,0,False
5548,2.8242,104.1574,2016,2015-09-16,2016-09-15,38.75,0.0,8.0,0.0,4.98,4.98,0.7701886792452829,1.69,7,False
5548,2.8242,104.1574,2017,2016-09-12,2017-09-12,34.379999999999995,0.0,8.0,0.0,0.0,0.0,0.42716981132075466,1.25,0,False
5548,2.8242,104.1574,2018,2017-10-10,2018-10-10,25.315,0.0,7.5,0.0,0.0,0.0,0.2792452830188679,1.22,0,False
5548,2.8242,104.1574,2019,2018-10-05,2019-10-05,30.935,0.0,7.0,0.0,1.53,1.53,0.5620754716981132,1.36,0,False
5549,2.8743,104.1876,2015,2014-08-25,2015-08-25,37.5,0.0,6.0,0.0,0.0,0.0,0.28471698113207555,1.34,0,False
5549,2.8743,104.1876,2016,2015-08-22,2016-08-21,44.06,1.0,5.0,4.0200000000000005,5.0,5.0,0.7343396226415094,1.69,7,False
5549,2.8743,104.1876,2017,2016-09-25,2017-09-25,29.69,2.0,8.0,0.0,0.14,0.14,0.45490566037735847,1.27,0,False
5549,2.8743,104.1876,2018,2017-10-29,2018-10-29,17.81,0.0,7.7,0.0,0.0,0.0,0.2664150943396227,1.13,0,False
5549,2.8743,104.1876,2019,2018-07-15,2019-07-15,32.5,0.0,7.4,1.57,1.57,1.57,0.5416981132075472,1.36,0,False
5550,2.8747,104.1468,2013,2012-03-16,2013-03-16,16.56,0.25,6.0,0.0,0.0,0.0,0.1916981132075472,1.47,0,False
5550,2.8747,104.1468,2015,2014-08-10,2015-08-10,14.69,0.0,5.0,0.0,0.0,0.0,0.2741509433962264,1.35,0,False
5550,2.8747,104.1468,2016,2015-09-16,2016-09-15,24.375,0.0,5.5,0.0,5.08,5.08,0.7728301886792456,1.73,7,False
5550,2.8747,104.1468,2017,2016-09-12,2017-09-12,15.94,0.0,5.5,0.0,0.29,0.29,0.4288679245283019,1.26,0,False
5550,2.8747,104.1468,2018,2017-10-09,2018-10-09,16.88,0.0,4.5,0.0,0.0,0.0,0.2886792452830189,1.25,0,False
5550,2.8747,104.1468,2019,2018-10-05,2019-10-05,29.380000000000003,0.0,4.5,0.0,1.74,1.74,0.5581132075471699,1.38,0,False
5551,2.8759,104.1482,2013,2012-03-28,2013-03-28,39.375,0.0,10.0,0.0,0.0,0.0,0.20452830188679244,1.47,0,False
5551,2.8759,104.1482,2015,2014-06-29,2015-06-29,39.375,0.0,8.0,0.0,0.0,3.2,0.2730188679245283,1.35,0,False
5551,2.8759,104.1482,2017,2016-09-12,2017-09-12,43.125,0.0,7.5,0.0,0.29,0.29,0.4288679245283019,1.26,0,False
5551,2.8759,104.1482,2018,2017-07-22,2018-07-22,41.25,0.0,8.5,0.0,0.0,0.29,0.37283018867924533,1.25,0,False
5551,2.8759,104.1482,2019,2018-09-01,2019-09-01,40.31,0.0,8.0,0.0,1.74,1.74,0.5686792452830188,1.38,0,False
5552,2.8886,104.0653,2014,2013-05-27,2014-05-27,9.379999999999999,1.25,7.0,3.26,3.26,3.26,0.2235849056603774,1.3,0,False
5552,2.8886,104.0653,2015,2014-05-05,2015-05-05,8.75,0.0,7.0,0.0,0.0,3.26,0.3147169811320754,1.37,0,False
5552,2.8886,104.0653,2016,2015-08-23,2016-08-22,12.190000000000001,12.5,5.5,2.88,5.36,5.36,0.7375471698113207,1.78,7,False
5552,2.8886,104.0653,2017,2016-10-27,2017-10-27,17.19,0.0,7.0,0.0,0.0,0.45,0.4737735849056605,1.27,0,False
5552,2.8886,104.0653,2018,2017-10-11,2018-10-11,20.94,0.0,7.5,0.0,0.15,0.15,0.2950943396226415,1.23,0,False
5552,2.8886,104.0653,2019,2018-10-03,2019-10-03,25.31,1.5,8.0,0.0,2.11,2.11,0.5592452830188678,1.41,0,False
5553,2.8981,104.0517,2014,2013-05-27,2014-05-27,34.06,0.0,8.0,3.26,3.26,3.26,0.2235849056603774,1.3,0,False
5553,2.8981,104.0517,2015,2014-05-05,2015-05-05,32.81,0.0,8.0,0.0,0.0,3.26,0.3147169811320754,1.37,0,False
5553,2.8981,104.0517,2016,2015-08-21,2016-08-20,34.06,0.0,8.5,4.23,5.36,5.36,0.7375471698113207,1.78,7,False
5553,2.8981,104.0517,2017,2016-10-27,2017-10-27,42.19,0.0,7.5,0.0,0.0,0.45,0.4737735849056605,1.27,0,False
5553,2.8981,104.0517,2018,2017-10-11,2018-10-11,42.81,0.0,8.5,0.0,0.15,0.15,0.2950943396226415,1.23,0,False
5553,2.8981,104.0517,2019,2018-10-22,2019-10-22,41.870000000000005,0.0,9.0,0.0,0.6,2.11,0.5743396226415093,1.41,0,False
5554,2.9039,104.1044,2013,2012-03-30,2013-03-30,21.56,0.0,7.0,0.0,0.0,0.0,0.21773584905660376,1.47,0,False
5554,2.9039,104.1044,2016,2015-08-23,2016-08-22,35.0,31.75,8.5,2.82,4.98,4.98,0.7449056603773584,1.71,7,False
5554,2.9039,104.1044,2017,2016-09-14,2017-09-14,40.0,0.0,7.0,0.0,0.31,0.31,0.43773584905660384,1.28,0,False
5555,2.9108,104.1126,2013,2012-03-30,2013-03-30,5.0,0.0,7.0,0.0,0.0,0.0,0.21773584905660376,1.47,0,False
5555,2.9108,104.1126,2014,2013-05-27,2014-05-27,21.25,0.0,6.0,3.37,3.37,3.37,0.2371698113207547,1.29,0,False
5555,2.9108,104.1126,2015,2014-05-05,2015-05-05,33.120000000000005,0.0,6.0,0.0,0.0,3.37,0.32924528301886796,1.36,0,False
5555,2.9108,104.1126,2016,2015-08-21,2016-08-20,30.935,0.5,5.0,4.16,4.98,4.98,0.7449056603773584,1.71,7,False
5555,2.9108,104.1126,2017,2016-09-14,2017-09-14,32.5,0.0,8.0,0.0,0.31,0.31,0.43773584905660384,1.28,0,False
5555,2.9108,104.1126,2018,2017-10-10,2018-10-10,30.315,0.0,7.5,0.0,0.0,0.0,0.2964150943396226,1.24,0,False
5555,2.9108,104.1126,2019,2018-10-04,2019-10-04,39.370000000000005,0.0,6.0,0.0,2.06,2.06,0.5647169811320756,1.36,0,False
5556,2.9149,104.1084,2013,2012-03-31,2013-03-31,26.25,0.0,7.0,0.0,0.0,0.0,0.21773584905660376,1.47,0,False
5556,2.9149,104.1084,2014,2013-05-27,2014-05-27,26.875,0.0,7.0,3.37,3.37,3.37,0.2371698113207547,1.29,0,False
5556,2.9149,104.1084,2015,2014-05-06,2015-05-06,29.06,0.0,8.0,0.0,0.0,3.37,0.32924528301886796,1.36,0,False
5556,2.9149,104.1084,2016,2015-08-20,2016-08-19,25.0,5.0,7.0,4.16,4.98,4.98,0.7435849056603773,1.71,7,False
5556,2.9149,104.1084,2017,2016-09-14,2017-09-14,24.06,0.0,8.0,0.0,0.31,0.31,0.43773584905660384,1.28,0,False
5556,2.9149,104.1084,2018,2017-10-09,2018-10-09,32.5,0.0,8.0,0.0,0.0,0.0,0.2964150943396226,1.24,0,False
5556,2.9149,104.1084,2019,2018-10-04,2019-10-04,35.315,0.0,7.5,0.0,2.06,2.06,0.5647169811320756,1.36,0,False
5557,2.9324,104.0969,2013,2012-03-31,2013-03-31,14.06,0.0,12.0,0.0,0.0,0.0,0.2050943396226415,1.49,0,False
5557,2.9324,104.0969,2014,2013-04-05,2014-04-05,20.94,0.0,9.7,0.0,0.0,1.13,0.22,1.31,0,False
5557,2.9324,104.0969,2015,2014-05-06,2015-05-06,26.875,0.0,10.0,0.0,0.0,3.5500000000000003,0.320566037735849,1.36,0,False
5557,2.9324,104.0969,2016,2015-08-20,2016-08-19,28.435,1.25,9.7,4.25,5.0600000000000005,5.0600000000000005,0.7445283018867924,1.76,7,False
5557,2.9324,104.0969,2017,2016-09-14,2017-09-14,39.06,0.0,9.5,0.0,0.31,0.31,0.4262264150943396,1.28,0,False
5557,2.9324,104.0969,2018,2017-10-09,2018-10-09,39.375,0.0,10.0,0.0,0.14,0.14,0.3009433962264151,1.23,0,False
5557,2.9324,104.0969,2019,2018-10-04,2019-10-04,36.56,0.0,9.0,0.0,2.1,2.1,0.5624528301886792,1.38,0,False
5558,3.9942,100.5341,2015,2014-02-12,2015-02-12,12.19,0.0,5.0,0.0,0.0,1.24,0.5843396226415095,1.11,0,False
5558,3.9942,100.5341,2016,2015-02-02,2016-02-02,9.685,0.25,6.0,0.0,0.0,0.17,0.6060377358490565,1.76,0,False
5558,3.9942,100.5341,2017,2016-03-22,2017-03-22,11.56,0.0,6.5,0.0,0.0,5.97,0.8160377358490566,1.5,0,False
5558,3.9942,100.5341,2018,2017-02-07,2018-02-07,13.435,0.0,5.0,0.0,0.0,0.0,0.5841509433962264,1.25,0,False
5558,3.9942,100.5341,2019,2018-02-26,2019-02-26,16.564999999999998,0.0,5.6,0.0,0.0,0.18,0.6635849056603774,1.39,0,False
5559,4.0016,100.5491,2015,2014-02-14,2015-02-14,20.94,0.0,5.0,0.0,0.0,1.1,0.5973584905660378,1.1,0,False
5559,4.0016,100.5491,2016,2015-02-02,2016-02-02,16.25,0.0,5.0,0.0,0.0,0.17,0.609811320754717,1.77,0,False
5559,4.0016,100.5491,2017,2016-03-23,2017-03-23,17.5,0.0,6.4,0.0,0.0,5.8100000000000005,0.8184905660377358,1.5,0,False
5559,4.0016,100.5491,2018,2017-02-08,2018-02-08,18.75,0.0,5.0,0.0,0.0,0.0,0.5922641509433964,1.3,0,False
5559,4.0016,100.5491,2019,2018-02-26,2019-02-26,14.69,0.0,4.7,0.0,0.0,0.17,0.6688679245283019,1.36,0,False
5560,4.0027,100.5467,2013,2012-01-10,2013-01-09,8.125,0.0,8.0,0.0,0.0,0.0,0.44962264150943393,1.1,0,False
5560,4.0027,100.5467,2014,2013-01-28,2014-01-28,10.629999999999999,0.0,5.0,0.0,0.0,0.66,0.48283018867924526,1.17,0,False
5560,4.0027,100.5467,2015,2014-02-13,2015-02-13,5.31,0.0,5.0,0.0,0.0,1.1,0.5973584905660378,1.1,0,False
5560,4.0027,100.5467,2016,2015-01-28,2016-01-28,5.0,0.0,5.0,0.0,0.0,0.17,0.600377358490566,1.77,0,False
5560,4.0027,100.5467,2017,2016-03-22,2017-03-22,5.0,0.0,6.0,0.0,0.0,5.8100000000000005,0.8184905660377358,1.5,0,False
5560,4.0027,100.5467,2018,2017-02-07,2018-02-07,3.75,0.0,5.2,0.0,0.0,0.0,0.5922641509433964,1.3,0,False
5560,4.0027,100.5467,2019,2018-02-26,2019-02-26,1.56,0.0,4.4,0.0,0.0,0.17,0.6688679245283019,1.36,0,False
5561,4.0065,100.5348,2013,2012-01-09,2013-01-08,20.31,0.0,4.0,0.0,0.0,0.0,0.4446153846153846,1.1,0,False
5561,4.0065,100.5348,2014,2013-01-27,2014-01-27,10.31,0.0,5.0,0.0,0.0,0.66,0.48283018867924526,1.17,0,False
5561,4.0065,100.5348,2015,2014-02-12,2015-02-12,15.625,0.0,5.0,0.0,0.0,1.1,0.589622641509434,1.1,0,False
5561,4.0065,100.5348,2016,2015-02-02,2016-02-02,11.25,0.0,4.5,0.0,0.0,0.17,0.609811320754717,1.77,0,False
5561,4.0065,100.5348,2017,2016-03-21,2017-03-21,10.0,0.0,4.5,0.0,0.0,5.8100000000000005,0.8184905660377358,1.5,0,False
5561,4.0065,100.5348,2018,2017-02-06,2018-02-06,7.19,0.0,4.2,0.0,0.0,0.0,0.5922641509433964,1.3,0,False
5561,4.0065,100.5348,2019,2018-02-26,2019-02-26,6.56,0.0,3.5,0.0,0.0,0.17,0.6688679245283019,1.36,0,False
5562,4.0114,100.5351,2014,2013-01-27,2014-01-27,25.31,0.0,5.0,0.0,0.0,0.66,0.48283018867924526,1.17,0,False
5562,4.0114,100.5351,2015,2014-02-13,2015-02-13,24.375,0.0,5.0,0.0,0.0,1.1,0.5973584905660378,1.1,0,False
5562,4.0114,100.5351,2016,2015-02-02,2016-02-02,24.69,0.0,5.0,0.0,0.0,0.17,0.609811320754717,1.77,0,False
5562,4.0114,100.5351,2017,2016-03-21,2017-03-21,22.81,0.0,6.5,0.0,0.0,5.8100000000000005,0.8184905660377358,1.5,0,False
5562,4.0114,100.5351,2018,2017-02-06,2018-02-06,22.19,0.0,5.0,0.0,0.0,0.0,0.5922641509433964,1.3,0,False
5562,4.0114,100.5351,2019,2018-02-27,2019-02-27,24.375,0.0,5.3,0.0,0.0,0.17,0.6781132075471697,1.44,0,False
5563,4.0122,100.5449,2013,2012-01-09,2013-01-08,17.5,0.0,4.0,0.0,0.0,0.0,0.4446153846153846,1.1,0,False
5563,4.0122,100.5449,2014,2013-01-28,2014-01-28,10.0,0.0,5.0,0.0,0.0,0.66,0.48283018867924526,1.17,0,False
5563,4.0122,100.5449,2015,2014-02-14,2015-02-14,4.69,0.0,5.0,0.0,0.0,1.1,0.5973584905660378,1.1,0,False
5563,4.0122,100.5449,2016,2015-02-02,2016-02-02,8.125,0.0,5.5,0.0,0.0,0.17,0.609811320754717,1.77,0,False
5563,4.0122,100.5449,2017,2016-03-22,2017-03-22,3.44,0.0,5.5,0.0,0.0,5.8100000000000005,0.8184905660377358,1.5,0,False
5563,4.0122,100.5449,2018,2017-02-07,2018-02-07,2.5,0.0,5.5,0.0,0.0,0.0,0.5922641509433964,1.3,0,False
5563,4.0122,100.5449,2019,2018-02-27,2019-02-27,5.31,0.0,5.0,0.0,0.0,0.17,0.6781132075471697,1.44,0,False
5564,4.0224,100.5479,2013,2012-01-08,2013-01-07,21.875,0.0,6.0,0.0,0.0,0.0,0.4532075471698113,1.1,0,False
5564,4.0224,100.5479,2014,2013-01-26,2014-01-26,20.0,0.0,5.0,0.0,0.0,0.66,0.48283018867924526,1.17,0,False
5564,4.0224,100.5479,2015,2014-02-13,2015-02-13,12.5,0.0,5.0,0.0,0.0,1.1,0.5973584905660378,1.1,0,False
5564,4.0224,100.5479,2016,2015-02-02,2016-02-02,12.81,0.0,5.0,0.0,0.0,0.17,0.609811320754717,1.77,0,False
5564,4.0224,100.5479,2017,2016-03-23,2017-03-23,5.9399999999999995,0.0,6.0,0.0,0.0,5.8100000000000005,0.8184905660377358,1.5,0,False
5564,4.0224,100.5479,2018,2017-02-06,2018-02-06,17.5,0.0,5.2,0.0,0.0,0.0,0.5922641509433964,1.3,0,False
5564,4.0224,100.5479,2019,2018-02-27,2019-02-27,9.69,0.0,4.8,0.0,0.0,0.17,0.6781132075471697,1.44,0,False
5565,4.0321,100.55,2013,2012-01-08,2013-01-07,15.31,0.0,6.0,0.0,0.0,0.0,0.4532075471698113,1.1,0,False
5565,4.0321,100.55,2014,2013-01-26,2014-01-26,18.75,0.0,5.0,0.0,0.0,0.66,0.48283018867924526,1.17,0,False
5565,4.0321,100.55,2015,2014-02-13,2015-02-13,14.06,0.0,5.0,0.0,0.0,1.1,0.5973584905660378,1.1,0,False
5565,4.0321,100.55,2016,2015-01-28,2016-01-28,16.869999999999997,0.0,3.5,0.0,0.0,0.17,0.600377358490566,1.77,0,False
5565,4.0321,100.55,2017,2016-03-23,2017-03-23,12.5,0.0,5.5,0.0,0.0,5.8100000000000005,0.8184905660377358,1.5,0,False
5565,4.0321,100.55,2018,2017-02-08,2018-02-08,4.375,0.0,5.0,0.0,0.0,0.0,0.5922641509433964,1.3,0,False
5565,4.0321,100.55,2019,2018-02-27,2019-02-27,1.25,0.0,4.8,0.0,0.0,0.17,0.6781132075471697,1.44,0,False
5566,4.0575,100.5397,2013,2012-01-10,2013-01-09,20.625,0.0,5.0,0.0,0.0,0.0,0.45603773584905655,1.11,0,False
5566,4.0575,100.5397,2014,2013-01-26,2014-01-26,16.25,0.0,5.0,0.0,0.0,0.67,0.4867924528301886,1.17,0,False
5566,4.0575,100.5397,2015,2014-02-12,2015-02-12,20.625,0.0,5.0,0.0,0.0,1.26,0.5971698113207546,1.11,0,False
5566,4.0575,100.5397,2016,2015-01-28,2016-01-28,14.06,0.25,4.0,0.0,0.0,0.32,0.6075471698113208,1.77,0,False
5566,4.0575,100.5397,2017,2016-03-21,2017-03-21,12.5,0.0,6.7,0.0,0.0,6.3,0.8220754716981131,1.49,0,False
5566,4.0575,100.5397,2018,2017-02-08,2018-02-08,15.0,0.0,5.2,0.0,0.0,0.0,0.6032075471698114,1.36,0,False
5566,4.0575,100.5397,2019,2018-02-28,2019-02-28,15.31,0.0,6.1,0.0,0.0,0.17,0.6867924528301886,1.47,0,False
5567,4.1125,118.2251,2013,2012-11-06,2013-11-06,22.81,1.5,12.0,0.0,1.33,2.62,0.5815094339622642,1.39,0,False
5567,4.1125,118.2251,2015,2014-04-21,2015-04-21,11.875,15.0,12.0,0.0,0.14,2.37,0.6054716981132074,1.45,0,False
5567,4.1125,118.2251,2017,2016-05-29,2017-05-29,22.81,0.0,11.0,0.66,0.66,8.540000000000001,0.7288679245283021,1.68,14,False
5568,4.1394,118.234,2013,2012-11-06,2013-11-06,21.25,0.0,8.0,0.0,1.33,2.62,0.5815094339622642,1.39,0,False
5568,4.1394,118.234,2017,2016-05-29,2017-05-29,9.06,0.0,11.0,0.66,0.66,8.540000000000001,0.7288679245283021,1.68,14,False
5569,4.1409,118.1799,2013,2012-11-06,2013-11-06,4.0649999999999995,2.0,8.0,0.0,1.34,2.67,0.5792452830188679,1.42,0,False
5569,4.1409,118.1799,2015,2014-04-21,2015-04-21,22.5,37.5,8.0,0.0,0.16,2.62,0.608679245283019,1.46,0,False
5569,4.1409,118.1799,2017,2016-05-29,2017-05-29,10.625,0.25,6.5,1.11,1.11,8.93,0.7349056603773585,1.67,14,False
5570,4.184,118.8629,2017,2016-06-01,2017-06-01,8.125,0.0,10.0,0.45,0.45,3.11,0.6752830188679246,1.68,0,False
5571,4.1899,100.5483,2013,2012-01-08,2013-01-07,38.44,0.0,4.0,0.0,0.0,0.0,0.490377358490566,1.15,0,False
5571,4.1899,100.5483,2014,2013-01-28,2014-01-28,27.81,0.0,5.0,0.0,0.0,0.99,0.5062264150943396,1.25,0,False
5571,4.1899,100.5483,2015,2014-02-14,2015-02-14,34.375,0.0,5.0,0.0,0.0,1.28,0.6275471698113207,1.13,0,False
5571,4.1899,100.5483,2016,2015-01-29,2016-01-29,44.375,0.0,3.0,0.0,0.0,0.33,0.6337735849056605,1.77,0,False
5571,4.1899,100.5483,2017,2016-03-23,2017-03-23,33.125,0.0,4.8,0.0,0.0,6.73,0.8333962264150943,1.47,0,False
5571,4.1899,100.5483,2018,2017-02-08,2018-02-08,14.375,0.0,2.1,0.0,0.0,0.0,0.6284905660377359,1.35,0,False
5571,4.1899,100.5483,2019,2018-02-28,2019-02-28,27.5,0.0,3.7,0.0,0.0,0.14,0.7015094339622643,1.48,0,False
5572,4.2063,118.7848,2017,2016-06-01,2017-06-01,8.12,0.0,10.0,0.32,0.32,4.45,0.6884905660377357,1.62,7,False
5573,4.2102,118.6799,2013,2012-11-04,2013-11-04,5.630000000000001,0.5,8.0,0.0,1.27,2.04,0.5733962264150942,1.39,0,False
5573,4.2102,118.6799,2015,2014-04-24,2015-04-24,7.19,7.5,10.0,0.15,0.15,1.78,0.5120754716981132,1.24,0,False
5573,4.2102,118.6799,2016,2015-05-09,2016-05-08,5.3149999999999995,0.0,10.0,2.69,2.69,2.69,0.5756603773584906,1.82,0,False
5573,4.2102,118.6799,2017,2016-05-14,2017-05-14,9.38,0.0,10.0,0.0,0.14,5.8500000000000005,0.7034615384615386,1.61,21,False
5573,4.2102,118.6799,2018,2017-04-12,2018-04-12,16.25,0.0,10.0,0.0,0.0,0.95,0.7835849056603774,1.54,0,False
5573,4.2102,118.6799,2019,2018-07-21,2019-07-21,7.8149999999999995,0.75,10.0,0.58,0.58,1.32,0.5530188679245283,1.01,0,False
5574,4.2142,118.6756,2015,2014-04-26,2015-04-26,1.56,0.5,9.0,0.15,0.15,1.78,0.5120754716981132,1.24,0,False
5574,4.2142,118.6756,2016,2015-05-10,2016-05-09,15.0,0.5,8.0,2.69,2.69,2.69,0.5756603773584906,1.82,0,False
5574,4.2142,118.6756,2017,2016-05-15,2017-05-15,11.875,0.0,9.0,0.0,0.14,5.8500000000000005,0.7026415094339623,1.61,21,False
5574,4.2142,118.6756,2018,2017-03-12,2018-03-12,17.814999999999998,2.0,8.0,0.0,0.49,0.95,0.7339622641509435,1.54,0,False
5574,4.2142,118.6756,2019,2018-07-21,2019-07-21,13.75,0.5,9.0,0.58,0.58,1.32,0.5530188679245283,1.01,0,False
5575,4.2253,118.6881,2015,2014-04-26,2015-04-26,2.5,1.25,9.0,0.15,0.15,1.78,0.5120754716981132,1.24,0,False
5575,4.2253,118.6881,2016,2015-05-09,2016-05-08,11.565,1.0,9.0,2.69,2.69,2.69,0.5756603773584906,1.82,0,False
5575,4.2253,118.6881,2017,2016-05-14,2017-05-14,5.0,0.0,9.0,0.0,0.14,5.8500000000000005,0.7034615384615386,1.61,21,False
5575,4.2253,118.6881,2018,2017-04-12,2018-04-12,5.315,0.25,9.0,0.0,0.0,0.95,0.7835849056603774,1.54,0,False
5575,4.2253,118.6881,2019,2018-10-17,2019-10-17,5.3100000000000005,8.75,9.0,0.15,0.58,0.58,0.5620754716981132,1.37,0,False
5577,4.2295,118.68,2015,2014-04-24,2015-04-24,5.3100000000000005,20.0,10.0,0.15,0.15,1.78,0.5120754716981132,1.24,0,False
5577,4.2295,118.68,2016,2015-05-10,2016-05-09,9.69,0.0,10.0,2.69,2.69,2.69,0.5756603773584906,1.82,0,False
5577,4.2295,118.68,2017,2016-05-16,2017-05-16,3.44,0.0,10.0,0.0,0.14,5.8500000000000005,0.7026415094339623,1.61,21,False
5577,4.2295,118.68,2018,2017-04-13,2018-04-13,5.3100000000000005,0.0,10.0,0.0,0.0,0.95,0.7835849056603774,1.54,0,False
5577,4.2295,118.68,2019,2018-10-17,2019-10-17,3.44,13.75,10.0,0.15,0.58,0.58,0.5620754716981132,1.37,0,False
5581,4.2366,118.5532,2013,2012-11-05,2013-11-05,10.935,0.0,8.0,0.0,1.31,1.63,0.5907692307692308,1.37,0,False
5581,4.2366,118.5532,2014,2013-03-26,2014-03-26,23.75,0.0,10.0,0.0,0.0,1.63,0.5850943396226416,1.53,0,False
5581,4.2366,118.5532,2015,2014-04-19,2015-04-19,8.75,0.0,11.0,0.0,0.0,1.87,0.5258490566037736,1.25,0,False
5581,4.2366,118.5532,2017,2016-03-06,2017-03-06,7.8100000000000005,0.0,5.0,0.0,0.0,6.57,0.8347169811320756,1.81,21,False
5582,4.2394,118.4335,2013,2012-11-05,2013-11-05,17.5,0.75,8.0,0.0,1.79,2.59,0.5884615384615385,1.38,0,False
5582,4.2394,118.4335,2015,2014-04-19,2015-04-19,17.814999999999998,2.5,8.0,0.0,0.0,1.91,0.5656603773584906,1.34,0,False
5582,4.2394,118.4335,2017,2016-03-06,2017-03-06,10.0,0.25,7.0,0.0,0.0,7.76,0.8554716981132076,1.83,28,False
5585,4.2504,118.6273,2015,2014-12-07,2015-12-07,10.620000000000001,0.5,9.0,0.0,0.0,1.63,0.3775471698113207,1.41,0,False
5585,4.2504,118.6273,2016,2015-05-11,2016-05-10,14.69,0.0,8.0,3.04,3.04,3.04,0.5992452830188679,1.88,0,False
5586,4.2551,118.5338,2014,2013-03-26,2014-03-26,22.19,14.75,10.0,0.0,0.0,2.25,0.5967924528301887,1.53,0,False
5586,4.2551,118.5338,2015,2014-04-19,2015-04-19,16.25,2.5,8.0,0.0,0.0,2.03,0.5349056603773585,1.28,0,False
5586,4.2551,118.5338,2017,2016-03-06,2017-03-06,12.5,0.0,5.0,0.0,0.0,6.91,0.8477358490566038,1.84,21,False
5587,4.2731,113.8147,2015,2014-08-21,2015-08-21,23.125,3.5,11.0,0.0,0.0,0.0,0.41566037735849054,1.71,0,False
5587,4.2731,113.8147,2016,2015-08-15,2016-08-14,30.315,0.0,8.8,0.35,0.35,0.35,0.6533962264150944,1.51,0,False
5587,4.2731,113.8147,2017,2016-05-20,2017-05-20,33.75,0.0,9.0,0.14,0.14,0.35,0.9337735849056604,2.72,0,False
5587,4.2731,113.8147,2018,2017-04-14,2018-04-14,29.060000000000002,4.75,10.0,0.0,0.0,0.81,0.7709433962264154,1.49,0,False
5587,4.2731,113.8147,2019,2018-04-13,2019-04-13,27.815,4.75,8.0,0.0,0.0,0.16,0.8141509433962265,1.73,0,False
5588,4.2764,113.8167,2013,2012-11-12,2013-11-12,26.875,1.25,11.0,0.0,0.0,0.31,0.591923076923077,1.66,0,False
5588,4.2764,113.8167,2014,2013-05-31,2014-05-31,29.69,1.25,10.0,0.0,0.0,0.31,0.2581132075471698,1.24,0,False
5588,4.2764,113.8167,2015,2014-08-22,2015-08-22,21.875,4.5,10.0,0.0,0.0,0.0,0.41566037735849054,1.71,0,False
5588,4.2764,113.8167,2016,2015-08-29,2016-08-28,20.625,4.5,13.0,0.16,0.35,0.35,0.6801886792452829,1.51,0,False
5588,4.2764,113.8167,2017,2016-08-26,2017-08-26,28.75,0.0,10.0,0.81,0.81,0.81,0.9369811320754717,2.72,0,False
5588,4.2764,113.8167,2018,2017-05-19,2018-05-19,34.685,0.75,10.0,0.0,0.0,0.81,0.7533962264150942,1.49,0,False
5588,4.2764,113.8167,2019,2018-09-21,2019-09-21,33.44,0.0,10.0,0.0,0.0,0.0,0.8092452830188679,1.73,0,False
5589,4.2871,118.7253,2013,2012-11-04,2013-11-04,11.870000000000001,0.25,8.0,0.0,1.1,2.04,0.5815094339622641,1.42,0,False
5589,4.2871,118.7253,2015,2014-04-24,2015-04-24,15.0,32.5,10.0,0.15,0.15,2.05,0.4945283018867925,1.29,0,False
5589,4.2871,118.7253,2017,2016-06-01,2017-06-01,10.94,0.25,9.0,0.47,0.47,5.25,0.6922641509433962,1.64,14,False
5590,4.2872,113.8197,2013,2012-11-12,2013-11-12,26.875,0.0,10.0,0.0,0.0,0.31,0.591923076923077,1.66,0,False
5590,4.2872,113.8197,2014,2013-09-27,2014-09-27,22.5,0.25,12.5,0.0,0.0,0.0,0.2788679245283019,1.15,0,False
5590,4.2872,113.8197,2015,2014-08-21,2015-08-21,25.94,2.5,13.0,0.0,0.0,0.0,0.41566037735849054,1.71,0,False
5590,4.2872,113.8197,2016,2015-08-15,2016-08-14,25.0,0.0,11.0,0.35,0.35,0.35,0.6533962264150944,1.51,0,False
5590,4.2872,113.8197,2017,2016-08-26,2017-08-26,27.81,0.0,13.0,0.81,0.81,0.81,0.9369811320754717,2.72,0,False
5590,4.2872,113.8197,2018,2017-05-19,2018-05-19,27.5,2.25,13.0,0.0,0.0,0.81,0.7533962264150942,1.49,0,False
5590,4.2872,113.8197,2019,2018-04-27,2019-04-27,39.06,2.25,12.0,0.0,0.0,0.16,0.827358490566038,1.73,0,False
5591,4.2925,113.8258,2013,2012-11-13,2013-11-13,23.75,0.75,10.0,0.0,0.0,0.31,0.5866037735849057,1.66,0,False
5591,4.2925,113.8258,2014,2013-08-23,2014-08-23,20.315,0.0,11.0,0.0,0.0,0.0,0.27679245283018866,1.24,0,False
5591,4.2925,113.8258,2015,2014-08-22,2015-08-22,18.119999999999997,4.0,11.0,0.0,0.0,0.0,0.41566037735849054,1.71,0,False
5591,4.2925,113.8258,2016,2015-08-29,2016-08-28,14.375,4.0,15.0,0.16,0.35,0.35,0.6801886792452829,1.51,0,False
5591,4.2925,113.8258,2017,2016-06-10,2017-06-10,10.315,5.25,12.0,0.49,0.49,0.49,0.9132075471698113,2.72,0,False
5591,4.2925,113.8258,2018,2017-10-20,2018-10-20,14.375,1.75,11.0,0.0,0.16,0.16,0.7186792452830186,1.49,0,False
5591,4.2925,113.8258,2019,2018-04-20,2019-04-20,21.25,0.0,11.0,0.0,0.0,0.16,0.8271698113207551,1.73,0,False
5592,4.2939,113.8261,2014,2013-05-31,2014-05-31,16.87,0.0,12.0,0.0,0.0,0.31,0.2581132075471698,1.24,0,False
5592,4.2939,113.8261,2015,2014-10-24,2015-10-24,11.25,9.5,12.0,0.0,0.0,0.0,0.44698113207547174,1.71,0,False
5592,4.2939,113.8261,2016,2015-05-15,2016-05-14,11.559999999999999,0.0,12.0,0.19,0.19,0.19,0.6339622641509435,1.51,0,False
5592,4.2939,113.8261,2017,2016-09-16,2017-09-16,11.56,3.25,12.0,0.81,0.81,0.81,0.950566037735849,2.72,0,False
5592,4.2939,113.8261,2018,2017-10-07,2018-10-07,15.94,0.0,11.0,0.0,0.16,0.46,0.7149056603773584,1.49,0,False
5592,4.2939,113.8261,2019,2018-09-21,2019-09-21,10.935,0.0,11.0,0.0,0.0,0.0,0.8092452830188679,1.73,0,False
5593,4.3004,118.8407,2014,2013-03-27,2014-03-27,15.620000000000001,0.0,10.0,0.0,0.0,1.61,0.5481132075471697,1.5,0,False
5593,4.3004,118.8407,2015,2014-04-25,2015-04-25,15.31,2.75,9.0,0.15,0.15,1.88,0.4379245283018869,1.31,0,False
5593,4.3004,118.8407,2017,2016-06-02,2017-06-02,12.5,0.0,5.0,0.14,0.14,3.98,0.640566037735849,1.69,0,False
5594,4.3133,118.8764,2015,2014-04-25,2015-04-25,4.69,0.25,9.0,0.0,0.0,1.87,0.41679245283018873,1.29,0,False
5594,4.3133,118.8764,2017,2016-05-30,2017-05-30,5.31,0.0,10.0,0.0,0.0,3.26,0.6260377358490568,1.72,0,False
5594,4.3133,118.8764,2017,2016-06-02,2017-06-02,4.369999999999999,0.0,9.0,0.0,0.0,3.26,0.6260377358490568,1.72,0,False
5595,4.3161,118.8751,2014,2013-03-27,2014-03-27,12.5,0.0,10.0,0.0,0.0,1.33,0.530188679245283,1.55,0,False
5595,4.3161,118.8751,2015,2014-04-25,2015-04-25,7.19,0.25,9.0,0.0,0.0,1.87,0.41679245283018873,1.29,0,False
5595,4.3161,118.8751,2017,2016-06-02,2017-06-02,4.375,0.0,10.0,0.0,0.0,3.26,0.6260377358490568,1.72,0,False
5597,4.3433,113.8975,2013,2012-11-13,2013-11-13,10.0,0.0,5.0,0.0,0.0,0.31,0.5845283018867925,1.67,0,False
5597,4.3433,113.8975,2014,2013-09-27,2014-09-27,18.75,0.0,8.0,0.0,0.0,0.0,0.2867924528301887,1.17,0,False
5597,4.3433,113.8975,2015,2014-10-24,2015-10-24,15.94,8.25,5.5,0.0,0.0,0.0,0.4550943396226416,1.65,0,False
5597,4.3433,113.8975,2016,2015-11-20,2016-11-19,14.379999999999999,8.25,5.0,0.0,0.14,0.49,0.6237735849056606,1.55,0,False
5597,4.3433,113.8975,2017,2016-10-06,2017-10-06,13.75,8.5,6.0,0.31,0.79,0.79,0.989245283018868,2.76,0,False
5597,4.3433,113.8975,2018,2017-08-19,2018-08-19,11.25,0.0,6.0,0.17,0.17,0.79,0.7115094339622642,1.47,0,False
5597,4.3433,113.8975,2019,2018-04-20,2019-04-20,16.875,0.0,5.0,0.0,0.0,0.17,0.8326415094339623,1.77,0,False
5599,4.4447,118.7551,2014,2013-03-24,2014-03-24,9.69,0.0,10.0,0.0,0.0,1.56,0.5681132075471698,1.36,0,False
5599,4.4447,118.7551,2017,2016-06-07,2017-06-07,5.0,0.0,7.5,0.31,0.31,4.74,0.6328301886792452,1.66,7,False
5600,4.4459,118.7678,2017,2016-06-08,2017-06-08,1.875,0.0,7.5,0.31,0.31,4.74,0.6328301886792452,1.66,7,False
5601,4.4679,118.5912,2014,2013-03-23,2014-03-23,40.0,3.0,10.0,0.15,0.15,2.66,0.6171698113207548,1.42,0,False
5601,4.4679,118.5912,2017,2016-06-09,2017-06-09,23.435,0.5,9.4,1.41,1.41,6.3500000000000005,0.7573584905660377,1.53,7,False
5602,4.4734,118.946,2014,2013-03-25,2014-03-25,13.75,0.0,10.6,0.0,0.0,0.81,0.5222641509433962,1.35,0,False
5602,4.4734,118.946,2017,2016-06-05,2017-06-05,9.06,0.0,10.0,0.0,0.0,2.25,0.5732075471698113,1.59,0,False
5603,4.5042,118.9417,2013,2012-06-02,2013-06-02,29.065,0.0,5.5,0.34,0.34,0.62,0.4277358490566038,1.28,0,False
5603,4.5042,118.9417,2014,2013-07-05,2014-07-05,32.5,0.0,5.0,0.8300000000000001,0.8300000000000001,0.8300000000000001,0.4366037735849056,1.26,0,False
5603,4.5042,118.9417,2015,2014-06-08,2015-06-08,31.25,0.0,7.0,0.0,0.0,0.8300000000000001,0.36754716981132074,1.19,0,False
5603,4.5042,118.9417,2016,2015-05-27,2016-05-26,29.065,0.0,6.0,2.03,2.03,2.03,0.4633962264150943,1.57,0,False
5603,4.5042,118.9417,2017,2016-07-16,2017-07-16,15.935,0.0,6.0,0.0,0.0,2.01,0.5153846153846154,1.31,0,False
5603,4.5042,118.9417,2018,2017-08-07,2018-08-07,16.56,0.0,6.0,0.94,0.94,0.94,0.7064150943396227,1.3,0,False
5603,4.5042,118.9417,2019,2018-07-07,2019-07-07,14.065,0.0,7.0,0.0,0.0,0.94,0.42962264150943397,0.99,0,False
5604,4.5142,118.7263,2014,2013-03-23,2014-03-23,10.94,7.75,10.0,0.0,0.0,2.01,0.5745283018867925,1.32,0,False
5604,4.5142,118.7263,2017,2016-06-07,2017-06-07,9.06,0.25,7.0,0.46,0.46,5.32,0.6424528301886792,1.53,7,False
5605,4.5211,118.8048,2014,2013-03-24,2014-03-24,19.369999999999997,0.0,10.0,0.0,0.0,0.95,0.5422641509433962,1.28,0,False
5605,4.5211,118.8048,2017,2016-06-06,2017-06-06,8.75,0.0,7.0,0.0,0.0,4.09,0.5867924528301887,1.51,0,False
5606,4.5454,118.8258,2014,2013-03-24,2014-03-24,11.875,0.0,10.0,0.0,0.0,0.95,0.5422641509433962,1.28,0,False
5606,4.5454,118.8258,2017,2016-06-07,2017-06-07,4.69,0.0,10.0,0.0,0.0,4.09,0.5867924528301887,1.51,0,False
5607,4.5493,118.9292,2014,2013-03-25,2014-03-25,19.69,0.0,10.0,0.0,0.0,0.65,0.519622641509434,1.28,0,False
5607,4.5493,118.9292,2017,2016-06-05,2017-06-05,14.685,0.0,10.0,0.0,0.0,2.52,0.5650943396226416,1.51,0,False
5608,4.556,118.9271,2013,2012-06-02,2013-06-02,25.31,0.0,5.0,0.33,0.33,0.46,0.4335849056603775,1.24,0,False
5608,4.556,118.9271,2014,2013-06-22,2014-06-22,24.375,0.0,7.0,0.68,0.68,0.68,0.43056603773584906,1.22,0,False
5608,4.556,118.9271,2015,2014-06-08,2015-06-08,22.81,0.0,7.0,0.15,0.15,0.68,0.3722641509433963,1.21,0,False
5608,4.556,118.9271,2016,2015-05-27,2016-05-26,25.0,0.0,6.0,2.2,2.2,2.2,0.4679245283018868,1.5,0,False
5608,4.556,118.9271,2017,2016-07-16,2017-07-16,26.56,0.0,6.0,0.15,0.15,2.17,0.5075000000000001,1.3,0,False
5608,4.556,118.9271,2018,2017-08-07,2018-08-07,25.935,0.0,6.0,0.48,0.48,0.48,0.7064150943396225,1.32,0,False
5608,4.556,118.9271,2019,2018-07-07,2019-07-07,22.185,0.0,7.0,0.0,0.0,0.48,0.4339622641509434,0.96,0,False
5609,4.5586,118.615,2014,2013-03-23,2014-03-23,42.5,1.0,10.0,0.0,0.0,2.48,0.5941509433962264,1.41,0,False
5609,4.5586,118.615,2017,2016-05-30,2017-05-30,23.44,0.0,8.0,0.64,0.64,6.3500000000000005,0.7094339622641508,1.5,7,False
5610,4.5587,118.5545,2017,2016-06-08,2017-06-08,8.125,0.0,7.0,1.39,1.39,6.44,0.740754716981132,1.49,7,False
5613,4.5702,118.9569,2013,2012-06-03,2013-06-03,8.125,0.0,7.0,0.2,0.2,0.46,0.4283018867924528,1.24,0,False
5613,4.5702,118.9569,2014,2013-06-23,2014-06-23,7.1899999999999995,0.0,8.0,0.7000000000000001,0.7000000000000001,0.7000000000000001,0.4239622641509434,1.23,0,False
5613,4.5702,118.9569,2015,2014-06-09,2015-06-09,6.56,0.0,6.0,0.15,0.15,0.7000000000000001,0.36452830188679247,1.24,0,False
5613,4.5702,118.9569,2016,2015-05-30,2016-05-29,7.19,0.0,6.0,1.66,1.66,1.66,0.4466037735849056,1.46,0,False
5613,4.5702,118.9569,2017,2016-07-17,2017-07-17,5.619999999999999,0.0,6.0,0.0,0.0,1.66,0.5020754716981133,1.29,0,False
5613,4.5702,118.9569,2018,2017-08-07,2018-08-07,4.375,0.0,6.0,0.49,0.49,0.49,0.7030188679245284,1.31,0,False
5613,4.5702,118.9569,2019,2018-07-08,2019-07-08,8.12,0.0,7.0,0.0,0.0,0.49,0.4226415094339622,0.96,0,False
5616,4.5792,118.9203,2014,2013-03-24,2014-03-24,12.19,5.5,10.0,0.0,0.0,0.65,0.519056603773585,1.24,0,False
5616,4.5792,118.9203,2014,2013-06-22,2014-06-22,6.25,0.0,7.0,0.68,0.68,0.68,0.43056603773584906,1.22,0,False
5616,4.5792,118.9203,2017,2016-06-06,2017-06-06,8.435,0.0,10.0,0.15,0.15,2.67,0.5592452830188679,1.43,0,False
5617,4.5793,118.9402,2013,2012-06-03,2013-06-03,6.56,0.25,9.0,0.33,0.33,0.46,0.4335849056603775,1.24,0,False
5617,4.5793,118.9402,2014,2013-06-23,2014-06-23,7.81,0.0,9.0,0.68,0.68,0.68,0.43056603773584906,1.22,0,False
5617,4.5793,118.9402,2015,2014-06-09,2015-06-09,8.435,0.0,12.0,0.15,0.15,0.68,0.3722641509433963,1.21,0,False
5617,4.5793,118.9402,2016,2015-05-30,2016-05-29,6.875,0.0,12.0,2.35,2.35,2.35,0.46905660377358493,1.5,0,False
5617,4.5793,118.9402,2017,2016-06-05,2017-06-05,3.125,0.0,10.0,0.15,0.15,2.67,0.5592452830188679,1.43,0,False
5617,4.5793,118.9402,2018,2017-09-07,2018-09-07,5.619999999999999,0.0,12.0,0.0,0.48,0.48,0.6645283018867926,1.32,0,False
5617,4.5793,118.9402,2019,2018-07-08,2019-07-08,9.06,0.0,10.0,0.0,0.0,0.48,0.4339622641509434,0.96,0,False
5618,4.5818,118.9132,2013,2012-06-02,2013-06-02,12.19,0.0,8.0,0.33,0.33,0.46,0.4335849056603775,1.24,0,False
5618,4.5818,118.9132,2015,2014-06-08,2015-06-08,3.44,0.0,8.0,0.15,0.15,0.68,0.3722641509433963,1.21,0,False
5618,4.5818,118.9132,2016,2015-05-27,2016-05-26,5.31,0.0,6.0,2.2,2.2,2.2,0.4679245283018868,1.5,0,False
5618,4.5818,118.9132,2017,2016-07-17,2017-07-17,1.56,0.0,6.0,0.15,0.15,2.17,0.5075471698113208,1.3,0,False
5618,4.5818,118.9132,2018,2017-09-07,2018-09-07,5.0,0.75,7.0,0.0,0.48,0.48,0.6645283018867926,1.32,0,False
5618,4.5818,118.9132,2019,2018-07-08,2019-07-08,9.06,0.0,7.0,0.0,0.0,0.48,0.4339622641509434,0.96,0,False
5619,4.5849,118.9409,2013,2012-06-03,2013-06-03,16.875,0.0,5.0,0.33,0.33,0.46,0.4335849056603775,1.24,0,False
5619,4.5849,118.9409,2014,2013-06-22,2014-06-22,11.875,0.0,5.0,0.68,0.68,0.68,0.43056603773584906,1.22,0,False
5619,4.5849,118.9409,2015,2014-06-09,2015-06-09,19.375,0.0,6.0,0.15,0.15,0.68,0.3722641509433963,1.21,0,False
5619,4.5849,118.9409,2016,2015-05-30,2016-05-29,15.0,0.0,6.0,2.35,2.35,2.35,0.46905660377358493,1.5,0,False
5619,4.5849,118.9409,2017,2016-07-16,2017-07-16,11.25,0.0,6.0,0.15,0.15,2.17,0.5075000000000001,1.3,0,False
5619,4.5849,118.9409,2018,2017-08-07,2018-08-07,9.69,0.0,6.0,0.48,0.48,0.48,0.7064150943396225,1.32,0,False
5619,4.5849,118.9409,2019,2018-07-07,2019-07-07,13.125,0.0,6.5,0.0,0.0,0.48,0.4339622641509434,0.96,0,False
5620,4.5921,118.8613,2014,2013-04-22,2014-04-22,4.6899999999999995,26.5,10.0,0.0,0.0,0.8,0.46509433962264146,1.19,0,False
5620,4.5921,118.8613,2017,2016-06-06,2017-06-06,2.5,0.0,8.0,0.15,0.15,3.09,0.5671698113207547,1.44,0,False
5621,4.6022,118.7682,2014,2013-04-23,2014-04-23,34.065,0.0,7.5,0.0,0.0,1.53,0.4830188679245283,1.28,0,False
5621,4.6022,118.7682,2015,2014-04-23,2015-04-23,30.16,0.0,7.5,0.0,0.0,0.64,0.41113207547169817,1.11,0,False
5621,4.6022,118.7682,2016,2015-04-14,2016-04-13,30.0025,0.0,7.5,0.0,0.0,0.15,0.4986792452830189,1.41,0,False
5621,4.6022,118.7682,2017,2016-05-24,2017-05-24,37.5,0.0,7.5,0.15,0.15,4.69,0.6045283018867924,1.4,7,False
5621,4.6022,118.7682,2018,2017-04-11,2018-04-11,36.565,0.0,7.5,0.0,0.0,0.3,0.7473584905660375,1.44,0,False
5622,4.6332,118.5893,2017,2016-06-08,2017-06-08,12.81,2.75,7.0,1.39,1.39,6.38,0.7281132075471699,1.49,7,False
5625,4.7427,118.5137,2017,2016-06-09,2017-06-09,31.875,0.0,11.1,1.71,1.71,6.12,0.7026415094339622,1.49,7,False
5633,4.8004,103.6743,2014,2013-08-16,2014-08-16,5.0,0.0,5.0,3.36,3.83,3.83,0.25849056603773585,1.43,0,False
5633,4.8004,103.6743,2015,2014-06-20,2015-06-20,7.5,0.0,6.0,0.15,0.15,3.83,0.3062264150943396,1.71,0,False
5633,4.8004,103.6743,2016,2015-06-11,2016-06-10,7.81,40.0,4.5,4.22,4.22,4.22,0.7079245283018869,1.86,0,False
5633,4.8004,103.6743,2017,2016-05-05,2017-05-05,15.629999999999999,0.0,5.0,0.0,0.0,4.22,0.6796226415094337,1.7,0,False
5633,4.8004,103.6743,2018,2017-07-27,2018-07-27,5.9350000000000005,0.0,5.8,1.63,1.63,1.63,0.40679245283018867,1.44,0,False
5633,4.8004,103.6743,2019,2018-06-29,2019-06-29,25.63,5.0,4.9,2.65,2.65,2.65,0.6396226415094339,1.45,0,False
5637,4.8061,103.6745,2014,2013-08-15,2014-08-15,29.69,0.25,6.0,3.83,3.83,3.83,0.25849056603773585,1.43,0,False
5637,4.8061,103.6745,2015,2014-06-19,2015-06-19,24.06,0.0,5.5,0.15,0.15,3.83,0.3062264150943396,1.71,0,False
5637,4.8061,103.6745,2016,2015-06-11,2016-06-10,27.185,25.0,5.0,4.22,4.22,4.22,0.7079245283018869,1.86,0,False
5637,4.8061,103.6745,2017,2016-05-06,2017-05-06,26.56,15.0,5.0,0.0,0.0,4.22,0.6796226415094337,1.7,0,False
5637,4.8061,103.6745,2018,2017-07-27,2018-07-27,27.81,0.0,5.8,1.63,1.63,1.63,0.40679245283018867,1.44,0,False
5637,4.8061,103.6745,2019,2018-06-28,2019-06-28,25.62,30.0,5.1,2.65,2.65,2.65,0.6396226415094339,1.45,0,False
5638,4.8091,103.6778,2014,2013-08-15,2014-08-15,32.19,0.0,3.0,3.83,3.83,3.83,0.25849056603773585,1.43,0,False
5638,4.8091,103.6778,2015,2014-06-19,2015-06-19,38.44,15.0,4.5,0.15,0.15,3.83,0.3062264150943396,1.71,0,False
5638,4.8091,103.6778,2016,2015-06-11,2016-06-10,40.94,72.5,4.0,4.22,4.22,4.22,0.7079245283018869,1.86,0,False
5638,4.8091,103.6778,2017,2016-06-05,2017-06-05,37.5,15.0,3.5,0.3,0.3,4.22,0.631509433962264,1.7,0,False
5638,4.8091,103.6778,2018,2017-07-27,2018-07-27,38.435,0.0,7.0,1.63,1.63,1.63,0.40679245283018867,1.44,0,False
5638,4.8091,103.6778,2019,2018-06-29,2019-06-29,42.185,2.5,4.2,2.65,2.65,2.65,0.6396226415094339,1.45,0,False
5640,4.8128,103.6759,2014,2013-08-16,2014-08-16,13.44,0.5,7.0,3.36,3.83,3.83,0.25849056603773585,1.43,0,False
5640,4.8128,103.6759,2015,2014-06-20,2015-06-20,22.5,0.0,6.5,0.15,0.15,3.83,0.3062264150943396,1.71,0,False
5640,4.8128,103.6759,2016,2015-06-12,2016-06-11,12.19,0.0,6.0,4.22,4.22,4.22,0.7073584905660376,1.86,0,False
5640,4.8128,103.6759,2017,2016-06-05,2017-06-05,14.379999999999999,0.0,6.0,0.3,0.3,4.22,0.631509433962264,1.7,0,False
5640,4.8128,103.6759,2018,2017-07-28,2018-07-28,27.81,0.0,7.3,1.63,1.63,1.63,0.40679245283018867,1.44,0,False
5640,4.8128,103.6759,2019,2018-06-28,2019-06-28,10.94,5.0,6.3,2.65,2.65,2.65,0.6396226415094339,1.45,0,False
5642,4.8155,103.6804,2014,2013-08-16,2014-08-16,34.375,0.0,6.0,3.36,3.83,3.83,0.25849056603773585,1.43,0,False
5642,4.8155,103.6804,2015,2014-06-20,2015-06-20,36.56,0.0,6.0,0.15,0.15,3.83,0.3062264150943396,1.71,0,False
5642,4.8155,103.6804,2016,2015-06-12,2016-06-11,34.065,15.0,5.0,4.22,4.22,4.22,0.7073584905660376,1.86,0,False
5642,4.8155,103.6804,2017,2016-05-05,2017-05-05,37.185,0.0,5.0,0.0,0.0,4.22,0.6796226415094337,1.7,0,False
5642,4.8155,103.6804,2018,2017-07-28,2018-07-28,27.815,0.0,5.8,1.63,1.63,1.63,0.40679245283018867,1.44,0,False
5642,4.8155,103.6804,2019,2018-06-28,2019-06-28,31.880000000000003,20.0,6.7,2.65,2.65,2.65,0.6396226415094339,1.45,0,False
5643,4.8173,103.6792,2014,2013-08-15,2014-08-15,16.875,0.25,10.0,3.83,3.83,3.83,0.25849056603773585,1.43,0,False
5643,4.8173,103.6792,2015,2014-06-19,2015-06-19,17.81,0.0,12.0,0.15,0.15,3.83,0.3062264150943396,1.71,0,False
5643,4.8173,103.6792,2016,2015-06-11,2016-06-10,19.69,0.5,11.0,4.22,4.22,4.22,0.7079245283018869,1.86,0,False
5643,4.8173,103.6792,2017,2016-05-05,2017-05-05,20.31,0.0,12.0,0.0,0.0,4.22,0.6796226415094337,1.7,0,False
5643,4.8173,103.6792,2018,2017-07-28,2018-07-28,18.435,0.0,8.8,1.63,1.63,1.63,0.40679245283018867,1.44,0,False
5643,4.8173,103.6792,2019,2018-06-29,2019-06-29,22.19,3.75,9.6,2.65,2.65,2.65,0.6396226415094339,1.45,0,False
5644,4.9074,118.2432,2013,2012-12-12,2013-12-12,15.625,0.0,8.5,0.0,0.0,0.77,0.5452830188679245,1.45,0,False
5644,4.9074,118.2432,2014,2013-09-28,2014-09-28,11.875,0.0,8.5,0.0,2.14,2.14,0.5279245283018869,1.47,0,False
5644,4.9074,118.2432,2015,2014-09-10,2015-09-10,10.31,0.0,8.5,0.0,1.52,1.52,0.5269811320754716,1.33,0,False
5644,4.9074,118.2432,2016,2015-09-26,2016-09-25,7.8149999999999995,0.0,7.9,0.3,7.0600000000000005,7.0600000000000005,0.9764150943396226,1.67,21,False
5644,4.9074,118.2432,2017,2016-08-09,2017-08-09,11.56,0.0,8.5,1.28,1.28,1.28,0.7426415094339622,1.52,0,False
5644,4.9074,118.2432,2018,2017-09-10,2018-09-10,9.685,0.25,8.5,0.0,0.0,0.0,0.8056603773584905,1.41,0,False
5644,4.9074,118.2432,2019,2018-09-09,2019-09-09,14.06,0.0,8.5,0.15,1.64,1.64,0.7792452830188679,1.31,0,False
5645,4.9085,118.1774,2014,2013-09-30,2014-09-30,15.935,0.0,8.0,0.0,2.17,2.17,0.5545283018867926,1.47,0,True
5645,4.9085,118.1774,2015,2014-09-09,2015-09-09,25.31,0.0,8.0,0.0,1.7,1.7,0.5641509433962263,1.42,0,True
5645,4.9085,118.1774,2016,2015-09-25,2016-09-24,11.25,0.0,7.6,0.3,7.35,7.35,1.0124528301886793,1.7,21,True
5645,4.9085,118.1774,2017,2016-07-09,2017-07-09,19.375,0.0,8.0,1.75,1.75,6.25,0.8153846153846155,1.6,0,True
5645,4.9085,118.1774,2018,2017-09-09,2018-09-09,14.379999999999999,0.0,8.0,0.44,0.44,0.44,0.8562264150943397,1.48,0,True
5645,4.9085,118.1774,2019,2018-09-08,2019-09-08,22.5,0.0,8.0,0.44,3.18,3.18,0.8577358490566035,1.36,0,True
5646,4.9123,118.2543,2013,2012-12-12,2013-12-12,23.44,0.0,5.5,0.0,0.0,0.78,0.5413207547169813,1.45,0,False
5646,4.9123,118.2543,2014,2013-09-28,2014-09-28,20.625,0.0,6.0,0.0,2.12,2.12,0.5220754716981133,1.47,0,False
5646,4.9123,118.2543,2015,2014-09-10,2015-09-10,10.625,0.0,6.0,0.0,1.5,1.5,0.5133962264150943,1.29,0,False
5646,4.9123,118.2543,2016,2015-09-26,2016-09-25,17.5,0.0,7.9,0.31,7.04,7.04,0.9675471698113206,1.67,21,False
5646,4.9123,118.2543,2017,2016-08-09,2017-08-09,4.685,0.0,6.0,1.57,1.57,1.57,0.7254716981132076,1.48,0,False
5646,4.9123,118.2543,2018,2017-09-10,2018-09-10,8.125,0.0,6.0,0.0,0.0,0.0,0.7918867924528303,1.41,0,False
5646,4.9123,118.2543,2019,2018-09-09,2019-09-09,5.0,0.0,6.0,0.16,1.2,1.2,0.7533962264150943,1.27,0,False
5647,4.9208,118.2013,2014,2013-09-30,2014-09-30,24.065,0.0,8.5,0.0,2.14,2.14,0.5279245283018869,1.47,0,False
5647,4.9208,118.2013,2015,2014-09-09,2015-09-09,17.81,0.0,7.0,0.0,1.52,1.52,0.5269811320754716,1.33,0,False
5647,4.9208,118.2013,2016,2015-09-25,2016-09-24,16.56,0.0,8.5,0.3,7.0600000000000005,7.0600000000000005,0.9764150943396226,1.67,21,False
5647,4.9208,118.2013,2017,2016-07-09,2017-07-09,7.81,0.0,8.0,1.28,1.28,5.96,0.7523076923076923,1.64,0,False
5647,4.9208,118.2013,2018,2017-09-09,2018-09-09,12.5,0.0,8.5,0.0,0.0,0.0,0.8056603773584905,1.41,0,False
5647,4.9208,118.2013,2019,2018-09-08,2019-09-08,8.12,0.0,8.5,0.15,1.64,1.64,0.7792452830188679,1.31,0,False
5649,4.9235,118.2561,2014,2013-09-26,2014-09-26,24.064999999999998,0.0,8.0,0.0,2.12,2.12,0.5220754716981133,1.47,0,False
5649,4.9235,118.2561,2015,2014-09-11,2015-09-11,7.1899999999999995,0.0,8.7,0.0,1.5,1.5,0.5079245283018867,1.29,0,False
5649,4.9235,118.2561,2016,2015-09-26,2016-09-25,4.375,0.0,7.0,0.31,7.04,7.04,0.9675471698113206,1.67,21,False
5649,4.9235,118.2561,2017,2016-09-09,2017-09-09,2.815,0.0,8.0,0.63,1.57,1.57,0.7349056603773585,1.51,0,False
5649,4.9235,118.2561,2018,2017-09-10,2018-09-10,17.185,0.0,8.0,0.0,0.0,0.0,0.7918867924528303,1.41,0,False
5649,4.9235,118.2561,2019,2018-09-09,2019-09-09,8.75,0.0,8.0,0.16,1.2,1.2,0.7533962264150943,1.27,0,False
5650,4.924,118.2667,2014,2013-09-29,2014-09-29,20.94,0.0,11.0,0.0,2.12,2.12,0.5220754716981133,1.47,0,False
5650,4.924,118.2667,2015,2014-09-10,2015-09-10,25.31,0.0,11.0,0.0,1.5,1.5,0.5133962264150943,1.29,0,False
5650,4.924,118.2667,2016,2015-09-26,2016-09-25,10.62,0.0,11.0,0.31,7.04,7.04,0.9675471698113206,1.67,21,False
5650,4.924,118.2667,2017,2016-09-09,2017-09-09,15.31,0.0,11.0,0.63,1.57,1.57,0.7349056603773585,1.51,0,False
5650,4.924,118.2667,2018,2017-09-11,2018-09-11,20.0,0.0,11.0,0.0,0.0,0.0,0.780188679245283,1.41,0,False
5650,4.924,118.2667,2019,2018-09-09,2019-09-09,19.69,0.0,11.0,0.16,1.2,1.2,0.7533962264150943,1.27,0,False
5654,4.9302,118.2285,2014,2013-09-30,2014-09-30,24.69,0.0,6.0,0.0,2.14,2.14,0.5279245283018869,1.47,0,False
5654,4.9302,118.2285,2015,2014-09-09,2015-09-09,23.75,0.0,6.0,0.0,1.52,1.52,0.5269811320754716,1.33,0,False
5654,4.9302,118.2285,2016,2015-09-25,2016-09-24,18.435,0.0,6.1,0.3,7.0600000000000005,7.0600000000000005,0.9764150943396226,1.67,21,False
5654,4.9302,118.2285,2017,2016-07-09,2017-07-09,18.119999999999997,0.0,6.0,1.28,1.28,5.96,0.7523076923076923,1.64,0,False
5654,4.9302,118.2285,2018,2017-09-09,2018-09-09,15.935,0.0,6.0,0.0,0.0,0.0,0.8056603773584905,1.41,0,False
5654,4.9302,118.2285,2019,2018-09-08,2019-09-08,10.625,0.0,6.0,0.15,1.64,1.64,0.7792452830188679,1.31,0,False
5656,4.9379,118.2744,2013,2012-12-11,2013-12-11,10.625,0.0,10.0,0.0,0.0,0.78,0.5413207547169813,1.45,0,False
5656,4.9379,118.2744,2014,2013-09-27,2014-09-27,19.369999999999997,3.75,10.0,0.0,2.12,2.12,0.5220754716981133,1.47,0,False
5656,4.9379,118.2744,2015,2014-09-08,2015-09-08,5.31,0.0,10.0,0.0,1.5,1.5,0.5133962264150943,1.29,0,False
5656,4.9379,118.2744,2016,2015-09-24,2016-09-23,10.62,0.0,10.4,0.31,7.04,7.04,0.960754716981132,1.67,21,False
5656,4.9379,118.2744,2017,2016-06-09,2017-06-09,6.880000000000001,0.0,10.0,1.57,1.57,7.04,0.7667924528301888,1.64,7,False
5656,4.9379,118.2744,2018,2017-09-11,2018-09-11,3.435,0.0,10.0,0.0,0.0,0.0,0.780188679245283,1.41,0,False
5656,4.9379,118.2744,2019,2018-09-10,2019-09-10,4.375,0.0,10.0,0.16,1.2,1.2,0.7533962264150943,1.27,0,False
5659,4.9416,118.2824,2013,2012-12-11,2013-12-11,14.375,0.0,10.0,0.0,0.0,0.78,0.5413207547169813,1.45,0,False
5659,4.9416,118.2824,2014,2013-09-27,2014-09-27,27.185,0.0,10.0,0.0,2.12,2.12,0.5220754716981133,1.47,0,False
5659,4.9416,118.2824,2015,2014-09-08,2015-09-08,20.625,0.0,10.0,0.0,1.5,1.5,0.5133962264150943,1.29,0,False
5659,4.9416,118.2824,2016,2015-09-24,2016-09-23,17.189999999999998,0.0,9.3,0.31,7.04,7.04,0.960754716981132,1.67,21,False
5659,4.9416,118.2824,2017,2016-06-09,2017-06-09,17.19,0.0,10.0,1.57,1.57,7.04,0.7667924528301888,1.64,7,False
5659,4.9416,118.2824,2018,2017-09-12,2018-09-12,10.0,0.0,10.0,0.0,0.0,0.0,0.780188679245283,1.41,0,False
5659,4.9416,118.2824,2019,2018-09-10,2019-09-10,14.375,0.0,10.0,0.16,1.2,1.2,0.7533962264150943,1.27,0,False
5660,4.9425,118.2939,2013,2012-12-10,2013-12-10,15.94,0.0,6.5,0.0,0.0,0.78,0.5240384615384616,1.45,0,False
5660,4.9425,118.2939,2014,2013-09-27,2014-09-27,23.119999999999997,0.0,6.5,0.0,2.12,2.12,0.5220754716981133,1.47,0,False
5660,4.9425,118.2939,2015,2014-09-08,2015-09-08,15.94,0.0,6.0,0.0,1.5,1.5,0.5133962264150943,1.29,0,False
5660,4.9425,118.2939,2016,2015-09-24,2016-09-23,8.75,0.0,6.0,0.31,7.04,7.04,0.960754716981132,1.67,21,False
5660,4.9425,118.2939,2017,2016-06-09,2017-06-09,11.56,0.0,6.5,1.57,1.57,7.04,0.7667924528301888,1.64,7,False
5660,4.9425,118.2939,2018,2017-09-12,2018-09-12,16.56,0.0,6.0,0.0,0.0,0.0,0.780188679245283,1.41,0,False
5660,4.9425,118.2939,2019,2018-09-11,2019-09-11,22.5,0.0,6.0,0.16,1.2,1.2,0.7632075471698114,1.27,0,False
5663,4.9487,118.2513,2014,2013-09-29,2014-09-29,29.69,0.0,7.0,0.0,2.12,2.12,0.5220754716981133,1.47,0,False
5663,4.9487,118.2513,2015,2014-09-11,2015-09-11,20.315,0.0,7.0,0.0,1.5,1.5,0.5079245283018867,1.29,0,False
5663,4.9487,118.2513,2016,2015-09-26,2016-09-25,25.310000000000002,0.0,6.7,0.31,7.04,7.04,0.9675471698113206,1.67,21,False
5663,4.9487,118.2513,2017,2016-09-09,2017-09-09,15.315,0.0,7.0,0.63,1.57,1.57,0.7349056603773585,1.51,0,False
5663,4.9487,118.2513,2018,2017-09-12,2018-09-12,17.5,0.25,7.0,0.0,0.0,0.0,0.780188679245283,1.41,0,False
5663,4.9487,118.2513,2019,2018-09-10,2019-09-10,14.375,0.0,7.0,0.16,1.2,1.2,0.7533962264150943,1.27,0,False
5664,4.9488,118.2578,2013,2012-12-10,2013-12-10,26.875,0.0,7.5,0.0,0.0,0.78,0.5240384615384616,1.45,0,False
5664,4.9488,118.2578,2014,2013-09-28,2014-09-28,29.06,0.0,8.0,0.0,2.12,2.12,0.5220754716981133,1.47,0,False
5664,4.9488,118.2578,2015,2014-09-08,2015-09-08,26.875,0.0,8.0,0.0,1.5,1.5,0.5133962264150943,1.29,0,False
5664,4.9488,118.2578,2016,2015-09-26,2016-09-25,24.065,0.0,7.6,0.31,7.04,7.04,0.9675471698113206,1.67,21,False
5664,4.9488,118.2578,2017,2016-08-09,2017-08-09,13.44,0.0,8.0,1.57,1.57,1.57,0.7254716981132076,1.48,0,False
5664,4.9488,118.2578,2018,2017-09-11,2018-09-11,17.19,0.25,8.0,0.0,0.0,0.0,0.780188679245283,1.41,0,False
5664,4.9488,118.2578,2019,2018-09-10,2019-09-10,19.69,0.0,8.0,0.16,1.2,1.2,0.7533962264150943,1.27,0,False
5666,4.9509,118.2579,2013,2012-12-12,2013-12-12,30.625,0.0,8.5,0.0,0.0,0.77,0.5452830188679245,1.45,0,True
5666,4.9509,118.2579,2014,2013-09-26,2014-09-26,19.375,0.0,8.5,0.0,2.14,2.14,0.5279245283018869,1.47,0,True
5666,4.9509,118.2579,2015,2014-09-10,2015-09-10,17.19,0.0,8.5,0.0,1.52,1.52,0.5269811320754716,1.33,0,True
5666,4.9509,118.2579,2016,2015-09-26,2016-09-25,18.75,0.0,7.6,0.3,7.0600000000000005,7.0600000000000005,0.9764150943396226,1.67,21,True
5666,4.9509,118.2579,2017,2016-05-09,2017-05-09,31.56,0.0,8.0,0.35,0.35,7.0600000000000005,0.8026415094339626,1.64,21,True
5666,4.9509,118.2579,2018,2017-09-11,2018-09-11,15.625,0.0,8.5,0.0,0.0,0.0,0.7937735849056601,1.41,0,True
5666,4.9509,118.2579,2019,2018-09-11,2019-09-11,14.69,0.0,8.5,0.15,1.64,1.64,0.7890566037735849,1.31,0,True
5667,4.963,118.2528,2013,2012-12-10,2013-12-10,24.369999999999997,0.0,8.0,0.0,0.0,0.77,0.5280769230769231,1.45,0,True
5667,4.963,118.2528,2014,2013-09-26,2014-09-26,32.815,0.0,7.5,0.0,2.14,2.14,0.5279245283018869,1.47,0,True
5667,4.963,118.2528,2015,2014-09-09,2015-09-09,19.685000000000002,0.0,8.0,0.0,1.52,1.52,0.5269811320754716,1.33,0,True
5667,4.963,118.2528,2016,2015-09-25,2016-09-24,26.880000000000003,0.0,8.2,0.3,7.0600000000000005,7.0600000000000005,0.9764150943396226,1.67,21,True
5667,4.963,118.2528,2017,2016-05-09,2017-05-09,31.875,0.0,8.0,0.35,0.35,7.0600000000000005,0.8026415094339626,1.64,21,True
5667,4.963,118.2528,2018,2017-09-12,2018-09-12,0.31,0.0,8.0,0.0,0.0,0.0,0.7937735849056601,1.41,0,True
5667,4.963,118.2528,2019,2018-09-11,2019-09-11,1.56,0.0,8.0,0.15,1.64,1.64,0.7890566037735849,1.31,0,True
5668,4.9671,118.264,2013,2012-12-10,2013-12-10,24.369999999999997,0.0,5.5,0.0,0.0,0.77,0.5280769230769231,1.45,0,True
5668,4.9671,118.264,2014,2013-09-26,2014-09-26,29.369999999999997,0.25,5.5,0.0,2.14,2.14,0.5279245283018869,1.47,0,True
5668,4.9671,118.264,2015,2014-09-11,2015-09-11,13.129999999999999,0.0,5.5,0.0,1.52,1.52,0.5222641509433962,1.33,0,True
5668,4.9671,118.264,2016,2015-09-24,2016-09-23,24.38,0.0,6.0,0.3,7.0600000000000005,7.0600000000000005,0.9696226415094339,1.67,21,True
5668,4.9671,118.264,2017,2016-05-09,2017-05-09,30.94,0.0,8.0,0.35,0.35,7.0600000000000005,0.8026415094339626,1.64,21,True
5668,4.9671,118.264,2018,2017-09-13,2018-09-13,18.75,0.25,5.5,0.0,0.0,0.0,0.7937735849056601,1.41,0,True
5668,4.9671,118.264,2019,2018-09-11,2019-09-11,13.125,0.0,5.5,0.15,1.64,1.64,0.7890566037735849,1.31,0,True
5669,5.2088,103.2695,2013,2012-07-31,2013-07-31,35.620000000000005,0.0,9.0,0.81,1.13,1.13,0.5958490566037736,1.6,0,False
5669,5.2088,103.2695,2014,2013-08-13,2014-08-13,34.69,1.0,7.5,2.75,2.75,2.75,0.3284905660377358,1.5,0,False
5669,5.2088,103.2695,2015,2014-06-17,2015-06-17,32.19,0.0,10.5,0.3,0.3,2.75,0.3949056603773585,1.51,0,False
5669,5.2088,103.2695,2016,2015-06-19,2016-06-18,39.69,20.0,8.5,2.82,2.82,2.82,0.6692452830188678,1.91,0,False
5669,5.2088,103.2695,2017,2016-07-29,2017-07-29,29.375,0.0,7.9,0.0,0.0,2.26,0.6173584905660378,1.65,0,False
5669,5.2088,103.2695,2018,2017-07-20,2018-07-20,28.125,0.0,9.7,0.29,0.29,0.29,0.5154716981132076,1.25,0,False
5669,5.2088,103.2695,2019,2018-07-19,2019-07-19,35.94,6.25,8.9,2.48,2.48,2.48,0.8281132075471698,1.29,0,False
5670,5.2245,103.261,2013,2012-07-30,2013-07-30,22.19,0.0,4.5,0.81,1.13,1.13,0.5953846153846154,1.6,0,False
5670,5.2245,103.261,2015,2014-06-17,2015-06-17,26.875,2.5,6.0,0.3,0.3,2.75,0.3949056603773585,1.51,0,False
5670,5.2245,103.261,2016,2015-06-19,2016-06-18,33.435,65.0,4.0,2.82,2.82,2.82,0.6692452830188678,1.91,0,False
5670,5.2245,103.261,2017,2016-07-29,2017-07-29,35.0,0.0,4.9,0.0,0.0,2.26,0.6173584905660378,1.65,0,False
5670,5.2245,103.261,2018,2017-07-21,2018-07-21,32.5,0.0,4.9,0.29,0.29,0.29,0.5154716981132076,1.25,0,False
5670,5.2245,103.261,2019,2018-07-20,2019-07-20,33.125,65.0,4.4,2.48,2.48,2.48,0.8281132075471698,1.29,0,False
5671,5.2298,103.268,2013,2012-07-30,2013-07-30,22.185,0.0,8.0,0.81,1.13,1.13,0.5953846153846154,1.6,0,False
5671,5.2298,103.268,2014,2013-08-13,2014-08-13,23.125,1.0,8.5,2.75,2.75,2.75,0.3284905660377358,1.5,0,False
5671,5.2298,103.268,2015,2014-06-16,2015-06-16,17.5,0.0,8.0,0.3,0.3,2.75,0.3949056603773585,1.51,0,False
5671,5.2298,103.268,2016,2015-06-19,2016-06-18,35.0,0.0,9.7,2.82,2.82,2.82,0.6692452830188678,1.91,0,False
5671,5.2298,103.268,2017,2016-07-29,2017-07-29,17.185,0.0,8.2,0.0,0.0,2.26,0.6173584905660378,1.65,0,False
5671,5.2298,103.268,2018,2017-07-21,2018-07-21,18.44,0.0,8.2,0.29,0.29,0.29,0.5154716981132076,1.25,0,False
5671,5.2298,103.268,2019,2018-07-20,2019-07-20,24.060000000000002,4.0,8.7,2.48,2.48,2.48,0.8281132075471698,1.29,0,False
5672,5.2352,103.2613,2013,2012-07-29,2013-07-29,24.369999999999997,0.0,8.0,0.81,1.13,1.13,0.5860377358490566,1.6,0,False
5672,5.2352,103.2613,2014,2013-08-13,2014-08-13,21.56,1.0,6.0,2.75,2.75,2.75,0.3284905660377358,1.5,0,False
5672,5.2352,103.2613,2015,2014-06-16,2015-06-16,17.19,0.5,6.0,0.3,0.3,2.75,0.3949056603773585,1.51,0,False
5672,5.2352,103.2613,2016,2015-06-18,2016-06-17,16.869999999999997,17.5,4.5,2.82,2.82,2.82,0.6739622641509434,1.91,0,False
5672,5.2352,103.2613,2017,2016-07-28,2017-07-28,20.315,0.0,5.5,0.0,0.0,2.26,0.6173584905660378,1.65,0,False
5672,5.2352,103.2613,2018,2017-07-20,2018-07-20,16.25,0.0,4.2,0.29,0.29,0.29,0.5154716981132076,1.25,0,False
5672,5.2352,103.2613,2019,2018-07-20,2019-07-20,20.31,10.0,6.2,2.48,2.48,2.48,0.8281132075471698,1.29,0,False
5673,5.2358,103.263,2013,2012-07-29,2013-07-29,35.31,0.0,10.0,0.81,1.13,1.13,0.5860377358490566,1.6,0,False
5673,5.2358,103.263,2014,2013-08-13,2014-08-13,29.06,0.5,10.0,2.75,2.75,2.75,0.3284905660377358,1.5,0,False
5673,5.2358,103.263,2015,2014-06-16,2015-06-16,37.185,0.25,9.5,0.3,0.3,2.75,0.3949056603773585,1.51,0,False
5673,5.2358,103.263,2016,2015-06-19,2016-06-18,34.375,15.0,8.2,2.82,2.82,2.82,0.6692452830188678,1.91,0,False
5673,5.2358,103.263,2017,2016-07-28,2017-07-28,26.25,0.0,8.5,0.0,0.0,2.26,0.6173584905660378,1.65,0,False
5673,5.2358,103.263,2018,2017-07-20,2018-07-20,14.685,0.0,8.5,0.29,0.29,0.29,0.5154716981132076,1.25,0,False
5673,5.2358,103.263,2019,2018-07-19,2019-07-19,24.380000000000003,6.25,9.7,2.48,2.48,2.48,0.8281132075471698,1.29,0,False
5674,5.5989,103.0642,2013,2012-07-19,2013-07-19,37.19,0.0,8.0,0.8300000000000001,0.8300000000000001,0.8300000000000001,0.5545283018867925,1.56,0,False
5674,5.5989,103.0642,2014,2013-07-18,2014-07-18,37.5,0.5,9.0,1.82,1.82,1.82,0.33169811320754716,1.41,0,False
5674,5.5989,103.0642,2015,2014-05-23,2015-05-23,44.375,0.25,8.5,0.31,0.31,1.82,0.42584905660377353,1.36,0,False
5674,5.5989,103.0642,2016,2015-05-15,2016-05-14,17.81,0.0,9.0,0.85,0.85,0.85,0.6962264150943396,1.97,0,False
5674,5.5989,103.0642,2017,2016-05-21,2017-05-21,20.625,0.0,8.5,0.0,0.0,1.37,0.5821153846153846,1.35,0,False
5674,5.5989,103.0642,2018,2017-05-11,2018-05-11,23.75,0.0,7.9,0.0,0.0,0.0,0.46415094339622637,1.16,0,False
5674,5.5989,103.0642,2019,2018-06-21,2019-06-21,22.815,22.5,9.0,2.73,2.73,2.73,0.728490566037736,1.4,0,False
5675,5.6101,103.063,2013,2012-07-19,2013-07-19,16.564999999999998,0.0,8.0,0.8200000000000001,0.8200000000000001,0.8200000000000001,0.5458490566037737,1.54,0,False
5675,5.6101,103.063,2014,2013-07-18,2014-07-18,5.63,0.0,6.0,1.97,1.97,1.97,0.320566037735849,1.42,0,False
5675,5.6101,103.063,2015,2014-05-23,2015-05-23,8.75,0.0,6.0,0.16,0.16,1.97,0.41207547169811326,1.33,0,False
5675,5.6101,103.063,2016,2015-05-15,2016-05-14,4.0649999999999995,0.0,7.0,0.85,0.85,0.85,0.6886792452830188,1.95,0,False
5675,5.6101,103.063,2017,2016-05-21,2017-05-21,5.625,0.0,8.0,0.0,0.0,1.24,0.5744230769230769,1.35,0,False
5675,5.6101,103.063,2018,2017-05-11,2018-05-11,4.375,0.0,6.4,0.0,0.0,0.0,0.440566037735849,1.14,0,False
5675,5.6101,103.063,2019,2018-06-21,2019-06-21,2.185,7.5,6.4,2.43,2.43,2.43,0.710377358490566,1.39,0,False
5676,5.6152,103.0572,2013,2012-07-19,2013-07-19,35.31,0.5,5.0,0.8200000000000001,0.8200000000000001,0.8200000000000001,0.5458490566037737,1.54,0,False
5676,5.6152,103.0572,2014,2013-07-18,2014-07-18,24.375,0.25,6.0,1.97,1.97,1.97,0.320566037735849,1.42,0,False
5676,5.6152,103.0572,2015,2014-05-23,2015-05-23,33.75,0.0,6.0,0.16,0.16,1.97,0.41207547169811326,1.33,0,False
5676,5.6152,103.0572,2016,2015-05-15,2016-05-14,25.94,0.0,6.0,0.85,0.85,0.85,0.6886792452830188,1.95,0,False
5676,5.6152,103.0572,2017,2016-05-21,2017-05-21,12.81,0.0,6.0,0.0,0.0,1.24,0.5744230769230769,1.35,0,False
5676,5.6152,103.0572,2018,2017-05-12,2018-05-12,25.0,0.0,5.2,0.0,0.0,0.0,0.440566037735849,1.14,0,False
5676,5.6152,103.0572,2019,2018-06-21,2019-06-21,26.56,37.5,5.4,2.43,2.43,2.43,0.710377358490566,1.39,0,False
5677,5.6256,103.1595,2013,2012-07-20,2013-07-20,21.875,0.25,10.0,0.94,0.94,0.94,0.540377358490566,1.54,0,False
5677,5.6256,103.1595,2014,2013-07-19,2014-07-19,21.869999999999997,0.75,10.0,2.81,2.81,2.81,0.32339622641509436,1.55,0,False
5677,5.6256,103.1595,2015,2014-05-24,2015-05-24,31.56,0.0,10.0,0.33,0.33,2.81,0.39716981132075474,1.34,0,False
5677,5.6256,103.1595,2016,2015-05-14,2016-05-13,32.81,0.0,10.0,0.48,0.48,0.48,0.6684905660377358,1.93,0,False
5677,5.6256,103.1595,2017,2016-05-21,2017-05-21,27.815,0.0,10.0,0.0,0.0,2.1,0.5690384615384615,1.36,0,False
5677,5.6256,103.1595,2018,2017-05-12,2018-05-12,29.69,0.0,9.4,0.0,0.0,0.0,0.4264150943396227,1.18,0,False
5677,5.6256,103.1595,2019,2018-06-22,2019-06-22,31.565,0.0,9.6,2.53,2.53,2.53,0.7083018867924531,1.27,0,False
5678,5.6436,103.1511,2013,2012-07-20,2013-07-20,29.065,0.75,10.0,0.94,0.94,0.94,0.540377358490566,1.54,0,False
5678,5.6436,103.1511,2014,2013-07-19,2014-07-19,28.75,1.75,10.0,2.81,2.81,2.81,0.32339622641509436,1.55,0,False
5678,5.6436,103.1511,2015,2014-05-24,2015-05-24,26.56,0.0,10.0,0.33,0.33,2.81,0.39716981132075474,1.34,0,False
5678,5.6436,103.1511,2016,2015-05-14,2016-05-13,33.44,0.0,10.0,0.48,0.48,0.48,0.6684905660377358,1.93,0,False
5678,5.6436,103.1511,2017,2016-05-21,2017-05-21,33.125,0.0,10.0,0.0,0.0,2.1,0.5690384615384615,1.36,0,False
5678,5.6436,103.1511,2018,2017-05-12,2018-05-12,30.935,0.0,9.1,0.0,0.0,0.0,0.4264150943396227,1.18,0,False
5678,5.6436,103.1511,2019,2018-06-22,2019-06-22,27.814999999999998,30.0,10.2,2.53,2.53,2.53,0.7083018867924531,1.27,0,False
5679,5.6661,103.0713,2013,2012-07-20,2013-07-20,36.25,0.0,7.0,0.96,0.96,0.96,0.5409433962264151,1.52,0,False
5679,5.6661,103.0713,2014,2013-07-19,2014-07-19,43.44,0.5,6.0,2.12,2.12,2.12,0.31169811320754715,1.43,0,False
5679,5.6661,103.0713,2015,2014-05-24,2015-05-24,40.625,0.0,7.0,0.16,0.16,2.12,0.4015094339622642,1.32,0,False
5679,5.6661,103.0713,2016,2015-05-15,2016-05-14,30.0,0.0,7.0,0.86,0.86,0.86,0.680754716981132,1.92,0,False
5679,5.6661,103.0713,2017,2016-05-21,2017-05-21,25.625,0.0,6.5,0.0,0.0,1.24,0.5701923076923077,1.34,0,False
5679,5.6661,103.0713,2018,2017-05-12,2018-05-12,20.31,0.0,5.8,0.0,0.0,0.0,0.4264150943396227,1.14,0,False
5679,5.6661,103.0713,2019,2018-06-22,2019-06-22,38.44,40.0,6.5,2.13,2.13,2.13,0.6988679245283018,1.37,0,False
5681,5.7328,102.9975,2013,2012-09-09,2013-09-09,39.06,0.0,6.0,0.0,0.99,0.99,0.5432075471698113,1.51,0,False
5681,5.7328,102.9975,2014,2013-06-14,2014-06-14,38.75,0.25,7.0,1.61,1.61,1.61,0.24962264150943397,1.32,0,False
5681,5.7328,102.9975,2015,2014-05-18,2015-05-18,40.625,0.0,7.0,0.0,0.0,1.61,0.4005660377358491,1.33,0,False
5681,5.7328,102.9975,2016,2015-05-11,2016-05-10,39.685,0.0,6.5,0.16,0.16,0.16,0.6826415094339625,1.87,0,False
5681,5.7328,102.9975,2017,2016-05-16,2017-05-16,36.56,0.0,6.5,0.0,0.0,1.02,0.5739622641509433,1.33,0,False
5681,5.7328,102.9975,2018,2017-05-04,2018-05-04,34.370000000000005,0.0,7.0,0.0,0.0,0.0,0.45320754716981143,1.21,0,False
5681,5.7328,102.9975,2018,2017-09-08,2018-09-08,34.69,0.0,6.0,0.15,0.15,0.15,0.4373584905660377,1.21,0,False
5681,5.7328,102.9975,2019,2018-06-15,2019-06-15,37.5,13.75,6.5,1.34,1.34,1.34,0.7073584905660376,1.53,0,False
5684,5.7402,102.9996,2014,2013-06-14,2014-06-14,37.81,3.0,4.0,1.61,1.61,1.61,0.24962264150943397,1.32,0,False
5684,5.7402,102.9996,2015,2014-05-18,2015-05-18,39.375,0.0,3.5,0.0,0.0,1.61,0.4005660377358491,1.33,0,False
5684,5.7402,102.9996,2016,2015-05-11,2016-05-10,25.0,0.0,4.0,0.16,0.16,0.16,0.6826415094339625,1.87,0,False
5684,5.7402,102.9996,2017,2016-05-15,2017-05-15,17.815,0.0,4.0,0.0,0.0,1.02,0.5739622641509433,1.33,0,False
5684,5.7402,102.9996,2018,2017-05-04,2018-05-04,13.44,0.0,4.2,0.0,0.0,0.0,0.45320754716981143,1.21,0,False
5684,5.7402,102.9996,2019,2018-06-14,2019-06-14,7.81,92.5,3.0,1.34,1.34,1.34,0.7073584905660376,1.53,0,False
5685,5.7469,102.9998,2014,2013-06-17,2014-06-17,31.875,1.0,5.0,1.61,1.61,1.61,0.24962264150943397,1.32,0,False
5685,5.7469,102.9998,2015,2014-05-19,2015-05-19,33.125,0.0,5.5,0.0,0.0,1.61,0.4005660377358491,1.33,0,False
5685,5.7469,102.9998,2016,2015-05-11,2016-05-10,34.06,0.0,4.5,0.16,0.16,0.16,0.6826415094339625,1.87,0,False
5685,5.7469,102.9998,2017,2016-05-15,2017-05-15,28.125,0.0,4.5,0.0,0.0,1.02,0.5739622641509433,1.33,0,False
5685,5.7469,102.9998,2018,2017-05-02,2018-05-02,17.5,0.0,4.5,0.0,0.0,0.0,0.45320754716981143,1.21,0,False
5685,5.7469,102.9998,2019,2018-06-20,2019-06-20,7.81,85.0,5.0,1.34,1.34,1.34,0.708679245283019,1.53,0,False
5686,5.7539,103.0289,2013,2012-09-07,2013-09-07,25.619999999999997,0.0,6.0,0.0,0.98,0.98,0.5449056603773584,1.47,0,False
5686,5.7539,103.0289,2014,2013-06-14,2014-06-14,23.75,5.0,6.0,1.96,1.96,1.96,0.2547169811320755,1.41,0,False
5686,5.7539,103.0289,2015,2014-05-16,2015-05-16,25.31,0.0,6.5,0.0,0.0,1.96,0.3932075471698114,1.36,0,False
5686,5.7539,103.0289,2016,2015-05-09,2016-05-08,31.565,0.0,7.0,0.17,0.17,0.3,0.679622641509434,1.83,0,False
5686,5.7539,103.0289,2017,2016-05-13,2017-05-13,24.369999999999997,0.0,6.0,0.0,0.0,1.1,0.5809433962264151,1.3,0,False
5686,5.7539,103.0289,2018,2017-05-05,2018-05-05,19.375,0.0,6.1,0.0,0.0,0.0,0.44018867924528304,1.16,0,False
5686,5.7539,103.0289,2018,2017-09-08,2018-09-08,22.5,0.0,5.9,0.3,0.3,0.3,0.42113207547169806,1.16,0,False
5686,5.7539,103.0289,2019,2018-06-19,2019-06-19,28.44,47.5,5.9,1.52,1.52,1.52,0.6903773584905661,1.45,0,False
5688,5.7586,103.0294,2013,2012-09-07,2013-09-07,11.565,0.0,7.7,0.0,0.98,0.98,0.5449056603773584,1.47,0,False
5688,5.7586,103.0294,2014,2013-06-14,2014-06-14,12.81,10.0,7.7,1.96,1.96,1.96,0.2547169811320755,1.41,0,False
5688,5.7586,103.0294,2015,2014-05-19,2015-05-19,16.56,0.0,7.5,0.0,0.0,1.96,0.3932075471698114,1.36,0,False
5688,5.7586,103.0294,2016,2015-05-12,2016-05-11,19.375,0.0,8.0,0.17,0.17,0.3,0.679622641509434,1.83,0,False
5688,5.7586,103.0294,2017,2016-05-15,2017-05-15,16.875,0.0,8.0,0.0,0.0,1.1,0.5728301886792453,1.3,0,False
5688,5.7586,103.0294,2018,2017-05-03,2018-05-03,22.5,0.0,7.9,0.0,0.0,0.0,0.44018867924528304,1.16,0,False
5688,5.7586,103.0294,2018,2017-09-09,2018-09-09,12.81,0.0,7.3,0.3,0.3,0.3,0.42113207547169806,1.16,0,False
5688,5.7586,103.0294,2019,2018-06-20,2019-06-20,14.375,75.0,7.7,1.52,1.52,1.52,0.6903773584905661,1.45,0,False
5689,5.761,103.0264,2013,2012-09-06,2013-09-06,8.75,0.0,6.2,0.0,0.98,0.98,0.5449056603773584,1.47,0,False
5689,5.761,103.0264,2014,2013-06-14,2014-06-14,5.935,1.25,6.0,1.96,1.96,1.96,0.2547169811320755,1.41,0,False
5689,5.761,103.0264,2015,2014-05-19,2015-05-19,6.25,0.0,5.5,0.0,0.0,1.96,0.3932075471698114,1.36,0,False
5689,5.761,103.0264,2016,2015-05-12,2016-05-11,6.869999999999999,0.0,6.0,0.17,0.17,0.3,0.679622641509434,1.83,0,False
5689,5.761,103.0264,2017,2016-05-14,2017-05-14,7.5,0.0,6.0,0.0,0.0,1.1,0.5726923076923077,1.3,0,False
5689,5.761,103.0264,2018,2017-05-03,2018-05-03,10.0,0.0,5.8,0.0,0.0,0.0,0.44018867924528304,1.16,0,False
5689,5.761,103.0264,2019,2018-06-19,2019-06-19,9.37,37.5,5.5,1.52,1.52,1.52,0.6903773584905661,1.45,0,False
5690,5.7686,103.0356,2016,2015-05-08,2016-05-07,25.31,0.0,8.5,0.17,0.17,0.3,0.679622641509434,1.83,0,False
5690,5.7686,103.0356,2017,2016-05-13,2017-05-13,36.870000000000005,0.0,8.0,0.0,0.0,1.1,0.5809433962264151,1.3,0,False
5692,5.7733,103.0592,2013,2012-09-08,2013-09-08,23.119999999999997,0.0,6.0,0.0,1.11,1.11,0.5466037735849056,1.48,0,False
5692,5.7733,103.0592,2014,2013-06-13,2014-06-13,22.185,1.0,5.5,2.6,2.6,2.6,0.26264150943396225,1.47,0,False
5692,5.7733,103.0592,2015,2014-05-16,2015-05-16,26.25,0.0,6.0,0.0,0.0,2.6,0.39490566037735847,1.35,0,False
5692,5.7733,103.0592,2016,2015-05-08,2016-05-07,18.13,0.0,5.5,0.17,0.17,0.31,0.6752830188679245,1.85,0,False
5692,5.7733,103.0592,2017,2016-05-13,2017-05-13,21.875,0.0,6.0,0.0,0.0,1.58,0.579245283018868,1.3,0,False
5692,5.7733,103.0592,2018,2017-05-05,2018-05-05,23.44,0.0,5.0,0.0,0.0,0.0,0.4322641509433962,1.21,0,False
5692,5.7733,103.0592,2018,2017-09-07,2018-09-07,22.19,0.0,5.5,0.15,0.15,0.15,0.4128301886792454,1.21,0,False
5692,5.7733,103.0592,2019,2018-06-19,2019-06-19,11.875,70.0,5.9,2.13,2.13,2.13,0.6820754716981133,1.36,0,False
5694,5.7796,103.0426,2014,2013-06-13,2014-06-13,17.185,8.75,9.5,1.96,1.96,1.96,0.2547169811320755,1.41,0,False
5694,5.7796,103.0426,2015,2014-05-15,2015-05-15,15.629999999999999,0.0,9.5,0.0,0.0,1.96,0.3932075471698114,1.36,0,False
5694,5.7796,103.0426,2016,2015-05-08,2016-05-07,17.5,0.0,9.5,0.17,0.17,0.3,0.679622641509434,1.83,0,False
5694,5.7796,103.0426,2017,2016-05-14,2017-05-14,17.81,0.0,10.0,0.0,0.0,1.1,0.5726923076923077,1.3,0,False
5694,5.7796,103.0426,2018,2017-05-06,2018-05-06,17.5,0.0,8.5,0.0,0.0,0.0,0.44018867924528304,1.16,0,False
5694,5.7796,103.0426,2018,2017-09-09,2018-09-09,15.0,0.0,9.5,0.3,0.3,0.3,0.42113207547169806,1.16,0,False
5694,5.7796,103.0426,2019,2018-06-20,2019-06-20,14.685,65.0,8.9,1.52,1.52,1.52,0.6903773584905661,1.45,0,False
5695,5.7884,102.9926,2013,2012-09-09,2013-09-09,27.81,0.0,4.5,0.0,1.0,1.0,0.5416981132075471,1.48,0,False
5695,5.7884,102.9926,2014,2013-06-17,2014-06-17,32.81,5.0,5.0,1.63,1.63,1.63,0.24547169811320757,1.35,0,False
5695,5.7884,102.9926,2015,2014-05-18,2015-05-18,36.879999999999995,0.0,5.0,0.0,0.0,1.63,0.39245283018867927,1.36,0,False
5695,5.7884,102.9926,2016,2015-05-11,2016-05-10,31.56,0.0,4.0,0.16,0.16,0.16,0.6828301886792455,1.83,0,False
5695,5.7884,102.9926,2017,2016-05-15,2017-05-15,24.375,0.0,5.3,0.0,0.0,1.06,0.5752830188679244,1.32,0,False
5695,5.7884,102.9926,2018,2017-05-03,2018-05-03,24.065,0.0,4.9,0.0,0.0,0.0,0.4484905660377359,1.19,0,False
5695,5.7884,102.9926,2019,2018-06-14,2019-06-14,6.565,46.25,4.2,1.36,1.36,1.36,0.6977358490566037,1.51,0,False
5697,5.7995,103.0169,2015,2014-05-16,2015-05-16,25.0,0.0,9.0,0.0,0.0,1.96,0.3932075471698114,1.36,0,False
5697,5.7995,103.0169,2016,2015-05-09,2016-05-08,30.94,0.0,9.0,0.17,0.17,0.3,0.679622641509434,1.83,0,False
5697,5.7995,103.0169,2017,2016-05-14,2017-05-14,19.375,0.0,9.3,0.0,0.0,1.1,0.5726923076923077,1.3,0,False
5697,5.7995,103.0169,2018,2017-05-06,2018-05-06,27.19,0.0,9.1,0.0,0.0,0.0,0.44018867924528304,1.16,0,False
5697,5.7995,103.0169,2018,2017-09-08,2018-09-08,20.94,0.0,8.0,0.3,0.3,0.3,0.42113207547169806,1.16,0,False
5697,5.7995,103.0169,2019,2018-06-15,2019-06-15,18.439999999999998,21.25,7.5,1.52,1.52,1.52,0.6881132075471699,1.45,0,False
5698,5.8144,103.0072,2013,2012-09-09,2013-09-09,15.0,0.0,6.0,0.0,1.13,1.13,0.5454716981132075,1.45,0,False
5698,5.8144,103.0072,2014,2013-06-17,2014-06-17,16.875,5.0,9.0,2.43,2.43,2.43,0.2535849056603774,1.44,0,False
5698,5.8144,103.0072,2017,2016-05-14,2017-05-14,22.19,0.0,10.7,0.0,0.0,1.44,0.5755769230769231,1.27,0,False
5701,5.8841,102.747,2013,2012-06-18,2013-06-18,40.315,0.0,7.5,1.17,1.17,1.17,0.5575,1.55,0,False
5701,5.8841,102.747,2014,2013-05-17,2014-05-17,42.5,0.0,7.5,0.18,0.18,1.17,0.21811320754716979,1.29,0,False
5701,5.8841,102.747,2015,2014-04-16,2015-04-16,38.75,0.0,7.5,0.0,0.0,1.32,0.4452830188679245,1.48,0,False
5701,5.8841,102.747,2016,2015-03-27,2016-03-26,37.185,0.0,7.5,0.0,0.0,0.0,0.6332075471698112,1.86,0,False
5701,5.8841,102.747,2017,2016-04-21,2017-04-21,37.185,0.0,7.0,0.0,0.0,0.67,0.5818867924528301,1.33,0,False
5701,5.8841,102.747,2018,2017-04-20,2018-04-20,34.37,0.0,7.5,0.0,0.0,0.0,0.499433962264151,1.2,0,False
5701,5.8841,102.747,2019,2018-04-19,2019-04-19,37.185,0.25,7.8,0.0,0.0,0.16,0.6511320754716979,1.26,0,False
5702,5.886,102.7703,2015,2014-04-16,2015-04-16,18.75,0.0,9.0,0.0,0.0,1.34,0.4411320754716981,1.48,0,False
5702,5.886,102.7703,2016,2015-05-05,2016-05-04,15.31,0.0,9.0,0.0,0.0,0.15,0.6915094339622642,1.8,0,False
5702,5.886,102.7703,2017,2016-04-22,2017-04-22,35.315,0.0,9.0,0.0,0.0,0.7000000000000001,0.5818867924528301,1.31,0,False
5702,5.886,102.7703,2018,2017-04-20,2018-04-20,25.630000000000003,0.0,9.0,0.0,0.0,0.0,0.4913207547169811,1.19,0,False
5702,5.886,102.7703,2019,2018-04-19,2019-04-19,23.125,0.0,8.9,0.0,0.0,0.17,0.6362264150943397,1.28,0,False
5703,5.9106,102.7098,2015,2014-04-15,2015-04-15,20.625,0.0,8.0,0.0,0.0,1.36,0.4420754716981133,1.52,0,False
5703,5.9106,102.7098,2016,2015-03-28,2016-03-27,32.5,0.0,8.0,0.0,0.0,0.14,0.6341509433962264,1.8,0,False
5703,5.9106,102.7098,2017,2016-04-22,2017-04-22,8.44,0.0,8.0,0.0,0.0,0.85,0.5783018867924528,1.3,0,False
5703,5.9106,102.7098,2018,2017-04-23,2018-04-23,10.0,0.0,8.2,0.0,0.0,0.0,0.49,1.17,0,False
5703,5.9106,102.7098,2019,2018-04-18,2019-04-18,20.935,0.0,7.2,0.0,0.0,0.91,0.6411320754716981,1.24,0,False
5704,5.912,102.7449,2013,2012-06-21,2013-06-21,31.25,1.0,11.5,1.17,1.17,1.17,0.559245283018868,1.54,0,False
5704,5.912,102.7449,2015,2014-04-15,2015-04-15,34.69,0.0,11.0,0.0,0.0,1.36,0.4420754716981133,1.52,0,False
5704,5.912,102.7449,2016,2015-03-28,2016-03-27,39.69,0.0,11.5,0.0,0.0,0.14,0.6341509433962264,1.8,0,False
5704,5.912,102.7449,2017,2016-04-22,2017-04-22,32.815,0.0,10.5,0.0,0.0,0.85,0.5783018867924528,1.3,0,False
5704,5.912,102.7449,2018,2017-04-21,2018-04-21,35.0,0.0,10.9,0.0,0.0,0.0,0.49,1.17,0,False
5704,5.912,102.7449,2019,2018-04-19,2019-04-19,25.31,0.0,10.3,0.0,0.0,0.91,0.6411320754716981,1.24,0,False
5705,5.9144,102.7541,2013,2012-06-22,2013-06-22,10.625,2.0,4.7,1.17,1.17,1.17,0.5613207547169812,1.51,0,False
5705,5.9144,102.7541,2015,2014-04-15,2015-04-15,13.75,0.0,5.0,0.0,0.0,1.37,0.43792452830188666,1.5,0,False
5705,5.9144,102.7541,2016,2015-03-27,2016-03-26,18.119999999999997,0.0,5.0,0.0,0.0,0.15,0.630188679245283,1.74,0,False
5705,5.9144,102.7541,2017,2016-04-18,2017-04-18,18.125,0.0,6.0,0.0,0.0,1.02,0.5771698113207546,1.29,0,False
5705,5.9144,102.7541,2018,2017-04-21,2018-04-21,26.56,0.0,5.8,0.0,0.0,0.0,0.4839622641509433,1.15,0,False
5705,5.9144,102.7541,2019,2018-04-20,2019-04-20,9.06,0.0,5.2,0.0,0.0,0.93,0.6284905660377358,1.26,0,False
5706,5.9213,102.7248,2013,2012-06-19,2013-06-19,19.369999999999997,0.0,6.5,1.17,1.17,1.17,0.559245283018868,1.54,0,False
5706,5.9213,102.7248,2014,2013-05-18,2014-05-18,15.935,3.0,6.5,0.19,0.19,1.17,0.21716981132075472,1.33,0,False
5706,5.9213,102.7248,2015,2014-04-14,2015-04-14,20.0,0.0,6.4,0.0,0.0,1.36,0.4420754716981133,1.52,0,False
5706,5.9213,102.7248,2016,2015-03-31,2016-03-30,16.875,0.0,6.5,0.0,0.0,0.14,0.6341509433962264,1.8,0,False
5706,5.9213,102.7248,2017,2016-04-21,2017-04-21,11.875,0.0,6.0,0.0,0.0,0.85,0.5783018867924528,1.3,0,False
5706,5.9213,102.7248,2018,2017-04-21,2018-04-21,15.31,0.0,5.5,0.0,0.0,0.0,0.49,1.17,0,False
5706,5.9213,102.7248,2019,2018-04-17,2019-04-17,16.25,0.0,5.9,0.0,0.0,0.91,0.6411320754716981,1.24,0,False
5707,5.9236,102.7583,2013,2012-06-19,2013-06-19,23.125,1.0,5.7,1.17,1.17,1.17,0.5613207547169812,1.51,0,False
5707,5.9236,102.7583,2014,2013-05-16,2014-05-16,34.375,0.0,6.0,0.19,0.19,1.17,0.2164150943396226,1.36,0,False
5707,5.9236,102.7583,2015,2014-04-14,2015-04-14,25.94,0.0,5.7,0.0,0.0,1.37,0.43792452830188666,1.5,0,False
5707,5.9236,102.7583,2016,2015-03-27,2016-03-26,35.94,0.0,5.5,0.0,0.0,0.15,0.630188679245283,1.74,0,False
5707,5.9236,102.7583,2017,2016-04-18,2017-04-18,31.875,0.0,6.7,0.0,0.0,1.02,0.5771698113207546,1.29,0,False
5707,5.9236,102.7583,2018,2017-04-21,2018-04-21,32.19,0.0,5.8,0.0,0.0,0.0,0.4839622641509433,1.15,0,False
5707,5.9236,102.7583,2019,2018-04-20,2019-04-20,13.75,0.0,5.9,0.0,0.0,0.93,0.6284905660377358,1.26,0,False
5708,5.9316,102.7232,2013,2012-06-21,2013-06-21,32.81,2.0,5.5,1.17,1.17,1.17,0.559245283018868,1.54,0,False
5708,5.9316,102.7232,2014,2013-05-18,2014-05-18,34.06,6.75,5.5,0.19,0.19,1.17,0.21716981132075472,1.33,0,False
5708,5.9316,102.7232,2015,2014-04-14,2015-04-14,30.619999999999997,0.0,5.5,0.0,0.0,1.36,0.4420754716981133,1.52,0,False
5708,5.9316,102.7232,2016,2015-03-31,2016-03-30,17.19,0.0,5.5,0.0,0.0,0.14,0.6341509433962264,1.8,0,False
5708,5.9316,102.7232,2017,2016-04-21,2017-04-21,24.69,0.0,6.0,0.0,0.0,0.85,0.5783018867924528,1.3,0,False
5708,5.9316,102.7232,2018,2017-04-22,2018-04-22,32.185,0.0,7.0,0.0,0.0,0.0,0.49,1.17,0,False
5708,5.9316,102.7232,2019,2018-04-17,2019-04-17,31.25,0.0,6.1,0.0,0.0,0.91,0.6411320754716981,1.24,0,False
5709,5.9391,102.722,2015,2014-04-16,2015-04-16,15.0,0.0,6.0,0.0,0.0,1.36,0.4420754716981133,1.52,0,False
5709,5.9391,102.722,2016,2015-03-31,2016-03-30,19.685,0.0,6.5,0.0,0.0,0.14,0.6341509433962264,1.8,0,False
5709,5.9391,102.722,2017,2016-04-18,2017-04-18,19.369999999999997,0.0,8.0,0.0,0.0,0.85,0.5783018867924528,1.3,0,False
5709,5.9391,102.722,2018,2017-04-22,2018-04-22,16.564999999999998,0.0,7.6,0.0,0.0,0.0,0.49,1.17,0,False
5709,5.9391,102.722,2019,2018-04-17,2019-04-17,15.625,0.0,6.4,0.0,0.0,0.91,0.6411320754716981,1.24,0,False
5710,5.9622,102.6808,2013,2012-06-22,2013-06-22,26.56,0.0,5.0,1.16,1.16,1.16,0.5592452830188679,1.54,0,False
5710,5.9622,102.6808,2014,2013-05-16,2014-05-16,22.81,0.0,5.0,0.33,0.33,1.16,0.21830188679245283,1.33,0,False
5710,5.9622,102.6808,2015,2014-04-15,2015-04-15,29.69,0.0,5.0,0.0,0.0,1.65,0.4460377358490566,1.54,0,False
5710,5.9622,102.6808,2016,2015-03-28,2016-03-27,27.185,0.0,5.0,0.0,0.0,0.0,0.6350943396226414,1.8,0,False
5710,5.9622,102.6808,2017,2016-04-18,2017-04-18,19.69,0.0,5.0,0.0,0.0,0.7000000000000001,0.5716981132075472,1.27,0,False
5711,6.0606,100.0412,2015,2014-08-10,2015-08-10,27.19,0.0,3.8,0.46,0.46,0.46,0.44660377358490577,1.52,0,False
5711,6.0606,100.0412,2016,2015-07-20,2016-07-19,25.31,28.75,5.7,1.49,1.49,1.49,0.6603773584905662,1.73,0,False
5711,6.0606,100.0412,2017,2016-08-08,2017-08-08,26.56,0.0,4.4,0.0,0.0,0.0,0.4941509433962265,1.19,0,False
5711,6.0606,100.0412,2018,2017-08-07,2018-08-07,29.375,0.0,4.0,0.0,0.0,0.0,0.560188679245283,1.41,0,False
5711,6.0606,100.0412,2019,2018-07-29,2019-07-29,30.315,0.0,3.7,1.12,1.12,1.12,0.6762264150943397,1.58,0,False
5712,6.0617,100.0388,2016,2015-07-20,2016-07-19,23.75,52.5,5.5,1.49,1.49,1.49,0.6603773584905662,1.73,0,False
5712,6.0617,100.0388,2017,2016-08-08,2017-08-08,17.815,0.0,6.4,0.0,0.0,0.0,0.4941509433962265,1.19,0,False
5713,6.0659,100.0434,2015,2014-08-10,2015-08-10,25.619999999999997,0.5,3.0,0.46,0.46,0.46,0.44660377358490577,1.52,0,False
5713,6.0659,100.0434,2016,2015-07-19,2016-07-18,17.5,50.0,3.0,1.49,1.49,1.49,0.6603773584905662,1.73,0,False
5713,6.0659,100.0434,2017,2016-08-08,2017-08-08,30.31,0.5,3.6,0.0,0.0,0.0,0.4941509433962265,1.19,0,False
5713,6.0659,100.0434,2018,2017-08-08,2018-08-08,28.435,0.0,4.9,0.0,0.0,0.0,0.560188679245283,1.41,0,False
5713,6.0659,100.0434,2019,2018-07-30,2019-07-30,30.935,0.0,3.2,1.12,1.12,1.12,0.6762264150943397,1.58,0,False
5714,6.0716,100.0511,2017,2016-08-08,2017-08-08,33.435,0.0,4.2,0.0,0.0,0.0,0.4969811320754717,1.21,0,False
5714,6.0716,100.0511,2018,2017-08-07,2018-08-07,36.56,0.0,4.2,0.0,0.0,0.0,0.5554716981132076,1.42,0,False
5714,6.0716,100.0511,2019,2018-07-30,2019-07-30,38.125,0.0,4.1,1.15,1.15,1.15,0.6711320754716981,1.66,0,False
5715,6.0731,100.0574,2017,2016-08-08,2017-08-08,22.5,0.0,4.0,0.0,0.0,0.0,0.4969811320754717,1.21,0,False
5715,6.0731,100.0574,2018,2017-08-08,2018-08-08,14.375,0.0,3.3,0.0,0.0,0.0,0.5554716981132076,1.42,0,False
5715,6.0731,100.0574,2019,2018-07-30,2019-07-30,13.125,0.0,3.7,1.15,1.15,1.15,0.6711320754716981,1.66,0,False
5716,6.4791,117.8908,2013,2012-04-22,2013-04-22,24.065,4.0,12.0,0.0,0.0,1.83,0.4150943396226414,1.45,0,False
5716,6.4791,117.8908,2014,2013-06-05,2014-06-05,27.19,0.0,11.0,1.5,1.5,1.5,0.37075471698113205,1.48,0,False
5716,6.4791,117.8908,2015,2014-07-23,2015-07-23,27.19,0.5,11.3,2.14,2.14,3.76,0.43811320754716987,1.49,0,False
5716,6.4791,117.8908,2016,2015-09-06,2016-09-05,25.630000000000003,44.75,13.0,3.59,5.97,5.97,0.7432075471698112,1.66,21,False
5716,6.4791,117.8908,2017,2016-07-17,2017-07-17,17.81,2.0,16.0,4.33,4.33,5.7,0.6530188679245283,1.61,0,False
5716,6.4791,117.8908,2018,2017-10-02,2018-10-02,17.81,0.0,13.6,0.15,0.46,3.44,0.5756603773584906,1.33,0,False
5716,6.4791,117.8908,2019,2018-10-15,2019-10-15,13.75,0.02,15.4,0.48,6.16,6.16,0.6628301886792454,1.55,14,False
5717,6.4833,117.8932,2013,2012-04-23,2013-04-23,35.94,1.25,11.0,0.0,0.0,1.83,0.4165384615384615,1.45,0,False
5717,6.4833,117.8932,2014,2013-05-16,2014-05-16,33.44,3.25,12.5,1.15,1.15,1.15,0.35962264150943396,1.48,0,False
5717,6.4833,117.8932,2015,2014-07-25,2015-07-25,32.5,0.0,13.3,2.14,2.14,3.13,0.42377358490566047,1.49,0,False
5717,6.4833,117.8932,2016,2015-07-29,2016-07-28,32.81,10.25,11.5,5.97,5.97,5.97,0.6941509433962264,1.66,21,False
5717,6.4833,117.8932,2017,2016-09-07,2017-09-07,15.620000000000001,24.25,15.0,3.97,4.7700000000000005,4.7700000000000005,0.6732075471698111,1.61,7,False
5717,6.4833,117.8932,2018,2017-09-08,2018-09-08,23.435000000000002,0.0,15.5,0.15,0.46,3.44,0.640377358490566,1.48,0,False
5717,6.4833,117.8932,2019,2018-07-25,2019-07-25,18.12,0.12,15.5,6.16,6.16,6.16,0.6160377358490565,1.55,14,False
5718,6.4864,117.9112,2013,2012-07-30,2013-07-30,24.69,1.5,12.0,0.32,0.32,1.86,0.43750000000000006,1.44,0,False
5718,6.4864,117.9112,2014,2013-08-09,2014-08-09,19.06,72.5,16.0,4.08,4.08,4.08,0.42679245283018874,1.49,0,False
5718,6.4864,117.9112,2015,2014-07-07,2015-07-07,26.25,0.0,12.8,2.14,2.14,4.08,0.4366037735849056,1.5,0,False
5718,6.4864,117.9112,2016,2015-08-26,2016-08-25,26.25,40.0,10.5,4.69,5.84,5.84,0.7245283018867924,1.64,14,False
5718,6.4864,117.9112,2017,2016-08-30,2017-08-30,20.94,1.75,12.5,5.23,5.23,5.23,0.6599999999999999,1.57,7,False
5718,6.4864,117.9112,2018,2017-10-05,2018-10-05,25.0,0.25,12.3,0.15,0.46,3.89,0.5684905660377358,1.33,0,False
5718,6.4864,117.9112,2019,2018-10-05,2019-10-05,15.935,0.01,12.3,1.22,6.15,6.15,0.6418867924528302,1.47,21,False
5720,6.4982,117.9272,2013,2012-10-16,2013-10-16,30.0,1.25,10.5,0.0,0.32,0.32,0.3745283018867925,1.44,0,False
5720,6.4982,117.9272,2014,2013-05-23,2014-05-23,30.625,0.0,11.5,0.98,0.98,0.98,0.35584905660377364,1.49,0,False
5720,6.4982,117.9272,2015,2014-05-09,2015-05-09,23.44,0.75,9.0,0.15,0.15,4.08,0.43660377358490576,1.28,0,False
5720,6.4982,117.9272,2016,2015-08-23,2016-08-22,27.81,7.5,10.0,4.69,5.84,5.84,0.7245283018867924,1.64,14,False
5720,6.4982,117.9272,2017,2016-07-19,2017-07-19,20.0,3.0,12.0,4.65,4.65,5.84,0.6416981132075472,1.57,0,False
5720,6.4982,117.9272,2018,2017-09-29,2018-09-29,19.380000000000003,0.0,9.1,0.15,0.46,3.89,0.5737735849056603,1.33,0,False
5720,6.4982,117.9272,2019,2018-08-22,2019-08-22,15.94,0.02,10.7,6.15,6.15,6.15,0.5950943396226416,1.47,21,False
5721,6.4983,117.9114,2013,2012-09-28,2013-09-28,12.81,0.0,3.0,0.0,0.32,0.32,0.37905660377358497,1.44,0,False
5721,6.4983,117.9114,2014,2013-09-30,2014-09-30,9.38,5.75,5.5,1.8,4.08,4.08,0.5139622641509435,1.49,0,False
5721,6.4983,117.9114,2015,2014-07-27,2015-07-27,11.56,0.0,5.0,2.14,2.14,3.43,0.40490566037735853,1.5,0,False
5721,6.4983,117.9114,2016,2015-09-04,2016-09-03,13.120000000000001,21.5,4.5,4.25,5.84,5.84,0.7233962264150944,1.64,14,False
5721,6.4983,117.9114,2017,2016-08-29,2017-08-29,17.5,6.5,5.3,5.23,5.23,5.23,0.6599999999999999,1.57,7,False
5721,6.4983,117.9114,2018,2017-09-08,2018-09-08,23.44,0.0,3.1,0.15,0.46,3.89,0.6330188679245282,1.47,0,False
5721,6.4983,117.9114,2019,2018-08-14,2019-08-14,10.625,0.18,5.9,6.15,6.15,6.15,0.599811320754717,1.47,21,False
5722,6.5006,117.9203,2013,2012-09-19,2013-09-19,18.435,0.0,2.5,0.32,0.32,0.32,0.3652830188679245,1.49,0,False
5722,6.5006,117.9203,2014,2013-10-01,2014-10-01,12.185,6.25,4.5,1.97,4.15,4.15,0.5150943396226416,1.48,0,False
5722,6.5006,117.9203,2015,2014-08-18,2015-08-18,16.875,0.0,5.8,2.13,2.13,3.5,0.3488679245283019,1.54,0,False
5722,6.5006,117.9203,2016,2015-09-23,2016-09-22,19.065,5.25,6.0,2.29,5.55,5.55,0.6892452830188679,1.6,7,False
5722,6.5006,117.9203,2017,2016-09-23,2017-09-23,11.56,9.25,7.0,3.0500000000000003,5.17,5.17,0.7011320754716981,1.55,7,False
5722,6.5006,117.9203,2018,2017-10-09,2018-10-09,27.19,0.0,5.5,0.15,0.61,3.5500000000000003,0.5588679245283019,1.37,0,False
5722,6.5006,117.9203,2019,2018-09-30,2019-09-30,9.375,0.0,5.9,1.55,5.63,5.63,0.6275471698113207,1.42,14,False
5724,6.5065,117.9275,2013,2012-07-29,2013-07-29,29.69,1.25,12.0,0.32,0.32,1.85,0.4350943396226415,1.49,0,False
5724,6.5065,117.9275,2014,2013-09-28,2014-09-28,26.25,15.0,11.0,1.97,4.15,4.15,0.5150943396226416,1.48,0,False
5724,6.5065,117.9275,2015,2014-06-26,2015-06-26,23.75,2.5,11.8,2.13,2.13,4.15,0.43283018867924533,1.54,0,False
5724,6.5065,117.9275,2016,2015-09-12,2016-09-11,22.5,31.25,12.5,3.46,5.55,5.55,0.7000000000000001,1.6,7,False
5724,6.5065,117.9275,2017,2016-07-27,2017-07-27,20.315,7.0,13.0,4.58,4.58,4.58,0.6230188679245283,1.55,0,False
5724,6.5065,117.9275,2018,2017-08-31,2018-08-31,23.125,0.0,13.0,0.31,0.61,3.5500000000000003,0.6447169811320755,1.48,0,False
5724,6.5065,117.9275,2019,2018-08-26,2019-08-26,19.375,0.01,11.8,5.63,5.63,5.63,0.5852830188679246,1.42,14,False
5725,6.5134,117.9056,2013,2012-07-03,2013-07-03,24.685,0.0,12.0,0.32,0.32,1.85,0.41679245283018873,1.49,0,False
5725,6.5134,117.9056,2014,2013-05-19,2014-05-19,25.0,2.5,12.5,0.98,0.98,0.98,0.3511320754716981,1.48,0,False
5725,6.5134,117.9056,2015,2014-06-26,2015-06-26,24.375,0.25,11.8,2.13,2.13,4.15,0.43283018867924533,1.54,0,False
5725,6.5134,117.9056,2016,2015-07-28,2016-07-27,20.31,27.5,12.0,5.55,5.55,5.55,0.6488679245283019,1.6,7,False
5725,6.5134,117.9056,2017,2016-08-11,2017-08-11,13.120000000000001,7.5,13.7,5.17,5.17,5.17,0.649622641509434,1.55,7,False
5725,6.5134,117.9056,2018,2017-08-30,2018-08-30,19.369999999999997,0.0,13.7,0.31,0.61,3.5500000000000003,0.6447169811320755,1.48,0,False
5725,6.5134,117.9056,2019,2018-08-19,2019-08-19,17.81,0.05,13.5,5.63,5.63,5.63,0.5907547169811321,1.42,14,False
5726,6.5139,117.9243,2013,2012-09-26,2013-09-26,30.625,,3.5,0.0,0.32,0.32,0.38283018867924534,1.49,0,False
5726,6.5139,117.9243,2014,2013-08-28,2014-08-28,19.380000000000003,6.75,6.8,3.5,4.15,4.15,0.4777358490566037,1.48,0,False
5726,6.5139,117.9243,2015,2014-10-04,2015-10-04,23.130000000000003,0.0,5.5,0.15,2.13,2.13,0.3266037735849057,1.54,0,False
5726,6.5139,117.9243,2016,2015-09-04,2016-09-03,26.25,1.75,3.7,3.97,5.55,5.55,0.6992452830188681,1.6,7,False
5726,6.5139,117.9243,2017,2016-08-28,2017-08-28,17.5,11.75,5.3,5.17,5.17,5.17,0.6522641509433964,1.55,7,False
5726,6.5139,117.9243,2018,2017-10-03,2018-10-03,22.81,0.0,5.3,0.15,0.61,3.5500000000000003,0.5613207547169812,1.37,0,False
5726,6.5139,117.9243,2019,2018-10-16,2019-10-16,20.935,0.0,5.8,0.33,5.63,5.63,0.6343396226415093,1.42,14,False
5727,6.5204,117.9296,2013,2012-04-07,2013-04-07,19.685,0.75,12.0,0.0,0.0,1.85,0.4171698113207547,1.49,0,False
5727,6.5204,117.9296,2014,2013-05-29,2014-05-29,27.5,1.25,14.0,0.98,0.98,0.98,0.349245283018868,1.48,0,False
5727,6.5204,117.9296,2015,2014-05-27,2015-05-27,29.375,2.5,13.8,0.88,0.88,4.15,0.4398113207547169,1.32,0,False
5727,6.5204,117.9296,2016,2015-08-23,2016-08-22,30.0,42.5,14.0,4.41,5.55,5.55,0.7005660377358491,1.6,7,False
5727,6.5204,117.9296,2017,2016-08-26,2017-08-26,19.375,13.25,14.3,5.17,5.17,5.17,0.6473584905660379,1.55,7,False
5727,6.5204,117.9296,2018,2017-10-10,2018-10-10,21.875,0.0,14.6,0.15,0.61,3.5500000000000003,0.5588679245283019,1.37,0,False
5727,6.5204,117.9296,2019,2018-10-02,2019-10-02,15.0,0.0,14.6,1.55,5.63,5.63,0.6316981132075472,1.42,14,False
5728,6.521,117.9157,2013,2012-08-03,2013-08-03,35.0,0.0,4.0,0.32,0.32,1.85,0.430566037735849,1.49,0,False
5728,6.521,117.9157,2014,2013-08-29,2014-08-29,14.685,43.75,6.0,3.5,4.15,4.15,0.4777358490566037,1.48,0,False
5728,6.521,117.9157,2015,2014-07-26,2015-07-26,24.06,0.0,4.8,2.13,2.13,3.5,0.3958490566037736,1.54,0,False
5728,6.521,117.9157,2016,2015-09-06,2016-09-05,25.94,6.25,4.0,3.46,5.55,5.55,0.6992452830188681,1.6,7,False
5728,6.521,117.9157,2017,2016-08-14,2017-08-14,14.06,0.75,5.8,5.17,5.17,5.17,0.6535849056603774,1.55,7,False
5728,6.521,117.9157,2018,2017-09-30,2018-09-30,19.69,0.0,4.5,0.15,0.61,3.5500000000000003,0.5652830188679245,1.37,0,False
5728,6.521,117.9157,2019,2018-08-21,2019-08-21,9.370000000000001,0.0,6.9,5.63,5.63,5.63,0.5852830188679246,1.42,14,False
5729,6.5436,117.92,2013,2012-10-01,2013-10-01,35.315,0.0,11.5,0.0,0.32,0.32,0.37826923076923086,1.49,0,False
5729,6.5436,117.92,2014,2013-05-18,2014-05-18,39.06,2.5,12.5,0.98,0.98,0.98,0.3511320754716981,1.48,0,False
5729,6.5436,117.92,2015,2014-06-28,2015-06-28,29.375,0.0,11.5,2.13,2.13,4.15,0.43283018867924533,1.54,0,False
5729,6.5436,117.92,2016,2015-07-28,2016-07-27,35.94,33.75,11.5,5.55,5.55,5.55,0.6488679245283019,1.6,7,False
5729,6.5436,117.92,2017,2016-08-15,2017-08-15,25.31,12.75,10.8,5.17,5.17,5.17,0.6535849056603774,1.55,7,False
5729,6.5436,117.92,2018,2017-09-01,2018-09-01,20.625,0.5,11.0,0.31,0.61,3.5500000000000003,0.6447169811320755,1.48,0,False
5729,6.5436,117.92,2019,2018-08-15,2019-08-15,28.44,0.4,13.3,5.63,5.63,5.63,0.5907547169811321,1.42,14,False
5730,6.5521,117.9247,2013,2012-10-11,2013-10-11,23.75,9.25,11.0,0.0,0.32,0.32,0.3743396226415095,1.53,0,False
5730,6.5521,117.9247,2014,2013-09-29,2014-09-29,20.935,22.25,12.5,2.01,4.37,4.37,0.5218867924528302,1.51,0,False
5730,6.5521,117.9247,2015,2014-07-04,2015-07-04,15.0,0.0,11.0,2.42,2.42,4.37,0.42452830188679247,1.6,0,False
5730,6.5521,117.9247,2016,2015-09-15,2016-09-14,19.69,25.0,12.0,2.98,5.41,5.41,0.6815094339622642,1.55,7,False
5730,6.5521,117.9247,2017,2016-07-28,2017-07-28,17.19,3.5,12.0,4.53,4.53,4.5600000000000005,0.6196226415094341,1.56,7,False
5730,6.5521,117.9247,2018,2017-08-02,2018-08-02,28.435,1.0,12.0,0.77,0.77,5.0,0.6532075471698112,1.5,7,False
5730,6.5521,117.9247,2019,2018-08-18,2019-08-18,23.44,0.39,11.6,5.29,5.29,5.29,0.588867924528302,1.36,7,False
5731,6.5521,117.9357,2013,2012-09-30,2013-09-30,34.370000000000005,1.25,12.0,0.0,0.32,0.32,0.3881132075471698,1.53,0,False
5731,6.5521,117.9357,2014,2013-09-27,2014-09-27,16.56,18.75,10.5,2.01,4.37,4.37,0.5218867924528302,1.51,0,False
5731,6.5521,117.9357,2015,2014-03-31,2015-03-31,21.25,0.5,10.5,0.0,0.0,4.37,0.45377358490566033,1.51,0,False
5731,6.5521,117.9357,2016,2015-09-13,2016-09-12,20.0,17.5,10.0,2.98,5.41,5.41,0.6815094339622642,1.55,7,False
5731,6.5521,117.9357,2017,2016-07-20,2017-07-20,13.44,3.25,11.5,4.53,4.53,5.41,0.6305660377358491,1.56,7,False
5731,6.5521,117.9357,2018,2017-08-02,2018-08-02,17.5,0.0,10.0,0.77,0.77,5.0,0.6532075471698112,1.5,7,False
5731,6.5521,117.9357,2019,2018-08-21,2019-08-21,15.625,0.01,10.8,5.29,5.29,5.29,0.5828301886792452,1.36,7,False
5732,6.5621,117.9202,2013,2012-06-11,2013-06-11,29.685,1.25,12.0,0.32,0.32,1.83,0.4657692307692308,1.53,0,False
5732,6.5621,117.9202,2014,2013-09-28,2014-09-28,27.81,23.75,12.5,2.01,4.37,4.37,0.5218867924528302,1.51,0,False
5732,6.5621,117.9202,2015,2014-06-29,2015-06-29,32.5,0.0,13.0,2.42,2.42,4.37,0.42792452830188676,1.6,0,False
5732,6.5621,117.9202,2016,2015-09-11,2016-09-10,27.5,47.5,13.5,3.61,5.41,5.41,0.6815094339622642,1.55,7,False
5732,6.5621,117.9202,2017,2016-08-28,2017-08-28,19.685,11.5,12.0,5.0,5.0,5.0,0.649245283018868,1.56,14,False
5732,6.5621,117.9202,2018,2017-08-05,2018-08-05,26.56,0.0,12.6,0.77,0.77,5.0,0.6532075471698112,1.5,7,False
5732,6.5621,117.9202,2019,2018-09-30,2019-09-30,33.75,0.04,15.1,1.4,5.29,5.29,0.6245283018867924,1.36,7,False
5733,6.7012,116.3386,2013,2012-11-12,2013-11-12,13.435,0.0,7.0,0.0,0.15,0.15,0.46019230769230773,1.68,0,False
5733,6.7012,116.3386,2014,2013-09-10,2014-09-10,27.5,0.0,8.0,0.0,0.0,0.0,0.39547169811320754,1.77,0,False
5733,6.7012,116.3386,2015,2014-06-11,2015-06-11,19.375,0.25,5.0,0.0,0.0,0.0,0.19528301886792457,1.21,0,False
5733,6.7012,116.3386,2016,2015-04-25,2016-04-24,16.25,0.0,6.0,0.0,0.0,0.0,0.1884905660377359,1.38,0,False
5733,6.7012,116.3386,2017,2016-08-11,2017-08-11,25.625,0.5,6.0,0.14,0.14,0.77,0.7088679245283017,2.61,0,False
5733,6.7012,116.3386,2018,2017-07-19,2018-07-19,18.75,0.0,5.0,0.0,0.0,0.14,0.46150943396226424,1.58,0,False
5733,6.7012,116.3386,2019,2018-07-20,2019-07-20,21.56,2.0,6.0,0.29,0.29,0.29,0.4239622641509435,1.64,0,False
5734,6.7023,116.3635,2013,2012-11-13,2013-11-13,9.06,0.0,5.0,0.0,0.15,0.15,0.4371698113207548,1.67,0,False
5734,6.7023,116.3635,2014,2013-09-13,2014-09-13,6.25,0.0,8.0,0.0,0.0,0.0,0.3988679245283019,1.74,0,False
5734,6.7023,116.3635,2015,2014-06-11,2015-06-11,9.370000000000001,0.0,5.0,0.0,0.0,0.0,0.1958490566037736,1.25,0,False
5734,6.7023,116.3635,2016,2015-04-25,2016-04-24,9.69,0.0,7.0,0.0,0.0,0.0,0.18433962264150944,1.39,0,False
5734,6.7023,116.3635,2017,2016-08-13,2017-08-13,12.19,0.75,9.0,0.15,0.15,0.48,0.7219230769230769,2.66,0,False
5734,6.7023,116.3635,2018,2017-07-19,2018-07-19,7.19,0.0,8.0,0.0,0.0,0.15,0.45867924528301884,1.52,0,False
5734,6.7023,116.3635,2019,2018-07-20,2019-07-20,5.619999999999999,3.25,6.0,0.44,0.44,0.44,0.419811320754717,1.61,0,False
5735,6.7051,116.3205,2013,2012-11-13,2013-11-13,21.56,0.0,10.0,0.0,0.15,0.15,0.4533962264150944,1.68,0,False
5735,6.7051,116.3205,2014,2013-09-13,2014-09-13,23.75,0.0,3.0,0.0,0.0,0.0,0.3967924528301887,1.77,0,False
5735,6.7051,116.3205,2015,2014-05-19,2015-05-19,26.869999999999997,0.0,6.0,0.0,0.0,0.0,0.17641509433962263,1.21,0,False
5735,6.7051,116.3205,2016,2015-04-26,2016-04-25,30.315,0.0,6.0,0.0,0.0,0.0,0.1884905660377359,1.38,0,False
5735,6.7051,116.3205,2017,2016-11-23,2017-11-23,29.69,2.25,7.0,0.0,0.0,0.14,0.7724528301886792,2.61,0,False
5735,6.7051,116.3205,2018,2017-07-23,2018-07-23,30.625,0.25,7.0,0.0,0.0,0.14,0.46150943396226424,1.58,0,False
5735,6.7051,116.3205,2019,2018-07-18,2019-07-18,26.869999999999997,1.5,8.0,0.29,0.29,0.29,0.4239622641509435,1.64,0,False
5736,6.7065,116.3167,2016,2015-04-25,2016-04-24,20.31,0.0,6.0,0.0,0.0,0.0,0.1884905660377359,1.38,0,False
5736,6.7065,116.3167,2017,2016-08-12,2017-08-12,31.25,0.25,7.0,0.14,0.14,0.77,0.7088679245283017,2.61,0,False
5737,6.7065,116.3295,2016,2015-04-27,2016-04-26,16.875,0.0,9.0,0.0,0.0,0.0,0.1884905660377359,1.38,0,False
5737,6.7065,116.3295,2017,2016-11-24,2017-11-24,24.375,2.0,7.0,0.0,0.0,0.14,0.7724528301886792,2.61,0,False
5738,6.7097,116.3234,2016,2015-04-26,2016-04-25,15.629999999999999,0.0,4.5,0.0,0.0,0.0,0.1884905660377359,1.38,0,False
5738,6.7097,116.3234,2017,2016-11-23,2017-11-23,13.44,0.0,4.0,0.0,0.0,0.14,0.7724528301886792,2.61,0,False
5738,6.7097,116.3234,2018,2017-12-01,2018-12-01,9.06,0.0,3.5,0.0,0.0,0.0,0.498679245283019,1.58,0,False
5739,6.7139,116.3347,2013,2012-11-27,2013-11-27,26.565,0.0,6.0,0.0,0.0,0.15,0.44660377358490577,1.68,0,False
5739,6.7139,116.3347,2014,2013-09-12,2014-09-12,24.369999999999997,0.0,5.0,0.0,0.0,0.0,0.3967924528301887,1.77,0,False
5739,6.7139,116.3347,2015,2014-05-18,2015-05-18,24.380000000000003,0.25,6.0,0.0,0.0,0.0,0.17641509433962263,1.21,0,False
5739,6.7139,116.3347,2016,2015-04-27,2016-04-26,21.875,0.25,5.5,0.0,0.0,0.0,0.1884905660377359,1.38,0,False
5739,6.7139,116.3347,2017,2016-11-24,2017-11-24,20.0,0.5,5.0,0.0,0.0,0.14,0.7724528301886792,2.61,0,False
5739,6.7139,116.3347,2018,2017-07-19,2018-07-19,24.06,0.25,6.5,0.0,0.0,0.14,0.46150943396226424,1.58,0,False
5739,6.7139,116.3347,2019,2018-07-19,2019-07-19,20.31,0.75,6.0,0.29,0.29,0.29,0.4239622641509435,1.64,0,False
5740,6.7182,116.3594,2013,2012-11-27,2013-11-27,10.94,0.0,7.0,0.0,0.0,0.15,0.429622641509434,1.67,0,False
5740,6.7182,116.3594,2014,2013-09-10,2014-09-10,25.0,0.0,6.0,0.0,0.0,0.0,0.3969811320754717,1.74,0,False
5740,6.7182,116.3594,2015,2014-05-20,2015-05-20,23.13,0.0,6.0,0.0,0.0,0.0,0.17773584905660378,1.25,0,False
5740,6.7182,116.3594,2016,2015-04-24,2016-04-23,13.125,0.0,6.0,0.0,0.0,0.0,0.18433962264150944,1.39,0,False
5740,6.7182,116.3594,2017,2016-08-14,2017-08-14,8.125,0.0,6.0,0.15,0.15,0.48,0.7179245283018867,2.66,0,False
5740,6.7182,116.3594,2018,2017-07-21,2018-07-21,12.19,0.0,6.0,0.0,0.0,0.15,0.45867924528301884,1.52,0,False
5740,6.7182,116.3594,2019,2018-07-16,2019-07-16,19.06,0.0,6.0,0.44,0.44,0.44,0.4096226415094339,1.61,0,False
5741,6.7183,116.3595,2017,2016-11-23,2017-11-23,8.44,0.0,4.0,0.0,0.0,0.15,0.7709433962264152,2.66,0,False
5742,6.7199,116.3409,2013,2012-11-13,2013-11-13,25.94,0.0,10.0,0.0,0.15,0.15,0.4533962264150944,1.68,0,False
5742,6.7199,116.3409,2014,2013-09-11,2014-09-11,28.75,0.0,9.0,0.0,0.0,0.0,0.3967924528301887,1.77,0,False
5742,6.7199,116.3409,2015,2014-12-08,2015-12-08,21.565,0.0,9.0,0.0,0.0,0.0,0.1630188679245283,1.21,0,False
5742,6.7199,116.3409,2016,2015-04-26,2016-04-25,21.56,0.0,6.0,0.0,0.0,0.0,0.1884905660377359,1.38,0,False
5742,6.7199,116.3409,2017,2016-09-18,2017-09-18,28.125,0.0,6.0,0.14,0.14,0.14,0.7281132075471698,2.61,0,False
5742,6.7199,116.3409,2018,2017-07-23,2018-07-23,20.935,1.0,6.0,0.0,0.0,0.14,0.46150943396226424,1.58,0,False
5742,6.7199,116.3409,2019,2018-07-19,2019-07-19,25.935,1.75,8.0,0.29,0.29,0.29,0.4239622641509435,1.64,0,False
5743,6.7201,116.3684,2013,2012-11-14,2013-11-14,18.130000000000003,0.0,7.0,0.0,0.15,0.15,0.4371698113207548,1.67,0,False
5743,6.7201,116.3684,2014,2013-09-11,2014-09-11,21.25,0.0,8.5,0.0,0.0,0.0,0.3988679245283019,1.74,0,False
5743,6.7201,116.3684,2015,2014-05-20,2015-05-20,22.814999999999998,0.0,7.0,0.0,0.0,0.0,0.17773584905660378,1.25,0,False
5743,6.7201,116.3684,2016,2015-04-24,2016-04-23,15.0,0.0,7.0,0.0,0.0,0.0,0.18433962264150944,1.39,0,False
5743,6.7201,116.3684,2017,2016-08-12,2017-08-12,19.375,1.0,7.0,0.15,0.15,0.78,0.709433962264151,2.66,0,False
5743,6.7201,116.3684,2018,2017-07-21,2018-07-21,10.625,0.75,8.0,0.0,0.0,0.15,0.45867924528301884,1.52,0,False
5743,6.7201,116.3684,2019,2018-07-15,2019-07-15,20.31,3.75,8.0,0.44,0.44,0.44,0.4096226415094339,1.61,0,False
5744,6.7216,116.3484,2013,2012-11-27,2013-11-27,24.06,0.0,6.0,0.0,0.0,0.15,0.44660377358490577,1.68,0,False
5744,6.7216,116.3484,2014,2013-09-11,2014-09-11,29.06,0.0,7.0,0.0,0.0,0.0,0.3967924528301887,1.77,0,False
5744,6.7216,116.3484,2015,2014-05-20,2015-05-20,28.130000000000003,0.0,7.0,0.0,0.0,0.0,0.17641509433962263,1.21,0,False
5744,6.7216,116.3484,2016,2015-06-15,2016-06-14,23.75,0.25,6.0,0.63,0.63,0.63,0.24358490566037733,1.38,0,False
5744,6.7216,116.3484,2017,2016-09-18,2017-09-18,25.315,0.75,7.0,0.14,0.14,0.14,0.7281132075471698,2.61,0,False
5744,6.7216,116.3484,2018,2017-07-20,2018-07-20,13.44,0.75,8.0,0.0,0.0,0.14,0.46150943396226424,1.58,0,False
5744,6.7216,116.3484,2019,2018-07-19,2019-07-19,27.815,1.75,8.0,0.29,0.29,0.29,0.4239622641509435,1.64,0,False
5752,7.0037,117.4462,2013,2012-10-02,2013-10-02,20.31,0.625,7.5,0.0,0.0,0.0,0.37037735849056613,1.77,0,False
5827,1.7335,110.0834,2013,2012-04-07,2013-04-07,39.375,2.5,3.0,0.0,0.0,0.15,0.36471698113207546,1.55,0,False
5829,1.7831,110.1674,2015,2014-05-30,2015-05-30,35.625,2.5,3.0,0.0,0.0,1.05,0.39943396226415095,1.18,0,False
5830,1.7867,110.1579,2015,2014-05-30,2015-05-30,33.44,2.5,3.0,0.0,0.0,1.05,0.39943396226415095,1.18,0,False
5831,1.7875,110.1621,2013,2012-04-06,2013-04-06,38.75,2.5,5.5,0.0,0.0,0.15,0.34188679245283016,1.47,0,False
5831,1.7875,110.1621,2014,2013-09-15,2014-09-15,30.935,28.75,4.7,0.91,1.05,1.05,0.29981132075471695,1.18,0,False
5833,1.8942,109.7704,2013,2012-03-30,2013-03-30,46.25,5.0,5.0,0.0,0.0,0.0,0.3466037735849057,1.57,0,False
5834,1.8946,109.7664,2013,2012-03-30,2013-03-30,35.0,1.25,6.0,0.0,0.0,0.0,0.3466037735849057,1.57,0,False
5835,1.9159,109.7744,2013,2012-03-29,2013-03-29,30.625,0.0,6.0,0.0,0.0,0.0,0.3433962264150944,1.58,0,False
5836,1.9176,109.7799,2013,2012-03-29,2013-03-29,37.19,0.0,6.5,0.0,0.0,0.0,0.3433962264150944,1.58,0,False
5837,2.1836,104.0957,2013,2012-09-23,2013-09-23,18.435,0.0,3.0,0.0,1.35,1.53,0.5005660377358491,1.53,0,False
5838,2.2345,104.061,2013,2012-09-23,2013-09-23,25.31,0.0,7.0,0.0,1.33,1.5,0.5064150943396227,1.53,0,False
5843,2.4599,104.4893,2018,2017-09-13,2018-09-13,32.5,0.0,8.2,0.0,0.0,0.0,0.2609433962264151,1.17,0,False
5843,2.4599,104.4893,2019,2018-09-07,2019-09-07,33.435,0.0,7.0,0.0,1.85,1.85,0.5664150943396226,1.29,0,False
5844,2.4612,104.5267,2018,2017-09-14,2018-09-14,29.375,0.0,7.6,0.0,0.0,0.0,0.25358490566037734,1.16,0,False
5844,2.4612,104.5267,2019,2018-09-06,2019-09-06,37.5,0.0,6.8,0.0,1.7,1.7,0.5607547169811322,1.29,0,False
5849,2.4712,104.5106,2018,2017-09-13,2018-09-13,29.69,0.0,4.6,0.0,0.0,0.0,0.25358490566037734,1.16,0,False
5849,2.4712,104.5106,2019,2018-09-07,2019-09-07,34.065,0.0,5.5,0.0,1.7,1.7,0.5607547169811322,1.29,0,False
5851,2.4775,104.5045,2018,2017-09-14,2018-09-14,31.875,0.0,7.9,0.0,0.0,0.0,0.25358490566037734,1.16,0,False
5851,2.4775,104.5045,2019,2018-09-06,2019-09-06,36.25,0.0,7.2,0.0,1.7,1.7,0.5607547169811322,1.29,0,False
5855,2.5736,104.325,2013,2012-03-19,2013-03-19,38.129999999999995,0.0,3.0,0.0,0.0,0.0,0.18115384615384617,1.49,0,False
5855,2.5736,104.325,2014,2013-08-06,2014-08-06,28.125,0.0,3.5,2.83,2.83,2.83,0.12358490566037734,1.3,0,False
5856,2.5814,104.3375,2013,2012-03-20,2013-03-20,30.31,0.0,8.0,0.0,0.0,0.0,0.1816981132075472,1.49,0,False
5857,2.5815,104.3353,2013,2012-03-20,2013-03-20,29.685,0.0,10.0,0.0,0.0,0.0,0.1816981132075472,1.49,0,False
5857,2.5815,104.3353,2014,2013-08-06,2014-08-06,30.31,0.0,10.0,2.83,2.83,2.83,0.12358490566037734,1.3,0,False
5858,2.5818,104.3125,2013,2012-03-21,2013-03-21,24.380000000000003,0.0,5.0,0.0,0.0,0.0,0.1816981132075472,1.49,0,False
5859,2.6614,104.1664,2013,2012-04-03,2013-04-03,2.81,0.0,7.0,0.0,0.0,0.0,0.18415094339622642,1.48,0,False
5865,2.7191,104.1517,2013,2012-03-18,2013-03-18,14.379999999999999,0.0,6.0,0.0,0.0,0.0,0.14150943396226415,1.5,0,True
5866,2.7321,104.1354,2013,2012-04-04,2013-04-04,36.56,0.0,5.0,0.15,0.15,0.15,0.17886792452830189,1.5,0,False
5866,2.7321,104.1354,2015,2014-08-25,2015-08-25,35.315,0.0,4.5,0.0,0.0,0.0,0.27792452830188685,1.36,0,False
5866,2.7321,104.1354,2016,2015-10-26,2016-10-25,26.25,0.0,4.0,0.0,2.75,4.91,0.8156603773584905,1.72,7,False
5866,2.7321,104.1354,2018,2017-08-26,2018-08-26,23.125,0.0,4.0,0.0,0.0,0.0,0.32886792452830194,1.18,0,False
5866,2.7321,104.1354,2019,2018-10-23,2019-10-23,18.75,0.0,5.0,0.0,0.14,1.39,0.5977358490566038,1.4,0,False
5868,2.7402,104.1316,2014,2013-03-05,2014-03-05,34.375,0.0,3.0,0.0,0.0,0.75,0.2920754716981132,1.32,0,False
5868,2.7402,104.1316,2014,2013-04-27,2014-04-27,20.625,0.0,4.0,0.0,0.0,0.75,0.209811320754717,1.06,0,False
5869,2.7411,104.2181,2013,2012-07-30,2013-07-30,32.185,0.0,6.0,0.74,0.74,0.74,0.5511538461538462,1.45,0,False
5870,2.742,104.2177,2014,2013-08-26,2014-08-26,29.685,0.0,7.5,1.05,2.7,2.7,0.1332075471698113,1.34,0,False
5871,2.7509,104.2202,2013,2012-03-18,2013-03-18,34.375,0.0,11.0,0.0,0.0,0.0,0.200188679245283,1.44,0,False
5872,2.7599,104.2219,2013,2012-07-04,2013-07-04,25.315,0.0,6.5,0.88,0.88,0.88,0.4869811320754717,1.46,0,False
5872,2.7599,104.2219,2014,2013-08-26,2014-08-26,43.44,0.0,6.5,1.36,3.01,3.01,0.14132075471698116,1.35,0,False
5873,2.7603,104.2204,2013,2012-04-02,2013-04-02,29.06,0.0,9.0,0.0,0.0,0.0,0.20076923076923076,1.44,0,False
5874,2.7809,104.2103,2013,2012-03-17,2013-03-17,19.065,0.0,12.0,0.0,0.0,0.0,0.200188679245283,1.44,0,False
5875,2.7898,104.1167,2013,2012-03-14,2013-03-14,30.94,0.25,6.0,0.0,0.0,0.0,0.16264150943396224,1.48,0,False
5877,2.804,104.2098,2013,2012-04-02,2013-04-02,26.565,0.0,11.0,0.0,0.0,0.0,0.21346153846153845,1.43,0,False
5878,2.8095,104.1353,2014,2013-04-23,2014-04-23,44.375,0.0,6.0,0.0,0.0,0.91,0.20660377358490567,1.19,0,False
5880,2.8105,104.1363,2013,2012-03-15,2013-03-15,41.25,0.0,10.0,0.0,0.0,0.0,0.17716981132075477,1.48,0,False
5884,2.8167,104.1509,2016,2015-05-30,2016-05-29,40.0,0.0,8.0,4.98,4.98,4.98,0.6162264150943397,1.69,7,False
5885,2.8181,104.1539,2013,2012-04-11,2013-04-11,20.31,0.0,6.0,0.14,0.14,0.14,0.22358490566037736,1.46,0,False
5885,2.8181,104.1539,2014,2013-04-24,2014-04-24,18.119999999999997,0.0,5.0,0.0,0.0,0.9,0.22283018867924528,1.2,0,False
5886,2.8241,104.1882,2013,2012-08-24,2013-08-24,22.19,0.0,5.5,0.75,0.9,0.9,0.5786792452830187,1.46,0,False
5891,2.8884,104.0672,2013,2012-03-31,2013-03-31,10.625,0.0,7.0,0.0,0.0,0.0,0.19358490566037737,1.5,0,False
5893,2.9002,104.0509,2013,2012-03-30,2013-03-30,27.81,0.0,12.0,0.0,0.0,0.0,0.2050943396226415,1.49,0,False
5894,2.9023,104.1025,2014,2013-05-04,2014-05-04,35.625,0.0,7.7,0.94,0.94,0.97,0.23301886792452833,1.31,0,False
5894,2.9023,104.1025,2015,2014-05-06,2015-05-06,35.625,0.0,8.0,0.0,0.0,3.37,0.32924528301886796,1.36,0,False
5894,2.9023,104.1025,2018,2017-10-10,2018-10-10,40.0,0.0,8.3,0.0,0.0,0.0,0.2964150943396226,1.24,0,False
5894,2.9023,104.1025,2019,2018-10-03,2019-10-03,45.620000000000005,0.0,8.0,0.0,2.06,2.06,0.5647169811320756,1.36,0,False
5896,2.9132,104.1834,2013,2012-03-16,2013-03-16,21.56,0.0,6.0,0.0,0.0,0.0,0.22339622641509432,1.45,0,False
5901,3.9945,100.5357,2013,2012-01-09,2013-01-08,12.5,0.0,5.0,0.0,0.0,0.0,0.4401923076923077,1.12,0,False
5901,3.9945,100.5357,2014,2013-01-27,2014-01-27,18.125,0.0,5.0,0.0,0.0,0.65,0.48301886792452825,1.17,0,False
5902,4.0008,100.5491,2013,2012-01-10,2013-01-09,30.0,0.0,5.0,0.0,0.0,0.0,0.44962264150943393,1.1,0,False
5905,4.1043,118.6316,2014,2013-11-12,2014-11-12,16.25,0.0,5.0,0.0,1.03,1.81,0.5567924528301886,1.49,0,False
5905,4.1043,118.6316,2015,2014-11-18,2015-11-18,16.56,0.0,5.0,0.0,0.36,1.15,0.3813207547169811,1.36,0,False
5905,4.1043,118.6316,2016,2015-11-04,2016-11-03,11.25,0.0,5.0,0.0,2.62,5.45,0.8158490566037734,1.67,21,False
5905,4.1043,118.6316,2017,2016-11-25,2017-11-25,13.125,0.0,5.0,1.12,1.12,1.12,0.7194339622641507,1.68,0,False
5905,4.1043,118.6316,2018,2017-11-14,2018-11-14,30.31,0.0,5.0,0.0,0.16,1.12,0.6679245283018869,1.4,0,False
5906,4.1043,118.6352,2014,2013-11-14,2014-11-14,32.0325,0.0,7.5,0.0,1.03,1.81,0.570188679245283,1.49,0,False
5906,4.1043,118.6352,2015,2014-11-17,2015-11-17,30.7825,0.0,7.5,0.0,0.36,1.15,0.3813207547169811,1.36,0,False
5906,4.1043,118.6352,2016,2015-11-04,2016-11-03,12.344999999999999,0.0,7.5,0.0,2.62,5.45,0.8158490566037734,1.67,21,False
5906,4.1043,118.6352,2017,2016-11-29,2017-11-29,20.625,0.0,7.5,1.12,1.12,1.12,0.72188679245283,1.68,0,False
5906,4.1043,118.6352,2018,2017-11-14,2018-11-14,23.5925,0.0,7.5,0.0,0.16,1.12,0.6679245283018869,1.4,0,False
5907,4.1057,118.6287,2014,2013-11-11,2014-11-11,19.375,0.0,5.0,0.0,1.33,1.81,0.5567924528301886,1.49,0,False
5907,4.1057,118.6287,2015,2014-11-17,2015-11-17,20.625,0.0,5.0,0.0,0.36,1.15,0.3813207547169811,1.36,0,False
5907,4.1057,118.6287,2016,2015-11-02,2016-11-01,15.625,0.0,5.0,0.0,2.62,5.45,0.8158490566037734,1.67,21,False
5907,4.1057,118.6287,2017,2016-11-24,2017-11-24,9.375,0.0,5.0,1.12,1.12,1.12,0.7194339622641507,1.68,0,False
5907,4.1057,118.6287,2018,2017-11-13,2018-11-13,18.75,0.0,5.0,0.0,0.16,1.12,0.6679245283018869,1.4,0,False
5909,4.1075,118.6363,2014,2013-11-13,2014-11-13,32.5,0.0,5.0,0.0,1.03,1.81,0.570188679245283,1.49,0,False
5909,4.1075,118.6363,2015,2014-11-17,2015-11-17,30.0,0.0,5.0,0.0,0.36,1.15,0.3813207547169811,1.36,0,False
5909,4.1075,118.6363,2016,2015-11-02,2016-11-01,25.0,0.0,5.0,0.0,2.62,5.45,0.8158490566037734,1.67,21,False
5909,4.1075,118.6363,2017,2016-11-29,2017-11-29,35.31,0.0,5.0,1.12,1.12,1.12,0.72188679245283,1.68,0,False
5909,4.1075,118.6363,2018,2017-11-14,2018-11-14,29.69,0.0,5.0,0.0,0.16,1.12,0.6679245283018869,1.4,0,False
5910,4.1093,118.6257,2014,2013-11-13,2014-11-13,28.75,0.0,5.0,0.0,1.03,1.81,0.570188679245283,1.49,0,False
5910,4.1093,118.6257,2015,2014-11-19,2015-11-19,22.19,0.0,4.5,0.0,0.0,1.15,0.3813207547169811,1.36,0,False
5910,4.1093,118.6257,2016,2015-11-02,2016-11-01,30.625,0.0,5.0,0.0,2.62,5.45,0.8158490566037734,1.67,21,False
5910,4.1093,118.6257,2017,2016-11-29,2017-11-29,33.44,0.0,5.0,1.12,1.12,1.12,0.72188679245283,1.68,0,False
5910,4.1093,118.6257,2018,2017-11-14,2018-11-14,33.44,0.0,5.0,0.0,0.16,1.12,0.6679245283018869,1.4,0,False
5911,4.1118,118.6249,2014,2013-11-12,2014-11-12,29.06,0.0,5.0,0.0,1.03,1.81,0.5567924528301886,1.49,0,False
5911,4.1118,118.6249,2015,2014-11-18,2015-11-18,36.25,0.0,5.0,0.0,0.36,1.15,0.3813207547169811,1.36,0,False
5911,4.1118,118.6249,2016,2015-11-02,2016-11-01,28.435,0.0,5.0,0.0,2.62,5.45,0.8158490566037734,1.67,21,False
5911,4.1118,118.6249,2017,2016-11-29,2017-11-29,35.625,0.0,5.0,1.12,1.12,1.12,0.72188679245283,1.68,0,False
5911,4.1118,118.6249,2018,2017-11-13,2018-11-13,35.0,0.0,5.0,0.0,0.16,1.12,0.6679245283018869,1.4,0,False
5912,4.1135,118.636,2014,2013-11-11,2014-11-11,42.19,0.0,5.0,0.0,1.33,1.81,0.5567924528301886,1.49,0,False
5912,4.1135,118.636,2015,2014-11-17,2015-11-17,30.94,0.0,5.0,0.0,0.36,1.15,0.3813207547169811,1.36,0,False
5912,4.1135,118.636,2016,2015-11-02,2016-11-01,15.935,0.0,5.0,0.0,2.62,5.45,0.8158490566037734,1.67,21,False
5912,4.1135,118.636,2017,2016-11-24,2017-11-24,6.56,0.0,5.0,1.12,1.12,1.12,0.7194339622641507,1.68,0,False
5912,4.1135,118.636,2018,2017-11-14,2018-11-14,10.31,0.0,5.0,0.0,0.16,1.12,0.6679245283018869,1.4,0,False
5913,4.1152,118.6248,2015,2014-11-17,2015-11-17,22.81,0.0,5.0,0.0,0.36,1.15,0.3813207547169811,1.36,0,False
5913,4.1152,118.6248,2016,2015-11-02,2016-11-01,25.935,0.0,5.0,0.0,2.62,5.45,0.8158490566037734,1.67,21,False
5913,4.1152,118.6248,2018,2017-11-13,2018-11-13,34.06,0.0,5.0,0.0,0.16,1.12,0.6679245283018869,1.4,0,False
5915,4.1182,118.6279,2014,2013-11-14,2014-11-14,20.31,0.0,5.0,0.0,1.03,1.81,0.570188679245283,1.49,0,False
5915,4.1182,118.6279,2015,2014-11-19,2015-11-19,23.44,0.0,4.5,0.0,0.0,1.15,0.3813207547169811,1.36,0,False
5915,4.1182,118.6279,2016,2015-11-04,2016-11-03,29.375,0.0,5.0,0.0,2.62,5.45,0.8158490566037734,1.67,21,False
5915,4.1182,118.6279,2017,2016-11-29,2017-11-29,31.875,0.0,5.0,1.12,1.12,1.12,0.72188679245283,1.68,0,False
5915,4.1182,118.6279,2018,2017-11-13,2018-11-13,31.56,0.0,5.0,0.0,0.16,1.12,0.6679245283018869,1.4,0,False
5916,4.1188,118.6291,2014,2013-11-12,2014-11-12,23.44,0.0,5.0,0.0,1.03,1.81,0.5567924528301886,1.49,0,False
5916,4.1188,118.6291,2015,2014-11-19,2015-11-19,9.69,0.0,5.0,0.0,0.0,1.15,0.3813207547169811,1.36,0,False
5916,4.1188,118.6291,2016,2015-11-02,2016-11-01,12.5,0.0,5.0,0.0,2.62,5.45,0.8158490566037734,1.67,21,False
5916,4.1188,118.6291,2017,2016-11-25,2017-11-25,14.375,0.0,5.0,1.12,1.12,1.12,0.7194339622641507,1.68,0,False
5916,4.1188,118.6291,2018,2017-11-13,2018-11-13,19.69,0.0,5.0,0.0,0.16,1.12,0.6679245283018869,1.4,0,False
5917,4.1189,118.6342,2014,2013-11-12,2014-11-12,40.625,0.0,5.0,0.0,1.03,1.81,0.5567924528301886,1.49,0,False
5917,4.1189,118.6342,2015,2014-11-19,2015-11-19,24.375,0.0,5.0,0.0,0.0,1.15,0.3813207547169811,1.36,0,False
5917,4.1189,118.6342,2016,2015-11-03,2016-11-02,18.75,0.0,5.0,0.0,2.62,5.45,0.8158490566037734,1.67,21,False
5917,4.1189,118.6342,2017,2016-11-29,2017-11-29,43.125,0.0,5.0,1.12,1.12,1.12,0.72188679245283,1.68,0,False
5917,4.1189,118.6342,2018,2017-11-13,2018-11-13,24.69,0.0,5.0,0.0,0.16,1.12,0.6679245283018869,1.4,0,False
5918,4.1216,118.6365,2014,2013-11-12,2014-11-12,26.56,0.0,5.0,0.0,1.03,1.81,0.5567924528301886,1.49,0,False
5918,4.1216,118.6365,2017,2016-11-29,2017-11-29,28.75,0.0,5.0,1.12,1.12,1.12,0.72188679245283,1.68,0,False
5919,4.1523,118.2575,2013,2012-11-07,2013-11-07,9.37,0.0,13.0,0.0,1.48,2.46,0.5779245283018867,1.36,0,False
5920,4.1544,118.2631,2015,2014-04-20,2015-04-20,6.565,3.75,14.0,0.0,0.0,2.29,0.5935849056603774,1.43,0,False
5921,4.155,118.8987,2013,2012-11-08,2013-11-08,6.5649999999999995,0.0,8.0,0.0,0.49,1.84,0.5643396226415094,1.59,0,False
5922,4.1621,118.8722,2013,2012-11-08,2013-11-08,8.434999999999999,0.0,8.0,0.0,0.49,1.84,0.5643396226415094,1.59,0,False
5923,4.1635,118.2752,2013,2012-11-07,2013-11-07,5.0,0.0,12.0,0.0,1.48,2.46,0.5779245283018867,1.36,0,False
5924,4.1636,118.2761,2015,2014-04-20,2015-04-20,9.065,2.5,12.0,0.0,0.0,2.29,0.5935849056603774,1.43,0,False
5925,4.1762,118.3073,2014,2013-03-26,2014-03-26,27.5,0.5,10.0,0.15,0.15,2.59,0.5847169811320755,1.46,0,False
5927,4.1781,118.3078,2015,2014-04-20,2015-04-20,5.31,1.25,8.0,0.0,0.0,2.24,0.5879245283018867,1.4,0,False
5928,4.1919,118.9007,2013,2012-11-08,2013-11-08,8.125,0.0,8.0,0.0,0.34,1.84,0.5567924528301885,1.63,0,False
5932,4.2263,118.685,2015,2014-12-08,2015-12-08,3.75,0.0,7.0,0.0,0.0,1.42,0.36867924528301893,1.31,0,False
5934,4.2314,118.6336,2015,2014-04-26,2015-04-26,2.81,0.5,9.0,0.15,0.15,1.89,0.5211320754716982,1.24,0,False
5934,4.2314,118.6336,2016,2015-05-10,2016-05-09,4.38,0.0,9.0,2.77,2.77,2.77,0.5916981132075472,1.82,0,False
5935,4.2341,118.6376,2015,2014-12-08,2015-12-08,4.375,0.0,7.0,0.0,0.0,1.61,0.3818867924528303,1.4,0,False
5935,4.2341,118.6376,2016,2015-05-09,2016-05-08,8.75,0.0,7.0,2.77,2.77,2.77,0.5916981132075472,1.82,0,False
5935,4.2341,118.6376,2018,2017-03-12,2018-03-12,12.19,6.25,8.0,0.0,0.49,1.1,0.7428301886792452,1.57,0,False
5935,4.2341,118.6376,2019,2018-07-20,2019-07-20,5.94,0.75,6.0,0.74,0.74,0.9,0.5713207547169812,1.0,0,False
5936,4.237,118.6274,2015,2014-12-08,2015-12-08,16.564999999999998,0.0,8.5,0.0,0.0,1.61,0.3818867924528303,1.4,0,False
5936,4.237,118.6274,2016,2015-05-11,2016-05-10,17.5,0.0,8.0,2.77,2.77,2.77,0.5916981132075472,1.82,0,False
5937,4.2378,118.3869,2015,2014-04-21,2015-04-21,17.81,2.5,9.0,0.0,0.0,1.78,0.5730188679245284,1.36,0,False
5938,4.2455,118.387,2013,2012-11-07,2013-11-07,16.565,0.0,8.5,0.0,1.78,2.87,0.5843396226415094,1.38,0,False
5939,4.2468,118.6272,2015,2014-12-07,2015-12-07,5.625,0.0,8.6,0.0,0.0,1.61,0.3818867924528303,1.4,0,False
5939,4.2468,118.6272,2016,2015-05-11,2016-05-10,9.685,0.0,8.0,2.77,2.77,2.77,0.5916981132075472,1.82,0,False
5940,4.249,118.6321,2016,2015-12-08,2016-12-07,10.31,0.0,5.0,0.14,0.34,6.140000000000001,0.8362264150943399,1.82,21,False
5940,4.249,118.6321,2017,2016-12-08,2017-12-08,18.44,9.25,7.0,1.1,1.1,1.1,0.739433962264151,1.57,0,False
5940,4.249,118.6321,2019,2018-12-17,2019-12-17,12.5,1.25,8.0,0.76,0.76,0.76,0.6360377358490567,1.36,0,False
5941,4.2493,118.6315,2013,2012-11-04,2013-11-04,11.870000000000001,0.25,8.0,0.0,1.29,1.61,0.5758490566037735,1.38,0,False
5942,4.2498,118.6305,2018,2017-04-12,2018-04-12,12.81,0.0,8.0,0.0,0.0,1.1,0.79,1.57,0,False
5942,4.2498,118.6305,2019,2018-12-17,2019-12-17,11.25,4.25,8.0,0.76,0.76,0.76,0.6360377358490567,1.36,0,False
5943,4.2671,113.8009,2013,2012-11-12,2013-11-12,23.44,0.0,8.0,0.0,0.0,0.31,0.591923076923077,1.66,0,False
5943,4.2671,113.8009,2014,2013-08-23,2014-08-23,28.125,1.25,11.0,0.0,0.0,0.0,0.27679245283018866,1.24,0,False
5955,4.568,118.7583,2013,2012-10-01,2013-10-01,5.155,0.125,7.5,0.0,0.95,1.11,0.5725,1.33,0,False
5955,4.568,118.7583,2014,2013-04-22,2014-04-22,5.3125,0.0,7.5,0.0,0.0,1.11,0.4883018867924528,1.27,0,False
5955,4.568,118.7583,2015,2014-04-22,2015-04-22,26.4075,0.0,7.5,0.0,0.0,0.64,0.40811320754716984,1.12,0,False
5955,4.568,118.7583,2016,2015-04-14,2016-04-13,31.25,0.0,7.5,0.0,0.0,0.15,0.4756603773584906,1.39,0,False
5955,4.568,118.7583,2017,2016-05-24,2017-05-24,7.8100000000000005,0.0,7.5,0.15,0.15,4.68,0.6013207547169812,1.45,7,False
5955,4.568,118.7583,2018,2017-04-11,2018-04-11,35.6225,0.0,7.5,0.0,0.0,0.3,0.7339622641509433,1.42,0,False
5958,4.5726,118.7637,2013,2012-10-01,2013-10-01,5.9375,0.0,7.5,0.0,0.95,1.11,0.5725,1.33,0,False
5959,4.5735,118.7584,2014,2013-04-22,2014-04-22,11.875,0.0,7.5,0.0,0.0,1.11,0.4883018867924528,1.27,0,False
5959,4.5735,118.7584,2016,2015-04-13,2016-04-12,11.875,0.0,7.5,0.0,0.0,0.15,0.4756603773584906,1.39,0,False
5961,4.5799,118.9464,2014,2013-03-22,2014-03-22,2.5,4.25,10.0,0.0,0.0,0.65,0.519056603773585,1.24,0,False
5963,4.5854,118.7859,2014,2013-04-24,2014-04-24,11.56,0.0,7.5,0.0,0.0,1.11,0.4767924528301886,1.27,0,False
5963,4.5854,118.7859,2015,2014-04-24,2015-04-24,8.125,0.0,7.5,0.0,0.0,0.64,0.4071698113207547,1.12,0,False
5963,4.5854,118.7859,2016,2015-04-14,2016-04-13,8.4375,0.0,7.5,0.0,0.0,0.15,0.4756603773584906,1.39,0,False
5963,4.5854,118.7859,2017,2016-05-23,2017-05-23,10.467500000000001,0.0,7.5,0.15,0.15,4.68,0.6013207547169812,1.45,7,False
5963,4.5854,118.7859,2018,2017-04-11,2018-04-11,17.97,0.0,7.5,0.0,0.0,0.3,0.7339622641509433,1.42,0,False
5966,4.5899,118.8688,2016,2015-12-16,2016-12-15,2.185,2.5,7.0,0.0,0.0,3.09,0.6860377358490565,1.53,0,False
5968,4.5902,118.8641,2016,2015-12-15,2016-12-14,2.5,2.5,6.5,0.0,0.0,3.09,0.6860377358490565,1.53,0,False
5968,4.5902,118.8641,2018,2017-06-05,2018-06-05,0.94,0.0,7.5,0.77,0.77,0.77,0.7124528301886791,1.35,0,False
5968,4.5902,118.8641,2019,2018-12-11,2019-12-11,1.56,5.0,5.0,0.0,0.0,0.0,0.460188679245283,1.17,0,False
5968,4.5902,118.8641,2019,2018-12-12,2019-12-12,1.25,0.0,7.5,0.0,0.0,0.0,0.460188679245283,1.17,0,False
5968,4.5902,118.8641,2019,2018-12-14,2019-12-14,13.129999999999999,0.0,12.0,0.0,0.0,0.0,0.460188679245283,1.17,0,False
5969,4.5915,118.862,2016,2015-12-16,2016-12-15,3.75,0.0,8.0,0.0,0.0,3.09,0.6860377358490565,1.53,0,False
5969,4.5915,118.862,2019,2018-04-15,2019-04-15,8.440000000000001,0.0,7.5,0.0,0.0,0.77,0.4535849056603774,1.23,0,False
5969,4.5915,118.862,2019,2018-12-13,2019-12-13,4.375,5.0,8.75,0.0,0.0,0.0,0.460188679245283,1.17,0,False
5971,4.5981,118.8619,2016,2015-12-21,2016-12-20,2.1875,0.0,7.3,0.0,0.0,3.09,0.7007547169811319,1.53,0,False
5971,4.5981,118.8619,2018,2017-09-06,2018-09-06,0.3125,0.0,7.5,0.3,0.77,0.77,0.6649056603773584,1.35,0,False
5972,4.6283,118.8352,2013,2012-10-02,2013-10-02,16.72,5.0,6.5,0.0,0.64,0.8,0.5479245283018869,1.28,0,False
5972,4.6283,118.8352,2014,2013-04-23,2014-04-23,27.1875,0.0,7.5,0.0,0.0,0.8,0.46981132075471693,1.24,0,False
5972,4.6283,118.8352,2015,2014-04-23,2015-04-23,25.3125,0.0,7.5,0.0,0.0,0.65,0.39849056603773586,1.14,0,False
5972,4.6283,118.8352,2016,2015-04-17,2016-04-16,13.75,0.0,8.9,0.0,0.0,0.15,0.48150943396226414,1.37,0,False
5972,4.6283,118.8352,2016,2015-12-05,2016-12-04,23.125,0.0,5.0,0.0,0.15,4.39,0.7135849056603774,1.56,7,False
5972,4.6283,118.8352,2017,2016-05-23,2017-05-23,14.5325,0.0,7.5,0.0,0.0,4.39,0.5854716981132077,1.37,7,False
5972,4.6283,118.8352,2018,2017-04-10,2018-04-10,10.47,0.0,7.5,0.0,0.0,0.44,0.7301886792452832,1.42,0,False
5973,4.6322,118.7966,2014,2013-04-23,2014-04-23,31.4075,0.0,7.5,0.0,0.0,1.53,0.4830188679245283,1.28,0,False
5973,4.6322,118.7966,2015,2014-04-23,2015-04-23,29.2175,0.0,7.5,0.0,0.0,0.64,0.41113207547169817,1.11,0,False
5973,4.6322,118.7966,2016,2015-12-05,2016-12-04,19.5325,0.0,7.5,0.0,0.16,4.69,0.7443396226415094,1.6,14,False
5973,4.6322,118.7966,2017,2016-05-24,2017-05-24,32.97,0.0,7.5,0.15,0.15,4.69,0.6045283018867924,1.4,7,False
5973,4.6322,118.7966,2018,2017-04-10,2018-04-10,26.0925,0.0,7.5,0.0,0.0,0.3,0.7473584905660375,1.44,0,False
5974,4.6386,118.7174,2013,2012-10-03,2013-10-03,32.8125,0.0,7.5,0.0,1.55,1.7,0.5743396226415093,1.41,0,False
5977,4.6526,118.6647,2015,2014-04-23,2015-04-23,29.845,0.0,7.5,0.0,0.0,0.93,0.43830188679245274,1.13,0,False
5977,4.6526,118.6647,2016,2015-04-15,2016-04-14,28.75,0.0,7.5,0.0,0.0,0.15,0.5818867924528303,1.58,0,False
5977,4.6526,118.6647,2017,2016-05-24,2017-05-24,29.375,0.0,7.5,0.46,0.46,5.5600000000000005,0.6479245283018868,1.49,7,False
5977,4.6526,118.6647,2018,2017-04-12,2018-04-12,3.5925,0.0,7.5,0.0,0.0,0.76,0.7928301886792454,1.49,0,False
5978,4.7112,103.925,2013,2012-09-12,2013-09-12,31.25,0.0,5.0,0.0,1.26,1.26,0.6784905660377357,1.44,0,False
5979,4.8005,103.676,2013,2012-09-11,2013-09-11,3.12,0.0,4.0,0.68,2.67,2.67,0.6624528301886794,1.5,0,False
5980,4.8076,103.6784,2013,2012-09-11,2013-09-11,40.62,0.0,5.0,0.68,2.67,2.67,0.6624528301886794,1.5,0,False
5981,4.8188,103.6763,2013,2012-09-11,2013-09-11,20.630000000000003,0.0,6.0,0.68,2.67,2.67,0.6624528301886794,1.5,0,False
5982,4.8195,103.6875,2013,2012-09-12,2013-09-12,19.06,0.0,10.0,0.68,2.67,2.67,0.6624528301886794,1.5,0,False
5983,4.82,103.6842,2013,2012-09-12,2013-09-12,37.19,0.0,5.0,0.68,2.67,2.67,0.6624528301886794,1.5,0,False
5991,5.1891,115.1351,2013,2012-06-05,2013-06-05,24.06,0.0,3.0,0.33,0.33,0.33,0.5537735849056604,1.58,0,False
5992,5.191,115.1357,2016,2015-02-17,2016-02-17,25.935,0.0,3.0,1.47,2.39,3.65,0.8328301886792453,1.9,0,False
5992,5.191,115.1357,2018,2017-03-08,2018-03-08,17.19,0.0,4.0,0.0,0.0,0.98,0.8452830188679245,1.76,0,False
5992,5.191,115.1357,2019,2018-10-08,2019-10-08,24.369999999999997,0.0,4.0,0.0,2.87,3.02,0.8954716981132076,1.81,0,False
5993,5.2016,115.1419,2013,2012-06-05,2013-06-05,25.625,0.0,6.0,0.33,0.33,0.33,0.5422641509433963,1.53,0,False
5994,5.2019,115.1426,2016,2015-02-17,2016-02-17,21.869999999999997,0.25,4.6,1.44,2.52,3.33,0.7886792452830191,1.9,0,False
5994,5.2019,115.1426,2018,2017-03-07,2018-03-07,13.125,0.0,4.0,0.0,0.0,0.97,0.8332075471698113,1.73,0,False
5994,5.2019,115.1426,2019,2018-10-08,2019-10-08,15.629999999999999,0.0,4.0,0.0,2.76,2.76,0.8622641509433961,1.79,0,False
5996,5.218,115.1253,2016,2015-02-17,2016-02-17,20.625,0.0,5.0,1.44,2.52,3.33,0.7886792452830191,1.9,0,False
5996,5.218,115.1253,2018,2017-03-08,2018-03-08,15.934999999999999,0.0,4.0,0.0,0.0,0.97,0.8332075471698113,1.73,0,False
5996,5.218,115.1253,2019,2018-10-08,2019-10-08,18.75,0.0,4.0,0.0,2.76,2.76,0.8622641509433961,1.79,0,False
5997,5.2227,115.1418,2013,2012-06-06,2013-06-06,38.129999999999995,0.0,3.0,0.33,0.33,0.33,0.5422641509433963,1.53,0,False
6001,5.705,115.6284,2015,2014-08-27,2015-08-27,15.935,0.5,10.0,0.0,0.0,0.0,0.41735849056603774,1.28,0,False
6001,5.705,115.6284,2016,2015-04-17,2016-04-16,31.25,0.0,10.0,0.0,0.0,0.0,0.5694339622641509,1.48,0,False
6002,5.708,115.6993,2015,2014-08-27,2015-08-27,9.379999999999999,0.0,8.0,0.0,0.0,0.0,0.41905660377358483,1.25,0,False
6002,5.708,115.6993,2016,2015-04-18,2016-04-17,8.12,0.0,8.0,0.0,0.0,0.0,0.580754716981132,1.5,0,False
6002,5.708,115.6993,2017,2016-11-08,2017-11-08,10.0,0.0,3.0,0.0,0.48,0.48,0.87,2.5,0,False
6003,5.7086,115.6532,2015,2014-08-25,2015-08-25,14.06,0.0,7.0,0.0,0.0,0.0,0.41905660377358483,1.25,0,False
6003,5.7086,115.6532,2016,2015-04-16,2016-04-15,35.63,0.0,7.0,0.0,0.0,0.0,0.5590566037735849,1.5,0,False
6003,5.7086,115.6532,2017,2016-11-08,2017-11-08,16.56,0.0,7.0,0.0,0.48,0.48,0.87,2.5,0,False
6004,5.7128,115.6724,2015,2014-08-26,2015-08-26,18.125,10.0,6.0,0.0,0.0,0.0,0.41905660377358483,1.25,0,False
6004,5.7128,115.6724,2016,2015-04-18,2016-04-17,23.130000000000003,0.0,6.0,0.0,0.0,0.0,0.580754716981132,1.5,0,False
6004,5.7128,115.6724,2017,2016-11-08,2017-11-08,20.94,0.0,4.0,0.0,0.48,0.48,0.87,2.5,0,False
6005,5.7169,115.6349,2015,2014-08-25,2015-08-25,19.69,10.0,7.0,0.0,0.0,0.0,0.41735849056603774,1.28,0,False
6005,5.7169,115.6349,2016,2015-04-17,2016-04-16,23.130000000000003,0.0,7.0,0.0,0.0,0.0,0.5694339622641509,1.48,0,False
6005,5.7169,115.6349,2017,2016-11-08,2017-11-08,16.25,0.0,7.0,0.0,0.49,0.49,0.8860377358490567,2.5500000000000003,0,False
6006,5.7202,115.6448,2015,2014-08-25,2015-08-25,11.25,0.0,4.0,0.0,0.0,0.0,0.41735849056603774,1.28,0,False
6006,5.7202,115.6448,2016,2015-04-17,2016-04-16,20.625,0.0,4.0,0.0,0.0,0.0,0.5694339622641509,1.48,0,False
6006,5.7202,115.6448,2017,2016-11-08,2017-11-08,15.31,0.0,3.0,0.0,0.49,0.49,0.8860377358490567,2.5500000000000003,0,False
6018,5.7717,103.039,2013,2012-09-06,2013-09-06,34.375,0.0,8.0,0.0,0.98,0.98,0.5449056603773584,1.47,0,False
6018,5.7717,103.039,2014,2013-06-13,2014-06-13,37.81,1.0,8.0,1.96,1.96,1.96,0.2547169811320755,1.41,0,False
6018,5.7717,103.039,2015,2014-05-15,2015-05-15,33.435,0.0,7.5,0.0,0.0,1.96,0.3932075471698114,1.36,0,False
6018,5.7717,103.039,2018,2017-05-06,2018-05-06,19.375,0.0,8.8,0.0,0.0,0.0,0.44018867924528304,1.16,0,False
6018,5.7717,103.039,2018,2017-09-07,2018-09-07,20.315,0.0,8.2,0.3,0.3,0.3,0.42113207547169806,1.16,0,False
6018,5.7717,103.039,2019,2018-06-14,2019-06-14,15.94,5.0,7.9,1.52,1.52,1.52,0.6881132075471699,1.45,0,False
6024,5.7771,103.0418,2013,2012-09-07,2013-09-07,19.685,0.0,10.0,0.0,0.98,0.98,0.5449056603773584,1.47,0,False
6032,5.8851,102.767,2013,2012-06-19,2013-06-19,16.56,0.0,9.0,1.18,1.18,1.18,0.5575471698113207,1.52,0,False
6032,5.8851,102.767,2014,2013-05-17,2014-05-17,18.125,0.0,9.0,0.19,0.19,1.18,0.2150943396226415,1.33,0,False
6035,5.9089,102.7096,2014,2013-05-16,2014-05-16,33.44,0.0,8.0,0.19,0.19,1.17,0.21716981132075472,1.33,0,False
6037,5.9121,102.7501,2014,2013-05-18,2014-05-18,41.25,0.0,11.5,0.19,0.19,1.17,0.2164150943396226,1.36,0,False
6038,5.917,102.7539,2014,2013-05-18,2014-05-18,14.06,0.0,4.5,0.19,0.19,1.17,0.2164150943396226,1.36,0,False
6040,5.9401,102.7222,2013,2012-06-20,2013-06-20,22.81,2.0,6.5,1.17,1.17,1.17,0.559245283018868,1.54,0,False
6040,5.9401,102.7222,2014,2013-05-17,2014-05-17,22.5,0.0,6.5,0.19,0.19,1.17,0.21716981132075472,1.33,0,False
6042,5.9524,102.7085,2013,2012-06-19,2013-06-19,44.69,0.0,5.0,1.17,1.17,1.17,0.5607547169811321,1.51,0,False
6042,5.9524,102.7085,2013,2012-06-22,2013-06-22,39.375,0.0,8.0,1.17,1.17,1.17,0.5607547169811321,1.51,0,False
6044,5.9591,115.9911,2014,2013-12-12,2014-12-12,25.0,0.0,5.0,0.0,0.0,0.0,0.43981132075471696,1.42,0,False
6044,5.9591,115.9911,2015,2014-11-24,2015-11-24,20.31,0.75,5.0,0.0,0.0,0.0,0.37641509433962267,1.33,0,False
6044,5.9591,115.9911,2016,2015-06-03,2016-06-02,28.125,0.0,5.0,0.61,0.61,0.61,0.579622641509434,1.5,0,False
6044,5.9591,115.9911,2017,2016-12-18,2017-12-18,17.19,0.0,7.0,0.0,0.0,0.17,0.8735849056603774,2.5,0,False
6045,5.9619,115.9947,2014,2013-12-08,2014-12-08,21.869999999999997,0.0,7.0,0.0,0.0,0.0,0.43943396226415093,1.42,0,False
6046,5.9627,102.6806,2018,2017-04-23,2018-04-23,24.69,0.0,5.8,0.0,0.0,0.0,0.48490566037735855,1.17,0,False
6046,5.9627,102.6806,2019,2018-04-18,2019-04-18,14.685,0.0,4.9,0.0,0.0,1.08,0.649811320754717,1.24,0,False
6047,5.9678,116.0126,2015,2014-11-23,2015-11-23,20.31,0.25,7.0,0.0,0.0,0.0,0.3658490566037735,1.31,0,False
6047,5.9678,116.0126,2016,2015-06-08,2016-06-07,29.69,0.0,7.0,0.75,0.75,0.75,0.5783018867924528,1.5,0,False
6047,5.9678,116.0126,2017,2016-12-18,2017-12-18,18.44,,8.0,0.0,0.0,0.17,0.869811320754717,2.52,0,False
6048,5.9706,115.98,2014,2013-12-12,2014-12-12,21.565,0.0,5.0,0.0,0.0,0.0,0.43981132075471696,1.42,0,False
6050,5.9708,115.9943,2015,2014-11-24,2015-11-24,20.0,0.0,5.0,0.0,0.0,0.0,0.37641509433962267,1.33,0,False
6050,5.9708,115.9943,2016,2015-10-13,2016-10-12,19.369999999999997,0.0,5.0,0.0,0.77,0.77,0.620943396226415,1.5,0,False
6051,5.9739,116.0125,2014,2013-12-08,2014-12-08,20.315,0.0,6.0,0.0,0.0,0.0,0.4360377358490566,1.43,0,False
6051,5.9739,116.0125,2015,2014-11-23,2015-11-23,18.125,0.0,6.0,0.0,0.0,0.0,0.3658490566037735,1.31,0,False
6051,5.9739,116.0125,2016,2015-06-08,2016-06-07,29.375,0.0,6.0,0.75,0.75,0.75,0.5783018867924528,1.5,0,False
6051,5.9739,116.0125,2017,2016-12-18,2017-12-18,18.44,,8.0,0.0,0.0,0.17,0.869811320754717,2.52,0,False
6054,5.9906,116.0403,2013,2012-06-29,2013-06-29,17.3425,0.0,7.5,0.32,0.32,0.32,0.5669811320754717,1.69,0,False
6054,5.9906,116.0403,2014,2013-12-10,2014-12-10,15.31,0.0,7.0,0.0,0.0,0.0,0.4360377358490566,1.43,0,False
6054,5.9906,116.0403,2015,2014-12-01,2015-12-01,15.0,0.0,7.0,0.0,0.0,0.0,0.3562264150943396,1.31,0,False
6054,5.9906,116.0403,2016,2015-10-18,2016-10-17,23.125,0.0,7.0,0.0,0.91,0.91,0.6162264150943395,1.5,0,False
6054,5.9906,116.0403,2017,2016-12-19,2017-12-19,13.44,0.0,8.0,0.0,0.0,0.17,0.869811320754717,2.52,0,False
6056,6.0064,116.0308,2013,2012-06-29,2013-06-29,32.5025,7.5,7.5,0.31,0.31,0.31,0.5671698113207547,1.68,0,False
6056,6.0064,116.0308,2014,2013-12-11,2014-12-11,18.125,0.0,7.0,0.0,0.0,0.0,0.4375471698113207,1.47,0,False
6057,6.0069,116.0222,2013,2012-06-28,2013-06-28,18.127499999999998,0.0,7.0,0.31,0.31,0.31,0.5671698113207547,1.68,0,False
6057,6.0069,116.0222,2014,2013-12-11,2014-12-11,23.44,0.0,7.0,0.0,0.0,0.0,0.4375471698113207,1.47,0,False
6059,6.0081,116.0036,2013,2012-06-28,2013-06-28,21.095,7.5,8.0,0.31,0.31,0.31,0.5671698113207547,1.68,0,False
6059,6.0081,116.0036,2014,2013-12-11,2014-12-11,17.19,0.0,8.0,0.0,0.0,0.0,0.4375471698113207,1.47,0,False
6059,6.0081,116.0036,2015,2014-11-24,2015-11-24,16.25,0.0,8.0,0.0,0.0,0.0,0.35547169811320756,1.36,0,False
6059,6.0081,116.0036,2016,2015-10-15,2016-10-14,25.625,0.0,8.0,0.0,0.91,0.91,0.5954716981132075,1.52,0,False
6059,6.0081,116.0036,2017,2016-12-18,2017-12-18,31.56,0.0,8.0,0.0,0.0,0.17,0.8720754716981133,2.56,0,False
6060,6.0082,116.022,2015,2014-11-27,2015-11-27,20.315,0.0,7.0,0.0,0.0,0.0,0.3466037735849057,1.36,0,False
6060,6.0082,116.022,2016,2015-10-15,2016-10-14,29.375,0.0,7.0,0.0,0.91,0.91,0.5954716981132075,1.52,0,False
6060,6.0082,116.022,2017,2016-12-18,2017-12-18,15.31,0.0,7.0,0.0,0.0,0.17,0.8720754716981133,2.56,0,False
6061,6.0084,116.0313,2015,2014-11-27,2015-11-27,18.75,0.0,7.0,0.0,0.0,0.0,0.3466037735849057,1.36,0,False
6064,6.0169,116.0479,2015,2014-11-26,2015-11-26,16.25,0.25,7.0,0.0,0.0,0.0,0.35547169811320756,1.36,0,False
6065,6.0178,116.0453,2013,2012-07-01,2013-07-01,15.469999999999999,3.75,8.0,0.31,0.31,0.31,0.5671698113207547,1.68,0,False
6065,6.0178,116.0453,2014,2013-12-10,2014-12-10,10.625,0.0,7.0,0.0,0.0,0.0,0.4373584905660377,1.47,0,False
6066,6.0181,116.0053,2013,2012-07-02,2013-07-02,24.845000000000002,3.75,7.5,0.31,0.31,0.31,0.5698076923076922,1.68,0,False
6066,6.0181,116.0053,2013,2012-10-01,2013-10-01,27.8125,0.0,7.5,0.0,0.31,0.31,0.5467307692307691,1.68,0,False
6066,6.0181,116.0053,2014,2013-12-09,2014-12-09,29.685,0.0,9.0,0.0,0.0,0.0,0.4373584905660377,1.47,0,False
6067,6.0259,116.0045,2015,2014-11-26,2015-11-26,20.630000000000003,0.25,9.0,0.0,0.0,0.0,0.35547169811320756,1.36,0,False
6068,6.0278,116.0522,2013,2012-07-01,2013-07-01,15.467500000000001,1.25,7.75,0.31,0.31,0.31,0.5667924528301888,1.68,0,False
6068,6.0278,116.0522,2014,2013-12-10,2014-12-10,19.065,0.0,9.0,0.0,0.0,0.0,0.439056603773585,1.48,0,False
6068,6.0278,116.0522,2015,2014-11-26,2015-11-26,23.75,0.0,9.0,0.0,0.0,0.0,0.3516981132075472,1.38,0,False
6069,6.0344,116.0286,2013,2012-06-30,2013-06-30,26.0925,1.25,7.5,0.31,0.31,0.31,0.5671698113207547,1.68,0,False
6069,6.0344,116.0286,2014,2013-12-09,2014-12-09,23.75,0.0,8.5,0.0,0.0,0.0,0.4373584905660377,1.47,0,False
6069,6.0344,116.0286,2015,2014-12-01,2015-12-01,23.44,0.25,8.5,0.0,0.0,0.0,0.3466037735849057,1.36,0,False
6070,6.0414,116.0197,2013,2012-06-30,2013-06-30,24.0625,5.625,8.5,0.31,0.31,0.31,0.5671698113207547,1.68,0,False
6070,6.0414,116.0197,2014,2013-12-09,2014-12-09,14.69,0.0,9.0,0.0,0.0,0.0,0.4373584905660377,1.47,0,False
6070,6.0414,116.0197,2015,2014-12-01,2015-12-01,11.559999999999999,0.0,8.0,0.0,0.0,0.0,0.3466037735849057,1.36,0,False
6070,6.0414,116.0197,2016,2015-10-14,2016-10-13,15.935,0.0,9.0,0.0,0.91,0.91,0.5954716981132075,1.52,0,False
6070,6.0414,116.0197,2017,2016-08-19,2017-08-19,14.06,0.0,8.0,0.17,0.17,0.17,0.8186792452830188,2.56,0,False
6071,6.0562,100.0359,2015,2014-08-10,2015-08-10,17.185,0.75,6.0,0.46,0.46,0.46,0.44660377358490577,1.52,0,False
6071,6.0562,100.0359,2018,2017-08-07,2018-08-07,25.0,0.0,5.5,0.0,0.0,0.0,0.560188679245283,1.41,0,False
6071,6.0562,100.0359,2019,2018-07-29,2019-07-29,18.119999999999997,0.0,5.5,1.12,1.12,1.12,0.6762264150943397,1.58,0,False
6075,6.1545,118.0585,2015,2014-06-10,2015-06-10,29.065,0.0,5.0,2.24,2.24,4.38,0.5109433962264152,1.28,0,False
6075,6.1545,118.0585,2016,2015-05-20,2016-05-19,27.81,0.0,5.0,2.42,2.42,3.02,0.7162264150943395,1.5,0,False
6075,6.1545,118.0585,2017,2016-11-29,2017-11-29,26.875,0.0,5.0,4.49,5.65,8.0,0.8415094339622642,1.63,49,False
6075,6.1545,118.0585,2018,2017-04-25,2018-04-25,27.19,0.0,5.0,0.0,0.0,8.0,0.8539622641509435,1.63,49,False
6076,6.1634,118.1081,2015,2014-06-11,2015-06-11,16.72,0.0,7.5,2.22,2.22,4.47,0.4933962264150943,1.29,0,False
6076,6.1634,118.1081,2016,2015-05-20,2016-05-19,9.8425,0.0,7.5,1.69,1.69,2.87,0.6916981132075473,1.44,0,False
6076,6.1634,118.1081,2017,2016-11-29,2017-11-29,17.502499999999998,0.0,7.5,4.62,5.62,7.46,0.8313207547169809,1.63,42,False
6076,6.1634,118.1081,2018,2017-04-24,2018-04-24,19.064999999999998,0.0,7.5,0.0,0.0,7.46,0.8467924528301888,1.63,42,False
6077,6.1699,118.1089,2014,2013-04-23,2014-04-23,31.247500000000002,0.0,7.5,0.0,0.0,0.45,0.3662264150943396,1.35,0,False
6077,6.1699,118.1089,2015,2014-06-11,2015-06-11,17.0325,0.0,7.5,2.22,2.22,4.47,0.4933962264150943,1.29,0,False
6077,6.1699,118.1089,2016,2015-05-19,2016-05-18,14.6875,0.0,7.5,1.69,1.69,2.87,0.6916981132075473,1.44,0,False
6077,6.1699,118.1089,2017,2016-11-29,2017-11-29,14.0625,0.0,7.5,4.62,5.62,7.46,0.8313207547169809,1.63,42,False
6077,6.1699,118.1089,2018,2017-04-24,2018-04-24,14.219999999999999,0.0,7.5,0.0,0.0,7.46,0.8467924528301888,1.63,42,False
6078,6.1734,118.0714,2015,2014-10-06,2015-10-06,12.1875,0.0,7.5,0.99,3.02,3.02,0.39679245283018877,1.28,0,False
6078,6.1734,118.0714,2016,2015-06-17,2016-06-16,1.875,0.0,10.0,4.8,4.8,4.8,0.7360377358490567,1.5,14,False
6078,6.1734,118.0714,2016,2015-06-18,2016-06-17,8.75,0.0,5.0,4.8,4.8,4.8,0.7360377358490567,1.5,14,False
6078,6.1734,118.0714,2017,2016-11-08,2017-11-08,31.56,0.0,8.0,5.65,5.65,8.0,0.8341509433962265,1.63,49,False
6078,6.1734,118.0714,2017,2016-11-29,2017-11-29,16.8725,0.0,7.5,4.49,5.65,8.0,0.8415094339622642,1.63,49,False
6078,6.1734,118.0714,2018,2017-04-25,2018-04-25,23.595,0.0,7.5,0.0,0.0,8.0,0.8539622641509435,1.63,49,False
6079,6.1802,118.0634,2015,2014-06-09,2015-06-09,24.53,0.0,7.5,2.24,2.24,4.38,0.5109433962264152,1.28,0,False
6079,6.1802,118.0634,2016,2015-05-18,2016-05-17,18.4375,0.0,7.5,2.42,2.42,3.02,0.7162264150943395,1.5,0,False
6079,6.1802,118.0634,2017,2016-11-29,2017-11-29,28.4375,0.0,7.5,4.49,5.65,8.0,0.8415094339622642,1.63,49,False
6079,6.1802,118.0634,2018,2017-04-25,2018-04-25,29.5325,0.0,7.5,0.0,0.0,8.0,0.8539622641509435,1.63,49,False
6080,6.3498,116.3097,2013,2012-10-20,2013-10-20,8.12,0.0,3.0,0.0,0.0,0.0,0.4216981132075472,1.64,0,False
6081,6.3532,116.3102,2014,2013-11-03,2014-11-03,8.75,0.75,7.0,0.0,0.15,0.15,0.3958490566037736,1.68,0,False
6082,6.3544,116.3111,2015,2014-05-15,2015-05-15,22.185000000000002,1.75,6.0,0.0,0.0,0.15,0.19754716981132076,1.24,0,False
6082,6.3544,116.3111,2016,2015-05-28,2016-05-27,1.87,0.25,7.0,0.94,0.94,0.94,0.3,1.52,0,False
6082,6.3544,116.3111,2018,2017-05-04,2018-05-04,20.0,0.0,5.0,0.0,0.0,0.0,0.580188679245283,1.82,0,False
6082,6.3544,116.3111,2019,2018-04-27,2019-04-27,33.44,0.0,7.0,0.0,0.0,0.0,0.4294339622641509,1.58,0,False
6083,6.3684,116.3189,2014,2013-11-04,2014-11-04,20.625,0.75,5.0,0.0,0.15,0.15,0.3958490566037736,1.68,0,False
6083,6.3684,116.3189,2015,2014-05-15,2015-05-15,33.125,1.25,6.0,0.0,0.0,0.15,0.19754716981132076,1.24,0,False
6083,6.3684,116.3189,2016,2015-05-29,2016-05-28,26.869999999999997,6.5,5.0,1.25,1.25,1.25,0.3145283018867924,1.52,0,False
6083,6.3684,116.3189,2017,2016-07-14,2017-07-14,8.75,6.5,6.0,0.0,0.0,2.51,0.7335849056603774,2.68,0,False
6083,6.3684,116.3189,2018,2017-05-04,2018-05-04,18.435,0.0,5.0,0.0,0.0,0.0,0.580188679245283,1.82,0,False
6083,6.3684,116.3189,2019,2018-04-27,2019-04-27,45.94,0.5,5.0,0.0,0.0,0.0,0.4294339622641509,1.58,0,False
6084,6.3688,116.3309,2014,2013-11-03,2014-11-03,23.44,1.0,5.0,0.0,0.15,0.15,0.3958490566037736,1.68,0,False
6085,6.372,116.324,2015,2014-05-16,2015-05-16,29.065,0.5,5.0,0.0,0.0,0.15,0.19754716981132076,1.24,0,False
6085,6.372,116.324,2016,2015-05-29,2016-05-28,20.939999999999998,21.5,5.0,1.25,1.25,1.25,0.3145283018867924,1.52,0,False
6085,6.372,116.324,2017,2016-07-15,2017-07-15,21.875,0.0,4.0,0.0,0.0,2.51,0.7335849056603774,2.68,0,False
6085,6.372,116.324,2018,2017-05-06,2018-05-06,21.56,0.0,5.0,0.0,0.0,0.0,0.580188679245283,1.82,0,False
6085,6.372,116.324,2019,2018-04-27,2019-04-27,28.75,0.0,5.0,0.0,0.0,0.0,0.4294339622641509,1.58,0,False
6086,6.3742,116.3431,2014,2013-07-17,2014-07-17,14.69,20.0,5.0,0.15,0.15,0.15,0.25415094339622646,1.68,0,False
6086,6.3742,116.3431,2016,2015-05-29,2016-05-28,23.439999999999998,2.75,4.0,1.25,1.25,1.25,0.3145283018867924,1.52,0,False
6086,6.3742,116.3431,2017,2016-07-14,2017-07-14,15.935,10.0,3.5,0.0,0.0,2.51,0.7335849056603774,2.68,0,False
6086,6.3742,116.3431,2018,2017-05-05,2018-05-05,19.375,0.0,5.0,0.0,0.0,0.0,0.580188679245283,1.82,0,False
6086,6.3742,116.3431,2019,2018-04-28,2019-04-28,24.685,0.0,4.0,0.0,0.0,0.0,0.4294339622641509,1.58,0,False
6087,6.3894,116.3312,2013,2012-10-19,2013-10-19,9.685,0.0,3.0,0.0,0.0,0.0,0.4243396226415095,1.63,0,False
6088,6.39,116.3228,2014,2013-11-03,2014-11-03,25.625,4.0,4.0,0.0,0.15,0.15,0.3958490566037736,1.68,0,False
6088,6.39,116.3228,2015,2014-05-15,2015-05-15,20.0,0.5,5.0,0.0,0.0,0.15,0.19754716981132076,1.24,0,False
6088,6.39,116.3228,2016,2015-05-28,2016-05-27,26.25,0.5,6.0,0.94,0.94,0.94,0.3,1.52,0,False
6088,6.39,116.3228,2018,2017-05-05,2018-05-05,19.685,0.0,5.0,0.0,0.0,0.0,0.580188679245283,1.82,0,False
6088,6.39,116.3228,2019,2018-04-28,2019-04-28,29.69,0.0,5.0,0.0,0.0,0.0,0.4294339622641509,1.58,0,False
6089,6.3936,116.3282,2014,2013-11-04,2014-11-04,17.5,0.25,7.0,0.0,0.15,0.15,0.3958490566037736,1.68,0,False
6089,6.3936,116.3282,2015,2014-05-16,2015-05-16,20.310000000000002,0.0,3.0,0.0,0.0,0.15,0.19754716981132076,1.24,0,False
6089,6.3936,116.3282,2016,2015-05-28,2016-05-27,25.31,2.0,4.7,0.94,0.94,0.94,0.3,1.52,0,False
6089,6.3936,116.3282,2018,2017-05-05,2018-05-05,18.125,0.0,5.0,0.0,0.0,0.0,0.580188679245283,1.82,0,False
6089,6.3936,116.3282,2019,2018-04-28,2019-04-28,22.5,0.0,7.0,0.0,0.0,0.0,0.4294339622641509,1.58,0,False
6100,6.7065,116.3347,2013,2012-11-12,2013-11-12,26.880000000000003,0.0,7.0,0.0,0.15,0.15,0.46019230769230773,1.68,0,False
6100,6.7065,116.3347,2013,2012-11-26,2013-11-26,21.869999999999997,0.0,5.0,0.0,0.0,0.15,0.4448076923076924,1.68,0,False
6100,6.7065,116.3347,2014,2013-09-13,2014-09-13,29.375,0.0,7.0,0.0,0.0,0.0,0.3967924528301887,1.77,0,False
6100,6.7065,116.3347,2015,2014-05-19,2015-05-19,24.685,0.5,6.0,0.0,0.0,0.0,0.17641509433962263,1.21,0,False
6100,6.7065,116.3347,2018,2017-07-23,2018-07-23,11.56,0.0,5.0,0.0,0.0,0.14,0.46150943396226424,1.58,0,False
6100,6.7065,116.3347,2019,2018-07-18,2019-07-18,15.935,1.5,6.0,0.29,0.29,0.29,0.4239622641509435,1.64,0,False
6101,6.7066,116.3212,2013,2012-11-27,2013-11-27,16.875,0.0,4.0,0.0,0.0,0.15,0.44660377358490577,1.68,0,False
6101,6.7066,116.3212,2014,2013-09-11,2014-09-11,21.25,0.0,4.0,0.0,0.0,0.0,0.3967924528301887,1.77,0,False
6101,6.7066,116.3212,2015,2014-05-19,2015-05-19,33.44,0.0,4.0,0.0,0.0,0.0,0.17641509433962263,1.21,0,False
6101,6.7066,116.3212,2019,2018-07-19,2019-07-19,13.435,0.25,6.0,0.29,0.29,0.29,0.4239622641509435,1.64,0,False
6102,6.7127,116.3295,2013,2012-11-26,2013-11-26,15.625,0.0,9.0,0.0,0.0,0.15,0.4448076923076924,1.68,0,False
6102,6.7127,116.3295,2014,2013-09-12,2014-09-12,18.119999999999997,0.0,9.0,0.0,0.0,0.0,0.3967924528301887,1.77,0,False
6102,6.7127,116.3295,2015,2014-05-18,2015-05-18,23.435,0.0,10.0,0.0,0.0,0.0,0.17641509433962263,1.21,0,False
6102,6.7127,116.3295,2018,2017-07-19,2018-07-19,17.5,0.0,7.0,0.0,0.0,0.14,0.46150943396226424,1.58,0,False
6102,6.7127,116.3295,2019,2018-07-20,2019-07-20,20.0,1.5,8.0,0.29,0.29,0.29,0.4239622641509435,1.64,0,False
6103,6.7134,116.3234,2013,2012-11-14,2013-11-14,28.125,0.0,10.0,0.0,0.15,0.15,0.4533962264150944,1.68,0,False
6106,6.94,117.0156,2015,2014-06-16,2015-06-16,35.0,3.25,5.0,0.51,0.51,0.51,0.4620754716981132,1.47,0,False
6107,6.9477,117.0105,2015,2014-06-15,2015-06-15,31.56,0.0,5.0,0.51,0.51,0.51,0.4620754716981132,1.47,0,False
6107,6.9477,117.0105,2017,2016-04-18,2017-04-18,30.935,3.5,4.0,0.0,0.0,1.55,0.7367924528301888,2.09,0,False
6108,6.9558,117.0057,2015,2014-06-15,2015-06-15,25.0,12.5,5.0,0.52,0.52,0.6,0.4539622641509434,1.5,0,False
6109,6.9657,117.019,2015,2014-06-16,2015-06-16,44.69,2.0,5.0,0.52,0.52,0.6,0.4539622641509434,1.5,0,False
6109,6.9657,117.019,2017,2016-04-18,2017-04-18,21.875,4.75,4.9,0.0,0.0,1.55,0.7292452830188679,2.04,0,False
6110,7.0738,117.022,2015,2014-06-09,2015-06-09,19.8425,0.0,7.5,0.49,0.49,0.6,0.4183018867924527,1.48,0,False
6110,7.0738,117.022,2017,2016-04-28,2017-04-28,31.56,2.5,5.0,0.0,0.0,1.41,0.7077358490566037,2.04,0,False
6111,7.0762,117.0148,2015,2014-06-10,2015-06-10,33.75,25.0,5.0,0.49,0.49,0.6,0.4183018867924527,1.48,0,False
6111,7.0762,117.0148,2017,2016-04-28,2017-04-28,35.625,0.0,5.0,0.0,0.0,1.41,0.7077358490566037,2.04,0,False
6112,7.0784,117.0295,2015,2014-06-12,2015-06-12,24.065,1.75,7.5,0.65,0.65,0.65,0.42452830188679247,1.48,0,False
6112,7.0784,117.0295,2017,2016-04-28,2017-04-28,18.125,2.5,5.0,0.0,0.0,1.41,0.7077358490566037,2.04,0,False
6113,7.0805,117.0134,2015,2014-06-10,2015-06-10,29.685,2.25,5.0,0.49,0.49,0.6,0.4183018867924527,1.48,0,False
6113,7.0805,117.0134,2017,2016-04-28,2017-04-28,41.8725,6.375,8.0,0.0,0.0,1.41,0.7077358490566037,2.04,0,False
6114,7.0835,117.0385,2015,2014-06-11,2015-06-11,29.06,1.25,5.0,0.49,0.49,0.6,0.4183018867924527,1.48,0,False
6114,7.0835,117.0385,2017,2016-04-27,2017-04-27,34.06,3.25,4.5,0.0,0.0,1.41,0.7077358490566037,2.04,0,False
6115,7.0851,117.0389,2015,2014-06-10,2015-06-10,22.81,0.25,7.5,0.49,0.49,0.6,0.4183018867924527,1.48,0,False
6115,7.0851,117.0389,2017,2016-04-29,2017-04-29,26.25,1.0,8.3,0.0,0.0,1.41,0.7077358490566037,2.04,0,False
6116,7.0905,117.0552,2015,2014-06-11,2015-06-11,31.72,0.125,7.5,0.51,0.51,0.77,0.4369811320754717,1.52,0,False
6116,7.0905,117.0552,2017,2016-04-30,2017-04-30,20.0,0.0,5.0,0.0,0.0,1.72,0.7019230769230771,1.99,0,False
6117,7.0946,117.0234,2015,2014-06-12,2015-06-12,36.2525,2.625,7.5,0.65,0.65,0.65,0.42452830188679247,1.48,0,False
6117,7.0946,117.0234,2017,2016-04-27,2017-04-27,42.9675,6.0,7.5,0.0,0.0,1.41,0.7077358490566037,2.04,0,False
6118,7.1005,117.0295,2015,2014-06-11,2015-06-11,34.06,0.0,5.0,0.49,0.49,0.49,0.3833962264150943,1.45,0,False
6118,7.1005,117.0295,2017,2016-04-27,2017-04-27,24.064999999999998,10.5,6.2,0.0,0.0,1.11,0.6852830188679246,2.05,0,False
6119,7.1861,116.8643,2015,2014-09-04,2015-09-04,40.629999999999995,2.25,4.0,0.62,0.62,0.62,0.30301886792452837,1.34,0,False
6119,7.1861,116.8643,2017,2016-05-08,2017-05-08,37.185,0.75,5.0,0.0,0.0,0.94,0.6688679245283019,2.3000000000000003,0,False
6120,7.1894,116.8697,2015,2014-09-04,2015-09-04,35.629999999999995,7.25,5.0,0.62,0.62,0.62,0.30301886792452837,1.34,0,False
6120,7.1894,116.8697,2017,2016-05-08,2017-05-08,40.94,3.0,5.0,0.0,0.0,0.94,0.6688679245283019,2.3000000000000003,0,False
6122,7.2034,116.8432,2015,2014-09-05,2015-09-05,38.75,4.75,5.0,0.61,0.61,0.61,0.2911320754716981,1.31,0,False
6122,7.2034,116.8432,2017,2016-05-08,2017-05-08,39.06,2.5,4.6,0.0,0.0,0.93,0.649245283018868,2.27,0,False
6142,3.1056,73.5661,2017,2016-07-25,2017-07-25,7.1875,0.0,8.0,0.0,0.0,0.46,0.3428301886792453,1.03,0,False
6143,3.1056,73.6181,2017,2016-07-24,2017-07-24,5.4725,0.25,8.0,0.0,0.0,0.46,0.3339622641509434,0.99,0,False
6144,3.2242,73.4334,2017,2016-07-25,2017-07-25,2.9675,2.0,7.5,0.0,0.0,0.47,0.3511320754716981,0.91,0,False
6145,3.435,73.4222,2017,2016-07-26,2017-07-26,5.157500000000001,6.875,7.5,0.0,0.0,0.47,0.34471698113207555,1.05,0,False
6146,3.447,73.5967,2017,2016-07-26,2017-07-26,27.185,20.0,5.0,0.0,0.0,0.62,0.3462264150943397,1.03,0,False
6147,3.4484,73.7546,2017,2016-07-24,2017-07-24,21.25,0.0,9.0,0.0,0.0,0.79,0.3392452830188679,1.09,0,False
6148,3.4946,72.8233,2015,2014-09-17,2015-09-17,11.2525,0.75,8.5,0.0,0.47,0.47,0.6111320754716981,1.36,0,False
6148,3.4946,72.8233,2016,2015-07-15,2016-07-14,19.896666666666665,4.416666666666667,7.666666666666667,5.9,5.9,5.9,0.9869811320754716,1.6,14,False
6148,3.4946,72.8233,2017,2016-07-20,2017-07-20,5.9375,0.75,9.0,0.0,0.0,2.37,0.3135849056603774,0.85,0,False
6149,3.516,72.9184,2016,2015-07-15,2016-07-14,19.69,,8.0,5.84,5.84,5.84,0.9850943396226415,1.66,14,False
6150,3.5298,72.9281,2018,2017-04-19,2018-04-19,18.125,30.0,10.0,0.0,0.0,0.0,0.46811320754716984,1.25,0,False
6162,3.6776,73.4691,2017,2016-07-27,2017-07-27,11.56,4.5,6.0,0.0,0.0,0.96,0.3267924528301887,0.95,0,False
6164,3.7301,72.7581,2013,2012-07-04,2013-07-04,14.684999999999997,0.29000000000000004,6.666666666666667,0.0,0.0,0.16,0.48169811320754724,1.35,0,False
6165,3.7302,72.7606,2017,2016-07-19,2017-07-19,10.3125,0.0,9.0,0.0,0.0,2.38,0.30000000000000004,0.94,0,False
6170,4.0258,72.8057,2015,2014-09-16,2015-09-16,19.2175,2.625,8.5,0.0,0.14,0.14,0.5901886792452831,1.39,0,False
6170,4.0258,72.8057,2017,2016-07-19,2017-07-19,1.245,0.0,9.0,0.0,0.0,2.74,0.269811320754717,0.98,0,False
6171,4.058,72.9563,2017,2016-07-18,2017-07-18,18.9075,0.25,9.0,0.0,0.0,2.77,0.2762264150943396,0.97,0,False
6173,4.1188,73.4672,2017,2016-07-28,2017-07-28,5.315,0.0,6.0,0.0,0.0,1.29,0.2652830188679245,0.72,0,False
6175,4.2656,73.0026,2015,2014-09-15,2015-09-15,19.532500000000002,0.45,8.5,0.0,0.45,0.45,0.611132075471698,1.25,0,False
6175,4.2656,73.0026,2016,2015-07-12,2016-07-11,18.958333333333332,10.333333333333334,6.666666666666667,6.8,6.8,6.8,0.9571698113207547,1.69,14,False
6175,4.2656,73.0026,2017,2016-07-17,2017-07-17,17.185,0.0,8.0,0.0,0.0,2.88,0.3090566037735849,0.99,0,False
6175,4.2656,73.0026,2017,2016-07-18,2017-07-18,20.3125,0.0,9.0,0.0,0.0,2.88,0.3090566037735849,0.99,0,False
6176,4.2681,73.4888,2017,2016-07-23,2017-07-23,3.4375,0.0,9.0,0.0,0.0,1.46,0.27230769230769236,0.73,0,False
6181,4.5083,73.3611,2014,2013-09-10,2014-09-10,20.465,1.0,7.0,0.0,0.0,0.0,0.3360377358490566,1.09,0,False
6182,4.5208,73.3611,2014,2013-09-09,2014-09-09,25.2075,1.625,8.5,0.0,0.0,0.0,0.3360377358490566,1.09,0,False
6183,4.5278,73.3889,2014,2013-09-08,2014-09-08,5.31,0.375,7.0,0.0,0.0,0.0,0.3360377358490566,1.09,0,False
6184,4.5278,73.4222,2014,2013-09-11,2014-09-11,16.4025,5.0,7.5,0.0,0.0,0.0,0.33584905660377345,1.11,0,False
6192,5.7217,73.4034,2017,2016-07-01,2017-07-01,13.75,0.0,5.0,0.0,0.0,6.38,0.31207547169811317,1.03,0,False
6245,3.5222,72.8992,2016,2015-03-12,2016-03-11,32.5,0.0,6.0,0.0,0.0,0.46,0.8560377358490565,1.63,0,False
6249,3.6546,72.8214,2016,2015-07-14,2016-07-13,18.435,3.3333333333333335,7.666666666666667,5.99,5.99,5.99,0.9724528301886793,1.64,14,False
6253,3.8448,72.7511,2016,2015-07-14,2016-07-13,7.657500000000001,3.0,4.75,5.49,5.49,5.49,0.9624528301886792,1.61,14,False
6253,3.8448,72.7511,2017,2016-05-10,2017-05-10,19.0625,0.0,7.5,0.0,0.0,5.49,0.38622641509433975,1.19,7,False
6253,3.8448,72.7511,2018,2017-07-25,2018-07-25,2.1875,0.0,4.75,0.0,0.0,0.0,0.39283018867924524,1.21,0,False
6258,4.0149,72.8052,2013,2012-07-04,2013-07-04,22.814999999999998,0.08333333333333333,8.333333333333334,0.0,0.0,0.15,0.46528301886792456,1.32,0,False
6259,4.0171,72.8052,2016,2015-07-13,2016-07-12,6.146666666666667,0.75,6.666666666666667,5.97,5.97,5.97,0.9443396226415093,1.71,14,False
6259,4.0171,72.8052,2018,2017-07-24,2018-07-24,3.5925000000000002,0.0,7.5,0.0,0.0,0.0,0.40377358490566034,1.19,0,False
6261,4.0549,72.9571,2013,2012-07-03,2013-07-03,17.398333333333333,0.8333333333333334,8.333333333333334,0.0,0.0,0.15,0.4609433962264151,1.27,0,False
6261,4.0549,72.9571,2015,2014-09-15,2015-09-15,21.5625,2.375,8.5,0.0,0.44,0.44,0.6133962264150943,1.37,0,False
6261,4.0549,72.9571,2017,2016-05-09,2017-05-09,19.6875,0.0,7.5,0.0,0.0,6.53,0.36641509433962266,1.15,7,False
6261,4.0549,72.9571,2019,2018-05-08,2019-05-08,18.2825,0.3,7.5,0.15,0.15,0.15,0.3958490566037736,1.08,0,False
6262,4.0558,72.9564,2016,2015-07-13,2016-07-12,10.938333333333333,9.5,6.666666666666667,6.53,6.53,6.53,0.9443396226415094,1.71,14,False
6262,4.0558,72.9564,2018,2017-07-24,2018-07-24,16.25,0.0,7.5,0.0,0.0,0.0,0.40490566037735853,1.18,0,False
6267,4.2381,73.5315,2014,2013-09-11,2014-09-11,10.62,0.0,5.0,0.0,0.0,0.0,0.3216981132075472,1.07,0,False
6270,4.2563,72.9893,2013,2012-07-03,2013-07-03,22.5,0.26,8.033333333333333,0.0,0.0,0.0,0.46811320754716984,1.21,0,False
6275,4.2834,73.4281,2016,2015-01-31,2016-01-31,23.44,0.0,8.0,0.0,0.0,0.29,0.7294339622641507,1.54,0,False
6275,4.2834,73.4281,2016,2015-05-17,2016-05-16,22.185,70.0,8.0,5.58,5.58,5.58,0.901509433962264,1.57,14,False
6277,4.2864,73.4264,2014,2013-09-14,2014-09-14,18.1275,0.75,7.5,0.0,0.0,0.0,0.329622641509434,1.04,0,False
6279,4.3069,73.4232,2013,2012-07-01,2013-07-01,17.5,2.0,6.5,0.17,0.17,0.17,0.47867924528301886,1.32,0,False
6281,4.5472,73.3806,2014,2013-09-10,2014-09-10,15.780000000000001,0.875,7.5,0.0,0.0,0.0,0.3360377358490566,1.09,0,False
6282,4.5702,73.3775,2014,2013-09-09,2014-09-09,11.25,1.0,7.5,0.0,0.0,0.0,0.33622641509433965,1.11,0,False
6673,10.3425,98.2991,2013,2012-04-12,2013-04-12,1.875,,3.0,0.0,0.0,0.15,0.5064150943396226,1.83,0,False
6681,10.1474,97.9704,2013,2012-04-17,2013-04-17,5.0,0.0,5.0,0.0,0.0,0.0,0.47150943396226414,1.74,0,False
6685,10.1579,98.1388,2013,2012-04-18,2013-04-18,35.94,0.0,6.0,0.0,0.0,0.14,0.5058490566037734,1.9,0,False
6686,10.4659,98.2446,2013,2012-04-13,2013-04-13,13.4375,0.0,4.75,0.0,0.0,0.14,0.47018867924528307,1.77,0,False
6687,10.4669,98.2196,2013,2012-04-14,2013-04-14,33.125,0.25,2.5,0.0,0.0,0.14,0.47018867924528307,1.77,0,False
6688,10.473,98.1714,2013,2012-04-15,2013-04-15,16.56,0.0,2.5,0.0,0.0,0.0,0.47075471698113214,1.76,0,False
6689,10.571,98.0309,2013,2012-04-16,2013-04-16,14.06,0.0,2.5,0.0,0.0,0.15,0.4590384615384616,1.67,0,False
6695,12.041,-68.7508,2013,2012-11-16,2013-11-16,23.435,0.0,12.0,2.23,2.23,5.39,0.6560377358490566,1.42,0,False
6695,12.041,-68.7508,2014,2013-11-22,2014-11-22,30.0,0.435,9.0,0.0,0.0,2.08,0.20339622641509436,0.8300000000000001,0,False
6697,12.063,-68.8556,2013,2012-10-23,2013-10-23,14.06,,5.8,2.07,2.07,5.55,0.6981132075471701,1.45,21,False
6698,12.0738,-68.8795,2014,2013-11-22,2014-11-22,18.595,0.0,9.0,0.0,0.0,1.92,0.21207547169811325,0.8300000000000001,0,False
6699,12.0745,-68.8792,2013,2012-11-16,2013-11-16,11.56,0.0,12.0,2.07,2.07,5.55,0.6613207547169813,1.45,7,False
6701,12.1396,-69.8372,2013,2012-11-17,2013-11-17,24.685000000000002,0.0,12.0,2.18,2.18,5.14,0.6854716981132076,1.92,7,False
6701,12.1396,-69.8372,2014,2013-11-09,2014-11-09,6.4025,0.0,9.0,0.15,0.15,2.18,0.2060377358490566,1.09,0,False
6709,12.2791,-69.1451,2013,2012-11-24,2013-11-24,24.6875,0.01,9.0,1.83,1.83,3.93,0.620188679245283,1.48,0,False
6709,12.2791,-69.1451,2014,2013-11-16,2014-11-16,34.69,0.5866666666666667,10.0,0.0,0.0,1.83,0.16754716981132076,0.8,0,False
6711,12.3848,-69.16,2013,2012-11-24,2013-11-24,25.625,3.5,12.0,1.68,1.68,3.3000000000000003,0.6273584905660378,1.51,0,False
6711,12.3848,-69.16,2014,2013-11-16,2014-11-16,25.314999999999998,0.25,12.0,0.0,0.0,1.68,0.18207547169811317,0.76,0,False
6752,12.0812,-68.8955,2013,2012-10-23,2013-10-23,26.67,33.75,16.7,2.07,2.07,5.55,0.6981132075471701,1.45,21,False
6755,12.2188,-69.0873,2014,2013-05-26,2014-05-26,23.439999999999998,0.0,12.5,0.0,0.0,1.83,0.31698113207547174,1.1,0,False
6756,12.2191,-69.0878,2013,2012-11-17,2013-11-17,5.94,1.25,12.0,1.83,1.83,4.09,0.6424528301886794,1.48,7,False
6756,12.2191,-69.0878,2014,2013-11-09,2014-11-09,5.9375,1.25,9.0,0.0,0.0,1.83,0.17113207547169812,0.8300000000000001,0,False
6757,12.2603,-69.1203,2016,2015-05-24,2016-05-23,22.19,1.0,12.0,0.0,0.0,0.89,0.23471698113207545,1.26,0,False
6759,12.3175,-69.1525,2014,2013-05-24,2014-05-24,13.75,25.0,3.0,0.0,0.0,1.52,0.3069811320754717,0.99,0,False
6759,12.3175,-69.1525,2014,2013-05-25,2014-05-25,14.69,0.0,16.7,0.0,0.0,1.52,0.3069811320754717,0.99,0,False
6759,12.3175,-69.1525,2014,2013-05-27,2014-05-27,15.309999999999999,0.0,13.0,0.0,0.0,1.52,0.3069811320754717,0.99,0,False
6759,12.3175,-69.1525,2016,2015-05-22,2016-05-21,23.435000000000002,1.0,14.0,0.0,0.0,0.91,0.22528301886792454,1.25,0,False
6759,12.3175,-69.1525,2016,2015-05-23,2016-05-22,,1.0,14.0,0.0,0.0,0.91,0.22528301886792454,1.25,0,False
6760,12.328,-69.1518,2016,2015-05-23,2016-05-22,27.810000000000002,1.0,13.0,0.0,0.0,0.91,0.22528301886792454,1.25,0,False
6773,-21.6616,165.4533,2013,2012-02-21,2013-02-20,12.5,,1.0,0.0,0.0,3.98,0.19339622641509435,1.63,0,False
6773,-21.6616,165.4533,2014,2013-02-25,2014-02-25,7.1899999999999995,,1.0,0.0,0.0,0.0,0.1471698113207547,1.09,0,False
6773,-21.6616,165.4533,2015,2014-03-22,2015-03-22,7.8149999999999995,,1.0,6.62,6.62,6.62,0.4696226415094339,2.53,7,False
6775,-21.6535,165.4563,2013,2012-02-21,2013-02-20,17.81,,3.0,0.0,0.0,3.98,0.19339622641509435,1.63,0,False
6775,-21.6535,165.4563,2014,2013-02-25,2014-02-25,19.369999999999997,,3.0,0.0,0.0,0.0,0.1471698113207547,1.09,0,False
6775,-21.6535,165.4563,2015,2014-03-22,2015-03-22,20.94,,3.0,6.62,6.62,6.62,0.4696226415094339,2.53,7,False
6776,-22.258,166.3857,2013,2012-02-04,2013-02-03,21.875,,2.3,0.0,0.0,4.69,0.2941509433962264,1.66,14,False
6776,-22.258,166.3857,2014,2013-03-16,2014-03-16,23.44,,2.3,0.0,0.0,0.0,0.2013207547169811,1.38,0,False
6776,-22.258,166.3857,2015,2014-01-13,2015-01-13,22.5,,2.3,0.15,0.15,0.15,0.19509433962264147,1.85,0,False
6780,-21.6298,165.4542,2013,2012-02-21,2013-02-20,30.630000000000003,,4.0,0.0,0.0,3.93,0.1826415094339623,1.62,0,False
6782,-21.6251,165.3671,2013,2012-01-14,2013-01-13,18.435,,4.3,0.0,0.0,3.92,0.2650943396226415,1.61,0,False
6782,-21.6251,165.3671,2014,2013-03-21,2014-03-21,19.685000000000002,,4.3,0.0,0.0,0.0,0.11018867924528301,1.07,0,False
6782,-21.6251,165.3671,2015,2014-03-07,2015-03-07,20.939999999999998,,4.3,5.5600000000000005,5.5600000000000005,5.5600000000000005,0.4437735849056603,2.5,7,False
6783,-21.6136,165.3806,2013,2012-01-13,2013-01-12,14.059999999999999,,2.0,0.0,0.0,3.92,0.2650943396226415,1.61,0,False
6783,-21.6136,165.3806,2014,2013-03-21,2014-03-21,21.87,,2.0,0.0,0.0,0.0,0.11018867924528301,1.07,0,False
6783,-21.6136,165.3806,2015,2014-03-08,2015-03-08,18.12,,2.0,5.5600000000000005,5.5600000000000005,5.5600000000000005,0.4437735849056603,2.5,7,False
6784,-21.5978,165.3384,2013,2012-01-13,2013-01-12,20.0,,2.0,0.0,0.0,4.05,0.26490566037735847,1.63,0,False
6784,-21.5978,165.3384,2014,2013-03-20,2014-03-20,20.625,,2.0,0.0,0.0,0.0,0.11226415094339623,1.07,0,False
6784,-21.5978,165.3384,2015,2014-03-07,2015-03-07,13.75,,2.0,5.5200000000000005,5.5200000000000005,5.5200000000000005,0.4481132075471699,2.49,7,False
6785,-21.5934,166.2634,2013,2012-03-31,2013-03-31,27.815,,4.5,0.0,0.0,0.31,0.39245283018867927,1.33,0,False
6785,-21.5934,166.2634,2014,2013-05-03,2014-05-03,24.685,,4.5,0.59,0.59,0.59,0.5873584905660378,1.37,0,False
6785,-21.5934,166.2634,2015,2014-04-22,2015-04-22,13.120000000000001,,4.5,6.48,6.48,6.48,0.5813207547169812,2.08,7,False
6786,-21.5563,166.3375,2013,2012-03-31,2013-03-31,18.75,,7.0,0.0,0.0,0.3,0.3986792452830189,1.29,0,False
6786,-21.5563,166.3375,2014,2013-05-03,2014-05-03,20.0,,7.0,0.45,0.45,0.45,0.5867924528301888,1.34,0,False
6786,-21.5563,166.3375,2015,2014-04-22,2015-04-22,17.81,,7.0,6.34,6.34,6.34,0.5854716981132075,2.07,7,False
6787,-21.4106,164.9584,2013,2012-03-24,2013-03-24,8.75,,2.3,0.0,0.0,4.34,0.14622641509433962,1.64,0,False
6787,-21.4106,164.9584,2014,2013-01-01,2014-01-01,15.31,,2.3,0.0,0.0,0.0,0.22075471698113208,1.14,0,False
6787,-21.4106,164.9584,2015,2014-01-18,2015-01-18,15.94,,2.3,0.0,0.0,0.0,0.3286792452830189,1.69,0,False
6788,-21.3803,164.9672,2013,2012-03-24,2013-03-24,35.0,,4.3,0.0,0.0,4.34,0.15660377358490565,1.65,0,False
6788,-21.3803,164.9672,2014,2013-01-01,2014-01-01,31.880000000000003,,4.3,0.0,0.0,0.0,0.2256603773584906,1.17,0,False
6788,-21.3803,164.9672,2015,2014-01-18,2015-01-18,17.5,,4.3,0.0,0.0,0.0,0.33226415094339623,1.73,0,False
6789,-21.3673,164.9806,2013,2012-03-24,2013-03-24,4.0600000000000005,,2.5,0.0,0.0,4.34,0.15660377358490565,1.65,0,False
6789,-21.3673,164.9806,2013,2012-12-22,2013-12-22,7.5,,2.5,0.0,0.0,0.0,0.23339622641509433,1.17,0,False
6789,-21.3673,164.9806,2015,2014-01-18,2015-01-18,6.869999999999999,,2.5,0.0,0.0,0.0,0.33226415094339623,1.73,0,False
6790,-21.218,164.7628,2013,2012-03-23,2013-03-23,1.875,,2.8,0.0,0.0,4.55,0.21377358490566037,1.57,0,False
6790,-21.218,164.7628,2013,2012-12-21,2013-12-21,3.75,,2.8,0.0,0.0,0.0,0.2862264150943396,1.46,0,False
6790,-21.218,164.7628,2015,2014-01-17,2015-01-17,12.185,,2.8,0.0,0.0,0.0,0.3149056603773585,1.86,0,False
6791,-21.1947,164.778,2014,2013-01-01,2014-01-01,28.75,,2.5,0.0,0.0,0.0,0.25433962264150944,1.47,0,False
6791,-21.1947,164.778,2015,2014-01-17,2015-01-17,29.375,,3.0,0.0,0.0,0.0,0.2877358490566038,1.83,0,False
6792,-21.0309,167.4188,2013,2012-04-10,2013-04-10,14.375,,6.0,0.0,0.0,0.54,0.39433962264150946,1.08,0,False
6792,-21.0309,167.4188,2014,2013-04-16,2014-04-16,11.875,,6.0,0.0,0.0,0.0,0.46830188679245277,1.34,0,False
6792,-21.0309,167.4188,2015,2014-04-16,2015-04-16,14.375,,6.0,4.5600000000000005,4.5600000000000005,4.5600000000000005,0.6109433962264151,1.75,0,False
6793,-21.0261,167.412,2013,2012-04-10,2013-04-10,20.94,,5.3,0.0,0.0,0.54,0.39433962264150946,1.08,0,False
6793,-21.0261,167.412,2014,2013-04-16,2014-04-16,19.38,,5.3,0.0,0.0,0.0,0.46830188679245277,1.34,0,False
6793,-21.0261,167.412,2015,2014-04-16,2015-04-16,16.25,,5.3,4.5600000000000005,4.5600000000000005,4.5600000000000005,0.6109433962264151,1.75,0,False
6794,-20.934,165.3698,2013,2012-01-17,2013-01-16,47.5,,4.8,0.0,0.0,0.79,0.49849056603773584,1.76,0,False
6794,-20.934,165.3698,2014,2013-01-24,2014-01-24,31.869999999999997,,4.8,0.0,0.0,0.0,0.5135849056603774,1.29,0,False
6794,-20.934,165.3698,2015,2014-02-25,2015-02-25,36.25,,4.8,1.71,1.71,1.71,0.49094339622641503,1.72,0,False
6795,-20.9198,165.3689,2013,2012-01-17,2013-01-16,32.5,,7.8,0.0,0.0,0.79,0.49849056603773584,1.76,0,False
6795,-20.9198,165.3689,2014,2013-01-24,2014-01-24,19.685000000000002,,7.8,0.0,0.0,0.0,0.5135849056603774,1.29,0,False
6795,-20.9198,165.3689,2015,2014-02-24,2015-02-24,5.0,,7.8,1.71,1.71,1.71,0.49094339622641503,1.72,0,False
6796,-20.9157,167.2741,2013,2012-04-09,2013-04-09,13.44,,3.5,0.0,0.0,0.52,0.361923076923077,1.03,0,False
6796,-20.9157,167.2741,2014,2013-04-15,2014-04-15,18.125,,3.5,0.0,0.0,0.0,0.43490566037735845,1.27,0,False
6796,-20.9157,167.2741,2015,2014-04-15,2015-04-15,10.315,,3.5,5.17,5.17,5.17,0.5984905660377359,1.66,7,False
6797,-20.9067,167.2644,2013,2012-04-09,2013-04-09,29.065,,5.0,0.0,0.0,0.52,0.361923076923077,1.03,0,False
6797,-20.9067,167.2644,2014,2013-04-15,2014-04-15,28.75,,5.0,0.0,0.0,0.0,0.43490566037735845,1.27,0,False
6797,-20.9067,167.2644,2015,2014-04-15,2015-04-15,31.25,,5.0,5.17,5.17,5.17,0.5984905660377359,1.66,7,False
6798,-20.8454,165.4206,2013,2012-01-18,2013-01-17,39.379999999999995,,4.0,0.0,0.0,0.93,0.520566037735849,1.66,0,False
6798,-20.8454,165.4206,2014,2013-01-23,2014-01-23,33.435,,4.0,0.0,0.0,0.0,0.5284905660377359,1.23,0,False
6798,-20.8454,165.4206,2015,2014-02-25,2015-02-25,31.565,,4.0,1.74,1.74,1.74,0.49716981132075483,1.69,0,False
6799,-20.7939,167.1569,2013,2012-04-11,2013-04-11,15.0,,5.0,0.0,0.0,0.5,0.3777358490566036,1.27,0,False
6799,-20.7939,167.1569,2014,2013-04-17,2014-04-17,18.12,,5.0,0.0,0.0,0.0,0.4075471698113207,1.16,0,False
6799,-20.7939,167.1569,2015,2014-04-14,2015-04-14,8.13,,5.0,5.15,5.15,5.15,0.590188679245283,1.79,7,False
6800,-20.7879,167.1218,2013,2012-04-11,2013-04-11,18.75,,1.3,0.0,0.0,0.34,0.38320754716981137,1.34,0,False
6800,-20.7879,167.1218,2014,2013-04-17,2014-04-17,19.06,,1.3,0.0,0.0,0.0,0.4054716981132075,1.16,0,False
6800,-20.7879,167.1218,2015,2014-04-14,2015-04-14,18.435,,1.3,5.32,5.32,5.32,0.5930188679245283,1.83,7,False
6801,-20.7847,167.1171,2013,2012-04-11,2013-04-11,10.0,,5.5,0.0,0.0,0.34,0.38320754716981137,1.34,0,False
6801,-20.7847,167.1171,2014,2013-04-17,2014-04-17,8.75,,5.5,0.0,0.0,0.0,0.4054716981132075,1.16,0,False
6801,-20.7847,167.1171,2015,2014-04-14,2015-04-14,8.75,,5.5,5.32,5.32,5.32,0.5930188679245283,1.83,7,False
6802,-20.6954,164.9985,2013,2012-03-19,2013-03-19,30.935000000000002,,4.0,0.0,0.0,0.97,0.3978846153846155,1.59,0,False
6802,-20.6954,164.9985,2014,2013-03-24,2014-03-24,31.880000000000003,,4.0,0.48,0.48,0.48,0.5560377358490566,1.19,0,False
6803,-20.67,164.2403,2013,2012-01-16,2013-01-15,13.129999999999999,,1.5,0.0,0.0,3.18,0.39942307692307694,1.71,0,False
6803,-20.67,164.2403,2014,2013-01-22,2014-01-22,17.185,,1.5,0.0,0.0,0.0,0.2881132075471698,1.3,0,False
6803,-20.67,164.2403,2015,2014-01-11,2015-01-11,15.0,,1.5,0.0,0.0,0.0,0.36245283018867924,1.85,0,False
6804,-20.6446,164.9832,2013,2012-03-19,2013-03-19,12.19,,3.5,0.0,0.0,0.97,0.4115384615384616,1.56,0,False
6804,-20.6446,164.9832,2014,2013-03-24,2014-03-24,17.810000000000002,,3.5,0.47,0.47,0.47,0.5679245283018868,1.26,0,False
6804,-20.6446,164.9832,2015,2014-02-23,2015-02-23,15.935,,3.5,1.98,1.98,1.98,0.5109433962264152,1.77,0,False
6805,-20.6305,165.0717,2013,2012-03-19,2013-03-19,13.75,,4.5,0.0,0.0,1.01,0.4076923076923077,1.58,0,False
6805,-20.6305,165.0717,2014,2013-03-24,2014-03-24,14.375,,4.5,0.48,0.48,0.48,0.5560377358490567,1.31,0,False
6805,-20.6305,165.0717,2015,2014-02-23,2015-02-23,10.625,,4.5,2.17,2.17,2.17,0.5024528301886793,1.81,0,False
6806,-20.5891,164.2728,2013,2012-01-15,2013-01-14,48.125,,2.3,0.0,0.0,3.21,0.39018867924528305,1.7,0,False
6806,-20.5891,164.2728,2014,2013-01-21,2014-01-21,45.62,,2.3,0.0,0.0,0.0,0.2839622641509434,1.29,0,False
6806,-20.5891,164.2728,2015,2014-01-10,2015-01-10,32.19,,2.3,0.0,0.0,0.0,0.3583018867924528,1.86,0,False
6807,-20.5553,164.1832,2013,2012-01-15,2013-01-14,37.5,,4.5,0.0,0.0,2.69,0.40415094339622637,1.61,0,False
6807,-20.5553,164.1832,2014,2013-01-21,2014-01-21,33.13,,4.5,0.0,0.0,0.0,0.33,1.33,0,False
6807,-20.5553,164.1832,2015,2014-01-10,2015-01-10,33.75,,4.5,0.0,0.0,0.0,0.3820754716981133,1.83,0,False
6808,-20.2636,164.4179,2013,2012-05-19,2013-05-19,34.065,,1.8,0.0,0.0,0.0,0.38679245283018876,1.36,0,False
6808,-20.2636,164.4179,2014,2013-03-01,2014-03-01,39.375,,1.8,0.0,0.0,0.0,0.5890566037735849,1.35,0,False
6809,-20.2126,164.4426,2013,2012-05-18,2013-05-18,13.75,,5.0,0.0,0.0,0.0,0.3954716981132075,1.42,0,False
6809,-20.2126,164.4426,2014,2013-03-01,2014-03-01,12.5,,5.0,0.0,0.0,0.0,0.5979245283018868,1.39,0,False
6810,-20.2108,164.3964,2013,2012-05-18,2013-05-18,16.56,,1.8,0.0,0.0,0.0,0.39716981132075474,1.39,0,False
6810,-20.2108,164.3964,2014,2013-03-02,2014-03-02,13.435,,1.8,0.0,0.0,0.0,0.5966037735849057,1.35,0,False
6812,-22.6422,166.3033,2013,2012-04-21,2013-04-21,34.69,,3.8,0.0,0.0,5.25,0.14433962264150943,1.16,0,False
6812,-22.6422,166.3033,2014,2013-03-31,2014-03-31,22.19,,3.8,0.0,0.0,0.0,0.21113207547169813,1.22,0,False
6812,-22.6422,166.3033,2015,2014-04-30,2015-04-30,21.87,,3.8,7.82,7.82,7.82,0.43415094339622645,2.7,7,False
6813,-22.5986,167.3989,2013,2012-03-10,2013-03-10,21.875,,1.8,0.0,0.0,3.89,0.4764150943396227,1.86,0,False
6813,-22.5986,167.3989,2014,2013-01-31,2014-01-31,24.06,,1.8,0.16,0.16,0.16,0.589811320754717,1.6,0,False
6813,-22.5986,167.3989,2015,2014-03-03,2015-03-03,25.619999999999997,,1.8,5.33,5.33,5.33,0.7473584905660378,2.08,14,False
6815,-22.5527,166.4705,2014,2013-04-10,2014-04-10,13.75,,4.5,0.0,0.0,0.0,0.18358490566037736,1.15,0,False
6815,-22.5527,166.4705,2015,2014-02-26,2015-02-26,11.25,,4.5,4.8100000000000005,4.8100000000000005,4.8100000000000005,0.32301886792452833,2.71,0,False
6816,-22.5279,167.4327,2013,2012-05-13,2013-05-13,19.69,,1.8,0.0,0.0,1.28,0.3624528301886792,1.14,0,False
6816,-22.5279,167.4327,2014,2013-01-31,2014-01-31,22.185,,1.8,0.16,0.16,0.16,0.5990566037735849,1.62,0,False
6816,-22.5279,167.4327,2015,2014-03-05,2015-03-05,17.185000000000002,,1.8,4.79,4.79,4.79,0.7666037735849056,2.06,14,False
6817,-22.5264,167.4109,2013,2012-03-10,2013-03-10,15.629999999999999,,1.8,0.0,0.0,3.49,0.46962264150943395,1.79,0,False
6817,-22.5264,167.4109,2014,2013-01-31,2014-01-31,15.935,,1.8,0.16,0.16,0.16,0.5990566037735849,1.62,0,False
6817,-22.5264,167.4109,2015,2014-03-03,2015-03-03,14.375,,1.8,4.79,4.79,4.79,0.7666037735849056,2.06,14,False
6819,-22.4438,166.3687,2014,2013-03-15,2014-03-15,30.0,,8.0,0.0,0.0,0.0,0.18509433962264152,1.3,0,False
6819,-22.4438,166.3687,2015,2014-01-15,2015-01-15,23.75,,8.0,0.0,0.0,0.0,0.1730188679245283,1.88,0,False
6821,-22.425,166.8479,2013,2012-04-26,2013-04-26,24.375,,1.8,0.0,0.0,0.33,0.09245283018867925,1.23,0,False
6821,-22.425,166.8479,2014,2013-02-07,2014-02-07,27.5,,1.8,0.0,0.0,0.0,0.18792452830188683,1.03,0,False
6821,-22.425,166.8479,2015,2014-02-18,2015-02-18,23.119999999999997,,1.8,2.79,2.79,2.79,0.3390566037735849,2.1,0,False
6822,-22.3962,166.8225,2013,2012-04-26,2013-04-26,32.5,,2.0,0.0,0.0,0.32,0.0820754716981132,1.22,0,False
6822,-22.3962,166.8225,2014,2013-02-07,2014-02-07,31.25,,1.0,0.0,0.0,0.0,0.18094339622641503,1.02,0,False
6822,-22.3962,166.8225,2015,2014-02-19,2015-02-19,38.125,,2.0,2.74,2.74,2.74,0.33094339622641505,2.07,0,False
6823,-22.3951,166.5228,2014,2013-03-26,2014-03-26,27.815,,4.0,0.0,0.0,0.0,0.139811320754717,1.22,0,False
6823,-22.3951,166.5228,2015,2014-03-18,2015-03-18,25.625,,4.0,7.7,7.7,7.7,0.3922641509433963,2.83,7,False
6825,-22.3942,166.8828,2013,2012-02-29,2013-02-28,29.380000000000003,,4.5,0.0,0.0,0.47,0.24207547169811322,1.46,0,False
6825,-22.3942,166.8828,2014,2013-01-01,2014-01-01,31.25,,4.5,0.0,0.0,0.0,0.23735849056603775,1.11,0,False
6825,-22.3942,166.8828,2014,2013-12-20,2014-12-20,34.685,,4.5,0.0,0.0,0.0,0.26358490566037734,1.17,0,False
6826,-22.3845,166.8411,2013,2012-04-26,2013-04-26,39.06,,1.5,0.0,0.0,0.32,0.0820754716981132,1.22,0,False
6826,-22.3845,166.8411,2014,2013-02-07,2014-02-07,41.875,,1.5,0.0,0.0,0.0,0.18094339622641503,1.02,0,False
6826,-22.3845,166.8411,2015,2014-02-19,2015-02-19,44.69,,1.5,2.74,2.74,2.74,0.33094339622641505,2.07,0,False
6827,-22.3675,166.3056,2014,2013-02-27,2014-02-27,17.185,,4.5,0.0,0.0,0.0,0.19433962264150942,1.35,0,False
6827,-22.3675,166.3056,2015,2014-02-25,2015-02-25,17.19,,4.5,6.09,6.09,6.09,0.38754716981132076,2.99,7,False
6828,-22.3561,166.8472,2014,2013-01-01,2014-01-01,16.87,,1.8,0.0,0.0,0.0,0.16547169811320753,1.02,0,False
6828,-22.3561,166.8472,2014,2013-12-20,2014-12-20,16.875,,1.8,0.0,0.0,0.0,0.18452830188679248,1.15,0,False
6829,-22.3443,166.9934,2013,2012-02-25,2013-02-24,23.435,,1.8,0.0,0.0,1.47,0.41056603773584904,1.62,0,True
6829,-22.3443,166.9934,2014,2013-04-02,2014-04-02,23.125,,1.8,0.0,0.0,0.0,0.5322641509433963,1.3,0,True
6829,-22.3443,166.9934,2015,2014-03-26,2015-03-26,23.125,,1.8,7.88,7.88,7.88,0.6452830188679245,2.24,21,True
6831,-22.3388,166.2382,2014,2013-03-15,2014-03-15,14.69,,4.0,0.0,0.0,0.0,0.21452830188679248,1.33,0,False
6831,-22.3388,166.2382,2015,2014-01-15,2015-01-15,7.5,,4.0,0.15,0.15,0.15,0.21245283018867925,1.88,0,False
6833,-22.3334,167.0115,2013,2012-02-25,2013-02-24,25.935,,2.5,0.0,0.0,3.04,0.539433962264151,1.72,0,False
6833,-22.3334,167.0115,2014,2013-04-02,2014-04-02,30.31,,2.5,0.63,0.63,0.63,0.7239622641509434,1.42,0,False
6833,-22.3334,167.0115,2015,2014-03-26,2015-03-26,25.619999999999997,,2.5,9.21,9.21,9.21,0.8092452830188678,2.34,21,False
6834,-22.333,166.4238,2013,2012-02-04,2013-02-03,17.81,,2.3,0.0,0.0,3.9,0.2754716981132076,1.62,0,False
6834,-22.333,166.4238,2014,2013-03-16,2014-03-16,11.25,,2.3,0.0,0.0,0.0,0.17792452830188676,1.33,0,False
6834,-22.333,166.4238,2015,2014-01-13,2015-01-13,5.625,,2.3,0.0,0.0,0.0,0.16641509433962262,1.77,0,False
6835,-22.3242,166.3633,2014,2013-02-27,2014-02-27,24.685,,8.0,0.0,0.0,0.0,0.1883018867924529,1.36,0,False
6835,-22.3242,166.3633,2015,2014-02-25,2015-02-25,19.685,,8.0,6.19,6.19,6.19,0.38773584905660374,3.02,7,False
6837,-22.316,166.4553,2013,2012-02-04,2013-02-03,24.06,,2.5,0.0,0.0,3.53,0.25452830188679243,1.58,0,False
6837,-22.316,166.4553,2014,2013-03-16,2014-03-16,21.25,,2.5,0.0,0.0,0.0,0.15622641509433957,1.28,0,False
6837,-22.316,166.4553,2015,2014-01-13,2015-01-13,26.875,,2.5,0.0,0.0,0.0,0.13962264150943396,1.74,0,False
6840,-22.3033,166.5979,2014,2013-03-26,2014-03-26,25.94,,4.5,0.0,0.0,0.0,0.11528301886792451,1.15,0,False
6840,-22.3033,166.5979,2015,2014-02-26,2015-02-26,29.689999999999998,,4.5,4.93,4.93,4.93,0.29245283018867924,2.77,0,False
6841,-22.3008,166.4365,2014,2013-02-28,2014-02-28,22.815,,4.0,0.0,0.0,0.0,0.16999999999999996,1.33,0,False
6841,-22.3008,166.4365,2015,2014-03-18,2015-03-18,31.875,,4.0,8.72,8.72,8.72,0.4422641509433963,2.98,14,False
6845,-22.2938,166.2965,2014,2013-02-21,2014-02-21,22.5,,4.5,0.0,0.0,0.0,0.1969811320754717,1.38,0,False
6845,-22.2938,166.2965,2015,2014-01-15,2015-01-15,24.06,,4.5,0.15,0.15,0.15,0.2111320754716981,1.92,0,False
6847,-22.2873,167.0368,2013,2012-02-25,2013-02-24,15.315,,2.3,0.0,0.0,2.5500000000000003,0.5337735849056603,1.71,0,False
6847,-22.2873,167.0368,2014,2013-04-02,2014-04-02,14.370000000000001,,2.3,0.77,0.77,0.77,0.7328301886792452,1.38,0,False
6847,-22.2873,167.0368,2015,2014-03-25,2015-03-25,13.125,,2.3,8.73,8.73,8.73,0.8049056603773586,2.28,21,False
6875,26.3295,56.4603,2013,2012-10-08,2013-10-08,16.405,0.0,6.0,0.0,0.0,0.96,-0.07288461538461535,1.02,0,False
6884,20.3726,58.8059,2017,2016-05-27,2017-05-27,17.9675,0.0,8.0,0.0,0.0,2.95,0.2752830188679245,2.1,0,False
6885,22.6918,59.3804,2017,2016-04-15,2017-04-15,8.125,0.0,4.5,0.0,0.0,10.09,0.73188679245283,2.83,28,False
6886,23.5226,58.7466,2017,2016-05-27,2017-05-27,7.19,0.0,6.0,0.0,0.0,4.91,0.33358490566037735,1.92,7,False
6887,23.6456,58.4998,2017,2016-01-31,2017-01-30,7.0325,0.0,4.0,0.0,0.0,3.86,0.3854716981132076,2.2,0,False
6888,23.6793,58.5015,2017,2016-01-30,2017-01-29,21.7175,0.0,7.75,0.0,0.0,3.47,0.3957692307692308,2.07,0,False
6889,23.6802,58.4995,2017,2016-01-30,2017-01-29,22.8125,0.0,7.75,0.0,0.0,3.3000000000000003,0.39634615384615385,2.11,0,False
6890,24.42,56.6738,2017,2016-01-12,2017-01-11,37.1875,0.0,4.5,0.0,0.0,0.8200000000000001,0.3556603773584906,2.35,0,False
6892,26.0836,56.4242,2014,2013-10-28,2014-10-28,33.44,0.0,4.0,0.0,0.0,0.0,0.07867924528301887,2.06,0,False
6894,26.0864,56.4286,2014,2013-10-31,2014-10-31,30.619999999999997,0.0,6.0,0.0,0.0,0.0,0.060000000000000005,2.06,0,False
6895,26.0883,56.4678,2014,2013-10-31,2014-10-31,8.44,0.0,8.0,0.0,0.0,0.0,0.06566037735849056,2.0,0,False
6897,26.1343,56.4733,2014,2013-10-29,2014-10-29,34.375,0.0,6.5,0.0,0.0,0.0,0.08452830188679246,1.93,0,False
6900,26.1513,56.3809,2014,2013-10-30,2014-10-30,17.19,0.0,8.0,0.0,0.0,0.0,0.059245283018867924,1.95,0,False
6902,26.1861,56.3877,2014,2013-10-30,2014-10-30,1.25,0.0,6.5,0.0,0.0,0.0,0.059245283018867924,1.95,0,False
6915,26.3427,56.4696,2015,2014-10-30,2015-10-30,31.405,0.0,5.5,1.25,1.25,1.25,0.3237735849056604,2.18,0,False
6916,26.3472,56.4808,2016,2015-10-27,2016-10-26,27.655,0.0,4.25,0.64,0.64,0.8,0.3381132075471698,1.35,0,False
6917,26.3557,56.4991,2013,2012-10-09,2013-10-09,29.0625,0.25,6.5,0.0,0.0,0.92,-0.07886792452830187,0.93,0,False
6918,26.3582,56.4981,2013,2012-10-09,2013-10-09,20.78,0.0,7.0,0.0,0.0,0.92,-0.07886792452830187,0.93,0,False
6918,26.3582,56.4981,2015,2014-10-30,2015-10-30,34.53,0.0,5.0,0.92,0.92,0.92,0.32301886792452833,2.13,0,False
6918,26.3582,56.4981,2016,2015-10-29,2016-10-28,29.5325,0.125,5.5,0.47,0.47,0.76,0.3343396226415094,1.31,0,False
6919,26.3655,56.452,2013,2012-10-07,2013-10-07,33.44,0.0,4.0,0.0,0.0,0.92,-0.07396226415094338,0.93,0,False
6919,26.3655,56.452,2013,2012-10-09,2013-10-09,31.095,0.25,5.0,0.0,0.0,0.92,-0.07886792452830187,0.93,0,False
6919,26.3655,56.452,2016,2015-10-27,2016-10-26,40.47,3.75,5.0,0.47,0.47,0.76,0.3343396226415094,1.31,0,False
6921,26.3683,56.5345,2015,2014-10-29,2015-10-29,18.1225,0.125,5.5,1.29,1.29,1.29,0.3369811320754717,2.13,0,False
6923,26.3746,56.3891,2015,2014-10-28,2015-10-28,21.4075,0.0,5.5,0.48,0.48,0.48,0.2358490566037736,2.02,0,False
6925,26.3755,56.3854,2013,2012-10-11,2013-10-11,32.81,0.25,5.5,0.0,0.0,0.0,-0.13377358490566038,0.8,0,False
6925,26.3755,56.3854,2016,2015-10-28,2016-10-27,23.75,0.0,5.25,0.0,0.0,0.48,0.27641509433962264,1.16,0,False
6926,26.3758,56.4164,2013,2012-10-07,2013-10-07,45.31,0.5,4.0,0.0,0.0,0.15,-0.10150943396226411,0.81,0,False
6926,26.3758,56.4164,2013,2012-10-10,2013-10-10,31.875,0.0,4.5,0.0,0.0,0.15,-0.10433962264150942,0.81,0,False
6926,26.3758,56.4164,2015,2014-10-28,2015-10-28,36.25,0.125,5.5,0.6900000000000001,0.6900000000000001,0.6900000000000001,0.2830188679245283,2.09,0,False
6926,26.3758,56.4164,2016,2015-10-29,2016-10-28,35.47,0.125,5.5,0.16,0.16,0.6900000000000001,0.310377358490566,1.25,0,False
6927,26.3766,56.4487,2016,2015-10-27,2016-10-26,14.530000000000001,0.0,5.5,0.16,0.16,0.6900000000000001,0.310377358490566,1.25,0,False
6928,26.3819,56.4183,2013,2012-10-08,2013-10-08,41.56,0.75,5.0,0.0,0.0,0.15,-0.11326923076923076,0.81,0,False
6928,26.3819,56.4183,2013,2012-10-10,2013-10-10,30.78,0.25,6.5,0.0,0.0,0.15,-0.10433962264150942,0.81,0,False
6928,26.3819,56.4183,2016,2015-10-28,2016-10-27,32.0325,0.0,5.4,0.16,0.16,0.6900000000000001,0.310377358490566,1.25,0,False
6930,26.3839,56.3994,2015,2014-10-29,2015-10-29,20.3125,0.125,4.5,0.48,0.48,0.48,0.2358490566037736,2.02,0,False
6932,26.385,56.4208,2013,2012-10-11,2013-10-11,9.530000000000001,0.25,6.5,0.0,0.0,0.15,-0.10433962264150942,0.81,0,False
7190,10.2859,124.0074,2017,2016-02-17,2017-02-16,26.56,0.0,6.0,0.0,0.14,4.5,0.7471698113207548,1.59,7,False
7193,10.2899,124.0112,2017,2016-02-15,2017-02-14,13.129999999999999,0.0,6.0,0.0,0.14,4.5,0.7471698113207548,1.59,7,False
7205,11.2369,119.357,2013,2012-04-30,2013-04-30,15.315000000000001,1.5,5.0,0.0,0.0,0.0,0.032499999999999994,1.05,0,False
7205,11.2369,119.357,2014,2013-03-18,2014-03-18,16.875,,3.3,0.0,0.0,0.92,0.24641509433962266,1.29,0,False
7206,12.3072,121.3622,2013,2012-06-23,2013-06-23,14.6875,10.5,4.9,1.26,1.26,1.26,0.3349056603773584,1.53,0,False
7206,12.3072,121.3622,2016,2015-04-27,2016-04-26,31.880000000000003,,8.3,0.0,0.0,1.78,0.5713207547169811,1.33,0,False
7283,9.0564,123.1084,2015,2014-02-28,2015-02-28,17.34,0.25,6.5,0.0,0.0,0.0,0.12358490566037737,0.86,0,True
7284,9.0564,123.1362,2016,2015-06-23,2016-06-22,22.967499999999998,0.0,7.5,0.0,0.0,0.0,0.09075471698113209,0.78,0,True
7285,9.0752,123.1647,2015,2014-03-03,2015-03-03,12.1875,1.0,7.5,0.0,0.0,0.0,0.170188679245283,0.9,0,False
7286,9.1074,123.2086,2016,2015-07-09,2016-07-08,3.435,0.0,7.5,0.3,0.3,0.3,0.1718867924528302,0.87,0,False
7287,9.1817,123.2583,2014,2013-12-14,2014-12-14,11.405,0.625,7.0,0.0,0.0,0.0,0.24509433962264152,0.97,0,False
7296,9.7177,118.7504,2013,2012-02-24,2013-02-23,16.875,0.0,5.0,0.0,0.0,0.2,0.27339622641509437,1.28,0,False
7303,9.8948,123.7667,2014,2013-07-24,2014-07-24,16.564999999999998,0.0,10.0,1.63,1.63,1.63,0.30811320754716975,1.43,0,False
7376,10.2494,123.9716,2017,2016-02-17,2017-02-16,20.939999999999998,0.0,7.0,0.0,0.0,4.12,0.7371698113207545,1.56,7,False
7415,10.2994,124.0177,2017,2016-02-15,2017-02-14,11.565,0.0,7.0,0.0,0.14,4.5,0.7471698113207548,1.59,7,False
7420,10.3116,124.0241,2017,2016-02-15,2017-02-14,11.875,0.0,5.0,0.0,0.14,4.51,0.7452830188679247,1.66,7,False
7420,10.3116,124.0241,2017,2016-02-19,2017-02-18,11.405000000000001,0.0,9.25,0.0,0.14,4.51,0.7452830188679247,1.66,7,False
7420,10.3116,124.0241,2017,2016-03-06,2017-03-06,7.1875,0.0,8.0,0.0,0.0,4.51,0.7256603773584908,1.66,7,False
7443,10.9249,119.3379,2013,2012-03-08,2013-03-08,31.4075,0.0,6.5,0.0,0.0,0.15,-0.011698113207547173,0.96,0,False
7443,10.9249,119.3379,2013,2012-05-05,2013-05-05,37.81,0.0,4.5,0.0,0.0,0.15,0.08037735849056603,1.2,0,False
7444,10.9249,119.3379,2014,2013-03-12,2014-03-12,36.875,0.75,4.5,0.0,0.0,0.14,0.25698113207547174,1.2,0,False
7444,10.9249,119.3379,2016,2015-04-22,2016-04-21,34.375,0.0,6.0,0.0,0.0,1.79,0.23207547169811316,1.1,0,False
7445,10.9812,119.2983,2013,2012-05-04,2013-05-04,40.155,0.375,6.25,0.0,0.0,0.14,0.036792452830188685,1.14,0,False
7445,10.9812,119.2983,2014,2013-03-12,2014-03-12,35.625,0.0,5.0,0.0,0.0,0.14,0.24113207547169813,1.19,0,False
7445,10.9812,119.2983,2016,2015-04-21,2016-04-20,31.880000000000003,1.75,6.0,0.0,0.0,2.15,0.1445283018867925,1.11,0,False
7448,10.9862,119.3074,2013,2012-05-05,2013-05-05,40.3125,3.125,7.5,0.0,0.0,0.0,0.047924528301886794,1.12,0,False
7448,10.9862,119.3074,2014,2013-03-11,2014-03-11,36.25,0.0,5.0,0.0,0.0,0.14,0.24056603773584906,1.2,0,False
7448,10.9862,119.3074,2016,2015-04-21,2016-04-20,42.815,0.0,5.0,0.0,0.0,1.94,0.15660377358490565,1.08,0,False
7450,10.9897,119.2969,2013,2012-05-04,2013-05-04,37.185,6.375,6.0,0.0,0.0,0.14,0.036792452830188685,1.14,0,False
7450,10.9897,119.2969,2014,2013-03-13,2014-03-13,40.0,2.0,5.0,0.0,0.0,0.14,0.21339622641509434,1.19,0,False
7450,10.9897,119.2969,2016,2015-04-21,2016-04-20,35.0,0.0,6.5,0.0,0.0,2.15,0.1445283018867925,1.11,0,False
7455,10.9922,119.3011,2013,2012-05-03,2013-05-03,35.7825,3.5,6.25,0.0,0.0,0.0,0.047924528301886794,1.12,0,False
7455,10.9922,119.3011,2014,2013-03-13,2014-03-13,31.56,7.0,5.0,0.0,0.0,0.14,0.21358490566037744,1.2,0,False
7455,10.9922,119.3011,2016,2015-04-21,2016-04-20,33.435,0.25,4.5,0.0,0.0,1.94,0.15660377358490565,1.08,0,False
7461,11.016,119.3093,2013,2012-05-06,2013-05-06,12.5,0.0,3.0,0.0,0.0,0.0,0.05000000000000001,1.11,0,False
7461,11.016,119.3093,2014,2013-03-15,2014-03-15,21.565,7.0,3.0,0.0,0.0,0.44,0.2177358490566038,1.22,0,False
7461,11.016,119.3093,2016,2015-04-21,2016-04-20,32.5,0.0,3.0,0.0,0.0,2.25,0.14622641509433962,1.09,0,False
7475,11.1436,119.3087,2013,2012-04-28,2013-04-28,23.9075,0.0,6.0,0.0,0.0,0.0,0.03849056603773584,1.07,0,False
7475,11.1436,119.3087,2014,2013-03-19,2014-03-19,31.72,3.875,5.5,0.0,0.0,0.45,0.22999999999999998,1.25,0,False
7480,11.1722,119.3813,2013,2012-01-06,2013-01-05,16.565,0.0,4.5,0.0,0.0,0.0,0.03849056603773585,0.96,0,False
7480,11.1722,119.3813,2014,2013-03-18,2014-03-18,30.625,1.5,5.0,0.0,0.0,0.76,0.23603773584905663,1.29,0,False
7481,11.1774,119.3749,2013,2012-01-06,2013-01-05,13.44,0.75,4.5,0.0,0.0,0.0,0.03849056603773585,0.96,0,False
7481,11.1774,119.3749,2014,2013-03-19,2014-03-19,30.314999999999998,1.5,5.0,0.0,0.0,0.76,0.23603773584905663,1.29,0,False
7490,11.1916,119.3917,2013,2012-05-02,2013-05-02,24.69,0.0,5.0,0.0,0.0,0.0,0.050188679245283016,1.13,0,False
7490,11.1916,119.3917,2014,2013-03-17,2014-03-17,18.435,0.0,3.7,0.0,0.0,0.76,0.23603773584905663,1.29,0,False
7491,11.1955,119.395,2013,2012-04-29,2013-04-29,17.81,1.5,4.0,0.0,0.0,0.0,0.03849056603773585,1.04,0,False
7491,11.1955,119.395,2014,2013-03-17,2014-03-17,25.935,0.75,3.0,0.0,0.0,0.76,0.23603773584905663,1.29,0,False
7496,11.2101,119.3774,2013,2012-04-30,2013-04-30,16.875,0.0,4.5,0.0,0.0,0.0,0.032499999999999994,1.05,0,False
7496,11.2101,119.3774,2014,2013-03-18,2014-03-18,25.314999999999998,0.75,3.0,0.0,0.0,0.92,0.24641509433962266,1.29,0,False
7505,11.2275,119.3642,2013,2012-03-15,2013-03-15,14.685,1.5,5.5,0.0,0.0,0.0,-0.02547169811320754,0.91,0,False
7505,11.2275,119.3642,2014,2013-03-19,2014-03-19,18.75,7.0,3.0,0.0,0.0,0.92,0.24641509433962266,1.29,0,False
7505,11.2275,119.3642,2015,2014-09-25,2015-09-25,12.5,4.0,5.2,0.66,2.64,2.64,0.16716981132075473,1.34,0,False
7508,11.2618,119.6764,2013,2012-05-09,2013-05-09,30.935,12.5,5.0,0.0,0.0,0.0,0.1490566037735849,1.36,0,False
7508,11.2618,119.6764,2014,2013-03-30,2014-03-30,30.935,15.75,5.0,0.0,0.0,0.77,0.24169811320754714,1.36,0,False
7508,11.2618,119.6764,2015,2014-04-14,2015-04-14,31.25,0.75,5.0,0.0,0.0,1.35,0.20226415094339623,1.24,0,False
7508,11.2618,119.6764,2016,2015-03-22,2016-03-21,31.565,0.0,5.0,0.0,0.0,2.26,0.3171698113207548,1.31,0,False
7509,11.2618,119.7001,2013,2012-05-07,2013-05-07,30.630000000000003,0.0,3.0,0.0,0.0,0.0,0.13961538461538459,1.39,0,False
7509,11.2618,119.7001,2014,2013-03-30,2014-03-30,34.065,0.5,5.0,0.0,0.0,0.94,0.2539622641509434,1.39,0,False
7509,11.2618,119.7001,2015,2014-04-15,2015-04-15,25.935,0.0,5.0,0.0,0.0,1.53,0.21339622641509437,1.29,0,False
7509,11.2618,119.7001,2016,2015-03-22,2016-03-21,19.69,0.0,5.0,0.0,0.0,2.14,0.33716981132075474,1.37,0,False
7510,11.268,119.6643,2013,2012-05-08,2013-05-08,30.619999999999997,0.0,5.0,0.0,0.0,0.0,0.1490566037735849,1.36,0,False
7510,11.268,119.6643,2014,2013-03-29,2014-03-29,26.25,4.75,6.0,0.0,0.0,0.77,0.24169811320754714,1.36,0,False
7510,11.268,119.6643,2015,2014-04-14,2015-04-14,21.25,0.0,6.0,0.0,0.0,1.35,0.20226415094339623,1.24,0,False
7510,11.268,119.6643,2016,2015-03-22,2016-03-21,25.310000000000002,0.0,6.0,0.0,0.0,2.26,0.3171698113207548,1.31,0,False
7520,11.3126,119.6647,2013,2012-05-08,2013-05-08,28.44,0.75,5.0,0.0,0.0,0.0,0.13415094339622644,1.36,0,False
7520,11.3126,119.6647,2014,2013-03-29,2014-03-29,26.565,0.0,5.0,0.0,0.0,0.78,0.2415094339622642,1.36,0,False
7520,11.3126,119.6647,2015,2014-04-15,2015-04-15,21.25,0.0,5.0,0.0,0.0,1.53,0.18886792452830192,1.28,0,False
7525,11.3219,124.1078,2015,2014-10-05,2015-10-05,21.87,0.0,3.5,0.15,0.6900000000000001,0.6900000000000001,0.1526415094339623,1.52,0,False
7534,11.3343,124.1252,2015,2014-10-05,2015-10-05,20.31,0.0,4.0,0.15,0.6900000000000001,0.6900000000000001,0.1526415094339623,1.52,0,False
7535,11.3344,124.1244,2015,2014-10-27,2015-10-27,24.685,0.0,3.2,0.0,0.6900000000000001,0.6900000000000001,0.16584905660377358,1.52,0,False
7536,11.3351,124.1093,2016,2015-08-11,2016-08-10,19.37,3.5,9.0,4.57,4.57,4.57,0.6800000000000003,1.46,0,False
7543,11.4836,119.8804,2013,2012-05-10,2013-05-10,37.81,2.25,5.0,0.15,0.15,0.15,0.14150943396226415,1.43,0,False
7543,11.4836,119.8804,2014,2013-03-28,2014-03-28,33.44,8.5,5.0,0.0,0.0,1.76,0.28867924528301886,1.43,0,False
7543,11.4836,119.8804,2015,2014-04-13,2015-04-13,32.815,0.75,5.0,0.0,0.0,2.93,0.21566037735849058,1.4,0,False
7543,11.4836,119.8804,2016,2015-03-21,2016-03-20,31.565,0.0,5.0,0.0,0.0,2.85,0.34773584905660376,1.6,0,False
7544,11.4887,119.8828,2013,2012-05-10,2013-05-10,36.56,1.5,4.0,0.15,0.15,0.15,0.14150943396226415,1.43,0,False
7544,11.4887,119.8828,2014,2013-03-28,2014-03-28,37.81,15.25,3.0,0.0,0.0,1.76,0.28867924528301886,1.43,0,False
7544,11.4887,119.8828,2016,2015-03-21,2016-03-20,37.5,0.0,3.0,0.0,0.0,2.85,0.34773584905660376,1.6,0,False
7545,11.4912,119.8741,2013,2012-03-15,2013-03-15,23.125,0.0,4.7,0.0,0.0,0.0,0.059245283018867924,1.21,0,False
7546,11.4959,119.8735,2013,2012-05-09,2013-05-09,34.37,20.0,5.0,0.15,0.15,0.15,0.14150943396226415,1.43,0,False
7546,11.4959,119.8735,2014,2013-03-27,2014-03-27,30.625,4.75,5.0,0.0,0.0,1.76,0.28867924528301886,1.43,0,False
7546,11.4959,119.8735,2015,2014-04-13,2015-04-13,33.75,0.0,5.0,0.0,0.0,2.93,0.21566037735849058,1.4,0,False
7546,11.4959,119.8735,2016,2015-03-21,2016-03-20,31.875,0.0,5.0,0.0,0.0,2.85,0.34773584905660376,1.6,0,False
7556,11.7525,120.1365,2013,2012-02-29,2013-02-28,25.935,0.0,5.0,0.0,0.0,0.0,0.08377358490566035,1.11,0,False
7556,11.7525,120.1365,2014,2013-06-07,2014-06-07,16.564999999999998,9.0,5.0,3.4,3.4,3.4,0.25113207547169814,1.54,0,False
7558,11.7557,120.1426,2013,2012-05-25,2013-05-25,33.75,5.75,4.5,0.85,0.85,0.85,0.19339622641509438,1.49,0,False
7558,11.7557,120.1426,2014,2013-06-06,2014-06-06,23.130000000000003,3.25,5.0,3.4,3.4,3.4,0.25113207547169814,1.54,0,False
7559,11.7648,120.1339,2013,2012-02-29,2013-02-28,36.56,0.0,5.0,0.0,0.0,0.0,0.08377358490566035,1.11,0,False
7559,11.7648,120.1339,2014,2013-06-07,2014-06-07,25.0,16.0,5.0,3.4,3.4,3.4,0.25113207547169814,1.54,0,False
7562,11.7702,120.1373,2013,2012-05-26,2013-05-26,27.5,5.25,5.0,0.85,0.85,0.85,0.19339622641509438,1.49,0,False
7562,11.7702,120.1373,2014,2013-06-06,2014-06-06,19.37,1.5,5.0,3.4,3.4,3.4,0.25113207547169814,1.54,0,False
7580,11.9099,120.0519,2013,2012-02-28,2013-02-27,41.565,0.0,5.0,0.0,0.0,0.0,0.06773584905660378,1.0,0,False
7580,11.9099,120.0519,2014,2013-06-05,2014-06-05,19.689999999999998,0.0,5.5,3.15,3.15,3.15,0.2369811320754717,1.38,0,False
7581,11.9135,120.0367,2013,2012-02-28,2013-02-27,40.94,0.0,5.0,0.0,0.0,0.0,0.0560377358490566,0.97,0,False
7581,11.9135,120.0367,2013,2012-03-01,2013-03-01,30.935,0.0,5.0,0.0,0.0,0.0,0.0560377358490566,0.97,0,False
7581,11.9135,120.0367,2014,2013-05-06,2014-05-06,38.75,12.25,5.0,0.0,0.0,2.25,0.2309433962264151,1.54,0,False
7582,11.9635,120.178,2013,2012-05-24,2013-05-24,34.06,29.25,5.0,0.8300000000000001,0.8300000000000001,0.8300000000000001,0.16716981132075473,1.54,0,False
7582,11.9635,120.178,2014,2013-04-06,2014-04-06,15.625,11.0,7.0,0.0,0.0,2.27,0.29698113207547167,1.54,0,False
7582,11.9635,120.178,2015,2014-10-12,2015-10-12,26.875,0.75,7.0,0.0,2.99,2.99,0.32943396226415095,1.53,0,False
7583,11.9644,120.1823,2013,2012-05-24,2013-05-24,36.870000000000005,34.5,5.0,0.8300000000000001,0.8300000000000001,0.8300000000000001,0.16716981132075473,1.54,0,False
7583,11.9644,120.1823,2014,2013-04-06,2014-04-06,25.94,2.75,5.0,0.0,0.0,2.27,0.29698113207547167,1.54,0,False
7583,11.9644,120.1823,2015,2014-10-12,2015-10-12,19.69,0.0,5.0,0.0,2.99,2.99,0.32943396226415095,1.53,0,False
7584,11.9651,121.9067,2013,2012-03-17,2013-03-17,12.81,0.0,6.0,0.0,0.0,0.32,0.18622641509433968,1.45,0,False
7587,11.9807,121.9028,2016,2015-02-26,2016-02-26,26.869999999999997,0.0,6.4,0.0,0.0,2.63,0.37415094339622645,1.4,0,False
7587,11.9807,121.9028,2016,2015-03-06,2016-03-05,30.315,0.0,6.4,0.0,0.0,2.63,0.37867924528301894,1.4,0,False
7594,12.214,121.2795,2013,2012-06-25,2013-06-25,33.435,0.0,4.0,0.66,0.66,0.66,0.24250000000000002,1.39,0,False
7595,12.2429,121.2824,2013,2012-06-25,2013-06-25,30.31,29.75,6.65,0.66,0.66,0.66,0.24250000000000002,1.39,0,False
7596,12.2633,121.3872,2013,2012-06-26,2013-06-26,25.155,20.125,7.4,0.67,0.67,1.1,0.32377358490566044,1.49,0,False
7597,12.2656,121.2746,2013,2012-06-24,2013-06-24,38.75,22.25,5.1,0.65,0.65,0.77,0.25283018867924534,1.41,0,False
7598,12.3173,121.3587,2013,2012-06-24,2013-06-24,15.0,22.75,4.7,1.26,1.26,1.26,0.3349056603773584,1.53,0,False
7599,12.3829,121.4523,2013,2012-06-26,2013-06-26,19.685,72.0,4.0,1.92,1.92,1.92,0.3637735849056604,1.57,0,False
7600,12.5316,124.1052,2013,2012-05-17,2013-05-17,27.81,4.5,5.0,0.0,0.0,0.16,0.39339622641509436,1.51,0,False
7601,12.5478,124.1188,2013,2012-09-11,2013-09-11,30.619999999999997,4.5,4.5,0.0,0.14,0.14,0.44075471698113206,1.51,0,False
7604,13.2153,120.5278,2016,2015-06-13,2016-06-12,15.3125,3.625,6.75,4.64,4.64,4.64,0.6275471698113209,1.56,7,False
7612,13.4779,120.9717,2014,2013-04-23,2014-04-23,21.25,1.5,12.0,0.0,0.0,1.32,0.11962264150943396,1.44,0,False
7612,13.4779,120.9717,2016,2015-05-07,2016-05-06,16.564999999999998,0.0,3.8,0.0,0.0,0.91,0.2639622641509434,1.27,0,False
7613,13.481,120.9711,2014,2013-04-23,2014-04-23,17.185,0.0,3.8,0.0,0.0,1.32,0.11962264150943396,1.44,0,False
7615,13.514,120.9608,2014,2013-04-22,2014-04-22,21.25,1.5,4.8,0.0,0.0,1.28,0.11773584905660377,1.42,0,False
7615,13.514,120.9608,2016,2015-05-07,2016-05-06,25.0,0.0,6.5,0.0,0.0,0.62,0.27056603773584903,1.26,0,False
7617,13.5197,120.9553,2013,2012-02-24,2013-02-23,30.314999999999998,0.0,4.75,0.0,0.0,0.15,0.10226415094339622,0.88,0,False
7617,13.5197,120.9553,2014,2013-04-22,2014-04-22,31.56,0.75,5.0,0.0,0.0,1.28,0.11773584905660377,1.42,0,False
7620,13.5226,120.9856,2014,2013-04-23,2014-04-23,12.3425,0.375,8.5,0.0,0.0,1.28,0.11773584905660377,1.42,0,False
7628,13.6592,122.7921,2014,2013-10-26,2014-10-26,22.185,5.0,6.0,0.0,6.69,6.69,0.27207547169811325,1.76,21,False
7629,13.6642,120.8686,2014,2013-03-28,2014-03-28,44.375,0.0,5.0,0.0,0.0,0.47,0.1550943396226415,1.31,0,False
7630,13.6882,120.8413,2014,2013-03-29,2014-03-29,32.5,1.5,4.0,0.0,0.0,0.48,0.1533962264150943,1.31,0,False
7631,13.6906,120.8891,2014,2013-05-15,2014-05-15,17.5,0.0,5.0,0.0,0.0,0.47,0.039622641509433974,1.31,0,False
7631,13.6906,120.8891,2017,2016-01-27,2017-01-26,9.375,0.0,6.0,0.0,0.0,2.4,0.4333962264150944,1.34,0,False
7633,13.708,120.8743,2013,2012-04-06,2013-04-06,18.595,1.0,6.5,0.0,0.0,0.14,0.0820754716981132,0.9,0,False
7635,13.7178,120.8725,2013,2012-04-20,2013-04-20,29.22,2.0,6.5,0.0,0.0,0.14,0.09226415094339623,0.95,0,False
7635,13.7178,120.8725,2013,2012-12-20,2013-12-20,32.655,0.375,6.5,0.0,0.0,0.47,0.25943396226415094,1.3,0,False
7635,13.7178,120.8725,2017,2016-01-27,2017-01-26,19.69,0.0,4.5,0.0,0.0,2.29,0.4543396226415095,1.35,0,False
7636,13.7244,120.8804,2017,2016-01-26,2017-01-25,27.81,0.0,5.3,0.0,0.0,2.29,0.4543396226415095,1.35,0,False
7637,13.7282,120.8838,2014,2013-05-15,2014-05-15,29.369999999999997,0.0,5.0,0.0,0.0,0.47,0.05981132075471699,1.3,0,False
7637,13.7282,120.8838,2017,2016-01-26,2017-01-25,24.69,0.0,5.0,0.0,0.0,2.29,0.4543396226415095,1.35,0,False
7638,13.7335,122.8289,2014,2013-10-25,2014-10-25,8.75,0.0,6.0,0.0,6.69,6.69,0.2664150943396226,1.76,21,False
7644,13.8034,120.9116,2014,2013-05-14,2014-05-14,35.0,0.0,5.0,0.0,0.0,0.47,0.08433962264150946,1.29,0,False
7645,13.8139,120.9085,2014,2013-05-14,2014-05-14,32.815,0.0,5.0,0.0,0.0,0.47,0.08433962264150946,1.29,0,False
7647,13.9697,120.6017,2019,2018-07-23,2019-07-23,20.935,21.25,5.4,2.8000000000000003,2.8000000000000003,2.8000000000000003,0.44943396226415094,1.47,0,False
7648,13.9716,120.6017,2014,2013-01-22,2014-01-22,19.685,0.75,6.0,0.0,0.0,2.83,0.40509433962264146,1.37,0,False
7648,13.9716,120.6017,2019,2018-07-23,2019-07-23,22.5,10.0,5.0,2.8000000000000003,2.8000000000000003,2.8000000000000003,0.44943396226415094,1.47,0,False
7650,13.9781,120.6161,2017,2016-01-25,2017-01-24,20.0,0.0,5.0,0.0,0.0,4.18,0.5781132075471698,1.6,0,False
7655,13.9901,120.6224,2017,2016-01-26,2017-01-25,28.435,0.0,5.0,0.0,0.0,4.18,0.5781132075471698,1.6,0,False
7657,14.0201,120.6166,2019,2018-07-23,2019-07-23,40.935,15.0,5.3,3.16,3.16,3.16,0.47264150943396227,1.52,0,False
7660,14.1724,120.5781,2015,2014-02-28,2015-02-28,15.31,0.0,9.2,0.0,0.0,3.91,0.15339622641509434,1.61,0,False
7661,14.1728,120.5807,2015,2014-02-28,2015-02-28,15.620000000000001,0.75,4.6,0.0,0.0,3.91,0.15339622641509434,1.61,0,False
7662,14.1746,120.5954,2015,2014-03-06,2015-03-06,19.065,2.5,4.5,0.0,0.0,3.91,0.14528301886792455,1.61,0,False
7663,14.1758,120.5879,2015,2014-01-26,2015-01-26,12.81,0.0,3.7,0.0,0.0,3.91,0.16641509433962265,1.61,0,False
7664,14.176,120.5876,2015,2014-01-26,2015-01-26,8.125,0.0,5.4,0.0,0.0,3.91,0.16641509433962265,1.61,0,False
7665,14.1762,120.5845,2014,2013-11-27,2014-11-27,22.185,0.0,5.0,0.0,0.0,3.91,0.26264150943396225,1.61,0,False
7666,14.1768,120.5873,2015,2014-03-02,2015-03-02,13.75,0.0,8.5,0.0,0.0,3.91,0.15339622641509434,1.61,0,False
7667,14.1917,120.5867,2015,2014-01-07,2015-01-07,20.31,0.0,5.0,0.0,0.0,3.91,0.17490566037735852,1.61,0,False
7668,14.192,120.5867,2015,2014-01-02,2015-01-02,21.875,0.25,5.0,0.0,0.0,3.91,0.17490566037735852,1.61,0,False
7669,14.1937,120.5859,2014,2013-12-28,2014-12-28,31.25,0.0,4.2,0.0,0.0,3.91,0.2166037735849057,1.61,0,False
7670,14.1972,120.5843,2016,2015-05-02,2016-05-01,35.315,3.5,5.7,0.0,0.0,4.66,0.4767924528301888,1.46,0,False
7676,17.885,-66.9517,2017,2016-06-30,2017-06-30,22.810000000000002,0.0,18.3,0.0,0.0,0.29,0.6571698113207548,1.23,0,False
7676,17.885,-66.9517,2017,2016-10-26,2017-10-26,7.5,2.0,19.0,0.45,0.45,0.45,0.6690566037735849,1.23,0,False
7677,17.8989,-66.0153,2014,2013-05-19,2014-05-19,10.629999999999999,23.75,2.3,0.0,0.0,0.3,0.32547169811320764,1.17,0,False
7677,17.8989,-66.0153,2015,2014-03-13,2015-03-13,3.125,2.0,2.15,0.0,0.0,0.0,0.3011320754716981,1.18,0,False
7678,17.9186,-67.0192,2017,2016-07-05,2017-07-05,3.75,0.0,5.0,0.0,0.0,0.3,0.6652830188679244,1.19,0,False
7678,17.9186,-67.0192,2017,2016-10-27,2017-10-27,3.125,4.25,5.0,0.48,0.48,0.48,0.6824528301886792,1.19,0,False
7679,17.9186,-66.9686,2017,2016-07-13,2017-07-13,16.565,0.0,5.0,0.0,0.0,0.29,0.6730188679245283,1.23,0,False
7679,17.9186,-66.9686,2017,2016-10-26,2017-10-26,4.375,0.25,6.0,0.46,0.46,0.46,0.6811320754716983,1.23,0,False
7680,17.935,-66.8844,2017,2016-06-12,2017-06-12,10.94,0.0,3.3,0.0,0.0,0.46,0.7039622641509433,1.3,0,False
7680,17.935,-66.8844,2017,2016-11-03,2017-11-03,10.0,0.0,3.3,0.3,0.3,0.46,0.6967924528301886,1.3,0,False
7681,17.9553,-67.0531,2017,2016-05-08,2017-05-08,5.630000000000001,0.5,3.3,0.0,0.0,0.6,0.6473584905660377,1.22,0,False
7681,17.9553,-67.0531,2017,2016-05-09,2017-05-09,7.8149999999999995,0.0,10.0,0.0,0.0,0.6,0.6473584905660377,1.22,0,False
7681,17.9553,-67.0531,2017,2016-07-27,2017-07-27,6.875,0.0,8.3,0.0,0.0,0.6,0.6988679245283017,1.22,0,False
7681,17.9553,-67.0531,2017,2016-09-15,2017-09-15,12.5,2.75,3.3,0.8200000000000001,0.8200000000000001,0.8200000000000001,0.7311320754716981,1.22,0,False
7681,17.9553,-67.0531,2017,2016-10-31,2017-10-31,4.375,0.0,8.3,0.97,0.97,0.97,0.6930188679245285,1.22,0,False
7682,18.0882,-65.4619,2015,2014-06-24,2015-06-24,6.25,0.0,6.800000000000001,0.0,0.0,0.0,0.4754716981132076,1.28,0,False
7683,18.3478,-65.5708,2015,2014-03-13,2015-03-13,5.154999999999999,0.0,3.75,0.0,0.0,0.0,0.5250943396226415,1.26,0,False
7683,18.3478,-65.5708,2017,2016-04-11,2017-04-11,5.9399999999999995,0.0,3.8,0.0,0.19,0.99,0.6867924528301885,1.28,0,False
7684,18.4499,-66.0154,2014,2013-06-16,2014-06-16,20.4675,3.75,2.4,0.0,0.0,0.44,0.31698113207547174,1.09,0,False
7685,18.469,-66.0908,2014,2013-06-22,2014-06-22,12.81,5.0,1.3,0.0,0.0,0.44,0.35566037735849043,1.11,0,False
7685,18.469,-66.0908,2015,2014-05-23,2015-05-23,11.407499999999999,0.0,2.45,0.0,0.0,0.14,0.38905660377358486,1.19,0,False
7685,18.469,-66.0908,2016,2015-05-22,2016-05-21,9.69,0.25,2.3,0.0,0.0,0.0,0.5232075471698113,1.07,0,False
7685,18.469,-66.0908,2016,2015-06-03,2016-06-02,4.375,0.0,4.7,0.0,0.0,0.0,0.5337735849056604,1.07,0,False
7685,18.469,-66.0908,2017,2016-04-12,2017-04-12,12.5,0.0,3.5,0.0,0.0,0.3,0.5966037735849056,1.22,0,False
7686,18.4745,-66.1874,2017,2016-04-27,2017-04-27,2.655,7.125,2.9000000000000004,0.0,0.0,0.46,0.6081132075471699,1.24,0,False
7687,18.4829,-66.3424,2014,2013-04-30,2014-04-30,4.22,2.5,3.75,0.0,0.0,0.14,0.33245283018867927,1.05,0,False
7711,17.1661,-62.6353,2013,2012-06-19,2013-06-19,21.56,0.0,11.0,0.0,0.0,2.25,0.4924528301886792,1.3,0,False
7711,17.1661,-62.6353,2014,2013-06-25,2014-06-25,25.0,20.0,12.0,0.0,0.0,0.45,0.39037735849056604,0.91,0,False
7711,17.1661,-62.6353,2015,2014-06-22,2015-06-22,31.25,0.0,14.0,0.0,0.0,0.0,0.38490566037735846,0.98,0,False
7711,17.1661,-62.6353,2017,2016-06-16,2017-06-16,31.565,0.0,14.0,0.0,0.0,2.3000000000000003,0.6647169811320752,1.4,0,False
7711,17.1661,-62.6353,2018,2017-01-14,2018-01-14,20.0,0.0,11.0,0.0,1.07,1.07,0.5928301886792453,1.19,0,False
7711,17.1661,-62.6353,2019,2018-06-09,2019-06-09,19.685000000000002,0.0,11.0,0.0,0.0,0.0,0.18075471698113207,0.7000000000000001,0,False
7712,17.1672,-62.6293,2018,2017-01-17,2018-01-17,27.185,,9.0,0.0,1.07,1.07,0.5981132075471699,1.19,0,False
7713,17.1861,-62.6806,2013,2012-06-18,2013-06-18,18.125,0.0,11.0,0.0,0.0,1.96,0.5025,1.3,0,False
7713,17.1861,-62.6806,2014,2013-06-24,2014-06-24,16.565,0.0,12.0,0.0,0.0,0.45,0.38849056603773585,0.89,0,False
7713,17.1861,-62.6806,2015,2014-06-25,2015-06-25,28.44,0.0,14.0,0.0,0.0,0.0,0.3871698113207548,1.0,0,False
7713,17.1861,-62.6806,2017,2016-06-14,2017-06-14,15.620000000000001,0.0,13.0,0.0,0.0,2.15,0.6679245283018869,1.38,0,False
7713,17.1861,-62.6806,2018,2017-01-14,2018-01-14,16.875,0.0,10.5,0.0,1.37,1.37,0.599811320754717,1.19,0,False
7713,17.1861,-62.6806,2019,2018-06-10,2019-06-10,20.94,0.0,13.0,0.0,0.0,0.0,0.18698113207547173,0.7000000000000001,0,False
7714,17.2157,-62.6232,2018,2017-01-15,2018-01-15,22.814999999999998,0.0,8.0,0.0,0.92,0.92,0.5967924528301886,1.18,0,False
7715,17.2231,-62.6606,2014,2013-06-19,2014-06-19,11.719999999999999,0.0,7.25,0.0,0.0,0.45,0.3866037735849057,0.92,0,False
7715,17.2231,-62.6606,2015,2014-06-18,2015-06-18,17.185000000000002,0.0,8.4,0.0,0.0,0.0,0.3998113207547171,1.0,0,False
7715,17.2231,-62.6606,2017,2016-06-09,2017-06-09,15.625,0.0,13.0,0.0,0.0,2.12,0.6658490566037736,1.43,0,False
7715,17.2231,-62.6606,2018,2017-01-16,2018-01-16,30.0,0.0,9.0,0.0,1.06,1.06,0.5981132075471699,1.17,0,False
7715,17.2231,-62.6606,2019,2018-06-06,2019-06-06,19.375,0.0,12.0,0.0,0.0,0.0,0.1784905660377358,0.6900000000000001,0,False
7717,17.2683,-62.6522,2013,2012-06-11,2013-06-11,18.435,0.0,10.5,0.0,0.0,2.24,0.5221153846153845,1.34,0,False
7725,13.8617,-61.075,2014,2013-04-02,2014-04-02,9.38,0.0,10.0,0.0,0.0,2.35,0.3781132075471698,1.3,0,False
7731,13.8147,-61.0725,2014,2013-04-01,2014-04-01,11.565,0.0,10.0,0.0,0.0,2.5500000000000003,0.3916981132075472,1.32,0,False
7759,1.5688,7.4323,2017,2016-02-26,2017-02-25,9.690000000000001,0.75,7.5,0.0,0.0,0.0,0.4839622641509433,0.97,0,False
7759,1.5688,7.4323,2017,2016-05-18,2017-05-18,8.75,0.0,7.5,0.16,0.16,0.16,0.3552830188679245,0.86,0,False
7759,1.5688,7.4323,2017,2016-09-14,2017-09-14,1.25,0.25,10.5,0.0,0.16,0.16,0.35056603773584905,0.87,0,False
7759,1.5688,7.4323,2018,2017-02-07,2018-02-07,0.62,0.25,8.7,0.0,0.0,0.16,0.28207547169811314,0.9,0,False
7759,1.5688,7.4323,2018,2017-06-12,2018-06-12,1.565,0.25,6.9,0.0,0.0,0.16,0.3549056603773585,1.15,0,False
7759,1.5688,7.4323,2018,2017-10-11,2018-10-11,1.875,0.25,6.2,0.0,0.0,0.0,0.4024528301886793,1.26,0,False
7760,1.6081,7.3369,2017,2016-02-03,2017-02-02,26.560000000000002,1.25,12.0,0.0,0.0,0.0,0.46132075471698114,0.99,0,False
7760,1.6081,7.3369,2017,2016-05-17,2017-05-17,28.439999999999998,0.0,7.5,0.19,0.19,0.19,0.32207547169811324,0.9,0,False
7760,1.6081,7.3369,2017,2016-09-13,2017-09-13,18.12,1.25,8.6,0.0,0.19,0.19,0.33792452830188674,0.92,0,False
7760,1.6081,7.3369,2018,2017-05-11,2018-05-11,11.870000000000001,7.5,11.2,0.0,0.0,0.19,0.31433962264150944,0.93,0,False
7760,1.6081,7.3369,2018,2017-06-02,2018-06-02,18.435000000000002,1.25,13.5,0.0,0.0,0.19,0.31113207547169813,0.96,0,False
7760,1.6081,7.3369,2018,2017-09-29,2018-09-29,20.314999999999998,3.75,8.8,0.0,0.0,0.0,0.3611320754716981,1.02,0,False
7761,1.6988,7.4055,2017,2016-02-02,2017-02-01,15.625,2.5,6.6,0.0,0.0,0.0,0.4864150943396227,1.05,0,False
7761,1.6988,7.4055,2017,2016-06-02,2017-06-02,13.44,1.25,7.5,0.16,0.16,0.16,0.3664150943396226,0.93,0,False
7761,1.6988,7.4055,2017,2016-09-12,2017-09-12,8.44,1.25,6.8,0.0,0.16,0.16,0.369056603773585,0.93,0,False
7761,1.6988,7.4055,2018,2017-05-25,2018-05-25,9.065,23.75,6.9,0.0,0.0,0.16,0.33660377358490573,0.93,0,False
7761,1.6988,7.4055,2018,2017-06-02,2018-06-02,7.815,0.5,6.4,0.0,0.0,0.16,0.3375471698113208,0.98,0,False
7761,1.6988,7.4055,2018,2017-09-21,2018-09-21,1.565,23.75,7.0,0.0,0.0,0.0,0.38773584905660385,1.07,0,False
7838,-10.2694,166.2781,2013,2012-07-29,2013-07-29,11.25,0.0,1.5,0.14,1.04,2.91,0.7562264150943396,1.58,0,False
7838,-10.2694,166.2781,2013,2012-07-30,2013-07-30,13.75,0.0,1.5,0.14,1.04,2.91,0.755769230769231,1.58,0,False
7838,-10.2694,166.2781,2013,2012-08-02,2013-08-02,12.19,,2.0,0.14,1.04,2.91,0.7569811320754719,1.58,0,False
7852,-10.2853,166.2628,2013,2012-08-07,2013-08-07,14.375,0.5,1.0,0.14,1.04,2.91,0.7518867924528303,1.58,0,False
7852,-10.2853,166.2628,2013,2012-08-08,2013-08-08,5.94,1.25,1.0,0.14,1.04,2.91,0.7518867924528303,1.58,0,False
7852,-10.2853,166.2628,2013,2012-08-09,2013-08-09,5.0,1.25,1.0,0.14,1.04,2.91,0.7518867924528303,1.58,0,False
7858,-10.2677,166.2807,2013,2012-07-20,2013-07-20,14.69,1.25,1.0,0.14,1.04,2.91,0.7579245283018867,1.58,0,False
7858,-10.2677,166.2807,2013,2012-07-22,2013-07-22,11.875,5.0,1.5,0.14,1.04,2.91,0.7579245283018867,1.58,0,False
7858,-10.2677,166.2807,2013,2012-07-23,2013-07-23,13.120000000000001,0.25,1.0,0.14,1.04,2.91,0.7559615384615384,1.58,0,False
7860,-10.2625,166.2797,2013,2012-07-22,2013-07-22,17.814999999999998,0.0,2.0,0.14,1.04,2.91,0.7579245283018867,1.58,0,False
7860,-10.2625,166.2797,2013,2012-07-25,2013-07-25,19.06,2.5,2.0,0.14,1.04,2.91,0.7562264150943396,1.58,0,False
7860,-10.2625,166.2797,2013,2012-07-29,2013-07-29,14.370000000000001,0.0,2.0,0.14,1.04,2.91,0.7562264150943396,1.58,0,False
7861,-10.2567,166.2589,2013,2012-07-23,2013-07-23,4.685,0.0,11.0,0.14,1.04,2.91,0.7559615384615384,1.58,0,False
7861,-10.2567,166.2589,2013,2012-07-24,2013-07-24,10.94,0.0,12.0,0.14,1.04,2.91,0.7562264150943396,1.58,0,False
7861,-10.2567,166.2589,2013,2012-07-27,2013-07-27,5.0,7.5,12.0,0.14,1.04,2.91,0.7562264150943396,1.58,0,False
7864,-10.2539,166.2575,2013,2012-07-26,2013-07-26,13.75,0.0,12.0,0.14,1.04,2.91,0.7562264150943396,1.58,0,False
7864,-10.2539,166.2575,2013,2012-07-31,2013-07-31,1.875,0.0,6.0,0.14,1.04,2.91,0.7569811320754719,1.58,0,False
7864,-10.2539,166.2575,2013,2012-08-01,2013-08-01,1.56,0.0,6.0,0.14,1.04,2.91,0.7569811320754719,1.58,0,False
7865,-10.2517,166.2564,2013,2012-07-31,2013-07-31,6.25,0.25,6.0,0.14,1.04,2.91,0.7569811320754719,1.58,0,False
7865,-10.2517,166.2564,2013,2012-08-01,2013-08-01,15.31,0.0,6.0,0.14,1.04,2.91,0.7569811320754719,1.58,0,False
7865,-10.2517,166.2564,2013,2012-08-03,2013-08-03,10.31,0.0,6.0,0.14,1.04,2.91,0.7569811320754719,1.58,0,False
7866,-10.2513,166.2941,2013,2012-08-13,2013-08-13,6.5649999999999995,1.25,8.0,0.14,0.14,2.91,0.745,1.58,0,False
7866,-10.2513,166.2941,2013,2012-08-14,2013-08-14,13.125,0.0,7.5,0.14,0.14,2.91,0.7477358490566038,1.58,0,False
7866,-10.2513,166.2941,2013,2012-08-15,2013-08-15,15.31,0.0,7.5,0.14,0.14,2.91,0.7477358490566038,1.58,0,False
7867,-10.2435,166.2828,2013,2012-08-23,2013-08-23,7.815,1.75,4.0,0.0,0.0,3.08,0.7466037735849057,1.55,0,False
7867,-10.2435,166.2828,2013,2012-08-29,2013-08-29,11.56,0.0,1.95,0.0,0.0,3.08,0.740943396226415,1.55,0,False
7868,-10.2404,166.2793,2013,2012-10-28,2013-10-28,18.75,0.0,7.5,0.0,0.0,3.08,0.6383018867924528,1.4,0,False
7868,-10.2404,166.2793,2013,2012-10-29,2013-10-29,19.375,0.0,7.5,0.0,0.0,3.08,0.6288461538461539,1.4,0,False
7868,-10.2404,166.2793,2013,2012-10-31,2013-10-31,18.125,0.0,8.0,0.0,0.0,3.08,0.6207547169811322,1.4,0,False
7869,-10.2401,166.2799,2013,2012-08-21,2013-08-21,5.9350000000000005,1.75,2.0,0.0,0.0,3.08,0.7466037735849057,1.55,0,False
7869,-10.2401,166.2799,2013,2012-08-22,2013-08-22,3.75,1.25,2.0,0.0,0.0,3.08,0.7466037735849057,1.55,0,False
7869,-10.2401,166.2799,2013,2012-08-23,2013-08-23,7.5,0.75,2.0,0.0,0.0,3.08,0.7466037735849057,1.55,0,False
7870,-10.2324,166.2693,2013,2012-08-22,2013-08-22,11.565,0.0,2.5,0.0,0.0,3.08,0.7466037735849057,1.55,0,False
7870,-10.2324,166.2693,2013,2012-08-23,2013-08-23,16.869999999999997,0.0,2.5,0.0,0.0,3.08,0.7466037735849057,1.55,0,False
7870,-10.2324,166.2693,2013,2012-09-25,2013-09-25,13.44,0.0,2.0,0.0,0.0,3.08,0.6826415094339623,1.4,0,False
7871,-10.2294,166.2553,2013,2012-10-31,2013-10-31,22.5,0.0,2.0,0.0,0.0,3.08,0.6207547169811322,1.4,0,False
7871,-10.2294,166.2553,2013,2012-11-01,2013-11-01,23.75,0.0,1.5,0.0,0.0,3.08,0.6207547169811322,1.4,0,False
7871,-10.2294,166.2553,2013,2012-11-02,2013-11-02,25.619999999999997,0.0,1.5,0.0,0.0,3.08,0.6207547169811322,1.4,0,False
7872,-10.2087,166.2929,2013,2012-10-03,2013-10-03,16.25,1.5,1.5,0.0,0.0,3.08,0.6618867924528303,1.4,0,False
7872,-10.2087,166.2929,2013,2012-10-04,2013-10-04,18.12,1.25,1.5,0.0,0.0,3.08,0.6618867924528303,1.4,0,False
7872,-10.2087,166.2929,2013,2012-10-05,2013-10-05,17.19,0.0,1.5,0.0,0.0,3.08,0.6618867924528303,1.4,0,False
7873,-10.2083,166.2872,2013,2012-10-07,2013-10-07,20.78,0.01,8.5,0.0,0.0,3.08,0.6618867924528303,1.4,0,False
7873,-10.2083,166.2872,2013,2012-10-08,2013-10-08,19.06,1.25,9.0,0.0,0.0,3.08,0.6565384615384615,1.4,0,False
7875,-10.2026,166.2965,2013,2012-09-27,2013-09-27,16.25,1.38,2.0,0.0,0.0,3.08,0.6826415094339623,1.4,0,False
7875,-10.2026,166.2965,2013,2012-09-28,2013-09-28,19.2175,5.25,2.5,0.0,0.0,3.08,0.6826415094339623,1.4,0,False
7878,-10.1975,166.2997,2013,2012-09-04,2013-09-04,41.56,0.0,3.0,0.0,0.0,3.12,0.7403773584905661,1.53,0,False
7878,-10.1975,166.2997,2013,2012-09-28,2013-09-28,24.69,0.375,3.5,0.0,0.0,3.12,0.6915094339622644,1.43,0,False
7878,-10.1975,166.2997,2013,2012-10-06,2013-10-06,21.875,0.75,3.0,0.0,0.0,3.12,0.6709433962264153,1.43,0,False
7879,-10.195,166.2719,2013,2012-10-04,2013-10-04,8.440000000000001,0.0,1.0,0.0,0.0,3.12,0.6709433962264153,1.43,0,False
7879,-10.195,166.2719,2013,2012-10-05,2013-10-05,9.065,0.0,1.0,0.0,0.0,3.12,0.6709433962264153,1.43,0,False
7879,-10.195,166.2719,2013,2012-10-06,2013-10-06,12.81,0.0,1.0,0.0,0.0,3.12,0.6709433962264153,1.43,0,False
7881,-10.1889,166.2808,2013,2012-10-04,2013-10-04,20.625,1.25,1.0,0.0,0.0,3.12,0.6709433962264153,1.43,0,False
7881,-10.1889,166.2808,2013,2012-10-05,2013-10-05,19.065,0.25,1.0,0.0,0.0,3.12,0.6709433962264153,1.43,0,False
7881,-10.1889,166.2808,2013,2012-10-06,2013-10-06,19.369999999999997,0.0,1.0,0.0,0.0,3.12,0.6709433962264153,1.43,0,False
7981,21.9556,120.7119,2016,2015-11-06,2016-11-05,18.44,0.0,5.0,3.12,4.8500000000000005,4.8500000000000005,0.6688679245283018,1.81,7,False
7981,21.9556,120.7119,2016,2015-11-07,2016-11-06,24.375,0.0,10.0,3.12,4.8500000000000005,4.8500000000000005,0.6688679245283018,1.81,7,False
7981,21.9556,120.7119,2017,2016-04-22,2017-04-22,21.880000000000003,0.0,5.5,0.0,0.0,4.8500000000000005,0.6358490566037737,1.81,7,False
7981,21.9556,120.7119,2017,2016-04-23,2017-04-23,32.5,0.0,11.0,0.0,0.0,4.8500000000000005,0.6269230769230771,1.81,7,False
7981,21.9556,120.7119,2017,2016-11-26,2017-11-26,25.78,0.0,7.5,2.15,3.8,3.8,0.5590384615384615,1.83,0,False
7981,21.9556,120.7119,2018,2017-04-14,2018-04-14,25.0,0.0,5.0,0.0,0.0,3.8,0.5443396226415094,1.83,0,False
7981,21.9556,120.7119,2018,2017-04-15,2018-04-15,33.435,0.0,10.0,0.0,0.0,3.8,0.5443396226415094,1.83,0,False
7981,21.9556,120.7119,2018,2017-11-17,2018-11-17,26.0925,0.0,7.5,1.58,2.02,2.02,0.47811320754716985,1.55,0,False
7981,21.9556,120.7119,2019,2018-04-27,2019-04-27,39.375,0.375,7.5,0.0,0.0,2.02,0.7669811320754716,2.13,0,False
7981,21.9556,120.7119,2019,2018-11-16,2019-11-16,29.8425,0.0,7.5,0.0,1.0,1.0,0.7698113207547169,2.13,0,False
7985,22.0379,121.5217,2016,2015-05-01,2016-04-30,11.719999999999999,0.0,7.5,0.0,0.0,0.15,0.4011320754716981,1.54,0,False
7989,22.0662,121.5709,2017,2016-06-10,2017-06-10,24.375,0.125,7.5,0.0,0.0,4.03,0.5016981132075472,1.82,7,False
7990,22.0682,121.5163,2017,2016-06-10,2017-06-10,24.69,0.5,5.0,0.0,0.0,4.05,0.51,1.84,7,False
7990,22.0682,121.5163,2017,2016-06-11,2017-06-11,27.19,0.0,10.0,0.0,0.0,4.05,0.4994230769230769,1.84,7,False
7990,22.0682,121.5163,2018,2017-07-01,2018-07-01,25.0,0.0,7.5,0.14,0.14,2.22,0.6077358490566038,2.11,0,False
7990,22.0682,121.5163,2019,2018-06-30,2019-06-30,24.737499999999997,0.0,7.5,0.0,0.0,0.59,0.6437735849056603,1.77,0,False
7991,22.0705,121.5082,2016,2015-05-01,2016-04-30,10.78,8.75,7.5,0.0,0.0,0.0,0.40264150943396226,1.6,0,False
7993,22.0821,121.5173,2016,2015-05-01,2016-04-30,34.84,8.75,7.5,0.0,0.0,0.0,0.40264150943396226,1.6,0,False
7994,22.0843,121.5533,2017,2016-06-10,2017-06-10,27.8125,0.625,7.5,0.0,0.0,4.03,0.5016981132075472,1.82,7,False
7994,22.0843,121.5533,2018,2017-07-01,2018-07-01,32.6575,0.0,7.5,0.14,0.14,2.23,0.5994339622641509,1.97,0,False
7994,22.0843,121.5533,2019,2018-06-30,2019-06-30,30.0,0.0,7.5,0.0,0.0,0.61,0.6192452830188679,1.73,0,False
7997,22.3231,120.3656,2016,2015-11-24,2016-11-23,3.7474999999999996,0.0,7.5,0.14,4.22,4.22,0.7467924528301887,1.76,7,False
7997,22.3231,120.3656,2018,2017-09-26,2018-09-26,5.6225,0.0,7.5,1.58,1.58,4.5600000000000005,0.6752830188679246,2.15,7,False
7997,22.3231,120.3656,2019,2018-10-30,2019-10-30,6.25,0.0,7.5,1.22,2.07,2.07,0.8935849056603773,2.06,0,False
7998,22.3248,120.3682,2014,2013-10-15,2014-10-15,24.685,0.5,7.5,3.95,3.95,3.95,0.2949056603773585,1.49,0,False
7998,22.3248,120.3682,2015,2014-11-04,2015-11-04,28.75,0.0,7.5,0.0,2.69,2.69,0.2756603773584906,1.74,0,False
7998,22.3248,120.3682,2017,2016-10-31,2017-10-31,8.5925,0.0,7.5,4.5600000000000005,4.5600000000000005,4.5600000000000005,0.6839622641509435,2.14,14,False
8004,22.3493,120.3899,2016,2015-11-24,2016-11-23,4.0625,0.375,7.5,0.14,4.22,4.22,0.7467924528301887,1.76,7,False
8004,22.3493,120.3899,2017,2016-10-31,2017-10-31,7.97,0.0,7.5,4.5600000000000005,4.5600000000000005,4.5600000000000005,0.6839622641509435,2.14,14,False
8004,22.3493,120.3899,2018,2017-09-26,2018-09-26,6.72,0.0,7.5,1.58,1.58,4.5600000000000005,0.6752830188679246,2.15,7,False
8004,22.3493,120.3899,2019,2018-10-30,2019-10-30,6.407500000000001,0.0,7.5,1.22,2.07,2.07,0.8935849056603773,2.06,0,False
8005,22.3539,120.3689,2016,2015-11-24,2016-11-23,19.845,0.625,7.5,0.15,4.07,4.07,0.7577358490566037,1.81,0,False
8006,22.3552,120.3715,2014,2013-10-29,2014-10-29,14.0625,0.25,7.5,2.78,3.71,3.71,0.31716981132075467,1.52,0,False
8006,22.3552,120.3715,2015,2014-11-04,2015-11-04,17.035,0.0,7.5,0.0,3.27,3.27,0.29886792452830185,1.81,0,False
8006,22.3552,120.3715,2017,2016-10-31,2017-10-31,10.0,0.0,10.0,4.72,4.72,4.72,0.6828301886792454,2.11,14,False
8006,22.3552,120.3715,2017,2016-11-15,2017-11-15,31.56,0.0,5.0,2.39,4.72,4.72,0.6820754716981133,2.11,14,False
8006,22.3552,120.3715,2018,2017-09-26,2018-09-26,17.03,0.0,7.5,1.57,1.57,4.72,0.6752830188679246,2.19,7,False
8006,22.3552,120.3715,2019,2018-10-30,2019-10-30,16.25,0.0,7.5,1.38,2.21,2.21,0.9054716981132075,2.01,0,False
8008,22.6375,121.4911,2016,2015-06-07,2016-06-06,26.244999999999997,0.25,7.5,0.0,0.0,0.16,0.45207547169811324,1.93,0,False
8008,22.6375,121.4911,2018,2017-04-23,2018-04-23,14.219999999999999,0.0,7.5,0.0,0.0,3.83,0.5435849056603774,2.13,0,False
8008,22.6375,121.4911,2019,2018-04-13,2019-04-13,14.5275,0.0,7.5,0.0,0.0,1.22,0.7707547169811318,1.71,0,False
8010,22.6547,121.4698,2016,2015-06-07,2016-06-06,6.405,0.0,7.5,0.0,0.0,0.16,0.44830188679245286,1.92,0,False
8010,22.6547,121.4698,2018,2017-04-23,2018-04-23,10.157499999999999,0.0,7.5,0.0,0.0,4.18,0.5418867924528302,2.14,7,False
8010,22.6547,121.4698,2019,2018-04-13,2019-04-13,8.125,0.0,7.5,0.0,0.0,1.83,0.7686792452830188,1.72,0,False
8014,22.6775,121.4975,2017,2016-04-17,2017-04-17,20.94,0.0,7.5,0.0,0.0,4.32,0.6673584905660377,1.77,7,False
8016,22.6778,121.4822,2015,2014-06-20,2015-06-20,29.53,0.0,7.5,0.0,0.0,2.5,0.12867924528301888,1.44,0,False
8016,22.6778,121.4822,2017,2016-04-17,2017-04-17,30.1575,0.0,7.5,0.0,0.0,4.32,0.6673584905660377,1.77,7,False
8017,22.6796,121.483,2014,2013-06-01,2014-06-01,29.375,0.0,7.5,0.0,0.0,1.56,0.1220754716981132,1.28,0,False
8017,22.6796,121.483,2016,2015-06-07,2016-06-06,26.8725,0.0,7.5,0.0,0.0,0.16,0.44830188679245286,1.92,0,False
8017,22.6796,121.483,2018,2017-04-23,2018-04-23,32.5,0.0,7.5,0.0,0.0,4.18,0.5418867924528302,2.14,7,False
8018,22.6798,121.4891,2017,2016-04-17,2017-04-17,25.0,0.0,7.5,0.0,0.0,4.32,0.6673584905660377,1.77,7,False
8019,22.8271,121.1918,2017,2016-09-23,2017-09-23,22.19,0.0,6.0,1.48,1.48,2.41,0.4818867924528301,1.59,0,False
8019,22.8271,121.1918,2018,2017-05-12,2018-05-12,22.189999999999998,0.0,8.4,0.0,0.0,2.46,0.4433962264150944,2.0,0,False
8019,22.8271,121.1918,2019,2018-06-08,2019-06-08,26.25,0.0,6.5,0.0,0.0,1.17,0.7139622641509433,1.82,0,False
8020,22.8297,121.1889,2017,2016-09-23,2017-09-23,14.375,0.0,4.0,1.48,1.48,2.41,0.4818867924528301,1.59,0,False
8022,23.1164,121.3971,2014,2013-09-13,2014-09-13,19.372500000000002,0.0,6.0,1.39,1.39,1.39,0.01962264150943396,1.56,0,False
8022,23.1164,121.3971,2016,2015-11-16,2016-11-15,18.435,0.0,5.85,0.93,1.12,1.12,0.478867924528302,1.75,0,False
8022,23.1164,121.3971,2017,2016-05-07,2017-05-07,23.2825,0.0,6.0,0.0,0.0,1.12,0.4909615384615385,1.75,0,False
8022,23.1164,121.3971,2018,2017-05-12,2018-05-12,22.342499999999998,0.0,6.5,0.0,0.0,0.0,0.36452830188679247,1.71,0,False
8022,23.1164,121.3971,2019,2018-05-04,2019-05-04,17.5,0.0,6.25,0.0,0.0,0.49,0.579433962264151,1.75,0,False
8022,23.1164,121.3971,2019,2018-11-10,2019-11-10,23.75,0.0,4.0,0.46,0.79,0.79,0.6437735849056602,1.75,0,False
8025,23.2549,119.5128,2016,2015-08-28,2016-08-27,4.06,0.25,5.0,3.0700000000000003,3.0700000000000003,3.0700000000000003,0.6247169811320756,1.62,0,False
8025,23.2549,119.5128,2017,2016-06-24,2017-06-24,4.06,0.0,4.3,0.0,0.0,3.0700000000000003,0.7358490566037735,1.71,0,False
8025,23.2549,119.5128,2018,2017-06-09,2018-06-09,6.56,0.0,7.3,0.0,0.0,2.33,0.6860377358490565,2.25,0,False
8025,23.2549,119.5128,2019,2018-06-15,2019-06-15,6.875,0.0,7.9,0.0,0.0,1.22,1.0035849056603772,3.27,0,False
8026,23.2586,119.5124,2016,2015-08-28,2016-08-27,31.869999999999997,0.0,3.5,3.0700000000000003,3.0700000000000003,3.0700000000000003,0.6247169811320756,1.62,0,False
8027,23.2588,119.5186,2016,2015-08-28,2016-08-27,25.0,0.25,5.5,3.0700000000000003,3.0700000000000003,3.0700000000000003,0.6247169811320756,1.62,0,False
8028,23.2603,119.5196,2017,2016-06-24,2017-06-24,12.185,0.0,3.3,0.0,0.0,3.0700000000000003,0.7358490566037735,1.71,0,False
8028,23.2603,119.5196,2018,2017-06-09,2018-06-09,26.25,0.0,8.1,0.0,0.0,2.33,0.6860377358490565,2.25,0,False
8029,23.2644,119.5163,2017,2016-06-24,2017-06-24,29.69,0.0,5.9,0.0,0.0,3.0700000000000003,0.7358490566037735,1.71,0,False
8029,23.2644,119.5163,2018,2017-06-09,2018-06-09,32.5,0.0,5.3,0.0,0.0,2.33,0.6860377358490565,2.25,0,False
8029,23.2644,119.5163,2019,2018-06-15,2019-06-15,33.120000000000005,0.0,4.6,0.0,0.0,1.22,1.0035849056603772,3.27,0,False
8031,23.4841,121.5138,2016,2015-06-27,2016-06-26,19.375,0.0,6.4,0.0,0.0,0.0,0.4579245283018868,1.7,0,False
8031,23.4841,121.5138,2017,2016-05-01,2017-05-01,20.310000000000002,0.0,7.0,0.0,0.0,2.12,0.6624528301886793,1.85,0,False
8031,23.4841,121.5138,2018,2017-05-13,2018-05-13,20.315,0.0,9.0,0.0,0.0,1.23,0.4713207547169812,1.82,0,False
8031,23.4841,121.5138,2019,2018-05-05,2019-05-05,16.564999999999998,0.0,10.0,0.0,0.0,1.14,0.6979245283018868,1.88,0,False
8036,23.6544,121.5439,2017,2016-08-10,2017-08-10,13.129999999999999,0.0,2.5,1.11,1.11,2.4,0.5575471698113208,1.85,0,True
8038,25.1134,121.9198,2016,2015-05-29,2016-05-28,19.5325,0.25,7.5,0.0,0.0,0.0,0.25754716981132075,1.72,0,False
8038,25.1134,121.9198,2017,2016-07-02,2017-07-02,24.064999999999998,0.0,7.5,0.0,0.0,4.08,0.5757692307692308,2.2,0,False
8038,25.1134,121.9198,2018,2017-05-25,2018-05-25,25.4675,0.375,7.5,0.0,0.0,3.08,0.8179245283018868,2.64,0,False
8038,25.1134,121.9198,2019,2018-07-06,2019-07-06,15.469999999999999,0.0,7.5,0.0,0.0,4.75,0.6845283018867925,2.64,7,False
8039,25.1135,121.92,2016,2015-05-29,2016-05-28,26.7175,0.0,7.5,0.0,0.0,0.0,0.25754716981132075,1.72,0,False
8039,25.1135,121.92,2017,2016-07-02,2017-07-02,23.122500000000002,0.0,7.5,0.0,0.0,4.08,0.5757692307692308,2.2,0,False
8039,25.1135,121.92,2018,2017-05-25,2018-05-25,26.877499999999998,0.0,7.5,0.0,0.0,3.08,0.8179245283018868,2.64,0,False
8039,25.1135,121.92,2019,2018-07-06,2019-07-06,16.875,0.0,7.5,0.0,0.0,4.75,0.6845283018867925,2.64,7,False
8040,25.1158,121.917,2017,2016-05-13,2017-05-13,24.845,0.0,6.25,0.0,0.0,4.08,0.7109433962264151,2.2,0,False
8040,25.1158,121.917,2018,2017-05-26,2018-05-26,25.0,0.0,7.5,0.0,0.0,3.08,0.8179245283018868,2.64,0,False
8040,25.1158,121.917,2019,2018-07-07,2019-07-07,16.875,0.0,7.5,0.0,0.0,4.75,0.6845283018867925,2.64,7,False
8041,25.1256,121.9149,2014,2013-06-14,2014-06-14,19.38,0.0,5.0,0.0,0.0,2.21,0.07867924528301887,1.48,0,False
8041,25.1256,121.9149,2015,2014-07-04,2015-07-04,19.685,0.0,4.9,0.0,0.0,5.0200000000000005,0.31698113207547174,2.19,7,False
8041,25.1256,121.9149,2016,2015-04-24,2016-04-23,27.81,0.0,2.7,0.0,0.0,0.0,0.20037735849056607,1.72,0,False
8041,25.1256,121.9149,2017,2016-05-20,2017-05-20,19.69,0.0,5.0,0.0,0.0,4.08,0.6975471698113207,2.2,0,False
8041,25.1256,121.9149,2017,2016-08-12,2017-08-12,29.065,25.0,3.5,1.48,1.48,4.08,0.5807547169811321,2.2,0,False
8041,25.1256,121.9149,2019,2018-05-11,2019-05-11,21.56,0.0,5.0,0.0,0.0,4.75,0.7277358490566039,2.64,7,False
8043,25.135,121.8206,2016,2015-05-30,2016-05-29,9.84,0.0,7.5,0.0,0.0,0.0,0.23490566037735855,1.71,0,False
8044,25.1356,121.8219,2017,2016-07-01,2017-07-01,14.84,0.0,8.0,0.0,0.0,4.01,0.5043396226415093,2.37,0,False
8044,25.1356,121.8219,2018,2017-07-07,2018-07-07,14.065,0.0,5.0,0.0,0.0,2.98,0.8183018867924527,2.68,0,False
8044,25.1356,121.8219,2019,2018-07-10,2019-07-10,13.9075,0.0,7.5,0.0,0.0,4.25,0.6318867924528302,2.42,0,False
8046,25.1453,121.8061,2017,2016-08-19,2017-08-19,17.505,1.0,7.5,1.6,1.6,4.01,0.4818867924528302,2.37,0,False
8046,25.1453,121.8061,2018,2017-08-19,2018-08-19,19.69,0.0,10.0,2.51,2.51,2.98,0.8067924528301886,2.68,0,False
8046,25.1453,121.8061,2019,2018-06-02,2019-06-02,19.06,0.0,10.0,0.0,0.0,4.25,0.6301886792452831,2.42,0,False
8048,25.2074,121.6955,2016,2015-05-16,2016-05-15,16.7175,1.5,7.5,0.0,0.0,0.0,0.21528301886792453,1.92,0,False
8048,25.2074,121.6955,2016,2015-08-14,2016-08-13,11.25,0.0,7.5,3.09,3.09,3.09,0.34735849056603774,1.92,0,False
8049,25.2079,121.6946,2017,2016-08-13,2017-08-13,24.0625,0.0,7.5,2.84,2.84,4.89,0.49134615384615393,2.66,7,False
8049,25.2079,121.6946,2018,2017-05-20,2018-05-20,28.905,0.0,7.75,0.0,0.0,4.0,0.789622641509434,2.83,0,False
8049,25.2079,121.6946,2018,2017-07-07,2018-07-07,11.25,0.0,10.0,0.0,0.0,4.0,0.8545283018867925,2.83,0,False
8049,25.2079,121.6946,2019,2018-05-12,2019-05-12,24.6875,0.0,7.5,0.0,0.0,4.0,0.6809433962264152,2.16,0,False
8055,22.0398,121.5198,2014,2013-05-02,2014-05-02,26.875,0.0,7.5,0.0,0.0,1.41,0.08603773584905663,1.8,0,False
8056,22.051,121.5111,2014,2013-05-02,2014-05-02,21.095,0.0,7.5,0.0,0.0,1.09,0.08622641509433963,1.77,0,False
8057,22.0811,121.5297,2015,2014-05-03,2015-05-03,23.28,0.0,7.5,0.0,0.0,2.77,0.09584905660377359,1.49,0,False
8058,22.0822,121.5178,2015,2014-05-03,2015-05-03,28.595,0.0,7.5,0.0,0.0,2.77,0.09584905660377359,1.49,0,False
8059,22.0831,121.5578,2015,2014-05-03,2015-05-03,31.7175,0.0,7.5,0.0,0.0,2.93,0.1018867924528302,1.48,0,False
8060,22.345,120.3898,2014,2013-10-15,2014-10-15,9.53,1.0,7.5,3.95,3.95,3.95,0.2949056603773585,1.49,0,False
8060,22.345,120.3898,2015,2014-11-04,2015-11-04,7.185,0.0,7.5,0.0,2.69,2.69,0.2756603773584906,1.74,0,False
8063,22.6439,121.48,2015,2014-06-20,2015-06-20,24.8425,0.0,7.5,0.0,0.0,2.5,0.13301886792452827,1.42,0,False
8063,22.6439,121.48,2019,2018-04-13,2019-04-13,17.97,0.0,7.5,0.0,0.0,1.22,0.7707547169811318,1.71,0,False
8065,22.6548,121.4735,2014,2013-06-01,2014-06-01,9.22,0.0,7.5,0.0,0.0,1.56,0.1220754716981132,1.28,0,False
8066,22.6583,121.4711,2015,2014-06-20,2015-06-20,9.685,0.0,7.5,0.0,0.0,2.5,0.12867924528301888,1.44,0,False
8068,22.6776,121.4982,2014,2013-06-01,2014-06-01,28.28,0.0,7.5,0.0,0.0,1.56,0.1220754716981132,1.28,0,False
8071,22.8634,121.2101,2014,2013-09-12,2014-09-12,28.125,0.0,5.0,1.7,1.7,1.7,0.033207547169811315,1.52,0,False
8072,23.2535,119.5129,2015,2014-09-03,2015-09-03,3.125,0.0,3.5,0.79,0.79,2.15,0.3290566037735849,1.72,0,False
8074,23.2561,119.517,2014,2013-07-19,2014-07-19,12.185,0.0,5.0,1.07,1.07,1.07,0.26,1.5,0,False
8075,23.2572,119.5098,2015,2014-09-03,2015-09-03,24.375,0.0,4.0,0.79,0.79,2.15,0.3290566037735849,1.72,0,False
8076,23.2735,119.5074,2014,2013-07-19,2014-07-19,6.869999999999999,0.0,5.5,1.07,1.07,1.07,0.26,1.5,0,False
8076,23.2735,119.5074,2015,2014-09-03,2015-09-03,12.81,0.0,3.0,0.79,0.79,2.15,0.3290566037735849,1.72,0,False
8077,23.2757,119.5049,2014,2013-07-19,2014-07-19,25.630000000000003,0.0,5.0,1.07,1.07,1.07,0.26,1.5,0,False
8078,23.4834,121.5149,2014,2013-09-14,2014-09-14,17.814999999999998,1.75,10.0,3.3000000000000003,3.3000000000000003,3.3000000000000003,0.1067924528301887,1.62,0,False
8079,25.1134,121.9193,2014,2013-07-06,2014-07-06,22.1875,0.0,7.5,0.0,0.0,2.21,0.06339622641509435,1.48,0,False
8079,25.1134,121.9193,2015,2014-06-14,2015-06-14,17.9675,0.0,7.5,0.0,0.0,5.0200000000000005,0.260566037735849,2.19,7,False
8080,25.1138,121.9202,2014,2013-07-06,2014-07-06,29.220000000000002,0.0,7.5,0.0,0.0,2.21,0.06339622641509435,1.48,0,False
8080,25.1138,121.9202,2015,2014-06-14,2015-06-14,29.380000000000003,0.0,7.5,0.0,0.0,5.0200000000000005,0.260566037735849,2.19,7,False
8081,25.1355,121.8202,2014,2013-07-05,2014-07-05,17.1875,0.0,7.5,0.0,0.0,2.02,-0.049245283018867936,1.5,0,False
8081,25.1355,121.8202,2015,2014-09-23,2015-09-23,21.25,0.0,7.5,0.0,0.0,4.0,0.06603773584905659,1.51,0,False
8082,25.2115,121.6988,2014,2013-08-17,2014-08-17,13.7525,0.0,7.5,2.5500000000000003,2.5500000000000003,2.5500000000000003,-0.13867924528301892,1.41,0,False
8082,25.2115,121.6988,2015,2014-08-16,2015-08-16,12.8125,0.0,7.5,0.0,0.0,3.8,0.24396226415094344,2.14,0,False
8235,10.0685,99.8167,2018,2017-02-12,2018-02-12,27.5,3.25,6.199999999999999,0.0,0.0,0.45,0.480566037735849,1.54,0,False
8236,10.1163,99.7287,2018,2017-02-08,2018-02-08,24.53,0.0,5.65,0.0,0.0,0.46,0.49188679245283023,1.49,0,False
8238,10.1228,99.835,2013,2012-06-10,2013-06-10,36.7175,10.0,6.5,1.39,1.39,1.39,0.590566037735849,2.04,0,False
8238,10.1228,99.835,2013,2012-10-10,2013-10-10,27.5,0.0,4.5,0.0,1.39,1.39,0.6109433962264151,2.04,0,False
8238,10.1228,99.835,2014,2013-03-13,2014-03-13,34.0625,0.0,7.0,0.0,0.0,1.39,0.019245283018867937,1.26,0,False
8238,10.1228,99.835,2014,2013-05-28,2014-05-28,37.6525,43.75,7.5,2.06,2.06,2.06,-0.005660377358490571,1.38,0,False
8238,10.1228,99.835,2014,2013-06-30,2014-06-30,32.8125,24.375,7.5,2.79,2.79,2.79,0.045660377358490566,1.52,0,False
8238,10.1228,99.835,2018,2017-03-13,2018-03-13,10.31,2.0,5.0,0.0,0.0,0.45,0.5000000000000001,1.59,0,False
8238,10.1228,99.835,2018,2017-03-15,2018-03-15,15.625,5.0,8.0,0.0,0.0,0.45,0.5000000000000001,1.59,0,False
8278,7.6916,98.7675,2013,2012-06-21,2013-06-21,9.69,0.0,4.0,0.15,0.15,0.15,0.5962264150943396,1.74,0,False
8278,7.6916,98.7675,2014,2013-06-22,2014-06-22,7.81,5.0,5.0,1.27,1.27,1.27,0.1277358490566038,1.07,0,False
8278,7.6916,98.7675,2015,2014-06-22,2015-06-22,11.56,0.5,5.0,0.96,0.96,1.27,0.4801886792452831,1.63,0,False
8278,7.6916,98.7675,2016,2015-06-21,2016-06-20,10.0,63.75,4.0,5.13,5.13,5.13,0.7556603773584907,1.68,7,False
8278,7.6916,98.7675,2017,2016-06-19,2017-06-19,13.75,0.0,4.0,0.74,0.74,5.13,0.4164150943396226,1.14,0,False
8306,10.0719,99.8405,2014,2013-01-24,2014-01-24,18.125,0.0,5.5,0.0,0.0,1.4,0.16018867924528302,1.27,0,False
8306,10.0719,99.8405,2018,2017-10-17,2018-10-17,14.53,0.5,6.25,0.0,0.61,0.61,0.31094339622641515,1.18,0,False
8307,10.085,99.8236,2013,2012-05-11,2013-05-11,23.125,2.0,5.0,0.0,0.0,0.0,0.5396226415094341,1.98,0,False
8307,10.085,99.8236,2013,2012-10-11,2013-10-11,21.25,0.0,5.0,0.0,1.4,1.4,0.6101886792452829,1.98,0,False
8307,10.085,99.8236,2014,2013-02-13,2014-02-13,22.814999999999998,0.0,5.0,0.0,0.0,1.4,0.079622641509434,1.27,0,False
8307,10.085,99.8236,2014,2013-05-26,2014-05-26,21.87,45.0,5.0,2.06,2.06,2.06,-0.008867924528301903,1.42,0,False
8308,10.0898,99.8423,2014,2013-07-07,2014-07-07,28.5925,10.625,6.5,2.77,2.77,2.77,0.05867924528301886,1.52,0,False
8312,10.1167,99.8444,2013,2012-01-18,2013-01-17,19.375,0.0,6.75,0.0,0.0,0.0,0.48339622641509433,2.04,0,False
8312,10.1167,99.8444,2013,2012-05-10,2013-05-10,22.185,2.5,6.75,0.0,0.0,0.0,0.5398113207547169,2.04,0,False
8312,10.1167,99.8444,2014,2013-05-27,2014-05-27,27.9675,78.75,7.5,2.06,2.06,2.06,-0.005660377358490571,1.38,0,False
8312,10.1167,99.8444,2014,2013-07-27,2014-07-27,22.814999999999998,8.875,7.5,2.79,2.79,2.79,0.08716981132075474,1.52,0,False
8312,10.1167,99.8444,2015,2014-01-29,2015-01-29,29.5325,0.0,6.5,0.0,0.0,2.79,0.36566037735849055,1.93,0,False
8313,10.1172,99.8131,2015,2014-08-31,2015-08-31,21.7175,0.0,6.8,1.64,1.79,1.79,0.4028301886792453,1.93,0,False
8313,10.1172,99.8131,2018,2017-12-05,2018-12-05,21.7175,0.0,6.5,0.0,0.0,0.62,0.36603773584905663,1.48,0,False
8313,10.1172,99.8131,2020,2019-01-09,2020-01-09,28.75,1.75,7.5,0.0,0.0,0.92,0.7660377358490567,1.34,0,False
8313,10.1172,99.8131,2020,2019-01-16,2020-01-16,28.905,0.0,6.4,0.0,0.0,0.92,0.7718867924528302,1.34,0,False
8316,10.1199,99.8441,2014,2013-06-15,2014-06-15,25.625,44.375,7.5,2.79,2.79,2.79,0.04660377358490565,1.52,0,False
8318,10.121,99.8349,2017,2016-02-24,2017-02-23,23.905,0.0,5.5,0.0,0.0,4.92,0.5343396226415096,1.58,14,False
8318,10.121,99.8349,2018,2017-11-21,2018-11-21,25.4675,1.375,6.65,0.0,0.0,0.62,0.349245283018868,1.34,0,False
8348,-18.7125,-174.1083,2013,2012-07-08,2013-07-08,29.685,5.5,12.0,0.0,0.0,0.0,0.8213207547169811,1.55,0,False
8355,11.2557,-60.5387,2015,2014-10-18,2015-10-18,3.44,7.5,10.0,1.31,1.31,1.31,0.34792452830188675,1.09,0,False
8356,11.3013,-60.5082,2015,2014-04-25,2015-04-25,22.81,8.25,9.0,0.0,0.0,0.0,0.37245283018867914,1.08,0,False
8357,11.3015,-60.5204,2015,2014-01-24,2015-01-24,26.56,12.5,10.2,0.0,0.0,0.0,0.3579245283018868,1.08,0,False
8358,11.3209,-60.5585,2015,2014-02-19,2015-02-19,10.0,3.75,8.0,0.0,0.0,0.0,0.33301886792452834,1.04,0,False
8358,11.3209,-60.5585,2015,2014-06-07,2015-06-07,8.44,7.5,7.0,0.0,0.0,0.0,0.3150943396226415,1.04,0,False
8358,11.3209,-60.5585,2017,2016-02-16,2017-02-15,10.94,0.0,10.8,0.0,2.27,2.56,0.7752830188679245,1.39,0,False
8358,11.3209,-60.5585,2017,2016-12-03,2017-12-03,7.5,0.0,9.8,4.03,4.03,4.03,0.7196153846153845,1.49,0,False
8358,11.3209,-60.5585,2018,2017-10-14,2018-10-14,12.5,0.0,8.6,0.0,0.0,4.03,0.3720754716981133,1.14,0,False
8358,11.3209,-60.5585,2019,2018-04-26,2019-04-26,18.75,0.0,10.2,0.0,0.0,0.0,0.23566037735849057,0.99,0,False
8358,11.3209,-60.5585,2019,2018-10-16,2019-10-16,13.435,1.25,11.5,1.21,1.21,1.21,0.41811320754716974,1.17,0,False
8359,11.3253,-60.5951,2015,2014-10-11,2015-10-11,5.31,2.0,10.0,1.02,1.02,1.02,0.31679245283018864,1.04,0,False
8360,11.3265,-60.5753,2015,2014-04-11,2015-04-11,9.06,0.0,11.0,0.0,0.0,0.0,0.3433962264150943,1.04,0,False
8360,11.3265,-60.5753,2016,2015-12-11,2016-12-10,4.375,0.0,6.2,2.42,2.56,2.56,0.6849056603773584,1.39,0,False
8360,11.3265,-60.5753,2017,2016-04-24,2017-04-24,29.685,0.0,10.0,0.0,0.0,2.56,0.7492452830188678,1.39,0,False
8360,11.3265,-60.5753,2017,2016-12-07,2017-12-07,5.625,0.0,11.2,3.88,4.03,4.03,0.7171698113207546,1.49,0,False
8360,11.3265,-60.5753,2018,2017-03-22,2018-03-22,15.934999999999999,0.0,10.5,0.0,0.32,4.03,0.6699999999999999,1.49,0,False
8360,11.3265,-60.5753,2018,2017-10-09,2018-10-09,14.375,0.0,11.9,0.0,0.0,4.03,0.3720754716981133,1.14,0,False
8360,11.3265,-60.5753,2019,2018-04-15,2019-04-15,14.379999999999999,0.0,10.9,0.0,0.0,0.0,0.22811320754716985,0.99,0,False
8360,11.3265,-60.5753,2019,2018-10-16,2019-10-16,5.31,0.0,9.6,1.21,1.21,1.21,0.41811320754716974,1.17,0,False
8361,11.3282,-60.5505,2015,2014-01-20,2015-01-20,10.625,0.0,10.5,0.0,0.0,0.0,0.31188679245283013,1.04,0,False
8361,11.3282,-60.5505,2015,2014-04-11,2015-04-11,7.81,0.0,10.2,0.0,0.0,0.0,0.3433962264150943,1.04,0,False
8361,11.3282,-60.5505,2015,2014-10-08,2015-10-08,12.19,1.5,10.0,1.02,1.02,1.02,0.30773584905660384,1.04,0,False
8361,11.3282,-60.5505,2016,2015-05-20,2016-05-19,4.685,0.0,10.3,0.0,0.0,1.02,0.3722641509433962,1.12,0,False
8361,11.3282,-60.5505,2016,2015-12-11,2016-12-10,5.94,0.0,9.2,2.42,2.56,2.56,0.6849056603773584,1.39,0,False
8361,11.3282,-60.5505,2017,2016-04-24,2017-04-24,13.120000000000001,0.0,10.0,0.0,0.0,2.56,0.7492452830188678,1.39,0,False
8361,11.3282,-60.5505,2017,2016-12-07,2017-12-07,4.375,0.0,9.5,3.88,4.03,4.03,0.7171698113207546,1.49,0,False
8361,11.3282,-60.5505,2018,2017-10-09,2018-10-09,10.625,0.0,9.0,0.0,0.0,4.03,0.3720754716981133,1.14,0,False
8361,11.3282,-60.5505,2019,2018-04-26,2019-04-26,20.625,0.0,9.2,0.0,0.0,0.0,0.23566037735849057,0.99,0,False
8361,11.3282,-60.5505,2019,2018-10-12,2019-10-12,8.12,0.0,10.3,1.21,1.21,1.21,0.41660377358490563,1.17,0,False
8362,11.3331,-60.5561,2015,2014-02-19,2015-02-19,10.0,6.75,10.6,0.0,0.0,0.0,0.33301886792452834,1.04,0,False
8362,11.3331,-60.5561,2017,2016-02-16,2017-02-15,2.19,0.0,10.0,0.0,2.27,2.56,0.7752830188679245,1.39,0,False
8362,11.3331,-60.5561,2017,2016-12-03,2017-12-03,4.0649999999999995,0.0,10.1,4.03,4.03,4.03,0.7196153846153845,1.49,0,False
8362,11.3331,-60.5561,2018,2017-10-14,2018-10-14,4.0649999999999995,0.75,10.6,0.0,0.0,4.03,0.3720754716981133,1.14,0,False
8362,11.3331,-60.5561,2019,2018-04-15,2019-04-15,7.8149999999999995,0.0,11.1,0.0,0.0,0.0,0.22811320754716985,0.99,0,False
8362,11.3331,-60.5561,2019,2018-10-12,2019-10-12,8.12,0.0,11.0,1.21,1.21,1.21,0.41660377358490563,1.17,0,False
8364,11.339,-60.5477,2015,2014-10-08,2015-10-08,2.5,2.0,12.0,1.3,1.3,1.3,0.34547169811320744,1.08,0,False
8451,21.7859,-72.205,2013,2012-09-30,2013-09-30,4.375,0.0,4.0,0.5,0.5,2.09,0.4000000000000001,1.53,0,False
8451,21.7859,-72.205,2014,2013-09-30,2014-09-30,4.06,0.0,4.0,0.0,0.0,1.4,0.6888679245283018,1.75,0,False
8451,21.7859,-72.205,2015,2014-09-26,2015-09-26,,16.25,4.0,2.28,2.28,2.28,0.6784905660377358,2.04,0,False
8451,21.7859,-72.205,2016,2015-10-01,2016-09-30,2.81,25.0,4.0,0.0,0.0,3.58,0.9252830188679246,1.61,0,False
8451,21.7859,-72.205,2017,2016-11-10,2017-11-10,3.435,2.25,4.0,0.94,0.94,0.94,0.3633962264150943,1.24,0,False
8451,21.7859,-72.205,2018,2017-09-26,2018-09-26,5.625,0.0,4.0,0.0,0.0,0.94,0.45660377358490567,1.21,0,False
8522,25.6034,56.3507,2013,2012-08-31,2013-08-31,3.44,0.0,5.5,0.0,0.0,0.47,-0.11018867924528301,1.71,0,False
8522,25.6034,56.3507,2013,2012-12-13,2013-12-13,9.06,7.5,5.0,0.0,0.0,0.0,-0.1641509433962264,1.71,0,False
8783,25.0342,-80.3472,2014,2013-06-22,2014-06-22,28.75,0.0,10.0,0.0,0.0,0.0,0.5333962264150942,2.23,0,False
8785,25.1072,-80.3058,2018,2017-01-23,2018-01-23,4.375,8.0,4.0,0.0,1.89,2.5500000000000003,0.5601886792452829,1.76,0,False
9474,24.4796,-81.7167,2015,2014-09-28,2015-09-28,1.56,26.25,5.0,7.24,7.24,7.24,0.7269811320754718,2.84,21,False
9475,24.4805,-81.713,2015,2014-09-28,2015-09-28,6.25,0.0,3.0,7.24,7.24,7.24,0.7269811320754718,2.84,21,False
9476,25.0091,-80.3758,2015,2014-07-27,2015-07-27,8.75,1.0,12.5,0.3,0.3,4.46,0.640943396226415,2.51,0,False
9477,25.0099,-80.3745,2015,2014-07-26,2015-07-26,7.5,1.0,5.7,0.3,0.3,4.46,0.640943396226415,2.51,0,False
9478,25.0337,-80.3477,2014,2013-08-01,2014-08-01,8.434999999999999,0.01,15.3,0.15,0.15,0.15,0.620188679245283,2.23,0,False
9480,25.0341,-80.3486,2013,2012-06-22,2013-06-22,33.44,0.25,10.8,0.0,0.0,0.0,0.2539622641509434,1.8,0,False
9481,25.0345,-80.3547,2016,2015-01-07,2016-01-07,5.625,0.0,9.2,0.0,3.77,4.07,0.9054716981132076,2.51,0,False
9482,25.0356,-80.3466,2014,2013-08-04,2014-08-04,9.065,1.0,9.2,0.15,0.15,0.15,0.620188679245283,2.23,0,False
9482,25.0356,-80.3466,2015,2014-06-21,2015-06-21,22.810000000000002,0.0,11.7,0.0,0.0,3.73,0.639433962264151,2.36,0,False
9483,25.0364,-80.3473,2014,2013-08-01,2014-08-01,2.5,0.02,7.8,0.15,0.15,0.15,0.620188679245283,2.23,0,False
9485,25.1366,-80.2889,2016,2015-01-20,2016-01-20,2.81,6.25,5.0,0.0,3.14,3.3000000000000003,0.9113207547169813,2.4,0,False
9485,25.1366,-80.2889,2017,2016-10-16,2017-10-16,7.81,6.25,4.0,0.94,0.94,0.94,0.7443396226415097,1.7,0,False
9487,25.1429,-80.2582,2013,2012-06-22,2013-06-22,12.190000000000001,0.0,6.7,0.0,0.0,0.0,0.24566037735849058,1.84,0,False
9487,25.1429,-80.2582,2014,2013-06-21,2014-06-21,18.75,0.25,5.0,0.0,0.0,0.0,0.5149056603773585,2.19,0,False
9487,25.1429,-80.2582,2015,2014-06-22,2015-06-22,13.75,0.0,6.0,0.0,0.0,4.22,0.620566037735849,2.4,0,False
9487,25.1429,-80.2582,2017,2016-10-16,2017-10-16,5.31,10.0,5.3,0.94,0.94,0.94,0.7443396226415097,1.7,0,False
9490,25.2164,-80.4894,2017,2016-10-17,2017-10-17,5.31,7.75,4.0,8.84,8.84,8.84,0.8058490566037736,2.37,21,True
9491,25.2328,-80.4903,2017,2016-10-17,2017-10-17,13.125,3.25,4.0,8.84,8.84,8.84,0.8058490566037736,2.37,21,True
9494,26.1866,-80.0926,2014,2013-07-13,2014-07-13,0.625,0.0,3.0,0.0,0.0,0.0,0.4450943396226415,1.61,0,False
9495,26.2053,-80.0851,2014,2013-03-09,2014-03-09,6.875,0.25,6.0,0.0,0.0,0.0,0.3215094339622641,1.62,0,False
9495,26.2053,-80.0851,2015,2014-06-22,2015-06-22,8.12,0.0,5.4,0.0,0.0,1.32,0.429245283018868,1.57,0,False
9496,26.2062,-80.0851,2013,2012-05-17,2013-05-17,8.75,0.0,4.5,0.0,0.0,0.0,0.15754716981132072,1.27,0,False
9498,26.211,-80.0846,2014,2013-03-09,2014-03-09,5.315,0.0,5.0,0.0,0.0,0.0,0.3215094339622641,1.62,0,False
9498,26.211,-80.0846,2015,2014-06-22,2015-06-22,5.315,0.25,5.4,0.0,0.0,1.32,0.429245283018868,1.57,0,False
9499,26.2261,-80.0911,2015,2014-03-18,2015-03-18,0.31,0.0,4.0,0.0,0.0,1.32,0.31094339622641515,1.07,0,False
9499,26.2261,-80.0911,2015,2014-03-21,2015-03-21,11.565,0.0,5.0,0.0,0.0,1.32,0.3184905660377359,1.07,0,False
9500,26.2449,-80.0666,2015,2014-06-27,2015-06-27,10.620000000000001,30.0,15.5,0.0,0.0,1.32,0.4333962264150944,1.57,0,False
9501,26.2608,-80.0863,2015,2014-02-02,2015-02-02,4.6850000000000005,0.0,14.6,0.0,1.32,1.32,0.40622641509433965,1.66,0,False
9503,26.2707,-80.0708,2013,2012-03-25,2013-03-25,3.13,0.0,13.7,0.0,0.0,0.0,0.1739622641509434,1.27,0,False
9504,26.271,-80.051,2013,2012-06-03,2013-06-03,7.5,0.0,13.4,0.0,0.0,0.0,0.13169811320754718,1.27,0,False
9505,26.2712,-80.0709,2014,2013-08-25,2014-08-25,2.5,0.0,14.0,0.17,0.17,0.17,0.5105660377358491,1.66,0,False
9510,26.3292,-80.0584,2014,2013-08-25,2014-08-25,3.12,0.0,14.0,0.31,0.31,0.31,0.5109433962264152,1.71,0,False
9835,-13.5002,47.8825,2016,2015-04-19,2016-04-18,19.06,100.0,14.0,3.7,3.7,3.7,0.8084905660377357,1.48,0,False
9836,-13.4869,47.9782,2016,2015-04-19,2016-04-18,52.5,93.94,6.0,3.73,3.73,3.73,0.8041509433962264,1.47,0,False
9837,-13.0349,48.5494,2016,2015-04-16,2016-04-15,83.33,69.84,5.0,5.1000000000000005,5.1000000000000005,5.1000000000000005,0.778867924528302,1.63,14,False
9838,-13.0246,48.5374,2016,2015-04-16,2016-04-15,87.94,44.95,7.0,5.1000000000000005,5.1000000000000005,5.1000000000000005,0.778867924528302,1.63,14,False
9839,-13.0028,48.4976,2016,2015-04-15,2016-04-14,45.33,61.82,7.0,4.36,4.36,4.36,0.7630188679245284,1.56,7,False
9840,-12.9966,48.5621,2016,2015-04-15,2016-04-14,87.89,89.22,4.0,5.2700000000000005,5.2700000000000005,5.2700000000000005,0.7807547169811323,1.71,14,False
9841,-12.9857,48.5779,2016,2015-04-16,2016-04-15,75.79,86.67,7.0,5.2700000000000005,5.2700000000000005,5.2700000000000005,0.7807547169811323,1.71,14,False
9842,-12.9382,48.583,2016,2015-04-17,2016-04-16,73.25,74.14,4.0,5.14,5.14,5.14,0.7775471698113209,1.74,14,False
9843,-12.9153,48.6069,2016,2015-04-17,2016-04-16,59.25,88.06,3.0,5.6000000000000005,5.6000000000000005,5.6000000000000005,0.7850943396226416,1.82,21,False
9844,-12.8862,48.5624,2016,2015-04-17,2016-04-16,74.0,82.27,6.0,5.12,5.12,5.12,0.7671698113207547,1.76,14,False
9845,-12.8834,48.6348,2016,2015-04-15,2016-04-14,79.25,74.04,5.0,5.14,5.14,5.14,0.7562264150943397,1.84,14,False
9846,-12.8453,48.5741,2016,2015-04-14,2016-04-13,83.25,80.37,5.0,4.68,4.68,4.68,0.7458490566037739,1.78,7,False
9847,-13.5221,48.0268,2016,2015-04-20,2016-04-19,52.5,96.46,5.0,4.05,4.05,4.05,0.8196226415094341,1.47,0,False
9848,-13.5023,47.951,2016,2015-04-19,2016-04-18,61.76,68.38,9.0,3.74,3.74,3.74,0.8098113207547168,1.47,0,False
9849,-12.8258,48.5923,2016,2015-04-14,2016-04-13,81.47,92.63,4.0,4.68,4.68,4.68,0.7458490566037739,1.78,7,False
9850,-12.7473,48.6708,2016,2015-04-14,2016-04-13,86.56,75.68,6.0,4.28,4.28,4.28,0.6839622641509434,1.89,0,False
9851,-8.7288,115.9167,2016,2015-04-25,2016-04-24,63.29,48.66,4.0,9.26,9.26,9.26,0.49830188679245285,1.57,35,False
9852,-8.7255,115.9105,2016,2015-04-24,2016-04-23,76.92,91.84,4.0,9.26,9.26,9.26,0.49830188679245285,1.57,35,False
9853,-8.7206,116.021,2016,2015-04-24,2016-04-23,41.5,75.0,4.0,9.15,9.15,9.15,0.49830188679245274,1.55,35,False
9854,-8.7169,116.0056,2016,2015-04-25,2016-04-24,55.0,67.72,4.0,9.15,9.15,9.15,0.49830188679245274,1.55,35,False
9855,-8.7115,115.9141,2016,2015-04-24,2016-04-23,62.59,84.93,4.0,9.26,9.26,9.26,0.49830188679245285,1.57,35,False
9856,-8.3373,116.7239,2016,2015-07-02,2016-07-01,58.0,63.89,5.0,12.85,12.85,12.85,0.5913207547169812,1.81,49,False
9857,-8.3158,116.7052,2016,2015-07-02,2016-07-01,75.0,79.07,3.0,12.85,12.85,12.85,0.5913207547169812,1.81,49,False
9858,-8.2972,116.688,2016,2015-07-02,2016-07-01,76.5,49.25,3.0,12.5,12.64,12.64,0.5647169811320755,1.82,49,False
9859,-8.2937,116.7074,2016,2015-07-03,2016-07-02,49.0,12.99,4.0,12.91,13.07,13.07,0.6039622641509433,1.85,63,False
9860,-8.1328,157.1582,2016,2015-03-24,2016-03-23,9.76,12.23,10.0,1.49,1.49,1.49,0.19264150943396224,1.31,0,False
9861,-8.1131,157.1744,2016,2015-03-24,2016-03-23,34.95,15.0,10.0,1.49,1.49,1.49,0.19264150943396224,1.31,0,False
9862,-8.0499,157.1956,2016,2015-03-23,2016-03-22,31.75,14.38,8.0,1.83,1.83,1.83,0.19679245283018867,1.38,0,False
9863,-8.0274,156.9453,2016,2015-03-15,2016-03-14,50.65,18.85,12.0,1.05,1.05,1.77,0.1649056603773585,1.5,0,False
9864,-8.0185,157.1878,2016,2015-03-23,2016-03-22,23.33,26.79,8.0,1.83,1.83,1.83,0.19679245283018867,1.38,0,False
9865,-7.9727,156.937,2016,2015-03-16,2016-03-15,4.05,16.13,11.0,1.17,1.17,1.76,0.18339622641509434,1.53,0,False
9866,-7.9479,157.1862,2016,2015-03-22,2016-03-21,17.5,47.21,8.3,2.36,2.36,2.36,0.19320754716981137,1.46,0,False
9867,-7.9349,156.9455,2016,2015-03-16,2016-03-15,15.28,33.33,11.7,1.16,1.16,1.75,0.18679245283018867,1.54,0,False
9868,-7.9275,39.7799,2016,2015-05-15,2016-05-14,76.88,94.72,4.0,6.3500000000000005,6.3500000000000005,6.3500000000000005,0.861132075471698,1.82,14,False
9869,-7.91,157.1722,2016,2015-03-19,2016-03-18,31.0,44.71,8.3,1.31,1.31,1.91,0.17132075471698116,1.46,0,False
9870,-7.8987,156.9644,2016,2015-03-16,2016-03-15,38.08,17.04,10.0,1.17,1.17,1.74,0.1809433962264151,1.54,0,False
9871,-7.885,157.1508,2016,2015-03-19,2016-03-18,30.71,56.12,10.0,1.34,1.34,1.73,0.16320754716981134,1.47,0,False
9872,-7.8742,156.9908,2016,2015-03-17,2016-03-16,31.25,23.89,11.3,1.17,1.17,1.74,0.1809433962264151,1.54,0,False
9873,-7.8635,157.1276,2016,2015-03-19,2016-03-18,32.14,39.11,10.0,1.19,1.19,1.72,0.16679245283018868,1.48,0,False
9874,-7.847,157.0519,2016,2015-03-17,2016-03-16,58.63,27.06,11.7,1.19,1.19,1.7,0.16905660377358492,1.5,0,False
9875,-7.8436,157.0967,2016,2015-03-18,2016-03-17,29.5,52.47,10.0,1.19,1.19,1.7,0.16905660377358492,1.5,0,False
9876,-7.8414,157.0782,2016,2015-03-18,2016-03-17,35.25,38.82,11.7,1.19,1.19,1.7,0.16905660377358492,1.5,0,False
9877,-6.6996,39.2632,2016,2015-05-05,2016-05-04,50.83,60.98,4.0,7.03,7.03,7.03,0.8471698113207549,1.83,21,False
9878,-6.6615,39.2501,2016,2015-05-03,2016-05-02,58.13,47.72,4.0,7.03,7.03,7.03,0.8471698113207549,1.83,21,False
9879,-6.658,39.261,2016,2015-05-06,2016-05-05,38.415,84.93,6.0,7.03,7.03,7.03,0.8471698113207549,1.83,21,False
9880,-6.6544,39.2439,2016,2015-05-03,2016-05-02,74.17,69.03,2.0,7.16,7.16,7.16,0.8635849056603774,1.88,21,False
9881,-6.2848,39.1764,2016,2015-05-01,2016-04-30,66.20142857142856,71.175,5.0,6.78,6.78,6.78,0.8294339622641508,1.86,14,False
9882,-6.2772,39.1744,2016,2015-05-01,2016-04-30,64.54400000000001,74.455,4.0,6.78,6.78,6.78,0.8294339622641508,1.86,14,False
9883,-6.1562,39.1223,2016,2015-04-30,2016-04-29,36.655,75.00333333333333,3.125,6.51,6.51,6.51,0.8290566037735848,1.86,14,False
9884,-6.1511,39.1266,2016,2015-04-30,2016-04-29,49.144999999999996,71.18666666666667,3.375,6.51,6.51,6.51,0.8290566037735848,1.86,14,False
9885,-6.1459,39.1371,2016,2015-04-30,2016-04-29,66.26,84.5475,3.75,6.46,6.46,6.46,0.8341509433962264,1.88,14,False
9886,-5.9013,110.4056,2016,2015-05-07,2016-05-06,40.88,46.02,3.0,0.15,0.15,0.15,0.28886792452830184,1.39,0,False
9887,-5.8994,110.244,2016,2015-05-24,2016-05-23,50.5,46.46,3.0,1.23,1.23,1.23,0.36754716981132085,1.52,0,False
9888,-5.8981,110.4338,2016,2015-05-07,2016-05-06,52.25,57.53,3.0,0.3,0.3,0.3,0.290188679245283,1.37,0,False
9889,-5.8802,110.3594,2016,2015-05-18,2016-05-17,65.88,48.37,3.0,1.29,1.29,1.29,0.32547169811320753,1.4,0,False
9890,-5.8629,110.4665,2016,2015-05-06,2016-05-05,43.88,14.59,3.0,0.45,0.45,0.45,0.29283018867924526,1.41,0,False
9891,-5.8568,110.4728,2016,2015-05-06,2016-05-05,49.62,19.66,3.0,0.45,0.45,0.45,0.29283018867924526,1.41,0,False
9892,-5.8337,110.4885,2016,2015-05-12,2016-05-11,46.12,38.19,3.0,0.77,0.77,0.77,0.3164150943396226,1.45,0,False
9893,-5.8313,110.3822,2016,2015-05-13,2016-05-12,66.0,45.94,3.0,0.61,0.61,0.61,0.31339622641509435,1.44,0,False
9894,-5.8207,110.4389,2016,2015-05-15,2016-05-14,54.62,57.58,3.0,1.77,1.77,1.77,0.33754716981132077,1.44,0,False
9895,-5.8088,110.5116,2016,2015-05-11,2016-05-10,28.75,48.34,3.0,0.76,0.76,0.76,0.3211320754716982,1.49,0,False
9896,-5.8042,110.5588,2016,2015-05-09,2016-05-08,54.0,46.41,3.0,0.62,0.62,0.62,0.3249056603773585,1.53,0,False
9897,-5.803,110.1644,2016,2015-05-22,2016-05-21,54.62,48.35,3.0,1.53,1.53,1.53,0.3847169811320754,1.53,0,False
9898,-5.7998,110.5106,2016,2015-05-11,2016-05-10,37.12,57.85,3.0,0.78,0.78,0.78,0.32792452830188684,1.51,0,False
9899,-5.7982,110.3473,2016,2015-05-16,2016-05-15,59.38,41.26,3.0,1.68,1.68,1.68,0.3549056603773585,1.47,0,False
9900,-5.7848,110.5193,2016,2015-05-09,2016-05-08,48.62,23.36,3.0,0.78,0.78,0.78,0.32792452830188684,1.51,0,False
9901,-5.7673,110.3257,2016,2015-05-16,2016-05-15,66.0,42.38,3.0,1.68,1.68,1.68,0.3549056603773585,1.47,0,False
9902,-5.7436,110.1956,2016,2015-05-21,2016-05-20,40.88,45.03,3.0,1.85,1.85,1.85,0.3877358490566038,1.51,0,False
9903,-5.7424,110.4175,2016,2015-05-17,2016-05-16,46.88,36.9,3.0,1.9,1.9,1.9,0.36566037735849055,1.57,0,False
9904,-4.972,119.2841,2016,2015-07-19,2016-07-18,69.5,12.27,5.0,4.45,5.89,5.89,0.6939622641509433,1.76,14,False
9905,-4.9212,119.3171,2016,2015-07-18,2016-07-17,77.5,5.33,3.0,5.57,6.32,6.32,0.7111320754716981,1.75,14,False
9906,-4.7156,39.3811,2016,2015-04-19,2016-04-18,50.0,33.33,6.0,4.24,4.24,4.24,0.7909433962264151,1.89,7,False
9907,-4.715,39.3787,2016,2015-04-19,2016-04-18,49.5,49.44,5.0,4.24,4.24,4.24,0.7909433962264151,1.89,7,False
9908,-4.715,39.3722,2016,2015-05-24,2016-05-23,47.0,24.32,2.5,4.24,4.24,4.24,0.8301886792452828,1.89,7,False
9909,-4.7094,39.4082,2016,2015-04-19,2016-04-18,42.0,30.49,5.0,4.18,4.18,4.18,0.7813207547169811,1.84,7,False
9910,-4.7085,39.4101,2016,2015-04-19,2016-04-18,17.5,25.97,5.0,4.18,4.18,4.18,0.7813207547169811,1.84,7,False
9911,-4.0216,39.7331,2016,2015-04-08,2016-04-07,22.33,47.97,1.0,2.59,2.59,2.59,0.6950943396226414,1.82,0,False
9912,-3.9946,39.7484,2016,2015-04-11,2016-04-10,20.0,30.74,1.0,3.36,3.36,3.36,0.709811320754717,1.84,0,False
9913,-3.9946,39.7484,2016,2015-05-13,2016-05-12,14.67,21.48,1.5,3.51,3.51,3.51,0.7294339622641507,1.84,0,False
9914,-3.9943,39.7477,2016,2015-04-11,2016-04-10,14.75,42.7,1.0,3.36,3.36,3.36,0.709811320754717,1.84,0,False
9915,-3.9943,39.7477,2016,2015-05-13,2016-05-12,14.33,16.67,1.5,3.51,3.51,3.51,0.7294339622641507,1.84,0,False
9916,-3.9917,39.7506,2016,2015-05-13,2016-05-12,23.18,40.38,1.5,3.53,3.53,3.53,0.739433962264151,1.86,0,False
9917,-3.984,39.7601,2016,2015-04-11,2016-04-10,31.33,6.91,14.0,3.37,3.37,3.37,0.718867924528302,1.86,0,False
9918,-3.9417,39.7823,2016,2015-04-07,2016-04-06,51.67,22.65,1.0,2.56,2.56,2.56,0.6858490566037736,1.86,0,False
9919,-3.8014,39.8369,2016,2015-04-03,2016-04-02,20.33,34.78,1.0,2.54,2.54,2.54,0.661132075471698,1.87,0,False
9920,-3.384,39.9918,2016,2015-05-21,2016-05-20,27.75,29.95,2.0,4.0600000000000005,4.0600000000000005,4.0600000000000005,0.6911320754716981,2.04,0,False
9921,-3.384,39.9918,2016,2015-04-14,2016-04-13,23.25,67.33,2.0,3.59,3.59,3.59,0.6622641509433963,2.04,0,False
9922,-3.3831,39.9925,2016,2015-04-14,2016-04-13,26.67,53.59,1.5,3.59,3.59,3.59,0.6622641509433963,2.04,0,False
9922,-3.3831,39.9925,2016,2015-05-21,2016-05-20,21.0,39.64,2.0,4.0600000000000005,4.0600000000000005,4.0600000000000005,0.6911320754716981,2.04,0,False
9923,-3.2463,40.147,2016,2015-04-13,2016-04-12,16.75,60.39,8.0,3.62,3.62,3.62,0.761320754716981,2.14,0,False
9924,4.1766,73.4834,2016,2015-05-07,2016-05-06,8.8,63.89,10.0,3.33,3.33,3.33,0.8715094339622642,1.53,0,False
9925,4.269,73.4888,2016,2015-04-24,2016-04-23,23.5,24.08,10.0,2.6,2.6,2.6,0.8667924528301888,1.51,0,False
9926,5.2578,73.1634,2016,2015-05-02,2016-05-01,25.65,78.01,2.0,3.06,3.06,3.06,0.8732075471698115,1.44,0,False
9927,5.7775,95.3369,2016,2015-06-03,2016-06-02,42.0,90.93,4.0,9.25,9.25,9.25,0.8932075471698112,2.0,21,False
9928,5.7998,95.346,2016,2015-06-03,2016-06-02,54.0,89.07,4.0,9.25,9.25,9.25,0.8932075471698112,2.0,21,False
9929,5.8083,95.3763,2016,2015-06-04,2016-06-03,63.0,86.01,4.0,9.35,9.35,9.35,0.9071698113207548,1.97,21,False
9930,5.8257,95.3783,2016,2015-06-04,2016-06-03,72.0,92.31,4.0,9.35,9.35,9.35,0.9071698113207548,1.97,21,False
9931,5.8457,95.3732,2016,2015-06-01,2016-05-31,66.0,84.16,4.0,9.35,9.35,9.35,0.9071698113207548,1.97,21,False
9932,5.8542,95.2737,2016,2015-06-03,2016-06-02,72.0,93.22,4.0,9.27,9.27,9.27,0.9173584905660377,2.06,21,False
9933,5.8572,95.3614,2016,2015-06-01,2016-05-31,60.0,93.45,4.0,9.35,9.35,9.35,0.9154716981132078,1.99,21,False
9934,5.8735,95.2647,2016,2015-06-03,2016-06-02,61.0,89.48,4.0,9.27,9.27,9.27,0.9173584905660377,2.06,21,False
9935,5.8762,95.3536,2016,2015-06-01,2016-05-31,58.0,87.01,4.0,9.35,9.35,9.35,0.9154716981132078,1.99,21,False
9936,5.8815,95.2606,2016,2015-06-02,2016-06-01,70.0,82.15,4.0,9.27,9.27,9.27,0.9173584905660377,2.06,21,False
9937,5.8834,95.245,2016,2015-06-02,2016-06-01,63.0,54.51,4.0,9.17,9.17,9.17,0.9113207547169813,2.08,21,False
9938,5.8838,95.2549,2016,2015-06-02,2016-06-01,55.0,78.21,4.0,9.27,9.27,9.27,0.9173584905660377,2.06,21,False
9939,5.8884,95.3455,2016,2015-06-01,2016-05-31,50.0,85.3,4.0,9.46,9.46,9.46,0.9171698113207547,2.03,21,False
9940,5.8956,95.2376,2016,2015-06-02,2016-06-01,55.0,78.29,4.0,9.17,9.17,9.17,0.9113207547169813,2.08,21,False
9941,10.073,73.6495,2016,2015-05-14,2016-05-13,24.575000000000003,89.025,11.0,2.21,2.21,2.21,1.0235849056603774,1.65,0,False
9942,10.0832,73.6501,2016,2015-05-12,2016-05-11,29.0,92.695,11.0,2.35,2.35,2.35,1.0326415094339623,1.64,0,False
9942,10.0832,73.6501,2016,2015-05-14,2016-05-13,23.25,90.9,11.0,2.35,2.35,2.35,1.0326415094339623,1.64,0,False
9943,10.0911,73.6401,2016,2015-05-12,2016-05-11,39.3,90.43,3.0,2.21,2.21,2.21,1.0235849056603774,1.65,0,False
9944,10.1448,73.6656,2016,2015-05-12,2016-05-11,20.165,88.10499999999999,11.0,2.18,2.18,2.18,1.0311320754716982,1.62,0,False
9945,10.5564,72.6442,2016,2015-04-30,2016-04-29,31.799999999999997,84.565,11.0,0.0,0.0,0.0,0.8877358490566037,1.59,0,False
9946,10.5766,72.6271,2016,2015-05-01,2016-04-30,30.85,61.76,15.0,0.38,0.38,0.38,0.9035849056603774,1.59,0,False
9947,10.8495,72.1955,2016,2015-05-03,2016-05-02,23.525,80.515,11.75,0.4,0.4,0.4,0.8332075471698112,1.8,0,False
9948,10.9172,72.2992,2016,2015-05-04,2016-05-03,31.049999999999997,79.14500000000001,11.5,0.38,0.38,0.38,0.8396226415094341,1.74,0,False
9949,11.1286,72.7346,2016,2015-05-07,2016-05-06,20.25,91.52,11.5,0.33,0.33,0.33,0.9064150943396226,1.56,0,False
9949,11.1286,72.7346,2016,2015-05-09,2016-05-08,65.67,90.7,3.0,1.34,1.34,1.34,0.9218867924528303,1.56,0,False
9950,11.1332,72.7195,2016,2015-05-07,2016-05-06,22.655,91.125,11.0,0.33,0.33,0.33,0.9064150943396226,1.56,0,False
9951,11.2072,72.7497,2016,2015-05-09,2016-05-08,20.1,88.345,11.0,1.2,1.2,1.2,0.9400000000000002,1.59,0,False
9952,11.214,72.7798,2016,2015-05-08,2016-05-07,22.975,78.08,11.0,1.2,1.2,1.2,0.9496226415094341,1.61,0,False
9953,11.5744,92.594,2016,2015-05-19,2016-05-18,20.64,86.21,9.0,5.23,5.23,5.23,0.8743396226415096,1.83,7,False
9954,11.5827,92.5681,2016,2015-05-20,2016-05-19,12.37,80.79,10.0,5.23,5.23,5.23,0.8743396226415096,1.83,7,False
9955,11.5845,92.5764,2016,2015-05-17,2016-05-16,21.77,88.11,6.0,5.23,5.23,5.23,0.8743396226415096,1.83,7,False
9956,12.0126,93.0833,2016,2015-05-14,2016-05-13,14.14,81.84,14.0,3.68,3.68,4.04,0.8001886792452829,2.02,0,False
9957,12.0478,93.0056,2016,2015-05-10,2016-05-09,11.18,72.59,10.0,3.67,3.67,4.04,0.7907547169811322,2.02,0,False
9958,12.064,93.0589,2016,2015-05-10,2016-05-09,14.73,51.95,16.0,3.61,3.61,3.61,0.7949056603773587,1.99,0,False
9959,12.1961,93.0847,2016,2015-05-11,2016-05-10,16.3,71.17,12.0,3.43,3.43,3.74,0.7824528301886794,1.96,0,False
9960,12.2235,93.0209,2016,2015-05-08,2016-05-07,17.3,50.66,18.0,3.4,3.4,3.76,0.7662264150943398,1.96,0,False
9961,26.6273,127.8595,2016,2015-09-06,2016-09-05,50.0,71.04,1.0,9.21,9.21,9.21,0.4530188679245284,1.85,28,False
9962,26.6287,127.8612,2016,2015-09-06,2016-09-05,73.0,90.35,1.0,9.21,9.21,9.21,0.4530188679245284,1.85,28,False
9963,26.6356,127.8654,2016,2015-09-05,2016-09-04,35.0,65.73,1.0,9.21,9.21,9.21,0.4530188679245284,1.85,28,False
9964,26.7119,127.8805,2016,2015-09-07,2016-09-06,30.0,86.78,1.0,9.32,9.32,9.32,0.4830188679245283,1.88,28,False
9965,-22.7865,43.3346,2016,2015-03-21,2016-03-20,9.47,95.24,10.0,1.17,1.17,1.17,0.1249056603773585,1.17,0,False
9966,-22.7396,43.3162,2016,2015-03-21,2016-03-20,14.76,97.22,10.0,1.3,1.3,1.3,0.11566037735849057,1.16,0,False
9967,-22.6524,43.2737,2016,2015-04-18,2016-04-17,65.5,13.73,9.0,2.17,2.17,2.17,0.2724528301886792,1.81,0,False
9968,-22.6229,43.2573,2016,2015-03-18,2016-03-17,39.38,87.14,12.0,0.79,0.79,0.79,0.09528301886792452,1.2,0,False
9969,-22.6061,43.2513,2016,2015-03-21,2016-03-20,48.33,86.36,9.0,1.25,1.25,1.25,0.11830188679245282,1.2,0,False
9970,-22.5595,42.456,2016,2015-03-22,2016-03-21,5.75,68.0,14.0,2.19,2.19,2.19,0.4409433962264152,1.42,0,False
9971,-22.538,43.243,2016,2015-03-19,2016-03-18,35.0,71.79,10.0,1.06,1.06,1.06,0.09150943396226414,1.26,0,False
9972,-22.5208,43.2441,2016,2015-03-19,2016-03-18,45.0,90.97,10.0,1.06,1.06,1.06,0.09150943396226414,1.26,0,False
9972,-22.5208,43.2441,2016,2015-04-19,2016-04-18,63.33,90.41,6.0,1.81,1.81,1.81,0.26867924528301884,1.7,0,False
9973,-22.4694,43.2364,2016,2015-03-20,2016-03-19,35.0,76.47,10.0,0.91,0.91,0.91,0.10867924528301888,1.28,0,False
9974,-22.4459,43.238,2016,2015-03-20,2016-03-19,24.0,67.65,11.0,0.77,0.77,0.77,0.10018867924528305,1.29,0,False
9975,-22.4401,43.2391,2016,2015-03-22,2016-03-21,67.0,53.47,10.0,0.77,0.77,0.77,0.10018867924528305,1.29,0,False
9976,-22.2875,113.8108,2016,2015-05-03,2016-05-02,,4.08,1.0,0.0,0.0,0.34,-0.046981132075471686,1.75,0,False
9977,-22.2049,113.844,2016,2015-05-03,2016-05-02,,2.91,1.0,0.0,0.0,0.34,-0.05018867924528302,1.72,0,False
9978,-22.1321,113.8763,2016,2015-04-28,2016-04-27,,11.73,1.0,0.0,0.0,0.34,-0.05811320754716981,1.62,0,False
9979,-22.0806,113.8934,2016,2015-05-02,2016-05-01,,9.41,1.5,0.0,0.0,0.19,-0.07358490566037734,1.57,0,False
9980,-22.052,113.8983,2016,2015-05-02,2016-05-01,,7.25,1.5,0.0,0.0,0.19,-0.07358490566037734,1.57,0,False
9981,-21.9995,113.9134,2016,2015-05-01,2016-04-30,,6.67,1.0,0.0,0.0,0.17,-0.08396226415094338,1.48,0,False
9982,-21.9506,113.9206,2016,2015-05-01,2016-04-30,,3.19,1.0,0.0,0.0,0.17,-0.08396226415094338,1.48,0,False
9983,-21.9298,113.9474,2016,2015-04-29,2016-04-28,,2.63,1.5,0.0,0.0,0.16,-0.05660377358490566,1.55,0,False
9984,-21.9088,113.964,2016,2015-04-29,2016-04-28,,6.94,1.5,0.0,0.0,0.16,-0.09018867924528304,1.61,0,False
9985,-21.9043,113.9684,2016,2015-05-01,2016-04-30,,4.65,3.0,0.0,0.0,0.16,-0.10509433962264153,1.61,0,False
9986,-21.1838,55.286,2016,2015-03-15,2016-03-14,20.9,56.23,1.5,5.58,5.58,5.58,0.869056603773585,2.0,14,False
9987,-21.1812,55.286,2016,2015-03-11,2016-03-10,,57.06,1.5,4.24,4.24,4.24,0.8460377358490566,2.0,7,False
9988,-21.1029,55.2414,2016,2015-03-13,2016-03-12,30.3,23.91,1.5,6.58,6.58,6.58,0.8833962264150943,2.07,14,False
9989,-21.0964,55.2332,2016,2015-03-14,2016-03-13,24.15,54.1,1.5,6.86,6.86,6.86,0.888490566037736,2.11,21,False
9990,-20.5122,57.4154,2016,2015-03-18,2016-03-17,60.75,37.33,1.0,4.96,4.96,4.96,0.7924528301886794,1.61,14,False
9991,-20.5107,57.4121,2016,2015-03-18,2016-03-17,61.29,82.86,1.0,4.96,4.96,4.96,0.7924528301886794,1.61,14,False
9992,-20.4149,57.7272,2016,2015-03-14,2016-03-13,72.45,81.82,1.0,7.140000000000001,7.140000000000001,7.140000000000001,0.8592452830188676,1.92,21,False
9993,-20.0803,57.5108,2016,2015-03-24,2016-03-23,84.0,30.94,1.0,4.98,4.98,4.98,0.7743396226415095,1.67,7,False
9994,-19.9975,57.6704,2016,2015-03-05,2016-03-04,73.65,29.85,1.5,3.29,3.29,3.29,0.7767924528301887,1.69,0,False
9995,-19.9847,57.5974,2016,2015-03-19,2016-03-18,71.0,55.7,2.0,4.34,4.34,4.34,0.7620754716981132,1.65,0,False
9996,-19.9789,57.6326,2016,2015-03-26,2016-03-25,97.5,85.28,3.0,6.03,6.03,6.03,0.8081132075471696,1.81,21,False
9997,-19.9789,57.6311,2016,2015-03-26,2016-03-25,89.25,57.96,3.0,6.03,6.03,6.03,0.8081132075471696,1.81,21,False
9998,-18.1017,179.2633,2016,2015-03-09,2016-03-08,48.75,26.23,15.0,5.13,5.13,5.53,0.16018867924528304,2.14,14,False
9999,-18.0847,179.263,2016,2015-03-08,2016-03-07,39.2,14.13,15.0,5.12,5.12,5.51,0.16169811320754718,2.14,14,False
10000,-17.5818,178.9807,2016,2015-03-10,2016-03-09,55.0,2.77,15.0,4.8,4.8,5.16,0.12716981132075472,1.85,0,False
10001,-17.5717,178.9883,2016,2015-03-10,2016-03-09,34.5,3.83,15.0,4.8,4.8,5.16,0.12716981132075472,1.85,0,False
10002,-17.2782,178.462,2016,2015-03-15,2016-03-14,24.8,1.72,15.0,4.8,4.8,4.97,0.11603773584905659,1.91,0,False
10003,-17.17,178.229,2016,2015-03-13,2016-03-12,11.55,5.71,12.0,5.32,5.32,5.32,0.16962264150943393,2.0,7,False
10004,-17.1365,178.525,2016,2015-03-13,2016-03-12,26.75,14.89,15.0,4.88,4.88,5.3500000000000005,0.09773584905660376,1.88,0,False
10005,-17.1343,178.5202,2016,2015-03-13,2016-03-12,45.9,7.5,12.0,4.88,4.88,5.3500000000000005,0.09773584905660376,1.88,0,False
10006,-17.1132,179.0637,2016,2015-03-11,2016-03-10,20.25,0.0,15.0,4.8,4.8,5.64,0.12037735849056605,1.84,0,False
10007,-17.0667,178.595,2016,2015-03-14,2016-03-13,38.6,3.42,15.0,4.82,4.82,5.26,0.07679245283018868,1.92,0,False
10008,-17.011,179.0252,2016,2015-03-12,2016-03-11,12.65,0.0,15.0,4.71,4.71,5.38,0.0960377358490566,1.8,0,False
10009,-16.4795,123.0407,2016,2015-03-30,2016-03-29,,70.26,1.0,3.36,3.36,3.36,0.640188679245283,2.13,0,False
10010,-16.478,123.0446,2016,2015-03-30,2016-03-29,,85.0,1.0,3.36,3.36,3.36,0.640188679245283,2.13,0,False
10011,-16.4615,123.0309,2016,2015-03-31,2016-03-30,,66.09,2.0,3.36,3.36,3.36,0.640188679245283,2.13,0,False
10012,-16.4292,123.2062,2016,2015-04-01,2016-03-31,,52.06,1.0,3.66,3.66,3.66,0.6475471698113208,2.05,0,False
10013,-16.4275,123.0886,2016,2015-04-01,2016-03-31,,40.0,1.0,3.19,3.19,3.19,0.6307547169811321,2.05,0,False
10014,-16.4244,49.8495,2016,2015-05-21,2016-05-20,58.5,30.32,5.0,7.61,7.61,7.61,0.7862264150943397,1.96,14,False
10015,-14.2472,125.6003,2016,2015-05-22,2016-05-21,,11.29,5.5,11.69,11.69,11.69,0.450754716981132,1.77,42,False
10016,-14.2369,125.5993,2016,2015-05-22,2016-05-21,,65.66,5.0,11.01,11.01,11.01,0.44943396226415094,1.72,35,False
10017,-14.0361,125.8002,2016,2015-05-23,2016-05-22,,26.67,5.5,9.09,9.09,9.09,0.4432075471698113,1.58,28,False
10018,-13.9385,126.433,2016,2015-05-26,2016-05-25,,42.86,5.5,7.01,7.01,7.01,0.3626415094339623,1.56,21,False
10019,-13.9287,125.6363,2016,2015-05-23,2016-05-22,,25.93,5.5,8.39,8.39,8.39,0.4407547169811321,1.58,21,False
10020,-13.6051,47.8049,2016,2015-04-21,2016-04-20,26.0,82.26,5.0,3.5700000000000003,3.5700000000000003,3.5700000000000003,0.8013207547169812,1.52,0,False
10021,-13.6043,47.811,2016,2015-04-21,2016-04-20,47.0,92.73,4.0,3.5700000000000003,3.5700000000000003,3.5700000000000003,0.8013207547169812,1.52,0,False
10022,-13.5811,47.9016,2016,2015-04-22,2016-04-21,43.82,90.15,3.0,3.86,3.86,3.86,0.8067924528301885,1.49,0,False
10023,-13.5589,48.0954,2016,2015-04-20,2016-04-19,51.0,81.25,5.0,4.37,4.37,4.37,0.8445283018867924,1.5,7,False
10186,-6.6965,39.2587,2016,2015-05-05,2016-05-04,54.67,50.54,2.0,7.03,7.03,7.03,0.8471698113207549,1.83,21,False
10187,-6.1176,39.1692,2016,2015-04-16,2016-04-15,31.5,64.83,5.0,6.46,6.46,6.46,0.8360377358490566,1.88,14,False
10187,-6.1176,39.1692,2016,2015-04-17,2016-04-16,48.0,67.11,5.0,6.46,6.46,6.46,0.8403773584905662,1.88,14,False
10189,-3.26,40.15,2016,2015-04-06,2016-04-05,15.67,48.57,1.5,2.69,2.69,2.69,0.7245283018867924,2.08,0,False
10189,-3.26,40.15,2016,2015-04-13,2016-04-12,23.646666666666665,52.545,1.5,3.53,3.53,3.53,0.7424528301886791,2.08,0,False
10189,-3.26,40.15,2016,2015-05-20,2016-05-19,29.5,35.195,2.0,4.22,4.22,4.22,0.779622641509434,2.08,0,False
12031,24.4664,-82.0019,2016,2015-09-07,2016-09-06,,17.29,11.8,0.76,0.76,8.63,0.7724528301886795,1.99,7,False
12033,24.4668,-81.7292,2013,2012-10-16,2013-10-16,,6.15,16.5,0.0,0.0,0.74,0.20509433962264154,2.09,0,False
12039,24.4695,-81.8029,2015,2014-09-02,2015-09-02,,66.67,11.5,4.8500000000000005,4.8500000000000005,6.65,0.6630188679245284,2.82,7,False
12043,24.4702,-81.8729,2016,2015-09-08,2016-09-07,,15.33,9.7,1.79,1.79,8.0,0.7901886792452832,1.99,7,False
12047,24.4707,-81.7897,2015,2014-09-02,2015-09-02,,77.78,8.8,4.75,4.75,6.3,0.6749056603773586,2.83,7,False
12048,24.4707,-81.8021,2014,2013-08-18,2014-08-18,,46.25,12.6,4.0600000000000005,4.0600000000000005,4.0600000000000005,0.7307547169811321,2.02,7,False
12049,24.4708,-81.7297,2015,2014-09-03,2015-09-03,,56.25,16.0,4.64,4.64,5.55,0.6850943396226414,2.84,7,False
12050,24.4708,-81.9715,2016,2015-09-07,2016-09-06,,3.41,12.2,1.43,1.43,8.74,0.7764150943396226,1.99,7,False
12052,24.4717,-81.7681,2014,2013-08-18,2014-08-18,,63.38,5.2,3.91,3.91,3.91,0.7309433962264152,1.97,0,False
12056,24.4725,-81.7495,2014,2013-08-18,2014-08-18,,56.12,10.1,3.35,3.35,3.35,0.7324528301886792,1.93,0,False
12062,24.4435,-81.9358,2014,2013-08-27,2014-08-27,,53.57,8.2,4.8100000000000005,4.8100000000000005,4.8100000000000005,0.7592452830188677,1.87,7,False
12064,24.4439,-81.9616,2015,2014-08-25,2015-08-25,,36.56,11.6,2.85,2.85,6.17,0.6658490566037736,2.73,7,False
12066,24.4443,-81.9408,2015,2014-08-25,2015-08-25,,44.44,9.8,3.0,3.0,6.11,0.670188679245283,2.72,7,False
12067,24.445,-81.9284,2016,2015-09-15,2016-09-14,,12.5,5.0,1.48,1.48,7.23,0.8050943396226414,2.0,0,False
12072,24.446,-81.9517,2014,2013-08-27,2014-08-27,,73.08,10.0,4.7,4.7,4.7,0.7586792452830191,1.87,7,False
12073,24.4461,-81.9693,2015,2014-08-25,2015-08-25,,41.98,11.3,2.85,2.85,6.17,0.6658490566037736,2.73,7,False
12074,24.4461,-81.9178,2016,2015-09-15,2016-09-14,,16.67,11.4,1.48,1.48,7.23,0.8050943396226414,2.0,0,False
12079,24.449,-81.9309,2015,2014-08-25,2015-08-25,,66.67,6.2,3.0,3.0,6.11,0.670188679245283,2.72,7,False
12086,24.4517,-81.8798,2015,2014-02-12,2015-02-12,,2.75,10.0,0.0,0.0,6.83,0.6039622641509433,2.03,21,False
12086,24.4517,-81.8798,2015,2014-09-30,2015-09-30,,43.59,9.7,8.0,8.0,8.0,0.6928301886792454,2.82,21,False
12086,24.4517,-81.8798,2016,2015-03-04,2016-03-03,,2.96,10.3,0.0,0.0,8.0,1.0543396226415094,2.82,21,False
12088,24.452,-81.8775,2015,2014-02-12,2015-02-12,,1.48,5.6,0.0,0.0,6.83,0.6039622641509433,2.03,21,False
12088,24.452,-81.8775,2015,2014-09-30,2015-09-30,,35.85,5.3,8.0,8.0,8.0,0.6928301886792454,2.82,21,False
12089,24.4521,-81.8773,2016,2015-03-04,2016-03-03,,1.15,5.0,0.0,0.0,8.0,1.0543396226415094,2.82,21,False
12097,24.4546,-81.8593,2016,2015-09-08,2016-09-07,,10.61,5.1,1.79,1.79,8.0,0.7901886792452832,1.99,7,False
12103,24.4559,-81.9214,2016,2015-09-07,2016-09-06,,21.37,6.4,1.68,1.68,8.44,0.7798113207547169,2.01,7,False
12104,24.4562,-81.9181,2016,2015-09-15,2016-09-14,,20.37,7.4,1.68,1.68,8.44,0.7532075471698113,2.01,0,False
12105,24.4568,-81.9168,2016,2015-09-07,2016-09-06,,16.67,7.6,1.68,1.68,8.44,0.7798113207547169,2.01,7,False
12126,24.4728,-81.8239,2016,2015-09-08,2016-09-07,,13.21,7.8,2.3000000000000003,2.3000000000000003,7.54,0.8000000000000002,1.99,7,False
12128,24.4731,-81.8696,2015,2014-10-13,2015-10-13,,38.55,6.4,8.0,8.0,8.0,0.6911320754716982,2.82,21,False
12135,24.4746,-81.9018,2014,2013-08-27,2014-08-27,,75.85,9.4,5.76,5.76,5.76,0.7550943396226416,2.06,14,False
12155,24.479,-81.8936,2014,2013-08-27,2014-08-27,,59.83,4.4,5.51,5.51,5.51,0.7526415094339622,2.03,14,False
12156,24.479,-81.8938,2015,2014-10-13,2015-10-13,,43.59,4.8,8.0,8.0,8.0,0.6911320754716982,2.82,21,False
12157,24.479,-81.7179,2015,2014-08-26,2015-08-26,,54.32,7.0,3.21,3.21,5.55,0.6764150943396224,2.84,0,False
12160,24.4794,-81.7276,2014,2013-09-16,2014-09-16,,94.0,8.8,5.55,5.55,5.55,0.790943396226415,1.93,7,False
12163,24.4797,-81.717,2016,2015-09-14,2016-09-13,,4.7,3.0,2.59,2.59,7.24,0.7990566037735849,2.03,0,False
12164,24.4799,-81.7268,2014,2013-09-16,2014-09-16,,54.22,8.0,5.55,5.55,5.55,0.790943396226415,1.93,7,False
12167,24.4802,-81.7134,2013,2012-10-16,2013-10-16,,2.5,5.8,0.0,0.0,0.74,0.20509433962264154,2.09,0,False
12168,24.4802,-81.7193,2013,2012-10-16,2013-10-16,,4.17,3.9,0.0,0.0,0.74,0.20509433962264154,2.09,0,False
12181,24.4836,-81.7039,2016,2015-09-14,2016-09-13,,23.81,4.2,2.59,2.59,7.24,0.7990566037735849,2.03,0,False
12183,24.4851,-81.7565,2015,2014-09-03,2015-09-03,,40.31,7.1,4.75,4.75,6.3,0.6749056603773586,2.83,7,False
12184,24.4857,-81.6982,2016,2015-09-14,2016-09-13,,27.19,6.8,2.52,2.52,6.96,0.8075471698113206,2.04,0,False
12185,24.4864,-81.8486,2015,2014-10-13,2015-10-13,,22.33,5.8,7.54,7.54,7.54,0.7020754716981132,2.82,21,False
12186,24.4866,-81.8484,2014,2013-08-18,2014-08-18,,61.48,6.2,4.0600000000000005,4.0600000000000005,4.0600000000000005,0.7307547169811321,2.02,7,False
12188,24.4883,-81.6706,2015,2014-09-09,2015-09-09,,36.07,11.0,4.98,4.98,5.12,0.6941509433962265,2.84,14,False
12190,24.49,-81.6785,2015,2014-09-08,2015-09-08,,21.57,4.8,4.98,4.98,5.12,0.6941509433962265,2.84,14,False
12191,24.4901,-81.6778,2015,2014-09-08,2015-09-08,,62.5,2.7,4.98,4.98,5.12,0.6941509433962265,2.84,14,False
12192,24.4908,-81.7112,2016,2015-09-08,2016-09-07,,24.18,7.6,2.59,2.59,7.24,0.8249056603773586,2.03,7,False
12193,24.4908,-81.7208,2014,2013-09-16,2014-09-16,,87.67,7.3,5.55,5.55,5.55,0.790943396226415,1.93,7,False
12195,24.4919,-81.6708,2015,2014-09-09,2015-09-09,,20.51,5.2,4.98,4.98,5.12,0.6941509433962265,2.84,14,False
12203,24.4931,-81.6601,2015,2014-09-09,2015-09-09,,26.67,4.2,4.98,4.98,5.12,0.6941509433962265,2.84,14,False
12209,24.4969,-81.7034,2015,2014-09-03,2015-09-03,,51.76,7.6,4.64,4.64,5.55,0.6850943396226414,2.84,7,False
12211,24.4978,-81.7333,2016,2015-09-14,2016-09-13,,11.11,6.4,2.59,2.59,7.24,0.7990566037735849,2.03,0,False
12220,24.5001,-81.6296,2015,2014-09-10,2015-09-10,,57.33,5.1,5.5,5.5,5.79,0.6654716981132076,3.02,14,False
12222,24.5006,-81.6941,2013,2012-10-16,2013-10-16,,1.25,4.6,0.0,0.0,0.98,0.14943396226415095,2.11,0,False
12226,24.5013,-81.6943,2016,2015-10-04,2016-10-03,,1.39,9.1,3.71,3.71,7.81,0.7977358490566038,2.06,0,False
12227,24.5016,-81.6193,2013,2012-09-09,2013-09-09,,0.83,5.6,0.0,0.0,0.8200000000000001,0.11056603773584907,2.11,0,False
12228,24.5019,-81.6328,2015,2014-09-10,2015-09-10,,100.0,4.0,5.5,5.5,5.79,0.6654716981132076,3.02,14,False
12231,24.5027,-81.7368,2015,2014-09-02,2015-09-02,,38.68,8.3,5.42,5.42,6.5600000000000005,0.6503773584905661,2.97,7,False
12233,24.5039,-81.6038,2015,2014-09-22,2015-09-22,,46.34,7.8,7.51,7.51,7.51,0.6932075471698114,3.02,21,False
12239,24.5064,-81.5869,2014,2013-09-08,2014-09-08,,71.17,9.9,5.68,5.68,5.68,0.7794339622641508,2.11,14,False
12240,24.5066,-81.6864,2015,2014-09-08,2015-09-08,,27.54,5.8,5.78,5.78,6.1000000000000005,0.6652830188679245,3.0,14,False
12241,24.5078,-81.5717,2014,2013-09-08,2014-09-08,,77.19,13.7,5.68,5.68,5.68,0.7794339622641508,2.11,14,False
12243,24.5083,-81.7083,2016,2015-09-14,2016-09-13,,11.74,6.2,3.4,3.4,7.97,0.7675471698113209,2.04,0,False
12245,24.5091,-81.6655,2015,2014-09-09,2015-09-09,,25.4,5.5,5.78,5.78,6.1000000000000005,0.6652830188679245,3.0,14,False
12247,24.5097,-81.7211,2014,2013-09-16,2014-09-16,,65.0,4.9,6.5600000000000005,6.5600000000000005,6.5600000000000005,0.7841509433962265,2.06,14,False
12250,24.5114,-81.567,2014,2013-09-08,2014-09-08,,53.33,4.6,5.68,5.68,5.68,0.7794339622641508,2.11,14,False
12257,24.5122,-81.9298,2015,2014-08-18,2015-08-18,,21.35,4.6,3.18,3.18,8.11,0.5747169811320754,2.86,14,False
12261,24.5138,-81.6184,2015,2014-09-10,2015-09-10,,23.17,3.7,5.5,5.5,5.79,0.6654716981132076,3.02,14,False
12263,24.5138,-81.9225,2016,2015-09-15,2016-09-14,,7.87,5.5,1.12,1.12,9.14,0.6720754716981133,1.89,0,False
12264,24.5139,-81.5633,2016,2015-09-15,2016-09-14,,13.79,6.5,3.43,3.43,7.08,0.7939622641509434,2.08,0,False
12266,24.514,-81.5632,2015,2014-09-02,2015-09-02,,40.58,7.2,4.6000000000000005,4.6000000000000005,5.68,0.651132075471698,3.01,7,False
12271,24.5159,-81.6748,2015,2014-09-09,2015-09-09,,21.53,6.2,5.78,5.78,6.1000000000000005,0.6652830188679245,3.0,14,False
12272,24.516,-81.558,2013,2012-09-09,2013-09-09,,1.2,7.2,0.0,0.0,0.8,0.1137735849056604,2.1,0,False
12274,24.5167,-81.5546,2015,2014-09-01,2015-09-01,,31.58,7.2,4.6000000000000005,4.6000000000000005,5.68,0.651132075471698,3.01,7,False
12278,24.5179,-81.9222,2015,2014-08-18,2015-08-18,,21.43,4.6,3.18,3.18,8.11,0.5747169811320754,2.86,14,False
12279,24.5179,-82.0033,2015,2014-08-18,2015-08-18,,12.04,5.2,3.12,3.12,8.68,0.5556603773584905,2.88,14,False
12280,24.5184,-81.5345,2016,2015-08-25,2016-08-24,,12.7,10.4,2.16,2.16,6.95,0.8579245283018866,2.06,21,False
12284,24.5191,-81.5315,2016,2015-08-25,2016-08-24,,19.74,10.9,2.16,2.16,6.95,0.8579245283018866,2.06,21,False
12285,24.5195,-81.5326,2015,2014-09-01,2015-09-01,,34.04,10.6,4.49,4.49,5.47,0.649245283018868,2.99,7,False
12296,24.5212,-81.5159,2015,2014-09-01,2015-09-01,,35.09,11.6,4.49,4.49,5.47,0.649245283018868,2.99,7,False
12298,24.5214,-81.5207,2016,2015-08-25,2016-08-24,,6.67,9.4,2.16,2.16,6.95,0.8579245283018866,2.06,21,False
12300,24.5216,-81.5414,2016,2015-09-15,2016-09-14,,0.0,5.2,3.19,3.19,6.95,0.7986792452830189,2.06,0,False
12304,24.522,-81.5227,2014,2013-09-05,2014-09-05,,75.45,6.4,5.47,5.47,5.47,0.7781132075471697,2.17,14,False
12305,24.5222,-81.5205,2014,2013-09-05,2014-09-05,,60.57,4.8,5.47,5.47,5.47,0.7781132075471697,2.17,14,False
12306,24.5223,-81.5198,2016,2015-08-25,2016-08-24,,9.01,6.6,2.16,2.16,6.95,0.8579245283018866,2.06,21,False
12308,24.523,-81.519,2016,2015-08-25,2016-08-24,,6.06,4.8,2.16,2.16,6.95,0.8579245283018866,2.06,21,False
12314,24.5236,-81.5221,2013,2012-09-09,2013-09-09,,2.3,4.4,0.0,0.0,0.78,0.1237735849056604,2.08,0,False
12315,24.5236,-81.577,2013,2012-09-09,2013-09-09,,1.17,4.2,0.0,0.0,0.8,0.1137735849056604,2.1,0,False
12318,24.5243,-81.5224,2015,2014-09-01,2015-09-01,,11.11,4.8,4.49,4.49,5.47,0.649245283018868,2.99,7,False
12319,24.5248,-81.576,2016,2015-09-15,2016-09-14,,13.89,4.4,3.43,3.43,7.08,0.7939622641509434,2.08,0,False
12320,24.5249,-81.5759,2015,2014-09-22,2015-09-22,,16.09,4.0,7.08,7.08,7.08,0.6866037735849057,3.01,21,False
12326,24.5259,-81.5198,2016,2015-08-25,2016-08-24,,41.67,2.4,2.16,2.16,6.95,0.8579245283018866,2.06,21,False
12328,24.5262,-81.5042,2015,2014-09-01,2015-09-01,,32.64,6.0,4.49,4.49,5.47,0.649245283018868,2.99,7,False
12329,24.5262,-81.6261,2015,2014-09-10,2015-09-10,,20.94,5.4,5.5,5.5,5.79,0.6654716981132076,3.02,14,False
12330,24.5262,-81.5042,2014,2013-09-05,2014-09-05,,83.81,5.3,5.47,5.47,5.47,0.7781132075471697,2.17,14,False
12332,24.5264,-81.6244,2016,2015-09-15,2016-09-14,,2.8,8.0,3.5,3.5,7.51,0.7907547169811322,2.08,0,False
12335,24.527,-81.5582,2014,2013-09-05,2014-09-05,,56.24,7.8,5.68,5.68,5.68,0.7794339622641508,2.11,14,False
12336,24.527,-81.5466,2014,2013-09-05,2014-09-05,,66.52,6.4,5.47,5.47,5.47,0.7781132075471697,2.17,14,False
12340,24.5286,-81.6359,2013,2012-09-09,2013-09-09,,1.04,6.6,0.0,0.0,0.8200000000000001,0.11056603773584907,2.11,0,False
12341,24.5298,-81.6304,2015,2014-09-10,2015-09-10,,23.38,4.9,5.5,5.5,5.79,0.6654716981132076,3.02,14,False
12342,24.5302,-81.4774,2014,2013-09-04,2014-09-04,,69.19,13.2,5.19,5.19,5.19,0.7807547169811319,2.15,7,False
12344,24.5302,-81.4724,2014,2013-09-04,2014-09-04,,60.68,13.0,5.19,5.19,5.19,0.7807547169811319,2.15,7,False
12347,24.5312,-81.4843,2014,2013-09-04,2014-09-04,,81.08,6.3,5.19,5.19,5.19,0.7807547169811319,2.15,7,False
12351,24.533,-81.4685,2014,2013-09-04,2014-09-04,,65.42,7.7,5.19,5.19,5.19,0.7807547169811319,2.15,7,False
12354,24.5339,-81.4714,2014,2013-09-04,2014-09-04,,49.31,5.5,5.19,5.19,5.19,0.7807547169811319,2.15,7,False
12356,24.5348,-81.6321,2015,2014-09-10,2015-09-10,,17.38,5.2,5.5,5.5,5.79,0.6654716981132076,3.02,14,False
12363,24.5378,-81.5945,2013,2012-09-09,2013-09-09,,1.01,3.6,0.0,0.0,0.8,0.1137735849056604,2.1,0,False
12365,24.5384,-81.4534,2016,2015-09-20,2016-09-19,,6.67,5.8,2.74,2.74,6.58,0.8094339622641509,2.07,0,False
12367,24.539,-81.5722,2014,2013-09-08,2014-09-08,,53.55,7.3,5.68,5.68,5.68,0.7794339622641508,2.11,14,False
12371,24.5408,-81.6119,2015,2014-09-22,2015-09-22,,18.9,4.6,7.51,7.51,7.51,0.6932075471698114,3.02,21,False
12374,24.542,-81.4153,2015,2014-09-17,2015-09-17,,51.69,12.8,5.8500000000000005,5.8500000000000005,5.8500000000000005,0.6877358490566038,2.89,21,False
12375,24.5421,-81.4153,2015,2014-01-27,2015-01-27,,14.25,12.4,0.0,3.64,5.19,0.6352830188679247,2.09,7,False
12375,24.5421,-81.4153,2016,2015-02-02,2016-02-02,,4.87,12.4,0.0,4.44,6.47,0.9690566037735849,2.89,21,False
12378,24.5432,-81.4706,2014,2013-09-04,2014-09-04,,57.18,7.8,5.19,5.19,5.19,0.7807547169811319,2.15,7,False
12379,24.5439,-81.5671,2014,2013-09-08,2014-09-08,,47.12,4.9,5.68,5.68,5.68,0.7794339622641508,2.11,14,False
12381,24.5451,-81.427,2015,2014-09-02,2015-09-02,,55.43,11.4,4.08,4.08,5.19,0.6620754716981133,2.89,7,False
12382,24.5452,-81.4112,2013,2012-09-10,2013-09-10,,2.53,7.2,0.0,0.0,0.71,0.13942307692307693,2.07,0,False
12387,24.5453,-81.4079,2015,2014-09-17,2015-09-17,,30.56,6.4,5.8500000000000005,5.8500000000000005,5.8500000000000005,0.6877358490566038,2.89,21,False
12388,24.5453,-81.4079,2015,2014-01-27,2015-01-27,,13.25,5.2,0.0,3.64,5.19,0.6352830188679247,2.09,7,False
12388,24.5453,-81.4079,2016,2015-02-02,2016-02-02,,6.03,5.5,0.0,4.44,6.47,0.9690566037735849,2.89,21,False
12390,24.5461,-81.4073,2016,2015-09-13,2016-09-12,,1.12,3.0,2.54,2.54,6.47,0.8107547169811319,2.07,0,False
12393,24.5469,-81.4028,2014,2013-08-29,2014-08-29,,36.81,4.2,5.03,5.03,5.03,0.770188679245283,2.09,7,False
12394,24.5469,-81.4289,2016,2015-09-13,2016-09-12,,10.26,10.6,2.54,2.54,6.47,0.8107547169811319,2.07,0,False
12402,24.5479,-81.4024,2016,2015-09-13,2016-09-12,,0.0,3.6,2.54,2.54,6.47,0.8107547169811319,2.07,0,False
12403,24.5482,-81.5741,2016,2015-09-15,2016-09-14,,1.42,6.6,3.43,3.43,7.08,0.7939622641509434,2.08,0,False
12404,24.5486,-81.7124,2015,2014-08-18,2015-08-18,,42.11,3.7,2.92,2.92,6.5600000000000005,0.6507547169811321,2.97,14,False
12407,24.5489,-81.4148,2014,2013-08-29,2014-08-29,,46.72,7.2,5.03,5.03,5.03,0.770188679245283,2.09,7,False
12409,24.549,-81.402,2013,2012-09-10,2013-09-10,,0.0,3.0,0.0,0.0,0.71,0.13942307692307693,2.07,0,False
12410,24.5496,-81.4419,2016,2015-09-17,2016-09-16,,9.23,8.1,2.54,2.54,6.47,0.8107547169811319,2.07,0,False
12411,24.5497,-81.4427,2015,2014-09-02,2015-09-02,,55.24,7.2,4.08,4.08,5.19,0.6620754716981133,2.89,7,False
12415,24.55,-81.5237,2015,2014-09-01,2015-09-01,,19.44,8.3,5.25,5.25,6.42,0.6058490566037734,3.17,7,False
12417,24.5505,-81.5745,2013,2012-09-09,2013-09-09,,1.0,4.8,0.0,0.0,1.48,0.03999999999999999,2.1,0,False
12418,24.5508,-81.7019,2013,2012-10-16,2013-10-16,,0.0,1.8,0.15,0.15,1.21,0.05773584905660377,1.99,0,False
12422,24.5523,-81.3838,2013,2012-09-11,2013-09-11,,5.41,5.6,0.0,0.0,0.79,0.08283018867924527,2.22,0,False
12423,24.5523,-81.4438,2015,2014-09-02,2015-09-02,,35.66,5.8,4.86,4.86,6.24,0.6247169811320754,3.1,7,False
12425,24.5524,-81.3841,2014,2013-08-29,2014-08-29,,55.69,5.8,5.69,5.69,5.69,0.7639622641509433,2.17,14,False
12434,24.5532,-81.3794,2016,2015-09-20,2016-09-19,,13.58,5.7,3.45,3.45,6.74,0.7883018867924527,2.09,0,False
12435,24.5534,-81.4331,2014,2013-09-03,2014-09-03,,62.33,6.4,6.09,6.09,6.09,0.7683018867924529,2.28,14,False
12436,24.5534,-81.3807,2015,2014-09-02,2015-09-02,,41.38,5.6,4.82,4.82,5.8500000000000005,0.6298113207547169,3.06,7,False
12438,24.5542,-81.5888,2014,2013-09-08,2014-09-08,,51.17,5.4,6.68,6.68,6.68,0.7666037735849058,2.26,21,False
12442,24.557,-81.3668,2015,2014-09-03,2015-09-03,,59.31,6.8,4.82,4.82,5.8500000000000005,0.6298113207547169,3.06,7,False
12444,24.5576,-81.3529,2013,2012-09-09,2013-09-09,,1.47,11.1,0.0,0.0,0.79,0.08471698113207546,2.22,0,False
12445,24.5578,-81.672,2015,2014-09-09,2015-09-09,,44.44,3.4,6.68,6.68,6.78,0.619811320754717,3.1,21,False
12447,24.5586,-81.354,2014,2013-09-03,2014-09-03,,72.73,7.6,5.69,5.69,5.69,0.7639622641509433,2.17,14,False
12448,24.5592,-81.509,2016,2015-09-15,2016-09-14,,0.64,6.0,4.07,4.07,7.71,0.7641509433962265,2.19,7,False
12450,24.5594,-81.4794,2015,2014-09-01,2015-09-01,,23.33,9.1,4.92,4.92,6.11,0.6200000000000001,3.13,7,False
12454,24.5601,-81.5016,2013,2012-09-12,2013-09-12,,1.96,5.2,0.0,0.0,1.31,0.039433962264150954,2.17,0,False
12456,24.5603,-81.5021,2015,2014-09-23,2015-09-23,,26.11,5.4,7.71,7.71,7.71,0.6437735849056603,3.17,21,False
12457,24.5603,-81.5021,2015,2014-01-21,2015-01-21,,3.99,4.8,0.0,3.95,6.42,0.5556603773584907,2.33,14,False
12457,24.5603,-81.5021,2016,2015-03-03,2016-03-02,,1.31,4.9,0.0,0.62,7.71,1.0303773584905662,3.17,21,False
12459,24.561,-81.4003,2013,2012-09-10,2013-09-10,,1.36,7.0,0.0,0.0,0.81,0.06865384615384616,2.24,0,False
12465,24.5631,-81.4005,2014,2013-09-03,2014-09-03,,49.77,7.0,6.09,6.09,6.09,0.7683018867924529,2.28,14,False
12470,24.5633,-81.6592,2015,2014-09-09,2015-09-09,,55.56,3.2,6.68,6.68,6.78,0.619811320754717,3.1,21,False
12477,24.5654,-81.3933,2014,2013-08-29,2014-08-29,,55.64,7.7,5.69,5.69,5.69,0.7639622641509433,2.17,14,False
12479,24.5658,-81.3344,2015,2014-09-03,2015-09-03,,91.67,7.8,4.59,4.59,5.82,0.6537735849056604,3.02,7,False
12483,24.5669,-81.3886,2016,2015-09-13,2016-09-12,,0.64,7.6,3.45,3.45,6.9,0.7850943396226415,2.09,0,False
12486,24.5687,-81.3254,2013,2012-09-12,2013-09-12,,1.9,6.0,0.0,0.0,0.75,0.10735849056603773,2.22,0,False
12487,24.5687,-81.3266,2015,2014-09-03,2015-09-03,,56.21,5.8,4.59,4.59,5.82,0.6537735849056604,3.02,7,False
12490,24.5695,-81.4593,2014,2013-09-03,2014-09-03,,48.07,6.3,6.11,6.11,6.11,0.7699999999999999,2.32,14,False
12491,24.5696,-82.925,2016,2015-09-15,2016-09-14,,22.37,14.0,0.0,0.0,6.890000000000001,0.7767924528301887,2.5500000000000003,0,False
12492,24.5697,-81.33,2015,2014-09-03,2015-09-03,,64.17,6.7,4.59,4.59,5.82,0.6537735849056604,3.02,7,False
12495,24.5715,-81.6375,2015,2014-09-09,2015-09-09,,44.44,2.2,6.4,6.4,6.63,0.6211320754716981,3.15,21,False
12497,24.5728,-81.5911,2013,2012-09-09,2013-09-09,,0.95,5.7,0.0,0.0,1.48,0.03999999999999999,2.1,0,False
12499,24.5742,-81.3282,2014,2013-09-03,2014-09-03,,58.45,5.2,5.65,5.65,5.65,0.7709433962264151,2.12,14,False
12500,24.5746,-81.3187,2014,2013-09-03,2014-09-03,,66.39,7.9,5.65,5.65,5.65,0.7709433962264151,2.12,14,False
12502,24.5756,-82.9478,2014,2013-09-19,2014-09-19,,32.35,15.6,3.74,3.74,3.74,0.7943396226415096,1.57,0,False
12504,24.5759,-81.3203,2015,2014-09-03,2015-09-03,,66.67,6.2,4.59,4.59,5.82,0.6537735849056604,3.02,7,False
12505,24.576,-82.9123,2016,2015-09-15,2016-09-14,,24.64,13.3,0.0,0.0,6.890000000000001,0.7767924528301887,2.5500000000000003,0,False
12507,24.577,-82.9749,2016,2015-09-23,2016-09-22,,17.56,16.2,0.0,0.0,6.79,0.7656603773584906,2.52,0,False
12508,24.578,-81.5911,2015,2014-09-22,2015-09-22,,11.59,2.7,8.03,8.03,8.03,0.649245283018868,3.18,28,False
12513,24.5807,-81.5901,2015,2014-09-22,2015-09-22,,16.67,3.0,8.03,8.03,8.03,0.649245283018868,3.18,28,False
12514,24.5808,-81.2721,2015,2014-08-25,2015-08-25,,65.28,7.4,3.23,3.23,5.83,0.6371698113207548,3.01,7,False
12517,24.5822,-82.9272,2016,2015-09-16,2016-09-15,,12.05,13.4,0.0,0.0,6.890000000000001,0.7767924528301887,2.5500000000000003,0,False
12518,24.5825,-82.9266,2016,2015-09-16,2016-09-15,,8.96,16.2,0.0,0.0,6.890000000000001,0.7767924528301887,2.5500000000000003,0,False
12519,24.5834,-82.9716,2014,2013-09-21,2014-09-21,,34.2,13.3,3.39,3.39,3.39,0.7822641509433963,1.58,0,False
12521,24.5852,-82.9727,2014,2013-09-09,2014-09-09,,20.0,13.8,3.39,3.39,3.39,0.7662264150943396,1.58,0,False
12526,24.5857,-81.5826,2015,2014-09-22,2015-09-22,,54.49,2.4,8.03,8.03,8.03,0.649245283018868,3.18,28,False
12527,24.5857,-81.5826,2015,2014-01-21,2015-01-21,,0.0,2.4,0.0,4.03,6.68,0.5583018867924529,2.26,21,False
12527,24.5857,-81.5826,2016,2015-03-03,2016-03-02,,0.98,3.1,0.0,0.63,8.03,1.039433962264151,3.18,28,False
12530,24.5861,-81.2523,2015,2014-08-25,2015-08-25,,71.43,9.2,3.23,3.23,5.83,0.6371698113207548,3.01,7,False
12532,24.5868,-82.9164,2014,2013-09-09,2014-09-09,,55.33,7.4,3.74,3.74,3.74,0.7779245283018869,1.57,0,False
12533,24.5871,-81.2366,2014,2013-08-20,2014-08-20,,22.84,14.6,2.62,2.62,2.62,0.7043396226415094,2.16,0,False
12540,24.5916,-81.2326,2015,2014-08-25,2015-08-25,,63.49,9.6,2.95,2.95,4.97,0.6467924528301887,2.95,0,False
12542,24.5926,-81.2208,2015,2014-08-25,2015-08-25,,60.82,13.4,2.95,2.95,4.97,0.6467924528301887,2.95,0,False
12544,24.5933,-82.9017,2016,2015-09-16,2016-09-15,,12.61,5.3,0.0,0.0,6.890000000000001,0.7767924528301887,2.5500000000000003,0,False
12547,24.5944,-81.2218,2014,2013-10-08,2014-10-08,,75.0,10.7,4.97,4.97,4.97,0.7764150943396225,2.16,0,False
12549,24.5949,-81.2258,2016,2015-09-08,2016-09-07,,17.44,9.4,2.88,2.88,6.09,0.8122641509433963,2.14,7,False
12552,24.5958,-81.3954,2014,2013-08-29,2014-08-29,,43.08,6.1,5.69,5.69,5.69,0.7639622641509433,2.17,14,False
12556,24.5969,-81.2645,2014,2013-08-20,2014-08-20,,33.33,7.9,3.13,3.13,3.13,0.707358490566038,2.14,0,False
12557,24.5971,-81.2646,2016,2015-09-08,2016-09-07,,15.38,8.0,3.22,3.22,6.47,0.8083018867924531,2.11,7,False
12558,24.5973,-81.2647,2015,2014-08-25,2015-08-25,,43.84,7.9,3.23,3.23,5.83,0.6371698113207548,3.01,7,False
12560,24.598,-81.2277,2015,2014-10-14,2015-10-14,,38.1,7.0,6.09,6.09,6.09,0.6760377358490567,2.95,14,False
12563,24.6,-81.2062,2014,2013-08-20,2014-08-20,,30.61,10.6,3.64,3.64,3.64,0.7088679245283017,2.35,0,False
12565,24.6004,-81.2063,2015,2014-10-14,2015-10-14,,46.67,11.6,7.0600000000000005,7.0600000000000005,7.0600000000000005,0.6354716981132077,3.18,14,False
12570,24.6016,-81.25,2014,2013-08-20,2014-08-20,,32.29,7.7,3.64,3.64,3.64,0.7088679245283017,2.35,0,False
12571,24.6017,-82.9571,2014,2013-09-19,2014-09-19,,27.41,14.0,3.0700000000000003,3.0700000000000003,3.0700000000000003,0.7924528301886793,1.62,0,False
12572,24.6018,-81.2077,2016,2015-09-08,2016-09-07,,12.7,7.9,3.83,3.83,7.0600000000000005,0.7992452830188678,2.29,7,False
12573,24.6022,-82.9818,2014,2013-09-21,2014-09-21,,14.04,15.6,3.0700000000000003,3.0700000000000003,3.0700000000000003,0.7924528301886793,1.62,0,False
12574,24.6033,-81.2057,2014,2013-08-20,2014-08-20,,50.88,6.4,3.64,3.64,3.64,0.7088679245283017,2.35,0,False
12577,24.6045,-82.9499,2016,2015-09-21,2016-09-20,,18.06,13.3,0.0,0.0,6.53,0.781320754716981,2.61,0,False
12581,24.6058,-81.429,2014,2013-08-29,2014-08-29,,46.85,3.4,6.88,6.88,6.88,0.7471698113207547,2.5,21,False
12582,24.6059,-82.9343,2016,2015-09-23,2016-09-22,,12.05,16.7,0.0,0.0,6.53,0.781320754716981,2.61,0,False
12585,24.6062,-82.9542,2016,2015-09-21,2016-09-20,,29.58,13.2,0.0,0.0,6.57,0.7818867924528303,2.6,0,False
12590,24.6096,-81.1788,2016,2015-09-08,2016-09-07,,5.56,8.6,3.48,3.48,6.7,0.801509433962264,2.24,0,False
12595,24.6109,-82.9385,2014,2013-09-19,2014-09-19,,44.72,11.7,3.56,3.56,3.56,0.8054716981132074,1.64,0,False
12596,24.611,-82.9024,2014,2013-09-09,2014-09-09,,60.88,8.9,3.56,3.56,3.56,0.7894339622641509,1.64,0,False
12598,24.6114,-82.903,2016,2015-09-16,2016-09-15,,11.67,13.7,0.0,0.0,6.53,0.7935849056603773,2.61,0,False
12599,24.6116,-82.9602,2014,2013-09-21,2014-09-21,,18.12,14.6,3.0700000000000003,3.0700000000000003,3.0700000000000003,0.7924528301886793,1.62,0,False
12600,24.6117,-82.8978,2016,2015-09-21,2016-09-20,,24.0,4.4,0.0,0.0,6.47,0.7932075471698115,2.58,0,False
12603,24.6139,-81.3937,2014,2013-08-29,2014-08-29,,80.0,3.9,6.09,6.09,6.09,0.7683018867924529,2.28,14,True
12604,24.6145,-82.8704,2016,2015-09-15,2016-09-14,,5.72,4.8,0.0,0.0,6.47,0.8062264150943398,2.58,0,False
12605,24.6148,-81.3917,2016,2015-09-13,2016-09-12,,2.56,3.4,3.6,3.6,7.1000000000000005,0.7837735849056605,2.12,0,True
12608,24.6156,-82.9267,2014,2013-09-09,2014-09-09,,50.38,11.1,3.56,3.56,3.56,0.7894339622641509,1.64,0,False
12610,24.6163,-81.3915,2014,2013-08-29,2014-08-29,,81.48,2.7,6.09,6.09,6.09,0.7683018867924529,2.28,14,True
12611,24.6166,-81.3907,2016,2015-09-13,2016-09-12,,7.25,2.0,3.6,3.6,7.1000000000000005,0.7837735849056605,2.12,0,True
12612,24.6169,-82.8922,2015,2014-09-22,2015-09-22,,38.89,8.6,6.47,6.47,6.47,0.5888679245283018,2.48,7,False
12617,24.6184,-81.3789,2016,2015-09-13,2016-09-12,,0.0,2.1,3.6,3.6,7.1000000000000005,0.7837735849056605,2.12,0,True
12618,24.6188,-82.9594,2016,2015-09-23,2016-09-22,,20.83,11.6,0.0,0.0,6.57,0.7818867924528303,2.6,0,False
12628,24.6213,-81.363,2013,2012-09-11,2013-09-11,,1.68,3.8,0.0,0.0,0.81,0.07226415094339622,2.24,0,True
12630,24.6214,-82.8932,2016,2015-09-21,2016-09-20,,10.18,3.2,0.0,0.0,6.47,0.7932075471698115,2.58,0,False
12634,24.6216,-81.1163,2013,2012-09-13,2013-09-13,,7.33,13.4,0.0,0.0,0.54,0.0681132075471698,2.23,0,False
12635,24.6217,-81.1564,2016,2015-09-08,2016-09-07,,11.11,7.8,3.48,3.48,6.7,0.801509433962264,2.24,0,False
12637,24.6223,-81.1118,2015,2014-09-18,2015-09-18,,47.18,15.0,5.43,5.43,5.43,0.6566037735849056,3.02,7,False
12638,24.6223,-81.112,2015,2014-01-30,2015-01-30,,4.2,14.2,0.0,2.44,5.42,0.6260377358490566,2.37,7,False
12638,24.6223,-81.112,2016,2015-02-08,2016-02-08,,4.03,15.6,0.0,2.5500000000000003,5.43,0.970754716981132,3.02,7,False
12639,24.6225,-81.123,2014,2013-08-04,2014-08-04,,64.05,8.4,0.87,0.87,0.87,0.6709433962264152,2.37,0,False
12642,24.6237,-82.8597,2014,2013-09-20,2014-09-20,,33.33,9.1,3.9,3.9,3.9,0.8115094339622642,1.67,0,False
12648,24.6249,-82.834,2016,2015-09-15,2016-09-14,,14.74,10.8,0.0,0.0,6.41,0.8230188679245284,2.5500000000000003,0,False
12654,24.6253,-81.1116,2015,2014-01-30,2015-01-30,,7.47,5.2,0.0,2.44,5.42,0.6260377358490566,2.37,7,False
12654,24.6253,-81.1116,2016,2015-02-08,2016-02-08,,10.49,5.3,0.0,2.5500000000000003,5.43,0.970754716981132,3.02,7,False
12656,24.6255,-81.1104,2015,2014-09-18,2015-09-18,,41.53,5.4,5.43,5.43,5.43,0.6566037735849056,3.02,7,False
12662,24.626,-82.8153,2015,2014-09-24,2015-09-24,,45.33,11.0,6.41,6.41,6.41,0.5858490566037736,2.49,7,False
12663,24.626,-81.1082,2016,2015-09-16,2016-09-15,,1.75,7.4,3.08,3.08,5.43,0.7816981132075473,2.25,0,False
12664,24.6262,-81.1093,2016,2015-09-16,2016-09-15,,6.98,4.5,3.08,3.08,5.43,0.7816981132075473,2.25,0,False
12666,24.6262,-82.9417,2015,2014-09-22,2015-09-22,,28.37,5.0,6.53,6.53,6.53,0.5962264150943396,2.48,7,False
12667,24.6268,-81.1084,2016,2015-09-16,2016-09-15,,5.05,5.2,3.08,3.08,5.43,0.7816981132075473,2.25,0,False
12668,24.6269,-81.1075,2015,2014-09-03,2015-09-03,,39.51,6.8,4.19,4.19,5.42,0.6362264150943397,3.02,7,False
12674,24.6271,-81.1084,2013,2012-09-13,2013-09-13,,5.05,8.4,0.0,0.0,0.54,0.0681132075471698,2.23,0,False
12677,24.6273,-82.8538,2016,2015-09-23,2016-09-22,,11.11,14.0,0.0,0.0,6.47,0.7932075471698115,2.58,0,False
12681,24.6275,-82.838,2014,2013-09-20,2014-09-20,,24.65,10.4,4.39,4.39,4.39,0.8224528301886792,1.72,7,False
12685,24.6291,-82.8588,2014,2013-09-09,2014-09-09,,39.1,9.0,3.9,3.9,3.9,0.7952830188679244,1.67,0,False
12693,24.6309,-81.0918,2013,2012-09-30,2013-09-30,,8.77,7.0,0.0,0.0,0.36,0.09773584905660376,2.18,0,False
12698,24.6324,-81.0874,2015,2014-09-03,2015-09-03,,46.08,5.4,3.85,3.85,5.07,0.649245283018868,2.95,0,False
12699,24.6324,-81.0904,2016,2015-09-16,2016-09-15,,11.11,3.7,2.56,2.56,5.07,0.7856603773584906,2.28,0,False
12700,24.6325,-82.8766,2016,2015-09-23,2016-09-22,,13.54,6.8,0.0,0.0,6.47,0.7932075471698115,2.58,0,False
12701,24.6329,-81.0899,2013,2012-10-08,2013-10-08,,1.15,4.2,0.0,0.0,0.36,0.1073076923076923,2.18,0,False
12703,24.6329,-81.0879,2013,2012-09-30,2013-09-30,,2.56,4.8,0.0,0.0,0.36,0.09773584905660376,2.18,0,False
12706,24.6334,-82.8766,2014,2013-09-17,2014-09-17,,43.94,9.6,3.9,3.9,3.9,0.802264150943396,1.67,0,False
12708,24.6342,-82.8105,2014,2013-09-20,2014-09-20,,34.75,7.2,4.39,4.39,4.39,0.8224528301886792,1.72,7,False
12709,24.6342,-81.0845,2015,2014-09-02,2015-09-02,,33.33,6.1,3.85,3.85,5.07,0.649245283018868,2.95,0,False
12713,24.6358,-82.9033,2015,2014-09-22,2015-09-22,,40.35,2.7,6.53,6.53,6.53,0.5962264150943396,2.48,7,False
12715,24.6361,-82.8036,2014,2013-09-20,2014-09-20,,39.08,5.8,4.39,4.39,4.39,0.8224528301886792,1.72,7,False
12716,24.6362,-81.0894,2013,2012-09-13,2013-09-13,,0.0,4.6,0.0,0.0,0.36,0.08471698113207547,2.18,0,False
12717,24.6365,-82.846,2014,2013-09-18,2014-09-18,,59.52,13.8,4.39,4.39,4.39,0.8224528301886792,1.72,7,False
12719,24.6379,-81.0674,2016,2015-09-16,2016-09-15,,3.48,13.4,2.56,2.56,5.07,0.7856603773584906,2.28,0,False
12725,24.6403,-82.8985,2014,2013-09-21,2014-09-21,,51.39,3.0,3.9,3.9,3.9,0.8115094339622642,1.67,0,False
12728,24.6421,-82.8274,2015,2014-09-24,2015-09-24,,46.53,5.5,6.41,6.41,6.41,0.5858490566037736,2.49,7,False
12730,24.6425,-82.8444,2014,2013-09-21,2014-09-21,,30.63,16.4,4.39,4.39,4.39,0.8224528301886792,1.72,7,False
12731,24.6425,-82.937,2015,2014-09-23,2015-09-23,,68.75,13.3,6.53,6.53,6.53,0.5962264150943396,2.48,7,False
12733,24.6436,-82.856,2016,2015-09-24,2016-09-23,,8.15,8.7,0.0,0.0,6.47,0.7932075471698115,2.58,0,False
12734,24.6442,-81.0475,2016,2015-09-28,2016-09-27,,9.02,10.4,2.08,2.08,4.32,0.8094339622641509,2.3000000000000003,0,False
12736,24.6485,-81.0328,2016,2015-09-28,2016-09-27,,5.33,11.0,2.08,2.08,4.32,0.8094339622641509,2.3000000000000003,0,False
12741,24.6497,-82.9391,2015,2014-09-22,2015-09-22,,57.58,13.5,6.53,6.53,6.53,0.5962264150943396,2.48,7,False
12747,24.6525,-82.787,2016,2015-09-15,2016-09-14,,20.83,12.6,0.0,0.0,6.16,0.8545283018867925,2.5500000000000003,0,False
12749,24.6531,-81.022,2016,2015-09-29,2016-09-28,,10.14,6.6,3.99,3.99,5.0200000000000005,0.8175471698113208,2.33,0,False
12753,24.657,-81.008,2016,2015-09-29,2016-09-28,,12.5,5.8,3.99,3.99,5.0200000000000005,0.8175471698113208,2.33,0,False
12760,24.6606,-82.9333,2015,2014-09-23,2015-09-23,,52.25,16.3,6.2700000000000005,6.2700000000000005,6.2700000000000005,0.6062264150943397,2.53,7,False
12762,24.6618,-82.8454,2014,2013-09-10,2014-09-10,,50.53,5.9,4.21,4.21,4.21,0.8158490566037735,1.8,7,False
12764,24.662,-81.0132,2016,2015-10-01,2016-09-30,,7.53,5.8,3.99,3.99,5.0200000000000005,0.8175471698113208,2.33,0,False
12770,24.6631,-81.0993,2014,2013-08-04,2014-08-04,,53.44,7.2,1.41,1.41,1.41,0.6654716981132075,2.5,0,False
12772,24.6635,-82.8756,2016,2015-09-22,2016-09-21,,11.92,11.6,0.0,0.0,6.41,0.8162264150943396,2.6,0,False
12776,24.6658,-81.0726,2014,2013-09-22,2014-09-22,,21.84,2.7,6.34,6.34,6.34,0.7688679245283019,2.5,7,False
12777,24.6658,-81.0707,2016,2015-09-16,2016-09-15,,5.13,4.7,3.46,3.46,6.11,0.7781132075471698,2.36,0,False
12780,24.667,-82.8591,2016,2015-09-22,2016-09-21,,24.78,12.2,0.0,0.0,6.41,0.8162264150943396,2.6,0,False
12781,24.6673,-82.8346,2014,2013-09-10,2014-09-10,,46.22,6.4,4.21,4.21,4.21,0.8158490566037735,1.8,7,False
12783,24.668,-82.7774,2016,2015-09-15,2016-09-14,,15.87,13.3,0.0,0.0,6.16,0.8545283018867925,2.5500000000000003,0,False
12785,24.6692,-82.8936,2015,2014-09-23,2015-09-23,,33.67,9.0,6.41,6.41,6.41,0.6022641509433962,2.52,7,False
12788,24.6695,-82.8752,2015,2014-09-23,2015-09-23,,32.0,4.6,6.41,6.41,6.41,0.6022641509433962,2.52,7,False
12789,24.6695,-82.8742,2014,2013-09-10,2014-09-10,,53.0,5.8,4.03,4.03,4.03,0.8071698113207547,1.75,7,False
12792,24.67,-80.9741,2016,2015-09-24,2016-09-23,,3.81,6.4,3.02,3.02,5.01,0.8077358490566037,2.34,0,False
12793,24.6701,-82.8999,2015,2014-09-23,2015-09-23,,33.33,7.2,6.41,6.41,6.41,0.6022641509433962,2.52,7,False
12799,24.6755,-82.8259,2014,2013-09-20,2014-09-20,,52.59,8.4,4.21,4.21,4.21,0.8324528301886793,1.8,7,False
12800,24.6769,-80.9433,2016,2015-09-24,2016-09-23,,15.38,14.4,2.83,2.83,4.67,0.8145283018867926,2.32,0,False
12802,24.6779,-80.9519,2014,2013-09-19,2014-09-19,,41.67,6.2,5.51,5.51,5.51,0.7816981132075471,2.44,7,False
12804,24.6783,-81.042,2013,2012-10-08,2013-10-08,,1.68,6.1,0.14,0.14,0.8300000000000001,0.07923076923076923,2.28,0,False
12806,24.68,-82.905,2014,2013-09-10,2014-09-10,,66.01,8.5,3.37,3.37,3.37,0.7979245283018869,1.7,0,False
12809,24.6828,-82.8922,2015,2014-09-23,2015-09-23,,30.95,3.6,6.41,6.41,6.41,0.6022641509433962,2.52,7,False
12814,24.6857,-80.9659,2014,2013-09-19,2014-09-19,,17.86,3.3,5.51,5.51,5.51,0.7816981132075471,2.44,7,False
12815,24.6857,-81.045,2015,2014-09-03,2015-09-03,,17.22,6.1,4.21,4.21,5.84,0.6347169811320755,3.12,7,False
12816,24.6858,-80.9659,2016,2015-09-24,2016-09-23,,7.69,3.7,3.02,3.02,5.01,0.8077358490566037,2.34,0,False
12817,24.6862,-80.9619,2016,2015-09-24,2016-09-23,,4.9,3.7,3.02,3.02,5.01,0.8077358490566037,2.34,0,False
12818,24.6866,-80.9629,2014,2013-09-19,2014-09-19,,18.18,3.2,5.51,5.51,5.51,0.7816981132075471,2.44,7,False
12822,24.6884,-82.8844,2014,2013-09-10,2014-09-10,,38.28,6.8,4.03,4.03,4.03,0.8071698113207547,1.75,7,False
12827,24.6894,-81.0302,2015,2014-09-24,2015-09-24,,15.7,4.3,5.34,5.34,5.84,0.6528301886792451,3.12,7,False
12828,24.6895,-81.0302,2015,2014-02-03,2015-02-03,,2.1,4.4,0.0,2.67,5.84,0.6286792452830189,2.46,7,False
12828,24.6895,-81.0302,2016,2015-03-16,2016-03-15,,2.19,3.2,0.0,0.0,5.34,0.9283018867924528,3.12,7,False
12833,24.6911,-81.0499,2014,2013-09-10,2014-09-10,,12.5,4.2,5.84,5.84,5.84,0.7537735849056602,2.46,7,False
12834,24.6916,-82.9121,2016,2015-09-24,2016-09-23,,24.82,12.2,0.0,0.0,6.2700000000000005,0.8041509433962264,2.65,0,False
12835,24.6918,-82.8441,2014,2013-09-20,2014-09-20,,36.87,12.0,4.21,4.21,4.21,0.8324528301886793,1.8,7,False
12836,24.6929,-81.021,2015,2014-09-30,2015-09-30,,21.38,6.1,5.34,5.34,5.84,0.6622641509433961,3.12,7,False
12848,24.6953,-80.9375,2016,2015-09-29,2016-09-28,,2.94,4.4,3.12,3.12,4.67,0.8296226415094341,2.32,0,False
12849,24.6956,-81.0518,2016,2015-09-29,2016-09-28,,0.0,3.3,4.3500000000000005,4.3500000000000005,5.62,0.8118867924528302,2.36,7,False
12850,24.6956,-80.9392,2015,2014-09-30,2015-09-30,,78.0,4.9,4.67,4.67,4.71,0.6873584905660378,2.94,0,False
12851,24.6957,-81.0381,2015,2014-09-30,2015-09-30,,15.15,5.2,5.34,5.34,5.84,0.6622641509433961,3.12,7,False
12854,24.696,-82.7768,2016,2015-09-15,2016-09-14,,77.78,6.2,0.0,0.0,6.16,0.8545283018867925,2.5500000000000003,0,False
12855,24.6965,-80.9049,2013,2012-09-25,2013-09-25,,3.3,7.8,0.0,0.0,0.35,0.13962264150943396,2.06,0,False
12856,24.6966,-81.0361,2015,2014-09-30,2015-09-30,,0.0,5.2,5.34,5.34,5.84,0.6622641509433961,3.12,7,False
12860,24.6975,-81.0351,2014,2013-09-10,2014-09-10,,33.33,4.9,5.84,5.84,5.84,0.7537735849056602,2.46,7,False
12862,24.6976,-82.8638,2015,2014-09-22,2015-09-22,,38.46,6.4,6.41,6.41,6.41,0.6022641509433962,2.52,7,False
12866,24.6978,-80.9698,2016,2015-09-24,2016-09-23,,6.6,5.8,3.02,3.02,5.01,0.8077358490566037,2.34,0,False
12871,24.6993,-80.9669,2015,2014-09-24,2015-09-24,,22.54,5.8,5.16,5.16,5.51,0.6669811320754716,3.03,0,False
12872,24.6993,-80.9669,2015,2014-02-03,2015-02-03,,2.5,6.3,0.0,2.47,5.51,0.6449056603773585,2.44,7,False
12872,24.6993,-80.9669,2016,2015-03-16,2016-03-15,,2.62,5.2,0.0,0.0,5.16,0.9279245283018868,3.03,0,False
12873,24.6994,-80.9689,2013,2012-09-25,2013-09-25,,2.84,5.4,0.0,0.0,0.52,0.10603773584905662,2.16,0,False
12875,24.6996,-80.9691,2015,2014-09-30,2015-09-30,,29.47,5.8,5.16,5.16,5.51,0.6775471698113207,3.03,0,False
12884,24.7013,-80.9653,2016,2015-09-24,2016-09-23,,5.06,3.7,3.8,3.8,5.74,0.818679245283019,2.43,0,False
12885,24.7023,-82.853,2016,2015-09-14,2016-09-13,,21.74,3.0,0.0,0.0,5.98,0.8479245283018868,2.61,0,False
12886,24.7024,-82.847,2016,2015-09-14,2016-09-13,,32.43,3.2,0.0,0.0,5.95,0.8592452830188679,2.56,0,False
12887,24.7029,-82.8147,2015,2014-09-22,2015-09-22,,13.58,2.7,5.95,5.95,5.95,0.6158490566037736,2.57,7,False
12891,24.7047,-80.9392,2015,2014-09-30,2015-09-30,,38.35,6.2,5.9,5.9,6.08,0.6813207547169812,3.21,7,False
12894,24.7057,-82.8718,2014,2013-09-19,2014-09-19,,42.86,10.6,3.81,3.81,3.81,0.8318867924528303,1.86,0,False
12895,24.7065,-80.9362,2014,2013-09-30,2014-09-30,,33.33,6.7,6.08,6.08,6.08,0.7922641509433963,2.56,7,False
12901,24.7082,-82.8086,2015,2014-09-22,2015-09-22,,35.19,4.3,5.95,5.95,5.95,0.6158490566037736,2.57,7,False
12902,24.7083,-82.7977,2015,2014-09-22,2015-09-22,,18.42,4.6,5.76,5.76,5.76,0.6166037735849058,2.58,0,False
12903,24.7085,-82.7839,2016,2015-09-14,2016-09-13,,22.0,12.7,0.0,0.0,5.76,0.8679245283018869,2.54,0,False
12904,24.7093,-82.8749,2014,2013-09-19,2014-09-19,,37.63,11.4,3.81,3.81,3.81,0.8318867924528303,1.86,0,False
12905,24.7093,-82.7918,2015,2014-09-22,2015-09-22,,28.3,15.4,5.76,5.76,5.76,0.6166037735849058,2.58,0,False
12906,24.7105,-80.9294,2014,2013-09-30,2014-09-30,,37.41,8.5,6.08,6.08,6.08,0.7922641509433963,2.56,7,False
12907,24.7109,-82.8837,2014,2013-09-19,2014-09-19,,39.62,13.4,3.81,3.81,3.81,0.8318867924528303,1.86,0,False
12918,24.7154,-82.8176,2015,2014-09-22,2015-09-22,,50.0,5.2,5.95,5.95,5.95,0.6158490566037736,2.57,7,False
12925,24.7198,-82.8245,2015,2014-09-22,2015-09-22,,49.46,9.9,5.95,5.95,5.95,0.6158490566037736,2.57,7,False
12928,24.7228,-82.8038,2016,2015-09-14,2016-09-13,,10.78,13.2,0.0,0.0,5.95,0.8592452830188679,2.56,0,False
12930,24.7244,-82.8177,2016,2015-09-22,2016-09-21,,12.91,18.6,0.0,0.0,5.95,0.8471698113207545,2.56,0,False
12931,24.7244,-82.8147,2015,2014-09-22,2015-09-22,,15.43,17.0,5.95,5.95,5.95,0.6158490566037736,2.57,7,False
12936,24.7254,-80.9317,2013,2012-09-25,2013-09-25,,3.69,6.1,0.15,0.15,1.18,0.10754716981132076,2.34,0,False
12938,24.7258,-80.9315,2016,2015-09-29,2016-09-28,,1.69,5.8,4.46,4.46,5.41,0.8552830188679245,2.46,7,False
12942,24.728,-80.8213,2016,2015-09-23,2016-09-22,,0.0,9.1,3.06,3.06,4.72,0.849811320754717,2.38,0,False
12945,24.7345,-80.8096,2016,2015-09-23,2016-09-22,,5.49,10.6,3.06,3.06,4.72,0.849811320754717,2.38,0,False
12946,24.7353,-80.8107,2016,2015-09-23,2016-09-22,,4.17,7.0,3.06,3.06,4.72,0.849811320754717,2.38,0,False
12948,24.7453,-80.7822,2013,2012-09-26,2013-09-26,,4.71,4.6,0.0,0.0,0.32,0.2037735849056604,2.19,0,False
12949,24.7468,-80.9362,2013,2012-09-25,2013-09-25,,0.0,5.1,0.15,0.15,1.18,0.10754716981132076,2.34,0,False
12950,24.7485,-80.9318,2013,2012-09-25,2013-09-25,,0.0,4.6,0.15,0.15,1.18,0.10754716981132076,2.34,0,False
12957,24.7604,-80.9068,2013,2012-09-25,2013-09-25,,0.0,4.3,0.5,0.5,2.09,0.07773584905660377,2.71,0,False
12959,24.7633,-80.7592,2016,2015-09-22,2016-09-21,,0.0,6.6,3.49,3.49,5.3500000000000005,0.8758490566037737,2.44,0,False
12960,24.7634,-80.7552,2016,2015-09-22,2016-09-21,,7.52,10.0,3.49,3.49,5.3500000000000005,0.8758490566037737,2.44,0,False
12962,24.765,-80.7353,2016,2015-09-03,2016-09-02,,6.06,15.4,2.3000000000000003,2.3000000000000003,4.97,0.9077358490566036,2.31,7,False
12963,24.7678,-80.7504,2016,2015-09-22,2016-09-21,,4.76,5.5,3.49,3.49,5.3500000000000005,0.8758490566037737,2.44,0,False
12965,24.7703,-80.7438,2013,2012-09-26,2013-09-26,,4.01,8.6,0.0,0.0,0.35,0.2147169811320755,2.41,0,False
12971,24.7844,-80.7634,2013,2012-09-26,2013-09-26,,2.08,5.1,0.0,0.0,0.85,0.19264150943396222,2.56,0,False
12973,24.7972,-80.7838,2015,2014-09-25,2015-09-25,,13.58,3.7,5.3500000000000005,5.3500000000000005,5.45,0.7069811320754719,3.01,7,False
12974,24.7972,-80.784,2015,2014-02-17,2015-02-17,,0.0,3.7,0.0,0.15,5.45,0.5935849056603775,2.56,7,False
12974,24.7972,-80.784,2016,2015-02-02,2016-02-02,,0.0,3.6,0.0,3.2,5.3500000000000005,0.9866037735849057,3.01,7,False
13029,24.9206,-80.5063,2014,2013-10-01,2014-10-01,,59.11,7.2,4.84,4.84,4.84,0.7554716981132074,2.32,0,False
13034,24.9386,-80.4914,2015,2014-10-07,2015-10-07,,50.0,6.2,4.26,4.26,4.63,0.6801886792452829,2.56,7,False
13038,24.9411,-80.5552,2013,2012-09-25,2013-09-25,,9.52,5.0,0.0,0.0,0.35,0.22245283018867923,2.43,0,False
13047,24.9503,-80.5508,2013,2012-09-12,2013-09-12,,2.63,3.8,0.0,0.0,0.67,0.22245283018867926,2.64,0,False
13051,24.9517,-80.5469,2014,2013-10-01,2014-10-01,,38.89,4.3,5.3,5.3,5.3,0.739433962264151,2.4,0,False
13052,24.9518,-80.4514,2015,2014-09-22,2015-09-22,,61.64,17.1,4.8,4.8,4.87,0.6626415094339624,2.72,7,False
13053,24.9519,-80.4513,2015,2014-02-24,2015-02-24,,21.69,16.0,0.0,0.0,4.87,0.5230188679245283,2.17,0,False
13053,24.9519,-80.4513,2016,2015-03-02,2016-03-01,,15.4,16.2,0.0,0.17,4.8,1.0249056603773585,2.72,7,False
13054,24.9521,-80.4596,2016,2015-09-22,2016-09-21,,21.21,5.1,1.73,1.73,4.8,0.8675471698113209,2.14,0,False
13057,24.9542,-80.5458,2015,2014-10-07,2015-10-07,,100.0,4.0,5.53,5.53,5.53,0.6950943396226414,2.91,14,False
13060,24.955,-80.458,2016,2015-09-22,2016-09-21,,7.41,5.6,1.73,1.73,4.8,0.8675471698113209,2.14,0,False
13062,24.9566,-80.4923,2015,2014-10-07,2015-10-07,,25.78,5.0,4.8,4.8,4.87,0.6847169811320755,2.72,7,False
13064,24.9588,-80.4545,2013,2012-09-12,2013-09-12,,4.76,10.3,0.0,0.0,0.31,0.2141509433962264,2.09,0,False
13067,24.9638,-80.4507,2015,2014-10-07,2015-10-07,,62.63,7.9,4.8,4.8,4.87,0.6847169811320755,2.72,7,False
13068,24.9642,-80.5428,2014,2013-10-01,2014-10-01,,16.67,3.7,5.3,5.3,5.3,0.739433962264151,2.4,0,False
13070,24.9664,-80.5373,2013,2012-09-25,2013-09-25,,15.87,4.2,0.0,0.0,0.34,0.21754716981132075,2.31,0,False
13076,24.9728,-80.4368,2015,2014-10-07,2015-10-07,,29.63,6.0,4.25,4.25,4.62,0.6732075471698113,2.5500000000000003,7,False
13079,24.9763,-80.4209,2015,2014-10-08,2015-10-08,,27.22,10.2,4.25,4.25,4.62,0.6732075471698113,2.5500000000000003,7,False
13083,24.9781,-80.4258,2015,2014-10-07,2015-10-07,,28.3,5.4,4.25,4.25,4.62,0.6732075471698113,2.5500000000000003,7,False
13086,24.9791,-80.4377,2015,2014-10-07,2015-10-07,,46.21,6.4,4.25,4.25,4.62,0.6732075471698113,2.5500000000000003,7,False
13094,24.9859,-80.413,2013,2012-09-12,2013-09-12,,3.88,11.4,0.0,0.0,0.15,0.21264150943396223,1.91,0,False
13097,24.9872,-80.4146,2013,2012-09-12,2013-09-12,,7.32,3.4,0.0,0.0,0.15,0.21264150943396223,1.91,0,False
13098,24.9876,-80.4677,2013,2012-09-12,2013-09-12,,3.65,4.0,0.0,0.0,0.31,0.2141509433962264,2.09,0,False
13107,24.9917,-80.4153,2016,2015-09-22,2016-09-21,,8.33,2.8,0.66,0.66,4.25,0.8577358490566038,2.13,0,False
13109,24.9927,-80.4436,2014,2013-10-01,2014-10-01,,59.17,4.4,4.62,4.62,4.62,0.7430188679245281,2.27,0,False
13113,24.9992,-80.4669,2015,2014-02-25,2015-02-25,,12.2,4.4,0.0,0.0,4.87,0.5230188679245283,2.17,0,False
13113,24.9992,-80.4669,2016,2015-02-02,2016-02-02,,7.81,4.6,0.0,3.16,4.8,0.9620754716981132,2.72,7,False
13115,24.9992,-80.4231,2016,2015-09-22,2016-09-21,,19.05,5.5,0.66,0.66,4.25,0.8577358490566038,2.13,0,False
13116,24.9992,-80.467,2015,2014-09-25,2015-09-25,,32.55,4.3,4.8,4.8,4.87,0.6758490566037735,2.72,7,False
13129,25.007,-80.3758,2015,2014-10-06,2015-10-06,,53.4,13.4,4.07,4.07,4.46,0.6662264150943397,2.51,0,False
13130,25.0072,-80.3756,2015,2014-02-09,2015-02-09,,22.97,13.0,0.0,1.34,4.46,0.600754716981132,2.26,0,False
13130,25.0072,-80.3756,2016,2015-03-19,2016-03-18,,21.78,13.2,0.0,0.0,4.07,0.9609433962264153,2.51,0,False
13134,25.0086,-80.376,2015,2014-10-07,2015-10-07,,55.24,6.5,4.07,4.07,4.46,0.6662264150943397,2.51,0,False
13135,25.0086,-80.3771,2015,2014-10-08,2015-10-08,,48.23,4.8,4.07,4.07,4.46,0.6662264150943397,2.51,0,False
13136,25.0086,-80.3761,2016,2015-03-19,2016-03-18,,18.89,6.1,0.0,0.0,4.07,0.9609433962264153,2.51,0,False
13137,25.0088,-80.3765,2015,2014-02-13,2015-02-13,,21.17,6.0,0.0,0.17,4.46,0.5454716981132075,1.99,0,False
13138,25.009,-80.3891,2015,2014-10-08,2015-10-08,,45.61,5.6,4.07,4.07,4.46,0.6662264150943397,2.51,0,False
13143,25.0114,-80.3741,2014,2013-10-07,2014-10-07,,47.28,7.0,4.46,4.46,4.46,0.7386792452830188,2.26,0,False
13144,25.0124,-80.4039,2015,2014-10-08,2015-10-08,,67.13,6.4,4.75,4.75,4.84,0.6728301886792453,2.68,7,False
13151,25.0185,-80.3672,2015,2014-10-08,2015-10-08,,37.72,5.0,4.07,4.07,4.46,0.6662264150943397,2.51,0,False
13158,25.0255,-80.4043,2013,2012-09-09,2013-09-09,,17.2,4.1,0.0,0.0,0.31,0.21132075471698114,2.08,0,False
13165,25.0306,-80.4268,2013,2012-09-09,2013-09-09,,11.51,4.3,0.0,0.0,0.31,0.21132075471698114,2.08,0,False
13173,25.0377,-80.4152,2016,2015-09-09,2016-09-08,,20.77,3.0,1.52,1.52,4.75,0.8847169811320752,2.08,7,False
13177,25.0418,-80.428,2013,2012-09-09,2013-09-09,,12.93,3.8,0.0,0.0,0.31,0.21132075471698114,2.08,0,False
13180,25.0446,-80.4684,2015,2014-09-30,2015-09-30,,16.67,2.6,5.48,5.48,5.48,0.6775471698113208,2.86,14,False
13181,25.0447,-80.4684,2015,2014-02-09,2015-02-09,,16.67,2.4,0.0,1.44,5.26,0.590377358490566,2.39,0,False
13181,25.0447,-80.4684,2016,2015-02-02,2016-02-02,,0.0,2.4,0.0,3.56,5.48,0.9884905660377359,2.86,14,False
13202,25.0668,-80.3725,2016,2015-09-09,2016-09-08,,8.7,1.5,1.29,1.29,4.67,0.8830188679245282,2.04,7,False
13204,25.067,-80.3854,2015,2014-09-10,2015-09-10,,28.72,2.0,3.5,3.5,4.82,0.6281132075471698,2.62,0,False
13205,25.0683,-80.3924,2014,2013-09-19,2014-09-19,,51.35,2.8,4.82,4.82,4.82,0.709811320754717,2.26,0,False
13219,25.0869,-80.3113,2014,2013-10-07,2014-10-07,,56.6,9.0,4.28,4.28,4.28,0.7354716981132075,2.22,0,False
13230,25.1026,-80.3436,2016,2015-09-09,2016-09-08,,10.87,1.5,0.79,0.79,4.21,0.8813207547169812,2.03,7,False
13232,25.1031,-80.3244,2015,2014-09-30,2015-09-30,,50.59,5.2,4.21,4.21,4.71,0.6349056603773585,2.54,7,False
13232,25.1031,-80.3244,2016,2015-02-24,2016-02-24,,14.81,4.6,0.0,0.97,4.21,0.9916981132075472,2.54,7,False
13233,25.1032,-80.3243,2015,2014-02-23,2015-02-23,,16.3,4.4,0.0,0.0,4.71,0.4864150943396226,1.93,0,False
13242,25.1086,-80.3062,2014,2013-10-07,2014-10-07,,52.46,4.8,4.71,4.71,4.71,0.7030188679245284,2.21,0,False
13252,25.1145,-80.3445,2013,2012-09-09,2013-09-09,,14.38,5.0,0.0,0.0,0.29,0.19037735849056606,1.98,0,False
13255,25.1181,-80.3755,2016,2015-09-09,2016-09-08,,6.86,2.5,1.67,1.67,4.73,0.8743396226415092,2.01,7,False
13265,25.1299,-80.2864,2013,2012-09-26,2013-09-26,,16.15,8.4,0.0,0.0,0.0,0.22,1.84,0,False
13266,25.1308,-80.3644,2014,2013-10-15,2014-10-15,,29.82,4.8,4.94,4.94,4.94,0.6649056603773585,2.25,0,False
13271,25.1347,-80.2759,2013,2012-09-26,2013-09-26,,14.34,9.1,0.0,0.0,0.0,0.22,1.84,0,False
13272,25.1383,-80.315,2016,2015-10-04,2016-10-03,,23.16,2.8,0.79,0.79,4.21,0.8737735849056604,2.03,0,False
13277,25.1415,-80.3139,2015,2014-09-10,2015-09-10,,20.72,2.0,3.24,3.24,4.71,0.6152830188679245,2.54,0,False
13279,25.1437,-80.2569,2013,2012-09-26,2013-09-26,,28.79,7.3,0.0,0.0,0.0,0.22,1.84,0,False
13284,25.1485,-80.3609,2015,2014-09-10,2015-09-10,,31.48,2.0,3.76,3.76,4.94,0.6133962264150943,2.69,0,False
13286,25.1505,-80.3563,2016,2015-09-09,2016-09-08,,21.43,2.4,1.9,1.9,4.79,0.8699999999999999,2.0,0,False
13290,25.1604,-80.2589,2013,2012-09-20,2013-09-20,,20.2,15.8,0.0,0.0,0.0,0.1920754716981132,1.92,0,False
13293,25.1688,-80.2621,2013,2012-09-19,2013-09-19,,16.78,6.2,0.0,0.0,0.0,0.1920754716981132,1.92,0,False
13297,25.183,-80.2952,2016,2015-10-04,2016-10-03,,19.28,4.7,0.62,0.62,3.5,0.880566037735849,2.06,0,False
13310,25.2078,-80.222,2014,2013-09-17,2014-09-17,,61.78,2.8,4.04,4.04,4.04,0.7064150943396226,2.14,0,False
13312,25.2094,-80.2755,2014,2013-10-15,2014-10-15,,33.7,4.0,4.2700000000000005,4.2700000000000005,4.2700000000000005,0.6535849056603772,2.16,0,False
13314,25.2122,-80.2186,2013,2012-09-19,2013-09-19,,8.89,3.6,0.0,0.0,0.0,0.2092452830188679,1.85,0,False
13317,25.2134,-80.263,2014,2013-10-15,2014-10-15,,27.52,1.9,4.2700000000000005,4.2700000000000005,4.2700000000000005,0.6535849056603772,2.16,0,False
13326,25.2154,-80.2742,2015,2014-09-11,2015-09-11,,24.0,3.4,4.13,4.13,4.2700000000000005,0.6039622641509433,2.57,0,False
13327,25.2157,-80.2328,2016,2015-09-24,2016-09-23,,13.54,3.4,0.31,0.31,3.23,0.889622641509434,2.08,0,False
13332,25.2202,-80.211,2014,2013-09-17,2014-09-17,,33.67,2.8,4.04,4.04,4.04,0.7064150943396226,2.14,0,False
13337,25.2228,-80.2202,2014,2013-09-18,2014-09-18,,78.84,7.0,4.04,4.04,4.04,0.7222641509433961,2.14,0,False
13338,25.2238,-80.2091,2014,2013-09-17,2014-09-17,,40.74,3.8,4.04,4.04,4.04,0.7064150943396226,2.14,0,False
13341,25.225,-80.2075,2013,2012-09-19,2013-09-19,,8.12,12.6,0.0,0.0,0.0,0.2092452830188679,1.85,0,False
13342,25.2263,-80.2169,2014,2013-09-18,2014-09-18,,72.41,6.8,4.04,4.04,4.04,0.7222641509433961,2.14,0,False
13346,25.232,-80.2603,2016,2015-10-04,2016-10-03,,6.8,2.9,0.97,0.97,4.13,0.8766037735849055,2.02,0,False
13350,25.2356,-80.2615,2013,2012-09-10,2013-09-10,,4.53,3.4,0.0,0.0,0.14,0.16788461538461538,2.02,0,False
13352,25.2372,-80.2588,2014,2013-10-15,2014-10-15,,28.23,3.0,4.2700000000000005,4.2700000000000005,4.2700000000000005,0.6535849056603772,2.16,0,False
13360,25.2399,-80.2012,2014,2013-09-10,2014-09-10,,43.86,7.6,4.04,4.04,4.04,0.6958490566037736,2.14,0,False
13365,25.2553,-80.2051,2014,2013-09-10,2014-09-10,,74.48,8.8,4.13,4.13,4.13,0.6649056603773585,2.13,0,False
13375,25.2735,-80.2274,2014,2013-10-06,2014-10-06,,31.07,1.7,4.13,4.13,4.13,0.6945283018867924,2.13,0,False
13376,25.2768,-80.1756,2014,2013-09-22,2014-09-22,,50.8,12.4,3.65,3.65,3.65,0.7526415094339622,2.1,0,False
13377,25.2769,-80.1771,2014,2013-09-22,2014-09-22,,45.52,14.4,3.65,3.65,3.65,0.7526415094339622,2.1,0,False
13379,25.2829,-80.2447,2014,2013-10-15,2014-10-15,,22.58,4.2,4.13,4.13,4.13,0.6788679245283018,2.13,0,False
13382,25.2849,-80.2247,2014,2013-10-06,2014-10-06,,40.53,3.5,4.13,4.13,4.13,0.6945283018867924,2.13,0,False
13386,25.2951,-80.2187,2015,2014-09-11,2015-09-11,,29.52,3.7,3.44,3.44,4.13,0.6149056603773586,2.5,0,False
13393,25.2993,-80.1621,2015,2014-10-14,2015-10-14,,42.86,8.1,2.83,2.83,3.65,0.6684905660377358,2.33,0,False
13394,25.3034,-80.2154,2015,2014-09-11,2015-09-11,,37.21,2.8,3.84,3.84,4.11,0.600943396226415,2.58,0,False
13395,25.305,-80.2157,2014,2013-10-06,2014-10-06,,52.67,4.6,4.11,4.11,4.11,0.6620754716981133,2.12,0,False
13409,25.3224,-80.1823,2013,2012-10-14,2013-10-14,,4.17,2.8,0.0,0.0,0.0,0.24490566037735853,1.84,0,False
13417,25.3319,-80.1857,2015,2014-10-15,2015-10-15,,63.4,3.7,3.02,3.02,3.69,0.6618867924528303,2.4,0,False
13418,25.3326,-80.2195,2014,2013-09-12,2014-09-12,,22.22,4.1,4.11,4.11,4.11,0.6473584905660379,2.12,0,False
13419,25.3328,-80.165,2016,2015-08-20,2016-08-19,,3.42,9.9,0.0,0.0,3.02,0.9483018867924526,2.07,0,False
13422,25.3334,-80.218,2013,2012-10-14,2013-10-14,,7.69,4.6,0.0,0.0,0.0,0.1849056603773585,2.0,0,False
13425,25.3358,-80.1662,2013,2012-10-04,2013-10-04,,7.58,8.5,0.0,0.0,0.0,0.2464150943396227,1.84,0,False
13430,25.3385,-80.1603,2013,2012-10-04,2013-10-04,,17.28,8.6,0.0,0.0,0.0,0.2464150943396227,1.84,0,False
13431,25.3398,-80.1529,2015,2014-10-15,2015-10-15,,56.41,11.2,3.02,3.02,3.69,0.6618867924528303,2.4,0,False
13444,25.3514,-80.194,2013,2012-10-04,2013-10-04,,4.5,2.8,0.0,0.0,0.0,0.23320754716981132,1.91,0,False
13445,25.3525,-80.1558,2015,2014-10-15,2015-10-15,,30.3,9.6,3.11,3.11,3.61,0.6573584905660378,2.46,0,False
13446,25.3535,-80.1518,2014,2013-09-18,2014-09-18,,63.1,7.1,3.61,3.61,3.61,0.7107547169811321,2.1,0,False
13447,25.3549,-80.1619,2013,2012-10-14,2013-10-14,,7.64,7.6,0.0,0.0,0.0,0.2309433962264151,1.91,0,False
13449,25.3592,-80.1522,2014,2013-09-18,2014-09-18,,61.26,5.0,3.61,3.61,3.61,0.7107547169811321,2.1,0,False
13458,25.3632,-80.1658,2016,2015-08-20,2016-08-19,,3.55,3.4,0.14,0.14,3.11,0.9462264150943397,2.04,0,False
13463,25.3669,-80.1696,2014,2013-09-12,2014-09-12,,62.75,3.2,3.61,3.61,3.61,0.6988679245283018,2.1,0,False
13465,25.3673,-80.1402,2013,2012-09-25,2013-09-25,,6.41,5.8,0.0,0.0,0.0,0.28641509433962264,1.79,0,False
13484,25.3913,-80.1545,2015,2014-09-11,2015-09-11,,54.9,4.3,3.11,3.11,3.61,0.6303773584905661,2.46,0,False
13487,25.3957,-80.1316,2015,2014-10-14,2015-10-14,,39.68,8.1,2.49,2.49,3.01,0.6932075471698114,2.3000000000000003,0,False
13491,25.4011,-80.1296,2015,2014-10-14,2015-10-14,,22.22,9.8,2.52,2.52,2.89,0.6947169811320754,2.34,0,False
13498,25.4034,-80.132,2013,2012-09-25,2013-09-25,,4.17,2.6,0.0,0.0,0.0,0.27943396226415096,1.84,0,False
13508,25.4153,-80.151,2015,2014-09-11,2015-09-11,,49.8,2.2,3.13,3.13,3.36,0.6273584905660377,2.5,0,False
13511,25.4184,-80.1553,2015,2014-10-14,2015-10-14,,22.81,3.6,3.13,3.13,3.36,0.6558490566037737,2.5,0,False
13512,25.4184,-80.1553,2015,2014-09-21,2015-09-21,,36.81,3.0,3.13,3.13,3.36,0.6213207547169811,2.5,0,False
13526,25.4289,-80.1637,2013,2012-09-25,2013-09-25,,3.1,4.3,0.0,0.0,0.0,0.21150943396226413,1.95,0,False
13537,25.442,-80.122,2014,2013-09-05,2014-09-05,,31.58,2.1,2.89,2.89,2.89,0.7533962264150945,2.07,0,False
13540,25.4456,-80.1151,2014,2013-09-05,2014-09-05,,31.03,13.4,2.89,2.89,2.89,0.7533962264150945,2.07,0,False
13546,25.4479,-80.1779,2013,2012-09-09,2013-09-09,,0.0,5.5,0.0,0.0,0.0,0.20490566037735847,1.95,0,False
13556,25.4557,-80.1237,2013,2012-09-17,2013-09-17,,4.26,6.1,0.0,0.0,0.0,0.271923076923077,1.88,0,False
13563,25.4628,-80.1333,2014,2013-09-05,2014-09-05,,58.91,4.1,2.91,2.91,2.91,0.7475471698113207,2.09,0,False
13571,25.4679,-80.1182,2015,2014-09-04,2015-09-04,,40.87,8.6,2.18,2.18,2.91,0.6641509433962264,2.35,0,False
13585,25.4865,-80.1414,2013,2012-10-07,2013-10-07,,2.04,5.0,0.0,0.0,0.0,0.28301886792452835,1.88,0,False
13595,25.4958,-80.11,2014,2013-09-19,2014-09-19,,70.83,6.8,2.91,2.91,2.91,0.7709433962264151,2.09,0,False
13598,25.4976,-80.109,2015,2014-09-28,2015-09-28,,55.73,8.4,2.8000000000000003,2.8000000000000003,2.91,0.6705660377358489,2.35,0,False
13602,25.4991,-80.1353,2013,2012-09-17,2013-09-17,,0.0,4.3,0.0,0.0,0.0,0.271923076923077,1.88,0,False
13606,25.5043,-80.1062,2015,2014-09-04,2015-09-04,,29.89,9.5,1.98,1.98,2.44,0.6620754716981133,2.34,0,False
13614,25.5174,-80.1243,2013,2012-10-07,2013-10-07,,0.0,7.9,0.0,0.0,0.0,0.2775471698113207,1.91,0,False
13618,25.5264,-80.1199,2015,2014-09-03,2015-09-03,,31.48,7.3,1.98,1.98,2.44,0.659622641509434,2.34,0,False
13619,25.5273,-80.1079,2014,2013-09-19,2014-09-19,,43.59,6.7,2.44,2.44,2.44,0.7626415094339623,2.08,0,False
13620,25.5284,-80.1187,2015,2014-09-03,2015-09-03,,12.22,7.0,1.98,1.98,2.44,0.659622641509434,2.34,0,False
13631,25.5441,-80.1012,2013,2012-10-07,2013-10-07,,5.56,4.9,0.0,0.0,0.0,0.2775471698113207,1.91,0,False
13633,25.5455,-80.1106,2015,2014-09-28,2015-09-28,,24.07,5.9,2.44,2.44,2.44,0.6679245283018868,2.34,0,False
13634,25.5463,-80.1016,2015,2014-09-03,2015-09-03,,17.28,3.7,1.98,1.98,2.44,0.659622641509434,2.34,0,False
13640,25.5671,-80.1081,2015,2014-09-08,2015-09-08,,20.0,4.0,1.93,1.93,2.4,0.6554716981132075,2.31,0,False
13645,25.573,-80.0993,2014,2013-09-19,2014-09-19,,63.27,6.7,2.48,2.48,2.48,0.8324528301886792,2.04,0,False
13647,25.5744,-80.1134,2015,2014-09-08,2015-09-08,,4.0,4.6,1.93,1.93,2.4,0.6554716981132075,2.31,0,False
13648,25.5752,-80.1019,2014,2013-09-04,2014-09-04,,70.63,5.4,2.4,2.4,2.4,0.7256603773584905,2.06,0,False
13652,25.5777,-80.1137,2014,2013-09-19,2014-09-19,,38.46,3.8,2.4,2.4,2.4,0.7488679245283019,2.06,0,False
13659,25.587,-80.1063,2015,2014-09-28,2015-09-28,,28.07,4.8,2.52,2.52,2.52,0.6605660377358489,2.31,0,False
13664,25.5896,-80.0934,2015,2014-09-08,2015-09-08,,15.38,11.8,1.71,1.71,2.48,0.6947169811320755,2.18,0,False
13668,25.5918,-80.0952,2014,2013-09-19,2014-09-19,,55.21,5.9,2.48,2.48,2.48,0.8324528301886792,2.04,0,False
13669,25.5978,-80.1042,2016,2015-09-23,2016-09-22,,6.67,5.8,0.46,0.46,2.52,0.9367924528301886,2.05,0,False
13670,25.6005,-80.1022,2015,2014-09-08,2015-09-08,,44.44,4.8,1.58,1.58,2.18,0.639245283018868,2.26,0,False
13674,25.625,-80.0995,2014,2013-09-04,2014-09-04,,48.89,7.6,2.43,2.43,2.43,0.7930188679245281,2.02,0,False
13675,25.6276,-80.0951,2015,2014-09-08,2015-09-08,,28.79,6.1,1.52,1.52,2.43,0.6813207547169812,2.14,0,False
13676,25.6303,-80.098,2016,2015-09-23,2016-09-22,,2.08,8.2,0.0,0.0,1.97,0.9618867924528303,2.09,0,False
13678,25.6434,-80.0971,2013,2012-09-09,2013-09-09,,4.55,7.4,0.0,0.0,0.0,0.3171698113207548,1.88,0,False
13680,25.6506,-80.0964,2013,2012-09-09,2013-09-09,,3.85,6.6,0.0,0.0,0.0,0.3,1.84,0,False
13681,25.6518,-80.0946,2016,2015-03-02,2016-03-01,,4.76,7.8,0.0,0.0,1.36,1.020754716981132,2.08,0,False
13681,25.6518,-80.0946,2016,2015-08-26,2016-08-25,,5.56,9.1,0.0,0.0,1.36,0.9635849056603772,2.06,0,False
13683,25.6601,-80.0968,2015,2014-09-28,2015-09-28,,6.67,5.5,1.36,1.36,2.38,0.6650943396226415,2.08,0,False
13685,25.6682,-80.0987,2016,2015-09-08,2016-09-07,,2.22,8.2,0.0,0.0,1.36,0.9466037735849056,2.06,0,False
13687,25.6726,-80.0884,2016,2015-03-02,2016-03-01,,14.81,13.4,0.0,0.0,1.36,1.020754716981132,2.08,0,False
13687,25.6726,-80.0884,2016,2015-08-20,2016-08-19,,22.81,13.1,0.0,0.0,1.36,0.9690566037735846,2.06,0,False
13688,25.6741,-80.0942,2013,2012-09-10,2013-09-10,,4.94,6.7,0.0,0.0,0.0,0.3011538461538462,1.84,0,False
13689,25.6749,-80.0984,2013,2012-09-10,2013-09-10,,4.96,7.0,0.0,0.0,0.0,0.3011538461538462,1.84,0,False
13693,25.6772,-80.0976,2015,2014-09-08,2015-09-08,,28.33,7.4,1.06,1.06,2.38,0.6626415094339622,2.08,0,False
13696,25.6785,-80.1186,2016,2015-03-03,2016-03-02,,0.0,7.7,0.0,0.0,1.69,1.0071698113207548,2.19,0,False
13696,25.6785,-80.1186,2016,2015-08-26,2016-08-25,,4.76,7.6,0.0,0.0,1.69,0.9190566037735849,1.97,0,False
13699,25.683,-80.1,2013,2012-10-10,2013-10-10,,9.33,8.4,0.0,0.0,0.0,0.31433962264150944,1.84,0,False
13700,25.6908,-80.0976,2014,2013-09-15,2014-09-15,,56.79,5.8,2.38,2.38,2.38,0.7811320754716983,1.98,0,False
13701,25.6921,-80.0964,2013,2012-09-12,2013-09-12,,13.73,6.7,0.0,0.0,0.0,0.2983018867924529,1.84,0,False
13703,25.6959,-80.0974,2013,2012-09-12,2013-09-12,,1.96,7.9,0.0,0.0,0.0,0.2983018867924529,1.84,0,False
13705,25.7003,-80.0969,2013,2012-09-12,2013-09-12,,6.25,9.1,0.0,0.0,0.0,0.2805660377358491,1.79,0,False
13707,25.7016,-80.102,2013,2012-09-09,2013-09-09,,0.0,7.6,0.0,0.0,0.0,0.2064150943396226,1.76,0,False
13709,25.7048,-80.0979,2013,2012-09-12,2013-09-12,,6.06,7.9,0.0,0.0,0.0,0.2805660377358491,1.79,0,False
13710,25.7158,-80.0982,2014,2013-09-15,2014-09-15,,46.85,9.1,1.77,1.77,1.77,0.750188679245283,1.92,0,False
13712,25.7261,-80.0986,2016,2015-09-08,2016-09-07,,9.68,9.7,0.0,0.0,1.2,0.9232075471698115,1.98,0,False
13715,25.7332,-80.0893,2014,2013-09-15,2014-09-15,,25.78,14.2,1.77,1.77,1.77,0.750188679245283,1.92,0,False
13716,25.7351,-80.1142,2015,2014-09-28,2015-09-28,,35.8,7.4,1.22,1.22,1.62,0.5977358490566038,2.09,0,False
13718,25.7374,-80.1161,2015,2014-09-28,2015-09-28,,8.33,8.8,1.22,1.22,1.62,0.5977358490566038,2.09,0,False
13719,25.746,-80.1201,2014,2013-09-15,2014-09-15,,33.33,6.9,1.62,1.62,1.62,0.6567924528301887,1.9,0,False
13722,25.75,-80.1056,2013,2012-10-03,2013-10-03,,25.0,6.5,0.0,0.0,0.0,0.21339622641509431,1.67,0,False
13725,25.7515,-80.1316,2015,2014-09-28,2015-09-28,,34.11,5.9,1.21,1.21,1.44,0.5743396226415094,2.01,0,False
13728,25.76,-80.1307,2014,2013-09-18,2014-09-18,,62.12,3.5,1.44,1.44,1.44,0.6399999999999999,1.84,0,False
13729,25.764,-80.0963,2014,2013-09-18,2014-09-18,,63.16,12.4,1.59,1.59,1.59,0.730566037735849,1.87,0,False
13730,25.7657,-80.099,2014,2013-09-18,2014-09-18,,45.05,7.7,1.59,1.59,1.59,0.730566037735849,1.87,0,False
13731,25.7684,-80.089,2014,2013-09-18,2014-09-18,,26.88,13.4,1.59,1.59,1.59,0.730566037735849,1.87,0,False
13733,25.7709,-80.0968,2015,2014-07-22,2015-07-22,,25.0,10.7,0.0,0.0,1.59,0.609811320754717,1.95,0,False
13734,25.7738,-80.088,2014,2013-09-19,2014-09-19,,26.67,16.3,1.59,1.59,1.59,0.730566037735849,1.87,0,False
13736,25.7778,-80.1116,2015,2014-07-22,2015-07-22,,12.12,8.0,0.0,0.0,1.44,0.5603773584905661,2.01,0,False
13738,25.7792,-80.0877,2016,2015-09-20,2016-09-19,,22.73,18.7,0.0,0.0,0.9,0.8900000000000001,1.88,0,False
13739,25.7801,-80.0889,2016,2015-09-14,2016-09-13,,16.67,13.2,0.0,0.0,0.9,0.8847169811320755,1.88,0,False
13740,25.7802,-80.0877,2015,2014-09-17,2015-09-17,,50.0,17.6,0.9,0.9,1.59,0.6179245283018868,1.95,0,False
13741,25.7817,-80.0877,2016,2015-09-20,2016-09-19,,27.78,18.0,0.0,0.0,0.9,0.8900000000000001,1.88,0,False
13750,25.7958,-80.0979,2015,2014-09-17,2015-09-17,,52.17,10.7,0.9,0.9,1.59,0.6179245283018868,1.95,0,False
13751,25.7965,-80.1038,2014,2013-09-15,2014-09-15,,59.05,8.5,1.44,1.44,1.44,0.6284905660377358,1.84,0,False
13756,25.8039,-80.105,2015,2014-07-22,2015-07-22,,15.0,8.0,0.0,0.0,1.44,0.5415094339622643,1.91,0,False
13758,25.8088,-80.1119,2015,2014-09-25,2015-09-25,,44.44,5.1,1.07,1.07,1.44,0.558490566037736,1.91,0,False
13759,25.8094,-80.1099,2015,2014-07-22,2015-07-22,,24.32,5.5,0.0,0.0,1.44,0.5415094339622643,1.91,0,False
13762,25.8142,-80.0905,2015,2014-09-25,2015-09-25,,6.67,15.4,1.05,1.05,1.44,0.5981132075471699,1.88,0,False
13764,25.8175,-80.0902,2016,2015-09-14,2016-09-13,,19.3,16.2,0.0,0.0,1.05,0.858679245283019,1.87,0,False
13766,25.8226,-80.0906,2016,2015-09-14,2016-09-13,,13.89,15.4,0.0,0.0,1.05,0.858679245283019,1.87,0,False
13768,25.8249,-80.0905,2015,2014-09-25,2015-09-25,,24.44,16.8,1.05,1.05,1.44,0.5981132075471699,1.88,0,False
13773,25.8292,-80.092,2015,2014-09-25,2015-09-25,,33.33,15.8,1.05,1.05,1.44,0.5981132075471699,1.88,0,False
13778,25.8354,-80.0889,2013,2012-10-10,2013-10-10,,12.04,18.5,0.0,0.0,0.0,0.26264150943396225,1.67,0,False
13779,25.8371,-80.1054,2014,2013-09-19,2014-09-19,,34.85,6.4,1.44,1.44,1.44,0.6247169811320754,1.81,0,False
13786,25.842,-80.0951,2016,2015-02-25,2016-02-25,,2.22,13.4,0.0,0.0,1.05,0.9328301886792453,1.88,0,False
13790,25.8421,-80.0881,2016,2015-03-02,2016-03-01,,0.0,14.4,0.0,0.0,1.05,0.9556603773584904,1.88,0,False
13792,25.8422,-80.104,2015,2014-01-21,2015-01-21,,3.67,6.1,0.0,1.44,1.44,0.4726415094339623,1.81,0,False
13792,25.8422,-80.104,2016,2015-02-25,2016-02-25,,0.0,5.8,0.0,0.0,1.07,0.9050943396226415,1.91,0,False
13794,25.8423,-80.1042,2015,2014-09-03,2015-09-03,,47.62,6.4,0.92,0.92,1.44,0.5505660377358491,1.91,0,False
13799,25.847,-80.0994,2014,2013-09-19,2014-09-19,,24.36,11.5,1.44,1.44,1.44,0.7028301886792452,1.84,0,False
13800,25.8472,-80.1041,2014,2013-09-19,2014-09-19,,61.73,5.6,1.44,1.44,1.44,0.6247169811320754,1.81,0,False
13803,25.8492,-80.1043,2015,2014-09-10,2015-09-10,,62.59,4.6,0.92,0.92,1.44,0.5539622641509434,1.91,0,False
13805,25.8508,-80.109,2015,2014-07-28,2015-07-28,,19.05,4.9,0.0,0.0,1.43,0.5390566037735849,1.83,0,False
13818,25.8638,-80.1087,2013,2012-10-10,2013-10-10,,1.39,6.2,0.0,0.0,0.0,0.1920754716981132,1.56,0,False
13825,25.8759,-80.0992,2014,2013-09-19,2014-09-19,,23.19,11.8,1.45,1.45,1.45,0.6747169811320755,1.8,0,False
13827,25.8804,-80.1011,2016,2015-09-17,2016-09-16,,15.38,10.7,0.0,0.0,1.21,0.7903773584905659,1.77,0,False
13828,25.8825,-80.1008,2015,2014-09-10,2015-09-10,,19.05,9.4,1.06,1.06,1.43,0.5373584905660377,1.83,0,False
13829,25.8826,-80.1139,2015,2014-09-10,2015-09-10,,40.0,5.6,1.06,1.06,1.43,0.5373584905660377,1.83,0,False
13832,25.885,-80.112,2014,2013-09-11,2014-09-11,,29.41,7.4,1.43,1.43,1.43,0.5969811320754717,1.77,0,False
13835,25.8874,-80.0953,2015,2014-09-03,2015-09-03,,24.44,17.6,1.05,1.05,1.45,0.5681132075471698,1.81,0,False
13836,25.8878,-80.1174,2014,2013-09-11,2014-09-11,,50.0,6.1,1.43,1.43,1.43,0.5969811320754717,1.77,0,False
13839,25.8906,-80.1008,2015,2014-09-10,2015-09-10,,47.44,11.9,1.06,1.06,1.43,0.5373584905660377,1.83,0,False
13841,25.8929,-80.1043,2015,2014-09-30,2015-09-30,,63.33,8.6,1.21,1.21,1.43,0.5415094339622641,1.83,0,False
13842,25.8931,-80.108,2014,2013-09-11,2014-09-11,,70.37,7.0,1.43,1.43,1.43,0.5969811320754717,1.77,0,False
13846,25.8996,-80.1087,2015,2014-07-28,2015-07-28,,16.67,6.1,0.0,0.0,1.43,0.5390566037735849,1.83,0,False
13847,25.9021,-80.1,2014,2013-09-11,2014-09-11,,14.58,11.0,1.29,1.29,1.29,0.6352830188679247,1.79,0,False
13852,25.9087,-80.0863,2015,2014-10-05,2015-10-05,,3.51,26.0,1.06,1.06,1.29,0.5592452830188679,1.7,0,False
13853,25.9107,-80.1004,2013,2012-10-10,2013-10-10,,5.71,12.1,0.0,0.0,0.0,0.17943396226415093,1.48,0,False
13854,25.9149,-80.0936,2015,2014-09-25,2015-09-25,,33.33,15.6,1.06,1.06,1.29,0.5499999999999999,1.7,0,False
13855,25.9156,-80.1029,2016,2015-09-17,2016-09-16,,12.0,8.8,0.0,0.0,1.37,0.7667924528301887,1.78,0,False
13856,25.9175,-80.1068,2014,2013-09-11,2014-09-11,,36.23,6.8,1.28,1.28,1.28,0.5824528301886792,1.76,0,False
13861,25.9254,-80.104,2015,2014-09-10,2015-09-10,,38.46,8.0,1.22,1.22,1.28,0.5169811320754718,1.71,0,False
13864,25.9288,-80.1102,2013,2012-10-10,2013-10-10,,22.62,7.4,0.0,0.0,0.0,0.17943396226415093,1.48,0,False
13871,25.9398,-80.1162,2015,2014-09-10,2015-09-10,,29.17,5.5,1.22,1.22,1.28,0.5169811320754718,1.71,0,False
13874,25.9436,-80.0969,2014,2013-09-11,2014-09-11,,25.93,13.8,1.29,1.29,1.29,0.6352830188679247,1.79,0,False
13875,25.9437,-80.0969,2015,2014-09-03,2015-09-03,,28.57,14.0,0.91,0.91,1.29,0.5433962264150943,1.7,0,False
13876,25.9439,-80.1133,2015,2014-09-25,2015-09-25,,81.25,6.6,1.37,1.37,1.37,0.5207547169811321,1.71,0,False
13877,25.9463,-80.1026,2016,2015-09-17,2016-09-16,,15.79,7.3,0.0,0.0,1.37,0.7667924528301887,1.78,0,False
13879,25.9501,-80.101,2015,2014-09-25,2015-09-25,,12.7,8.4,1.22,1.22,1.22,0.5005660377358491,1.59,0,False
13880,25.9516,-80.1091,2015,2014-01-21,2015-01-21,,2.92,5.2,0.0,1.13,1.13,0.43584905660377365,1.75,0,False
13880,25.9516,-80.1091,2016,2015-02-25,2016-02-25,,3.33,5.8,0.0,0.0,1.22,0.8333962264150943,1.8,0,False
13881,25.9516,-80.1091,2015,2014-09-03,2015-09-03,,47.37,5.8,1.07,1.07,1.13,0.49283018867924533,1.59,0,False
13882,25.9518,-80.0996,2016,2015-09-17,2016-09-16,,6.06,12.4,0.0,0.0,1.2,0.7756603773584905,1.83,0,False
13884,25.9585,-80.0938,2015,2014-01-21,2015-01-21,,1.08,16.0,0.0,1.42,1.42,0.4747169811320754,1.77,0,False
13884,25.9585,-80.0938,2016,2015-02-25,2016-02-25,,7.69,16.7,0.0,0.0,1.2,0.8532075471698113,1.83,0,False
13885,25.9585,-80.0938,2015,2014-09-03,2015-09-03,,31.48,16.6,1.06,1.06,1.42,0.5179245283018867,1.61,0,False
13886,25.9592,-80.0989,2015,2014-09-25,2015-09-25,,45.1,12.8,1.2,1.2,1.42,0.5247169811320754,1.61,0,False
13890,25.9629,-80.1032,2015,2014-09-25,2015-09-25,,43.33,9.4,1.22,1.22,1.22,0.5005660377358491,1.59,0,False
13898,25.9716,-80.0904,2016,2015-09-17,2016-09-16,,33.33,17.8,0.0,0.0,1.2,0.7756603773584905,1.83,0,False
13899,25.9732,-80.0897,2015,2014-10-05,2015-10-05,,12.96,19.8,1.2,1.2,1.42,0.5343396226415096,1.61,0,False
13903,25.979,-80.0961,2015,2014-10-05,2015-10-05,,24.44,13.4,1.2,1.2,1.42,0.5343396226415096,1.61,0,False
13904,25.9824,-80.0954,2014,2013-09-25,2014-09-25,,34.78,15.6,1.42,1.42,1.42,0.6298113207547169,1.77,0,False
13913,25.9888,-80.0973,2016,2015-09-13,2016-09-12,,16.67,10.1,0.0,0.0,1.2,0.7756603773584905,1.83,0,False
13914,25.9914,-80.0952,2016,2015-09-22,2016-09-21,,31.25,16.5,0.0,0.0,1.2,0.7788679245283017,1.83,0,False
13919,25.9983,-80.0894,2015,2014-10-05,2015-10-05,,13.33,20.4,1.2,1.2,1.42,0.5343396226415096,1.61,0,False
13926,26.0062,-80.1127,2015,2014-10-05,2015-10-05,,17.95,5.9,0.92,0.92,1.12,0.48924528301886805,1.52,0,False
13929,26.0095,-80.1012,2014,2013-09-25,2014-09-25,,14.44,9.2,1.12,1.12,1.12,0.5686792452830188,1.73,0,False
13930,26.0097,-80.0878,2015,2014-10-02,2015-10-02,,13.04,15.6,0.91,0.91,1.28,0.5150943396226416,1.56,0,False
13942,26.0252,-80.0956,2015,2014-10-05,2015-10-05,,30.3,12.4,0.91,0.91,1.28,0.5150943396226416,1.56,0,False
13943,26.026,-80.0943,2015,2014-10-05,2015-10-05,,18.1,16.8,0.91,0.91,1.28,0.5150943396226416,1.56,0,False
13948,26.0291,-80.0883,2015,2014-10-06,2015-10-06,,15.15,15.2,0.91,0.91,1.28,0.5150943396226416,1.56,0,False
13958,26.0439,-80.1019,2016,2015-09-13,2016-09-12,,22.81,6.2,0.0,0.0,0.92,0.7290566037735849,1.79,0,False
13960,26.0467,-80.0945,2015,2014-09-03,2015-09-03,,12.82,12.9,0.91,0.91,1.28,0.499433962264151,1.56,0,False
13963,26.0518,-80.11,2015,2014-10-02,2015-10-02,,38.1,5.1,0.92,0.92,1.13,0.48000000000000004,1.51,0,False
13965,26.0537,-80.0948,2014,2013-09-25,2014-09-25,,33.33,11.8,1.14,1.14,1.14,0.6064150943396228,1.75,0,False
13970,26.0591,-80.0528,2013,2012-10-03,2013-10-03,,20.0,17.4,0.0,0.0,0.0,0.18226415094339624,1.33,0,False
13971,26.0594,-80.0987,2015,2014-10-02,2015-10-02,,13.33,9.9,0.76,0.76,1.14,0.5066037735849057,1.55,0,False
13974,26.061,-80.1028,2016,2015-09-13,2016-09-12,,15.56,7.0,0.0,0.0,0.92,0.7220754716981133,1.8,0,False
13975,26.0625,-80.054,2014,2013-10-07,2014-10-07,,11.11,14.8,1.14,1.14,1.14,0.6115094339622642,1.75,0,False
13976,26.063,-80.0925,2015,2014-10-02,2015-10-02,,30.0,15.8,0.76,0.76,1.14,0.5066037735849057,1.55,0,False
13977,26.0641,-80.0932,2013,2012-10-03,2013-10-03,,11.11,10.8,0.0,0.0,0.0,0.18226415094339624,1.33,0,False
13979,26.0645,-80.0857,2014,2013-10-07,2014-10-07,,10.14,18.5,1.14,1.14,1.14,0.6115094339622642,1.75,0,False
13984,26.0693,-80.0994,2015,2014-10-02,2015-10-02,,20.0,9.1,0.76,0.76,1.14,0.5066037735849057,1.55,0,False
13986,26.0696,-80.0972,2013,2012-10-03,2013-10-03,,14.81,11.0,0.0,0.0,0.0,0.18226415094339624,1.33,0,False
13989,26.0714,-80.0961,2015,2014-09-04,2015-09-04,,33.33,7.4,0.76,0.76,1.14,0.49301886792452837,1.55,0,False
13990,26.0734,-80.0929,2015,2014-09-03,2015-09-03,,18.52,12.1,0.76,0.76,1.14,0.4916981132075472,1.55,0,False
13991,26.0745,-80.0926,2016,2015-09-13,2016-09-12,,23.53,12.2,0.0,0.0,0.76,0.7541509433962263,1.83,0,False
13996,26.0773,-80.1076,2016,2015-09-13,2016-09-12,,50.0,4.8,0.0,0.0,0.92,0.7220754716981133,1.8,0,False
13998,26.081,-80.0956,2016,2015-09-22,2016-09-21,,15.87,7.4,0.0,0.0,0.76,0.7571698113207549,1.83,0,False
14000,26.0815,-80.0978,2015,2014-09-03,2015-09-03,,10.26,8.0,0.76,0.76,1.14,0.4916981132075472,1.55,0,False
14002,26.0829,-80.1034,2015,2014-09-03,2015-09-03,,44.93,4.0,0.92,0.92,1.13,0.4635849056603774,1.51,0,False
14008,26.0882,-80.1012,2015,2014-09-02,2015-09-02,,39.58,5.6,0.92,0.92,1.13,0.4635849056603774,1.51,0,False
14012,26.0917,-80.0955,2014,2013-09-25,2014-09-25,,23.81,8.1,1.14,1.14,1.14,0.6064150943396228,1.75,0,False
14013,26.0966,-80.087,2013,2012-10-03,2013-10-03,,10.61,11.0,0.0,0.0,0.0,0.18226415094339624,1.33,0,False
14014,26.0966,-80.091,2013,2012-10-03,2013-10-03,,7.69,12.2,0.0,0.0,0.0,0.18226415094339624,1.33,0,False
14020,26.1025,-80.0974,2014,2013-10-07,2014-10-07,,31.88,5.8,1.15,1.15,1.15,0.6022641509433962,1.69,0,False
14022,26.1043,-80.0894,2014,2013-10-07,2014-10-07,,5.56,14.3,1.15,1.15,1.15,0.6022641509433962,1.69,0,False
14023,26.108,-80.1034,2016,2015-09-22,2016-09-21,,12.12,4.2,0.0,0.0,0.76,0.720377358490566,1.8,0,False
14024,26.1099,-80.0996,2015,2014-09-11,2015-09-11,,20.0,3.8,0.75,0.75,1.15,0.490377358490566,1.56,0,False
14031,26.1149,-80.0956,2015,2014-10-02,2015-10-02,,16.67,4.9,0.75,0.75,1.15,0.4966037735849056,1.56,0,False
14032,26.1152,-80.0973,2016,2015-09-22,2016-09-21,,22.22,7.3,0.0,0.0,0.75,0.7516981132075472,1.83,0,False
14033,26.1152,-80.0804,2015,2014-10-02,2015-10-02,,5.98,22.2,0.75,0.75,1.15,0.4966037735849056,1.56,0,False
14036,26.1183,-80.0888,2013,2012-10-03,2013-10-03,,20.0,9.8,0.0,0.0,0.0,0.17396226415094343,1.3,0,False
14041,26.1225,-80.091,2015,2014-09-02,2015-09-02,,28.07,9.8,0.75,0.75,1.15,0.48226415094339625,1.56,0,False
14044,26.1271,-80.0897,2015,2014-09-02,2015-09-02,,27.27,12.8,0.75,0.75,1.15,0.48226415094339625,1.56,0,False
14047,26.137,-80.0944,2015,2014-09-02,2015-09-02,,15.56,6.4,0.75,0.75,1.15,0.48226415094339625,1.56,0,False
14048,26.1379,-80.0934,2015,2014-10-02,2015-10-02,,5.23,4.3,0.75,0.75,1.15,0.4966037735849056,1.56,0,False
14060,26.1479,-80.096,2015,2014-08-27,2015-08-27,,28.89,7.2,0.31,0.31,1.15,0.4860377358490567,1.56,0,False
14061,26.1479,-80.0959,2015,2014-02-09,2015-02-09,,0.85,9.0,0.0,0.99,1.15,0.4071698113207547,1.69,0,False
14061,26.1479,-80.0959,2016,2015-02-02,2016-02-02,,1.96,9.8,0.0,0.44,0.75,0.7856603773584905,1.83,0,False
14063,26.1483,-80.096,2015,2014-09-04,2015-09-04,,15.32,8.2,0.75,0.75,1.15,0.4830188679245284,1.56,0,False
14064,26.1486,-80.0951,2014,2013-10-07,2014-10-07,,17.83,10.4,1.15,1.15,1.15,0.6022641509433962,1.69,0,False
14067,26.1494,-80.0894,2015,2014-08-27,2015-08-27,,19.25,7.6,0.31,0.31,1.15,0.4860377358490567,1.56,0,False
14068,26.1494,-80.0894,2015,2014-02-09,2015-02-09,,2.71,8.6,0.0,0.99,1.15,0.4071698113207547,1.69,0,False
14068,26.1494,-80.0894,2016,2015-02-02,2016-02-02,,1.45,8.5,0.0,0.44,0.75,0.7856603773584905,1.83,0,False
14069,26.1498,-80.0968,2015,2014-08-27,2015-08-27,,36.11,4.6,0.31,0.31,1.15,0.4860377358490567,1.56,0,False
14070,26.1498,-80.0968,2015,2014-02-09,2015-02-09,,2.22,5.2,0.0,0.99,1.15,0.4071698113207547,1.69,0,False
14071,26.1539,-80.082,2014,2013-09-30,2014-09-30,,7.14,17.1,1.16,1.16,1.16,0.589433962264151,1.61,0,False
14074,26.1559,-80.0822,2015,2014-09-02,2015-09-02,,21.21,15.5,0.46,0.46,1.16,0.4743396226415094,1.56,0,False
14078,26.1586,-80.0773,2015,2014-02-09,2015-02-09,,1.8,16.8,0.0,0.99,1.16,0.399811320754717,1.61,0,False
14078,26.1586,-80.0773,2016,2015-02-02,2016-02-02,,20.51,18.1,0.0,0.15,0.46,0.779245283018868,1.82,0,False
14079,26.1586,-80.0774,2015,2014-09-02,2015-09-02,,11.11,17.8,0.46,0.46,1.16,0.4743396226415094,1.56,0,False
14081,26.1594,-80.089,2014,2013-09-30,2014-09-30,,18.42,8.9,1.16,1.16,1.16,0.589433962264151,1.61,0,False
14084,26.1599,-80.0825,2015,2014-02-09,2015-02-09,,6.06,13.9,0.0,0.99,1.16,0.399811320754717,1.61,0,False
14084,26.1599,-80.0825,2016,2015-02-02,2016-02-02,,16.67,14.9,0.0,0.15,0.46,0.779245283018868,1.82,0,False
14085,26.16,-80.0825,2015,2014-09-02,2015-09-02,,13.73,14.6,0.46,0.46,1.16,0.4743396226415094,1.56,0,False
14086,26.1602,-80.083,2014,2013-09-30,2014-09-30,,0.0,14.1,1.16,1.16,1.16,0.589433962264151,1.61,0,False
14088,26.1627,-80.0822,2015,2014-10-02,2015-10-02,,14.81,14.4,0.46,0.46,1.16,0.4888679245283019,1.56,0,False
14092,26.1696,-80.0936,2015,2014-10-12,2015-10-12,,50.0,5.3,0.46,0.46,1.16,0.4943396226415095,1.56,0,False
14095,26.1758,-80.0873,2015,2014-10-12,2015-10-12,,5.56,6.6,0.46,0.46,1.16,0.4943396226415095,1.56,0,False
14097,26.1774,-80.0919,2014,2013-09-22,2014-09-22,,60.61,4.6,1.16,1.16,1.16,0.5826415094339623,1.61,0,False
14101,26.1891,-80.0868,2016,2015-09-22,2016-09-21,,11.11,7.3,0.0,0.0,0.46,0.7464150943396227,1.82,0,False
14103,26.1909,-80.0848,2016,2015-09-22,2016-09-21,,2.78,7.4,0.0,0.0,0.46,0.7464150943396227,1.82,0,False
14104,26.1921,-80.0925,2015,2014-10-12,2015-10-12,,7.41,4.0,0.46,0.46,1.16,0.4943396226415095,1.56,0,False
14108,26.1966,-80.0785,2015,2014-09-02,2015-09-02,,18.75,18.0,0.46,0.46,1.16,0.4743396226415094,1.56,0,False
14117,26.2045,-80.0846,2014,2013-09-22,2014-09-22,,16.67,5.0,1.32,1.32,1.32,0.5764150943396227,1.62,0,False
14125,26.2117,-80.0856,2016,2015-09-22,2016-09-21,,7.41,4.6,0.0,0.0,0.46,0.738867924528302,1.8,0,False
14126,26.2126,-80.0776,2014,2013-09-22,2014-09-22,,15.05,15.0,1.32,1.32,1.32,0.5764150943396227,1.62,0,False
14127,26.2128,-80.0899,2015,2014-09-11,2015-09-11,,19.05,4.0,0.46,0.46,1.32,0.4732075471698113,1.57,0,False
14128,26.2155,-80.0808,2015,2014-10-12,2015-10-12,,19.61,11.6,0.46,0.46,1.32,0.48358490566037743,1.57,0,False
14131,26.2191,-80.0768,2015,2014-10-12,2015-10-12,,29.63,15.6,0.46,0.46,1.32,0.48358490566037743,1.57,0,False
14133,26.2209,-80.0733,2013,2012-10-08,2013-10-08,,0.0,20.7,0.0,0.0,0.0,0.14134615384615384,1.27,0,False
14138,26.2223,-80.0771,2016,2015-09-21,2016-09-20,,16.67,11.8,0.0,0.0,0.46,0.738867924528302,1.8,0,False
14139,26.2234,-80.0815,2016,2015-09-22,2016-09-21,,4.6,8.7,0.0,0.0,0.46,0.738867924528302,1.8,0,False
14141,26.2252,-80.0812,2014,2013-09-18,2014-09-18,,24.36,8.0,1.32,1.32,1.32,0.5764150943396227,1.62,0,False
14144,26.2318,-80.0822,2015,2014-10-01,2015-10-01,,6.67,4.7,0.46,0.46,1.32,0.469433962264151,1.57,0,False
14146,26.2333,-80.0754,2016,2015-09-21,2016-09-20,,17.39,13.6,0.0,0.0,0.46,0.738867924528302,1.8,0,False
14147,26.2415,-80.0664,2015,2014-10-07,2015-10-07,,24.51,19.2,0.46,0.46,1.32,0.479056603773585,1.57,0,False
14154,26.2504,-80.0653,2014,2013-09-18,2014-09-18,,12.31,15.8,1.32,1.32,1.32,0.5715094339622642,1.66,0,False
14158,26.2531,-80.0722,2014,2013-09-18,2014-09-18,,20.26,13.9,1.32,1.32,1.32,0.5715094339622642,1.66,0,False
14161,26.2606,-80.0764,2015,2014-10-07,2015-10-07,,13.33,8.0,0.46,0.46,1.32,0.47169811320754723,1.57,0,False
14164,26.263,-80.0768,2014,2013-09-22,2014-09-22,,14.81,7.1,1.32,1.32,1.32,0.5715094339622642,1.66,0,False
14168,26.2904,-80.0746,2015,2014-09-11,2015-09-11,,16.67,6.1,0.46,0.46,1.32,0.46566037735849064,1.57,0,False
14169,26.2939,-80.0687,2015,2014-09-11,2015-09-11,,9.14,10.9,0.46,0.46,1.32,0.46566037735849064,1.57,0,False
14172,26.3011,-80.0609,2016,2015-02-02,2016-02-02,,9.09,18.1,0.0,0.3,0.61,0.7711320754716982,1.79,0,False
14172,26.3011,-80.0609,2016,2015-08-24,2016-08-23,,0.0,16.8,0.0,0.0,0.61,0.7709433962264151,1.79,0,False
14173,26.3019,-80.0682,2016,2015-02-02,2016-02-02,,4.17,11.9,0.0,0.3,0.61,0.7711320754716982,1.79,0,False
14174,26.3028,-80.0678,2015,2014-09-11,2015-09-11,,25.93,12.8,0.61,0.61,1.47,0.46358490566037736,1.58,0,False
14175,26.303,-80.0746,2015,2014-10-07,2015-10-07,,25.0,3.2,0.61,0.61,1.47,0.4703773584905661,1.58,0,False
14179,26.3079,-80.0655,2015,2014-10-07,2015-10-07,,17.86,21.0,0.61,0.61,1.47,0.4703773584905661,1.58,0,False
14186,26.3183,-80.0655,2015,2014-10-07,2015-10-07,,20.83,17.0,0.61,0.61,1.47,0.4703773584905661,1.58,0,False
14193,26.3516,-80.0552,2015,2014-10-07,2015-10-07,,21.57,18.6,0.62,0.62,1.46,0.4679245283018868,1.58,0,False
14197,26.363,-80.0616,2015,2014-10-07,2015-10-07,,23.33,11.2,0.62,0.62,1.46,0.4679245283018868,1.58,0,False
14201,26.389,-80.0538,2013,2012-10-08,2013-10-08,,3.13,16.8,0.0,0.0,0.0,0.12365384615384617,1.27,0,False
14203,26.4228,-80.0498,2016,2015-09-27,2016-09-26,,22.22,17.5,0.0,0.0,0.75,0.7343396226415093,1.8,0,False
14209,26.4538,-80.0461,2015,2014-09-30,2015-09-30,,5.13,16.2,0.6,0.6,1.01,0.48037735849056606,1.56,0,False
14219,26.523,-80.0341,2016,2015-10-04,2016-10-03,,12.96,18.0,0.0,0.0,0.3,0.700566037735849,1.75,0,False
14223,26.5516,-80.0304,2015,2014-09-30,2015-09-30,,13.89,18.0,0.3,0.3,0.99,0.4722641509433963,1.49,0,False
14224,26.5594,-80.0283,2016,2015-10-04,2016-10-03,,5.56,17.2,0.0,0.0,0.3,0.6843396226415095,1.73,0,False
14225,26.5688,-80.028,2015,2014-09-30,2015-09-30,,7.41,14.0,0.3,0.3,0.99,0.4722641509433963,1.49,0,False
14227,26.5706,-80.027,2016,2015-10-04,2016-10-03,,0.0,16.1,0.0,0.0,0.3,0.6843396226415095,1.73,0,False
14233,26.6419,-80.0208,2014,2013-09-22,2014-09-22,,0.0,16.9,0.98,0.98,0.98,0.5318867924528302,1.66,0,False
14235,26.6508,-80.0206,2014,2013-09-22,2014-09-22,,6.45,14.6,0.97,0.97,0.97,0.5220754716981132,1.65,0,False
14240,26.6675,-80.0316,2015,2014-09-21,2015-09-21,,0.0,4.9,0.29,0.29,0.97,0.45622641509433964,1.44,0,False
14241,26.6746,-80.0186,2016,2015-10-01,2016-09-30,,0.0,16.3,0.0,0.0,0.29,0.6724528301886791,1.66,0,False
14242,26.6789,-80.0181,2013,2012-10-09,2013-10-09,,3.65,16.0,0.0,0.0,0.0,0.12886792452830192,1.13,0,False
14252,26.6894,-80.0195,2015,2014-09-21,2015-09-21,,9.52,15.2,0.29,0.29,0.97,0.45622641509433964,1.44,0,False
14256,26.6986,-80.0304,2015,2014-09-21,2015-09-21,,7.41,3.1,0.29,0.29,0.97,0.45622641509433964,1.44,0,False
14257,26.6988,-80.0308,2014,2013-09-22,2014-09-22,,5.13,6.2,0.97,0.97,0.97,0.5220754716981132,1.65,0,False
14258,26.6988,-80.0176,2016,2015-10-01,2016-09-30,,0.0,14.6,0.0,0.0,0.29,0.6724528301886791,1.66,0,False
14259,26.701,-80.0171,2015,2014-09-21,2015-09-21,,9.52,15.7,0.0,0.0,1.11,0.4477358490566038,1.45,0,False
14263,26.7056,-80.0165,2015,2014-09-21,2015-09-21,,0.0,17.0,0.0,0.0,1.11,0.4477358490566038,1.45,0,False
14269,26.7103,-80.0299,2016,2015-10-01,2016-09-30,,7.41,3.4,0.0,0.0,0.0,0.6669811320754717,1.62,0,False
14272,26.7134,-80.029,2014,2013-09-22,2014-09-22,,22.81,6.7,1.11,1.11,1.11,0.5132075471698114,1.6,0,False
14274,26.7162,-80.0292,2013,2012-10-09,2013-10-09,,0.0,7.6,0.0,0.0,0.0,0.12056603773584905,1.09,0,False
14275,26.7164,-80.0188,2013,2012-10-09,2013-10-09,,2.15,14.3,0.0,0.0,0.0,0.12056603773584905,1.09,0,False
14277,26.72,-80.0311,2014,2013-09-22,2014-09-22,,2.56,3.4,1.11,1.11,1.11,0.5132075471698114,1.6,0,False
14284,26.727,-80.0321,2014,2013-09-22,2014-09-22,,20.83,4.2,1.11,1.11,1.11,0.5132075471698114,1.6,0,False
14286,26.7363,-80.0188,2013,2012-10-09,2013-10-09,,11.11,19.8,0.0,0.0,0.0,0.12056603773584905,1.09,0,False
14293,27.1057,-80.1206,2015,2014-09-10,2015-09-10,,13.33,7.3,0.15,0.15,0.48,0.27792452830188685,1.49,0,False
14294,27.1058,-80.1282,2016,2015-09-17,2016-09-16,,19.44,7.6,0.0,0.0,0.15,0.5458490566037737,1.82,0,False
14298,27.1082,-80.1233,2014,2013-10-21,2014-10-21,,19.05,3.6,0.48,0.48,0.48,0.3060377358490566,1.38,0,False
14301,27.1118,-80.1231,2015,2014-09-10,2015-09-10,,0.0,5.5,0.15,0.15,0.48,0.27792452830188685,1.49,0,False
14308,27.1148,-80.1359,2016,2015-09-16,2016-09-15,,16.67,4.0,0.0,0.0,0.15,0.5458490566037737,1.82,0,False
14309,27.1157,-80.1288,2016,2015-09-17,2016-09-16,,0.0,6.4,0.0,0.0,0.15,0.5458490566037737,1.82,0,False
14313,27.1239,-80.1368,2016,2015-09-17,2016-09-16,,28.57,5.9,0.0,0.0,0.15,0.5458490566037737,1.82,0,False
14314,27.1263,-80.1366,2015,2014-09-11,2015-09-11,,5.8,4.9,0.15,0.15,0.48,0.29037735849056606,1.49,0,False
14316,27.1317,-80.134,2014,2013-10-21,2014-10-21,,20.29,3.7,0.48,0.48,0.48,0.3060377358490566,1.38,0,False
14319,27.1326,-80.1324,2015,2014-09-10,2015-09-10,,20.51,4.2,0.15,0.15,0.48,0.27792452830188685,1.49,0,False
14321,27.1419,-80.1357,2016,2015-06-16,2016-06-15,,14.58,6.9,0.0,0.0,0.15,0.6028301886792453,1.82,0,False
14322,27.1426,-80.1369,2015,2014-09-11,2015-09-11,,18.52,4.2,0.15,0.15,0.48,0.29037735849056606,1.49,0,False
14323,27.1518,-80.1422,2016,2015-09-17,2016-09-16,,0.0,2.8,0.0,0.0,0.15,0.5615094339622642,1.88,0,False
14324,27.1784,-80.1538,2015,2014-09-11,2015-09-11,,0.0,3.8,0.0,0.0,0.48,0.15433962264150944,1.42,0,False
15437,-8.676,115.5302,2019,2018-03-28,2019-03-28,3.9074999999999998,11.625,7.0,0.31,0.31,3.13,0.6692452830188679,1.37,0,False
15437,-8.676,115.5302,2019,2018-06-02,2019-06-02,13.44,1.25,10.0,4.16,4.16,4.16,0.686603773584906,1.52,7,False
15437,-8.676,115.5302,2019,2018-08-27,2019-08-27,15.625,0.0,7.0,0.0,3.86,4.16,0.5616981132075473,1.52,7,False
15438,-8.6759,115.4395,2017,2016-10-10,2017-10-10,15.0,0.0,9.0,0.0,0.76,3.78,0.7894339622641509,2.03,0,False
15439,-8.6759,115.5331,2019,2018-10-25,2019-10-25,8.44,2.25,8.0,0.0,0.0,4.16,0.4639622641509433,1.52,7,False
15440,-8.6751,115.5145,2019,2018-08-30,2019-08-30,12.81,0.75,6.5,0.0,3.86,4.16,0.5475471698113208,1.52,7,False
15441,-8.6718,115.5031,2019,2018-10-26,2019-10-26,11.879999999999999,0.52,7.0,0.0,0.0,4.16,0.4639622641509433,1.52,7,False
15442,-8.6646,115.468,2019,2018-10-26,2019-10-26,28.119999999999997,0.75,6.0,0.0,0.0,4.55,0.4613207547169812,1.57,7,False
15443,-8.5601,119.6344,2020,2019-03-18,2020-03-17,28.44,0.0,10.0,4.5,4.5,4.5,0.5290566037735849,1.43,7,False
15444,-8.5444,119.6462,2020,2019-03-17,2020-03-16,8.75,0.0,9.0,5.3500000000000005,5.49,5.49,0.5673584905660377,1.59,14,False
15444,-8.5444,119.6462,2020,2019-03-18,2020-03-17,4.375,0.0,9.0,5.3500000000000005,5.49,5.49,0.5673584905660377,1.59,14,False
15444,-8.5444,119.6462,2020,2019-08-16,2020-08-15,1.87,0.0,12.3,1.32,5.18,5.49,0.8386792452830191,1.59,21,False
15445,-8.5326,119.6438,2020,2019-03-17,2020-03-16,38.435,0.0,9.0,5.3500000000000005,5.49,5.49,0.5673584905660377,1.59,14,False
15445,-8.5326,119.6438,2020,2019-03-18,2020-03-17,36.25,5.0,9.0,5.3500000000000005,5.49,5.49,0.5673584905660377,1.59,14,False
15445,-8.5326,119.6438,2020,2019-08-16,2020-08-15,34.685,2.5,10.0,1.32,5.18,5.49,0.8386792452830191,1.59,21,False
15446,-8.3651,116.0844,2019,2018-05-28,2019-05-28,23.439999999999998,,5.6,2.07,2.07,2.07,0.49999999999999994,1.46,0,False
15446,-8.3651,116.0844,2019,2018-08-06,2019-08-06,31.565,0.0,6.5,0.45,2.07,2.07,0.4250943396226415,1.46,0,False
15446,-8.3651,116.0844,2019,2018-09-26,2019-09-26,24.685,0.0,7.3,0.0,1.7,2.07,0.28943396226415097,1.46,0,False
15446,-8.3651,116.0844,2020,2019-01-04,2020-01-04,23.125,0.0,7.1,4.45,4.45,4.45,0.34509433962264147,1.89,0,False
15447,-8.3648,115.7007,2018,2017-05-11,2018-05-11,15.940000000000001,0.0,6.0,1.91,1.91,1.91,0.44905660377358486,1.16,0,False
15448,-8.3598,116.1316,2017,2016-03-14,2017-03-14,14.215,0.0,5.0,2.09,3.0,12.91,1.0111320754716984,1.89,56,False
15448,-8.3598,116.1316,2017,2016-06-29,2017-06-29,11.405000000000001,0.0,5.5,1.79,1.79,8.94,0.8067924528301887,1.88,0,False
15448,-8.3598,116.1316,2018,2017-02-07,2018-02-07,18.5925,0.0,5.5,0.75,0.75,2.09,0.5352830188679245,1.52,0,False
15448,-8.3598,116.1316,2019,2018-03-21,2019-03-21,6.7175,0.0,5.5,0.0,0.0,1.97,0.47566037735849054,1.48,0,False
15449,-8.3514,116.0883,2019,2018-05-08,2019-05-08,2.5,1.5,5.7,2.07,2.07,2.07,0.4918867924528301,1.46,0,False
15449,-8.3514,116.0883,2019,2018-07-09,2019-07-09,13.75,12.5,4.3,2.07,2.07,2.07,0.4775471698113207,1.46,0,False
15449,-8.3514,116.0883,2019,2018-10-31,2019-10-31,6.869999999999999,4.75,4.6,0.0,0.0,2.07,0.24924528301886797,1.46,0,False
15450,-8.3507,116.0882,2019,2018-07-30,2019-07-30,15.620000000000001,2.75,6.0,1.7,2.07,2.07,0.4379245283018867,1.46,0,False
15451,-8.3505,116.0884,2019,2018-01-06,2019-01-06,2.19,0.25,4.0,0.0,0.0,1.96,0.3947169811320755,1.3,0,False
15452,-8.3503,115.6841,2018,2017-11-05,2018-11-05,14.375,0.0,5.0,0.0,0.0,1.77,0.3820754716981133,1.19,0,False
15453,-8.349,116.0439,2019,2018-05-28,2019-05-28,2.3425000000000002,0.0,4.0,2.73,2.73,2.73,0.5184905660377357,1.48,0,False
15454,-8.3478,116.0503,2019,2018-01-07,2019-01-07,13.44,2.75,3.7,0.0,0.0,2.13,0.3913207547169813,1.29,0,False
15455,-8.3478,116.085,2019,2018-09-04,2019-09-04,13.44,4.25,4.1,0.0,2.42,2.42,0.3373584905660377,1.5,0,False
15456,-8.3473,116.0503,2019,2018-05-16,2019-05-16,7.185,,3.5,2.42,2.42,2.42,0.49245283018867925,1.5,0,False
15456,-8.3473,116.0503,2019,2018-07-03,2019-07-03,8.125,1.5,4.0,2.42,2.42,2.42,0.47433962264150936,1.5,0,False
15456,-8.3473,116.0503,2019,2018-08-15,2019-08-15,2.5,0.0,6.5,0.29,2.42,2.42,0.3864150943396226,1.5,0,False
15456,-8.3473,116.0503,2019,2018-09-12,2019-09-12,9.375,0.0,8.0,0.0,2.42,2.42,0.31905660377358486,1.5,0,False
15456,-8.3473,116.0503,2019,2018-10-16,2019-10-16,6.5649999999999995,0.0,8.0,0.0,0.0,2.42,0.25169811320754715,1.5,0,False
15456,-8.3473,116.0503,2019,2018-11-28,2019-11-28,0.935,0.0,8.6,0.0,0.0,2.42,0.2462264150943396,1.5,0,False
15457,-8.3445,116.0629,2019,2018-05-29,2019-05-29,19.064999999999998,,7.8,2.42,2.42,2.42,0.5018867924528303,1.5,0,False
15457,-8.3445,116.0629,2019,2018-07-24,2019-07-24,18.130000000000003,0.5,4.8,2.42,2.42,2.42,0.43679245283018864,1.5,0,False
15457,-8.3445,116.0629,2019,2018-09-03,2019-09-03,17.81,0.0,11.0,0.0,2.42,2.42,0.35603773584905657,1.5,0,False
15457,-8.3445,116.0629,2019,2018-10-08,2019-10-08,26.869999999999997,1.5,11.0,0.0,0.29,2.42,0.2698113207547169,1.5,0,False
15457,-8.3445,116.0629,2019,2018-11-05,2019-11-05,25.630000000000003,0.0,12.0,0.0,0.0,2.42,0.2462264150943396,1.5,0,False
15457,-8.3445,116.0629,2020,2019-02-04,2020-02-04,14.06,7.0,7.0,5.58,5.58,5.58,0.43981132075471696,1.98,14,False
15458,-8.3439,116.0504,2020,2019-02-13,2020-02-13,20.0,5.0,6.6,5.75,5.75,5.75,0.48169811320754713,1.98,14,False
15459,-8.343,116.0252,2019,2018-01-07,2019-01-07,2.185,0.0,7.5,0.0,0.0,1.99,0.40773584905660376,1.28,0,False
15460,-8.3426,116.0621,2018,2017-09-13,2018-09-13,14.5275,40.0,6.5,0.0,2.13,2.13,0.42698113207547167,1.29,0,False
15461,-8.3403,116.0275,2019,2018-10-01,2019-10-01,21.56,0.0,11.5,0.0,1.03,2.73,0.30264150943396223,1.48,0,False
15461,-8.3403,116.0275,2019,2018-11-07,2019-11-07,3.125,3.75,9.0,0.0,0.0,2.73,0.2543396226415094,1.48,0,False
15462,-8.3403,116.0286,2019,2018-06-25,2019-06-25,5.0,0.0,7.0,2.73,2.73,2.73,0.5037735849056604,1.48,0,False
15462,-8.3403,116.0286,2019,2018-07-30,2019-07-30,14.065,0.0,9.0,2.33,2.73,2.73,0.4545283018867924,1.48,0,False
15463,-8.3372,116.0381,2019,2018-05-07,2019-05-07,20.625,4.0,6.8,2.73,2.73,2.73,0.5115094339622642,1.48,0,False
15476,-18.4461,178.0563,2018,2017-08-01,2018-08-01,9.685,0.0,6.0,0.0,0.44,0.91,0.6349056603773585,1.22,0,False
15477,-18.4397,178.1118,2018,2017-08-08,2018-08-08,15.620000000000001,0.0,5.0,0.0,0.45,1.36,0.6396226415094339,1.26,0,False
15478,-18.4212,178.1271,2018,2017-07-16,2018-07-16,8.75,0.0,10.0,0.0,1.36,1.36,0.6473584905660377,1.26,0,False
15478,-18.4212,178.1271,2018,2017-09-08,2018-09-08,19.06,0.0,6.0,0.0,0.16,1.36,0.629433962264151,1.26,0,False
15479,-18.4135,178.0646,2018,2017-07-20,2018-07-20,8.44,0.0,6.0,0.0,0.91,0.91,0.6360377358490567,1.22,0,False
15479,-18.4135,178.0646,2018,2017-07-26,2018-07-26,6.25,10.0,10.0,0.0,0.75,0.91,0.6339622641509435,1.22,0,False
15479,-18.4135,178.0646,2018,2017-08-17,2018-08-17,9.06,2.5,5.0,0.0,0.44,0.91,0.6224528301886793,1.22,0,False
15479,-18.4135,178.0646,2018,2017-09-13,2018-09-13,11.56,1.25,8.0,0.0,0.0,0.91,0.610754716981132,1.22,0,False
15480,-18.4069,178.0658,2018,2017-07-11,2018-07-11,14.375,8.75,11.0,0.16,0.91,0.91,0.6315094339622641,1.22,0,False
15480,-18.4069,178.0658,2018,2017-08-22,2018-08-22,15.0,0.0,10.5,0.0,0.44,0.91,0.620943396226415,1.22,0,False
15481,-18.4063,178.1091,2018,2017-06-20,2018-06-20,14.370000000000001,0.0,2.0,0.45,1.36,1.36,0.6598113207547169,1.26,0,False
15481,-18.4063,178.1091,2018,2017-07-05,2018-07-05,7.185,0.0,11.0,0.16,1.36,1.36,0.6532075471698112,1.26,0,False
15481,-18.4063,178.1091,2018,2017-07-19,2018-07-19,8.44,0.0,11.0,0.0,1.36,1.36,0.650377358490566,1.26,0,False
15481,-18.4063,178.1091,2018,2017-08-15,2018-08-15,9.375,0.0,11.0,0.0,0.45,1.36,0.6383018867924528,1.26,0,False
15481,-18.4063,178.1091,2018,2017-09-12,2018-09-12,15.0,0.0,2.0,0.0,0.0,1.36,0.6266037735849057,1.26,0,False
15482,-18.406,178.1088,2018,2017-06-11,2018-06-11,10.0,6.0,11.0,0.45,1.36,1.36,0.671509433962264,1.34,0,False
15483,-18.4029,178.0995,2018,2017-05-25,2018-05-25,8.125,0.25,6.0,0.75,0.91,0.91,0.6903773584905659,1.42,0,False
15483,-18.4029,178.0995,2018,2017-06-25,2018-06-25,7.5,2.5,5.0,0.44,0.91,0.91,0.6466037735849056,1.22,0,False
15483,-18.4029,178.0995,2018,2017-07-08,2018-07-08,14.379999999999999,2.5,11.0,0.16,0.91,0.91,0.6377358490566037,1.22,0,False
15483,-18.4029,178.0995,2018,2017-07-17,2018-07-17,9.375,0.0,11.0,0.0,0.91,0.91,0.6360377358490567,1.22,0,False
15483,-18.4029,178.0995,2018,2017-08-27,2018-08-27,12.815,0.0,6.0,0.0,0.44,0.91,0.620943396226415,1.22,0,False
15483,-18.4029,178.0995,2018,2017-08-29,2018-08-29,10.625,0.0,10.0,0.0,0.44,0.91,0.6147169811320754,1.22,0,False
15484,-18.4021,178.1028,2018,2017-05-19,2018-05-19,8.75,0.0,6.0,1.36,1.36,1.36,0.7169811320754716,1.4,0,False
15484,-18.4021,178.1028,2018,2017-07-10,2018-07-10,15.94,1.25,6.0,0.16,1.36,1.36,0.6473584905660377,1.26,0,False
15484,-18.4021,178.1028,2018,2017-08-13,2018-08-13,17.81,0.0,5.5,0.0,0.45,1.36,0.6396226415094339,1.26,0,False
15484,-18.4021,178.1028,2018,2017-08-27,2018-08-27,13.125,1.25,11.0,0.0,0.45,1.36,0.6375471698113208,1.26,0,False
15484,-18.4021,178.1028,2018,2017-09-12,2018-09-12,7.815,2.5,12.0,0.0,0.0,1.36,0.6266037735849057,1.26,0,False
15485,-18.4019,178.0652,2018,2017-06-06,2018-06-06,19.06,26.25,6.0,0.44,0.91,0.91,0.6581132075471698,1.33,0,False
15485,-18.4019,178.0652,2018,2017-07-18,2018-07-18,11.875,0.0,11.0,0.0,0.91,0.91,0.6360377358490567,1.22,0,False
15485,-18.4019,178.0652,2018,2017-07-24,2018-07-24,12.5,2.5,6.0,0.0,0.75,0.91,0.6339622641509435,1.22,0,False
15488,-17.9912,179.2103,2019,2018-02-19,2019-02-19,9.165,0.0,7.0,0.45,0.45,1.53,0.8133962264150943,1.81,0,False
15489,-17.291,178.4519,2013,2012-12-08,2013-12-08,20.94,0.0,21.0,0.0,0.0,0.0,0.7383018867924529,1.6,0,False
15490,-17.1364,178.5204,2015,2014-07-07,2015-07-07,27.5,2.75,5.0,0.0,5.3500000000000005,5.3500000000000005,0.3032075471698114,1.48,0,False
15490,-17.1364,178.5204,2017,2016-02-21,2017-02-20,22.81,2.75,5.0,1.28,1.28,7.34,0.7324528301886791,1.92,21,False
15490,-17.1364,178.5204,2017,2016-05-05,2017-05-05,28.125,2.75,5.0,0.5,1.28,3.38,0.6973584905660376,1.92,0,False
15490,-17.1364,178.5204,2019,2018-02-24,2019-02-24,34.69,50.0,5.0,0.88,0.88,0.88,0.6726415094339623,1.6,0,False
15491,-16.7948,179.8876,2014,2013-02-22,2014-02-22,20.31,20.0,5.0,4.64,4.64,4.64,0.9832075471698113,1.72,7,False
15492,-16.7659,179.9498,2013,2012-02-19,2013-02-18,22.9675,0.0,7.5,0.15,0.15,0.15,0.6228301886792452,1.48,0,False
15493,-16.7659,179.9645,2014,2013-02-22,2014-02-22,27.0325,17.5,7.5,4.5,4.5,4.5,0.9583018867924527,1.71,7,False
15493,-16.7659,179.9645,2018,2017-05-27,2018-05-27,25.0,0.0,10.0,0.29,0.29,0.29,0.7681132075471697,1.5,0,False
15493,-16.7659,179.9645,2019,2018-03-18,2019-03-18,35.47,0.125,7.5,0.59,0.59,0.59,0.7462264150943397,1.78,0,False
15494,-13.3902,48.1885,2019,2018-06-28,2019-06-28,21.405,0.0,9.0,3.46,3.46,3.46,0.7483018867924529,1.35,0,False
15495,-13.3733,48.1804,2019,2018-06-28,2019-06-28,9.217500000000001,0.0,9.0,3.46,3.46,3.46,0.7483018867924529,1.35,0,False
15496,-13.3221,48.162,2019,2018-06-29,2019-06-29,10.157499999999999,3.0,9.0,3.49,3.49,3.49,0.7290566037735849,1.39,0,False
15497,-13.3209,48.153,2019,2018-06-29,2019-06-29,9.685,0.0,6.0,3.49,3.49,3.49,0.7290566037735849,1.39,0,False
15498,-13.3203,48.0309,2019,2018-06-30,2019-06-30,27.19,0.0,12.0,4.3,4.3,4.3,0.7181132075471699,1.43,7,False
15499,-13.3065,48.1162,2019,2018-06-29,2019-06-29,16.875,0.0,12.0,3.65,3.65,3.65,0.7284905660377359,1.4,0,False
15499,-13.3065,48.1162,2019,2018-06-30,2019-06-30,20.935,3.5,12.0,3.65,3.65,3.65,0.7284905660377359,1.4,0,False
15500,-8.7948,115.5275,2019,2018-03-29,2019-03-29,5.31,1.25,10.0,0.6,0.6,2.95,0.7450943396226414,1.48,0,False
15501,-8.7495,115.8945,2020,2019-02-26,2020-02-26,8.75,9.0,8.0,7.28,7.28,7.28,0.5530188679245284,1.96,21,False
15502,-8.7466,115.8924,2019,2018-12-05,2019-12-05,6.56,9.0,7.0,0.0,0.0,2.85,0.3315094339622642,1.41,0,False
15503,-8.726,115.9101,2019,2018-11-06,2019-11-06,12.815,7.5,5.0,0.0,0.0,2.87,0.299433962264151,1.43,0,False
15503,-8.726,115.9101,2019,2018-11-12,2019-11-12,,28.125,7.5,0.0,0.0,2.87,0.299433962264151,1.43,0,False
15503,-8.726,115.9101,2019,2018-12-07,2019-12-07,6.09,46.875,7.5,0.0,0.0,2.87,0.31339622641509424,1.43,0,False
15503,-8.726,115.9101,2019,2018-12-11,2019-12-11,17.185,37.5,5.0,0.75,0.75,2.87,0.33301886792452823,1.61,0,False
15503,-8.726,115.9101,2019,2018-12-12,2019-12-12,1.875,62.5,10.0,0.75,0.75,2.87,0.33301886792452823,1.61,0,False
15504,-8.7116,115.9269,2019,2018-11-13,2019-11-13,1.875,4.25,7.5,0.0,0.0,2.87,0.30056603773584906,1.43,0,False
15505,-8.7061,115.5861,2019,2018-10-27,2019-10-27,25.31,21.25,10.0,0.0,0.0,5.18,0.4777358490566038,1.47,14,False
15506,-8.6856,115.58,2019,2018-08-30,2019-08-30,25.94,1.0,8.0,0.0,3.99,4.43,0.5462264150943397,1.48,7,False
15507,-8.6849,115.4656,2018,2017-05-06,2018-05-06,9.06,1.25,5.0,3.5,3.5,3.5,0.6132075471698113,1.44,0,False
15507,-8.6849,115.4656,2019,2018-06-07,2019-06-07,9.370000000000001,2.0,5.0,4.55,4.55,4.55,0.6781132075471697,1.57,7,False
15508,-8.6847,115.4644,2018,2017-05-29,2018-05-29,20.625,1.25,5.0,3.5,3.5,3.5,0.5932075471698114,1.44,0,False
15508,-8.6847,115.4644,2018,2017-11-20,2018-11-20,23.44,3.25,5.0,0.0,0.0,3.5,0.5356603773584906,1.39,0,False
15509,-8.6767,115.5283,2019,2018-10-25,2019-10-25,2.185,0.5,8.0,0.0,0.0,4.16,0.4639622641509433,1.52,7,False
15510,-8.6764,115.53,2019,2018-08-01,2019-08-01,1.565,3.0,5.0,3.28,4.16,4.16,0.6115094339622642,1.52,7,False
15510,-8.6764,115.53,2019,2018-08-27,2019-08-27,3.75,0.0,7.0,0.0,3.86,4.16,0.5616981132075473,1.52,7,False
15511,-8.6763,115.524,2019,2018-08-28,2019-08-28,18.9075,0.75,6.25,0.0,3.86,4.16,0.5475471698113208,1.52,7,False
15512,-8.6763,115.4398,2017,2016-10-11,2017-10-11,12.81,0.0,9.0,0.0,0.76,3.78,0.7894339622641509,2.03,0,False
15513,-8.6762,115.5178,2019,2018-06-01,2019-06-01,19.369999999999997,3.25,10.0,4.16,4.16,4.16,0.686603773584906,1.52,7,False
15513,-8.6762,115.5178,2019,2018-10-24,2019-10-24,25.0,0.0,6.0,0.0,0.0,4.16,0.4639622641509433,1.52,7,False
15514,-8.6762,115.4398,2019,2018-05-31,2019-05-31,5.94,0.25,5.0,3.46,3.46,3.46,0.6743396226415095,1.64,0,False
15514,-8.6762,115.4398,2019,2018-06-05,2019-06-05,12.19,1.75,5.0,3.46,3.46,3.46,0.6722641509433961,1.64,0,False
15515,-8.6761,115.4398,2018,2017-12-05,2018-12-05,8.853333333333333,0.0,7.166666666666667,0.0,0.0,2.98,0.5324528301886792,1.43,0,False
15516,-8.676,115.4396,2017,2016-10-10,2017-10-10,31.56,0.0,5.0,0.0,0.76,3.78,0.7894339622641509,2.03,0,False
15517,-8.3372,116.0397,2019,2018-06-25,2019-06-25,31.869999999999997,0.0,5.0,2.73,2.73,2.73,0.5037735849056604,1.48,0,False
15517,-8.3372,116.0397,2019,2018-09-04,2019-09-04,23.75,0.0,6.4,0.0,2.73,2.73,0.3552830188679245,1.48,0,False
15517,-8.3372,116.0397,2019,2018-10-23,2019-10-23,33.125,0.0,6.5,0.0,0.0,2.73,0.26433962264150945,1.48,0,False
15517,-8.3372,116.0397,2020,2019-02-19,2020-02-19,28.125,0.0,6.5,5.78,5.78,5.78,0.49377358490566037,2.04,14,False
15518,-8.3356,115.6583,2018,2017-11-04,2018-11-04,22.5,0.0,8.0,0.0,0.0,2.08,0.3586792452830188,1.17,0,False
15519,-8.1522,115.4246,2018,2017-12-15,2018-12-15,20.625,0.0,4.0,0.0,0.0,0.79,0.2749056603773585,1.11,0,False
15520,-8.129,115.3656,2018,2017-11-30,2018-11-30,15.0,0.0,7.0,0.0,0.0,0.78,0.26358490566037734,1.13,0,False
15521,-8.125,115.3534,2017,2016-12-15,2017-12-15,16.565,0.0,8.0,0.0,0.0,0.88,0.5107547169811322,1.14,0,False
15521,-8.125,115.3534,2018,2017-11-29,2018-11-29,6.5649999999999995,0.0,7.0,0.0,0.0,0.78,0.26358490566037734,1.13,0,False
15522,-4.6022,130.0494,2019,2018-03-17,2019-03-17,21.405,0.0,8.0,0.16,0.48,0.48,0.5486792452830188,1.17,0,False
15522,-4.6022,130.0494,2019,2018-11-30,2019-11-30,23.5925,0.0,7.5,0.0,0.0,0.48,0.13037735849056606,1.34,0,False
15523,-4.5922,130.0292,2018,2017-05-02,2018-05-02,19.6875,0.0,8.0,0.15,1.22,1.37,0.6709433962264152,1.35,0,False
15523,-4.5922,130.0292,2018,2017-10-06,2018-10-06,20.7825,0.375,7.5,0.0,0.15,1.37,0.6630188679245286,1.35,0,False
15524,-4.5792,129.4553,2019,2018-12-30,2019-12-30,20.7825,1.0,7.5,3.67,3.67,3.67,0.19433962264150945,1.63,0,False
15525,-4.5633,129.87,2019,2018-12-22,2019-12-22,25.4675,0.0,7.5,2.95,2.95,2.95,0.1416981132075472,1.41,0,False
15526,-4.5542,129.8606,2018,2017-04-27,2018-04-27,12.190000000000001,0.0,8.0,0.0,0.91,0.91,0.6432075471698114,1.18,0,False
15526,-4.5542,129.8606,2018,2017-10-03,2018-10-03,14.53,0.0,7.5,0.0,0.0,0.91,0.6335849056603773,1.22,0,False
15526,-4.5542,129.8606,2019,2018-11-23,2019-11-23,15.78,0.0,7.5,0.0,0.0,0.32,0.10981132075471699,1.25,0,False
15527,-4.5498,129.9559,2018,2017-12-08,2018-12-08,24.375,0.0,8.0,0.3,0.3,0.76,0.6360377358490568,1.18,0,False
15528,-4.5442,129.9552,2018,2017-12-08,2018-12-08,26.875,0.0,8.0,0.3,0.3,0.76,0.6360377358490568,1.18,0,False
15529,-4.5367,129.9538,2018,2017-12-02,2018-12-02,21.09,0.0,8.0,0.3,0.3,0.76,0.6303773584905661,1.18,0,False
15530,-4.5281,129.9083,2018,2017-03-08,2018-03-08,10.625,0.0,7.5,0.45,0.76,1.21,0.6458490566037737,1.18,0,False
15530,-4.5281,129.9083,2019,2018-03-11,2019-03-11,16.72,0.0,7.5,0.0,0.29,0.29,0.5328301886792454,1.18,0,False
15531,-4.528,129.7648,2018,2017-10-10,2018-10-10,22.3425,0.0,7.5,0.0,0.0,0.93,0.6266037735849057,1.22,0,False
15531,-4.528,129.7648,2019,2018-12-01,2019-12-01,20.47,0.0,7.5,0.0,0.0,0.33,0.10981132075471697,1.33,0,False
15532,-4.5277,129.9508,2018,2017-12-25,2018-12-25,17.5,0.0,8.0,0.3,0.3,0.76,0.630943396226415,1.18,0,False
15533,-4.5256,129.9498,2018,2017-12-01,2018-12-01,23.589999999999996,0.0,8.0,0.29,0.29,0.76,0.6228301886792452,1.18,0,False
15534,-4.5215,129.9453,2018,2017-12-21,2018-12-21,28.435,0.0,8.0,0.29,0.29,0.76,0.6245283018867924,1.18,0,False
15535,-4.5175,129.9461,2018,2017-11-30,2018-11-30,18.9075,0.0,7.5,0.29,0.29,0.76,0.6228301886792452,1.18,0,False
15535,-4.5175,129.9461,2019,2018-12-29,2019-12-29,18.2775,0.0,7.5,4.19,4.19,4.19,0.16603773584905662,1.4,7,False
15536,-4.5138,129.9447,2018,2017-12-09,2018-12-09,42.81,0.0,8.0,0.29,0.29,0.76,0.628867924528302,1.18,0,False
15537,-4.5021,129.8943,2019,2018-09-29,2019-09-29,28.125,0.0,7.5,0.0,0.0,0.3,0.24999999999999997,1.2,0,False
15538,-4.4589,130.0292,2019,2018-10-13,2019-10-13,19.06,2.0,7.5,0.0,0.0,0.45,0.2566037735849057,1.24,0,False
15539,-4.3933,129.3458,2018,2017-03-14,2018-03-14,11.559999999999999,0.0,8.0,0.5,1.13,1.13,0.7079245283018867,1.31,0,False
15540,-4.3233,129.71,2019,2018-11-26,2019-11-26,18.75,0.0,7.5,0.0,0.0,0.36,0.15867924528301888,1.32,0,False
15541,-0.5648,130.5193,2019,2018-08-23,2019-08-23,6.5625,1.5,7.5,0.0,0.0,0.0,0.45490566037735847,0.92,0,False
15542,-0.5636,130.5188,2018,2017-07-06,2018-07-06,13.75,0.75,10.0,0.0,0.0,4.74,0.8881132075471697,1.42,7,False
15542,-0.5636,130.5188,2019,2018-08-26,2019-08-26,19.53,0.0,7.5,0.0,0.0,0.0,0.45490566037735847,0.92,0,False
15543,-0.5496,130.5248,2019,2018-08-29,2019-08-29,8.4375,0.0,7.5,0.0,0.14,0.14,0.47716981132075476,0.93,0,False
15544,-0.548,130.5223,2018,2017-07-02,2018-07-02,22.5,1.25,10.0,0.0,0.15,6.3100000000000005,0.9333962264150943,1.48,14,False
15544,-0.548,130.5223,2019,2018-09-24,2019-09-24,24.5325,0.0,7.5,0.0,0.14,0.14,0.42981132075471706,0.8200000000000001,0,False
15545,2.4418,104.5095,2018,2017-09-14,2018-09-14,9.065,0.0,4.0,0.0,0.0,0.0,0.24924528301886797,1.15,0,False
15545,2.4418,104.5095,2019,2018-09-07,2019-09-07,15.0,0.0,3.3,0.0,1.5,1.5,0.5524528301886791,1.3,0,False
15546,2.4728,104.508,2018,2017-09-14,2018-09-14,24.064999999999998,0.0,4.0,0.0,0.0,0.0,0.25358490566037734,1.16,0,False
15546,2.4728,104.508,2019,2018-09-07,2019-09-07,25.625,0.0,4.0,0.0,1.7,1.7,0.5607547169811322,1.29,0,False
15547,2.5163,103.9763,2019,2018-07-17,2019-07-17,33.125,2.5,5.5,2.32,2.32,2.32,0.6177358490566035,1.56,0,False
15548,2.5176,103.9755,2019,2018-06-14,2019-06-14,35.94,1.75,5.0,2.32,2.32,2.32,0.6084905660377358,1.56,0,False
15549,2.5194,103.9739,2018,2017-07-27,2018-07-27,29.375,0.0,4.5,0.16,0.16,0.16,0.41792452830188676,1.32,0,False
15550,2.5196,103.9743,2019,2018-06-12,2019-06-12,42.19,0.25,5.0,2.32,2.32,2.32,0.6084905660377358,1.56,0,False
15551,2.5232,103.9729,2019,2018-07-23,2019-07-23,41.25,12.75,4.0,2.32,2.32,2.32,0.6177358490566035,1.56,0,False
15552,2.5244,103.9735,2019,2018-06-28,2019-06-28,31.25,10.0,7.0,2.32,2.32,2.32,0.5945283018867925,1.56,0,False
15553,2.7261,104.2169,2019,2018-07-15,2019-07-15,27.19,0.0,8.0,1.07,1.07,1.07,0.5558490566037736,1.34,0,False
15554,2.7586,104.2224,2019,2018-08-27,2019-08-27,35.31,0.5,7.0,0.0,1.07,1.07,0.5875471698113208,1.34,0,False
15555,2.8127,104.2084,2019,2018-08-27,2019-08-27,25.31,22.5,7.8,0.0,1.38,1.38,0.5869811320754718,1.35,0,False
15556,2.8322,104.1961,2019,2018-07-15,2019-07-15,26.25,0.0,6.0,1.53,1.53,1.53,0.5369811320754716,1.36,0,False
15557,2.8481,104.1923,2019,2018-07-15,2019-07-15,23.75,0.0,7.0,1.53,1.53,1.53,0.5369811320754716,1.36,0,False
15558,2.8594,104.189,2019,2018-07-15,2019-07-15,22.5,0.0,6.8,1.57,1.57,1.57,0.5416981132075472,1.36,0,False
15559,2.8934,73.4032,2019,2018-09-10,2019-09-10,16.72,16.125,4.75,0.0,0.79,0.79,0.6850943396226414,1.21,0,False
15560,3.3715,73.4404,2018,2017-05-17,2018-05-17,10.0025,0.0,7.5,0.0,0.0,0.0,0.5116981132075471,1.44,0,False
15561,3.4383,73.6004,2018,2017-05-18,2018-05-18,9.2175,1.625,7.5,0.0,0.0,0.0,0.5171698113207547,1.33,0,False
15562,3.447,73.5961,2018,2017-05-18,2018-05-18,27.5,0.875,7.5,0.0,0.0,0.0,0.5139622641509434,1.37,0,False
15563,3.4659,73.6517,2018,2017-05-19,2018-05-19,23.125,0.375,7.5,0.0,0.0,0.0,0.5083018867924528,1.29,0,False
15564,3.5133,72.9169,2018,2017-07-26,2018-07-26,11.2525,0.75,7.0,0.0,0.0,0.0,0.40867924528301885,1.25,0,False
15565,3.5278,72.9264,2018,2017-09-12,2018-09-12,15.155,3.375,7.5,0.0,0.0,0.0,0.38698113207547175,1.25,0,False
15566,3.6048,73.5055,2018,2017-05-17,2018-05-17,19.53,0.5,7.5,0.0,0.0,0.0,0.48207547169811316,1.19,0,False
15567,3.6079,72.9477,2017,2016-05-11,2017-05-11,15.625,4.375,7.5,0.0,0.0,5.88,0.41509433962264153,1.15,7,False
15568,3.6196,73.3724,2019,2018-09-12,2019-09-12,15.315,0.5,7.65,0.0,0.31,0.31,0.6686792452830189,1.42,0,False
15569,3.6329,73.387,2018,2017-05-19,2018-05-19,5.1575,0.75,7.5,0.0,0.0,0.0,0.47905660377358494,1.38,0,False
15570,3.6614,73.408,2019,2018-09-18,2019-09-18,10.94,7.5,3.0,0.0,0.77,0.77,0.6820754716981132,1.41,0,False
15571,3.6631,73.4203,2019,2018-09-17,2019-09-17,22.5,6.5,5.0,0.0,0.77,0.77,0.6750943396226416,1.36,0,False
15572,3.6654,72.8991,2018,2017-07-25,2018-07-25,10.782499999999999,0.0,4.5,0.0,0.0,0.0,0.3994339622641509,1.21,0,False
15573,3.6776,73.4687,2019,2018-09-11,2019-09-11,12.030000000000001,1.0,5.85,0.0,0.8200000000000001,0.8200000000000001,0.6856603773584906,1.31,0,False
15574,3.6832,73.4153,2019,2018-09-17,2019-09-17,24.06,1.75,4.0,0.0,0.77,0.77,0.6750943396226416,1.36,0,False
15575,3.7365,72.9818,2017,2016-05-10,2017-05-10,19.2175,2.25,7.5,0.0,0.0,6.18,0.4118867924528302,1.13,7,False
15576,3.8367,73.3678,2019,2018-09-11,2019-09-11,16.875,2.125,5.65,0.0,0.15,0.15,0.6299999999999999,1.37,0,False
15577,3.843,72.7364,2019,2018-05-09,2019-05-09,8.1225,0.05,7.5,0.0,0.0,0.0,0.37735849056603776,1.25,0,False
15578,3.8765,72.7049,2019,2018-05-10,2019-05-10,20.155,0.1,7.5,0.0,0.0,0.0,0.3769811320754716,1.23,0,False
15579,3.8856,73.4686,2019,2018-09-10,2019-09-10,10.155000000000001,1.375,8.1,0.0,0.46,0.46,0.6307547169811322,1.15,0,False
15580,3.8886,73.469,2017,2016-05-14,2017-05-14,11.092500000000001,0.0,7.5,0.0,0.0,6.2700000000000005,0.36769230769230765,1.04,0,False
15581,3.9001,73.4762,2018,2017-05-21,2018-05-21,9.3725,0.875,7.5,0.0,0.0,0.0,0.4413207547169811,1.23,0,False
15581,3.9001,73.4762,2019,2018-05-11,2019-05-11,15.9375,5.525,7.5,0.3,0.3,0.3,0.3973584905660377,1.09,0,False
15582,3.9025,73.4418,2019,2018-05-11,2019-05-11,12.8125,0.325,7.5,0.0,0.0,0.0,0.3845283018867925,1.03,0,False
15583,3.9037,73.4574,2019,2018-09-09,2019-09-09,15.31,1.25,5.25,0.0,0.3,0.3,0.6256603773584904,1.09,0,False
15584,3.9039,73.4448,2018,2017-05-16,2018-05-16,5.9399999999999995,0.5,7.5,0.0,0.0,0.0,0.44716981132075473,1.31,0,False
15585,3.9154,72.9404,2017,2016-05-12,2017-05-12,10.315,3.375,7.5,0.0,0.0,6.41,0.3690566037735849,1.13,7,False
15586,3.917,72.9333,2019,2018-05-08,2019-05-08,5.779999999999999,0.25,7.5,0.0,0.0,0.0,0.3924528301886792,1.12,0,False
15587,3.9254,72.958,2019,2018-05-09,2019-05-09,25.1575,1.4,7.5,0.0,0.0,0.0,0.39924528301886786,1.11,0,False
15588,3.9262,72.9605,2017,2016-05-13,2017-05-13,27.8125,0.5,7.5,0.0,0.0,6.45,0.369433962264151,1.14,7,False
15589,3.9337,72.9484,2017,2016-05-13,2017-05-13,26.5625,0.0,7.5,0.0,0.0,6.41,0.3690566037735849,1.13,7,False
15590,4.0572,72.954,2017,2016-05-09,2017-05-09,16.875,0.0,7.5,0.0,0.0,6.53,0.36641509433962266,1.15,7,False
15591,4.0591,72.9422,2019,2018-05-07,2019-05-07,17.19,2.9,7.5,0.15,0.15,0.15,0.3873584905660377,1.08,0,False
15592,4.1226,73.4231,2019,2018-05-07,2019-05-07,4.6875,0.0,7.5,0.0,0.0,0.0,0.3637735849056605,1.11,0,False
15593,4.1286,73.4564,2018,2017-05-16,2018-05-16,7.029999999999999,0.875,7.5,0.0,0.0,0.0,0.4186792452830188,1.32,0,False
15594,4.2016,118.6899,2017,2016-12-08,2017-12-08,13.12,4.25,8.0,0.95,0.95,0.95,0.7262264150943396,1.54,0,False
15594,4.2016,118.6899,2018,2017-03-12,2018-03-12,10.625,5.0,8.0,0.0,0.49,0.95,0.7339622641509435,1.54,0,False
15594,4.2016,118.6899,2019,2018-10-13,2019-10-13,12.815000000000001,16.25,8.0,0.0,0.58,0.58,0.549245283018868,1.13,0,False
15595,4.2181,118.6719,2018,2017-04-13,2018-04-13,8.75,0.25,10.0,0.0,0.0,0.95,0.7835849056603774,1.54,0,False
15595,4.2181,118.6719,2019,2018-12-20,2019-12-20,9.375,5.0,8.0,0.61,0.61,0.61,0.6160377358490565,1.37,0,False
15596,4.231,118.6349,2017,2016-05-15,2017-05-15,4.375,0.0,7.0,0.0,0.14,6.140000000000001,0.7126415094339622,1.62,21,False
15597,4.233,73.6517,2018,2017-05-15,2018-05-15,6.2475,0.0,7.5,0.0,0.0,0.0,0.4288679245283018,1.25,0,False
15598,4.2339,73.5324,2019,2018-05-06,2019-05-06,3.905,0.0,7.5,0.58,0.58,0.58,0.37433962264150944,1.03,0,False
15599,4.2348,118.6297,2017,2016-05-15,2017-05-15,3.12,0.0,9.0,0.0,0.14,6.140000000000001,0.7126415094339622,1.62,21,False
15599,4.2348,118.6297,2018,2017-04-14,2018-04-14,9.685,0.25,9.0,0.0,0.0,1.1,0.79,1.57,0,False
15599,4.2348,118.6297,2019,2018-07-20,2019-07-20,6.25,0.0,8.0,0.74,0.74,0.9,0.5713207547169812,1.0,0,False
15600,4.2422,118.6252,2017,2016-05-16,2017-05-16,23.75,1.0,8.0,0.0,0.14,6.140000000000001,0.7126415094339622,1.62,21,False
15600,4.2422,118.6252,2018,2017-04-14,2018-04-14,16.25,0.25,8.0,0.0,0.0,1.1,0.79,1.57,0,False
15600,4.2422,118.6252,2019,2018-07-21,2019-07-21,10.935,0.25,7.5,0.74,0.74,0.9,0.5713207547169812,1.0,0,False
15601,4.2487,118.6255,2017,2016-05-16,2017-05-16,23.75,0.0,8.0,0.0,0.14,6.140000000000001,0.7126415094339622,1.62,21,False
15601,4.2487,118.6255,2018,2017-04-13,2018-04-13,18.75,0.0,8.0,0.0,0.0,1.1,0.79,1.57,0,False
15601,4.2487,118.6255,2019,2018-10-13,2019-10-13,10.0,5.0,8.0,0.0,0.74,0.74,0.570377358490566,1.15,0,False
15602,4.2497,118.6301,2017,2016-05-14,2017-05-14,7.185,0.0,8.0,0.0,0.14,6.140000000000001,0.7132692307692307,1.62,21,False
15603,4.2656,73.0016,2018,2017-07-23,2018-07-23,19.69,0.0,5.0,0.0,0.0,0.0,0.440188679245283,1.25,0,False
15604,4.4886,118.8603,2018,2017-09-08,2018-09-08,7.6575,0.5,8.2,0.32,1.11,1.11,0.6571698113207548,1.29,0,False
15605,4.5905,118.8639,2018,2017-09-07,2018-09-07,7.81,0.0,6.0,0.3,0.77,0.77,0.6649056603773584,1.35,0,False
15605,4.5905,118.8639,2018,2017-09-08,2018-09-08,0.31,0.0,10.4,0.3,0.77,0.77,0.6649056603773584,1.35,0,False
15606,4.5941,118.8612,2018,2017-08-13,2018-08-13,1.25,0.0,8.0,0.77,0.77,0.77,0.7098113207547172,1.35,0,False
15607,4.5955,118.8697,2018,2017-06-05,2018-06-05,6.875,22.5,8.0,0.77,0.77,0.77,0.7124528301886791,1.35,0,False
15608,4.5962,118.8693,2019,2018-12-17,2019-12-17,3.75,5.0,6.0,0.0,0.0,0.0,0.460188679245283,1.17,0,False
15609,4.6038,118.8653,2018,2017-09-06,2018-09-06,3.125,0.0,8.0,0.29,0.6,0.6,0.6677358490566039,1.39,0,False
15609,4.6038,118.8653,2018,2017-09-26,2018-09-26,11.875,6.5,6.0,0.0,0.6,0.6,0.631509433962264,1.27,0,False
15610,5.1912,115.1418,2018,2017-03-08,2018-03-08,15.315,0.0,3.0,0.0,0.0,0.98,0.8452830188679245,1.76,0,False
15610,5.1912,115.1418,2019,2018-10-09,2019-10-09,29.69,0.0,3.0,0.0,2.87,3.02,0.8845283018867925,1.81,0,False
15611,5.7042,73.4129,2018,2017-08-25,2018-08-25,38.75,35.0,1.2,0.0,0.0,0.0,0.25,1.16,0,False
15612,5.7146,73.4019,2018,2017-08-09,2018-08-09,11.092500000000001,0.0,6.5,0.0,0.0,0.0,0.26528301886792455,1.16,0,False
15613,5.7263,73.4046,2018,2017-08-09,2018-08-09,9.065,0.125,7.0,0.0,0.0,0.0,0.26528301886792455,1.16,0,False
15614,5.7283,73.4171,2018,2017-08-29,2018-08-29,10.94,0.0,10.8,0.0,0.0,0.0,0.24528301886792453,1.16,0,False
15615,5.7343,73.416,2018,2017-06-08,2018-06-08,11.25,0.0,4.6,0.0,0.0,0.0,0.33622641509433965,1.16,0,False
15615,5.7343,73.416,2018,2017-08-27,2018-08-27,12.5,0.0,9.6,0.0,0.0,0.0,0.25,1.16,0,False
15616,5.7357,73.4112,2018,2017-08-06,2018-08-06,16.875,0.0,6.75,0.0,0.0,0.0,0.2732075471698114,1.16,0,False
15617,5.7944,102.8922,2018,2017-10-05,2018-10-05,18.75,0.0,6.2,0.0,0.16,0.16,0.43867924528301894,1.21,0,False
15618,5.7968,102.8996,2018,2017-10-05,2018-10-05,22.81,0.0,8.5,0.0,0.16,0.16,0.43867924528301894,1.21,0,False
15619,5.8177,103.0104,2013,2012-09-08,2013-09-08,26.869999999999997,0.0,10.0,0.0,1.13,1.13,0.5454716981132075,1.45,0,False
15619,5.8177,103.0104,2014,2013-06-14,2014-06-14,32.5,4.25,11.0,2.43,2.43,2.43,0.2535849056603774,1.44,0,False
15619,5.8177,103.0104,2015,2014-05-16,2015-05-16,32.81,0.0,10.0,0.0,0.0,2.43,0.38924528301886796,1.37,0,False
15619,5.8177,103.0104,2016,2015-05-09,2016-05-08,33.13,0.0,10.0,0.17,0.17,0.3,0.6837735849056603,1.8,0,False
15619,5.8177,103.0104,2018,2017-05-06,2018-05-06,17.5,0.0,9.1,0.0,0.0,0.0,0.44301886792452827,1.19,0,False
15619,5.8177,103.0104,2018,2017-09-07,2018-09-07,25.0,0.0,10.7,0.33,0.33,0.33,0.42,1.19,0,False
15619,5.8177,103.0104,2019,2018-06-15,2019-06-15,15.934999999999999,70.0,8.7,1.96,1.96,1.96,0.6783018867924527,1.47,0,False
15620,5.8851,102.7673,2017,2016-10-15,2017-10-15,16.56,1.25,8.7,0.0,0.0,0.0,0.571346153846154,1.19,0,False
15620,5.8851,102.7673,2019,2018-10-15,2019-10-15,16.565,1.25,5.0,0.0,1.99,1.99,0.7049056603773585,1.28,0,False
15621,5.8851,102.7648,2017,2016-05-24,2017-05-24,4.6899999999999995,1.25,3.5,0.0,0.0,0.7000000000000001,0.5784905660377359,1.31,0,False
15622,5.8861,102.7653,2018,2017-09-25,2018-09-25,10.625,2.5,10.0,0.0,0.17,0.17,0.4352830188679246,1.19,0,False
15623,6.5654,99.3472,2018,2017-06-22,2018-06-22,41.25,2.0,4.0,0.15,0.15,0.15,0.6647169811320754,1.44,0,False
15623,6.5654,99.3472,2018,2017-06-23,2018-06-23,42.5,5.0,4.5,0.15,0.15,0.15,0.6647169811320754,1.44,0,False
15623,6.5654,99.3472,2019,2018-06-23,2019-06-23,45.94,6.0,5.0,3.03,3.03,3.03,0.7228301886792453,1.62,0,False
15624,6.7076,116.3721,2018,2017-07-23,2018-07-23,7.81,0.0,4.0,0.0,0.0,0.15,0.45867924528301884,1.52,0,False
15624,6.7076,116.3721,2019,2018-07-16,2019-07-16,16.56,0.75,4.0,0.44,0.44,0.44,0.4096226415094339,1.61,0,False
15625,6.8123,117.3597,2017,2016-04-23,2017-04-23,13.75,1.75,4.5,0.0,0.0,5.0,0.7411538461538463,2.03,7,False
15626,6.8204,117.4734,2017,2016-04-23,2017-04-23,13.44,2.0,5.5,0.0,0.0,4.94,0.7225000000000001,1.92,14,False
15627,6.8234,116.8739,2017,2016-04-16,2017-04-16,9.06,0.0,8.0,0.0,0.0,1.39,0.7755769230769229,2.19,0,False
15628,6.8556,116.8606,2017,2016-04-16,2017-04-16,7.5,1.25,5.0,0.0,0.0,1.1,0.7653846153846154,2.2,0,False
15629,6.887,117.3798,2017,2016-04-23,2017-04-23,33.905,1.875,7.5,0.0,0.0,4.32,0.7153846153846154,1.97,0,False
15630,6.9186,116.8485,2017,2016-04-16,2017-04-16,9.684999999999999,0.0,5.0,0.0,0.0,1.09,0.7546153846153848,2.26,0,False
15631,6.9318,117.3497,2017,2016-04-21,2017-04-21,20.310000000000002,1.125,8.15,0.0,0.0,3.95,0.7066037735849059,1.9,0,False
15632,6.9409,117.0186,2017,2016-04-18,2017-04-18,21.875,6.75,4.3,0.0,0.0,1.55,0.7367924528301888,2.09,0,False
15633,6.9549,117.2784,2017,2016-04-21,2017-04-21,18.435000000000002,1.5,4.0,0.0,0.0,3.26,0.7007547169811321,1.84,0,False
15634,6.9558,117.01,2017,2016-04-30,2017-04-30,34.06,0.75,3.4,0.0,0.0,1.55,0.720576923076923,2.04,0,False
15635,6.9841,117.4986,2017,2016-04-22,2017-04-22,24.0625,1.625,8.0,0.0,0.0,4.26,0.6752830188679244,1.77,0,False
15636,7.0338,117.0735,2017,2016-04-30,2017-04-30,16.0925,2.25,7.5,0.0,0.0,1.72,0.7124999999999999,1.95,0,False
15637,7.0346,117.0031,2017,2016-05-01,2017-05-01,30.0,2.125,8.75,0.0,0.0,1.56,0.7167924528301887,2.04,0,False
15638,7.0439,117.4652,2017,2016-04-22,2017-04-22,20.0,3.75,8.85,0.0,0.0,4.13,0.6673584905660378,1.78,0,False
15639,7.052,117.3637,2017,2016-04-30,2017-04-30,15.155000000000001,0.625,8.5,0.0,0.0,3.45,0.6640384615384616,1.95,0,False
15640,7.0813,117.2479,2017,2016-04-20,2017-04-20,24.377499999999998,0.0,7.5,0.0,0.0,2.74,0.6892452830188678,1.92,0,False
15641,7.0815,117.0542,2017,2016-04-29,2017-04-29,18.75,0.625,8.25,0.0,0.0,1.72,0.7107547169811322,1.99,0,False
15642,7.086,117.0609,2017,2016-04-29,2017-04-29,19.685,1.25,5.8,0.0,0.0,1.72,0.7107547169811322,1.99,0,False
15643,7.0873,117.4705,2017,2016-04-24,2017-04-24,21.875,1.625,8.5,0.0,0.0,4.2700000000000005,0.661698113207547,1.81,0,False
15644,7.0992,117.087,2017,2016-04-30,2017-04-30,25.0,0.0,7.5,0.0,0.0,1.72,0.7019230769230771,1.99,0,False
15645,7.1162,117.3795,2017,2016-04-24,2017-04-24,17.185,1.5,5.0,0.0,0.0,3.33,0.6769811320754716,2.0,0,False
15646,7.1192,117.5092,2017,2016-04-24,2017-04-24,24.06,8.25,4.0,0.0,0.0,4.3100000000000005,0.6499999999999999,1.75,7,False
15647,7.1894,117.2883,2017,2016-05-04,2017-05-04,14.845,0.375,8.65,0.0,0.0,2.62,0.6620754716981131,2.01,0,False
15648,7.1898,117.3702,2017,2016-05-03,2017-05-03,25.0,0.0,8.0,0.0,0.0,3.29,0.6569811320754717,2.03,0,False
15649,7.2088,117.4692,2017,2016-05-03,2017-05-03,25.0025,1.0,10.25,0.0,0.0,3.65,0.6335849056603773,1.91,0,False
15650,7.2351,117.3764,2017,2016-05-04,2017-05-04,28.1275,0.0,7.5,0.0,0.0,3.14,0.6511320754716985,2.04,0,False
15651,7.293,117.3683,2017,2016-05-05,2017-05-05,31.56,0.25,4.7,0.0,0.0,2.68,0.641698113207547,2.07,0,False
15652,7.3493,117.3517,2017,2016-05-05,2017-05-05,20.310000000000002,2.75,5.0,0.0,0.0,2.67,0.6283018867924529,2.08,0,False
15653,7.353,117.1368,2017,2016-05-06,2017-05-06,37.81,0.25,5.0,0.0,0.0,1.61,0.6171698113207548,2.08,0,False
15654,7.3563,117.0547,2017,2016-05-06,2017-05-06,25.935,1.0,5.0,0.0,0.0,1.3,0.6128301886792453,2.06,0,False
15655,7.3574,116.9715,2017,2016-05-06,2017-05-06,25.94,0.5,9.7,0.0,0.0,1.26,0.6049056603773585,1.97,0,False
15656,7.391,117.3585,2017,2016-05-05,2017-05-05,28.1275,2.375,8.7,0.0,0.0,2.21,0.6126415094339623,2.08,0,False
15657,10.0664,99.8415,2019,2018-07-18,2019-07-18,10.0,0.75,5.8,0.95,0.95,0.95,0.7154716981132078,1.43,0,False
15657,10.0664,99.8415,2019,2018-11-07,2019-11-07,4.375,1.5,7.15,0.0,0.0,0.95,0.7954716981132074,1.43,0,False
15658,10.2556,166.2594,2013,2012-07-20,2013-07-20,6.56,0.0,2.5,0.0,0.0,0.0,0.5152830188679245,1.01,0,False
15658,10.2556,166.2594,2013,2012-07-31,2013-07-31,5.625,3.0,3.0,0.0,0.0,0.0,0.5133962264150943,1.01,0,False
15658,10.2556,166.2594,2013,2012-08-01,2013-08-01,4.685,1.25,1.5,0.0,0.0,0.0,0.5133962264150943,1.01,0,False
15659,10.2675,166.2878,2013,2012-07-20,2013-07-20,20.94,0.0,1.5,0.0,0.0,0.0,0.5152830188679245,1.01,0,False
15659,10.2675,166.2878,2013,2012-07-29,2013-07-29,18.75,2.5,1.5,0.0,0.0,0.0,0.5120754716981132,1.01,0,False
15659,10.2675,166.2878,2013,2012-07-30,2013-07-30,20.94,1.25,1.5,0.0,0.0,0.0,0.5159615384615385,1.01,0,False
15660,10.4262,119.1279,2019,2018-03-29,2019-03-29,35.94,0.25,4.0,0.0,0.0,0.0,0.27094339622641506,0.88,0,False
15661,10.4422,119.1648,2019,2018-01-07,2019-01-07,27.189999999999998,0.0,9.0,0.0,0.0,0.0,0.3507547169811321,1.1,0,False
15661,10.4422,119.1648,2019,2018-06-06,2019-06-06,28.130000000000003,0.0,9.0,0.3,0.3,0.3,0.30849056603773584,1.1,0,False
15662,10.4437,119.1563,2019,2018-03-05,2019-03-05,22.5,15.0,9.0,0.0,0.0,0.0,0.280188679245283,0.89,0,False
15663,10.4505,119.1629,2019,2018-06-07,2019-06-07,29.065,25.0,4.0,0.3,0.3,0.3,0.29547169811320756,1.13,0,False
15663,10.4505,119.1629,2019,2018-12-01,2019-12-01,27.185,0.0,9.0,0.0,0.3,0.6,0.41905660377358495,1.13,0,False
15664,10.4606,119.1556,2019,2018-03-07,2019-03-07,33.12,0.0,4.5,0.0,0.0,0.0,0.2652830188679245,0.93,0,False
15664,10.4606,119.1556,2019,2018-06-07,2019-06-07,31.869999999999997,0.0,4.0,0.3,0.3,0.3,0.29547169811320756,1.13,0,False
15665,10.4638,119.0771,2019,2018-03-16,2019-03-16,34.375,0.0,9.0,0.0,0.0,0.0,0.2718867924528302,0.93,0,False
15665,10.4638,119.0771,2019,2018-06-13,2019-06-13,22.185,0.0,9.0,0.58,0.58,0.58,0.31169811320754726,1.08,0,False
15666,10.484,119.0797,2019,2018-06-13,2019-06-13,15.94,0.0,4.0,0.58,0.58,0.58,0.31169811320754726,1.08,0,False
15667,10.4903,119.1511,2019,2018-01-07,2019-01-07,30.31,0.0,9.0,0.0,0.0,0.0,0.34811320754716973,1.11,0,False
15667,10.4903,119.1511,2019,2018-03-04,2019-03-04,25.0,0.0,4.5,0.0,0.0,0.0,0.2707547169811322,0.93,0,False
15667,10.4903,119.1511,2019,2018-06-07,2019-06-07,26.405,0.0,6.5,0.3,0.3,0.3,0.29547169811320756,1.13,0,False
15668,10.4933,119.1336,2018,2017-12-21,2018-12-21,27.5025,0.0,6.9,0.0,0.0,0.0,0.36000000000000004,1.07,0,False
15669,10.5725,119.1648,2019,2018-03-12,2019-03-12,20.47,1.25,6.5,0.0,0.0,0.0,0.25811320754716977,1.03,0,False
15669,10.5725,119.1648,2019,2018-06-19,2019-06-19,21.095,1.25,6.5,0.44,0.44,0.44,0.2956603773584906,1.15,0,False
15670,10.5753,119.1761,2019,2018-03-12,2019-03-12,21.25,0.0,4.0,0.0,0.0,0.0,0.25811320754716977,1.03,0,False
15670,10.5753,119.1761,2019,2018-06-19,2019-06-19,19.685,0.5,4.0,0.44,0.44,0.44,0.2956603773584906,1.15,0,False
15671,10.5757,119.1752,2019,2018-03-12,2019-03-12,33.75,0.0,9.0,0.0,0.0,0.0,0.25811320754716977,1.03,0,False
15671,10.5757,119.1752,2019,2018-06-19,2019-06-19,32.815,0.0,9.0,0.44,0.44,0.44,0.2956603773584906,1.15,0,False
15672,10.6238,119.1629,2019,2018-03-04,2019-03-04,25.4675,0.0,6.75,0.0,0.0,0.14,0.27377358490566034,1.11,0,False
15672,10.6238,119.1629,2019,2018-06-06,2019-06-06,25.9375,0.0,6.5,0.29,0.29,0.29,0.2873584905660378,1.12,0,False
15673,10.7342,119.2782,2020,2019-01-08,2020-01-08,35.0,0.0,9.0,0.0,0.0,0.45,0.4739622641509434,1.19,0,False
15674,11.2489,-60.5504,2017,2016-01-12,2017-01-11,9.375,0.0,9.5,1.1,2.9,2.9,0.760943396226415,1.43,0,False
15674,11.2489,-60.5504,2017,2016-12-06,2017-12-06,2.5,0.0,11.7,4.9,5.22,5.22,0.7643396226415096,1.65,7,False
15674,11.2489,-60.5504,2018,2017-01-31,2018-01-31,23.75,0.0,12.5,0.77,5.22,5.22,0.7577358490566038,1.65,7,False
15674,11.2489,-60.5504,2018,2017-10-15,2018-10-15,4.69,0.0,10.0,0.29,0.29,5.22,0.4141509433962263,1.24,7,False
15675,11.2554,-60.5373,2017,2016-01-12,2017-01-11,5.0,0.0,9.5,1.15,2.92,2.92,0.7843396226415095,1.45,0,False
15675,11.2554,-60.5373,2017,2016-12-06,2017-12-06,2.81,0.0,10.9,4.75,5.07,5.07,0.7658490566037736,1.6,7,False
15675,11.2554,-60.5373,2018,2017-01-31,2018-01-31,5.3149999999999995,0.0,11.6,0.62,5.07,5.07,0.758867924528302,1.6,7,False
15675,11.2554,-60.5373,2018,2017-10-15,2018-10-15,8.75,0.5,10.0,0.14,0.14,5.07,0.41943396226415103,1.23,7,False
15676,11.2911,-74.1937,2018,2017-05-12,2018-05-12,11.875,0.0,5.8,0.0,0.0,5.25,0.40396226415094333,1.76,7,False
15677,11.2943,-60.6714,2016,2015-02-15,2016-02-15,16.25,2.5,9.0,0.0,1.47,1.47,0.19566037735849054,1.06,0,False
15677,11.2943,-60.6714,2017,2016-07-30,2017-07-30,,0.0,12.0,0.0,0.0,1.98,0.7292307692307691,1.3,0,False
15677,11.2943,-60.6714,2017,2016-12-04,2017-12-04,9.375,0.0,10.4,3.44,3.44,3.44,0.6843396226415095,1.55,0,False
15677,11.2943,-60.6714,2018,2017-02-25,2018-02-25,9.06,0.25,11.2,0.0,1.0,3.44,0.6533962264150942,1.55,0,False
15677,11.2943,-60.6714,2018,2017-10-17,2018-10-17,17.5,1.25,11.4,0.44,0.44,3.44,0.3216981132075472,1.0,0,False
15677,11.2943,-60.6714,2019,2018-04-27,2019-04-27,5.94,0.0,10.2,0.0,0.0,0.44,0.1807547169811321,1.05,0,False
15678,11.2979,-60.5089,2018,2017-10-16,2018-10-16,11.56,12.5,10.4,0.14,0.14,5.07,0.4088679245283019,0.93,0,False
15679,11.3003,-60.5211,2017,2016-01-11,2017-01-10,22.185,0.0,8.5,1.17,2.78,2.78,0.7873584905660377,1.44,0,False
15679,11.3003,-60.5211,2017,2016-12-05,2017-12-05,16.875,0.0,11.1,4.58,4.58,4.58,0.7530188679245283,1.55,7,False
15679,11.3003,-60.5211,2018,2017-02-01,2018-02-01,20.619999999999997,0.0,10.8,0.17,4.58,4.58,0.7449056603773586,1.55,7,False
15679,11.3003,-60.5211,2018,2017-10-16,2018-10-16,15.94,2.5,8.4,0.0,0.0,4.58,0.40132075471698125,0.91,0,False
15680,11.301,-60.5077,2017,2016-01-11,2017-01-10,8.75,0.0,9.9,1.17,2.78,2.78,0.7873584905660377,1.44,0,False
15680,11.301,-60.5077,2017,2016-12-05,2017-12-05,7.19,0.0,11.1,4.58,4.58,4.58,0.7530188679245283,1.55,7,False
15680,11.301,-60.5077,2018,2017-02-01,2018-02-01,9.690000000000001,0.0,11.9,0.17,4.58,4.58,0.7449056603773586,1.55,7,False
15681,11.3136,-74.1943,2018,2017-05-12,2018-05-12,20.939999999999998,0.0,7.5,0.0,0.0,5.44,0.4422641509433963,1.8,7,False
15681,11.3136,-74.1943,2018,2017-05-13,2018-05-13,30.935,1.25,11.3,0.0,0.0,5.44,0.4422641509433963,1.8,7,False
15682,11.3257,-60.5946,2017,2016-07-30,2017-07-30,3.75,0.0,9.3,0.0,0.0,2.56,0.7711538461538461,1.39,0,False
15682,11.3257,-60.5946,2017,2016-12-04,2017-12-04,5.0,0.0,10.3,4.03,4.03,4.03,0.7171698113207546,1.49,0,False
15682,11.3257,-60.5946,2018,2017-02-25,2018-02-25,6.875,0.0,12.3,0.0,1.02,4.03,0.6843396226415095,1.49,0,False
15682,11.3257,-60.5946,2018,2017-10-17,2018-10-17,8.125,0.0,12.2,0.0,0.0,4.03,0.36,0.93,0,False
15682,11.3257,-60.5946,2019,2018-04-27,2019-04-27,2.19,0.0,11.2,0.0,0.0,0.0,0.23566037735849057,0.99,0,False
15683,11.3384,-60.55,2018,2017-10-13,2018-10-13,19.69,2.0,12.0,0.0,0.0,4.58,0.41245283018867934,1.21,7,False
15683,11.3384,-60.55,2019,2018-04-28,2019-04-28,25.31,0.0,12.2,0.0,0.0,0.0,0.2850943396226416,0.96,0,False
15683,11.3384,-60.55,2019,2018-10-18,2019-10-18,21.565,0.0,10.5,2.43,2.43,2.43,0.4632075471698113,1.18,0,False
15684,11.3401,-60.5476,2017,2016-04-25,2017-04-25,13.125,0.0,11.0,0.0,0.0,2.78,0.7858490566037737,1.44,0,False
15684,11.3401,-60.5476,2018,2017-02-28,2018-02-28,7.81,0.0,11.9,0.0,1.34,4.58,0.7100000000000001,1.55,7,False
15685,11.3476,124.1054,2017,2016-08-30,2017-08-30,6.25,0.0,7.9,4.75,4.75,4.75,0.6579245283018867,1.74,7,False
15686,11.3515,124.1092,2017,2016-03-22,2017-03-22,7.5,0.0,4.8,0.0,0.0,4.67,0.6541509433962263,1.6,0,False
15687,11.3542,-60.5276,2016,2015-02-01,2016-02-01,20.0,1.25,9.5,0.0,1.31,1.31,0.29566037735849054,1.07,0,False
15687,11.3542,-60.5276,2016,2015-05-20,2016-05-19,18.119999999999997,0.0,7.3,0.0,0.0,1.31,0.4211320754716982,1.21,0,False
15687,11.3542,-60.5276,2017,2016-04-25,2017-04-25,19.375,0.0,9.0,0.0,0.0,2.94,0.7949056603773583,1.43,0,False
15687,11.3542,-60.5276,2018,2017-03-22,2018-03-22,13.129999999999999,0.0,8.0,0.0,0.48,4.58,0.7066037735849056,1.48,7,False
15687,11.3542,-60.5276,2018,2017-10-13,2018-10-13,12.81,0.0,9.7,0.0,0.0,4.58,0.41226415094339613,1.2,7,False
15687,11.3542,-60.5276,2019,2018-04-28,2019-04-28,20.625,0.0,10.1,0.0,0.0,0.0,0.2918867924528302,0.95,0,False
15687,11.3542,-60.5276,2019,2018-10-18,2019-10-18,15.625,0.0,9.2,2.26,2.26,2.26,0.4716981132075472,1.17,0,False
15688,12.4506,-61.4944,2019,2018-06-13,2019-06-13,6.875,0.0,7.0,0.0,0.0,0.0,0.2839622641509434,0.84,0,False
15689,12.4858,-81.7024,2018,2017-10-13,2018-10-13,9.065,0.75,6.0,0.0,0.0,9.23,0.33037735849056604,1.26,21,False
15690,12.5052,-81.8148,2018,2017-10-13,2018-10-13,19.685000000000002,18.75,12.0,0.0,0.0,9.36,0.3464150943396226,1.24,21,False
15691,12.5217,-81.7298,2018,2017-10-13,2018-10-13,21.560000000000002,1.0,11.1,0.0,0.0,9.62,0.3332075471698113,1.3,28,False
15692,12.5372,-81.7359,2018,2017-10-13,2018-10-13,15.625,0.75,12.0,0.0,0.0,9.62,0.3332075471698113,1.3,28,False
15693,12.5929,-81.7408,2018,2017-10-14,2018-10-14,15.625,2.75,10.7,0.0,0.0,9.25,0.3386792452830189,1.35,28,False
15694,13.3128,-81.3743,2019,2018-03-15,2019-03-15,15.620000000000001,0.0,8.0,0.0,0.0,0.0,0.20943396226415092,0.72,0,False
15695,13.3152,-81.3743,2019,2018-03-16,2019-03-16,11.56,0.4,12.0,0.0,0.0,0.0,0.20943396226415092,0.72,0,False
15696,13.3186,-81.4019,2019,2018-03-14,2019-03-14,14.065,0.5,9.0,0.0,0.0,0.0,0.21566037735849053,0.72,0,False
15697,13.3524,-81.4074,2019,2018-03-16,2019-03-16,18.12,0.02,6.0,0.0,0.0,0.0,0.21924528301886792,0.74,0,False
15698,13.9711,120.6128,2019,2018-07-25,2019-07-25,23.435,10.0,3.0,2.8000000000000003,2.8000000000000003,2.8000000000000003,0.45603773584905655,1.47,0,False
15699,13.9719,120.6116,2019,2018-07-24,2019-07-24,18.12,3.25,4.0,2.8000000000000003,2.8000000000000003,2.8000000000000003,0.45603773584905655,1.47,0,False
15700,13.9752,120.6156,2019,2018-07-24,2019-07-24,14.684999999999999,11.25,4.4,2.8000000000000003,2.8000000000000003,2.8000000000000003,0.45603773584905655,1.47,0,False
15701,13.9768,120.6077,2019,2018-07-24,2019-07-24,20.939999999999998,13.75,5.0,2.8000000000000003,2.8000000000000003,2.8000000000000003,0.45603773584905655,1.47,0,False
15702,13.9771,120.6165,2019,2018-07-24,2019-07-24,11.870000000000001,17.5,4.6,2.8000000000000003,2.8000000000000003,2.8000000000000003,0.45603773584905655,1.47,0,False
15703,13.9926,120.6187,2019,2018-07-23,2019-07-23,21.875,3.75,5.6,2.8000000000000003,2.8000000000000003,2.8000000000000003,0.44943396226415094,1.47,0,False
15704,13.9945,120.6194,2019,2018-07-23,2019-07-23,18.12,9.5,5.3,2.8000000000000003,2.8000000000000003,2.8000000000000003,0.44943396226415094,1.47,0,False
15705,14.0049,120.6161,2019,2018-07-24,2019-07-24,26.880000000000003,6.25,5.0,3.16,3.16,3.16,0.4801886792452831,1.52,0,False
15706,14.0171,120.6156,2019,2018-07-24,2019-07-24,18.75,14.5,5.7,3.16,3.16,3.16,0.4801886792452831,1.52,0,False
15707,14.457,-60.9219,2018,2017-05-16,2018-05-16,21.25,0.0,8.0,0.0,0.0,3.3200000000000003,0.6733962264150941,1.29,0,True
15708,15.2068,-61.3492,2018,2017-01-20,2018-01-20,7.5,0.0,16.0,0.0,2.42,2.42,0.6433962264150944,1.34,0,False
15709,15.2349,-61.3666,2018,2017-01-19,2018-01-19,10.629999999999999,0.0,1.0,0.0,2.56,2.56,0.6483018867924528,1.27,0,False
15710,15.2367,-61.3699,2018,2017-01-19,2018-01-19,15.835,0.0,10.5,0.0,2.56,2.56,0.6483018867924528,1.27,0,False
15711,15.4392,-61.4458,2018,2017-01-21,2018-01-21,,0.0,14.0,0.0,1.49,1.49,0.6267924528301888,1.16,0,True
15713,17.2125,-62.6548,2019,2018-06-13,2019-06-13,24.065,0.0,10.5,0.0,0.0,0.0,0.17490566037735844,0.6900000000000001,0,False
15714,17.8935,-62.8551,2018,2017-08-03,2018-08-03,29.065,0.5,13.0,0.0,0.0,1.06,0.4562264150943397,1.17,0,False
15715,17.9001,-62.8636,2018,2017-08-04,2018-08-04,36.56,0.75,10.0,0.0,0.0,1.06,0.45433962264150946,1.16,0,False
15716,18.1004,-73.9431,2013,2012-07-20,2013-07-20,16.25,0.0,1.0,0.0,0.0,0.63,0.3205660377358491,0.95,0,True
15717,18.4424,-69.6038,2014,2013-08-19,2014-08-19,25.31,0.0,10.0,0.0,0.0,0.93,0.51,1.15,0,False
15719,18.4929,-66.3952,2019,2018-03-24,2019-03-24,4.06,0.0,3.4,0.0,0.0,0.0,0.2526415094339623,0.61,0,False
15724,19.7048,-156.0502,2019,2018-07-21,2019-07-21,15.935,0.0,10.6,0.0,0.0,0.29,0.7096226415094338,1.61,0,False
15726,22.0854,121.5657,2018,2017-07-01,2018-07-01,27.815,0.125,7.5,0.14,0.14,2.23,0.5994339622641509,1.97,0,False
15726,22.0854,121.5657,2019,2018-06-30,2019-06-30,26.72,0.0,7.5,0.0,0.0,0.61,0.6192452830188679,1.73,0,False
15727,22.6569,121.4738,2019,2018-04-11,2019-04-11,18.75,0.0,5.5,0.0,0.0,1.83,0.7686792452830188,1.72,0,False
15728,23.2522,119.6657,2018,2017-06-10,2018-06-10,33.125,0.25,4.3,0.0,0.0,4.64,0.8716981132075472,2.39,14,False
15729,23.2668,119.5087,2019,2018-06-15,2019-06-15,11.25,0.0,4.0,0.0,0.0,1.22,1.0035849056603772,3.27,0,False
15730,23.5117,119.5989,2019,2018-09-17,2019-09-17,22.5,0.0,4.3,2.09,2.09,2.09,1.1430188679245283,3.17,0,True
15730,23.5117,119.5989,2019,2018-09-19,2019-09-19,21.25,0.0,5.0,2.09,2.09,2.09,1.148301886792453,3.17,0,True
15731,24.5985,54.4195,2019,2018-06-09,2019-06-09,7.5,32.5,7.0,0.0,0.0,0.0,0.16037735849056603,1.88,0,False
15731,24.5985,54.4195,2019,2018-06-28,2019-06-28,21.25,0.0,7.0,0.0,0.0,0.0,0.20962264150943394,2.41,0,False
15732,25.1349,121.8267,2019,2018-04-29,2019-04-29,37.185,0.0,5.0,0.0,0.0,4.25,0.6233962264150943,2.42,0,False
15733,25.1753,34.844,2018,2017-07-13,2018-07-13,18.28,0.0,6.0,0.0,0.0,0.0,0.5539622641509435,1.92,0,False
15734,25.3341,34.7448,2019,2018-12-16,2019-12-16,31.877499999999998,0.875,6.0,2.08,8.290000000000001,8.290000000000001,0.6873584905660377,2.38,21,False
15735,27.922,34.3698,2020,2019-01-24,2020-01-24,9.6875,0.375,6.0,0.0,6.12,7.23,0.7345283018867924,2.65,14,False
15736,28.477,34.5115,2013,2012-03-15,2013-03-15,17.655,0.0,7.5,0.0,0.0,5.72,0.7845283018867926,1.99,14,False
15736,28.477,34.5115,2013,2012-03-30,2013-03-30,15.625,0.0,7.5,0.0,0.0,5.72,0.8362264150943395,1.99,14,False
15736,28.477,34.5115,2013,2012-10-01,2013-10-01,13.5925,0.0,7.5,3.42,3.42,5.72,0.8461538461538463,1.84,0,False
15736,28.477,34.5115,2014,2013-03-12,2014-03-12,14.375,0.0,7.5,0.0,0.0,3.42,0.7277358490566036,1.64,0,False
15736,28.477,34.5115,2014,2013-12-27,2014-12-27,22.5,0.0,10.0,0.0,4.7700000000000005,4.7700000000000005,0.6362264150943396,1.7,7,False
15736,28.477,34.5115,2015,2014-03-31,2015-03-31,13.75,0.0,5.0,0.0,0.0,4.7700000000000005,0.5858490566037736,1.7,7,False
15736,28.477,34.5115,2018,2017-05-07,2018-05-07,18.435,1.75,10.0,0.0,0.0,0.31,0.44094339622641504,1.34,0,False
15736,28.477,34.5115,2019,2018-05-25,2019-05-25,24.06,0.0,10.0,0.0,0.0,7.26,0.7835849056603771,1.91,21,False
999410,22.3717,-73.1704,2013,2012-02-26,2013-02-25,,0.0,14.45,0.0,0.0,0.0,0.2967924528301886,1.29,0,False
999412,22.4362,-73.0034,2013,2012-02-27,2013-02-26,,0.0,4.6,0.0,0.0,0.0,0.2946153846153846,1.23,0,False
999413,22.4768,-73.138,2013,2012-02-27,2013-02-26,,0.0,14.3,0.0,0.0,0.0,0.28788461538461535,1.23,0,False
999414,22.5829,-73.6324,2013,2012-02-24,2013-02-23,,0.0,18.65,0.0,0.0,0.0,0.25679245283018864,1.32,0,False
999415,22.5846,-73.4687,2013,2012-02-25,2013-02-24,,0.0,1.65,0.0,0.0,0.0,0.25245283018867926,1.3,0,False
999416,22.6113,-73.564,2013,2012-02-25,2013-02-24,,0.0,9.25,0.0,0.0,0.0,0.24415094339622645,1.32,0,False
999417,22.6176,-73.6142,2013,2012-02-21,2013-02-20,,0.0,2.4,0.0,0.0,0.0,0.2484905660377359,1.31,0,False
999418,22.6201,-73.5386,2013,2012-02-24,2013-02-23,,0.0,7.699999999999999,0.0,0.0,0.0,0.24075471698113207,1.32,0,False
999419,22.6237,-73.6308,2013,2012-02-21,2013-02-20,,0.0,5.199999999999999,0.0,0.0,0.0,0.2484905660377359,1.31,0,False
999420,22.6237,-73.6245,2013,2012-02-21,2013-02-20,,0.0,10.899999999999999,0.0,0.0,0.0,0.2484905660377359,1.31,0,False
999421,22.7054,-73.8174,2013,2012-02-28,2013-02-27,,0.0,12.65,0.0,0.0,0.0,0.2473584905660377,1.16,0,False
999422,22.7537,-74.0558,2013,2012-02-28,2013-02-27,,0.0,11.899999999999999,0.0,0.0,0.0,0.2571698113207548,1.15,0,False
999423,23.0586,-73.758,2013,2012-02-22,2013-02-21,,0.0,5.05,0.0,0.0,0.0,0.1332075471698113,1.17,0,False
999424,23.0713,-73.7848,2013,2012-02-22,2013-02-21,,0.0,12.1,0.0,0.0,0.0,0.1332075471698113,1.17,0,False
999425,23.0778,-73.6496,2013,2012-02-23,2013-02-22,,0.0,7.800000000000001,0.0,0.0,0.0,0.13867924528301886,1.24,0,False
999426,23.0894,-73.8224,2013,2012-02-22,2013-02-21,,0.0,9.9,0.0,0.0,0.0,0.13660377358490564,1.13,0,False
999427,23.0998,-73.6707,2013,2012-02-23,2013-02-22,,0.0,,0.0,0.0,0.0,0.13415094339622644,1.23,0,False
999428,23.1068,-73.7726,2013,2012-02-23,2013-02-22,,0.0,8.95,0.0,0.0,0.0,0.1162264150943396,1.17,0,False
999483,26.5939,-78.4033,2013,2012-04-24,2013-04-24,,0.0,3.0,0.0,0.0,0.0,-0.15056603773584906,1.09,0,False
999485,26.5947,-78.3833,2013,2012-04-24,2013-04-24,,6.11,9.4,0.0,0.0,0.0,-0.18037735849056608,1.13,0,False
999487,26.5961,-78.3708,2013,2012-04-23,2013-04-23,,0.0,8.8,0.0,0.0,0.0,-0.20557692307692313,1.09,0,False
999488,26.5967,-78.3856,2013,2012-04-23,2013-04-23,,0.0,5.3,0.0,0.0,0.0,-0.20557692307692313,1.09,0,False
999490,26.5986,-78.3764,2013,2012-04-23,2013-04-23,,0.49,3.7,0.0,0.0,0.0,-0.20557692307692313,1.09,0,False
999506,25.3157,-78.0767,2013,2012-09-09,2013-09-09,,2.73,13.2,0.0,0.0,0.0,-0.03735849056603774,1.22,0,False
999514,25.2404,-78.0322,2013,2012-09-10,2013-09-10,,15.26,17.55,0.0,0.0,0.0,-0.09057692307692305,1.09,0,False
999530,25.357,-78.1059,2013,2012-09-08,2013-09-08,,3.07,14.1,0.0,0.0,0.0,-0.03132075471698113,1.32,0,False
999531,17.8051,-77.0046,2016,2015-06-16,2016-06-15,,11.11,6.4,0.0,0.0,2.23,0.6590566037735849,1.44,0,False
999532,17.7987,-77.004,2014,2013-10-10,2014-10-10,,8.75,2.9,0.0,0.0,0.91,0.5333962264150943,1.28,0,False
999533,17.799,-77.0198,2014,2013-10-12,2014-10-12,,8.77,8.566666666666666,0.0,0.0,0.91,0.5333962264150943,1.28,0,False
999535,25.3409,-78.0933,2013,2012-09-08,2013-09-08,,8.61,16.3,0.0,0.0,0.0,-0.03735849056603774,1.22,0,False
999546,25.2224,-78.0327,2013,2012-09-10,2013-09-10,,1.44,4.6,0.0,0.0,0.0,-0.09057692307692305,1.09,0,False
999721,25.2641,-78.0529,2013,2012-09-08,2013-09-08,,1.39,6.4,0.0,0.0,0.0,-0.053962264150943386,1.2,0,False
999736,12.0264,-61.7644,2015,2014-03-23,2015-03-23,,0.0,2.55,0.0,0.15,0.15,0.3954716981132074,1.23,0,False
999766,25.3138,-78.0829,2013,2012-09-09,2013-09-09,,0.41,7.2,0.0,0.0,0.0,-0.03735849056603774,1.22,0,False
999767,12.0222,-61.7897,2015,2014-03-17,2015-03-17,,0.0,11.35,0.0,0.15,0.15,0.3943396226415094,1.23,0,False
999797,12.0338,-61.778,2015,2014-03-30,2015-03-30,,0.0,7.85,0.0,0.15,0.15,0.3950943396226414,1.23,0,False
999820,12.0396,-61.7729,2015,2014-03-12,2015-03-12,,0.0,11.35,0.0,0.15,0.15,0.39641509433962263,1.23,0,False
999824,25.2498,-78.0425,2013,2012-09-10,2013-09-10,,6.81,12.3,0.0,0.0,0.0,-0.09057692307692305,1.09,0,False
999845,12.0403,-61.769,2015,2014-03-05,2015-03-05,,0.0,9.85,0.0,0.15,0.15,0.3888679245283019,1.23,0,False
999868,25.393,-78.1294,2013,2012-09-08,2013-09-08,,4.67,11.4,0.0,0.0,0.0,-0.03132075471698113,1.32,0,False
999875,17.7965,-77.0695,2014,2013-08-06,2014-08-06,,1.7,4.5,0.0,0.0,1.24,0.5690566037735848,1.35,0,False
999876,17.8016,-77.0748,2014,2013-08-06,2014-08-06,,0.0,4.1,0.0,0.0,1.25,0.5652830188679245,1.37,0,False
999877,17.7947,-77.0772,2014,2013-10-19,2014-10-19,,4.35,5.1,0.0,0.0,1.24,0.5432075471698113,1.35,0,False
999878,17.7994,-77.0432,2014,2013-10-10,2014-10-10,,1.47,9.35,0.0,0.0,0.91,0.5333962264150943,1.28,0,False
999904,12.0282,-61.7831,2015,2014-03-18,2015-03-18,,0.0,8.45,0.0,0.15,0.15,0.3943396226415094,1.23,0,False
999906,12.0456,-61.7649,2015,2014-03-26,2015-03-26,,0.0,7.75,0.0,0.15,0.15,0.3954716981132074,1.23,0,False
999958,25.3075,-78.0787,2013,2012-09-11,2013-09-11,,3.0,8.1,0.0,0.0,0.0,-0.047924528301886794,1.22,0,False
999966,25.23,-78.0366,2013,2012-09-11,2013-09-11,,1.09,4.9,0.0,0.0,0.0,-0.08471698113207546,1.09,0,False
999975,17.8281,-76.9846,2014,2013-10-18,2014-10-18,,0.0,8.3,0.0,0.0,0.3,0.49679245283018864,1.21,0,False
999977,25.2406,-78.0422,2013,2012-09-11,2013-09-11,,0.45,7.4,0.0,0.0,0.0,-0.08471698113207546,1.09,0,False
1000001,12.0414,-61.7709,2015,2014-03-11,2015-03-11,,0.0,10.2,0.0,0.15,0.15,0.39641509433962263,1.23,0,False
1000028,17.8323,-76.9222,2013,2012-06-08,2013-06-08,,9.26,6.533333333333334,0.0,0.0,0.64,0.3807547169811322,1.01,0,False
1000052,-8.6781,115.4319,2016,2015-03-02,2016-03-01,,30.0,,5.28,5.28,5.28,0.4477358490566038,1.29,7,False
1000053,-8.6633,115.4669,2016,2015-06-04,2016-06-03,,13.0,,16.04,16.04,16.04,0.661132075471698,1.77,84,False
1000054,-8.7243,115.597,2016,2015-06-04,2016-06-03,,35.0,,17.13,17.13,17.13,0.6960377358490566,1.93,70,False
1000055,-8.673,115.5475,2016,2015-06-04,2016-06-03,,35.0,,16.55,16.55,16.55,0.6696226415094342,1.83,70,False
1000056,-8.276,115.5932,2015,2014-06-24,2015-06-24,,41.5,,1.71,1.71,1.71,0.22698113207547171,1.37,0,False
1000057,-8.3622,116.0882,2016,2015-05-16,2016-05-15,,52.0,,9.43,9.43,9.43,0.4147169811320755,1.55,42,False
1000058,-8.3437,116.0506,2016,2015-05-16,2016-05-15,,58.0,,9.75,9.75,9.75,0.4094339622641509,1.61,42,False
1000059,-8.3625,116.0314,2016,2015-05-16,2016-05-15,,73.0,,10.05,10.05,10.05,0.4220754716981132,1.54,42,False
1000060,-8.3571,116.124,2016,2015-05-16,2016-05-15,,81.0,,9.28,9.28,9.28,0.41018867924528307,1.57,42,False
