reef_id,latitude,longitude,year,window_start,window_end,ocean,hard_coral_cover_pct,percent_bleaching,depth_m,max_dhw_30d,max_dhw_90d,max_dhw,mean_sst_anomaly,max_sst_anomaly,days_bleaching_alert,noaa_pixel_offset,fishing_hours_10km,trawler_hours_10km,fishing_hours_25km,trawler_hours_25km,fishing_hours_50km,trawler_hours_50km,fishing_days_10km,lionfish_present_25km,lionfish_years_established_25km,lionfish_present_50km,lionfish_years_established_50km,cots_sightings_25km,cots_sightings_50km
4,-19.1483,146.8703,2013,2012-06-16,2013-06-16,Pacific,10.62,5.0,4.0,0.0,2.4,2.4,-0.06396226415094339,2.01,0,False,0.0,0.0,12.7645,12.7645,159.1234,159.1234,0,,,,,0.0,0.0
4,-19.1483,146.8703,2014,2013-08-23,2014-08-23,Pacific,14.22,0.875,3.0,0.0,0.0,0.16,0.1722641509433962,1.54,0,False,15.9829,0.4497,319.5961,275.7216,549.1563,492.5469,4,,,,,0.0,0.0
4,-19.1483,146.8703,2015,2014-10-24,2015-10-24,Pacific,15.0,0.75,4.0,0.0,0.0,3.56,0.6158490566037738,1.95,0,False,4.4557,0.0,110.3551,18.405,369.2305,266.5862,3,,,,,0.0,0.0
4,-19.1483,146.8703,2016,2015-04-10,2016-04-09,Pacific,24.6875,6.375,4.5,5.05,5.05,5.05,0.6175471698113209,1.9,0,False,4.095,0.3591,140.591,28.2876,363.8237,164.09400000000002,4,,,,,0.0,0.0
4,-19.1483,146.8703,2017,2016-06-09,2017-06-09,Pacific,22.814999999999998,2.125,4.0,4.08,7.67,7.67,0.9232075471698111,2.5500000000000003,14,False,6.3958,2.2375,99.9289,72.64450000000001,303.185,267.2865,7,,,,,0.0,0.0
6,-19.1227,146.8814,2014,2013-06-14,2014-06-14,Pacific,12.185,1.5,5.0,0.0,0.16,0.16,0.2184905660377358,1.54,0,False,60.2721,42.277300000000004,198.4119,136.932,701.3325,558.8364,7,,,,,0.0,0.0
6,-19.1227,146.8814,2015,2014-07-26,2015-07-26,Pacific,16.560000000000002,13.25,5.0,0.0,0.98,3.56,0.5881132075471699,1.95,0,False,7.780099999999999,3.6582,578.0137,486.11359999999996,765.8222,668.3195999999999,4,,,,,0.0,0.0
6,-19.1227,146.8814,2017,2016-03-19,2017-03-19,Pacific,21.56,6.25,3.0,5.03,5.03,5.05,1.088076923076923,2.32,0,False,9.8811,5.7228,56.277100000000004,28.9927,211.159,175.20319999999998,7,,,,,0.0,0.0
7,-19.1219,146.8808,2016,2015-06-27,2016-06-26,Pacific,19.69,5.0,3.0,0.0,5.05,5.05,0.7541509433962263,2.32,0,False,11.9602,8.2243,158.8333,46.5299,393.0675,189.2262,6,,,,,0.0,0.0
8,-18.9561,146.9562,2016,2015-10-13,2016-10-12,Pacific,23.75,17.5,3.0,0.0,0.0,2.62,0.9201886792452829,2.49,0,False,4.3712,4.3712,192.7066,189.3045,1187.9978,919.5821,4,,,,,0.0,1.0
9,-18.7979,147.5206,2017,2016-07-08,2017-07-08,Pacific,35.620000000000005,0.5,8.0,1.43,4.67,4.67,0.8437735849056607,2.08,7,False,33.1043,23.8308,190.4464,110.1795,702.2317,408.65160000000003,3,,,,,3.0,4.0
10,-18.7974,147.52,2017,2016-07-09,2017-07-09,Pacific,14.685,0.0,5.0,1.43,4.28,4.67,0.8201923076923078,2.08,7,False,33.1043,23.8308,190.4464,110.1795,702.2317,408.65160000000003,3,,,,,3.0,4.0
11,-18.796,147.5213,2017,2016-07-09,2017-07-09,Pacific,19.69,0.0,2.0,1.43,4.28,4.67,0.8201923076923078,2.08,7,False,33.1043,23.8308,190.4464,110.1795,702.2317,408.65160000000003,3,,,,,3.0,4.0
12,-18.7949,147.5212,2017,2016-07-08,2017-07-08,Pacific,28.44,2.25,4.0,1.43,4.67,4.67,0.8437735849056607,2.08,7,False,33.1043,23.8308,190.4464,110.1795,702.2317,408.65160000000003,3,,,,,3.0,4.0
13,-18.734,146.5738,2013,2012-11-15,2013-11-15,Pacific,2.5,,1.0,0.0,0.0,2.12,0.3779245283018869,1.41,0,False,0.0,0.0,20.5774,20.5774,266.4283,154.4442,0,,,,,0.0,1.0
14,-18.6872,147.0968,2017,2016-07-07,2017-07-07,Pacific,10.625,0.0,4.0,0.95,5.84,5.84,0.8686792452830189,2.12,7,False,281.2079,241.25629999999998,616.9437,519.1045,1257.18,779.5308,6,,,,,1.0,5.0
31,-20.8998,149.4077,2016,2015-03-27,2016-03-26,Pacific,23.75,6.25,4.0,1.68,1.68,1.68,0.6767924528301887,1.69,0,False,0.0,0.0,15.448,15.448,1764.6174,1764.6174,0,,,,,0.0,0.0
32,-20.8931,149.421,2016,2015-03-27,2016-03-26,Pacific,30.314999999999998,8.75,5.0,1.68,1.68,1.68,0.6767924528301887,1.69,0,False,0.0,0.0,15.448,15.448,1764.6174,1764.6174,0,,,,,0.0,0.0
36,-20.7458,149.4721,2016,2015-03-28,2016-03-27,Pacific,26.25,11.25,6.0,2.47,2.47,2.47,0.6856603773584907,1.59,0,False,0.0,0.0,15.448,15.448,561.4862,561.4862,0,,,,,0.0,0.0
37,-20.7377,149.4649,2016,2015-03-28,2016-03-27,Pacific,21.56,25.0,5.0,2.47,2.47,2.47,0.6856603773584907,1.59,0,False,0.0,0.0,15.448,15.448,561.4862,561.4862,0,,,,,0.0,0.0
38,-20.2594,148.8146,2017,2016-08-06,2017-08-06,Pacific,21.56,1.0,2.0,0.0,4.12,6.21,0.666923076923077,2.06,7,False,1.3085,1.3085,3.3581,3.3581,50.190999999999995,50.190999999999995,1,,,,,0.0,0.0
39,-20.2526,148.8129,2013,2012-06-23,2013-06-23,Pacific,16.56,,2.0,0.0,0.15,0.15,-0.21113207547169813,0.92,0,False,0.0,0.0,0.0,0.0,0.0,0.0,0,,,,,1.0,1.0
39,-20.2526,148.8129,2014,2013-10-24,2014-10-24,Pacific,18.75,6.75,2.0,0.0,0.0,0.0,0.05641509433962263,0.95,0,False,0.0,0.0,0.0,0.0,0.0,0.0,0,,,,,1.0,1.0
39,-20.2526,148.8129,2016,2015-04-26,2016-04-25,Pacific,11.25,,2.0,2.31,2.31,2.31,0.4952830188679246,1.49,0,False,0.0,0.0,0.0,0.0,0.0,0.0,0,,,,,0.0,0.0
39,-20.2526,148.8129,2017,2016-08-06,2017-08-06,Pacific,2.19,33.75,2.0,0.0,4.12,6.21,0.666923076923077,2.06,7,False,1.3085,1.3085,3.3581,3.3581,30.0441,30.0441,1,,,,,0.0,0.0
40,-20.2504,148.8144,2013,2012-06-23,2013-06-23,Pacific,8.75,,1.0,0.0,0.15,0.15,-0.21113207547169813,0.92,0,False,0.0,0.0,0.0,0.0,0.0,0.0,0,,,,,1.0,1.0
40,-20.2504,148.8144,2014,2013-10-24,2014-10-24,Pacific,7.19,0.25,2.0,0.0,0.0,0.0,0.05641509433962263,0.95,0,False,0.0,0.0,0.0,0.0,0.0,0.0,0,,,,,1.0,1.0
40,-20.2504,148.8144,2016,2015-04-26,2016-04-25,Pacific,5.0,,3.0,2.31,2.31,2.31,0.4952830188679246,1.49,0,False,0.0,0.0,0.0,0.0,0.0,0.0,0,,,,,0.0,0.0
42,-20.0658,148.9481,2013,2012-06-22,2013-06-22,Pacific,19.065,3.75,6.0,0.0,1.12,1.12,0.003018867924528293,1.07,0,False,0.0,0.0,0.0,0.0,35.001,35.001,0,,,,,1.0,1.0
42,-20.0658,148.9481,2016,2015-04-24,2016-04-23,Pacific,19.06,9.25,7.0,3.3200000000000003,3.3200000000000003,3.3200000000000003,0.5967924528301888,1.55,0,False,0.0,0.0,0.0,0.0,0.0,0.0,0,,,,,0.0,0.0
45,-20.039,148.8758,2014,2013-07-12,2014-07-12,Pacific,23.28,0.25,5.5,0.0,0.0,0.0,0.33226415094339623,1.28,0,False,0.0,0.0,0.0,0.0,0.0,0.0,0,,,,,1.0,1.0
45,-20.039,148.8758,2015,2014-10-01,2015-10-01,Pacific,24.06,4.5,6.0,0.0,0.0,2.27,0.6133962264150944,1.57,0,False,0.0,0.0,0.0,0.0,0.0,0.0,0,,,,,1.0,1.0
45,-20.039,148.8758,2015,2014-10-02,2015-10-02,Pacific,18.905,23.75,5.5,0.0,0.0,2.27,0.609245283018868,1.57,0,False,0.0,0.0,0.0,0.0,0.0,0.0,0,,,,,1.0,1.0
45,-20.039,148.8758,2016,2015-04-24,2016-04-23,Pacific,30.0,40.0,4.0,3.36,3.36,3.36,0.5920754716981131,1.54,0,False,0.0,0.0,0.0,0.0,0.0,0.0,0,,,,,0.0,0.0
45,-20.039,148.8758,2016,2015-04-25,2016-04-24,Pacific,20.31,,5.0,3.36,3.36,3.36,0.5920754716981131,1.54,0,False,0.0,0.0,0.0,0.0,0.0,0.0,0,,,,,0.0,0.0
48,-19.8178,149.0658,2016,2015-05-29,2016-05-28,Pacific,18.119999999999997,9.5,5.0,2.18,2.65,2.65,0.549622641509434,1.81,0,False,0.0,0.0,0.0,0.0,0.0,0.0,0,,,,,0.0,0.0
48,-19.8178,149.0658,2017,2016-08-07,2017-08-07,Pacific,17.189999999999998,11.75,5.0,0.0,2.23,3.24,0.740188679245283,1.61,0,False,14.7254,8.1341,41.7129,35.1216,83.35130000000001,45.497,2,,,,,0.0,0.0
49,-19.8131,149.0657,2017,2016-08-07,2017-08-07,Pacific,17.19,1.25,2.0,0.0,2.23,3.24,0.740188679245283,1.61,0,False,14.7254,8.1341,41.7129,35.1216,81.7847,43.9304,2,,,,,0.0,0.0
50,-19.8076,149.0627,2016,2015-05-29,2016-05-28,Pacific,19.06,4.75,4.0,2.18,2.65,2.65,0.549622641509434,1.81,0,False,0.0,0.0,0.0,0.0,0.0,0.0,0,,,,,0.0,0.0
52,-19.7458,149.1659,2013,2012-04-15,2013-04-15,Pacific,29.375,,5.0,0.0,0.0,0.49,-0.0067924528301886835,0.94,0,False,0.0,0.0,33.1172,33.1172,45.7342,45.7342,0,,,,,0.0,1.0
52,-19.7458,149.1659,2016,2015-05-30,2016-05-29,Pacific,26.56,32.5,5.0,1.71,1.71,1.71,0.5618867924528301,1.83,0,False,0.0,0.0,0.0,0.0,0.0,0.0,0,,,,,0.0,0.0
52,-19.7458,149.1659,2017,2016-08-05,2017-08-05,Pacific,24.380000000000003,0.0,5.0,0.0,1.64,2.26,0.7250943396226415,1.56,0,False,0.0,0.0,41.7129,35.1216,85.831,47.9767,0,,,,,0.0,0.0
53,-19.7456,149.1658,2013,2012-04-14,2013-04-14,Pacific,23.75,13.75,5.0,0.0,0.0,0.49,-0.0067924528301886835,0.94,0,False,0.0,0.0,33.1172,33.1172,45.7342,45.7342,0,,,,,0.0,1.0
53,-19.7456,149.1658,2016,2015-05-30,2016-05-29,Pacific,22.81,17.25,5.0,1.71,1.71,1.71,0.5618867924528301,1.83,0,False,0.0,0.0,0.0,0.0,0.0,0.0,0,,,,,0.0,0.0
53,-19.7456,149.1658,2017,2016-08-05,2017-08-05,Pacific,23.75,1.25,5.0,0.0,1.64,2.26,0.7250943396226415,1.56,0,False,0.0,0.0,41.7129,35.1216,85.831,47.9767,0,,,,,0.0,0.0
54,-19.1983,146.8152,2014,2013-05-04,2014-05-04,Pacific,30.0,1.0,5.0,0.0,0.5,0.5,0.1652830188679245,1.75,0,False,42.0575,1.4508,80.2171,19.5505,273.3013,130.8052,7,,,,,0.0,0.0
54,-19.1983,146.8152,2015,2014-07-25,2015-07-25,Pacific,25.314999999999998,8.75,4.0,0.0,1.18,3.83,0.5979245283018867,2.02,0,False,558.073,467.928,572.3661999999999,481.02459999999996,640.5353,544.9071,8,,,,,0.0,0.0
54,-19.1983,146.8152,2016,2015-06-26,2016-06-25,Pacific,23.12,57.5,3.0,0.0,5.88,5.88,0.7598113207547169,2.14,7,False,130.17180000000002,22.3126,151.02360000000002,38.7202,259.14140000000003,60.438,10,,,,,0.0,0.0
54,-19.1983,146.8152,2017,2016-03-18,2017-03-18,Pacific,43.75,1.0,3.0,5.99,5.99,5.99,1.1064150943396227,2.14,7,False,31.314600000000002,6.424,46.860600000000005,19.5762,84.9092,54.6888,6,,,,,0.0,0.0
55,-19.1981,146.815,2014,2013-05-04,2014-05-04,Pacific,41.565,3.0,2.0,0.0,0.5,0.5,0.1652830188679245,1.75,0,False,42.0575,1.4508,80.2171,19.5505,273.3013,130.8052,7,,,,,0.0,0.0
55,-19.1981,146.815,2015,2014-07-25,2015-07-25,Pacific,36.87,6.5,3.0,0.0,1.18,3.83,0.5979245283018867,2.02,0,False,558.073,467.928,572.3661999999999,481.02459999999996,640.5353,544.9071,8,,,,,0.0,0.0
55,-19.1981,146.815,2017,2016-03-18,2017-03-18,Pacific,44.37,1.0,5.0,5.99,5.99,5.99,1.1064150943396227,2.14,7,False,31.314600000000002,6.424,46.860600000000005,19.5762,84.9092,54.6888,6,,,,,0.0,0.0
56,-19.1707,146.8485,2017,2016-07-07,2017-07-07,Pacific,26.56,0.0,5.0,1.28,8.57,8.57,0.7715094339622641,2.68,21,False,275.6968,249.899,404.3726,376.181,534.8678,494.0962,6,,,,,0.0,0.0
57,-19.1694,146.8472,2017,2016-10-15,2017-10-15,Pacific,37.815,0.5,2.0,0.0,0.0,8.57,0.8550000000000002,2.68,21,False,438.4262,412.6284,571.4585,543.2669,765.8734,700.6373,8,,,,,0.0,0.0
59,-19.1692,146.8469,2013,2012-04-21,2013-04-21,Pacific,13.7475,1.5,2.5,2.5,2.5,3.14,-0.11830188679245282,2.02,0,False,0.0,0.0,12.7645,12.7645,28.9634,28.9634,0,,,,,0.0,0.0
59,-19.1692,146.8469,2014,2013-05-11,2014-05-11,Pacific,18.75,1.5,6.0,0.0,0.5,0.5,0.1679245283018868,1.75,0,False,42.0575,1.4508,87.7664,21.0546,462.6573,320.1612,7,,,,,0.0,0.0
59,-19.1692,146.8469,2014,2013-06-11,2014-06-11,Pacific,18.75,1.25,5.0,0.0,0.5,0.5,0.22018867924528301,1.75,0,False,51.0205,10.413799999999998,145.9776,79.2658,527.9448,385.4487,8,,,,,0.0,0.0
59,-19.1692,146.8469,2015,2014-10-24,2015-10-24,Pacific,12.19,2.25,5.0,0.0,0.0,3.83,0.6254716981132076,2.02,0,False,107.2616,17.116600000000002,109.2839,17.3338,289.4226,186.7783,8,,,,,0.0,0.0
59,-19.1692,146.8469,2016,2015-04-11,2016-04-10,Pacific,35.625,4.75,5.0,5.88,5.88,5.88,0.6166037735849057,2.04,7,False,127.757,19.8978,138.09720000000002,25.7938,308.9767,109.24700000000001,10,,,,,0.0,0.0
59,-19.1692,146.8469,2017,2016-06-09,2017-06-09,Pacific,25.630000000000003,3.5,4.0,4.2,8.57,8.57,0.9364150943396228,2.68,21,False,44.229600000000005,19.339000000000002,96.6033,69.3189,267.2459,231.4304,6,,,,,0.0,0.0
60,-19.1543,146.8661,2016,2015-06-27,2016-06-26,Pacific,39.065,20.0,1.0,0.0,5.54,5.54,0.760377358490566,2.21,7,False,4.095,0.3591,158.2836,45.9802,380.25280000000004,181.54940000000002,4,,,,,0.0,0.0
60,-19.1543,146.8661,2017,2016-03-19,2017-03-19,Pacific,32.81,6.0,3.0,5.18,5.18,5.54,1.1003846153846153,2.21,0,False,5.6737,1.5154,56.277100000000004,28.9927,194.2505,163.6974,5,,,,,0.0,0.0
61,-19.1542,146.8658,2014,2013-06-14,2014-06-14,Pacific,11.559999999999999,,5.0,0.0,0.32,0.32,0.22132075471698115,1.74,0,False,19.6464,1.6516000000000002,142.3875,80.9076,563.569,421.0729,5,,,,,0.0,0.0
61,-19.1542,146.8658,2015,2014-07-26,2015-07-26,Pacific,20.0,24.25,4.0,0.0,1.14,3.83,0.5922641509433962,2.01,0,False,4.7227,0.6008,577.7298999999999,486.11359999999996,746.8706,651.2424,4,,,,,0.0,0.0
82,-16.9322,145.9865,2017,2016-10-29,2017-10-29,Pacific,13.435,16.25,1.0,0.0,0.0,10.69,0.759423076923077,2.63,35,False,68.8797,68.65950000000001,235.3225,219.9347,606.9677,577.3008,4,,,,,1.0,8.0
87,-16.8725,146.2044,2013,2012-04-28,2013-04-28,Pacific,33.44,15.5,5.0,2.79,2.79,2.79,0.17698113207547167,1.72,0,False,0.0,0.0,0.0,0.0,0.4844,0.0,0,,,,,4.0,11.0
87,-16.8725,146.2044,2014,2013-07-27,2014-07-27,Pacific,23.75,1.5,5.0,0.0,0.0,0.0,0.35792452830188676,1.16,0,False,0.0,0.0,0.0,0.0,50.400800000000004,31.4811,0,,,,,6.0,14.0
87,-16.8725,146.2044,2015,2014-09-12,2015-09-12,Pacific,28.125,67.5,3.0,0.0,0.0,1.86,0.4747169811320755,1.5,0,False,0.0,0.0,0.0,0.0,3.7149,3.7149,0,,,,,9.0,18.0
87,-16.8725,146.2044,2016,2015-04-18,2016-04-17,Pacific,32.81,72.5,3.0,3.01,3.01,3.01,0.5479245283018869,1.85,0,False,0.0,0.0,39.2325,0.0,96.02340000000001,0.9207,0,,,,,7.0,14.0
87,-16.8725,146.2044,2016,2015-10-31,2016-10-30,Pacific,28.125,9.375,5.0,0.0,0.0,3.01,1.1020754716981134,2.65,0,False,0.0,0.0,28.0587,0.0,450.998,339.0491,0,,,,,7.0,14.0
87,-16.8725,146.2044,2017,2016-04-01,2017-04-01,Pacific,14.530000000000001,93.25,5.0,9.67,9.67,9.67,1.3060377358490567,2.65,35,False,0.0,0.0,21.591800000000003,0.0,514.731,443.716,0,,,,,5.0,9.0
87,-16.8725,146.2044,2017,2016-10-28,2017-10-28,Pacific,4.6899999999999995,3.5,3.0,0.0,0.0,10.7,0.8309433962264151,2.42,42,False,0.0,0.0,14.3238,0.0,368.2136,318.8644,0,,,,,5.0,9.0
103,-16.5667,145.9833,2016,2015-10-30,2016-10-29,Pacific,14.065,4.0,4.0,0.0,0.0,4.36,1.1384905660377358,2.62,0,False,8.503,0.0,83.6317,1.4954,879.9245,467.1699,3,,,,,8.0,14.0
104,-16.5192,146.0056,2016,2015-04-18,2016-04-17,Pacific,20.31,58.75,4.0,5.29,5.29,5.29,0.5649056603773585,2.19,7,False,22.1755,0.0,37.7265,0.0,365.2941,111.4433,1,,,,,7.0,15.0
105,-16.5125,146.0011,2015,2014-09-13,2015-09-13,Pacific,13.125,3.25,5.0,0.0,0.0,1.63,0.4488679245283019,1.64,0,False,0.0,0.0,0.0,0.0,3.7149,3.7149,0,,,,,8.0,20.0
105,-16.5125,146.0011,2017,2016-04-02,2017-04-02,Pacific,23.439999999999998,75.75,5.0,9.02,9.02,9.02,1.2871153846153847,2.67,21,False,32.1032,0.0,161.56189999999998,0.0,1179.3167,594.9706,4,,,,,3.0,9.0
109,-16.4581,145.9825,2013,2012-04-27,2013-04-27,Pacific,5.0,13.5,5.0,1.33,1.33,1.33,0.23433962264150943,1.51,0,False,0.0,0.0,0.0,0.0,0.4844,0.0,0,,,,,3.0,10.0
109,-16.4581,145.9825,2014,2013-06-24,2014-06-24,Pacific,3.125,,1.0,0.0,0.0,0.0,0.3366037735849057,1.04,0,False,0.0,0.0,18.5697,0.0,28.0016,9.0819,0,,,,,4.0,14.0
111,-16.4208,145.9957,2014,2013-07-26,2014-07-26,Pacific,11.25,1.0,6.0,0.0,0.0,0.0,0.3549056603773584,1.06,0,False,0.0,0.0,18.5697,0.0,53.5265,34.9568,0,,,,,3.0,14.0
111,-16.4208,145.9957,2015,2014-09-13,2015-09-13,Pacific,14.69,8.75,5.0,0.0,0.0,1.62,0.45018867924528294,1.62,0,False,0.0,0.0,0.0,0.0,2.3458,2.3458,0,,,,,4.0,17.0
111,-16.4208,145.9957,2016,2015-04-18,2016-04-17,Pacific,13.125,60.0,5.0,6.21,6.21,6.21,0.5732075471698113,2.14,14,False,17.0374,0.0,141.0826,0.0,546.3347,317.193,1,,,,,3.0,14.0
111,-16.4208,145.9957,2017,2016-04-02,2017-04-02,Pacific,18.13,77.5,5.0,9.33,9.33,9.33,1.2850000000000001,2.56,28,False,128.7533,0.0,418.0014,0.0,1073.0387,479.3977,5,,,,,1.0,9.0
116,-16.3772,145.558,2013,2012-08-24,2013-08-24,Pacific,6.56,1.75,2.0,0.0,0.0,1.28,0.22773584905660374,1.49,0,False,0.0,0.0,0.0,0.0,9.5155,9.5155,0,,,,,0.0,4.0
116,-16.3772,145.558,2015,2014-08-02,2015-08-02,Pacific,9.219999999999999,2.5,4.0,0.0,0.34,1.5,0.3779245283018867,1.34,0,False,0.0,0.0,0.0,0.0,0.0,0.0,0,,,,,1.0,6.0
116,-16.3772,145.558,2017,2016-05-01,2017-05-01,Pacific,18.12,50.0,4.0,11.54,11.54,11.54,1.2686792452830191,2.56,42,False,153.3287,153.3287,290.713,290.713,1117.6761999999999,593.1896,5,,,,,2.0,4.0
119,-16.25,145.8333,2013,2012-05-25,2013-05-25,Pacific,18.75,1.0,4.0,0.95,1.47,1.47,0.23509433962264156,1.47,0,False,0.0,0.0,0.0,0.0,0.0,0.0,0,,,,,3.0,7.0
119,-16.25,145.8333,2016,2015-05-01,2016-04-30,Pacific,34.375,52.5,7.0,5.05,5.05,5.05,0.5781132075471698,1.9,7,False,26.6352,0.0,156.8501,0.0,773.0923,590.4621,3,,,,,3.0,10.0
122,-16.2419,145.8619,2013,2012-05-26,2013-05-26,Pacific,20.94,1.0,5.0,0.96,1.46,1.46,0.26150943396226417,1.47,0,False,0.0,0.0,0.0,0.0,0.0,0.0,0,,,,,3.0,7.0
122,-16.2419,145.8619,2017,2016-04-30,2017-04-30,Pacific,13.125,42.75,5.0,9.45,9.45,9.45,1.290769230769231,2.52,28,False,226.8601,0.0,539.1532,0.0,1090.522,478.7957,6,,,,,2.0,6.0
123,-16.2417,145.864,2013,2012-05-25,2013-05-25,Pacific,26.25,6.0,4.0,0.96,1.46,1.46,0.26150943396226417,1.47,0,False,0.0,0.0,0.0,0.0,0.0,0.0,0,,,,,3.0,7.0
123,-16.2417,145.864,2015,2014-08-30,2015-08-30,Pacific,25.315,28.75,8.0,0.0,0.0,1.42,0.41150943396226414,1.48,0,False,0.0,0.0,0.0,0.0,0.0,0.0,0,,,,,3.0,12.0
123,-16.2417,145.864,2016,2015-05-01,2016-04-30,Pacific,27.81,56.25,7.0,5.82,5.82,5.82,0.590377358490566,1.93,14,False,62.944500000000005,0.0,158.7481,0.0,782.3978,586.1146,3,,,,,3.0,9.0
123,-16.2417,145.864,2017,2016-04-30,2017-04-30,Pacific,23.44,31.0,5.0,9.45,9.45,9.45,1.290769230769231,2.52,28,False,226.8601,0.0,539.1532,0.0,1090.522,478.7957,6,,,,,2.0,6.0
126,-16.2309,145.8676,2017,2016-04-30,2017-04-30,Pacific,15.315,35.25,4.0,9.45,9.45,9.45,1.290769230769231,2.52,28,False,319.8641,0.0,524.9073999999999,0.0,1037.0185,453.0163,6,,,,,2.0,7.0
129,-16.0,145.9667,2016,2015-10-31,2016-10-30,Pacific,11.875,1.5,4.0,0.0,0.0,8.72,1.1390566037735848,2.18,28,False,0.0,0.0,105.8852,0.0,406.567,39.7661,0,,,,,2.0,7.0
130,-15.983,145.8224,2013,2012-08-25,2013-08-25,Pacific,35.0,1.5,6.0,0.0,0.0,1.64,0.4275471698113206,1.59,0,False,0.0,0.0,0.0,0.0,0.0,0.0,0,,,,,3.0,5.0
130,-15.983,145.8224,2015,2014-08-29,2015-08-29,Pacific,33.435,22.5,6.0,0.0,0.0,1.13,0.37509433962264155,1.32,0,False,0.0,0.0,0.0,0.0,0.0,0.0,0,,,,,5.0,8.0
131,-15.9829,145.8224,2013,2012-08-25,2013-08-25,Pacific,29.69,12.75,5.5,0.0,0.0,1.64,0.4275471698113206,1.59,0,False,0.0,0.0,0.0,0.0,0.0,0.0,0,,,,,3.0,5.0
131,-15.9829,145.8224,2015,2014-08-29,2015-08-29,Pacific,38.75,13.75,6.0,0.0,0.0,1.13,0.37509433962264155,1.32,0,False,0.0,0.0,0.0,0.0,0.0,0.0,0,,,,,5.0,8.0
166,-28.1625,153.5311,2016,2015-04-20,2016-04-19,Pacific,3.125,0.0,4.0,0.32,0.32,0.32,0.38547169811320753,1.68,0,False,63.91310000000001,57.5955,345.4924,170.8384,1744.656,754.2962,4,,,,,0.0,0.0
167,-28.1092,153.4758,2013,2012-11-22,2013-11-22,Pacific,5.9350000000000005,0.25,9.5,0.0,0.0,0.0,0.15339622641509434,1.1,0,False,0.0,0.0,35.938900000000004,33.669000000000004,460.3273,351.3494,0,,,,,0.0,0.0
167,-28.1092,153.4758,2015,2014-11-22,2015-11-22,Pacific,13.594999999999999,2.0,10.0,0.0,0.0,0.0,0.31981132075471697,1.74,0,False,61.170899999999996,57.5955,159.2062,87.7551,1334.2929,587.667,3,,,,,0.0,0.0
167,-28.1092,153.4758,2017,2016-03-27,2017-03-27,Pacific,4.6899999999999995,,12.0,0.18,0.18,0.18,0.11754716981132077,1.57,0,False,12.8267,4.2318999999999996,185.9588,140.7451,1908.6287,1401.7817,3,,,,,0.0,0.0
168,-28.0411,153.4536,2017,2016-05-22,2017-05-22,Pacific,3.435,,24.0,0.33,0.33,0.33,-0.004905660377358493,1.32,0,False,5.284,2.1275,690.5082,372.2446,2623.6421,2084.7825,2,,,,,0.0,0.0
169,-27.9867,153.4334,2016,2015-04-20,2016-04-19,Pacific,21.875,,6.0,0.0,0.0,0.0,0.2292452830188679,1.51,0,False,0.0,0.0,247.2295,71.9414,1260.5784,588.5176,0,,,,,0.0,0.0
170,-27.9397,153.4208,2013,2012-11-03,2013-11-03,Pacific,3.75,0.0,2.0,0.0,0.0,0.0,0.13452830188679243,1.15,0,False,4.1213,4.1213,40.1451,40.1451,526.6072,439.5723,2,,,,,0.0,0.0
170,-27.9397,153.4208,2015,2014-12-19,2015-12-19,Pacific,0.31,0.0,2.0,0.0,0.0,0.0,0.2758490566037736,1.66,0,False,0.0,0.0,293.1715,69.0296,1023.7614,439.1415,0,,,,,0.0,0.0
170,-27.9397,153.4208,2015,2014-12-20,2015-12-20,Pacific,0.0,0.0,3.0,0.0,0.0,0.0,0.2758490566037736,1.66,0,False,0.0,0.0,293.1715,69.0296,1023.7614,439.1415,0,,,,,0.0,0.0
170,-27.9397,153.4208,2017,2016-02-06,2017-02-05,Pacific,0.0,0.0,3.0,0.0,0.0,0.0,0.11461538461538465,1.53,0,False,6.7082999999999995,6.5512,1293.4874,844.6452,2958.1542,2215.9058,6,,,,,0.0,2.0
170,-27.9397,153.4208,2017,2016-12-09,2017-12-09,Pacific,6.25,0.0,2.0,0.0,0.0,0.33,0.09905660377358491,1.3,0,False,2.5684,2.5684,994.9126,894.3372,2564.5756,2401.249,7,,,,,0.0,2.0
171,-27.9369,153.4256,2015,2014-12-20,2015-12-20,Pacific,0.0,0.0,4.0,0.0,0.0,0.0,0.2758490566037736,1.66,0,False,118.2808,0.0,293.1715,69.0296,1023.7614,439.1415,5,,,,,0.0,0.0
171,-27.9369,153.4256,2017,2016-02-06,2017-02-05,Pacific,0.0,0.0,4.0,0.0,0.0,0.0,0.11461538461538465,1.53,0,False,264.8116,12.2014,1293.4874,844.6452,2958.1542,2215.9058,12,,,,,0.0,2.0
171,-27.9369,153.4256,2017,2016-12-09,2017-12-09,Pacific,0.31,0.0,9.0,0.0,0.0,0.33,0.09905660377358491,1.3,0,False,65.8129,4.5105,994.9126,894.3372,2564.5756,2401.249,9,,,,,0.0,2.0
174,-27.5689,153.3519,2016,2015-02-14,2016-02-14,Pacific,3.75,0.25,1.0,0.0,0.0,1.06,0.11320754716981132,1.77,0,False,0.0,0.0,295.3739,122.4503,1681.6921,1288.562,0,,,,,2.0,2.0
174,-27.5689,153.3519,2017,2016-03-11,2017-03-11,Pacific,7.81,25.0,2.0,7.65,7.65,7.65,0.3828301886792453,2.25,21,False,0.0,0.0,779.1376,450.63,4593.9082,3906.6762,0,,,,,2.0,2.0
174,-27.5689,153.3519,2017,2016-11-17,2017-11-17,Pacific,11.25,2.0,2.0,0.0,0.0,7.65,0.21377358490566034,2.25,21,False,0.0,0.0,442.3591,355.0784,4951.9179,4783.8999,0,,,,,2.0,2.0
175,-27.5177,153.3846,2013,2012-01-21,2013-01-20,Pacific,20.31,0.5,2.0,0.0,0.0,0.0,-0.22415094339622643,1.31,0,False,0.0,0.0,3.2172,3.2172,25.5574,25.5574,0,,,,,0.0,0.0
175,-27.5177,153.3846,2013,2012-12-19,2013-12-19,Pacific,14.69,52.5,2.0,0.0,0.0,0.0,0.04037735849056605,1.19,0,False,0.0,0.0,39.893,27.512,1001.8481,955.1046,0,,,,,0.0,0.0
175,-27.5177,153.3846,2015,2014-01-10,2015-01-10,Pacific,15.0,56.25,2.0,0.49,0.49,0.49,0.16754716981132076,1.77,0,False,0.0,0.0,263.6266,131.18849999999998,1740.1053,1503.4886,0,,,,,0.0,0.0
175,-27.5177,153.3846,2015,2014-11-01,2015-11-01,Pacific,22.19,4.875,2.75,0.0,0.0,1.72,0.3288679245283019,1.77,0,False,0.0,0.0,301.2562,172.6006,1678.5493999999999,1296.0269,0,,,,,0.0,0.0
175,-27.5177,153.3846,2016,2015-02-14,2016-02-14,Pacific,3.75,0.25,1.0,0.0,0.0,1.72,0.1622641509433962,1.86,0,False,2.399,2.399,537.1282,378.3621,1987.6651,1573.4986,2,,,,,2.0,2.0
175,-27.5177,153.3846,2016,2015-11-20,2016-11-19,Pacific,14.375,6.25,1.0,0.0,0.0,0.3,0.289811320754717,1.88,0,False,2.399,2.399,851.8227,565.2396,4176.3914,3410.3838,2,,,,,2.0,2.0
175,-27.5177,153.3846,2017,2016-11-17,2017-11-17,Pacific,10.31,3.0,3.0,0.0,0.0,8.75,0.2756603773584906,2.39,28,False,0.8147,0.8147,573.7071,509.62219999999996,5978.5805,5808.3054,1,,,,,2.0,2.0
176,-27.5166,153.3829,2014,2013-06-24,2014-06-24,Pacific,3.125,1.0,1.0,0.0,0.0,0.0,0.10037735849056603,1.19,0,False,0.0,0.0,167.6514,88.0226,1377.3648,1190.5259,0,,,,,0.0,0.0
176,-27.5166,153.3829,2015,2014-10-06,2015-10-06,Pacific,10.94,27.5,1.0,0.0,0.0,1.72,0.29547169811320756,1.77,0,False,0.0,0.0,186.0915,75.9666,1531.3258,1184.7997,0,,,,,0.0,0.0
176,-27.5166,153.3829,2016,2015-04-29,2016-04-28,Pacific,11.56,35.75,1.0,0.3,0.3,0.44,0.24301886792452831,1.88,0,False,2.399,2.399,658.4402,499.769,2333.6927,1893.6441,2,,,,,2.0,2.0
176,-27.5166,153.3829,2016,2015-11-22,2016-11-21,Pacific,9.06,10.0,1.0,0.0,0.0,0.3,0.289811320754717,1.88,0,False,2.399,2.399,851.8227,565.2396,4176.3914,3410.3838,2,,,,,2.0,2.0
176,-27.5166,153.3829,2017,2016-11-27,2017-11-27,Pacific,6.25,11.25,1.0,0.0,0.0,8.75,0.25528301886792454,2.39,28,False,0.8147,0.8147,573.7071,509.62219999999996,5978.5805,5808.3054,1,,,,,2.0,2.0
179,-27.5022,153.3707,2013,2012-10-23,2013-10-23,Pacific,17.185,0.0,3.0,0.0,0.0,0.0,0.06547169811320755,1.31,0,False,0.0,0.0,21.7319,10.1089,737.4126,692.1943,0,,,,,0.0,0.0
179,-27.5022,153.3707,2015,2014-11-01,2015-11-01,Pacific,17.185000000000002,32.5,2.5,0.0,0.0,1.72,0.3288679245283019,1.77,0,False,0.0,0.0,301.2562,172.6006,1671.6598,1289.9236,0,,,,,0.0,0.0
179,-27.5022,153.3707,2016,2015-11-21,2016-11-20,Pacific,5.94,4.25,2.0,0.0,0.0,0.3,0.289811320754717,1.88,0,False,2.399,2.399,851.8227,565.2396,4122.2055,3356.355,2,,,,,2.0,2.0
179,-27.5022,153.3707,2017,2016-11-26,2017-11-26,Pacific,16.25,3.5,2.0,0.0,0.0,8.75,0.2536538461538461,2.39,28,False,0.8147,0.8147,573.7071,509.62219999999996,5946.9885,5777.2875,1,,,,,2.0,2.0
180,-27.5,153.3752,2014,2013-06-24,2014-06-24,Pacific,10.0,0.25,1.0,0.0,0.0,0.0,0.1418867924528302,1.24,0,False,0.0,0.0,167.6514,88.0226,1377.3648,1190.5259,0,,,,,0.0,0.0
180,-27.5,153.3752,2015,2014-10-06,2015-10-06,Pacific,7.5,11.25,1.0,0.0,0.0,1.93,0.34358490566037736,1.75,0,False,0.0,0.0,186.0915,75.9666,1531.3258,1184.7997,0,,,,,0.0,0.0
180,-27.5,153.3752,2016,2015-11-23,2016-11-22,Pacific,10.625,5.5,1.0,0.0,0.0,0.31,0.34490566037735854,2.0,0,False,2.399,2.399,851.8227,565.2396,4171.1522,3405.3017,2,,,,,2.0,2.0
180,-27.5,153.3752,2017,2016-11-15,2017-11-15,Pacific,10.309999999999999,3.0,2.0,0.0,0.0,8.69,0.3262264150943396,2.48,28,False,0.8147,0.8147,573.7071,509.62219999999996,5975.1677,5804.8926,1,,,,,2.0,2.0
181,-27.472,153.4099,2014,2013-06-23,2014-06-23,Pacific,8.75,0.0,1.0,0.0,0.0,0.0,0.2743396226415094,1.32,0,False,0.0,0.0,166.3528,86.724,1449.8029,1262.964,0,,,,,0.0,0.0
181,-27.472,153.4099,2015,2014-01-10,2015-01-10,Pacific,22.185,6.25,2.0,0.65,0.65,0.65,0.35509433962264153,1.78,0,False,0.0,0.0,265.4576,133.0195,1825.4261,1588.8094,0,,,,,0.0,0.0
181,-27.472,153.4099,2015,2014-10-07,2015-10-07,Pacific,19.064999999999998,0.0,1.0,0.0,0.0,1.9,0.5011320754716981,1.78,0,False,0.0,0.0,180.5654,75.9666,1627.1811,1270.7938,0,,,,,0.0,0.0
181,-27.472,153.4099,2015,2014-10-31,2015-10-31,Pacific,16.875,6.25,2.0,0.0,0.0,1.9,0.5362264150943395,1.78,0,False,0.0,0.0,180.5654,75.9666,1627.1811,1270.7938,0,,,,,0.0,0.0
181,-27.472,153.4099,2016,2015-04-29,2016-04-28,Pacific,16.56,1.0,2.0,0.33,0.33,0.45,0.45999999999999996,2.05,0,False,2.399,2.399,616.4893,498.0533,2413.8325,1965.8043,2,,,,,2.0,2.0
181,-27.472,153.4099,2016,2015-11-20,2016-11-19,Pacific,15.94,18.75,4.0,0.0,0.0,0.33,0.5135849056603774,2.05,0,False,2.399,2.399,822.3323,570.4583,4289.7417,3523.8912,2,,,,,2.0,2.0
181,-27.472,153.4099,2016,2015-11-22,2016-11-21,Pacific,7.5,1.25,1.0,0.0,0.0,0.33,0.5135849056603774,2.05,0,False,2.399,2.399,822.3323,570.4583,4289.7417,3523.8912,2,,,,,2.0,2.0
181,-27.472,153.4099,2017,2016-11-15,2017-11-15,Pacific,18.125,1.25,2.0,0.0,0.0,6.87,0.43603773584905653,2.3000000000000003,21,False,0.8147,0.8147,582.4091,519.8242,6280.7836,6110.5085,1,,,,,2.0,2.0
181,-27.472,153.4099,2017,2016-11-26,2017-11-26,Pacific,19.06,0.75,2.0,0.0,0.0,6.87,0.42788461538461536,2.3000000000000003,21,False,0.8147,0.8147,582.4091,519.8242,6280.7836,6110.5085,1,,,,,2.0,2.0
182,-27.4701,153.3491,2015,2014-11-18,2015-11-18,Pacific,15.935,7.5,3.0,0.0,0.0,2.62,0.240188679245283,1.77,0,False,0.0,0.0,372.917,295.5398,1719.0883,1339.4433999999999,0,,,,,0.0,0.0
182,-27.4701,153.3491,2016,2015-04-29,2016-04-28,Pacific,13.125,18.75,1.0,0.29,0.29,0.45,0.14830188679245285,1.98,0,False,2.399,2.399,873.2663,762.7805999999999,2431.663,1994.492,2,,,,,2.0,2.0
182,-27.4701,153.3491,2016,2015-11-21,2016-11-20,Pacific,11.565,1.25,2.0,0.0,0.0,0.29,0.21415094339622645,1.98,0,False,2.399,2.399,1013.6028,826.9188,4105.0917,3340.3406,2,,,,,2.0,2.0
182,-27.4701,153.3491,2017,2016-11-25,2017-11-25,Pacific,7.5,20.0,2.0,0.0,0.0,10.14,0.2216981132075472,2.66,28,False,0.8147,0.8147,941.5533,912.7675,5563.3723,5394.4799,1,,,,,2.0,2.0
186,-27.4246,153.2278,2017,2016-12-16,2017-12-16,Pacific,2.81,7.75,3.0,0.0,0.0,11.56,-0.004905660377358493,2.94,28,False,289.45680000000004,287.95680000000004,1209.4099,1197.1303,3238.6307,3123.5832,6,,,,,0.0,2.0
188,-27.4191,153.2416,2015,2014-11-18,2015-11-18,Pacific,10.0,20.0,3.0,0.0,0.0,3.04,0.0013207547169811144,1.84,0,False,95.7161,90.19,693.7758,678.0151,1377.6059,1140.5611,7,,,,,0.0,0.0
188,-27.4191,153.2416,2017,2016-03-11,2017-03-11,Pacific,0.935,37.5,2.0,11.56,11.56,11.56,0.2913207547169811,2.94,28,False,189.5059,183.4073,1270.7418,1256.2933,3091.1245,2684.9431,8,,,,,0.0,2.0
192,-27.4182,153.235,2017,2016-12-16,2017-12-16,Pacific,4.06,37.5,3.0,0.0,0.0,11.56,-0.004905660377358493,2.94,28,False,289.45680000000004,287.95680000000004,1209.4099,1197.1303,3238.6307,3123.5832,6,,,,,0.0,2.0
194,-27.4143,153.5261,2014,2013-11-22,2014-11-22,Pacific,20.939999999999998,3.75,5.0,0.0,0.0,0.0,0.3652830188679245,1.45,0,False,23.610500000000002,0.0,206.0649,137.5293,1807.5171,1554.1157,2,,,,,0.0,0.0
194,-27.4143,153.5261,2015,2014-09-12,2015-09-12,Pacific,13.75,6.0,9.0,0.0,0.0,2.22,0.6545283018867922,1.87,0,False,25.209,0.0,129.6379,60.2119,1734.2591,1259.6954,3,,,,,0.0,0.0
194,-27.4143,153.5261,2016,2015-03-07,2016-03-06,Pacific,9.690000000000001,6.75,8.0,0.7000000000000001,0.7000000000000001,2.22,0.6571698113207547,1.65,0,False,2.4894,0.0,240.399,199.6941,2599.925,2095.7849,1,,,,,2.0,2.0
194,-27.4143,153.5261,2016,2015-10-10,2016-10-09,Pacific,17.81,10.0,5.0,0.0,0.0,0.84,0.779245283018868,2.13,0,False,20.1323,17.3821,744.814,580.0901,4419.6224,3617.0022,3,,,,,2.0,2.0
194,-27.4143,153.5261,2017,2016-05-20,2017-05-20,Pacific,10.629999999999999,,5.0,4.93,4.93,4.93,0.6064150943396225,2.06,14,False,29.2691,26.518900000000002,891.7042,776.0185,6363.84,5711.4977,4,,,,,2.0,2.0
194,-27.4143,153.5261,2017,2016-09-10,2017-09-10,Pacific,18.75,1.75,5.0,0.0,0.0,4.93,0.546923076923077,2.06,14,False,20.5497,20.5497,1189.6475,1162.7119,6861.0694,6654.4256,4,,,,,2.0,2.0
198,-27.4142,153.5264,2014,2013-11-22,2014-11-22,Pacific,10.625,3.75,5.0,0.0,0.0,0.0,0.3652830188679245,1.45,0,False,23.610500000000002,0.0,206.0649,137.5293,1807.5171,1554.1157,2,,,,,0.0,0.0
198,-27.4142,153.5264,2015,2014-09-12,2015-09-12,Pacific,15.935,12.5,5.0,0.0,0.0,2.22,0.6545283018867922,1.87,0,False,25.209,0.0,129.6379,60.2119,1734.2591,1259.6954,3,,,,,0.0,0.0
198,-27.4142,153.5264,2016,2015-03-07,2016-03-06,Pacific,15.935,2.75,6.0,0.7000000000000001,0.7000000000000001,2.22,0.6571698113207547,1.65,0,False,2.4894,0.0,240.399,199.6941,2599.925,2095.7849,1,,,,,2.0,2.0
198,-27.4142,153.5264,2016,2015-10-10,2016-10-09,Pacific,18.439999999999998,9.25,5.0,0.0,0.0,0.84,0.779245283018868,2.13,0,False,20.1323,17.3821,744.814,580.0901,4419.6224,3617.0022,3,,,,,2.0,2.0
198,-27.4142,153.5264,2017,2016-05-21,2017-05-21,Pacific,7.185,,5.0,4.93,4.93,4.93,0.5798076923076924,2.06,14,False,29.2691,26.518900000000002,891.7042,776.0185,6363.84,5711.4977,4,,,,,2.0,2.0
198,-27.4142,153.5264,2017,2016-09-10,2017-09-10,Pacific,16.88,0.0,6.0,0.0,0.0,4.93,0.546923076923077,2.06,14,False,20.5497,20.5497,1189.6475,1162.7119,6861.0694,6654.4256,4,,,,,2.0,2.0
202,-27.4038,153.5323,2017,2016-05-21,2017-05-21,Pacific,10.940000000000001,,14.0,4.93,4.93,4.93,0.5798076923076924,2.06,14,False,29.2691,26.518900000000002,1494.3692,1378.6835,5821.3855,5433.4577,4,,,,,2.0,2.0
204,-27.4007,153.4373,2016,2015-03-13,2016-03-12,Pacific,0.0,0.0,6.0,0.33,0.33,1.92,0.4369811320754717,1.58,0,False,10.2346,0.0,999.6131,958.9411,2616.7147,2187.7442,2,,,,,2.0,2.0
204,-27.4007,153.4373,2016,2015-09-18,2016-09-17,Pacific,1.875,1.25,2.0,0.0,0.0,0.33,0.6079245283018868,2.13,0,False,16.3592,0.0,1331.0593999999999,1164.2439,4111.7516,3401.7297,4,,,,,2.0,2.0
204,-27.4007,153.4373,2017,2016-11-25,2017-11-25,Pacific,2.81,12.5,4.0,0.0,0.0,6.38,0.4671698113207547,2.34,21,False,1.6241,0.0,1574.3443,1548.0268,6629.7669,6461.5067,1,,,,,2.0,2.0
207,-27.3967,153.5569,2013,2012-08-25,2013-08-25,Pacific,12.19,0.0,9.0,0.0,0.0,0.3,0.39830188679245276,1.45,0,False,11.623,0.0,55.9506,33.1458,881.422,847.4229,1,,,,,0.0,0.0
207,-27.3967,153.5569,2014,2013-11-23,2014-11-23,Pacific,14.065,3.75,6.0,0.0,0.0,0.0,0.3988679245283019,1.57,0,False,23.610500000000002,0.0,206.0649,137.5293,1849.1887,1663.6656,2,,,,,0.0,0.0
207,-27.3967,153.5569,2015,2014-09-13,2015-09-13,Pacific,6.875,2.5,8.0,0.0,0.0,2.08,0.6750943396226415,1.88,0,False,25.209,0.0,129.6379,60.2119,1834.3481,1406.3615,3,,,,,0.0,0.0
207,-27.3967,153.5569,2016,2015-03-06,2016-03-05,Pacific,25.0,3.5,10.0,1.15,1.15,2.08,0.6856603773584906,1.65,0,False,2.4894,0.0,240.399,199.6941,2570.4467,2166.933,1,,,,,2.0,2.0
207,-27.3967,153.5569,2016,2015-10-09,2016-10-08,Pacific,21.56,5.25,7.0,0.0,0.0,1.29,0.8269811320754716,2.13,0,False,20.1323,17.3821,744.814,580.0901,4311.2386,3835.7938,3,,,,,2.0,2.0
207,-27.3967,153.5569,2017,2016-05-20,2017-05-20,Pacific,17.810000000000002,,10.0,5.16,5.16,5.16,0.6771698113207548,2.0,14,False,29.2691,26.518900000000002,891.7042,776.0185,6296.8079,5946.9019,4,,,,,2.0,2.0
207,-27.3967,153.5569,2017,2016-09-09,2017-09-09,Pacific,17.185,0.5,9.0,0.0,0.45,5.16,0.6366037735849056,1.96,14,False,20.5497,20.5497,1189.6475,1162.7119,6920.2659,6766.6794,4,,,,,2.0,2.0
210,-27.3906,153.5511,2013,2012-08-25,2013-08-25,Pacific,6.880000000000001,0.0,6.0,0.0,0.0,0.3,0.39830188679245276,1.45,0,False,11.623,0.0,55.9506,33.1458,922.587,888.5879,1,,,,,0.0,0.0
210,-27.3906,153.5511,2014,2013-11-23,2014-11-23,Pacific,12.81,1.25,7.0,0.0,0.0,0.0,0.3988679245283019,1.57,0,False,23.610500000000002,0.0,206.0649,137.5293,1876.2519,1690.7287999999999,2,,,,,0.0,0.0
210,-27.3906,153.5511,2015,2014-09-13,2015-09-13,Pacific,17.185,12.5,8.0,0.0,0.0,2.08,0.6750943396226415,1.88,0,False,25.209,0.0,129.6379,60.2119,1928.3952,1500.4086,3,,,,,0.0,0.0
210,-27.3906,153.5511,2016,2015-03-06,2016-03-05,Pacific,21.875,5.0,8.0,1.15,1.15,2.08,0.6856603773584906,1.65,0,False,2.4894,0.0,240.399,199.6941,2748.2476,2344.7339,1,,,,,2.0,2.0
210,-27.3906,153.5511,2016,2015-10-09,2016-10-08,Pacific,24.064999999999998,12.5,5.0,0.0,0.0,1.29,0.8269811320754716,2.13,0,False,20.1323,17.3821,744.814,580.0901,4563.3667,4087.9219,3,,,,,2.0,2.0
210,-27.3906,153.5511,2017,2016-09-09,2017-09-09,Pacific,13.129999999999999,0.75,6.0,0.0,0.45,5.16,0.6366037735849056,1.96,14,False,20.5497,20.5497,1189.6475,1162.7119,7425.1761,7271.5896,4,,,,,2.0,2.0
213,-27.3472,153.2432,2017,2016-12-17,2017-12-17,Pacific,1.25,5.0,2.0,0.0,0.0,9.89,0.021538461538461555,2.91,28,False,232.46460000000002,232.46460000000002,1317.7911,1302.9047,3885.4467,3766.8727,4,,,,,0.0,2.0
215,-27.3448,153.2388,2017,2016-12-17,2017-12-17,Pacific,1.875,0.5,2.0,0.0,0.0,9.89,0.021538461538461555,2.91,28,False,232.46460000000002,232.46460000000002,1317.7911,1302.9047,3885.4467,3766.8727,4,,,,,0.0,2.0
219,-26.9837,153.4862,2017,2016-06-24,2017-06-24,Pacific,15.94,,12.0,1.15,3.62,3.62,0.6049056603773584,2.01,0,False,908.1101,908.1101,3543.0271,3532.7208,9593.5179,9459.3141,11,,,,,0.0,0.0
221,-26.9799,153.4882,2013,2012-10-20,2013-10-20,Pacific,22.19,1.0,11.5,0.0,0.0,0.0,0.4422641509433963,1.38,0,False,101.7921,101.0433,391.6735,385.6228,1007.1781,961.3341,6,,,,,0.0,0.0
221,-26.9799,153.4882,2015,2014-01-04,2015-01-04,Pacific,14.165,1.0,8.0,0.0,0.0,0.0,0.5311320754716982,1.83,0,False,211.4347,211.4347,677.4526,673.0154,2383.6127,2133.7505,9,,,,,0.0,0.0
221,-26.9799,153.4882,2015,2014-12-13,2015-12-13,Pacific,23.119999999999997,35.0,10.0,0.0,0.0,0.8200000000000001,0.7047169811320755,1.83,0,False,234.9132,232.0197,929.8582,900.7099,3014.1953,2676.1362,12,,,,,0.0,0.0
221,-26.9799,153.4882,2016,2015-01-10,2016-01-10,Pacific,20.625,1.0,10.0,0.0,0.0,0.8200000000000001,0.608490566037736,1.59,0,False,245.5385,242.645,885.3424,856.1940999999999,3165.5355,2818.2276,12,,,,,0.0,0.0
221,-26.9799,153.4882,2016,2015-11-07,2016-11-06,Pacific,18.28,0.875,10.5,0.0,0.0,0.45,0.7133962264150944,1.99,0,False,464.1178,464.1178,1847.1638,1831.0541,5781.0345,5598.9603,12,,,,,0.0,0.0
221,-26.9799,153.4882,2017,2016-12-20,2017-12-20,Pacific,11.875,10.0,12.0,0.0,0.0,3.62,0.7354716981132077,2.01,0,False,1123.819,1107.8543,4652.7698,4636.8051,11428.465400000001,11332.5176,11,,,,,0.0,0.0
225,-26.9777,153.484,2013,2012-10-20,2013-10-20,Pacific,33.75,1.25,8.5,0.0,0.0,0.0,0.4422641509433963,1.38,0,False,70.2034,69.4546,331.3625,329.8362,1007.1781,961.3341,6,,,,,0.0,0.0
225,-26.9777,153.484,2015,2014-01-11,2015-01-11,Pacific,31.869999999999997,5.0,6.0,0.0,0.0,0.0,0.5383018867924528,1.83,0,False,142.3413,142.3413,578.1625,573.7253,2383.6127,2133.7505,8,,,,,0.0,0.0
225,-26.9777,153.484,2015,2014-12-13,2015-12-13,Pacific,38.44,21.25,10.0,0.0,0.0,0.8200000000000001,0.7047169811320755,1.83,0,False,206.8868,206.8868,806.4137,777.5742,3014.1953,2676.1362,11,,,,,0.0,0.0
225,-26.9777,153.484,2016,2015-11-07,2016-11-06,Pacific,35.625,0.25,10.0,0.0,0.0,0.45,0.7133962264150944,1.99,0,False,356.5598,356.5598,1568.4208,1552.3111,5781.0345,5598.9603,12,,,,,0.0,0.0
227,-26.9775,153.4839,2013,2012-10-27,2013-10-27,Pacific,8.435,4.0,5.5,0.0,0.0,0.0,0.4458490566037736,1.38,0,False,70.2034,69.4546,331.3625,329.8362,1007.1781,961.3341,6,,,,,0.0,0.0
227,-26.9775,153.4839,2015,2014-01-04,2015-01-04,Pacific,11.25,4.25,5.0,0.0,0.0,0.0,0.5311320754716982,1.83,0,False,142.3413,142.3413,578.1625,573.7253,2383.6127,2133.7505,8,,,,,0.0,0.0
227,-26.9775,153.4839,2016,2015-01-10,2016-01-10,Pacific,11.875,0.75,10.0,0.0,0.0,0.8200000000000001,0.608490566037736,1.59,0,False,202.33880000000002,202.33880000000002,810.244,781.4045,3165.5355,2818.2276,11,,,,,0.0,0.0
227,-26.9775,153.4839,2016,2015-11-07,2016-11-06,Pacific,15.625,2.25,6.0,0.0,0.0,0.45,0.7133962264150944,1.99,0,False,356.5598,356.5598,1568.4208,1552.3111,5781.0345,5598.9603,12,,,,,0.0,0.0
231,-26.8033,153.1456,2013,2012-10-17,2013-10-17,Pacific,19.685,0.25,3.0,0.0,0.0,0.0,0.15226415094339624,1.44,0,False,0.0,0.0,37.7356,30.3211,392.36469999999997,380.4262,0,,,,,0.0,0.0
231,-26.8033,153.1456,2014,2013-06-20,2014-06-20,Pacific,0.31,25.0,3.0,0.0,0.0,0.0,0.22735849056603774,1.44,0,False,10.2277,10.2277,368.3389,342.33430000000004,1141.6722,1107.8647,1,,,,,0.0,0.0
231,-26.8033,153.1456,2014,2013-12-19,2014-12-19,Pacific,3.44,0.5,4.0,0.0,0.0,0.0,0.19698113207547172,1.23,0,False,0.0,0.0,212.5177,1.8183,1067.937,739.9947,0,,,,,0.0,0.0
231,-26.8033,153.1456,2015,2014-12-12,2015-12-12,Pacific,2.5,0.0,4.0,0.0,0.0,0.92,0.39735849056603784,1.68,0,False,85.487,83.72070000000001,421.4435,310.7661,1700.1569,1561.1198,3,,,,,0.0,0.0
231,-26.8033,153.1456,2016,2015-01-22,2016-01-22,Pacific,9.685,1.25,9.0,0.0,0.0,0.92,0.26603773584905654,1.53,0,False,88.9947,87.22840000000001,450.9393,338.3145,1864.7843,1716.4984,4,,,,,0.0,0.0
231,-26.8033,153.1456,2016,2015-12-04,2016-12-03,Pacific,3.125,12.5,4.0,0.0,0.0,0.0,0.4115094339622642,1.81,0,False,80.9064,80.7145,453.2836,386.5969,3155.3452,3057.1013,6,,,,,0.0,0.0
231,-26.8033,153.1456,2017,2016-01-28,2017-01-27,Pacific,17.5,0.0,10.0,0.0,0.0,0.0,0.47981132075471705,1.81,0,False,78.94749999999999,78.7556,758.935,691.0063,3637.8916,3541.3777,6,,,,,0.0,0.0
231,-26.8033,153.1456,2017,2016-11-18,2017-11-18,Pacific,10.625,6.5,8.0,0.0,0.0,3.53,0.47264150943396227,2.05,0,False,7.0181,7.0181,465.1361,451.2036,5127.9263,5022.1411,3,,,,,0.0,0.0
237,-26.7545,153.1016,2017,2016-06-24,2017-06-24,Pacific,3.125,,23.0,0.15,3.53,3.53,0.3349056603773584,2.05,0,True,7.5188,7.326899999999999,483.08140000000003,449.8959,4238.894,4172.7195,4,,,,,0.0,0.0
239,-26.7517,153.1579,2016,2015-03-12,2016-03-11,Pacific,10.780000000000001,5.375,9.0,0.0,0.0,0.58,0.32830188679245287,1.58,0,False,187.7065,140.2845,546.5065999999999,426.7542,1854.1423,1690.6894,8,,,,,0.0,0.0
239,-26.7517,153.1579,2016,2015-05-08,2016-05-07,Pacific,15.622499999999999,0.5,9.0,0.0,0.0,0.0,0.3856603773584905,1.83,0,False,308.6913,260.6621,785.1976999999999,650.3681,2039.1688,1855.6817,9,,,,,0.0,0.0
239,-26.7517,153.1579,2017,2016-01-29,2017-01-28,Pacific,19.845,0.5,9.0,0.0,0.0,0.0,0.5241509433962265,1.83,0,False,363.2898,340.2475,777.0501,708.722,3510.3994,3401.5585,9,,,,,0.0,0.0
244,-26.645,153.1608,2014,2013-05-24,2014-05-24,Pacific,17.5,3.0,9.5,0.0,0.0,0.0,0.20943396226415092,1.49,0,False,239.1672,223.9117,359.9631,342.59180000000003,927.7263,907.6378,8,,,,,0.0,0.0
244,-26.645,153.1608,2014,2013-11-30,2014-11-30,Pacific,18.59,9.375,9.5,0.0,0.0,0.0,0.1890566037735849,1.8,0,False,79.6322,1.4933,235.50150000000002,2.0758,981.7149,745.4159,7,,,,,0.0,0.0
244,-26.645,153.1608,2015,2014-03-07,2015-03-07,Pacific,17.5,1.5,9.0,0.66,0.66,0.66,0.44773584905660374,1.82,0,False,114.75450000000001,0.9379000000000001,327.6282,1.5204,1184.7714,850.5373,8,,,,,0.0,0.0
244,-26.645,153.1608,2015,2014-10-18,2015-10-18,Pacific,16.56,0.0,9.0,0.0,0.0,0.66,0.479811320754717,1.82,0,False,120.9111,20.6224,337.7181,21.6221,1378.2434,1003.7636,9,,,,,0.0,0.0
244,-26.645,153.1608,2015,2014-11-21,2015-11-21,Pacific,17.5,6.25,10.0,0.0,0.0,0.66,0.4969811320754717,1.82,0,False,99.621,22.3541,286.5029,90.8003,1260.4807,984.2603,9,,,,,0.0,0.0
244,-26.645,153.1608,2016,2015-11-13,2016-11-12,Pacific,18.44,1.0,12.0,0.0,0.0,0.0,0.5318867924528301,1.86,0,False,118.6077,93.4126,675.858,591.0532,3359.664,3163.265,9,,,,,0.0,0.0
244,-26.645,153.1608,2016,2015-11-14,2016-11-13,Pacific,17.81,1.0,9.0,0.0,0.0,0.0,0.5318867924528301,1.86,0,False,118.6077,93.4126,675.858,591.0532,3359.664,3163.265,9,,,,,0.0,0.0
244,-26.645,153.1608,2017,2016-01-28,2017-01-27,Pacific,18.75,0.0,9.0,0.0,0.0,0.0,0.5275471698113208,1.86,0,False,253.5925,230.8034,783.8149,721.0297,4062.9835,3896.9721,9,,,,,0.0,0.0
244,-26.645,153.1608,2017,2016-10-14,2017-10-14,Pacific,19.375,0.5,10.0,0.0,0.0,2.1,0.5200000000000001,2.08,0,False,183.4352,179.0956,547.4141999999999,504.8363,7358.7269,7195.2788,10,,,,,0.0,0.0
249,-26.615,153.1129,2013,2012-09-15,2013-09-15,Pacific,15.625,0.25,10.0,0.0,0.0,0.0,0.11377358490566036,1.31,0,False,3.9474,3.6488,56.9174,52.522,166.0635,160.882,1,,,,,0.0,0.0
249,-26.615,153.1129,2013,2012-11-08,2013-11-08,Pacific,23.75,0.25,6.0,0.0,0.0,0.0,0.23415094339622639,1.45,0,False,166.4587,166.1601,337.75300000000004,323.303,565.3571000000001,548.1899,2,,,,,0.0,0.0
249,-26.615,153.1129,2014,2013-10-05,2014-10-05,Pacific,10.0,6.25,10.0,0.0,0.0,0.0,0.11339622641509432,1.74,0,False,170.0103,163.0931,371.98890000000006,299.4988,756.9972,680.0752,4,,,,,0.0,0.0
249,-26.615,153.1129,2015,2014-10-18,2015-10-18,Pacific,10.0,0.0,10.0,0.0,0.0,0.81,0.4164150943396227,1.81,0,False,27.976799999999997,17.832,311.8336,21.6221,766.3507,407.8795,8,,,,,0.0,0.0
249,-26.615,153.1129,2016,2015-01-22,2016-01-22,Pacific,40.62,1.0,6.0,0.0,0.0,0.81,0.289811320754717,1.63,0,False,38.6897,28.534399999999998,278.73519999999996,162.1256,934.4038,731.618,9,,,,,0.0,0.0
249,-26.615,153.1129,2016,2015-11-05,2016-11-04,Pacific,21.405,0.875,11.0,0.0,0.0,0.0,0.4650943396226416,1.81,0,False,60.5916,46.7719,413.7895,342.049,1979.4372,1786.5017,8,,,,,0.0,0.0
249,-26.615,153.1129,2017,2016-10-14,2017-10-14,Pacific,9.375,0.0,9.0,0.0,0.0,2.08,0.43018867924528303,2.11,0,False,53.8818,53.789899999999996,457.3179,428.8702,3541.3947,3377.9465999999998,7,,,,,0.0,0.0
249,-26.615,153.1129,2017,2016-11-18,2017-11-18,Pacific,18.125,1.0,6.0,0.0,0.0,2.08,0.4654716981132075,2.11,0,False,54.1318,54.039899999999996,473.2719,426.4113,3466.7683,3303.812,8,,,,,0.0,0.0
254,-26.615,153.1128,2013,2012-08-18,2013-08-18,Pacific,18.435,1.0,6.0,0.0,0.0,0.0,0.051509433962264144,0.94,0,False,3.9474,3.6488,55.570800000000006,52.522,164.7169,160.882,1,,,,,0.0,0.0
254,-26.615,153.1128,2014,2013-10-05,2014-10-05,Pacific,19.375,8.75,5.0,0.0,0.0,0.0,0.11339622641509432,1.74,0,False,170.0103,163.0931,371.98890000000006,299.4988,756.9972,680.0752,4,,,,,0.0,0.0
254,-26.615,153.1128,2015,2014-11-21,2015-11-21,Pacific,10.0,0.75,5.0,0.0,0.0,0.81,0.4356603773584906,1.81,0,False,30.185299999999998,19.788899999999998,234.886,65.06790000000001,637.9632,377.7514,8,,,,,0.0,0.0
254,-26.615,153.1128,2016,2015-11-13,2016-11-12,Pacific,14.375,3.25,5.0,0.0,0.0,0.0,0.46735849056603773,1.81,0,False,60.5916,46.7719,413.7895,342.049,1979.4372,1786.5017,8,,,,,0.0,0.0
258,-25.6496,152.9146,2013,2012-08-11,2013-08-11,Pacific,24.375,12.5,3.0,0.0,0.0,0.0,-0.5735849056603773,1.61,0,False,0.0,0.0,0.0,0.0,0.0,0.0,0,,,,,0.0,0.0
258,-25.6496,152.9146,2014,2013-08-30,2014-08-30,Pacific,14.06,8.75,3.0,0.0,0.0,0.19,-0.13754716981132079,1.85,0,False,0.0,0.0,0.0,0.0,16.8041,16.8041,0,,,,,0.0,0.0
258,-25.6496,152.9146,2017,2016-06-17,2017-06-17,Pacific,23.75,9.5,3.0,1.62,12.46,12.46,0.31867924528301883,2.43,42,False,0.0,0.0,98.5586,95.7945,1661.0376999999999,1194.8896,0,,,,,0.0,0.0
260,-25.2822,152.9253,2017,2016-06-18,2017-06-18,Pacific,9.06,23.75,3.0,1.38,10.27,10.27,0.4192307692307692,2.36,35,False,0.0,0.0,0.0,0.0,1606.7548,842.8258999999999,0,,,,,0.0,0.0
262,-25.2631,152.9381,2013,2012-08-12,2013-08-12,Pacific,11.56,4.25,3.0,0.0,0.0,0.31,-0.43792452830188683,1.48,0,False,0.0,0.0,0.0,0.0,0.0,0.0,0,,,,,0.0,0.0
262,-25.2631,152.9381,2014,2013-08-30,2014-08-30,Pacific,27.81,1.25,3.0,0.0,0.0,0.32,0.0135849056603774,2.04,0,False,0.0,0.0,0.0,0.0,59.06439999999999,59.06439999999999,0,,,,,0.0,0.0
262,-25.2631,152.9381,2017,2016-06-18,2017-06-18,Pacific,21.25,22.75,4.0,1.38,10.27,10.27,0.4192307692307692,2.36,35,False,0.0,0.0,0.0,0.0,1637.8392,873.9103,0,,,,,0.0,0.0
264,-25.2444,152.8253,2013,2012-08-11,2013-08-11,Pacific,7.81,1.0,3.0,0.0,0.0,0.3,-0.3709433962264151,1.46,0,False,0.0,0.0,0.0,0.0,0.0,0.0,0,,,,,0.0,0.0
264,-25.2444,152.8253,2014,2013-08-30,2014-08-30,Pacific,6.56,7.5,3.0,0.0,0.0,0.17,0.06660377358490563,2.13,0,False,0.0,0.0,0.0,0.0,66.3786,66.3786,0,,,,,0.0,0.0
264,-25.2444,152.8253,2017,2016-06-17,2017-06-17,Pacific,25.935,51.25,3.0,0.81,8.72,8.72,0.42679245283018863,2.32,28,False,0.0,0.0,0.0,0.0,722.948,433.8512,0,,,,,0.0,0.0
267,-24.8836,152.4908,2013,2012-08-10,2013-08-10,Pacific,3.125,0.75,6.0,0.0,0.0,0.0,-0.2986792452830188,1.23,0,False,0.0,0.0,0.0,0.0,0.0,0.0,0,,,,,0.0,0.0
267,-24.8836,152.4908,2014,2013-08-31,2014-08-31,Pacific,2.5,1.75,6.0,0.0,0.0,0.0,0.17849056603773586,2.09,0,False,0.0,0.0,67.71340000000001,67.71340000000001,173.4137,173.4137,0,,,,,0.0,0.0
267,-24.8836,152.4908,2017,2016-06-16,2017-06-16,Pacific,3.125,1.25,6.0,0.14,7.9,7.9,0.4626415094339622,2.02,28,False,1.2333,0.0,176.8388,173.655,307.3496,303.8572,1,,,,,0.0,0.0
269,-24.8103,152.4711,2013,2012-08-10,2013-08-10,Pacific,2.815,0.75,6.0,0.0,0.0,0.0,-0.2735849056603774,1.18,0,False,0.0,0.0,0.0,0.0,0.0,0.0,0,,,,,0.0,0.0
269,-24.8103,152.4711,2014,2013-08-31,2014-08-31,Pacific,3.44,1.0,7.0,0.0,0.0,0.0,0.21735849056603773,2.01,0,False,0.0,0.0,67.71340000000001,67.71340000000001,173.4137,173.4137,0,,,,,0.0,0.0
269,-24.8103,152.4711,2017,2016-06-16,2017-06-16,Pacific,0.31,0.25,6.0,0.15,7.58,7.58,0.4956603773584905,2.01,28,False,61.8409,60.6076,198.76649999999998,195.5827,374.9266,339.1424,4,,,,,0.0,0.0
271,-24.114,152.7178,2013,2012-02-02,2013-02-01,Pacific,,1.0,9.0,0.0,0.0,0.18,0.23867924528301887,1.26,0,False,0.0,0.0,0.0,0.0,0.0,0.0,0,,,,,0.0,4.0
271,-24.114,152.7178,2013,2012-02-03,2013-02-02,Pacific,10.94,,1.0,0.0,0.0,0.18,0.23867924528301887,1.26,0,False,0.0,0.0,0.0,0.0,0.0,0.0,0,,,,,0.0,4.0
275,-23.4604,151.9292,2013,2012-11-02,2013-11-02,Pacific,31.56,1.0,7.0,0.0,0.0,0.0,0.33660377358490573,1.32,0,False,0.0,0.0,0.0,0.0,23.401999999999997,23.401999999999997,0,,,,,0.0,1.0
275,-23.4604,151.9292,2014,2013-11-08,2014-11-08,Pacific,37.185,0.75,5.0,0.0,0.0,0.0,0.3173584905660378,1.24,0,False,0.0,0.0,55.3516,55.3516,714.342,714.342,0,,,,,0.0,1.0
275,-23.4604,151.9292,2015,2014-11-24,2015-11-24,Pacific,31.25,1.0,6.0,0.0,0.0,0.98,0.739056603773585,1.62,0,False,0.0,0.0,1.2002,1.2002,328.3311,328.3311,0,,,,,0.0,2.0
275,-23.4604,151.9292,2016,2015-09-19,2016-09-18,Pacific,43.125,6.5,7.0,0.0,0.0,0.0,0.6781132075471699,1.57,0,False,54.243199999999995,51.1294,98.17039999999999,78.71449999999999,668.219,601.4856,2,,,,,0.0,1.0
275,-23.4604,151.9292,2017,2016-10-29,2017-10-29,Pacific,27.19,1.0,7.0,0.0,0.0,1.96,0.8903846153846153,2.46,0,False,138.916,13.2495,268.7912,124.0979,1509.547,1177.3403,7,,,,,1.0,2.0
278,-23.4548,151.9238,2013,2012-11-06,2013-11-06,Pacific,35.0,2.25,5.0,0.0,0.0,0.0,0.34584905660377363,1.32,0,False,0.0,0.0,0.0,0.0,42.8164,42.8164,0,,,,,0.0,1.0
278,-23.4548,151.9238,2014,2013-11-08,2014-11-08,Pacific,31.25,1.0,6.0,0.0,0.0,0.0,0.3173584905660378,1.24,0,False,0.0,0.0,55.3516,55.3516,725.7778,725.7778,0,,,,,0.0,1.0
278,-23.4548,151.9238,2015,2014-11-24,2015-11-24,Pacific,31.56,1.0,5.0,0.0,0.0,0.98,0.739056603773585,1.62,0,False,0.0,0.0,1.2002,1.2002,337.2296,337.2296,0,,,,,0.0,2.0
278,-23.4548,151.9238,2016,2015-09-19,2016-09-18,Pacific,41.56,4.25,5.0,0.0,0.0,0.0,0.6781132075471699,1.57,0,False,54.243199999999995,51.1294,94.4125,76.0071,673.1178,606.3844,2,,,,,0.0,1.0
278,-23.4548,151.9238,2017,2016-10-29,2017-10-29,Pacific,30.31,1.75,5.0,0.0,0.0,1.96,0.8903846153846153,2.46,0,False,138.916,13.2495,231.76479999999998,97.81049999999999,1541.7394,1209.5327,7,,,,,1.0,2.0
281,-23.4511,151.9182,2014,2013-11-11,2014-11-11,Pacific,16.56,4.5,6.0,0.0,0.0,0.0,0.3173584905660378,1.24,0,False,0.0,0.0,55.3516,55.3516,636.5182,636.5182,0,,,,,0.0,1.0
281,-23.4511,151.9182,2015,2014-11-28,2015-11-28,Pacific,15.31,1.0,5.0,0.0,0.0,0.98,0.7345283018867926,1.62,0,False,0.0,0.0,1.2002,1.2002,268.1083,268.1083,0,,,,,0.0,2.0
281,-23.4511,151.9182,2016,2015-09-23,2016-09-22,Pacific,9.370000000000001,0.75,6.0,0.0,0.0,0.0,0.6781132075471699,1.57,0,False,54.243199999999995,51.1294,94.4125,76.0071,603.9965,537.2631,2,,,,,0.0,1.0
281,-23.4511,151.9182,2017,2016-11-02,2017-11-02,Pacific,10.0,10.0,6.0,0.0,0.0,1.96,0.8979245283018867,2.46,0,False,99.4508,13.2495,172.9587,84.7156,1121.9469,954.5878,6,,,,,1.0,2.0
284,-23.4472,151.9119,2013,2012-11-02,2013-11-02,Pacific,34.69,0.75,5.0,0.0,0.0,0.0,0.3473584905660377,1.27,0,False,0.0,0.0,0.0,0.0,112.7857,46.290499999999994,0,,,,,0.0,0.0
284,-23.4472,151.9119,2014,2013-11-10,2014-11-10,Pacific,24.685,3.25,7.0,0.0,0.0,0.0,0.3186792452830189,1.21,0,False,0.0,0.0,55.3516,55.3516,636.5182,636.5182,0,,,,,0.0,0.0
284,-23.4472,151.9119,2015,2014-11-27,2015-11-27,Pacific,33.125,0.75,6.0,0.0,0.0,1.0,0.7292452830188679,1.55,0,False,0.0,0.0,1.2002,1.2002,283.5618,283.5618,0,,,,,0.0,0.0
284,-23.4472,151.9119,2016,2015-09-23,2016-09-22,Pacific,35.94,0.25,6.0,0.0,0.0,0.0,0.6813207547169812,1.57,0,False,54.243199999999995,51.1294,94.4125,76.0071,628.0394,566.944,2,,,,,0.0,0.0
284,-23.4472,151.9119,2017,2016-11-02,2017-11-02,Pacific,27.19,1.25,6.0,0.0,0.0,2.29,0.8922641509433961,2.34,0,False,99.4508,13.2495,172.9587,84.7156,1114.4462,951.6164,6,,,,,1.0,1.0
287,-23.4447,151.9184,2013,2012-11-02,2013-11-02,Pacific,18.12,2.5,1.5,0.0,0.0,0.0,0.3473584905660377,1.27,0,False,0.0,0.0,0.0,0.0,42.8164,42.8164,0,,,,,0.0,1.0
287,-23.4447,151.9184,2014,2013-11-09,2014-11-09,Pacific,10.0,4.0,1.0,0.0,0.0,0.0,0.3186792452830189,1.21,0,False,0.0,0.0,55.3516,55.3516,636.5182,636.5182,0,,,,,0.0,1.0
287,-23.4447,151.9184,2015,2014-11-28,2015-11-28,Pacific,15.315,1.0,2.0,0.0,0.0,1.0,0.7292452830188679,1.55,0,False,0.0,0.0,1.2002,1.2002,280.653,280.653,0,,,,,0.0,2.0
287,-23.4447,151.9184,2016,2015-09-20,2016-09-19,Pacific,8.44,5.0,2.0,0.0,0.0,0.0,0.6813207547169812,1.57,0,False,54.243199999999995,51.1294,94.4125,76.0071,630.9714,564.238,2,,,,,0.0,1.0
287,-23.4447,151.9184,2017,2016-10-31,2017-10-31,Pacific,11.559999999999999,30.0,2.0,0.0,0.0,2.29,0.8922641509433961,2.34,0,False,138.916,13.2495,231.76479999999998,97.81049999999999,1434.7527,1211.1843,7,,,,,1.0,2.0
290,-23.4438,151.9133,2013,2012-11-03,2013-11-03,Pacific,5.62,0.75,2.0,0.0,0.0,0.0,0.3473584905660377,1.27,0,False,0.0,0.0,0.0,0.0,42.8164,42.8164,0,,,,,0.0,0.0
290,-23.4438,151.9133,2014,2013-11-08,2014-11-08,Pacific,10.315000000000001,18.5,2.0,0.0,0.0,0.0,0.3186792452830189,1.21,0,False,0.0,0.0,55.3516,55.3516,636.5182,636.5182,0,,,,,0.0,0.0
290,-23.4438,151.9133,2015,2014-11-24,2015-11-24,Pacific,4.69,0.25,2.0,0.0,0.0,1.0,0.7343396226415093,1.55,0,False,0.0,0.0,1.2002,1.2002,280.653,280.653,0,,,,,0.0,0.0
290,-23.4438,151.9133,2016,2015-09-19,2016-09-18,Pacific,5.3149999999999995,2.75,1.0,0.0,0.0,0.0,0.6813207547169812,1.57,0,False,54.243199999999995,51.1294,94.4125,76.0071,623.9429,562.8475,2,,,,,0.0,0.0
290,-23.4438,151.9133,2017,2016-10-29,2017-10-29,Pacific,4.375,6.5,2.0,0.0,0.0,2.29,0.8853846153846152,2.34,0,False,138.916,13.2495,231.76479999999998,97.81049999999999,1351.5988,1138.304,7,,,,,1.0,1.0
293,-23.4431,151.9094,2013,2012-11-04,2013-11-04,Pacific,18.75,1.0,2.0,0.0,0.0,0.0,0.3473584905660377,1.27,0,False,0.0,0.0,0.0,0.0,42.8164,42.8164,0,,,,,0.0,0.0
293,-23.4431,151.9094,2014,2013-11-11,2014-11-11,Pacific,18.125,3.75,1.0,0.0,0.0,0.0,0.3186792452830189,1.21,0,False,0.0,0.0,55.3516,55.3516,636.5182,636.5182,0,,,,,0.0,0.0
293,-23.4431,151.9094,2015,2014-11-27,2015-11-27,Pacific,18.119999999999997,4.25,2.0,0.0,0.0,1.0,0.7292452830188679,1.55,0,False,0.0,0.0,1.2002,1.2002,280.653,280.653,0,,,,,0.0,0.0
293,-23.4431,151.9094,2016,2015-09-22,2016-09-21,Pacific,24.065,5.0,2.0,0.0,0.0,0.0,0.6813207547169812,1.57,0,False,54.243199999999995,51.1294,94.4125,76.0071,623.9429,562.8475,2,,,,,0.0,0.0
293,-23.4431,151.9094,2017,2016-10-30,2017-10-30,Pacific,15.625,15.0,2.0,0.0,0.0,2.29,0.8922641509433961,2.34,0,False,138.916,13.2495,231.76479999999998,97.81049999999999,1351.5988,1138.304,7,,,,,1.0,1.0
295,-23.4425,151.9201,2013,2012-11-07,2013-11-07,Pacific,23.44,8.75,1.0,0.0,0.0,0.0,0.3552830188679245,1.27,0,False,0.0,0.0,0.0,0.0,42.8164,42.8164,0,,,,,0.0,1.0
295,-23.4425,151.9201,2014,2013-11-10,2014-11-10,Pacific,9.69,2.25,1.0,0.0,0.0,0.0,0.3186792452830189,1.21,0,False,0.0,0.0,55.3516,55.3516,636.5182,636.5182,0,,,,,0.0,1.0
295,-23.4425,151.9201,2015,2014-11-29,2015-11-29,Pacific,8.75,1.0,2.0,0.0,0.0,1.0,0.7292452830188679,1.55,0,False,0.0,0.0,1.2002,1.2002,280.653,280.653,0,,,,,0.0,2.0
295,-23.4425,151.9201,2016,2015-09-22,2016-09-21,Pacific,23.435000000000002,5.0,2.0,0.0,0.0,0.0,0.6813207547169812,1.57,0,False,54.243199999999995,51.1294,94.4125,76.0071,630.9714,564.238,2,,,,,0.0,1.0
295,-23.4425,151.9201,2017,2016-11-01,2017-11-01,Pacific,8.125,25.0,2.0,0.0,0.0,2.29,0.8922641509433961,2.34,0,False,99.4508,13.2495,172.9587,84.7156,1196.6751,1023.5717,6,,,,,1.0,2.0
297,-23.4416,151.9048,2013,2012-11-04,2013-11-04,Pacific,33.125,0.5,6.0,0.0,0.0,0.0,0.3473584905660377,1.27,0,False,0.0,0.0,0.0,0.0,112.7857,46.290499999999994,0,,,,,0.0,0.0
297,-23.4416,151.9048,2014,2013-11-11,2014-11-11,Pacific,40.0,2.0,6.0,0.0,0.0,0.0,0.3186792452830189,1.21,0,False,0.0,0.0,55.3516,55.3516,636.5182,636.5182,0,,,,,0.0,0.0
297,-23.4416,151.9048,2015,2014-11-27,2015-11-27,Pacific,36.875,,6.0,0.0,0.0,1.0,0.7292452830188679,1.55,0,False,0.0,0.0,1.2002,1.2002,283.5618,283.5618,0,,,,,0.0,0.0
297,-23.4416,151.9048,2016,2015-09-21,2016-09-20,Pacific,23.44,5.25,5.0,0.0,0.0,0.0,0.6813207547169812,1.57,0,False,54.243199999999995,51.1294,93.8714,76.0071,628.0394,566.944,2,,,,,0.0,0.0
297,-23.4416,151.9048,2017,2016-11-03,2017-11-03,Pacific,26.875,1.0,6.0,0.0,0.0,2.29,0.8922641509433961,2.34,0,False,99.4508,13.2495,172.9587,84.7156,1111.8549,951.6164,6,,,,,1.0,1.0
299,-23.4411,151.9105,2013,2012-11-06,2013-11-06,Pacific,9.69,2.75,1.0,0.0,0.0,0.0,0.3552830188679245,1.27,0,False,0.0,0.0,0.0,0.0,42.8164,42.8164,0,,,,,0.0,0.0
299,-23.4411,151.9105,2014,2013-11-12,2014-11-12,Pacific,15.625,18.75,1.0,0.0,0.0,0.0,0.3186792452830189,1.21,0,False,0.0,0.0,55.3516,55.3516,636.5182,636.5182,0,,,,,0.0,0.0
299,-23.4411,151.9105,2015,2014-11-25,2015-11-25,Pacific,14.69,1.0,2.0,0.0,0.0,1.0,0.7343396226415093,1.55,0,False,0.0,0.0,1.2002,1.2002,280.653,280.653,0,,,,,0.0,0.0
299,-23.4411,151.9105,2016,2015-09-21,2016-09-20,Pacific,16.25,15.25,1.0,0.0,0.0,0.0,0.6813207547169812,1.57,0,False,54.243199999999995,51.1294,94.4125,76.0071,623.9429,562.8475,2,,,,,0.0,0.0
299,-23.4411,151.9105,2017,2016-11-02,2017-11-02,Pacific,8.75,17.5,2.0,0.0,0.0,2.29,0.8922641509433961,2.34,0,False,99.4508,13.2495,172.9587,84.7156,1187.2478,1018.6736999999999,6,,,,,1.0,1.0
302,-23.4401,151.9173,2016,2015-09-23,2016-09-22,Pacific,5.935,0.25,15.0,0.0,0.0,0.0,0.6813207547169812,1.57,0,False,54.243199999999995,51.1294,94.4125,76.0071,630.9714,564.238,2,,,,,0.0,0.0
302,-23.4401,151.9173,2017,2016-11-04,2017-11-04,Pacific,2.185,10.0,2.0,0.0,0.0,2.29,0.8922641509433961,2.34,0,False,99.4508,13.2495,172.9587,84.7156,1196.6751,1023.5717,6,,,,,1.0,1.0
304,-23.4388,151.9139,2014,2013-11-13,2014-11-13,Pacific,8.44,42.5,1.0,0.0,0.0,0.0,0.3160377358490566,1.21,0,False,0.0,0.0,55.3516,55.3516,636.5182,636.5182,0,,,,,0.0,0.0
304,-23.4388,151.9139,2015,2014-11-26,2015-11-26,Pacific,6.875,5.75,2.0,0.0,0.0,1.0,0.7343396226415093,1.55,0,False,0.0,0.0,1.2002,1.2002,280.653,280.653,0,,,,,0.0,0.0
304,-23.4388,151.9139,2016,2015-09-21,2016-09-20,Pacific,4.6899999999999995,10.0,1.0,0.0,0.0,0.0,0.6813207547169812,1.57,0,False,54.243199999999995,51.1294,94.4125,76.0071,623.9429,562.8475,2,,,,,0.0,0.0
304,-23.4388,151.9139,2017,2016-11-01,2017-11-01,Pacific,7.5,12.5,2.0,0.0,0.0,2.29,0.8922641509433961,2.34,0,False,99.4508,13.2495,172.9587,84.7156,1187.2478,1018.6736999999999,6,,,,,1.0,1.0
310,-23.4349,151.911,2017,2016-10-31,2017-10-31,Pacific,31.875,1.0,6.0,0.0,0.0,2.29,0.8922641509433961,2.34,0,False,138.916,13.2495,255.5497,97.81049999999999,1425.3254,1206.2863,7,,,,,1.0,1.0
312,-23.4346,151.9224,2014,2013-11-12,2014-11-12,Pacific,20.0,1.5,5.0,0.0,0.0,0.0,0.3186792452830189,1.21,0,False,0.0,0.0,0.5675,0.5675,636.5182,636.5182,0,,,,,0.0,0.0
312,-23.4346,151.9224,2017,2016-11-03,2017-11-03,Pacific,26.565,2.0,4.0,0.0,0.0,2.29,0.8922641509433961,2.34,0,False,99.7508,13.2495,183.7251,71.69709999999999,1196.6751,1023.5717,6,,,,,1.0,1.0
314,-23.4343,151.9334,2013,2012-11-03,2013-11-03,Pacific,24.375,2.75,5.5,0.0,0.0,0.0,0.3473584905660377,1.27,0,False,0.0,0.0,0.0,0.0,23.401999999999997,23.401999999999997,0,,,,,0.0,1.0
314,-23.4343,151.9334,2014,2013-11-09,2014-11-09,Pacific,24.369999999999997,1.5,6.0,0.0,0.0,0.0,0.3186792452830189,1.21,0,False,0.0,0.0,0.5675,0.5675,615.0892,615.0892,0,,,,,0.0,1.0
314,-23.4343,151.9334,2014,2013-11-12,2014-11-12,Pacific,28.125,2.5,6.0,0.0,0.0,0.0,0.3186792452830189,1.21,0,False,0.0,0.0,0.5675,0.5675,615.0892,615.0892,0,,,,,0.0,1.0
314,-23.4343,151.9334,2015,2014-11-25,2015-11-25,Pacific,26.25,1.0,6.0,0.0,0.0,1.0,0.7343396226415093,1.55,0,False,0.0,0.0,0.0,0.0,257.0279,257.0279,0,,,,,0.0,2.0
314,-23.4343,151.9334,2016,2015-09-20,2016-09-19,Pacific,30.935,2.0,7.0,0.0,0.0,0.0,0.6813207547169812,1.57,0,False,54.835699999999996,51.7219,106.7453,74.8069,595.765,529.0316,3,,,,,0.0,1.0
314,-23.4343,151.9334,2017,2016-10-30,2017-10-30,Pacific,32.19,4.25,7.0,0.0,0.0,2.29,0.8922641509433961,2.34,0,False,139.216,13.2495,240.0206,77.52759999999999,1314.1009999999999,1090.5326,7,,,,,1.0,2.0
317,-23.434,151.9177,2013,2012-11-04,2013-11-04,Pacific,14.685,4.5,6.0,0.0,0.0,0.0,0.3473584905660377,1.27,0,False,0.0,0.0,0.0,0.0,42.8164,42.8164,0,,,,,0.0,0.0
317,-23.434,151.9177,2014,2013-11-10,2014-11-10,Pacific,17.185,4.25,7.0,0.0,0.0,0.0,0.3186792452830189,1.21,0,False,0.0,0.0,55.3516,55.3516,636.5182,636.5182,0,,,,,0.0,0.0
317,-23.434,151.9177,2015,2014-11-28,2015-11-28,Pacific,21.56,1.0,6.0,0.0,0.0,1.0,0.7292452830188679,1.55,0,False,0.0,0.0,1.2002,1.2002,280.653,280.653,0,,,,,0.0,0.0
317,-23.434,151.9177,2016,2015-09-21,2016-09-20,Pacific,32.5,1.0,6.0,0.0,0.0,0.0,0.6813207547169812,1.57,0,False,54.835699999999996,51.7219,94.4125,76.0071,623.9429,562.8475,3,,,,,0.0,0.0
317,-23.434,151.9177,2017,2016-10-31,2017-10-31,Pacific,23.44,1.0,6.0,0.0,0.0,2.29,0.8922641509433961,2.34,0,False,139.216,13.2495,255.5497,97.81049999999999,1425.3254,1206.2863,7,,,,,1.0,1.0
319,-23.4337,151.9249,2014,2013-11-09,2014-11-09,Pacific,24.69,1.5,6.0,0.0,0.0,0.0,0.3186792452830189,1.21,0,False,0.0,0.0,0.5675,0.5675,626.525,626.525,0,,,,,0.0,0.0
319,-23.4337,151.9249,2015,2014-11-25,2015-11-25,Pacific,28.44,1.0,6.0,0.0,0.0,1.0,0.7343396226415093,1.55,0,False,0.0,0.0,0.0,0.0,278.47110000000004,278.47110000000004,0,,,,,0.0,0.0
319,-23.4337,151.9249,2016,2015-09-20,2016-09-19,Pacific,31.56,4.0,6.0,0.0,0.0,0.0,0.6813207547169812,1.57,0,False,54.835699999999996,51.7219,106.7453,74.8069,627.6387,560.9053,3,,,,,0.0,0.0
319,-23.4337,151.9249,2017,2016-10-30,2017-10-30,Pacific,27.5,3.5,6.0,0.0,0.0,2.29,0.8922641509433961,2.34,0,False,139.216,13.2495,240.0206,77.52759999999999,1346.785,1123.2166,7,,,,,1.0,1.0
1032,-27.4785,153.3661,2013,2012-01-21,2013-01-20,Pacific,9.685,0.5,2.0,0.0,0.0,0.0,-0.18603773584905658,1.22,0,False,0.0,0.0,0.0,0.0,25.5574,25.5574,0,,,,,0.0,0.0
1032,-27.4785,153.3661,2013,2012-10-23,2013-10-23,Pacific,15.0,0.75,2.0,0.0,0.0,0.0,0.10547169811320754,1.22,0,False,0.0,0.0,15.743599999999999,4.1206,738.1625,692.9442,0,,,,,0.0,0.0
1033,-27.4753,153.4014,2013,2012-01-21,2013-01-20,Pacific,20.625,0.25,2.0,0.0,0.0,0.0,0.01452830188679246,1.19,0,False,0.0,0.0,3.2172,3.2172,25.5574,25.5574,0,,,,,0.0,0.0
1034,-27.4738,153.4049,2013,2012-12-19,2013-12-19,Pacific,14.685,18.75,4.0,0.0,0.0,0.0,0.24716981132075472,1.18,0,False,0.0,0.0,38.6297,26.248700000000003,1059.0617,1012.3182,0,,,,,0.0,0.0
1035,-27.4142,153.5258,2013,2012-08-24,2013-08-24,Pacific,18.125,1.25,6.0,0.0,0.0,0.3,0.359811320754717,1.38,0,False,11.623,0.0,55.9506,33.1458,827.3232,794.0729,1,,,,,0.0,0.0
1036,-27.4142,153.5264,2013,2012-08-24,2013-08-24,Pacific,19.065,1.25,6.0,0.0,0.0,0.3,0.359811320754717,1.38,0,False,11.623,0.0,55.9506,33.1458,827.3232,794.0729,1,,,,,0.0,0.0
1044,-26.7514,153.1578,2014,2013-02-08,2014-02-08,Pacific,19.845,0.0,7.5,0.0,0.0,0.0,0.13773584905660383,1.48,0,False,101.4422,100.16720000000001,356.5638,342.1138,979.0731,961.1571,2,,,,,0.0,0.0
1044,-26.7514,153.1578,2014,2013-12-21,2014-12-21,Pacific,19.0625,1.0,7.5,0.0,0.0,0.0,0.23886792452830188,1.36,0,False,77.251,0.325,241.14520000000002,2.0758,983.1899,651.5585,4,,,,,0.0,0.0
1045,-26.6772,153.12,2014,2013-04-26,2014-04-26,Pacific,0.31,0.0,2.0,0.0,0.0,0.0,0.14132075471698113,1.43,0,False,169.69,169.3914,358.58540000000005,342.1138,741.0626,721.8738000000001,3,,,,,0.0,0.0
1047,-26.6352,153.1518,2013,2012-08-18,2013-08-18,Pacific,20.31,0.0,9.0,0.0,0.0,0.0,0.1167924528301887,1.02,0,False,27.0456,24.837600000000002,55.6216,52.5728,196.15109999999999,192.3162,2,,,,,0.0,0.0
1047,-26.6352,153.1518,2015,2014-03-07,2015-03-07,Pacific,12.81,13.5,9.0,0.66,0.66,0.66,0.44773584905660374,1.82,0,False,117.1345,0.9379000000000001,310.4108,1.5204,860.4955,526.2614,8,,,,,0.0,0.0
1047,-26.6352,153.1518,2016,2015-01-22,2016-01-22,Pacific,9.685,1.25,9.0,0.0,0.0,0.66,0.3513207547169811,1.66,0,False,88.8213,42.9786,365.6897,244.9996,1251.5291,1048.7433,10,,,,,0.0,0.0
1048,-26.635,153.1517,2013,2012-09-15,2013-09-15,Pacific,14.370000000000001,0.5,10.0,0.0,0.0,0.0,0.18056603773584906,1.42,0,False,27.1172,24.837600000000002,56.9682,52.5728,197.4977,192.3162,3,,,,,0.0,0.0
1049,-26.6121,153.1129,2013,2012-11-08,2013-11-08,Pacific,24.064999999999998,0.0,9.0,0.0,0.0,0.0,0.23415094339622639,1.45,0,False,166.4587,166.1601,337.75300000000004,323.303,565.3571000000001,548.1899,2,,,,,0.0,0.0
1051,-26.3625,153.115,2013,2012-09-29,2013-09-29,Pacific,17.6575,0.75,10.5,0.0,0.0,0.0,0.28264150943396227,1.51,0,False,0.0,0.0,23.6647,23.6647,117.8138,113.4098,0,,,,,0.0,0.0
1057,-24.114,152.7197,2013,2012-02-03,2013-02-02,Pacific,12.19,1.75,1.5,0.0,0.0,0.18,0.23867924528301887,1.26,0,False,0.0,0.0,0.0,0.0,0.0,0.0,0,,,,,0.0,4.0
1058,-24.1114,152.7106,2013,2012-02-03,2013-02-02,Pacific,26.56,2.0,8.0,0.0,0.0,0.18,0.23867924528301887,1.26,0,False,0.0,0.0,0.0,0.0,0.0,0.0,0,,,,,0.0,4.0
1059,-24.1106,152.7113,2013,2012-02-02,2013-02-01,Pacific,21.56,0.0,8.0,0.0,0.0,0.18,0.23867924528301887,1.26,0,False,0.0,0.0,0.0,0.0,0.0,0.0,0,,,,,0.0,4.0
1060,-24.1094,152.7136,2013,2012-02-02,2013-02-01,Pacific,29.06,0.5,8.5,0.0,0.0,0.18,0.23867924528301887,1.26,0,False,0.0,0.0,0.0,0.0,0.0,0.0,0,,,,,0.0,4.0
1061,-23.4334,151.9248,2013,2012-11-03,2013-11-03,Pacific,21.25,1.0,6.5,0.0,0.0,0.0,0.3473584905660377,1.27,0,False,0.0,0.0,0.0,0.0,42.8164,42.8164,0,,,,,0.0,0.0
1062,-22.1486,113.8679,2013,2012-06-12,2013-06-12,Indian,10.625,5.0,1.0,4.8100000000000005,8.91,8.91,0.8181132075471698,3.51,21,False,0.0,0.0,0.0,0.0,1810.816,464.1605,0,,,,,0.0,0.0
1062,-22.1486,113.8679,2016,2015-02-27,2016-02-27,Indian,8.75,0.5,2.0,0.0,0.0,0.34,0.1339622641509434,1.62,0,False,1.6913,0.0,1.941,0.0,10779.5469,1867.1178,1,,,,,2.0,2.0
1063,-22.1483,113.8675,2013,2012-06-12,2013-06-12,Indian,16.875,1.0,1.0,4.8100000000000005,8.91,8.91,0.8181132075471698,3.51,21,False,0.0,0.0,0.0,0.0,1810.816,464.1605,0,,,,,0.0,0.0
1063,-22.1483,113.8675,2016,2015-02-27,2016-02-27,Indian,4.375,8.75,2.0,0.0,0.0,0.34,0.1339622641509434,1.62,0,False,1.6913,0.0,1.941,0.0,10779.5469,1867.1178,1,,,,,2.0,2.0
1064,-22.1347,113.8759,2016,2015-02-25,2016-02-25,Indian,9.685,2.75,2.0,0.0,0.0,0.34,0.14415094339622642,1.62,0,False,1.941,0.0,1.941,0.0,12388.7849,2318.9603,1,,,,,2.0,2.0
1064,-22.1347,113.8759,2016,2015-02-28,2016-02-28,Indian,5.9399999999999995,12.5,2.0,0.0,0.0,0.34,0.1339622641509434,1.62,0,False,1.941,0.0,1.941,0.0,12388.7849,2318.9603,1,,,,,2.0,2.0
1065,-22.1322,113.8766,2013,2012-06-11,2013-06-11,Indian,6.56,0.5,1.0,4.8100000000000005,8.91,8.91,0.8257692307692307,3.51,21,False,0.0,0.0,0.0,0.0,1920.6819,503.8334,0,,,,,0.0,0.0
1065,-22.1322,113.8766,2016,2015-02-28,2016-02-28,Indian,4.79,31.833333333333332,2.0,0.0,0.0,0.34,0.1339622641509434,1.62,0,False,1.941,0.0,1.941,0.0,12388.7849,2318.9603,1,,,,,2.0,2.0
1066,-22.131,113.8774,2013,2012-06-16,2013-06-16,Indian,8.125,1.0,1.0,2.49,8.91,8.91,0.8181132075471698,3.51,21,False,0.0,0.0,0.0,0.0,1920.6819,503.8334,0,,,,,0.0,0.0
1066,-22.131,113.8774,2016,2015-02-24,2016-02-24,Indian,5.315,6.75,1.5,0.0,0.0,0.34,0.14415094339622642,1.62,0,False,1.941,0.0,1.941,0.0,12388.7849,2318.9603,1,,,,,2.0,2.0
1067,-21.9088,113.9642,2013,2012-06-15,2013-06-15,Indian,20.0,2.0,2.0,2.12,8.93,8.93,0.7794339622641508,3.47,21,False,0.0,0.0,507.9896,257.1148,2307.9609,627.5354,0,,,,,0.0,0.0
1114,-16.5001,146.0172,2014,2013-07-27,2014-07-27,Pacific,14.69,1.0,6.0,0.0,0.0,0.0,0.3573584905660378,1.05,0,False,18.5697,0.0,18.5697,0.0,28.4829,9.5632,1,,,,,5.0,15.0
1118,-16.25,145.8331,2015,2014-08-30,2015-08-30,Pacific,33.75,3.25,6.0,0.0,0.0,1.41,0.4150943396226414,1.46,0,False,0.0,0.0,0.0,0.0,0.0,0.0,0,,,,,3.0,13.0
1125,-16.2356,145.8689,2013,2012-05-25,2013-05-25,Pacific,20.0,0.75,4.0,0.96,1.46,1.46,0.26150943396226417,1.47,0,False,0.0,0.0,0.0,0.0,0.0,0.0,0,,,,,3.0,7.0
1303,24.4317,-76.6857,2013,2012-08-27,2013-08-27,Atlantic,25.31,27.0,16.5,0.0,0.0,0.0,-0.06846153846153846,0.87,0,False,0.0,0.0,0.0,0.0,0.0,0.0,0,0.0,0.0,0.0,0.0,,
1304,24.4334,-76.6809,2013,2012-08-27,2013-08-27,Atlantic,17.5,2.75,6.0,0.0,0.0,0.0,-0.06846153846153846,0.87,0,False,0.0,0.0,0.0,0.0,0.0,0.0,0,0.0,0.0,0.0,0.0,,
1308,24.8039,-76.3402,2016,2015-03-09,2016-03-08,Atlantic,19.369999999999997,16.25,6.1,0.0,0.29,5.75,0.8762264150943396,2.24,7,False,0.0,0.0,0.0,0.0,0.0,0.0,0,0.0,0.0,1.0,9.0,,
1309,24.8178,-76.3483,2017,2016-03-13,2017-03-13,Atlantic,6.25,0.0,4.5,0.0,0.32,5.23,0.6488679245283018,2.14,7,False,0.0,0.0,0.0,0.0,0.0,0.0,0,0.0,0.0,1.0,10.0,,
1315,25.093,-77.233,2013,2012-07-19,2013-07-19,Atlantic,12.19,33.25,4.5,0.0,0.0,0.0,-0.08358490566037736,1.32,0,False,0.0,0.0,0.218,0.218,44.0975,44.0975,0,0.0,0.0,1.0,0.0,,
1315,25.093,-77.233,2013,2012-11-20,2013-11-20,Atlantic,12.81,0.0,4.5,0.0,0.0,0.0,0.05509433962264153,1.35,0,False,0.0,0.0,0.218,0.218,46.6857,46.6857,0,0.0,0.0,1.0,0.0,,
1317,25.6573,-79.3056,2018,2017-06-22,2018-06-22,Atlantic,7.185,0.0,5.0,0.0,0.0,0.94,0.4877358490566038,1.29,0,False,0.0,0.0,0.0,0.0,0.2916,0.0,0,1.0,4.0,1.0,4.0,,
1318,25.6626,-79.3077,2013,2012-06-13,2013-06-13,Atlantic,4.685,1.25,5.0,0.0,0.0,0.14,0.16886792452830188,1.95,0,False,0.0,0.0,0.0,0.0,0.0,0.0,0,0.0,0.0,0.0,0.0,,
1318,25.6626,-79.3077,2013,2012-08-14,2013-08-14,Atlantic,10.31,0.0,5.0,0.0,0.0,0.14,0.16094339622641507,1.95,0,False,0.0,0.0,0.0,0.0,0.0,0.0,0,0.0,0.0,0.0,0.0,,
1318,25.6626,-79.3077,2014,2013-08-06,2014-08-06,Atlantic,16.25,0.25,5.0,0.3,0.3,0.3,0.5558490566037736,1.79,0,False,0.0,0.0,1.3674,0.0,1.3674,0.0,0,1.0,0.0,1.0,0.0,,
1318,25.6626,-79.3077,2014,2013-08-29,2014-08-29,Atlantic,13.75,5.5,5.0,2.75,2.75,2.75,0.6060377358490567,1.79,0,False,0.0,0.0,1.3674,0.0,1.3674,0.0,0,1.0,0.0,1.0,0.0,,
1318,25.6626,-79.3077,2015,2014-06-11,2015-06-11,Atlantic,7.5,0.0,5.0,0.0,0.0,2.75,0.5471698113207548,2.04,0,False,0.0,0.0,0.2177,0.0,4.751799999999999,0.0,0,1.0,1.0,1.0,1.0,,
1318,25.6626,-79.3077,2015,2014-08-27,2015-08-27,Atlantic,8.12,34.5,5.0,2.15,2.15,2.75,0.5713207547169812,2.04,0,False,0.0,0.0,0.2177,0.0,4.751799999999999,0.0,0,1.0,1.0,1.0,1.0,,
1318,25.6626,-79.3077,2016,2015-08-14,2016-08-13,Atlantic,9.69,2.75,5.0,0.46,0.46,3.24,0.7833962264150942,1.68,0,False,0.0,0.0,0.0,0.0,0.0,0.0,0,1.0,2.0,1.0,2.0,,
1318,25.6626,-79.3077,2016,2015-08-23,2016-08-22,Atlantic,10.0,2.75,5.0,0.46,0.46,3.24,0.7798113207547169,1.68,0,False,0.0,0.0,0.0,0.0,0.0,0.0,0,1.0,2.0,1.0,2.0,,
1318,25.6626,-79.3077,2017,2016-08-16,2017-08-16,Atlantic,10.31,15.25,5.0,0.0,0.0,2.0,0.6666037735849059,1.65,0,False,0.0,0.0,0.3713,0.0,1.9531,0.0,0,1.0,3.0,1.0,3.0,,
1318,25.6626,-79.3077,2018,2017-08-25,2018-08-25,Atlantic,11.875,0.5,5.0,0.15,0.15,0.94,0.5077358490566038,1.29,0,False,0.0,0.0,0.0,0.0,0.0,0.0,0,1.0,4.0,1.0,4.0,,
1318,25.6626,-79.3077,2019,2018-08-24,2019-08-24,Atlantic,9.685,8.25,5.0,2.9,2.9,2.9,0.8537735849056604,1.96,0,False,6.0538,0.0,11.0201,0.0,16.8208,0.0,1,1.0,5.0,1.0,5.0,,
1525,17.8339,-87.9939,2014,2013-06-24,2014-06-24,Atlantic,13.129999999999999,0.5,3.0,0.0,0.0,0.46,0.6330188679245283,1.4,0,False,0.0,0.0,0.0,0.0,0.0,0.0,0,1.0,3.0,1.0,3.0,,
1525,17.8339,-87.9939,2016,2015-06-23,2016-06-22,Atlantic,11.25,0.25,3.0,0.2,0.2,2.16,0.9199999999999999,1.68,0,False,0.0,0.0,0.0,0.0,0.0,0.0,0,1.0,5.0,1.0,5.0,,
1525,17.8339,-87.9939,2018,2017-06-23,2018-06-23,Atlantic,15.0,0.0,3.0,0.0,0.0,6.29,0.7733962264150944,1.7,7,False,0.0,0.0,0.0,0.0,0.0,0.0,0,1.0,7.0,1.0,7.0,,
1525,17.8339,-87.9939,2019,2018-06-19,2019-06-19,Atlantic,10.625,0.0,3.0,0.0,0.0,0.14,0.7537735849056603,1.46,0,False,0.0,0.0,0.0,0.0,0.0,0.0,0,1.0,8.0,1.0,8.0,,
1539,17.9385,-87.9349,2014,2013-06-23,2014-06-23,Atlantic,9.06,1.5,10.0,0.0,0.0,0.45,0.6347169811320755,1.39,0,False,0.0,0.0,0.0,0.0,0.0,0.0,0,1.0,3.0,1.0,5.0,,
1539,17.9385,-87.9349,2016,2015-06-22,2016-06-21,Atlantic,15.315000000000001,0.25,10.0,0.17,0.17,1.82,0.9164150943396225,1.7,0,False,0.0,0.0,0.0,0.0,0.0,0.0,0,1.0,5.0,1.0,7.0,,
1539,17.9385,-87.9349,2018,2017-06-22,2018-06-22,Atlantic,11.565000000000001,0.5,10.0,0.0,0.0,6.09,0.7652830188679246,1.88,7,False,0.0,0.0,0.0,0.0,0.0,0.0,0,1.0,7.0,1.0,9.0,,
1539,17.9385,-87.9349,2019,2018-06-24,2019-06-24,Atlantic,12.5,0.0,10.0,0.0,0.0,0.0,0.7313207547169813,1.42,0,False,0.0,0.0,0.0,0.0,0.0,0.0,0,1.0,8.0,1.0,10.0,,
1901,4.8456,114.329,2016,2015-05-18,2016-05-17,Pacific,27.5,0.0,12.0,0.66,0.66,2.09,0.7128301886792453,1.35,0,False,0.0,0.0,0.0,0.0,171.2622,171.2622,0,,,,,0.0,0.0
1902,4.8481,114.3288,2016,2015-05-18,2016-05-17,Pacific,33.12,1.25,11.0,0.66,0.66,2.09,0.7128301886792453,1.35,0,False,0.0,0.0,0.0,0.0,171.2622,171.2622,0,,,,,0.0,0.0
1903,4.905,114.6463,2016,2015-05-20,2016-05-19,Pacific,13.75,0.0,6.0,0.85,0.85,3.47,0.8673584905660378,1.84,0,False,0.0,0.0,0.0,0.0,0.0,0.0,0,,,,,0.0,0.0
1904,4.9055,114.6449,2016,2015-05-20,2016-05-19,Pacific,14.06,0.0,8.0,0.85,0.85,3.47,0.8673584905660378,1.84,0,False,0.0,0.0,0.0,0.0,0.0,0.0,0,,,,,0.0,0.0
1905,4.9066,114.6418,2016,2015-05-20,2016-05-19,Pacific,22.814999999999998,0.0,8.0,0.85,0.85,3.47,0.8673584905660378,1.84,0,False,0.0,0.0,0.0,0.0,0.0,0.0,0,,,,,0.0,0.0
1906,4.9078,114.6449,2016,2015-05-20,2016-05-19,Pacific,18.119999999999997,0.0,10.6,0.85,0.85,3.47,0.8673584905660378,1.84,0,False,0.0,0.0,0.0,0.0,0.0,0.0,0,,,,,0.0,0.0
1907,4.919,114.3709,2016,2015-05-18,2016-05-17,Pacific,14.690000000000001,0.0,17.4,0.66,0.66,2.23,0.7137735849056603,1.42,0,False,0.0,0.0,0.0,0.0,80.8857,80.8857,0,,,,,0.0,0.0
1908,4.92,114.3709,2016,2015-05-18,2016-05-17,Pacific,19.065,0.0,15.0,0.66,0.66,2.23,0.7137735849056603,1.42,0,False,0.0,0.0,0.0,0.0,80.8857,80.8857,0,,,,,0.0,0.0
1909,4.9334,114.3298,2016,2015-05-20,2016-05-19,Pacific,14.06,0.5,12.0,0.67,0.67,2.08,0.6945283018867925,1.37,0,False,0.0,0.0,0.0,0.0,80.8857,80.8857,0,,,,,0.0,0.0
1910,4.9335,114.3295,2016,2015-05-20,2016-05-19,Pacific,14.375,0.5,12.0,0.67,0.67,2.08,0.6945283018867925,1.37,0,False,0.0,0.0,0.0,0.0,80.8857,80.8857,0,,,,,0.0,0.0
1911,4.9377,114.6558,2016,2015-05-19,2016-05-18,Pacific,17.814999999999998,1.25,9.0,0.86,0.86,3.63,0.9011320754716982,1.9,0,False,0.0,0.0,0.0,0.0,0.0,0.0,0,,,,,0.0,0.0
1912,4.9381,114.6522,2016,2015-05-19,2016-05-18,Pacific,26.880000000000003,0.0,11.0,0.86,0.86,3.63,0.9011320754716982,1.9,0,False,0.0,0.0,0.0,0.0,0.0,0.0,0,,,,,0.0,0.0
1913,4.9385,114.658,2016,2015-05-19,2016-05-18,Pacific,13.75,0.0,11.0,0.86,0.86,3.63,0.9011320754716982,1.9,0,False,0.0,0.0,0.0,0.0,0.0,0.0,0,,,,,0.0,0.0
1914,4.9401,114.6551,2016,2015-05-19,2016-05-18,Pacific,13.120000000000001,0.0,6.8,0.86,0.86,3.63,0.9011320754716982,1.9,0,False,0.0,0.0,0.0,0.0,0.0,0.0,0,,,,,0.0,0.0
1915,4.9523,114.371,2016,2015-05-18,2016-05-17,Pacific,26.5625,0.0,11.0,0.66,0.66,2.08,0.707169811320755,1.52,0,False,0.0,0.0,0.0,0.0,80.8857,80.8857,0,,,,,0.0,0.0
1916,4.9777,114.6236,2016,2015-05-17,2016-05-16,Pacific,17.185000000000002,0.0,14.0,0.84,0.84,3.31,0.8490566037735849,1.81,0,False,0.0,0.0,0.0,0.0,0.0,0.0,0,,,,,0.0,0.0
1916,4.9777,114.6236,2016,2015-05-22,2016-05-21,Pacific,17.5,0.25,15.0,1.17,1.17,3.31,0.8481132075471699,1.81,0,False,0.0,0.0,0.0,0.0,0.0,0.0,0,,,,,0.0,0.0
1917,4.9808,114.6234,2016,2015-05-17,2016-05-16,Pacific,26.875,0.0,11.0,0.84,0.84,3.31,0.8490566037735849,1.81,0,False,0.0,0.0,0.0,0.0,0.0,0.0,0,,,,,0.0,0.0
1917,4.9808,114.6234,2016,2015-05-22,2016-05-21,Pacific,19.375,0.0,11.6,1.17,1.17,3.31,0.8481132075471699,1.81,0,False,0.0,0.0,0.0,0.0,0.0,0.0,0,,,,,0.0,0.0
1919,5.0131,114.7123,2016,2015-05-19,2016-05-18,Pacific,36.565,1.5,8.0,1.18,1.18,3.7,0.8884905660377359,1.75,0,False,0.0,0.0,0.0,0.0,0.0,0.0,0,,,,,0.0,0.0
1920,5.0145,114.7153,2016,2015-05-19,2016-05-18,Pacific,26.25,0.25,8.0,1.18,1.18,3.7,0.8884905660377359,1.75,0,False,0.0,0.0,0.0,0.0,0.0,0.0,0,,,,,0.0,0.0
1921,5.02,114.7276,2016,2015-05-22,2016-05-21,Pacific,32.19,0.0,11.0,1.5,1.5,3.7,0.8858490566037738,1.75,0,False,0.0,0.0,0.0,0.0,0.0,0.0,0,,,,,0.0,0.0
1922,5.0201,114.7302,2016,2015-05-22,2016-05-21,Pacific,27.185,0.0,6.0,1.5,1.5,3.7,0.8858490566037738,1.75,0,False,0.0,0.0,0.0,0.0,0.0,0.0,0,,,,,0.0,0.0
1923,5.0833,115.0527,2016,2015-05-12,2016-05-11,Pacific,31.875,0.0,8.0,1.41,1.41,4.15,1.0247169811320755,1.9,0,False,0.0,0.0,0.0,0.0,0.0,0.0,0,,,,,0.0,0.0
1924,5.0835,115.0521,2016,2015-05-12,2016-05-11,Pacific,25.625,0.0,6.0,1.41,1.41,4.15,1.0247169811320755,1.9,0,False,0.0,0.0,0.0,0.0,0.0,0.0,0,,,,,0.0,0.0
1926,5.0964,114.9718,2016,2015-05-12,2016-05-11,Pacific,25.625,0.0,8.0,1.03,1.03,4.43,0.9762264150943396,1.88,7,False,0.0,0.0,0.0,0.0,0.0,0.0,0,,,,,0.0,0.0
1927,5.0981,114.971,2016,2015-05-12,2016-05-11,Pacific,36.565,2.5,9.0,1.03,1.03,4.43,0.9762264150943396,1.88,7,False,0.0,0.0,0.0,0.0,0.0,0.0,0,,,,,0.0,0.0
1928,5.1027,114.7643,2016,2015-05-17,2016-05-16,Pacific,20.52,0.0,12.0,1.17,1.17,3.58,0.8592452830188679,1.64,0,False,0.0,0.0,0.0,0.0,0.0,0.0,0,,,,,0.0,0.0
1929,5.1034,114.7646,2016,2015-05-17,2016-05-16,Pacific,12.81,0.0,14.0,1.17,1.17,3.58,0.8592452830188679,1.64,0,False,0.0,0.0,0.0,0.0,0.0,0.0,0,,,,,0.0,0.0
1930,5.1074,115.0704,2016,2015-05-13,2016-05-12,Pacific,23.595,0.0,11.75,1.21,1.21,3.82,0.9877358490566039,1.91,0,False,0.0,0.0,0.0,0.0,0.0,0.0,0,,,,,0.0,0.0
1931,5.1082,115.0699,2016,2015-05-13,2016-05-12,Pacific,32.5,0.0,12.0,1.21,1.21,3.82,0.9877358490566039,1.91,0,False,0.0,0.0,0.0,0.0,0.0,0.0,0,,,,,0.0,0.0
1932,5.1085,115.0699,2016,2015-05-08,2016-05-07,Pacific,20.630000000000003,0.0,18.0,1.21,1.21,3.82,0.9877358490566039,1.91,0,False,0.0,0.0,0.0,0.0,0.0,0.0,0,,,,,0.0,0.0
1933,5.1779,114.7561,2016,2015-05-21,2016-05-20,Pacific,6.25,0.0,12.0,1.01,1.01,3.42,0.8358490566037736,1.64,0,False,0.0,0.0,0.0,0.0,0.0,0.0,0,,,,,0.0,0.0
1934,5.1791,114.7572,2016,2015-05-21,2016-05-20,Pacific,6.875,0.0,12.0,1.01,1.01,3.42,0.8358490566037736,1.64,0,False,0.0,0.0,0.0,0.0,0.0,0.0,0,,,,,0.0,0.0
1935,5.2021,114.7689,2016,2015-05-21,2016-05-20,Pacific,13.435,0.5,11.0,0.86,0.86,3.27,0.8160377358490566,1.64,0,False,0.0,0.0,0.0,0.0,0.0,0.0,0,,,,,0.0,0.0
1936,5.203,114.7672,2016,2015-05-21,2016-05-20,Pacific,5.31,2.5,8.0,0.86,0.86,3.27,0.8160377358490566,1.64,0,False,0.0,0.0,0.0,0.0,0.0,0.0,0,,,,,0.0,0.0
1937,5.2088,114.7287,2016,2015-05-21,2016-05-20,Pacific,8.745,0.0,12.15,0.85,0.85,3.21,0.8049056603773584,1.53,0,False,0.0,0.0,0.0,0.0,0.0,0.0,0,,,,,0.0,0.0
1947,10.6521,103.2758,2013,2012-04-10,2013-04-10,Pacific,5.935,0.0,3.0,0.0,0.0,0.0,0.37094339622641515,2.37,0,False,0.0,0.0,0.0,0.0,0.0,0.0,0,,,,,0.0,0.0
1948,10.6647,103.2572,2013,2012-10-04,2013-10-04,Pacific,14.375,0.5,8.0,0.0,1.33,1.33,0.600754716981132,2.37,0,False,0.0,0.0,0.0,0.0,0.0,0.0,0,,,,,0.0,0.0
1949,10.6757,103.2583,2013,2012-03-17,2013-03-17,Pacific,16.25,0.0,4.0,0.0,0.0,0.0,0.3516981132075472,2.37,0,False,0.0,0.0,0.0,0.0,0.0,0.0,0,,,,,0.0,0.0
1950,10.6814,103.2576,2013,2012-03-16,2013-03-16,Pacific,8.44,0.25,8.0,0.0,0.0,0.0,0.3516981132075472,2.37,0,False,0.0,0.0,0.0,0.0,0.0,0.0,0,,,,,0.0,0.0
1951,10.6826,103.2582,2013,2012-03-16,2013-03-16,Pacific,3.44,0.0,4.0,0.0,0.0,0.0,0.3516981132075472,2.37,0,False,0.0,0.0,0.0,0.0,0.0,0.0,0,,,,,0.0,0.0
1952,10.702,103.2333,2013,2012-04-11,2013-04-11,Pacific,6.25,0.0,5.0,0.0,0.0,0.0,0.36679245283018863,2.36,0,False,0.0,0.0,0.0,0.0,0.0,0.0,0,,,,,0.0,0.0
1953,10.7258,103.333,2013,2012-04-19,2013-04-19,Pacific,18.75,0.25,4.0,0.0,0.0,0.0,0.39622641509433965,2.39,0,False,0.0,0.0,0.0,0.0,0.0,0.0,0,,,,,0.0,0.0
1954,10.7304,103.3281,2013,2012-04-19,2013-04-19,Pacific,21.25,1.0,4.0,0.0,0.0,0.0,0.39622641509433965,2.39,0,False,0.0,0.0,0.0,0.0,0.0,0.0,0,,,,,0.0,0.0
1955,10.7336,103.189,2013,2012-02-23,2013-02-22,Pacific,12.19,0.0,3.0,0.0,0.0,0.0,0.36056603773584905,2.36,0,False,0.0,0.0,0.0,0.0,0.0,0.0,0,,,,,0.0,0.0
1956,10.7354,103.2086,2013,2012-03-22,2013-03-22,Pacific,10.94,0.25,4.0,0.0,0.0,0.0,0.3445283018867925,2.36,0,False,0.0,0.0,0.0,0.0,0.0,0.0,0,,,,,0.0,0.0
1957,10.7367,103.2759,2013,2012-04-02,2013-04-02,Pacific,2.5,0.0,3.0,0.0,0.0,0.0,0.34269230769230763,2.38,0,False,0.0,0.0,0.0,0.0,0.0,0.0,0,,,,,0.0,0.0
1958,10.7378,103.1977,2013,2012-04-20,2013-04-20,Pacific,5.31,0.0,10.0,0.0,0.0,0.0,0.36,2.36,0,False,0.0,0.0,0.0,0.0,0.0,0.0,0,,,,,0.0,0.0
1959,10.7389,103.1984,2013,2012-04-22,2013-04-22,Pacific,3.75,0.0,4.0,0.0,0.0,0.0,0.36,2.36,0,False,0.0,0.0,0.0,0.0,0.0,0.0,0,,,,,0.0,0.0
1960,10.7433,103.2781,2013,2012-04-08,2013-04-08,Pacific,5.94,0.0,3.0,0.0,0.0,0.0,0.3669811320754716,2.38,0,False,0.0,0.0,0.0,0.0,0.0,0.0,0,,,,,0.0,0.0
1961,10.7519,103.1894,2013,2012-03-03,2013-03-03,Pacific,11.25,0.0,7.0,0.0,0.0,0.0,0.35056603773584905,2.35,0,False,0.0,0.0,0.0,0.0,0.0,0.0,0,,,,,0.0,0.0
1962,10.7533,103.2582,2013,2012-04-13,2013-04-13,Pacific,2.5,0.0,3.0,0.0,0.0,0.0,0.38924528301886796,2.35,0,False,0.0,0.0,0.0,0.0,0.0,0.0,0,,,,,0.0,0.0
1963,10.7544,103.1908,2013,2012-03-13,2013-03-13,Pacific,0.31,0.0,2.0,0.0,0.0,0.0,0.3409433962264151,2.35,0,False,0.0,0.0,0.0,0.0,0.0,0.0,0,,,,,0.0,0.0
1964,10.7592,103.2761,2013,2012-04-01,2013-04-01,Pacific,2.815,0.0,3.0,0.0,0.0,0.0,0.36735849056603787,2.35,0,False,0.0,0.0,0.0,0.0,0.0,0.0,0,,,,,0.0,0.0
1965,10.764,103.1879,2013,2012-04-03,2013-04-03,Pacific,9.06,0.0,4.0,0.0,0.0,0.0,0.34415094339622637,2.35,0,False,0.0,0.0,0.0,0.0,0.0,0.0,0,,,,,0.0,0.0
1966,10.7646,103.1864,2013,2012-04-04,2013-04-04,Pacific,14.69,0.0,7.0,0.0,0.0,0.0,0.34415094339622637,2.35,0,False,0.0,0.0,0.0,0.0,0.0,0.0,0,,,,,0.0,0.0
1967,10.7649,103.1874,2013,2012-04-05,2013-04-05,Pacific,13.125,3.75,4.0,0.0,0.0,0.0,0.34415094339622637,2.35,0,False,0.0,0.0,0.0,0.0,0.0,0.0,0,,,,,0.0,0.0
1968,10.7672,103.191,2013,2012-03-07,2013-03-07,Pacific,5.625,0.0,4.0,0.0,0.0,0.0,0.3416981132075471,2.35,0,False,0.0,0.0,0.0,0.0,0.0,0.0,0,,,,,0.0,0.0
1969,10.7673,103.1903,2013,2012-03-27,2013-03-27,Pacific,5.94,0.0,11.0,0.0,0.0,0.0,0.33660377358490573,2.35,0,False,0.0,0.0,0.0,0.0,0.0,0.0,0,,,,,0.0,0.0
1970,10.7697,103.2564,2013,2012-02-21,2013-02-20,Pacific,5.0,0.0,1.0,0.0,0.0,0.0,0.389622641509434,2.35,0,False,0.0,0.0,0.0,0.0,0.0,0.0,0,,,,,0.0,0.0
1971,10.7699,103.2067,2013,2012-03-09,2013-03-09,Pacific,27.81,0.0,4.0,0.0,0.0,0.0,0.3560377358490566,2.35,0,False,0.0,0.0,0.0,0.0,0.0,0.0,0,,,,,0.0,0.0
1972,10.771,103.2018,2013,2012-03-02,2013-03-02,Pacific,10.625,0.0,3.0,0.0,0.0,0.0,0.3652830188679246,2.35,0,False,0.0,0.0,0.0,0.0,0.0,0.0,0,,,,,0.0,0.0
1973,10.7711,103.2074,2013,2012-02-06,2013-02-05,Pacific,20.63,0.0,5.0,0.0,0.0,0.0,0.3630769230769231,2.35,0,False,0.0,0.0,0.0,0.0,0.0,0.0,0,,,,,0.0,0.0
1974,10.7711,103.243,2013,2012-03-01,2013-03-01,Pacific,10.625,0.0,5.0,0.0,0.0,0.0,0.3652830188679246,2.35,0,False,0.0,0.0,0.0,0.0,0.0,0.0,0,,,,,0.0,0.0
1975,10.7711,103.2116,2013,2012-03-19,2013-03-19,Pacific,4.375,0.0,4.0,0.0,0.0,0.0,0.340576923076923,2.35,0,False,0.0,0.0,0.0,0.0,0.0,0.0,0,,,,,0.0,0.0
1976,10.7713,103.2109,2013,2012-03-14,2013-03-14,Pacific,1.56,0.0,8.0,0.0,0.0,0.0,0.3549056603773585,2.35,0,False,0.0,0.0,0.0,0.0,0.0,0.0,0,,,,,0.0,0.0
1977,10.7761,103.2826,2013,2012-03-23,2013-03-23,Pacific,11.25,0.0,4.0,0.0,0.0,0.0,0.3633962264150944,2.35,0,False,0.0,0.0,0.0,0.0,0.0,0.0,0,,,,,0.0,0.0
1978,10.7779,103.1883,2013,2012-04-09,2013-04-09,Pacific,6.25,0.0,10.0,0.0,0.0,0.0,0.3373076923076923,2.35,0,False,0.0,0.0,0.0,0.0,0.0,0.0,0,,,,,0.0,0.0
1979,10.7787,103.1891,2013,2012-03-29,2013-03-29,Pacific,6.56,0.75,4.0,0.0,0.0,0.0,0.33660377358490573,2.35,0,False,0.0,0.0,0.0,0.0,0.0,0.0,0,,,,,0.0,0.0
1980,10.7815,103.2181,2013,2012-03-06,2013-03-06,Pacific,6.5649999999999995,0.0,3.0,0.0,0.0,0.0,0.3560377358490566,2.35,0,False,0.0,0.0,0.0,0.0,0.0,0.0,0,,,,,0.0,0.0
1981,10.7824,103.2207,2013,2012-03-03,2013-03-03,Pacific,9.375,0.0,3.0,0.0,0.0,0.0,0.3652830188679246,2.35,0,False,0.0,0.0,0.0,0.0,0.0,0.0,0,,,,,0.0,0.0
1982,10.7826,103.2022,2013,2012-03-08,2013-03-08,Pacific,4.6850000000000005,0.0,2.0,0.0,0.0,0.0,0.3560377358490566,2.35,0,False,0.0,0.0,0.0,0.0,0.0,0.0,0,,,,,0.0,0.0
1983,10.7939,103.2638,2013,2012-02-02,2013-02-01,Pacific,9.375,0.0,3.0,0.0,0.0,0.0,0.3841509433962265,2.35,0,False,0.0,0.0,0.0,0.0,0.0,0.0,0,,,,,0.0,0.0
1984,10.7945,103.2464,2013,2012-02-22,2013-02-21,Pacific,9.065,0.0,4.0,0.0,0.0,0.0,0.37622641509433963,2.35,0,False,0.0,0.0,0.0,0.0,0.0,0.0,0,,,,,0.0,0.0
1985,10.7966,103.2348,2013,2012-03-21,2013-03-21,Pacific,20.625,0.0,3.0,0.0,0.0,0.0,0.35094339622641507,2.35,0,False,0.0,0.0,0.0,0.0,0.0,0.0,0,,,,,0.0,0.0
2202,12.5022,-81.7332,2017,2016-10-14,2017-10-14,Atlantic,14.059999999999999,12.25,7.7,6.2700000000000005,6.2700000000000005,6.2700000000000005,0.7369811320754718,1.96,14,False,0.0,0.0,0.0,0.0,0.0,0.0,0,1.0,8.0,1.0,8.0,,
2205,12.5217,-81.7245,2017,2016-10-14,2017-10-14,Atlantic,15.94,13.5,12.0,6.2700000000000005,6.2700000000000005,6.2700000000000005,0.7369811320754718,1.96,14,False,0.0,0.0,0.0,0.0,0.0,0.0,0,1.0,8.0,1.0,8.0,,
2264,9.3834,-76.2281,2017,2016-06-18,2017-06-18,Atlantic,9.06,6.0,10.0,0.3,0.3,0.74,0.854423076923077,1.74,0,False,0.0,0.0,0.0,0.0,38.1063,0.0,0,1.0,7.0,1.0,7.0,,
2265,9.3884,-76.1726,2017,2016-06-17,2017-06-17,Atlantic,19.375,2.25,6.0,0.29,0.29,0.75,0.8673584905660375,1.72,0,False,0.0,0.0,0.0,0.0,4.7988,0.0,0,1.0,7.0,1.0,7.0,,
2266,9.3969,-76.1893,2017,2016-06-17,2017-06-17,Atlantic,25.935,2.5,6.0,0.29,0.29,0.75,0.8673584905660375,1.72,0,False,0.0,0.0,0.0,0.0,9.5487,0.0,0,1.0,7.0,1.0,7.0,,
2274,12.5052,-81.7316,2017,2016-10-15,2017-10-15,Atlantic,13.75,35.67,7.0,6.2700000000000005,6.2700000000000005,6.2700000000000005,0.7357692307692307,1.96,14,False,0.0,0.0,0.0,0.0,0.0,0.0,0,1.0,8.0,1.0,8.0,,
2275,12.5374,-81.7366,2017,2016-10-15,2017-10-15,Atlantic,15.0,36.75,12.0,6.2700000000000005,6.2700000000000005,6.2700000000000005,0.7357692307692307,1.96,14,False,0.0,0.0,0.0,0.0,0.0,0.0,0,1.0,8.0,1.0,8.0,,
2688,15.2138,-61.3718,2014,2013-04-10,2014-04-10,Atlantic,15.0,0.25,7.0,0.0,0.0,0.0,0.27867924528301885,0.77,0,False,0.0,0.0,0.0,0.0,0.0,0.0,0,0.0,0.0,1.0,0.0,,
2688,15.2138,-61.3718,2018,2017-01-19,2018-01-19,Atlantic,18.130000000000003,0.0,8.0,0.0,2.56,2.56,0.6483018867924528,1.27,0,False,0.0,0.0,0.0,0.0,0.0,0.0,0,1.0,2.0,1.0,4.0,,
2689,15.2369,-61.3701,2018,2017-01-19,2018-01-19,Atlantic,10.935,0.0,8.0,0.0,2.56,2.56,0.6483018867924528,1.27,0,False,0.0,0.0,0.0,0.0,0.0,0.0,0,1.0,2.0,1.0,4.0,,
2690,15.3808,-61.4125,2018,2017-01-20,2018-01-20,Atlantic,17.5,0.0,6.0,0.0,1.64,1.64,0.621132075471698,1.14,0,False,0.0,0.0,0.0,0.0,0.0,0.0,0,1.0,3.0,1.0,3.0,,
2691,15.4071,-61.4274,2018,2017-01-20,2018-01-20,Atlantic,25.625,0.0,8.0,0.0,1.49,1.49,0.6267924528301888,1.16,0,True,0.0,0.0,0.0,0.0,0.0,0.0,0,1.0,3.0,1.0,3.0,,
2692,15.4267,-61.4478,2018,2017-01-20,2018-01-20,Atlantic,13.120000000000001,0.0,16.0,0.0,1.49,1.49,0.6267924528301888,1.16,0,True,0.0,0.0,0.0,0.0,0.0,0.0,0,1.0,3.0,1.0,3.0,,
2693,15.4386,-61.4457,2018,2017-01-21,2018-01-21,Atlantic,33.13,0.0,8.0,0.0,1.49,1.49,0.6267924528301888,1.16,0,True,0.0,0.0,0.0,0.0,0.0,0.0,0,1.0,3.0,1.0,6.0,,
2694,15.5816,-61.4757,2018,2017-01-21,2018-01-21,Atlantic,9.69,0.0,12.0,0.0,1.58,1.58,0.6135849056603774,1.2,0,False,0.0,0.0,0.0,0.0,0.0,0.0,0,1.0,3.0,1.0,6.0,,
2695,15.5905,-61.4741,2018,2017-01-21,2018-01-21,Atlantic,8.75,0.0,10.0,0.0,1.58,1.58,0.6135849056603774,1.2,0,False,0.0,0.0,0.0,0.0,0.0,0.0,0,1.0,3.0,1.0,6.0,,
2701,15.2728,-61.3752,2014,2013-04-11,2014-04-11,Atlantic,9.06,0.0,8.0,0.0,0.0,0.14,0.28962264150943395,0.81,0,False,0.0,0.0,0.0,0.0,0.0,0.0,0,0.0,0.0,0.0,0.0,,
2720,18.4348,-69.6852,2014,2013-07-24,2014-07-24,Atlantic,29.69,5.75,15.0,0.0,0.0,0.93,0.5024528301886793,1.14,0,False,0.0,0.0,0.0,0.0,0.0,0.0,0,1.0,2.0,1.0,2.0,,
2720,18.4348,-69.6852,2018,2017-03-24,2018-03-24,Atlantic,21.564999999999998,0.0,15.0,0.0,0.29,2.52,0.6639622641509435,1.07,0,False,0.0,0.0,0.0,0.0,0.0,0.0,0,1.0,6.0,1.0,6.0,,
2721,18.437,-69.6207,2014,2013-08-19,2014-08-19,Atlantic,12.5,0.0,10.0,0.0,0.0,0.93,0.51,1.15,0,False,0.0,0.0,0.0,0.0,0.0,0.0,0,1.0,2.0,1.0,2.0,,
2722,18.4411,-69.6917,2014,2013-07-31,2014-07-31,Atlantic,21.56,1.25,18.0,0.0,0.0,0.93,0.4984905660377359,1.14,0,False,0.0,0.0,0.0,0.0,0.0,0.0,0,1.0,2.0,1.0,2.0,,
2723,18.4491,-68.4202,2018,2017-05-12,2018-05-12,Atlantic,11.56,0.0,6.0,0.0,0.0,0.45,0.5190566037735849,1.02,0,False,0.0,0.0,0.0,0.0,0.0,0.0,0,1.0,5.0,1.0,8.0,,
2725,18.6557,-68.3598,2018,2017-04-14,2018-04-14,Atlantic,13.435,0.0,6.0,0.0,0.0,0.89,0.49867924528301893,1.07,0,False,0.0,0.0,0.0,0.0,0.0,0.0,0,1.0,5.0,1.0,5.0,,
2729,19.7802,-70.6564,2018,2017-04-22,2018-04-22,Atlantic,22.5,0.0,3.0,0.0,0.0,1.17,0.3018867924528302,1.34,0,False,0.0,0.0,0.0,0.0,0.0,0.0,0,0.0,0.0,1.0,4.0,,
2775,18.3435,-68.8467,2013,2012-04-08,2013-04-08,Atlantic,21.875,0.0,16.0,0.0,0.15,0.3,0.5207547169811321,1.18,0,False,0.0,0.0,0.0,0.0,0.0,0.0,0,1.0,4.0,1.0,4.0,,
2783,18.4389,-69.6869,2014,2013-07-21,2014-07-21,Atlantic,17.814999999999998,4.5,12.0,0.0,0.0,0.93,0.49867924528301877,1.14,0,False,0.0,0.0,0.0,0.0,0.0,0.0,0,1.0,2.0,1.0,2.0,,
2789,18.4488,-69.6839,2013,2012-04-15,2013-04-15,Atlantic,10.625,10.0,10.7,0.0,0.0,1.08,0.5813207547169811,1.22,0,False,0.0,0.0,0.0,0.0,0.0,0.0,0,1.0,1.0,1.0,1.0,,
2789,18.4488,-69.6839,2014,2013-07-21,2014-07-21,Atlantic,29.369999999999997,8.75,12.0,0.0,0.0,0.93,0.49867924528301877,1.14,0,False,0.0,0.0,0.0,0.0,0.0,0.0,0,1.0,2.0,1.0,2.0,,
2811,19.1946,-69.3289,2013,2012-06-15,2013-06-15,Atlantic,10.0,0.0,8.0,0.0,0.0,1.46,0.39471698113207543,1.2,0,False,0.0,0.0,0.0,0.0,0.0,0.0,0,0.0,0.0,0.0,0.0,,
2812,19.2972,-69.1519,2014,2013-02-19,2014-02-19,Atlantic,10.0,0.0,1.5,0.0,0.29,0.29,0.29113207547169806,1.04,0,False,0.0,0.0,0.0,0.0,0.0,0.0,0,0.0,0.0,0.0,0.0,,
2812,19.2972,-69.1519,2014,2013-02-20,2014-02-20,Atlantic,9.065000000000001,0.0,1.5,0.0,0.29,0.29,0.2954716981132075,1.04,0,False,0.0,0.0,0.0,0.0,0.0,0.0,0,0.0,0.0,0.0,0.0,,
2830,-8.2686,125.6087,2017,2016-12-05,2017-12-05,Pacific,6.25,0.0,13.0,0.0,0.0,1.87,0.4669811320754717,1.46,0,False,0.0,0.0,0.0,0.0,0.0,0.0,0,,,,,0.0,0.0
2830,-8.2686,125.6087,2017,2016-12-11,2017-12-11,Pacific,15.625,0.5,14.0,0.0,0.0,1.87,0.4526415094339623,1.46,0,False,0.0,0.0,0.0,0.0,0.0,0.0,0,,,,,0.0,0.0
2830,-8.2686,125.6087,2017,2016-12-13,2017-12-13,Pacific,20.0,0.0,10.0,0.0,0.0,1.87,0.4526415094339623,1.46,0,False,0.0,0.0,0.0,0.0,0.0,0.0,0,,,,,0.0,0.0
2831,-8.2385,125.6115,2017,2016-06-17,2017-06-17,Pacific,25.625,1.0,13.0,0.0,0.0,1.84,0.6039622641509432,1.44,0,False,0.0,0.0,0.0,0.0,0.0,0.0,0,,,,,0.0,0.0
2832,-8.2385,125.612,2017,2016-12-05,2017-12-05,Pacific,19.375,10.0,5.0,0.14,0.14,1.84,0.4598113207547169,1.44,0,False,0.0,0.0,0.0,0.0,0.0,0.0,0,,,,,0.0,0.0
2833,-8.2324,125.6129,2017,2016-12-15,2017-12-15,Pacific,32.5,2.5,9.0,0.14,0.14,1.84,0.4462264150943395,1.44,0,False,0.0,0.0,0.0,0.0,0.0,0.0,0,,,,,0.0,0.0
2834,-8.2216,125.6195,2017,2016-12-14,2017-12-14,Pacific,28.4375,5.0,12.5,0.14,0.14,1.84,0.4462264150943395,1.44,0,False,0.0,0.0,0.0,0.0,0.0,0.0,0,,,,,0.0,0.0
2835,-8.1461,125.6428,2017,2016-12-13,2017-12-13,Pacific,31.25,5.0,11.0,0.3,0.3,1.22,0.4490566037735849,1.42,0,False,0.0,0.0,0.0,0.0,0.0,0.0,0,,,,,0.0,0.0
2876,24.9531,34.9411,2013,2012-04-24,2013-04-24,Red Sea,21.869999999999997,,7.0,0.0,0.0,10.74,1.0647169811320754,2.72,35,False,0.0,0.0,0.0,0.0,0.0,0.0,0,,,,,0.0,1.0
2878,24.9643,34.9361,2013,2012-04-20,2013-04-20,Red Sea,10.94,,5.0,0.0,0.0,10.74,1.05811320754717,2.72,35,False,0.0,0.0,0.0,0.0,0.0,0.0,0,,,,,0.0,1.0
2878,24.9643,34.9361,2014,2013-05-09,2014-05-09,Red Sea,23.125,0.0,5.0,0.0,0.0,1.41,0.7090566037735849,1.69,0,False,0.0,0.0,0.0,0.0,0.0,0.0,0,,,,,1.0,2.0
2879,24.9694,34.9421,2013,2012-04-19,2013-04-19,Red Sea,26.25,0.0,5.0,0.0,0.0,10.74,1.05811320754717,2.72,35,False,0.0,0.0,0.0,0.0,0.0,0.0,0,,,,,0.0,1.0
2879,24.9694,34.9421,2014,2013-03-21,2014-03-21,Red Sea,13.595,4.375,5.0,0.0,0.0,1.41,0.709622641509434,1.69,0,False,0.0,0.0,0.0,0.0,0.0,0.0,0,,,,,1.0,2.0
2888,26.1574,34.2462,2017,2016-03-24,2017-03-24,Red Sea,21.0425,0.0,8.0,0.0,0.0,6.18,0.882264150943396,2.63,14,False,0.0,0.0,0.0,0.0,0.0,0.0,0,,,,,0.0,0.0
2889,26.1575,34.2489,2017,2016-03-23,2017-03-23,Red Sea,23.5925,0.0,8.0,0.0,0.0,6.18,0.882264150943396,2.63,14,False,0.0,0.0,0.0,0.0,0.0,0.0,0,,,,,0.0,0.0
2890,26.1614,34.2467,2017,2016-03-22,2017-03-22,Red Sea,16.0925,0.0,8.0,0.0,0.0,6.18,0.882264150943396,2.63,14,False,0.0,0.0,0.0,0.0,0.0,0.0,0,,,,,0.0,0.0
2958,24.2156,35.4309,2018,2017-07-20,2018-07-20,Red Sea,23.28,0.0,6.0,0.0,0.0,0.0,1.0049056603773585,2.41,0,False,0.0,0.0,0.0,0.0,0.0,0.0,0,,,,,0.0,0.0
2959,24.2163,35.4328,2018,2017-07-20,2018-07-20,Red Sea,26.8725,1.0,6.0,0.0,0.0,0.0,1.0049056603773585,2.41,0,False,0.0,0.0,0.0,0.0,0.0,0.0,0,,,,,0.0,0.0
2961,24.9272,34.9647,2013,2012-06-18,2013-06-18,Red Sea,15.155,0.0,6.0,0.0,0.0,10.65,1.1442307692307692,2.73,35,False,0.0,0.0,0.0,0.0,0.0,0.0,0,,,,,0.0,1.0
2961,24.9272,34.9647,2015,2014-06-17,2015-06-17,Red Sea,20.155,0.0,6.0,0.0,0.0,1.14,0.40698113207547176,1.25,0,False,0.0,0.0,0.0,0.0,0.0,0.0,0,,,,,1.0,2.0
2961,24.9272,34.9647,2018,2017-07-14,2018-07-14,Red Sea,18.9025,0.0,6.0,0.0,0.0,0.15,0.560188679245283,2.28,0,False,0.0,0.0,0.0,0.0,0.0,0.0,0,,,,,1.0,3.0
2962,24.9286,34.9635,2013,2012-06-18,2013-06-18,Red Sea,15.3125,0.0,6.0,0.0,0.0,10.65,1.1442307692307692,2.73,35,False,0.0,0.0,0.0,0.0,0.0,0.0,0,,,,,0.0,1.0
2962,24.9286,34.9635,2015,2014-06-16,2015-06-16,Red Sea,17.81,0.0,8.5,0.0,0.0,1.14,0.40698113207547176,1.25,0,False,0.0,0.0,0.0,0.0,0.0,0.0,0,,,,,1.0,2.0
2962,24.9286,34.9635,2015,2014-06-17,2015-06-17,Red Sea,22.81,0.0,3.5,0.0,0.0,1.14,0.40698113207547176,1.25,0,False,0.0,0.0,0.0,0.0,0.0,0.0,0,,,,,1.0,2.0
2962,24.9286,34.9635,2018,2017-07-14,2018-07-14,Red Sea,20.1525,0.0,6.0,0.0,0.0,0.15,0.560188679245283,2.28,0,False,0.0,0.0,0.0,0.0,0.0,0.0,0,,,,,1.0,3.0
2965,24.9435,34.9856,2017,2016-05-28,2017-05-28,Red Sea,26.405,0.0,6.0,0.0,0.0,2.71,0.5215384615384614,2.09,0,False,0.0,0.0,0.0,0.0,0.0,0.0,0,,,,,0.0,1.0
2965,24.9435,34.9856,2019,2018-08-03,2019-08-03,Red Sea,29.6875,0.0,6.0,0.64,0.64,5.66,0.5375471698113208,2.22,14,False,0.0,0.0,0.0,0.0,0.0,0.0,0,,,,,2.0,4.0
2966,24.9628,34.9416,2014,2013-05-09,2014-05-09,Red Sea,26.25,0.0,5.0,0.0,0.0,1.41,0.7090566037735849,1.69,0,False,0.0,0.0,0.0,0.0,0.0,0.0,0,,,,,1.0,2.0
2967,24.9654,34.936,2013,2012-04-21,2013-04-21,Red Sea,7.185,0.0,5.0,0.0,0.0,10.74,1.05811320754717,2.72,35,False,0.0,0.0,0.0,0.0,0.0,0.0,0,,,,,0.0,1.0
2968,24.9661,34.9356,2014,2013-04-16,2014-04-16,Red Sea,24.065,8.75,1.0,0.0,0.0,1.41,0.689056603773585,1.69,0,False,0.0,0.0,0.0,0.0,0.0,0.0,0,,,,,1.0,2.0
2973,25.0136,35.9267,2014,2013-04-23,2014-04-23,Red Sea,12.81,2.5,12.0,0.0,0.0,0.0,0.5203773584905661,1.69,0,False,0.0,0.0,0.0,0.0,0.0,0.0,0,,,,,0.0,0.0
2974,25.0139,34.9268,2013,2012-04-22,2013-04-22,Red Sea,15.94,0.0,8.0,0.0,0.0,10.62,1.0649056603773586,2.72,35,False,0.0,0.0,0.0,0.0,0.0,0.0,0,,,,,0.0,1.0
2977,25.1576,34.8553,2015,2014-06-19,2015-06-19,Red Sea,22.345,0.0,6.0,0.0,0.0,2.45,0.4747169811320755,1.37,0,False,0.0,0.0,0.0,0.0,0.0,0.0,0,,,,,1.0,2.0
2981,25.2372,34.8001,2017,2016-05-31,2017-05-31,Red Sea,19.6875,0.0,6.0,0.0,0.0,3.78,0.5339622641509434,2.46,0,False,0.0,0.0,0.0,0.0,0.0,0.0,0,,,,,1.0,1.0
2981,25.2372,34.8001,2019,2018-08-03,2019-08-03,Red Sea,15.625,0.0,6.0,0.0,0.0,5.63,0.54,2.29,14,False,0.0,0.0,0.0,0.0,0.0,0.0,0,,,,,2.0,4.0
2982,25.244,34.7986,2013,2012-02-19,2013-02-18,Red Sea,20.0,0.0,3.5,0.0,0.99,12.17,0.8413207547169811,2.69,42,False,0.0,0.0,0.0,0.0,0.0,0.0,0,,,,,1.0,1.0
2982,25.244,34.7986,2013,2012-06-13,2013-06-13,Red Sea,19.69,0.0,6.0,0.0,0.0,12.17,1.1277358490566036,2.69,42,False,0.0,0.0,0.0,0.0,0.0,0.0,0,,,,,1.0,1.0
2982,25.244,34.7986,2015,2014-06-20,2015-06-20,Red Sea,25.31,0.0,6.0,0.0,0.0,3.51,0.47339622641509427,1.44,0,False,0.0,0.0,0.0,0.0,0.0,0.0,0,,,,,1.0,1.0
2982,25.244,34.7986,2017,2016-05-31,2017-05-31,Red Sea,21.0925,0.0,6.0,0.0,0.0,4.19,0.530377358490566,2.49,7,False,0.0,0.0,0.0,0.0,0.0,0.0,0,,,,,1.0,1.0
2982,25.244,34.7986,2019,2018-08-06,2019-08-06,Red Sea,21.0925,0.0,6.0,0.0,0.0,5.62,0.5349056603773584,2.31,14,False,0.0,0.0,0.0,0.0,0.0,0.0,0,,,,,2.0,4.0
2984,25.2465,34.798,2013,2012-06-17,2013-06-17,Red Sea,22.9675,0.0,6.0,0.0,0.0,12.17,1.1277358490566036,2.69,42,False,0.0,0.0,0.0,0.0,0.0,0.0,0,,,,,1.0,1.0
2984,25.2465,34.798,2015,2014-06-20,2015-06-20,Red Sea,25.625,0.0,6.0,0.0,0.0,3.51,0.47339622641509427,1.44,0,False,0.0,0.0,0.0,0.0,0.0,0.0,0,,,,,1.0,1.0
2984,25.2465,34.798,2017,2016-06-01,2017-06-01,Red Sea,23.28,0.0,6.0,0.0,0.0,4.19,0.530377358490566,2.49,7,False,0.0,0.0,0.0,0.0,0.0,0.0,0,,,,,1.0,1.0
2984,25.2465,34.798,2019,2018-08-01,2019-08-01,Red Sea,25.1575,0.0,6.0,0.0,0.0,5.62,0.5349056603773584,2.31,14,False,0.0,0.0,0.0,0.0,0.0,0.0,0,,,,,2.0,4.0
2986,25.3342,34.7446,2013,2012-06-12,2013-06-12,Red Sea,20.31,0.0,6.0,0.0,0.0,12.89,1.149056603773585,2.76,42,False,0.0,0.0,0.0,0.0,0.0,0.0,0,,,,,1.0,1.0
2986,25.3342,34.7446,2017,2016-05-30,2017-05-30,Red Sea,21.405,0.0,6.0,0.0,0.0,4.41,0.5409433962264151,2.56,0,False,0.0,0.0,0.0,0.0,0.0,0.0,0,,,,,1.0,1.0
2986,25.3342,34.7446,2019,2018-08-02,2019-08-02,Red Sea,26.715,0.0,6.0,0.14,0.14,5.43,0.5603773584905659,2.38,14,False,0.0,0.0,0.0,0.0,0.0,0.0,0,,,,,2.0,4.0
2987,25.3918,34.7024,2014,2013-05-12,2014-05-12,Red Sea,18.75,0.0,6.0,0.0,0.0,2.34,0.708867924528302,1.9,0,False,0.0,0.0,0.0,0.0,0.0,0.0,0,,,,,1.0,1.0
2990,26.1562,34.2466,2014,2013-12-02,2014-12-02,Red Sea,14.844999999999999,1.375,7.5,4.4,5.43,5.43,0.7362264150943395,2.05,14,False,0.0,0.0,0.0,0.0,0.0,0.0,0,,,,,0.0,0.0
2991,26.1573,34.2461,2014,2013-12-03,2014-12-03,Red Sea,17.0325,0.0,7.5,4.4,5.43,5.43,0.7362264150943395,2.05,14,False,0.0,0.0,0.0,0.0,0.0,0.0,0,,,,,0.0,0.0
3009,28.3532,34.4351,2014,2013-03-23,2014-03-23,Red Sea,17.5,0.0,10.0,0.0,0.0,4.07,0.7283018867924526,1.65,7,True,0.0,0.0,0.0,0.0,0.0,0.0,0,,,,,0.0,0.0
3009,28.3532,34.4351,2015,2014-09-06,2015-09-06,Red Sea,25.630000000000003,0.75,10.0,4.93,4.93,5.11,0.5918867924528302,1.79,7,True,0.0,0.0,0.0,0.0,0.0,0.0,0,,,,,0.0,2.0
3011,28.4208,34.4574,2014,2013-03-17,2014-03-17,Red Sea,15.937500000000002,0.125,7.5,0.0,0.0,4.0200000000000005,0.7428301886792453,1.65,7,False,0.0,0.0,0.0,0.0,0.0,0.0,0,,,,,0.0,0.0
3011,28.4208,34.4574,2015,2014-09-08,2015-09-08,Red Sea,15.31,0.0,10.0,4.99,4.99,4.99,0.5830188679245284,1.7,7,False,0.0,0.0,0.0,0.0,0.0,0.0,0,,,,,0.0,0.0
3011,28.4208,34.4574,2016,2015-09-05,2016-09-04,Red Sea,22.185000000000002,0.0,10.0,6.97,6.97,6.97,1.0328301886792453,2.39,28,False,0.0,0.0,0.0,0.0,0.0,0.0,0,,,,,0.0,0.0
3011,28.4208,34.4574,2018,2017-05-01,2018-05-01,Red Sea,21.560000000000002,0.0,10.0,0.0,0.0,0.46,0.46132075471698114,1.44,0,False,0.0,0.0,0.0,0.0,0.0,0.0,0,,,,,0.0,0.0
3011,28.4208,34.4574,2018,2017-08-20,2018-08-20,Red Sea,16.875,0.0,5.0,4.47,4.47,4.47,0.7147169811320755,1.96,7,False,0.0,0.0,0.0,0.0,0.0,0.0,0,,,,,0.0,0.0
3011,28.4208,34.4574,2018,2017-08-30,2018-08-30,Red Sea,22.810000000000002,0.0,10.0,7.03,7.03,7.03,0.7533962264150945,1.96,21,False,0.0,0.0,0.0,0.0,0.0,0.0,0,,,,,0.0,0.0
3011,28.4208,34.4574,2019,2018-05-16,2019-05-16,Red Sea,26.7175,0.0,7.5,0.0,0.0,7.56,0.8247169811320754,1.96,21,False,0.0,0.0,0.0,0.0,0.0,0.0,0,,,,,1.0,1.0
3011,28.4208,34.4574,2019,2018-09-09,2019-09-09,Red Sea,23.75,0.0,10.0,6.86,6.86,7.56,0.7809433962264151,2.32,14,False,0.0,0.0,0.0,0.0,0.0,0.0,0,,,,,1.0,1.0
3015,28.437,34.4593,2013,2012-03-19,2013-03-19,Red Sea,13.1275,0.0,7.5,0.0,0.0,6.21,0.8301923076923077,2.02,21,False,0.0,0.0,0.0,0.0,0.0,0.0,0,,,,,0.0,0.0
3015,28.437,34.4593,2013,2012-09-17,2013-09-17,Red Sea,21.875,0.0,7.5,4.0200000000000005,4.0200000000000005,6.21,0.8486538461538461,1.85,7,False,0.0,0.0,0.0,0.0,0.0,0.0,0,,,,,0.0,0.0
3015,28.437,34.4593,2014,2013-03-20,2014-03-20,Red Sea,8.28,0.0,7.5,0.0,0.0,4.0200000000000005,0.7326415094339623,1.65,7,False,0.0,0.0,0.0,0.0,0.0,0.0,0,,,,,0.0,0.0
3015,28.437,34.4593,2015,2014-01-02,2015-01-02,Red Sea,21.88,0.0,10.0,0.0,4.84,4.84,0.6694339622641509,1.78,0,False,0.0,0.0,0.0,0.0,0.0,0.0,0,,,,,0.0,0.0
3015,28.437,34.4593,2015,2014-01-07,2015-01-07,Red Sea,21.25,0.0,5.0,0.0,4.84,4.84,0.6694339622641509,1.78,0,False,0.0,0.0,0.0,0.0,0.0,0.0,0,,,,,0.0,0.0
3015,28.437,34.4593,2015,2014-03-20,2015-03-20,Red Sea,11.25,0.0,10.0,0.0,0.0,4.84,0.6035849056603773,1.78,0,False,0.0,0.0,0.0,0.0,0.0,0.0,0,,,,,0.0,0.0
3015,28.437,34.4593,2015,2014-09-02,2015-09-02,Red Sea,23.752499999999998,0.0,7.5,4.84,4.84,4.84,0.5847169811320755,1.7,7,False,0.0,0.0,0.0,0.0,0.0,0.0,0,,,,,0.0,0.0
3015,28.437,34.4593,2016,2015-09-03,2016-09-02,Red Sea,24.0625,3.0,7.5,6.97,6.97,6.97,1.0375471698113208,2.39,28,False,0.0,0.0,0.0,0.0,0.0,0.0,0,,,,,0.0,0.0
3015,28.437,34.4593,2018,2017-04-29,2018-04-29,Red Sea,16.875,0.0,7.5,0.0,0.0,0.46,0.44320754716981137,1.44,0,False,0.0,0.0,0.0,0.0,0.0,0.0,0,,,,,0.0,0.0
3015,28.437,34.4593,2018,2017-08-21,2018-08-21,Red Sea,14.375,0.0,10.0,5.76,5.76,5.76,0.7350943396226415,1.96,14,False,0.0,0.0,0.0,0.0,0.0,0.0,0,,,,,0.0,0.0
3015,28.437,34.4593,2018,2017-08-25,2018-08-25,Red Sea,25.0,0.0,5.0,5.76,5.76,5.76,0.7350943396226415,1.96,14,False,0.0,0.0,0.0,0.0,0.0,0.0,0,,,,,0.0,0.0
3015,28.437,34.4593,2019,2018-05-21,2019-05-21,Red Sea,21.87,0.0,10.0,0.0,0.0,7.56,0.8247169811320754,1.96,21,False,0.0,0.0,0.0,0.0,0.0,0.0,0,,,,,1.0,1.0
3015,28.437,34.4593,2019,2018-06-08,2019-06-08,Red Sea,18.75,0.0,5.0,0.0,0.0,7.56,0.7628301886792452,1.94,21,False,0.0,0.0,0.0,0.0,0.0,0.0,0,,,,,1.0,1.0
3015,28.437,34.4593,2019,2018-09-05,2019-09-05,Red Sea,18.12,0.0,10.0,6.86,6.86,7.56,0.7809433962264151,2.32,14,False,0.0,0.0,0.0,0.0,0.0,0.0,0,,,,,1.0,1.0
3015,28.437,34.4593,2019,2018-09-09,2019-09-09,Red Sea,32.19,0.0,5.0,6.86,6.86,7.56,0.7809433962264151,2.32,14,False,0.0,0.0,0.0,0.0,0.0,0.0,0,,,,,1.0,1.0
3015,28.437,34.4593,2019,2018-12-31,2019-12-31,Red Sea,17.5,0.0,10.0,0.0,7.5,7.5,0.7520754716981131,2.32,14,False,0.0,0.0,0.0,0.0,0.0,0.0,0,,,,,1.0,1.0
3021,28.4985,34.5198,2014,2013-03-14,2014-03-14,Red Sea,14.215,0.0,7.5,0.0,0.0,3.42,0.730377358490566,1.64,0,False,0.0,0.0,0.0,0.0,0.0,0.0,0,,,,,0.0,0.0
3021,28.4985,34.5198,2014,2013-12-31,2014-12-31,Red Sea,20.625,0.0,5.0,0.0,4.7700000000000005,4.7700000000000005,0.6362264150943396,1.7,7,False,0.0,0.0,0.0,0.0,0.0,0.0,0,,,,,0.0,0.0
3021,28.4985,34.5198,2015,2014-01-07,2015-01-07,Red Sea,18.125,0.0,10.0,0.0,4.7700000000000005,4.7700000000000005,0.6524528301886792,1.7,7,False,0.0,0.0,0.0,0.0,0.0,0.0,0,,,,,0.0,0.0
3021,28.4985,34.5198,2015,2014-04-09,2015-04-09,Red Sea,23.75,0.0,5.0,0.0,0.0,4.7700000000000005,0.588867924528302,1.7,7,False,0.0,0.0,0.0,0.0,0.0,0.0,0,,,,,0.0,0.0
3021,28.4985,34.5198,2015,2014-09-04,2015-09-04,Red Sea,14.375,0.0,10.0,4.2,4.2,4.7700000000000005,0.570566037735849,1.63,0,False,0.0,0.0,0.0,0.0,0.0,0.0,0,,,,,0.0,0.0
3021,28.4985,34.5198,2016,2015-09-10,2016-09-09,Red Sea,22.189999999999998,0.0,10.0,5.92,5.92,5.92,1.0128301886792455,2.3000000000000003,7,False,0.0,0.0,0.0,0.0,0.0,0.0,0,,,,,0.0,0.0
3021,28.4985,34.5198,2018,2017-05-01,2018-05-01,Red Sea,20.0,0.0,10.0,0.0,0.0,0.31,0.44094339622641504,1.34,0,False,0.0,0.0,0.0,0.0,0.0,0.0,0,,,,,0.0,0.0
3021,28.4985,34.5198,2018,2017-08-17,2018-08-17,Red Sea,20.0,0.0,5.0,4.12,4.12,4.12,0.699245283018868,1.91,7,False,0.0,0.0,0.0,0.0,0.0,0.0,0,,,,,0.0,0.0
3021,28.4985,34.5198,2019,2018-06-05,2019-06-05,Red Sea,28.439999999999998,0.0,10.0,0.0,0.0,7.26,0.7571698113207547,1.83,21,False,0.0,0.0,0.0,0.0,0.0,0.0,0,,,,,1.0,1.0
3021,28.4985,34.5198,2019,2018-09-07,2019-09-07,Red Sea,32.5,0.0,10.0,6.07,6.07,7.26,0.7711320754716982,2.18,14,False,0.0,0.0,0.0,0.0,0.0,0.0,0,,,,,1.0,1.0
3024,28.5422,34.5163,2013,2012-03-16,2013-03-16,Red Sea,22.5,0.0,10.0,0.0,0.0,5.69,0.7735849056603776,1.99,21,False,0.0,0.0,0.0,0.0,0.0,0.0,0,,,,,0.0,0.0
3024,28.5422,34.5163,2013,2012-03-26,2013-03-26,Red Sea,15.94,0.0,5.0,0.0,0.0,5.69,0.8305769230769233,1.99,21,False,0.0,0.0,0.0,0.0,0.0,0.0,0,,,,,0.0,0.0
3024,28.5422,34.5163,2013,2012-09-20,2013-09-20,Red Sea,18.5925,0.0,7.5,3.36,3.36,5.69,0.8411320754716981,1.81,0,False,0.0,0.0,0.0,0.0,0.0,0.0,0,,,,,0.0,0.0
3024,28.5422,34.5163,2014,2013-03-29,2014-03-29,Red Sea,16.0925,0.0,7.5,0.0,0.0,3.36,0.719622641509434,1.62,0,False,0.0,0.0,0.0,0.0,0.0,0.0,0,,,,,0.0,0.0
3024,28.5422,34.5163,2014,2013-12-29,2014-12-29,Red Sea,24.369999999999997,0.0,10.0,0.0,4.58,4.58,0.6298113207547169,1.65,7,False,0.0,0.0,0.0,0.0,0.0,0.0,0,,,,,0.0,0.0
3024,28.5422,34.5163,2015,2014-09-10,2015-09-10,Red Sea,15.625,0.0,5.0,4.2,4.2,4.58,0.5639622641509434,1.61,0,False,0.0,0.0,0.0,0.0,0.0,0.0,0,,,,,0.0,0.0
3024,28.5422,34.5163,2016,2015-09-21,2016-09-20,Red Sea,22.81,0.0,10.0,5.82,5.82,5.82,0.9894339622641509,2.27,7,False,0.0,0.0,0.0,0.0,0.0,0.0,0,,,,,0.0,0.0
3024,28.5422,34.5163,2018,2017-05-04,2018-05-04,Red Sea,20.31,0.0,10.0,0.0,0.0,0.47,0.42566037735849055,1.18,0,False,0.0,0.0,0.0,0.0,0.0,0.0,0,,,,,0.0,0.0
3024,28.5422,34.5163,2018,2017-05-08,2018-05-08,Red Sea,24.69,0.0,5.0,0.0,0.0,0.47,0.4462264150943396,1.18,0,False,0.0,0.0,0.0,0.0,0.0,0.0,0,,,,,0.0,0.0
3024,28.5422,34.5163,2018,2017-08-20,2018-08-20,Red Sea,20.94,0.0,5.0,4.13,4.13,4.13,0.6881132075471699,1.85,7,False,0.0,0.0,0.0,0.0,0.0,0.0,0,,,,,0.0,0.0
3024,28.5422,34.5163,2019,2018-05-14,2019-05-14,Red Sea,32.185,0.0,5.0,0.0,0.0,7.68,0.8501886792452832,1.85,21,False,0.0,0.0,0.0,0.0,0.0,0.0,0,,,,,1.0,1.0
3024,28.5422,34.5163,2019,2018-06-10,2019-06-10,Red Sea,30.314999999999998,0.0,10.0,0.0,0.0,7.68,0.7537735849056603,1.75,21,False,0.0,0.0,0.0,0.0,0.0,0.0,0,,,,,1.0,1.0
3024,28.5422,34.5163,2019,2018-09-25,2019-09-25,Red Sea,24.375,0.0,10.0,6.37,6.37,7.68,0.7524528301886793,2.1,14,False,0.0,0.0,0.0,0.0,0.0,0.0,0,,,,,1.0,1.0
3024,28.5422,34.5163,2019,2018-12-29,2019-12-29,Red Sea,15.315,0.0,10.0,0.0,6.37,6.37,0.7311320754716981,2.1,14,False,0.0,0.0,0.0,0.0,0.0,0.0,0,,,,,1.0,1.0
3027,28.5529,34.5193,2014,2013-03-13,2014-03-13,Red Sea,8.9075,0.0,7.5,0.0,0.0,3.36,0.7226415094339623,1.62,0,True,0.0,0.0,0.0,0.0,0.0,0.0,0,,,,,0.0,0.0
3027,28.5529,34.5193,2015,2014-09-09,2015-09-09,Red Sea,17.185000000000002,0.0,10.0,4.2,4.2,4.58,0.5639622641509434,1.61,0,True,0.0,0.0,0.0,0.0,0.0,0.0,0,,,,,0.0,0.0
3027,28.5529,34.5193,2016,2015-09-19,2016-09-18,Red Sea,10.940000000000001,6.25,10.0,5.82,5.82,5.82,0.9894339622641509,2.27,7,True,0.0,0.0,0.0,0.0,0.0,0.0,0,,,,,0.0,0.0
3027,28.5529,34.5193,2018,2017-05-09,2018-05-09,Red Sea,11.875,0.0,10.0,0.0,0.0,0.47,0.4462264150943396,1.18,0,True,0.0,0.0,0.0,0.0,0.0,0.0,0,,,,,0.0,0.0
3027,28.5529,34.5193,2019,2018-09-15,2019-09-15,Red Sea,14.379999999999999,0.0,10.0,6.37,6.37,7.68,0.7569811320754717,2.1,14,True,0.0,0.0,0.0,0.0,0.0,0.0,0,,,,,1.0,1.0
3028,28.5543,34.5203,2014,2013-03-15,2014-03-15,Red Sea,15.0,0.0,10.0,0.0,0.0,3.36,0.7226415094339623,1.62,0,True,0.0,0.0,0.0,0.0,0.0,0.0,0,,,,,0.0,0.0
3028,28.5543,34.5203,2015,2014-03-21,2015-03-21,Red Sea,10.94,0.0,10.0,0.0,0.0,4.58,0.5867924528301887,1.65,7,True,0.0,0.0,0.0,0.0,0.0,0.0,0,,,,,0.0,0.0
3028,28.5543,34.5203,2015,2014-08-30,2015-08-30,Red Sea,18.435000000000002,0.0,10.0,4.2,4.2,4.58,0.5673584905660378,1.61,7,True,0.0,0.0,0.0,0.0,0.0,0.0,0,,,,,0.0,0.0
3028,28.5543,34.5203,2016,2015-09-06,2016-09-05,Red Sea,16.25,2.75,10.0,5.82,5.82,5.82,0.9962264150943396,2.27,7,True,0.0,0.0,0.0,0.0,0.0,0.0,0,,,,,0.0,0.0
3028,28.5543,34.5203,2018,2017-04-14,2018-04-14,Red Sea,15.0,0.0,10.0,0.0,0.0,0.47,0.3637735849056604,1.18,0,True,0.0,0.0,0.0,0.0,0.0,0.0,0,,,,,0.0,0.0
3028,28.5543,34.5203,2018,2017-08-16,2018-08-16,Red Sea,18.435,0.0,10.0,4.13,4.13,4.13,0.6881132075471699,1.85,7,True,0.0,0.0,0.0,0.0,0.0,0.0,0,,,,,0.0,0.0
3028,28.5543,34.5203,2019,2018-09-03,2019-09-03,Red Sea,18.435000000000002,0.0,10.0,4.3500000000000005,4.3500000000000005,7.68,0.751509433962264,2.1,7,True,0.0,0.0,0.0,0.0,0.0,0.0,0,,,,,1.0,1.0
3031,28.5575,34.5239,2013,2012-03-16,2013-03-16,Red Sea,20.9375,0.0,7.5,0.0,0.0,5.69,0.7735849056603776,1.99,21,True,0.0,0.0,0.0,0.0,0.0,0.0,0,,,,,0.0,0.0
3031,28.5575,34.5239,2014,2013-03-21,2014-03-21,Red Sea,20.935,0.0,7.5,0.0,0.0,3.36,0.7133962264150943,1.62,0,True,0.0,0.0,0.0,0.0,0.0,0.0,0,,,,,0.0,0.0
3031,28.5575,34.5239,2014,2013-12-29,2014-12-29,Red Sea,27.5,0.0,5.0,0.0,4.58,4.58,0.6298113207547169,1.65,7,True,0.0,0.0,0.0,0.0,0.0,0.0,0,,,,,0.0,0.0
3031,28.5575,34.5239,2014,2013-12-30,2014-12-30,Red Sea,29.064999999999998,0.0,10.0,0.0,4.58,4.58,0.6298113207547169,1.65,7,True,0.0,0.0,0.0,0.0,0.0,0.0,0,,,,,0.0,0.0
3031,28.5575,34.5239,2015,2014-03-28,2015-03-28,Red Sea,26.25,0.0,7.5,0.0,0.0,4.58,0.5824528301886792,1.65,7,True,0.0,0.0,0.0,0.0,0.0,0.0,0,,,,,0.0,0.0
3031,28.5575,34.5239,2015,2014-09-05,2015-09-05,Red Sea,24.22,0.0,7.5,4.2,4.2,4.58,0.5639622641509434,1.61,0,True,0.0,0.0,0.0,0.0,0.0,0.0,0,,,,,0.0,0.0
3031,28.5575,34.5239,2016,2015-09-17,2016-09-16,Red Sea,22.5,0.0,10.0,5.82,5.82,5.82,0.9981132075471697,2.27,7,True,0.0,0.0,0.0,0.0,0.0,0.0,0,,,,,0.0,0.0
3031,28.5575,34.5239,2018,2017-04-26,2018-04-26,Red Sea,29.689999999999998,0.0,10.0,0.0,0.0,0.47,0.40886792452830184,1.18,0,True,0.0,0.0,0.0,0.0,0.0,0.0,0,,,,,0.0,0.0
3031,28.5575,34.5239,2018,2017-08-21,2018-08-21,Red Sea,23.75,0.0,5.0,5.3500000000000005,5.3500000000000005,5.3500000000000005,0.7062264150943397,1.85,14,True,0.0,0.0,0.0,0.0,0.0,0.0,0,,,,,0.0,0.0
3031,28.5575,34.5239,2019,2018-05-17,2019-05-17,Red Sea,33.75,1.5,10.0,0.0,0.0,7.68,0.8169811320754716,1.85,21,True,0.0,0.0,0.0,0.0,0.0,0.0,0,,,,,1.0,1.0
3031,28.5575,34.5239,2019,2018-09-14,2019-09-14,Red Sea,36.25,2.5,10.0,6.37,6.37,7.68,0.7569811320754717,2.1,14,True,0.0,0.0,0.0,0.0,0.0,0.0,0,,,,,1.0,1.0
3031,28.5575,34.5239,2019,2018-09-15,2019-09-15,Red Sea,33.435,0.0,5.0,6.37,6.37,7.68,0.7569811320754717,2.1,14,True,0.0,0.0,0.0,0.0,0.0,0.0,0,,,,,1.0,1.0
3031,28.5575,34.5239,2019,2018-12-27,2019-12-27,Red Sea,22.815,0.0,10.0,0.0,6.37,6.37,0.7311320754716981,2.1,14,True,0.0,0.0,0.0,0.0,0.0,0.0,0,,,,,1.0,1.0
3033,28.573,34.5381,2013,2012-03-26,2013-03-26,Red Sea,27.5,0.0,5.0,0.0,0.0,5.69,0.8305769230769233,1.99,21,True,0.0,0.0,0.0,0.0,0.0,0.0,0,,,,,0.0,0.0
3033,28.573,34.5381,2013,2012-03-28,2013-03-28,Red Sea,15.625,0.0,10.0,0.0,0.0,5.69,0.8243396226415096,1.99,21,True,0.0,0.0,0.0,0.0,0.0,0.0,0,,,,,0.0,0.0
3033,28.573,34.5381,2013,2012-09-25,2013-09-25,Red Sea,20.31,0.0,7.5,3.36,3.36,5.69,0.8413207547169811,1.81,0,True,0.0,0.0,0.0,0.0,0.0,0.0,0,,,,,0.0,0.0
3033,28.573,34.5381,2014,2013-03-25,2014-03-25,Red Sea,21.095,0.0,7.5,0.0,0.0,3.36,0.7133962264150943,1.62,0,True,0.0,0.0,0.0,0.0,0.0,0.0,0,,,,,0.0,0.0
3033,28.573,34.5381,2015,2014-04-01,2015-04-01,Red Sea,19.685,0.0,10.0,0.0,0.0,4.58,0.5824528301886792,1.65,7,True,0.0,0.0,0.0,0.0,0.0,0.0,0,,,,,0.0,0.0
3033,28.573,34.5381,2016,2015-09-18,2016-09-17,Red Sea,21.564999999999998,25.0,10.0,5.82,5.82,5.82,0.9894339622641509,2.27,7,True,0.0,0.0,0.0,0.0,0.0,0.0,0,,,,,0.0,0.0
3033,28.573,34.5381,2018,2017-05-08,2018-05-08,Red Sea,24.06,0.0,10.0,0.0,0.0,0.47,0.4462264150943396,1.18,0,True,0.0,0.0,0.0,0.0,0.0,0.0,0,,,,,0.0,0.0
3033,28.573,34.5381,2018,2017-08-27,2018-08-27,Red Sea,22.5,0.0,5.0,5.3500000000000005,5.3500000000000005,5.3500000000000005,0.7062264150943397,1.85,14,True,0.0,0.0,0.0,0.0,0.0,0.0,0,,,,,0.0,0.0
3033,28.573,34.5381,2019,2018-05-17,2019-05-17,Red Sea,29.06,0.0,5.0,0.0,0.0,7.68,0.8169811320754716,1.85,21,True,0.0,0.0,0.0,0.0,0.0,0.0,0,,,,,1.0,1.0
3033,28.573,34.5381,2019,2018-05-31,2019-05-31,Red Sea,25.31,5.5,10.0,0.0,0.0,7.68,0.7698113207547169,1.85,21,True,0.0,0.0,0.0,0.0,0.0,0.0,0,,,,,1.0,1.0
3033,28.573,34.5381,2019,2018-09-17,2019-09-17,Red Sea,24.0625,0.0,7.5,6.37,6.37,7.68,0.7569811320754717,2.1,14,True,0.0,0.0,0.0,0.0,0.0,0.0,0,,,,,1.0,1.0
3106,-17.9786,179.2251,2013,2012-12-12,2013-12-12,Pacific,16.665,0.0,6.0,0.0,0.0,0.81,0.9313207547169813,1.53,0,False,20.265900000000002,0.0,93.29230000000001,0.0,339.167,0.0,3,,,,,2.0,7.0
3106,-17.9786,179.2251,2017,2016-02-24,2017-02-23,Pacific,9.165,0.0,5.0,1.69,1.69,6.22,0.7864150943396225,2.1,7,False,62.0541,0.0,357.5906,0.0,1189.492,0.0,7,,,,,1.0,2.0
3106,-17.9786,179.2251,2017,2016-05-01,2017-05-01,Pacific,10.415,0.0,5.0,1.69,1.69,2.33,0.8335849056603774,2.1,0,False,68.9954,0.0,370.8639,0.0,1201.169,0.0,8,,,,,1.0,2.0
3236,-19.0383,178.4569,2015,2014-07-10,2015-07-10,Pacific,26.875,0.0,5.0,0.0,4.93,4.93,0.35660377358490564,1.46,0,False,3.5313,0.0,196.1428,0.0,810.1259,0.0,2,,,,,0.0,1.0
3261,-17.7942,177.2022,2018,2017-01-12,2018-01-12,Pacific,30.105,0.5,9.25,0.0,0.0,1.52,0.9690566037735849,1.79,0,False,177.0796,0.0,268.2747,0.0,762.5221,0.0,4,,,,,6.0,8.0
3307,-17.5827,178.8475,2015,2014-07-11,2015-07-11,Pacific,29.165,0.0,4.0,0.0,4.95,4.95,0.33886792452830183,1.39,0,False,13.4086,0.0,172.0113,0.0,949.1195,0.0,4,,,,,1.0,1.0
3308,-17.5827,178.9398,2013,2012-12-11,2013-12-11,Pacific,30.835,0.0,9.0,0.0,0.0,0.48,0.8766037735849057,1.59,0,False,8.7863,0.0,23.0461,0.0,144.0757,0.0,2,,,,,6.0,6.0
3308,-17.5827,178.9398,2017,2016-02-24,2017-02-23,Pacific,28.75,2.0,4.0,0.94,0.94,6.46,0.7856603773584905,1.9,7,False,29.3835,0.0,179.1992,0.0,765.6935,0.0,5,,,,,1.0,1.0
3308,-17.5827,178.9398,2017,2016-05-02,2017-05-02,Pacific,29.165,0.0,4.0,0.94,0.94,2.66,0.8035849056603774,1.9,0,False,30.3792,0.0,283.9671,0.0,889.4893,0.0,5,,,,,1.0,1.0
3308,-17.5827,178.9398,2019,2018-02-20,2019-02-20,Pacific,29.165,33.33,7.0,0.5,0.5,1.2,0.7716981132075471,1.63,0,False,13.5984,0.0,130.4065,0.0,854.5493,0.0,8,,,,,0.0,0.0
3312,-17.5689,177.3018,2013,2012-12-07,2013-12-07,Pacific,15.625,2.75,10.0,0.0,0.0,1.87,0.8581132075471698,1.58,0,False,0.0,0.0,0.0,0.0,37.4362,0.0,0,,,,,0.0,0.0
3312,-17.5689,177.3018,2017,2016-04-29,2017-04-29,Pacific,20.0,,10.0,2.73,2.73,5.7700000000000005,0.8364150943396225,1.8,0,False,0.0,0.0,0.0,0.0,219.4262,0.0,0,,,,,4.0,7.0
3312,-17.5689,177.3018,2019,2018-02-16,2019-02-16,Pacific,19.685,25.0,10.0,4.18,4.18,4.18,0.7011320754716981,1.65,7,False,0.0,0.0,0.0,0.0,212.8048,0.0,0,,,,,8.0,11.0
3313,-17.5632,177.3084,2015,2014-07-07,2015-07-07,Pacific,20.94,2.75,10.0,0.0,7.46,7.46,0.4758490566037736,1.8,14,False,0.0,0.0,0.0,0.0,25.0728,0.0,0,,,,,0.0,1.0
3313,-17.5632,177.3084,2017,2016-02-19,2017-02-18,Pacific,19.06,6.25,10.0,2.57,2.57,9.26,0.8543396226415094,1.8,21,False,0.0,0.0,0.0,0.0,195.2751,0.0,0,,,,,3.0,7.0
3315,-17.3471,178.5226,2013,2012-06-29,2013-06-29,Pacific,26.665,,6.0,0.0,0.0,0.0,0.570188679245283,1.52,0,False,0.0,0.0,0.0,0.0,0.0,0.0,0,,,,,0.0,1.0
3315,-17.3471,178.5226,2013,2012-12-13,2013-12-13,Pacific,32.085,0.0,9.3,0.0,0.0,0.0,0.749622641509434,1.52,0,False,0.0,0.0,0.0,0.0,0.0,0.0,0,,,,,0.0,1.0
3315,-17.3471,178.5226,2015,2014-07-12,2015-07-12,Pacific,22.5,0.0,11.8,0.0,4.84,4.84,0.28660377358490563,1.35,0,False,0.0,0.0,1.5527,0.0,93.8903,0.0,0,,,,,0.0,1.0
3315,-17.3471,178.5226,2017,2016-02-20,2017-02-19,Pacific,13.335,0.0,9.3,0.3,0.3,6.61,0.7276923076923079,1.77,14,False,2.2432,0.0,14.0384,0.0,153.8647,0.0,3,,,,,0.0,0.0
3315,-17.3471,178.5226,2019,2018-02-17,2019-02-17,Pacific,26.665,0.0,9.3,0.0,0.0,0.0,0.6454716981132077,1.56,0,False,0.3833,0.0,0.41659999999999997,0.0,173.37439999999998,0.0,1,,,,,0.0,0.0
3316,-17.3303,178.5924,2013,2012-06-30,2013-06-30,Pacific,27.5,0.0,10.3,0.0,0.0,0.0,0.5860377358490566,1.54,0,False,0.0,0.0,0.0,0.0,0.0,0.0,0,,,,,1.0,1.0
3316,-17.3303,178.5924,2013,2012-12-13,2013-12-13,Pacific,36.665,0.0,9.3,0.0,0.0,0.0,0.7567924528301887,1.54,0,False,0.0,0.0,0.0,0.0,4.4808,0.0,0,,,,,1.0,1.0
3316,-17.3303,178.5924,2015,2014-07-12,2015-07-12,Pacific,27.5,0.0,11.8,0.0,4.82,4.82,0.29132075471698116,1.32,0,False,0.0,0.0,11.2587,0.0,177.168,0.0,0,,,,,1.0,1.0
3316,-17.3303,178.5924,2019,2018-02-17,2019-02-17,Pacific,31.25,0.0,10.5,0.0,0.0,0.14,0.650754716981132,1.59,0,False,0.41659999999999997,0.0,0.41659999999999997,0.0,268.1803,0.0,1,,,,,0.0,0.0
3328,-17.2804,178.4596,2013,2012-12-08,2013-12-08,Pacific,21.56,5.0,6.0,0.0,0.0,0.0,0.7383018867924529,1.6,0,False,0.0,0.0,0.0,0.0,0.0,0.0,0,,,,,0.0,1.0
3328,-17.2804,178.4596,2015,2014-07-13,2015-07-13,Pacific,25.0,0.0,6.0,0.0,4.97,4.97,0.2935849056603773,1.41,0,False,0.0,0.0,5.5857,0.0,57.7364,0.0,0,,,,,0.0,1.0
3328,-17.2804,178.4596,2017,2016-02-20,2017-02-19,Pacific,25.625,0.0,5.5,0.93,0.93,7.17,0.7374999999999999,1.84,21,False,2.3157,0.0,21.927999999999997,0.0,125.0739,0.0,3,,,,,0.0,0.0
3328,-17.2804,178.4596,2017,2016-04-30,2017-04-30,Pacific,29.06,0.0,5.5,0.93,0.93,3.25,0.6946153846153847,1.84,0,False,2.3157,0.0,21.927999999999997,0.0,106.06569999999999,0.0,3,,,,,0.0,0.0
3330,-17.2783,178.4614,2013,2012-12-08,2013-12-08,Pacific,15.625,0.0,10.0,0.0,0.0,0.0,0.7383018867924529,1.6,0,False,0.0,0.0,0.0,0.0,0.0,0.0,0,,,,,0.0,1.0
3330,-17.2783,178.4614,2015,2014-07-12,2015-07-12,Pacific,17.5,0.0,9.0,0.0,4.97,4.97,0.2935849056603773,1.41,0,False,0.0,0.0,5.5857,0.0,57.7364,0.0,0,,,,,0.0,1.0
3330,-17.2783,178.4614,2017,2016-02-20,2017-02-19,Pacific,25.0,0.0,10.0,0.93,0.93,7.17,0.7374999999999999,1.84,21,False,3.4676,0.0,21.927999999999997,0.0,125.0739,0.0,3,,,,,0.0,0.0
3330,-17.2783,178.4614,2017,2016-04-20,2017-04-20,Pacific,30.83,0.0,10.0,0.93,0.93,6.44,0.6590566037735848,1.84,0,False,3.4676,0.0,21.927999999999997,0.0,106.06569999999999,0.0,3,,,,,0.0,0.0
3330,-17.2783,178.4614,2019,2018-02-10,2019-02-10,Pacific,30.835,0.0,10.0,0.15,0.15,0.15,0.6488679245283018,1.61,0,False,0.0333,0.0,3.9648999999999996,0.0,106.1981,0.0,1,,,,,0.0,0.0
3339,-17.1345,178.5204,2015,2014-07-07,2015-07-07,Pacific,29.69,0.0,17.0,0.0,5.3500000000000005,5.3500000000000005,0.3032075471698114,1.48,0,False,1.5527,0.0,7.1362000000000005,0.0,106.7039,0.0,1,,,,,0.0,1.0
3339,-17.1345,178.5204,2017,2016-02-21,2017-02-20,Pacific,21.875,0.0,18.5,1.28,1.28,7.34,0.7324528301886791,1.92,21,False,7.7774,0.0,32.8173,0.0,167.8301,0.0,2,,,,,0.0,0.0
3339,-17.1345,178.5204,2019,2018-02-24,2019-02-24,Pacific,28.125,0.0,17.0,0.88,0.88,0.88,0.6726415094339623,1.6,0,False,0.0,0.0,3.9648999999999996,0.0,205.3734,0.0,0,,,,,0.0,0.0
3340,-17.1133,179.0638,2013,2012-12-09,2013-12-09,Pacific,21.25,0.0,18.0,0.0,0.0,0.62,0.8583018867924529,1.66,0,False,0.0,0.0,13.6739,0.0,81.7799,0.0,0,,,,,1.0,2.0
3340,-17.1133,179.0638,2015,2014-07-09,2015-07-09,Pacific,23.75,0.0,16.0,0.0,5.64,5.64,0.37509433962264144,1.5,7,False,7.9852,0.0,212.774,0.0,687.2718,0.0,5,,,,,2.0,3.0
3340,-17.1133,179.0638,2017,2016-02-22,2017-02-21,Pacific,8.75,5.0,16.0,0.74,0.74,6.78,0.8113207547169812,1.97,14,False,26.8703,0.0,199.6154,0.0,484.8646,0.0,5,,,,,5.0,5.0
3340,-17.1133,179.0638,2017,2016-05-03,2017-05-03,Pacific,12.5,5.0,16.0,0.59,0.74,2.95,0.829245283018868,1.97,0,False,25.1787,0.0,173.6345,0.0,508.5529,0.0,4,,,,,5.0,5.0
3340,-17.1133,179.0638,2019,2018-02-23,2019-02-23,Pacific,15.0,,16.0,0.78,0.78,1.22,0.760188679245283,1.74,0,False,44.0618,0.0,313.4148,0.0,639.4622,0.0,2,,,,,3.0,3.0
3343,-17.1103,179.0615,2013,2012-12-09,2013-12-09,Pacific,39.065,0.0,4.0,0.0,0.0,0.62,0.8583018867924529,1.66,0,False,0.0,0.0,13.6739,0.0,81.7799,0.0,0,,,,,1.0,2.0
3343,-17.1103,179.0615,2015,2014-07-09,2015-07-09,Pacific,37.185,0.0,4.0,0.0,5.64,5.64,0.37509433962264144,1.5,7,False,7.9852,0.0,190.9648,0.0,687.2718,0.0,5,,,,,2.0,3.0
3343,-17.1103,179.0615,2017,2016-02-22,2017-02-21,Pacific,15.625,5.0,4.0,0.74,0.74,6.78,0.8113207547169812,1.97,14,False,26.8703,0.0,175.5286,0.0,484.8646,0.0,5,,,,,5.0,5.0
3343,-17.1103,179.0615,2017,2016-05-05,2017-05-05,Pacific,18.75,0.0,4.0,0.59,0.74,2.95,0.829245283018868,1.97,0,False,25.1787,0.0,149.5477,0.0,508.5529,0.0,4,,,,,5.0,5.0
3343,-17.1103,179.0615,2019,2018-02-23,2019-02-23,Pacific,20.94,0.25,4.0,0.78,0.78,1.22,0.760188679245283,1.74,0,False,44.0618,0.0,281.3227,0.0,639.4622,0.0,2,,,,,3.0,3.0
3353,-16.8114,-179.8481,2013,2012-02-14,2013-02-13,Pacific,24.065,0.0,5.0,0.0,0.0,0.0,0.5943396226415095,1.39,0,False,0.0,0.0,0.0,0.0,0.0,0.0,0,,,,,0.0,0.0
3353,-16.8114,-179.8481,2013,2012-02-16,2013-02-15,Pacific,25.314999999999998,0.0,5.0,0.0,0.0,0.0,0.5943396226415095,1.39,0,False,0.0,0.0,0.0,0.0,0.0,0.0,0,,,,,0.0,0.0
3353,-16.8114,-179.8481,2019,2018-03-12,2019-03-12,Pacific,14.69,0.0,5.0,1.15,1.15,1.15,0.7415094339622641,1.77,0,False,5.646,0.0,62.1672,0.0,265.2685,0.0,2,,,,,0.0,0.0
3355,-16.7987,179.9013,2013,2012-02-19,2013-02-18,Pacific,27.8125,0.5,7.5,0.15,0.15,0.15,0.6228301886792452,1.48,0,False,0.0,0.0,0.0,0.0,0.0,0.0,0,,,,,0.0,0.0
3355,-16.7987,179.9013,2014,2013-02-22,2014-02-22,Pacific,20.935,10.0,10.0,4.51,4.51,4.51,0.9722641509433961,1.71,7,False,38.3689,0.0,77.0369,0.0,485.71819999999997,0.0,5,,,,,0.0,0.0
3355,-16.7987,179.9013,2018,2017-05-27,2018-05-27,Pacific,20.3125,0.0,11.0,0.3,0.3,0.3,0.779622641509434,1.48,0,False,7.3424000000000005,0.0,35.1723,0.0,348.0961,0.0,1,,,,,1.0,1.0
3355,-16.7987,179.9013,2019,2018-03-18,2019-03-18,Pacific,15.78,0.125,7.5,0.75,0.75,0.75,0.7577358490566037,1.77,0,False,2.8424,0.0,19.751,0.0,190.7981,0.0,1,,,,,0.0,0.0
3393,-21.1755,55.2835,2015,2014-12-28,2015-12-28,Indian,3.435,0.0,1.0,0.16,0.16,1.01,0.8201886792452833,2.0,0,False,1.1161,0.0,5.1741,0.0,230.7914,10.756699999999999,1,,,,,4.0,8.0
3394,-21.1659,55.2819,2014,2013-11-28,2014-11-28,Indian,29.06,0.0,6.0,0.0,0.0,2.63,0.8239622641509435,2.03,0,False,1.1466,0.0,16.4484,0.0,128.8406,0.0,1,,,,,3.0,7.0
3395,-21.0531,55.2211,2014,2013-11-07,2014-11-07,Indian,15.31,0.0,6.5,0.0,0.0,2.79,0.8332075471698113,2.04,0,False,0.0,0.0,26.5987,0.0,131.9245,0.0,0,,,,,3.0,6.0
3395,-21.0531,55.2211,2015,2014-12-02,2015-12-02,Indian,22.5,,5.0,0.0,0.0,0.81,0.7926415094339624,1.95,0,False,0.0,0.0,38.867599999999996,10.426499999999999,197.8353,10.756699999999999,0,,,,,4.0,7.0
3396,-12.9854,45.1838,2016,2015-06-12,2016-06-11,Indian,11.25,,3.0,3.16,3.18,3.18,0.6758490566037734,1.56,0,False,0.0,0.0,0.0,0.0,4.0757,0.0,0,,,,,5.0,9.0
3397,-12.9373,44.9667,2016,2015-09-08,2016-09-07,Indian,10.315,,11.0,0.0,2.36,3.72,0.5207547169811321,1.53,0,False,0.0,0.0,0.0,0.0,0.0,0.0,0,,,,,4.0,9.0
3398,-12.9027,45.2035,2016,2015-06-12,2016-06-11,Indian,19.685,,1.5,2.96,2.99,2.99,0.7033962264150944,1.56,0,False,0.0,0.0,0.0,0.0,5.1757,0.0,0,,,,,6.0,9.0
3399,-12.8941,45.2128,2015,2014-11-25,2015-11-25,Indian,8.12,0.0,1.0,0.0,0.0,0.0,0.4769811320754717,1.09,0,False,0.0,0.0,0.0,0.0,0.0,0.0,0,,,,,6.0,9.0
3399,-12.8941,45.2128,2016,2015-06-13,2016-06-12,Indian,28.75,,1.0,2.64,2.66,2.66,0.7047169811320755,1.52,0,False,0.0,0.0,0.0,0.0,5.1757,0.0,0,,,,,6.0,9.0
3399,-12.8941,45.2128,2017,2016-11-01,2017-11-01,Indian,28.75,0.0,2.0,0.0,0.0,0.0,0.49320754716981136,1.08,0,False,0.0,0.0,0.0,0.0,0.0,0.0,0,,,,,4.0,4.0
3400,-12.8172,45.2369,2014,2013-10-07,2014-10-07,Indian,17.185,0.25,2.0,0.0,0.0,0.0,0.43018867924528303,1.3,0,False,0.0,0.0,0.0,0.0,0.0,0.0,0,,,,,8.0,11.0
3400,-12.8172,45.2369,2015,2014-11-27,2015-11-27,Indian,13.435,0.0,1.5,0.0,0.0,0.0,0.47150943396226414,1.13,0,False,0.0,0.0,0.0,0.0,0.0,0.0,0,,,,,6.0,9.0
3400,-12.8172,45.2369,2016,2015-06-11,2016-06-10,Indian,16.25,,2.0,2.58,2.88,2.88,0.7164150943396225,1.49,0,False,0.0,0.0,0.0,0.0,2.8529999999999998,0.0,0,,,,,6.0,9.0
3401,-12.7612,45.066,2014,2013-05-31,2014-05-31,Indian,36.25,0.0,2.0,0.0,0.0,0.0,0.2554716981132076,1.29,0,False,0.0,0.0,0.0,0.0,0.0,0.0,0,,,,,6.0,11.0
3401,-12.7612,45.066,2014,2013-11-29,2014-11-29,Indian,45.625,0.0,2.0,0.0,0.0,0.0,0.379622641509434,1.29,0,False,0.0,0.0,0.0,0.0,0.0,0.0,0,,,,,6.0,11.0
3401,-12.7612,45.066,2016,2015-09-12,2016-09-11,Indian,18.125,,3.0,0.0,0.67,2.96,0.5260377358490566,1.52,0,False,0.0,0.0,0.0,0.0,0.0,0.0,0,,,,,7.0,9.0
3402,-12.71,45.1658,2014,2013-06-01,2014-06-01,Indian,22.81,0.0,2.0,0.0,0.0,0.0,0.3252830188679245,1.3,0,False,0.0,0.0,0.0,0.0,0.0,0.0,0,,,,,9.0,11.0
3402,-12.71,45.1658,2015,2014-04-18,2015-04-18,Indian,18.75,0.0,2.3,0.0,0.0,0.0,0.4120754716981132,1.05,0,False,0.0,0.0,0.0,0.0,0.0,0.0,0,,,,,5.0,9.0
3402,-12.71,45.1658,2016,2015-03-31,2016-03-30,Indian,7.5,,3.5,1.9,1.9,1.9,0.7162264150943396,1.45,0,False,0.0,0.0,0.0,0.0,0.0,0.0,0,,,,,5.0,9.0
3402,-12.71,45.1658,2016,2015-06-15,2016-06-14,Indian,7.185,2.5,2.0,2.41,2.5500000000000003,2.5500000000000003,0.7111320754716981,1.45,0,False,0.0,0.0,0.0,0.0,0.0,0.0,0,,,,,5.0,9.0
3402,-12.71,45.1658,2017,2016-10-30,2017-10-30,Indian,6.25,0.0,4.0,0.0,0.0,0.0,0.4960377358490566,1.08,0,False,0.0,0.0,0.0,0.0,0.0,0.0,0,,,,,2.0,4.0
3403,-12.686,45.0388,2013,2012-11-15,2013-11-15,Indian,25.31,0.0,8.0,0.0,0.0,0.0,0.3164150943396226,1.18,0,False,0.0,0.0,0.0,0.0,0.0,0.0,0,,,,,0.0,5.0
3403,-12.686,45.0388,2015,2014-04-18,2015-04-18,Indian,31.25,0.0,8.0,0.0,0.0,0.0,0.38207547169811323,1.13,0,False,0.0,0.0,0.0,0.0,0.0,0.0,0,,,,,3.0,9.0
3403,-12.686,45.0388,2016,2015-03-31,2016-03-30,Indian,30.415,,8.0,2.7,2.7,2.7,0.7015094339622642,1.64,0,False,0.0,0.0,0.0,0.0,0.0,0.0,0,,,,,3.0,9.0
3403,-12.686,45.0388,2016,2015-06-14,2016-06-13,Indian,15.935,,10.0,3.51,3.51,3.51,0.6881132075471699,1.64,0,False,0.0,0.0,0.0,0.0,0.0,0.0,0,,,,,3.0,9.0
3412,-21.2692,55.333,2013,2012-01-19,2013-01-18,Indian,21.25,0.0,1.0,0.0,0.0,0.46,0.4952830188679246,1.19,0,False,0.0,0.0,12.8049,0.0,187.968,0.0,0,,,,,6.0,8.0
3412,-21.2692,55.333,2015,2014-11-11,2015-11-11,Indian,5.0,0.0,1.0,0.0,0.0,1.34,0.8120754716981133,2.04,0,False,2.765,0.0,19.8962,0.0,241.86599999999999,8.450999999999999,3,,,,,5.0,8.0
3413,-21.2644,55.3277,2013,2012-06-16,2013-06-16,Indian,16.56,0.0,7.0,0.0,0.0,0.0,0.4558490566037735,1.19,0,False,0.0,0.0,26.7394,0.0,376.2256,0.0,0,,,,,6.0,8.0
3413,-21.2644,55.3277,2015,2014-11-11,2015-11-11,Indian,21.875,0.0,7.0,0.0,0.0,1.34,0.8120754716981133,2.04,0,False,2.765,0.0,19.8962,0.0,253.3509,10.426499999999999,3,,,,,5.0,8.0
3415,-21.1831,55.2862,2015,2014-12-28,2015-12-28,Indian,19.06,0.0,1.5,0.16,0.16,1.01,0.8201886792452833,2.0,0,False,1.7888000000000002,0.0,5.1741,0.0,227.1145,10.756699999999999,1,,,,,4.0,8.0
3416,-21.1802,55.2859,2015,2014-12-28,2015-12-28,Indian,18.125,5.0,1.5,0.16,0.16,1.01,0.8201886792452833,2.0,0,False,1.1161,0.0,5.1741,0.0,230.7914,10.756699999999999,1,,,,,4.0,8.0
3417,-21.1711,55.2831,2014,2013-11-28,2014-11-28,Indian,21.25,0.0,8.0,0.0,0.0,2.63,0.8239622641509435,2.03,0,False,1.1466,0.0,16.4484,0.0,128.8406,0.0,1,,,,,3.0,7.0
3418,-21.1711,55.2856,2014,2013-10-21,2014-10-21,Indian,13.75,0.0,1.0,0.0,0.0,2.63,0.7862264150943397,2.03,0,False,1.1466,0.0,10.4465,0.0,118.3323,0.0,1,,,,,3.0,7.0
3418,-21.1711,55.2856,2015,2014-10-20,2015-10-20,Indian,16.5625,0.0,4.75,0.0,0.0,1.01,0.8379245283018869,1.97,0,False,0.3933,0.0,24.666900000000002,0.2522,224.33089999999999,10.756699999999999,1,,,,,4.0,8.0
3418,-21.1711,55.2856,2016,2015-03-06,2016-03-05,Indian,19.685,0.0,8.0,4.24,4.24,4.24,0.8460377358490566,2.0,7,False,1.1161,0.0,7.6647,0.2522,224.9304,10.756699999999999,1,,,,,4.0,4.0
3419,-21.1641,55.2848,2016,2015-03-06,2016-03-05,Indian,38.44,1.25,5.5,4.24,4.24,4.24,0.8460377358490566,2.0,7,False,0.0,0.0,7.6647,0.2522,224.9304,10.756699999999999,0,,,,,4.0,4.0
3420,-21.1102,55.2475,2014,2013-11-26,2014-11-26,Indian,11.56,0.0,8.0,0.0,0.0,2.94,0.8233962264150944,2.03,0,False,0.0,0.0,19.9091,0.0,123.6607,0.0,0,,,,,3.0,6.0
3420,-21.1102,55.2475,2015,2014-11-16,2015-11-16,Indian,8.125,0.0,8.0,0.0,0.0,0.8300000000000001,0.8103773584905661,1.95,0,False,0.0,0.0,27.800099999999997,3.0602,239.2132,10.756699999999999,0,,,,,4.0,7.0
3421,-21.1076,55.2497,2014,2013-10-23,2014-10-23,Indian,4.06,0.0,1.0,0.0,0.0,2.94,0.8133962264150943,2.03,0,False,0.0,0.0,14.736,0.0,104.0514,0.0,0,,,,,3.0,6.0
3421,-21.1076,55.2497,2015,2014-11-13,2015-11-13,Indian,3.44,0.0,1.0,0.0,0.0,0.8300000000000001,0.8103773584905661,1.95,0,False,0.0,0.0,27.800099999999997,3.0602,224.415,10.756699999999999,0,,,,,4.0,7.0
3423,-21.1058,55.2392,2014,2013-11-26,2014-11-26,Indian,13.75,0.0,8.0,0.0,0.0,2.94,0.8233962264150944,2.03,0,False,0.0,0.0,19.9091,0.0,124.6255,0.0,0,,,,,3.0,6.0
3423,-21.1058,55.2392,2015,2014-11-16,2015-11-16,Indian,10.94,0.0,9.0,0.0,0.0,0.8300000000000001,0.8103773584905661,1.95,0,False,0.0,0.0,27.800099999999997,3.0602,235.1358,10.756699999999999,0,,,,,4.0,7.0
3425,-21.1028,55.2428,2014,2013-10-23,2014-10-23,Indian,24.065,0.0,1.0,0.0,0.0,2.94,0.8133962264150943,2.03,0,False,0.0,0.0,14.736,0.0,110.7244,0.0,0,,,,,3.0,6.0
3425,-21.1028,55.2428,2015,2014-11-13,2015-11-13,Indian,22.19,0.0,1.0,0.0,0.0,0.8300000000000001,0.8103773584905661,1.95,0,False,0.0,0.0,27.800099999999997,3.0602,235.1358,10.756699999999999,0,,,,,4.0,7.0
3426,-21.0998,55.2314,2014,2013-11-26,2014-11-26,Indian,13.125,0.0,8.0,0.0,0.0,2.79,0.8301886792452828,2.04,0,False,0.0,0.0,19.9091,0.0,122.92530000000001,0.0,0,,,,,3.0,6.0
3426,-21.0998,55.2314,2015,2014-11-20,2015-11-20,Indian,12.19,0.0,9.0,0.0,0.0,0.81,0.7979245283018869,1.95,0,False,0.0,0.0,27.800099999999997,3.0602,218.5789,10.756699999999999,0,,,,,4.0,7.0
3427,-21.0968,55.2357,2013,2012-06-09,2013-06-09,Indian,29.69,0.0,1.0,0.0,0.0,0.0,0.4198113207547171,1.16,0,False,0.0,0.0,35.4033,0.0,362.95,0.0,0,,,,,4.0,7.0
3427,-21.0968,55.2357,2014,2013-10-22,2014-10-22,Indian,24.375,0.0,1.0,0.0,0.0,2.79,0.799622641509434,2.04,0,False,0.0,0.0,14.736,0.0,117.2336,0.0,0,,,,,3.0,6.0
3427,-21.0968,55.2357,2015,2014-11-10,2015-11-10,Indian,17.81,0.0,1.0,0.0,0.0,0.81,0.8130188679245284,1.95,0,False,0.0,0.0,27.800099999999997,3.0602,219.3622,10.756699999999999,0,,,,,4.0,7.0
3428,-21.0854,55.2206,2013,2012-05-25,2013-05-25,Indian,18.125,0.0,7.0,0.0,0.0,0.0,0.41811320754716996,1.16,0,False,1.7048999999999999,0.0,33.2078,0.0,405.9623,0.0,2,,,,,4.0,7.0
3428,-21.0854,55.2206,2014,2013-11-27,2014-11-27,Indian,21.875,0.0,8.0,0.0,0.0,2.79,0.8343396226415095,2.04,0,False,0.0,0.0,21.0352,0.0,166.1957,0.0,0,,,,,3.0,6.0
3428,-21.0854,55.2206,2015,2014-11-20,2015-11-20,Indian,9.06,0.0,10.0,0.0,0.0,0.81,0.7979245283018869,1.95,0,False,0.0,0.0,36.0334,8.450999999999999,274.2417,10.756699999999999,0,,,,,4.0,7.0
3429,-21.0843,55.2248,2013,2012-05-25,2013-05-25,Indian,21.665,0.0,1.0,0.0,0.0,0.0,0.41811320754716996,1.16,0,False,1.7048999999999999,0.0,33.2078,0.0,405.9623,0.0,2,,,,,4.0,7.0
3429,-21.0843,55.2248,2014,2013-10-22,2014-10-22,Indian,15.94,0.0,1.0,0.0,0.0,2.79,0.799622641509434,2.04,0,False,0.0,0.0,15.862100000000002,0.0,155.1182,0.0,0,,,,,3.0,6.0
3429,-21.0843,55.2248,2015,2014-11-10,2015-11-10,Indian,5.625,0.0,1.0,0.0,0.0,0.81,0.8130188679245284,1.95,0,False,0.0,0.0,36.0334,8.450999999999999,274.2417,10.756699999999999,0,,,,,4.0,7.0
3430,-21.0732,55.2194,2014,2013-10-21,2014-10-21,Indian,9.065,0.0,1.0,0.0,0.0,2.79,0.799622641509434,2.04,0,False,0.0,0.0,15.862100000000002,0.0,145.9749,0.0,0,,,,,3.0,6.0
3430,-21.0732,55.2194,2015,2014-11-09,2015-11-09,Indian,5.31,0.0,1.0,0.0,0.0,0.81,0.8130188679245284,1.95,0,False,0.0,0.0,36.0334,8.450999999999999,254.9973,10.756699999999999,0,,,,,4.0,7.0
3432,-21.0698,55.2172,2014,2013-11-27,2014-11-27,Indian,15.31,0.0,8.0,0.0,0.0,2.79,0.8343396226415095,2.04,0,False,0.0,0.0,25.5704,0.0,161.3747,0.0,0,,,,,3.0,6.0
3432,-21.0698,55.2172,2015,2014-12-02,2015-12-02,Indian,16.560000000000002,0.0,8.0,0.0,0.0,0.81,0.7926415094339624,1.95,0,False,0.0,0.0,37.5648,8.450999999999999,239.61079999999998,10.756699999999999,0,,,,,4.0,7.0
3433,-21.0512,55.2221,2014,2013-10-20,2014-10-20,Indian,10.0,0.0,1.0,0.0,0.0,2.79,0.799622641509434,2.04,0,False,0.0,0.0,17.4112,0.0,118.7771,0.0,0,,,,,3.0,6.0
3437,-21.0258,55.2273,2014,2013-10-20,2014-10-20,Indian,6.25,0.0,1.0,0.0,0.0,2.34,0.8049056603773586,2.06,0,False,7.6297,0.0,16.6921,0.0,122.2829,0.0,2,,,,,3.0,6.0
3437,-21.0258,55.2273,2015,2014-11-09,2015-11-09,Indian,9.685,0.0,1.0,0.0,0.0,0.78,0.8058490566037736,1.95,0,False,17.1932,0.2522,37.5004,10.426499999999999,222.4579,10.756699999999999,3,,,,,4.0,7.0
3438,-21.0246,55.2268,2014,2013-11-07,2014-11-07,Indian,15.31,0.0,8.0,0.0,0.0,2.34,0.8379245283018869,2.06,0,False,13.631599999999999,0.0,25.4521,0.0,137.1775,0.0,3,,,,,3.0,6.0
3438,-21.0246,55.2268,2015,2014-12-02,2015-12-02,Indian,15.620000000000001,0.0,5.0,0.0,0.0,0.78,0.7867924528301886,1.95,0,False,17.1932,0.2522,37.5004,10.426499999999999,216.4547,10.756699999999999,3,,,,,4.0,7.0
3441,-12.9639,45.0835,2014,2013-05-25,2014-05-25,Indian,32.5,0.0,2.0,0.0,0.0,0.0,0.22132075471698107,1.3,0,False,0.0,0.0,0.0,0.0,0.0,0.0,0,,,,,8.0,11.0
3441,-12.9639,45.0835,2014,2013-12-06,2014-12-06,Indian,32.5,0.0,2.0,0.0,0.0,0.0,0.3205660377358491,1.14,0,False,0.0,0.0,0.0,0.0,0.0,0.0,0,,,,,8.0,11.0
3444,-12.8697,45.2697,2014,2013-05-01,2014-05-01,Indian,33.125,0.25,3.0,0.0,0.0,0.0,0.3341509433962263,1.39,0,False,0.0,0.0,0.0,0.0,0.0,0.0,0,,,,,8.0,11.0
3444,-12.8697,45.2697,2015,2014-04-29,2015-04-29,Indian,31.56,0.5,2.5,0.0,0.0,0.0,0.3977358490566037,1.03,0,False,0.0,0.0,0.0,0.0,0.0,0.0,0,,,,,6.0,9.0
3444,-12.8697,45.2697,2015,2014-11-26,2015-11-26,Indian,24.369999999999997,0.0,4.0,0.0,0.0,0.0,0.4945283018867925,1.11,0,False,0.0,0.0,0.0,0.0,0.0,0.0,0,,,,,6.0,9.0
3444,-12.8697,45.2697,2016,2015-06-15,2016-06-14,Indian,23.44,0.0,3.0,2.64,2.8000000000000003,2.8000000000000003,0.7230188679245282,1.54,0,False,0.0,0.0,0.0,0.0,5.6245,0.0,0,,,,,6.0,9.0
3445,-12.8642,45.2712,2014,2013-05-27,2014-05-27,Indian,20.94,0.0,6.0,0.0,0.0,0.0,0.33396226415094343,1.39,0,False,0.0,0.0,0.0,0.0,0.0,0.0,0,,,,,8.0,11.0
3445,-12.8642,45.2712,2015,2014-05-06,2015-05-06,Indian,20.31,0.0,6.0,0.0,0.0,0.0,0.4067924528301886,1.03,0,False,0.0,0.0,0.0,0.0,0.0,0.0,0,,,,,6.0,9.0
3445,-12.8642,45.2712,2015,2014-11-26,2015-11-26,Indian,16.565,0.0,6.0,0.0,0.0,0.0,0.4945283018867925,1.11,0,False,0.0,0.0,0.0,0.0,0.0,0.0,0,,,,,6.0,9.0
3445,-12.8642,45.2712,2016,2015-06-15,2016-06-14,Indian,11.56,1.25,6.0,2.64,2.8000000000000003,2.8000000000000003,0.7230188679245282,1.54,0,False,0.0,0.0,0.0,0.0,5.6245,0.0,0,,,,,6.0,9.0
3445,-12.8642,45.2712,2017,2016-11-04,2017-11-04,Indian,9.06,0.0,6.0,0.0,0.0,0.0,0.5073584905660378,1.07,0,False,0.0,0.0,0.0,0.0,0.0,0.0,0,,,,,4.0,4.0
3448,-12.7142,45.1348,2017,2016-11-04,2017-11-04,Indian,19.689999999999998,0.0,11.0,0.0,0.0,0.0,0.4733962264150944,1.09,0,False,0.0,0.0,0.0,0.0,0.0,0.0,0,,,,,2.0,4.0
3450,15.8726,-61.31,2013,2012-12-17,2013-12-17,Atlantic,10.0,6.25,9.0,1.42,1.42,1.42,0.5073076923076922,1.02,0,False,0.0,0.0,0.0,0.0,0.0,0.0,0,1.0,1.0,1.0,1.0,,
3450,15.8726,-61.31,2015,2014-02-03,2015-02-03,Atlantic,11.56,0.0,9.0,0.0,0.0,0.0,0.35396226415094345,1.06,0,False,0.0,0.0,0.0,0.0,0.0,0.0,0,1.0,3.0,1.0,3.0,,
3450,15.8726,-61.31,2016,2015-01-26,2016-01-26,Atlantic,21.25,0.0,7.5,1.75,5.8100000000000005,5.8100000000000005,0.4573584905660377,1.75,14,False,0.0,0.0,0.0,0.0,0.0,0.0,0,1.0,4.0,1.0,4.0,,
3450,15.8726,-61.31,2018,2017-05-23,2018-05-23,Atlantic,22.81,0.0,7.5,0.0,0.0,1.81,0.5950943396226415,1.3,0,False,0.0,0.0,0.0,0.0,0.0,0.0,0,1.0,6.0,1.0,6.0,,
3450,15.8726,-61.31,2019,2018-05-21,2019-05-21,Atlantic,7.185,0.0,7.5,0.0,0.0,0.0,0.15886792452830195,0.64,0,False,0.0,0.0,0.0,0.0,0.0,0.0,0,1.0,7.0,1.0,7.0,,
3451,15.8764,-61.6017,2013,2012-12-18,2013-12-18,Atlantic,6.875,1.75,9.0,0.77,0.77,0.77,0.4573584905660377,1.0,0,False,0.0,0.0,0.0,0.0,0.0,0.0,0,1.0,1.0,1.0,1.0,,
3451,15.8764,-61.6017,2015,2014-02-04,2015-02-04,Atlantic,7.5,0.0,9.0,0.0,0.0,0.0,0.29037735849056606,1.08,0,False,0.0,0.0,0.0,0.0,0.0,0.0,0,1.0,3.0,1.0,3.0,,
3451,15.8764,-61.6017,2016,2015-01-27,2016-01-27,Atlantic,8.435,0.0,9.0,1.96,5.69,5.69,0.3924528301886792,1.56,14,False,0.0,0.0,0.0,0.0,0.0,0.0,0,1.0,4.0,1.0,4.0,,
3451,15.8764,-61.6017,2018,2017-05-24,2018-05-24,Atlantic,14.685,0.0,9.0,0.0,0.0,0.96,0.5454716981132075,1.26,0,False,0.0,0.0,0.0,0.0,0.0,0.0,0,1.0,6.0,1.0,6.0,,
3451,15.8764,-61.6017,2019,2018-05-23,2019-05-23,Atlantic,8.125,0.0,8.5,0.0,0.0,0.0,0.15867924528301894,0.5700000000000001,0,False,0.0,0.0,0.0,0.0,0.0,0.0,0,1.0,7.0,1.0,7.0,,
3452,15.9539,-61.7104,2013,2012-12-20,2013-12-20,Atlantic,13.440000000000001,0.5,8.0,1.07,1.07,1.07,0.4611320754716982,0.99,0,False,0.0,0.0,0.0,0.0,0.0,0.0,0,1.0,1.0,1.0,17.0,,
3452,15.9539,-61.7104,2015,2014-02-06,2015-02-06,Atlantic,22.5,0.0,10.0,0.0,0.0,0.0,0.2958490566037736,1.06,0,False,0.0,0.0,0.0,0.0,0.0,0.0,0,1.0,3.0,1.0,19.0,,
3452,15.9539,-61.7104,2016,2015-01-30,2016-01-30,Atlantic,15.625,5.0,10.0,2.28,5.94,5.94,0.3718867924528302,1.55,14,False,0.0,0.0,0.0,0.0,0.0,0.0,0,1.0,4.0,1.0,20.0,,
3452,15.9539,-61.7104,2018,2017-05-26,2018-05-26,Atlantic,26.25,0.5,10.0,0.0,0.0,1.24,0.5373584905660377,1.22,0,False,0.0,0.0,0.0,0.0,0.0,0.0,0,1.0,6.0,1.0,22.0,,
3452,15.9539,-61.7104,2019,2018-05-24,2019-05-24,Atlantic,16.25,0.5,10.0,0.0,0.0,0.0,0.14,0.64,0,False,0.0,0.0,0.0,0.0,0.0,0.0,0,1.0,7.0,1.0,23.0,,
3454,16.1384,-61.7757,2016,2015-01-29,2016-01-29,Atlantic,14.69,0.75,5.0,2.04,5.23,5.23,0.3379245283018868,1.49,7,False,0.0,0.0,0.0,0.0,0.0,0.0,0,1.0,4.0,1.0,20.0,,
3454,16.1384,-61.7757,2018,2017-05-25,2018-05-25,Atlantic,22.81,0.5,5.0,0.0,0.0,0.78,0.5250943396226416,1.21,0,False,0.0,0.0,0.0,0.0,0.0,0.0,0,1.0,6.0,1.0,22.0,,
3454,16.1384,-61.7757,2019,2018-05-25,2019-05-25,Atlantic,24.689999999999998,0.0,5.0,0.0,0.0,0.0,0.12188679245283017,0.59,0,False,0.0,0.0,0.0,0.0,2.0555,0.0,0,1.0,7.0,1.0,23.0,,
3455,16.1751,-61.1056,2013,2012-12-16,2013-12-16,Atlantic,20.62,1.25,2.0,1.56,1.56,2.0,0.5599999999999999,1.07,0,False,0.0,0.0,0.0,0.0,0.0,0.0,0,0.0,0.0,1.0,1.0,,
3455,16.1751,-61.1056,2015,2014-02-01,2015-02-01,Atlantic,15.315,0.0,2.0,0.0,0.0,0.0,0.4090566037735849,1.14,0,False,0.0,0.0,0.0,0.0,0.0,0.0,0,0.0,0.0,1.0,3.0,,
3455,16.1751,-61.1056,2016,2015-01-24,2016-01-24,Atlantic,16.565,0.0,2.0,1.61,5.14,5.14,0.4673584905660378,1.56,7,False,0.0,0.0,0.0,0.0,0.0,0.0,0,0.0,0.0,1.0,4.0,,
3455,16.1751,-61.1056,2018,2017-05-22,2018-05-22,Atlantic,25.94,0.0,2.0,0.0,0.0,1.69,0.6352830188679243,1.33,0,False,0.0,0.0,0.0,0.0,0.0,0.0,0,1.0,0.0,1.0,6.0,,
3455,16.1751,-61.1056,2019,2018-05-20,2019-05-20,Atlantic,21.560000000000002,0.25,2.0,0.0,0.0,0.0,0.22018867924528301,0.68,0,False,0.0,0.0,0.0,0.0,0.0,0.0,0,1.0,1.0,1.0,7.0,,
3456,16.1999,-61.4898,2013,2012-12-13,2013-12-13,Atlantic,20.625,4.5,1.0,0.62,0.62,1.55,0.4843396226415094,1.03,0,False,0.0,0.0,0.0,0.0,0.0,0.0,0,1.0,17.0,1.0,17.0,,
3456,16.1999,-61.4898,2015,2014-02-07,2015-02-07,Atlantic,4.6850000000000005,0.0,0.5,0.0,0.0,0.0,0.3222641509433963,1.08,0,False,0.0,0.0,0.0,0.0,0.0,0.0,0,1.0,19.0,1.0,19.0,,
3456,16.1999,-61.4898,2016,2015-01-31,2016-01-31,Atlantic,10.629999999999999,0.0,0.5,1.73,5.63,5.63,0.3828301886792452,1.66,14,False,0.0,0.0,0.0,0.0,0.0,0.0,0,1.0,20.0,1.0,20.0,,
3456,16.1999,-61.4898,2018,2017-05-19,2018-05-19,Atlantic,11.25,0.0,0.5,0.0,0.0,2.27,0.6469811320754716,1.51,0,False,0.0,0.0,0.0,0.0,0.0,0.0,0,1.0,22.0,1.0,22.0,,
3456,16.1999,-61.4898,2019,2018-05-26,2019-05-26,Atlantic,5.630000000000001,0.5,0.5,0.0,0.0,0.0,0.2015094339622641,0.77,0,False,0.0,0.0,0.0,0.0,2.0555,0.0,0,1.0,23.0,1.0,23.0,,
3457,16.2399,-61.2852,2013,2012-12-14,2013-12-14,Atlantic,25.935,0.0,12.0,0.9,0.9,1.85,0.521132075471698,1.02,0,False,0.0,0.0,0.0,0.0,0.0,0.0,0,0.0,0.0,1.0,17.0,,
3457,16.2399,-61.2852,2015,2014-01-31,2015-01-31,Atlantic,23.44,0.25,9.0,0.0,0.0,0.0,0.37849056603773573,1.06,0,False,0.0,0.0,0.0,0.0,0.0,0.0,0,1.0,1.0,1.0,19.0,,
3457,16.2399,-61.2852,2016,2015-01-23,2016-01-23,Atlantic,26.25,1.25,9.0,2.59,4.99,4.99,0.42943396226415104,1.55,7,False,0.0,0.0,0.0,0.0,0.0,0.0,0,1.0,2.0,1.0,20.0,,
3457,16.2399,-61.2852,2018,2017-05-20,2018-05-20,Atlantic,23.75,0.0,9.0,0.0,0.0,1.66,0.6116981132075472,1.28,0,False,0.0,0.0,0.0,0.0,0.0,0.0,0,1.0,4.0,1.0,22.0,,
3457,16.2399,-61.2852,2019,2018-05-18,2019-05-18,Atlantic,8.434999999999999,0.0,9.0,0.0,0.0,0.0,0.1952830188679245,0.65,0,False,0.0,0.0,0.0,0.0,2.0555,0.0,0,1.0,5.0,1.0,23.0,,
3459,16.4312,-61.5429,2013,2012-12-13,2013-12-13,Atlantic,15.0,1.0,13.0,1.08,1.08,1.56,0.4522641509433962,1.05,0,False,0.0,0.0,0.0,0.0,0.0,0.0,0,1.0,17.0,1.0,17.0,,
3459,16.4312,-61.5429,2015,2014-01-30,2015-01-30,Atlantic,15.625,0.0,13.0,0.0,0.0,0.0,0.35396226415094334,1.02,0,False,0.0,0.0,0.0,0.0,0.5688,0.0,0,1.0,19.0,1.0,19.0,,
3459,16.4312,-61.5429,2016,2015-01-22,2016-01-22,Atlantic,15.94,1.0,13.0,2.77,4.89,4.89,0.3971698113207547,1.43,7,False,0.0,0.0,0.0,0.0,0.0,0.0,0,1.0,20.0,1.0,20.0,,
3459,16.4312,-61.5429,2018,2017-05-27,2018-05-27,Atlantic,30.625,1.25,13.0,0.0,0.0,1.09,0.5262264150943397,1.22,0,False,0.0,0.0,0.0,0.0,0.0,0.0,0,1.0,22.0,1.0,22.0,,
3459,16.4312,-61.5429,2019,2018-05-17,2019-05-17,Atlantic,32.185,7.75,13.0,0.0,0.0,0.0,0.16018867924528302,0.59,0,False,2.0555,0.0,3.5462999999999996,0.0,3.5462999999999996,0.0,1,1.0,23.0,1.0,23.0,,
3460,18.0712,-63.0101,2015,2014-01-28,2015-01-28,Atlantic,23.75,0.0,10.0,0.14,0.14,0.14,0.4169811320754717,1.11,0,False,0.0,0.0,0.0,0.0,0.0,0.0,0,1.0,3.0,1.0,3.0,,
3460,18.0712,-63.0101,2016,2015-01-25,2016-01-25,Atlantic,15.315,2.5,10.0,0.59,2.72,2.72,0.5241509433962265,1.33,0,False,0.0,0.0,0.0,0.0,11.0679,0.0,0,1.0,4.0,1.0,4.0,,
3460,18.0712,-63.0101,2017,2016-02-16,2017-02-15,Atlantic,33.75,2.5,10.0,0.29,3.29,3.6,0.7490566037735849,1.43,0,False,247.2849,247.2849,247.8195,247.8195,250.6935,247.8195,6,1.0,5.0,1.0,5.0,,
3460,18.0712,-63.0101,2017,2016-12-04,2017-12-04,Atlantic,15.625,0.0,10.0,1.27,1.27,3.29,0.6286792452830189,1.32,0,False,107.3937,107.2607,107.6639,107.5309,110.5379,107.5309,8,1.0,5.0,1.0,5.0,,
3461,18.0909,-63.0106,2016,2015-01-25,2016-01-25,Atlantic,26.880000000000003,6.25,2.0,0.59,2.72,2.72,0.5241509433962265,1.33,0,False,0.0,0.0,0.0,0.0,5.6693999999999996,0.0,0,1.0,4.0,1.0,4.0,,
3461,18.0909,-63.0106,2017,2016-02-15,2017-02-14,Atlantic,22.5,0.0,2.0,0.59,3.29,3.6,0.7490566037735849,1.43,0,False,247.2849,247.2849,247.8195,247.8195,250.6935,247.8195,6,1.0,5.0,1.0,5.0,,
3461,18.0909,-63.0106,2017,2016-12-06,2017-12-06,Atlantic,4.685,0.0,2.0,1.27,1.27,3.29,0.6286792452830189,1.32,0,False,107.3937,107.2607,107.6639,107.5309,110.5379,107.5309,8,1.0,5.0,1.0,5.0,,
3462,18.1029,-63.0161,2016,2015-02-05,2016-02-05,Atlantic,25.935,0.0,3.0,0.29,2.69,2.69,0.521132075471698,1.31,0,False,0.0,0.0,0.0,0.0,0.0,0.0,0,1.0,4.0,1.0,4.0,,
3462,18.1029,-63.0161,2017,2016-02-15,2017-02-14,Atlantic,22.815,0.0,3.0,0.44,2.97,3.28,0.7503773584905661,1.45,0,False,247.2849,247.2849,247.8195,247.8195,250.14350000000002,247.8195,6,1.0,5.0,1.0,5.0,,
3462,18.1029,-63.0161,2017,2016-12-05,2017-12-05,Atlantic,24.69,0.25,3.0,1.25,1.25,2.97,0.6273584905660378,1.3,0,False,107.3937,107.2607,107.6639,107.5309,109.9879,107.5309,8,1.0,5.0,1.0,5.0,,
3463,18.1184,-63.0566,2016,2015-02-05,2016-02-05,Atlantic,8.75,0.0,10.0,0.58,2.8000000000000003,2.8000000000000003,0.5024528301886793,1.29,0,False,0.0,0.0,0.0,0.0,0.0,0.0,0,1.0,4.0,1.0,4.0,,
3463,18.1184,-63.0566,2017,2016-02-16,2017-02-15,Atlantic,20.31,0.0,10.0,0.15,2.51,2.82,0.7352830188679247,1.45,0,False,247.2849,247.2849,247.8195,247.8195,250.14350000000002,247.8195,6,1.0,5.0,1.0,5.0,,
3463,18.1184,-63.0566,2017,2016-12-05,2017-12-05,Atlantic,12.185,0.0,10.0,1.25,1.25,2.51,0.620188679245283,1.3,0,False,107.3937,107.2607,107.6639,107.5309,109.9879,107.5309,8,1.0,5.0,1.0,5.0,,
3468,-17.498,-149.7562,2016,2015-03-14,2016-03-13,Pacific,18.435000000000002,0.0,1.0,0.0,0.0,0.31,0.23660377358490564,0.73,0,False,7.6761,0.0,56.9101,0.0,143.2302,0.0,1,,,,,9.0,9.0
3468,-17.498,-149.7562,2017,2016-04-30,2017-04-30,Pacific,14.379999999999999,0.75,1.5,0.0,0.0,0.66,0.5909615384615384,1.49,0,False,0.4744,0.0,78.5344,0.0,181.3039,0.0,1,,,,,6.0,6.0
3468,-17.498,-149.7562,2017,2016-11-18,2017-11-18,Pacific,14.06,0.0,2.0,0.0,0.0,0.0,0.49452830188679253,1.49,0,False,0.0,0.0,84.3093,0.0,238.2586,0.0,0,,,,,6.0,6.0
3469,-17.4849,-149.8399,2015,2014-06-26,2015-06-26,Pacific,16.88,0.25,2.1,0.0,0.32,0.32,0.4532075471698114,1.85,0,False,0.0,0.0,51.0751,0.0,195.9637,0.0,0,,,,,12.0,12.0
3469,-17.4849,-149.8399,2016,2015-04-02,2016-04-01,Pacific,14.065000000000001,0.0,2.1,0.0,0.0,0.32,0.26075471698113206,0.75,0,False,0.0,0.0,28.1047,0.0,131.6805,0.0,0,,,,,9.0,9.0
3469,-17.4849,-149.8399,2016,2015-12-15,2016-12-14,Pacific,23.435,0.0,2.0,0.0,0.0,0.66,0.5103773584905661,1.34,0,False,0.0,0.0,15.9118,0.0,103.2024,0.0,0,,,,,9.0,9.0
3469,-17.4849,-149.8399,2017,2016-11-18,2017-11-18,Pacific,15.935,0.0,2.0,0.0,0.0,0.0,0.501132075471698,1.49,0,False,0.0,0.0,29.1737,0.0,227.6372,0.0,0,,,,,6.0,6.0
3523,-17.7168,-149.5856,2017,2016-05-06,2017-05-06,Pacific,16.87,1.75,1.5,0.0,0.0,0.16,0.5130188679245284,1.4,0,False,0.0,0.0,8.4742,0.0,168.3787,0.0,0,,,,,1.0,6.0
3525,-17.7156,-149.5836,2017,2016-05-06,2017-05-06,Pacific,21.564999999999998,1.0,1.0,0.0,0.0,0.16,0.5130188679245284,1.4,0,False,0.0,0.0,8.4742,0.0,168.3787,0.0,0,,,,,1.0,6.0
3526,-17.6564,-149.6026,2016,2015-10-13,2016-10-12,Pacific,19.065,0.0,2.0,0.0,0.0,0.16,0.27679245283018866,1.24,0,False,0.0,0.0,30.098300000000002,0.0,87.9471,0.0,0,,,,,0.0,9.0
3530,-17.6448,-149.6127,2016,2015-10-13,2016-10-12,Pacific,12.815,0.0,3.0,0.0,0.0,0.17,0.28018867924528307,1.24,0,False,0.0,0.0,30.098300000000002,0.0,84.1049,0.0,0,,,,,3.0,9.0
3533,-17.5931,-149.8565,2016,2015-02-13,2016-02-13,Pacific,12.19,0.0,1.3,0.0,0.0,0.15,0.26132075471698113,0.7000000000000001,0,False,0.0,0.0,11.602,0.0,81.667,0.0,0,,,,,9.0,9.0
3534,-17.5871,-149.8525,2016,2015-01-30,2016-01-30,Pacific,20.31,0.25,0.5,0.0,0.0,0.15,0.2564150943396226,0.7000000000000001,0,False,0.0,0.0,11.602,0.0,103.06349999999999,0.0,0,,,,,9.0,9.0
3534,-17.5871,-149.8525,2017,2016-06-03,2017-06-03,Pacific,28.75,1.25,1.0,0.16,0.16,0.64,0.5918867924528302,1.55,0,False,0.0,0.0,1.5962,0.0,155.8246,0.0,0,,,,,6.0,6.0
3535,-17.5863,-149.8531,2016,2015-01-30,2016-01-30,Pacific,17.81,0.0,3.0,0.0,0.0,0.15,0.2564150943396226,0.7000000000000001,0,False,0.0,0.0,11.602,0.0,103.06349999999999,0.0,0,,,,,9.0,9.0
3538,-17.5506,-149.8839,2016,2015-03-06,2016-03-05,Pacific,23.130000000000003,0.0,0.5,0.0,0.0,0.15,0.2632075471698113,0.7000000000000001,0,False,0.0,0.0,10.4793,0.0,99.7595,0.0,0,,,,,9.0,9.0
3539,-17.5422,-149.902,2016,2015-04-10,2016-04-09,Pacific,18.435,0.0,2.0,0.5,0.5,0.5,0.3145283018867925,1.38,0,False,0.0,0.0,7.6761,0.0,102.2652,0.0,0,,,,,9.0,9.0
3543,-17.4903,-149.9076,2016,2015-04-10,2016-04-09,Pacific,17.810000000000002,0.0,1.4,0.51,0.51,0.51,0.32584905660377356,1.36,0,False,0.0,0.0,7.6761,0.0,102.2652,0.0,0,,,,,9.0,9.0
3545,-17.4864,-149.8912,2015,2014-11-13,2015-11-13,Pacific,14.690000000000001,0.0,2.0,0.0,0.0,0.32,0.36,1.87,0,False,0.0,0.0,7.6761,0.0,132.63119999999998,0.0,0,,,,,12.0,12.0
3547,-17.4833,-149.8126,2015,2014-06-26,2015-06-26,Pacific,19.065,0.0,1.4,0.0,0.32,0.32,0.4532075471698114,1.85,0,False,7.6761,0.0,65.01350000000001,0.0,195.9637,0.0,1,,,,,12.0,12.0
3547,-17.4833,-149.8126,2016,2015-12-15,2016-12-14,Pacific,11.88,0.0,2.0,0.0,0.0,0.66,0.5103773584905661,1.34,0,False,0.4744,0.0,32.3879,0.0,105.0956,0.0,1,,,,,9.0,9.0
3547,-17.4833,-149.8126,2017,2016-04-30,2017-04-30,Pacific,14.69,3.0,1.5,0.0,0.0,0.66,0.6009615384615385,1.49,0,False,0.4744,0.0,55.2735,0.0,181.3039,0.0,1,,,,,6.0,6.0
3550,-17.4782,-149.8392,2015,2014-07-02,2015-07-02,Pacific,20.939999999999998,2.25,2.0,0.0,0.0,0.32,0.4532075471698114,1.85,0,False,7.6761,0.0,56.0034,0.0,182.7006,0.0,1,,,,,12.0,12.0
3550,-17.4782,-149.8392,2016,2015-12-16,2016-12-15,Pacific,20.94,0.0,2.0,0.0,0.0,0.66,0.5103773584905661,1.34,0,False,0.4744,0.0,32.3879,0.0,103.2024,0.0,1,,,,,9.0,9.0
3555,-17.4748,-149.8162,2015,2014-07-02,2015-07-02,Pacific,11.565000000000001,2.25,2.1,0.0,0.0,0.32,0.4532075471698114,1.85,0,False,7.6761,0.0,56.0034,0.0,182.7006,0.0,1,,,,,12.0,12.0
3555,-17.4748,-149.8162,2016,2015-04-02,2016-04-01,Pacific,13.75,8.75,2.1,0.0,0.0,0.32,0.26075471698113206,0.75,0,False,7.6761,0.0,36.031,0.0,132.0216,0.0,1,,,,,9.0,9.0
3555,-17.4748,-149.8162,2016,2015-12-16,2016-12-15,Pacific,16.875,0.0,2.0,0.0,0.0,0.66,0.5103773584905661,1.34,0,False,0.4744,0.0,32.3879,0.0,105.0956,0.0,1,,,,,9.0,9.0
3556,-17.4733,-149.8174,2016,2015-03-13,2016-03-12,Pacific,25.31,4.25,10.0,0.0,0.0,0.32,0.2518867924528302,0.75,0,False,7.6761,0.0,35.0044,0.0,129.51590000000002,0.0,1,,,,,9.0,9.0
3557,-16.879,-151.352,2016,2015-02-18,2016-02-18,Pacific,18.44,0.0,1.0,0.0,0.0,0.0,0.3430188679245283,1.16,0,False,0.0,0.0,0.0,0.0,0.0,0.0,0,,,,,0.0,0.0
3562,-16.7355,-151.5039,2015,2014-10-31,2015-10-31,Pacific,19.06,2.25,8.0,0.0,0.0,0.0,0.40811320754716984,1.47,0,False,0.0,0.0,0.0,0.0,0.0,0.0,0,,,,,0.0,0.0
3568,-16.5526,-151.7326,2013,2012-03-23,2013-03-23,Pacific,4.369999999999999,2.5,1.0,0.0,0.47,0.47,0.4996226415094339,2.42,0,False,0.0,0.0,0.0,0.0,0.0,0.0,0,,,,,0.0,0.0
3568,-16.5526,-151.7326,2014,2013-03-09,2014-03-09,Pacific,5.31,0.0,1.0,0.0,0.0,0.0,0.004150943396226417,0.6,0,False,0.0,0.0,0.0,0.0,0.0,0.0,0,,,,,0.0,0.0
3568,-16.5526,-151.7326,2014,2013-09-14,2014-09-14,Pacific,5.31,0.0,0.8,0.0,0.0,0.0,0.05169811320754717,0.74,0,False,0.0,0.0,0.0,0.0,0.0,0.0,0,,,,,0.0,0.0
3568,-16.5526,-151.7326,2015,2014-04-12,2015-04-12,Pacific,5.0,0.0,0.8,0.0,0.0,0.0,0.4428301886792453,1.39,0,False,0.0,0.0,0.0,0.0,0.0,0.0,0,,,,,0.0,0.0
3568,-16.5526,-151.7326,2015,2014-09-20,2015-09-20,Pacific,6.56,0.0,0.8,0.0,0.0,0.0,0.4954716981132075,1.39,0,False,0.0,0.0,0.0,0.0,0.0,0.0,0,,,,,0.0,0.0
3568,-16.5526,-151.7326,2016,2015-04-10,2016-04-09,Pacific,6.25,10.0,0.8,2.12,2.12,2.12,0.4728301886792453,1.89,0,False,0.0,0.0,0.0,0.0,0.0,0.0,0,,,,,0.0,0.0
3568,-16.5526,-151.7326,2017,2016-03-27,2017-03-27,Pacific,7.5,0.0,0.8,0.0,0.0,3.6,0.7056603773584906,1.89,0,False,0.0,0.0,0.0,0.0,0.0,0.0,0,,,,,0.0,0.0
3568,-16.5526,-151.7326,2017,2016-10-16,2017-10-16,Pacific,8.44,0.0,1.0,0.0,0.0,0.0,0.5850943396226415,1.37,0,False,0.0,0.0,0.0,0.0,0.0,0.0,0,,,,,0.0,0.0
3568,-16.5526,-151.7326,2018,2017-03-31,2018-03-31,Pacific,7.5,0.0,1.0,0.0,0.0,0.0,0.3222641509433963,1.08,0,False,0.0,0.0,0.0,0.0,0.0,0.0,0,,,,,0.0,0.0
3568,-16.5526,-151.7326,2018,2017-10-13,2018-10-13,Pacific,7.5,0.0,0.8,0.0,0.0,0.0,0.22471698113207547,1.08,0,False,0.0,0.0,0.0,0.0,3.6962,0.0,0,,,,,0.0,0.0
3568,-16.5526,-151.7326,2019,2018-04-21,2019-04-21,Pacific,7.5,2.5,0.8,0.47,0.47,0.47,0.5652830188679244,1.34,0,False,0.0,0.0,1.9691,0.0,17.3155,0.0,0,,,,,0.0,0.0
3568,-16.5526,-151.7326,2019,2018-10-12,2019-10-12,Pacific,7.5,0.0,0.8,0.0,0.0,0.47,0.6490566037735849,1.34,0,False,0.0,0.0,1.9691,0.0,46.558099999999996,0.0,0,,,,,0.0,0.0
3568,-16.5526,-151.7326,2020,2019-03-09,2020-03-08,Pacific,6.25,0.0,0.8,0.0,0.0,0.47,0.4092452830188679,1.07,0,False,3.5041,0.0,3.5041,0.0,70.9924,0.0,1,,,,,0.0,0.0
3571,-16.5515,-151.7784,2013,2012-07-03,2013-07-03,Pacific,8.435,0.0,1.0,0.0,0.0,0.47,0.43339622641509434,2.43,0,False,0.0,0.0,0.0,0.0,0.0,0.0,0,,,,,0.0,0.0
3571,-16.5515,-151.7784,2014,2013-03-22,2014-03-22,Pacific,10.31,3.0,1.0,0.0,0.0,0.0,0.018867924528301886,0.66,0,False,0.0,0.0,0.0,0.0,0.0,0.0,0,,,,,0.0,0.0
3571,-16.5515,-151.7784,2014,2013-09-20,2014-09-20,Pacific,11.870000000000001,0.0,0.7,0.0,0.0,0.0,0.08075471698113207,0.74,0,False,0.0,0.0,0.0,0.0,0.0,0.0,0,,,,,0.0,0.0
3571,-16.5515,-151.7784,2015,2014-04-07,2015-04-07,Pacific,12.5,0.0,0.7,0.0,0.0,0.0,0.4390566037735849,1.38,0,False,0.0,0.0,0.0,0.0,0.0,0.0,0,,,,,0.0,0.0
3571,-16.5515,-151.7784,2015,2014-09-13,2015-09-13,Pacific,17.81,0.0,0.7,0.0,0.0,0.0,0.5183018867924528,1.38,0,False,0.0,0.0,0.0,0.0,0.0,0.0,0,,,,,0.0,0.0
3571,-16.5515,-151.7784,2016,2015-03-20,2016-03-19,Pacific,17.81,4.5,0.7,0.0,0.0,0.0,0.41905660377358495,1.36,0,False,0.0,0.0,0.0,0.0,0.0,0.0,0,,,,,0.0,0.0
3571,-16.5515,-151.7784,2016,2015-09-18,2016-09-17,Pacific,18.44,0.0,0.7,0.0,2.64,3.43,0.5599999999999999,1.88,0,False,0.0,0.0,0.0,0.0,0.0,0.0,0,,,,,0.0,0.0
3571,-16.5515,-151.7784,2017,2016-03-19,2017-03-19,Pacific,18.44,2.5,0.7,0.0,0.0,3.43,0.7221153846153848,1.88,0,False,0.0,0.0,0.0,0.0,0.0,0.0,0,,,,,0.0,0.0
3571,-16.5515,-151.7784,2017,2016-09-03,2017-09-03,Pacific,18.125,0.0,1.0,0.0,0.0,0.0,0.6828846153846153,1.38,0,False,0.0,0.0,0.0,0.0,0.0,0.0,0,,,,,0.0,0.0
3571,-16.5515,-151.7784,2018,2017-03-17,2018-03-17,Pacific,18.125,3.75,1.0,0.0,0.0,0.0,0.35773584905660377,1.07,0,False,0.0,0.0,0.0,0.0,0.0,0.0,0,,,,,0.0,0.0
3571,-16.5515,-151.7784,2018,2017-09-09,2018-09-09,Pacific,18.44,0.0,0.7,0.0,0.0,0.0,0.2169811320754717,1.07,0,False,0.0,0.0,0.0,0.0,1.5274,0.0,0,,,,,0.0,0.0
3571,-16.5515,-151.7784,2019,2018-03-17,2019-03-17,Pacific,17.5,20.0,0.7,0.0,0.0,0.0,0.47301886792452835,1.34,0,False,0.0,0.0,5.4666,0.0,13.8643,0.0,0,,,,,0.0,0.0
3571,-16.5515,-151.7784,2019,2018-09-08,2019-09-08,Pacific,17.5,0.0,0.7,0.0,0.61,0.61,0.6566037735849057,1.34,0,False,0.0,0.0,5.4666,0.0,43.3207,0.0,0,,,,,0.0,0.0
3571,-16.5515,-151.7784,2020,2019-03-16,2020-03-15,Pacific,18.125,0.0,0.7,0.0,0.0,0.61,0.4105660377358491,1.09,0,False,0.0,0.0,3.5041,0.0,61.0712,0.0,0,,,,,0.0,0.0
3573,-16.5491,-151.7038,2013,2012-03-23,2013-03-23,Pacific,6.869999999999999,0.0,1.0,0.0,0.47,0.47,0.5018867924528302,2.43,0,True,0.0,0.0,0.0,0.0,0.0,0.0,0,,,,,0.0,0.0
3573,-16.5491,-151.7038,2014,2013-03-01,2014-03-01,Pacific,10.315,0.0,1.0,0.0,0.0,0.0,0.004150943396226415,0.66,0,True,0.0,0.0,0.0,0.0,0.0,0.0,0,,,,,0.0,0.0
3573,-16.5491,-151.7038,2014,2013-09-28,2014-09-28,Pacific,13.120000000000001,0.0,1.0,0.0,0.0,0.0,0.10433962264150942,0.77,0,True,0.0,0.0,0.0,0.0,0.0,0.0,0,,,,,0.0,0.0
3573,-16.5491,-151.7038,2015,2014-03-07,2015-03-07,Pacific,10.94,18.0,1.0,0.0,0.0,0.0,0.39924528301886797,1.38,0,True,0.0,0.0,0.0,0.0,0.0,0.0,0,,,,,0.0,0.0
3573,-16.5491,-151.7038,2015,2014-09-20,2015-09-20,Pacific,11.25,0.0,1.0,0.0,0.0,0.0,0.5069811320754717,1.38,0,True,0.0,0.0,0.0,0.0,0.0,0.0,0,,,,,0.0,0.0
3573,-16.5491,-151.7038,2016,2015-03-13,2016-03-12,Pacific,12.185,7.5,1.0,0.0,0.0,0.0,0.4149056603773585,1.36,0,True,0.0,0.0,0.0,0.0,0.0,0.0,0,,,,,0.0,0.0
3573,-16.5491,-151.7038,2016,2015-08-21,2016-08-20,Pacific,11.25,0.0,1.0,0.0,3.43,3.43,0.5260377358490566,1.88,0,True,0.0,0.0,0.0,0.0,0.0,0.0,0,,,,,0.0,0.0
3573,-16.5491,-151.7038,2017,2016-04-08,2017-04-08,Pacific,11.875,0.0,1.0,0.0,0.0,3.43,0.6911320754716983,1.88,0,True,0.0,0.0,0.0,0.0,0.0,0.0,0,,,,,0.0,0.0
3573,-16.5491,-151.7038,2017,2016-10-29,2017-10-29,Pacific,12.81,0.0,1.0,0.0,0.0,0.0,0.5663461538461539,1.38,0,True,0.0,0.0,0.0,0.0,0.0,0.0,0,,,,,0.0,0.0
3573,-16.5491,-151.7038,2018,2017-04-22,2018-04-22,Pacific,12.19,0.0,1.0,0.0,0.0,0.0,0.2928301886792453,1.07,0,True,0.0,0.0,0.0,0.0,0.0,0.0,0,,,,,0.0,0.0
3573,-16.5491,-151.7038,2018,2017-09-30,2018-09-30,Pacific,12.81,0.0,1.0,0.0,0.0,0.0,0.2162264150943396,1.07,0,True,0.0,0.0,0.0,0.0,5.1445,0.0,0,,,,,0.0,0.0
3573,-16.5491,-151.7038,2019,2018-03-02,2019-03-02,Pacific,12.5,16.25,1.0,0.0,0.0,0.0,0.42490566037735855,1.34,0,True,0.0,0.0,1.9691,0.0,18.7638,0.0,0,,,,,0.0,0.0
3573,-16.5491,-151.7038,2019,2018-10-12,2019-10-12,Pacific,13.125,0.0,1.0,0.0,0.0,0.61,0.6520754716981132,1.34,0,True,0.0,0.0,1.9691,0.0,44.2466,0.0,0,,,,,0.0,0.0
3573,-16.5491,-151.7038,2020,2019-03-09,2020-03-08,Pacific,12.81,0.0,1.0,0.0,0.0,0.61,0.41169811320754723,1.09,0,True,3.5041,0.0,3.5041,0.0,70.2092,0.0,1,,,,,0.0,0.0
3577,-16.5427,-151.7408,2013,2012-03-31,2013-03-31,Pacific,22.815,0.0,2.0,0.0,0.47,0.47,0.5056603773584906,2.43,0,True,0.0,0.0,0.0,0.0,0.0,0.0,0,,,,,0.0,0.0
3577,-16.5427,-151.7408,2014,2013-04-02,2014-04-02,Pacific,26.880000000000003,2.5,2.0,0.0,0.0,0.0,0.00849056603773585,0.66,0,True,0.0,0.0,0.0,0.0,0.0,0.0,0,,,,,0.0,0.0
3577,-16.5427,-151.7408,2014,2013-09-12,2014-09-12,Pacific,27.815,0.0,2.0,0.0,0.0,0.0,0.06056603773584906,0.74,0,True,0.0,0.0,0.0,0.0,0.0,0.0,0,,,,,0.0,0.0
3577,-16.5427,-151.7408,2015,2014-03-21,2015-03-21,Pacific,24.380000000000003,0.0,2.0,0.0,0.0,0.0,0.4154716981132075,1.38,0,True,0.0,0.0,0.0,0.0,0.0,0.0,0,,,,,0.0,0.0
3577,-16.5427,-151.7408,2015,2014-10-04,2015-10-04,Pacific,25.625,0.0,2.0,0.0,0.0,0.0,0.49301886792452826,1.38,0,True,0.0,0.0,0.0,0.0,0.0,0.0,0,,,,,0.0,0.0
3577,-16.5427,-151.7408,2016,2015-04-03,2016-04-02,Pacific,25.94,0.0,2.0,0.79,0.79,0.79,0.4494339622641511,1.44,0,True,0.0,0.0,0.0,0.0,0.0,0.0,0,,,,,0.0,0.0
3577,-16.5427,-151.7408,2016,2015-09-25,2016-09-24,Pacific,27.5,0.0,2.0,0.0,1.48,3.43,0.5550943396226414,1.88,0,True,0.0,0.0,0.0,0.0,0.0,0.0,0,,,,,0.0,0.0
3577,-16.5427,-151.7408,2017,2016-03-12,2017-03-12,Pacific,27.815,12.5,2.0,0.0,0.0,3.43,0.7184615384615386,1.88,0,True,0.0,0.0,0.0,0.0,0.0,0.0,0,,,,,0.0,0.0
3577,-16.5427,-151.7408,2017,2016-09-11,2017-09-11,Pacific,28.125,0.0,2.0,0.0,0.0,0.0,0.6633962264150944,1.38,0,True,0.0,0.0,0.0,0.0,0.0,0.0,0,,,,,0.0,0.0
3577,-16.5427,-151.7408,2018,2017-03-28,2018-03-28,Pacific,28.44,1.25,2.0,0.0,0.0,0.0,0.32188679245283025,1.07,0,True,0.0,0.0,0.0,0.0,0.0,0.0,0,,,,,0.0,0.0
3577,-16.5427,-151.7408,2018,2017-09-29,2018-09-29,Pacific,28.130000000000003,0.0,2.0,0.0,0.0,0.0,0.2162264150943396,1.07,0,True,0.0,0.0,0.0,0.0,3.6962,0.0,0,,,,,0.0,0.0
3577,-16.5427,-151.7408,2019,2018-05-05,2019-05-05,Pacific,21.565,100.0,2.0,0.61,0.61,0.61,0.5926415094339622,1.34,0,True,0.0,0.0,6.3399,0.0,41.9687,0.0,0,,,,,0.0,0.0
3577,-16.5427,-151.7408,2019,2018-09-28,2019-09-28,Pacific,21.25,0.0,2.0,0.0,0.0,0.61,0.6420754716981132,1.34,0,True,0.0,0.0,6.3399,0.0,46.8059,0.0,0,,,,,0.0,0.0
3577,-16.5427,-151.7408,2020,2019-03-13,2020-03-12,Pacific,29.685,0.0,2.0,0.0,0.0,0.61,0.4105660377358491,1.09,0,True,3.5041,0.0,3.5041,0.0,71.2402,0.0,1,,,,,0.0,0.0
3579,-16.5424,-151.727,2013,2012-04-26,2013-04-26,Pacific,18.439999999999998,1.25,1.7,0.0,0.47,0.47,0.4983018867924529,2.43,0,True,0.0,0.0,0.0,0.0,0.0,0.0,0,,,,,0.0,0.0
3579,-16.5424,-151.727,2014,2013-03-11,2014-03-11,Pacific,16.25,3.75,1.7,0.0,0.0,0.0,0.018113207547169812,0.66,0,True,0.0,0.0,0.0,0.0,0.0,0.0,0,,,,,0.0,0.0
3579,-16.5424,-151.727,2014,2013-09-15,2014-09-15,Pacific,15.935,0.0,1.7,0.0,0.0,0.0,0.06056603773584906,0.74,0,True,0.0,0.0,0.0,0.0,0.0,0.0,0,,,,,0.0,0.0
3579,-16.5424,-151.727,2015,2014-04-12,2015-04-12,Pacific,15.94,0.25,1.7,0.0,0.0,0.0,0.45075471698113206,1.38,0,True,0.0,0.0,0.0,0.0,0.0,0.0,0,,,,,0.0,0.0
3579,-16.5424,-151.727,2015,2014-09-06,2015-09-06,Pacific,15.629999999999999,0.0,1.7,0.0,0.0,0.0,0.5228301886792452,1.38,0,True,0.0,0.0,0.0,0.0,0.0,0.0,0,,,,,0.0,0.0
3579,-16.5424,-151.727,2016,2015-04-10,2016-04-09,Pacific,15.620000000000001,6.25,1.7,1.95,1.95,1.95,0.48132075471698116,1.88,0,True,0.0,0.0,0.0,0.0,0.0,0.0,0,,,,,0.0,0.0
3579,-16.5424,-151.727,2016,2015-09-10,2016-09-09,Pacific,15.0,0.0,1.7,0.0,3.43,3.43,0.5426415094339622,1.88,0,True,0.0,0.0,0.0,0.0,0.0,0.0,0,,,,,0.0,0.0
3579,-16.5424,-151.727,2017,2016-03-24,2017-03-24,Pacific,14.370000000000001,0.0,1.7,0.0,0.0,3.43,0.7200000000000002,1.88,0,True,0.0,0.0,0.0,0.0,0.0,0.0,0,,,,,0.0,0.0
3579,-16.5424,-151.727,2017,2016-10-30,2017-10-30,Pacific,16.564999999999998,0.0,1.7,0.0,0.0,0.0,0.5505660377358492,1.38,0,True,0.0,0.0,0.0,0.0,0.0,0.0,0,,,,,0.0,0.0
3579,-16.5424,-151.727,2018,2017-03-31,2018-03-31,Pacific,15.0,0.0,1.7,0.0,0.0,0.0,0.32188679245283025,1.07,0,True,0.0,0.0,0.0,0.0,0.0,0.0,0,,,,,0.0,0.0
3579,-16.5424,-151.727,2018,2017-10-14,2018-10-14,Pacific,14.685,0.0,1.7,0.0,0.0,0.0,0.22207547169811323,1.07,0,True,0.0,0.0,0.0,0.0,3.6962,0.0,0,,,,,0.0,0.0
3579,-16.5424,-151.727,2019,2018-04-21,2019-04-21,Pacific,13.44,0.0,1.7,0.61,0.61,0.61,0.5671698113207547,1.34,0,True,0.0,0.0,1.9691,0.0,17.3155,0.0,0,,,,,0.0,0.0
3579,-16.5424,-151.727,2019,2018-09-28,2019-09-28,Pacific,12.81,0.0,1.7,0.0,0.0,0.61,0.6420754716981132,1.34,0,True,0.0,0.0,1.9691,0.0,42.4263,0.0,0,,,,,0.0,0.0
3579,-16.5424,-151.727,2020,2019-03-13,2020-03-12,Pacific,13.125,0.0,1.7,0.0,0.0,0.61,0.4105660377358491,1.09,0,True,3.5041,0.0,3.5041,0.0,66.8606,0.0,1,,,,,0.0,0.0
3580,-16.5397,-151.7887,2013,2012-03-07,2013-03-07,Pacific,18.125,0.0,1.3,0.48,0.48,0.48,0.5235849056603773,2.43,0,False,0.0,0.0,0.0,0.0,0.0,0.0,0,,,,,0.0,0.0
3580,-16.5397,-151.7887,2014,2013-03-22,2014-03-22,Pacific,16.560000000000002,0.0,1.3,0.0,0.0,0.0,-0.0013207547169811417,0.62,0,False,0.0,0.0,0.0,0.0,0.0,0.0,0,,,,,0.0,0.0
3580,-16.5397,-151.7887,2014,2013-09-20,2014-09-20,Pacific,17.189999999999998,0.0,1.3,0.0,0.0,0.0,0.06735849056603774,0.74,0,False,0.0,0.0,0.0,0.0,0.0,0.0,0,,,,,0.0,0.0
3580,-16.5397,-151.7887,2015,2014-04-07,2015-04-07,Pacific,16.560000000000002,0.0,1.3,0.0,0.0,0.0,0.4249056603773585,1.36,0,False,0.0,0.0,0.0,0.0,0.0,0.0,0,,,,,0.0,0.0
3580,-16.5397,-151.7887,2015,2014-09-13,2015-09-13,Pacific,17.185,0.0,1.3,0.0,0.0,0.0,0.5035849056603774,1.36,0,False,0.0,0.0,0.0,0.0,0.0,0.0,0,,,,,0.0,0.0
3580,-16.5397,-151.7887,2016,2015-03-20,2016-03-19,Pacific,16.56,1.25,1.3,0.0,0.0,0.0,0.41528301886792457,1.4,0,False,0.0,0.0,0.0,0.0,0.0,0.0,0,,,,,0.0,0.0
3580,-16.5397,-151.7887,2016,2015-09-12,2016-09-11,Pacific,16.869999999999997,0.0,1.3,0.0,3.47,3.47,0.5526415094339623,1.88,0,False,0.0,0.0,0.0,0.0,0.0,0.0,0,,,,,0.0,0.0
3580,-16.5397,-151.7887,2017,2016-03-19,2017-03-19,Pacific,18.125,3.75,1.3,0.0,0.0,3.47,0.7132692307692304,1.88,0,False,0.0,0.0,0.0,0.0,0.0,0.0,0,,,,,0.0,0.0
3580,-16.5397,-151.7887,2017,2016-09-03,2017-09-03,Pacific,18.125,0.0,1.3,0.0,0.0,0.0,0.6744230769230769,1.36,0,False,0.0,0.0,0.0,0.0,0.0,0.0,0,,,,,0.0,0.0
3580,-16.5397,-151.7887,2018,2017-03-17,2018-03-17,Pacific,18.125,0.1,1.3,0.0,0.0,0.0,0.3494339622641509,1.06,0,False,0.0,0.0,0.0,0.0,0.0,0.0,0,,,,,0.0,0.0
3580,-16.5397,-151.7887,2018,2017-09-09,2018-09-09,Pacific,16.869999999999997,0.0,1.3,0.0,0.0,0.0,0.20679245283018868,1.06,0,False,0.0,0.0,0.0,0.0,1.5274,0.0,0,,,,,0.0,0.0
3580,-16.5397,-151.7887,2019,2018-03-17,2019-03-17,Pacific,15.620000000000001,21.25,1.3,0.0,0.0,0.0,0.4618867924528302,1.31,0,False,0.0,0.0,5.4666,0.0,13.8643,0.0,0,,,,,0.0,0.0
3580,-16.5397,-151.7887,2019,2018-09-08,2019-09-08,Pacific,16.25,0.0,1.3,0.0,0.63,0.63,0.6488679245283018,1.31,0,False,0.0,0.0,5.4666,0.0,43.3207,0.0,0,,,,,0.0,0.0
3580,-16.5397,-151.7887,2020,2019-03-16,2020-03-15,Pacific,15.620000000000001,0.0,1.3,0.0,0.0,0.63,0.4081132075471698,1.05,0,False,0.0,0.0,3.5041,0.0,61.0712,0.0,0,,,,,0.0,0.0
3581,-16.5353,-151.7479,2013,2012-06-01,2013-06-01,Pacific,37.19,0.0,2.0,0.0,0.0,0.47,0.47698113207547166,2.43,0,True,0.0,0.0,0.0,0.0,0.0,0.0,0,,,,,0.0,0.0
3582,-16.5353,-151.7284,2013,2012-03-22,2013-03-22,Pacific,20.935,3.75,1.2,0.0,0.47,0.47,0.5018867924528302,2.43,0,True,0.0,0.0,0.0,0.0,0.0,0.0,0,,,,,0.0,0.0
3582,-16.5353,-151.7284,2014,2013-03-01,2014-03-01,Pacific,20.94,0.0,3.5,0.0,0.0,0.0,0.004150943396226415,0.66,0,True,0.0,0.0,0.0,0.0,0.0,0.0,0,,,,,0.0,0.0
3582,-16.5353,-151.7284,2014,2013-05-10,2014-05-10,Pacific,24.06,0.0,1.2,0.0,0.0,0.0,-0.045660377358490566,0.66,0,True,0.0,0.0,0.0,0.0,0.0,0.0,0,,,,,0.0,0.0
3582,-16.5353,-151.7284,2015,2014-03-14,2015-03-14,Pacific,24.06,1.0,1.2,0.0,0.0,0.0,0.4028301886792453,1.38,0,True,0.0,0.0,0.0,0.0,0.0,0.0,0,,,,,0.0,0.0
3582,-16.5353,-151.7284,2015,2014-09-05,2015-09-05,Pacific,22.81,0.0,1.2,0.0,0.0,0.0,0.5228301886792452,1.38,0,True,0.0,0.0,0.0,0.0,0.0,0.0,0,,,,,0.0,0.0
3582,-16.5353,-151.7284,2016,2015-03-13,2016-03-12,Pacific,21.56,2.5,1.2,0.0,0.0,0.0,0.4149056603773585,1.36,0,True,0.0,0.0,0.0,0.0,0.0,0.0,0,,,,,0.0,0.0
3582,-16.5353,-151.7284,2016,2015-09-01,2016-08-31,Pacific,30.31,0.0,1.2,0.0,3.43,3.43,0.5362264150943395,1.88,0,True,0.0,0.0,0.0,0.0,0.0,0.0,0,,,,,0.0,0.0
3582,-16.5353,-151.7284,2017,2016-03-11,2017-03-11,Pacific,29.375,3.75,1.2,0.0,0.0,3.43,0.7113207547169813,1.88,0,True,0.0,0.0,0.0,0.0,0.0,0.0,0,,,,,0.0,0.0
3582,-16.5353,-151.7284,2017,2016-10-15,2017-10-15,Pacific,28.125,0.0,1.2,0.0,0.0,0.0,0.6038461538461539,1.38,0,True,0.0,0.0,0.0,0.0,0.0,0.0,0,,,,,0.0,0.0
3582,-16.5353,-151.7284,2018,2017-03-24,2018-03-24,Pacific,26.875,0.0,1.2,0.0,0.0,0.0,0.33905660377358493,1.07,0,True,0.0,0.0,0.0,0.0,0.0,0.0,0,,,,,0.0,0.0
3582,-16.5353,-151.7284,2018,2017-09-16,2018-09-16,Pacific,27.19,0.0,1.2,0.0,0.0,0.0,0.21547169811320754,1.07,0,True,0.0,0.0,0.0,0.0,3.6962,0.0,0,,,,,0.0,0.0
3582,-16.5353,-151.7284,2019,2018-03-10,2019-03-10,Pacific,25.31,20.0,1.2,0.0,0.0,0.0,0.4547169811320756,1.34,0,True,0.0,0.0,6.3399,0.0,17.3155,0.0,0,,,,,0.0,0.0
3582,-16.5353,-151.7284,2019,2018-09-14,2019-09-14,Pacific,24.06,0.0,2.3,0.0,0.61,0.61,0.6530188679245285,1.34,0,True,0.0,0.0,6.3399,0.0,42.4263,0.0,0,,,,,0.0,0.0
3582,-16.5353,-151.7284,2020,2019-03-24,2020-03-23,Pacific,28.125,0.0,2.3,0.0,0.0,0.61,0.40132075471698114,1.09,0,True,3.5041,0.0,3.5041,0.0,66.8606,0.0,1,,,,,0.0,0.0
3583,-16.5348,-151.7299,2013,2012-04-26,2013-04-26,Pacific,40.94,2.0,2.8,0.0,0.47,0.47,0.4983018867924529,2.43,0,True,0.0,0.0,0.0,0.0,0.0,0.0,0,,,,,0.0,0.0
3583,-16.5348,-151.7299,2014,2013-03-11,2014-03-11,Pacific,35.625,1.25,8.5,0.0,0.0,0.0,0.018113207547169812,0.66,0,True,0.0,0.0,0.0,0.0,0.0,0.0,0,,,,,0.0,0.0
3583,-16.5348,-151.7299,2014,2013-09-15,2014-09-15,Pacific,35.625,0.0,2.8,0.0,0.0,0.0,0.06056603773584906,0.74,0,True,0.0,0.0,0.0,0.0,0.0,0.0,0,,,,,0.0,0.0
3583,-16.5348,-151.7299,2015,2014-03-07,2015-03-07,Pacific,34.685,0.0,2.8,0.0,0.0,0.0,0.39924528301886797,1.38,0,True,0.0,0.0,0.0,0.0,0.0,0.0,0,,,,,0.0,0.0
3583,-16.5348,-151.7299,2015,2014-10-10,2015-10-10,Pacific,33.44,0.0,2.8,0.0,0.0,0.0,0.4779245283018868,1.38,0,True,0.0,0.0,0.0,0.0,0.0,0.0,0,,,,,0.0,0.0
3583,-16.5348,-151.7299,2016,2015-03-21,2016-03-20,Pacific,31.56,2.5,2.8,0.0,0.0,0.0,0.41905660377358495,1.36,0,True,0.0,0.0,0.0,0.0,0.0,0.0,0,,,,,0.0,0.0
3583,-16.5348,-151.7299,2016,2015-09-01,2016-08-31,Pacific,33.44,0.0,2.8,0.0,3.43,3.43,0.5362264150943395,1.88,0,True,0.0,0.0,0.0,0.0,0.0,0.0,0,,,,,0.0,0.0
3583,-16.5348,-151.7299,2017,2016-03-11,2017-03-11,Pacific,32.5,3.75,2.8,0.0,0.0,3.43,0.7113207547169813,1.88,0,True,0.0,0.0,0.0,0.0,0.0,0.0,0,,,,,0.0,0.0
3583,-16.5348,-151.7299,2017,2016-10-15,2017-10-15,Pacific,31.56,0.0,2.8,0.0,0.0,0.0,0.6038461538461539,1.38,0,True,0.0,0.0,0.0,0.0,0.0,0.0,0,,,,,0.0,0.0
3583,-16.5348,-151.7299,2018,2017-03-24,2018-03-24,Pacific,28.435,0.0,2.8,0.0,0.0,0.0,0.33905660377358493,1.07,0,True,0.0,0.0,0.0,0.0,0.0,0.0,0,,,,,0.0,0.0
3583,-16.5348,-151.7299,2019,2018-03-10,2019-03-10,Pacific,26.875,5.0,2.8,0.0,0.0,0.0,0.4547169811320756,1.34,0,True,0.0,0.0,6.3399,0.0,17.3155,0.0,0,,,,,0.0,0.0
3583,-16.5348,-151.7299,2019,2018-09-14,2019-09-14,Pacific,27.815,0.0,2.8,0.0,0.61,0.61,0.6530188679245285,1.34,0,True,0.0,0.0,6.3399,0.0,42.4263,0.0,0,,,,,0.0,0.0
3583,-16.5348,-151.7299,2020,2019-03-21,2020-03-20,Pacific,28.435,0.0,2.8,0.0,0.0,0.61,0.40132075471698114,1.09,0,True,3.5041,0.0,3.5041,0.0,66.8606,0.0,1,,,,,0.0,0.0
3584,-16.5336,-151.7343,2013,2012-05-12,2013-05-12,Pacific,30.31,0.0,1.8,0.0,0.47,0.47,0.49433962264150944,2.43,0,True,0.0,0.0,0.0,0.0,0.0,0.0,0,,,,,0.0,0.0
3584,-16.5336,-151.7343,2014,2013-05-13,2014-05-13,Pacific,28.75,0.0,1.8,0.0,0.0,0.0,-0.045660377358490566,0.66,0,True,0.0,0.0,0.0,0.0,0.0,0.0,0,,,,,0.0,0.0
3584,-16.5336,-151.7343,2014,2013-11-30,2014-11-30,Pacific,29.380000000000003,0.0,1.8,0.0,0.0,0.0,0.27094339622641506,1.17,0,True,0.0,0.0,0.0,0.0,0.0,0.0,0,,,,,0.0,0.0
3584,-16.5336,-151.7343,2015,2014-05-10,2015-05-10,Pacific,26.565,2.5,1.8,0.0,0.0,0.0,0.4775471698113208,1.38,0,True,0.0,0.0,0.0,0.0,0.0,0.0,0,,,,,0.0,0.0
3584,-16.5336,-151.7343,2015,2014-12-17,2015-12-17,Pacific,26.56,2.5,1.8,0.0,0.0,0.0,0.41641509433962265,1.38,0,True,0.0,0.0,0.0,0.0,0.0,0.0,0,,,,,0.0,0.0
3584,-16.5336,-151.7343,2016,2015-05-07,2016-05-06,Pacific,29.685,2.5,1.8,3.43,3.43,3.43,0.508867924528302,1.88,0,True,0.0,0.0,0.0,0.0,0.0,0.0,0,,,,,0.0,0.0
3584,-16.5336,-151.7343,2016,2015-11-07,2016-11-06,Pacific,23.125,0.0,1.8,0.0,0.0,3.43,0.6498113207547169,1.88,0,True,0.0,0.0,0.0,0.0,0.0,0.0,0,,,,,0.0,0.0
3584,-16.5336,-151.7343,2017,2016-05-21,2017-05-21,Pacific,21.25,12.5,1.8,0.0,0.0,3.43,0.635576923076923,1.38,0,True,0.0,0.0,0.0,0.0,0.0,0.0,0,,,,,0.0,0.0
3584,-16.5336,-151.7343,2017,2016-11-12,2017-11-12,Pacific,24.375,0.0,1.8,0.0,0.0,0.0,0.5273076923076924,1.38,0,True,0.0,0.0,0.0,0.0,0.0,0.0,0,,,,,0.0,0.0
3584,-16.5336,-151.7343,2018,2017-05-26,2018-05-26,Pacific,24.06,0.0,1.8,0.0,0.0,0.0,0.28075471698113214,1.07,0,True,0.0,0.0,0.0,0.0,0.0,0.0,0,,,,,0.0,0.0
3584,-16.5336,-151.7343,2018,2017-12-15,2018-12-15,Pacific,26.25,0.0,1.8,0.0,0.0,0.0,0.319811320754717,1.28,0,True,0.0,0.0,0.0,0.0,3.6962,0.0,0,,,,,0.0,0.0
3584,-16.5336,-151.7343,2020,2019-05-31,2020-05-30,Pacific,21.56,0.0,1.8,0.0,0.0,0.61,0.3956603773584905,1.09,0,True,3.5041,0.0,11.8146,0.0,158.8144,0.0,1,,,,,0.0,0.0
3585,-16.5297,-151.7282,2013,2012-05-26,2013-05-26,Pacific,17.810000000000002,0.0,2.2,0.0,0.0,0.47,0.4856603773584906,2.43,0,True,0.0,0.0,0.0,0.0,0.0,0.0,0,,,,,0.0,0.0
3585,-16.5297,-151.7282,2014,2013-05-14,2014-05-14,Pacific,20.625,0.0,2.2,0.0,0.0,0.0,-0.045660377358490566,0.66,0,True,0.0,0.0,0.0,0.0,0.0,0.0,0,,,,,0.0,0.0
3585,-16.5297,-151.7282,2014,2013-12-01,2014-12-01,Pacific,14.684999999999999,0.0,2.2,0.0,0.0,0.0,0.27094339622641506,1.17,0,True,0.0,0.0,0.0,0.0,0.0,0.0,0,,,,,0.0,0.0
3585,-16.5297,-151.7282,2015,2014-05-06,2015-05-06,Pacific,14.065,0.0,3.3,0.0,0.0,0.0,0.4664150943396227,1.38,0,True,0.0,0.0,0.0,0.0,0.0,0.0,0,,,,,0.0,0.0
3585,-16.5297,-151.7282,2015,2014-11-29,2015-11-29,Pacific,19.064999999999998,0.0,2.2,0.0,0.0,0.0,0.41716981132075476,1.38,0,True,0.0,0.0,0.0,0.0,0.0,0.0,0,,,,,0.0,0.0
3585,-16.5297,-151.7282,2016,2015-05-08,2016-05-07,Pacific,18.439999999999998,0.0,2.2,3.43,3.43,3.43,0.5130188679245282,1.88,0,True,0.0,0.0,0.0,0.0,0.0,0.0,0,,,,,0.0,0.0
3585,-16.5297,-151.7282,2016,2015-11-14,2016-11-13,Pacific,11.56,0.0,2.2,0.0,0.0,3.43,0.6577358490566038,1.88,0,True,0.0,0.0,0.0,0.0,0.0,0.0,0,,,,,0.0,0.0
3585,-16.5297,-151.7282,2017,2016-05-06,2017-05-06,Pacific,10.309999999999999,0.0,2.2,0.0,0.0,3.43,0.6381132075471698,1.38,0,True,0.0,0.0,0.0,0.0,0.0,0.0,0,,,,,0.0,0.0
3585,-16.5297,-151.7282,2017,2016-11-12,2017-11-12,Pacific,12.815,0.0,2.2,0.0,0.0,0.0,0.5273076923076924,1.38,0,True,0.0,0.0,0.0,0.0,0.0,0.0,0,,,,,0.0,0.0
3585,-16.5297,-151.7282,2018,2017-05-22,2018-05-22,Pacific,12.5,0.0,2.2,0.0,0.0,0.0,0.28075471698113214,1.07,0,True,0.0,0.0,0.0,0.0,0.0,0.0,0,,,,,0.0,0.0
3585,-16.5297,-151.7282,2018,2017-12-15,2018-12-15,Pacific,10.625,0.0,2.2,0.0,0.0,0.0,0.319811320754717,1.28,0,True,0.0,0.0,0.0,0.0,3.6962,0.0,0,,,,,0.0,0.0
3585,-16.5297,-151.7282,2020,2019-05-14,2020-05-13,Pacific,26.56,0.0,2.2,0.0,0.0,0.61,0.39905660377358493,1.09,0,True,3.5041,0.0,7.9499,0.0,158.8144,0.0,1,,,,,0.0,0.0
3586,-16.5295,-151.7723,2013,2012-06-07,2013-06-07,Pacific,29.06,0.0,1.5,0.0,0.0,0.48,0.4524528301886792,2.43,0,False,0.0,0.0,0.0,0.0,0.0,0.0,0,,,,,0.0,0.0
3586,-16.5295,-151.7723,2014,2013-05-19,2014-05-19,Pacific,31.880000000000003,0.0,1.5,0.0,0.0,0.0,-0.07962264150943398,0.62,0,False,0.0,0.0,0.0,0.0,0.0,0.0,0,,,,,0.0,0.0
3586,-16.5295,-151.7723,2014,2013-12-28,2014-12-28,Pacific,25.630000000000003,0.0,1.5,0.0,0.0,0.0,0.2637735849056604,1.15,0,False,0.0,0.0,0.0,0.0,0.0,0.0,0,,,,,0.0,0.0
3586,-16.5295,-151.7723,2015,2014-05-12,2015-05-12,Pacific,29.06,0.0,1.5,0.0,0.0,0.0,0.4658490566037736,1.36,0,False,0.0,0.0,0.0,0.0,0.0,0.0,0,,,,,0.0,0.0
3586,-16.5295,-151.7723,2015,2014-11-07,2015-11-07,Pacific,34.685,0.0,1.5,0.0,0.0,0.0,0.4254716981132076,1.36,0,False,0.0,0.0,0.0,0.0,0.0,0.0,0,,,,,0.0,0.0
3586,-16.5295,-151.7723,2016,2015-05-12,2016-05-11,Pacific,33.75,0.0,1.5,3.47,3.47,3.47,0.5122641509433962,1.88,0,False,0.0,0.0,0.0,0.0,0.0,0.0,0,,,,,0.0,0.0
3586,-16.5295,-151.7723,2016,2015-11-24,2016-11-23,Pacific,20.619999999999997,0.0,1.5,0.0,0.0,3.47,0.6554716981132075,1.88,0,False,0.0,0.0,0.0,0.0,0.0,0.0,0,,,,,0.0,0.0
3586,-16.5295,-151.7723,2017,2016-05-02,2017-05-02,Pacific,25.630000000000003,8.25,1.5,0.0,0.0,3.47,0.6273584905660379,1.36,0,False,0.0,0.0,0.0,0.0,0.0,0.0,0,,,,,0.0,0.0
3586,-16.5295,-151.7723,2017,2016-11-19,2017-11-19,Pacific,24.69,0.0,1.5,0.0,0.0,0.0,0.5125,1.36,0,False,0.0,0.0,0.0,0.0,0.0,0.0,0,,,,,0.0,0.0
3586,-16.5295,-151.7723,2018,2017-05-19,2018-05-19,Pacific,23.125,0.0,1.5,0.0,0.0,0.0,0.2760377358490566,1.06,0,False,0.0,0.0,0.0,0.0,0.0,0.0,0,,,,,0.0,0.0
3586,-16.5295,-151.7723,2018,2017-12-12,2018-12-12,Pacific,15.0,0.0,1.5,0.0,0.0,0.0,0.30943396226415093,1.31,0,False,0.0,0.0,0.0,0.0,3.6962,0.0,0,,,,,0.0,0.0
3586,-16.5295,-151.7723,2020,2019-05-19,2020-05-18,Pacific,3.75,0.0,1.5,0.0,0.0,0.63,0.39452830188679244,1.03,0,False,0.0,0.0,11.8146,0.0,163.194,0.0,0,,,,,0.0,0.0
3590,-16.5069,-151.7642,2013,2012-05-31,2013-05-31,Pacific,21.25,0.0,1.0,0.0,0.0,0.48,0.4716981132075472,2.43,0,False,0.0,0.0,0.0,0.0,0.0,0.0,0,,,,,0.0,0.0
3590,-16.5069,-151.7642,2014,2013-05-18,2014-05-18,Pacific,25.630000000000003,0.0,1.0,0.0,0.0,0.0,-0.07962264150943398,0.62,0,False,0.0,0.0,0.0,0.0,0.0,0.0,0,,,,,0.0,0.0
3590,-16.5069,-151.7642,2015,2014-01-02,2015-01-02,Pacific,23.75,0.0,1.0,0.0,0.0,0.0,0.2833962264150944,1.15,0,False,0.0,0.0,0.0,0.0,0.0,0.0,0,,,,,0.0,0.0
3590,-16.5069,-151.7642,2015,2014-05-19,2015-05-19,Pacific,24.38,0.0,1.0,0.0,0.0,0.0,0.4771698113207547,1.36,0,False,0.0,0.0,0.0,0.0,0.0,0.0,0,,,,,0.0,0.0
3590,-16.5069,-151.7642,2015,2014-12-13,2015-12-13,Pacific,21.88,0.0,1.0,0.0,0.0,0.0,0.40830188679245283,1.36,0,False,0.0,0.0,0.0,0.0,0.0,0.0,0,,,,,0.0,0.0
3590,-16.5069,-151.7642,2016,2015-05-05,2016-05-04,Pacific,19.689999999999998,0.0,1.0,3.47,3.47,3.47,0.5079245283018868,1.88,0,False,0.0,0.0,0.0,0.0,0.0,0.0,0,,,,,0.0,0.0
3590,-16.5069,-151.7642,2017,2016-05-23,2017-05-23,Pacific,15.31,0.0,1.0,0.0,0.0,3.47,0.6222641509433962,1.36,0,False,0.0,0.0,0.0,0.0,0.0,0.0,0,,,,,0.0,0.0
3590,-16.5069,-151.7642,2017,2016-11-06,2017-11-06,Pacific,7.815,0.0,1.0,0.0,0.0,0.0,0.5281132075471698,1.36,0,False,0.0,0.0,0.0,0.0,0.0,0.0,0,,,,,0.0,0.0
3590,-16.5069,-151.7642,2018,2017-05-26,2018-05-26,Pacific,8.434999999999999,0.0,1.0,0.0,0.0,0.0,0.270188679245283,1.06,0,False,0.0,0.0,0.0,0.0,0.0,0.0,0,,,,,0.0,0.0
3590,-16.5069,-151.7642,2018,2017-11-27,2018-11-27,Pacific,8.75,0.0,1.0,0.0,0.0,0.0,0.2833962264150943,1.31,0,False,0.0,0.0,0.0,0.0,3.6962,0.0,0,,,,,0.0,0.0
3591,-16.5064,-151.7836,2013,2012-06-07,2013-06-07,Pacific,14.375,0.0,1.0,0.0,0.0,0.48,0.4524528301886792,2.43,0,False,0.0,0.0,0.0,0.0,0.0,0.0,0,,,,,0.0,0.0
3591,-16.5064,-151.7836,2014,2013-05-22,2014-05-22,Pacific,15.0,0.0,1.0,0.0,0.0,0.0,-0.08169811320754718,0.62,0,False,0.0,0.0,0.0,0.0,0.0,0.0,0,,,,,0.0,0.0
3591,-16.5064,-151.7836,2014,2013-12-31,2014-12-31,Pacific,14.69,0.0,1.0,0.0,0.0,0.0,0.2637735849056604,1.15,0,False,0.0,0.0,0.0,0.0,0.0,0.0,0,,,,,0.0,0.0
3591,-16.5064,-151.7836,2015,2014-05-13,2015-05-13,Pacific,14.69,0.0,1.0,0.0,0.0,0.0,0.4658490566037736,1.36,0,False,0.0,0.0,0.0,0.0,0.0,0.0,0,,,,,0.0,0.0
3591,-16.5064,-151.7836,2015,2014-12-13,2015-12-13,Pacific,18.13,0.0,1.0,0.0,0.0,0.0,0.40830188679245283,1.36,0,False,0.0,0.0,0.0,0.0,0.0,0.0,0,,,,,0.0,0.0
3591,-16.5064,-151.7836,2016,2015-05-05,2016-05-04,Pacific,17.810000000000002,0.0,1.0,3.47,3.47,3.47,0.5079245283018868,1.88,0,False,0.0,0.0,0.0,0.0,0.0,0.0,0,,,,,0.0,0.0
3591,-16.5064,-151.7836,2016,2015-12-05,2016-12-04,Pacific,20.0,0.0,1.0,0.0,0.0,3.47,0.6690566037735848,1.88,0,False,0.0,0.0,0.0,0.0,0.0,0.0,0,,,,,0.0,0.0
3591,-16.5064,-151.7836,2017,2016-06-06,2017-06-06,Pacific,20.625,0.0,1.0,0.0,0.0,3.47,0.6230188679245283,1.36,0,False,0.0,0.0,0.0,0.0,0.0,0.0,0,,,,,0.0,0.0
3591,-16.5064,-151.7836,2017,2016-12-03,2017-12-03,Pacific,7.81,36.25,1.0,0.0,0.0,0.0,0.4865384615384615,1.36,0,False,0.0,0.0,0.0,0.0,0.0,0.0,0,,,,,0.0,0.0
3591,-16.5064,-151.7836,2018,2017-05-20,2018-05-20,Pacific,7.81,0.0,1.0,0.0,0.0,0.0,0.2760377358490566,1.06,0,False,0.0,0.0,0.0,0.0,0.0,0.0,0,,,,,0.0,0.0
3591,-16.5064,-151.7836,2018,2017-11-10,2018-11-10,Pacific,11.25,0.0,1.0,0.0,0.0,0.0,0.24867924528301885,1.06,0,False,0.0,0.0,0.0,0.0,8.0317,0.0,0,,,,,0.0,0.0
3591,-16.5064,-151.7836,2019,2018-05-11,2019-05-11,Pacific,15.0,0.0,1.0,0.63,0.63,0.63,0.5939622641509434,1.31,0,False,0.0,0.0,6.3399,0.0,46.3042,0.0,0,,,,,0.0,0.0
3591,-16.5064,-151.7836,2019,2018-11-24,2019-11-24,Pacific,12.81,0.0,1.0,0.0,0.0,0.63,0.6296226415094339,1.31,0,False,0.0,0.0,9.844000000000001,0.0,50.31,0.0,0,,,,,0.0,0.0
3591,-16.5064,-151.7836,2020,2019-05-31,2020-05-30,Pacific,12.81,0.0,1.0,0.0,0.0,0.63,0.38830188679245287,1.03,0,False,0.0,0.0,12.235700000000001,0.0,183.42000000000002,0.0,0,,,,,0.0,0.0
3594,-16.4994,-151.784,2013,2012-05-01,2013-05-01,Pacific,10.625,0.0,11.0,0.0,0.62,0.62,0.4973584905660377,2.42,0,False,0.0,0.0,0.0,0.0,0.0,0.0,0,,,,,0.0,0.0
3594,-16.4994,-151.784,2014,2013-04-05,2014-04-05,Pacific,12.657499999999999,0.0,11.0,0.0,0.0,0.0,-0.025849056603773585,0.63,0,False,0.0,0.0,0.0,0.0,0.0,0.0,0,,,,,0.0,0.0
3594,-16.4994,-151.784,2014,2013-10-19,2014-10-19,Pacific,18.4375,0.0,11.0,0.0,0.0,0.0,0.13660377358490566,0.76,0,False,0.0,0.0,0.0,0.0,0.0,0.0,0,,,,,0.0,0.0
3594,-16.4994,-151.784,2015,2014-04-18,2015-04-18,Pacific,25.7825,3.75,11.0,0.0,0.0,0.0,0.4462264150943396,1.36,0,False,0.0,0.0,0.0,0.0,0.0,0.0,0,,,,,0.0,0.0
3594,-16.4994,-151.784,2015,2014-10-16,2015-10-16,Pacific,27.9675,3.75,11.0,0.0,0.0,0.0,0.46396226415094344,1.36,0,False,0.0,0.0,0.0,0.0,0.0,0.0,0,,,,,0.0,0.0
3594,-16.4994,-151.784,2016,2015-04-04,2016-04-03,Pacific,26.095,1.875,11.0,0.98,0.98,0.98,0.4537735849056604,1.54,0,False,0.0,0.0,0.0,0.0,0.0,0.0,0,,,,,0.0,0.0
3594,-16.4994,-151.784,2016,2015-09-26,2016-09-25,Pacific,24.375,1.25,11.0,0.0,1.49,3.65,0.5575471698113208,1.9,0,False,0.0,0.0,0.0,0.0,0.0,0.0,0,,,,,0.0,0.0
3594,-16.4994,-151.784,2017,2016-04-15,2017-04-15,Pacific,25.0,2.5,15.0,0.0,0.0,3.65,0.6554716981132076,1.37,0,False,0.0,0.0,0.0,0.0,0.0,0.0,0,,,,,0.0,0.0
3594,-16.4994,-151.784,2017,2016-04-29,2017-04-29,Pacific,25.625,0.0,7.0,0.0,0.0,3.65,0.6313207547169811,1.37,0,False,0.0,0.0,0.0,0.0,0.0,0.0,0,,,,,0.0,0.0
3594,-16.4994,-151.784,2017,2016-10-22,2017-10-22,Pacific,25.155,0.0,11.0,0.0,0.0,0.0,0.5805769230769231,1.37,0,False,0.0,0.0,0.0,0.0,0.0,0.0,0,,,,,0.0,0.0
3594,-16.4994,-151.784,2018,2017-03-31,2018-03-31,Pacific,24.375,0.0,7.0,0.0,0.0,0.0,0.3160377358490566,1.07,0,False,0.0,0.0,0.0,0.0,0.0,0.0,0,,,,,0.0,0.0
3594,-16.4994,-151.784,2018,2017-04-08,2018-04-08,Pacific,24.06,0.0,15.0,0.0,0.0,0.0,0.3058490566037736,1.07,0,False,0.0,0.0,0.0,0.0,0.0,0.0,0,,,,,0.0,0.0
3594,-16.4994,-151.784,2018,2017-09-30,2018-09-30,Pacific,25.3125,0.0,11.0,0.0,0.0,0.0,0.2069811320754717,1.07,0,False,0.0,0.0,0.0,0.0,8.0317,0.0,0,,,,,0.0,0.0
3594,-16.4994,-151.784,2019,2018-05-06,2019-05-06,Pacific,23.4375,15.0,11.0,0.8,0.8,0.8,0.5949056603773585,1.33,0,False,0.0,0.0,6.3399,0.0,46.3042,0.0,0,,,,,0.0,0.0
3595,-16.499,-151.7573,2014,2013-05-14,2014-05-14,Pacific,23.75,0.0,2.7,0.0,0.0,0.0,-0.07528301886792452,0.63,0,False,0.0,0.0,0.0,0.0,0.0,0.0,0,,,,,0.0,0.0
3595,-16.499,-151.7573,2014,2013-12-01,2014-12-01,Pacific,25.619999999999997,0.0,2.7,0.0,0.0,0.0,0.25528301886792454,1.19,0,False,0.0,0.0,0.0,0.0,0.0,0.0,0,,,,,0.0,0.0
3595,-16.499,-151.7573,2015,2014-05-10,2015-05-10,Pacific,35.935,0.0,2.7,0.0,0.0,0.0,0.46735849056603773,1.36,0,False,0.0,0.0,0.0,0.0,0.0,0.0,0,,,,,0.0,0.0
3595,-16.499,-151.7573,2015,2014-11-21,2015-11-21,Pacific,16.25,0.0,2.7,0.0,0.0,0.0,0.4171698113207547,1.36,0,False,0.0,0.0,0.0,0.0,0.0,0.0,0,,,,,0.0,0.0
3595,-16.499,-151.7573,2016,2015-05-11,2016-05-10,Pacific,22.189999999999998,0.0,2.7,3.65,3.65,3.65,0.521320754716981,1.9,0,False,0.0,0.0,0.0,0.0,0.0,0.0,0,,,,,0.0,0.0
3595,-16.499,-151.7573,2016,2015-11-13,2016-11-12,Pacific,8.44,0.0,2.7,0.0,0.0,3.65,0.6547169811320754,1.9,0,False,0.0,0.0,0.0,0.0,0.0,0.0,0,,,,,0.0,0.0
3595,-16.499,-151.7573,2017,2016-05-07,2017-05-07,Pacific,17.185000000000002,0.0,2.7,0.0,0.0,3.65,0.6267307692307692,1.37,0,False,0.0,0.0,0.0,0.0,0.0,0.0,0,,,,,0.0,0.0
3595,-16.499,-151.7573,2017,2016-11-19,2017-11-19,Pacific,15.0,18.75,2.7,0.0,0.0,0.0,0.5167307692307692,1.37,0,False,0.0,0.0,0.0,0.0,0.0,0.0,0,,,,,0.0,0.0
3595,-16.499,-151.7573,2018,2017-05-23,2018-05-23,Pacific,16.25,0.0,2.7,0.0,0.0,0.0,0.2718867924528302,1.07,0,False,0.0,0.0,0.0,0.0,0.0,0.0,0,,,,,0.0,0.0
3595,-16.499,-151.7573,2018,2017-12-16,2018-12-16,Pacific,15.0,0.0,2.7,0.0,0.0,0.0,0.3109433962264151,1.33,0,False,0.0,0.0,0.0,0.0,4.6856,0.0,0,,,,,0.0,0.0
3595,-16.499,-151.7573,2020,2019-05-21,2020-05-20,Pacific,15.940000000000001,0.0,2.7,0.0,0.0,0.8,0.3986792452830189,0.98,0,False,0.0,0.0,11.8146,0.0,181.8065,0.0,0,,,,,0.0,0.0
3596,-16.4918,-151.71,2014,2013-05-18,2014-05-18,Pacific,32.81,1.0,7.5,0.0,0.0,0.0,-0.09962264150943395,0.6,0,False,0.0,0.0,0.0,0.0,0.0,0.0,0,,,,,0.0,0.0
3596,-16.4918,-151.71,2014,2013-11-30,2014-11-30,Pacific,30.0,0.0,2.5,0.0,0.0,0.0,0.2467924528301887,1.2,0,False,0.0,0.0,0.0,0.0,0.0,0.0,0,,,,,0.0,0.0
3596,-16.4918,-151.71,2015,2014-05-10,2015-05-10,Pacific,35.315,0.0,2.5,0.0,0.0,0.0,0.46339622641509437,1.38,0,False,0.0,0.0,0.0,0.0,0.0,0.0,0,,,,,0.0,0.0
3596,-16.4918,-151.71,2015,2014-11-02,2015-11-02,Pacific,32.19,0.0,2.5,0.0,0.0,0.0,0.4352830188679245,1.38,0,False,0.0,0.0,0.0,0.0,0.0,0.0,0,,,,,0.0,0.0
3596,-16.4918,-151.71,2016,2015-06-05,2016-06-04,Pacific,31.869999999999997,8.75,2.5,3.68,3.68,3.68,0.5169811320754717,1.89,0,False,0.0,0.0,0.0,0.0,0.0,0.0,0,,,,,0.0,0.0
3596,-16.4918,-151.71,2016,2015-12-04,2016-12-03,Pacific,37.81,0.0,2.5,0.0,0.0,3.68,0.6647169811320756,1.89,0,False,0.0,0.0,0.0,0.0,0.0,0.0,0,,,,,0.0,0.0
3596,-16.4918,-151.71,2017,2016-05-20,2017-05-20,Pacific,36.56,1.25,2.5,0.0,0.0,3.68,0.6160377358490567,1.35,0,False,0.0,0.0,0.0,0.0,0.0,0.0,0,,,,,0.0,0.0
3596,-16.4918,-151.71,2017,2016-11-02,2017-11-02,Pacific,35.31,0.0,2.5,0.0,0.0,0.0,0.540377358490566,1.35,0,False,0.0,0.0,0.0,0.0,0.0,0.0,0,,,,,0.0,0.0
3596,-16.4918,-151.71,2018,2017-06-01,2018-06-01,Pacific,33.44,0.0,2.5,0.0,0.0,0.0,0.26377358490566033,1.08,0,False,0.0,0.0,0.0,0.0,0.0,0.0,0,,,,,0.0,0.0
3596,-16.4918,-151.71,2018,2017-11-30,2018-11-30,Pacific,42.5,0.0,2.5,0.0,0.0,0.0,0.2818867924528302,1.34,0,False,0.0,0.0,0.0,0.0,6.577500000000001,0.0,0,,,,,0.0,0.0
3596,-16.4918,-151.71,2019,2018-05-25,2019-05-25,Pacific,35.94,5.0,2.5,0.79,0.79,0.79,0.6247169811320754,1.34,0,False,0.0,0.0,6.3399,0.0,64.888,0.0,0,,,,,0.0,0.0
3596,-16.4918,-151.71,2019,2018-11-29,2019-11-29,Pacific,34.685,0.0,2.5,0.0,0.0,0.79,0.6132075471698113,1.31,0,False,3.5041,0.0,9.844000000000001,0.0,65.6554,0.0,1,,,,,0.0,0.0
3596,-16.4918,-151.71,2020,2019-05-13,2020-05-12,Pacific,39.69,0.0,2.5,0.0,0.0,0.79,0.39056603773584914,0.95,0,False,3.5041,0.0,15.1287,0.0,227.8218,0.0,1,,,,,0.0,0.0
3597,-16.4796,-151.7204,2013,2012-05-28,2013-05-28,Pacific,18.125,0.0,1.0,0.0,0.0,0.48,0.4813461538461538,2.42,0,False,0.0,0.0,0.0,0.0,0.0,0.0,0,,,,,0.0,0.0
3597,-16.4796,-151.7204,2014,2013-05-21,2014-05-21,Pacific,25.310000000000002,0.0,1.0,0.0,0.0,0.0,-0.09962264150943395,0.6,0,False,0.0,0.0,0.0,0.0,0.0,0.0,0,,,,,0.0,0.0
3597,-16.4796,-151.7204,2014,2013-12-26,2014-12-26,Pacific,23.435000000000002,0.0,1.0,0.0,0.0,0.0,0.2535849056603774,1.2,0,False,0.0,0.0,0.0,0.0,0.0,0.0,0,,,,,0.0,0.0
3597,-16.4796,-151.7204,2015,2014-05-18,2015-05-18,Pacific,21.875,0.0,1.0,0.0,0.0,0.0,0.47490566037735854,1.38,0,False,0.0,0.0,0.0,0.0,0.0,0.0,0,,,,,0.0,0.0
3597,-16.4796,-151.7204,2015,2014-12-06,2015-12-06,Pacific,22.185000000000002,0.0,1.0,0.0,0.0,0.0,0.4041509433962264,1.38,0,False,0.0,0.0,0.0,0.0,0.0,0.0,0,,,,,0.0,0.0
3597,-16.4796,-151.7204,2016,2015-05-09,2016-05-08,Pacific,23.75,0.0,1.0,3.68,3.68,3.68,0.5126415094339623,1.89,0,False,0.0,0.0,0.0,0.0,0.0,0.0,0,,,,,0.0,0.0
3597,-16.4796,-151.7204,2016,2015-11-06,2016-11-05,Pacific,17.814999999999998,0.0,1.0,0.0,0.0,3.68,0.6337735849056603,1.89,0,False,0.0,0.0,0.0,0.0,0.0,0.0,0,,,,,0.0,0.0
3597,-16.4796,-151.7204,2017,2016-05-06,2017-05-06,Pacific,19.060000000000002,0.0,1.0,0.0,0.0,3.68,0.6175471698113207,1.35,0,False,0.0,0.0,0.0,0.0,0.0,0.0,0,,,,,0.0,0.0
3597,-16.4796,-151.7204,2017,2016-11-26,2017-11-26,Pacific,17.81,0.0,1.0,0.0,0.0,0.0,0.4982692307692308,1.35,0,False,0.0,0.0,0.0,0.0,0.0,0.0,0,,,,,0.0,0.0
3597,-16.4796,-151.7204,2018,2017-05-27,2018-05-27,Pacific,17.19,0.0,1.0,0.0,0.0,0.0,0.2688679245283018,1.08,0,False,0.0,0.0,0.0,0.0,0.0,0.0,0,,,,,0.0,0.0
3597,-16.4796,-151.7204,2018,2017-12-16,2018-12-16,Pacific,13.44,0.0,1.0,0.0,0.0,0.0,0.30547169811320757,1.34,0,False,0.0,0.0,0.0,0.0,5.1292,0.0,0,,,,,0.0,0.0
3597,-16.4796,-151.7204,2020,2019-05-14,2020-05-13,Pacific,15.625,0.0,1.0,0.0,0.0,0.79,0.39056603773584914,0.95,0,False,0.0,0.0,18.9934,0.0,230.6873,0.0,0,,,,,0.0,0.0
3600,-16.457,-151.7758,2013,2012-06-08,2013-06-08,Pacific,18.13,0.0,1.0,0.0,0.0,0.62,0.4564150943396227,2.42,0,False,0.0,0.0,0.0,0.0,0.0,0.0,0,,,,,0.0,0.0
3600,-16.457,-151.7758,2014,2013-05-24,2014-05-24,Pacific,18.125,0.0,1.0,0.0,0.0,0.0,-0.09018867924528302,0.63,0,False,0.0,0.0,0.0,0.0,0.0,0.0,0,,,,,0.0,0.0
3600,-16.457,-151.7758,2015,2014-01-06,2015-01-06,Pacific,19.69,0.0,1.0,0.0,0.0,0.0,0.2843396226415094,1.19,0,False,0.0,0.0,0.0,0.0,0.0,0.0,0,,,,,0.0,0.0
3600,-16.457,-151.7758,2015,2014-05-16,2015-05-16,Pacific,20.0,0.0,1.0,0.0,0.0,0.0,0.47849056603773593,1.36,0,False,0.0,0.0,0.0,0.0,0.0,0.0,0,,,,,0.0,0.0
3600,-16.457,-151.7758,2016,2015-01-09,2016-01-09,Pacific,21.56,0.0,1.0,0.0,0.0,0.0,0.4452830188679246,1.45,0,False,0.0,0.0,0.0,0.0,0.0,0.0,0,,,,,0.0,0.0
3600,-16.457,-151.7758,2016,2015-05-07,2016-05-06,Pacific,22.5,0.0,1.0,3.65,3.65,3.65,0.5164150943396226,1.9,0,False,0.0,0.0,0.0,0.0,0.0,0.0,0,,,,,0.0,0.0
3600,-16.457,-151.7758,2016,2015-11-21,2016-11-20,Pacific,18.13,0.0,1.0,0.0,0.0,3.65,0.6594339622641509,1.9,0,False,0.0,0.0,0.0,0.0,0.0,0.0,0,,,,,0.0,0.0
3600,-16.457,-151.7758,2017,2016-06-05,2017-06-05,Pacific,18.439999999999998,0.0,1.0,0.0,0.0,3.65,0.6213207547169811,1.37,0,False,0.0,0.0,0.0,0.0,0.0,0.0,0,,,,,0.0,0.0
3600,-16.457,-151.7758,2017,2016-12-17,2017-12-17,Pacific,14.69,0.0,1.0,0.0,0.0,0.0,0.454423076923077,1.26,0,False,0.0,0.0,0.0,0.0,0.0,0.0,0,,,,,0.0,0.0
3600,-16.457,-151.7758,2018,2017-05-17,2018-05-17,Pacific,10.31,0.0,1.0,0.0,0.0,0.0,0.27811320754716984,1.07,0,False,0.0,0.0,0.0,0.0,0.0,0.0,0,,,,,0.0,0.0
3600,-16.457,-151.7758,2018,2017-12-17,2018-12-17,Pacific,18.125,0.0,1.0,0.0,0.0,0.0,0.3109433962264151,1.33,0,False,0.0,0.0,0.0,0.0,8.0317,0.0,0,,,,,0.0,0.0
3600,-16.457,-151.7758,2019,2018-05-11,2019-05-11,Pacific,19.37,0.0,1.0,0.8,0.8,0.8,0.6022641509433962,1.33,0,False,0.0,0.0,8.3187,0.0,51.3912,0.0,0,,,,,0.0,0.0
3600,-16.457,-151.7758,2019,2018-11-30,2019-11-30,Pacific,15.31,0.0,1.0,0.0,0.0,0.8,0.6179245283018867,1.3,0,False,0.0,0.0,11.8228,0.0,51.0174,0.0,0,,,,,0.0,0.0
3600,-16.457,-151.7758,2020,2019-05-28,2020-05-27,Pacific,15.94,0.0,1.0,0.0,0.0,0.8,0.39622641509433965,0.98,0,False,0.0,0.0,13.2659,0.0,240.624,0.0,0,,,,,0.0,0.0
3601,-16.4481,-151.7659,2013,2012-06-08,2013-06-08,Pacific,25.625,0.0,1.3,0.0,0.0,0.61,0.45792452830188685,2.4,0,False,0.0,0.0,0.0,0.0,0.0,0.0,0,,,,,0.0,0.0
3601,-16.4481,-151.7659,2014,2013-05-22,2014-05-22,Pacific,24.06,0.0,1.3,0.0,0.0,0.0,-0.10113207547169811,0.63,0,False,0.0,0.0,0.0,0.0,0.0,0.0,0,,,,,0.0,0.0
3601,-16.4481,-151.7659,2015,2014-01-06,2015-01-06,Pacific,25.0,0.0,1.3,0.0,0.0,0.0,0.2820754716981132,1.21,0,False,0.0,0.0,0.0,0.0,0.0,0.0,0,,,,,0.0,0.0
3601,-16.4481,-151.7659,2015,2014-05-17,2015-05-17,Pacific,25.630000000000003,0.0,1.3,0.0,0.0,0.0,0.47698113207547166,1.35,0,False,0.0,0.0,0.0,0.0,0.0,0.0,0,,,,,0.0,0.0
3601,-16.4481,-151.7659,2016,2015-01-09,2016-01-09,Pacific,25.315,0.0,1.3,0.0,0.0,0.0,0.44905660377358486,1.47,0,False,0.0,0.0,0.0,0.0,0.0,0.0,0,,,,,0.0,0.0
3601,-16.4481,-151.7659,2016,2015-05-07,2016-05-06,Pacific,21.565,0.0,1.3,3.67,3.67,3.67,0.5226415094339623,1.9,0,False,0.0,0.0,0.0,0.0,0.0,0.0,0,,,,,0.0,0.0
3601,-16.4481,-151.7659,2016,2015-11-21,2016-11-20,Pacific,24.685,0.0,1.3,0.0,0.0,3.67,0.662641509433962,1.9,0,False,0.0,0.0,0.0,0.0,0.0,0.0,0,,,,,0.0,0.0
3601,-16.4481,-151.7659,2017,2016-06-05,2017-06-05,Pacific,24.685,0.0,1.3,0.0,0.0,3.67,0.6209433962264151,1.36,0,False,0.0,0.0,0.0,0.0,0.0,0.0,0,,,,,0.0,0.0
3601,-16.4481,-151.7659,2017,2016-11-25,2017-11-25,Pacific,13.125,6.25,1.3,0.0,0.0,0.0,0.5139622641509435,1.36,0,False,0.0,0.0,0.0,0.0,0.0,0.0,0,,,,,0.0,0.0
3601,-16.4481,-151.7659,2018,2017-05-17,2018-05-17,Pacific,12.5,0.0,1.3,0.0,0.0,0.0,0.279245283018868,1.04,0,False,0.0,0.0,0.0,0.0,0.0,0.0,0,,,,,0.0,0.0
3601,-16.4481,-151.7659,2018,2017-12-01,2018-12-01,Pacific,13.44,0.0,1.3,0.0,0.0,0.0,0.2881132075471698,1.35,0,False,0.0,0.0,0.0,0.0,9.4647,0.0,0,,,,,0.0,0.0
3601,-16.4481,-151.7659,2019,2018-05-05,2019-05-05,Pacific,13.44,0.0,1.3,1.26,1.26,1.26,0.6003773584905661,1.35,0,False,0.0,0.0,8.3187,0.0,66.2492,0.0,0,,,,,0.0,0.0
3601,-16.4481,-151.7659,2019,2018-11-30,2019-11-30,Pacific,15.31,0.0,1.3,0.0,0.0,1.26,0.6194339622641509,1.29,0,False,0.0,0.0,11.8228,0.0,64.5071,0.0,0,,,,,0.0,0.0
3601,-16.4481,-151.7659,2020,2019-05-28,2020-05-27,Pacific,15.31,0.0,1.3,0.0,0.0,1.11,0.3975471698113207,0.95,0,False,0.0,0.0,13.2659,0.0,265.0574,0.0,0,,,,,0.0,0.0
3611,-14.9756,-147.6361,2013,2012-06-21,2013-06-21,Pacific,20.31,7.5,7.0,0.0,0.0,0.15,0.5730188679245283,1.9,0,False,0.0,0.0,0.0,0.0,0.0,0.0,0,,,,,0.0,0.0
3619,12.0853,-61.7629,2014,2013-03-17,2014-03-17,Atlantic,20.94,0.0,5.0,0.0,0.68,2.28,0.44830188679245286,1.1,0,False,0.0,0.0,0.0,0.0,0.0,0.0,0,1.0,0.0,1.0,0.0,,
3620,12.0886,-61.7624,2014,2013-03-17,2014-03-17,Atlantic,14.585,0.0,10.0,0.0,0.68,2.28,0.44830188679245286,1.1,0,False,0.0,0.0,0.0,0.0,0.0,0.0,0,1.0,0.0,1.0,0.0,,
3621,12.0917,-61.7589,2014,2013-03-13,2014-03-13,Atlantic,18.435000000000002,0.0,7.0,0.0,0.68,2.28,0.44830188679245286,1.1,0,False,0.0,0.0,0.0,0.0,0.0,0.0,0,1.0,0.0,1.0,0.0,,
3622,12.4849,-61.4956,2016,2015-11-15,2016-11-14,Atlantic,21.560000000000002,10.75,8.6,1.62,1.62,1.62,0.6845283018867925,1.22,0,False,0.0,0.0,5.3494,0.0,35.1634,0.0,0,0.0,0.0,0.0,0.0,,
3622,12.4849,-61.4956,2017,2016-06-21,2017-06-21,Atlantic,14.06,4.5,9.5,0.0,0.0,1.62,0.7801886792452832,1.22,0,False,3.4191,0.0,13.614,0.0,89.3022,0.0,1,0.0,0.0,0.0,0.0,,
3622,12.4849,-61.4956,2017,2016-10-19,2017-10-19,Atlantic,16.560000000000002,1.5,10.5,3.4,3.4,3.4,0.8092452830188681,1.25,0,False,3.4191,0.0,117.2732,0.0,228.1901,0.0,1,0.0,0.0,0.0,0.0,,
3622,12.4849,-61.4956,2018,2017-05-23,2018-05-23,Atlantic,20.939999999999998,1.25,9.5,0.0,0.0,3.6,0.6066037735849056,1.25,0,False,0.0,0.0,111.883,0.0,428.8098,0.0,0,0.0,0.0,0.0,0.0,,
3622,12.4849,-61.4956,2018,2017-07-17,2018-07-17,Atlantic,20.63,0.0,9.5,0.0,0.0,3.6,0.5081132075471697,1.25,0,False,0.0,0.0,153.5518,0.0,489.1988,0.0,0,0.0,0.0,0.0,0.0,,
3623,12.4858,-61.4827,2016,2015-12-20,2016-12-19,Atlantic,25.939999999999998,1.75,12.0,1.62,1.62,1.62,0.7220754716981133,1.22,0,False,0.0,0.0,5.3494,0.0,35.1634,0.0,0,0.0,0.0,0.0,0.0,,
3623,12.4858,-61.4827,2017,2016-06-19,2017-06-19,Atlantic,24.38,32.25,8.0,0.0,0.0,1.62,0.7801886792452832,1.22,0,False,3.4191,0.0,13.3185,0.0,77.132,0.0,1,0.0,0.0,0.0,0.0,,
3623,12.4858,-61.4827,2017,2016-06-21,2017-06-21,Atlantic,14.065,1.25,4.5,0.0,0.0,1.62,0.7801886792452832,1.22,0,False,3.4191,0.0,13.3185,0.0,77.132,0.0,1,0.0,0.0,0.0,0.0,,
3623,12.4858,-61.4827,2017,2016-08-22,2017-08-22,Atlantic,27.5,2.5,11.0,0.0,0.0,1.62,0.7992452830188679,1.22,0,False,3.4191,0.0,63.321400000000004,0.0,139.9104,0.0,1,0.0,0.0,0.0,0.0,,
3623,12.4858,-61.4827,2017,2016-09-18,2017-09-18,Atlantic,27.810000000000002,0.0,11.0,3.26,3.26,3.26,0.8266037735849057,1.25,0,False,3.4191,0.0,116.9777,0.0,182.9267,0.0,1,0.0,0.0,0.0,0.0,,
3623,12.4858,-61.4827,2017,2016-10-23,2017-10-23,Atlantic,22.185,0.0,3.5,3.6,3.6,3.6,0.7973584905660378,1.25,0,False,3.4191,0.0,116.9777,0.0,208.0927,0.0,1,0.0,0.0,0.0,0.0,,
3623,12.4858,-61.4827,2018,2017-05-24,2018-05-24,Atlantic,12.5,3.5,4.5,0.0,0.0,3.6,0.6066037735849056,1.25,0,False,0.0,0.0,111.883,0.0,394.2377,0.0,0,0.0,0.0,0.0,0.0,,
3623,12.4858,-61.4827,2018,2017-08-17,2018-08-17,Atlantic,25.314999999999998,0.0,11.5,0.0,0.0,3.6,0.4518867924528302,1.25,0,False,0.0,0.0,231.04240000000001,0.0,563.2121,0.0,0,0.0,0.0,0.0,0.0,,
3623,12.4858,-61.4827,2019,2018-06-19,2019-06-19,Atlantic,22.5,0.01,11.0,0.0,0.0,0.0,0.2907547169811321,0.84,0,False,0.0,0.0,234.30519999999999,0.0,474.5224,102.2266,0,0.0,0.0,0.0,0.0,,
3624,12.4878,-61.4906,2017,2016-06-22,2017-06-22,Atlantic,16.560000000000002,3.25,11.3,0.0,0.0,1.62,0.7801886792452832,1.22,0,False,3.4191,0.0,13.614,0.0,77.132,0.0,1,0.0,0.0,0.0,0.0,,
3624,12.4878,-61.4906,2017,2016-08-23,2017-08-23,Atlantic,12.81,8.75,4.0,0.0,0.0,1.62,0.7992452830188679,1.22,0,False,3.4191,0.0,63.6169,0.0,139.9104,0.0,1,0.0,0.0,0.0,0.0,,
3624,12.4878,-61.4906,2017,2016-09-21,2017-09-21,Atlantic,22.189999999999998,16.25,11.2,3.26,3.26,3.26,0.8266037735849057,1.25,0,False,3.4191,0.0,117.2732,0.0,182.9267,0.0,1,0.0,0.0,0.0,0.0,,
3624,12.4878,-61.4906,2017,2016-10-25,2017-10-25,Atlantic,22.189999999999998,7.25,10.5,3.6,3.6,3.6,0.7973584905660378,1.25,0,False,3.4191,0.0,117.2732,0.0,208.0927,0.0,1,0.0,0.0,0.0,0.0,,
3624,12.4878,-61.4906,2018,2017-05-23,2018-05-23,Atlantic,21.25,0.5,10.5,0.0,0.0,3.6,0.6066037735849056,1.25,0,False,0.0,0.0,111.883,0.0,394.2377,0.0,0,0.0,0.0,0.0,0.0,,
3624,12.4878,-61.4906,2018,2017-05-24,2018-05-24,Atlantic,20.0,6.5,4.0,0.0,0.0,3.6,0.6066037735849056,1.25,0,False,0.0,0.0,111.883,0.0,394.2377,0.0,0,0.0,0.0,0.0,0.0,,
3624,12.4878,-61.4906,2018,2017-08-17,2018-08-17,Atlantic,23.75,0.0,10.5,0.0,0.0,3.6,0.4518867924528302,1.25,0,False,0.0,0.0,231.04240000000001,0.0,563.2121,0.0,0,0.0,0.0,0.0,0.0,,
3624,12.4878,-61.4906,2019,2018-06-14,2019-06-14,Atlantic,14.684999999999999,0.0,10.5,0.0,0.0,0.0,0.2839622641509434,0.84,0,False,0.0,0.0,234.30519999999999,0.0,474.5224,102.2266,0,0.0,0.0,0.0,0.0,,
3625,12.4953,-61.4658,2017,2016-08-21,2017-08-21,Atlantic,20.62,4.5,9.0,0.0,0.0,1.62,0.7992452830188679,1.22,0,False,0.0,0.0,63.321400000000004,0.0,122.6433,0.0,0,0.0,0.0,0.0,0.0,,
3625,12.4953,-61.4658,2018,2017-07-13,2018-07-13,Atlantic,23.13,0.25,10.0,0.0,0.0,3.6,0.5260377358490566,1.25,0,False,0.0,0.0,153.5518,0.0,347.4369,0.0,0,0.0,0.0,0.0,0.0,,
3625,12.4953,-61.4658,2018,2017-07-17,2018-07-17,Atlantic,13.129999999999999,0.0,3.0,0.0,0.0,3.6,0.5081132075471697,1.25,0,False,0.0,0.0,153.5518,0.0,347.4369,0.0,0,0.0,0.0,0.0,0.0,,
3643,18.0383,-73.9095,2013,2012-07-21,2013-07-21,Atlantic,14.375,0.0,20.0,0.0,0.0,1.02,0.4030188679245284,1.06,0,False,0.0,0.0,0.0,0.0,0.0,0.0,0,0.0,0.0,0.0,0.0,,
3644,18.1452,-73.9779,2014,2013-08-27,2014-08-27,Atlantic,29.06,0.0,12.8,0.0,0.0,0.46,0.4075471698113207,0.97,0,False,0.0,0.0,0.0,0.0,0.0,0.0,0,0.0,0.0,0.0,0.0,,
3645,18.2873,-74.3433,2014,2013-08-25,2014-08-25,Atlantic,31.5625,0.0,3.0,0.0,0.0,0.32,0.4866037735849057,1.01,0,False,0.0,0.0,0.0,0.0,0.0,0.0,0,0.0,0.0,0.0,0.0,,
3646,18.2081,-73.5038,2014,2013-05-11,2014-05-11,Atlantic,30.0,0.0,8.0,0.0,0.0,3.2,0.5967924528301887,1.26,0,True,0.0,0.0,0.0,0.0,0.0,0.0,0,0.0,0.0,0.0,0.0,,
3647,18.2258,-72.0667,2014,2013-10-13,2014-10-13,Atlantic,9.375,0.0,16.6,0.0,0.0,0.44,0.34660377358490574,1.07,0,True,0.0,0.0,0.0,0.0,0.0,0.0,0,0.0,0.0,0.0,0.0,,
3648,18.237,-74.0912,2014,2013-08-26,2014-08-26,Atlantic,25.31,0.0,10.0,0.0,0.0,0.31,0.3862264150943396,0.94,0,False,0.0,0.0,0.0,0.0,0.0,0.0,0,0.0,0.0,0.0,0.0,,
3649,18.2459,-73.4826,2014,2013-05-10,2014-05-10,Atlantic,32.5,0.0,4.0,0.0,0.0,2.4,0.5788679245283019,1.24,0,True,0.0,0.0,0.0,0.0,0.0,0.0,0,0.0,0.0,0.0,0.0,,
3651,18.2811,-74.1814,2014,2013-08-25,2014-08-25,Atlantic,16.560000000000002,0.0,10.0,0.0,0.0,0.31,0.42886792452830175,0.94,0,False,0.0,0.0,0.0,0.0,0.0,0.0,0,0.0,0.0,0.0,0.0,,
3652,18.4143,-74.4795,2014,2013-08-28,2014-08-28,Atlantic,18.75,0.0,7.7,0.0,0.0,0.0,0.5467924528301887,1.2,0,False,0.0,0.0,0.0,0.0,0.0,0.0,0,0.0,0.0,0.0,0.0,,
3653,18.4306,-72.7897,2016,2015-01-31,2016-01-31,Atlantic,23.125,1.25,5.0,0.32,1.63,1.63,0.6113207547169811,1.34,0,False,0.0,0.0,0.0,0.0,0.0,0.0,0,0.0,0.0,0.0,0.0,,
3654,18.4333,-72.7234,2013,2012-08-20,2013-08-20,Atlantic,23.75,0.0,3.5,0.0,0.0,0.16,0.3696153846153845,0.92,0,False,0.0,0.0,0.0,0.0,0.0,0.0,0,0.0,0.0,0.0,0.0,,
3655,18.4416,-74.4737,2014,2013-08-28,2014-08-28,Atlantic,18.439999999999998,0.0,8.0,0.0,0.0,0.0,0.5467924528301887,1.2,0,False,0.0,0.0,0.0,0.0,0.0,0.0,0,0.0,0.0,0.0,0.0,,
3656,18.4457,-72.6957,2013,2012-08-16,2013-08-16,Atlantic,25.315,0.0,4.2,0.0,0.0,0.16,0.36188679245283023,0.9,0,False,0.0,0.0,0.0,0.0,0.0,0.0,0,0.0,0.0,0.0,0.0,,
3657,18.4568,-73.0713,2013,2012-08-21,2013-08-21,Atlantic,28.75,0.0,3.0,0.0,0.0,0.15,0.4566037735849057,0.93,0,False,0.0,0.0,0.0,0.0,0.0,0.0,0,0.0,0.0,0.0,0.0,,
3658,18.477,-73.2383,2013,2012-08-22,2013-08-22,Atlantic,33.75,0.0,3.5,0.0,0.0,0.15,0.4505660377358491,0.86,0,False,0.0,0.0,0.0,0.0,0.0,0.0,0,0.0,0.0,0.0,0.0,,
3659,18.5053,-73.3408,2016,2015-01-17,2016-01-17,Atlantic,34.69,11.25,10.0,0.46,2.49,2.49,0.6762264150943396,1.35,0,False,0.0,0.0,0.0,0.0,0.0,0.0,0,0.0,0.0,0.0,0.0,,
3660,18.5307,-73.534,2013,2012-08-23,2013-08-23,Atlantic,20.625,0.0,6.0,0.0,0.0,0.15,0.40113207547169816,0.88,0,False,0.0,0.0,0.0,0.0,0.0,0.0,0,0.0,0.0,0.0,0.0,,
3661,18.5631,-73.5748,2013,2012-08-22,2013-08-22,Atlantic,28.125,0.0,6.0,0.0,0.0,0.16,0.39943396226415095,0.87,0,False,0.0,0.0,0.0,0.0,0.0,0.0,0,0.0,0.0,0.0,0.0,,
3662,18.5999,-74.4281,2014,2013-08-29,2014-08-29,Atlantic,15.315,0.0,3.0,0.0,0.0,0.44,0.6147169811320754,1.14,0,False,0.0,0.0,0.0,0.0,0.0,0.0,0,0.0,0.0,0.0,0.0,,
3663,18.6559,-74.3077,2014,2013-08-30,2014-08-30,Atlantic,30.0,0.0,7.0,0.0,0.0,0.47,0.6543396226415096,1.07,0,False,0.0,0.0,0.0,0.0,0.0,0.0,0,0.0,0.0,0.0,0.0,,
3664,18.6618,-74.1434,2015,2014-02-27,2015-02-27,Atlantic,17.5,0.0,10.0,0.0,0.0,0.0,0.3837735849056604,1.08,0,False,0.0,0.0,0.0,0.0,0.0,0.0,0,0.0,0.0,0.0,0.0,,
3665,18.6655,-74.1477,2015,2014-02-26,2015-02-26,Atlantic,21.25,2.5,7.0,0.0,0.0,0.0,0.38924528301886785,1.08,0,False,0.0,0.0,0.0,0.0,0.0,0.0,0,0.0,0.0,0.0,0.0,,
3666,18.6678,-74.2646,2015,2014-02-28,2015-02-28,Atlantic,11.559999999999999,0.0,8.0,0.0,0.0,0.0,0.4156603773584906,1.0,0,False,0.0,0.0,0.0,0.0,0.0,0.0,0,0.0,0.0,0.0,0.0,,
3667,18.6697,-74.1634,2015,2014-02-26,2015-02-26,Atlantic,15.315,0.0,13.0,0.0,0.0,0.0,0.3967924528301887,1.09,0,False,0.0,0.0,0.0,0.0,0.0,0.0,0,0.0,0.0,0.0,0.0,,
3668,18.6707,-74.1752,2015,2014-02-26,2015-02-26,Atlantic,20.0,0.0,14.0,0.0,0.0,0.0,0.3967924528301887,1.09,0,False,0.0,0.0,0.0,0.0,0.0,0.0,0,0.0,0.0,0.0,0.0,,
3669,18.6736,-74.1831,2015,2014-02-27,2015-02-27,Atlantic,14.375,0.0,15.0,0.0,0.0,0.0,0.390377358490566,1.09,0,False,0.0,0.0,0.0,0.0,0.0,0.0,0,0.0,0.0,0.0,0.0,,
3670,18.6747,-74.2353,2015,2014-02-28,2015-02-28,Atlantic,18.75,0.0,16.0,0.0,0.0,0.0,0.4020754716981133,1.06,0,False,0.0,0.0,0.0,0.0,0.0,0.0,0,0.0,0.0,0.0,0.0,,
3671,18.6769,-74.1952,2015,2014-02-27,2015-02-27,Atlantic,18.75,0.0,13.0,0.0,0.0,0.0,0.390377358490566,1.09,0,False,0.0,0.0,0.0,0.0,0.0,0.0,0,0.0,0.0,0.0,0.0,,
3694,19.7112,-71.8447,2013,2012-05-07,2013-05-07,Atlantic,36.875,0.0,10.0,0.0,0.0,0.44,0.35692307692307695,1.29,0,False,0.0,0.0,0.0,0.0,0.0,0.0,0,0.0,0.0,0.0,0.0,,
3706,19.8995,-72.5918,2013,2012-05-08,2013-05-08,Atlantic,27.81,0.0,11.0,0.0,0.0,0.0,0.2930188679245283,1.3,0,False,0.0,0.0,0.0,0.0,0.0,0.0,0,0.0,0.0,0.0,0.0,,
3707,20.0054,-72.7496,2013,2012-05-08,2013-05-08,Atlantic,14.69,0.0,10.0,0.0,0.0,0.0,0.33094339622641505,1.3,0,False,0.0,0.0,0.0,0.0,0.0,0.0,0,0.0,0.0,0.0,0.0,,
3708,20.0569,-72.9678,2013,2012-05-09,2013-05-09,Atlantic,28.904999999999998,0.0,13.0,0.0,0.0,0.0,0.3143396226415095,1.14,0,False,0.0,0.0,0.0,0.0,0.0,0.0,0,0.0,0.0,0.0,0.0,,
3709,20.0921,-72.8106,2013,2012-05-09,2013-05-09,Atlantic,23.75,0.0,15.0,0.0,0.0,0.0,0.34660377358490574,1.24,0,False,0.0,0.0,0.0,0.0,0.0,0.0,0,0.0,0.0,0.0,0.0,,
3774,16.2995,-86.615,2016,2015-01-07,2016-01-07,Atlantic,17.085,0.0,12.5,0.6,0.75,0.75,0.5266037735849056,1.53,0,False,0.0,0.0,0.0,0.0,0.2527,0.0,0,1.0,4.0,1.0,6.0,,
3784,16.3428,-86.5589,2016,2015-01-06,2016-01-06,Atlantic,15.0,0.0,10.0,0.61,0.75,0.75,0.5249056603773585,1.46,0,False,0.0,0.0,0.0,0.0,0.2527,0.0,0,1.0,4.0,1.0,6.0,,
3787,16.3574,-86.5316,2016,2015-01-06,2016-01-06,Atlantic,15.0,0.0,13.3,0.9,1.05,1.05,0.5360377358490566,1.49,0,False,0.0,0.0,0.0,0.0,0.2527,0.0,0,1.0,4.0,1.0,6.0,,
3793,16.5626,-86.9443,2015,2014-01-10,2015-01-10,Atlantic,25.0,0.0,11.0,0.0,0.95,0.95,0.5009433962264151,1.28,0,False,0.0,0.0,0.0,0.0,0.0,0.0,0,0.0,0.0,1.0,5.0,,
3870,-8.48,119.8359,2014,2013-04-25,2014-04-25,Pacific,18.28,6.25,7.5,1.38,1.38,1.38,0.5124528301886793,1.59,0,False,0.0,0.0,0.0,0.0,0.0,0.0,0,,,,,0.0,0.0
3875,-8.3639,116.0348,2017,2016-11-16,2017-11-16,Pacific,20.47,0.0,8.0,0.0,0.0,2.39,0.6345283018867923,1.5,0,False,0.0,0.0,0.0,0.0,0.0,0.0,0,,,,,1.0,3.0
3875,-8.3639,116.0348,2018,2017-03-24,2018-03-24,Pacific,25.4725,0.0,8.0,0.0,0.15,1.73,0.4809433962264151,1.21,0,False,0.0,0.0,0.0,0.0,0.0,0.0,0,,,,,1.0,2.0
3875,-8.3639,116.0348,2018,2017-06-26,2018-06-26,Pacific,20.625,0.0,8.0,1.83,1.83,1.83,0.5118867924528302,1.3,0,False,0.0,0.0,0.0,0.0,0.0,0.0,0,,,,,1.0,2.0
3877,-8.3579,116.0425,2013,2012-10-26,2013-10-26,Pacific,19.685,0.0,5.0,0.0,0.32,2.74,0.6367924528301887,1.51,0,False,0.0,0.0,0.0,0.0,0.0,0.0,0,,,,,0.0,0.0
3877,-8.3579,116.0425,2016,2015-06-30,2016-06-29,Pacific,4.845,56.25,6.0,13.41,13.41,13.41,0.5560377358490566,1.92,56,False,0.0,0.0,0.0,0.0,0.3213,0.0,0,,,,,1.0,2.0
3877,-8.3579,116.0425,2017,2016-05-23,2017-05-23,Pacific,4.166666666666667,17.5,6.5,1.73,1.73,13.41,0.9,1.86,7,False,0.0,0.0,0.0,0.0,0.0,0.0,0,,,,,1.0,2.0
3877,-8.3579,116.0425,2017,2016-06-27,2017-06-27,Pacific,14.059999999999999,0.0,6.0,1.73,1.73,9.41,0.820188679245283,1.86,0,False,0.0,0.0,0.0,0.0,0.0,0.0,0,,,,,1.0,2.0
3877,-8.3579,116.0425,2017,2016-11-29,2017-11-29,Pacific,7.345000000000001,0.0,6.0,0.15,0.15,2.39,0.6109433962264151,1.5,0,False,0.0,0.0,0.0,0.0,0.0,0.0,0,,,,,1.0,2.0
3877,-8.3579,116.0425,2019,2018-06-27,2019-06-27,Pacific,7.97,0.0,5.5,2.53,2.53,2.53,0.5011320754716981,1.42,0,False,0.0,0.0,0.0,0.0,0.0,0.0,0,,,,,0.0,0.0
3877,-8.3579,116.0425,2019,2018-11-21,2019-11-21,Pacific,12.9675,8.75,5.5,0.0,0.0,2.53,0.2586792452830189,1.42,0,False,0.0,0.0,0.0,0.0,0.0,0.0,0,,,,,0.0,0.0
3877,-8.3579,116.0425,2020,2019-03-18,2020-03-17,Pacific,17.03,2.5,5.25,5.65,5.65,5.65,0.4820754716981132,1.97,7,False,0.0,0.0,0.0,0.0,0.0,0.0,0,,,,,0.0,0.0
3881,-8.3439,116.0262,2017,2016-03-17,2017-03-17,Pacific,9.0625,11.25,5.5,0.72,2.4,12.95,1.0105660377358492,1.9,49,False,0.0,0.0,0.0,0.0,0.0,0.0,0,,,,,1.0,3.0
3885,-8.3378,115.6611,2017,2016-11-16,2017-11-16,Pacific,35.935,0.0,6.0,0.15,0.15,1.75,0.5913207547169811,1.36,0,False,0.0,0.0,0.0,0.0,0.0,0.0,0,,,,,2.0,3.0
3885,-8.3378,115.6611,2018,2017-11-05,2018-11-05,Pacific,24.372500000000002,0.0,6.0,0.0,0.0,2.08,0.3586792452830188,1.17,0,False,0.0,0.0,0.0,0.0,0.0,0.0,0,,,,,1.0,2.0
3886,-8.3376,116.0376,2015,2014-10-30,2015-10-30,Pacific,21.565,10.0,6.5,0.0,0.0,1.27,0.11396226415094339,1.25,0,False,0.0,0.0,0.0,0.0,3.1565,0.0,0,,,,,0.0,2.0
3886,-8.3376,116.0376,2015,2014-11-17,2015-11-17,Pacific,20.1575,4.375,6.0,0.0,0.0,1.27,0.0909433962264151,1.25,0,False,0.0,0.0,0.0,0.0,3.1565,0.0,0,,,,,0.0,2.0
3886,-8.3376,116.0376,2016,2015-04-19,2016-04-18,Pacific,22.3425,95.0,6.0,5.69,5.69,5.69,0.36660377358490565,1.61,21,False,0.0,0.0,0.0,0.0,0.3213,0.0,0,,,,,1.0,3.0
3886,-8.3376,116.0376,2016,2015-06-28,2016-06-27,Pacific,23.4375,66.25,6.0,12.95,12.95,12.95,0.550377358490566,1.9,49,False,0.0,0.0,0.0,0.0,0.3213,0.0,0,,,,,1.0,3.0
3886,-8.3376,116.0376,2016,2015-10-14,2016-10-13,Pacific,25.155,10.0,6.0,0.0,6.640000000000001,12.95,0.9673584905660378,1.9,49,False,0.0,0.0,0.0,0.0,0.3213,0.0,0,,,,,1.0,3.0
3886,-8.3376,116.0376,2016,2015-11-13,2016-11-12,Pacific,20.3125,20.0,6.0,0.0,1.12,12.95,1.0556603773584907,1.9,49,False,0.0,0.0,0.0,0.0,0.3213,0.0,0,,,,,1.0,3.0
3886,-8.3376,116.0376,2017,2016-03-11,2017-03-11,Pacific,20.625,6.75,6.0,1.91,2.4,12.95,1.011698113207547,1.9,49,False,0.0,0.0,0.0,0.0,0.0,0.0,0,,,,,1.0,3.0
3886,-8.3376,116.0376,2017,2016-05-20,2017-05-20,Pacific,25.3125,5.0,6.0,1.46,1.46,12.95,0.919245283018868,1.9,7,False,0.0,0.0,0.0,0.0,0.0,0.0,0,,,,,1.0,3.0
3886,-8.3376,116.0376,2017,2016-06-24,2017-06-24,Pacific,15.934999999999999,0.0,6.0,1.46,1.46,10.12,0.8230188679245282,1.82,0,False,0.0,0.0,0.0,0.0,0.0,0.0,0,,,,,1.0,3.0
3886,-8.3376,116.0376,2017,2016-11-11,2017-11-11,Pacific,30.005000000000003,0.0,6.0,0.0,0.0,2.4,0.6224528301886794,1.53,0,False,0.0,0.0,0.0,0.0,0.0,0.0,0,,,,,1.0,3.0
3886,-8.3376,116.0376,2018,2017-02-06,2018-02-06,Pacific,24.9975,0.0,6.0,0.15,0.15,1.91,0.539433962264151,1.53,0,False,0.0,0.0,0.0,0.0,0.0,0.0,0,,,,,1.0,2.0
3886,-8.3376,116.0376,2018,2017-03-17,2018-03-17,Pacific,23.44,0.625,6.0,0.0,0.15,1.46,0.47905660377358483,1.28,0,False,0.0,0.0,0.0,0.0,0.0,0.0,0,,,,,1.0,2.0
3886,-8.3376,116.0376,2018,2017-04-24,2018-04-24,Pacific,23.28,10.0,6.0,1.85,1.85,1.85,0.5083018867924528,1.28,0,False,0.0,0.0,0.0,0.0,0.0,0.0,0,,,,,1.0,2.0
3886,-8.3376,116.0376,2018,2017-09-14,2018-09-14,Pacific,18.9075,12.5,6.0,0.0,1.99,1.99,0.43320754716981136,1.28,0,False,0.0,0.0,0.0,0.0,0.0,0.0,0,,,,,1.0,2.0
3886,-8.3376,116.0376,2019,2018-02-15,2019-02-15,Pacific,23.7525,5.0,6.0,0.0,0.0,1.99,0.4339622641509434,1.28,0,False,0.0,0.0,0.0,0.0,0.0,0.0,0,,,,,0.0,1.0
3886,-8.3376,116.0376,2019,2018-06-22,2019-06-22,Pacific,28.4375,0.0,6.0,2.73,2.73,2.73,0.5037735849056604,1.48,0,False,0.0,0.0,0.0,0.0,0.0,0.0,0,,,,,0.0,1.0
3886,-8.3376,116.0376,2019,2018-09-07,2019-09-07,Pacific,29.375,0.0,6.0,0.0,2.73,2.73,0.3552830188679245,1.48,0,False,0.0,0.0,0.0,0.0,0.0,0.0,0,,,,,0.0,1.0
3886,-8.3376,116.0376,2019,2018-10-05,2019-10-05,Pacific,17.655,0.0,6.0,0.0,1.03,2.73,0.28716981132075475,1.48,0,False,0.0,0.0,0.0,0.0,0.0,0.0,0,,,,,0.0,1.0
3886,-8.3376,116.0376,2019,2018-11-16,2019-11-16,Pacific,26.405,0.0,6.0,0.0,0.0,2.73,0.2537735849056604,1.48,0,False,0.0,0.0,0.0,0.0,0.0,0.0,0,,,,,0.0,1.0
3886,-8.3376,116.0376,2020,2019-02-08,2020-02-08,Pacific,26.72,17.5,6.0,5.78,5.78,5.78,0.4752830188679245,2.04,14,False,0.0,0.0,0.0,0.0,0.0,0.0,0,,,,,0.0,1.0
3886,-8.3376,116.0376,2020,2019-03-15,2020-03-14,Pacific,29.064999999999998,7.5,6.0,5.78,5.78,5.78,0.478679245283019,2.04,14,False,0.0,0.0,0.0,0.0,0.0,0.0,0,,,,,0.0,1.0
3888,-8.3339,115.6547,2017,2016-11-16,2017-11-16,Pacific,20.31,0.0,7.0,0.15,0.15,1.75,0.5913207547169811,1.36,0,False,0.0,0.0,0.0,0.0,0.0,0.0,0,,,,,2.0,3.0
3891,-8.2839,115.6033,2017,2016-05-17,2017-05-17,Pacific,17.189999999999998,0.0,6.0,1.6,1.6,13.24,0.8713207547169811,1.86,7,False,0.0,0.0,0.0,0.0,0.0,0.0,0,,,,,2.0,2.0
3891,-8.2839,115.6033,2018,2017-07-27,2018-07-27,Pacific,16.25,0.0,5.5,1.5,1.82,1.82,0.4041509433962264,1.25,0,False,0.0,0.0,0.0,0.0,0.0,0.0,0,,,,,1.0,1.0
3892,-8.2811,115.6008,2017,2016-05-17,2017-05-17,Pacific,24.369999999999997,0.0,6.0,1.6,1.6,13.24,0.8713207547169811,1.86,7,False,0.0,0.0,0.0,0.0,0.0,0.0,0,,,,,2.0,2.0
3893,-8.2794,115.5992,2017,2016-05-17,2017-05-17,Pacific,11.879999999999999,0.0,6.0,1.31,1.31,12.83,0.8624528301886794,1.85,7,False,0.0,0.0,0.0,0.0,0.0,0.0,0,,,,,2.0,2.0
3893,-8.2794,115.5992,2018,2017-07-27,2018-07-27,Pacific,11.87,0.25,6.0,1.48,1.8,1.8,0.39566037735849063,1.26,0,False,0.0,0.0,0.0,0.0,0.0,0.0,0,,,,,1.0,1.0
3894,-8.2789,115.5983,2017,2016-05-17,2017-05-17,Pacific,20.0,0.0,5.0,1.31,1.31,12.83,0.8624528301886794,1.85,7,False,0.0,0.0,0.0,0.0,0.0,0.0,0,,,,,2.0,2.0
3894,-8.2789,115.5983,2018,2017-07-27,2018-07-27,Pacific,26.875,0.0,2.6,1.48,1.8,1.8,0.39566037735849063,1.26,0,False,0.0,0.0,0.0,0.0,0.0,0.0,0,,,,,1.0,1.0
3895,-8.2769,115.5944,2017,2016-05-17,2017-05-17,Pacific,9.69,0.0,4.0,1.31,1.31,12.83,0.8624528301886794,1.85,7,False,0.0,0.0,0.0,0.0,0.0,0.0,0,,,,,2.0,2.0
3895,-8.2769,115.5944,2018,2017-07-27,2018-07-27,Pacific,3.75,0.5,6.0,1.48,1.8,1.8,0.39566037735849063,1.26,0,False,0.0,0.0,0.0,0.0,0.0,0.0,0,,,,,1.0,1.0
3897,-8.2761,115.5936,2017,2016-05-17,2017-05-17,Pacific,8.125,0.0,5.0,1.31,1.31,12.83,0.8624528301886794,1.85,7,False,0.0,0.0,0.0,0.0,0.0,0.0,0,,,,,2.0,2.0
3897,-8.2761,115.5936,2018,2017-07-27,2018-07-27,Pacific,12.81,0.25,7.0,1.48,1.8,1.8,0.39566037735849063,1.26,0,False,0.0,0.0,0.0,0.0,0.0,0.0,0,,,,,1.0,1.0
3898,-8.2728,115.5919,2014,2013-11-20,2014-11-20,Pacific,10.625,0.0,5.0,0.0,0.0,0.47,0.25943396226415094,1.22,0,False,0.0,0.0,0.0,0.0,0.0,0.0,0,,,,,0.0,0.0
3898,-8.2728,115.5919,2017,2016-05-17,2017-05-17,Pacific,20.0,0.25,5.0,1.31,1.31,12.83,0.8624528301886794,1.85,7,False,0.0,0.0,0.0,0.0,0.0,0.0,0,,,,,2.0,2.0
3898,-8.2728,115.5919,2018,2017-07-27,2018-07-27,Pacific,11.875,0.0,7.0,1.48,1.8,1.8,0.39566037735849063,1.26,0,False,0.0,0.0,0.0,0.0,0.0,0.0,0,,,,,1.0,1.0
3900,-8.2592,115.5839,2017,2016-11-06,2017-11-06,Pacific,18.119999999999997,0.0,3.5,0.0,0.0,1.31,0.5564150943396226,1.18,0,False,0.0,0.0,0.0,0.0,0.0,0.0,0,,,,,2.0,2.0
3900,-8.2592,115.5839,2018,2017-10-19,2018-10-19,Pacific,16.25,0.0,4.0,0.0,0.0,1.8,0.33452830188679245,1.26,0,False,0.0,0.0,0.0,0.0,0.0,0.0,0,,,,,1.0,1.0
3903,-8.1375,115.3942,2015,2014-10-24,2015-10-24,Pacific,36.875,0.0,6.0,0.0,0.0,1.3,0.08924528301886793,1.48,0,False,0.0,0.0,0.0,0.0,0.0,0.0,0,,,,,0.0,2.0
3903,-8.1375,115.3942,2016,2015-10-27,2016-10-26,Pacific,18.28,0.0,9.0,0.0,3.71,9.44,0.9764150943396226,1.87,28,False,0.0,0.0,0.0,0.0,0.0,0.0,0,,,,,0.0,2.0
3903,-8.1375,115.3942,2017,2016-12-15,2017-12-15,Pacific,13.4375,0.0,5.5,0.0,0.0,0.88,0.5107547169811322,1.14,0,False,0.0,0.0,0.0,0.0,0.0,0.0,0,,,,,0.0,2.0
3903,-8.1375,115.3942,2018,2017-11-29,2018-11-29,Pacific,14.22,0.0,8.0,0.0,0.0,0.78,0.26358490566037734,1.13,0,False,0.0,0.0,0.0,0.0,0.0,0.0,0,,,,,0.0,1.0
3904,-8.1247,115.3533,2016,2015-10-27,2016-10-26,Pacific,13.44,0.0,6.0,0.0,3.71,9.44,0.9764150943396226,1.87,28,False,0.0,0.0,0.0,0.0,0.0,0.0,0,,,,,0.0,2.0
3905,-8.1089,115.3169,2015,2014-10-24,2015-10-24,Pacific,11.56,0.0,3.5,0.0,0.0,1.28,0.08981132075471698,1.47,0,False,0.0,0.0,0.0,0.0,0.0,0.0,0,,,,,0.0,2.0
3905,-8.1089,115.3169,2016,2015-10-26,2016-10-25,Pacific,18.125,0.0,4.0,0.0,3.82,9.07,0.9733962264150944,1.87,28,False,0.0,0.0,0.0,0.0,0.0,0.0,0,,,,,0.0,2.0
3905,-8.1089,115.3169,2017,2016-11-05,2017-11-05,Pacific,25.6275,0.0,6.5,0.0,0.0,0.92,0.5375000000000001,1.16,0,False,0.0,0.0,0.0,0.0,0.0,0.0,0,,,,,0.0,2.0
3905,-8.1089,115.3169,2018,2017-11-29,2018-11-29,Pacific,21.5625,0.0,5.75,0.0,0.0,0.8,0.26075471698113206,1.17,0,False,0.0,0.0,0.0,0.0,0.0,0.0,0,,,,,0.0,1.0
3908,-8.0942,115.2733,2016,2015-10-27,2016-10-26,Pacific,6.875,0.0,5.0,0.0,3.79,8.72,0.9760377358490567,1.89,21,False,0.0,0.0,0.0,0.0,0.0,0.0,0,,,,,0.0,1.0
3908,-8.0942,115.2733,2017,2016-12-15,2017-12-15,Pacific,4.375,0.0,8.0,0.0,0.0,0.97,0.5305660377358491,1.18,0,False,0.0,0.0,0.0,0.0,0.0,0.0,0,,,,,0.0,1.0
3908,-8.0942,115.2733,2018,2017-11-29,2018-11-29,Pacific,5.3100000000000005,0.0,9.5,0.0,0.0,0.85,0.2786792452830189,1.25,0,False,0.0,0.0,0.0,0.0,0.0,0.0,0,,,,,0.0,1.0
4082,-4.5297,129.9536,2016,2015-02-09,2016-02-09,Pacific,26.875,1.185,7.5,2.65,2.65,2.65,0.06433962264150944,1.65,0,False,0.0,0.0,0.0,0.0,0.0,0.0,0,,,,,0.0,0.0
4082,-4.5297,129.9536,2017,2016-11-30,2017-11-30,Pacific,24.375,0.0,7.5,0.32,0.32,6.25,0.6905660377358491,1.43,14,False,0.0,0.0,0.0,0.0,0.0,0.0,0,,,,,1.0,1.0
4082,-4.5297,129.9536,2018,2017-12-01,2018-12-01,Pacific,25.0,0.0,8.0,0.3,0.3,0.76,0.6303773584905661,1.18,0,False,0.0,0.0,0.0,0.0,0.0,0.0,0,,,,,1.0,1.0
4083,-4.5053,129.8794,2015,2014-05-03,2015-05-03,Pacific,38.125,3.25,7.5,0.0,0.0,0.0,0.1858490566037736,1.06,0,False,0.0,0.0,0.0,0.0,0.0,0.0,0,,,,,0.0,0.0
4083,-4.5053,129.8794,2016,2015-03-13,2016-03-12,Pacific,31.875,9.25,7.0,2.66,2.66,2.66,0.12452830188679245,1.55,0,False,0.0,0.0,0.0,0.0,0.0,0.0,0,,,,,0.0,0.0
4083,-4.5053,129.8794,2017,2016-11-29,2017-11-29,Pacific,32.6575,1.5,7.5,0.31,0.31,6.55,0.6775471698113208,1.48,14,False,0.0,0.0,0.0,0.0,0.0,0.0,0,,,,,1.0,1.0
4083,-4.5053,129.8794,2018,2017-05-09,2018-05-09,Pacific,35.625,3.0,7.5,0.0,0.46,0.77,0.6416981132075472,1.16,0,False,0.0,0.0,0.0,0.0,0.0,0.0,0,,,,,1.0,1.0
4083,-4.5053,129.8794,2018,2017-09-21,2018-09-21,Pacific,37.19,0.0,5.5,0.0,0.0,0.77,0.6488679245283018,1.2,0,False,0.0,0.0,0.0,0.0,0.0,0.0,0,,,,,1.0,1.0
4083,-4.5053,129.8794,2018,2017-09-23,2018-09-23,Pacific,31.565,0.0,10.0,0.0,0.0,0.77,0.6488679245283018,1.2,0,False,0.0,0.0,0.0,0.0,0.0,0.0,0,,,,,1.0,1.0
4083,-4.5053,129.8794,2019,2018-04-07,2019-04-07,Pacific,35.625,0.5,8.0,0.0,0.15,0.15,0.5333962264150943,1.2,0,False,0.0,0.0,0.0,0.0,0.0,0.0,0,,,,,1.0,1.0
4083,-4.5053,129.8794,2019,2018-09-22,2019-09-22,Pacific,39.9975,0.0,7.5,0.0,0.3,0.3,0.2649056603773584,1.2,0,False,0.0,0.0,0.0,0.0,0.0,0.0,0,,,,,1.0,1.0
4084,-4.4872,129.9303,2016,2015-02-09,2016-02-09,Pacific,18.44,1.25,8.0,2.6,2.6,2.6,0.06188679245283019,1.6,0,False,0.0,0.0,0.0,0.0,0.0,0.0,0,,,,,0.0,0.0
4084,-4.4872,129.9303,2017,2016-12-01,2017-12-01,Pacific,14.69,0.0,8.0,0.62,0.62,6.16,0.6894339622641509,1.46,14,False,0.0,0.0,0.0,0.0,0.0,0.0,0,,,,,1.0,1.0
4084,-4.4872,129.9303,2019,2018-11-02,2019-11-02,Pacific,14.217500000000001,0.0,7.5,0.0,0.0,0.3,0.17377358490566036,1.17,0,False,0.0,0.0,0.0,0.0,0.0,0.0,0,,,,,1.0,1.0
4199,-8.7158,115.4583,2016,2015-10-06,2016-10-05,Indian,15.0,0.75,5.0,0.31,5.39,13.11,1.2945283018867921,2.35,77,True,0.0,0.0,9.2196,0.0,29.4257,0.0,0,,,,,0.0,1.0
4200,-8.6858,115.4622,2016,2015-10-07,2016-10-06,Indian,11.25,2.25,5.0,0.14,8.75,16.04,1.2124528301886794,2.17,91,False,0.0,0.0,9.2196,0.0,22.126,0.0,0,,,,,0.0,2.0
4200,-8.6858,115.4622,2017,2016-04-17,2017-04-17,Indian,9.06,5.5,5.0,0.0,3.79,16.04,1.1767924528301887,2.17,35,False,0.0,0.0,2.3729999999999998,0.0,5.9487000000000005,0.0,0,,,,,0.0,2.0
4200,-8.6858,115.4622,2017,2016-04-25,2017-04-25,Indian,18.435000000000002,1.75,5.0,0.0,3.79,16.04,1.171320754716981,2.17,28,False,0.0,0.0,2.3729999999999998,0.0,5.9487000000000005,0.0,0,,,,,0.0,2.0
4201,-8.6758,115.4428,2017,2016-04-16,2017-04-16,Indian,11.25,3.75,5.0,0.0,3.78,14.48,1.204423076923077,2.19,35,False,0.0,0.0,2.3729999999999998,0.0,5.9487000000000005,0.0,0,,,,,0.0,2.0
4202,-8.675,115.4411,2017,2016-04-18,2017-04-18,Indian,20.935,3.75,5.0,0.0,3.78,14.48,1.1903773584905661,2.19,35,False,0.0,0.0,2.3729999999999998,0.0,5.9487000000000005,0.0,0,,,,,0.0,2.0
4203,-8.5095,119.7024,2014,2013-04-25,2014-04-25,Pacific,27.19,2.5,7.5,1.42,1.42,1.42,0.5058490566037736,1.6,0,False,0.0,0.0,0.0,0.0,0.0,0.0,0,,,,,0.0,0.0
4204,-8.5094,116.8572,2014,2013-03-04,2014-03-04,Pacific,12.5,3.75,6.0,0.0,0.0,1.82,0.41792452830188676,1.5,0,False,0.0,0.0,0.0,0.0,0.0,0.0,0,,,,,0.0,0.0
4205,-8.4955,116.8812,2014,2013-03-04,2014-03-04,Pacific,12.5,10.0,6.0,0.0,0.0,1.82,0.42396226415094346,1.55,0,False,0.0,0.0,0.0,0.0,0.0,0.0,0,,,,,0.0,0.0
4206,-8.4931,116.8679,2014,2013-03-04,2014-03-04,Pacific,11.56,10.0,6.0,0.0,0.0,1.82,0.42396226415094346,1.55,0,False,0.0,0.0,0.0,0.0,0.0,0.0,0,,,,,0.0,0.0
4210,-8.411,119.8627,2014,2013-05-08,2014-05-08,Pacific,7.655,0.0,7.5,2.49,2.49,2.49,0.4977358490566036,1.54,0,False,0.0,0.0,0.0,0.0,0.0,0.0,0,,,,,0.0,0.0
4211,-8.3915,119.7989,2014,2013-04-25,2014-04-25,Pacific,10.625,5.875,7.5,1.45,1.45,1.45,0.46301886792452834,1.61,0,False,0.0,0.0,0.0,0.0,0.0,0.0,0,,,,,0.0,0.0
4212,-8.3628,116.0298,2013,2012-08-02,2013-08-02,Pacific,34.375,0.0,12.0,0.47,0.77,2.74,0.5437735849056604,1.51,0,False,0.0,0.0,0.0,0.0,0.0,0.0,0,,,,,0.0,0.0
4212,-8.3628,116.0298,2013,2012-11-06,2013-11-06,Pacific,34.06,0.0,12.0,0.0,0.0,2.74,0.6333962264150943,1.51,0,False,0.0,0.0,0.0,0.0,0.0,0.0,0,,,,,0.0,0.0
4213,-8.3624,116.0314,2015,2014-02-11,2015-02-11,Pacific,19.99833333333333,13.333333333333334,7.333333333333333,0.0,0.0,1.61,0.34773584905660376,1.35,0,False,0.0,0.0,0.0,0.0,0.0,0.0,0,,,,,0.0,2.0
4213,-8.3624,116.0314,2015,2014-11-19,2015-11-19,Pacific,20.3125,0.0,8.0,0.0,0.0,1.42,0.09867924528301887,1.25,0,False,0.0,0.0,0.0,0.0,3.1565,0.0,0,,,,,0.0,2.0
4213,-8.3624,116.0314,2016,2015-04-21,2016-04-20,Pacific,16.872500000000002,77.5,8.0,5.8100000000000005,5.8100000000000005,5.8100000000000005,0.370188679245283,1.54,21,False,0.0,0.0,0.0,0.0,0.3213,0.0,0,,,,,1.0,3.0
4214,-8.3619,116.0536,2013,2012-09-02,2013-09-02,Pacific,11.4075,2.5,9.0,0.31,0.76,2.93,0.6250943396226416,1.53,0,False,0.0,0.0,0.0,0.0,0.0,0.0,0,,,,,0.0,0.0
4215,-8.3556,116.0515,2015,2014-02-12,2015-02-12,Pacific,11.25,5.0,6.0,0.15,0.15,1.61,0.34301886792452835,1.35,0,False,0.0,0.0,0.0,0.0,0.0,0.0,0,,,,,0.0,1.0
4215,-8.3556,116.0515,2017,2016-05-20,2017-05-20,Pacific,9.219999999999999,6.25,6.0,1.75,1.75,13.07,0.9226415094339623,1.91,14,False,0.0,0.0,0.0,0.0,0.0,0.0,0,,,,,1.0,2.0
4215,-8.3556,116.0515,2020,2019-03-18,2020-03-17,Pacific,7.5,7.5,9.7,5.48,5.48,5.48,0.46698113207547176,1.93,7,False,0.0,0.0,0.0,0.0,0.0,0.0,0,,,,,0.0,0.0
4216,-8.3487,116.0858,2014,2013-10-30,2014-10-30,Pacific,9.375,10.0,6.0,0.0,0.14,1.76,0.3288679245283018,1.52,0,False,0.0,0.0,0.0,0.0,0.0,0.0,0,,,,,0.0,0.0
4216,-8.3487,116.0858,2015,2014-02-10,2015-02-10,Pacific,9.685,15.0,4.0,0.31,0.31,1.76,0.33415094339622636,1.38,0,False,0.0,0.0,0.0,0.0,0.0,0.0,0,,,,,0.0,1.0
4216,-8.3487,116.0858,2015,2014-04-22,2015-04-22,Pacific,12.81,11.25,4.0,0.94,0.94,1.76,0.35452830188679246,1.3,0,False,0.0,0.0,0.0,0.0,3.1565,0.0,0,,,,,0.0,1.0
4216,-8.3487,116.0858,2015,2014-11-18,2015-11-18,Pacific,8.905,6.875,5.5,0.0,0.0,1.25,0.07830188679245283,1.23,0,False,0.0,0.0,0.0,0.0,3.1565,0.0,0,,,,,0.0,1.0
4216,-8.3487,116.0858,2016,2015-04-20,2016-04-19,Pacific,8.75,40.0,7.5,5.69,5.69,5.69,0.35603773584905657,1.61,21,False,0.0,0.0,0.0,0.0,0.3213,0.0,0,,,,,1.0,2.0
4216,-8.3487,116.0858,2017,2016-03-15,2017-03-15,Pacific,9.065,0.0,5.0,0.88,2.83,13.08,1.0060377358490566,1.91,49,False,0.0,0.0,0.0,0.0,0.0,0.0,0,,,,,1.0,2.0
4216,-8.3487,116.0858,2017,2016-05-24,2017-05-24,Pacific,8.594999999999999,4.0,5.5,1.63,1.63,13.08,0.8820754716981131,1.83,0,False,0.0,0.0,0.0,0.0,0.0,0.0,0,,,,,1.0,2.0
4216,-8.3487,116.0858,2017,2016-06-28,2017-06-28,Pacific,12.97,0.0,5.75,1.63,1.63,9.07,0.802264150943396,1.83,0,False,0.0,0.0,0.0,0.0,0.0,0.0,0,,,,,1.0,2.0
4216,-8.3487,116.0858,2019,2018-03-16,2019-03-16,Pacific,11.0925,2.0,5.75,0.0,0.0,2.13,0.48660377358490564,1.5,0,False,0.0,0.0,0.0,0.0,0.0,0.0,0,,,,,0.0,0.0
4216,-8.3487,116.0858,2019,2018-06-25,2019-06-25,Pacific,11.875,0.0,5.75,2.42,2.42,2.42,0.4830188679245284,1.5,0,False,0.0,0.0,0.0,0.0,0.0,0.0,0,,,,,0.0,0.0
4216,-8.3487,116.0858,2019,2018-09-12,2019-09-12,Pacific,8.434999999999999,0.0,5.75,0.0,2.42,2.42,0.31905660377358486,1.5,0,False,0.0,0.0,0.0,0.0,0.0,0.0,0,,,,,0.0,0.0
4216,-8.3487,116.0858,2019,2018-11-19,2019-11-19,Pacific,11.094999999999999,0.0,5.75,0.0,0.0,2.42,0.2411320754716981,1.5,0,False,0.0,0.0,0.0,0.0,0.0,0.0,0,,,,,0.0,0.0
4216,-8.3487,116.0858,2020,2019-02-12,2020-02-12,Pacific,7.6575,35.0,5.75,5.75,5.75,5.75,0.4628301886792453,1.98,14,False,0.0,0.0,0.0,0.0,0.0,0.0,0,,,,,0.0,0.0
4217,-8.3452,116.0674,2014,2013-10-27,2014-10-27,Pacific,10.625,20.0,12.2,0.0,0.14,1.76,0.3381132075471698,1.52,0,False,0.0,0.0,0.0,0.0,0.0,0.0,0,,,,,0.0,0.0
4217,-8.3452,116.0674,2015,2014-04-21,2015-04-21,Pacific,11.875,10.0,13.0,0.94,0.94,1.76,0.35452830188679246,1.3,0,False,0.0,0.0,0.0,0.0,3.1565,0.0,0,,,,,0.0,1.0
4218,-8.3448,116.0247,2015,2014-02-07,2015-02-07,Pacific,8.13,10.0,7.0,0.15,0.15,1.46,0.3394339622641509,1.38,0,False,0.0,0.0,0.0,0.0,0.0,0.0,0,,,,,0.0,2.0
4218,-8.3448,116.0247,2015,2014-04-20,2015-04-20,Pacific,6.56,0.0,7.0,0.95,0.95,1.46,0.360377358490566,1.27,0,False,0.0,0.0,0.0,0.0,3.1565,0.0,0,,,,,0.0,2.0
4218,-8.3448,116.0247,2016,2015-10-09,2016-10-08,Pacific,9.53,5.625,6.5,0.0,6.640000000000001,12.95,0.9673584905660378,1.9,49,False,0.0,0.0,0.0,0.0,0.3213,0.0,0,,,,,1.0,3.0
4219,-8.3411,116.0273,2013,2012-07-14,2013-07-14,Pacific,19.375,2.25,12.0,0.9,0.9,2.93,0.4766037735849057,1.52,0,False,0.0,0.0,0.0,0.0,0.0,0.0,0,,,,,0.0,0.0
4220,-8.3408,116.0426,2015,2014-06-06,2015-06-06,Pacific,10.782499999999999,0.0,6.25,1.27,1.27,1.46,0.2852830188679245,1.25,0,False,0.0,0.0,0.0,0.0,3.1565,0.0,0,,,,,0.0,1.0
4221,-8.3373,116.0365,2013,2012-06-29,2013-06-29,Pacific,21.25,1.25,8.0,0.9,0.9,2.93,0.4226415094339623,1.52,0,False,0.0,0.0,0.0,0.0,0.0,0.0,0,,,,,0.0,0.0
4221,-8.3373,116.0365,2014,2013-10-28,2014-10-28,Pacific,22.185,15.0,7.0,0.0,0.0,1.46,0.3469811320754717,1.54,0,False,0.0,0.0,0.0,0.0,0.0,0.0,0,,,,,0.0,0.0
4221,-8.3373,116.0365,2015,2014-02-09,2015-02-09,Pacific,23.75,1.5,6.0,0.15,0.15,1.46,0.3394339622641509,1.38,0,False,0.0,0.0,0.0,0.0,0.0,0.0,0,,,,,0.0,2.0
4222,-8.3348,115.6532,2016,2015-05-29,2016-05-28,Pacific,11.25,35.0,5.5,13.99,13.99,13.99,0.4796226415094339,1.86,63,False,0.0,0.0,0.0,0.0,0.0,0.0,0,,,,,2.0,3.0
4223,-8.3042,116.1368,2014,2013-10-29,2014-10-29,Pacific,12.5,10.0,8.0,0.0,0.14,1.77,0.3266037735849057,1.5,0,False,0.0,0.0,0.0,0.0,0.0,0.0,0,,,,,0.0,0.0
4225,-8.2511,115.6998,2016,2015-05-28,2016-05-27,Pacific,7.5,50.0,10.0,11.95,11.95,11.95,0.4454716981132077,1.83,56,False,0.0,0.0,0.0,0.0,0.3213,0.0,0,,,,,2.0,3.0
4226,-8.1391,115.3964,2016,2015-05-27,2016-05-26,Pacific,7.8149999999999995,17.25,10.0,8.26,8.26,8.26,0.4249056603773585,1.87,28,False,0.0,0.0,0.0,0.0,0.0,0.0,0,,,,,0.0,2.0
4302,-4.5972,129.6681,2016,2015-05-01,2016-04-30,Pacific,30.3125,5.25,7.5,1.75,2.88,2.88,0.19754716981132076,1.46,0,False,0.0,0.0,0.0,0.0,0.0,0.0,0,,,,,0.0,0.0
4302,-4.5972,129.6681,2018,2017-10-31,2018-10-31,Pacific,26.0925,0.0,7.5,0.0,0.0,0.93,0.6064150943396227,1.19,0,False,0.0,0.0,0.0,0.0,0.0,0.0,0,,,,,0.0,1.0
4302,-4.5972,129.6681,2019,2018-04-12,2019-04-12,Pacific,28.28,0.0,8.0,0.34,0.45,0.45,0.5494339622641509,1.38,0,False,0.0,0.0,0.0,0.0,0.0,0.0,0,,,,,0.0,1.0
4303,-4.5781,130.0358,2016,2015-02-19,2016-02-19,Pacific,6.25,0.0,7.0,2.91,2.91,2.91,0.0769811320754717,1.68,0,False,0.0,0.0,0.0,0.0,0.0,0.0,0,,,,,0.0,0.0
4303,-4.5781,130.0358,2018,2017-11-24,2018-11-24,Pacific,13.747499999999999,1.125,7.5,0.31,0.31,1.37,0.6328301886792452,1.25,0,False,0.0,0.0,0.0,0.0,0.0,0.0,0,,,,,1.0,1.0
4303,-4.5781,130.0358,2019,2018-05-18,2019-05-18,Pacific,14.375,0.0,7.5,0.31,0.31,0.46,0.5684905660377357,1.26,0,False,0.0,0.0,0.0,0.0,0.0,0.0,0,,,,,1.0,1.0
4304,-4.5303,129.9525,2015,2014-03-09,2015-03-09,Pacific,23.44,0.0,10.0,0.15,0.15,0.16,0.20981132075471698,1.23,0,False,0.0,0.0,0.0,0.0,0.0,0.0,0,,,,,0.0,0.0
4304,-4.5303,129.9525,2018,2017-03-11,2018-03-11,Pacific,27.3425,0.0,7.5,0.44,0.76,1.2,0.6562264150943397,1.21,0,False,0.0,0.0,0.0,0.0,0.0,0.0,0,,,,,1.0,1.0
4304,-4.5303,129.9525,2019,2018-10-27,2019-10-27,Pacific,21.875,0.0,7.5,0.0,0.0,0.3,0.20528301886792447,1.14,0,False,0.0,0.0,0.0,0.0,0.0,0.0,0,,,,,1.0,1.0
4305,-4.525,129.7853,2015,2014-03-18,2015-03-18,Pacific,12.345,0.0,7.0,0.15,0.3,0.3,0.18415094339622642,1.24,0,False,0.0,0.0,0.0,0.0,0.0,0.0,0,,,,,0.0,0.0
4305,-4.525,129.7853,2016,2015-03-27,2016-03-26,Pacific,19.375,14.875,7.5,2.34,2.49,2.49,0.1547169811320755,1.47,0,False,0.0,0.0,0.0,0.0,0.0,0.0,0,,,,,0.0,0.0
4305,-4.525,129.7853,2019,2018-03-16,2019-03-16,Pacific,21.565,0.0,8.0,0.0,0.29,0.29,0.5232075471698113,1.22,0,False,0.0,0.0,0.0,0.0,0.0,0.0,0,,,,,1.0,1.0
4305,-4.525,129.7853,2019,2018-12-01,2019-12-01,Pacific,18.28,0.0,7.5,0.0,0.0,0.33,0.10981132075471697,1.33,0,False,0.0,0.0,0.0,0.0,0.0,0.0,0,,,,,1.0,1.0
4306,-4.5131,129.9447,2015,2014-03-09,2015-03-09,Pacific,36.56,0.0,10.0,0.14,0.14,0.16,0.2018867924528302,1.23,0,False,0.0,0.0,0.0,0.0,0.0,0.0,0,,,,,0.0,0.0
4306,-4.5131,129.9447,2019,2018-04-05,2019-04-05,Pacific,28.75,0.0,8.0,0.0,0.29,0.29,0.5401886792452829,1.18,0,False,0.0,0.0,0.0,0.0,0.0,0.0,0,,,,,1.0,1.0
4306,-4.5131,129.9447,2019,2018-10-27,2019-10-27,Pacific,25.78,0.0,7.5,0.0,0.0,0.29,0.19283018867924526,1.15,0,False,0.0,0.0,0.0,0.0,0.0,0.0,0,,,,,1.0,1.0
4307,-4.5125,129.9083,2015,2014-03-09,2015-03-09,Pacific,19.06,1.0,10.0,0.14,0.14,0.16,0.2018867924528302,1.23,0,False,0.0,0.0,0.0,0.0,0.0,0.0,0,,,,,0.0,0.0
4308,-4.5125,129.9383,2017,2016-04-22,2017-04-22,Pacific,23.7475,0.0,7.0,0.0,6.47,6.47,0.9171698113207547,1.95,14,False,0.0,0.0,0.0,0.0,0.0,0.0,0,,,,,1.0,1.0
4309,-4.5106,129.9464,2016,2015-03-20,2016-03-19,Pacific,30.7825,13.625,7.5,2.59,2.59,2.59,0.14132075471698116,1.6,0,False,0.0,0.0,0.0,0.0,0.0,0.0,0,,,,,0.0,0.0
4309,-4.5106,129.9464,2016,2015-09-21,2016-09-20,Pacific,31.095,0.0,7.5,0.0,1.54,2.59,0.6564150943396226,1.95,0,False,0.0,0.0,0.0,0.0,0.0,0.0,0,,,,,0.0,0.0
4309,-4.5106,129.9464,2017,2016-04-07,2017-04-07,Pacific,22.97,0.0,7.5,1.21,6.47,6.47,0.950188679245283,1.95,14,False,0.0,0.0,0.0,0.0,0.0,0.0,0,,,,,1.0,1.0
4309,-4.5106,129.9464,2018,2017-03-13,2018-03-13,Pacific,28.9075,0.625,8.0,0.45,0.76,0.76,0.6469811320754717,1.18,0,False,0.0,0.0,0.0,0.0,0.0,0.0,0,,,,,1.0,1.0
4309,-4.5106,129.9464,2018,2017-11-29,2018-11-29,Pacific,22.345,0.0,7.5,0.29,0.29,0.76,0.6228301886792452,1.18,0,False,0.0,0.0,0.0,0.0,0.0,0.0,0,,,,,1.0,1.0
4310,-4.4992,129.9375,2016,2015-10-19,2016-10-18,Pacific,22.4975,0.0,7.5,0.0,1.1,2.6,0.8450943396226415,1.97,0,False,0.0,0.0,0.0,0.0,0.0,0.0,0,,,,,0.0,0.0
4310,-4.4992,129.9375,2019,2018-04-05,2019-04-05,Pacific,25.4675,0.0,8.0,0.0,0.3,0.3,0.5469811320754717,1.17,0,False,0.0,0.0,0.0,0.0,0.0,0.0,0,,,,,1.0,1.0
4310,-4.4992,129.9375,2019,2018-11-24,2019-11-24,Pacific,24.685,0.0,7.5,0.0,0.0,0.3,0.12849056603773587,1.16,0,False,0.0,0.0,0.0,0.0,0.0,0.0,0,,,,,1.0,1.0
4311,-4.4978,129.9383,2017,2016-04-08,2017-04-08,Pacific,18.595,0.0,7.5,1.21,6.16,6.16,0.9596226415094341,1.97,14,False,0.0,0.0,0.0,0.0,0.0,0.0,0,,,,,1.0,1.0
4312,-4.4964,129.9339,2015,2014-10-17,2015-10-17,Pacific,27.185,0.125,7.5,0.0,0.0,0.15,-0.026226415094339633,1.12,0,False,0.0,0.0,0.0,0.0,0.0,0.0,0,,,,,0.0,0.0
4312,-4.4964,129.9339,2016,2015-04-25,2016-04-24,Pacific,27.5,0.0,7.5,1.59,2.6,2.6,0.1832075471698113,1.6,0,False,0.0,0.0,0.0,0.0,0.0,0.0,0,,,,,0.0,0.0
4312,-4.4964,129.9339,2018,2017-03-11,2018-03-11,Pacific,23.125,0.0,7.5,0.44,1.07,1.21,0.6537735849056604,1.23,0,False,0.0,0.0,0.0,0.0,0.0,0.0,0,,,,,1.0,1.0
4312,-4.4964,129.9339,2018,2017-05-10,2018-05-10,Pacific,28.75,0.0,8.0,0.0,0.44,1.07,0.6543396226415095,1.23,0,False,0.0,0.0,0.0,0.0,0.0,0.0,0,,,,,1.0,1.0
4312,-4.4964,129.9339,2018,2017-09-22,2018-09-22,Pacific,32.6575,0.0,7.5,0.0,0.0,1.07,0.6624528301886793,1.23,0,False,0.0,0.0,0.0,0.0,0.0,0.0,0,,,,,1.0,1.0
4312,-4.4964,129.9339,2019,2018-04-07,2019-04-07,Pacific,31.095,0.125,8.0,0.0,0.3,0.3,0.5469811320754717,1.17,0,False,0.0,0.0,0.0,0.0,0.0,0.0,0,,,,,1.0,1.0
4312,-4.4964,129.9339,2019,2018-09-29,2019-09-29,Pacific,34.0625,0.0,7.5,0.0,0.0,0.3,0.2673584905660377,1.17,0,False,0.0,0.0,0.0,0.0,0.0,0.0,0,,,,,1.0,1.0
4340,0.1676,130.0157,2013,2012-06-02,2013-06-02,Pacific,28.435,0.0,3.0,0.15,0.15,1.1,0.5337735849056604,1.38,0,False,0.0,0.0,0.0,0.0,0.0,0.0,0,,,,,0.0,0.0
4350,1.7375,125.1519,2013,2012-10-10,2013-10-10,Pacific,6.095,0.47,9.0,0.0,0.0,0.0,0.43471698113207546,1.28,0,False,0.0,0.0,0.0,0.0,0.0,0.0,0,,,,,0.0,2.0
4350,1.7375,125.1519,2014,2013-10-30,2014-10-30,Pacific,6.875,0.0,9.0,0.0,0.0,0.0,0.29207547169811315,1.04,0,False,0.0,0.0,0.0,0.0,0.0,0.0,0,,,,,0.0,2.0
4350,1.7375,125.1519,2015,2014-10-30,2015-10-30,Pacific,6.5625,0.0,9.0,0.0,0.0,0.0,-0.024528301886792444,0.67,0,False,0.0,0.0,0.0,0.0,0.0,0.0,0,,,,,0.0,3.0
4350,1.7375,125.1519,2016,2015-10-15,2016-10-14,Pacific,5.3100000000000005,4.5,9.0,0.0,0.14,0.14,0.32830188679245287,1.23,0,False,0.0,0.0,0.0,0.0,0.0,0.0,0,,,,,0.0,1.0
4350,1.7375,125.1519,2017,2016-11-02,2017-11-02,Pacific,7.342499999999999,0.0,9.0,0.0,0.0,0.15,0.6841509433962263,1.2,0,False,0.0,0.0,0.0,0.0,0.0,0.0,0,,,,,0.0,2.0
4350,1.7375,125.1519,2018,2017-11-01,2018-11-01,Pacific,7.812499999999999,0.0,9.0,0.0,0.0,0.0,0.5950943396226415,1.17,0,False,0.0,0.0,0.0,0.0,0.0,0.0,0,,,,,0.0,2.0
4350,1.7375,125.1519,2019,2018-10-08,2019-10-08,Pacific,7.967499999999999,2.5,9.0,0.0,0.0,0.0,0.02962264150943395,0.53,0,False,0.0,0.0,0.0,0.0,0.0,0.0,0,,,,,0.0,3.0
4351,1.74,125.1439,2013,2012-10-10,2013-10-10,Pacific,2.6574999999999998,1.75,9.0,0.0,0.0,0.0,0.39999999999999997,1.24,0,False,0.0,0.0,0.0,0.0,0.0,0.0,0,,,,,0.0,2.0
4351,1.74,125.1439,2014,2013-10-30,2014-10-30,Pacific,5.78,0.0,9.0,0.0,0.0,0.0,0.2594339622641509,1.05,0,False,0.0,0.0,0.0,0.0,0.0,0.0,0,,,,,0.0,2.0
4351,1.74,125.1439,2015,2014-10-30,2015-10-30,Pacific,8.4375,0.0,9.0,0.0,0.0,0.0,-0.05603773584905661,0.67,0,False,0.0,0.0,0.0,0.0,0.0,0.0,0,,,,,0.0,3.0
4351,1.74,125.1439,2016,2015-10-15,2016-10-14,Pacific,5.154999999999999,0.0,9.0,0.0,0.15,0.15,0.2884905660377359,1.12,0,False,0.0,0.0,0.0,0.0,0.0,0.0,0,,,,,0.0,1.0
4351,1.74,125.1439,2017,2016-11-02,2017-11-02,Pacific,3.2825,0.0,9.0,0.0,0.0,0.14,0.6483018867924528,1.17,0,False,0.0,0.0,0.0,0.0,0.0,0.0,0,,,,,0.0,2.0
4351,1.74,125.1439,2018,2017-11-01,2018-11-01,Pacific,6.0925,0.0,9.0,0.0,0.0,0.0,0.5552830188679245,1.16,0,False,0.0,0.0,0.0,0.0,0.0,0.0,0,,,,,0.0,2.0
4351,1.74,125.1439,2019,2018-10-08,2019-10-08,Pacific,6.8725000000000005,1.75,9.0,0.0,0.0,0.0,0.0011320754716981141,0.48,0,False,0.0,0.0,0.0,0.0,0.0,0.0,0,,,,,0.0,3.0
4353,1.7697,125.0467,2013,2012-10-09,2013-10-09,Pacific,9.0625,2.0,9.0,0.15,0.15,0.15,0.38735849056603777,1.29,0,False,0.0,0.0,0.0,0.0,0.0,0.0,0,,,,,0.0,2.0
4353,1.7697,125.0467,2014,2013-10-29,2014-10-29,Pacific,8.747499999999999,0.0,9.0,0.0,0.61,0.61,0.30037735849056596,1.17,0,False,0.0,0.0,0.0,0.0,0.0,0.0,0,,,,,0.0,2.0
4353,1.7697,125.0467,2015,2014-10-29,2015-10-29,Pacific,12.1875,0.0,9.0,0.0,0.0,0.0,0.03283018867924528,0.72,0,False,0.0,0.0,0.0,0.0,0.0,0.0,0,,,,,0.0,3.0
4353,1.7697,125.0467,2016,2015-10-14,2016-10-13,Pacific,6.0925,0.0,9.0,0.0,0.32,0.32,0.30471698113207546,1.05,0,False,0.0,0.0,0.0,0.0,0.0,0.0,0,,,,,0.0,1.0
4353,1.7697,125.0467,2017,2016-11-01,2017-11-01,Pacific,7.812499999999999,1.0,9.0,0.16,0.16,0.16,0.6766037735849056,1.19,0,False,0.0,0.0,0.0,0.0,0.0,0.0,0,,,,,0.0,2.0
4353,1.7697,125.0467,2018,2017-10-31,2018-10-31,Pacific,9.685,8.25,9.0,0.0,0.39,0.39,0.5926415094339622,1.25,0,False,0.0,0.0,0.0,0.0,0.0,0.0,0,,,,,0.0,2.0
4353,1.7697,125.0467,2019,2018-10-07,2019-10-07,Pacific,9.842500000000001,4.125,9.0,0.0,0.0,0.0,0.0658490566037736,0.5700000000000001,0,False,0.0,0.0,0.0,0.0,0.0,0.0,0,,,,,0.0,3.0
4354,1.7747,125.0486,2013,2012-10-09,2013-10-09,Pacific,17.8125,0.915,9.0,0.15,0.15,0.15,0.38735849056603777,1.29,0,False,0.0,0.0,0.0,0.0,0.0,0.0,0,,,,,0.0,2.0
4354,1.7747,125.0486,2014,2013-10-29,2014-10-29,Pacific,21.7175,0.025,9.0,0.0,0.61,0.61,0.30037735849056596,1.17,0,False,0.0,0.0,0.0,0.0,0.0,0.0,0,,,,,0.0,2.0
4354,1.7747,125.0486,2015,2014-10-29,2015-10-29,Pacific,19.060000000000002,0.0,9.0,0.0,0.0,0.0,0.03283018867924528,0.72,0,False,0.0,0.0,0.0,0.0,0.0,0.0,0,,,,,0.0,3.0
4354,1.7747,125.0486,2016,2015-10-14,2016-10-13,Pacific,20.6225,6.875,9.0,0.0,0.32,0.32,0.30471698113207546,1.05,0,False,0.0,0.0,0.0,0.0,0.0,0.0,0,,,,,0.0,1.0
4354,1.7747,125.0486,2017,2016-11-01,2017-11-01,Pacific,21.4075,0.0,9.0,0.16,0.16,0.16,0.6766037735849056,1.19,0,False,0.0,0.0,0.0,0.0,0.0,0.0,0,,,,,0.0,2.0
4354,1.7747,125.0486,2018,2017-10-31,2018-10-31,Pacific,27.502499999999998,4.25,9.0,0.0,0.39,0.39,0.5926415094339622,1.25,0,False,0.0,0.0,0.0,0.0,0.0,0.0,0,,,,,0.0,2.0
4354,1.7747,125.0486,2019,2018-10-07,2019-10-07,Pacific,28.1225,4.0,9.0,0.0,0.0,0.0,0.0658490566037736,0.5700000000000001,0,False,0.0,0.0,0.0,0.0,0.0,0.0,0,,,,,0.0,3.0
4355,1.7914,125.1206,2013,2012-10-08,2013-10-08,Pacific,4.0600000000000005,12.129999999999999,9.0,0.15,0.15,0.15,0.42442307692307685,1.33,0,False,0.0,0.0,0.0,0.0,0.0,0.0,0,,,,,0.0,2.0
4355,1.7914,125.1206,2014,2013-10-28,2014-10-28,Pacific,8.7475,0.0,9.0,0.0,0.45,0.45,0.32358490566037734,1.17,0,False,0.0,0.0,0.0,0.0,0.0,0.0,0,,,,,0.0,2.0
4355,1.7914,125.1206,2015,2014-10-28,2015-10-28,Pacific,8.905,0.0,9.0,0.0,0.0,0.0,0.0449056603773585,0.7000000000000001,0,False,0.0,0.0,0.0,0.0,0.0,0.0,0,,,,,0.0,3.0
4355,1.7914,125.1206,2016,2015-10-13,2016-10-12,Pacific,8.434999999999999,0.75,9.0,0.0,0.16,0.16,0.33433962264150946,1.17,0,False,0.0,0.0,0.0,0.0,0.0,0.0,0,,,,,0.0,1.0
4355,1.7914,125.1206,2017,2016-10-30,2017-10-30,Pacific,6.56,7.25,6.0,0.0,0.0,0.15,0.6901886792452832,1.15,0,False,0.0,0.0,0.0,0.0,0.0,0.0,0,,,,,0.0,2.0
4355,1.7914,125.1206,2017,2016-10-31,2017-10-31,Pacific,7.185,0.0,12.0,0.0,0.0,0.15,0.6901886792452832,1.15,0,False,0.0,0.0,0.0,0.0,0.0,0.0,0,,,,,0.0,2.0
4355,1.7914,125.1206,2018,2017-10-30,2018-10-30,Pacific,10.625,0.0,9.0,0.0,0.15,0.15,0.5962264150943397,1.2,0,False,0.0,0.0,0.0,0.0,0.0,0.0,0,,,,,0.0,2.0
4355,1.7914,125.1206,2019,2018-10-06,2019-10-06,Pacific,7.5,0.0,9.0,0.0,0.0,0.0,0.05320754716981134,0.54,0,False,0.0,0.0,0.0,0.0,0.0,0.0,0,,,,,0.0,3.0
4356,1.8458,125.0989,2015,2014-10-28,2015-10-28,Pacific,3.2800000000000002,0.0,9.0,0.0,0.0,0.0,0.12528301886792453,0.74,0,False,0.0,0.0,0.0,0.0,0.0,0.0,0,,,,,0.0,3.0
4356,1.8458,125.0989,2016,2015-10-13,2016-10-12,Pacific,4.6850000000000005,0.0,9.0,0.0,0.32,0.32,0.36754716981132085,1.19,0,False,0.0,0.0,0.0,0.0,0.0,0.0,0,,,,,0.0,1.0
4356,1.8458,125.0989,2017,2016-10-31,2017-10-31,Pacific,5.155,0.0,9.0,0.47,0.47,0.47,0.7252830188679243,1.16,0,False,0.0,0.0,0.0,0.0,0.0,0.0,0,,,,,0.0,2.0
4356,1.8458,125.0989,2018,2017-10-30,2018-10-30,Pacific,7.027500000000001,0.0,9.0,0.0,0.34,0.47,0.6420754716981131,1.25,0,False,0.0,0.0,0.0,0.0,0.0,0.0,0,,,,,0.0,2.0
4356,1.8458,125.0989,2019,2018-10-06,2019-10-06,Pacific,3.4375,0.0,9.0,0.0,0.0,0.0,0.11018867924528301,0.63,0,False,0.0,0.0,0.0,0.0,0.0,0.0,0,,,,,0.0,3.0
4359,2.2617,118.2528,2014,2013-10-02,2014-10-02,Pacific,21.72,0.0,8.5,0.0,3.2,3.2,0.5824528301886792,1.3,0,False,0.0,0.0,0.0,0.0,0.0,0.0,0,,,,,0.0,0.0
4359,2.2617,118.2528,2015,2014-11-18,2015-11-18,Pacific,16.5625,0.0,7.5,0.0,0.0,0.9,0.3552830188679245,1.31,0,False,0.0,0.0,0.0,0.0,0.0,0.0,0,,,,,0.0,0.0
4360,2.2806,118.245,2013,2012-12-29,2013-12-29,Pacific,8.4375,0.0,7.5,0.0,0.0,1.91,0.6064150943396225,1.58,0,False,0.0,0.0,0.0,0.0,0.0,0.0,0,,,,,0.0,0.0
4360,2.2806,118.245,2014,2013-10-01,2014-10-01,Pacific,10.0025,0.0,7.5,0.0,3.16,3.16,0.5579245283018868,1.3,0,False,0.0,0.0,0.0,0.0,0.0,0.0,0,,,,,0.0,0.0
4360,2.2806,118.245,2015,2014-11-17,2015-11-17,Pacific,13.592500000000001,0.0,7.5,0.0,0.0,0.9,0.35358490566037737,1.29,0,False,0.0,0.0,0.0,0.0,0.0,0.0,0,,,,,0.0,0.0
4372,-4.5114,129.8711,2016,2015-05-10,2016-05-09,Pacific,23.905,2.875,7.5,1.95,2.66,2.66,0.21547169811320754,1.61,0,False,0.0,0.0,0.0,0.0,0.0,0.0,0,,,,,0.0,0.0
4372,-4.5114,129.8711,2018,2017-04-29,2018-04-29,Pacific,12.809999999999999,1.625,8.0,0.0,0.77,0.77,0.6507547169811323,1.16,0,False,0.0,0.0,0.0,0.0,0.0,0.0,0,,,,,1.0,1.0
4372,-4.5114,129.8711,2019,2018-04-27,2019-04-27,Pacific,14.375,0.0,8.0,0.3,0.3,0.3,0.5326415094339622,1.2,0,False,0.0,0.0,0.0,0.0,0.0,0.0,0,,,,,1.0,1.0
4373,25.8754,55.008,2016,2015-04-28,2016-04-27,Arabian Gulf,27.81,,4.5,0.0,0.0,0.0,0.3124528301886793,1.76,0,False,0.0,0.0,12.0219,12.0219,30.0275,30.0275,0,,,,,0.0,0.0
4386,25.8688,55.0158,2016,2015-04-30,2016-04-29,Arabian Gulf,29.685,0.0,4.0,0.0,0.0,0.0,0.3124528301886793,1.76,0,False,0.0,0.0,12.557400000000001,12.557400000000001,30.0275,30.0275,0,,,,,0.0,0.0
4387,25.8906,55.0188,2016,2015-04-29,2016-04-28,Arabian Gulf,21.25,0.0,10.0,0.0,0.0,0.0,0.3124528301886793,1.76,0,False,0.0,0.0,12.0219,12.0219,30.0275,30.0275,0,,,,,0.0,0.0
4388,25.8931,55.0259,2016,2015-04-29,2016-04-28,Arabian Gulf,32.5,0.0,7.0,0.0,0.0,0.0,0.3124528301886793,1.76,0,False,0.0,0.0,12.0219,12.0219,30.0275,30.0275,0,,,,,0.0,0.0
4389,25.8935,54.5277,2017,2016-03-03,2017-03-03,Arabian Gulf,20.935,0.0,3.0,0.0,0.0,1.55,0.4283018867924528,1.59,0,False,0.0,0.0,0.0,0.0,3.8977,0.0,0,,,,,0.0,0.0
4390,25.9005,54.5535,2017,2016-03-04,2017-03-04,Arabian Gulf,28.435,0.0,4.0,0.0,0.0,0.75,0.4179245283018869,1.59,0,False,0.0,0.0,0.0,0.0,0.0,0.0,0,,,,,0.0,0.0
4391,25.9039,54.493,2017,2016-03-04,2017-03-04,Arabian Gulf,32.5,0.0,3.0,0.0,0.0,1.1,0.4388679245283019,1.57,0,False,0.0,0.0,0.0,0.0,0.3716,0.3716,0,,,,,0.0,0.0
4392,26.2431,55.1565,2017,2016-02-12,2017-02-11,Arabian Gulf,41.25,4.75,6.0,0.0,0.0,0.0,0.2766037735849056,1.28,0,False,0.0,0.0,0.0,0.0,0.0,0.0,0,,,,,0.0,0.0
4393,26.2656,55.2858,2017,2016-02-12,2017-02-11,Arabian Gulf,13.44,0.0,5.0,0.0,0.3,0.46,0.3269811320754717,1.43,0,False,0.0,0.0,0.0,0.0,0.0,0.0,0,,,,,0.0,0.0
4394,26.2795,55.3005,2017,2016-02-11,2017-02-10,Arabian Gulf,23.44,4.0,5.5,0.0,0.32,0.78,0.3241509433962264,1.44,0,False,0.0,0.0,0.0,0.0,0.0,0.0,0,,,,,0.0,0.0
4409,17.8323,-76.9222,2015,2014-08-25,2015-08-25,Atlantic,20.310000000000002,6.75,4.7,0.0,0.0,0.0,0.380754716981132,0.9,0,False,0.0,0.0,0.0,0.0,0.0,0.0,0,0.0,0.0,0.0,0.0,,
4409,17.8323,-76.9222,2016,2015-08-27,2016-08-26,Atlantic,20.0,0.0,5.6,0.0,0.0,0.92,0.6998113207547172,1.27,0,False,0.0,0.0,0.0,0.0,0.0,0.0,0,0.0,0.0,0.0,0.0,,
4409,17.8323,-76.9222,2017,2016-08-15,2017-08-15,Atlantic,22.19,2.5,4.0,0.0,0.0,0.15,0.6120754716981132,1.14,0,False,0.0,0.0,0.0,0.0,0.0,0.0,0,0.0,0.0,0.0,0.0,,
4410,17.9019,-76.8459,2013,2012-08-02,2013-08-02,Atlantic,13.120000000000001,1.25,8.0,0.0,0.0,0.61,0.32433962264150945,0.96,0,True,0.0,0.0,0.0,0.0,0.0,0.0,0,0.0,0.0,0.0,0.0,,
4410,17.9019,-76.8459,2015,2014-08-25,2015-08-25,Atlantic,24.375,1.5,8.6,0.0,0.0,0.0,0.36716981132075466,0.89,0,True,0.0,0.0,0.0,0.0,0.0,0.0,0,0.0,0.0,0.0,0.0,,
4410,17.9019,-76.8459,2017,2016-08-15,2017-08-15,Atlantic,15.315,0.0,5.6,0.0,0.0,0.0,0.610754716981132,1.19,0,True,0.0,0.0,0.0,0.0,0.0,0.0,0,0.0,0.0,0.0,0.0,,
4411,18.0999,-77.9861,2014,2013-07-01,2014-07-01,Atlantic,24.38,0.5,5.0,0.0,0.0,0.0,0.2983018867924528,0.77,0,False,0.0,0.0,0.0,0.0,0.0,0.0,0,0.0,0.0,1.0,5.0,,
4411,18.0999,-77.9861,2015,2014-05-14,2015-05-14,Atlantic,20.314999999999998,0.0,6.1,0.0,0.0,0.0,0.1730188679245283,0.94,0,False,0.0,0.0,0.0,0.0,66.0274,0.0,0,0.0,0.0,1.0,6.0,,
4411,18.0999,-77.9861,2016,2015-10-28,2016-10-27,Atlantic,27.189999999999998,0.0,7.5,0.0,0.0,0.14,0.6435849056603773,1.08,0,False,0.0,0.0,0.0,0.0,0.0,0.0,0,0.0,0.0,1.0,7.0,,
4411,18.0999,-77.9861,2017,2016-12-20,2017-12-20,Atlantic,41.56,0.0,6.3,3.29,3.29,3.29,0.5560377358490567,1.24,0,False,0.0,0.0,0.0,0.0,0.0,0.0,0,0.0,0.0,1.0,8.0,,
4412,18.1365,-78.0382,2013,2012-07-25,2013-07-25,Atlantic,18.75,2.75,8.0,0.0,0.0,0.0,0.11358490566037738,0.8,0,False,0.0,0.0,0.0,0.0,0.0,0.0,0,0.0,0.0,1.0,4.0,,
4412,18.1365,-78.0382,2015,2014-05-13,2015-05-13,Atlantic,20.63,0.0,7.6,0.0,0.0,0.0,0.21150943396226415,0.97,0,False,0.0,0.0,0.0,0.0,66.0274,0.0,0,0.0,0.0,1.0,6.0,,
4412,18.1365,-78.0382,2016,2015-10-27,2016-10-26,Atlantic,21.875,0.0,9.6,0.0,0.0,0.15,0.6415094339622642,1.07,0,False,0.0,0.0,0.0,0.0,0.0,0.0,0,0.0,0.0,1.0,7.0,,
4412,18.1365,-78.0382,2017,2016-12-19,2017-12-19,Atlantic,21.25,0.25,7.6,3.15,3.15,3.15,0.5662264150943396,1.27,0,False,0.0,0.0,0.0,0.0,0.0,0.0,0,0.0,0.0,1.0,8.0,,
4413,18.2095,-78.2596,2013,2012-09-11,2013-09-11,Atlantic,23.75,3.0,7.5,0.0,0.0,0.0,0.2626415094339623,0.78,0,True,0.0,0.0,0.0,0.0,0.0,0.0,0,1.0,1.0,1.0,4.0,,
4413,18.2095,-78.2596,2017,2016-06-29,2017-06-29,Atlantic,40.63,0.0,6.7,0.0,0.0,0.0,0.5054716981132076,1.07,0,True,0.0,0.0,0.0,0.0,0.0,0.0,0,1.0,5.0,1.0,8.0,,
4415,18.2618,-78.3663,2013,2012-09-12,2013-09-12,Atlantic,19.685000000000002,0.0,8.0,0.0,0.0,0.0,0.24528301886792453,0.77,0,False,0.0,0.0,0.0,0.0,0.0,0.0,0,1.0,1.0,1.0,2.0,,
4415,18.2618,-78.3663,2014,2013-07-10,2014-07-10,Atlantic,24.685000000000002,1.0,8.5,0.0,0.0,0.0,0.43377358490566037,1.2,0,False,0.0,0.0,0.0,0.0,0.0,0.0,0,1.0,2.0,1.0,3.0,,
4415,18.2618,-78.3663,2015,2014-06-24,2015-06-24,Atlantic,28.435,0.0,8.6,0.0,0.0,0.0,0.31999999999999995,0.76,0,False,0.0,0.0,0.0,0.0,66.0274,0.0,0,1.0,3.0,1.0,4.0,,
4415,18.2618,-78.3663,2016,2015-08-12,2016-08-11,Atlantic,31.560000000000002,0.0,8.8,0.0,0.0,0.14,0.5671698113207548,1.17,0,False,0.0,0.0,0.0,0.0,0.0,0.0,0,1.0,4.0,1.0,5.0,,
4415,18.2618,-78.3663,2017,2016-06-27,2017-06-27,Atlantic,26.25,0.0,7.7,0.0,0.0,0.15,0.42811320754716975,0.94,0,False,0.0,0.0,0.0,0.0,0.0,0.0,0,1.0,5.0,1.0,6.0,,
4418,18.3422,-78.3556,2013,2012-09-12,2013-09-12,Atlantic,24.375,0.0,8.0,0.0,0.0,0.0,0.239622641509434,0.75,0,False,0.0,0.0,0.0,0.0,0.0,0.0,0,1.0,1.0,1.0,4.0,,
4418,18.3422,-78.3556,2014,2013-07-10,2014-07-10,Atlantic,32.5,0.75,8.4,0.0,0.0,0.0,0.43264150943396223,1.22,0,False,0.0,0.0,0.0,0.0,0.0,0.0,0,1.0,2.0,1.0,5.0,,
4418,18.3422,-78.3556,2015,2014-06-23,2015-06-23,Atlantic,30.0,0.0,8.3,0.0,0.0,0.0,0.3126415094339623,0.77,0,False,0.0,0.0,0.0,0.0,66.0274,0.0,0,1.0,3.0,1.0,6.0,,
4418,18.3422,-78.3556,2016,2015-08-11,2016-08-10,Atlantic,33.75,0.0,8.2,0.0,0.0,0.0,0.5654716981132074,1.16,0,False,0.0,0.0,0.0,0.0,0.0,0.0,0,1.0,4.0,1.0,7.0,,
4418,18.3422,-78.3556,2017,2016-06-27,2017-06-27,Atlantic,29.064999999999998,0.0,8.9,0.0,0.0,0.0,0.4145283018867924,0.92,0,False,0.0,0.0,0.0,0.0,0.0,0.0,0,1.0,5.0,1.0,8.0,,
4423,18.3609,-78.3433,2014,2013-07-10,2014-07-10,Atlantic,28.130000000000003,0.5,7.8,0.0,0.0,0.0,0.4156603773584907,1.2,0,False,0.0,0.0,0.0,0.0,0.0,0.0,0,1.0,2.0,1.0,5.0,,
4423,18.3609,-78.3433,2015,2014-06-23,2015-06-23,Atlantic,28.439999999999998,10.0,8.3,0.0,0.0,0.0,0.2888679245283019,0.75,0,False,0.0,0.0,0.0,0.0,66.0274,0.0,0,1.0,3.0,1.0,6.0,,
4423,18.3609,-78.3433,2016,2015-08-11,2016-08-10,Atlantic,29.369999999999997,0.0,7.4,0.0,0.0,0.29,0.5533962264150943,1.18,0,False,0.0,0.0,0.0,0.0,0.0,0.0,0,1.0,4.0,1.0,7.0,,
4423,18.3609,-78.3433,2017,2016-06-27,2017-06-27,Atlantic,25.0,0.0,5.4,0.0,0.0,0.0,0.38547169811320753,0.88,0,False,0.0,0.0,0.0,0.0,0.0,0.0,0,1.0,5.0,1.0,8.0,,
4424,18.4094,-77.0897,2017,2016-08-10,2017-08-10,Atlantic,33.75,0.0,10.0,0.0,0.0,0.0,0.2215094339622642,0.79,0,False,0.0,0.0,0.0,0.0,0.0,0.0,0,1.0,1.0,1.0,5.0,,
4425,18.4098,-76.9788,2015,2014-07-03,2015-07-03,Atlantic,34.375,0.0,11.2,0.0,0.0,0.0,0.1792452830188679,0.68,0,False,0.0,0.0,0.0,0.0,0.0,0.0,0,0.0,0.0,1.0,3.0,,
4425,18.4098,-76.9788,2016,2015-06-16,2016-06-15,Atlantic,24.69,0.0,9.4,0.0,0.0,0.64,0.480377358490566,1.3,0,False,0.0,0.0,0.0,0.0,0.0,0.0,0,1.0,0.0,1.0,4.0,,
4425,18.4098,-76.9788,2017,2016-07-13,2017-07-13,Atlantic,21.25,0.0,8.4,0.0,0.0,0.14,0.2583018867924528,0.93,0,False,0.0,0.0,0.0,0.0,0.0,0.0,0,1.0,1.0,1.0,5.0,,
4426,18.4108,-76.9485,2013,2012-06-06,2013-06-06,Atlantic,24.689999999999998,0.0,4.0,0.0,0.0,0.0,0.16396226415094337,0.65,0,False,0.0,0.0,0.0,0.0,0.0,0.0,0,0.0,0.0,1.0,1.0,,
4426,18.4108,-76.9485,2014,2013-05-21,2014-05-21,Atlantic,31.565,0.0,5.0,0.0,0.0,0.0,0.4856603773584906,1.05,0,False,0.0,0.0,0.0,0.0,0.0,0.0,0,0.0,0.0,1.0,2.0,,
4426,18.4108,-76.9485,2015,2014-07-01,2015-07-01,Atlantic,49.370000000000005,0.0,7.3,0.0,0.0,0.0,0.2086792452830189,0.73,0,False,0.0,0.0,0.0,0.0,0.0,0.0,0,0.0,0.0,1.0,3.0,,
4426,18.4108,-76.9485,2016,2015-06-16,2016-06-15,Atlantic,43.125,0.0,9.1,0.0,0.0,0.8,0.5126415094339623,1.3,0,False,0.0,0.0,0.0,0.0,0.0,0.0,0,1.0,0.0,1.0,4.0,,
4426,18.4108,-76.9485,2017,2016-07-12,2017-07-12,Atlantic,31.875,0.0,8.4,0.0,0.0,0.29,0.27264150943396226,0.99,0,False,0.0,0.0,0.0,0.0,0.0,0.0,0,1.0,1.0,1.0,5.0,,
4427,18.4119,-76.9917,2014,2013-05-20,2014-05-20,Atlantic,22.19,0.5,7.0,0.0,0.0,0.0,0.4609433962264151,1.04,0,False,0.0,0.0,0.0,0.0,0.0,0.0,0,0.0,0.0,1.0,2.0,,
4427,18.4119,-76.9917,2015,2014-07-02,2015-07-02,Atlantic,32.5,0.0,10.5,0.0,0.0,0.0,0.18150943396226418,0.68,0,False,0.0,0.0,0.0,0.0,0.0,0.0,0,0.0,0.0,1.0,3.0,,
4427,18.4119,-76.9917,2016,2015-06-16,2016-06-15,Atlantic,22.5,0.0,7.0,0.0,0.0,0.64,0.480377358490566,1.3,0,False,0.0,0.0,0.0,0.0,0.0,0.0,0,1.0,0.0,1.0,4.0,,
4427,18.4119,-76.9917,2017,2016-07-13,2017-07-13,Atlantic,25.94,0.0,8.4,0.0,0.0,0.14,0.2583018867924528,0.93,0,False,0.0,0.0,0.0,0.0,0.0,0.0,0,1.0,1.0,1.0,5.0,,
4428,18.4124,-76.9454,2014,2013-05-21,2014-05-21,Atlantic,20.63,0.0,6.0,0.0,0.0,0.0,0.4856603773584906,1.05,0,False,0.0,0.0,0.0,0.0,0.0,0.0,0,0.0,0.0,1.0,2.0,,
4428,18.4124,-76.9454,2015,2014-07-02,2015-07-02,Atlantic,26.25,0.0,6.2,0.0,0.0,0.0,0.2086792452830189,0.73,0,False,0.0,0.0,0.0,0.0,0.0,0.0,0,0.0,0.0,1.0,3.0,,
4428,18.4124,-76.9454,2016,2015-06-15,2016-06-14,Atlantic,32.185,0.0,9.3,0.0,0.0,0.8,0.5126415094339623,1.3,0,False,0.0,0.0,0.0,0.0,0.0,0.0,0,1.0,0.0,1.0,4.0,,
4428,18.4124,-76.9454,2017,2016-07-12,2017-07-12,Atlantic,36.25,0.0,8.3,0.0,0.0,0.29,0.27264150943396226,0.99,0,False,0.0,0.0,0.0,0.0,0.0,0.0,0,1.0,1.0,1.0,5.0,,
4429,18.4131,-76.944,2014,2013-05-21,2014-05-21,Atlantic,26.564999999999998,0.5,6.0,0.0,0.0,0.0,0.4856603773584906,1.05,0,False,0.0,0.0,0.0,0.0,0.0,0.0,0,0.0,0.0,1.0,2.0,,
4429,18.4131,-76.944,2015,2014-07-01,2015-07-01,Atlantic,36.565,0.0,12.7,0.0,0.0,0.0,0.2086792452830189,0.73,0,False,0.0,0.0,0.0,0.0,0.0,0.0,0,0.0,0.0,1.0,3.0,,
4429,18.4131,-76.944,2016,2015-06-15,2016-06-14,Atlantic,35.0,0.0,7.5,0.0,0.0,0.8,0.5126415094339623,1.3,0,False,0.0,0.0,0.0,0.0,0.0,0.0,0,1.0,0.0,1.0,4.0,,
4429,18.4131,-76.944,2017,2016-07-12,2017-07-12,Atlantic,29.065,0.0,8.6,0.0,0.0,0.29,0.27264150943396226,0.99,0,False,0.0,0.0,0.0,0.0,0.0,0.0,0,1.0,1.0,1.0,5.0,,
4430,18.4151,-77.1241,2013,2012-09-05,2013-09-05,Atlantic,17.815,18.75,5.5,0.0,0.0,0.0,0.09792452830188676,0.71,0,False,0.0,0.0,0.0,0.0,0.0,0.0,0,1.0,1.0,1.0,1.0,,
4430,18.4151,-77.1241,2015,2014-08-13,2015-08-13,Atlantic,15.625,0.0,8.0,0.0,0.0,0.0,0.10339622641509433,0.56,0,False,0.0,0.0,0.0,0.0,0.0,0.0,0,1.0,3.0,1.0,3.0,,
4430,18.4151,-77.1241,2017,2016-08-11,2017-08-11,Atlantic,22.5,0.0,7.3,0.0,0.0,0.0,0.21320754716981136,0.74,0,False,0.0,0.0,0.0,0.0,0.0,0.0,0,1.0,5.0,1.0,5.0,,
4431,18.4166,-77.079,2013,2012-09-06,2013-09-06,Atlantic,15.315,0.0,4.0,0.0,0.0,0.0,0.11301886792452831,0.6900000000000001,0,False,0.0,0.0,0.0,0.0,0.0,0.0,0,0.0,0.0,1.0,1.0,,
4431,18.4166,-77.079,2014,2013-07-28,2014-07-28,Atlantic,18.75,2.5,4.4,0.0,0.0,0.0,0.3862264150943396,1.01,0,False,0.0,0.0,0.0,0.0,0.0,0.0,0,0.0,0.0,1.0,2.0,,
4431,18.4166,-77.079,2015,2014-08-13,2015-08-13,Atlantic,19.689999999999998,3.5,4.6,0.0,0.0,0.0,0.11867924528301889,0.6,0,False,0.0,0.0,0.0,0.0,0.0,0.0,0,0.0,0.0,1.0,3.0,,
4431,18.4166,-77.079,2016,2015-08-25,2016-08-24,Atlantic,19.380000000000003,10.25,4.6,0.0,0.0,0.47,0.5281132075471698,1.26,0,False,0.0,0.0,0.0,0.0,0.0,0.0,0,1.0,0.0,1.0,4.0,,
4431,18.4166,-77.079,2017,2016-08-10,2017-08-10,Atlantic,16.875,0.0,5.0,0.0,0.0,0.0,0.2215094339622642,0.79,0,False,0.0,0.0,0.0,0.0,0.0,0.0,0,1.0,1.0,1.0,5.0,,
4432,18.4191,-77.0699,2017,2016-08-10,2017-08-10,Atlantic,41.875,0.0,8.0,0.0,0.0,0.0,0.2215094339622642,0.79,0,False,0.0,0.0,0.0,0.0,0.0,0.0,0,1.0,1.0,1.0,5.0,,
4433,18.4529,-77.9675,2013,2012-07-05,2013-07-05,Atlantic,31.560000000000002,0.0,5.0,0.0,0.0,0.0,0.05566037735849057,0.55,0,False,0.0,0.0,0.0,0.0,0.0,0.0,0,1.0,4.0,1.0,4.0,,
4433,18.4529,-77.9675,2014,2013-08-26,2014-08-26,Atlantic,26.25,0.25,5.0,0.0,0.0,0.0,0.33415094339622636,0.96,0,False,0.0,0.0,0.0,0.0,0.0,0.0,0,1.0,5.0,1.0,5.0,,
4433,18.4529,-77.9675,2015,2014-08-11,2015-08-11,Atlantic,27.5,0.0,6.1,0.0,0.0,0.0,0.1488679245283019,0.74,0,False,66.0274,0.0,66.0274,0.0,66.0274,0.0,2,1.0,6.0,1.0,6.0,,
4433,18.4529,-77.9675,2016,2015-09-09,2016-09-08,Atlantic,29.060000000000002,0.0,6.1,0.0,0.0,0.0,0.4750943396226415,1.1,0,False,0.0,0.0,0.0,0.0,0.0,0.0,0,1.0,7.0,1.0,7.0,,
4433,18.4529,-77.9675,2017,2016-07-27,2017-07-27,Atlantic,42.19,0.0,6.1,0.0,0.0,0.0,0.23075471698113206,0.86,0,False,0.0,0.0,0.0,0.0,0.0,0.0,0,1.0,8.0,1.0,8.0,,
4434,18.4636,-77.3573,2013,2012-07-17,2013-07-17,Atlantic,32.19,0.5,5.0,0.0,0.0,0.0,0.09660377358490566,0.61,0,False,0.0,0.0,0.0,0.0,0.0,0.0,0,1.0,1.0,1.0,1.0,,
4434,18.4636,-77.3573,2014,2013-07-29,2014-07-29,Atlantic,30.935,0.0,8.0,0.0,0.0,0.0,0.36490566037735844,1.05,0,False,0.0,0.0,0.0,0.0,0.0,0.0,0,1.0,2.0,1.0,2.0,,
4434,18.4636,-77.3573,2015,2014-08-12,2015-08-12,Atlantic,27.814999999999998,0.0,7.0,0.0,0.0,0.0,0.14056603773584905,0.61,0,False,0.0,0.0,0.0,0.0,0.0,0.0,0,1.0,3.0,1.0,3.0,,
4434,18.4636,-77.3573,2016,2015-08-19,2016-08-18,Atlantic,34.375,0.0,8.5,0.0,0.0,0.14,0.5118867924528302,1.16,0,False,0.0,0.0,0.0,0.0,0.0,0.0,0,1.0,4.0,1.0,4.0,,
4434,18.4636,-77.3573,2017,2016-08-16,2017-08-16,Atlantic,26.880000000000003,0.0,8.1,0.0,0.0,0.0,0.2371698113207547,0.76,0,False,0.0,0.0,0.0,0.0,0.0,0.0,0,1.0,5.0,1.0,5.0,,
4436,18.4668,-78.0153,2014,2013-09-11,2014-09-11,Atlantic,27.5,0.25,9.0,0.0,0.0,0.0,0.3349056603773584,0.93,0,False,0.0,0.0,0.0,0.0,0.0,0.0,0,1.0,5.0,1.0,5.0,,
4436,18.4668,-78.0153,2015,2014-08-11,2015-08-11,Atlantic,26.56,1.25,8.5,0.0,0.0,0.0,0.14867924528301887,0.72,0,False,66.0274,0.0,66.0274,0.0,66.0274,0.0,2,1.0,6.0,1.0,6.0,,
4436,18.4668,-78.0153,2016,2015-09-09,2016-09-08,Atlantic,28.75,0.0,8.8,0.0,0.0,0.0,0.4756603773584904,1.09,0,False,0.0,0.0,0.0,0.0,0.0,0.0,0,1.0,7.0,1.0,7.0,,
4436,18.4668,-78.0153,2017,2016-07-27,2017-07-27,Atlantic,28.125,0.0,8.4,0.0,0.0,0.0,0.2413207547169811,0.84,0,False,0.0,0.0,0.0,0.0,0.0,0.0,0,1.0,8.0,1.0,8.0,,
4438,18.4689,-77.3907,2013,2012-07-17,2013-07-17,Atlantic,28.75,1.25,9.0,0.0,0.0,0.0,0.09660377358490566,0.61,0,False,0.0,0.0,0.0,0.0,0.0,0.0,0,1.0,1.0,1.0,3.0,,
4438,18.4689,-77.3907,2014,2013-07-29,2014-07-29,Atlantic,29.064999999999998,0.0,10.0,0.0,0.0,0.0,0.36490566037735844,1.05,0,False,0.0,0.0,0.0,0.0,0.0,0.0,0,1.0,2.0,1.0,4.0,,
4438,18.4689,-77.3907,2015,2014-08-12,2015-08-12,Atlantic,33.75,3.25,10.3,0.0,0.0,0.0,0.14056603773584905,0.61,0,False,0.0,0.0,0.0,0.0,0.0,0.0,0,1.0,3.0,1.0,5.0,,
4438,18.4689,-77.3907,2016,2015-08-19,2016-08-18,Atlantic,28.435,0.0,9.6,0.0,0.0,0.14,0.5118867924528302,1.16,0,False,0.0,0.0,0.0,0.0,0.0,0.0,0,1.0,4.0,1.0,6.0,,
4438,18.4689,-77.3907,2017,2016-08-16,2017-08-16,Atlantic,26.25,0.0,7.9,0.0,0.0,0.0,0.2371698113207547,0.76,0,False,0.0,0.0,0.0,0.0,0.0,0.0,0,1.0,5.0,1.0,7.0,,
4442,18.4949,-77.9338,2013,2012-07-04,2013-07-04,Atlantic,26.560000000000002,0.0,5.0,0.0,0.0,0.0,0.05886792452830189,0.56,0,False,0.0,0.0,0.0,0.0,0.0,0.0,0,1.0,4.0,1.0,4.0,,
4442,18.4949,-77.9338,2014,2013-08-26,2014-08-26,Atlantic,25.63,0.0,6.0,0.0,0.0,0.0,0.33792452830188674,0.99,0,False,0.0,0.0,0.0,0.0,0.0,0.0,0,1.0,5.0,1.0,5.0,,
4442,18.4949,-77.9338,2015,2014-08-10,2015-08-10,Atlantic,21.875,0.0,6.7,0.0,0.0,0.0,0.1530188679245283,0.76,0,False,66.0274,0.0,66.0274,0.0,66.0274,0.0,2,1.0,6.0,1.0,6.0,,
4442,18.4949,-77.9338,2016,2015-09-08,2016-09-07,Atlantic,22.19,0.0,6.6,0.0,0.0,0.0,0.48207547169811316,1.11,0,False,0.0,0.0,0.0,0.0,0.0,0.0,0,1.0,7.0,1.0,7.0,,
4442,18.4949,-77.9338,2017,2016-07-26,2017-07-26,Atlantic,28.125,0.0,7.0,0.0,0.0,0.0,0.22471698113207547,0.88,0,False,0.0,0.0,0.0,0.0,0.0,0.0,0,1.0,8.0,1.0,8.0,,
4443,18.4962,-77.6369,2013,2012-11-20,2013-11-20,Atlantic,21.25,0.25,8.0,0.0,0.0,0.0,0.2250943396226415,1.09,0,False,0.0,0.0,0.0,0.0,0.0,0.0,0,1.0,3.0,1.0,4.0,,
4443,18.4962,-77.6369,2014,2013-11-20,2014-11-20,Atlantic,24.685000000000002,0.0,8.0,0.0,0.0,0.0,0.27037735849056604,0.76,0,False,0.0,0.0,0.0,0.0,0.0,0.0,0,1.0,4.0,1.0,5.0,,
4443,18.4962,-77.6369,2015,2014-11-03,2015-11-03,Atlantic,18.75,4.0,9.0,0.0,0.0,0.0,0.19264150943396227,1.08,0,False,0.0,0.0,0.0,0.0,66.0274,0.0,0,1.0,5.0,1.0,6.0,,
4443,18.4962,-77.6369,2016,2015-12-16,2016-12-15,Atlantic,25.0,0.0,7.8,0.0,0.0,0.0,0.4233962264150943,0.97,0,False,0.0,0.0,0.0,0.0,0.0,0.0,0,1.0,6.0,1.0,7.0,,
4443,18.4962,-77.6369,2017,2016-07-25,2017-07-25,Atlantic,21.25,0.0,7.4,0.0,0.0,0.0,0.2018867924528302,0.97,0,False,0.0,0.0,0.0,0.0,0.0,0.0,0,1.0,7.0,1.0,8.0,,
4444,18.4978,-77.9328,2013,2012-07-04,2013-07-04,Atlantic,23.435000000000002,1.0,7.0,0.0,0.0,0.0,0.05886792452830189,0.56,0,False,0.0,0.0,0.0,0.0,0.0,0.0,0,1.0,4.0,1.0,4.0,,
4444,18.4978,-77.9328,2014,2013-08-26,2014-08-26,Atlantic,19.685000000000002,0.5,6.0,0.0,0.0,0.0,0.33792452830188674,0.99,0,False,0.0,0.0,0.0,0.0,0.0,0.0,0,1.0,5.0,1.0,5.0,,
4444,18.4978,-77.9328,2015,2014-08-10,2015-08-10,Atlantic,15.94,3.25,7.3,0.0,0.0,0.0,0.1530188679245283,0.76,0,False,66.0274,0.0,66.0274,0.0,66.0274,0.0,2,1.0,6.0,1.0,6.0,,
4444,18.4978,-77.9328,2016,2015-09-08,2016-09-07,Atlantic,26.875,11.25,8.9,0.0,0.0,0.0,0.48207547169811316,1.11,0,False,0.0,0.0,0.0,0.0,0.0,0.0,0,1.0,7.0,1.0,7.0,,
4444,18.4978,-77.9328,2017,2016-07-26,2017-07-26,Atlantic,20.0,0.0,8.9,0.0,0.0,0.0,0.22471698113207547,0.88,0,False,0.0,0.0,0.0,0.0,0.0,0.0,0,1.0,8.0,1.0,8.0,,
4445,18.4987,-77.6389,2013,2012-11-20,2013-11-20,Atlantic,36.25,1.0,9.0,0.0,0.0,0.0,0.2250943396226415,1.09,0,False,0.0,0.0,0.0,0.0,0.0,0.0,0,1.0,3.0,1.0,4.0,,
4445,18.4987,-77.6389,2014,2013-11-20,2014-11-20,Atlantic,26.880000000000003,0.0,10.0,0.0,0.0,0.0,0.27037735849056604,0.76,0,False,0.0,0.0,0.0,0.0,0.0,0.0,0,1.0,4.0,1.0,5.0,,
4445,18.4987,-77.6389,2015,2014-11-03,2015-11-03,Atlantic,30.315,0.75,11.3,0.0,0.0,0.0,0.19264150943396227,1.08,0,False,0.0,0.0,0.0,0.0,66.0274,0.0,0,1.0,5.0,1.0,6.0,,
4445,18.4987,-77.6389,2016,2015-12-16,2016-12-15,Atlantic,21.565,0.0,10.3,0.0,0.0,0.0,0.4233962264150943,0.97,0,False,0.0,0.0,0.0,0.0,0.0,0.0,0,1.0,6.0,1.0,7.0,,
4445,18.4987,-77.6389,2017,2016-07-25,2017-07-25,Atlantic,30.0,0.0,9.1,0.0,0.0,0.0,0.2018867924528302,0.97,0,False,0.0,0.0,0.0,0.0,0.0,0.0,0,1.0,7.0,1.0,8.0,,
4530,17.7947,-77.0772,2015,2014-08-27,2015-08-27,Atlantic,26.880000000000003,8.75,4.3,0.0,0.0,0.0,0.429811320754717,1.12,0,False,0.0,0.0,0.0,0.0,0.0,0.0,0,0.0,0.0,0.0,0.0,,
4530,17.7947,-77.0772,2016,2015-11-10,2016-11-09,Atlantic,11.875,0.0,5.1,0.79,0.79,2.65,0.7815094339622644,1.53,0,False,0.0,0.0,0.0,0.0,0.0,0.0,0,0.0,0.0,0.0,0.0,,
4536,17.7999,-77.0173,2016,2015-11-10,2016-11-09,Atlantic,28.435,0.0,6.1,0.47,0.47,2.21,0.7641509433962265,1.4,0,False,0.0,0.0,0.0,0.0,0.0,0.0,0,0.0,0.0,0.0,0.0,,
4543,17.9199,-76.8199,2013,2012-08-02,2013-08-02,Atlantic,25.935,15.0,9.0,0.0,0.0,0.61,0.32433962264150945,0.96,0,True,0.0,0.0,0.0,0.0,0.0,0.0,0,0.0,0.0,0.0,0.0,,
4543,17.9199,-76.8199,2014,2013-12-04,2014-12-04,Atlantic,17.5,2.5,6.0,0.0,0.0,0.0,0.4311320754716981,0.98,0,True,0.0,0.0,0.0,0.0,0.0,0.0,0,0.0,0.0,0.0,0.0,,
4543,17.9199,-76.8199,2015,2014-08-26,2015-08-26,Atlantic,15.0,8.25,4.7,0.0,0.0,0.0,0.36716981132075466,0.89,0,True,0.0,0.0,0.0,0.0,0.0,0.0,0,0.0,0.0,0.0,0.0,,
4543,17.9199,-76.8199,2016,2015-08-27,2016-08-26,Atlantic,22.5,0.0,7.1,0.0,0.0,0.61,0.6752830188679245,1.24,0,True,0.0,0.0,0.0,0.0,0.0,0.0,0,0.0,0.0,0.0,0.0,,
4550,18.0909,-77.9775,2015,2014-05-14,2015-05-14,Atlantic,17.189999999999998,0.0,7.6,0.0,0.0,0.0,0.1730188679245283,0.94,0,False,0.0,0.0,0.0,0.0,66.0274,0.0,0,0.0,0.0,1.0,6.0,,
4550,18.0909,-77.9775,2016,2015-10-28,2016-10-27,Atlantic,19.064999999999998,0.0,9.4,0.0,0.0,0.14,0.6435849056603773,1.08,0,False,0.0,0.0,0.0,0.0,0.0,0.0,0,0.0,0.0,1.0,7.0,,
4552,18.1076,-77.9995,2014,2013-07-01,2014-07-01,Atlantic,18.75,0.25,4.0,0.0,0.0,0.0,0.3096226415094341,0.81,0,True,0.0,0.0,0.0,0.0,0.0,0.0,0,0.0,0.0,1.0,5.0,,
4553,18.1219,-78.0182,2015,2014-05-13,2015-05-13,Atlantic,23.125,0.25,6.1,0.0,0.0,0.0,0.21150943396226415,0.97,0,False,0.0,0.0,0.0,0.0,66.0274,0.0,0,0.0,0.0,1.0,6.0,,
4553,18.1219,-78.0182,2016,2015-10-27,2016-10-26,Atlantic,21.560000000000002,0.0,5.4,0.0,0.0,0.15,0.6415094339622642,1.07,0,False,0.0,0.0,0.0,0.0,0.0,0.0,0,0.0,0.0,1.0,7.0,,
4558,18.1915,-78.1229,2015,2014-05-12,2015-05-12,Atlantic,29.380000000000003,4.5,8.3,0.0,0.0,0.0,0.2777358490566038,1.01,0,False,0.0,0.0,0.0,0.0,66.0274,0.0,0,0.0,0.0,1.0,6.0,,
4560,18.1964,-78.1046,2015,2014-05-12,2015-05-12,Atlantic,19.065,2.5,7.6,0.0,0.0,0.0,0.2777358490566038,1.01,0,False,0.0,0.0,0.0,0.0,66.0274,0.0,0,0.0,0.0,1.0,6.0,,
4577,18.4088,-76.9674,2014,2013-05-20,2014-05-20,Atlantic,21.25,0.25,5.0,0.0,0.0,0.0,0.4609433962264151,1.04,0,False,0.0,0.0,0.0,0.0,0.0,0.0,0,0.0,0.0,1.0,2.0,,
4578,18.412,-76.9472,2013,2012-06-05,2013-06-05,Atlantic,24.06,0.0,8.0,0.0,0.0,0.0,0.16396226415094337,0.65,0,False,0.0,0.0,0.0,0.0,0.0,0.0,0,0.0,0.0,1.0,1.0,,
4579,18.412,-76.9915,2013,2012-06-06,2013-06-06,Atlantic,22.5,0.0,10.0,0.0,0.0,0.0,0.1450943396226415,0.66,0,False,0.0,0.0,0.0,0.0,0.0,0.0,0,0.0,0.0,1.0,1.0,,
4581,18.4134,-78.2702,2014,2013-09-09,2014-09-09,Atlantic,24.064999999999998,0.0,7.0,0.0,0.0,0.0,0.4232075471698113,1.16,0,False,0.0,0.0,0.0,0.0,0.0,0.0,0,1.0,3.0,1.0,5.0,,
4582,18.4139,-76.9423,2013,2012-06-05,2013-06-05,Atlantic,28.75,0.0,10.0,0.0,0.0,0.0,0.16396226415094337,0.65,0,False,0.0,0.0,0.0,0.0,0.0,0.0,0,0.0,0.0,1.0,1.0,,
4583,18.4208,-77.1386,2013,2012-09-06,2013-09-06,Atlantic,16.25,1.25,6.0,0.0,0.0,0.0,0.09792452830188676,0.71,0,False,0.0,0.0,0.0,0.0,0.0,0.0,0,1.0,1.0,1.0,1.0,,
4584,18.4246,-78.2508,2014,2013-09-09,2014-09-09,Atlantic,33.44,5.0,12.0,0.0,0.0,0.0,0.4232075471698113,1.16,0,False,0.0,0.0,0.0,0.0,0.0,0.0,0,1.0,3.0,1.0,5.0,,
4585,18.44,-77.1603,2013,2012-09-05,2013-09-05,Atlantic,22.5,10.75,8.0,0.0,0.0,0.0,0.08264150943396226,0.6900000000000001,0,False,0.0,0.0,0.0,0.0,0.0,0.0,0,1.0,1.0,1.0,1.0,,
4585,18.44,-77.1603,2014,2013-07-28,2014-07-28,Atlantic,26.565,0.0,8.9,0.0,0.0,0.0,0.3507547169811321,0.98,0,False,0.0,0.0,0.0,0.0,0.0,0.0,0,1.0,2.0,1.0,2.0,,
4585,18.44,-77.1603,2016,2015-08-25,2016-08-24,Atlantic,32.19,11.0,9.3,0.0,0.0,0.15,0.4864150943396226,1.18,0,False,0.0,0.0,0.0,0.0,0.0,0.0,0,1.0,4.0,1.0,4.0,,
4588,18.4582,-78.0752,2014,2013-09-10,2014-09-10,Atlantic,27.815,0.0,11.0,0.0,0.0,0.0,0.35056603773584905,0.95,0,False,0.0,0.0,0.0,0.0,0.0,0.0,0,1.0,5.0,1.0,5.0,,
4590,18.4664,-77.9474,2013,2012-07-04,2013-07-04,Atlantic,28.435,0.0,6.0,0.0,0.0,0.0,0.05886792452830189,0.56,0,False,0.0,0.0,0.0,0.0,0.0,0.0,0,1.0,4.0,1.0,4.0,,
4591,18.4674,-78.1214,2014,2013-09-10,2014-09-10,Atlantic,26.565,0.75,7.0,0.0,0.0,0.0,0.36773584905660384,0.98,0,False,0.0,0.0,0.0,0.0,0.0,0.0,0,1.0,5.0,1.0,5.0,,
4604,18.4999,-77.6459,2013,2012-11-20,2013-11-20,Atlantic,33.44,0.25,6.0,0.0,0.0,0.0,0.2250943396226415,1.09,0,False,0.0,0.0,0.0,0.0,0.0,0.0,0,1.0,3.0,1.0,4.0,,
4606,24.3669,124.0034,2016,2015-09-09,2016-09-08,Pacific,,75.0,5.0,8.88,8.88,8.88,0.8069811320754717,1.91,21,False,0.0,0.0,0.0,0.0,0.5666,0.0,0,,,,,1.0,1.0
4607,24.4548,124.1098,2016,2015-09-03,2016-09-02,Pacific,,75.0,10.0,8.3,8.3,8.3,0.8171698113207546,1.94,21,False,0.0,0.0,0.0,0.0,0.0,0.0,0,,,,,0.0,1.0
4610,24.4826,124.1254,2016,2015-09-03,2016-09-02,Pacific,,75.0,13.0,8.3,8.3,8.3,0.8171698113207546,1.94,21,False,0.0,0.0,0.0,0.0,0.0,0.0,0,,,,,0.0,1.0
4611,24.4837,124.1232,2016,2015-10-02,2016-10-01,Pacific,,75.0,12.0,8.82,8.82,8.82,0.8584905660377359,1.94,21,False,0.0,0.0,0.0,0.0,0.0,0.0,0,,,,,0.0,1.0
4622,26.4405,127.7772,2013,2012-08-21,2013-08-21,Pacific,,30.5,4.0,4.22,4.22,4.22,0.008490566037735865,1.43,7,False,0.0,0.0,7.8997,0.0,8.1094,0.0,0,,,,,10.0,11.0
4633,26.5326,128.0748,2016,2015-09-12,2016-09-11,Pacific,,30.5,15.0,7.85,7.85,7.85,0.35622641509433967,1.79,14,False,0.0,0.0,0.0,0.0,401.1091,0.0,0,,,,,0.0,2.0
4635,30.4577,130.4888,2016,2015-08-25,2016-08-24,Pacific,,75.0,8.0,3.51,3.51,3.51,0.400943396226415,2.05,0,False,0.0,0.0,21.1793,0.0,72.66460000000001,0.0,0,,,,,0.0,0.0
4637,30.4579,130.4889,2013,2012-08-22,2013-08-22,Pacific,,75.0,6.0,2.95,2.95,2.95,-0.07660377358490571,1.99,0,False,0.0,0.0,0.0,0.0,2.9798999999999998,0.0,0,,,,,0.0,0.0
4638,30.4581,130.4889,2016,2015-08-25,2016-08-24,Pacific,,75.0,6.0,3.51,3.51,3.51,0.400943396226415,2.05,0,False,0.0,0.0,21.1793,0.0,72.66460000000001,0.0,0,,,,,0.0,0.0
4639,30.4581,130.4889,2016,2015-08-20,2016-08-19,Pacific,,75.0,8.0,1.77,1.77,1.77,0.36811320754716986,2.05,0,False,0.0,0.0,21.1793,0.0,72.66460000000001,0.0,0,,,,,0.0,0.0
4640,30.4581,130.4889,2016,2015-08-07,2016-08-06,Pacific,,5.5,8.0,0.31,0.31,0.31,0.3424528301886793,2.05,0,False,0.0,0.0,21.1793,0.0,72.66460000000001,0.0,0,,,,,0.0,0.0
4641,30.4581,130.4891,2016,2015-08-06,2016-08-05,Pacific,,0.0,10.0,0.0,0.0,0.0,0.33283018867924524,2.05,0,False,0.0,0.0,21.1793,0.0,72.66460000000001,0.0,0,,,,,0.0,0.0
4648,32.7773,132.8703,2016,2015-08-11,2016-08-10,Pacific,,0.0,2.0,0.16,0.16,1.47,0.44943396226415094,1.7,0,False,15.6861,15.6861,402.2662,333.4412,909.2482,787.6326,1,,,,,0.0,0.0
4649,32.8134,129.0542,2013,2012-10-21,2013-10-21,Pacific,,0.0,7.0,6.76,6.76,6.76,-0.0026415094339622414,2.61,14,False,0.0,0.0,0.0,0.0,0.0,0.0,0,,,,,0.0,0.0
4664,33.5213,133.7536,2016,2015-07-31,2016-07-30,Pacific,,0.0,2.0,0.0,0.0,3.6,0.9630188679245283,2.06,0,True,1.0166,0.0,23.4029,20.1066,106.1638,78.3219,1,,,,,0.0,0.0
4667,33.6906,135.336,2013,2012-08-28,2013-08-28,Pacific,,30.5,3.0,1.88,1.88,4.11,0.6473584905660378,3.19,0,False,0.0,0.0,0.0,0.0,3.5327,0.0,0,,,,,0.0,0.0
4712,24.3661,124.0003,2016,2015-09-11,2016-09-10,Pacific,,75.0,6.0,9.03,9.03,9.03,0.830566037735849,1.91,21,False,0.0,0.0,0.0,0.0,0.5666,0.0,0,,,,,1.0,1.0
4715,26.355,127.1427,2016,2015-09-23,2016-09-22,Pacific,,30.5,0.0,10.4,10.4,10.4,0.7194339622641511,2.02,28,False,0.0,0.0,27.002100000000002,0.0,69.0043,0.0,0,,,,,1.0,1.0
4723,26.2328,127.3109,2016,2015-09-09,2016-09-08,Pacific,,75.0,5.0,11.24,11.24,11.24,0.6630188679245284,2.04,35,False,26.248800000000003,0.0,47.655100000000004,0.0,519.7231,55.7983,2,,,,,0.0,1.0
4724,28.0729,129.3315,2016,2015-08-16,2016-08-15,Pacific,,30.5,1.0,4.28,4.28,4.28,0.3018867924528302,1.6,7,False,9.1772,0.0,39.1224,0.0,150.477,0.0,1,,,,,0.0,0.0
4731,24.8136,125.1447,2016,2015-08-31,2016-08-30,Pacific,,75.0,0.5,8.71,8.71,8.71,0.8079245283018868,1.87,28,False,0.0,0.0,27.3932,0.0,29.8326,0.0,0,,,,,0.0,0.0
4732,24.8136,125.1442,2016,2015-08-17,2016-08-16,Pacific,,30.5,5.0,5.47,5.47,5.47,0.7335849056603773,1.87,14,False,0.0,0.0,27.3932,0.0,29.8326,0.0,0,,,,,0.0,0.0
4733,24.8614,125.2838,2013,2012-08-11,2013-08-11,Pacific,,75.0,5.0,0.15,0.15,0.15,-0.14905660377358487,1.18,0,False,0.0,0.0,0.0,0.0,0.0,0.0,0,,,,,0.0,0.0
4734,24.937,125.2333,2015,2014-06-13,2015-06-13,Pacific,,75.0,3.0,0.0,0.0,4.6000000000000005,0.33962264150943394,2.17,7,False,0.0,0.0,0.0,0.0,0.233,0.0,0,,,,,0.0,0.0
4740,26.3269,127.745,2016,2015-08-17,2016-08-16,Pacific,,30.5,5.0,5.8,5.8,5.8,0.4877358490566037,1.92,14,False,11.3669,0.0,371.47589999999997,55.7983,448.0783,55.7983,3,,,,,2.0,2.0
4741,26.3269,127.7443,2013,2012-08-14,2013-08-14,Pacific,,75.0,4.0,3.13,3.13,3.13,0.059245283018867924,1.45,0,False,0.0,0.0,7.8997,0.0,8.1094,0.0,0,,,,,10.0,11.0
4742,26.3271,127.7448,2013,2012-08-14,2013-08-14,Pacific,,30.5,1.0,3.13,3.13,3.13,0.059245283018867924,1.45,0,False,0.0,0.0,7.8997,0.0,8.1094,0.0,0,,,,,10.0,11.0
4743,26.3271,127.7439,2013,2012-08-20,2013-08-20,Pacific,,75.0,4.0,3.13,3.13,3.13,0.04788461538461539,1.45,0,False,0.0,0.0,7.8997,0.0,8.1094,0.0,0,,,,,10.0,11.0
4747,26.3324,127.7423,2013,2012-08-15,2013-08-15,Pacific,,75.0,1.0,3.13,3.13,3.13,0.059245283018867924,1.45,0,False,0.0,0.0,7.8997,0.0,8.1094,0.0,0,,,,,10.0,11.0
4748,26.3326,127.7416,2013,2012-08-21,2013-08-21,Pacific,,75.0,2.0,4.3500000000000005,4.3500000000000005,4.3500000000000005,0.06830188679245283,1.45,7,False,0.0,0.0,7.8997,0.0,8.1094,0.0,0,,,,,10.0,11.0
4751,26.362,127.7372,2013,2012-08-18,2013-08-18,Pacific,,75.0,4.0,3.2,3.2,3.2,0.01905660377358491,1.48,0,False,0.0,0.0,7.8997,0.0,8.1094,0.0,0,,,,,10.0,11.0
4752,26.4956,127.8389,2016,2015-08-01,2016-07-31,Pacific,,30.5,1.0,2.8000000000000003,2.8000000000000003,2.8000000000000003,0.38358490566037734,1.71,0,False,0.0,0.0,169.2491,0.0,294.5835,55.7983,0,,,,,2.0,2.0
4754,26.5532,127.9696,2013,2012-08-24,2013-08-24,Pacific,,75.0,3.0,3.45,3.45,3.45,-0.07547169811320754,1.48,0,False,0.0,0.0,0.0,0.0,7.8997,0.0,0,,,,,3.0,11.0
4757,26.7146,128.0224,2016,2015-07-16,2016-07-15,Pacific,,30.5,2.0,0.15,0.15,0.15,0.2952830188679245,1.79,0,False,0.0,0.0,2.0463,0.0,188.2274,0.0,0,,,,,0.0,2.0
4758,26.7147,128.0144,2016,2015-10-02,2016-10-01,Pacific,,30.5,1.0,9.18,9.18,9.18,0.5056603773584906,1.82,21,False,0.0,0.0,7.5626,0.0,422.7371,0.0,0,,,,,0.0,2.0
4759,26.7155,128.0183,2016,2015-09-13,2016-09-12,Pacific,,75.0,1.0,9.18,9.18,9.18,0.4756603773584904,1.82,21,False,0.0,0.0,7.3076,0.0,393.5669,0.0,0,,,,,0.0,2.0
4760,26.8474,128.288,2013,2012-09-08,2013-09-08,Pacific,,30.5,1.5,3.62,3.62,3.62,0.033018867924528315,1.73,0,False,0.0,0.0,0.0,0.0,0.0,0.0,0,,,,,0.0,1.0
4763,32.7784,132.7325,2016,2015-09-24,2016-09-23,Pacific,,30.5,1.0,5.45,5.45,5.45,1.0292452830188679,2.96,7,False,0.0,0.0,303.2802,268.9524,965.9645,811.9712,0,,,,,0.0,0.0
4764,32.7788,132.7326,2016,2015-09-02,2016-09-01,Pacific,,30.5,3.0,5.26,5.26,5.26,0.9532075471698114,2.96,7,False,0.0,0.0,303.2802,268.9524,965.9645,811.9712,0,,,,,0.0,0.0
4770,24.2312,123.9935,2016,2015-08-31,2016-08-30,Pacific,,30.5,6.0,8.74,8.74,8.74,0.771509433962264,2.01,21,False,0.0,0.0,0.0,0.0,7.0846,0.0,0,,,,,1.0,1.0
4774,24.3094,124.1033,2016,2015-09-21,2016-09-20,Pacific,,75.0,12.0,9.06,9.06,9.06,0.8520754716981132,1.91,21,False,0.0,0.0,0.0,0.0,0.5666,0.0,0,,,,,1.0,1.0
4775,24.3098,124.1065,2016,2015-08-31,2016-08-30,Pacific,,30.5,13.0,8.370000000000001,8.370000000000001,8.370000000000001,0.8064150943396227,1.91,21,False,0.0,0.0,0.0,0.0,0.5666,0.0,0,,,,,1.0,1.0
4776,24.3124,124.1045,2016,2015-10-10,2016-10-09,Pacific,,30.5,12.0,9.06,9.06,9.06,0.8462264150943395,1.91,21,False,0.0,0.0,0.0,0.0,0.5666,0.0,0,,,,,1.0,1.0
4778,24.3125,124.1029,2016,2015-10-03,2016-10-02,Pacific,,75.0,13.0,9.06,9.06,9.06,0.8454716981132074,1.91,21,False,0.0,0.0,0.0,0.0,0.5666,0.0,0,,,,,1.0,1.0
4786,24.348,124.0922,2016,2015-07-16,2016-07-15,Pacific,,75.0,3.0,0.75,0.75,0.75,0.6635849056603773,1.84,0,False,0.0,0.0,0.0,0.0,0.5666,0.0,0,,,,,1.0,1.0
4789,24.3637,124.0413,2016,2015-09-09,2016-09-08,Pacific,,75.0,5.0,8.88,8.88,8.88,0.8069811320754717,1.91,21,False,0.0,0.0,0.0,0.0,0.5666,0.0,0,,,,,1.0,1.0
4790,24.3662,124.252,2016,2015-08-23,2016-08-22,Pacific,,75.0,2.0,6.84,6.84,6.84,0.7956603773584906,2.04,14,False,0.0,0.0,0.0,0.0,0.0,0.0,0,,,,,0.0,1.0
4794,24.3792,123.9384,2016,2015-09-11,2016-09-10,Pacific,,75.0,2.0,8.83,8.83,8.83,0.8200000000000001,1.9,21,False,0.0,0.0,0.0,0.0,1.2088,0.0,0,,,,,1.0,1.0
4796,24.3884,124.1165,2016,2015-08-28,2016-08-27,Pacific,,75.0,5.0,8.3,8.3,8.3,0.8022641509433964,1.92,21,False,0.0,0.0,0.0,0.0,0.5666,0.0,0,,,,,1.0,1.0
4797,24.3995,124.1,2016,2015-08-31,2016-08-30,Pacific,,75.0,5.0,8.28,8.28,8.28,0.7971698113207547,1.9,21,False,0.0,0.0,0.0,0.0,0.5666,0.0,0,,,,,1.0,1.0
4798,24.4042,124.1129,2016,2015-09-10,2016-09-09,Pacific,,75.0,6.0,8.65,8.65,8.65,0.8203773584905661,1.93,21,False,0.0,0.0,0.0,0.0,0.5666,0.0,0,,,,,1.0,1.0
4799,24.4156,124.1139,2016,2015-09-01,2016-08-31,Pacific,,75.0,1.0,8.14,8.14,8.14,0.8084905660377361,1.93,21,False,0.0,0.0,0.0,0.0,0.0,0.0,0,,,,,1.0,1.0
4800,24.4162,124.1124,2016,2015-09-10,2016-09-09,Pacific,,30.5,6.0,8.65,8.65,8.65,0.8203773584905661,1.93,21,False,0.0,0.0,0.0,0.0,0.0,0.0,0,,,,,1.0,1.0
4803,24.4186,124.0662,2016,2015-08-31,2016-08-30,Pacific,,75.0,5.0,8.33,8.33,8.33,0.8056603773584905,1.92,21,False,0.0,0.0,0.0,0.0,0.5666,0.0,0,,,,,1.0,1.0
4804,24.42,124.1139,2016,2015-08-06,2016-08-05,Pacific,,30.5,15.0,2.42,2.42,2.42,0.6949056603773585,1.78,0,False,0.0,0.0,0.0,0.0,0.0,0.0,0,,,,,1.0,1.0
4806,24.4215,124.0924,2016,2015-09-02,2016-09-01,Pacific,,75.0,4.0,8.33,8.33,8.33,0.8056603773584905,1.92,21,False,0.0,0.0,0.0,0.0,0.5666,0.0,0,,,,,1.0,1.0
4809,24.4234,124.0999,2016,2015-09-14,2016-09-13,Pacific,,30.5,5.0,8.99,8.99,8.99,0.8413207547169812,1.92,21,False,0.0,0.0,0.0,0.0,0.5666,0.0,0,,,,,1.0,1.0
4811,24.4236,124.0777,2016,2015-08-21,2016-08-20,Pacific,,30.5,10.0,6.640000000000001,6.640000000000001,6.640000000000001,0.7633962264150942,1.92,14,False,0.0,0.0,0.0,0.0,0.5666,0.0,0,,,,,1.0,1.0
4816,24.4264,124.0719,2016,2015-10-01,2016-09-30,Pacific,,30.5,5.0,8.99,8.99,8.99,0.839622641509434,1.92,21,False,0.0,0.0,0.0,0.0,0.5666,0.0,0,,,,,1.0,1.0
4817,24.4271,124.1059,2016,2015-09-23,2016-09-22,Pacific,,30.5,5.0,8.81,8.81,8.81,0.8571698113207548,1.93,21,False,0.0,0.0,0.0,0.0,0.0,0.0,0,,,,,1.0,1.0
4818,24.4367,123.7763,2016,2015-07-21,2016-07-20,Pacific,,75.0,1.5,0.96,0.96,0.96,0.6356603773584908,1.66,0,False,0.0,0.0,0.5666,0.0,17.8971,0.0,0,,,,,1.0,1.0
4824,24.4496,124.1757,2013,2012-08-16,2013-08-16,Pacific,,30.5,1.0,1.04,1.04,1.04,-0.01735849056603776,1.55,0,False,0.0,0.0,0.0,0.0,16.7629,0.0,0,,,,,0.0,0.0
4825,24.4501,124.1737,2016,2015-07-28,2016-07-27,Pacific,,30.5,1.5,1.08,1.08,1.08,0.699245283018868,1.82,0,False,0.0,0.0,0.0,0.0,0.0,0.0,0,,,,,0.0,1.0
4826,24.4504,124.1733,2016,2015-08-18,2016-08-17,Pacific,,75.0,1.0,5.03,5.03,5.03,0.7432075471698113,1.82,7,False,0.0,0.0,0.0,0.0,0.0,0.0,0,,,,,0.0,1.0
4827,24.4513,124.1741,2013,2012-08-16,2013-08-16,Pacific,,5.5,3.0,1.07,1.07,1.07,-0.0009433962264151015,1.6,0,False,0.0,0.0,0.0,0.0,16.7629,0.0,0,,,,,0.0,0.0
4829,24.4517,124.1836,2016,2015-08-02,2016-08-01,Pacific,,30.5,1.5,2.58,2.58,2.58,0.7107547169811322,1.82,0,False,0.0,0.0,0.0,0.0,0.0,0.0,0,,,,,0.0,1.0
4831,24.4518,124.1834,2016,2015-07-26,2016-07-25,Pacific,,30.5,2.0,1.08,1.08,1.08,0.699245283018868,1.82,0,False,0.0,0.0,0.0,0.0,0.0,0.0,0,,,,,0.0,1.0
4832,24.4521,124.1839,2016,2015-07-29,2016-07-28,Pacific,,30.5,1.5,1.08,1.08,1.08,0.699245283018868,1.82,0,False,0.0,0.0,0.0,0.0,0.0,0.0,0,,,,,0.0,1.0
4833,24.4523,124.1818,2016,2015-07-26,2016-07-25,Pacific,,0.0,4.0,1.08,1.08,1.08,0.699245283018868,1.82,0,False,0.0,0.0,0.0,0.0,0.0,0.0,0,,,,,0.0,1.0
4834,24.4526,124.1839,2013,2012-08-13,2013-08-13,Pacific,,30.5,1.0,0.17,0.17,0.17,-0.013269230769230776,1.6,0,False,0.0,0.0,0.0,0.0,16.7629,0.0,0,,,,,0.0,0.0
4842,24.4553,124.1846,2016,2015-08-31,2016-08-30,Pacific,,30.5,1.0,8.34,8.34,8.34,0.8245283018867925,1.96,21,False,0.0,0.0,0.0,0.0,0.0,0.0,0,,,,,0.0,1.0
4846,24.4561,124.1864,2016,2015-08-07,2016-08-06,Pacific,,30.5,1.5,3.72,3.72,3.72,0.7169811320754719,1.82,0,False,0.0,0.0,0.0,0.0,0.0,0.0,0,,,,,0.0,1.0
4847,24.4561,124.1862,2016,2015-08-08,2016-08-07,Pacific,,75.0,2.0,3.72,3.72,3.72,0.7169811320754719,1.82,0,False,0.0,0.0,0.0,0.0,0.0,0.0,0,,,,,0.0,1.0
4848,24.4563,124.1861,2016,2015-07-20,2016-07-19,Pacific,,30.5,1.0,0.76,0.76,0.93,0.6888679245283018,1.82,0,False,0.0,0.0,0.0,0.0,0.0,0.0,0,,,,,0.0,1.0
4850,24.4578,124.1647,2016,2015-08-18,2016-08-17,Pacific,,75.0,1.0,5.03,5.03,5.03,0.7432075471698113,1.82,7,False,0.0,0.0,0.0,0.0,0.0,0.0,0,,,,,0.0,1.0
4853,24.4583,124.2054,2013,2012-09-17,2013-09-17,Pacific,,5.5,0.3,1.33,1.33,1.33,-0.00692307692307692,1.59,0,False,0.0,0.0,0.0,0.0,16.7629,0.0,0,,,,,0.0,0.0
4862,24.4961,124.229,2016,2015-08-19,2016-08-18,Pacific,,75.0,2.0,5.07,5.07,5.07,0.7577358490566037,1.87,7,False,0.0,0.0,0.0,0.0,0.0,0.0,0,,,,,0.0,1.0
4870,24.609,124.3262,2016,2015-07-31,2016-07-30,Pacific,,30.5,3.0,3.03,3.03,3.03,0.7550943396226414,1.87,0,False,0.0,0.0,0.0,0.0,0.0,0.0,0,,,,,0.0,0.0
4871,24.6091,124.3261,2016,2015-07-21,2016-07-20,Pacific,,30.5,2.0,0.92,0.92,1.43,0.7328301886792453,1.87,0,False,0.0,0.0,0.0,0.0,0.0,0.0,0,,,,,0.0,0.0
4872,24.6093,124.3254,2016,2015-08-19,2016-08-18,Pacific,,75.0,1.0,5.76,5.76,5.76,0.7896226415094337,1.87,14,False,0.0,0.0,0.0,0.0,0.0,0.0,0,,,,,0.0,0.0
4875,26.0873,127.7102,2013,2012-08-23,2013-08-23,Pacific,,30.5,0.5,2.14,2.14,2.14,0.05415094339622643,1.34,0,False,0.0,0.0,7.8997,0.0,9.0652,0.0,0,,,,,0.0,10.0
4876,26.0877,127.7109,2016,2015-08-20,2016-08-19,Pacific,,30.5,0.3,4.51,4.51,4.51,0.35641509433962265,1.74,7,False,101.67869999999999,55.7983,142.1448,55.7983,398.941,55.7983,5,,,,,0.0,2.0
4880,26.0887,127.7072,2013,2012-08-24,2013-08-24,Pacific,,30.5,3.0,2.14,2.14,2.14,0.05415094339622643,1.34,0,False,0.0,0.0,7.8997,0.0,9.0652,0.0,0,,,,,0.0,10.0
4883,26.0894,127.7085,2016,2015-09-01,2016-08-31,Pacific,,30.5,2.0,7.83,7.83,7.83,0.42735849056603775,1.91,21,False,101.67869999999999,55.7983,142.1448,55.7983,398.941,55.7983,5,,,,,0.0,2.0
4891,26.2576,127.6837,2013,2012-07-30,2013-07-30,Pacific,,5.5,2.0,0.0,0.0,0.0,0.01634615384615383,1.14,0,False,7.8997,0.0,8.1094,0.0,9.0652,0.0,1,,,,,8.0,11.0
4896,26.2582,127.6824,2013,2012-07-30,2013-07-30,Pacific,,30.5,1.0,0.0,0.0,0.0,0.01634615384615383,1.14,0,False,7.8997,0.0,8.1094,0.0,9.0652,0.0,1,,,,,8.0,11.0
4898,26.2584,127.6821,2013,2012-07-30,2013-07-30,Pacific,,30.5,1.0,0.0,0.0,0.0,0.01634615384615383,1.14,0,False,7.8997,0.0,8.1094,0.0,9.0652,0.0,1,,,,,8.0,11.0
4901,26.273,127.7051,2013,2012-08-22,2013-08-22,Pacific,,30.5,0.2,3.91,3.91,3.91,0.11867924528301885,1.34,0,False,7.8997,0.0,7.8997,0.0,8.1094,0.0,1,,,,,8.0,11.0
4902,26.2757,127.7015,2016,2015-08-02,2016-08-01,Pacific,,30.5,0.3,2.64,2.64,2.64,0.46716981132075475,1.75,0,False,38.522,0.0,381.7668,55.7983,412.9361,55.7983,8,,,,,2.0,2.0
4903,26.2762,127.7004,2013,2012-08-22,2013-08-22,Pacific,,75.0,0.5,3.91,3.91,3.91,0.11867924528301885,1.34,0,False,7.8997,0.0,7.8997,0.0,8.1094,0.0,1,,,,,8.0,11.0
4904,26.2763,127.7018,2016,2015-09-16,2016-09-15,Pacific,,30.5,0.3,10.41,10.41,10.41,0.5960377358490566,2.05,28,False,39.461600000000004,0.0,473.88349999999997,55.7983,540.3525,55.7983,9,,,,,2.0,2.0
4905,26.287,127.7214,2013,2012-08-15,2013-08-15,Pacific,,75.0,3.0,2.65,2.65,2.65,0.11056603773584907,1.34,0,False,7.8997,0.0,7.8997,0.0,8.1094,0.0,1,,,,,8.0,11.0
4910,26.3515,127.7438,2013,2012-08-03,2013-08-03,Pacific,,75.0,1.0,0.15,0.15,0.15,-0.040188679245283,1.28,0,False,0.0,0.0,7.8997,0.0,8.1094,0.0,0,,,,,10.0,11.0
4914,26.4063,127.715,2016,2015-08-24,2016-08-23,Pacific,,30.5,2.0,7.56,7.56,7.56,0.4811320754716981,2.06,21,False,235.7017,0.0,270.3972,0.0,459.5769,55.7983,5,,,,,2.0,2.0
4916,26.4363,127.7132,2016,2015-08-05,2016-08-04,Pacific,,30.5,0.5,2.84,2.84,2.84,0.41679245283018873,1.83,0,False,224.3348,0.0,277.5501,0.0,459.3103,55.7983,5,,,,,2.0,2.0
4921,26.4418,127.7124,2013,2012-08-14,2013-08-14,Pacific,,30.5,3.0,3.04,3.04,3.04,-0.0060377358490566095,1.44,0,False,0.0,0.0,7.8997,0.0,8.1094,0.0,0,,,,,10.0,11.0
4925,26.4448,127.7695,2013,2012-08-20,2013-08-20,Pacific,,75.0,0.2,3.02,3.02,3.02,-0.012499999999999985,1.43,0,False,0.0,0.0,7.8997,0.0,8.1094,0.0,0,,,,,10.0,11.0
4931,26.5076,127.8906,2016,2015-08-25,2016-08-24,Pacific,,30.5,2.0,7.23,7.23,7.23,0.42415094339622644,1.93,21,False,0.0,0.0,236.6252,0.0,436.3582,55.7983,0,,,,,2.0,2.0
4933,26.5281,127.9242,2013,2012-08-18,2013-08-18,Pacific,,75.0,3.0,2.3000000000000003,2.3000000000000003,2.3000000000000003,-0.03830188679245285,1.48,0,False,0.0,0.0,0.0,0.0,7.8997,0.0,0,,,,,3.0,11.0
4934,26.5544,128.1314,2013,2012-09-16,2013-09-16,Pacific,,30.5,1.0,2.99,2.99,2.99,-0.030754716981132066,1.55,0,False,0.0,0.0,0.0,0.0,0.0,0.0,0,,,,,1.0,11.0
4936,26.5914,127.9598,2013,2012-08-24,2013-08-24,Pacific,,30.5,1.5,3.45,3.45,3.45,-0.07547169811320754,1.48,0,False,0.0,0.0,0.0,0.0,7.8997,0.0,0,,,,,3.0,11.0
4938,26.6032,127.9305,2013,2012-08-15,2013-08-15,Pacific,,30.5,5.0,2.68,2.68,2.68,-0.0688679245283019,1.49,0,True,0.0,0.0,0.0,0.0,7.8997,0.0,0,,,,,3.0,11.0
4939,26.6287,127.8594,2016,2015-07-07,2016-07-06,Pacific,,0.0,2.0,0.0,0.0,0.15,0.3033962264150943,1.71,0,False,1.7463,0.0,15.4562,0.0,215.9982,0.0,1,,,,,2.0,2.0
4940,26.6294,127.8589,2013,2012-08-07,2013-08-07,Pacific,,30.5,3.0,1.03,1.03,1.03,-0.1020754716981132,1.3,0,False,0.0,0.0,0.0,0.0,7.8997,0.0,0,,,,,3.0,11.0
4943,26.6458,127.8544,2013,2012-08-06,2013-08-06,Pacific,,30.5,1.0,0.0,0.0,0.0,-0.12807692307692306,1.3,0,False,0.0,0.0,0.0,0.0,7.8997,0.0,0,,,,,3.0,11.0
4945,26.6521,127.857,2013,2012-08-24,2013-08-24,Pacific,,30.5,0.5,4.05,4.05,4.05,-0.05566037735849055,1.63,7,False,0.0,0.0,0.0,0.0,7.8997,0.0,0,,,,,3.0,11.0
4948,26.6721,127.8827,2013,2012-08-07,2013-08-07,Pacific,,30.5,2.0,1.05,1.05,1.05,-0.09188679245283018,1.29,0,False,0.0,0.0,0.0,0.0,0.0,0.0,0,,,,,3.0,11.0
4951,26.7001,127.8752,2013,2012-08-22,2013-08-22,Pacific,,30.5,0.5,4.04,4.04,4.04,-0.044528301886792465,1.69,7,False,0.0,0.0,0.0,0.0,0.0,0.0,0,,,,,2.0,11.0
4953,26.7093,127.8838,2013,2012-08-23,2013-08-23,Pacific,,5.5,0.5,4.04,4.04,4.04,-0.044528301886792465,1.69,7,False,0.0,0.0,0.0,0.0,0.0,0.0,0,,,,,2.0,11.0
4954,26.7099,127.8813,2016,2015-08-21,2016-08-20,Pacific,,30.5,1.5,7.3,7.3,7.3,0.4432075471698113,1.88,21,False,3.5221,0.0,60.0359,0.0,297.8652,0.0,3,,,,,0.0,2.0
4959,28.1101,129.2163,2013,2012-09-18,2013-09-18,Pacific,,0.0,6.0,5.68,5.68,5.68,-0.045094339622641505,2.07,14,False,0.0,0.0,0.0,0.0,0.0,0.0,0,,,,,0.0,0.0
4960,28.372,129.4037,2013,2012-08-19,2013-08-19,Pacific,,5.5,2.0,3.02,3.02,3.02,-0.2064150943396226,1.48,0,False,0.0,0.0,0.0,0.0,0.0,0.0,0,,,,,0.0,0.0
4963,24.0662,123.7621,2016,2015-08-11,2016-08-10,Pacific,,30.5,2.0,3.97,3.97,3.97,0.6560377358490567,2.08,0,False,0.0,0.0,1.2088,0.0,13.3336,0.0,0,,,,,0.0,1.0
4971,24.2801,123.721,2016,2015-09-24,2016-09-23,Pacific,,30.5,8.0,8.67,8.67,8.67,0.789811320754717,1.93,14,False,0.5666,0.0,1.2088,0.0,18.9793,0.0,1,,,,,1.0,1.0
4980,24.3227,124.1665,2016,2015-10-05,2016-10-04,Pacific,,75.0,10.0,9.19,9.19,9.19,0.8547169811320754,1.92,21,False,0.0,0.0,0.0,0.0,0.0,0.0,0,,,,,0.0,1.0
4981,24.3254,124.1637,2015,2014-06-15,2015-06-15,Pacific,,75.0,5.0,0.0,0.0,4.96,0.29641509433962265,1.99,7,False,0.0,0.0,0.0,0.0,0.0,0.0,0,,,,,0.0,1.0
4984,24.3349,124.2367,2016,2015-08-29,2016-08-28,Pacific,,30.5,15.0,8.56,8.56,8.56,0.8245283018867925,1.97,21,False,0.0,0.0,0.0,0.0,0.0,0.0,0,,,,,0.0,1.0
4989,24.3417,124.0881,2016,2015-09-09,2016-09-08,Pacific,,75.0,5.0,8.89,8.89,8.89,0.8101886792452829,1.9,21,False,0.0,0.0,0.0,0.0,0.5666,0.0,0,,,,,1.0,1.0
4990,24.3431,124.205,2016,2015-09-20,2016-09-19,Pacific,,75.0,8.0,9.26,9.26,9.26,0.8707547169811319,1.97,21,False,0.0,0.0,0.0,0.0,0.0,0.0,0,,,,,0.0,1.0
4994,24.3593,124.2555,2013,2012-08-30,2013-08-30,Pacific,,30.5,3.0,1.11,1.11,1.11,-0.04377358490566038,1.52,0,False,0.0,0.0,0.0,0.0,17.3401,0.0,0,,,,,0.0,0.0
4996,24.3668,124.2556,2016,2015-08-10,2016-08-09,Pacific,,30.5,1.0,3.86,3.86,3.86,0.728679245283019,1.95,0,False,0.0,0.0,0.0,0.0,0.0,0.0,0,,,,,0.0,1.0
4997,24.3671,124.2508,2016,2015-07-11,2016-07-10,Pacific,,30.5,1.0,0.75,0.75,0.75,0.6950943396226416,1.95,0,False,0.0,0.0,0.0,0.0,0.0,0.0,0,,,,,0.0,1.0
5000,24.4034,123.8901,2016,2015-09-11,2016-09-10,Pacific,,30.5,12.0,8.8,8.8,8.8,0.8213207547169811,1.9,28,False,0.0,0.0,0.0,0.0,1.2088,0.0,0,,,,,1.0,1.0
5003,24.4295,123.7932,2016,2015-08-05,2016-08-04,Pacific,,5.5,5.0,2.56,2.56,2.56,0.6549056603773585,1.66,0,False,0.0,0.0,0.5666,0.0,17.611,0.0,0,,,,,1.0,1.0
5010,24.4376,123.785,2016,2015-08-07,2016-08-06,Pacific,,75.0,2.0,3.97,3.97,3.97,0.6669811320754716,1.66,0,False,0.0,0.0,0.5666,0.0,17.8971,0.0,0,,,,,1.0,1.0
5021,24.7186,125.3427,2016,2015-09-02,2016-09-01,Pacific,,30.5,2.0,8.63,8.63,8.63,0.7826415094339622,1.95,28,True,0.0,0.0,0.0,0.0,29.8326,0.0,0,,,,,0.0,0.0
5022,24.7194,125.3425,2016,2015-08-29,2016-08-28,Pacific,,30.5,3.0,8.63,8.63,8.63,0.7826415094339622,1.95,28,True,0.0,0.0,0.0,0.0,29.8326,0.0,0,,,,,0.0,0.0
5024,24.7261,125.3729,2013,2012-01-23,2013-01-22,Pacific,,30.5,6.0,0.0,0.0,0.0,-0.35442307692307684,1.11,0,True,0.0,0.0,0.0,0.0,0.0,0.0,0,,,,,0.0,0.0
5025,24.7284,125.4048,2013,2012-01-23,2013-01-22,Pacific,,30.5,6.0,0.0,0.0,0.0,-0.28788461538461535,1.23,0,False,0.0,0.0,0.0,0.0,0.0,0.0,0,,,,,0.0,0.0
5026,24.7609,125.425,2013,2012-08-25,2013-08-25,Pacific,,30.5,1.0,1.22,1.22,1.22,-0.11132075471698114,1.29,0,False,0.0,0.0,0.0,0.0,0.0,0.0,0,,,,,0.0,0.0
5028,24.7628,125.4272,2016,2015-09-01,2016-08-31,Pacific,,75.0,1.0,8.82,8.82,8.82,0.8467924528301886,1.95,28,False,0.0,0.0,0.0,0.0,29.8326,0.0,0,,,,,0.0,0.0
5029,24.7645,125.4258,2016,2015-08-20,2016-08-19,Pacific,,30.5,2.0,5.51,5.51,5.51,0.7683018867924528,1.95,14,False,0.0,0.0,0.0,0.0,29.8326,0.0,0,,,,,0.0,0.0
5030,24.7735,125.3945,2013,2012-08-07,2013-08-07,Pacific,,75.0,1.0,0.0,0.0,0.0,-0.15528301886792453,1.23,0,False,0.0,0.0,0.0,0.0,0.0,0.0,0,,,,,0.0,0.0
5032,24.8133,125.143,2016,2015-08-07,2016-08-06,Pacific,,30.5,0.8,4.14,4.14,4.14,0.7120754716981131,1.87,7,False,0.0,0.0,27.3932,0.0,29.8326,0.0,0,,,,,0.0,0.0
5033,24.8195,125.1409,2016,2015-07-31,2016-07-30,Pacific,,75.0,3.0,2.79,2.79,2.79,0.6988679245283018,1.87,0,False,0.0,0.0,27.3932,0.0,29.8326,0.0,0,,,,,0.0,0.0
5034,24.9046,125.2653,2013,2012-08-15,2013-08-15,Pacific,,0.0,1.0,1.63,1.63,1.63,-0.10641509433962265,1.2,0,False,0.0,0.0,0.0,0.0,0.0,0.0,0,,,,,0.0,0.0
5035,24.9047,125.2655,2013,2012-07-26,2013-07-26,Pacific,,0.0,0.5,0.0,0.0,0.0,-0.17509433962264154,1.2,0,False,0.0,0.0,0.0,0.0,0.0,0.0,0,,,,,0.0,0.0
5037,24.9264,125.2377,2016,2015-08-21,2016-08-20,Pacific,,30.5,3.0,7.72,7.72,7.72,0.8349056603773586,1.95,21,False,0.0,0.0,0.0,0.0,29.8326,0.0,0,,,,,0.0,0.0
5038,24.9265,125.2379,2016,2015-07-25,2016-07-24,Pacific,,75.0,3.0,1.63,1.63,1.63,0.7537735849056604,1.91,0,False,0.0,0.0,0.0,0.0,29.8326,0.0,0,,,,,0.0,0.0
5039,24.9313,125.2327,2014,2013-03-02,2014-03-02,Pacific,,0.0,0.0,0.0,0.0,1.75,-0.039999999999999994,1.2,0,False,0.0,0.0,0.0,0.0,6.3073999999999995,0.0,0,,,,,0.0,0.0
5042,24.9375,125.2456,2013,2012-08-08,2013-08-08,Pacific,,75.0,1.0,0.16,0.16,0.16,-0.1490566037735849,1.2,0,False,0.0,0.0,0.0,0.0,0.0,0.0,0,,,,,0.0,0.0
5043,24.9376,125.2457,2016,2015-08-19,2016-08-18,Pacific,,75.0,2.0,6.05,6.05,6.05,0.8011320754716983,1.95,14,False,0.0,0.0,0.0,0.0,29.8326,0.0,0,,,,,0.0,0.0
5045,24.9841,125.2847,2014,2013-05-27,2014-05-27,Pacific,,0.0,10.0,0.0,0.0,2.29,-0.14660377358490564,1.23,0,False,0.0,0.0,0.0,0.0,0.9913,0.0,0,,,,,0.0,0.0
5046,24.9856,125.2768,2016,2015-09-03,2016-09-02,Pacific,,75.0,4.0,10.03,10.03,10.03,0.8994339622641511,1.99,28,False,0.0,0.0,0.0,0.0,29.8326,0.0,0,,,,,0.0,0.0
5047,24.9882,125.2876,2015,2014-06-15,2015-06-15,Pacific,,0.0,10.0,0.0,0.0,4.84,0.3633962264150944,2.25,7,False,0.0,0.0,0.0,0.0,0.43410000000000004,0.0,0,,,,,0.0,0.0
5048,24.9919,125.2794,2013,2012-01-03,2013-01-02,Pacific,,30.5,2.0,0.0,0.0,0.0,-0.16886792452830188,1.66,0,False,0.0,0.0,0.0,0.0,0.0,0.0,0,,,,,0.0,0.0
5049,25.0064,125.2768,2016,2015-09-03,2016-09-02,Pacific,,75.0,4.0,10.14,10.14,10.14,0.9032075471698114,2.06,28,False,0.0,0.0,0.0,0.0,27.3932,0.0,0,,,,,0.0,0.0
5051,26.079,127.6633,2013,2012-09-07,2013-09-07,Pacific,,5.5,7.0,2.46,2.46,2.46,0.04283018867924529,1.32,0,False,0.0,0.0,7.8997,0.0,9.0652,0.0,0,,,,,0.0,8.0
5077,26.2137,127.293,2013,2012-08-19,2013-08-19,Pacific,,0.0,1.0,2.42,2.42,2.42,0.08283018867924527,1.4,0,False,0.0,0.0,1.1655,0.0,9.0652,0.0,0,,,,,0.0,8.0
5081,26.2208,127.6658,2015,2014-06-18,2015-06-18,Pacific,,75.0,2.0,0.0,0.0,3.0500000000000003,-0.1390566037735849,1.84,0,False,2.3405,0.0,2.8618,0.0,2.8618,0.0,1,,,,,1.0,3.0
5082,26.2209,127.3089,2013,2012-08-17,2013-08-17,Pacific,,0.0,5.0,2.3000000000000003,2.3000000000000003,2.3000000000000003,0.09641509433962264,1.47,0,False,0.0,0.0,1.1655,0.0,9.0652,0.0,0,,,,,0.0,8.0
5083,26.2223,127.2898,2013,2012-08-18,2013-08-18,Pacific,,0.0,8.0,2.42,2.42,2.42,0.08283018867924527,1.4,0,False,0.0,0.0,1.1655,0.0,9.0652,0.0,0,,,,,0.0,8.0
5084,26.2242,127.2892,2013,2012-08-17,2013-08-17,Pacific,,0.0,2.0,2.42,2.42,2.42,0.08283018867924527,1.4,0,False,0.0,0.0,1.1655,0.0,9.0652,0.0,0,,,,,0.0,8.0
5086,26.2353,127.2897,2013,2012-08-18,2013-08-18,Pacific,,0.0,2.0,2.42,2.42,2.42,0.08283018867924527,1.4,0,False,0.0,0.0,1.1655,0.0,9.0652,0.0,0,,,,,0.0,8.0
5088,26.2567,127.4027,2013,2012-08-14,2013-08-14,Pacific,,30.5,4.0,2.47,2.47,2.47,0.09962264150943397,1.6,0,False,0.2097,0.0,8.1094,0.0,9.0652,0.0,1,,,,,0.0,8.0
5094,26.3087,127.8631,2013,2012-09-06,2013-09-06,Pacific,,30.5,1.0,3.12,3.12,3.12,0.11283018867924531,1.36,0,False,0.0,0.0,7.8997,0.0,8.1094,0.0,0,,,,,10.0,11.0
5095,26.3554,126.8536,2013,2012-08-30,2013-08-30,Pacific,,30.5,10.0,3.84,3.84,3.84,0.04584905660377357,1.55,0,False,0.0,0.0,0.0,0.0,0.0,0.0,0,,,,,0.0,0.0
5098,26.4933,127.8402,2016,2015-08-01,2016-07-31,Pacific,,75.0,1.0,2.8000000000000003,2.8000000000000003,2.8000000000000003,0.38358490566037734,1.71,0,False,0.0,0.0,169.2491,0.0,294.5835,55.7983,0,,,,,2.0,2.0
5100,26.4949,127.8399,2016,2015-08-01,2016-07-31,Pacific,,5.5,1.0,2.8000000000000003,2.8000000000000003,2.8000000000000003,0.38358490566037734,1.71,0,False,0.0,0.0,169.2491,0.0,294.5835,55.7983,0,,,,,2.0,2.0
5103,26.5024,127.842,2016,2015-08-05,2016-08-04,Pacific,,30.5,4.0,2.97,2.97,2.97,0.3788679245283019,1.71,0,False,0.0,0.0,236.6252,0.0,452.4949,55.7983,0,,,,,2.0,2.0
5104,26.5037,127.8436,2016,2015-08-07,2016-08-06,Pacific,,30.5,4.0,4.32,4.32,4.32,0.4067924528301887,1.89,7,False,0.0,0.0,236.6252,0.0,452.4949,55.7983,0,,,,,2.0,2.0
5107,26.5052,127.8497,2013,2012-09-09,2013-09-09,Pacific,,30.5,3.0,4.09,4.09,4.09,-0.00905660377358492,1.5,7,False,0.0,0.0,0.0,0.0,8.1094,0.0,0,,,,,11.0,11.0
5110,26.5232,127.8929,2016,2015-08-22,2016-08-21,Pacific,,75.0,3.0,7.23,7.23,7.23,0.42415094339622644,1.93,21,False,0.0,0.0,13.8819,0.0,436.3582,55.7983,0,,,,,2.0,2.0
5113,26.5379,128.08,2013,2012-09-01,2013-09-01,Pacific,,30.5,1.5,3.06,3.06,3.06,-0.03245283018867924,1.53,0,False,0.0,0.0,0.0,0.0,0.0,0.0,0,,,,,3.0,11.0
5120,26.6311,127.8852,2013,2012-08-15,2013-08-15,Pacific,,30.5,3.0,2.72,2.72,2.72,-0.0769811320754717,1.56,0,False,0.0,0.0,0.0,0.0,7.8997,0.0,0,,,,,3.0,11.0
5121,26.6359,127.8657,2016,2015-08-27,2016-08-26,Pacific,,30.5,2.0,7.19,7.19,7.19,0.418679245283019,1.85,21,False,3.2221,0.0,50.1288,0.0,327.8412,0.0,2,,,,,2.0,2.0
5123,26.6361,127.8658,2013,2012-08-08,2013-08-08,Pacific,,30.5,0.0,1.03,1.03,1.03,-0.1020754716981132,1.3,0,False,0.0,0.0,0.0,0.0,7.8997,0.0,0,,,,,3.0,11.0
5125,26.6805,128.0192,2013,2012-09-08,2013-09-08,Pacific,,5.5,3.0,3.88,3.88,3.88,-0.030566037735849066,1.6,0,False,0.0,0.0,0.0,0.0,0.0,0.0,0,,,,,1.0,11.0
5127,26.6977,128.0136,2016,2015-08-12,2016-08-11,Pacific,,30.5,1.5,3.85,3.85,3.85,0.37,1.81,0,False,0.0,0.0,3.5221,0.0,286.5023,0.0,0,,,,,0.0,2.0
5129,26.7059,127.8919,2016,2015-07-31,2016-07-30,Pacific,,75.0,2.0,3.02,3.02,3.02,0.39773584905660375,1.78,0,False,2.0463,0.0,25.753500000000003,0.0,193.7567,0.0,2,,,,,0.0,2.0
5130,26.7073,127.9402,2016,2015-09-23,2016-09-22,Pacific,,75.0,1.5,9.28,9.28,9.28,0.5167924528301887,1.87,28,False,0.0,0.0,37.9639,0.0,406.3333,0.0,0,,,,,0.0,2.0
5134,26.7751,128.2031,2013,2012-08-25,2013-08-25,Pacific,,75.0,2.0,3.6,3.6,3.6,0.007169811320754727,1.71,0,False,0.0,0.0,0.0,0.0,0.0,0.0,0,,,,,0.0,3.0
5135,26.7793,128.211,2013,2012-08-07,2013-08-07,Pacific,,30.5,0.2,0.66,0.66,0.66,-0.03547169811320755,1.32,0,False,0.0,0.0,0.0,0.0,0.0,0.0,0,,,,,0.0,3.0
5142,27.8692,128.8875,2013,2012-09-11,2013-09-11,Pacific,,75.0,2.0,3.31,3.31,3.31,-0.17000000000000004,1.7,0,False,0.0,0.0,0.0,0.0,15.7664,0.0,0,,,,,0.0,0.0
5143,28.0706,129.3275,2013,2012-09-18,2013-09-18,Pacific,,30.5,0.5,7.54,7.54,7.54,0.01452830188679242,2.35,21,False,0.0,0.0,0.0,0.0,4.3199,0.0,0,,,,,0.0,0.0
5144,28.1112,129.3337,2013,2012-09-19,2013-09-19,Pacific,,0.0,4.0,7.3,7.3,7.3,0.00037735849056603387,2.23,14,True,0.0,0.0,0.0,0.0,4.3199,0.0,0,,,,,0.0,0.0
5149,28.2043,129.2716,2016,2015-08-19,2016-08-18,Pacific,,30.5,1.0,5.82,5.82,5.82,0.4775471698113207,2.13,14,True,0.0,0.0,37.0086,0.0,151.1447,0.0,0,,,,,0.0,0.0
5151,28.4025,129.4537,2013,2012-08-28,2013-08-28,Pacific,,75.0,2.0,3.65,3.65,3.65,-0.18509433962264155,1.44,0,False,0.0,0.0,0.0,0.0,0.0,0.0,0,,,,,0.0,0.0
5157,30.3011,130.6537,2016,2015-08-05,2016-08-04,Pacific,,75.0,0.5,0.0,0.0,0.0,0.3994339622641509,1.98,0,False,6.8002,0.0,20.9253,0.0,628.9891,0.0,1,,,,,0.0,0.0
5160,30.816,130.4165,2016,2015-09-02,2016-09-01,Pacific,,75.0,2.0,6.24,6.24,6.24,0.27679245283018866,2.47,14,False,0.2588,0.0,1.5676,0.0,52.4192,0.0,1,,,,,0.0,0.0
5165,32.2044,129.9966,2016,2015-08-01,2016-07-31,Pacific,,0.0,3.0,0.0,0.0,0.0,-0.0922641509433962,1.78,0,False,0.0,0.0,1.0658,0.0,7.2490000000000006,0.0,0,,,,,0.0,0.0
5170,32.5811,128.7222,2013,2012-10-23,2013-10-23,Pacific,,0.0,5.0,6.65,6.65,6.65,0.2464150943396227,2.62,14,False,0.0,0.0,0.0,0.0,0.0,0.0,0,,,,,0.0,0.0
5172,32.6586,128.66,2013,2012-10-23,2013-10-23,Pacific,,30.5,2.0,8.75,8.75,8.75,0.2647169811320755,2.87,14,True,0.0,0.0,0.0,0.0,0.0,0.0,0,,,,,0.0,0.0
5177,32.767,132.63,2016,2015-09-24,2016-09-23,Pacific,,75.0,1.0,5.68,5.68,5.68,1.1137735849056603,3.08,7,False,2.0002,0.0,193.7383,189.1548,955.013,805.5331,1,,,,,0.0,0.0
5192,33.5193,133.7551,2016,2015-08-01,2016-07-31,Pacific,,0.0,1.0,0.0,0.0,3.6,0.9630188679245283,2.06,0,True,1.0166,0.0,23.4029,20.1066,93.5128,78.3219,1,,,,,0.0,0.0
5199,33.7691,129.6547,2013,2012-10-18,2013-10-18,Pacific,,30.5,3.0,12.54,12.54,12.54,0.4741509433962264,3.58,21,False,0.0,0.0,0.0,0.0,19.0415,0.0,0,,,,,0.0,0.0
5200,33.8065,129.6676,2013,2012-10-18,2013-10-18,Pacific,,30.5,2.0,12.9,12.9,12.9,0.5269811320754717,3.69,21,False,0.0,0.0,0.0,0.0,22.2653,0.0,0,,,,,0.0,0.0
5201,33.8522,139.6092,2013,2012-09-19,2013-09-19,Pacific,,0.0,5.0,10.01,10.01,10.38,0.2849056603773585,3.0500000000000003,21,False,0.0,0.0,0.0,0.0,0.0,0.0,0,,,,,0.0,0.0
5208,34.0545,139.4805,2013,2012-09-18,2013-09-18,Pacific,,30.5,5.0,10.88,10.88,10.88,0.26150943396226417,2.96,28,False,0.0,0.0,0.0,0.0,0.0,0.0,0,,,,,0.0,0.0
5209,34.0559,139.4807,2013,2012-09-18,2013-09-18,Pacific,,30.5,2.0,10.88,10.88,10.88,0.26150943396226417,2.96,28,False,0.0,0.0,0.0,0.0,0.0,0.0,0,,,,,0.0,0.0
5214,34.1056,129.174,2013,2012-10-04,2013-10-04,Pacific,,30.5,3.0,9.26,9.26,9.26,0.3518867924528302,3.63,14,False,0.0,0.0,0.2222,0.2222,5158.7574,1957.5452,0,,,,,0.0,0.0
5219,34.2401,139.1368,2013,2012-08-19,2013-08-19,Pacific,,5.5,6.0,5.16,5.16,7.72,0.19849056603773585,2.89,21,False,0.0,0.0,0.0,0.0,1.7777,0.0,0,,,,,0.0,0.0
5220,34.2402,139.1369,2016,2015-08-11,2016-08-10,Pacific,,0.0,1.0,0.0,0.0,6.48,0.23886792452830188,2.38,14,False,0.3008,0.0,82.7952,0.0,572.029,0.0,1,,,,,0.0,0.0
5223,34.3232,129.246,2013,2012-10-05,2013-10-05,Pacific,,75.0,1.0,9.81,9.81,9.81,0.39622641509433953,3.77,14,False,0.0,0.0,1.7791000000000001,1.7791000000000001,7492.0006,1849.3652,0,,,,,0.0,0.0
5228,34.4236,129.2664,2013,2012-10-16,2013-10-16,Pacific,,30.5,3.0,9.87,9.87,9.87,0.44867924528301883,3.85,14,False,0.0,0.0,71.2635,6.1721,11647.8196,4115.7579000000005,0,,,,,0.0,0.0
5237,34.7027,129.4417,2013,2012-10-05,2013-10-05,Pacific,,0.0,5.0,11.24,11.24,11.24,0.42358490566037743,3.99,21,False,4.9555,0.0,450.3402,239.1389,15319.936,7295.3714,1,,,,,0.0,0.0
5305,33.3444,135.6967,2013,2012-05-12,2013-05-12,Pacific,10.0,0.0,6.5,0.0,0.0,0.64,0.45452830188679244,2.29,0,False,0.0,0.0,0.0,0.0,0.208,0.0,0,,,,,0.0,0.0
5305,33.3444,135.6967,2014,2013-05-25,2014-05-25,Pacific,13.907499999999999,0.0,6.5,0.0,0.0,2.24,0.15358490566037736,1.46,0,False,0.0,0.0,0.0,0.0,3.5654000000000003,0.0,0,,,,,0.0,0.0
5344,24.2857,123.7319,2014,2013-11-22,2014-11-22,Pacific,39.685,0.0,7.5,3.96,5.21,5.21,-0.08943396226415094,1.93,14,False,0.0,0.0,0.0,0.0,2.3707,0.0,0,,,,,0.0,0.0
5347,24.3717,123.9744,2013,2012-06-15,2013-06-15,Pacific,12.1875,0.0,7.0,0.0,0.0,0.0,-0.1688679245283019,1.02,0,False,0.0,0.0,0.0,0.0,20.1222,0.0,0,,,,,0.0,0.0
5347,24.3717,123.9744,2014,2013-05-31,2014-05-31,Pacific,7.8125,0.0,5.5,0.0,0.0,1.17,-0.21150943396226413,1.54,0,False,0.0,0.0,0.0,0.0,20.1222,0.0,0,,,,,0.0,0.0
5349,24.9841,125.2847,2014,2013-05-27,2014-05-27,Pacific,30.47,0.0,6.5,0.0,0.0,2.29,-0.14660377358490564,1.23,0,False,0.0,0.0,0.0,0.0,0.9913,0.0,0,,,,,0.0,0.0
5349,24.9841,125.2847,2015,2014-06-15,2015-06-15,Pacific,27.5,0.0,6.5,0.0,0.0,4.84,0.3633962264150944,2.25,7,False,0.0,0.0,0.0,0.0,0.43410000000000004,0.0,0,,,,,0.0,0.0
5358,33.6924,135.3247,2014,2013-06-07,2014-06-07,Pacific,25.625,0.0,6.25,0.0,0.0,1.88,0.21754716981132077,1.9,0,False,0.0,0.0,0.0,0.0,3.206,0.0,0,,,,,0.0,0.0
5359,33.7199,135.3249,2014,2013-06-08,2014-06-08,Pacific,36.875,0.0,7.0,0.0,0.0,1.89,0.24962264150943395,1.91,0,False,0.0,0.0,0.0,0.0,3.206,0.0,0,,,,,0.0,0.0
5360,34.0561,139.4811,2014,2013-07-05,2014-07-05,Pacific,29.380000000000003,0.5,5.0,0.0,0.0,10.88,-0.33622641509433954,2.96,28,False,0.0,0.0,0.0,0.0,2.8727,0.0,0,,,,,0.0,0.0
5361,34.0975,139.485,2014,2013-07-05,2014-07-05,Pacific,28.435000000000002,0.0,10.0,0.0,0.0,10.88,-0.33622641509433954,2.96,28,False,0.0,0.0,0.0,0.0,0.0,0.0,0,,,,,0.0,0.0
5522,2.1729,104.112,2013,2012-09-22,2013-09-22,Pacific,28.44,0.0,5.5,0.0,1.36,1.54,0.5149056603773585,1.49,0,False,0.0,0.0,0.0,0.0,0.0,0.0,0,,,,,0.0,0.0
5522,2.1729,104.112,2015,2014-07-27,2015-07-27,Pacific,30.94,0.0,5.5,0.15,0.15,0.87,0.33264150943396226,1.43,0,False,0.0,0.0,0.0,0.0,46.4217,46.4217,0,,,,,0.0,0.0
5522,2.1729,104.112,2016,2015-09-08,2016-09-07,Pacific,28.75,0.0,7.1,0.29,5.36,5.36,0.7941509433962264,1.65,7,False,0.0,0.0,8.0455,8.0455,1920.8744,1799.3012999999999,0,,,,,0.0,0.0
5522,2.1729,104.112,2017,2016-07-26,2017-07-26,Pacific,32.81,0.0,5.9,0.0,0.0,2.48,0.49094339622641514,1.47,0,False,0.0,0.0,127.934,127.934,7734.6584,7408.7147,0,,,,,0.0,0.0
5522,2.1729,104.112,2018,2017-07-10,2018-07-10,Pacific,27.5,0.0,5.2,0.0,0.0,0.0,0.420377358490566,1.23,0,False,0.0,0.0,0.0,0.0,1282.4213,1282.4213,0,,,,,0.0,0.0
5522,2.1729,104.112,2019,2018-07-10,2019-07-10,Pacific,23.125,1.25,5.0,4.42,4.42,4.42,0.6150943396226414,1.65,7,False,0.0,0.0,0.0,0.0,0.0,0.0,0,,,,,0.0,0.0
5523,2.1783,104.1092,2015,2014-07-27,2015-07-27,Pacific,23.125,0.0,3.5,0.15,0.15,0.87,0.33264150943396226,1.43,0,False,0.0,0.0,0.0,0.0,46.4217,46.4217,0,,,,,0.0,0.0
5523,2.1783,104.1092,2016,2015-09-08,2016-09-07,Pacific,35.0,0.0,4.7,0.29,5.36,5.36,0.7941509433962264,1.65,7,False,0.0,0.0,8.0455,8.0455,1920.8744,1799.3012999999999,0,,,,,0.0,0.0
5523,2.1783,104.1092,2017,2016-07-26,2017-07-26,Pacific,27.185,0.0,5.5,0.0,0.0,2.48,0.49094339622641514,1.47,0,False,0.0,0.0,127.934,127.934,7734.6584,7408.7147,0,,,,,0.0,0.0
5523,2.1783,104.1092,2018,2017-07-10,2018-07-10,Pacific,32.5,0.0,4.2,0.0,0.0,0.0,0.420377358490566,1.23,0,False,0.0,0.0,0.0,0.0,1282.4213,1282.4213,0,,,,,0.0,0.0
5523,2.1783,104.1092,2019,2018-07-10,2019-07-10,Pacific,36.25,0.0,3.1,4.42,4.42,4.42,0.6150943396226414,1.65,7,False,0.0,0.0,0.0,0.0,0.0,0.0,0,,,,,0.0,0.0
5524,2.184,104.1068,2013,2012-09-23,2013-09-23,Pacific,16.869999999999997,0.0,8.0,0.0,1.36,1.54,0.5149056603773585,1.49,0,False,0.0,0.0,0.0,0.0,0.0,0.0,0,,,,,0.0,0.0
5524,2.184,104.1068,2014,2013-08-27,2014-08-27,Pacific,13.75,0.0,8.0,0.87,0.87,0.87,0.11660377358490566,0.94,0,False,0.0,0.0,0.0,0.0,0.0,0.0,0,,,,,0.0,0.0
5524,2.184,104.1068,2015,2014-07-27,2015-07-27,Pacific,13.44,0.0,7.5,0.15,0.15,0.87,0.33264150943396226,1.43,0,False,0.0,0.0,0.0,0.0,46.4217,46.4217,0,,,,,0.0,0.0
5524,2.184,104.1068,2016,2015-09-08,2016-09-07,Pacific,23.44,0.5,8.6,0.29,5.36,5.36,0.7941509433962264,1.65,7,False,0.0,0.0,8.0455,8.0455,1926.8754,1805.3022999999998,0,,,,,0.0,0.0
5524,2.184,104.1068,2017,2016-07-26,2017-07-26,Pacific,15.0,0.0,7.0,0.0,0.0,2.48,0.49094339622641514,1.47,0,False,0.0,0.0,127.934,127.934,7735.2736,7409.3299,0,,,,,0.0,0.0
5524,2.184,104.1068,2018,2017-07-10,2018-07-10,Pacific,16.875,0.0,7.0,0.0,0.0,0.0,0.420377358490566,1.23,0,False,0.0,0.0,0.0,0.0,1283.6881,1283.6881,0,,,,,0.0,0.0
5524,2.184,104.1068,2019,2018-07-10,2019-07-10,Pacific,9.375,0.0,6.8,4.42,4.42,4.42,0.6150943396226414,1.65,7,False,0.0,0.0,0.0,0.0,0.0,0.0,0,,,,,0.0,0.0
5525,2.1878,104.0981,2013,2012-09-22,2013-09-22,Pacific,19.375,0.0,4.0,0.0,1.35,1.53,0.5005660377358491,1.53,0,False,0.0,0.0,0.0,0.0,0.0,0.0,0,,,,,0.0,0.0
5525,2.1878,104.0981,2014,2013-08-27,2014-08-27,Pacific,27.5,0.0,4.0,0.86,0.86,0.86,0.11415094339622643,0.93,0,False,0.0,0.0,0.0,0.0,0.0,0.0,0,,,,,0.0,0.0
5525,2.1878,104.0981,2015,2014-07-28,2015-07-28,Pacific,30.0,0.0,4.0,0.16,0.16,0.86,0.34018867924528307,1.4,0,False,0.0,0.0,0.0,0.0,46.4217,46.4217,0,,,,,0.0,0.0
5525,2.1878,104.0981,2016,2015-09-08,2016-09-07,Pacific,37.815,0.0,3.8,0.29,5.44,5.44,0.8033962264150944,1.71,7,False,0.0,0.0,8.0455,8.0455,1926.8754,1805.3022999999998,0,,,,,0.0,0.0
5525,2.1878,104.0981,2017,2016-07-26,2017-07-26,Pacific,36.565,0.0,3.9,0.0,0.0,2.48,0.5037735849056604,1.51,0,False,0.0,0.0,127.934,127.934,7735.2736,7409.3299,0,,,,,0.0,0.0
5525,2.1878,104.0981,2018,2017-07-11,2018-07-11,Pacific,29.685,0.0,3.9,0.0,0.0,0.0,0.4518867924528302,1.26,0,False,0.0,0.0,0.0,0.0,1283.6881,1283.6881,0,,,,,0.0,0.0
5525,2.1878,104.0981,2019,2018-07-10,2019-07-10,Pacific,35.935,0.0,4.0,4.75,4.75,4.75,0.641320754716981,1.72,7,False,0.0,0.0,0.0,0.0,0.0,0.0,0,,,,,0.0,0.0
5526,2.2261,104.0531,2015,2014-07-27,2015-07-27,Pacific,20.0,0.0,2.5,0.15,0.15,0.85,0.3383018867924529,1.39,0,False,0.0,0.0,0.0,0.0,553.7699,553.7699,0,,,,,0.0,0.0
5526,2.2261,104.0531,2016,2015-09-08,2016-09-07,Pacific,32.19,1.5,4.3,0.3,5.41,5.41,0.7979245283018866,1.71,7,False,0.0,0.0,456.792,432.3843,4855.7479,4726.1454,0,,,,,0.0,0.0
5526,2.2261,104.0531,2017,2016-07-24,2017-07-24,Pacific,32.81,13.75,2.5,0.0,0.0,2.5,0.49830188679245285,1.51,0,False,0.0,0.0,1424.2506,1399.8429,17715.1376,17359.2541,0,,,,,0.0,0.0
5526,2.2261,104.0531,2018,2017-07-11,2018-07-11,Pacific,25.625,0.0,1.8,0.0,0.0,0.0,0.44415094339622646,1.25,0,False,0.0,0.0,51.819100000000006,51.819100000000006,6165.4778,6165.4778,0,,,,,0.0,0.0
5526,2.2261,104.0531,2019,2018-07-09,2019-07-09,Pacific,35.94,0.25,2.1,4.61,4.61,4.61,0.6309433962264149,1.65,7,False,0.0,0.0,0.0,0.0,0.0,0.0,0,,,,,0.0,0.0
5527,2.231,104.0522,2013,2012-09-23,2013-09-23,Pacific,26.25,0.0,7.0,0.0,1.33,1.5,0.5064150943396227,1.53,0,False,0.0,0.0,0.0,0.0,0.0,0.0,0,,,,,0.0,0.0
5527,2.231,104.0522,2014,2013-08-27,2014-08-27,Pacific,21.875,0.0,7.0,0.85,0.85,0.85,0.11415094339622643,0.95,0,False,0.0,0.0,0.0,0.0,0.0,0.0,0,,,,,0.0,0.0
5527,2.231,104.0522,2015,2014-07-27,2015-07-27,Pacific,30.94,0.0,6.5,0.15,0.15,0.85,0.3383018867924529,1.39,0,False,0.0,0.0,0.0,0.0,553.7699,553.7699,0,,,,,0.0,0.0
5527,2.231,104.0522,2016,2015-09-08,2016-09-07,Pacific,27.5,0.5,5.0,0.3,5.41,5.41,0.7979245283018866,1.71,7,False,0.0,0.0,456.792,432.3843,4855.7479,4726.1454,0,,,,,0.0,0.0
5527,2.231,104.0522,2017,2016-07-24,2017-07-24,Pacific,30.0,0.0,6.0,0.0,0.0,2.5,0.49830188679245285,1.51,0,False,0.0,0.0,1424.2506,1399.8429,17715.1376,17359.2541,0,,,,,0.0,0.0
5527,2.231,104.0522,2018,2017-07-11,2018-07-11,Pacific,33.435,0.0,7.0,0.0,0.0,0.0,0.44415094339622646,1.25,0,False,0.0,0.0,51.819100000000006,51.819100000000006,6165.4778,6165.4778,0,,,,,0.0,0.0
5527,2.231,104.0522,2019,2018-07-09,2019-07-09,Pacific,28.44,6.25,6.6,4.61,4.61,4.61,0.6309433962264149,1.65,7,False,0.0,0.0,0.0,0.0,0.0,0.0,0,,,,,0.0,0.0
5528,2.2712,104.1273,2013,2012-09-25,2013-09-25,Pacific,33.435,0.0,7.0,0.0,1.11,1.45,0.5260377358490567,1.51,0,False,0.0,0.0,0.0,0.0,0.0,0.0,0,,,,,0.0,0.0
5528,2.2712,104.1273,2014,2013-08-26,2014-08-26,Pacific,26.875,0.0,7.0,0.86,0.86,0.86,0.11528301886792451,0.98,0,False,0.0,0.0,0.0,0.0,0.0,0.0,0,,,,,0.0,0.0
5528,2.2712,104.1273,2015,2014-07-28,2015-07-28,Pacific,33.125,0.0,7.0,0.0,0.0,0.86,0.32603773584905654,1.41,0,False,0.0,0.0,0.0,0.0,553.7699,553.7699,0,,,,,0.0,0.0
5528,2.2712,104.1273,2016,2015-09-09,2016-09-08,Pacific,35.625,0.25,6.6,0.3,4.74,4.74,0.7833962264150941,1.65,7,False,0.0,0.0,574.2669999999999,467.1923,4859.6253,4730.0228,0,,,,,0.0,0.0
5528,2.2712,104.1273,2017,2016-07-24,2017-07-24,Pacific,32.19,0.25,6.7,0.0,0.0,2.5,0.4839622641509433,1.51,0,False,16.3958,16.3958,1850.9596,1674.89,17740.1316,17384.2481,1,,,,,0.0,0.0
5528,2.2712,104.1273,2018,2017-07-10,2018-07-10,Pacific,30.315,0.0,6.7,0.0,0.0,0.0,0.4075471698113208,1.28,0,False,0.0,0.0,51.819100000000006,51.819100000000006,6165.4778,6165.4778,0,,,,,0.0,0.0
5528,2.2712,104.1273,2019,2018-07-12,2019-07-12,Pacific,29.69,0.25,7.0,3.9,3.9,3.9,0.6030188679245283,1.56,0,False,0.0,0.0,0.0,0.0,0.0,0.0,0,,,,,0.0,0.0
5529,2.2733,104.1157,2013,2012-09-25,2013-09-25,Pacific,43.75,0.0,4.0,0.0,1.11,1.45,0.5260377358490567,1.51,0,False,0.0,0.0,0.0,0.0,0.0,0.0,0,,,,,0.0,0.0
5529,2.2733,104.1157,2014,2013-08-26,2014-08-26,Pacific,37.19,0.0,4.0,0.86,0.86,0.86,0.11528301886792451,0.98,0,False,0.0,0.0,0.0,0.0,0.0,0.0,0,,,,,0.0,0.0
5529,2.2733,104.1157,2015,2014-07-29,2015-07-29,Pacific,41.875,0.0,4.0,0.0,0.0,0.86,0.32603773584905654,1.41,0,False,0.0,0.0,0.0,0.0,553.7699,553.7699,0,,,,,0.0,0.0
5529,2.2733,104.1157,2016,2015-09-09,2016-09-08,Pacific,37.5,0.0,3.5,0.3,4.74,4.74,0.7833962264150941,1.65,7,False,0.0,0.0,574.2669999999999,467.1923,4859.6253,4730.0228,0,,,,,0.0,0.0
5529,2.2733,104.1157,2017,2016-07-25,2017-07-25,Pacific,38.125,0.0,3.6,0.0,0.0,2.5,0.4839622641509433,1.51,0,False,16.3958,16.3958,1850.9596,1674.89,17740.1316,17384.2481,1,,,,,0.0,0.0
5529,2.2733,104.1157,2018,2017-07-09,2018-07-09,Pacific,35.94,0.0,3.3,0.0,0.0,0.0,0.408301886792453,1.28,0,False,0.0,0.0,51.819100000000006,51.819100000000006,6165.4778,6165.4778,0,,,,,0.0,0.0
5529,2.2733,104.1157,2019,2018-07-12,2019-07-12,Pacific,35.94,0.0,3.9,3.9,3.9,3.9,0.6030188679245283,1.56,0,False,0.0,0.0,0.0,0.0,0.0,0.0,0,,,,,0.0,0.0
5530,2.303,104.149,2013,2012-09-25,2013-09-25,Pacific,36.25,0.0,6.0,0.14,1.23,1.55,0.529622641509434,1.51,0,False,0.0,0.0,0.0,0.0,0.0,0.0,0,,,,,0.0,0.0
5530,2.303,104.149,2014,2013-08-27,2014-08-27,Pacific,36.25,0.0,6.0,0.86,0.86,0.86,0.11301886792452828,1.01,0,False,0.0,0.0,0.0,0.0,0.0,0.0,0,,,,,0.0,0.0
5530,2.303,104.149,2015,2014-07-28,2015-07-28,Pacific,35.94,0.0,6.0,0.0,0.0,0.86,0.3198113207547171,1.39,0,False,0.0,0.0,0.0,0.0,553.7699,553.7699,0,,,,,0.0,0.0
5530,2.303,104.149,2016,2015-09-07,2016-09-06,Pacific,34.06,0.0,5.0,0.3,4.59,4.59,0.7764150943396229,1.66,7,False,0.0,0.0,574.2669999999999,467.1923,4861.2333,4731.6308,0,,,,,0.0,0.0
5530,2.303,104.149,2017,2016-07-27,2017-07-27,Pacific,35.625,0.0,6.1,0.0,0.0,2.51,0.48188679245283017,1.51,0,False,16.3958,16.3958,1850.9596,1674.89,17845.7274,17489.8439,1,,,,,0.0,0.0
5530,2.303,104.149,2018,2017-07-10,2018-07-10,Pacific,20.625,0.0,5.5,0.0,0.0,0.0,0.3986792452830189,1.32,0,False,0.0,0.0,51.819100000000006,51.819100000000006,6224.7556,6224.7556,0,,,,,0.0,0.0
5530,2.303,104.149,2019,2018-07-12,2019-07-12,Pacific,22.5,0.0,5.0,2.67,2.67,2.67,0.5962264150943397,1.53,0,False,0.0,0.0,0.0,0.0,0.0,0.0,0,,,,,0.0,0.0
5531,2.3132,104.1258,2013,2012-09-25,2013-09-25,Pacific,28.119999999999997,0.0,5.0,0.14,1.23,1.55,0.529622641509434,1.51,0,False,0.0,0.0,0.0,0.0,0.0,0.0,0,,,,,0.0,0.0
5531,2.3132,104.1258,2014,2013-08-26,2014-08-26,Pacific,24.685,0.0,5.0,0.86,0.86,0.86,0.11301886792452828,1.01,0,False,0.0,0.0,0.0,0.0,0.0,0.0,0,,,,,0.0,0.0
5531,2.3132,104.1258,2015,2014-07-28,2015-07-28,Pacific,26.869999999999997,0.0,5.0,0.0,0.0,0.86,0.3198113207547171,1.39,0,False,0.0,0.0,0.0,0.0,754.3577,754.3577,0,,,,,0.0,0.0
5531,2.3132,104.1258,2016,2015-09-07,2016-09-06,Pacific,20.935000000000002,0.0,5.0,0.3,4.59,4.59,0.7764150943396229,1.66,7,False,8.0455,8.0455,574.2669999999999,467.1923,5454.3185,5294.8622,1,,,,,0.0,0.0
5531,2.3132,104.1258,2017,2016-07-25,2017-07-25,Pacific,18.125,0.0,4.5,0.0,0.0,2.51,0.48188679245283017,1.51,0,False,127.934,127.934,1859.8795,1683.8099,20114.342,19709.2786,5,,,,,0.0,0.0
5531,2.3132,104.1258,2018,2017-07-09,2018-07-09,Pacific,29.065,0.0,5.2,0.0,0.0,0.0,0.4000000000000001,1.32,0,False,0.0,0.0,51.819100000000006,51.819100000000006,7059.1032000000005,7059.1032000000005,0,,,,,0.0,0.0
5531,2.3132,104.1258,2019,2018-07-12,2019-07-12,Pacific,26.560000000000002,0.0,4.5,2.67,2.67,2.67,0.5962264150943397,1.53,0,False,0.0,0.0,0.0,0.0,0.0,0.0,0,,,,,0.0,0.0
5532,2.4734,103.9616,2017,2016-03-16,2017-03-16,Pacific,23.125,0.0,3.5,0.0,0.0,5.18,0.7071698113207547,1.54,7,False,668.0722,666.182,13241.3766,12859.6381,33208.7105,32671.4958,11,,,,,0.0,1.0
5533,2.4735,103.9589,2017,2016-03-15,2017-03-15,Pacific,30.94,0.0,2.4,0.0,0.0,5.18,0.7071698113207547,1.54,7,False,668.0722,666.182,13241.3766,12859.6381,33208.7105,32671.4958,11,,,,,0.0,1.0
5534,2.4819,103.9564,2013,2012-03-06,2013-03-06,Pacific,31.875,0.0,3.5,0.0,0.0,0.0,0.10339622641509433,1.55,0,False,0.0,0.0,0.0,0.0,0.0,0.0,0,,,,,0.0,1.0
5534,2.4819,103.9564,2017,2016-03-16,2017-03-16,Pacific,14.69,0.0,6.0,0.0,0.0,5.18,0.7071698113207547,1.54,7,False,668.0722,666.182,13241.3766,12859.6381,33208.7105,32671.4958,11,,,,,0.0,1.0
5535,2.5233,103.9736,2017,2016-11-14,2017-11-14,Pacific,21.875,0.0,5.0,0.0,0.0,0.0,0.5303773584905661,1.44,0,False,4426.4175,4335.4988,15897.0066,15725.2756,38711.3107,38338.0035,12,,,,,0.0,1.0
5536,2.5706,104.3218,2015,2014-09-17,2015-09-17,Pacific,30.935,0.0,3.5,0.0,0.0,0.0,0.2737735849056604,1.32,0,False,0.0,0.0,0.0,0.0,1541.2419,1541.2419,0,,,,,0.0,2.0
5536,2.5706,104.3218,2016,2015-10-26,2016-10-25,Pacific,25.935,0.0,3.0,0.0,2.88,5.05,0.8222641509433963,1.62,7,False,25.0354,25.0354,606.5974,493.4352,12017.4399,11840.6805,2,,,,,0.0,2.0
5536,2.5706,104.3218,2017,2016-09-13,2017-09-13,Pacific,25.315,0.0,3.5,0.0,0.0,0.0,0.4094339622641509,1.33,0,False,8.2316,8.2316,811.3993,739.6469,25253.6362,25025.1383,2,,,,,0.0,1.0
5536,2.5706,104.3218,2018,2017-08-25,2018-08-25,Pacific,31.565,0.0,3.5,0.0,0.0,0.0,0.3128301886792452,1.15,0,False,0.0,0.0,18.1829,18.1829,8726.5423,8726.5423,0,,,,,0.0,1.0
5536,2.5706,104.3218,2019,2018-09-09,2019-09-09,Pacific,26.25,0.0,3.6,0.0,1.54,1.54,0.5935849056603774,1.37,0,False,0.0,0.0,0.0,0.0,0.0,0.0,0,,,,,0.0,3.0
5537,2.5794,104.3158,2013,2012-03-21,2013-03-21,Pacific,27.5,0.0,4.0,0.0,0.0,0.0,0.1816981132075472,1.49,0,False,0.0,0.0,0.0,0.0,0.0,0.0,0,,,,,0.0,1.0
5537,2.5794,104.3158,2014,2013-08-06,2014-08-06,Pacific,28.439999999999998,0.0,4.0,2.83,2.83,2.83,0.12358490566037734,1.3,0,False,0.0,0.0,0.0,0.0,0.0,0.0,0,,,,,0.0,1.0
5537,2.5794,104.3158,2015,2014-09-17,2015-09-17,Pacific,26.25,0.0,4.0,0.0,0.0,0.0,0.2737735849056604,1.32,0,False,0.0,0.0,0.0,0.0,1541.2419,1541.2419,0,,,,,0.0,2.0
5537,2.5794,104.3158,2016,2015-10-26,2016-10-25,Pacific,21.25,0.0,4.0,0.0,2.88,5.05,0.8222641509433963,1.62,7,False,25.0354,25.0354,606.5974,493.4352,12017.4399,11840.6805,2,,,,,0.0,2.0
5537,2.5794,104.3158,2017,2016-09-13,2017-09-13,Pacific,23.439999999999998,0.0,4.0,0.0,0.0,0.0,0.4094339622641509,1.33,0,False,8.2316,8.2316,811.3993,739.6469,25253.6362,25025.1383,2,,,,,0.0,1.0
5537,2.5794,104.3158,2018,2017-08-25,2018-08-25,Pacific,22.185000000000002,0.0,4.5,0.0,0.0,0.0,0.3128301886792452,1.15,0,False,0.0,0.0,18.1829,18.1829,8726.5423,8726.5423,0,,,,,0.0,1.0
5537,2.5794,104.3158,2019,2018-09-09,2019-09-09,Pacific,30.935000000000002,0.0,3.3,0.0,1.54,1.54,0.5935849056603774,1.37,0,False,0.0,0.0,0.0,0.0,0.0,0.0,0,,,,,0.0,3.0
5538,2.5844,104.3363,2015,2014-09-17,2015-09-17,Pacific,25.619999999999997,0.0,10.0,0.0,0.0,0.0,0.2737735849056604,1.32,0,False,0.0,0.0,0.0,0.0,1541.2419,1541.2419,0,,,,,0.0,2.0
5538,2.5844,104.3363,2016,2015-10-26,2016-10-25,Pacific,26.56,0.0,10.0,0.0,2.88,5.05,0.8222641509433963,1.62,7,False,3.3752,3.3752,350.4647,350.4647,12017.4399,11840.6805,1,,,,,0.0,2.0
5538,2.5844,104.3363,2017,2016-09-13,2017-09-13,Pacific,27.815,0.0,10.0,0.0,0.0,0.0,0.4094339622641509,1.33,0,False,0.0,0.0,502.1653,499.4078,25253.6362,25025.1383,0,,,,,0.0,1.0
5538,2.5844,104.3363,2018,2017-08-25,2018-08-25,Pacific,28.75,0.0,10.0,0.0,0.0,0.0,0.3128301886792452,1.15,0,False,0.0,0.0,18.1829,18.1829,8726.5423,8726.5423,0,,,,,0.0,1.0
5538,2.5844,104.3363,2019,2018-09-09,2019-09-09,Pacific,40.0,0.0,8.8,0.0,1.54,1.54,0.5935849056603774,1.37,0,False,0.0,0.0,0.0,0.0,0.0,0.0,0,,,,,0.0,3.0
5539,2.5967,104.3272,2013,2012-03-19,2013-03-19,Pacific,15.315,0.0,10.0,0.0,0.0,0.0,0.18115384615384617,1.49,0,False,0.0,0.0,0.0,0.0,0.0,0.0,0,,,,,0.0,1.0
5539,2.5967,104.3272,2014,2013-04-04,2014-04-04,Pacific,21.56,0.0,5.0,0.0,0.0,0.89,0.23566037735849057,1.28,0,False,0.0,0.0,0.0,0.0,0.0,0.0,0,,,,,0.0,1.0
5539,2.5967,104.3272,2014,2013-05-31,2014-05-31,Pacific,40.625,1.0,7.0,2.83,2.83,2.83,0.21339622641509434,1.3,0,False,0.0,0.0,0.0,0.0,0.0,0.0,0,,,,,0.0,1.0
5539,2.5967,104.3272,2014,2013-08-06,2014-08-06,Pacific,33.75,0.0,10.0,2.83,2.83,2.83,0.12358490566037734,1.3,0,False,0.0,0.0,0.0,0.0,0.0,0.0,0,,,,,0.0,1.0
5539,2.5967,104.3272,2015,2014-09-17,2015-09-17,Pacific,30.625,0.0,10.0,0.0,0.0,0.0,0.2737735849056604,1.32,0,False,0.0,0.0,0.0,0.0,1541.2419,1541.2419,0,,,,,0.0,2.0
5539,2.5967,104.3272,2016,2015-10-26,2016-10-25,Pacific,27.19,0.0,10.0,0.0,2.88,5.05,0.8222641509433963,1.62,7,False,3.3752,3.3752,350.4647,350.4647,12017.4399,11840.6805,1,,,,,0.0,2.0
5539,2.5967,104.3272,2017,2016-09-13,2017-09-13,Pacific,30.935,0.0,10.0,0.0,0.0,0.0,0.4094339622641509,1.33,0,False,0.0,0.0,502.1653,499.4078,25253.6362,25025.1383,0,,,,,0.0,1.0
5539,2.5967,104.3272,2018,2017-08-26,2018-08-26,Pacific,35.0,0.0,10.0,0.0,0.0,0.0,0.3128301886792452,1.15,0,False,0.0,0.0,18.1829,18.1829,8726.5423,8726.5423,0,,,,,0.0,1.0
5539,2.5967,104.3272,2019,2018-09-09,2019-09-09,Pacific,32.5,0.0,9.0,0.0,1.54,1.54,0.5935849056603774,1.37,0,False,0.0,0.0,0.0,0.0,0.0,0.0,0,,,,,0.0,3.0
5540,2.6688,104.1753,2013,2012-04-03,2013-04-03,Pacific,24.375,0.0,7.0,0.0,0.0,0.0,0.18415094339622642,1.48,0,False,0.0,0.0,0.0,0.0,0.0,0.0,0,,,,,1.0,1.0
5540,2.6688,104.1753,2014,2013-08-06,2014-08-06,Pacific,25.94,0.0,8.0,2.65,2.65,2.65,0.11396226415094339,1.28,0,False,0.0,0.0,0.0,0.0,0.0,0.0,0,,,,,1.0,1.0
5540,2.6688,104.1753,2015,2014-09-17,2015-09-17,Pacific,35.31,0.0,8.0,0.0,0.0,0.0,0.2618867924528302,1.36,0,False,0.0,0.0,11.3005,11.3005,4341.2237000000005,3957.0886,0,,,,,2.0,2.0
5540,2.6688,104.1753,2016,2015-10-26,2016-10-25,Pacific,35.625,0.0,8.5,0.0,2.86,4.8500000000000005,0.8118867924528301,1.69,7,False,73.2359,73.2359,4601.9161,4458.9053,20009.415,19655.9209,2,,,,,2.0,2.0
5540,2.6688,104.1753,2017,2016-09-13,2017-09-13,Pacific,37.5,0.0,8.0,0.0,0.0,0.0,0.409622641509434,1.42,0,False,262.2789,262.2789,12257.6365,12039.533300000001,37254.5202,36871.9448,9,,,,,1.0,1.0
5540,2.6688,104.1753,2018,2017-08-26,2018-08-26,Pacific,32.81,0.0,8.0,0.0,0.0,0.0,0.3141509433962264,1.15,0,False,56.067299999999996,56.067299999999996,2778.7629,2778.7629,13743.8778,13736.0048,3,,,,,0.0,1.0
5540,2.6688,104.1753,2019,2018-10-23,2019-10-23,Pacific,34.69,0.0,8.0,0.0,0.0,1.06,0.6024528301886792,1.4,0,False,0.0,0.0,0.0,0.0,0.0,0.0,0,,,,,2.0,3.0
5541,2.7415,104.2178,2015,2014-05-12,2015-05-12,Pacific,36.565,0.0,8.0,0.0,0.0,2.7,0.3037735849056604,1.31,0,False,0.0,0.0,3.8286,3.8286,1620.6425,1600.791,0,,,,,2.0,2.0
5541,2.7415,104.2178,2016,2015-09-03,2016-09-02,Pacific,32.815,0.0,7.0,1.56,5.0,5.0,0.7366037735849057,1.66,7,False,32.4157,32.4157,1413.2295,1413.2295,11754.84,11581.0486,1,,,,,2.0,2.0
5541,2.7415,104.2178,2017,2016-09-24,2017-09-24,Pacific,33.12,0.0,8.0,0.0,0.0,0.0,0.42807692307692313,1.32,0,False,217.4396,217.4396,7727.5755,7709.729600000001,33538.8172,33235.9945,9,,,,,1.0,1.0
5541,2.7415,104.2178,2018,2017-11-10,2018-11-10,Pacific,37.19,0.0,7.5,0.0,0.0,0.0,0.24981132075471696,1.17,0,False,17.748199999999997,17.748199999999997,257.1537,257.1537,1425.3898,1425.3898,1,,,,,1.0,1.0
5541,2.7415,104.2178,2019,2018-09-21,2019-09-21,Pacific,37.19,0.5,8.0,0.0,1.07,1.07,0.5858490566037735,1.34,0,False,0.0,0.0,0.0,0.0,0.0,0.0,0,,,,,3.0,3.0
5542,2.7584,104.1992,2015,2014-05-12,2015-05-12,Pacific,30.94,0.0,6.0,0.0,0.0,2.53,0.2915094339622642,1.36,0,True,0.0,0.0,3.8286,3.8286,2712.7427,2505.0283,0,,,,,2.0,2.0
5542,2.7584,104.1992,2016,2015-08-22,2016-08-21,Pacific,34.375,0.0,5.0,3.88,4.91,4.91,0.7250943396226415,1.72,7,True,0.0,0.0,46.771,46.771,8333.3668,8080.383,0,,,,,2.0,2.0
5542,2.7584,104.1992,2017,2016-09-26,2017-09-26,Pacific,25.315,3.75,7.0,0.0,0.0,0.0,0.42754716981132074,1.44,0,True,217.4396,217.4396,7727.5755,7709.729600000001,36982.3326,36649.6279,9,,,,,1.0,1.0
5542,2.7584,104.1992,2018,2017-11-10,2018-11-10,Pacific,23.75,0.5,6.5,0.0,0.0,0.0,0.24735849056603776,1.17,0,True,17.748199999999997,17.748199999999997,257.1537,257.1537,1817.6779999999999,1817.6779999999999,1,,,,,1.0,1.0
5542,2.7584,104.1992,2019,2018-08-27,2019-08-27,Pacific,27.81,0.0,7.0,0.14,1.39,1.39,0.5849056603773586,1.4,0,True,0.0,0.0,0.0,0.0,0.0,0.0,0,,,,,3.0,3.0
5543,2.7793,104.2127,2013,2012-07-03,2013-07-03,Pacific,18.75,0.0,6.0,0.88,0.88,0.88,0.4869811320754717,1.46,0,False,0.0,0.0,0.0,0.0,0.0,0.0,0,,,,,1.0,1.0
5543,2.7793,104.2127,2014,2013-04-15,2014-04-15,Pacific,27.814999999999998,0.0,6.0,0.0,0.0,0.88,0.2369811320754717,1.13,0,False,0.0,0.0,0.0,0.0,0.0,0.0,0,,,,,1.0,1.0
5543,2.7793,104.2127,2015,2014-05-12,2015-05-12,Pacific,26.560000000000002,0.0,7.0,0.0,0.0,3.01,0.3120754716981133,1.28,0,False,0.0,0.0,3.8286,3.8286,1620.6425,1600.791,0,,,,,2.0,2.0
5543,2.7793,104.2127,2016,2015-09-03,2016-09-02,Pacific,22.5,0.0,6.0,1.41,4.98,4.98,0.7411320754716981,1.66,7,False,97.6365,97.6365,1368.0871,1368.0871,11746.7945,11573.0031,1,,,,,2.0,2.0
5543,2.7793,104.2127,2017,2016-09-24,2017-09-24,Pacific,38.125,0.0,8.0,0.0,0.0,0.0,0.43692307692307697,1.26,0,False,498.3322,498.3322,7585.634,7570.5456,33435.3245,33132.5018,9,,,,,1.0,1.0
5543,2.7793,104.2127,2018,2017-11-10,2018-11-10,Pacific,35.31,0.0,7.0,0.0,0.0,0.0,0.2549056603773585,1.17,0,False,17.748199999999997,17.748199999999997,257.1537,257.1537,1425.3898,1425.3898,1,,,,,1.0,1.0
5543,2.7793,104.2127,2019,2018-09-21,2019-09-21,Pacific,24.06,0.0,7.0,0.0,1.07,1.07,0.5788679245283019,1.34,0,False,0.0,0.0,0.0,0.0,0.0,0.0,0,,,,,3.0,3.0
5544,2.7924,104.123,2014,2013-04-04,2014-04-04,Pacific,32.185,0.0,7.7,0.0,0.0,0.9,0.21566037735849056,1.13,0,False,0.0,0.0,0.0,0.0,0.0,0.0,0,,,,,1.0,1.0
5544,2.7924,104.123,2014,2013-04-24,2014-04-24,Pacific,28.75,0.0,7.0,0.0,0.0,0.9,0.2081132075471698,1.13,0,False,0.0,0.0,0.0,0.0,0.0,0.0,0,,,,,1.0,1.0
5544,2.7924,104.123,2015,2014-08-09,2015-08-09,Pacific,30.0,0.0,8.0,0.0,0.0,0.0,0.26603773584905666,1.34,0,False,3.8286,3.8286,1490.185,1490.185,4247.3561,3863.221,1,,,,,2.0,2.0
5544,2.7924,104.123,2016,2015-09-16,2016-09-15,Pacific,29.69,0.0,8.0,0.0,5.05,5.05,0.7611320754716981,1.73,7,False,226.79149999999998,226.79149999999998,7019.2948,7010.7638,14757.4993,14345.650599999999,1,,,,,2.0,2.0
5544,2.7924,104.123,2017,2016-09-12,2017-09-12,Pacific,28.75,0.0,8.0,0.0,0.0,0.0,0.4116981132075472,1.33,0,False,1758.6895,1756.4726,20822.0849,20797.9576,39684.428,39206.9497,12,,,,,1.0,1.0
5544,2.7924,104.123,2018,2017-10-11,2018-10-11,Pacific,24.69,0.0,8.0,0.0,0.0,0.0,0.27754716981132077,1.21,0,False,237.9607,237.9607,3077.8017999999997,3077.8017999999997,5971.0784,5963.2054,2,,,,,1.0,1.0
5544,2.7924,104.123,2019,2018-10-22,2019-10-22,Pacific,25.625,0.0,9.0,0.0,0.29,1.69,0.5762264150943396,1.39,0,False,0.0,0.0,0.0,0.0,0.0,0.0,0,,,,,3.0,3.0
5546,2.81,104.1365,2013,2012-04-11,2013-04-11,Pacific,40.0,0.0,8.0,0.15,0.15,0.15,0.20660377358490561,1.48,0,False,0.0,0.0,0.0,0.0,0.0,0.0,0,,,,,1.0,1.0
5546,2.81,104.1365,2014,2013-05-31,2014-05-31,Pacific,45.315,1.0,6.0,3.02,3.02,3.02,0.22150943396226414,1.27,0,False,0.0,0.0,0.0,0.0,0.0,0.0,0,,,,,1.0,1.0
5546,2.81,104.1365,2015,2014-06-29,2015-06-29,Pacific,40.935,0.0,8.0,0.0,0.0,3.02,0.26622641509433964,1.33,0,False,0.0,0.0,608.9167,608.9167,3401.8073,3076.1896,0,,,,,2.0,2.0
5546,2.81,104.1365,2016,2015-05-30,2016-05-29,Pacific,41.56,0.0,8.0,5.0600000000000005,5.0600000000000005,5.0600000000000005,0.6156603773584904,1.73,7,False,0.0,0.0,2271.2996,2270.798,7983.2276,7605.9911,0,,,,,2.0,2.0
5546,2.81,104.1365,2017,2016-08-14,2017-08-14,Pacific,41.870000000000005,0.0,6.5,0.0,0.0,0.0,0.4362264150943396,1.25,0,False,114.4393,114.4393,17066.8636,17051.7752,42672.4904,42065.4096,9,,,,,1.0,1.0
5546,2.81,104.1365,2018,2017-07-22,2018-07-22,Pacific,40.94,0.0,6.5,0.0,0.0,0.0,0.36622641509433956,1.23,0,False,59.2778,59.2778,6614.3197,6614.3197,17133.8722,17125.9992,4,,,,,1.0,1.0
5546,2.81,104.1365,2019,2018-10-05,2019-10-05,Pacific,39.375,0.0,8.0,0.0,1.72,1.72,0.558301886792453,1.38,0,False,0.0,0.0,0.0,0.0,0.0,0.0,0,,,,,3.0,3.0
5547,2.816,104.151,2013,2012-03-28,2013-03-28,Pacific,24.06,0.0,5.0,0.0,0.0,0.0,0.20698113207547175,1.46,0,False,0.0,0.0,0.0,0.0,0.0,0.0,0,,,,,1.0,1.0
5547,2.816,104.151,2014,2013-04-05,2014-04-05,Pacific,12.19,0.0,6.5,0.0,0.0,0.9,0.22943396226415097,1.2,0,False,0.0,0.0,0.0,0.0,0.0,0.0,0,,,,,1.0,1.0
5547,2.816,104.151,2014,2013-04-23,2014-04-23,Pacific,16.875,0.0,5.0,0.0,0.0,0.9,0.21735849056603773,1.2,0,False,0.0,0.0,0.0,0.0,0.0,0.0,0,,,,,1.0,1.0
5547,2.816,104.151,2015,2014-08-25,2015-08-25,Pacific,15.620000000000001,0.0,5.0,0.0,0.0,0.0,0.27981132075471693,1.32,0,False,0.0,0.0,931.1921,931.1921,4247.3561,3863.221,0,,,,,2.0,2.0
5547,2.816,104.151,2016,2015-10-19,2016-10-18,Pacific,14.69,0.0,6.0,0.0,3.99,4.98,0.8173584905660377,1.69,7,False,7.241,7.241,7488.1797,7487.6781,20816.7175,20436.202400000002,1,,,,,2.0,2.0
5547,2.816,104.151,2017,2016-10-27,2017-10-27,Pacific,14.06,0.0,6.0,0.0,0.0,0.0,0.47830188679245284,1.25,0,False,114.2838,114.2838,15183.7543,15168.6659,37047.119,36645.1339,9,,,,,1.0,1.0
5547,2.816,104.151,2018,2017-10-11,2018-10-11,Pacific,18.125,0.0,5.0,0.0,0.0,0.0,0.2792452830188679,1.22,0,False,48.9818,48.9818,1844.7354,1844.7354,5971.0784,5963.2054,2,,,,,1.0,1.0
5547,2.816,104.151,2019,2018-10-23,2019-10-23,Pacific,23.125,0.0,5.2,0.0,0.0,1.53,0.5784905660377359,1.36,0,False,0.0,0.0,0.0,0.0,0.0,0.0,0,,,,,3.0,3.0
5548,2.8242,104.1574,2013,2012-04-11,2013-04-11,Pacific,37.81,0.0,7.0,0.14,0.14,0.14,0.22358490566037736,1.46,0,False,0.0,0.0,0.0,0.0,0.0,0.0,0,,,,,1.0,1.0
5548,2.8242,104.1574,2014,2013-04-04,2014-04-04,Pacific,39.379999999999995,0.0,7.7,0.0,0.0,0.9,0.22943396226415097,1.2,0,False,0.0,0.0,0.0,0.0,0.0,0.0,0,,,,,1.0,1.0
5548,2.8242,104.1574,2014,2013-04-23,2014-04-23,Pacific,40.629999999999995,0.0,6.0,0.0,0.0,0.9,0.21735849056603773,1.2,0,False,0.0,0.0,0.0,0.0,0.0,0.0,0,,,,,1.0,1.0
5548,2.8242,104.1574,2015,2014-08-09,2015-08-09,Pacific,38.75,0.0,7.0,0.0,0.0,0.0,0.2728301886792453,1.32,0,False,0.0,0.0,931.1921,931.1921,4247.3561,3863.221,0,,,,,2.0,2.0
5548,2.8242,104.1574,2016,2015-09-16,2016-09-15,Pacific,38.75,0.0,8.0,0.0,4.98,4.98,0.7701886792452829,1.69,7,False,7.241,7.241,5035.6833,5035.1817,14749.4538,14337.6051,1,,,,,2.0,2.0
5548,2.8242,104.1574,2017,2016-09-12,2017-09-12,Pacific,34.379999999999995,0.0,8.0,0.0,0.0,0.0,0.42716981132075466,1.25,0,False,107.1983,107.1983,15799.0177,15783.9293,39563.6887,39086.2104,8,,,,,1.0,1.0
5548,2.8242,104.1574,2018,2017-10-10,2018-10-10,Pacific,25.315,0.0,7.5,0.0,0.0,0.0,0.2792452830188679,1.22,0,False,48.9818,48.9818,1844.7354,1844.7354,5971.0784,5963.2054,2,,,,,1.0,1.0
5548,2.8242,104.1574,2019,2018-10-05,2019-10-05,Pacific,30.935,0.0,7.0,0.0,1.53,1.53,0.5620754716981132,1.36,0,False,0.0,0.0,0.0,0.0,0.0,0.0,0,,,,,3.0,3.0
5549,2.8743,104.1876,2015,2014-08-25,2015-08-25,Pacific,37.5,0.0,6.0,0.0,0.0,0.0,0.28471698113207555,1.34,0,False,0.0,0.0,3.8286,3.8286,2390.4408,2369.0932,0,,,,,2.0,2.0
5549,2.8743,104.1876,2016,2015-08-22,2016-08-21,Pacific,44.06,1.0,5.0,4.0200000000000005,5.0,5.0,0.7343396226415094,1.69,7,False,0.0,0.0,11.5982,11.5982,6149.7361,6105.5472,0,,,,,2.0,2.0
5549,2.8743,104.1876,2017,2016-09-25,2017-09-25,Pacific,29.69,2.0,8.0,0.0,0.14,0.14,0.45490566037735847,1.27,0,False,307.9562,307.9562,2829.2325,2827.0156,35839.301400000004,35441.5758,6,,,,,1.0,1.0
5549,2.8743,104.1876,2018,2017-10-29,2018-10-29,Pacific,17.81,0.0,7.7,0.0,0.0,0.0,0.2664150943396227,1.13,0,False,1.1647,1.1647,305.9909,305.9909,4821.2958,4821.2958,1,,,,,1.0,1.0
5549,2.8743,104.1876,2019,2018-07-15,2019-07-15,Pacific,32.5,0.0,7.4,1.57,1.57,1.57,0.5416981132075472,1.36,0,False,0.0,0.0,0.0,0.0,0.0,0.0,0,,,,,3.0,3.0
5550,2.8747,104.1468,2013,2012-03-16,2013-03-16,Pacific,16.56,0.25,6.0,0.0,0.0,0.0,0.1916981132075472,1.47,0,False,0.0,0.0,0.0,0.0,0.0,0.0,0,,,,,1.0,1.0
5550,2.8747,104.1468,2015,2014-08-10,2015-08-10,Pacific,14.69,0.0,5.0,0.0,0.0,0.0,0.2741509433962264,1.35,0,False,0.0,0.0,23.8188,23.8188,3842.3644,3547.5437,0,,,,,2.0,2.0
5550,2.8747,104.1468,2016,2015-09-16,2016-09-15,Pacific,24.375,0.0,5.5,0.0,5.08,5.08,0.7728301886792456,1.73,7,False,5.633,5.633,941.7545,941.7545,14550.248,14167.6617,1,,,,,2.0,2.0
5550,2.8747,104.1468,2017,2016-09-12,2017-09-12,Pacific,15.94,0.0,5.5,0.0,0.29,0.29,0.4288679245283019,1.26,0,False,27.0636,27.0636,5305.5361,5303.3192,39283.432,38855.8244,1,,,,,1.0,1.0
5550,2.8747,104.1468,2018,2017-10-09,2018-10-09,Pacific,16.88,0.0,4.5,0.0,0.0,0.0,0.2886792452830189,1.25,0,False,0.0,0.0,532.9888,532.9888,5784.3545,5784.3545,0,,,,,1.0,1.0
5550,2.8747,104.1468,2019,2018-10-05,2019-10-05,Pacific,29.380000000000003,0.0,4.5,0.0,1.74,1.74,0.5581132075471699,1.38,0,False,0.0,0.0,0.0,0.0,0.0,0.0,0,,,,,3.0,3.0
5551,2.8759,104.1482,2013,2012-03-28,2013-03-28,Pacific,39.375,0.0,10.0,0.0,0.0,0.0,0.20452830188679244,1.47,0,False,0.0,0.0,0.0,0.0,0.0,0.0,0,,,,,1.0,1.0
5551,2.8759,104.1482,2015,2014-06-29,2015-06-29,Pacific,39.375,0.0,8.0,0.0,0.0,3.2,0.2730188679245283,1.35,0,False,0.0,0.0,23.8188,23.8188,3003.2433,2760.5123,0,,,,,2.0,2.0
5551,2.8759,104.1482,2017,2016-09-12,2017-09-12,Pacific,43.125,0.0,7.5,0.0,0.29,0.29,0.4288679245283019,1.26,0,False,27.0636,27.0636,5171.5721,5169.3552,39283.432,38855.8244,1,,,,,1.0,1.0
5551,2.8759,104.1482,2018,2017-07-22,2018-07-22,Pacific,41.25,0.0,8.5,0.0,0.0,0.29,0.37283018867924533,1.25,0,False,0.0,0.0,1314.5826,1314.5826,16913.7235,16913.7235,0,,,,,1.0,1.0
5551,2.8759,104.1482,2019,2018-09-01,2019-09-01,Pacific,40.31,0.0,8.0,0.0,1.74,1.74,0.5686792452830188,1.38,0,False,0.0,0.0,0.0,0.0,0.0,0.0,0,,,,,3.0,3.0
5552,2.8886,104.0653,2014,2013-05-27,2014-05-27,Pacific,9.379999999999999,1.25,7.0,3.26,3.26,3.26,0.2235849056603774,1.3,0,False,0.0,0.0,0.0,0.0,0.0,0.0,0,,,,,1.0,1.0
5552,2.8886,104.0653,2015,2014-05-05,2015-05-05,Pacific,8.75,0.0,7.0,0.0,0.0,3.26,0.3147169811320754,1.37,0,False,0.0,0.0,491.33,491.33,3770.7022,3392.9287,0,,,,,2.0,2.0
5552,2.8886,104.0653,2016,2015-08-23,2016-08-22,Pacific,12.190000000000001,12.5,5.5,2.88,5.36,5.36,0.7375471698113207,1.78,7,False,11.5982,11.5982,2504.7826999999997,2504.2810999999997,8965.7853,8622.9576,2,,,,,2.0,2.0
5552,2.8886,104.0653,2017,2016-10-27,2017-10-27,Pacific,17.19,0.0,7.0,0.0,0.0,0.45,0.4737735849056605,1.27,0,False,337.7947,337.7947,11279.5965,11262.4691,40465.0294,40058.0889,12,,,,,1.0,1.0
5552,2.8886,104.0653,2018,2017-10-11,2018-10-11,Pacific,20.94,0.0,7.5,0.0,0.15,0.15,0.2950943396226415,1.23,0,False,48.6826,48.6826,1404.9356,1404.9356,6410.1421,6402.2691,2,,,,,1.0,1.0
5552,2.8886,104.0653,2019,2018-10-03,2019-10-03,Pacific,25.31,1.5,8.0,0.0,2.11,2.11,0.5592452830188678,1.41,0,False,0.0,0.0,0.0,0.0,0.0,0.0,0,,,,,3.0,3.0
5553,2.8981,104.0517,2014,2013-05-27,2014-05-27,Pacific,34.06,0.0,8.0,3.26,3.26,3.26,0.2235849056603774,1.3,0,False,0.0,0.0,0.0,0.0,0.0,0.0,0,,,,,1.0,1.0
5553,2.8981,104.0517,2015,2014-05-05,2015-05-05,Pacific,32.81,0.0,8.0,0.0,0.0,3.26,0.3147169811320754,1.37,0,False,0.0,0.0,491.33,491.33,3770.7022,3392.9287,0,,,,,2.0,2.0
5553,2.8981,104.0517,2016,2015-08-21,2016-08-20,Pacific,34.06,0.0,8.5,4.23,5.36,5.36,0.7375471698113207,1.78,7,False,11.5982,11.5982,2504.7826999999997,2504.2810999999997,8965.7853,8622.9576,2,,,,,2.0,2.0
5553,2.8981,104.0517,2017,2016-10-27,2017-10-27,Pacific,42.19,0.0,7.5,0.0,0.0,0.45,0.4737735849056605,1.27,0,False,337.7947,337.7947,11279.5965,11262.4691,40294.4531,39926.0123,12,,,,,1.0,1.0
5553,2.8981,104.0517,2018,2017-10-11,2018-10-11,Pacific,42.81,0.0,8.5,0.0,0.15,0.15,0.2950943396226415,1.23,0,False,48.6826,48.6826,1404.9356,1404.9356,6410.1421,6402.2691,2,,,,,1.0,1.0
5553,2.8981,104.0517,2019,2018-10-22,2019-10-22,Pacific,41.870000000000005,0.0,9.0,0.0,0.6,2.11,0.5743396226415093,1.41,0,False,0.0,0.0,0.0,0.0,0.0,0.0,0,,,,,3.0,3.0
5554,2.9039,104.1044,2013,2012-03-30,2013-03-30,Pacific,21.56,0.0,7.0,0.0,0.0,0.0,0.21773584905660376,1.47,0,False,0.0,0.0,0.0,0.0,0.0,0.0,0,,,,,1.0,1.0
5554,2.9039,104.1044,2016,2015-08-23,2016-08-22,Pacific,35.0,31.75,8.5,2.82,4.98,4.98,0.7449056603773584,1.71,7,False,11.5982,11.5982,2495.9766,2495.475,8545.0798,8262.8336,2,,,,,2.0,2.0
5554,2.9039,104.1044,2017,2016-09-14,2017-09-14,Pacific,40.0,0.0,7.0,0.0,0.31,0.31,0.43773584905660384,1.28,0,False,404.7492,404.7492,10942.8906,10940.6737,38355.8428,37947.3594,12,,,,,1.0,1.0
5555,2.9108,104.1126,2013,2012-03-30,2013-03-30,Pacific,5.0,0.0,7.0,0.0,0.0,0.0,0.21773584905660376,1.47,0,False,0.0,0.0,0.0,0.0,0.0,0.0,0,,,,,1.0,1.0
5555,2.9108,104.1126,2014,2013-05-27,2014-05-27,Pacific,21.25,0.0,6.0,3.37,3.37,3.37,0.2371698113207547,1.29,0,False,0.0,0.0,0.0,0.0,0.0,0.0,0,,,,,1.0,1.0
5555,2.9108,104.1126,2015,2014-05-05,2015-05-05,Pacific,33.120000000000005,0.0,6.0,0.0,0.0,3.37,0.32924528301886796,1.36,0,False,0.0,0.0,15.9952,15.9952,3109.8504,2820.7056,0,,,,,2.0,2.0
5555,2.9108,104.1126,2016,2015-08-21,2016-08-20,Pacific,30.935,0.5,5.0,4.16,4.98,4.98,0.7449056603773584,1.71,7,False,11.5982,11.5982,56.3394,56.3394,8545.0798,8262.8336,2,,,,,2.0,2.0
5555,2.9108,104.1126,2017,2016-09-14,2017-09-14,Pacific,32.5,0.0,8.0,0.0,0.31,0.31,0.43773584905660384,1.28,0,False,404.7492,404.7492,5097.0116,5094.7947,38355.8428,37947.3594,12,,,,,1.0,1.0
5555,2.9108,104.1126,2018,2017-10-10,2018-10-10,Pacific,30.315,0.0,7.5,0.0,0.0,0.0,0.2964150943396226,1.24,0,False,48.6826,48.6826,532.9888,532.9888,5961.3812,5953.5082,2,,,,,1.0,1.0
5555,2.9108,104.1126,2019,2018-10-04,2019-10-04,Pacific,39.370000000000005,0.0,6.0,0.0,2.06,2.06,0.5647169811320756,1.36,0,False,0.0,0.0,0.0,0.0,0.0,0.0,0,,,,,3.0,3.0
5556,2.9149,104.1084,2013,2012-03-31,2013-03-31,Pacific,26.25,0.0,7.0,0.0,0.0,0.0,0.21773584905660376,1.47,0,False,0.0,0.0,0.0,0.0,0.0,0.0,0,,,,,1.0,1.0
5556,2.9149,104.1084,2014,2013-05-27,2014-05-27,Pacific,26.875,0.0,7.0,3.37,3.37,3.37,0.2371698113207547,1.29,0,False,0.0,0.0,0.0,0.0,0.0,0.0,0,,,,,1.0,1.0
5556,2.9149,104.1084,2015,2014-05-06,2015-05-06,Pacific,29.06,0.0,8.0,0.0,0.0,3.37,0.32924528301886796,1.36,0,False,0.0,0.0,15.9952,15.9952,3109.8504,2820.7056,0,,,,,2.0,2.0
5556,2.9149,104.1084,2016,2015-08-20,2016-08-19,Pacific,25.0,5.0,7.0,4.16,4.98,4.98,0.7435849056603773,1.71,7,False,11.5982,11.5982,56.3394,56.3394,8545.0798,8262.8336,2,,,,,2.0,2.0
5556,2.9149,104.1084,2017,2016-09-14,2017-09-14,Pacific,24.06,0.0,8.0,0.0,0.31,0.31,0.43773584905660384,1.28,0,False,404.7492,404.7492,5097.0116,5094.7947,38355.8428,37947.3594,12,,,,,1.0,1.0
5556,2.9149,104.1084,2018,2017-10-09,2018-10-09,Pacific,32.5,0.0,8.0,0.0,0.0,0.0,0.2964150943396226,1.24,0,False,48.6826,48.6826,532.9888,532.9888,5961.3812,5953.5082,2,,,,,1.0,1.0
5556,2.9149,104.1084,2019,2018-10-04,2019-10-04,Pacific,35.315,0.0,7.5,0.0,2.06,2.06,0.5647169811320756,1.36,0,False,0.0,0.0,0.0,0.0,0.0,0.0,0,,,,,3.0,3.0
5557,2.9324,104.0969,2013,2012-03-31,2013-03-31,Pacific,14.06,0.0,12.0,0.0,0.0,0.0,0.2050943396226415,1.49,0,False,0.0,0.0,0.0,0.0,0.0,0.0,0,,,,,1.0,1.0
5557,2.9324,104.0969,2014,2013-04-05,2014-04-05,Pacific,20.94,0.0,9.7,0.0,0.0,1.13,0.22,1.31,0,False,0.0,0.0,0.0,0.0,0.0,0.0,0,,,,,1.0,1.0
5557,2.9324,104.0969,2015,2014-05-06,2015-05-06,Pacific,26.875,0.0,10.0,0.0,0.0,3.5500000000000003,0.320566037735849,1.36,0,False,0.0,0.0,15.9952,15.9952,3109.8504,2820.7056,0,,,,,2.0,2.0
5557,2.9324,104.0969,2016,2015-08-20,2016-08-19,Pacific,28.435,1.25,9.7,4.25,5.0600000000000005,5.0600000000000005,0.7445283018867924,1.76,7,False,0.0,0.0,56.3394,56.3394,8538.495,8256.2488,0,,,,,2.0,2.0
5557,2.9324,104.0969,2017,2016-09-14,2017-09-14,Pacific,39.06,0.0,9.5,0.0,0.31,0.31,0.4262264150943396,1.28,0,False,27.0636,27.0636,4986.7703,4984.5534,38363.3559,37954.8725,1,,,,,1.0,1.0
5557,2.9324,104.0969,2018,2017-10-09,2018-10-09,Pacific,39.375,0.0,10.0,0.0,0.14,0.14,0.3009433962264151,1.23,0,False,0.0,0.0,514.8059000000001,514.8059000000001,5960.1143999999995,5952.2414,0,,,,,1.0,1.0
5557,2.9324,104.0969,2019,2018-10-04,2019-10-04,Pacific,36.56,0.0,9.0,0.0,2.1,2.1,0.5624528301886792,1.38,0,False,0.0,0.0,0.0,0.0,0.0,0.0,0,,,,,3.0,3.0
5558,3.9942,100.5341,2015,2014-02-12,2015-02-12,Pacific,12.19,0.0,5.0,0.0,0.0,1.24,0.5843396226415095,1.11,0,False,0.0,0.0,0.0,0.0,0.0,0.0,0,,,,,0.0,0.0
5558,3.9942,100.5341,2016,2015-02-02,2016-02-02,Pacific,9.685,0.25,6.0,0.0,0.0,0.17,0.6060377358490565,1.76,0,False,0.0,0.0,0.0,0.0,0.0,0.0,0,,,,,0.0,0.0
5558,3.9942,100.5341,2017,2016-03-22,2017-03-22,Pacific,11.56,0.0,6.5,0.0,0.0,5.97,0.8160377358490566,1.5,0,False,0.0,0.0,0.0,0.0,0.0,0.0,0,,,,,0.0,0.0
5558,3.9942,100.5341,2018,2017-02-07,2018-02-07,Pacific,13.435,0.0,5.0,0.0,0.0,0.0,0.5841509433962264,1.25,0,False,0.0,0.0,0.0,0.0,0.0,0.0,0,,,,,0.0,0.0
5558,3.9942,100.5341,2019,2018-02-26,2019-02-26,Pacific,16.564999999999998,0.0,5.6,0.0,0.0,0.18,0.6635849056603774,1.39,0,False,0.0,0.0,0.0,0.0,835.3627,503.1507,0,,,,,0.0,0.0
5559,4.0016,100.5491,2015,2014-02-14,2015-02-14,Pacific,20.94,0.0,5.0,0.0,0.0,1.1,0.5973584905660378,1.1,0,False,0.0,0.0,0.0,0.0,0.0,0.0,0,,,,,0.0,0.0
5559,4.0016,100.5491,2016,2015-02-02,2016-02-02,Pacific,16.25,0.0,5.0,0.0,0.0,0.17,0.609811320754717,1.77,0,False,0.0,0.0,0.0,0.0,0.0,0.0,0,,,,,0.0,0.0
5559,4.0016,100.5491,2017,2016-03-23,2017-03-23,Pacific,17.5,0.0,6.4,0.0,0.0,5.8100000000000005,0.8184905660377358,1.5,0,False,0.0,0.0,0.0,0.0,0.0,0.0,0,,,,,0.0,0.0
5559,4.0016,100.5491,2018,2017-02-08,2018-02-08,Pacific,18.75,0.0,5.0,0.0,0.0,0.0,0.5922641509433964,1.3,0,False,0.0,0.0,0.0,0.0,0.0,0.0,0,,,,,0.0,0.0
5559,4.0016,100.5491,2019,2018-02-26,2019-02-26,Pacific,14.69,0.0,4.7,0.0,0.0,0.17,0.6688679245283019,1.36,0,False,0.0,0.0,0.0,0.0,1642.7935,1296.372,0,,,,,0.0,0.0
5560,4.0027,100.5467,2013,2012-01-10,2013-01-09,Pacific,8.125,0.0,8.0,0.0,0.0,0.0,0.44962264150943393,1.1,0,False,0.0,0.0,0.0,0.0,0.0,0.0,0,,,,,0.0,0.0
5560,4.0027,100.5467,2014,2013-01-28,2014-01-28,Pacific,10.629999999999999,0.0,5.0,0.0,0.0,0.66,0.48283018867924526,1.17,0,False,0.0,0.0,0.0,0.0,0.0,0.0,0,,,,,0.0,0.0
5560,4.0027,100.5467,2015,2014-02-13,2015-02-13,Pacific,5.31,0.0,5.0,0.0,0.0,1.1,0.5973584905660378,1.1,0,False,0.0,0.0,0.0,0.0,0.0,0.0,0,,,,,0.0,0.0
5560,4.0027,100.5467,2016,2015-01-28,2016-01-28,Pacific,5.0,0.0,5.0,0.0,0.0,0.17,0.600377358490566,1.77,0,False,0.0,0.0,0.0,0.0,0.0,0.0,0,,,,,0.0,0.0
5560,4.0027,100.5467,2017,2016-03-22,2017-03-22,Pacific,5.0,0.0,6.0,0.0,0.0,5.8100000000000005,0.8184905660377358,1.5,0,False,0.0,0.0,0.0,0.0,0.0,0.0,0,,,,,0.0,0.0
5560,4.0027,100.5467,2018,2017-02-07,2018-02-07,Pacific,3.75,0.0,5.2,0.0,0.0,0.0,0.5922641509433964,1.3,0,False,0.0,0.0,0.0,0.0,0.0,0.0,0,,,,,0.0,0.0
5560,4.0027,100.5467,2019,2018-02-26,2019-02-26,Pacific,1.56,0.0,4.4,0.0,0.0,0.17,0.6688679245283019,1.36,0,False,0.0,0.0,0.0,0.0,1642.7935,1296.372,0,,,,,0.0,0.0
5561,4.0065,100.5348,2013,2012-01-09,2013-01-08,Pacific,20.31,0.0,4.0,0.0,0.0,0.0,0.4446153846153846,1.1,0,False,0.0,0.0,0.0,0.0,0.0,0.0,0,,,,,0.0,0.0
5561,4.0065,100.5348,2014,2013-01-27,2014-01-27,Pacific,10.31,0.0,5.0,0.0,0.0,0.66,0.48283018867924526,1.17,0,False,0.0,0.0,0.0,0.0,0.0,0.0,0,,,,,0.0,0.0
5561,4.0065,100.5348,2015,2014-02-12,2015-02-12,Pacific,15.625,0.0,5.0,0.0,0.0,1.1,0.589622641509434,1.1,0,False,0.0,0.0,0.0,0.0,0.0,0.0,0,,,,,0.0,0.0
5561,4.0065,100.5348,2016,2015-02-02,2016-02-02,Pacific,11.25,0.0,4.5,0.0,0.0,0.17,0.609811320754717,1.77,0,False,0.0,0.0,0.0,0.0,0.0,0.0,0,,,,,0.0,0.0
5561,4.0065,100.5348,2017,2016-03-21,2017-03-21,Pacific,10.0,0.0,4.5,0.0,0.0,5.8100000000000005,0.8184905660377358,1.5,0,False,0.0,0.0,0.0,0.0,0.0,0.0,0,,,,,0.0,0.0
5561,4.0065,100.5348,2018,2017-02-06,2018-02-06,Pacific,7.19,0.0,4.2,0.0,0.0,0.0,0.5922641509433964,1.3,0,False,0.0,0.0,0.0,0.0,0.0,0.0,0,,,,,0.0,0.0
5561,4.0065,100.5348,2019,2018-02-26,2019-02-26,Pacific,6.56,0.0,3.5,0.0,0.0,0.17,0.6688679245283019,1.36,0,False,0.0,0.0,0.0,0.0,1901.0761,1516.2755,0,,,,,0.0,0.0
5562,4.0114,100.5351,2014,2013-01-27,2014-01-27,Pacific,25.31,0.0,5.0,0.0,0.0,0.66,0.48283018867924526,1.17,0,False,0.0,0.0,0.0,0.0,0.0,0.0,0,,,,,0.0,0.0
5562,4.0114,100.5351,2015,2014-02-13,2015-02-13,Pacific,24.375,0.0,5.0,0.0,0.0,1.1,0.5973584905660378,1.1,0,False,0.0,0.0,0.0,0.0,0.0,0.0,0,,,,,0.0,0.0
5562,4.0114,100.5351,2016,2015-02-02,2016-02-02,Pacific,24.69,0.0,5.0,0.0,0.0,0.17,0.609811320754717,1.77,0,False,0.0,0.0,0.0,0.0,0.0,0.0,0,,,,,0.0,0.0
5562,4.0114,100.5351,2017,2016-03-21,2017-03-21,Pacific,22.81,0.0,6.5,0.0,0.0,5.8100000000000005,0.8184905660377358,1.5,0,False,0.0,0.0,0.0,0.0,0.0,0.0,0,,,,,0.0,0.0
5562,4.0114,100.5351,2018,2017-02-06,2018-02-06,Pacific,22.19,0.0,5.0,0.0,0.0,0.0,0.5922641509433964,1.3,0,False,0.0,0.0,0.0,0.0,0.0,0.0,0,,,,,0.0,0.0
5562,4.0114,100.5351,2019,2018-02-27,2019-02-27,Pacific,24.375,0.0,5.3,0.0,0.0,0.17,0.6781132075471697,1.44,0,False,0.0,0.0,0.0,0.0,3561.782,3156.5892,0,,,,,0.0,0.0
5563,4.0122,100.5449,2013,2012-01-09,2013-01-08,Pacific,17.5,0.0,4.0,0.0,0.0,0.0,0.4446153846153846,1.1,0,False,0.0,0.0,0.0,0.0,0.0,0.0,0,,,,,0.0,0.0
5563,4.0122,100.5449,2014,2013-01-28,2014-01-28,Pacific,10.0,0.0,5.0,0.0,0.0,0.66,0.48283018867924526,1.17,0,False,0.0,0.0,0.0,0.0,0.0,0.0,0,,,,,0.0,0.0
5563,4.0122,100.5449,2015,2014-02-14,2015-02-14,Pacific,4.69,0.0,5.0,0.0,0.0,1.1,0.5973584905660378,1.1,0,False,0.0,0.0,0.0,0.0,0.0,0.0,0,,,,,0.0,0.0
5563,4.0122,100.5449,2016,2015-02-02,2016-02-02,Pacific,8.125,0.0,5.5,0.0,0.0,0.17,0.609811320754717,1.77,0,False,0.0,0.0,0.0,0.0,0.0,0.0,0,,,,,0.0,0.0
5563,4.0122,100.5449,2017,2016-03-22,2017-03-22,Pacific,3.44,0.0,5.5,0.0,0.0,5.8100000000000005,0.8184905660377358,1.5,0,False,0.0,0.0,0.0,0.0,0.0,0.0,0,,,,,0.0,0.0
5563,4.0122,100.5449,2018,2017-02-07,2018-02-07,Pacific,2.5,0.0,5.5,0.0,0.0,0.0,0.5922641509433964,1.3,0,False,0.0,0.0,0.0,0.0,0.0,0.0,0,,,,,0.0,0.0
5563,4.0122,100.5449,2019,2018-02-27,2019-02-27,Pacific,5.31,0.0,5.0,0.0,0.0,0.17,0.6781132075471697,1.44,0,False,0.0,0.0,0.0,0.0,3561.782,3156.5892,0,,,,,0.0,0.0
5564,4.0224,100.5479,2013,2012-01-08,2013-01-07,Pacific,21.875,0.0,6.0,0.0,0.0,0.0,0.4532075471698113,1.1,0,False,0.0,0.0,0.0,0.0,0.0,0.0,0,,,,,0.0,0.0
5564,4.0224,100.5479,2014,2013-01-26,2014-01-26,Pacific,20.0,0.0,5.0,0.0,0.0,0.66,0.48283018867924526,1.17,0,False,0.0,0.0,0.0,0.0,0.0,0.0,0,,,,,0.0,0.0
5564,4.0224,100.5479,2015,2014-02-13,2015-02-13,Pacific,12.5,0.0,5.0,0.0,0.0,1.1,0.5973584905660378,1.1,0,False,0.0,0.0,0.0,0.0,0.0,0.0,0,,,,,0.0,0.0
5564,4.0224,100.5479,2016,2015-02-02,2016-02-02,Pacific,12.81,0.0,5.0,0.0,0.0,0.17,0.609811320754717,1.77,0,False,0.0,0.0,0.0,0.0,0.0,0.0,0,,,,,0.0,0.0
5564,4.0224,100.5479,2017,2016-03-23,2017-03-23,Pacific,5.9399999999999995,0.0,6.0,0.0,0.0,5.8100000000000005,0.8184905660377358,1.5,0,False,0.0,0.0,0.0,0.0,0.0,0.0,0,,,,,0.0,0.0
5564,4.0224,100.5479,2018,2017-02-06,2018-02-06,Pacific,17.5,0.0,5.2,0.0,0.0,0.0,0.5922641509433964,1.3,0,False,0.0,0.0,0.0,0.0,0.0,0.0,0,,,,,0.0,0.0
5564,4.0224,100.5479,2019,2018-02-27,2019-02-27,Pacific,9.69,0.0,4.8,0.0,0.0,0.17,0.6781132075471697,1.44,0,False,0.0,0.0,0.0,0.0,3628.2047,3213.0125,0,,,,,0.0,0.0
5565,4.0321,100.55,2013,2012-01-08,2013-01-07,Pacific,15.31,0.0,6.0,0.0,0.0,0.0,0.4532075471698113,1.1,0,False,0.0,0.0,0.0,0.0,0.0,0.0,0,,,,,0.0,0.0
5565,4.0321,100.55,2014,2013-01-26,2014-01-26,Pacific,18.75,0.0,5.0,0.0,0.0,0.66,0.48283018867924526,1.17,0,False,0.0,0.0,0.0,0.0,0.0,0.0,0,,,,,0.0,0.0
5565,4.0321,100.55,2015,2014-02-13,2015-02-13,Pacific,14.06,0.0,5.0,0.0,0.0,1.1,0.5973584905660378,1.1,0,False,0.0,0.0,0.0,0.0,0.0,0.0,0,,,,,0.0,0.0
5565,4.0321,100.55,2016,2015-01-28,2016-01-28,Pacific,16.869999999999997,0.0,3.5,0.0,0.0,0.17,0.600377358490566,1.77,0,False,0.0,0.0,0.0,0.0,0.0,0.0,0,,,,,0.0,0.0
5565,4.0321,100.55,2017,2016-03-23,2017-03-23,Pacific,12.5,0.0,5.5,0.0,0.0,5.8100000000000005,0.8184905660377358,1.5,0,False,0.0,0.0,0.0,0.0,0.0,0.0,0,,,,,0.0,0.0
5565,4.0321,100.55,2018,2017-02-08,2018-02-08,Pacific,4.375,0.0,5.0,0.0,0.0,0.0,0.5922641509433964,1.3,0,False,0.0,0.0,0.0,0.0,0.0,0.0,0,,,,,0.0,0.0
5565,4.0321,100.55,2019,2018-02-27,2019-02-27,Pacific,1.25,0.0,4.8,0.0,0.0,0.17,0.6781132075471697,1.44,0,False,0.0,0.0,40.8581,0.0,3628.2047,3213.0125,0,,,,,0.0,0.0
5566,4.0575,100.5397,2013,2012-01-10,2013-01-09,Pacific,20.625,0.0,5.0,0.0,0.0,0.0,0.45603773584905655,1.11,0,False,0.0,0.0,0.0,0.0,0.0,0.0,0,,,,,0.0,0.0
5566,4.0575,100.5397,2014,2013-01-26,2014-01-26,Pacific,16.25,0.0,5.0,0.0,0.0,0.67,0.4867924528301886,1.17,0,False,0.0,0.0,0.0,0.0,0.0,0.0,0,,,,,0.0,0.0
5566,4.0575,100.5397,2015,2014-02-12,2015-02-12,Pacific,20.625,0.0,5.0,0.0,0.0,1.26,0.5971698113207546,1.11,0,False,0.0,0.0,0.0,0.0,0.0,0.0,0,,,,,0.0,0.0
5566,4.0575,100.5397,2016,2015-01-28,2016-01-28,Pacific,14.06,0.25,4.0,0.0,0.0,0.32,0.6075471698113208,1.77,0,False,0.0,0.0,0.0,0.0,0.0,0.0,0,,,,,0.0,0.0
5566,4.0575,100.5397,2017,2016-03-21,2017-03-21,Pacific,12.5,0.0,6.7,0.0,0.0,6.3,0.8220754716981131,1.49,0,False,0.0,0.0,0.0,0.0,0.0,0.0,0,,,,,0.0,0.0
5566,4.0575,100.5397,2018,2017-02-08,2018-02-08,Pacific,15.0,0.0,5.2,0.0,0.0,0.0,0.6032075471698114,1.36,0,False,0.0,0.0,0.0,0.0,0.0,0.0,0,,,,,0.0,0.0
5566,4.0575,100.5397,2019,2018-02-28,2019-02-28,Pacific,15.31,0.0,6.1,0.0,0.0,0.17,0.6867924528301886,1.47,0,False,0.0,0.0,64.4821,0.0,4322.4922,3675.8828,0,,,,,0.0,0.0
5567,4.1125,118.2251,2013,2012-11-06,2013-11-06,Pacific,22.81,1.5,12.0,0.0,1.33,2.62,0.5815094339622642,1.39,0,False,0.0,0.0,0.0,0.0,0.0,0.0,0,,,,,0.0,0.0
5567,4.1125,118.2251,2015,2014-04-21,2015-04-21,Pacific,11.875,15.0,12.0,0.0,0.14,2.37,0.6054716981132074,1.45,0,False,0.0,0.0,0.0,0.0,0.0,0.0,0,,,,,0.0,0.0
5567,4.1125,118.2251,2017,2016-05-29,2017-05-29,Pacific,22.81,0.0,11.0,0.66,0.66,8.540000000000001,0.7288679245283021,1.68,14,False,0.0,0.0,0.0,0.0,0.0,0.0,0,,,,,0.0,0.0
5568,4.1394,118.234,2013,2012-11-06,2013-11-06,Pacific,21.25,0.0,8.0,0.0,1.33,2.62,0.5815094339622642,1.39,0,False,0.0,0.0,0.0,0.0,0.0,0.0,0,,,,,0.0,0.0
5568,4.1394,118.234,2017,2016-05-29,2017-05-29,Pacific,9.06,0.0,11.0,0.66,0.66,8.540000000000001,0.7288679245283021,1.68,14,False,0.0,0.0,0.0,0.0,0.0,0.0,0,,,,,0.0,0.0
5569,4.1409,118.1799,2013,2012-11-06,2013-11-06,Pacific,4.0649999999999995,2.0,8.0,0.0,1.34,2.67,0.5792452830188679,1.42,0,False,0.0,0.0,0.0,0.0,0.0,0.0,0,,,,,0.0,0.0
5569,4.1409,118.1799,2015,2014-04-21,2015-04-21,Pacific,22.5,37.5,8.0,0.0,0.16,2.62,0.608679245283019,1.46,0,False,0.0,0.0,0.0,0.0,0.0,0.0,0,,,,,0.0,0.0
5569,4.1409,118.1799,2017,2016-05-29,2017-05-29,Pacific,10.625,0.25,6.5,1.11,1.11,8.93,0.7349056603773585,1.67,14,False,0.0,0.0,0.0,0.0,0.0,0.0,0,,,,,0.0,0.0
5570,4.184,118.8629,2017,2016-06-01,2017-06-01,Pacific,8.125,0.0,10.0,0.45,0.45,3.11,0.6752830188679246,1.68,0,False,0.0,0.0,0.0,0.0,0.0,0.0,0,,,,,0.0,1.0
5571,4.1899,100.5483,2013,2012-01-08,2013-01-07,Pacific,38.44,0.0,4.0,0.0,0.0,0.0,0.490377358490566,1.15,0,False,0.0,0.0,0.0,0.0,0.0,0.0,0,,,,,0.0,0.0
5571,4.1899,100.5483,2014,2013-01-28,2014-01-28,Pacific,27.81,0.0,5.0,0.0,0.0,0.99,0.5062264150943396,1.25,0,False,0.0,0.0,0.0,0.0,0.0,0.0,0,,,,,0.0,0.0
5571,4.1899,100.5483,2015,2014-02-14,2015-02-14,Pacific,34.375,0.0,5.0,0.0,0.0,1.28,0.6275471698113207,1.13,0,False,0.0,0.0,0.0,0.0,0.0,0.0,0,,,,,0.0,0.0
5571,4.1899,100.5483,2016,2015-01-29,2016-01-29,Pacific,44.375,0.0,3.0,0.0,0.0,0.33,0.6337735849056605,1.77,0,False,0.0,0.0,0.0,0.0,0.0,0.0,0,,,,,0.0,0.0
5571,4.1899,100.5483,2017,2016-03-23,2017-03-23,Pacific,33.125,0.0,4.8,0.0,0.0,6.73,0.8333962264150943,1.47,0,False,0.0,0.0,0.0,0.0,0.0,0.0,0,,,,,0.0,0.0
5571,4.1899,100.5483,2018,2017-02-08,2018-02-08,Pacific,14.375,0.0,2.1,0.0,0.0,0.0,0.6284905660377359,1.35,0,False,0.0,0.0,0.0,0.0,0.0,0.0,0,,,,,0.0,0.0
5571,4.1899,100.5483,2019,2018-02-28,2019-02-28,Pacific,27.5,0.0,3.7,0.0,0.0,0.14,0.7015094339622643,1.48,0,False,40.8581,0.0,331.77909999999997,178.8479,17769.5573,16696.8625,6,,,,,0.0,0.0
5572,4.2063,118.7848,2017,2016-06-01,2017-06-01,Pacific,8.12,0.0,10.0,0.32,0.32,4.45,0.6884905660377357,1.62,7,False,0.0,0.0,0.0,0.0,0.0,0.0,0,,,,,0.0,1.0
5573,4.2102,118.6799,2013,2012-11-04,2013-11-04,Pacific,5.630000000000001,0.5,8.0,0.0,1.27,2.04,0.5733962264150942,1.39,0,False,0.0,0.0,0.0,0.0,0.0,0.0,0,,,,,0.0,0.0
5573,4.2102,118.6799,2015,2014-04-24,2015-04-24,Pacific,7.19,7.5,10.0,0.15,0.15,1.78,0.5120754716981132,1.24,0,False,0.0,0.0,0.0,0.0,0.0,0.0,0,,,,,0.0,1.0
5573,4.2102,118.6799,2016,2015-05-09,2016-05-08,Pacific,5.3149999999999995,0.0,10.0,2.69,2.69,2.69,0.5756603773584906,1.82,0,False,0.0,0.0,0.0,0.0,0.0,0.0,0,,,,,0.0,1.0
5573,4.2102,118.6799,2017,2016-05-14,2017-05-14,Pacific,9.38,0.0,10.0,0.0,0.14,5.8500000000000005,0.7034615384615386,1.61,21,False,0.0,0.0,0.0,0.0,0.0,0.0,0,,,,,0.0,1.0
5573,4.2102,118.6799,2018,2017-04-12,2018-04-12,Pacific,16.25,0.0,10.0,0.0,0.0,0.95,0.7835849056603774,1.54,0,False,0.0,0.0,0.0,0.0,0.0,0.0,0,,,,,0.0,1.0
5573,4.2102,118.6799,2019,2018-07-21,2019-07-21,Pacific,7.8149999999999995,0.75,10.0,0.58,0.58,1.32,0.5530188679245283,1.01,0,False,0.0,0.0,0.0,0.0,0.0,0.0,0,,,,,0.0,1.0
5574,4.2142,118.6756,2015,2014-04-26,2015-04-26,Pacific,1.56,0.5,9.0,0.15,0.15,1.78,0.5120754716981132,1.24,0,False,0.0,0.0,0.0,0.0,0.0,0.0,0,,,,,0.0,1.0
5574,4.2142,118.6756,2016,2015-05-10,2016-05-09,Pacific,15.0,0.5,8.0,2.69,2.69,2.69,0.5756603773584906,1.82,0,False,0.0,0.0,0.0,0.0,0.0,0.0,0,,,,,0.0,1.0
5574,4.2142,118.6756,2017,2016-05-15,2017-05-15,Pacific,11.875,0.0,9.0,0.0,0.14,5.8500000000000005,0.7026415094339623,1.61,21,False,0.0,0.0,0.0,0.0,0.0,0.0,0,,,,,0.0,1.0
5574,4.2142,118.6756,2018,2017-03-12,2018-03-12,Pacific,17.814999999999998,2.0,8.0,0.0,0.49,0.95,0.7339622641509435,1.54,0,False,0.0,0.0,0.0,0.0,0.0,0.0,0,,,,,0.0,1.0
5574,4.2142,118.6756,2019,2018-07-21,2019-07-21,Pacific,13.75,0.5,9.0,0.58,0.58,1.32,0.5530188679245283,1.01,0,False,0.0,0.0,0.0,0.0,0.0,0.0,0,,,,,0.0,1.0
5575,4.2253,118.6881,2015,2014-04-26,2015-04-26,Pacific,2.5,1.25,9.0,0.15,0.15,1.78,0.5120754716981132,1.24,0,False,0.0,0.0,0.0,0.0,0.0,0.0,0,,,,,0.0,1.0
5575,4.2253,118.6881,2016,2015-05-09,2016-05-08,Pacific,11.565,1.0,9.0,2.69,2.69,2.69,0.5756603773584906,1.82,0,False,0.0,0.0,0.0,0.0,0.0,0.0,0,,,,,0.0,1.0
5575,4.2253,118.6881,2017,2016-05-14,2017-05-14,Pacific,5.0,0.0,9.0,0.0,0.14,5.8500000000000005,0.7034615384615386,1.61,21,False,0.0,0.0,0.0,0.0,0.0,0.0,0,,,,,0.0,1.0
5575,4.2253,118.6881,2018,2017-04-12,2018-04-12,Pacific,5.315,0.25,9.0,0.0,0.0,0.95,0.7835849056603774,1.54,0,False,0.0,0.0,0.0,0.0,0.0,0.0,0,,,,,0.0,1.0
5575,4.2253,118.6881,2019,2018-10-17,2019-10-17,Pacific,5.3100000000000005,8.75,9.0,0.15,0.58,0.58,0.5620754716981132,1.37,0,False,0.0,0.0,0.0,0.0,31.206200000000003,31.206200000000003,0,,,,,0.0,1.0
5577,4.2295,118.68,2015,2014-04-24,2015-04-24,Pacific,5.3100000000000005,20.0,10.0,0.15,0.15,1.78,0.5120754716981132,1.24,0,False,0.0,0.0,0.0,0.0,0.0,0.0,0,,,,,0.0,1.0
5577,4.2295,118.68,2016,2015-05-10,2016-05-09,Pacific,9.69,0.0,10.0,2.69,2.69,2.69,0.5756603773584906,1.82,0,False,0.0,0.0,0.0,0.0,0.0,0.0,0,,,,,0.0,1.0
5577,4.2295,118.68,2017,2016-05-16,2017-05-16,Pacific,3.44,0.0,10.0,0.0,0.14,5.8500000000000005,0.7026415094339623,1.61,21,False,0.0,0.0,0.0,0.0,0.0,0.0,0,,,,,0.0,1.0
5577,4.2295,118.68,2018,2017-04-13,2018-04-13,Pacific,5.3100000000000005,0.0,10.0,0.0,0.0,0.95,0.7835849056603774,1.54,0,False,0.0,0.0,0.0,0.0,0.0,0.0,0,,,,,0.0,1.0
5577,4.2295,118.68,2019,2018-10-17,2019-10-17,Pacific,3.44,13.75,10.0,0.15,0.58,0.58,0.5620754716981132,1.37,0,False,0.0,0.0,0.0,0.0,31.206200000000003,31.206200000000003,0,,,,,0.0,1.0
5581,4.2366,118.5532,2013,2012-11-05,2013-11-05,Pacific,10.935,0.0,8.0,0.0,1.31,1.63,0.5907692307692308,1.37,0,False,0.0,0.0,0.0,0.0,0.0,0.0,0,,,,,0.0,0.0
5581,4.2366,118.5532,2014,2013-03-26,2014-03-26,Pacific,23.75,0.0,10.0,0.0,0.0,1.63,0.5850943396226416,1.53,0,False,0.0,0.0,0.0,0.0,0.0,0.0,0,,,,,0.0,0.0
5581,4.2366,118.5532,2015,2014-04-19,2015-04-19,Pacific,8.75,0.0,11.0,0.0,0.0,1.87,0.5258490566037736,1.25,0,False,0.0,0.0,0.0,0.0,0.0,0.0,0,,,,,0.0,0.0
5581,4.2366,118.5532,2017,2016-03-06,2017-03-06,Pacific,7.8100000000000005,0.0,5.0,0.0,0.0,6.57,0.8347169811320756,1.81,21,False,0.0,0.0,0.0,0.0,0.0,0.0,0,,,,,0.0,0.0
5582,4.2394,118.4335,2013,2012-11-05,2013-11-05,Pacific,17.5,0.75,8.0,0.0,1.79,2.59,0.5884615384615385,1.38,0,False,0.0,0.0,0.0,0.0,0.0,0.0,0,,,,,0.0,0.0
5582,4.2394,118.4335,2015,2014-04-19,2015-04-19,Pacific,17.814999999999998,2.5,8.0,0.0,0.0,1.91,0.5656603773584906,1.34,0,False,0.0,0.0,0.0,0.0,0.0,0.0,0,,,,,0.0,0.0
5582,4.2394,118.4335,2017,2016-03-06,2017-03-06,Pacific,10.0,0.25,7.0,0.0,0.0,7.76,0.8554716981132076,1.83,28,False,0.0,0.0,0.0,0.0,0.0,0.0,0,,,,,0.0,0.0
5585,4.2504,118.6273,2015,2014-12-07,2015-12-07,Pacific,10.620000000000001,0.5,9.0,0.0,0.0,1.63,0.3775471698113207,1.41,0,False,0.0,0.0,0.0,0.0,0.0,0.0,0,,,,,0.0,1.0
5585,4.2504,118.6273,2016,2015-05-11,2016-05-10,Pacific,14.69,0.0,8.0,3.04,3.04,3.04,0.5992452830188679,1.88,0,False,0.0,0.0,0.0,0.0,0.0,0.0,0,,,,,0.0,1.0
5586,4.2551,118.5338,2014,2013-03-26,2014-03-26,Pacific,22.19,14.75,10.0,0.0,0.0,2.25,0.5967924528301887,1.53,0,False,0.0,0.0,0.0,0.0,0.0,0.0,0,,,,,0.0,0.0
5586,4.2551,118.5338,2015,2014-04-19,2015-04-19,Pacific,16.25,2.5,8.0,0.0,0.0,2.03,0.5349056603773585,1.28,0,False,0.0,0.0,0.0,0.0,0.0,0.0,0,,,,,0.0,0.0
5586,4.2551,118.5338,2017,2016-03-06,2017-03-06,Pacific,12.5,0.0,5.0,0.0,0.0,6.91,0.8477358490566038,1.84,21,False,0.0,0.0,0.0,0.0,0.0,0.0,0,,,,,0.0,0.0
5587,4.2731,113.8147,2015,2014-08-21,2015-08-21,Pacific,23.125,3.5,11.0,0.0,0.0,0.0,0.41566037735849054,1.71,0,False,0.0,0.0,0.0,0.0,12.4463,12.4463,0,,,,,0.0,0.0
5587,4.2731,113.8147,2016,2015-08-15,2016-08-14,Pacific,30.315,0.0,8.8,0.35,0.35,0.35,0.6533962264150944,1.51,0,False,0.0,0.0,0.0,0.0,145.6778,145.6778,0,,,,,0.0,0.0
5587,4.2731,113.8147,2017,2016-05-20,2017-05-20,Pacific,33.75,0.0,9.0,0.14,0.14,0.35,0.9337735849056604,2.72,0,False,0.0,0.0,0.0,0.0,13.3338,13.3338,0,,,,,0.0,0.0
5587,4.2731,113.8147,2018,2017-04-14,2018-04-14,Pacific,29.060000000000002,4.75,10.0,0.0,0.0,0.81,0.7709433962264154,1.49,0,False,0.0,0.0,174.5599,174.5599,1224.1088,1008.1274,0,,,,,0.0,0.0
5587,4.2731,113.8147,2019,2018-04-13,2019-04-13,Pacific,27.815,4.75,8.0,0.0,0.0,0.16,0.8141509433962265,1.73,0,False,0.0,0.0,144.1649,144.1649,1745.0413,1184.0577,0,,,,,0.0,0.0
5588,4.2764,113.8167,2013,2012-11-12,2013-11-12,Pacific,26.875,1.25,11.0,0.0,0.0,0.31,0.591923076923077,1.66,0,False,0.0,0.0,0.0,0.0,0.0,0.0,0,,,,,0.0,0.0
5588,4.2764,113.8167,2014,2013-05-31,2014-05-31,Pacific,29.69,1.25,10.0,0.0,0.0,0.31,0.2581132075471698,1.24,0,False,0.0,0.0,0.0,0.0,0.0,0.0,0,,,,,0.0,0.0
5588,4.2764,113.8167,2015,2014-08-22,2015-08-22,Pacific,21.875,4.5,10.0,0.0,0.0,0.0,0.41566037735849054,1.71,0,False,0.0,0.0,0.0,0.0,12.4463,12.4463,0,,,,,0.0,0.0
5588,4.2764,113.8167,2016,2015-08-29,2016-08-28,Pacific,20.625,4.5,13.0,0.16,0.35,0.35,0.6801886792452829,1.51,0,False,0.0,0.0,0.0,0.0,145.6778,145.6778,0,,,,,0.0,0.0
5588,4.2764,113.8167,2017,2016-08-26,2017-08-26,Pacific,28.75,0.0,10.0,0.81,0.81,0.81,0.9369811320754717,2.72,0,False,0.0,0.0,14.5327,14.5327,383.2493,304.7536,0,,,,,0.0,0.0
5588,4.2764,113.8167,2018,2017-05-19,2018-05-19,Pacific,34.685,0.75,10.0,0.0,0.0,0.81,0.7533962264150942,1.49,0,False,0.0,0.0,177.4229,177.4229,1226.9718,1010.9904,0,,,,,0.0,0.0
5588,4.2764,113.8167,2019,2018-09-21,2019-09-21,Pacific,33.44,0.0,10.0,0.0,0.0,0.0,0.8092452830188679,1.73,0,False,0.0,0.0,128.1756,128.1756,1370.7577999999999,897.2618,0,,,,,0.0,0.0
5589,4.2871,118.7253,2013,2012-11-04,2013-11-04,Pacific,11.870000000000001,0.25,8.0,0.0,1.1,2.04,0.5815094339622641,1.42,0,False,0.0,0.0,0.0,0.0,0.0,0.0,0,,,,,0.0,0.0
5589,4.2871,118.7253,2015,2014-04-24,2015-04-24,Pacific,15.0,32.5,10.0,0.15,0.15,2.05,0.4945283018867925,1.29,0,False,0.0,0.0,0.0,0.0,0.0,0.0,0,,,,,0.0,1.0
5589,4.2871,118.7253,2017,2016-06-01,2017-06-01,Pacific,10.94,0.25,9.0,0.47,0.47,5.25,0.6922641509433962,1.64,14,False,0.0,0.0,0.0,0.0,0.0,0.0,0,,,,,0.0,2.0
5590,4.2872,113.8197,2013,2012-11-12,2013-11-12,Pacific,26.875,0.0,10.0,0.0,0.0,0.31,0.591923076923077,1.66,0,False,0.0,0.0,0.0,0.0,0.0,0.0,0,,,,,0.0,0.0
5590,4.2872,113.8197,2014,2013-09-27,2014-09-27,Pacific,22.5,0.25,12.5,0.0,0.0,0.0,0.2788679245283019,1.15,0,False,0.0,0.0,0.0,0.0,0.0,0.0,0,,,,,0.0,0.0
5590,4.2872,113.8197,2015,2014-08-21,2015-08-21,Pacific,25.94,2.5,13.0,0.0,0.0,0.0,0.41566037735849054,1.71,0,False,0.0,0.0,0.0,0.0,12.4463,12.4463,0,,,,,0.0,0.0
5590,4.2872,113.8197,2016,2015-08-15,2016-08-14,Pacific,25.0,0.0,11.0,0.35,0.35,0.35,0.6533962264150944,1.51,0,False,0.0,0.0,0.0,0.0,145.6778,145.6778,0,,,,,0.0,0.0
5590,4.2872,113.8197,2017,2016-08-26,2017-08-26,Pacific,27.81,0.0,13.0,0.81,0.81,0.81,0.9369811320754717,2.72,0,False,0.0,0.0,14.5327,14.5327,383.2493,304.7536,0,,,,,0.0,0.0
5590,4.2872,113.8197,2018,2017-05-19,2018-05-19,Pacific,27.5,2.25,13.0,0.0,0.0,0.81,0.7533962264150942,1.49,0,False,0.0,0.0,177.4229,177.4229,1226.9718,1010.9904,0,,,,,0.0,0.0
5590,4.2872,113.8197,2019,2018-04-27,2019-04-27,Pacific,39.06,2.25,12.0,0.0,0.0,0.16,0.827358490566038,1.73,0,False,0.0,0.0,144.1649,144.1649,1745.0413,1184.0577,0,,,,,0.0,0.0
5591,4.2925,113.8258,2013,2012-11-13,2013-11-13,Pacific,23.75,0.75,10.0,0.0,0.0,0.31,0.5866037735849057,1.66,0,False,0.0,0.0,0.0,0.0,0.0,0.0,0,,,,,0.0,0.0
5591,4.2925,113.8258,2014,2013-08-23,2014-08-23,Pacific,20.315,0.0,11.0,0.0,0.0,0.0,0.27679245283018866,1.24,0,False,0.0,0.0,0.0,0.0,0.0,0.0,0,,,,,0.0,0.0
5591,4.2925,113.8258,2015,2014-08-22,2015-08-22,Pacific,18.119999999999997,4.0,11.0,0.0,0.0,0.0,0.41566037735849054,1.71,0,False,0.0,0.0,0.0,0.0,12.4463,12.4463,0,,,,,0.0,0.0
5591,4.2925,113.8258,2016,2015-08-29,2016-08-28,Pacific,14.375,4.0,15.0,0.16,0.35,0.35,0.6801886792452829,1.51,0,False,0.0,0.0,0.0,0.0,145.6778,145.6778,0,,,,,0.0,0.0
5591,4.2925,113.8258,2017,2016-06-10,2017-06-10,Pacific,10.315,5.25,12.0,0.49,0.49,0.49,0.9132075471698113,2.72,0,False,0.0,0.0,0.0,0.0,13.3338,13.3338,0,,,,,0.0,0.0
5591,4.2925,113.8258,2018,2017-10-20,2018-10-20,Pacific,14.375,1.75,11.0,0.0,0.16,0.16,0.7186792452830186,1.49,0,False,0.0,0.0,168.8993,168.8993,1133.9365,882.4174,0,,,,,0.0,0.0
5591,4.2925,113.8258,2019,2018-04-20,2019-04-20,Pacific,21.25,0.0,11.0,0.0,0.0,0.16,0.8271698113207551,1.73,0,False,0.0,0.0,144.1649,144.1649,1745.0413,1184.0577,0,,,,,0.0,0.0
5592,4.2939,113.8261,2014,2013-05-31,2014-05-31,Pacific,16.87,0.0,12.0,0.0,0.0,0.31,0.2581132075471698,1.24,0,False,0.0,0.0,0.0,0.0,0.0,0.0,0,,,,,0.0,0.0
5592,4.2939,113.8261,2015,2014-10-24,2015-10-24,Pacific,11.25,9.5,12.0,0.0,0.0,0.0,0.44698113207547174,1.71,0,False,0.0,0.0,0.0,0.0,158.1241,158.1241,0,,,,,0.0,0.0
5592,4.2939,113.8261,2016,2015-05-15,2016-05-14,Pacific,11.559999999999999,0.0,12.0,0.19,0.19,0.19,0.6339622641509435,1.51,0,False,0.0,0.0,0.0,0.0,158.1241,158.1241,0,,,,,0.0,0.0
5592,4.2939,113.8261,2017,2016-09-16,2017-09-16,Pacific,11.56,3.25,12.0,0.81,0.81,0.81,0.950566037735849,2.72,0,False,0.0,0.0,20.2495,20.2495,750.4182,547.0931,0,,,,,0.0,0.0
5592,4.2939,113.8261,2018,2017-10-07,2018-10-07,Pacific,15.94,0.0,11.0,0.0,0.16,0.46,0.7149056603773584,1.49,0,False,0.0,0.0,168.8993,168.8993,1133.9365,882.4174,0,,,,,0.0,0.0
5592,4.2939,113.8261,2019,2018-09-21,2019-09-21,Pacific,10.935,0.0,11.0,0.0,0.0,0.0,0.8092452830188679,1.73,0,False,0.0,0.0,128.1756,128.1756,1370.7577999999999,897.2618,0,,,,,0.0,0.0
5593,4.3004,118.8407,2014,2013-03-27,2014-03-27,Pacific,15.620000000000001,0.0,10.0,0.0,0.0,1.61,0.5481132075471697,1.5,0,False,0.0,0.0,0.0,0.0,0.0,0.0,0,,,,,0.0,0.0
5593,4.3004,118.8407,2015,2014-04-25,2015-04-25,Pacific,15.31,2.75,9.0,0.15,0.15,1.88,0.4379245283018869,1.31,0,False,0.0,0.0,0.0,0.0,0.0,0.0,0,,,,,0.0,1.0
5593,4.3004,118.8407,2017,2016-06-02,2017-06-02,Pacific,12.5,0.0,5.0,0.14,0.14,3.98,0.640566037735849,1.69,0,False,0.0,0.0,0.0,0.0,0.0,0.0,0,,,,,0.0,2.0
5594,4.3133,118.8764,2015,2014-04-25,2015-04-25,Pacific,4.69,0.25,9.0,0.0,0.0,1.87,0.41679245283018873,1.29,0,False,0.0,0.0,0.0,0.0,0.0,0.0,0,,,,,0.0,1.0
5594,4.3133,118.8764,2017,2016-05-30,2017-05-30,Pacific,5.31,0.0,10.0,0.0,0.0,3.26,0.6260377358490568,1.72,0,False,0.0,0.0,0.0,0.0,0.0,0.0,0,,,,,0.0,2.0
5594,4.3133,118.8764,2017,2016-06-02,2017-06-02,Pacific,4.369999999999999,0.0,9.0,0.0,0.0,3.26,0.6260377358490568,1.72,0,False,0.0,0.0,0.0,0.0,0.0,0.0,0,,,,,0.0,2.0
5595,4.3161,118.8751,2014,2013-03-27,2014-03-27,Pacific,12.5,0.0,10.0,0.0,0.0,1.33,0.530188679245283,1.55,0,False,0.0,0.0,0.0,0.0,0.0,0.0,0,,,,,0.0,0.0
5595,4.3161,118.8751,2015,2014-04-25,2015-04-25,Pacific,7.19,0.25,9.0,0.0,0.0,1.87,0.41679245283018873,1.29,0,False,0.0,0.0,0.0,0.0,0.0,0.0,0,,,,,0.0,1.0
5595,4.3161,118.8751,2017,2016-06-02,2017-06-02,Pacific,4.375,0.0,10.0,0.0,0.0,3.26,0.6260377358490568,1.72,0,False,0.0,0.0,0.0,0.0,0.0,0.0,0,,,,,0.0,2.0
5597,4.3433,113.8975,2013,2012-11-13,2013-11-13,Pacific,10.0,0.0,5.0,0.0,0.0,0.31,0.5845283018867925,1.67,0,False,0.0,0.0,0.0,0.0,0.0,0.0,0,,,,,0.0,0.0
5597,4.3433,113.8975,2014,2013-09-27,2014-09-27,Pacific,18.75,0.0,8.0,0.0,0.0,0.0,0.2867924528301887,1.17,0,False,0.0,0.0,0.0,0.0,0.0,0.0,0,,,,,0.0,0.0
5597,4.3433,113.8975,2015,2014-10-24,2015-10-24,Pacific,15.94,8.25,5.5,0.0,0.0,0.0,0.4550943396226416,1.65,0,False,0.0,0.0,0.0,0.0,174.2577,174.2577,0,,,,,0.0,0.0
5597,4.3433,113.8975,2016,2015-11-20,2016-11-19,Pacific,14.379999999999999,8.25,5.0,0.0,0.14,0.49,0.6237735849056606,1.55,0,False,0.0,0.0,0.0,0.0,0.0,0.0,0,,,,,0.0,0.0
5597,4.3433,113.8975,2017,2016-10-06,2017-10-06,Pacific,13.75,8.5,6.0,0.31,0.79,0.79,0.989245283018868,2.76,0,False,0.0,0.0,308.2994,307.5489,1129.9062999999999,896.7565999999999,0,,,,,0.0,0.0
5597,4.3433,113.8975,2018,2017-08-19,2018-08-19,Pacific,11.25,0.0,6.0,0.17,0.17,0.79,0.7115094339622642,1.47,0,False,0.0,0.0,449.7078,426.9642,1490.686,1274.1918,0,,,,,0.0,0.0
5597,4.3433,113.8975,2019,2018-04-20,2019-04-20,Pacific,16.875,0.0,5.0,0.0,0.0,0.17,0.8326415094339623,1.77,0,False,0.0,0.0,774.9372,398.61400000000003,2100.7834,1539.7998,0,,,,,0.0,0.0
5599,4.4447,118.7551,2014,2013-03-24,2014-03-24,Pacific,9.69,0.0,10.0,0.0,0.0,1.56,0.5681132075471698,1.36,0,False,0.0,0.0,0.0,0.0,0.0,0.0,0,,,,,0.0,0.0
5599,4.4447,118.7551,2017,2016-06-07,2017-06-07,Pacific,5.0,0.0,7.5,0.31,0.31,4.74,0.6328301886792452,1.66,7,False,0.0,0.0,0.0,0.0,0.0,0.0,0,,,,,1.0,2.0
5600,4.4459,118.7678,2017,2016-06-08,2017-06-08,Pacific,1.875,0.0,7.5,0.31,0.31,4.74,0.6328301886792452,1.66,7,False,0.0,0.0,0.0,0.0,0.0,0.0,0,,,,,1.0,2.0
5601,4.4679,118.5912,2014,2013-03-23,2014-03-23,Pacific,40.0,3.0,10.0,0.15,0.15,2.66,0.6171698113207548,1.42,0,False,0.0,0.0,0.0,0.0,0.0,0.0,0,,,,,0.0,0.0
5601,4.4679,118.5912,2017,2016-06-09,2017-06-09,Pacific,23.435,0.5,9.4,1.41,1.41,6.3500000000000005,0.7573584905660377,1.53,7,False,0.0,0.0,0.0,0.0,0.0,0.0,0,,,,,0.0,2.0
5602,4.4734,118.946,2014,2013-03-25,2014-03-25,Pacific,13.75,0.0,10.6,0.0,0.0,0.81,0.5222641509433962,1.35,0,False,0.0,0.0,0.0,0.0,0.0,0.0,0,,,,,0.0,0.0
5602,4.4734,118.946,2017,2016-06-05,2017-06-05,Pacific,9.06,0.0,10.0,0.0,0.0,2.25,0.5732075471698113,1.59,0,False,0.0,0.0,0.0,0.0,0.0,0.0,0,,,,,1.0,2.0
5603,4.5042,118.9417,2013,2012-06-02,2013-06-02,Pacific,29.065,0.0,5.5,0.34,0.34,0.62,0.4277358490566038,1.28,0,False,0.0,0.0,0.0,0.0,0.0,0.0,0,,,,,0.0,0.0
5603,4.5042,118.9417,2014,2013-07-05,2014-07-05,Pacific,32.5,0.0,5.0,0.8300000000000001,0.8300000000000001,0.8300000000000001,0.4366037735849056,1.26,0,False,0.0,0.0,0.0,0.0,0.0,0.0,0,,,,,0.0,0.0
5603,4.5042,118.9417,2015,2014-06-08,2015-06-08,Pacific,31.25,0.0,7.0,0.0,0.0,0.8300000000000001,0.36754716981132074,1.19,0,False,0.0,0.0,0.0,0.0,0.0,0.0,0,,,,,1.0,1.0
5603,4.5042,118.9417,2016,2015-05-27,2016-05-26,Pacific,29.065,0.0,6.0,2.03,2.03,2.03,0.4633962264150943,1.57,0,False,0.0,0.0,0.0,0.0,0.0,0.0,0,,,,,1.0,1.0
5603,4.5042,118.9417,2017,2016-07-16,2017-07-16,Pacific,15.935,0.0,6.0,0.0,0.0,2.01,0.5153846153846154,1.31,0,False,0.0,0.0,0.0,0.0,0.0,0.0,0,,,,,1.0,2.0
5603,4.5042,118.9417,2018,2017-08-07,2018-08-07,Pacific,16.56,0.0,6.0,0.94,0.94,0.94,0.7064150943396227,1.3,0,False,0.0,0.0,0.0,0.0,0.0,0.0,0,,,,,1.0,2.0
5603,4.5042,118.9417,2019,2018-07-07,2019-07-07,Pacific,14.065,0.0,7.0,0.0,0.0,0.94,0.42962264150943397,0.99,0,False,0.0,0.0,0.0,0.0,360.65930000000003,360.65930000000003,0,,,,,1.0,2.0
5604,4.5142,118.7263,2014,2013-03-23,2014-03-23,Pacific,10.94,7.75,10.0,0.0,0.0,2.01,0.5745283018867925,1.32,0,False,0.0,0.0,0.0,0.0,0.0,0.0,0,,,,,0.0,0.0
5604,4.5142,118.7263,2017,2016-06-07,2017-06-07,Pacific,9.06,0.25,7.0,0.46,0.46,5.32,0.6424528301886792,1.53,7,False,0.0,0.0,0.0,0.0,0.0,0.0,0,,,,,2.0,2.0
5605,4.5211,118.8048,2014,2013-03-24,2014-03-24,Pacific,19.369999999999997,0.0,10.0,0.0,0.0,0.95,0.5422641509433962,1.28,0,False,0.0,0.0,0.0,0.0,0.0,0.0,0,,,,,0.0,0.0
5605,4.5211,118.8048,2017,2016-06-06,2017-06-06,Pacific,8.75,0.0,7.0,0.0,0.0,4.09,0.5867924528301887,1.51,0,False,0.0,0.0,0.0,0.0,0.0,0.0,0,,,,,2.0,2.0
5606,4.5454,118.8258,2014,2013-03-24,2014-03-24,Pacific,11.875,0.0,10.0,0.0,0.0,0.95,0.5422641509433962,1.28,0,False,0.0,0.0,0.0,0.0,0.0,0.0,0,,,,,0.0,0.0
5606,4.5454,118.8258,2017,2016-06-07,2017-06-07,Pacific,4.69,0.0,10.0,0.0,0.0,4.09,0.5867924528301887,1.51,0,False,0.0,0.0,0.0,0.0,0.0,0.0,0,,,,,2.0,2.0
5607,4.5493,118.9292,2014,2013-03-25,2014-03-25,Pacific,19.69,0.0,10.0,0.0,0.0,0.65,0.519622641509434,1.28,0,False,0.0,0.0,0.0,0.0,0.0,0.0,0,,,,,0.0,0.0
5607,4.5493,118.9292,2017,2016-06-05,2017-06-05,Pacific,14.685,0.0,10.0,0.0,0.0,2.52,0.5650943396226416,1.51,0,False,0.0,0.0,0.0,0.0,0.0,0.0,0,,,,,1.0,2.0
5608,4.556,118.9271,2013,2012-06-02,2013-06-02,Pacific,25.31,0.0,5.0,0.33,0.33,0.46,0.4335849056603775,1.24,0,False,0.0,0.0,0.0,0.0,0.0,0.0,0,,,,,0.0,0.0
5608,4.556,118.9271,2014,2013-06-22,2014-06-22,Pacific,24.375,0.0,7.0,0.68,0.68,0.68,0.43056603773584906,1.22,0,False,0.0,0.0,0.0,0.0,0.0,0.0,0,,,,,0.0,0.0
5608,4.556,118.9271,2015,2014-06-08,2015-06-08,Pacific,22.81,0.0,7.0,0.15,0.15,0.68,0.3722641509433963,1.21,0,False,0.0,0.0,0.0,0.0,0.0,0.0,0,,,,,1.0,1.0
5608,4.556,118.9271,2016,2015-05-27,2016-05-26,Pacific,25.0,0.0,6.0,2.2,2.2,2.2,0.4679245283018868,1.5,0,False,0.0,0.0,0.0,0.0,0.0,0.0,0,,,,,1.0,1.0
5608,4.556,118.9271,2017,2016-07-16,2017-07-16,Pacific,26.56,0.0,6.0,0.15,0.15,2.17,0.5075000000000001,1.3,0,False,0.0,0.0,0.0,0.0,0.0,0.0,0,,,,,1.0,2.0
5608,4.556,118.9271,2018,2017-08-07,2018-08-07,Pacific,25.935,0.0,6.0,0.48,0.48,0.48,0.7064150943396225,1.32,0,False,0.0,0.0,0.0,0.0,0.0,0.0,0,,,,,1.0,2.0
5608,4.556,118.9271,2019,2018-07-07,2019-07-07,Pacific,22.185,0.0,7.0,0.0,0.0,0.48,0.4339622641509434,0.96,0,False,0.0,0.0,0.0,0.0,963.8287,963.8287,0,,,,,1.0,2.0
5609,4.5586,118.615,2014,2013-03-23,2014-03-23,Pacific,42.5,1.0,10.0,0.0,0.0,2.48,0.5941509433962264,1.41,0,False,0.0,0.0,0.0,0.0,0.0,0.0,0,,,,,0.0,0.0
5609,4.5586,118.615,2017,2016-05-30,2017-05-30,Pacific,23.44,0.0,8.0,0.64,0.64,6.3500000000000005,0.7094339622641508,1.5,7,False,0.0,0.0,0.0,0.0,0.0,0.0,0,,,,,1.0,2.0
5610,4.5587,118.5545,2017,2016-06-08,2017-06-08,Pacific,8.125,0.0,7.0,1.39,1.39,6.44,0.740754716981132,1.49,7,False,0.0,0.0,0.0,0.0,0.0,0.0,0,,,,,1.0,2.0
5613,4.5702,118.9569,2013,2012-06-03,2013-06-03,Pacific,8.125,0.0,7.0,0.2,0.2,0.46,0.4283018867924528,1.24,0,False,0.0,0.0,0.0,0.0,0.0,0.0,0,,,,,0.0,0.0
5613,4.5702,118.9569,2014,2013-06-23,2014-06-23,Pacific,7.1899999999999995,0.0,8.0,0.7000000000000001,0.7000000000000001,0.7000000000000001,0.4239622641509434,1.23,0,False,0.0,0.0,0.0,0.0,0.0,0.0,0,,,,,0.0,0.0
5613,4.5702,118.9569,2015,2014-06-09,2015-06-09,Pacific,6.56,0.0,6.0,0.15,0.15,0.7000000000000001,0.36452830188679247,1.24,0,False,0.0,0.0,0.0,0.0,0.0,0.0,0,,,,,1.0,1.0
5613,4.5702,118.9569,2016,2015-05-30,2016-05-29,Pacific,7.19,0.0,6.0,1.66,1.66,1.66,0.4466037735849056,1.46,0,False,0.0,0.0,0.0,0.0,0.0,0.0,0,,,,,1.0,1.0
5613,4.5702,118.9569,2017,2016-07-17,2017-07-17,Pacific,5.619999999999999,0.0,6.0,0.0,0.0,1.66,0.5020754716981133,1.29,0,False,0.0,0.0,0.0,0.0,0.0,0.0,0,,,,,1.0,2.0
5613,4.5702,118.9569,2018,2017-08-07,2018-08-07,Pacific,4.375,0.0,6.0,0.49,0.49,0.49,0.7030188679245284,1.31,0,False,0.0,0.0,0.0,0.0,0.0,0.0,0,,,,,1.0,2.0
5613,4.5702,118.9569,2019,2018-07-08,2019-07-08,Pacific,8.12,0.0,7.0,0.0,0.0,0.49,0.4226415094339622,0.96,0,False,0.0,0.0,0.0,0.0,965.1264,965.1264,0,,,,,1.0,2.0
5616,4.5792,118.9203,2014,2013-03-24,2014-03-24,Pacific,12.19,5.5,10.0,0.0,0.0,0.65,0.519056603773585,1.24,0,False,0.0,0.0,0.0,0.0,0.0,0.0,0,,,,,0.0,0.0
5616,4.5792,118.9203,2014,2013-06-22,2014-06-22,Pacific,6.25,0.0,7.0,0.68,0.68,0.68,0.43056603773584906,1.22,0,False,0.0,0.0,0.0,0.0,0.0,0.0,0,,,,,0.0,0.0
5616,4.5792,118.9203,2017,2016-06-06,2017-06-06,Pacific,8.435,0.0,10.0,0.15,0.15,2.67,0.5592452830188679,1.43,0,False,0.0,0.0,0.0,0.0,0.0,0.0,0,,,,,1.0,2.0
5617,4.5793,118.9402,2013,2012-06-03,2013-06-03,Pacific,6.56,0.25,9.0,0.33,0.33,0.46,0.4335849056603775,1.24,0,False,0.0,0.0,0.0,0.0,0.0,0.0,0,,,,,0.0,0.0
5617,4.5793,118.9402,2014,2013-06-23,2014-06-23,Pacific,7.81,0.0,9.0,0.68,0.68,0.68,0.43056603773584906,1.22,0,False,0.0,0.0,0.0,0.0,0.0,0.0,0,,,,,0.0,0.0
5617,4.5793,118.9402,2015,2014-06-09,2015-06-09,Pacific,8.435,0.0,12.0,0.15,0.15,0.68,0.3722641509433963,1.21,0,False,0.0,0.0,0.0,0.0,0.0,0.0,0,,,,,1.0,1.0
5617,4.5793,118.9402,2016,2015-05-30,2016-05-29,Pacific,6.875,0.0,12.0,2.35,2.35,2.35,0.46905660377358493,1.5,0,False,0.0,0.0,0.0,0.0,0.0,0.0,0,,,,,1.0,1.0
5617,4.5793,118.9402,2017,2016-06-05,2017-06-05,Pacific,3.125,0.0,10.0,0.15,0.15,2.67,0.5592452830188679,1.43,0,False,0.0,0.0,0.0,0.0,0.0,0.0,0,,,,,1.0,2.0
5617,4.5793,118.9402,2018,2017-09-07,2018-09-07,Pacific,5.619999999999999,0.0,12.0,0.0,0.48,0.48,0.6645283018867926,1.32,0,False,0.0,0.0,0.0,0.0,0.0,0.0,0,,,,,1.0,2.0
5617,4.5793,118.9402,2019,2018-07-08,2019-07-08,Pacific,9.06,0.0,10.0,0.0,0.0,0.48,0.4339622641509434,0.96,0,False,0.0,0.0,0.0,0.0,965.1264,965.1264,0,,,,,1.0,2.0
5618,4.5818,118.9132,2013,2012-06-02,2013-06-02,Pacific,12.19,0.0,8.0,0.33,0.33,0.46,0.4335849056603775,1.24,0,False,0.0,0.0,0.0,0.0,0.0,0.0,0,,,,,0.0,0.0
5618,4.5818,118.9132,2015,2014-06-08,2015-06-08,Pacific,3.44,0.0,8.0,0.15,0.15,0.68,0.3722641509433963,1.21,0,False,0.0,0.0,0.0,0.0,0.0,0.0,0,,,,,1.0,1.0
5618,4.5818,118.9132,2016,2015-05-27,2016-05-26,Pacific,5.31,0.0,6.0,2.2,2.2,2.2,0.4679245283018868,1.5,0,False,0.0,0.0,0.0,0.0,0.0,0.0,0,,,,,1.0,1.0
5618,4.5818,118.9132,2017,2016-07-17,2017-07-17,Pacific,1.56,0.0,6.0,0.15,0.15,2.17,0.5075471698113208,1.3,0,False,0.0,0.0,0.0,0.0,0.0,0.0,0,,,,,1.0,2.0
5618,4.5818,118.9132,2018,2017-09-07,2018-09-07,Pacific,5.0,0.75,7.0,0.0,0.48,0.48,0.6645283018867926,1.32,0,False,0.0,0.0,0.0,0.0,0.0,0.0,0,,,,,1.0,2.0
5618,4.5818,118.9132,2019,2018-07-08,2019-07-08,Pacific,9.06,0.0,7.0,0.0,0.0,0.48,0.4339622641509434,0.96,0,False,0.0,0.0,0.0,0.0,965.1264,965.1264,0,,,,,1.0,2.0
5619,4.5849,118.9409,2013,2012-06-03,2013-06-03,Pacific,16.875,0.0,5.0,0.33,0.33,0.46,0.4335849056603775,1.24,0,False,0.0,0.0,0.0,0.0,0.0,0.0,0,,,,,0.0,0.0
5619,4.5849,118.9409,2014,2013-06-22,2014-06-22,Pacific,11.875,0.0,5.0,0.68,0.68,0.68,0.43056603773584906,1.22,0,False,0.0,0.0,0.0,0.0,0.0,0.0,0,,,,,0.0,0.0
5619,4.5849,118.9409,2015,2014-06-09,2015-06-09,Pacific,19.375,0.0,6.0,0.15,0.15,0.68,0.3722641509433963,1.21,0,False,0.0,0.0,0.0,0.0,0.0,0.0,0,,,,,1.0,1.0
5619,4.5849,118.9409,2016,2015-05-30,2016-05-29,Pacific,15.0,0.0,6.0,2.35,2.35,2.35,0.46905660377358493,1.5,0,False,0.0,0.0,0.0,0.0,0.0,0.0,0,,,,,1.0,1.0
5619,4.5849,118.9409,2017,2016-07-16,2017-07-16,Pacific,11.25,0.0,6.0,0.15,0.15,2.17,0.5075000000000001,1.3,0,False,0.0,0.0,0.0,0.0,0.0,0.0,0,,,,,1.0,2.0
5619,4.5849,118.9409,2018,2017-08-07,2018-08-07,Pacific,9.69,0.0,6.0,0.48,0.48,0.48,0.7064150943396225,1.32,0,False,0.0,0.0,0.0,0.0,0.0,0.0,0,,,,,1.0,2.0
5619,4.5849,118.9409,2019,2018-07-07,2019-07-07,Pacific,13.125,0.0,6.5,0.0,0.0,0.48,0.4339622641509434,0.96,0,False,0.0,0.0,0.0,0.0,965.1264,965.1264,0,,,,,1.0,2.0
5620,4.5921,118.8613,2014,2013-04-22,2014-04-22,Pacific,4.6899999999999995,26.5,10.0,0.0,0.0,0.8,0.46509433962264146,1.19,0,False,0.0,0.0,0.0,0.0,0.0,0.0,0,,,,,0.0,0.0
5620,4.5921,118.8613,2017,2016-06-06,2017-06-06,Pacific,2.5,0.0,8.0,0.15,0.15,3.09,0.5671698113207547,1.44,0,False,0.0,0.0,0.0,0.0,0.0,0.0,0,,,,,2.0,2.0
5621,4.6022,118.7682,2014,2013-04-23,2014-04-23,Pacific,34.065,0.0,7.5,0.0,0.0,1.53,0.4830188679245283,1.28,0,False,0.0,0.0,0.0,0.0,0.0,0.0,0,,,,,0.0,0.0
5621,4.6022,118.7682,2015,2014-04-23,2015-04-23,Pacific,30.16,0.0,7.5,0.0,0.0,0.64,0.41113207547169817,1.11,0,False,0.0,0.0,0.0,0.0,0.0,0.0,0,,,,,1.0,1.0
5621,4.6022,118.7682,2016,2015-04-14,2016-04-13,Pacific,30.0025,0.0,7.5,0.0,0.0,0.15,0.4986792452830189,1.41,0,False,0.0,0.0,0.0,0.0,0.0,0.0,0,,,,,1.0,1.0
5621,4.6022,118.7682,2017,2016-05-24,2017-05-24,Pacific,37.5,0.0,7.5,0.15,0.15,4.69,0.6045283018867924,1.4,7,False,0.0,0.0,0.0,0.0,0.0,0.0,0,,,,,2.0,2.0
5621,4.6022,118.7682,2018,2017-04-11,2018-04-11,Pacific,36.565,0.0,7.5,0.0,0.0,0.3,0.7473584905660375,1.44,0,False,0.0,0.0,0.0,0.0,0.0,0.0,0,,,,,2.0,2.0
5622,4.6332,118.5893,2017,2016-06-08,2017-06-08,Pacific,12.81,2.75,7.0,1.39,1.39,6.38,0.7281132075471699,1.49,7,False,0.0,0.0,0.0,0.0,0.0,0.0,0,,,,,1.0,2.0
5625,4.7427,118.5137,2017,2016-06-09,2017-06-09,Pacific,31.875,0.0,11.1,1.71,1.71,6.12,0.7026415094339622,1.49,7,False,0.0,0.0,0.0,0.0,0.0,0.0,0,,,,,1.0,2.0
5633,4.8004,103.6743,2014,2013-08-16,2014-08-16,Pacific,5.0,0.0,5.0,3.36,3.83,3.83,0.25849056603773585,1.43,0,False,0.0,0.0,0.0,0.0,0.0,0.0,0,,,,,1.0,1.0
5633,4.8004,103.6743,2015,2014-06-20,2015-06-20,Pacific,7.5,0.0,6.0,0.15,0.15,3.83,0.3062264150943396,1.71,0,False,0.0,0.0,0.0,0.0,0.0,0.0,0,,,,,1.0,1.0
5633,4.8004,103.6743,2016,2015-06-11,2016-06-10,Pacific,7.81,40.0,4.5,4.22,4.22,4.22,0.7079245283018869,1.86,0,False,0.0,0.0,0.0,0.0,0.0,0.0,0,,,,,0.0,0.0
5633,4.8004,103.6743,2017,2016-05-05,2017-05-05,Pacific,15.629999999999999,0.0,5.0,0.0,0.0,4.22,0.6796226415094337,1.7,0,False,0.0,0.0,0.0,0.0,0.0,0.0,0,,,,,0.0,0.0
5633,4.8004,103.6743,2018,2017-07-27,2018-07-27,Pacific,5.9350000000000005,0.0,5.8,1.63,1.63,1.63,0.40679245283018867,1.44,0,False,0.0,0.0,0.0,0.0,2.3805,2.3805,0,,,,,1.0,1.0
5633,4.8004,103.6743,2019,2018-06-29,2019-06-29,Pacific,25.63,5.0,4.9,2.65,2.65,2.65,0.6396226415094339,1.45,0,False,0.0,0.0,0.0,0.0,0.6311,0.6311,0,,,,,1.0,1.0
5637,4.8061,103.6745,2014,2013-08-15,2014-08-15,Pacific,29.69,0.25,6.0,3.83,3.83,3.83,0.25849056603773585,1.43,0,False,0.0,0.0,0.0,0.0,0.0,0.0,0,,,,,1.0,1.0
5637,4.8061,103.6745,2015,2014-06-19,2015-06-19,Pacific,24.06,0.0,5.5,0.15,0.15,3.83,0.3062264150943396,1.71,0,False,0.0,0.0,0.0,0.0,0.0,0.0,0,,,,,1.0,1.0
5637,4.8061,103.6745,2016,2015-06-11,2016-06-10,Pacific,27.185,25.0,5.0,4.22,4.22,4.22,0.7079245283018869,1.86,0,False,0.0,0.0,0.0,0.0,0.0,0.0,0,,,,,0.0,0.0
5637,4.8061,103.6745,2017,2016-05-06,2017-05-06,Pacific,26.56,15.0,5.0,0.0,0.0,4.22,0.6796226415094337,1.7,0,False,0.0,0.0,0.0,0.0,0.0,0.0,0,,,,,0.0,0.0
5637,4.8061,103.6745,2018,2017-07-27,2018-07-27,Pacific,27.81,0.0,5.8,1.63,1.63,1.63,0.40679245283018867,1.44,0,False,0.0,0.0,0.0,0.0,2.3805,2.3805,0,,,,,1.0,1.0
5637,4.8061,103.6745,2019,2018-06-28,2019-06-28,Pacific,25.62,30.0,5.1,2.65,2.65,2.65,0.6396226415094339,1.45,0,False,0.0,0.0,0.0,0.0,0.6311,0.6311,0,,,,,1.0,1.0
5638,4.8091,103.6778,2014,2013-08-15,2014-08-15,Pacific,32.19,0.0,3.0,3.83,3.83,3.83,0.25849056603773585,1.43,0,False,0.0,0.0,0.0,0.0,0.0,0.0,0,,,,,1.0,1.0
5638,4.8091,103.6778,2015,2014-06-19,2015-06-19,Pacific,38.44,15.0,4.5,0.15,0.15,3.83,0.3062264150943396,1.71,0,False,0.0,0.0,0.0,0.0,0.0,0.0,0,,,,,1.0,1.0
5638,4.8091,103.6778,2016,2015-06-11,2016-06-10,Pacific,40.94,72.5,4.0,4.22,4.22,4.22,0.7079245283018869,1.86,0,False,0.0,0.0,0.0,0.0,0.0,0.0,0,,,,,0.0,0.0
5638,4.8091,103.6778,2017,2016-06-05,2017-06-05,Pacific,37.5,15.0,3.5,0.3,0.3,4.22,0.631509433962264,1.7,0,False,0.0,0.0,0.0,0.0,0.0,0.0,0,,,,,0.0,0.0
5638,4.8091,103.6778,2018,2017-07-27,2018-07-27,Pacific,38.435,0.0,7.0,1.63,1.63,1.63,0.40679245283018867,1.44,0,False,0.0,0.0,0.0,0.0,2.3805,2.3805,0,,,,,1.0,1.0
5638,4.8091,103.6778,2019,2018-06-29,2019-06-29,Pacific,42.185,2.5,4.2,2.65,2.65,2.65,0.6396226415094339,1.45,0,False,0.0,0.0,0.0,0.0,0.6311,0.6311,0,,,,,1.0,1.0
5640,4.8128,103.6759,2014,2013-08-16,2014-08-16,Pacific,13.44,0.5,7.0,3.36,3.83,3.83,0.25849056603773585,1.43,0,False,0.0,0.0,0.0,0.0,0.0,0.0,0,,,,,1.0,1.0
5640,4.8128,103.6759,2015,2014-06-20,2015-06-20,Pacific,22.5,0.0,6.5,0.15,0.15,3.83,0.3062264150943396,1.71,0,False,0.0,0.0,0.0,0.0,0.0,0.0,0,,,,,1.0,1.0
5640,4.8128,103.6759,2016,2015-06-12,2016-06-11,Pacific,12.19,0.0,6.0,4.22,4.22,4.22,0.7073584905660376,1.86,0,False,0.0,0.0,0.0,0.0,0.0,0.0,0,,,,,0.0,0.0
5640,4.8128,103.6759,2017,2016-06-05,2017-06-05,Pacific,14.379999999999999,0.0,6.0,0.3,0.3,4.22,0.631509433962264,1.7,0,False,0.0,0.0,0.0,0.0,0.0,0.0,0,,,,,0.0,0.0
5640,4.8128,103.6759,2018,2017-07-28,2018-07-28,Pacific,27.81,0.0,7.3,1.63,1.63,1.63,0.40679245283018867,1.44,0,False,0.0,0.0,0.0,0.0,2.3805,2.3805,0,,,,,1.0,1.0
5640,4.8128,103.6759,2019,2018-06-28,2019-06-28,Pacific,10.94,5.0,6.3,2.65,2.65,2.65,0.6396226415094339,1.45,0,False,0.0,0.0,0.0,0.0,0.6311,0.6311,0,,,,,1.0,1.0
5642,4.8155,103.6804,2014,2013-08-16,2014-08-16,Pacific,34.375,0.0,6.0,3.36,3.83,3.83,0.25849056603773585,1.43,0,False,0.0,0.0,0.0,0.0,0.0,0.0,0,,,,,1.0,1.0
5642,4.8155,103.6804,2015,2014-06-20,2015-06-20,Pacific,36.56,0.0,6.0,0.15,0.15,3.83,0.3062264150943396,1.71,0,False,0.0,0.0,0.0,0.0,0.0,0.0,0,,,,,1.0,1.0
5642,4.8155,103.6804,2016,2015-06-12,2016-06-11,Pacific,34.065,15.0,5.0,4.22,4.22,4.22,0.7073584905660376,1.86,0,False,0.0,0.0,0.0,0.0,0.0,0.0,0,,,,,0.0,0.0
5642,4.8155,103.6804,2017,2016-05-05,2017-05-05,Pacific,37.185,0.0,5.0,0.0,0.0,4.22,0.6796226415094337,1.7,0,False,0.0,0.0,0.0,0.0,0.0,0.0,0,,,,,0.0,0.0
5642,4.8155,103.6804,2018,2017-07-28,2018-07-28,Pacific,27.815,0.0,5.8,1.63,1.63,1.63,0.40679245283018867,1.44,0,False,0.0,0.0,0.0,0.0,2.3805,2.3805,0,,,,,1.0,1.0
5642,4.8155,103.6804,2019,2018-06-28,2019-06-28,Pacific,31.880000000000003,20.0,6.7,2.65,2.65,2.65,0.6396226415094339,1.45,0,False,0.0,0.0,0.0,0.0,0.6311,0.6311,0,,,,,1.0,1.0
5643,4.8173,103.6792,2014,2013-08-15,2014-08-15,Pacific,16.875,0.25,10.0,3.83,3.83,3.83,0.25849056603773585,1.43,0,False,0.0,0.0,0.0,0.0,0.0,0.0,0,,,,,1.0,1.0
5643,4.8173,103.6792,2015,2014-06-19,2015-06-19,Pacific,17.81,0.0,12.0,0.15,0.15,3.83,0.3062264150943396,1.71,0,False,0.0,0.0,0.0,0.0,0.0,0.0,0,,,,,1.0,1.0
5643,4.8173,103.6792,2016,2015-06-11,2016-06-10,Pacific,19.69,0.5,11.0,4.22,4.22,4.22,0.7079245283018869,1.86,0,False,0.0,0.0,0.0,0.0,0.0,0.0,0,,,,,0.0,0.0
5643,4.8173,103.6792,2017,2016-05-05,2017-05-05,Pacific,20.31,0.0,12.0,0.0,0.0,4.22,0.6796226415094337,1.7,0,False,0.0,0.0,0.0,0.0,0.0,0.0,0,,,,,0.0,0.0
5643,4.8173,103.6792,2018,2017-07-28,2018-07-28,Pacific,18.435,0.0,8.8,1.63,1.63,1.63,0.40679245283018867,1.44,0,False,0.0,0.0,0.0,0.0,2.3805,2.3805,0,,,,,1.0,1.0
5643,4.8173,103.6792,2019,2018-06-29,2019-06-29,Pacific,22.19,3.75,9.6,2.65,2.65,2.65,0.6396226415094339,1.45,0,False,0.0,0.0,0.0,0.0,0.6311,0.6311,0,,,,,1.0,1.0
5644,4.9074,118.2432,2013,2012-12-12,2013-12-12,Pacific,15.625,0.0,8.5,0.0,0.0,0.77,0.5452830188679245,1.45,0,False,0.0,0.0,0.0,0.0,0.0,0.0,0,,,,,0.0,0.0
5644,4.9074,118.2432,2014,2013-09-28,2014-09-28,Pacific,11.875,0.0,8.5,0.0,2.14,2.14,0.5279245283018869,1.47,0,False,0.0,0.0,0.0,0.0,0.0,0.0,0,,,,,0.0,0.0
5644,4.9074,118.2432,2015,2014-09-10,2015-09-10,Pacific,10.31,0.0,8.5,0.0,1.52,1.52,0.5269811320754716,1.33,0,False,0.0,0.0,0.0,0.0,0.0,0.0,0,,,,,0.0,0.0
5644,4.9074,118.2432,2016,2015-09-26,2016-09-25,Pacific,7.8149999999999995,0.0,7.9,0.3,7.0600000000000005,7.0600000000000005,0.9764150943396226,1.67,21,False,0.0,0.0,0.0,0.0,0.0,0.0,0,,,,,0.0,0.0
5644,4.9074,118.2432,2017,2016-08-09,2017-08-09,Pacific,11.56,0.0,8.5,1.28,1.28,1.28,0.7426415094339622,1.52,0,False,0.0,0.0,0.0,0.0,0.0,0.0,0,,,,,0.0,0.0
5644,4.9074,118.2432,2018,2017-09-10,2018-09-10,Pacific,9.685,0.25,8.5,0.0,0.0,0.0,0.8056603773584905,1.41,0,False,0.0,0.0,0.0,0.0,0.0,0.0,0,,,,,0.0,0.0
5644,4.9074,118.2432,2019,2018-09-09,2019-09-09,Pacific,14.06,0.0,8.5,0.15,1.64,1.64,0.7792452830188679,1.31,0,False,381.3672,381.3672,1664.8793,1664.8793,2537.1142,2537.1142,8,,,,,0.0,0.0
5645,4.9085,118.1774,2014,2013-09-30,2014-09-30,Pacific,15.935,0.0,8.0,0.0,2.17,2.17,0.5545283018867926,1.47,0,True,0.0,0.0,0.0,0.0,0.0,0.0,0,,,,,0.0,0.0
5645,4.9085,118.1774,2015,2014-09-09,2015-09-09,Pacific,25.31,0.0,8.0,0.0,1.7,1.7,0.5641509433962263,1.42,0,True,0.0,0.0,0.0,0.0,0.0,0.0,0,,,,,0.0,0.0
5645,4.9085,118.1774,2016,2015-09-25,2016-09-24,Pacific,11.25,0.0,7.6,0.3,7.35,7.35,1.0124528301886793,1.7,21,True,0.0,0.0,0.0,0.0,0.0,0.0,0,,,,,0.0,0.0
5645,4.9085,118.1774,2017,2016-07-09,2017-07-09,Pacific,19.375,0.0,8.0,1.75,1.75,6.25,0.8153846153846155,1.6,0,True,0.0,0.0,0.0,0.0,0.0,0.0,0,,,,,0.0,0.0
5645,4.9085,118.1774,2018,2017-09-09,2018-09-09,Pacific,14.379999999999999,0.0,8.0,0.44,0.44,0.44,0.8562264150943397,1.48,0,True,0.0,0.0,0.0,0.0,0.0,0.0,0,,,,,0.0,0.0
5645,4.9085,118.1774,2019,2018-09-08,2019-09-08,Pacific,22.5,0.0,8.0,0.44,3.18,3.18,0.8577358490566035,1.36,0,True,111.7112,111.7112,1076.703,1076.703,2352.4525,2352.4525,6,,,,,0.0,0.0
5646,4.9123,118.2543,2013,2012-12-12,2013-12-12,Pacific,23.44,0.0,5.5,0.0,0.0,0.78,0.5413207547169813,1.45,0,False,0.0,0.0,0.0,0.0,0.0,0.0,0,,,,,0.0,0.0
5646,4.9123,118.2543,2014,2013-09-28,2014-09-28,Pacific,20.625,0.0,6.0,0.0,2.12,2.12,0.5220754716981133,1.47,0,False,0.0,0.0,0.0,0.0,0.0,0.0,0,,,,,0.0,0.0
5646,4.9123,118.2543,2015,2014-09-10,2015-09-10,Pacific,10.625,0.0,6.0,0.0,1.5,1.5,0.5133962264150943,1.29,0,False,0.0,0.0,0.0,0.0,0.0,0.0,0,,,,,0.0,0.0
5646,4.9123,118.2543,2016,2015-09-26,2016-09-25,Pacific,17.5,0.0,7.9,0.31,7.04,7.04,0.9675471698113206,1.67,21,False,0.0,0.0,0.0,0.0,0.0,0.0,0,,,,,0.0,0.0
5646,4.9123,118.2543,2017,2016-08-09,2017-08-09,Pacific,4.685,0.0,6.0,1.57,1.57,1.57,0.7254716981132076,1.48,0,False,0.0,0.0,0.0,0.0,0.0,0.0,0,,,,,0.0,0.0
5646,4.9123,118.2543,2018,2017-09-10,2018-09-10,Pacific,8.125,0.0,6.0,0.0,0.0,0.0,0.7918867924528303,1.41,0,False,0.0,0.0,0.0,0.0,0.0,0.0,0,,,,,0.0,0.0
5646,4.9123,118.2543,2019,2018-09-09,2019-09-09,Pacific,5.0,0.0,6.0,0.16,1.2,1.2,0.7533962264150943,1.27,0,False,381.3672,381.3672,1664.8793,1664.8793,2537.1142,2537.1142,8,,,,,0.0,0.0
5647,4.9208,118.2013,2014,2013-09-30,2014-09-30,Pacific,24.065,0.0,8.5,0.0,2.14,2.14,0.5279245283018869,1.47,0,False,0.0,0.0,0.0,0.0,0.0,0.0,0,,,,,0.0,0.0
5647,4.9208,118.2013,2015,2014-09-09,2015-09-09,Pacific,17.81,0.0,7.0,0.0,1.52,1.52,0.5269811320754716,1.33,0,False,0.0,0.0,0.0,0.0,0.0,0.0,0,,,,,0.0,0.0
5647,4.9208,118.2013,2016,2015-09-25,2016-09-24,Pacific,16.56,0.0,8.5,0.3,7.0600000000000005,7.0600000000000005,0.9764150943396226,1.67,21,False,0.0,0.0,0.0,0.0,0.0,0.0,0,,,,,0.0,0.0
5647,4.9208,118.2013,2017,2016-07-09,2017-07-09,Pacific,7.81,0.0,8.0,1.28,1.28,5.96,0.7523076923076923,1.64,0,False,0.0,0.0,0.0,0.0,0.0,0.0,0,,,,,0.0,0.0
5647,4.9208,118.2013,2018,2017-09-09,2018-09-09,Pacific,12.5,0.0,8.5,0.0,0.0,0.0,0.8056603773584905,1.41,0,False,0.0,0.0,0.0,0.0,0.0,0.0,0,,,,,0.0,0.0
5647,4.9208,118.2013,2019,2018-09-08,2019-09-08,Pacific,8.12,0.0,8.5,0.15,1.64,1.64,0.7792452830188679,1.31,0,False,434.7303,434.7303,1076.703,1076.703,2479.9612,2479.9612,8,,,,,0.0,0.0
5649,4.9235,118.2561,2014,2013-09-26,2014-09-26,Pacific,24.064999999999998,0.0,8.0,0.0,2.12,2.12,0.5220754716981133,1.47,0,False,0.0,0.0,0.0,0.0,0.0,0.0,0,,,,,0.0,0.0
5649,4.9235,118.2561,2015,2014-09-11,2015-09-11,Pacific,7.1899999999999995,0.0,8.7,0.0,1.5,1.5,0.5079245283018867,1.29,0,False,0.0,0.0,0.0,0.0,0.0,0.0,0,,,,,0.0,0.0
5649,4.9235,118.2561,2016,2015-09-26,2016-09-25,Pacific,4.375,0.0,7.0,0.31,7.04,7.04,0.9675471698113206,1.67,21,False,0.0,0.0,0.0,0.0,0.0,0.0,0,,,,,0.0,0.0
5649,4.9235,118.2561,2017,2016-09-09,2017-09-09,Pacific,2.815,0.0,8.0,0.63,1.57,1.57,0.7349056603773585,1.51,0,False,0.0,0.0,0.0,0.0,0.0,0.0,0,,,,,0.0,0.0
5649,4.9235,118.2561,2018,2017-09-10,2018-09-10,Pacific,17.185,0.0,8.0,0.0,0.0,0.0,0.7918867924528303,1.41,0,False,0.0,0.0,0.0,0.0,0.0,0.0,0,,,,,0.0,0.0
5649,4.9235,118.2561,2019,2018-09-09,2019-09-09,Pacific,8.75,0.0,8.0,0.16,1.2,1.2,0.7533962264150943,1.27,0,False,381.3672,381.3672,1664.8793,1664.8793,2537.1142,2537.1142,8,,,,,0.0,0.0
5650,4.924,118.2667,2014,2013-09-29,2014-09-29,Pacific,20.94,0.0,11.0,0.0,2.12,2.12,0.5220754716981133,1.47,0,False,0.0,0.0,0.0,0.0,0.0,0.0,0,,,,,0.0,0.0
5650,4.924,118.2667,2015,2014-09-10,2015-09-10,Pacific,25.31,0.0,11.0,0.0,1.5,1.5,0.5133962264150943,1.29,0,False,0.0,0.0,0.0,0.0,0.0,0.0,0,,,,,0.0,0.0
5650,4.924,118.2667,2016,2015-09-26,2016-09-25,Pacific,10.62,0.0,11.0,0.31,7.04,7.04,0.9675471698113206,1.67,21,False,0.0,0.0,0.0,0.0,0.0,0.0,0,,,,,0.0,0.0
5650,4.924,118.2667,2017,2016-09-09,2017-09-09,Pacific,15.31,0.0,11.0,0.63,1.57,1.57,0.7349056603773585,1.51,0,False,0.0,0.0,0.0,0.0,0.0,0.0,0,,,,,0.0,0.0
5650,4.924,118.2667,2018,2017-09-11,2018-09-11,Pacific,20.0,0.0,11.0,0.0,0.0,0.0,0.780188679245283,1.41,0,False,0.0,0.0,0.0,0.0,0.0,0.0,0,,,,,0.0,0.0
5650,4.924,118.2667,2019,2018-09-09,2019-09-09,Pacific,19.69,0.0,11.0,0.16,1.2,1.2,0.7533962264150943,1.27,0,False,609.9562,609.9562,1664.8793,1664.8793,2537.1142,2537.1142,8,,,,,0.0,0.0
5654,4.9302,118.2285,2014,2013-09-30,2014-09-30,Pacific,24.69,0.0,6.0,0.0,2.14,2.14,0.5279245283018869,1.47,0,False,0.0,0.0,0.0,0.0,0.0,0.0,0,,,,,0.0,0.0
5654,4.9302,118.2285,2015,2014-09-09,2015-09-09,Pacific,23.75,0.0,6.0,0.0,1.52,1.52,0.5269811320754716,1.33,0,False,0.0,0.0,0.0,0.0,0.0,0.0,0,,,,,0.0,0.0
5654,4.9302,118.2285,2016,2015-09-25,2016-09-24,Pacific,18.435,0.0,6.1,0.3,7.0600000000000005,7.0600000000000005,0.9764150943396226,1.67,21,False,0.0,0.0,0.0,0.0,0.0,0.0,0,,,,,0.0,0.0
5654,4.9302,118.2285,2017,2016-07-09,2017-07-09,Pacific,18.119999999999997,0.0,6.0,1.28,1.28,5.96,0.7523076923076923,1.64,0,False,0.0,0.0,0.0,0.0,0.0,0.0,0,,,,,0.0,0.0
5654,4.9302,118.2285,2018,2017-09-09,2018-09-09,Pacific,15.935,0.0,6.0,0.0,0.0,0.0,0.8056603773584905,1.41,0,False,0.0,0.0,0.0,0.0,0.0,0.0,0,,,,,0.0,0.0
5654,4.9302,118.2285,2019,2018-09-08,2019-09-08,Pacific,10.625,0.0,6.0,0.15,1.64,1.64,0.7792452830188679,1.31,0,False,381.3672,381.3672,1461.0395,1461.0395,2535.4651,2535.4651,8,,,,,0.0,0.0
5656,4.9379,118.2744,2013,2012-12-11,2013-12-11,Pacific,10.625,0.0,10.0,0.0,0.0,0.78,0.5413207547169813,1.45,0,False,0.0,0.0,0.0,0.0,0.0,0.0,0,,,,,0.0,0.0
5656,4.9379,118.2744,2014,2013-09-27,2014-09-27,Pacific,19.369999999999997,3.75,10.0,0.0,2.12,2.12,0.5220754716981133,1.47,0,False,0.0,0.0,0.0,0.0,0.0,0.0,0,,,,,0.0,0.0
5656,4.9379,118.2744,2015,2014-09-08,2015-09-08,Pacific,5.31,0.0,10.0,0.0,1.5,1.5,0.5133962264150943,1.29,0,False,0.0,0.0,0.0,0.0,0.0,0.0,0,,,,,0.0,0.0
5656,4.9379,118.2744,2016,2015-09-24,2016-09-23,Pacific,10.62,0.0,10.4,0.31,7.04,7.04,0.960754716981132,1.67,21,False,0.0,0.0,0.0,0.0,0.0,0.0,0,,,,,0.0,0.0
5656,4.9379,118.2744,2017,2016-06-09,2017-06-09,Pacific,6.880000000000001,0.0,10.0,1.57,1.57,7.04,0.7667924528301888,1.64,7,False,0.0,0.0,0.0,0.0,0.0,0.0,0,,,,,0.0,0.0
5656,4.9379,118.2744,2018,2017-09-11,2018-09-11,Pacific,3.435,0.0,10.0,0.0,0.0,0.0,0.780188679245283,1.41,0,False,0.0,0.0,0.0,0.0,0.0,0.0,0,,,,,0.0,0.0
5656,4.9379,118.2744,2019,2018-09-10,2019-09-10,Pacific,4.375,0.0,10.0,0.16,1.2,1.2,0.7533962264150943,1.27,0,False,286.9371,286.9371,1664.8793,1664.8793,2537.1142,2537.1142,7,,,,,0.0,0.0
5659,4.9416,118.2824,2013,2012-12-11,2013-12-11,Pacific,14.375,0.0,10.0,0.0,0.0,0.78,0.5413207547169813,1.45,0,False,0.0,0.0,0.0,0.0,0.0,0.0,0,,,,,0.0,0.0
5659,4.9416,118.2824,2014,2013-09-27,2014-09-27,Pacific,27.185,0.0,10.0,0.0,2.12,2.12,0.5220754716981133,1.47,0,False,0.0,0.0,0.0,0.0,0.0,0.0,0,,,,,0.0,0.0
5659,4.9416,118.2824,2015,2014-09-08,2015-09-08,Pacific,20.625,0.0,10.0,0.0,1.5,1.5,0.5133962264150943,1.29,0,False,0.0,0.0,0.0,0.0,0.0,0.0,0,,,,,0.0,0.0
5659,4.9416,118.2824,2016,2015-09-24,2016-09-23,Pacific,17.189999999999998,0.0,9.3,0.31,7.04,7.04,0.960754716981132,1.67,21,False,0.0,0.0,0.0,0.0,0.0,0.0,0,,,,,0.0,0.0
5659,4.9416,118.2824,2017,2016-06-09,2017-06-09,Pacific,17.19,0.0,10.0,1.57,1.57,7.04,0.7667924528301888,1.64,7,False,0.0,0.0,0.0,0.0,0.0,0.0,0,,,,,0.0,0.0
5659,4.9416,118.2824,2018,2017-09-12,2018-09-12,Pacific,10.0,0.0,10.0,0.0,0.0,0.0,0.780188679245283,1.41,0,False,0.0,0.0,0.0,0.0,0.0,0.0,0,,,,,0.0,0.0
5659,4.9416,118.2824,2019,2018-09-10,2019-09-10,Pacific,14.375,0.0,10.0,0.16,1.2,1.2,0.7533962264150943,1.27,0,False,286.9371,286.9371,1664.8793,1664.8793,2537.1142,2537.1142,7,,,,,0.0,0.0
5660,4.9425,118.2939,2013,2012-12-10,2013-12-10,Pacific,15.94,0.0,6.5,0.0,0.0,0.78,0.5240384615384616,1.45,0,False,0.0,0.0,0.0,0.0,0.0,0.0,0,,,,,0.0,0.0
5660,4.9425,118.2939,2014,2013-09-27,2014-09-27,Pacific,23.119999999999997,0.0,6.5,0.0,2.12,2.12,0.5220754716981133,1.47,0,False,0.0,0.0,0.0,0.0,0.0,0.0,0,,,,,0.0,0.0
5660,4.9425,118.2939,2015,2014-09-08,2015-09-08,Pacific,15.94,0.0,6.0,0.0,1.5,1.5,0.5133962264150943,1.29,0,False,0.0,0.0,0.0,0.0,0.0,0.0,0,,,,,0.0,0.0
5660,4.9425,118.2939,2016,2015-09-24,2016-09-23,Pacific,8.75,0.0,6.0,0.31,7.04,7.04,0.960754716981132,1.67,21,False,0.0,0.0,0.0,0.0,0.0,0.0,0,,,,,0.0,0.0
5660,4.9425,118.2939,2017,2016-06-09,2017-06-09,Pacific,11.56,0.0,6.5,1.57,1.57,7.04,0.7667924528301888,1.64,7,False,0.0,0.0,0.0,0.0,0.0,0.0,0,,,,,0.0,0.0
5660,4.9425,118.2939,2018,2017-09-12,2018-09-12,Pacific,16.56,0.0,6.0,0.0,0.0,0.0,0.780188679245283,1.41,0,False,0.0,0.0,0.0,0.0,0.0,0.0,0,,,,,0.0,0.0
5660,4.9425,118.2939,2019,2018-09-11,2019-09-11,Pacific,22.5,0.0,6.0,0.16,1.2,1.2,0.7632075471698114,1.27,0,False,286.9371,286.9371,1664.8793,1664.8793,2537.1142,2537.1142,7,,,,,0.0,0.0
5663,4.9487,118.2513,2014,2013-09-29,2014-09-29,Pacific,29.69,0.0,7.0,0.0,2.12,2.12,0.5220754716981133,1.47,0,False,0.0,0.0,0.0,0.0,0.0,0.0,0,,,,,0.0,0.0
5663,4.9487,118.2513,2015,2014-09-11,2015-09-11,Pacific,20.315,0.0,7.0,0.0,1.5,1.5,0.5079245283018867,1.29,0,False,0.0,0.0,0.0,0.0,0.0,0.0,0,,,,,0.0,0.0
5663,4.9487,118.2513,2016,2015-09-26,2016-09-25,Pacific,25.310000000000002,0.0,6.7,0.31,7.04,7.04,0.9675471698113206,1.67,21,False,0.0,0.0,0.0,0.0,0.0,0.0,0,,,,,0.0,0.0
5663,4.9487,118.2513,2017,2016-09-09,2017-09-09,Pacific,15.315,0.0,7.0,0.63,1.57,1.57,0.7349056603773585,1.51,0,False,0.0,0.0,0.0,0.0,0.0,0.0,0,,,,,0.0,0.0
5663,4.9487,118.2513,2018,2017-09-12,2018-09-12,Pacific,17.5,0.25,7.0,0.0,0.0,0.0,0.780188679245283,1.41,0,False,0.0,0.0,0.0,0.0,0.0,0.0,0,,,,,0.0,0.0
5663,4.9487,118.2513,2019,2018-09-10,2019-09-10,Pacific,14.375,0.0,7.0,0.16,1.2,1.2,0.7533962264150943,1.27,0,False,58.348099999999995,58.348099999999995,1664.8793,1664.8793,2537.1142,2537.1142,5,,,,,0.0,0.0
5664,4.9488,118.2578,2013,2012-12-10,2013-12-10,Pacific,26.875,0.0,7.5,0.0,0.0,0.78,0.5240384615384616,1.45,0,False,0.0,0.0,0.0,0.0,0.0,0.0,0,,,,,0.0,0.0
5664,4.9488,118.2578,2014,2013-09-28,2014-09-28,Pacific,29.06,0.0,8.0,0.0,2.12,2.12,0.5220754716981133,1.47,0,False,0.0,0.0,0.0,0.0,0.0,0.0,0,,,,,0.0,0.0
5664,4.9488,118.2578,2015,2014-09-08,2015-09-08,Pacific,26.875,0.0,8.0,0.0,1.5,1.5,0.5133962264150943,1.29,0,False,0.0,0.0,0.0,0.0,0.0,0.0,0,,,,,0.0,0.0
5664,4.9488,118.2578,2016,2015-09-26,2016-09-25,Pacific,24.065,0.0,7.6,0.31,7.04,7.04,0.9675471698113206,1.67,21,False,0.0,0.0,0.0,0.0,0.0,0.0,0,,,,,0.0,0.0
5664,4.9488,118.2578,2017,2016-08-09,2017-08-09,Pacific,13.44,0.0,8.0,1.57,1.57,1.57,0.7254716981132076,1.48,0,False,0.0,0.0,0.0,0.0,0.0,0.0,0,,,,,0.0,0.0
5664,4.9488,118.2578,2018,2017-09-11,2018-09-11,Pacific,17.19,0.25,8.0,0.0,0.0,0.0,0.780188679245283,1.41,0,False,0.0,0.0,0.0,0.0,0.0,0.0,0,,,,,0.0,0.0
5664,4.9488,118.2578,2019,2018-09-10,2019-09-10,Pacific,19.69,0.0,8.0,0.16,1.2,1.2,0.7533962264150943,1.27,0,False,58.348099999999995,58.348099999999995,1664.8793,1664.8793,2537.1142,2537.1142,5,,,,,0.0,0.0
5666,4.9509,118.2579,2013,2012-12-12,2013-12-12,Pacific,30.625,0.0,8.5,0.0,0.0,0.77,0.5452830188679245,1.45,0,True,0.0,0.0,0.0,0.0,0.0,0.0,0,,,,,0.0,0.0
5666,4.9509,118.2579,2014,2013-09-26,2014-09-26,Pacific,19.375,0.0,8.5,0.0,2.14,2.14,0.5279245283018869,1.47,0,True,0.0,0.0,0.0,0.0,0.0,0.0,0,,,,,0.0,0.0
5666,4.9509,118.2579,2015,2014-09-10,2015-09-10,Pacific,17.19,0.0,8.5,0.0,1.52,1.52,0.5269811320754716,1.33,0,True,0.0,0.0,0.0,0.0,0.0,0.0,0,,,,,0.0,0.0
5666,4.9509,118.2579,2016,2015-09-26,2016-09-25,Pacific,18.75,0.0,7.6,0.3,7.0600000000000005,7.0600000000000005,0.9764150943396226,1.67,21,True,0.0,0.0,0.0,0.0,0.0,0.0,0,,,,,0.0,0.0
5666,4.9509,118.2579,2017,2016-05-09,2017-05-09,Pacific,31.56,0.0,8.0,0.35,0.35,7.0600000000000005,0.8026415094339626,1.64,21,True,0.0,0.0,0.0,0.0,0.0,0.0,0,,,,,0.0,0.0
5666,4.9509,118.2579,2018,2017-09-11,2018-09-11,Pacific,15.625,0.0,8.5,0.0,0.0,0.0,0.7937735849056601,1.41,0,True,0.0,0.0,0.0,0.0,0.0,0.0,0,,,,,0.0,0.0
5666,4.9509,118.2579,2019,2018-09-11,2019-09-11,Pacific,14.69,0.0,8.5,0.15,1.64,1.64,0.7890566037735849,1.31,0,True,58.348099999999995,58.348099999999995,1664.8793,1664.8793,2537.1142,2537.1142,5,,,,,0.0,0.0
5667,4.963,118.2528,2013,2012-12-10,2013-12-10,Pacific,24.369999999999997,0.0,8.0,0.0,0.0,0.77,0.5280769230769231,1.45,0,True,0.0,0.0,0.0,0.0,0.0,0.0,0,,,,,0.0,0.0
5667,4.963,118.2528,2014,2013-09-26,2014-09-26,Pacific,32.815,0.0,7.5,0.0,2.14,2.14,0.5279245283018869,1.47,0,True,0.0,0.0,0.0,0.0,0.0,0.0,0,,,,,0.0,0.0
5667,4.963,118.2528,2015,2014-09-09,2015-09-09,Pacific,19.685000000000002,0.0,8.0,0.0,1.52,1.52,0.5269811320754716,1.33,0,True,0.0,0.0,0.0,0.0,0.0,0.0,0,,,,,0.0,0.0
5667,4.963,118.2528,2016,2015-09-25,2016-09-24,Pacific,26.880000000000003,0.0,8.2,0.3,7.0600000000000005,7.0600000000000005,0.9764150943396226,1.67,21,True,0.0,0.0,0.0,0.0,0.0,0.0,0,,,,,0.0,0.0
5667,4.963,118.2528,2017,2016-05-09,2017-05-09,Pacific,31.875,0.0,8.0,0.35,0.35,7.0600000000000005,0.8026415094339626,1.64,21,True,0.0,0.0,0.0,0.0,0.0,0.0,0,,,,,0.0,0.0
5667,4.963,118.2528,2018,2017-09-12,2018-09-12,Pacific,0.31,0.0,8.0,0.0,0.0,0.0,0.7937735849056601,1.41,0,True,0.0,0.0,0.0,0.0,0.0,0.0,0,,,,,0.0,0.0
5667,4.963,118.2528,2019,2018-09-11,2019-09-11,Pacific,1.56,0.0,8.0,0.15,1.64,1.64,0.7890566037735849,1.31,0,True,58.348099999999995,58.348099999999995,1203.3123,1203.3123,2537.1142,2537.1142,5,,,,,0.0,0.0
5668,4.9671,118.264,2013,2012-12-10,2013-12-10,Pacific,24.369999999999997,0.0,5.5,0.0,0.0,0.77,0.5280769230769231,1.45,0,True,0.0,0.0,0.0,0.0,0.0,0.0,0,,,,,0.0,0.0
5668,4.9671,118.264,2014,2013-09-26,2014-09-26,Pacific,29.369999999999997,0.25,5.5,0.0,2.14,2.14,0.5279245283018869,1.47,0,True,0.0,0.0,0.0,0.0,0.0,0.0,0,,,,,0.0,0.0
5668,4.9671,118.264,2015,2014-09-11,2015-09-11,Pacific,13.129999999999999,0.0,5.5,0.0,1.52,1.52,0.5222641509433962,1.33,0,True,0.0,0.0,0.0,0.0,0.0,0.0,0,,,,,0.0,0.0
5668,4.9671,118.264,2016,2015-09-24,2016-09-23,Pacific,24.38,0.0,6.0,0.3,7.0600000000000005,7.0600000000000005,0.9696226415094339,1.67,21,True,0.0,0.0,0.0,0.0,0.0,0.0,0,,,,,0.0,0.0
5668,4.9671,118.264,2017,2016-05-09,2017-05-09,Pacific,30.94,0.0,8.0,0.35,0.35,7.0600000000000005,0.8026415094339626,1.64,21,True,0.0,0.0,0.0,0.0,0.0,0.0,0,,,,,0.0,0.0
5668,4.9671,118.264,2018,2017-09-13,2018-09-13,Pacific,18.75,0.25,5.5,0.0,0.0,0.0,0.7937735849056601,1.41,0,True,0.0,0.0,0.0,0.0,0.0,0.0,0,,,,,0.0,0.0
5668,4.9671,118.264,2019,2018-09-11,2019-09-11,Pacific,13.125,0.0,5.5,0.15,1.64,1.64,0.7890566037735849,1.31,0,True,286.9371,286.9371,1407.1521,1407.1521,2537.1142,2537.1142,7,,,,,0.0,0.0
5669,5.2088,103.2695,2013,2012-07-31,2013-07-31,Pacific,35.620000000000005,0.0,9.0,0.81,1.13,1.13,0.5958490566037736,1.6,0,False,0.0,0.0,0.0,0.0,0.0,0.0,0,,,,,0.0,0.0
5669,5.2088,103.2695,2014,2013-08-13,2014-08-13,Pacific,34.69,1.0,7.5,2.75,2.75,2.75,0.3284905660377358,1.5,0,False,0.0,0.0,0.0,0.0,0.0,0.0,0,,,,,0.0,0.0
5669,5.2088,103.2695,2015,2014-06-17,2015-06-17,Pacific,32.19,0.0,10.5,0.3,0.3,2.75,0.3949056603773585,1.51,0,False,0.0,0.0,0.0,0.0,0.0,0.0,0,,,,,0.0,0.0
5669,5.2088,103.2695,2016,2015-06-19,2016-06-18,Pacific,39.69,20.0,8.5,2.82,2.82,2.82,0.6692452830188678,1.91,0,False,0.0,0.0,0.0,0.0,0.0,0.0,0,,,,,0.0,0.0
5669,5.2088,103.2695,2017,2016-07-29,2017-07-29,Pacific,29.375,0.0,7.9,0.0,0.0,2.26,0.6173584905660378,1.65,0,False,0.0,0.0,0.0,0.0,0.0,0.0,0,,,,,0.0,0.0
5669,5.2088,103.2695,2018,2017-07-20,2018-07-20,Pacific,28.125,0.0,9.7,0.29,0.29,0.29,0.5154716981132076,1.25,0,False,0.0,0.0,32.476,32.476,32.476,32.476,0,,,,,0.0,0.0
5669,5.2088,103.2695,2019,2018-07-19,2019-07-19,Pacific,35.94,6.25,8.9,2.48,2.48,2.48,0.8281132075471698,1.29,0,False,74.1729,0.0,334.2562,36.3326,335.1898,36.3326,7,,,,,0.0,0.0
5670,5.2245,103.261,2013,2012-07-30,2013-07-30,Pacific,22.19,0.0,4.5,0.81,1.13,1.13,0.5953846153846154,1.6,0,False,0.0,0.0,0.0,0.0,0.0,0.0,0,,,,,0.0,0.0
5670,5.2245,103.261,2015,2014-06-17,2015-06-17,Pacific,26.875,2.5,6.0,0.3,0.3,2.75,0.3949056603773585,1.51,0,False,0.0,0.0,0.0,0.0,0.0,0.0,0,,,,,0.0,0.0
5670,5.2245,103.261,2016,2015-06-19,2016-06-18,Pacific,33.435,65.0,4.0,2.82,2.82,2.82,0.6692452830188678,1.91,0,False,0.0,0.0,0.0,0.0,0.0,0.0,0,,,,,0.0,0.0
5670,5.2245,103.261,2017,2016-07-29,2017-07-29,Pacific,35.0,0.0,4.9,0.0,0.0,2.26,0.6173584905660378,1.65,0,False,0.0,0.0,0.0,0.0,0.0,0.0,0,,,,,0.0,0.0
5670,5.2245,103.261,2018,2017-07-21,2018-07-21,Pacific,32.5,0.0,4.9,0.29,0.29,0.29,0.5154716981132076,1.25,0,False,0.0,0.0,32.476,32.476,32.476,32.476,0,,,,,0.0,0.0
5670,5.2245,103.261,2019,2018-07-20,2019-07-20,Pacific,33.125,65.0,4.4,2.48,2.48,2.48,0.8281132075471698,1.29,0,False,74.1729,0.0,334.2562,36.3326,335.1898,36.3326,7,,,,,0.0,0.0
5671,5.2298,103.268,2013,2012-07-30,2013-07-30,Pacific,22.185,0.0,8.0,0.81,1.13,1.13,0.5953846153846154,1.6,0,False,0.0,0.0,0.0,0.0,0.0,0.0,0,,,,,0.0,0.0
5671,5.2298,103.268,2014,2013-08-13,2014-08-13,Pacific,23.125,1.0,8.5,2.75,2.75,2.75,0.3284905660377358,1.5,0,False,0.0,0.0,0.0,0.0,0.0,0.0,0,,,,,0.0,0.0
5671,5.2298,103.268,2015,2014-06-16,2015-06-16,Pacific,17.5,0.0,8.0,0.3,0.3,2.75,0.3949056603773585,1.51,0,False,0.0,0.0,0.0,0.0,0.0,0.0,0,,,,,0.0,0.0
5671,5.2298,103.268,2016,2015-06-19,2016-06-18,Pacific,35.0,0.0,9.7,2.82,2.82,2.82,0.6692452830188678,1.91,0,False,0.0,0.0,0.0,0.0,0.0,0.0,0,,,,,0.0,0.0
5671,5.2298,103.268,2017,2016-07-29,2017-07-29,Pacific,17.185,0.0,8.2,0.0,0.0,2.26,0.6173584905660378,1.65,0,False,0.0,0.0,0.0,0.0,0.0,0.0,0,,,,,0.0,0.0
5671,5.2298,103.268,2018,2017-07-21,2018-07-21,Pacific,18.44,0.0,8.2,0.29,0.29,0.29,0.5154716981132076,1.25,0,False,22.1843,22.1843,32.476,32.476,32.476,32.476,3,,,,,0.0,0.0
5671,5.2298,103.268,2019,2018-07-20,2019-07-20,Pacific,24.060000000000002,4.0,8.7,2.48,2.48,2.48,0.8281132075471698,1.29,0,False,133.8628,28.683,335.1898,36.3326,335.1898,36.3326,8,,,,,0.0,0.0
5672,5.2352,103.2613,2013,2012-07-29,2013-07-29,Pacific,24.369999999999997,0.0,8.0,0.81,1.13,1.13,0.5860377358490566,1.6,0,False,0.0,0.0,0.0,0.0,0.0,0.0,0,,,,,0.0,0.0
5672,5.2352,103.2613,2014,2013-08-13,2014-08-13,Pacific,21.56,1.0,6.0,2.75,2.75,2.75,0.3284905660377358,1.5,0,False,0.0,0.0,0.0,0.0,0.0,0.0,0,,,,,0.0,0.0
5672,5.2352,103.2613,2015,2014-06-16,2015-06-16,Pacific,17.19,0.5,6.0,0.3,0.3,2.75,0.3949056603773585,1.51,0,False,0.0,0.0,0.0,0.0,0.0,0.0,0,,,,,0.0,0.0
5672,5.2352,103.2613,2016,2015-06-18,2016-06-17,Pacific,16.869999999999997,17.5,4.5,2.82,2.82,2.82,0.6739622641509434,1.91,0,False,0.0,0.0,0.0,0.0,0.0,0.0,0,,,,,0.0,0.0
5672,5.2352,103.2613,2017,2016-07-28,2017-07-28,Pacific,20.315,0.0,5.5,0.0,0.0,2.26,0.6173584905660378,1.65,0,False,0.0,0.0,0.0,0.0,0.0,0.0,0,,,,,0.0,0.0
5672,5.2352,103.2613,2018,2017-07-20,2018-07-20,Pacific,16.25,0.0,4.2,0.29,0.29,0.29,0.5154716981132076,1.25,0,False,22.1843,22.1843,32.476,32.476,32.476,32.476,3,,,,,0.0,0.0
5672,5.2352,103.2613,2019,2018-07-20,2019-07-20,Pacific,20.31,10.0,6.2,2.48,2.48,2.48,0.8281132075471698,1.29,0,False,133.8628,28.683,335.1898,36.3326,335.1898,36.3326,8,,,,,0.0,0.0
5673,5.2358,103.263,2013,2012-07-29,2013-07-29,Pacific,35.31,0.0,10.0,0.81,1.13,1.13,0.5860377358490566,1.6,0,False,0.0,0.0,0.0,0.0,0.0,0.0,0,,,,,0.0,0.0
5673,5.2358,103.263,2014,2013-08-13,2014-08-13,Pacific,29.06,0.5,10.0,2.75,2.75,2.75,0.3284905660377358,1.5,0,False,0.0,0.0,0.0,0.0,0.0,0.0,0,,,,,0.0,0.0
5673,5.2358,103.263,2015,2014-06-16,2015-06-16,Pacific,37.185,0.25,9.5,0.3,0.3,2.75,0.3949056603773585,1.51,0,False,0.0,0.0,0.0,0.0,0.0,0.0,0,,,,,0.0,0.0
5673,5.2358,103.263,2016,2015-06-19,2016-06-18,Pacific,34.375,15.0,8.2,2.82,2.82,2.82,0.6692452830188678,1.91,0,False,0.0,0.0,0.0,0.0,0.0,0.0,0,,,,,0.0,0.0
5673,5.2358,103.263,2017,2016-07-28,2017-07-28,Pacific,26.25,0.0,8.5,0.0,0.0,2.26,0.6173584905660378,1.65,0,False,0.0,0.0,0.0,0.0,0.0,0.0,0,,,,,0.0,0.0
5673,5.2358,103.263,2018,2017-07-20,2018-07-20,Pacific,14.685,0.0,8.5,0.29,0.29,0.29,0.5154716981132076,1.25,0,False,22.1843,22.1843,32.476,32.476,32.476,32.476,3,,,,,0.0,0.0
5673,5.2358,103.263,2019,2018-07-19,2019-07-19,Pacific,24.380000000000003,6.25,9.7,2.48,2.48,2.48,0.8281132075471698,1.29,0,False,133.8628,28.683,335.1898,36.3326,335.1898,36.3326,8,,,,,0.0,0.0
5674,5.5989,103.0642,2013,2012-07-19,2013-07-19,Pacific,37.19,0.0,8.0,0.8300000000000001,0.8300000000000001,0.8300000000000001,0.5545283018867925,1.56,0,False,0.0,0.0,0.0,0.0,0.0,0.0,0,,,,,0.0,2.0
5674,5.5989,103.0642,2014,2013-07-18,2014-07-18,Pacific,37.5,0.5,9.0,1.82,1.82,1.82,0.33169811320754716,1.41,0,False,0.0,0.0,0.0,0.0,0.0,0.0,0,,,,,0.0,2.0
5674,5.5989,103.0642,2015,2014-05-23,2015-05-23,Pacific,44.375,0.25,8.5,0.31,0.31,1.82,0.42584905660377353,1.36,0,False,0.0,0.0,0.0,0.0,0.0,0.0,0,,,,,0.0,2.0
5674,5.5989,103.0642,2016,2015-05-15,2016-05-14,Pacific,17.81,0.0,9.0,0.85,0.85,0.85,0.6962264150943396,1.97,0,False,0.0,0.0,0.0,0.0,0.0,0.0,0,,,,,0.0,1.0
5674,5.5989,103.0642,2017,2016-05-21,2017-05-21,Pacific,20.625,0.0,8.5,0.0,0.0,1.37,0.5821153846153846,1.35,0,False,0.0,0.0,0.0,0.0,0.0,0.0,0,,,,,0.0,1.0
5674,5.5989,103.0642,2018,2017-05-11,2018-05-11,Pacific,23.75,0.0,7.9,0.0,0.0,0.0,0.46415094339622637,1.16,0,False,0.0,0.0,0.0,0.0,0.0,0.0,0,,,,,0.0,1.0
5674,5.5989,103.0642,2019,2018-06-21,2019-06-21,Pacific,22.815,22.5,9.0,2.73,2.73,2.73,0.728490566037736,1.4,0,False,0.0,0.0,0.0,0.0,209.8715,4.2138,0,,,,,0.0,0.0
5675,5.6101,103.063,2013,2012-07-19,2013-07-19,Pacific,16.564999999999998,0.0,8.0,0.8200000000000001,0.8200000000000001,0.8200000000000001,0.5458490566037737,1.54,0,False,0.0,0.0,0.0,0.0,0.0,0.0,0,,,,,0.0,2.0
5675,5.6101,103.063,2014,2013-07-18,2014-07-18,Pacific,5.63,0.0,6.0,1.97,1.97,1.97,0.320566037735849,1.42,0,False,0.0,0.0,0.0,0.0,0.0,0.0,0,,,,,0.0,2.0
5675,5.6101,103.063,2015,2014-05-23,2015-05-23,Pacific,8.75,0.0,6.0,0.16,0.16,1.97,0.41207547169811326,1.33,0,False,0.0,0.0,0.0,0.0,0.0,0.0,0,,,,,0.0,2.0
5675,5.6101,103.063,2016,2015-05-15,2016-05-14,Pacific,4.0649999999999995,0.0,7.0,0.85,0.85,0.85,0.6886792452830188,1.95,0,False,0.0,0.0,0.0,0.0,0.0,0.0,0,,,,,0.0,1.0
5675,5.6101,103.063,2017,2016-05-21,2017-05-21,Pacific,5.625,0.0,8.0,0.0,0.0,1.24,0.5744230769230769,1.35,0,False,0.0,0.0,0.0,0.0,0.0,0.0,0,,,,,0.0,1.0
5675,5.6101,103.063,2018,2017-05-11,2018-05-11,Pacific,4.375,0.0,6.4,0.0,0.0,0.0,0.440566037735849,1.14,0,False,0.0,0.0,0.0,0.0,0.0,0.0,0,,,,,0.0,1.0
5675,5.6101,103.063,2019,2018-06-21,2019-06-21,Pacific,2.185,7.5,6.4,2.43,2.43,2.43,0.710377358490566,1.39,0,False,0.0,0.0,0.0,0.0,209.8715,4.2138,0,,,,,0.0,0.0
5676,5.6152,103.0572,2013,2012-07-19,2013-07-19,Pacific,35.31,0.5,5.0,0.8200000000000001,0.8200000000000001,0.8200000000000001,0.5458490566037737,1.54,0,False,0.0,0.0,0.0,0.0,0.0,0.0,0,,,,,0.0,2.0
5676,5.6152,103.0572,2014,2013-07-18,2014-07-18,Pacific,24.375,0.25,6.0,1.97,1.97,1.97,0.320566037735849,1.42,0,False,0.0,0.0,0.0,0.0,0.0,0.0,0,,,,,0.0,2.0
5676,5.6152,103.0572,2015,2014-05-23,2015-05-23,Pacific,33.75,0.0,6.0,0.16,0.16,1.97,0.41207547169811326,1.33,0,False,0.0,0.0,0.0,0.0,0.0,0.0,0,,,,,0.0,2.0
5676,5.6152,103.0572,2016,2015-05-15,2016-05-14,Pacific,25.94,0.0,6.0,0.85,0.85,0.85,0.6886792452830188,1.95,0,False,0.0,0.0,0.0,0.0,0.0,0.0,0,,,,,0.0,1.0
5676,5.6152,103.0572,2017,2016-05-21,2017-05-21,Pacific,12.81,0.0,6.0,0.0,0.0,1.24,0.5744230769230769,1.35,0,False,0.0,0.0,0.0,0.0,0.0,0.0,0,,,,,0.0,1.0
5676,5.6152,103.0572,2018,2017-05-12,2018-05-12,Pacific,25.0,0.0,5.2,0.0,0.0,0.0,0.440566037735849,1.14,0,False,0.0,0.0,0.0,0.0,0.0,0.0,0,,,,,0.0,1.0
5676,5.6152,103.0572,2019,2018-06-21,2019-06-21,Pacific,26.56,37.5,5.4,2.43,2.43,2.43,0.710377358490566,1.39,0,False,0.0,0.0,0.0,0.0,209.8715,4.2138,0,,,,,0.0,0.0
5677,5.6256,103.1595,2013,2012-07-20,2013-07-20,Pacific,21.875,0.25,10.0,0.94,0.94,0.94,0.540377358490566,1.54,0,False,0.0,0.0,0.0,0.0,0.0,0.0,0,,,,,0.0,0.0
5677,5.6256,103.1595,2014,2013-07-19,2014-07-19,Pacific,21.869999999999997,0.75,10.0,2.81,2.81,2.81,0.32339622641509436,1.55,0,False,0.0,0.0,0.0,0.0,0.0,0.0,0,,,,,0.0,0.0
5677,5.6256,103.1595,2015,2014-05-24,2015-05-24,Pacific,31.56,0.0,10.0,0.33,0.33,2.81,0.39716981132075474,1.34,0,False,0.0,0.0,0.0,0.0,0.0,0.0,0,,,,,0.0,0.0
5677,5.6256,103.1595,2016,2015-05-14,2016-05-13,Pacific,32.81,0.0,10.0,0.48,0.48,0.48,0.6684905660377358,1.93,0,False,0.0,0.0,0.0,0.0,0.0,0.0,0,,,,,0.0,0.0
5677,5.6256,103.1595,2017,2016-05-21,2017-05-21,Pacific,27.815,0.0,10.0,0.0,0.0,2.1,0.5690384615384615,1.36,0,False,0.0,0.0,0.0,0.0,0.0,0.0,0,,,,,0.0,0.0
5677,5.6256,103.1595,2018,2017-05-12,2018-05-12,Pacific,29.69,0.0,9.4,0.0,0.0,0.0,0.4264150943396227,1.18,0,False,0.0,0.0,0.0,0.0,1.4169,1.4169,0,,,,,0.0,0.0
5677,5.6256,103.1595,2019,2018-06-22,2019-06-22,Pacific,31.565,0.0,9.6,2.53,2.53,2.53,0.7083018867924531,1.27,0,False,0.0,0.0,0.0,0.0,244.3139,22.9179,0,,,,,0.0,0.0
5678,5.6436,103.1511,2013,2012-07-20,2013-07-20,Pacific,29.065,0.75,10.0,0.94,0.94,0.94,0.540377358490566,1.54,0,False,0.0,0.0,0.0,0.0,0.0,0.0,0,,,,,0.0,0.0
5678,5.6436,103.1511,2014,2013-07-19,2014-07-19,Pacific,28.75,1.75,10.0,2.81,2.81,2.81,0.32339622641509436,1.55,0,False,0.0,0.0,0.0,0.0,0.0,0.0,0,,,,,0.0,0.0
5678,5.6436,103.1511,2015,2014-05-24,2015-05-24,Pacific,26.56,0.0,10.0,0.33,0.33,2.81,0.39716981132075474,1.34,0,False,0.0,0.0,0.0,0.0,0.0,0.0,0,,,,,0.0,0.0
5678,5.6436,103.1511,2016,2015-05-14,2016-05-13,Pacific,33.44,0.0,10.0,0.48,0.48,0.48,0.6684905660377358,1.93,0,False,0.0,0.0,0.0,0.0,0.0,0.0,0,,,,,0.0,1.0
5678,5.6436,103.1511,2017,2016-05-21,2017-05-21,Pacific,33.125,0.0,10.0,0.0,0.0,2.1,0.5690384615384615,1.36,0,False,0.0,0.0,0.0,0.0,0.0,0.0,0,,,,,0.0,1.0
5678,5.6436,103.1511,2018,2017-05-12,2018-05-12,Pacific,30.935,0.0,9.1,0.0,0.0,0.0,0.4264150943396227,1.18,0,False,0.0,0.0,0.0,0.0,1.4169,1.4169,0,,,,,0.0,1.0
5678,5.6436,103.1511,2019,2018-06-22,2019-06-22,Pacific,27.814999999999998,30.0,10.2,2.53,2.53,2.53,0.7083018867924531,1.27,0,False,0.0,0.0,0.0,0.0,244.3139,22.9179,0,,,,,0.0,0.0
5679,5.6661,103.0713,2013,2012-07-20,2013-07-20,Pacific,36.25,0.0,7.0,0.96,0.96,0.96,0.5409433962264151,1.52,0,False,0.0,0.0,0.0,0.0,0.0,0.0,0,,,,,0.0,2.0
5679,5.6661,103.0713,2014,2013-07-19,2014-07-19,Pacific,43.44,0.5,6.0,2.12,2.12,2.12,0.31169811320754715,1.43,0,False,0.0,0.0,0.0,0.0,0.0,0.0,0,,,,,0.0,3.0
5679,5.6661,103.0713,2015,2014-05-24,2015-05-24,Pacific,40.625,0.0,7.0,0.16,0.16,2.12,0.4015094339622642,1.32,0,False,0.0,0.0,0.0,0.0,0.0,0.0,0,,,,,0.0,4.0
5679,5.6661,103.0713,2016,2015-05-15,2016-05-14,Pacific,30.0,0.0,7.0,0.86,0.86,0.86,0.680754716981132,1.92,0,False,0.0,0.0,0.0,0.0,0.0,0.0,0,,,,,0.0,3.0
5679,5.6661,103.0713,2017,2016-05-21,2017-05-21,Pacific,25.625,0.0,6.5,0.0,0.0,1.24,0.5701923076923077,1.34,0,False,0.0,0.0,0.0,0.0,0.0,0.0,0,,,,,0.0,3.0
5679,5.6661,103.0713,2018,2017-05-12,2018-05-12,Pacific,20.31,0.0,5.8,0.0,0.0,0.0,0.4264150943396227,1.14,0,False,0.0,0.0,0.0,0.0,0.0,0.0,0,,,,,0.0,2.0
5679,5.6661,103.0713,2019,2018-06-22,2019-06-22,Pacific,38.44,40.0,6.5,2.13,2.13,2.13,0.6988679245283018,1.37,0,False,0.0,0.0,0.0,0.0,140.2585,4.2138,0,,,,,0.0,1.0
5681,5.7328,102.9975,2013,2012-09-09,2013-09-09,Pacific,39.06,0.0,6.0,0.0,0.99,0.99,0.5432075471698113,1.51,0,False,0.0,0.0,0.0,0.0,0.0,0.0,0,,,,,0.0,2.0
5681,5.7328,102.9975,2014,2013-06-14,2014-06-14,Pacific,38.75,0.25,7.0,1.61,1.61,1.61,0.24962264150943397,1.32,0,False,0.0,0.0,0.0,0.0,0.0,0.0,0,,,,,0.0,3.0
5681,5.7328,102.9975,2015,2014-05-18,2015-05-18,Pacific,40.625,0.0,7.0,0.0,0.0,1.61,0.4005660377358491,1.33,0,False,0.0,0.0,0.0,0.0,0.0,0.0,0,,,,,0.0,4.0
5681,5.7328,102.9975,2016,2015-05-11,2016-05-10,Pacific,39.685,0.0,6.5,0.16,0.16,0.16,0.6826415094339625,1.87,0,False,0.0,0.0,0.0,0.0,0.0,0.0,0,,,,,0.0,3.0
5681,5.7328,102.9975,2017,2016-05-16,2017-05-16,Pacific,36.56,0.0,6.5,0.0,0.0,1.02,0.5739622641509433,1.33,0,False,0.0,0.0,0.0,0.0,0.0,0.0,0,,,,,0.0,3.0
5681,5.7328,102.9975,2018,2017-05-04,2018-05-04,Pacific,34.370000000000005,0.0,7.0,0.0,0.0,0.0,0.45320754716981143,1.21,0,False,0.0,0.0,0.0,0.0,0.0,0.0,0,,,,,0.0,2.0
5681,5.7328,102.9975,2018,2017-09-08,2018-09-08,Pacific,34.69,0.0,6.0,0.15,0.15,0.15,0.4373584905660377,1.21,0,False,0.0,0.0,0.0,0.0,0.0,0.0,0,,,,,0.0,2.0
5681,5.7328,102.9975,2019,2018-06-15,2019-06-15,Pacific,37.5,13.75,6.5,1.34,1.34,1.34,0.7073584905660376,1.53,0,False,0.0,0.0,0.0,0.0,10.788,0.0,0,,,,,0.0,1.0
5684,5.7402,102.9996,2014,2013-06-14,2014-06-14,Pacific,37.81,3.0,4.0,1.61,1.61,1.61,0.24962264150943397,1.32,0,False,0.0,0.0,0.0,0.0,0.0,0.0,0,,,,,0.0,3.0
5684,5.7402,102.9996,2015,2014-05-18,2015-05-18,Pacific,39.375,0.0,3.5,0.0,0.0,1.61,0.4005660377358491,1.33,0,False,0.0,0.0,0.0,0.0,0.0,0.0,0,,,,,0.0,4.0
5684,5.7402,102.9996,2016,2015-05-11,2016-05-10,Pacific,25.0,0.0,4.0,0.16,0.16,0.16,0.6826415094339625,1.87,0,False,0.0,0.0,0.0,0.0,0.0,0.0,0,,,,,0.0,3.0
5684,5.7402,102.9996,2017,2016-05-15,2017-05-15,Pacific,17.815,0.0,4.0,0.0,0.0,1.02,0.5739622641509433,1.33,0,False,0.0,0.0,0.0,0.0,0.0,0.0,0,,,,,0.0,3.0
5684,5.7402,102.9996,2018,2017-05-04,2018-05-04,Pacific,13.44,0.0,4.2,0.0,0.0,0.0,0.45320754716981143,1.21,0,False,0.0,0.0,0.0,0.0,0.0,0.0,0,,,,,0.0,2.0
5684,5.7402,102.9996,2019,2018-06-14,2019-06-14,Pacific,7.81,92.5,3.0,1.34,1.34,1.34,0.7073584905660376,1.53,0,False,0.0,0.0,0.0,0.0,10.788,0.0,0,,,,,0.0,1.0
5685,5.7469,102.9998,2014,2013-06-17,2014-06-17,Pacific,31.875,1.0,5.0,1.61,1.61,1.61,0.24962264150943397,1.32,0,False,0.0,0.0,0.0,0.0,0.0,0.0,0,,,,,0.0,3.0
5685,5.7469,102.9998,2015,2014-05-19,2015-05-19,Pacific,33.125,0.0,5.5,0.0,0.0,1.61,0.4005660377358491,1.33,0,False,0.0,0.0,0.0,0.0,0.0,0.0,0,,,,,0.0,4.0
5685,5.7469,102.9998,2016,2015-05-11,2016-05-10,Pacific,34.06,0.0,4.5,0.16,0.16,0.16,0.6826415094339625,1.87,0,False,0.0,0.0,0.0,0.0,0.0,0.0,0,,,,,0.0,3.0
5685,5.7469,102.9998,2017,2016-05-15,2017-05-15,Pacific,28.125,0.0,4.5,0.0,0.0,1.02,0.5739622641509433,1.33,0,False,0.0,0.0,0.0,0.0,0.0,0.0,0,,,,,0.0,3.0
5685,5.7469,102.9998,2018,2017-05-02,2018-05-02,Pacific,17.5,0.0,4.5,0.0,0.0,0.0,0.45320754716981143,1.21,0,False,0.0,0.0,0.0,0.0,0.0,0.0,0,,,,,0.0,2.0
5685,5.7469,102.9998,2019,2018-06-20,2019-06-20,Pacific,7.81,85.0,5.0,1.34,1.34,1.34,0.708679245283019,1.53,0,False,0.0,0.0,0.0,0.0,10.788,0.0,0,,,,,0.0,1.0
5686,5.7539,103.0289,2013,2012-09-07,2013-09-07,Pacific,25.619999999999997,0.0,6.0,0.0,0.98,0.98,0.5449056603773584,1.47,0,False,0.0,0.0,0.0,0.0,0.0,0.0,0,,,,,0.0,2.0
5686,5.7539,103.0289,2014,2013-06-14,2014-06-14,Pacific,23.75,5.0,6.0,1.96,1.96,1.96,0.2547169811320755,1.41,0,False,0.0,0.0,0.0,0.0,0.0,0.0,0,,,,,0.0,3.0
5686,5.7539,103.0289,2015,2014-05-16,2015-05-16,Pacific,25.31,0.0,6.5,0.0,0.0,1.96,0.3932075471698114,1.36,0,False,0.0,0.0,0.0,0.0,0.0,0.0,0,,,,,0.0,4.0
5686,5.7539,103.0289,2016,2015-05-09,2016-05-08,Pacific,31.565,0.0,7.0,0.17,0.17,0.3,0.679622641509434,1.83,0,False,0.0,0.0,0.0,0.0,0.0,0.0,0,,,,,0.0,3.0
5686,5.7539,103.0289,2017,2016-05-13,2017-05-13,Pacific,24.369999999999997,0.0,6.0,0.0,0.0,1.1,0.5809433962264151,1.3,0,False,0.0,0.0,0.0,0.0,0.0,0.0,0,,,,,0.0,3.0
5686,5.7539,103.0289,2018,2017-05-05,2018-05-05,Pacific,19.375,0.0,6.1,0.0,0.0,0.0,0.44018867924528304,1.16,0,False,0.0,0.0,0.0,0.0,0.0,0.0,0,,,,,0.0,2.0
5686,5.7539,103.0289,2018,2017-09-08,2018-09-08,Pacific,22.5,0.0,5.9,0.3,0.3,0.3,0.42113207547169806,1.16,0,False,0.0,0.0,0.0,0.0,0.0,0.0,0,,,,,0.0,2.0
5686,5.7539,103.0289,2019,2018-06-19,2019-06-19,Pacific,28.44,47.5,5.9,1.52,1.52,1.52,0.6903773584905661,1.45,0,False,0.0,0.0,0.0,0.0,10.788,0.0,0,,,,,0.0,1.0
5688,5.7586,103.0294,2013,2012-09-07,2013-09-07,Pacific,11.565,0.0,7.7,0.0,0.98,0.98,0.5449056603773584,1.47,0,False,0.0,0.0,0.0,0.0,0.0,0.0,0,,,,,0.0,2.0
5688,5.7586,103.0294,2014,2013-06-14,2014-06-14,Pacific,12.81,10.0,7.7,1.96,1.96,1.96,0.2547169811320755,1.41,0,False,0.0,0.0,0.0,0.0,0.0,0.0,0,,,,,0.0,3.0
5688,5.7586,103.0294,2015,2014-05-19,2015-05-19,Pacific,16.56,0.0,7.5,0.0,0.0,1.96,0.3932075471698114,1.36,0,False,0.0,0.0,0.0,0.0,0.0,0.0,0,,,,,0.0,4.0
5688,5.7586,103.0294,2016,2015-05-12,2016-05-11,Pacific,19.375,0.0,8.0,0.17,0.17,0.3,0.679622641509434,1.83,0,False,0.0,0.0,0.0,0.0,0.0,0.0,0,,,,,0.0,3.0
5688,5.7586,103.0294,2017,2016-05-15,2017-05-15,Pacific,16.875,0.0,8.0,0.0,0.0,1.1,0.5728301886792453,1.3,0,False,0.0,0.0,0.0,0.0,0.0,0.0,0,,,,,0.0,3.0
5688,5.7586,103.0294,2018,2017-05-03,2018-05-03,Pacific,22.5,0.0,7.9,0.0,0.0,0.0,0.44018867924528304,1.16,0,False,0.0,0.0,0.0,0.0,0.0,0.0,0,,,,,0.0,2.0
5688,5.7586,103.0294,2018,2017-09-09,2018-09-09,Pacific,12.81,0.0,7.3,0.3,0.3,0.3,0.42113207547169806,1.16,0,False,0.0,0.0,0.0,0.0,0.0,0.0,0,,,,,0.0,2.0
5688,5.7586,103.0294,2019,2018-06-20,2019-06-20,Pacific,14.375,75.0,7.7,1.52,1.52,1.52,0.6903773584905661,1.45,0,False,0.0,0.0,0.0,0.0,10.788,0.0,0,,,,,0.0,1.0
5689,5.761,103.0264,2013,2012-09-06,2013-09-06,Pacific,8.75,0.0,6.2,0.0,0.98,0.98,0.5449056603773584,1.47,0,False,0.0,0.0,0.0,0.0,0.0,0.0,0,,,,,0.0,2.0
5689,5.761,103.0264,2014,2013-06-14,2014-06-14,Pacific,5.935,1.25,6.0,1.96,1.96,1.96,0.2547169811320755,1.41,0,False,0.0,0.0,0.0,0.0,0.0,0.0,0,,,,,0.0,3.0
5689,5.761,103.0264,2015,2014-05-19,2015-05-19,Pacific,6.25,0.0,5.5,0.0,0.0,1.96,0.3932075471698114,1.36,0,False,0.0,0.0,0.0,0.0,0.0,0.0,0,,,,,0.0,4.0
5689,5.761,103.0264,2016,2015-05-12,2016-05-11,Pacific,6.869999999999999,0.0,6.0,0.17,0.17,0.3,0.679622641509434,1.83,0,False,0.0,0.0,0.0,0.0,0.0,0.0,0,,,,,0.0,3.0
5689,5.761,103.0264,2017,2016-05-14,2017-05-14,Pacific,7.5,0.0,6.0,0.0,0.0,1.1,0.5726923076923077,1.3,0,False,0.0,0.0,0.0,0.0,0.0,0.0,0,,,,,0.0,3.0
5689,5.761,103.0264,2018,2017-05-03,2018-05-03,Pacific,10.0,0.0,5.8,0.0,0.0,0.0,0.44018867924528304,1.16,0,False,0.0,0.0,0.0,0.0,0.0,0.0,0,,,,,0.0,2.0
5689,5.761,103.0264,2019,2018-06-19,2019-06-19,Pacific,9.37,37.5,5.5,1.52,1.52,1.52,0.6903773584905661,1.45,0,False,0.0,0.0,0.0,0.0,10.788,0.0,0,,,,,0.0,1.0
5690,5.7686,103.0356,2016,2015-05-08,2016-05-07,Pacific,25.31,0.0,8.5,0.17,0.17,0.3,0.679622641509434,1.83,0,False,0.0,0.0,0.0,0.0,0.0,0.0,0,,,,,0.0,3.0
5690,5.7686,103.0356,2017,2016-05-13,2017-05-13,Pacific,36.870000000000005,0.0,8.0,0.0,0.0,1.1,0.5809433962264151,1.3,0,False,0.0,0.0,0.0,0.0,0.0,0.0,0,,,,,0.0,3.0
5692,5.7733,103.0592,2013,2012-09-08,2013-09-08,Pacific,23.119999999999997,0.0,6.0,0.0,1.11,1.11,0.5466037735849056,1.48,0,False,0.0,0.0,0.0,0.0,0.0,0.0,0,,,,,0.0,2.0
5692,5.7733,103.0592,2014,2013-06-13,2014-06-13,Pacific,22.185,1.0,5.5,2.6,2.6,2.6,0.26264150943396225,1.47,0,False,0.0,0.0,0.0,0.0,0.0,0.0,0,,,,,0.0,3.0
5692,5.7733,103.0592,2015,2014-05-16,2015-05-16,Pacific,26.25,0.0,6.0,0.0,0.0,2.6,0.39490566037735847,1.35,0,False,0.0,0.0,0.0,0.0,0.0,0.0,0,,,,,0.0,4.0
5692,5.7733,103.0592,2016,2015-05-08,2016-05-07,Pacific,18.13,0.0,5.5,0.17,0.17,0.31,0.6752830188679245,1.85,0,False,0.0,0.0,0.0,0.0,0.0,0.0,0,,,,,0.0,3.0
5692,5.7733,103.0592,2017,2016-05-13,2017-05-13,Pacific,21.875,0.0,6.0,0.0,0.0,1.58,0.579245283018868,1.3,0,False,0.0,0.0,0.0,0.0,0.0,0.0,0,,,,,0.0,3.0
5692,5.7733,103.0592,2018,2017-05-05,2018-05-05,Pacific,23.44,0.0,5.0,0.0,0.0,0.0,0.4322641509433962,1.21,0,False,0.0,0.0,0.0,0.0,0.0,0.0,0,,,,,0.0,2.0
5692,5.7733,103.0592,2018,2017-09-07,2018-09-07,Pacific,22.19,0.0,5.5,0.15,0.15,0.15,0.4128301886792454,1.21,0,False,0.0,0.0,0.0,0.0,0.0,0.0,0,,,,,0.0,2.0
5692,5.7733,103.0592,2019,2018-06-19,2019-06-19,Pacific,11.875,70.0,5.9,2.13,2.13,2.13,0.6820754716981133,1.36,0,False,0.0,0.0,0.0,0.0,10.788,0.0,0,,,,,0.0,1.0
5694,5.7796,103.0426,2014,2013-06-13,2014-06-13,Pacific,17.185,8.75,9.5,1.96,1.96,1.96,0.2547169811320755,1.41,0,False,0.0,0.0,0.0,0.0,0.0,0.0,0,,,,,0.0,3.0
5694,5.7796,103.0426,2015,2014-05-15,2015-05-15,Pacific,15.629999999999999,0.0,9.5,0.0,0.0,1.96,0.3932075471698114,1.36,0,False,0.0,0.0,0.0,0.0,0.0,0.0,0,,,,,0.0,4.0
5694,5.7796,103.0426,2016,2015-05-08,2016-05-07,Pacific,17.5,0.0,9.5,0.17,0.17,0.3,0.679622641509434,1.83,0,False,0.0,0.0,0.0,0.0,0.0,0.0,0,,,,,0.0,3.0
5694,5.7796,103.0426,2017,2016-05-14,2017-05-14,Pacific,17.81,0.0,10.0,0.0,0.0,1.1,0.5726923076923077,1.3,0,False,0.0,0.0,0.0,0.0,0.0,0.0,0,,,,,0.0,3.0
5694,5.7796,103.0426,2018,2017-05-06,2018-05-06,Pacific,17.5,0.0,8.5,0.0,0.0,0.0,0.44018867924528304,1.16,0,False,0.0,0.0,0.0,0.0,0.0,0.0,0,,,,,0.0,2.0
5694,5.7796,103.0426,2018,2017-09-09,2018-09-09,Pacific,15.0,0.0,9.5,0.3,0.3,0.3,0.42113207547169806,1.16,0,False,0.0,0.0,0.0,0.0,0.0,0.0,0,,,,,0.0,2.0
5694,5.7796,103.0426,2019,2018-06-20,2019-06-20,Pacific,14.685,65.0,8.9,1.52,1.52,1.52,0.6903773584905661,1.45,0,False,0.0,0.0,0.0,0.0,10.788,0.0,0,,,,,0.0,1.0
5695,5.7884,102.9926,2013,2012-09-09,2013-09-09,Pacific,27.81,0.0,4.5,0.0,1.0,1.0,0.5416981132075471,1.48,0,False,0.0,0.0,0.0,0.0,0.0,0.0,0,,,,,0.0,2.0
5695,5.7884,102.9926,2014,2013-06-17,2014-06-17,Pacific,32.81,5.0,5.0,1.63,1.63,1.63,0.24547169811320757,1.35,0,False,0.0,0.0,0.0,0.0,0.0,0.0,0,,,,,0.0,3.0
5695,5.7884,102.9926,2015,2014-05-18,2015-05-18,Pacific,36.879999999999995,0.0,5.0,0.0,0.0,1.63,0.39245283018867927,1.36,0,False,0.0,0.0,0.0,0.0,0.0,0.0,0,,,,,0.0,4.0
5695,5.7884,102.9926,2016,2015-05-11,2016-05-10,Pacific,31.56,0.0,4.0,0.16,0.16,0.16,0.6828301886792455,1.83,0,False,0.0,0.0,0.0,0.0,0.0,0.0,0,,,,,0.0,3.0
5695,5.7884,102.9926,2017,2016-05-15,2017-05-15,Pacific,24.375,0.0,5.3,0.0,0.0,1.06,0.5752830188679244,1.32,0,False,0.0,0.0,0.0,0.0,0.0,0.0,0,,,,,0.0,3.0
5695,5.7884,102.9926,2018,2017-05-03,2018-05-03,Pacific,24.065,0.0,4.9,0.0,0.0,0.0,0.4484905660377359,1.19,0,False,0.0,0.0,0.0,0.0,0.0,0.0,0,,,,,0.0,2.0
5695,5.7884,102.9926,2019,2018-06-14,2019-06-14,Pacific,6.565,46.25,4.2,1.36,1.36,1.36,0.6977358490566037,1.51,0,False,0.0,0.0,0.0,0.0,0.0,0.0,0,,,,,0.0,1.0
5697,5.7995,103.0169,2015,2014-05-16,2015-05-16,Pacific,25.0,0.0,9.0,0.0,0.0,1.96,0.3932075471698114,1.36,0,False,0.0,0.0,0.0,0.0,0.0,0.0,0,,,,,0.0,4.0
5697,5.7995,103.0169,2016,2015-05-09,2016-05-08,Pacific,30.94,0.0,9.0,0.17,0.17,0.3,0.679622641509434,1.83,0,False,0.0,0.0,0.0,0.0,0.0,0.0,0,,,,,0.0,3.0
5697,5.7995,103.0169,2017,2016-05-14,2017-05-14,Pacific,19.375,0.0,9.3,0.0,0.0,1.1,0.5726923076923077,1.3,0,False,0.0,0.0,0.0,0.0,0.0,0.0,0,,,,,0.0,3.0
5697,5.7995,103.0169,2018,2017-05-06,2018-05-06,Pacific,27.19,0.0,9.1,0.0,0.0,0.0,0.44018867924528304,1.16,0,False,0.0,0.0,0.0,0.0,0.0,0.0,0,,,,,0.0,2.0
5697,5.7995,103.0169,2018,2017-09-08,2018-09-08,Pacific,20.94,0.0,8.0,0.3,0.3,0.3,0.42113207547169806,1.16,0,False,0.0,0.0,0.0,0.0,0.0,0.0,0,,,,,0.0,2.0
5697,5.7995,103.0169,2019,2018-06-15,2019-06-15,Pacific,18.439999999999998,21.25,7.5,1.52,1.52,1.52,0.6881132075471699,1.45,0,False,0.0,0.0,0.0,0.0,0.0,0.0,0,,,,,0.0,1.0
5698,5.8144,103.0072,2013,2012-09-09,2013-09-09,Pacific,15.0,0.0,6.0,0.0,1.13,1.13,0.5454716981132075,1.45,0,False,0.0,0.0,0.0,0.0,0.0,0.0,0,,,,,0.0,2.0
5698,5.8144,103.0072,2014,2013-06-17,2014-06-17,Pacific,16.875,5.0,9.0,2.43,2.43,2.43,0.2535849056603774,1.44,0,False,0.0,0.0,0.0,0.0,0.0,0.0,0,,,,,0.0,3.0
5698,5.8144,103.0072,2017,2016-05-14,2017-05-14,Pacific,22.19,0.0,10.7,0.0,0.0,1.44,0.5755769230769231,1.27,0,False,0.0,0.0,0.0,0.0,0.0,0.0,0,,,,,0.0,3.0
5701,5.8841,102.747,2013,2012-06-18,2013-06-18,Pacific,40.315,0.0,7.5,1.17,1.17,1.17,0.5575,1.55,0,False,0.0,0.0,0.0,0.0,0.0,0.0,0,,,,,2.0,2.0
5701,5.8841,102.747,2014,2013-05-17,2014-05-17,Pacific,42.5,0.0,7.5,0.18,0.18,1.17,0.21811320754716979,1.29,0,False,0.0,0.0,0.0,0.0,0.0,0.0,0,,,,,3.0,3.0
5701,5.8841,102.747,2015,2014-04-16,2015-04-16,Pacific,38.75,0.0,7.5,0.0,0.0,1.32,0.4452830188679245,1.48,0,False,0.0,0.0,0.0,0.0,0.0,0.0,0,,,,,4.0,4.0
5701,5.8841,102.747,2016,2015-03-27,2016-03-26,Pacific,37.185,0.0,7.5,0.0,0.0,0.0,0.6332075471698112,1.86,0,False,0.0,0.0,0.0,0.0,0.0,0.0,0,,,,,3.0,3.0
5701,5.8841,102.747,2017,2016-04-21,2017-04-21,Pacific,37.185,0.0,7.0,0.0,0.0,0.67,0.5818867924528301,1.33,0,False,0.0,0.0,0.0,0.0,0.0,0.0,0,,,,,3.0,3.0
5701,5.8841,102.747,2018,2017-04-20,2018-04-20,Pacific,34.37,0.0,7.5,0.0,0.0,0.0,0.499433962264151,1.2,0,False,0.0,0.0,0.0,0.0,0.5855,0.5855,0,,,,,2.0,2.0
5701,5.8841,102.747,2019,2018-04-19,2019-04-19,Pacific,37.185,0.25,7.8,0.0,0.0,0.16,0.6511320754716979,1.26,0,False,0.0,0.0,0.0,0.0,0.0,0.0,0,,,,,1.0,1.0
5702,5.886,102.7703,2015,2014-04-16,2015-04-16,Pacific,18.75,0.0,9.0,0.0,0.0,1.34,0.4411320754716981,1.48,0,False,0.0,0.0,0.0,0.0,0.0,0.0,0,,,,,4.0,4.0
5702,5.886,102.7703,2016,2015-05-05,2016-05-04,Pacific,15.31,0.0,9.0,0.0,0.0,0.15,0.6915094339622642,1.8,0,False,0.0,0.0,0.0,0.0,0.0,0.0,0,,,,,3.0,3.0
5702,5.886,102.7703,2017,2016-04-22,2017-04-22,Pacific,35.315,0.0,9.0,0.0,0.0,0.7000000000000001,0.5818867924528301,1.31,0,False,0.0,0.0,0.0,0.0,0.0,0.0,0,,,,,3.0,3.0
5702,5.886,102.7703,2018,2017-04-20,2018-04-20,Pacific,25.630000000000003,0.0,9.0,0.0,0.0,0.0,0.4913207547169811,1.19,0,False,0.0,0.0,0.0,0.0,0.5855,0.5855,0,,,,,2.0,2.0
5702,5.886,102.7703,2019,2018-04-19,2019-04-19,Pacific,23.125,0.0,8.9,0.0,0.0,0.17,0.6362264150943397,1.28,0,False,0.0,0.0,0.0,0.0,0.0,0.0,0,,,,,1.0,1.0
5703,5.9106,102.7098,2015,2014-04-15,2015-04-15,Pacific,20.625,0.0,8.0,0.0,0.0,1.36,0.4420754716981133,1.52,0,False,0.0,0.0,0.0,0.0,0.0,0.0,0,,,,,4.0,4.0
5703,5.9106,102.7098,2016,2015-03-28,2016-03-27,Pacific,32.5,0.0,8.0,0.0,0.0,0.14,0.6341509433962264,1.8,0,False,0.0,0.0,0.0,0.0,0.0,0.0,0,,,,,3.0,3.0
5703,5.9106,102.7098,2017,2016-04-22,2017-04-22,Pacific,8.44,0.0,8.0,0.0,0.0,0.85,0.5783018867924528,1.3,0,False,0.0,0.0,0.0,0.0,0.0,0.0,0,,,,,3.0,3.0
5703,5.9106,102.7098,2018,2017-04-23,2018-04-23,Pacific,10.0,0.0,8.2,0.0,0.0,0.0,0.49,1.17,0,False,0.0,0.0,0.0,0.0,4.4865,4.4865,0,,,,,2.0,2.0
5703,5.9106,102.7098,2019,2018-04-18,2019-04-18,Pacific,20.935,0.0,7.2,0.0,0.0,0.91,0.6411320754716981,1.24,0,False,0.0,0.0,0.0,0.0,0.0,0.0,0,,,,,1.0,1.0
5704,5.912,102.7449,2013,2012-06-21,2013-06-21,Pacific,31.25,1.0,11.5,1.17,1.17,1.17,0.559245283018868,1.54,0,False,0.0,0.0,0.0,0.0,0.0,0.0,0,,,,,2.0,2.0
5704,5.912,102.7449,2015,2014-04-15,2015-04-15,Pacific,34.69,0.0,11.0,0.0,0.0,1.36,0.4420754716981133,1.52,0,False,0.0,0.0,0.0,0.0,0.0,0.0,0,,,,,4.0,4.0
5704,5.912,102.7449,2016,2015-03-28,2016-03-27,Pacific,39.69,0.0,11.5,0.0,0.0,0.14,0.6341509433962264,1.8,0,False,0.0,0.0,0.0,0.0,0.0,0.0,0,,,,,3.0,3.0
5704,5.912,102.7449,2017,2016-04-22,2017-04-22,Pacific,32.815,0.0,10.5,0.0,0.0,0.85,0.5783018867924528,1.3,0,False,0.0,0.0,0.0,0.0,0.0,0.0,0,,,,,3.0,3.0
5704,5.912,102.7449,2018,2017-04-21,2018-04-21,Pacific,35.0,0.0,10.9,0.0,0.0,0.0,0.49,1.17,0,False,0.0,0.0,0.0,0.0,1.8032000000000001,1.8032000000000001,0,,,,,2.0,2.0
5704,5.912,102.7449,2019,2018-04-19,2019-04-19,Pacific,25.31,0.0,10.3,0.0,0.0,0.91,0.6411320754716981,1.24,0,False,0.0,0.0,0.0,0.0,0.0,0.0,0,,,,,1.0,1.0
5705,5.9144,102.7541,2013,2012-06-22,2013-06-22,Pacific,10.625,2.0,4.7,1.17,1.17,1.17,0.5613207547169812,1.51,0,False,0.0,0.0,0.0,0.0,0.0,0.0,0,,,,,2.0,2.0
5705,5.9144,102.7541,2015,2014-04-15,2015-04-15,Pacific,13.75,0.0,5.0,0.0,0.0,1.37,0.43792452830188666,1.5,0,False,0.0,0.0,0.0,0.0,0.0,0.0,0,,,,,4.0,4.0
5705,5.9144,102.7541,2016,2015-03-27,2016-03-26,Pacific,18.119999999999997,0.0,5.0,0.0,0.0,0.15,0.630188679245283,1.74,0,False,0.0,0.0,0.0,0.0,0.0,0.0,0,,,,,3.0,3.0
5705,5.9144,102.7541,2017,2016-04-18,2017-04-18,Pacific,18.125,0.0,6.0,0.0,0.0,1.02,0.5771698113207546,1.29,0,False,0.0,0.0,0.0,0.0,0.0,0.0,0,,,,,3.0,3.0
5705,5.9144,102.7541,2018,2017-04-21,2018-04-21,Pacific,26.56,0.0,5.8,0.0,0.0,0.0,0.4839622641509433,1.15,0,False,0.0,0.0,0.0,0.0,0.5855,0.5855,0,,,,,2.0,2.0
5705,5.9144,102.7541,2019,2018-04-20,2019-04-20,Pacific,9.06,0.0,5.2,0.0,0.0,0.93,0.6284905660377358,1.26,0,False,0.0,0.0,0.0,0.0,0.0,0.0,0,,,,,1.0,1.0
5706,5.9213,102.7248,2013,2012-06-19,2013-06-19,Pacific,19.369999999999997,0.0,6.5,1.17,1.17,1.17,0.559245283018868,1.54,0,False,0.0,0.0,0.0,0.0,0.0,0.0,0,,,,,2.0,2.0
5706,5.9213,102.7248,2014,2013-05-18,2014-05-18,Pacific,15.935,3.0,6.5,0.19,0.19,1.17,0.21716981132075472,1.33,0,False,0.0,0.0,0.0,0.0,0.0,0.0,0,,,,,3.0,3.0
5706,5.9213,102.7248,2015,2014-04-14,2015-04-14,Pacific,20.0,0.0,6.4,0.0,0.0,1.36,0.4420754716981133,1.52,0,False,0.0,0.0,0.0,0.0,0.0,0.0,0,,,,,4.0,4.0
5706,5.9213,102.7248,2016,2015-03-31,2016-03-30,Pacific,16.875,0.0,6.5,0.0,0.0,0.14,0.6341509433962264,1.8,0,False,0.0,0.0,0.0,0.0,0.0,0.0,0,,,,,3.0,3.0
5706,5.9213,102.7248,2017,2016-04-21,2017-04-21,Pacific,11.875,0.0,6.0,0.0,0.0,0.85,0.5783018867924528,1.3,0,False,0.0,0.0,0.0,0.0,0.0,0.0,0,,,,,3.0,3.0
5706,5.9213,102.7248,2018,2017-04-21,2018-04-21,Pacific,15.31,0.0,5.5,0.0,0.0,0.0,0.49,1.17,0,False,0.0,0.0,0.0,0.0,4.4865,4.4865,0,,,,,2.0,2.0
5706,5.9213,102.7248,2019,2018-04-17,2019-04-17,Pacific,16.25,0.0,5.9,0.0,0.0,0.91,0.6411320754716981,1.24,0,False,0.0,0.0,0.0,0.0,0.0,0.0,0,,,,,1.0,1.0
5707,5.9236,102.7583,2013,2012-06-19,2013-06-19,Pacific,23.125,1.0,5.7,1.17,1.17,1.17,0.5613207547169812,1.51,0,False,0.0,0.0,0.0,0.0,0.0,0.0,0,,,,,2.0,2.0
5707,5.9236,102.7583,2014,2013-05-16,2014-05-16,Pacific,34.375,0.0,6.0,0.19,0.19,1.17,0.2164150943396226,1.36,0,False,0.0,0.0,0.0,0.0,0.0,0.0,0,,,,,3.0,3.0
5707,5.9236,102.7583,2015,2014-04-14,2015-04-14,Pacific,25.94,0.0,5.7,0.0,0.0,1.37,0.43792452830188666,1.5,0,False,0.0,0.0,0.0,0.0,0.0,0.0,0,,,,,4.0,4.0
5707,5.9236,102.7583,2016,2015-03-27,2016-03-26,Pacific,35.94,0.0,5.5,0.0,0.0,0.15,0.630188679245283,1.74,0,False,0.0,0.0,0.0,0.0,0.0,0.0,0,,,,,3.0,3.0
5707,5.9236,102.7583,2017,2016-04-18,2017-04-18,Pacific,31.875,0.0,6.7,0.0,0.0,1.02,0.5771698113207546,1.29,0,False,0.0,0.0,0.0,0.0,0.0,0.0,0,,,,,3.0,3.0
5707,5.9236,102.7583,2018,2017-04-21,2018-04-21,Pacific,32.19,0.0,5.8,0.0,0.0,0.0,0.4839622641509433,1.15,0,False,0.0,0.0,0.0,0.0,1.8032000000000001,1.8032000000000001,0,,,,,2.0,2.0
5707,5.9236,102.7583,2019,2018-04-20,2019-04-20,Pacific,13.75,0.0,5.9,0.0,0.0,0.93,0.6284905660377358,1.26,0,False,0.0,0.0,0.0,0.0,0.0,0.0,0,,,,,1.0,1.0
5708,5.9316,102.7232,2013,2012-06-21,2013-06-21,Pacific,32.81,2.0,5.5,1.17,1.17,1.17,0.559245283018868,1.54,0,False,0.0,0.0,0.0,0.0,0.0,0.0,0,,,,,2.0,2.0
5708,5.9316,102.7232,2014,2013-05-18,2014-05-18,Pacific,34.06,6.75,5.5,0.19,0.19,1.17,0.21716981132075472,1.33,0,False,0.0,0.0,0.0,0.0,0.0,0.0,0,,,,,3.0,3.0
5708,5.9316,102.7232,2015,2014-04-14,2015-04-14,Pacific,30.619999999999997,0.0,5.5,0.0,0.0,1.36,0.4420754716981133,1.52,0,False,0.0,0.0,0.0,0.0,0.0,0.0,0,,,,,4.0,4.0
5708,5.9316,102.7232,2016,2015-03-31,2016-03-30,Pacific,17.19,0.0,5.5,0.0,0.0,0.14,0.6341509433962264,1.8,0,False,0.0,0.0,0.0,0.0,0.0,0.0,0,,,,,3.0,3.0
5708,5.9316,102.7232,2017,2016-04-21,2017-04-21,Pacific,24.69,0.0,6.0,0.0,0.0,0.85,0.5783018867924528,1.3,0,False,0.0,0.0,0.0,0.0,0.0,0.0,0,,,,,3.0,3.0
5708,5.9316,102.7232,2018,2017-04-22,2018-04-22,Pacific,32.185,0.0,7.0,0.0,0.0,0.0,0.49,1.17,0,False,0.0,0.0,0.0,0.0,4.4865,4.4865,0,,,,,2.0,2.0
5708,5.9316,102.7232,2019,2018-04-17,2019-04-17,Pacific,31.25,0.0,6.1,0.0,0.0,0.91,0.6411320754716981,1.24,0,False,0.0,0.0,0.0,0.0,0.0,0.0,0,,,,,1.0,1.0
5709,5.9391,102.722,2015,2014-04-16,2015-04-16,Pacific,15.0,0.0,6.0,0.0,0.0,1.36,0.4420754716981133,1.52,0,False,0.0,0.0,0.0,0.0,0.0,0.0,0,,,,,4.0,4.0
5709,5.9391,102.722,2016,2015-03-31,2016-03-30,Pacific,19.685,0.0,6.5,0.0,0.0,0.14,0.6341509433962264,1.8,0,False,0.0,0.0,0.0,0.0,0.0,0.0,0,,,,,3.0,3.0
5709,5.9391,102.722,2017,2016-04-18,2017-04-18,Pacific,19.369999999999997,0.0,8.0,0.0,0.0,0.85,0.5783018867924528,1.3,0,False,0.0,0.0,0.0,0.0,0.0,0.0,0,,,,,3.0,3.0
5709,5.9391,102.722,2018,2017-04-22,2018-04-22,Pacific,16.564999999999998,0.0,7.6,0.0,0.0,0.0,0.49,1.17,0,False,0.0,0.0,0.0,0.0,4.4865,4.4865,0,,,,,2.0,2.0
5709,5.9391,102.722,2019,2018-04-17,2019-04-17,Pacific,15.625,0.0,6.4,0.0,0.0,0.91,0.6411320754716981,1.24,0,False,0.0,0.0,0.0,0.0,0.0,0.0,0,,,,,1.0,1.0
5710,5.9622,102.6808,2013,2012-06-22,2013-06-22,Pacific,26.56,0.0,5.0,1.16,1.16,1.16,0.5592452830188679,1.54,0,False,0.0,0.0,0.0,0.0,0.0,0.0,0,,,,,2.0,2.0
5710,5.9622,102.6808,2014,2013-05-16,2014-05-16,Pacific,22.81,0.0,5.0,0.33,0.33,1.16,0.21830188679245283,1.33,0,False,0.0,0.0,0.0,0.0,0.0,0.0,0,,,,,3.0,3.0
5710,5.9622,102.6808,2015,2014-04-15,2015-04-15,Pacific,29.69,0.0,5.0,0.0,0.0,1.65,0.4460377358490566,1.54,0,False,0.0,0.0,0.0,0.0,0.0,0.0,0,,,,,4.0,4.0
5710,5.9622,102.6808,2016,2015-03-28,2016-03-27,Pacific,27.185,0.0,5.0,0.0,0.0,0.0,0.6350943396226414,1.8,0,False,0.0,0.0,0.0,0.0,0.0,0.0,0,,,,,3.0,3.0
5710,5.9622,102.6808,2017,2016-04-18,2017-04-18,Pacific,19.69,0.0,5.0,0.0,0.0,0.7000000000000001,0.5716981132075472,1.27,0,False,0.0,0.0,0.0,0.0,0.0,0.0,0,,,,,3.0,3.0
5711,6.0606,100.0412,2015,2014-08-10,2015-08-10,Pacific,27.19,0.0,3.8,0.46,0.46,0.46,0.44660377358490577,1.52,0,False,0.0,0.0,0.0,0.0,0.0,0.0,0,,,,,0.0,0.0
5711,6.0606,100.0412,2016,2015-07-20,2016-07-19,Pacific,25.31,28.75,5.7,1.49,1.49,1.49,0.6603773584905662,1.73,0,False,0.0,0.0,0.0,0.0,0.0,0.0,0,,,,,0.0,0.0
5711,6.0606,100.0412,2017,2016-08-08,2017-08-08,Pacific,26.56,0.0,4.4,0.0,0.0,0.0,0.4941509433962265,1.19,0,False,0.0,0.0,219.1424,219.1424,360.1206,352.2895,0,,,,,0.0,0.0
5711,6.0606,100.0412,2018,2017-08-07,2018-08-07,Pacific,29.375,0.0,4.0,0.0,0.0,0.0,0.560188679245283,1.41,0,False,54.214600000000004,50.3136,3033.4644,2582.6391,16567.0034,15761.4933,4,,,,,0.0,0.0
5711,6.0606,100.0412,2019,2018-07-29,2019-07-29,Pacific,30.315,0.0,3.7,1.12,1.12,1.12,0.6762264150943397,1.58,0,False,43.5815,43.5815,2245.8286,1319.0198,20781.3062,18522.4168,6,,,,,0.0,0.0
5712,6.0617,100.0388,2016,2015-07-20,2016-07-19,Pacific,23.75,52.5,5.5,1.49,1.49,1.49,0.6603773584905662,1.73,0,False,0.0,0.0,0.0,0.0,0.0,0.0,0,,,,,0.0,0.0
5712,6.0617,100.0388,2017,2016-08-08,2017-08-08,Pacific,17.815,0.0,6.4,0.0,0.0,0.0,0.4941509433962265,1.19,0,False,0.0,0.0,219.1424,219.1424,360.1206,352.2895,0,,,,,0.0,0.0
5713,6.0659,100.0434,2015,2014-08-10,2015-08-10,Pacific,25.619999999999997,0.5,3.0,0.46,0.46,0.46,0.44660377358490577,1.52,0,False,0.0,0.0,0.0,0.0,0.0,0.0,0,,,,,0.0,0.0
5713,6.0659,100.0434,2016,2015-07-19,2016-07-18,Pacific,17.5,50.0,3.0,1.49,1.49,1.49,0.6603773584905662,1.73,0,False,0.0,0.0,0.0,0.0,0.0,0.0,0,,,,,0.0,0.0
5713,6.0659,100.0434,2017,2016-08-08,2017-08-08,Pacific,30.31,0.5,3.6,0.0,0.0,0.0,0.4941509433962265,1.19,0,False,0.0,0.0,219.1424,219.1424,360.1206,352.2895,0,,,,,0.0,0.0
5713,6.0659,100.0434,2018,2017-08-08,2018-08-08,Pacific,28.435,0.0,4.9,0.0,0.0,0.0,0.560188679245283,1.41,0,False,54.214600000000004,50.3136,3064.6322,2613.0553,16567.0034,15761.4933,4,,,,,0.0,0.0
5713,6.0659,100.0434,2019,2018-07-30,2019-07-30,Pacific,30.935,0.0,3.2,1.12,1.12,1.12,0.6762264150943397,1.58,0,False,43.5815,43.5815,2249.8957,1320.4864,20781.3062,18522.4168,6,,,,,0.0,0.0
5714,6.0716,100.0511,2017,2016-08-08,2017-08-08,Pacific,33.435,0.0,4.2,0.0,0.0,0.0,0.4969811320754717,1.21,0,False,0.0,0.0,219.1424,219.1424,360.1206,352.2895,0,,,,,0.0,0.0
5714,6.0716,100.0511,2018,2017-08-07,2018-08-07,Pacific,36.56,0.0,4.2,0.0,0.0,0.0,0.5554716981132076,1.42,0,False,54.214600000000004,50.3136,3045.142,2612.7201,16567.0034,15761.4933,4,,,,,0.0,0.0
5714,6.0716,100.0511,2019,2018-07-30,2019-07-30,Pacific,38.125,0.0,4.1,1.15,1.15,1.15,0.6711320754716981,1.66,0,False,43.5815,43.5815,2217.5813,1320.4864,20781.3062,18522.4168,6,,,,,0.0,0.0
5715,6.0731,100.0574,2017,2016-08-08,2017-08-08,Pacific,22.5,0.0,4.0,0.0,0.0,0.0,0.4969811320754717,1.21,0,False,0.0,0.0,219.1424,219.1424,360.1206,352.2895,0,,,,,0.0,0.0
5715,6.0731,100.0574,2018,2017-08-08,2018-08-08,Pacific,14.375,0.0,3.3,0.0,0.0,0.0,0.5554716981132076,1.42,0,False,54.214600000000004,50.3136,3045.142,2612.7201,16567.0034,15761.4933,4,,,,,0.0,0.0
5715,6.0731,100.0574,2019,2018-07-30,2019-07-30,Pacific,13.125,0.0,3.7,1.15,1.15,1.15,0.6711320754716981,1.66,0,False,43.5815,43.5815,2217.5813,1320.4864,20781.3062,18522.4168,6,,,,,0.0,0.0
5716,6.4791,117.8908,2013,2012-04-22,2013-04-22,Pacific,24.065,4.0,12.0,0.0,0.0,1.83,0.4150943396226414,1.45,0,False,0.0,0.0,0.0,0.0,0.0,0.0,0,,,,,0.0,0.0
5716,6.4791,117.8908,2014,2013-06-05,2014-06-05,Pacific,27.19,0.0,11.0,1.5,1.5,1.5,0.37075471698113205,1.48,0,False,0.0,0.0,0.0,0.0,0.0,0.0,0,,,,,0.0,0.0
5716,6.4791,117.8908,2015,2014-07-23,2015-07-23,Pacific,27.19,0.5,11.3,2.14,2.14,3.76,0.43811320754716987,1.49,0,False,0.0,0.0,0.0,0.0,0.0,0.0,0,,,,,0.0,0.0
5716,6.4791,117.8908,2016,2015-09-06,2016-09-05,Pacific,25.630000000000003,44.75,13.0,3.59,5.97,5.97,0.7432075471698112,1.66,21,False,0.0,0.0,0.0,0.0,0.0,0.0,0,,,,,0.0,0.0
5716,6.4791,117.8908,2017,2016-07-17,2017-07-17,Pacific,17.81,2.0,16.0,4.33,4.33,5.7,0.6530188679245283,1.61,0,False,0.0,0.0,0.0,0.0,0.0,0.0,0,,,,,0.0,0.0
5716,6.4791,117.8908,2018,2017-10-02,2018-10-02,Pacific,17.81,0.0,13.6,0.15,0.46,3.44,0.5756603773584906,1.33,0,False,0.0,0.0,0.0,0.0,0.0,0.0,0,,,,,0.0,0.0
5716,6.4791,117.8908,2019,2018-10-15,2019-10-15,Pacific,13.75,0.02,15.4,0.48,6.16,6.16,0.6628301886792454,1.55,14,False,0.0,0.0,0.0,0.0,0.0,0.0,0,,,,,0.0,0.0
5717,6.4833,117.8932,2013,2012-04-23,2013-04-23,Pacific,35.94,1.25,11.0,0.0,0.0,1.83,0.4165384615384615,1.45,0,False,0.0,0.0,0.0,0.0,0.0,0.0,0,,,,,0.0,0.0
5717,6.4833,117.8932,2014,2013-05-16,2014-05-16,Pacific,33.44,3.25,12.5,1.15,1.15,1.15,0.35962264150943396,1.48,0,False,0.0,0.0,0.0,0.0,0.0,0.0,0,,,,,0.0,0.0
5717,6.4833,117.8932,2015,2014-07-25,2015-07-25,Pacific,32.5,0.0,13.3,2.14,2.14,3.13,0.42377358490566047,1.49,0,False,0.0,0.0,0.0,0.0,0.0,0.0,0,,,,,0.0,0.0
5717,6.4833,117.8932,2016,2015-07-29,2016-07-28,Pacific,32.81,10.25,11.5,5.97,5.97,5.97,0.6941509433962264,1.66,21,False,0.0,0.0,0.0,0.0,0.0,0.0,0,,,,,0.0,0.0
5717,6.4833,117.8932,2017,2016-09-07,2017-09-07,Pacific,15.620000000000001,24.25,15.0,3.97,4.7700000000000005,4.7700000000000005,0.6732075471698111,1.61,7,False,0.0,0.0,0.0,0.0,0.0,0.0,0,,,,,0.0,0.0
5717,6.4833,117.8932,2018,2017-09-08,2018-09-08,Pacific,23.435000000000002,0.0,15.5,0.15,0.46,3.44,0.640377358490566,1.48,0,False,0.0,0.0,0.0,0.0,0.0,0.0,0,,,,,0.0,0.0
5717,6.4833,117.8932,2019,2018-07-25,2019-07-25,Pacific,18.12,0.12,15.5,6.16,6.16,6.16,0.6160377358490565,1.55,14,False,0.0,0.0,0.0,0.0,0.0,0.0,0,,,,,0.0,0.0
5718,6.4864,117.9112,2013,2012-07-30,2013-07-30,Pacific,24.69,1.5,12.0,0.32,0.32,1.86,0.43750000000000006,1.44,0,False,0.0,0.0,0.0,0.0,0.0,0.0,0,,,,,0.0,0.0
5718,6.4864,117.9112,2014,2013-08-09,2014-08-09,Pacific,19.06,72.5,16.0,4.08,4.08,4.08,0.42679245283018874,1.49,0,False,0.0,0.0,0.0,0.0,0.0,0.0,0,,,,,0.0,0.0
5718,6.4864,117.9112,2015,2014-07-07,2015-07-07,Pacific,26.25,0.0,12.8,2.14,2.14,4.08,0.4366037735849056,1.5,0,False,0.0,0.0,0.0,0.0,0.0,0.0,0,,,,,0.0,0.0
5718,6.4864,117.9112,2016,2015-08-26,2016-08-25,Pacific,26.25,40.0,10.5,4.69,5.84,5.84,0.7245283018867924,1.64,14,False,0.0,0.0,0.0,0.0,0.0,0.0,0,,,,,0.0,0.0
5718,6.4864,117.9112,2017,2016-08-30,2017-08-30,Pacific,20.94,1.75,12.5,5.23,5.23,5.23,0.6599999999999999,1.57,7,False,0.0,0.0,0.0,0.0,0.0,0.0,0,,,,,0.0,0.0
5718,6.4864,117.9112,2018,2017-10-05,2018-10-05,Pacific,25.0,0.25,12.3,0.15,0.46,3.89,0.5684905660377358,1.33,0,False,0.0,0.0,0.0,0.0,0.0,0.0,0,,,,,0.0,0.0
5718,6.4864,117.9112,2019,2018-10-05,2019-10-05,Pacific,15.935,0.01,12.3,1.22,6.15,6.15,0.6418867924528302,1.47,21,False,0.0,0.0,0.0,0.0,0.0,0.0,0,,,,,0.0,0.0
5720,6.4982,117.9272,2013,2012-10-16,2013-10-16,Pacific,30.0,1.25,10.5,0.0,0.32,0.32,0.3745283018867925,1.44,0,False,0.0,0.0,0.0,0.0,0.0,0.0,0,,,,,0.0,0.0
5720,6.4982,117.9272,2014,2013-05-23,2014-05-23,Pacific,30.625,0.0,11.5,0.98,0.98,0.98,0.35584905660377364,1.49,0,False,0.0,0.0,0.0,0.0,0.0,0.0,0,,,,,0.0,0.0
5720,6.4982,117.9272,2015,2014-05-09,2015-05-09,Pacific,23.44,0.75,9.0,0.15,0.15,4.08,0.43660377358490576,1.28,0,False,0.0,0.0,0.0,0.0,0.0,0.0,0,,,,,0.0,0.0
5720,6.4982,117.9272,2016,2015-08-23,2016-08-22,Pacific,27.81,7.5,10.0,4.69,5.84,5.84,0.7245283018867924,1.64,14,False,0.0,0.0,0.0,0.0,0.0,0.0,0,,,,,0.0,0.0
5720,6.4982,117.9272,2017,2016-07-19,2017-07-19,Pacific,20.0,3.0,12.0,4.65,4.65,5.84,0.6416981132075472,1.57,0,False,0.0,0.0,0.0,0.0,0.0,0.0,0,,,,,0.0,0.0
5720,6.4982,117.9272,2018,2017-09-29,2018-09-29,Pacific,19.380000000000003,0.0,9.1,0.15,0.46,3.89,0.5737735849056603,1.33,0,False,0.0,0.0,0.0,0.0,0.0,0.0,0,,,,,0.0,0.0
5720,6.4982,117.9272,2019,2018-08-22,2019-08-22,Pacific,15.94,0.02,10.7,6.15,6.15,6.15,0.5950943396226416,1.47,21,False,0.0,0.0,0.0,0.0,0.0,0.0,0,,,,,0.0,0.0
5721,6.4983,117.9114,2013,2012-09-28,2013-09-28,Pacific,12.81,0.0,3.0,0.0,0.32,0.32,0.37905660377358497,1.44,0,False,0.0,0.0,0.0,0.0,0.0,0.0,0,,,,,0.0,0.0
5721,6.4983,117.9114,2014,2013-09-30,2014-09-30,Pacific,9.38,5.75,5.5,1.8,4.08,4.08,0.5139622641509435,1.49,0,False,0.0,0.0,0.0,0.0,0.0,0.0,0,,,,,0.0,0.0
5721,6.4983,117.9114,2015,2014-07-27,2015-07-27,Pacific,11.56,0.0,5.0,2.14,2.14,3.43,0.40490566037735853,1.5,0,False,0.0,0.0,0.0,0.0,0.0,0.0,0,,,,,0.0,0.0
5721,6.4983,117.9114,2016,2015-09-04,2016-09-03,Pacific,13.120000000000001,21.5,4.5,4.25,5.84,5.84,0.7233962264150944,1.64,14,False,0.0,0.0,0.0,0.0,0.0,0.0,0,,,,,0.0,0.0
5721,6.4983,117.9114,2017,2016-08-29,2017-08-29,Pacific,17.5,6.5,5.3,5.23,5.23,5.23,0.6599999999999999,1.57,7,False,0.0,0.0,0.0,0.0,0.0,0.0,0,,,,,0.0,0.0
5721,6.4983,117.9114,2018,2017-09-08,2018-09-08,Pacific,23.44,0.0,3.1,0.15,0.46,3.89,0.6330188679245282,1.47,0,False,0.0,0.0,0.0,0.0,0.0,0.0,0,,,,,0.0,0.0
5721,6.4983,117.9114,2019,2018-08-14,2019-08-14,Pacific,10.625,0.18,5.9,6.15,6.15,6.15,0.599811320754717,1.47,21,False,0.0,0.0,0.0,0.0,0.0,0.0,0,,,,,0.0,0.0
5722,6.5006,117.9203,2013,2012-09-19,2013-09-19,Pacific,18.435,0.0,2.5,0.32,0.32,0.32,0.3652830188679245,1.49,0,False,0.0,0.0,0.0,0.0,0.0,0.0,0,,,,,0.0,0.0
5722,6.5006,117.9203,2014,2013-10-01,2014-10-01,Pacific,12.185,6.25,4.5,1.97,4.15,4.15,0.5150943396226416,1.48,0,False,0.0,0.0,0.0,0.0,0.0,0.0,0,,,,,0.0,0.0
5722,6.5006,117.9203,2015,2014-08-18,2015-08-18,Pacific,16.875,0.0,5.8,2.13,2.13,3.5,0.3488679245283019,1.54,0,False,0.0,0.0,0.0,0.0,0.0,0.0,0,,,,,0.0,0.0
5722,6.5006,117.9203,2016,2015-09-23,2016-09-22,Pacific,19.065,5.25,6.0,2.29,5.55,5.55,0.6892452830188679,1.6,7,False,0.0,0.0,0.0,0.0,0.0,0.0,0,,,,,0.0,0.0
5722,6.5006,117.9203,2017,2016-09-23,2017-09-23,Pacific,11.56,9.25,7.0,3.0500000000000003,5.17,5.17,0.7011320754716981,1.55,7,False,0.0,0.0,0.0,0.0,0.0,0.0,0,,,,,0.0,0.0
5722,6.5006,117.9203,2018,2017-10-09,2018-10-09,Pacific,27.19,0.0,5.5,0.15,0.61,3.5500000000000003,0.5588679245283019,1.37,0,False,0.0,0.0,0.0,0.0,0.0,0.0,0,,,,,0.0,0.0
5722,6.5006,117.9203,2019,2018-09-30,2019-09-30,Pacific,9.375,0.0,5.9,1.55,5.63,5.63,0.6275471698113207,1.42,14,False,0.0,0.0,0.0,0.0,0.0,0.0,0,,,,,0.0,0.0
5724,6.5065,117.9275,2013,2012-07-29,2013-07-29,Pacific,29.69,1.25,12.0,0.32,0.32,1.85,0.4350943396226415,1.49,0,False,0.0,0.0,0.0,0.0,0.0,0.0,0,,,,,0.0,0.0
5724,6.5065,117.9275,2014,2013-09-28,2014-09-28,Pacific,26.25,15.0,11.0,1.97,4.15,4.15,0.5150943396226416,1.48,0,False,0.0,0.0,0.0,0.0,0.0,0.0,0,,,,,0.0,0.0
5724,6.5065,117.9275,2015,2014-06-26,2015-06-26,Pacific,23.75,2.5,11.8,2.13,2.13,4.15,0.43283018867924533,1.54,0,False,0.0,0.0,0.0,0.0,0.0,0.0,0,,,,,0.0,0.0
5724,6.5065,117.9275,2016,2015-09-12,2016-09-11,Pacific,22.5,31.25,12.5,3.46,5.55,5.55,0.7000000000000001,1.6,7,False,0.0,0.0,0.0,0.0,0.0,0.0,0,,,,,0.0,0.0
5724,6.5065,117.9275,2017,2016-07-27,2017-07-27,Pacific,20.315,7.0,13.0,4.58,4.58,4.58,0.6230188679245283,1.55,0,False,0.0,0.0,0.0,0.0,0.0,0.0,0,,,,,0.0,0.0
5724,6.5065,117.9275,2018,2017-08-31,2018-08-31,Pacific,23.125,0.0,13.0,0.31,0.61,3.5500000000000003,0.6447169811320755,1.48,0,False,0.0,0.0,0.0,0.0,0.0,0.0,0,,,,,0.0,0.0
5724,6.5065,117.9275,2019,2018-08-26,2019-08-26,Pacific,19.375,0.01,11.8,5.63,5.63,5.63,0.5852830188679246,1.42,14,False,0.0,0.0,0.0,0.0,0.0,0.0,0,,,,,0.0,0.0
5725,6.5134,117.9056,2013,2012-07-03,2013-07-03,Pacific,24.685,0.0,12.0,0.32,0.32,1.85,0.41679245283018873,1.49,0,False,0.0,0.0,0.0,0.0,0.0,0.0,0,,,,,0.0,0.0
5725,6.5134,117.9056,2014,2013-05-19,2014-05-19,Pacific,25.0,2.5,12.5,0.98,0.98,0.98,0.3511320754716981,1.48,0,False,0.0,0.0,0.0,0.0,0.0,0.0,0,,,,,0.0,0.0
5725,6.5134,117.9056,2015,2014-06-26,2015-06-26,Pacific,24.375,0.25,11.8,2.13,2.13,4.15,0.43283018867924533,1.54,0,False,0.0,0.0,0.0,0.0,0.0,0.0,0,,,,,0.0,0.0
5725,6.5134,117.9056,2016,2015-07-28,2016-07-27,Pacific,20.31,27.5,12.0,5.55,5.55,5.55,0.6488679245283019,1.6,7,False,0.0,0.0,0.0,0.0,0.0,0.0,0,,,,,0.0,0.0
5725,6.5134,117.9056,2017,2016-08-11,2017-08-11,Pacific,13.120000000000001,7.5,13.7,5.17,5.17,5.17,0.649622641509434,1.55,7,False,0.0,0.0,0.0,0.0,0.0,0.0,0,,,,,0.0,0.0
5725,6.5134,117.9056,2018,2017-08-30,2018-08-30,Pacific,19.369999999999997,0.0,13.7,0.31,0.61,3.5500000000000003,0.6447169811320755,1.48,0,False,0.0,0.0,0.0,0.0,0.0,0.0,0,,,,,0.0,0.0
5725,6.5134,117.9056,2019,2018-08-19,2019-08-19,Pacific,17.81,0.05,13.5,5.63,5.63,5.63,0.5907547169811321,1.42,14,False,0.0,0.0,0.0,0.0,0.0,0.0,0,,,,,0.0,0.0
5726,6.5139,117.9243,2013,2012-09-26,2013-09-26,Pacific,30.625,,3.5,0.0,0.32,0.32,0.38283018867924534,1.49,0,False,0.0,0.0,0.0,0.0,0.0,0.0,0,,,,,0.0,0.0
5726,6.5139,117.9243,2014,2013-08-28,2014-08-28,Pacific,19.380000000000003,6.75,6.8,3.5,4.15,4.15,0.4777358490566037,1.48,0,False,0.0,0.0,0.0,0.0,0.0,0.0,0,,,,,0.0,0.0
5726,6.5139,117.9243,2015,2014-10-04,2015-10-04,Pacific,23.130000000000003,0.0,5.5,0.15,2.13,2.13,0.3266037735849057,1.54,0,False,0.0,0.0,0.0,0.0,0.0,0.0,0,,,,,0.0,0.0
5726,6.5139,117.9243,2016,2015-09-04,2016-09-03,Pacific,26.25,1.75,3.7,3.97,5.55,5.55,0.6992452830188681,1.6,7,False,0.0,0.0,0.0,0.0,0.0,0.0,0,,,,,0.0,0.0
5726,6.5139,117.9243,2017,2016-08-28,2017-08-28,Pacific,17.5,11.75,5.3,5.17,5.17,5.17,0.6522641509433964,1.55,7,False,0.0,0.0,0.0,0.0,0.0,0.0,0,,,,,0.0,0.0
5726,6.5139,117.9243,2018,2017-10-03,2018-10-03,Pacific,22.81,0.0,5.3,0.15,0.61,3.5500000000000003,0.5613207547169812,1.37,0,False,0.0,0.0,0.0,0.0,0.0,0.0,0,,,,,0.0,0.0
5726,6.5139,117.9243,2019,2018-10-16,2019-10-16,Pacific,20.935,0.0,5.8,0.33,5.63,5.63,0.6343396226415093,1.42,14,False,0.0,0.0,0.0,0.0,0.0,0.0,0,,,,,0.0,0.0
5727,6.5204,117.9296,2013,2012-04-07,2013-04-07,Pacific,19.685,0.75,12.0,0.0,0.0,1.85,0.4171698113207547,1.49,0,False,0.0,0.0,0.0,0.0,0.0,0.0,0,,,,,0.0,0.0
5727,6.5204,117.9296,2014,2013-05-29,2014-05-29,Pacific,27.5,1.25,14.0,0.98,0.98,0.98,0.349245283018868,1.48,0,False,0.0,0.0,0.0,0.0,0.0,0.0,0,,,,,0.0,0.0
5727,6.5204,117.9296,2015,2014-05-27,2015-05-27,Pacific,29.375,2.5,13.8,0.88,0.88,4.15,0.4398113207547169,1.32,0,False,0.0,0.0,0.0,0.0,0.0,0.0,0,,,,,0.0,0.0
5727,6.5204,117.9296,2016,2015-08-23,2016-08-22,Pacific,30.0,42.5,14.0,4.41,5.55,5.55,0.7005660377358491,1.6,7,False,0.0,0.0,0.0,0.0,0.0,0.0,0,,,,,0.0,0.0
5727,6.5204,117.9296,2017,2016-08-26,2017-08-26,Pacific,19.375,13.25,14.3,5.17,5.17,5.17,0.6473584905660379,1.55,7,False,0.0,0.0,0.0,0.0,0.0,0.0,0,,,,,0.0,0.0
5727,6.5204,117.9296,2018,2017-10-10,2018-10-10,Pacific,21.875,0.0,14.6,0.15,0.61,3.5500000000000003,0.5588679245283019,1.37,0,False,0.0,0.0,0.0,0.0,0.0,0.0,0,,,,,0.0,0.0
5727,6.5204,117.9296,2019,2018-10-02,2019-10-02,Pacific,15.0,0.0,14.6,1.55,5.63,5.63,0.6316981132075472,1.42,14,False,0.0,0.0,0.0,0.0,0.0,0.0,0,,,,,0.0,0.0
5728,6.521,117.9157,2013,2012-08-03,2013-08-03,Pacific,35.0,0.0,4.0,0.32,0.32,1.85,0.430566037735849,1.49,0,False,0.0,0.0,0.0,0.0,0.0,0.0,0,,,,,0.0,0.0
5728,6.521,117.9157,2014,2013-08-29,2014-08-29,Pacific,14.685,43.75,6.0,3.5,4.15,4.15,0.4777358490566037,1.48,0,False,0.0,0.0,0.0,0.0,0.0,0.0,0,,,,,0.0,0.0
5728,6.521,117.9157,2015,2014-07-26,2015-07-26,Pacific,24.06,0.0,4.8,2.13,2.13,3.5,0.3958490566037736,1.54,0,False,0.0,0.0,0.0,0.0,0.0,0.0,0,,,,,0.0,0.0
5728,6.521,117.9157,2016,2015-09-06,2016-09-05,Pacific,25.94,6.25,4.0,3.46,5.55,5.55,0.6992452830188681,1.6,7,False,0.0,0.0,0.0,0.0,0.0,0.0,0,,,,,0.0,0.0
5728,6.521,117.9157,2017,2016-08-14,2017-08-14,Pacific,14.06,0.75,5.8,5.17,5.17,5.17,0.6535849056603774,1.55,7,False,0.0,0.0,0.0,0.0,0.0,0.0,0,,,,,0.0,0.0
5728,6.521,117.9157,2018,2017-09-30,2018-09-30,Pacific,19.69,0.0,4.5,0.15,0.61,3.5500000000000003,0.5652830188679245,1.37,0,False,0.0,0.0,0.0,0.0,0.0,0.0,0,,,,,0.0,0.0
5728,6.521,117.9157,2019,2018-08-21,2019-08-21,Pacific,9.370000000000001,0.0,6.9,5.63,5.63,5.63,0.5852830188679246,1.42,14,False,0.0,0.0,0.0,0.0,0.0,0.0,0,,,,,0.0,0.0
5729,6.5436,117.92,2013,2012-10-01,2013-10-01,Pacific,35.315,0.0,11.5,0.0,0.32,0.32,0.37826923076923086,1.49,0,False,0.0,0.0,0.0,0.0,0.0,0.0,0,,,,,0.0,0.0
5729,6.5436,117.92,2014,2013-05-18,2014-05-18,Pacific,39.06,2.5,12.5,0.98,0.98,0.98,0.3511320754716981,1.48,0,False,0.0,0.0,0.0,0.0,0.0,0.0,0,,,,,0.0,0.0
5729,6.5436,117.92,2015,2014-06-28,2015-06-28,Pacific,29.375,0.0,11.5,2.13,2.13,4.15,0.43283018867924533,1.54,0,False,0.0,0.0,0.0,0.0,0.0,0.0,0,,,,,0.0,0.0
5729,6.5436,117.92,2016,2015-07-28,2016-07-27,Pacific,35.94,33.75,11.5,5.55,5.55,5.55,0.6488679245283019,1.6,7,False,0.0,0.0,0.0,0.0,0.0,0.0,0,,,,,0.0,0.0
5729,6.5436,117.92,2017,2016-08-15,2017-08-15,Pacific,25.31,12.75,10.8,5.17,5.17,5.17,0.6535849056603774,1.55,7,False,0.0,0.0,0.0,0.0,0.0,0.0,0,,,,,0.0,0.0
5729,6.5436,117.92,2018,2017-09-01,2018-09-01,Pacific,20.625,0.5,11.0,0.31,0.61,3.5500000000000003,0.6447169811320755,1.48,0,False,0.0,0.0,0.0,0.0,0.0,0.0,0,,,,,0.0,0.0
5729,6.5436,117.92,2019,2018-08-15,2019-08-15,Pacific,28.44,0.4,13.3,5.63,5.63,5.63,0.5907547169811321,1.42,14,False,0.0,0.0,0.0,0.0,0.0,0.0,0,,,,,0.0,0.0
5730,6.5521,117.9247,2013,2012-10-11,2013-10-11,Pacific,23.75,9.25,11.0,0.0,0.32,0.32,0.3743396226415095,1.53,0,False,0.0,0.0,0.0,0.0,0.0,0.0,0,,,,,0.0,0.0
5730,6.5521,117.9247,2014,2013-09-29,2014-09-29,Pacific,20.935,22.25,12.5,2.01,4.37,4.37,0.5218867924528302,1.51,0,False,0.0,0.0,0.0,0.0,0.0,0.0,0,,,,,0.0,0.0
5730,6.5521,117.9247,2015,2014-07-04,2015-07-04,Pacific,15.0,0.0,11.0,2.42,2.42,4.37,0.42452830188679247,1.6,0,False,0.0,0.0,0.0,0.0,0.0,0.0,0,,,,,0.0,0.0
5730,6.5521,117.9247,2016,2015-09-15,2016-09-14,Pacific,19.69,25.0,12.0,2.98,5.41,5.41,0.6815094339622642,1.55,7,False,0.0,0.0,0.0,0.0,0.0,0.0,0,,,,,0.0,0.0
5730,6.5521,117.9247,2017,2016-07-28,2017-07-28,Pacific,17.19,3.5,12.0,4.53,4.53,4.5600000000000005,0.6196226415094341,1.56,7,False,0.0,0.0,0.0,0.0,0.0,0.0,0,,,,,0.0,0.0
5730,6.5521,117.9247,2018,2017-08-02,2018-08-02,Pacific,28.435,1.0,12.0,0.77,0.77,5.0,0.6532075471698112,1.5,7,False,0.0,0.0,0.0,0.0,0.0,0.0,0,,,,,0.0,0.0
5730,6.5521,117.9247,2019,2018-08-18,2019-08-18,Pacific,23.44,0.39,11.6,5.29,5.29,5.29,0.588867924528302,1.36,7,False,0.0,0.0,0.0,0.0,0.0,0.0,0,,,,,0.0,0.0
5731,6.5521,117.9357,2013,2012-09-30,2013-09-30,Pacific,34.370000000000005,1.25,12.0,0.0,0.32,0.32,0.3881132075471698,1.53,0,False,0.0,0.0,0.0,0.0,0.0,0.0,0,,,,,0.0,0.0
5731,6.5521,117.9357,2014,2013-09-27,2014-09-27,Pacific,16.56,18.75,10.5,2.01,4.37,4.37,0.5218867924528302,1.51,0,False,0.0,0.0,0.0,0.0,0.0,0.0,0,,,,,0.0,0.0
5731,6.5521,117.9357,2015,2014-03-31,2015-03-31,Pacific,21.25,0.5,10.5,0.0,0.0,4.37,0.45377358490566033,1.51,0,False,0.0,0.0,0.0,0.0,0.0,0.0,0,,,,,0.0,0.0
5731,6.5521,117.9357,2016,2015-09-13,2016-09-12,Pacific,20.0,17.5,10.0,2.98,5.41,5.41,0.6815094339622642,1.55,7,False,0.0,0.0,0.0,0.0,0.0,0.0,0,,,,,0.0,0.0
5731,6.5521,117.9357,2017,2016-07-20,2017-07-20,Pacific,13.44,3.25,11.5,4.53,4.53,5.41,0.6305660377358491,1.56,7,False,0.0,0.0,0.0,0.0,0.0,0.0,0,,,,,0.0,0.0
5731,6.5521,117.9357,2018,2017-08-02,2018-08-02,Pacific,17.5,0.0,10.0,0.77,0.77,5.0,0.6532075471698112,1.5,7,False,0.0,0.0,0.0,0.0,0.0,0.0,0,,,,,0.0,0.0
5731,6.5521,117.9357,2019,2018-08-21,2019-08-21,Pacific,15.625,0.01,10.8,5.29,5.29,5.29,0.5828301886792452,1.36,7,False,0.0,0.0,0.0,0.0,0.0,0.0,0,,,,,0.0,0.0
5732,6.5621,117.9202,2013,2012-06-11,2013-06-11,Pacific,29.685,1.25,12.0,0.32,0.32,1.83,0.4657692307692308,1.53,0,False,0.0,0.0,0.0,0.0,0.0,0.0,0,,,,,0.0,0.0
5732,6.5621,117.9202,2014,2013-09-28,2014-09-28,Pacific,27.81,23.75,12.5,2.01,4.37,4.37,0.5218867924528302,1.51,0,False,0.0,0.0,0.0,0.0,0.0,0.0,0,,,,,0.0,0.0
5732,6.5621,117.9202,2015,2014-06-29,2015-06-29,Pacific,32.5,0.0,13.0,2.42,2.42,4.37,0.42792452830188676,1.6,0,False,0.0,0.0,0.0,0.0,0.0,0.0,0,,,,,0.0,0.0
5732,6.5621,117.9202,2016,2015-09-11,2016-09-10,Pacific,27.5,47.5,13.5,3.61,5.41,5.41,0.6815094339622642,1.55,7,False,0.0,0.0,0.0,0.0,0.0,0.0,0,,,,,0.0,0.0
5732,6.5621,117.9202,2017,2016-08-28,2017-08-28,Pacific,19.685,11.5,12.0,5.0,5.0,5.0,0.649245283018868,1.56,14,False,0.0,0.0,0.0,0.0,0.0,0.0,0,,,,,0.0,0.0
5732,6.5621,117.9202,2018,2017-08-05,2018-08-05,Pacific,26.56,0.0,12.6,0.77,0.77,5.0,0.6532075471698112,1.5,7,False,0.0,0.0,0.0,0.0,0.0,0.0,0,,,,,0.0,0.0
5732,6.5621,117.9202,2019,2018-09-30,2019-09-30,Pacific,33.75,0.04,15.1,1.4,5.29,5.29,0.6245283018867924,1.36,7,False,0.0,0.0,0.0,0.0,0.0,0.0,0,,,,,0.0,0.0
5733,6.7012,116.3386,2013,2012-11-12,2013-11-12,Pacific,13.435,0.0,7.0,0.0,0.15,0.15,0.46019230769230773,1.68,0,False,0.0,0.0,0.0,0.0,0.0,0.0,0,,,,,0.0,0.0
5733,6.7012,116.3386,2014,2013-09-10,2014-09-10,Pacific,27.5,0.0,8.0,0.0,0.0,0.0,0.39547169811320754,1.77,0,False,0.0,0.0,0.0,0.0,0.0,0.0,0,,,,,0.0,0.0
5733,6.7012,116.3386,2015,2014-06-11,2015-06-11,Pacific,19.375,0.25,5.0,0.0,0.0,0.0,0.19528301886792457,1.21,0,False,0.0,0.0,0.0,0.0,0.0,0.0,0,,,,,0.0,0.0
5733,6.7012,116.3386,2016,2015-04-25,2016-04-24,Pacific,16.25,0.0,6.0,0.0,0.0,0.0,0.1884905660377359,1.38,0,False,0.0,0.0,0.0,0.0,0.0,0.0,0,,,,,0.0,0.0
5733,6.7012,116.3386,2017,2016-08-11,2017-08-11,Pacific,25.625,0.5,6.0,0.14,0.14,0.77,0.7088679245283017,2.61,0,False,0.0,0.0,0.0,0.0,0.0,0.0,0,,,,,0.0,0.0
5733,6.7012,116.3386,2018,2017-07-19,2018-07-19,Pacific,18.75,0.0,5.0,0.0,0.0,0.14,0.46150943396226424,1.58,0,False,0.0,0.0,0.0,0.0,0.0,0.0,0,,,,,0.0,0.0
5733,6.7012,116.3386,2019,2018-07-20,2019-07-20,Pacific,21.56,2.0,6.0,0.29,0.29,0.29,0.4239622641509435,1.64,0,False,0.0,0.0,0.0,0.0,0.0,0.0,0,,,,,0.0,0.0
5734,6.7023,116.3635,2013,2012-11-13,2013-11-13,Pacific,9.06,0.0,5.0,0.0,0.15,0.15,0.4371698113207548,1.67,0,False,0.0,0.0,0.0,0.0,0.0,0.0,0,,,,,0.0,0.0
5734,6.7023,116.3635,2014,2013-09-13,2014-09-13,Pacific,6.25,0.0,8.0,0.0,0.0,0.0,0.3988679245283019,1.74,0,False,0.0,0.0,0.0,0.0,0.0,0.0,0,,,,,0.0,0.0
5734,6.7023,116.3635,2015,2014-06-11,2015-06-11,Pacific,9.370000000000001,0.0,5.0,0.0,0.0,0.0,0.1958490566037736,1.25,0,False,0.0,0.0,0.0,0.0,0.0,0.0,0,,,,,0.0,0.0
5734,6.7023,116.3635,2016,2015-04-25,2016-04-24,Pacific,9.69,0.0,7.0,0.0,0.0,0.0,0.18433962264150944,1.39,0,False,0.0,0.0,0.0,0.0,0.0,0.0,0,,,,,0.0,0.0
5734,6.7023,116.3635,2017,2016-08-13,2017-08-13,Pacific,12.19,0.75,9.0,0.15,0.15,0.48,0.7219230769230769,2.66,0,False,0.0,0.0,0.0,0.0,0.0,0.0,0,,,,,0.0,0.0
5734,6.7023,116.3635,2018,2017-07-19,2018-07-19,Pacific,7.19,0.0,8.0,0.0,0.0,0.15,0.45867924528301884,1.52,0,False,0.0,0.0,0.0,0.0,0.0,0.0,0,,,,,0.0,0.0
5734,6.7023,116.3635,2019,2018-07-20,2019-07-20,Pacific,5.619999999999999,3.25,6.0,0.44,0.44,0.44,0.419811320754717,1.61,0,False,0.0,0.0,0.0,0.0,0.0,0.0,0,,,,,0.0,0.0
5735,6.7051,116.3205,2013,2012-11-13,2013-11-13,Pacific,21.56,0.0,10.0,0.0,0.15,0.15,0.4533962264150944,1.68,0,False,0.0,0.0,0.0,0.0,0.0,0.0,0,,,,,0.0,0.0
5735,6.7051,116.3205,2014,2013-09-13,2014-09-13,Pacific,23.75,0.0,3.0,0.0,0.0,0.0,0.3967924528301887,1.77,0,False,0.0,0.0,0.0,0.0,0.0,0.0,0,,,,,0.0,0.0
5735,6.7051,116.3205,2015,2014-05-19,2015-05-19,Pacific,26.869999999999997,0.0,6.0,0.0,0.0,0.0,0.17641509433962263,1.21,0,False,0.0,0.0,0.0,0.0,0.0,0.0,0,,,,,0.0,0.0
5735,6.7051,116.3205,2016,2015-04-26,2016-04-25,Pacific,30.315,0.0,6.0,0.0,0.0,0.0,0.1884905660377359,1.38,0,False,0.0,0.0,0.0,0.0,0.0,0.0,0,,,,,0.0,0.0
5735,6.7051,116.3205,2017,2016-11-23,2017-11-23,Pacific,29.69,2.25,7.0,0.0,0.0,0.14,0.7724528301886792,2.61,0,False,0.0,0.0,0.0,0.0,0.0,0.0,0,,,,,0.0,0.0
5735,6.7051,116.3205,2018,2017-07-23,2018-07-23,Pacific,30.625,0.25,7.0,0.0,0.0,0.14,0.46150943396226424,1.58,0,False,0.0,0.0,0.0,0.0,0.0,0.0,0,,,,,0.0,0.0
5735,6.7051,116.3205,2019,2018-07-18,2019-07-18,Pacific,26.869999999999997,1.5,8.0,0.29,0.29,0.29,0.4239622641509435,1.64,0,False,0.0,0.0,0.0,0.0,0.0,0.0,0,,,,,0.0,0.0
5736,6.7065,116.3167,2016,2015-04-25,2016-04-24,Pacific,20.31,0.0,6.0,0.0,0.0,0.0,0.1884905660377359,1.38,0,False,0.0,0.0,0.0,0.0,0.0,0.0,0,,,,,0.0,0.0
5736,6.7065,116.3167,2017,2016-08-12,2017-08-12,Pacific,31.25,0.25,7.0,0.14,0.14,0.77,0.7088679245283017,2.61,0,False,0.0,0.0,0.0,0.0,0.0,0.0,0,,,,,0.0,0.0
5737,6.7065,116.3295,2016,2015-04-27,2016-04-26,Pacific,16.875,0.0,9.0,0.0,0.0,0.0,0.1884905660377359,1.38,0,False,0.0,0.0,0.0,0.0,0.0,0.0,0,,,,,0.0,0.0
5737,6.7065,116.3295,2017,2016-11-24,2017-11-24,Pacific,24.375,2.0,7.0,0.0,0.0,0.14,0.7724528301886792,2.61,0,False,0.0,0.0,0.0,0.0,0.0,0.0,0,,,,,0.0,0.0
5738,6.7097,116.3234,2016,2015-04-26,2016-04-25,Pacific,15.629999999999999,0.0,4.5,0.0,0.0,0.0,0.1884905660377359,1.38,0,False,0.0,0.0,0.0,0.0,0.0,0.0,0,,,,,0.0,0.0
5738,6.7097,116.3234,2017,2016-11-23,2017-11-23,Pacific,13.44,0.0,4.0,0.0,0.0,0.14,0.7724528301886792,2.61,0,False,0.0,0.0,0.0,0.0,0.0,0.0,0,,,,,0.0,0.0
5738,6.7097,116.3234,2018,2017-12-01,2018-12-01,Pacific,9.06,0.0,3.5,0.0,0.0,0.0,0.498679245283019,1.58,0,False,0.0,0.0,0.0,0.0,0.0,0.0,0,,,,,0.0,0.0
5739,6.7139,116.3347,2013,2012-11-27,2013-11-27,Pacific,26.565,0.0,6.0,0.0,0.0,0.15,0.44660377358490577,1.68,0,False,0.0,0.0,0.0,0.0,0.0,0.0,0,,,,,0.0,0.0
5739,6.7139,116.3347,2014,2013-09-12,2014-09-12,Pacific,24.369999999999997,0.0,5.0,0.0,0.0,0.0,0.3967924528301887,1.77,0,False,0.0,0.0,0.0,0.0,0.0,0.0,0,,,,,0.0,0.0
5739,6.7139,116.3347,2015,2014-05-18,2015-05-18,Pacific,24.380000000000003,0.25,6.0,0.0,0.0,0.0,0.17641509433962263,1.21,0,False,0.0,0.0,0.0,0.0,0.0,0.0,0,,,,,0.0,0.0
5739,6.7139,116.3347,2016,2015-04-27,2016-04-26,Pacific,21.875,0.25,5.5,0.0,0.0,0.0,0.1884905660377359,1.38,0,False,0.0,0.0,0.0,0.0,0.0,0.0,0,,,,,0.0,0.0
5739,6.7139,116.3347,2017,2016-11-24,2017-11-24,Pacific,20.0,0.5,5.0,0.0,0.0,0.14,0.7724528301886792,2.61,0,False,0.0,0.0,0.0,0.0,0.0,0.0,0,,,,,0.0,0.0
5739,6.7139,116.3347,2018,2017-07-19,2018-07-19,Pacific,24.06,0.25,6.5,0.0,0.0,0.14,0.46150943396226424,1.58,0,False,0.0,0.0,0.0,0.0,0.0,0.0,0,,,,,0.0,0.0
5739,6.7139,116.3347,2019,2018-07-19,2019-07-19,Pacific,20.31,0.75,6.0,0.29,0.29,0.29,0.4239622641509435,1.64,0,False,0.0,0.0,0.0,0.0,0.0,0.0,0,,,,,0.0,0.0
5740,6.7182,116.3594,2013,2012-11-27,2013-11-27,Pacific,10.94,0.0,7.0,0.0,0.0,0.15,0.429622641509434,1.67,0,False,0.0,0.0,0.0,0.0,0.0,0.0,0,,,,,0.0,0.0
5740,6.7182,116.3594,2014,2013-09-10,2014-09-10,Pacific,25.0,0.0,6.0,0.0,0.0,0.0,0.3969811320754717,1.74,0,False,0.0,0.0,0.0,0.0,0.0,0.0,0,,,,,0.0,0.0
5740,6.7182,116.3594,2015,2014-05-20,2015-05-20,Pacific,23.13,0.0,6.0,0.0,0.0,0.0,0.17773584905660378,1.25,0,False,0.0,0.0,0.0,0.0,0.0,0.0,0,,,,,0.0,0.0
5740,6.7182,116.3594,2016,2015-04-24,2016-04-23,Pacific,13.125,0.0,6.0,0.0,0.0,0.0,0.18433962264150944,1.39,0,False,0.0,0.0,0.0,0.0,0.0,0.0,0,,,,,0.0,0.0
5740,6.7182,116.3594,2017,2016-08-14,2017-08-14,Pacific,8.125,0.0,6.0,0.15,0.15,0.48,0.7179245283018867,2.66,0,False,0.0,0.0,0.0,0.0,0.0,0.0,0,,,,,0.0,0.0
5740,6.7182,116.3594,2018,2017-07-21,2018-07-21,Pacific,12.19,0.0,6.0,0.0,0.0,0.15,0.45867924528301884,1.52,0,False,0.0,0.0,0.0,0.0,0.0,0.0,0,,,,,0.0,0.0
5740,6.7182,116.3594,2019,2018-07-16,2019-07-16,Pacific,19.06,0.0,6.0,0.44,0.44,0.44,0.4096226415094339,1.61,0,False,0.0,0.0,0.0,0.0,0.0,0.0,0,,,,,0.0,0.0
5741,6.7183,116.3595,2017,2016-11-23,2017-11-23,Pacific,8.44,0.0,4.0,0.0,0.0,0.15,0.7709433962264152,2.66,0,False,0.0,0.0,0.0,0.0,0.0,0.0,0,,,,,0.0,0.0
5742,6.7199,116.3409,2013,2012-11-13,2013-11-13,Pacific,25.94,0.0,10.0,0.0,0.15,0.15,0.4533962264150944,1.68,0,False,0.0,0.0,0.0,0.0,0.0,0.0,0,,,,,0.0,0.0
5742,6.7199,116.3409,2014,2013-09-11,2014-09-11,Pacific,28.75,0.0,9.0,0.0,0.0,0.0,0.3967924528301887,1.77,0,False,0.0,0.0,0.0,0.0,0.0,0.0,0,,,,,0.0,0.0
5742,6.7199,116.3409,2015,2014-12-08,2015-12-08,Pacific,21.565,0.0,9.0,0.0,0.0,0.0,0.1630188679245283,1.21,0,False,0.0,0.0,0.0,0.0,0.0,0.0,0,,,,,0.0,0.0
5742,6.7199,116.3409,2016,2015-04-26,2016-04-25,Pacific,21.56,0.0,6.0,0.0,0.0,0.0,0.1884905660377359,1.38,0,False,0.0,0.0,0.0,0.0,0.0,0.0,0,,,,,0.0,0.0
5742,6.7199,116.3409,2017,2016-09-18,2017-09-18,Pacific,28.125,0.0,6.0,0.14,0.14,0.14,0.7281132075471698,2.61,0,False,0.0,0.0,0.0,0.0,0.0,0.0,0,,,,,0.0,0.0
5742,6.7199,116.3409,2018,2017-07-23,2018-07-23,Pacific,20.935,1.0,6.0,0.0,0.0,0.14,0.46150943396226424,1.58,0,False,0.0,0.0,0.0,0.0,0.0,0.0,0,,,,,0.0,0.0
5742,6.7199,116.3409,2019,2018-07-19,2019-07-19,Pacific,25.935,1.75,8.0,0.29,0.29,0.29,0.4239622641509435,1.64,0,False,0.0,0.0,0.0,0.0,0.0,0.0,0,,,,,0.0,0.0
5743,6.7201,116.3684,2013,2012-11-14,2013-11-14,Pacific,18.130000000000003,0.0,7.0,0.0,0.15,0.15,0.4371698113207548,1.67,0,False,0.0,0.0,0.0,0.0,0.0,0.0,0,,,,,0.0,0.0
5743,6.7201,116.3684,2014,2013-09-11,2014-09-11,Pacific,21.25,0.0,8.5,0.0,0.0,0.0,0.3988679245283019,1.74,0,False,0.0,0.0,0.0,0.0,0.0,0.0,0,,,,,0.0,0.0
5743,6.7201,116.3684,2015,2014-05-20,2015-05-20,Pacific,22.814999999999998,0.0,7.0,0.0,0.0,0.0,0.17773584905660378,1.25,0,False,0.0,0.0,0.0,0.0,0.0,0.0,0,,,,,0.0,0.0
5743,6.7201,116.3684,2016,2015-04-24,2016-04-23,Pacific,15.0,0.0,7.0,0.0,0.0,0.0,0.18433962264150944,1.39,0,False,0.0,0.0,0.0,0.0,0.0,0.0,0,,,,,0.0,0.0
5743,6.7201,116.3684,2017,2016-08-12,2017-08-12,Pacific,19.375,1.0,7.0,0.15,0.15,0.78,0.709433962264151,2.66,0,False,0.0,0.0,0.0,0.0,0.0,0.0,0,,,,,0.0,0.0
5743,6.7201,116.3684,2018,2017-07-21,2018-07-21,Pacific,10.625,0.75,8.0,0.0,0.0,0.15,0.45867924528301884,1.52,0,False,0.0,0.0,0.0,0.0,0.0,0.0,0,,,,,0.0,0.0
5743,6.7201,116.3684,2019,2018-07-15,2019-07-15,Pacific,20.31,3.75,8.0,0.44,0.44,0.44,0.4096226415094339,1.61,0,False,0.0,0.0,0.0,0.0,0.0,0.0,0,,,,,0.0,0.0
5744,6.7216,116.3484,2013,2012-11-27,2013-11-27,Pacific,24.06,0.0,6.0,0.0,0.0,0.15,0.44660377358490577,1.68,0,False,0.0,0.0,0.0,0.0,0.0,0.0,0,,,,,0.0,0.0
5744,6.7216,116.3484,2014,2013-09-11,2014-09-11,Pacific,29.06,0.0,7.0,0.0,0.0,0.0,0.3967924528301887,1.77,0,False,0.0,0.0,0.0,0.0,0.0,0.0,0,,,,,0.0,0.0
5744,6.7216,116.3484,2015,2014-05-20,2015-05-20,Pacific,28.130000000000003,0.0,7.0,0.0,0.0,0.0,0.17641509433962263,1.21,0,False,0.0,0.0,0.0,0.0,0.0,0.0,0,,,,,0.0,0.0
5744,6.7216,116.3484,2016,2015-06-15,2016-06-14,Pacific,23.75,0.25,6.0,0.63,0.63,0.63,0.24358490566037733,1.38,0,False,0.0,0.0,0.0,0.0,0.0,0.0,0,,,,,0.0,0.0
5744,6.7216,116.3484,2017,2016-09-18,2017-09-18,Pacific,25.315,0.75,7.0,0.14,0.14,0.14,0.7281132075471698,2.61,0,False,0.0,0.0,0.0,0.0,0.0,0.0,0,,,,,0.0,0.0
5744,6.7216,116.3484,2018,2017-07-20,2018-07-20,Pacific,13.44,0.75,8.0,0.0,0.0,0.14,0.46150943396226424,1.58,0,False,0.0,0.0,0.0,0.0,0.0,0.0,0,,,,,0.0,0.0
5744,6.7216,116.3484,2019,2018-07-19,2019-07-19,Pacific,27.815,1.75,8.0,0.29,0.29,0.29,0.4239622641509435,1.64,0,False,0.0,0.0,0.0,0.0,0.0,0.0,0,,,,,0.0,0.0
5752,7.0037,117.4462,2013,2012-10-02,2013-10-02,Pacific,20.31,0.625,7.5,0.0,0.0,0.0,0.37037735849056613,1.77,0,False,0.0,0.0,0.0,0.0,0.0,0.0,0,,,,,0.0,0.0
5827,1.7335,110.0834,2013,2012-04-07,2013-04-07,Pacific,39.375,2.5,3.0,0.0,0.0,0.15,0.36471698113207546,1.55,0,False,0.0,0.0,0.0,0.0,0.0,0.0,0,,,,,0.0,0.0
5829,1.7831,110.1674,2015,2014-05-30,2015-05-30,Pacific,35.625,2.5,3.0,0.0,0.0,1.05,0.39943396226415095,1.18,0,False,0.0,0.0,0.0,0.0,0.0,0.0,0,,,,,0.0,0.0
5830,1.7867,110.1579,2015,2014-05-30,2015-05-30,Pacific,33.44,2.5,3.0,0.0,0.0,1.05,0.39943396226415095,1.18,0,False,0.0,0.0,0.0,0.0,0.0,0.0,0,,,,,0.0,0.0
5831,1.7875,110.1621,2013,2012-04-06,2013-04-06,Pacific,38.75,2.5,5.5,0.0,0.0,0.15,0.34188679245283016,1.47,0,False,0.0,0.0,0.0,0.0,0.0,0.0,0,,,,,0.0,0.0
5831,1.7875,110.1621,2014,2013-09-15,2014-09-15,Pacific,30.935,28.75,4.7,0.91,1.05,1.05,0.29981132075471695,1.18,0,False,0.0,0.0,0.0,0.0,0.0,0.0,0,,,,,0.0,0.0
5833,1.8942,109.7704,2013,2012-03-30,2013-03-30,Pacific,46.25,5.0,5.0,0.0,0.0,0.0,0.3466037735849057,1.57,0,False,0.0,0.0,0.0,0.0,0.0,0.0,0,,,,,0.0,0.0
5834,1.8946,109.7664,2013,2012-03-30,2013-03-30,Pacific,35.0,1.25,6.0,0.0,0.0,0.0,0.3466037735849057,1.57,0,False,0.0,0.0,0.0,0.0,0.0,0.0,0,,,,,0.0,0.0
5835,1.9159,109.7744,2013,2012-03-29,2013-03-29,Pacific,30.625,0.0,6.0,0.0,0.0,0.0,0.3433962264150944,1.58,0,False,0.0,0.0,0.0,0.0,0.0,0.0,0,,,,,0.0,0.0
5836,1.9176,109.7799,2013,2012-03-29,2013-03-29,Pacific,37.19,0.0,6.5,0.0,0.0,0.0,0.3433962264150944,1.58,0,False,0.0,0.0,0.0,0.0,0.0,0.0,0,,,,,0.0,0.0
5837,2.1836,104.0957,2013,2012-09-23,2013-09-23,Pacific,18.435,0.0,3.0,0.0,1.35,1.53,0.5005660377358491,1.53,0,False,0.0,0.0,0.0,0.0,0.0,0.0,0,,,,,0.0,0.0
5838,2.2345,104.061,2013,2012-09-23,2013-09-23,Pacific,25.31,0.0,7.0,0.0,1.33,1.5,0.5064150943396227,1.53,0,False,0.0,0.0,0.0,0.0,0.0,0.0,0,,,,,0.0,0.0
5843,2.4599,104.4893,2018,2017-09-13,2018-09-13,Pacific,32.5,0.0,8.2,0.0,0.0,0.0,0.2609433962264151,1.17,0,False,0.0,0.0,0.0,0.0,547.8109000000001,547.8109000000001,0,,,,,0.0,0.0
5843,2.4599,104.4893,2019,2018-09-07,2019-09-07,Pacific,33.435,0.0,7.0,0.0,1.85,1.85,0.5664150943396226,1.29,0,False,0.0,0.0,0.0,0.0,0.0,0.0,0,,,,,0.0,0.0
5844,2.4612,104.5267,2018,2017-09-14,2018-09-14,Pacific,29.375,0.0,7.6,0.0,0.0,0.0,0.25358490566037734,1.16,0,False,0.0,0.0,0.0,0.0,18.1829,18.1829,0,,,,,0.0,0.0
5844,2.4612,104.5267,2019,2018-09-06,2019-09-06,Pacific,37.5,0.0,6.8,0.0,1.7,1.7,0.5607547169811322,1.29,0,False,0.0,0.0,0.0,0.0,0.0,0.0,0,,,,,0.0,0.0
5849,2.4712,104.5106,2018,2017-09-13,2018-09-13,Pacific,29.69,0.0,4.6,0.0,0.0,0.0,0.25358490566037734,1.16,0,False,0.0,0.0,0.0,0.0,18.1829,18.1829,0,,,,,0.0,0.0
5849,2.4712,104.5106,2019,2018-09-07,2019-09-07,Pacific,34.065,0.0,5.5,0.0,1.7,1.7,0.5607547169811322,1.29,0,False,0.0,0.0,0.0,0.0,0.0,0.0,0,,,,,0.0,0.0
5851,2.4775,104.5045,2018,2017-09-14,2018-09-14,Pacific,31.875,0.0,7.9,0.0,0.0,0.0,0.25358490566037734,1.16,0,False,0.0,0.0,0.0,0.0,74.25019999999999,74.25019999999999,0,,,,,0.0,0.0
5851,2.4775,104.5045,2019,2018-09-06,2019-09-06,Pacific,36.25,0.0,7.2,0.0,1.7,1.7,0.5607547169811322,1.29,0,False,0.0,0.0,0.0,0.0,0.0,0.0,0,,,,,0.0,0.0
5855,2.5736,104.325,2013,2012-03-19,2013-03-19,Pacific,38.129999999999995,0.0,3.0,0.0,0.0,0.0,0.18115384615384617,1.49,0,False,0.0,0.0,0.0,0.0,0.0,0.0,0,,,,,0.0,1.0
5855,2.5736,104.325,2014,2013-08-06,2014-08-06,Pacific,28.125,0.0,3.5,2.83,2.83,2.83,0.12358490566037734,1.3,0,False,0.0,0.0,0.0,0.0,0.0,0.0,0,,,,,0.0,1.0
5856,2.5814,104.3375,2013,2012-03-20,2013-03-20,Pacific,30.31,0.0,8.0,0.0,0.0,0.0,0.1816981132075472,1.49,0,False,0.0,0.0,0.0,0.0,0.0,0.0,0,,,,,0.0,1.0
5857,2.5815,104.3353,2013,2012-03-20,2013-03-20,Pacific,29.685,0.0,10.0,0.0,0.0,0.0,0.1816981132075472,1.49,0,False,0.0,0.0,0.0,0.0,0.0,0.0,0,,,,,0.0,1.0
5857,2.5815,104.3353,2014,2013-08-06,2014-08-06,Pacific,30.31,0.0,10.0,2.83,2.83,2.83,0.12358490566037734,1.3,0,False,0.0,0.0,0.0,0.0,0.0,0.0,0,,,,,0.0,1.0
5858,2.5818,104.3125,2013,2012-03-21,2013-03-21,Pacific,24.380000000000003,0.0,5.0,0.0,0.0,0.0,0.1816981132075472,1.49,0,False,0.0,0.0,0.0,0.0,0.0,0.0,0,,,,,0.0,1.0
5859,2.6614,104.1664,2013,2012-04-03,2013-04-03,Pacific,2.81,0.0,7.0,0.0,0.0,0.0,0.18415094339622642,1.48,0,False,0.0,0.0,0.0,0.0,0.0,0.0,0,,,,,1.0,1.0
5865,2.7191,104.1517,2013,2012-03-18,2013-03-18,Pacific,14.379999999999999,0.0,6.0,0.0,0.0,0.0,0.14150943396226415,1.5,0,True,0.0,0.0,0.0,0.0,0.0,0.0,0,,,,,1.0,1.0
5866,2.7321,104.1354,2013,2012-04-04,2013-04-04,Pacific,36.56,0.0,5.0,0.15,0.15,0.15,0.17886792452830189,1.5,0,False,0.0,0.0,0.0,0.0,0.0,0.0,0,,,,,1.0,1.0
5866,2.7321,104.1354,2015,2014-08-25,2015-08-25,Pacific,35.315,0.0,4.5,0.0,0.0,0.0,0.27792452830188685,1.36,0,False,3.8286,3.8286,1494.7225,1494.7225,4247.3561,3863.221,1,,,,,2.0,2.0
5866,2.7321,104.1354,2016,2015-10-26,2016-10-25,Pacific,26.25,0.0,4.0,0.0,2.75,4.91,0.8156603773584905,1.72,7,False,644.7958,644.7958,11399.2188,11360.5637,20892.7163,20512.2012,2,,,,,2.0,2.0
5866,2.7321,104.1354,2018,2017-08-26,2018-08-26,Pacific,23.125,0.0,4.0,0.0,0.0,0.0,0.32886792452830194,1.18,0,False,526.0741,526.0741,8729.9427,8729.9427,14491.250399999999,14483.3774,4,,,,,1.0,1.0
5866,2.7321,104.1354,2019,2018-10-23,2019-10-23,Pacific,18.75,0.0,5.0,0.0,0.14,1.39,0.5977358490566038,1.4,0,False,0.0,0.0,0.0,0.0,0.0,0.0,0,,,,,3.0,3.0
5868,2.7402,104.1316,2014,2013-03-05,2014-03-05,Pacific,34.375,0.0,3.0,0.0,0.0,0.75,0.2920754716981132,1.32,0,False,0.0,0.0,0.0,0.0,0.0,0.0,0,,,,,1.0,1.0
5868,2.7402,104.1316,2014,2013-04-27,2014-04-27,Pacific,20.625,0.0,4.0,0.0,0.0,0.75,0.209811320754717,1.06,0,False,0.0,0.0,0.0,0.0,0.0,0.0,0,,,,,1.0,1.0
5869,2.7411,104.2181,2013,2012-07-30,2013-07-30,Pacific,32.185,0.0,6.0,0.74,0.74,0.74,0.5511538461538462,1.45,0,False,0.0,0.0,0.0,0.0,0.0,0.0,0,,,,,1.0,1.0
5870,2.742,104.2177,2014,2013-08-26,2014-08-26,Pacific,29.685,0.0,7.5,1.05,2.7,2.7,0.1332075471698113,1.34,0,False,0.0,0.0,0.0,0.0,0.0,0.0,0,,,,,1.0,1.0
5871,2.7509,104.2202,2013,2012-03-18,2013-03-18,Pacific,34.375,0.0,11.0,0.0,0.0,0.0,0.200188679245283,1.44,0,False,0.0,0.0,0.0,0.0,0.0,0.0,0,,,,,1.0,1.0
5872,2.7599,104.2219,2013,2012-07-04,2013-07-04,Pacific,25.315,0.0,6.5,0.88,0.88,0.88,0.4869811320754717,1.46,0,False,0.0,0.0,0.0,0.0,0.0,0.0,0,,,,,1.0,1.0
5872,2.7599,104.2219,2014,2013-08-26,2014-08-26,Pacific,43.44,0.0,6.5,1.36,3.01,3.01,0.14132075471698116,1.35,0,False,0.0,0.0,0.0,0.0,0.0,0.0,0,,,,,1.0,1.0
5873,2.7603,104.2204,2013,2012-04-02,2013-04-02,Pacific,29.06,0.0,9.0,0.0,0.0,0.0,0.20076923076923076,1.44,0,False,0.0,0.0,0.0,0.0,0.0,0.0,0,,,,,1.0,1.0
5874,2.7809,104.2103,2013,2012-03-17,2013-03-17,Pacific,19.065,0.0,12.0,0.0,0.0,0.0,0.200188679245283,1.44,0,False,0.0,0.0,0.0,0.0,0.0,0.0,0,,,,,1.0,1.0
5875,2.7898,104.1167,2013,2012-03-14,2013-03-14,Pacific,30.94,0.25,6.0,0.0,0.0,0.0,0.16264150943396224,1.48,0,False,0.0,0.0,0.0,0.0,0.0,0.0,0,,,,,1.0,1.0
5877,2.804,104.2098,2013,2012-04-02,2013-04-02,Pacific,26.565,0.0,11.0,0.0,0.0,0.0,0.21346153846153845,1.43,0,False,0.0,0.0,0.0,0.0,0.0,0.0,0,,,,,1.0,1.0
5878,2.8095,104.1353,2014,2013-04-23,2014-04-23,Pacific,44.375,0.0,6.0,0.0,0.0,0.91,0.20660377358490567,1.19,0,False,0.0,0.0,0.0,0.0,0.0,0.0,0,,,,,1.0,1.0
5880,2.8105,104.1363,2013,2012-03-15,2013-03-15,Pacific,41.25,0.0,10.0,0.0,0.0,0.0,0.17716981132075477,1.48,0,False,0.0,0.0,0.0,0.0,0.0,0.0,0,,,,,1.0,1.0
5884,2.8167,104.1509,2016,2015-05-30,2016-05-29,Pacific,40.0,0.0,8.0,4.98,4.98,4.98,0.6162264150943397,1.69,7,False,0.0,0.0,2271.2996,2270.798,7983.2276,7605.9911,0,,,,,2.0,2.0
5885,2.8181,104.1539,2013,2012-04-11,2013-04-11,Pacific,20.31,0.0,6.0,0.14,0.14,0.14,0.22358490566037736,1.46,0,False,0.0,0.0,0.0,0.0,0.0,0.0,0,,,,,1.0,1.0
5885,2.8181,104.1539,2014,2013-04-24,2014-04-24,Pacific,18.119999999999997,0.0,5.0,0.0,0.0,0.9,0.22283018867924528,1.2,0,False,0.0,0.0,0.0,0.0,0.0,0.0,0,,,,,1.0,1.0
5886,2.8241,104.1882,2013,2012-08-24,2013-08-24,Pacific,22.19,0.0,5.5,0.75,0.9,0.9,0.5786792452830187,1.46,0,False,0.0,0.0,0.0,0.0,0.0,0.0,0,,,,,1.0,1.0
5891,2.8884,104.0672,2013,2012-03-31,2013-03-31,Pacific,10.625,0.0,7.0,0.0,0.0,0.0,0.19358490566037737,1.5,0,False,0.0,0.0,0.0,0.0,0.0,0.0,0,,,,,1.0,1.0
5893,2.9002,104.0509,2013,2012-03-30,2013-03-30,Pacific,27.81,0.0,12.0,0.0,0.0,0.0,0.2050943396226415,1.49,0,False,0.0,0.0,0.0,0.0,0.0,0.0,0,,,,,1.0,1.0
5894,2.9023,104.1025,2014,2013-05-04,2014-05-04,Pacific,35.625,0.0,7.7,0.94,0.94,0.97,0.23301886792452833,1.31,0,False,0.0,0.0,0.0,0.0,0.0,0.0,0,,,,,1.0,1.0
5894,2.9023,104.1025,2015,2014-05-06,2015-05-06,Pacific,35.625,0.0,8.0,0.0,0.0,3.37,0.32924528301886796,1.36,0,False,0.0,0.0,486.667,486.667,3109.8504,2820.7056,0,,,,,2.0,2.0
5894,2.9023,104.1025,2018,2017-10-10,2018-10-10,Pacific,40.0,0.0,8.3,0.0,0.0,0.0,0.2964150943396226,1.24,0,False,48.6826,48.6826,1381.9488999999999,1381.9488999999999,5961.3812,5953.5082,2,,,,,1.0,1.0
5894,2.9023,104.1025,2019,2018-10-03,2019-10-03,Pacific,45.620000000000005,0.0,8.0,0.0,2.06,2.06,0.5647169811320756,1.36,0,False,0.0,0.0,0.0,0.0,0.0,0.0,0,,,,,3.0,3.0
5896,2.9132,104.1834,2013,2012-03-16,2013-03-16,Pacific,21.56,0.0,6.0,0.0,0.0,0.0,0.22339622641509432,1.45,0,False,0.0,0.0,0.0,0.0,0.0,0.0,0,,,,,1.0,1.0
5901,3.9945,100.5357,2013,2012-01-09,2013-01-08,Pacific,12.5,0.0,5.0,0.0,0.0,0.0,0.4401923076923077,1.12,0,False,0.0,0.0,0.0,0.0,0.0,0.0,0,,,,,0.0,0.0
5901,3.9945,100.5357,2014,2013-01-27,2014-01-27,Pacific,18.125,0.0,5.0,0.0,0.0,0.65,0.48301886792452825,1.17,0,False,0.0,0.0,0.0,0.0,0.0,0.0,0,,,,,0.0,0.0
5902,4.0008,100.5491,2013,2012-01-10,2013-01-09,Pacific,30.0,0.0,5.0,0.0,0.0,0.0,0.44962264150943393,1.1,0,False,0.0,0.0,0.0,0.0,0.0,0.0,0,,,,,0.0,0.0
5905,4.1043,118.6316,2014,2013-11-12,2014-11-12,Pacific,16.25,0.0,5.0,0.0,1.03,1.81,0.5567924528301886,1.49,0,False,0.0,0.0,0.0,0.0,0.0,0.0,0,,,,,0.0,0.0
5905,4.1043,118.6316,2015,2014-11-18,2015-11-18,Pacific,16.56,0.0,5.0,0.0,0.36,1.15,0.3813207547169811,1.36,0,False,0.0,0.0,0.0,0.0,0.0,0.0,0,,,,,0.0,0.0
5905,4.1043,118.6316,2016,2015-11-04,2016-11-03,Pacific,11.25,0.0,5.0,0.0,2.62,5.45,0.8158490566037734,1.67,21,False,0.0,0.0,0.0,0.0,0.0,0.0,0,,,,,0.0,0.0
5905,4.1043,118.6316,2017,2016-11-25,2017-11-25,Pacific,13.125,0.0,5.0,1.12,1.12,1.12,0.7194339622641507,1.68,0,False,0.0,0.0,0.0,0.0,0.0,0.0,0,,,,,0.0,0.0
5905,4.1043,118.6316,2018,2017-11-14,2018-11-14,Pacific,30.31,0.0,5.0,0.0,0.16,1.12,0.6679245283018869,1.4,0,False,0.0,0.0,0.0,0.0,0.0,0.0,0,,,,,0.0,0.0
5906,4.1043,118.6352,2014,2013-11-14,2014-11-14,Pacific,32.0325,0.0,7.5,0.0,1.03,1.81,0.570188679245283,1.49,0,False,0.0,0.0,0.0,0.0,0.0,0.0,0,,,,,0.0,0.0
5906,4.1043,118.6352,2015,2014-11-17,2015-11-17,Pacific,30.7825,0.0,7.5,0.0,0.36,1.15,0.3813207547169811,1.36,0,False,0.0,0.0,0.0,0.0,0.0,0.0,0,,,,,0.0,0.0
5906,4.1043,118.6352,2016,2015-11-04,2016-11-03,Pacific,12.344999999999999,0.0,7.5,0.0,2.62,5.45,0.8158490566037734,1.67,21,False,0.0,0.0,0.0,0.0,0.0,0.0,0,,,,,0.0,0.0
5906,4.1043,118.6352,2017,2016-11-29,2017-11-29,Pacific,20.625,0.0,7.5,1.12,1.12,1.12,0.72188679245283,1.68,0,False,0.0,0.0,0.0,0.0,0.0,0.0,0,,,,,0.0,0.0
5906,4.1043,118.6352,2018,2017-11-14,2018-11-14,Pacific,23.5925,0.0,7.5,0.0,0.16,1.12,0.6679245283018869,1.4,0,False,0.0,0.0,0.0,0.0,0.0,0.0,0,,,,,0.0,0.0
5907,4.1057,118.6287,2014,2013-11-11,2014-11-11,Pacific,19.375,0.0,5.0,0.0,1.33,1.81,0.5567924528301886,1.49,0,False,0.0,0.0,0.0,0.0,0.0,0.0,0,,,,,0.0,0.0
5907,4.1057,118.6287,2015,2014-11-17,2015-11-17,Pacific,20.625,0.0,5.0,0.0,0.36,1.15,0.3813207547169811,1.36,0,False,0.0,0.0,0.0,0.0,0.0,0.0,0,,,,,0.0,0.0
5907,4.1057,118.6287,2016,2015-11-02,2016-11-01,Pacific,15.625,0.0,5.0,0.0,2.62,5.45,0.8158490566037734,1.67,21,False,0.0,0.0,0.0,0.0,0.0,0.0,0,,,,,0.0,0.0
5907,4.1057,118.6287,2017,2016-11-24,2017-11-24,Pacific,9.375,0.0,5.0,1.12,1.12,1.12,0.7194339622641507,1.68,0,False,0.0,0.0,0.0,0.0,0.0,0.0,0,,,,,0.0,0.0
5907,4.1057,118.6287,2018,2017-11-13,2018-11-13,Pacific,18.75,0.0,5.0,0.0,0.16,1.12,0.6679245283018869,1.4,0,False,0.0,0.0,0.0,0.0,0.0,0.0,0,,,,,0.0,0.0
5909,4.1075,118.6363,2014,2013-11-13,2014-11-13,Pacific,32.5,0.0,5.0,0.0,1.03,1.81,0.570188679245283,1.49,0,False,0.0,0.0,0.0,0.0,0.0,0.0,0,,,,,0.0,0.0
5909,4.1075,118.6363,2015,2014-11-17,2015-11-17,Pacific,30.0,0.0,5.0,0.0,0.36,1.15,0.3813207547169811,1.36,0,False,0.0,0.0,0.0,0.0,0.0,0.0,0,,,,,0.0,0.0
5909,4.1075,118.6363,2016,2015-11-02,2016-11-01,Pacific,25.0,0.0,5.0,0.0,2.62,5.45,0.8158490566037734,1.67,21,False,0.0,0.0,0.0,0.0,0.0,0.0,0,,,,,0.0,0.0
5909,4.1075,118.6363,2017,2016-11-29,2017-11-29,Pacific,35.31,0.0,5.0,1.12,1.12,1.12,0.72188679245283,1.68,0,False,0.0,0.0,0.0,0.0,0.0,0.0,0,,,,,0.0,0.0
5909,4.1075,118.6363,2018,2017-11-14,2018-11-14,Pacific,29.69,0.0,5.0,0.0,0.16,1.12,0.6679245283018869,1.4,0,False,0.0,0.0,0.0,0.0,0.0,0.0,0,,,,,0.0,0.0
5910,4.1093,118.6257,2014,2013-11-13,2014-11-13,Pacific,28.75,0.0,5.0,0.0,1.03,1.81,0.570188679245283,1.49,0,False,0.0,0.0,0.0,0.0,0.0,0.0,0,,,,,0.0,0.0
5910,4.1093,118.6257,2015,2014-11-19,2015-11-19,Pacific,22.19,0.0,4.5,0.0,0.0,1.15,0.3813207547169811,1.36,0,False,0.0,0.0,0.0,0.0,0.0,0.0,0,,,,,0.0,0.0
5910,4.1093,118.6257,2016,2015-11-02,2016-11-01,Pacific,30.625,0.0,5.0,0.0,2.62,5.45,0.8158490566037734,1.67,21,False,0.0,0.0,0.0,0.0,0.0,0.0,0,,,,,0.0,0.0
5910,4.1093,118.6257,2017,2016-11-29,2017-11-29,Pacific,33.44,0.0,5.0,1.12,1.12,1.12,0.72188679245283,1.68,0,False,0.0,0.0,0.0,0.0,0.0,0.0,0,,,,,0.0,0.0
5910,4.1093,118.6257,2018,2017-11-14,2018-11-14,Pacific,33.44,0.0,5.0,0.0,0.16,1.12,0.6679245283018869,1.4,0,False,0.0,0.0,0.0,0.0,0.0,0.0,0,,,,,0.0,0.0
5911,4.1118,118.6249,2014,2013-11-12,2014-11-12,Pacific,29.06,0.0,5.0,0.0,1.03,1.81,0.5567924528301886,1.49,0,False,0.0,0.0,0.0,0.0,0.0,0.0,0,,,,,0.0,0.0
5911,4.1118,118.6249,2015,2014-11-18,2015-11-18,Pacific,36.25,0.0,5.0,0.0,0.36,1.15,0.3813207547169811,1.36,0,False,0.0,0.0,0.0,0.0,0.0,0.0,0,,,,,0.0,0.0
5911,4.1118,118.6249,2016,2015-11-02,2016-11-01,Pacific,28.435,0.0,5.0,0.0,2.62,5.45,0.8158490566037734,1.67,21,False,0.0,0.0,0.0,0.0,0.0,0.0,0,,,,,0.0,0.0
5911,4.1118,118.6249,2017,2016-11-29,2017-11-29,Pacific,35.625,0.0,5.0,1.12,1.12,1.12,0.72188679245283,1.68,0,False,0.0,0.0,0.0,0.0,0.0,0.0,0,,,,,0.0,0.0
5911,4.1118,118.6249,2018,2017-11-13,2018-11-13,Pacific,35.0,0.0,5.0,0.0,0.16,1.12,0.6679245283018869,1.4,0,False,0.0,0.0,0.0,0.0,0.0,0.0,0,,,,,0.0,0.0
5912,4.1135,118.636,2014,2013-11-11,2014-11-11,Pacific,42.19,0.0,5.0,0.0,1.33,1.81,0.5567924528301886,1.49,0,False,0.0,0.0,0.0,0.0,0.0,0.0,0,,,,,0.0,0.0
5912,4.1135,118.636,2015,2014-11-17,2015-11-17,Pacific,30.94,0.0,5.0,0.0,0.36,1.15,0.3813207547169811,1.36,0,False,0.0,0.0,0.0,0.0,0.0,0.0,0,,,,,0.0,0.0
5912,4.1135,118.636,2016,2015-11-02,2016-11-01,Pacific,15.935,0.0,5.0,0.0,2.62,5.45,0.8158490566037734,1.67,21,False,0.0,0.0,0.0,0.0,0.0,0.0,0,,,,,0.0,0.0
5912,4.1135,118.636,2017,2016-11-24,2017-11-24,Pacific,6.56,0.0,5.0,1.12,1.12,1.12,0.7194339622641507,1.68,0,False,0.0,0.0,0.0,0.0,0.0,0.0,0,,,,,0.0,0.0
5912,4.1135,118.636,2018,2017-11-14,2018-11-14,Pacific,10.31,0.0,5.0,0.0,0.16,1.12,0.6679245283018869,1.4,0,False,0.0,0.0,0.0,0.0,0.0,0.0,0,,,,,0.0,0.0
5913,4.1152,118.6248,2015,2014-11-17,2015-11-17,Pacific,22.81,0.0,5.0,0.0,0.36,1.15,0.3813207547169811,1.36,0,False,0.0,0.0,0.0,0.0,0.0,0.0,0,,,,,0.0,0.0
5913,4.1152,118.6248,2016,2015-11-02,2016-11-01,Pacific,25.935,0.0,5.0,0.0,2.62,5.45,0.8158490566037734,1.67,21,False,0.0,0.0,0.0,0.0,0.0,0.0,0,,,,,0.0,0.0
5913,4.1152,118.6248,2018,2017-11-13,2018-11-13,Pacific,34.06,0.0,5.0,0.0,0.16,1.12,0.6679245283018869,1.4,0,False,0.0,0.0,0.0,0.0,0.0,0.0,0,,,,,0.0,0.0
5915,4.1182,118.6279,2014,2013-11-14,2014-11-14,Pacific,20.31,0.0,5.0,0.0,1.03,1.81,0.570188679245283,1.49,0,False,0.0,0.0,0.0,0.0,0.0,0.0,0,,,,,0.0,0.0
5915,4.1182,118.6279,2015,2014-11-19,2015-11-19,Pacific,23.44,0.0,4.5,0.0,0.0,1.15,0.3813207547169811,1.36,0,False,0.0,0.0,0.0,0.0,0.0,0.0,0,,,,,0.0,0.0
5915,4.1182,118.6279,2016,2015-11-04,2016-11-03,Pacific,29.375,0.0,5.0,0.0,2.62,5.45,0.8158490566037734,1.67,21,False,0.0,0.0,0.0,0.0,0.0,0.0,0,,,,,0.0,0.0
5915,4.1182,118.6279,2017,2016-11-29,2017-11-29,Pacific,31.875,0.0,5.0,1.12,1.12,1.12,0.72188679245283,1.68,0,False,0.0,0.0,0.0,0.0,0.0,0.0,0,,,,,0.0,0.0
5915,4.1182,118.6279,2018,2017-11-13,2018-11-13,Pacific,31.56,0.0,5.0,0.0,0.16,1.12,0.6679245283018869,1.4,0,False,0.0,0.0,0.0,0.0,0.0,0.0,0,,,,,0.0,0.0
5916,4.1188,118.6291,2014,2013-11-12,2014-11-12,Pacific,23.44,0.0,5.0,0.0,1.03,1.81,0.5567924528301886,1.49,0,False,0.0,0.0,0.0,0.0,0.0,0.0,0,,,,,0.0,0.0
5916,4.1188,118.6291,2015,2014-11-19,2015-11-19,Pacific,9.69,0.0,5.0,0.0,0.0,1.15,0.3813207547169811,1.36,0,False,0.0,0.0,0.0,0.0,0.0,0.0,0,,,,,0.0,0.0
5916,4.1188,118.6291,2016,2015-11-02,2016-11-01,Pacific,12.5,0.0,5.0,0.0,2.62,5.45,0.8158490566037734,1.67,21,False,0.0,0.0,0.0,0.0,0.0,0.0,0,,,,,0.0,0.0
5916,4.1188,118.6291,2017,2016-11-25,2017-11-25,Pacific,14.375,0.0,5.0,1.12,1.12,1.12,0.7194339622641507,1.68,0,False,0.0,0.0,0.0,0.0,0.0,0.0,0,,,,,0.0,0.0
5916,4.1188,118.6291,2018,2017-11-13,2018-11-13,Pacific,19.69,0.0,5.0,0.0,0.16,1.12,0.6679245283018869,1.4,0,False,0.0,0.0,0.0,0.0,0.0,0.0,0,,,,,0.0,0.0
5917,4.1189,118.6342,2014,2013-11-12,2014-11-12,Pacific,40.625,0.0,5.0,0.0,1.03,1.81,0.5567924528301886,1.49,0,False,0.0,0.0,0.0,0.0,0.0,0.0,0,,,,,0.0,0.0
5917,4.1189,118.6342,2015,2014-11-19,2015-11-19,Pacific,24.375,0.0,5.0,0.0,0.0,1.15,0.3813207547169811,1.36,0,False,0.0,0.0,0.0,0.0,0.0,0.0,0,,,,,0.0,0.0
5917,4.1189,118.6342,2016,2015-11-03,2016-11-02,Pacific,18.75,0.0,5.0,0.0,2.62,5.45,0.8158490566037734,1.67,21,False,0.0,0.0,0.0,0.0,0.0,0.0,0,,,,,0.0,0.0
5917,4.1189,118.6342,2017,2016-11-29,2017-11-29,Pacific,43.125,0.0,5.0,1.12,1.12,1.12,0.72188679245283,1.68,0,False,0.0,0.0,0.0,0.0,0.0,0.0,0,,,,,0.0,0.0
5917,4.1189,118.6342,2018,2017-11-13,2018-11-13,Pacific,24.69,0.0,5.0,0.0,0.16,1.12,0.6679245283018869,1.4,0,False,0.0,0.0,0.0,0.0,0.0,0.0,0,,,,,0.0,0.0
5918,4.1216,118.6365,2014,2013-11-12,2014-11-12,Pacific,26.56,0.0,5.0,0.0,1.03,1.81,0.5567924528301886,1.49,0,False,0.0,0.0,0.0,0.0,0.0,0.0,0,,,,,0.0,0.0
5918,4.1216,118.6365,2017,2016-11-29,2017-11-29,Pacific,28.75,0.0,5.0,1.12,1.12,1.12,0.72188679245283,1.68,0,False,0.0,0.0,0.0,0.0,0.0,0.0,0,,,,,0.0,0.0
5919,4.1523,118.2575,2013,2012-11-07,2013-11-07,Pacific,9.37,0.0,13.0,0.0,1.48,2.46,0.5779245283018867,1.36,0,False,0.0,0.0,0.0,0.0,0.0,0.0,0,,,,,0.0,0.0
5920,4.1544,118.2631,2015,2014-04-20,2015-04-20,Pacific,6.565,3.75,14.0,0.0,0.0,2.29,0.5935849056603774,1.43,0,False,0.0,0.0,0.0,0.0,0.0,0.0,0,,,,,0.0,0.0
5921,4.155,118.8987,2013,2012-11-08,2013-11-08,Pacific,6.5649999999999995,0.0,8.0,0.0,0.49,1.84,0.5643396226415094,1.59,0,False,0.0,0.0,0.0,0.0,0.0,0.0,0,,,,,0.0,0.0
5922,4.1621,118.8722,2013,2012-11-08,2013-11-08,Pacific,8.434999999999999,0.0,8.0,0.0,0.49,1.84,0.5643396226415094,1.59,0,False,0.0,0.0,0.0,0.0,0.0,0.0,0,,,,,0.0,0.0
5923,4.1635,118.2752,2013,2012-11-07,2013-11-07,Pacific,5.0,0.0,12.0,0.0,1.48,2.46,0.5779245283018867,1.36,0,False,0.0,0.0,0.0,0.0,0.0,0.0,0,,,,,0.0,0.0
5924,4.1636,118.2761,2015,2014-04-20,2015-04-20,Pacific,9.065,2.5,12.0,0.0,0.0,2.29,0.5935849056603774,1.43,0,False,0.0,0.0,0.0,0.0,0.0,0.0,0,,,,,0.0,0.0
5925,4.1762,118.3073,2014,2013-03-26,2014-03-26,Pacific,27.5,0.5,10.0,0.15,0.15,2.59,0.5847169811320755,1.46,0,False,0.0,0.0,0.0,0.0,0.0,0.0,0,,,,,0.0,0.0
5927,4.1781,118.3078,2015,2014-04-20,2015-04-20,Pacific,5.31,1.25,8.0,0.0,0.0,2.24,0.5879245283018867,1.4,0,False,0.0,0.0,0.0,0.0,0.0,0.0,0,,,,,0.0,0.0
5928,4.1919,118.9007,2013,2012-11-08,2013-11-08,Pacific,8.125,0.0,8.0,0.0,0.34,1.84,0.5567924528301885,1.63,0,False,0.0,0.0,0.0,0.0,0.0,0.0,0,,,,,0.0,0.0
5932,4.2263,118.685,2015,2014-12-08,2015-12-08,Pacific,3.75,0.0,7.0,0.0,0.0,1.42,0.36867924528301893,1.31,0,False,0.0,0.0,0.0,0.0,0.0,0.0,0,,,,,0.0,1.0
5934,4.2314,118.6336,2015,2014-04-26,2015-04-26,Pacific,2.81,0.5,9.0,0.15,0.15,1.89,0.5211320754716982,1.24,0,False,0.0,0.0,0.0,0.0,0.0,0.0,0,,,,,0.0,1.0
5934,4.2314,118.6336,2016,2015-05-10,2016-05-09,Pacific,4.38,0.0,9.0,2.77,2.77,2.77,0.5916981132075472,1.82,0,False,0.0,0.0,0.0,0.0,0.0,0.0,0,,,,,0.0,1.0
5935,4.2341,118.6376,2015,2014-12-08,2015-12-08,Pacific,4.375,0.0,7.0,0.0,0.0,1.61,0.3818867924528303,1.4,0,False,0.0,0.0,0.0,0.0,0.0,0.0,0,,,,,0.0,1.0
5935,4.2341,118.6376,2016,2015-05-09,2016-05-08,Pacific,8.75,0.0,7.0,2.77,2.77,2.77,0.5916981132075472,1.82,0,False,0.0,0.0,0.0,0.0,0.0,0.0,0,,,,,0.0,1.0
5935,4.2341,118.6376,2018,2017-03-12,2018-03-12,Pacific,12.19,6.25,8.0,0.0,0.49,1.1,0.7428301886792452,1.57,0,False,0.0,0.0,0.0,0.0,0.0,0.0,0,,,,,0.0,1.0
5935,4.2341,118.6376,2019,2018-07-20,2019-07-20,Pacific,5.94,0.75,6.0,0.74,0.74,0.9,0.5713207547169812,1.0,0,False,0.0,0.0,0.0,0.0,27.5071,27.5071,0,,,,,0.0,1.0
5936,4.237,118.6274,2015,2014-12-08,2015-12-08,Pacific,16.564999999999998,0.0,8.5,0.0,0.0,1.61,0.3818867924528303,1.4,0,False,0.0,0.0,0.0,0.0,0.0,0.0,0,,,,,0.0,1.0
5936,4.237,118.6274,2016,2015-05-11,2016-05-10,Pacific,17.5,0.0,8.0,2.77,2.77,2.77,0.5916981132075472,1.82,0,False,0.0,0.0,0.0,0.0,0.0,0.0,0,,,,,0.0,1.0
5937,4.2378,118.3869,2015,2014-04-21,2015-04-21,Pacific,17.81,2.5,9.0,0.0,0.0,1.78,0.5730188679245284,1.36,0,False,0.0,0.0,0.0,0.0,0.0,0.0,0,,,,,0.0,0.0
5938,4.2455,118.387,2013,2012-11-07,2013-11-07,Pacific,16.565,0.0,8.5,0.0,1.78,2.87,0.5843396226415094,1.38,0,False,0.0,0.0,0.0,0.0,0.0,0.0,0,,,,,0.0,0.0
5939,4.2468,118.6272,2015,2014-12-07,2015-12-07,Pacific,5.625,0.0,8.6,0.0,0.0,1.61,0.3818867924528303,1.4,0,False,0.0,0.0,0.0,0.0,0.0,0.0,0,,,,,0.0,1.0
5939,4.2468,118.6272,2016,2015-05-11,2016-05-10,Pacific,9.685,0.0,8.0,2.77,2.77,2.77,0.5916981132075472,1.82,0,False,0.0,0.0,0.0,0.0,0.0,0.0,0,,,,,0.0,1.0
5940,4.249,118.6321,2016,2015-12-08,2016-12-07,Pacific,10.31,0.0,5.0,0.14,0.34,6.140000000000001,0.8362264150943399,1.82,21,False,0.0,0.0,0.0,0.0,0.0,0.0,0,,,,,0.0,1.0
5940,4.249,118.6321,2017,2016-12-08,2017-12-08,Pacific,18.44,9.25,7.0,1.1,1.1,1.1,0.739433962264151,1.57,0,False,0.0,0.0,0.0,0.0,0.0,0.0,0,,,,,0.0,1.0
5940,4.249,118.6321,2019,2018-12-17,2019-12-17,Pacific,12.5,1.25,8.0,0.76,0.76,0.76,0.6360377358490567,1.36,0,False,0.0,0.0,0.0,0.0,31.206200000000003,31.206200000000003,0,,,,,0.0,1.0
5941,4.2493,118.6315,2013,2012-11-04,2013-11-04,Pacific,11.870000000000001,0.25,8.0,0.0,1.29,1.61,0.5758490566037735,1.38,0,False,0.0,0.0,0.0,0.0,0.0,0.0,0,,,,,0.0,0.0
5942,4.2498,118.6305,2018,2017-04-12,2018-04-12,Pacific,12.81,0.0,8.0,0.0,0.0,1.1,0.79,1.57,0,False,0.0,0.0,0.0,0.0,0.0,0.0,0,,,,,0.0,1.0
5942,4.2498,118.6305,2019,2018-12-17,2019-12-17,Pacific,11.25,4.25,8.0,0.76,0.76,0.76,0.6360377358490567,1.36,0,False,0.0,0.0,0.0,0.0,31.206200000000003,31.206200000000003,0,,,,,0.0,1.0
5943,4.2671,113.8009,2013,2012-11-12,2013-11-12,Pacific,23.44,0.0,8.0,0.0,0.0,0.31,0.591923076923077,1.66,0,False,0.0,0.0,0.0,0.0,0.0,0.0,0,,,,,0.0,0.0
5943,4.2671,113.8009,2014,2013-08-23,2014-08-23,Pacific,28.125,1.25,11.0,0.0,0.0,0.0,0.27679245283018866,1.24,0,False,0.0,0.0,0.0,0.0,0.0,0.0,0,,,,,0.0,0.0
5955,4.568,118.7583,2013,2012-10-01,2013-10-01,Pacific,5.155,0.125,7.5,0.0,0.95,1.11,0.5725,1.33,0,False,0.0,0.0,0.0,0.0,0.0,0.0,0,,,,,0.0,0.0
5955,4.568,118.7583,2014,2013-04-22,2014-04-22,Pacific,5.3125,0.0,7.5,0.0,0.0,1.11,0.4883018867924528,1.27,0,False,0.0,0.0,0.0,0.0,0.0,0.0,0,,,,,0.0,0.0
5955,4.568,118.7583,2015,2014-04-22,2015-04-22,Pacific,26.4075,0.0,7.5,0.0,0.0,0.64,0.40811320754716984,1.12,0,False,0.0,0.0,0.0,0.0,0.0,0.0,0,,,,,1.0,1.0
5955,4.568,118.7583,2016,2015-04-14,2016-04-13,Pacific,31.25,0.0,7.5,0.0,0.0,0.15,0.4756603773584906,1.39,0,False,0.0,0.0,0.0,0.0,0.0,0.0,0,,,,,1.0,1.0
5955,4.568,118.7583,2017,2016-05-24,2017-05-24,Pacific,7.8100000000000005,0.0,7.5,0.15,0.15,4.68,0.6013207547169812,1.45,7,False,0.0,0.0,0.0,0.0,0.0,0.0,0,,,,,2.0,2.0
5955,4.568,118.7583,2018,2017-04-11,2018-04-11,Pacific,35.6225,0.0,7.5,0.0,0.0,0.3,0.7339622641509433,1.42,0,False,0.0,0.0,0.0,0.0,0.0,0.0,0,,,,,2.0,2.0
5958,4.5726,118.7637,2013,2012-10-01,2013-10-01,Pacific,5.9375,0.0,7.5,0.0,0.95,1.11,0.5725,1.33,0,False,0.0,0.0,0.0,0.0,0.0,0.0,0,,,,,0.0,0.0
5959,4.5735,118.7584,2014,2013-04-22,2014-04-22,Pacific,11.875,0.0,7.5,0.0,0.0,1.11,0.4883018867924528,1.27,0,False,0.0,0.0,0.0,0.0,0.0,0.0,0,,,,,0.0,0.0
5959,4.5735,118.7584,2016,2015-04-13,2016-04-12,Pacific,11.875,0.0,7.5,0.0,0.0,0.15,0.4756603773584906,1.39,0,False,0.0,0.0,0.0,0.0,0.0,0.0,0,,,,,1.0,1.0
5961,4.5799,118.9464,2014,2013-03-22,2014-03-22,Pacific,2.5,4.25,10.0,0.0,0.0,0.65,0.519056603773585,1.24,0,False,0.0,0.0,0.0,0.0,0.0,0.0,0,,,,,0.0,0.0
5963,4.5854,118.7859,2014,2013-04-24,2014-04-24,Pacific,11.56,0.0,7.5,0.0,0.0,1.11,0.4767924528301886,1.27,0,False,0.0,0.0,0.0,0.0,0.0,0.0,0,,,,,0.0,0.0
5963,4.5854,118.7859,2015,2014-04-24,2015-04-24,Pacific,8.125,0.0,7.5,0.0,0.0,0.64,0.4071698113207547,1.12,0,False,0.0,0.0,0.0,0.0,0.0,0.0,0,,,,,1.0,1.0
5963,4.5854,118.7859,2016,2015-04-14,2016-04-13,Pacific,8.4375,0.0,7.5,0.0,0.0,0.15,0.4756603773584906,1.39,0,False,0.0,0.0,0.0,0.0,0.0,0.0,0,,,,,1.0,1.0
5963,4.5854,118.7859,2017,2016-05-23,2017-05-23,Pacific,10.467500000000001,0.0,7.5,0.15,0.15,4.68,0.6013207547169812,1.45,7,False,0.0,0.0,0.0,0.0,0.0,0.0,0,,,,,2.0,2.0
5963,4.5854,118.7859,2018,2017-04-11,2018-04-11,Pacific,17.97,0.0,7.5,0.0,0.0,0.3,0.7339622641509433,1.42,0,False,0.0,0.0,0.0,0.0,0.0,0.0,0,,,,,2.0,2.0
5966,4.5899,118.8688,2016,2015-12-16,2016-12-15,Pacific,2.185,2.5,7.0,0.0,0.0,3.09,0.6860377358490565,1.53,0,False,0.0,0.0,0.0,0.0,0.0,0.0,0,,,,,1.0,1.0
5968,4.5902,118.8641,2016,2015-12-15,2016-12-14,Pacific,2.5,2.5,6.5,0.0,0.0,3.09,0.6860377358490565,1.53,0,False,0.0,0.0,0.0,0.0,0.0,0.0,0,,,,,1.0,1.0
5968,4.5902,118.8641,2018,2017-06-05,2018-06-05,Pacific,0.94,0.0,7.5,0.77,0.77,0.77,0.7124528301886791,1.35,0,False,0.0,0.0,0.0,0.0,0.0,0.0,0,,,,,2.0,2.0
5968,4.5902,118.8641,2019,2018-12-11,2019-12-11,Pacific,1.56,5.0,5.0,0.0,0.0,0.0,0.460188679245283,1.17,0,False,0.0,0.0,0.0,0.0,2529.4979,2529.4979,0,,,,,2.0,2.0
5968,4.5902,118.8641,2019,2018-12-12,2019-12-12,Pacific,1.25,0.0,7.5,0.0,0.0,0.0,0.460188679245283,1.17,0,False,0.0,0.0,0.0,0.0,2529.4979,2529.4979,0,,,,,2.0,2.0
5968,4.5902,118.8641,2019,2018-12-14,2019-12-14,Pacific,13.129999999999999,0.0,12.0,0.0,0.0,0.0,0.460188679245283,1.17,0,False,0.0,0.0,0.0,0.0,2529.4979,2529.4979,0,,,,,2.0,2.0
5969,4.5915,118.862,2016,2015-12-16,2016-12-15,Pacific,3.75,0.0,8.0,0.0,0.0,3.09,0.6860377358490565,1.53,0,False,0.0,0.0,0.0,0.0,0.0,0.0,0,,,,,1.0,1.0
5969,4.5915,118.862,2019,2018-04-15,2019-04-15,Pacific,8.440000000000001,0.0,7.5,0.0,0.0,0.77,0.4535849056603774,1.23,0,False,0.0,0.0,0.0,0.0,743.8574,743.8574,0,,,,,2.0,2.0
5969,4.5915,118.862,2019,2018-12-13,2019-12-13,Pacific,4.375,5.0,8.75,0.0,0.0,0.0,0.460188679245283,1.17,0,False,0.0,0.0,0.0,0.0,2529.4979,2529.4979,0,,,,,2.0,2.0
5971,4.5981,118.8619,2016,2015-12-21,2016-12-20,Pacific,2.1875,0.0,7.3,0.0,0.0,3.09,0.7007547169811319,1.53,0,False,0.0,0.0,0.0,0.0,0.0,0.0,0,,,,,1.0,1.0
5971,4.5981,118.8619,2018,2017-09-06,2018-09-06,Pacific,0.3125,0.0,7.5,0.3,0.77,0.77,0.6649056603773584,1.35,0,False,0.0,0.0,0.0,0.0,0.0,0.0,0,,,,,2.0,2.0
5972,4.6283,118.8352,2013,2012-10-02,2013-10-02,Pacific,16.72,5.0,6.5,0.0,0.64,0.8,0.5479245283018869,1.28,0,False,0.0,0.0,0.0,0.0,0.0,0.0,0,,,,,0.0,0.0
5972,4.6283,118.8352,2014,2013-04-23,2014-04-23,Pacific,27.1875,0.0,7.5,0.0,0.0,0.8,0.46981132075471693,1.24,0,False,0.0,0.0,0.0,0.0,0.0,0.0,0,,,,,0.0,0.0
5972,4.6283,118.8352,2015,2014-04-23,2015-04-23,Pacific,25.3125,0.0,7.5,0.0,0.0,0.65,0.39849056603773586,1.14,0,False,0.0,0.0,0.0,0.0,0.0,0.0,0,,,,,1.0,1.0
5972,4.6283,118.8352,2016,2015-04-17,2016-04-16,Pacific,13.75,0.0,8.9,0.0,0.0,0.15,0.48150943396226414,1.37,0,False,0.0,0.0,0.0,0.0,0.0,0.0,0,,,,,1.0,1.0
5972,4.6283,118.8352,2016,2015-12-05,2016-12-04,Pacific,23.125,0.0,5.0,0.0,0.15,4.39,0.7135849056603774,1.56,7,False,0.0,0.0,0.0,0.0,0.0,0.0,0,,,,,1.0,1.0
5972,4.6283,118.8352,2017,2016-05-23,2017-05-23,Pacific,14.5325,0.0,7.5,0.0,0.0,4.39,0.5854716981132077,1.37,7,False,0.0,0.0,0.0,0.0,0.0,0.0,0,,,,,2.0,2.0
5972,4.6283,118.8352,2018,2017-04-10,2018-04-10,Pacific,10.47,0.0,7.5,0.0,0.0,0.44,0.7301886792452832,1.42,0,False,0.0,0.0,0.0,0.0,0.0,0.0,0,,,,,2.0,2.0
5973,4.6322,118.7966,2014,2013-04-23,2014-04-23,Pacific,31.4075,0.0,7.5,0.0,0.0,1.53,0.4830188679245283,1.28,0,False,0.0,0.0,0.0,0.0,0.0,0.0,0,,,,,0.0,0.0
5973,4.6322,118.7966,2015,2014-04-23,2015-04-23,Pacific,29.2175,0.0,7.5,0.0,0.0,0.64,0.41113207547169817,1.11,0,False,0.0,0.0,0.0,0.0,0.0,0.0,0,,,,,1.0,1.0
5973,4.6322,118.7966,2016,2015-12-05,2016-12-04,Pacific,19.5325,0.0,7.5,0.0,0.16,4.69,0.7443396226415094,1.6,14,False,0.0,0.0,0.0,0.0,0.0,0.0,0,,,,,1.0,1.0
5973,4.6322,118.7966,2017,2016-05-24,2017-05-24,Pacific,32.97,0.0,7.5,0.15,0.15,4.69,0.6045283018867924,1.4,7,False,0.0,0.0,0.0,0.0,0.0,0.0,0,,,,,2.0,2.0
5973,4.6322,118.7966,2018,2017-04-10,2018-04-10,Pacific,26.0925,0.0,7.5,0.0,0.0,0.3,0.7473584905660375,1.44,0,False,0.0,0.0,0.0,0.0,0.0,0.0,0,,,,,2.0,2.0
5974,4.6386,118.7174,2013,2012-10-03,2013-10-03,Pacific,32.8125,0.0,7.5,0.0,1.55,1.7,0.5743396226415093,1.41,0,False,0.0,0.0,0.0,0.0,0.0,0.0,0,,,,,0.0,0.0
5977,4.6526,118.6647,2015,2014-04-23,2015-04-23,Pacific,29.845,0.0,7.5,0.0,0.0,0.93,0.43830188679245274,1.13,0,False,0.0,0.0,0.0,0.0,0.0,0.0,0,,,,,1.0,1.0
5977,4.6526,118.6647,2016,2015-04-15,2016-04-14,Pacific,28.75,0.0,7.5,0.0,0.0,0.15,0.5818867924528303,1.58,0,False,0.0,0.0,0.0,0.0,0.0,0.0,0,,,,,1.0,1.0
5977,4.6526,118.6647,2017,2016-05-24,2017-05-24,Pacific,29.375,0.0,7.5,0.46,0.46,5.5600000000000005,0.6479245283018868,1.49,7,False,0.0,0.0,0.0,0.0,0.0,0.0,0,,,,,2.0,2.0
5977,4.6526,118.6647,2018,2017-04-12,2018-04-12,Pacific,3.5925,0.0,7.5,0.0,0.0,0.76,0.7928301886792454,1.49,0,False,0.0,0.0,0.0,0.0,0.0,0.0,0,,,,,2.0,2.0
5978,4.7112,103.925,2013,2012-09-12,2013-09-12,Pacific,31.25,0.0,5.0,0.0,1.26,1.26,0.6784905660377357,1.44,0,False,0.0,0.0,0.0,0.0,0.0,0.0,0,,,,,0.0,1.0
5979,4.8005,103.676,2013,2012-09-11,2013-09-11,Pacific,3.12,0.0,4.0,0.68,2.67,2.67,0.6624528301886794,1.5,0,False,0.0,0.0,0.0,0.0,0.0,0.0,0,,,,,1.0,1.0
5980,4.8076,103.6784,2013,2012-09-11,2013-09-11,Pacific,40.62,0.0,5.0,0.68,2.67,2.67,0.6624528301886794,1.5,0,False,0.0,0.0,0.0,0.0,0.0,0.0,0,,,,,1.0,1.0
5981,4.8188,103.6763,2013,2012-09-11,2013-09-11,Pacific,20.630000000000003,0.0,6.0,0.68,2.67,2.67,0.6624528301886794,1.5,0,False,0.0,0.0,0.0,0.0,0.0,0.0,0,,,,,1.0,1.0
5982,4.8195,103.6875,2013,2012-09-12,2013-09-12,Pacific,19.06,0.0,10.0,0.68,2.67,2.67,0.6624528301886794,1.5,0,False,0.0,0.0,0.0,0.0,0.0,0.0,0,,,,,1.0,1.0
5983,4.82,103.6842,2013,2012-09-12,2013-09-12,Pacific,37.19,0.0,5.0,0.68,2.67,2.67,0.6624528301886794,1.5,0,False,0.0,0.0,0.0,0.0,0.0,0.0,0,,,,,1.0,1.0
5991,5.1891,115.1351,2013,2012-06-05,2013-06-05,Pacific,24.06,0.0,3.0,0.33,0.33,0.33,0.5537735849056604,1.58,0,False,0.0,0.0,0.0,0.0,0.0,0.0,0,,,,,0.0,0.0
5992,5.191,115.1357,2016,2015-02-17,2016-02-17,Pacific,25.935,0.0,3.0,1.47,2.39,3.65,0.8328301886792453,1.9,0,False,0.0,0.0,0.0,0.0,0.0,0.0,0,,,,,0.0,0.0
5992,5.191,115.1357,2018,2017-03-08,2018-03-08,Pacific,17.19,0.0,4.0,0.0,0.0,0.98,0.8452830188679245,1.76,0,False,121.1491,70.3297,391.1126,170.1158,618.785,314.7967,2,,,,,0.0,0.0
5992,5.191,115.1357,2019,2018-10-08,2019-10-08,Pacific,24.369999999999997,0.0,4.0,0.0,2.87,3.02,0.8954716981132076,1.81,0,False,0.0,0.0,0.0,0.0,0.0,0.0,0,,,,,0.0,0.0
5993,5.2016,115.1419,2013,2012-06-05,2013-06-05,Pacific,25.625,0.0,6.0,0.33,0.33,0.33,0.5422641509433963,1.53,0,False,0.0,0.0,0.0,0.0,0.0,0.0,0,,,,,0.0,0.0
5994,5.2019,115.1426,2016,2015-02-17,2016-02-17,Pacific,21.869999999999997,0.25,4.6,1.44,2.52,3.33,0.7886792452830191,1.9,0,False,0.0,0.0,0.0,0.0,0.0,0.0,0,,,,,0.0,0.0
5994,5.2019,115.1426,2018,2017-03-07,2018-03-07,Pacific,13.125,0.0,4.0,0.0,0.0,0.97,0.8332075471698113,1.73,0,False,121.1491,70.3297,391.1126,170.1158,618.785,314.7967,2,,,,,0.0,0.0
5994,5.2019,115.1426,2019,2018-10-08,2019-10-08,Pacific,15.629999999999999,0.0,4.0,0.0,2.76,2.76,0.8622641509433961,1.79,0,False,0.0,0.0,0.0,0.0,0.0,0.0,0,,,,,0.0,0.0
5996,5.218,115.1253,2016,2015-02-17,2016-02-17,Pacific,20.625,0.0,5.0,1.44,2.52,3.33,0.7886792452830191,1.9,0,False,0.0,0.0,0.0,0.0,0.0,0.0,0,,,,,0.0,0.0
5996,5.218,115.1253,2018,2017-03-08,2018-03-08,Pacific,15.934999999999999,0.0,4.0,0.0,0.0,0.97,0.8332075471698113,1.73,0,False,155.526,81.5416,391.1126,170.1158,618.785,314.7967,2,,,,,0.0,0.0
5996,5.218,115.1253,2019,2018-10-08,2019-10-08,Pacific,18.75,0.0,4.0,0.0,2.76,2.76,0.8622641509433961,1.79,0,False,0.0,0.0,0.0,0.0,0.0,0.0,0,,,,,0.0,0.0
5997,5.2227,115.1418,2013,2012-06-06,2013-06-06,Pacific,38.129999999999995,0.0,3.0,0.33,0.33,0.33,0.5422641509433963,1.53,0,False,0.0,0.0,0.0,0.0,0.0,0.0,0,,,,,0.0,0.0
6001,5.705,115.6284,2015,2014-08-27,2015-08-27,Pacific,15.935,0.5,10.0,0.0,0.0,0.0,0.41735849056603774,1.28,0,False,0.0,0.0,0.0,0.0,0.0,0.0,0,,,,,0.0,0.0
6001,5.705,115.6284,2016,2015-04-17,2016-04-16,Pacific,31.25,0.0,10.0,0.0,0.0,0.0,0.5694339622641509,1.48,0,False,0.0,0.0,0.0,0.0,0.0,0.0,0,,,,,0.0,0.0
6002,5.708,115.6993,2015,2014-08-27,2015-08-27,Pacific,9.379999999999999,0.0,8.0,0.0,0.0,0.0,0.41905660377358483,1.25,0,False,0.0,0.0,0.0,0.0,0.0,0.0,0,,,,,0.0,0.0
6002,5.708,115.6993,2016,2015-04-18,2016-04-17,Pacific,8.12,0.0,8.0,0.0,0.0,0.0,0.580754716981132,1.5,0,False,0.0,0.0,0.0,0.0,0.0,0.0,0,,,,,0.0,0.0
6002,5.708,115.6993,2017,2016-11-08,2017-11-08,Pacific,10.0,0.0,3.0,0.0,0.48,0.48,0.87,2.5,0,False,0.0,0.0,0.0,0.0,0.0,0.0,0,,,,,0.0,0.0
6003,5.7086,115.6532,2015,2014-08-25,2015-08-25,Pacific,14.06,0.0,7.0,0.0,0.0,0.0,0.41905660377358483,1.25,0,False,0.0,0.0,0.0,0.0,0.0,0.0,0,,,,,0.0,0.0
6003,5.7086,115.6532,2016,2015-04-16,2016-04-15,Pacific,35.63,0.0,7.0,0.0,0.0,0.0,0.5590566037735849,1.5,0,False,0.0,0.0,0.0,0.0,0.0,0.0,0,,,,,0.0,0.0
6003,5.7086,115.6532,2017,2016-11-08,2017-11-08,Pacific,16.56,0.0,7.0,0.0,0.48,0.48,0.87,2.5,0,False,0.0,0.0,0.0,0.0,0.0,0.0,0,,,,,0.0,0.0
6004,5.7128,115.6724,2015,2014-08-26,2015-08-26,Pacific,18.125,10.0,6.0,0.0,0.0,0.0,0.41905660377358483,1.25,0,False,0.0,0.0,0.0,0.0,0.0,0.0,0,,,,,0.0,0.0
6004,5.7128,115.6724,2016,2015-04-18,2016-04-17,Pacific,23.130000000000003,0.0,6.0,0.0,0.0,0.0,0.580754716981132,1.5,0,False,0.0,0.0,0.0,0.0,0.0,0.0,0,,,,,0.0,0.0
6004,5.7128,115.6724,2017,2016-11-08,2017-11-08,Pacific,20.94,0.0,4.0,0.0,0.48,0.48,0.87,2.5,0,False,0.0,0.0,0.0,0.0,0.0,0.0,0,,,,,0.0,0.0
6005,5.7169,115.6349,2015,2014-08-25,2015-08-25,Pacific,19.69,10.0,7.0,0.0,0.0,0.0,0.41735849056603774,1.28,0,False,0.0,0.0,0.0,0.0,0.0,0.0,0,,,,,0.0,0.0
6005,5.7169,115.6349,2016,2015-04-17,2016-04-16,Pacific,23.130000000000003,0.0,7.0,0.0,0.0,0.0,0.5694339622641509,1.48,0,False,0.0,0.0,0.0,0.0,0.0,0.0,0,,,,,0.0,0.0
6005,5.7169,115.6349,2017,2016-11-08,2017-11-08,Pacific,16.25,0.0,7.0,0.0,0.49,0.49,0.8860377358490567,2.5500000000000003,0,False,0.0,0.0,0.0,0.0,0.0,0.0,0,,,,,0.0,0.0
6006,5.7202,115.6448,2015,2014-08-25,2015-08-25,Pacific,11.25,0.0,4.0,0.0,0.0,0.0,0.41735849056603774,1.28,0,False,0.0,0.0,0.0,0.0,0.0,0.0,0,,,,,0.0,0.0
6006,5.7202,115.6448,2016,2015-04-17,2016-04-16,Pacific,20.625,0.0,4.0,0.0,0.0,0.0,0.5694339622641509,1.48,0,False,0.0,0.0,0.0,0.0,0.0,0.0,0,,,,,0.0,0.0
6006,5.7202,115.6448,2017,2016-11-08,2017-11-08,Pacific,15.31,0.0,3.0,0.0,0.49,0.49,0.8860377358490567,2.5500000000000003,0,False,0.0,0.0,0.0,0.0,0.0,0.0,0,,,,,0.0,0.0
6018,5.7717,103.039,2013,2012-09-06,2013-09-06,Pacific,34.375,0.0,8.0,0.0,0.98,0.98,0.5449056603773584,1.47,0,False,0.0,0.0,0.0,0.0,0.0,0.0,0,,,,,0.0,2.0
6018,5.7717,103.039,2014,2013-06-13,2014-06-13,Pacific,37.81,1.0,8.0,1.96,1.96,1.96,0.2547169811320755,1.41,0,False,0.0,0.0,0.0,0.0,0.0,0.0,0,,,,,0.0,3.0
6018,5.7717,103.039,2015,2014-05-15,2015-05-15,Pacific,33.435,0.0,7.5,0.0,0.0,1.96,0.3932075471698114,1.36,0,False,0.0,0.0,0.0,0.0,0.0,0.0,0,,,,,0.0,4.0
6018,5.7717,103.039,2018,2017-05-06,2018-05-06,Pacific,19.375,0.0,8.8,0.0,0.0,0.0,0.44018867924528304,1.16,0,False,0.0,0.0,0.0,0.0,0.0,0.0,0,,,,,0.0,2.0
6018,5.7717,103.039,2018,2017-09-07,2018-09-07,Pacific,20.315,0.0,8.2,0.3,0.3,0.3,0.42113207547169806,1.16,0,False,0.0,0.0,0.0,0.0,0.0,0.0,0,,,,,0.0,2.0
6018,5.7717,103.039,2019,2018-06-14,2019-06-14,Pacific,15.94,5.0,7.9,1.52,1.52,1.52,0.6881132075471699,1.45,0,False,0.0,0.0,0.0,0.0,10.788,0.0,0,,,,,0.0,1.0
6024,5.7771,103.0418,2013,2012-09-07,2013-09-07,Pacific,19.685,0.0,10.0,0.0,0.98,0.98,0.5449056603773584,1.47,0,False,0.0,0.0,0.0,0.0,0.0,0.0,0,,,,,0.0,2.0
6032,5.8851,102.767,2013,2012-06-19,2013-06-19,Pacific,16.56,0.0,9.0,1.18,1.18,1.18,0.5575471698113207,1.52,0,False,0.0,0.0,0.0,0.0,0.0,0.0,0,,,,,2.0,2.0
6032,5.8851,102.767,2014,2013-05-17,2014-05-17,Pacific,18.125,0.0,9.0,0.19,0.19,1.18,0.2150943396226415,1.33,0,False,0.0,0.0,0.0,0.0,0.0,0.0,0,,,,,3.0,3.0
6035,5.9089,102.7096,2014,2013-05-16,2014-05-16,Pacific,33.44,0.0,8.0,0.19,0.19,1.17,0.21716981132075472,1.33,0,False,0.0,0.0,0.0,0.0,0.0,0.0,0,,,,,3.0,3.0
6037,5.9121,102.7501,2014,2013-05-18,2014-05-18,Pacific,41.25,0.0,11.5,0.19,0.19,1.17,0.2164150943396226,1.36,0,False,0.0,0.0,0.0,0.0,0.0,0.0,0,,,,,3.0,3.0
6038,5.917,102.7539,2014,2013-05-18,2014-05-18,Pacific,14.06,0.0,4.5,0.19,0.19,1.17,0.2164150943396226,1.36,0,False,0.0,0.0,0.0,0.0,0.0,0.0,0,,,,,3.0,3.0
6040,5.9401,102.7222,2013,2012-06-20,2013-06-20,Pacific,22.81,2.0,6.5,1.17,1.17,1.17,0.559245283018868,1.54,0,False,0.0,0.0,0.0,0.0,0.0,0.0,0,,,,,2.0,2.0
6040,5.9401,102.7222,2014,2013-05-17,2014-05-17,Pacific,22.5,0.0,6.5,0.19,0.19,1.17,0.21716981132075472,1.33,0,False,0.0,0.0,0.0,0.0,0.0,0.0,0,,,,,3.0,3.0
6042,5.9524,102.7085,2013,2012-06-19,2013-06-19,Pacific,44.69,0.0,5.0,1.17,1.17,1.17,0.5607547169811321,1.51,0,False,0.0,0.0,0.0,0.0,0.0,0.0,0,,,,,2.0,2.0
6042,5.9524,102.7085,2013,2012-06-22,2013-06-22,Pacific,39.375,0.0,8.0,1.17,1.17,1.17,0.5607547169811321,1.51,0,False,0.0,0.0,0.0,0.0,0.0,0.0,0,,,,,2.0,2.0
6044,5.9591,115.9911,2014,2013-12-12,2014-12-12,Pacific,25.0,0.0,5.0,0.0,0.0,0.0,0.43981132075471696,1.42,0,False,0.0,0.0,0.0,0.0,0.0,0.0,0,,,,,0.0,0.0
6044,5.9591,115.9911,2015,2014-11-24,2015-11-24,Pacific,20.31,0.75,5.0,0.0,0.0,0.0,0.37641509433962267,1.33,0,False,0.0,0.0,0.0,0.0,0.0,0.0,0,,,,,0.0,0.0
6044,5.9591,115.9911,2016,2015-06-03,2016-06-02,Pacific,28.125,0.0,5.0,0.61,0.61,0.61,0.579622641509434,1.5,0,False,0.0,0.0,0.0,0.0,0.0,0.0,0,,,,,0.0,0.0
6044,5.9591,115.9911,2017,2016-12-18,2017-12-18,Pacific,17.19,0.0,7.0,0.0,0.0,0.17,0.8735849056603774,2.5,0,False,0.0,0.0,0.0,0.0,0.0,0.0,0,,,,,0.0,0.0
6045,5.9619,115.9947,2014,2013-12-08,2014-12-08,Pacific,21.869999999999997,0.0,7.0,0.0,0.0,0.0,0.43943396226415093,1.42,0,False,0.0,0.0,0.0,0.0,0.0,0.0,0,,,,,0.0,0.0
6046,5.9627,102.6806,2018,2017-04-23,2018-04-23,Pacific,24.69,0.0,5.8,0.0,0.0,0.0,0.48490566037735855,1.17,0,False,0.0,0.0,0.0,0.0,342.05019999999996,342.05019999999996,0,,,,,2.0,2.0
6046,5.9627,102.6806,2019,2018-04-18,2019-04-18,Pacific,14.685,0.0,4.9,0.0,0.0,1.08,0.649811320754717,1.24,0,False,0.0,0.0,0.0,0.0,27.3896,27.3896,0,,,,,1.0,1.0
6047,5.9678,116.0126,2015,2014-11-23,2015-11-23,Pacific,20.31,0.25,7.0,0.0,0.0,0.0,0.3658490566037735,1.31,0,False,0.0,0.0,0.0,0.0,0.0,0.0,0,,,,,0.0,0.0
6047,5.9678,116.0126,2016,2015-06-08,2016-06-07,Pacific,29.69,0.0,7.0,0.75,0.75,0.75,0.5783018867924528,1.5,0,False,0.0,0.0,0.0,0.0,0.0,0.0,0,,,,,0.0,0.0
6047,5.9678,116.0126,2017,2016-12-18,2017-12-18,Pacific,18.44,,8.0,0.0,0.0,0.17,0.869811320754717,2.52,0,False,0.0,0.0,0.0,0.0,0.0,0.0,0,,,,,0.0,0.0
6048,5.9706,115.98,2014,2013-12-12,2014-12-12,Pacific,21.565,0.0,5.0,0.0,0.0,0.0,0.43981132075471696,1.42,0,False,0.0,0.0,0.0,0.0,0.0,0.0,0,,,,,0.0,0.0
6050,5.9708,115.9943,2015,2014-11-24,2015-11-24,Pacific,20.0,0.0,5.0,0.0,0.0,0.0,0.37641509433962267,1.33,0,False,0.0,0.0,0.0,0.0,0.0,0.0,0,,,,,0.0,0.0
6050,5.9708,115.9943,2016,2015-10-13,2016-10-12,Pacific,19.369999999999997,0.0,5.0,0.0,0.77,0.77,0.620943396226415,1.5,0,False,0.0,0.0,0.0,0.0,0.0,0.0,0,,,,,0.0,0.0
6051,5.9739,116.0125,2014,2013-12-08,2014-12-08,Pacific,20.315,0.0,6.0,0.0,0.0,0.0,0.4360377358490566,1.43,0,False,0.0,0.0,0.0,0.0,0.0,0.0,0,,,,,0.0,0.0
6051,5.9739,116.0125,2015,2014-11-23,2015-11-23,Pacific,18.125,0.0,6.0,0.0,0.0,0.0,0.3658490566037735,1.31,0,False,0.0,0.0,0.0,0.0,0.0,0.0,0,,,,,0.0,0.0
6051,5.9739,116.0125,2016,2015-06-08,2016-06-07,Pacific,29.375,0.0,6.0,0.75,0.75,0.75,0.5783018867924528,1.5,0,False,0.0,0.0,0.0,0.0,0.0,0.0,0,,,,,0.0,0.0
6051,5.9739,116.0125,2017,2016-12-18,2017-12-18,Pacific,18.44,,8.0,0.0,0.0,0.17,0.869811320754717,2.52,0,False,0.0,0.0,0.0,0.0,0.0,0.0,0,,,,,0.0,0.0
6054,5.9906,116.0403,2013,2012-06-29,2013-06-29,Pacific,17.3425,0.0,7.5,0.32,0.32,0.32,0.5669811320754717,1.69,0,False,0.0,0.0,0.0,0.0,0.0,0.0,0,,,,,0.0,0.0
6054,5.9906,116.0403,2014,2013-12-10,2014-12-10,Pacific,15.31,0.0,7.0,0.0,0.0,0.0,0.4360377358490566,1.43,0,False,0.0,0.0,0.0,0.0,0.0,0.0,0,,,,,0.0,0.0
6054,5.9906,116.0403,2015,2014-12-01,2015-12-01,Pacific,15.0,0.0,7.0,0.0,0.0,0.0,0.3562264150943396,1.31,0,False,0.0,0.0,0.0,0.0,0.0,0.0,0,,,,,0.0,0.0
6054,5.9906,116.0403,2016,2015-10-18,2016-10-17,Pacific,23.125,0.0,7.0,0.0,0.91,0.91,0.6162264150943395,1.5,0,False,0.0,0.0,0.0,0.0,0.0,0.0,0,,,,,0.0,0.0
6054,5.9906,116.0403,2017,2016-12-19,2017-12-19,Pacific,13.44,0.0,8.0,0.0,0.0,0.17,0.869811320754717,2.52,0,False,0.0,0.0,0.0,0.0,0.0,0.0,0,,,,,0.0,0.0
6056,6.0064,116.0308,2013,2012-06-29,2013-06-29,Pacific,32.5025,7.5,7.5,0.31,0.31,0.31,0.5671698113207547,1.68,0,False,0.0,0.0,0.0,0.0,0.0,0.0,0,,,,,0.0,0.0
6056,6.0064,116.0308,2014,2013-12-11,2014-12-11,Pacific,18.125,0.0,7.0,0.0,0.0,0.0,0.4375471698113207,1.47,0,False,0.0,0.0,0.0,0.0,0.0,0.0,0,,,,,0.0,0.0
6057,6.0069,116.0222,2013,2012-06-28,2013-06-28,Pacific,18.127499999999998,0.0,7.0,0.31,0.31,0.31,0.5671698113207547,1.68,0,False,0.0,0.0,0.0,0.0,0.0,0.0,0,,,,,0.0,0.0
6057,6.0069,116.0222,2014,2013-12-11,2014-12-11,Pacific,23.44,0.0,7.0,0.0,0.0,0.0,0.4375471698113207,1.47,0,False,0.0,0.0,0.0,0.0,0.0,0.0,0,,,,,0.0,0.0
6059,6.0081,116.0036,2013,2012-06-28,2013-06-28,Pacific,21.095,7.5,8.0,0.31,0.31,0.31,0.5671698113207547,1.68,0,False,0.0,0.0,0.0,0.0,0.0,0.0,0,,,,,0.0,0.0
6059,6.0081,116.0036,2014,2013-12-11,2014-12-11,Pacific,17.19,0.0,8.0,0.0,0.0,0.0,0.4375471698113207,1.47,0,False,0.0,0.0,0.0,0.0,0.0,0.0,0,,,,,0.0,0.0
6059,6.0081,116.0036,2015,2014-11-24,2015-11-24,Pacific,16.25,0.0,8.0,0.0,0.0,0.0,0.35547169811320756,1.36,0,False,0.0,0.0,0.0,0.0,0.0,0.0,0,,,,,0.0,0.0
6059,6.0081,116.0036,2016,2015-10-15,2016-10-14,Pacific,25.625,0.0,8.0,0.0,0.91,0.91,0.5954716981132075,1.52,0,False,0.0,0.0,0.0,0.0,0.0,0.0,0,,,,,0.0,0.0
6059,6.0081,116.0036,2017,2016-12-18,2017-12-18,Pacific,31.56,0.0,8.0,0.0,0.0,0.17,0.8720754716981133,2.56,0,False,0.0,0.0,0.0,0.0,0.0,0.0,0,,,,,0.0,0.0
6060,6.0082,116.022,2015,2014-11-27,2015-11-27,Pacific,20.315,0.0,7.0,0.0,0.0,0.0,0.3466037735849057,1.36,0,False,0.0,0.0,0.0,0.0,0.0,0.0,0,,,,,0.0,0.0
6060,6.0082,116.022,2016,2015-10-15,2016-10-14,Pacific,29.375,0.0,7.0,0.0,0.91,0.91,0.5954716981132075,1.52,0,False,0.0,0.0,0.0,0.0,0.0,0.0,0,,,,,0.0,0.0
6060,6.0082,116.022,2017,2016-12-18,2017-12-18,Pacific,15.31,0.0,7.0,0.0,0.0,0.17,0.8720754716981133,2.56,0,False,0.0,0.0,0.0,0.0,0.0,0.0,0,,,,,0.0,0.0
6061,6.0084,116.0313,2015,2014-11-27,2015-11-27,Pacific,18.75,0.0,7.0,0.0,0.0,0.0,0.3466037735849057,1.36,0,False,0.0,0.0,0.0,0.0,0.0,0.0,0,,,,,0.0,0.0
6064,6.0169,116.0479,2015,2014-11-26,2015-11-26,Pacific,16.25,0.25,7.0,0.0,0.0,0.0,0.35547169811320756,1.36,0,False,0.0,0.0,0.0,0.0,0.0,0.0,0,,,,,0.0,0.0
6065,6.0178,116.0453,2013,2012-07-01,2013-07-01,Pacific,15.469999999999999,3.75,8.0,0.31,0.31,0.31,0.5671698113207547,1.68,0,False,0.0,0.0,0.0,0.0,0.0,0.0,0,,,,,0.0,0.0
6065,6.0178,116.0453,2014,2013-12-10,2014-12-10,Pacific,10.625,0.0,7.0,0.0,0.0,0.0,0.4373584905660377,1.47,0,False,0.0,0.0,0.0,0.0,0.0,0.0,0,,,,,0.0,0.0
6066,6.0181,116.0053,2013,2012-07-02,2013-07-02,Pacific,24.845000000000002,3.75,7.5,0.31,0.31,0.31,0.5698076923076922,1.68,0,False,0.0,0.0,0.0,0.0,0.0,0.0,0,,,,,0.0,0.0
6066,6.0181,116.0053,2013,2012-10-01,2013-10-01,Pacific,27.8125,0.0,7.5,0.0,0.31,0.31,0.5467307692307691,1.68,0,False,0.0,0.0,0.0,0.0,0.0,0.0,0,,,,,0.0,0.0
6066,6.0181,116.0053,2014,2013-12-09,2014-12-09,Pacific,29.685,0.0,9.0,0.0,0.0,0.0,0.4373584905660377,1.47,0,False,0.0,0.0,0.0,0.0,0.0,0.0,0,,,,,0.0,0.0
6067,6.0259,116.0045,2015,2014-11-26,2015-11-26,Pacific,20.630000000000003,0.25,9.0,0.0,0.0,0.0,0.35547169811320756,1.36,0,False,0.0,0.0,0.0,0.0,0.0,0.0,0,,,,,0.0,0.0
6068,6.0278,116.0522,2013,2012-07-01,2013-07-01,Pacific,15.467500000000001,1.25,7.75,0.31,0.31,0.31,0.5667924528301888,1.68,0,False,0.0,0.0,0.0,0.0,0.0,0.0,0,,,,,0.0,0.0
6068,6.0278,116.0522,2014,2013-12-10,2014-12-10,Pacific,19.065,0.0,9.0,0.0,0.0,0.0,0.439056603773585,1.48,0,False,0.0,0.0,0.0,0.0,0.0,0.0,0,,,,,0.0,0.0
6068,6.0278,116.0522,2015,2014-11-26,2015-11-26,Pacific,23.75,0.0,9.0,0.0,0.0,0.0,0.3516981132075472,1.38,0,False,0.0,0.0,0.0,0.0,0.0,0.0,0,,,,,0.0,0.0
6069,6.0344,116.0286,2013,2012-06-30,2013-06-30,Pacific,26.0925,1.25,7.5,0.31,0.31,0.31,0.5671698113207547,1.68,0,False,0.0,0.0,0.0,0.0,0.0,0.0,0,,,,,0.0,0.0
6069,6.0344,116.0286,2014,2013-12-09,2014-12-09,Pacific,23.75,0.0,8.5,0.0,0.0,0.0,0.4373584905660377,1.47,0,False,0.0,0.0,0.0,0.0,0.0,0.0,0,,,,,0.0,0.0
6069,6.0344,116.0286,2015,2014-12-01,2015-12-01,Pacific,23.44,0.25,8.5,0.0,0.0,0.0,0.3466037735849057,1.36,0,False,0.0,0.0,0.0,0.0,0.0,0.0,0,,,,,0.0,0.0
6070,6.0414,116.0197,2013,2012-06-30,2013-06-30,Pacific,24.0625,5.625,8.5,0.31,0.31,0.31,0.5671698113207547,1.68,0,False,0.0,0.0,0.0,0.0,0.0,0.0,0,,,,,0.0,0.0
6070,6.0414,116.0197,2014,2013-12-09,2014-12-09,Pacific,14.69,0.0,9.0,0.0,0.0,0.0,0.4373584905660377,1.47,0,False,0.0,0.0,0.0,0.0,0.0,0.0,0,,,,,0.0,0.0
6070,6.0414,116.0197,2015,2014-12-01,2015-12-01,Pacific,11.559999999999999,0.0,8.0,0.0,0.0,0.0,0.3466037735849057,1.36,0,False,0.0,0.0,0.0,0.0,0.0,0.0,0,,,,,0.0,0.0
6070,6.0414,116.0197,2016,2015-10-14,2016-10-13,Pacific,15.935,0.0,9.0,0.0,0.91,0.91,0.5954716981132075,1.52,0,False,0.0,0.0,0.0,0.0,0.0,0.0,0,,,,,0.0,0.0
6070,6.0414,116.0197,2017,2016-08-19,2017-08-19,Pacific,14.06,0.0,8.0,0.17,0.17,0.17,0.8186792452830188,2.56,0,False,0.0,0.0,0.0,0.0,0.0,0.0,0,,,,,0.0,0.0
6071,6.0562,100.0359,2015,2014-08-10,2015-08-10,Pacific,17.185,0.75,6.0,0.46,0.46,0.46,0.44660377358490577,1.52,0,False,0.0,0.0,0.0,0.0,0.0,0.0,0,,,,,0.0,0.0
6071,6.0562,100.0359,2018,2017-08-07,2018-08-07,Pacific,25.0,0.0,5.5,0.0,0.0,0.0,0.560188679245283,1.41,0,False,74.5065,51.5539,3068.0966,2604.1054,16567.0034,15761.4933,4,,,,,0.0,0.0
6071,6.0562,100.0359,2019,2018-07-29,2019-07-29,Pacific,18.119999999999997,0.0,5.5,1.12,1.12,1.12,0.6762264150943397,1.58,0,False,50.287099999999995,41.577799999999996,2357.2315,1320.412,20781.3062,18522.4168,5,,,,,0.0,0.0
6075,6.1545,118.0585,2015,2014-06-10,2015-06-10,Pacific,29.065,0.0,5.0,2.24,2.24,4.38,0.5109433962264152,1.28,0,False,0.0,0.0,0.0,0.0,0.0,0.0,0,,,,,0.0,0.0
6075,6.1545,118.0585,2016,2015-05-20,2016-05-19,Pacific,27.81,0.0,5.0,2.42,2.42,3.02,0.7162264150943395,1.5,0,False,0.0,0.0,0.0,0.0,0.0,0.0,0,,,,,0.0,0.0
6075,6.1545,118.0585,2017,2016-11-29,2017-11-29,Pacific,26.875,0.0,5.0,4.49,5.65,8.0,0.8415094339622642,1.63,49,False,0.0,0.0,0.0,0.0,0.0,0.0,0,,,,,0.0,0.0
6075,6.1545,118.0585,2018,2017-04-25,2018-04-25,Pacific,27.19,0.0,5.0,0.0,0.0,8.0,0.8539622641509435,1.63,49,False,0.0,0.0,0.0,0.0,0.0,0.0,0,,,,,0.0,0.0
6076,6.1634,118.1081,2015,2014-06-11,2015-06-11,Pacific,16.72,0.0,7.5,2.22,2.22,4.47,0.4933962264150943,1.29,0,False,0.0,0.0,0.0,0.0,0.0,0.0,0,,,,,0.0,0.0
6076,6.1634,118.1081,2016,2015-05-20,2016-05-19,Pacific,9.8425,0.0,7.5,1.69,1.69,2.87,0.6916981132075473,1.44,0,False,0.0,0.0,0.0,0.0,0.0,0.0,0,,,,,0.0,0.0
6076,6.1634,118.1081,2017,2016-11-29,2017-11-29,Pacific,17.502499999999998,0.0,7.5,4.62,5.62,7.46,0.8313207547169809,1.63,42,False,0.0,0.0,0.0,0.0,0.0,0.0,0,,,,,0.0,0.0
6076,6.1634,118.1081,2018,2017-04-24,2018-04-24,Pacific,19.064999999999998,0.0,7.5,0.0,0.0,7.46,0.8467924528301888,1.63,42,False,0.0,0.0,0.0,0.0,0.0,0.0,0,,,,,0.0,0.0
6077,6.1699,118.1089,2014,2013-04-23,2014-04-23,Pacific,31.247500000000002,0.0,7.5,0.0,0.0,0.45,0.3662264150943396,1.35,0,False,0.0,0.0,0.0,0.0,0.0,0.0,0,,,,,0.0,0.0
6077,6.1699,118.1089,2015,2014-06-11,2015-06-11,Pacific,17.0325,0.0,7.5,2.22,2.22,4.47,0.4933962264150943,1.29,0,False,0.0,0.0,0.0,0.0,0.0,0.0,0,,,,,0.0,0.0
6077,6.1699,118.1089,2016,2015-05-19,2016-05-18,Pacific,14.6875,0.0,7.5,1.69,1.69,2.87,0.6916981132075473,1.44,0,False,0.0,0.0,0.0,0.0,0.0,0.0,0,,,,,0.0,0.0
6077,6.1699,118.1089,2017,2016-11-29,2017-11-29,Pacific,14.0625,0.0,7.5,4.62,5.62,7.46,0.8313207547169809,1.63,42,False,0.0,0.0,0.0,0.0,0.0,0.0,0,,,,,0.0,0.0
6077,6.1699,118.1089,2018,2017-04-24,2018-04-24,Pacific,14.219999999999999,0.0,7.5,0.0,0.0,7.46,0.8467924528301888,1.63,42,False,0.0,0.0,0.0,0.0,0.0,0.0,0,,,,,0.0,0.0
6078,6.1734,118.0714,2015,2014-10-06,2015-10-06,Pacific,12.1875,0.0,7.5,0.99,3.02,3.02,0.39679245283018877,1.28,0,False,0.0,0.0,0.0,0.0,0.0,0.0,0,,,,,0.0,0.0
6078,6.1734,118.0714,2016,2015-06-17,2016-06-16,Pacific,1.875,0.0,10.0,4.8,4.8,4.8,0.7360377358490567,1.5,14,False,0.0,0.0,0.0,0.0,0.0,0.0,0,,,,,0.0,0.0
6078,6.1734,118.0714,2016,2015-06-18,2016-06-17,Pacific,8.75,0.0,5.0,4.8,4.8,4.8,0.7360377358490567,1.5,14,False,0.0,0.0,0.0,0.0,0.0,0.0,0,,,,,0.0,0.0
6078,6.1734,118.0714,2017,2016-11-08,2017-11-08,Pacific,31.56,0.0,8.0,5.65,5.65,8.0,0.8341509433962265,1.63,49,False,0.0,0.0,0.0,0.0,0.0,0.0,0,,,,,0.0,0.0
6078,6.1734,118.0714,2017,2016-11-29,2017-11-29,Pacific,16.8725,0.0,7.5,4.49,5.65,8.0,0.8415094339622642,1.63,49,False,0.0,0.0,0.0,0.0,0.0,0.0,0,,,,,0.0,0.0
6078,6.1734,118.0714,2018,2017-04-25,2018-04-25,Pacific,23.595,0.0,7.5,0.0,0.0,8.0,0.8539622641509435,1.63,49,False,0.0,0.0,0.0,0.0,0.0,0.0,0,,,,,0.0,0.0
6079,6.1802,118.0634,2015,2014-06-09,2015-06-09,Pacific,24.53,0.0,7.5,2.24,2.24,4.38,0.5109433962264152,1.28,0,False,0.0,0.0,0.0,0.0,0.0,0.0,0,,,,,0.0,0.0
6079,6.1802,118.0634,2016,2015-05-18,2016-05-17,Pacific,18.4375,0.0,7.5,2.42,2.42,3.02,0.7162264150943395,1.5,0,False,0.0,0.0,0.0,0.0,0.0,0.0,0,,,,,0.0,0.0
6079,6.1802,118.0634,2017,2016-11-29,2017-11-29,Pacific,28.4375,0.0,7.5,4.49,5.65,8.0,0.8415094339622642,1.63,49,False,0.0,0.0,0.0,0.0,0.0,0.0,0,,,,,0.0,0.0
6079,6.1802,118.0634,2018,2017-04-25,2018-04-25,Pacific,29.5325,0.0,7.5,0.0,0.0,8.0,0.8539622641509435,1.63,49,False,0.0,0.0,0.0,0.0,0.0,0.0,0,,,,,0.0,0.0
6080,6.3498,116.3097,2013,2012-10-20,2013-10-20,Pacific,8.12,0.0,3.0,0.0,0.0,0.0,0.4216981132075472,1.64,0,False,0.0,0.0,0.0,0.0,0.0,0.0,0,,,,,0.0,0.0
6081,6.3532,116.3102,2014,2013-11-03,2014-11-03,Pacific,8.75,0.75,7.0,0.0,0.15,0.15,0.3958490566037736,1.68,0,False,0.0,0.0,0.0,0.0,0.0,0.0,0,,,,,0.0,0.0
6082,6.3544,116.3111,2015,2014-05-15,2015-05-15,Pacific,22.185000000000002,1.75,6.0,0.0,0.0,0.15,0.19754716981132076,1.24,0,False,0.0,0.0,0.0,0.0,0.0,0.0,0,,,,,0.0,0.0
6082,6.3544,116.3111,2016,2015-05-28,2016-05-27,Pacific,1.87,0.25,7.0,0.94,0.94,0.94,0.3,1.52,0,False,0.0,0.0,0.0,0.0,0.0,0.0,0,,,,,0.0,0.0
6082,6.3544,116.3111,2018,2017-05-04,2018-05-04,Pacific,20.0,0.0,5.0,0.0,0.0,0.0,0.580188679245283,1.82,0,False,0.0,0.0,0.0,0.0,0.0,0.0,0,,,,,0.0,0.0
6082,6.3544,116.3111,2019,2018-04-27,2019-04-27,Pacific,33.44,0.0,7.0,0.0,0.0,0.0,0.4294339622641509,1.58,0,False,0.0,0.0,0.0,0.0,0.0,0.0,0,,,,,0.0,0.0
6083,6.3684,116.3189,2014,2013-11-04,2014-11-04,Pacific,20.625,0.75,5.0,0.0,0.15,0.15,0.3958490566037736,1.68,0,False,0.0,0.0,0.0,0.0,0.0,0.0,0,,,,,0.0,0.0
6083,6.3684,116.3189,2015,2014-05-15,2015-05-15,Pacific,33.125,1.25,6.0,0.0,0.0,0.15,0.19754716981132076,1.24,0,False,0.0,0.0,0.0,0.0,0.0,0.0,0,,,,,0.0,0.0
6083,6.3684,116.3189,2016,2015-05-29,2016-05-28,Pacific,26.869999999999997,6.5,5.0,1.25,1.25,1.25,0.3145283018867924,1.52,0,False,0.0,0.0,0.0,0.0,0.0,0.0,0,,,,,0.0,0.0
6083,6.3684,116.3189,2017,2016-07-14,2017-07-14,Pacific,8.75,6.5,6.0,0.0,0.0,2.51,0.7335849056603774,2.68,0,False,0.0,0.0,0.0,0.0,0.0,0.0,0,,,,,0.0,0.0
6083,6.3684,116.3189,2018,2017-05-04,2018-05-04,Pacific,18.435,0.0,5.0,0.0,0.0,0.0,0.580188679245283,1.82,0,False,0.0,0.0,0.0,0.0,0.0,0.0,0,,,,,0.0,0.0
6083,6.3684,116.3189,2019,2018-04-27,2019-04-27,Pacific,45.94,0.5,5.0,0.0,0.0,0.0,0.4294339622641509,1.58,0,False,0.0,0.0,0.0,0.0,0.0,0.0,0,,,,,0.0,0.0
6084,6.3688,116.3309,2014,2013-11-03,2014-11-03,Pacific,23.44,1.0,5.0,0.0,0.15,0.15,0.3958490566037736,1.68,0,False,0.0,0.0,0.0,0.0,0.0,0.0,0,,,,,0.0,0.0
6085,6.372,116.324,2015,2014-05-16,2015-05-16,Pacific,29.065,0.5,5.0,0.0,0.0,0.15,0.19754716981132076,1.24,0,False,0.0,0.0,0.0,0.0,0.0,0.0,0,,,,,0.0,0.0
6085,6.372,116.324,2016,2015-05-29,2016-05-28,Pacific,20.939999999999998,21.5,5.0,1.25,1.25,1.25,0.3145283018867924,1.52,0,False,0.0,0.0,0.0,0.0,0.0,0.0,0,,,,,0.0,0.0
6085,6.372,116.324,2017,2016-07-15,2017-07-15,Pacific,21.875,0.0,4.0,0.0,0.0,2.51,0.7335849056603774,2.68,0,False,0.0,0.0,0.0,0.0,0.0,0.0,0,,,,,0.0,0.0
6085,6.372,116.324,2018,2017-05-06,2018-05-06,Pacific,21.56,0.0,5.0,0.0,0.0,0.0,0.580188679245283,1.82,0,False,0.0,0.0,0.0,0.0,0.0,0.0,0,,,,,0.0,0.0
6085,6.372,116.324,2019,2018-04-27,2019-04-27,Pacific,28.75,0.0,5.0,0.0,0.0,0.0,0.4294339622641509,1.58,0,False,0.0,0.0,0.0,0.0,0.0,0.0,0,,,,,0.0,0.0
6086,6.3742,116.3431,2014,2013-07-17,2014-07-17,Pacific,14.69,20.0,5.0,0.15,0.15,0.15,0.25415094339622646,1.68,0,False,0.0,0.0,0.0,0.0,0.0,0.0,0,,,,,0.0,0.0
6086,6.3742,116.3431,2016,2015-05-29,2016-05-28,Pacific,23.439999999999998,2.75,4.0,1.25,1.25,1.25,0.3145283018867924,1.52,0,False,0.0,0.0,0.0,0.0,0.0,0.0,0,,,,,0.0,0.0
6086,6.3742,116.3431,2017,2016-07-14,2017-07-14,Pacific,15.935,10.0,3.5,0.0,0.0,2.51,0.7335849056603774,2.68,0,False,0.0,0.0,0.0,0.0,0.0,0.0,0,,,,,0.0,0.0
6086,6.3742,116.3431,2018,2017-05-05,2018-05-05,Pacific,19.375,0.0,5.0,0.0,0.0,0.0,0.580188679245283,1.82,0,False,0.0,0.0,0.0,0.0,0.0,0.0,0,,,,,0.0,0.0
6086,6.3742,116.3431,2019,2018-04-28,2019-04-28,Pacific,24.685,0.0,4.0,0.0,0.0,0.0,0.4294339622641509,1.58,0,False,0.0,0.0,0.0,0.0,0.0,0.0,0,,,,,0.0,0.0
6087,6.3894,116.3312,2013,2012-10-19,2013-10-19,Pacific,9.685,0.0,3.0,0.0,0.0,0.0,0.4243396226415095,1.63,0,False,0.0,0.0,0.0,0.0,0.0,0.0,0,,,,,0.0,0.0
6088,6.39,116.3228,2014,2013-11-03,2014-11-03,Pacific,25.625,4.0,4.0,0.0,0.15,0.15,0.3958490566037736,1.68,0,False,0.0,0.0,0.0,0.0,0.0,0.0,0,,,,,0.0,0.0
6088,6.39,116.3228,2015,2014-05-15,2015-05-15,Pacific,20.0,0.5,5.0,0.0,0.0,0.15,0.19754716981132076,1.24,0,False,0.0,0.0,0.0,0.0,0.0,0.0,0,,,,,0.0,0.0
6088,6.39,116.3228,2016,2015-05-28,2016-05-27,Pacific,26.25,0.5,6.0,0.94,0.94,0.94,0.3,1.52,0,False,0.0,0.0,0.0,0.0,0.0,0.0,0,,,,,0.0,0.0
6088,6.39,116.3228,2018,2017-05-05,2018-05-05,Pacific,19.685,0.0,5.0,0.0,0.0,0.0,0.580188679245283,1.82,0,False,0.0,0.0,0.0,0.0,0.0,0.0,0,,,,,0.0,0.0
6088,6.39,116.3228,2019,2018-04-28,2019-04-28,Pacific,29.69,0.0,5.0,0.0,0.0,0.0,0.4294339622641509,1.58,0,False,0.0,0.0,0.0,0.0,0.0,0.0,0,,,,,0.0,0.0
6089,6.3936,116.3282,2014,2013-11-04,2014-11-04,Pacific,17.5,0.25,7.0,0.0,0.15,0.15,0.3958490566037736,1.68,0,False,0.0,0.0,0.0,0.0,0.0,0.0,0,,,,,0.0,0.0
6089,6.3936,116.3282,2015,2014-05-16,2015-05-16,Pacific,20.310000000000002,0.0,3.0,0.0,0.0,0.15,0.19754716981132076,1.24,0,False,0.0,0.0,0.0,0.0,0.0,0.0,0,,,,,0.0,0.0
6089,6.3936,116.3282,2016,2015-05-28,2016-05-27,Pacific,25.31,2.0,4.7,0.94,0.94,0.94,0.3,1.52,0,False,0.0,0.0,0.0,0.0,0.0,0.0,0,,,,,0.0,0.0
6089,6.3936,116.3282,2018,2017-05-05,2018-05-05,Pacific,18.125,0.0,5.0,0.0,0.0,0.0,0.580188679245283,1.82,0,False,0.0,0.0,0.0,0.0,0.0,0.0,0,,,,,0.0,0.0
6089,6.3936,116.3282,2019,2018-04-28,2019-04-28,Pacific,22.5,0.0,7.0,0.0,0.0,0.0,0.4294339622641509,1.58,0,False,0.0,0.0,0.0,0.0,0.0,0.0,0,,,,,0.0,0.0
6100,6.7065,116.3347,2013,2012-11-12,2013-11-12,Pacific,26.880000000000003,0.0,7.0,0.0,0.15,0.15,0.46019230769230773,1.68,0,False,0.0,0.0,0.0,0.0,0.0,0.0,0,,,,,0.0,0.0
6100,6.7065,116.3347,2013,2012-11-26,2013-11-26,Pacific,21.869999999999997,0.0,5.0,0.0,0.0,0.15,0.4448076923076924,1.68,0,False,0.0,0.0,0.0,0.0,0.0,0.0,0,,,,,0.0,0.0
6100,6.7065,116.3347,2014,2013-09-13,2014-09-13,Pacific,29.375,0.0,7.0,0.0,0.0,0.0,0.3967924528301887,1.77,0,False,0.0,0.0,0.0,0.0,0.0,0.0,0,,,,,0.0,0.0
6100,6.7065,116.3347,2015,2014-05-19,2015-05-19,Pacific,24.685,0.5,6.0,0.0,0.0,0.0,0.17641509433962263,1.21,0,False,0.0,0.0,0.0,0.0,0.0,0.0,0,,,,,0.0,0.0
6100,6.7065,116.3347,2018,2017-07-23,2018-07-23,Pacific,11.56,0.0,5.0,0.0,0.0,0.14,0.46150943396226424,1.58,0,False,0.0,0.0,0.0,0.0,0.0,0.0,0,,,,,0.0,0.0
6100,6.7065,116.3347,2019,2018-07-18,2019-07-18,Pacific,15.935,1.5,6.0,0.29,0.29,0.29,0.4239622641509435,1.64,0,False,0.0,0.0,0.0,0.0,0.0,0.0,0,,,,,0.0,0.0
6101,6.7066,116.3212,2013,2012-11-27,2013-11-27,Pacific,16.875,0.0,4.0,0.0,0.0,0.15,0.44660377358490577,1.68,0,False,0.0,0.0,0.0,0.0,0.0,0.0,0,,,,,0.0,0.0
6101,6.7066,116.3212,2014,2013-09-11,2014-09-11,Pacific,21.25,0.0,4.0,0.0,0.0,0.0,0.3967924528301887,1.77,0,False,0.0,0.0,0.0,0.0,0.0,0.0,0,,,,,0.0,0.0
6101,6.7066,116.3212,2015,2014-05-19,2015-05-19,Pacific,33.44,0.0,4.0,0.0,0.0,0.0,0.17641509433962263,1.21,0,False,0.0,0.0,0.0,0.0,0.0,0.0,0,,,,,0.0,0.0
6101,6.7066,116.3212,2019,2018-07-19,2019-07-19,Pacific,13.435,0.25,6.0,0.29,0.29,0.29,0.4239622641509435,1.64,0,False,0.0,0.0,0.0,0.0,0.0,0.0,0,,,,,0.0,0.0
6102,6.7127,116.3295,2013,2012-11-26,2013-11-26,Pacific,15.625,0.0,9.0,0.0,0.0,0.15,0.4448076923076924,1.68,0,False,0.0,0.0,0.0,0.0,0.0,0.0,0,,,,,0.0,0.0
6102,6.7127,116.3295,2014,2013-09-12,2014-09-12,Pacific,18.119999999999997,0.0,9.0,0.0,0.0,0.0,0.3967924528301887,1.77,0,False,0.0,0.0,0.0,0.0,0.0,0.0,0,,,,,0.0,0.0
6102,6.7127,116.3295,2015,2014-05-18,2015-05-18,Pacific,23.435,0.0,10.0,0.0,0.0,0.0,0.17641509433962263,1.21,0,False,0.0,0.0,0.0,0.0,0.0,0.0,0,,,,,0.0,0.0
6102,6.7127,116.3295,2018,2017-07-19,2018-07-19,Pacific,17.5,0.0,7.0,0.0,0.0,0.14,0.46150943396226424,1.58,0,False,0.0,0.0,0.0,0.0,0.0,0.0,0,,,,,0.0,0.0
6102,6.7127,116.3295,2019,2018-07-20,2019-07-20,Pacific,20.0,1.5,8.0,0.29,0.29,0.29,0.4239622641509435,1.64,0,False,0.0,0.0,0.0,0.0,0.0,0.0,0,,,,,0.0,0.0
6103,6.7134,116.3234,2013,2012-11-14,2013-11-14,Pacific,28.125,0.0,10.0,0.0,0.15,0.15,0.4533962264150944,1.68,0,False,0.0,0.0,0.0,0.0,0.0,0.0,0,,,,,0.0,0.0
6106,6.94,117.0156,2015,2014-06-16,2015-06-16,Pacific,35.0,3.25,5.0,0.51,0.51,0.51,0.4620754716981132,1.47,0,False,0.0,0.0,0.0,0.0,0.0,0.0,0,,,,,0.0,0.0
6107,6.9477,117.0105,2015,2014-06-15,2015-06-15,Pacific,31.56,0.0,5.0,0.51,0.51,0.51,0.4620754716981132,1.47,0,False,0.0,0.0,0.0,0.0,0.0,0.0,0,,,,,0.0,0.0
6107,6.9477,117.0105,2017,2016-04-18,2017-04-18,Pacific,30.935,3.5,4.0,0.0,0.0,1.55,0.7367924528301888,2.09,0,False,0.0,0.0,0.0,0.0,0.0,0.0,0,,,,,0.0,0.0
6108,6.9558,117.0057,2015,2014-06-15,2015-06-15,Pacific,25.0,12.5,5.0,0.52,0.52,0.6,0.4539622641509434,1.5,0,False,0.0,0.0,0.0,0.0,0.0,0.0,0,,,,,0.0,0.0
6109,6.9657,117.019,2015,2014-06-16,2015-06-16,Pacific,44.69,2.0,5.0,0.52,0.52,0.6,0.4539622641509434,1.5,0,False,0.0,0.0,0.0,0.0,0.0,0.0,0,,,,,0.0,0.0
6109,6.9657,117.019,2017,2016-04-18,2017-04-18,Pacific,21.875,4.75,4.9,0.0,0.0,1.55,0.7292452830188679,2.04,0,False,0.0,0.0,0.0,0.0,0.0,0.0,0,,,,,0.0,0.0
6110,7.0738,117.022,2015,2014-06-09,2015-06-09,Pacific,19.8425,0.0,7.5,0.49,0.49,0.6,0.4183018867924527,1.48,0,False,0.0,0.0,0.0,0.0,0.0,0.0,0,,,,,0.0,0.0
6110,7.0738,117.022,2017,2016-04-28,2017-04-28,Pacific,31.56,2.5,5.0,0.0,0.0,1.41,0.7077358490566037,2.04,0,False,0.0,0.0,0.0,0.0,0.0,0.0,0,,,,,0.0,0.0
6111,7.0762,117.0148,2015,2014-06-10,2015-06-10,Pacific,33.75,25.0,5.0,0.49,0.49,0.6,0.4183018867924527,1.48,0,False,0.0,0.0,0.0,0.0,0.0,0.0,0,,,,,0.0,0.0
6111,7.0762,117.0148,2017,2016-04-28,2017-04-28,Pacific,35.625,0.0,5.0,0.0,0.0,1.41,0.7077358490566037,2.04,0,False,0.0,0.0,0.0,0.0,0.0,0.0,0,,,,,0.0,0.0
6112,7.0784,117.0295,2015,2014-06-12,2015-06-12,Pacific,24.065,1.75,7.5,0.65,0.65,0.65,0.42452830188679247,1.48,0,False,0.0,0.0,0.0,0.0,0.0,0.0,0,,,,,0.0,0.0
6112,7.0784,117.0295,2017,2016-04-28,2017-04-28,Pacific,18.125,2.5,5.0,0.0,0.0,1.41,0.7077358490566037,2.04,0,False,0.0,0.0,0.0,0.0,0.0,0.0,0,,,,,0.0,0.0
6113,7.0805,117.0134,2015,2014-06-10,2015-06-10,Pacific,29.685,2.25,5.0,0.49,0.49,0.6,0.4183018867924527,1.48,0,False,0.0,0.0,0.0,0.0,0.0,0.0,0,,,,,0.0,0.0
6113,7.0805,117.0134,2017,2016-04-28,2017-04-28,Pacific,41.8725,6.375,8.0,0.0,0.0,1.41,0.7077358490566037,2.04,0,False,0.0,0.0,0.0,0.0,0.0,0.0,0,,,,,0.0,0.0
6114,7.0835,117.0385,2015,2014-06-11,2015-06-11,Pacific,29.06,1.25,5.0,0.49,0.49,0.6,0.4183018867924527,1.48,0,False,0.0,0.0,0.0,0.0,0.0,0.0,0,,,,,0.0,0.0
6114,7.0835,117.0385,2017,2016-04-27,2017-04-27,Pacific,34.06,3.25,4.5,0.0,0.0,1.41,0.7077358490566037,2.04,0,False,0.0,0.0,0.0,0.0,0.0,0.0,0,,,,,0.0,0.0
6115,7.0851,117.0389,2015,2014-06-10,2015-06-10,Pacific,22.81,0.25,7.5,0.49,0.49,0.6,0.4183018867924527,1.48,0,False,0.0,0.0,0.0,0.0,0.0,0.0,0,,,,,0.0,0.0
6115,7.0851,117.0389,2017,2016-04-29,2017-04-29,Pacific,26.25,1.0,8.3,0.0,0.0,1.41,0.7077358490566037,2.04,0,False,0.0,0.0,0.0,0.0,0.0,0.0,0,,,,,0.0,0.0
6116,7.0905,117.0552,2015,2014-06-11,2015-06-11,Pacific,31.72,0.125,7.5,0.51,0.51,0.77,0.4369811320754717,1.52,0,False,0.0,0.0,0.0,0.0,0.0,0.0,0,,,,,0.0,0.0
6116,7.0905,117.0552,2017,2016-04-30,2017-04-30,Pacific,20.0,0.0,5.0,0.0,0.0,1.72,0.7019230769230771,1.99,0,False,0.0,0.0,0.0,0.0,0.0,0.0,0,,,,,0.0,0.0
6117,7.0946,117.0234,2015,2014-06-12,2015-06-12,Pacific,36.2525,2.625,7.5,0.65,0.65,0.65,0.42452830188679247,1.48,0,False,0.0,0.0,0.0,0.0,0.0,0.0,0,,,,,0.0,0.0
6117,7.0946,117.0234,2017,2016-04-27,2017-04-27,Pacific,42.9675,6.0,7.5,0.0,0.0,1.41,0.7077358490566037,2.04,0,False,0.0,0.0,0.0,0.0,0.0,0.0,0,,,,,0.0,0.0
6118,7.1005,117.0295,2015,2014-06-11,2015-06-11,Pacific,34.06,0.0,5.0,0.49,0.49,0.49,0.3833962264150943,1.45,0,False,0.0,0.0,0.0,0.0,0.0,0.0,0,,,,,0.0,0.0
6118,7.1005,117.0295,2017,2016-04-27,2017-04-27,Pacific,24.064999999999998,10.5,6.2,0.0,0.0,1.11,0.6852830188679246,2.05,0,False,0.0,0.0,0.0,0.0,0.0,0.0,0,,,,,0.0,0.0
6119,7.1861,116.8643,2015,2014-09-04,2015-09-04,Pacific,40.629999999999995,2.25,4.0,0.62,0.62,0.62,0.30301886792452837,1.34,0,False,0.0,0.0,0.0,0.0,0.0,0.0,0,,,,,0.0,0.0
6119,7.1861,116.8643,2017,2016-05-08,2017-05-08,Pacific,37.185,0.75,5.0,0.0,0.0,0.94,0.6688679245283019,2.3000000000000003,0,False,0.0,0.0,0.0,0.0,0.0,0.0,0,,,,,0.0,0.0
6120,7.1894,116.8697,2015,2014-09-04,2015-09-04,Pacific,35.629999999999995,7.25,5.0,0.62,0.62,0.62,0.30301886792452837,1.34,0,False,0.0,0.0,0.0,0.0,0.0,0.0,0,,,,,0.0,0.0
6120,7.1894,116.8697,2017,2016-05-08,2017-05-08,Pacific,40.94,3.0,5.0,0.0,0.0,0.94,0.6688679245283019,2.3000000000000003,0,False,0.0,0.0,0.0,0.0,0.0,0.0,0,,,,,0.0,0.0
6122,7.2034,116.8432,2015,2014-09-05,2015-09-05,Pacific,38.75,4.75,5.0,0.61,0.61,0.61,0.2911320754716981,1.31,0,False,0.0,0.0,0.0,0.0,0.0,0.0,0,,,,,0.0,0.0
6122,7.2034,116.8432,2017,2016-05-08,2017-05-08,Pacific,39.06,2.5,4.6,0.0,0.0,0.93,0.649245283018868,2.27,0,False,0.0,0.0,0.0,0.0,0.0,0.0,0,,,,,0.0,0.0
6142,3.1056,73.5661,2017,2016-07-25,2017-07-25,Indian,7.1875,0.0,8.0,0.0,0.0,0.46,0.3428301886792453,1.03,0,False,0.0,0.0,0.0,0.0,0.0,0.0,0,,,,,1.0,3.0
6143,3.1056,73.6181,2017,2016-07-24,2017-07-24,Indian,5.4725,0.25,8.0,0.0,0.0,0.46,0.3339622641509434,0.99,0,False,0.0,0.0,0.0,0.0,0.0,0.0,0,,,,,1.0,3.0
6144,3.2242,73.4334,2017,2016-07-25,2017-07-25,Indian,2.9675,2.0,7.5,0.0,0.0,0.47,0.3511320754716981,0.91,0,False,0.0,0.0,0.0,0.0,0.0,0.0,0,,,,,2.0,4.0
6145,3.435,73.4222,2017,2016-07-26,2017-07-26,Indian,5.157500000000001,6.875,7.5,0.0,0.0,0.47,0.34471698113207555,1.05,0,False,0.0,0.0,0.0,0.0,0.0,0.0,0,,,,,1.0,3.0
6146,3.447,73.5967,2017,2016-07-26,2017-07-26,Indian,27.185,20.0,5.0,0.0,0.0,0.62,0.3462264150943397,1.03,0,False,0.0,0.0,0.0,0.0,0.0,0.0,0,,,,,1.0,3.0
6147,3.4484,73.7546,2017,2016-07-24,2017-07-24,Indian,21.25,0.0,9.0,0.0,0.0,0.79,0.3392452830188679,1.09,0,False,0.0,0.0,0.0,0.0,0.0,0.0,0,,,,,0.0,1.0
6148,3.4946,72.8233,2015,2014-09-17,2015-09-17,Indian,11.2525,0.75,8.5,0.0,0.47,0.47,0.6111320754716981,1.36,0,False,0.0,0.0,0.0,0.0,0.0,0.0,0,,,,,0.0,0.0
6148,3.4946,72.8233,2016,2015-07-15,2016-07-14,Indian,19.896666666666665,4.416666666666667,7.666666666666667,5.9,5.9,5.9,0.9869811320754716,1.6,14,False,0.0,0.0,0.0,0.0,0.0,0.0,0,,,,,0.0,0.0
6148,3.4946,72.8233,2017,2016-07-20,2017-07-20,Indian,5.9375,0.75,9.0,0.0,0.0,2.37,0.3135849056603774,0.85,0,False,11.307400000000001,0.0,11.307400000000001,0.0,11.307400000000001,0.0,1,,,,,1.0,1.0
6149,3.516,72.9184,2016,2015-07-15,2016-07-14,Indian,19.69,,8.0,5.84,5.84,5.84,0.9850943396226415,1.66,14,False,0.0,0.0,0.0,0.0,0.0,0.0,0,,,,,0.0,3.0
6150,3.5298,72.9281,2018,2017-04-19,2018-04-19,Indian,18.125,30.0,10.0,0.0,0.0,0.0,0.46811320754716984,1.25,0,False,0.0,0.0,17.432100000000002,0.0,44.520300000000006,0.0,0,,,,,1.0,3.0
6162,3.6776,73.4691,2017,2016-07-27,2017-07-27,Indian,11.56,4.5,6.0,0.0,0.0,0.96,0.3267924528301887,0.95,0,False,0.0,0.0,0.0,0.0,0.0,0.0,0,,,,,1.0,4.0
6164,3.7301,72.7581,2013,2012-07-04,2013-07-04,Indian,14.684999999999997,0.29000000000000004,6.666666666666667,0.0,0.0,0.16,0.48169811320754724,1.35,0,False,0.0,0.0,0.0,0.0,0.0,0.0,0,,,,,2.0,2.0
6165,3.7302,72.7606,2017,2016-07-19,2017-07-19,Indian,10.3125,0.0,9.0,0.0,0.0,2.38,0.30000000000000004,0.94,0,False,0.0,0.0,0.0,0.0,11.307400000000001,0.0,0,,,,,1.0,4.0
6170,4.0258,72.8057,2015,2014-09-16,2015-09-16,Indian,19.2175,2.625,8.5,0.0,0.14,0.14,0.5901886792452831,1.39,0,False,0.0,0.0,0.0,0.0,0.0,0.0,0,,,,,2.0,2.0
6170,4.0258,72.8057,2017,2016-07-19,2017-07-19,Indian,1.245,0.0,9.0,0.0,0.0,2.74,0.269811320754717,0.98,0,False,0.0,0.0,0.0,0.0,0.0,0.0,0,,,,,3.0,4.0
6171,4.058,72.9563,2017,2016-07-18,2017-07-18,Indian,18.9075,0.25,9.0,0.0,0.0,2.77,0.2762264150943396,0.97,0,False,0.0,0.0,0.0,0.0,0.0,0.0,0,,,,,3.0,3.0
6173,4.1188,73.4672,2017,2016-07-28,2017-07-28,Indian,5.315,0.0,6.0,0.0,0.0,1.29,0.2652830188679245,0.72,0,False,0.0,0.0,0.0,0.0,0.0,0.0,0,,,,,3.0,5.0
6175,4.2656,73.0026,2015,2014-09-15,2015-09-15,Indian,19.532500000000002,0.45,8.5,0.0,0.45,0.45,0.611132075471698,1.25,0,False,0.0,0.0,0.0,0.0,0.0,0.0,0,,,,,0.0,2.0
6175,4.2656,73.0026,2016,2015-07-12,2016-07-11,Indian,18.958333333333332,10.333333333333334,6.666666666666667,6.8,6.8,6.8,0.9571698113207547,1.69,14,False,0.0,0.0,0.0,0.0,0.0,0.0,0,,,,,0.0,3.0
6175,4.2656,73.0026,2017,2016-07-17,2017-07-17,Indian,17.185,0.0,8.0,0.0,0.0,2.88,0.3090566037735849,0.99,0,False,0.0,0.0,0.0,0.0,0.0,0.0,0,,,,,0.0,4.0
6175,4.2656,73.0026,2017,2016-07-18,2017-07-18,Indian,20.3125,0.0,9.0,0.0,0.0,2.88,0.3090566037735849,0.99,0,False,0.0,0.0,0.0,0.0,0.0,0.0,0,,,,,0.0,4.0
6176,4.2681,73.4888,2017,2016-07-23,2017-07-23,Indian,3.4375,0.0,9.0,0.0,0.0,1.46,0.27230769230769236,0.73,0,False,0.0,0.0,0.0,0.0,0.0,0.0,0,,,,,3.0,6.0
6181,4.5083,73.3611,2014,2013-09-10,2014-09-10,Indian,20.465,1.0,7.0,0.0,0.0,0.0,0.3360377358490566,1.09,0,False,0.0,0.0,0.0,0.0,0.0,0.0,0,,,,,0.0,0.0
6182,4.5208,73.3611,2014,2013-09-09,2014-09-09,Indian,25.2075,1.625,8.5,0.0,0.0,0.0,0.3360377358490566,1.09,0,False,0.0,0.0,0.0,0.0,0.0,0.0,0,,,,,0.0,0.0
6183,4.5278,73.3889,2014,2013-09-08,2014-09-08,Indian,5.31,0.375,7.0,0.0,0.0,0.0,0.3360377358490566,1.09,0,False,0.0,0.0,0.0,0.0,0.0,0.0,0,,,,,0.0,0.0
6184,4.5278,73.4222,2014,2013-09-11,2014-09-11,Indian,16.4025,5.0,7.5,0.0,0.0,0.0,0.33584905660377345,1.11,0,False,0.0,0.0,0.0,0.0,0.0,0.0,0,,,,,0.0,0.0
6192,5.7217,73.4034,2017,2016-07-01,2017-07-01,Indian,13.75,0.0,5.0,0.0,0.0,6.38,0.31207547169811317,1.03,0,False,0.0,0.0,0.0,0.0,0.0,0.0,0,,,,,0.0,0.0
6245,3.5222,72.8992,2016,2015-03-12,2016-03-11,Indian,32.5,0.0,6.0,0.0,0.0,0.46,0.8560377358490565,1.63,0,False,0.0,0.0,0.0,0.0,0.0,0.0,0,,,,,0.0,1.0
6249,3.6546,72.8214,2016,2015-07-14,2016-07-13,Indian,18.435,3.3333333333333335,7.666666666666667,5.99,5.99,5.99,0.9724528301886793,1.64,14,False,0.0,0.0,0.0,0.0,0.0,0.0,0,,,,,0.0,2.0
6253,3.8448,72.7511,2016,2015-07-14,2016-07-13,Indian,7.657500000000001,3.0,4.75,5.49,5.49,5.49,0.9624528301886792,1.61,14,False,0.0,0.0,0.0,0.0,0.0,0.0,0,,,,,2.0,2.0
6253,3.8448,72.7511,2017,2016-05-10,2017-05-10,Indian,19.0625,0.0,7.5,0.0,0.0,5.49,0.38622641509433975,1.19,7,False,0.0,0.0,0.0,0.0,0.0,0.0,0,,,,,2.0,4.0
6253,3.8448,72.7511,2018,2017-07-25,2018-07-25,Indian,2.1875,0.0,4.75,0.0,0.0,0.0,0.39283018867924524,1.21,0,False,0.0,0.0,0.0,0.0,21.3077,0.0,0,,,,,0.0,4.0
6258,4.0149,72.8052,2013,2012-07-04,2013-07-04,Indian,22.814999999999998,0.08333333333333333,8.333333333333334,0.0,0.0,0.15,0.46528301886792456,1.32,0,False,0.0,0.0,0.0,0.0,0.0,0.0,0,,,,,2.0,2.0
6259,4.0171,72.8052,2016,2015-07-13,2016-07-12,Indian,6.146666666666667,0.75,6.666666666666667,5.97,5.97,5.97,0.9443396226415093,1.71,14,False,0.0,0.0,0.0,0.0,0.0,0.0,0,,,,,2.0,2.0
6259,4.0171,72.8052,2018,2017-07-24,2018-07-24,Indian,3.5925000000000002,0.0,7.5,0.0,0.0,0.0,0.40377358490566034,1.19,0,False,0.0,0.0,0.0,0.0,15.183,0.0,0,,,,,3.0,4.0
6261,4.0549,72.9571,2013,2012-07-03,2013-07-03,Indian,17.398333333333333,0.8333333333333334,8.333333333333334,0.0,0.0,0.15,0.4609433962264151,1.27,0,False,0.0,0.0,0.0,0.0,0.0,0.0,0,,,,,2.0,2.0
6261,4.0549,72.9571,2015,2014-09-15,2015-09-15,Indian,21.5625,2.375,8.5,0.0,0.44,0.44,0.6133962264150943,1.37,0,False,0.0,0.0,0.0,0.0,0.0,0.0,0,,,,,2.0,2.0
6261,4.0549,72.9571,2017,2016-05-09,2017-05-09,Indian,19.6875,0.0,7.5,0.0,0.0,6.53,0.36641509433962266,1.15,7,False,0.0,0.0,0.0,0.0,0.0,0.0,0,,,,,3.0,4.0
6261,4.0549,72.9571,2019,2018-05-08,2019-05-08,Indian,18.2825,0.3,7.5,0.15,0.15,0.15,0.3958490566037736,1.08,0,False,0.0,0.0,0.0,0.0,0.0,0.0,0,,,,,4.0,5.0
6262,4.0558,72.9564,2016,2015-07-13,2016-07-12,Indian,10.938333333333333,9.5,6.666666666666667,6.53,6.53,6.53,0.9443396226415094,1.71,14,False,0.0,0.0,0.0,0.0,0.0,0.0,0,,,,,2.0,2.0
6262,4.0558,72.9564,2018,2017-07-24,2018-07-24,Indian,16.25,0.0,7.5,0.0,0.0,0.0,0.40490566037735853,1.18,0,False,0.0,0.0,0.0,0.0,26.9525,0.0,0,,,,,3.0,3.0
6267,4.2381,73.5315,2014,2013-09-11,2014-09-11,Indian,10.62,0.0,5.0,0.0,0.0,0.0,0.3216981132075472,1.07,0,False,0.0,0.0,0.0,0.0,0.0475,0.0,0,,,,,3.0,4.0
6270,4.2563,72.9893,2013,2012-07-03,2013-07-03,Indian,22.5,0.26,8.033333333333333,0.0,0.0,0.0,0.46811320754716984,1.21,0,False,0.0,0.0,0.0,0.0,0.0,0.0,0,,,,,0.0,2.0
6275,4.2834,73.4281,2016,2015-01-31,2016-01-31,Indian,23.44,0.0,8.0,0.0,0.0,0.29,0.7294339622641507,1.54,0,False,0.0,0.0,0.2766,0.0,0.2766,0.0,0,,,,,4.0,8.0
6275,4.2834,73.4281,2016,2015-05-17,2016-05-16,Indian,22.185,70.0,8.0,5.58,5.58,5.58,0.901509433962264,1.57,14,False,0.0,0.0,0.2766,0.0,0.2766,0.0,0,,,,,4.0,8.0
6277,4.2864,73.4264,2014,2013-09-14,2014-09-14,Indian,18.1275,0.75,7.5,0.0,0.0,0.0,0.329622641509434,1.04,0,False,0.0,0.0,0.0,0.0,0.0475,0.0,0,,,,,3.0,4.0
6279,4.3069,73.4232,2013,2012-07-01,2013-07-01,Indian,17.5,2.0,6.5,0.17,0.17,0.17,0.47867924528301886,1.32,0,False,0.0,0.0,0.0,0.0,0.0,0.0,0,,,,,0.0,1.0
6281,4.5472,73.3806,2014,2013-09-10,2014-09-10,Indian,15.780000000000001,0.875,7.5,0.0,0.0,0.0,0.3360377358490566,1.09,0,False,0.0,0.0,0.0,0.0,0.0,0.0,0,,,,,0.0,0.0
6282,4.5702,73.3775,2014,2013-09-09,2014-09-09,Indian,11.25,1.0,7.5,0.0,0.0,0.0,0.33622641509433965,1.11,0,False,0.0,0.0,0.0,0.0,0.0,0.0,0,,,,,0.0,0.0
6673,10.3425,98.2991,2013,2012-04-12,2013-04-12,Pacific,1.875,,3.0,0.0,0.0,0.15,0.5064150943396226,1.83,0,False,0.0,0.0,0.0,0.0,0.0,0.0,0,,,,,0.0,0.0
6681,10.1474,97.9704,2013,2012-04-17,2013-04-17,Pacific,5.0,0.0,5.0,0.0,0.0,0.0,0.47150943396226414,1.74,0,False,0.0,0.0,0.0,0.0,0.0,0.0,0,,,,,0.0,0.0
6685,10.1579,98.1388,2013,2012-04-18,2013-04-18,Pacific,35.94,0.0,6.0,0.0,0.0,0.14,0.5058490566037734,1.9,0,False,0.0,0.0,0.0,0.0,0.0,0.0,0,,,,,0.0,0.0
6686,10.4659,98.2446,2013,2012-04-13,2013-04-13,Pacific,13.4375,0.0,4.75,0.0,0.0,0.14,0.47018867924528307,1.77,0,False,0.0,0.0,0.0,0.0,0.0,0.0,0,,,,,0.0,0.0
6687,10.4669,98.2196,2013,2012-04-14,2013-04-14,Pacific,33.125,0.25,2.5,0.0,0.0,0.14,0.47018867924528307,1.77,0,False,0.0,0.0,0.0,0.0,0.0,0.0,0,,,,,0.0,0.0
6688,10.473,98.1714,2013,2012-04-15,2013-04-15,Pacific,16.56,0.0,2.5,0.0,0.0,0.0,0.47075471698113214,1.76,0,False,0.0,0.0,0.0,0.0,0.0,0.0,0,,,,,0.0,0.0
6689,10.571,98.0309,2013,2012-04-16,2013-04-16,Pacific,14.06,0.0,2.5,0.0,0.0,0.15,0.4590384615384616,1.67,0,False,0.0,0.0,0.0,0.0,0.0,0.0,0,,,,,0.0,0.0
6695,12.041,-68.7508,2013,2012-11-16,2013-11-16,Atlantic,23.435,0.0,12.0,2.23,2.23,5.39,0.6560377358490566,1.42,0,False,0.0,0.0,0.0,0.0,0.0,0.0,0,0.0,0.0,1.0,3.0,,
6695,12.041,-68.7508,2014,2013-11-22,2014-11-22,Atlantic,30.0,0.435,9.0,0.0,0.0,2.08,0.20339622641509436,0.8300000000000001,0,False,0.0,0.0,4.4686,0.0,9.394300000000001,0.0,0,1.0,0.0,1.0,4.0,,
6697,12.063,-68.8556,2013,2012-10-23,2013-10-23,Atlantic,14.06,,5.8,2.07,2.07,5.55,0.6981132075471701,1.45,21,False,0.0,0.0,0.0,0.0,0.0,0.0,0,1.0,2.0,1.0,3.0,,
6698,12.0738,-68.8795,2014,2013-11-22,2014-11-22,Atlantic,18.595,0.0,9.0,0.0,0.0,1.92,0.21207547169811325,0.8300000000000001,0,False,4.4686,0.0,6.6113,0.0,13.3812,0.0,1,1.0,3.0,1.0,4.0,,
6699,12.0745,-68.8792,2013,2012-11-16,2013-11-16,Atlantic,11.56,0.0,12.0,2.07,2.07,5.55,0.6613207547169813,1.45,7,False,0.0,0.0,0.0,0.0,0.0,0.0,0,1.0,2.0,1.0,3.0,,
6701,12.1396,-69.8372,2013,2012-11-17,2013-11-17,Atlantic,24.685000000000002,0.0,12.0,2.18,2.18,5.14,0.6854716981132076,1.92,7,False,0.0,0.0,0.0,0.0,0.0,0.0,0,1.0,3.0,1.0,3.0,,
6701,12.1396,-69.8372,2014,2013-11-09,2014-11-09,Atlantic,6.4025,0.0,9.0,0.15,0.15,2.18,0.2060377358490566,1.09,0,False,0.0,0.0,0.0,0.0,380.9786,375.8898,0,1.0,4.0,1.0,4.0,,
6709,12.2791,-69.1451,2013,2012-11-24,2013-11-24,Atlantic,24.6875,0.01,9.0,1.83,1.83,3.93,0.620188679245283,1.48,0,False,0.0,0.0,0.0,0.0,0.0,0.0,0,1.0,3.0,1.0,3.0,,
6709,12.2791,-69.1451,2014,2013-11-16,2014-11-16,Atlantic,34.69,0.5866666666666667,10.0,0.0,0.0,1.83,0.16754716981132076,0.8,0,False,0.0,0.0,0.0,0.0,21.3995,0.0,0,1.0,4.0,1.0,4.0,,
6711,12.3848,-69.16,2013,2012-11-24,2013-11-24,Atlantic,25.625,3.5,12.0,1.68,1.68,3.3000000000000003,0.6273584905660378,1.51,0,False,0.0,0.0,0.0,0.0,0.0,0.0,0,1.0,3.0,1.0,3.0,,
6711,12.3848,-69.16,2014,2013-11-16,2014-11-16,Atlantic,25.314999999999998,0.25,12.0,0.0,0.0,1.68,0.18207547169811317,0.76,0,False,0.0,0.0,0.0,0.0,21.3995,0.0,0,1.0,4.0,1.0,4.0,,
6752,12.0812,-68.8955,2013,2012-10-23,2013-10-23,Atlantic,26.67,33.75,16.7,2.07,2.07,5.55,0.6981132075471701,1.45,21,False,0.0,0.0,0.0,0.0,0.0,0.0,0,1.0,2.0,1.0,3.0,,
6755,12.2188,-69.0873,2014,2013-05-26,2014-05-26,Atlantic,23.439999999999998,0.0,12.5,0.0,0.0,1.83,0.31698113207547174,1.1,0,False,0.0,0.0,9.394300000000001,0.0,21.3995,0.0,0,1.0,4.0,1.0,4.0,,
6756,12.2191,-69.0878,2013,2012-11-17,2013-11-17,Atlantic,5.94,1.25,12.0,1.83,1.83,4.09,0.6424528301886794,1.48,7,False,0.0,0.0,0.0,0.0,0.0,0.0,0,1.0,3.0,1.0,3.0,,
6756,12.2191,-69.0878,2014,2013-11-09,2014-11-09,Atlantic,5.9375,1.25,9.0,0.0,0.0,1.83,0.17113207547169812,0.8300000000000001,0,False,0.0,0.0,9.394300000000001,0.0,21.3995,0.0,0,1.0,4.0,1.0,4.0,,
6757,12.2603,-69.1203,2016,2015-05-24,2016-05-23,Atlantic,22.19,1.0,12.0,0.0,0.0,0.89,0.23471698113207545,1.26,0,False,0.0,0.0,0.0,0.0,0.0,0.0,0,1.0,6.0,1.0,6.0,,
6759,12.3175,-69.1525,2014,2013-05-24,2014-05-24,Atlantic,13.75,25.0,3.0,0.0,0.0,1.52,0.3069811320754717,0.99,0,False,0.0,0.0,0.0,0.0,21.3995,0.0,0,1.0,4.0,1.0,4.0,,
6759,12.3175,-69.1525,2014,2013-05-25,2014-05-25,Atlantic,14.69,0.0,16.7,0.0,0.0,1.52,0.3069811320754717,0.99,0,False,0.0,0.0,0.0,0.0,21.3995,0.0,0,1.0,4.0,1.0,4.0,,
6759,12.3175,-69.1525,2014,2013-05-27,2014-05-27,Atlantic,15.309999999999999,0.0,13.0,0.0,0.0,1.52,0.3069811320754717,0.99,0,False,0.0,0.0,0.0,0.0,21.3995,0.0,0,1.0,4.0,1.0,4.0,,
6759,12.3175,-69.1525,2016,2015-05-22,2016-05-21,Atlantic,23.435000000000002,1.0,14.0,0.0,0.0,0.91,0.22528301886792454,1.25,0,False,0.0,0.0,0.0,0.0,0.0,0.0,0,1.0,6.0,1.0,6.0,,
6759,12.3175,-69.1525,2016,2015-05-23,2016-05-22,Atlantic,,1.0,14.0,0.0,0.0,0.91,0.22528301886792454,1.25,0,False,0.0,0.0,0.0,0.0,0.0,0.0,0,1.0,6.0,1.0,6.0,,
6760,12.328,-69.1518,2016,2015-05-23,2016-05-22,Atlantic,27.810000000000002,1.0,13.0,0.0,0.0,0.91,0.22528301886792454,1.25,0,False,0.0,0.0,0.0,0.0,0.0,0.0,0,1.0,6.0,1.0,6.0,,
6773,-21.6616,165.4533,2013,2012-02-21,2013-02-20,Pacific,12.5,,1.0,0.0,0.0,3.98,0.19339622641509435,1.63,0,False,0.0,0.0,0.0,0.0,7.652299999999999,0.0,0,,,,,0.0,0.0
6773,-21.6616,165.4533,2014,2013-02-25,2014-02-25,Pacific,7.1899999999999995,,1.0,0.0,0.0,0.0,0.1471698113207547,1.09,0,False,19.0668,0.0,131.1181,0.0,442.1489,0.0,2,,,,,0.0,0.0
6773,-21.6616,165.4533,2015,2014-03-22,2015-03-22,Pacific,7.8149999999999995,,1.0,6.62,6.62,6.62,0.4696226415094339,2.53,7,False,26.349899999999998,0.0,138.66469999999998,0.0,341.05,0.0,2,,,,,0.0,0.0
6775,-21.6535,165.4563,2013,2012-02-21,2013-02-20,Pacific,17.81,,3.0,0.0,0.0,3.98,0.19339622641509435,1.63,0,False,0.0,0.0,0.0,0.0,7.652299999999999,0.0,0,,,,,0.0,0.0
6775,-21.6535,165.4563,2014,2013-02-25,2014-02-25,Pacific,19.369999999999997,,3.0,0.0,0.0,0.0,0.1471698113207547,1.09,0,False,0.0,0.0,131.1181,0.0,442.1489,0.0,0,,,,,0.0,0.0
6775,-21.6535,165.4563,2015,2014-03-22,2015-03-22,Pacific,20.94,,3.0,6.62,6.62,6.62,0.4696226415094339,2.53,7,False,0.0,0.0,138.66469999999998,0.0,341.05,0.0,0,,,,,0.0,0.0
6776,-22.258,166.3857,2013,2012-02-04,2013-02-03,Pacific,21.875,,2.3,0.0,0.0,4.69,0.2941509433962264,1.66,14,False,2.5955,0.0,5.0256,0.0,58.3479,0.0,1,,,,,3.0,3.0
6776,-22.258,166.3857,2014,2013-03-16,2014-03-16,Pacific,23.44,,2.3,0.0,0.0,0.0,0.2013207547169811,1.38,0,False,0.0,0.0,4.0598,0.0,57.1637,0.0,0,,,,,3.0,3.0
6776,-22.258,166.3857,2015,2014-01-13,2015-01-13,Pacific,22.5,,2.3,0.15,0.15,0.15,0.19509433962264147,1.85,0,False,0.0,0.0,5.599399999999999,0.0,83.4048,0.0,0,,,,,1.0,1.0
6780,-21.6298,165.4542,2013,2012-02-21,2013-02-20,Pacific,30.630000000000003,,4.0,0.0,0.0,3.93,0.1826415094339623,1.62,0,False,0.0,0.0,0.0,0.0,7.652299999999999,0.0,0,,,,,0.0,0.0
6782,-21.6251,165.3671,2013,2012-01-14,2013-01-13,Pacific,18.435,,4.3,0.0,0.0,3.92,0.2650943396226415,1.61,0,False,0.0,0.0,0.0,0.0,12.620099999999999,0.0,0,,,,,0.0,0.0
6782,-21.6251,165.3671,2014,2013-03-21,2014-03-21,Pacific,19.685000000000002,,4.3,0.0,0.0,0.0,0.11018867924528301,1.07,0,False,0.0,0.0,104.8556,0.0,537.3246,0.0,0,,,,,0.0,0.0
6782,-21.6251,165.3671,2015,2014-03-07,2015-03-07,Pacific,20.939999999999998,,4.3,5.5600000000000005,5.5600000000000005,5.5600000000000005,0.4437735849056603,2.5,7,False,2.5029,0.0,106.3046,0.0,378.0035,0.0,2,,,,,0.0,0.0
6783,-21.6136,165.3806,2013,2012-01-13,2013-01-12,Pacific,14.059999999999999,,2.0,0.0,0.0,3.92,0.2650943396226415,1.61,0,False,0.0,0.0,0.0,0.0,8.6968,0.0,0,,,,,0.0,0.0
6783,-21.6136,165.3806,2014,2013-03-21,2014-03-21,Pacific,21.87,,2.0,0.0,0.0,0.0,0.11018867924528301,1.07,0,False,0.0,0.0,104.8556,0.0,482.229,0.0,0,,,,,0.0,0.0
6783,-21.6136,165.3806,2015,2014-03-08,2015-03-08,Pacific,18.12,,2.0,5.5600000000000005,5.5600000000000005,5.5600000000000005,0.4437735849056603,2.5,7,False,2.5029,0.0,106.3046,0.0,343.6735,0.0,2,,,,,0.0,0.0
6784,-21.5978,165.3384,2013,2012-01-13,2013-01-12,Pacific,20.0,,2.0,0.0,0.0,4.05,0.26490566037735847,1.63,0,False,0.0,0.0,0.0,0.0,9.0032,0.0,0,,,,,0.0,0.0
6784,-21.5978,165.3384,2014,2013-03-20,2014-03-20,Pacific,20.625,,2.0,0.0,0.0,0.0,0.11226415094339623,1.07,0,False,0.0,0.0,104.8556,0.0,467.5426,0.0,0,,,,,0.0,0.0
6784,-21.5978,165.3384,2015,2014-03-07,2015-03-07,Pacific,13.75,,2.0,5.5200000000000005,5.5200000000000005,5.5200000000000005,0.4481132075471699,2.49,7,False,2.5029,0.0,106.3046,0.0,348.9336,0.0,2,,,,,0.0,0.0
6785,-21.5934,166.2634,2013,2012-03-31,2013-03-31,Pacific,27.815,,4.5,0.0,0.0,0.31,0.39245283018867927,1.33,0,False,0.0,0.0,0.0,0.0,9.3633,0.0,0,,,,,0.0,0.0
6785,-21.5934,166.2634,2014,2013-05-03,2014-05-03,Pacific,24.685,,4.5,0.59,0.59,0.59,0.5873584905660378,1.37,0,False,0.0,0.0,44.654199999999996,0.0,560.8359,0.0,0,,,,,0.0,0.0
6785,-21.5934,166.2634,2015,2014-04-22,2015-04-22,Pacific,13.120000000000001,,4.5,6.48,6.48,6.48,0.5813207547169812,2.08,7,False,0.0,0.0,21.905,0.0,507.7975,0.0,0,,,,,0.0,0.0
6786,-21.5563,166.3375,2013,2012-03-31,2013-03-31,Pacific,18.75,,7.0,0.0,0.0,0.3,0.3986792452830189,1.29,0,False,0.0,0.0,0.0,0.0,9.3633,0.0,0,,,,,0.0,0.0
6786,-21.5563,166.3375,2014,2013-05-03,2014-05-03,Pacific,20.0,,7.0,0.45,0.45,0.45,0.5867924528301888,1.34,0,False,0.0,0.0,205.7314,0.0,750.852,0.0,0,,,,,0.0,0.0
6786,-21.5563,166.3375,2015,2014-04-22,2015-04-22,Pacific,17.81,,7.0,6.34,6.34,6.34,0.5854716981132075,2.07,7,False,0.0,0.0,196.9364,0.0,661.8805,0.0,0,,,,,0.0,0.0
6787,-21.4106,164.9584,2013,2012-03-24,2013-03-24,Pacific,8.75,,2.3,0.0,0.0,4.34,0.14622641509433962,1.64,0,False,0.0,0.0,0.0,0.0,31.0796,0.0,0,,,,,0.0,0.0
6787,-21.4106,164.9584,2014,2013-01-01,2014-01-01,Pacific,15.31,,2.3,0.0,0.0,0.0,0.22075471698113208,1.14,0,False,3.6997,0.0,138.9033,0.0,729.6322,0.0,1,,,,,0.0,0.0
6787,-21.4106,164.9584,2015,2014-01-18,2015-01-18,Pacific,15.94,,2.3,0.0,0.0,0.0,0.3286792452830189,1.69,0,False,0.0,0.0,13.0254,0.0,305.7733,0.0,0,,,,,0.0,0.0
6788,-21.3803,164.9672,2013,2012-03-24,2013-03-24,Pacific,35.0,,4.3,0.0,0.0,4.34,0.15660377358490565,1.65,0,False,0.0,0.0,0.0,0.0,26.3316,0.0,0,,,,,0.0,0.0
6788,-21.3803,164.9672,2014,2013-01-01,2014-01-01,Pacific,31.880000000000003,,4.3,0.0,0.0,0.0,0.2256603773584906,1.17,0,False,3.6997,0.0,138.9033,0.0,596.489,0.0,1,,,,,0.0,0.0
6788,-21.3803,164.9672,2015,2014-01-18,2015-01-18,Pacific,17.5,,4.3,0.0,0.0,0.0,0.33226415094339623,1.73,0,False,0.0,0.0,13.0254,0.0,230.191,0.0,0,,,,,0.0,0.0
6789,-21.3673,164.9806,2013,2012-03-24,2013-03-24,Pacific,4.0600000000000005,,2.5,0.0,0.0,4.34,0.15660377358490565,1.65,0,False,0.0,0.0,0.0,0.0,26.3316,0.0,0,,,,,0.0,0.0
6789,-21.3673,164.9806,2013,2012-12-22,2013-12-22,Pacific,7.5,,2.5,0.0,0.0,0.0,0.23339622641509433,1.17,0,False,3.6997,0.0,112.7873,0.0,569.1666,0.0,1,,,,,0.0,0.0
6789,-21.3673,164.9806,2015,2014-01-18,2015-01-18,Pacific,6.869999999999999,,2.5,0.0,0.0,0.0,0.33226415094339623,1.73,0,False,0.0,0.0,11.3032,0.0,230.191,0.0,0,,,,,0.0,0.0
6790,-21.218,164.7628,2013,2012-03-23,2013-03-23,Pacific,1.875,,2.8,0.0,0.0,4.55,0.21377358490566037,1.57,0,False,0.0,0.0,0.0,0.0,12.982600000000001,0.0,0,,,,,0.0,0.0
6790,-21.218,164.7628,2013,2012-12-21,2013-12-21,Pacific,3.75,,2.8,0.0,0.0,0.0,0.2862264150943396,1.46,0,False,0.0,0.0,58.1129,0.0,685.7854,0.0,0,,,,,0.0,0.0
6790,-21.218,164.7628,2015,2014-01-17,2015-01-17,Pacific,12.185,,2.8,0.0,0.0,0.0,0.3149056603773585,1.86,0,False,0.0,0.0,34.712199999999996,0.0,245.3262,0.0,0,,,,,0.0,0.0
6791,-21.1947,164.778,2014,2013-01-01,2014-01-01,Pacific,28.75,,2.5,0.0,0.0,0.0,0.25433962264150944,1.47,0,False,0.0,0.0,58.1129,0.0,603.8882,0.0,0,,,,,0.0,0.0
6791,-21.1947,164.778,2015,2014-01-17,2015-01-17,Pacific,29.375,,3.0,0.0,0.0,0.0,0.2877358490566038,1.83,0,False,0.0,0.0,34.712199999999996,0.0,153.8837,0.0,0,,,,,0.0,0.0
6792,-21.0309,167.4188,2013,2012-04-10,2013-04-10,Pacific,14.375,,6.0,0.0,0.0,0.54,0.39433962264150946,1.08,0,False,0.0,0.0,0.028,0.0,182.3411,0.0,0,,,,,0.0,0.0
6792,-21.0309,167.4188,2014,2013-04-16,2014-04-16,Pacific,11.875,,6.0,0.0,0.0,0.0,0.46830188679245277,1.34,0,False,0.0,0.0,17.784,0.0,422.8378,0.0,0,,,,,0.0,0.0
6792,-21.0309,167.4188,2015,2014-04-16,2015-04-16,Pacific,14.375,,6.0,4.5600000000000005,4.5600000000000005,4.5600000000000005,0.6109433962264151,1.75,0,False,0.0,0.0,15.1492,0.0,614.9164,0.0,0,,,,,0.0,0.0
6793,-21.0261,167.412,2013,2012-04-10,2013-04-10,Pacific,20.94,,5.3,0.0,0.0,0.54,0.39433962264150946,1.08,0,False,0.0,0.0,0.028,0.0,184.1491,0.0,0,,,,,0.0,0.0
6793,-21.0261,167.412,2014,2013-04-16,2014-04-16,Pacific,19.38,,5.3,0.0,0.0,0.0,0.46830188679245277,1.34,0,False,0.0,0.0,12.4422,0.0,436.19,0.0,0,,,,,0.0,0.0
6793,-21.0261,167.412,2015,2014-04-16,2015-04-16,Pacific,16.25,,5.3,4.5600000000000005,4.5600000000000005,4.5600000000000005,0.6109433962264151,1.75,0,False,0.0,0.0,4.9243,0.0,611.1695,0.0,0,,,,,0.0,0.0
6794,-20.934,165.3698,2013,2012-01-17,2013-01-16,Pacific,47.5,,4.8,0.0,0.0,0.79,0.49849056603773584,1.76,0,False,0.0,0.0,0.0,0.0,59.1749,0.0,0,,,,,1.0,1.0
6794,-20.934,165.3698,2014,2013-01-24,2014-01-24,Pacific,31.869999999999997,,4.8,0.0,0.0,0.0,0.5135849056603774,1.29,0,False,0.0,0.0,15.4474,0.0,436.3575,0.0,0,,,,,1.0,1.0
6794,-20.934,165.3698,2015,2014-02-25,2015-02-25,Pacific,36.25,,4.8,1.71,1.71,1.71,0.49094339622641503,1.72,0,False,0.0,0.0,7.6299,0.0,155.9147,0.0,0,,,,,1.0,1.0
6795,-20.9198,165.3689,2013,2012-01-17,2013-01-16,Pacific,32.5,,7.8,0.0,0.0,0.79,0.49849056603773584,1.76,0,False,0.0,0.0,0.0,0.0,59.1749,0.0,0,,,,,1.0,1.0
6795,-20.9198,165.3689,2014,2013-01-24,2014-01-24,Pacific,19.685000000000002,,7.8,0.0,0.0,0.0,0.5135849056603774,1.29,0,False,0.0,0.0,15.4474,0.0,457.6478,0.0,0,,,,,1.0,1.0
6795,-20.9198,165.3689,2015,2014-02-24,2015-02-24,Pacific,5.0,,7.8,1.71,1.71,1.71,0.49094339622641503,1.72,0,False,0.0,0.0,7.6299,0.0,157.3761,0.0,0,,,,,1.0,1.0
6796,-20.9157,167.2741,2013,2012-04-09,2013-04-09,Pacific,13.44,,3.5,0.0,0.0,0.52,0.361923076923077,1.03,0,False,0.0,0.0,0.0,0.0,136.2944,0.0,0,,,,,0.0,0.0
6796,-20.9157,167.2741,2014,2013-04-15,2014-04-15,Pacific,18.125,,3.5,0.0,0.0,0.0,0.43490566037735845,1.27,0,False,0.0,0.0,5.1719,0.0,569.9758,0.0,0,,,,,0.0,0.0
6796,-20.9157,167.2741,2015,2014-04-15,2015-04-15,Pacific,10.315,,3.5,5.17,5.17,5.17,0.5984905660377359,1.66,7,False,0.0,0.0,0.0,0.0,669.7288,0.0,0,,,,,0.0,0.0
6797,-20.9067,167.2644,2013,2012-04-09,2013-04-09,Pacific,29.065,,5.0,0.0,0.0,0.52,0.361923076923077,1.03,0,False,0.0,0.0,0.0,0.0,85.1189,0.0,0,,,,,0.0,0.0
6797,-20.9067,167.2644,2014,2013-04-15,2014-04-15,Pacific,28.75,,5.0,0.0,0.0,0.0,0.43490566037735845,1.27,0,False,0.0,0.0,5.1719,0.0,529.3,0.0,0,,,,,0.0,0.0
6797,-20.9067,167.2644,2015,2014-04-15,2015-04-15,Pacific,31.25,,5.0,5.17,5.17,5.17,0.5984905660377359,1.66,7,False,0.0,0.0,0.0,0.0,584.1926,0.0,0,,,,,0.0,0.0
6798,-20.8454,165.4206,2013,2012-01-18,2013-01-17,Pacific,39.379999999999995,,4.0,0.0,0.0,0.93,0.520566037735849,1.66,0,False,0.0,0.0,12.214300000000001,0.0,65.1723,0.0,0,,,,,1.0,1.0
6798,-20.8454,165.4206,2014,2013-01-23,2014-01-23,Pacific,33.435,,4.0,0.0,0.0,0.0,0.5284905660377359,1.23,0,False,0.0,0.0,102.1042,0.0,625.4100999999999,0.0,0,,,,,1.0,1.0
6798,-20.8454,165.4206,2015,2014-02-25,2015-02-25,Pacific,31.565,,4.0,1.74,1.74,1.74,0.49716981132075483,1.69,0,False,0.0,0.0,36.33,0.0,282.6574,0.0,0,,,,,1.0,1.0
6799,-20.7939,167.1569,2013,2012-04-11,2013-04-11,Pacific,15.0,,5.0,0.0,0.0,0.5,0.3777358490566036,1.27,0,False,0.0,0.0,0.0,0.0,60.6964,0.0,0,,,,,0.0,0.0
6799,-20.7939,167.1569,2014,2013-04-17,2014-04-17,Pacific,18.12,,5.0,0.0,0.0,0.0,0.4075471698113207,1.16,0,False,0.0,0.0,84.6352,0.0,687.3886,0.0,0,,,,,0.0,0.0
6799,-20.7939,167.1569,2015,2014-04-14,2015-04-14,Pacific,8.13,,5.0,5.15,5.15,5.15,0.590188679245283,1.79,7,False,0.0,0.0,30.558699999999998,0.0,617.9653,0.0,0,,,,,0.0,0.0
6800,-20.7879,167.1218,2013,2012-04-11,2013-04-11,Pacific,18.75,,1.3,0.0,0.0,0.34,0.38320754716981137,1.34,0,False,0.0,0.0,0.0,0.0,77.0855,0.0,0,,,,,0.0,0.0
6800,-20.7879,167.1218,2014,2013-04-17,2014-04-17,Pacific,19.06,,1.3,0.0,0.0,0.0,0.4054716981132075,1.16,0,False,0.0,0.0,84.6352,0.0,816.4794,0.0,0,,,,,0.0,0.0
6800,-20.7879,167.1218,2015,2014-04-14,2015-04-14,Pacific,18.435,,1.3,5.32,5.32,5.32,0.5930188679245283,1.83,7,False,2.4863,0.0,37.117,0.0,713.1863,0.0,1,,,,,0.0,0.0
6801,-20.7847,167.1171,2013,2012-04-11,2013-04-11,Pacific,10.0,,5.5,0.0,0.0,0.34,0.38320754716981137,1.34,0,False,0.0,0.0,0.0,0.0,77.0855,0.0,0,,,,,0.0,0.0
6801,-20.7847,167.1171,2014,2013-04-17,2014-04-17,Pacific,8.75,,5.5,0.0,0.0,0.0,0.4054716981132075,1.16,0,False,0.0,0.0,84.6352,0.0,816.4794,0.0,0,,,,,0.0,0.0
6801,-20.7847,167.1171,2015,2014-04-14,2015-04-14,Pacific,8.75,,5.5,5.32,5.32,5.32,0.5930188679245283,1.83,7,False,2.4863,0.0,37.117,0.0,713.1863,0.0,1,,,,,0.0,0.0
6802,-20.6954,164.9985,2013,2012-03-19,2013-03-19,Pacific,30.935000000000002,,4.0,0.0,0.0,0.97,0.3978846153846155,1.59,0,False,0.0,0.0,0.0,0.0,64.8925,0.0,0,,,,,1.0,1.0
6802,-20.6954,164.9985,2014,2013-03-24,2014-03-24,Pacific,31.880000000000003,,4.0,0.48,0.48,0.48,0.5560377358490566,1.19,0,False,0.0,0.0,12.4017,0.0,360.056,0.0,0,,,,,0.0,0.0
6803,-20.67,164.2403,2013,2012-01-16,2013-01-15,Pacific,13.129999999999999,,1.5,0.0,0.0,3.18,0.39942307692307694,1.71,0,False,0.0,0.0,13.87,0.0,50.3924,0.0,0,,,,,0.0,0.0
6803,-20.67,164.2403,2014,2013-01-22,2014-01-22,Pacific,17.185,,1.5,0.0,0.0,0.0,0.2881132075471698,1.3,0,False,0.0,0.0,49.7302,0.0,281.277,0.0,0,,,,,0.0,0.0
6803,-20.67,164.2403,2015,2014-01-11,2015-01-11,Pacific,15.0,,1.5,0.0,0.0,0.0,0.36245283018867924,1.85,0,False,0.0,0.0,51.7592,0.0,237.1613,0.0,0,,,,,0.0,0.0
6804,-20.6446,164.9832,2013,2012-03-19,2013-03-19,Pacific,12.19,,3.5,0.0,0.0,0.97,0.4115384615384616,1.56,0,False,0.0,0.0,0.0,0.0,70.44800000000001,0.0,0,,,,,1.0,1.0
6804,-20.6446,164.9832,2014,2013-03-24,2014-03-24,Pacific,17.810000000000002,,3.5,0.47,0.47,0.47,0.5679245283018868,1.26,0,False,0.0,0.0,52.591300000000004,0.0,413.1463,0.0,0,,,,,0.0,0.0
6804,-20.6446,164.9832,2015,2014-02-23,2015-02-23,Pacific,15.935,,3.5,1.98,1.98,1.98,0.5109433962264152,1.77,0,False,0.0,0.0,35.5308,0.0,203.23,0.0,0,,,,,0.0,0.0
6805,-20.6305,165.0717,2013,2012-03-19,2013-03-19,Pacific,13.75,,4.5,0.0,0.0,1.01,0.4076923076923077,1.58,0,False,0.0,0.0,0.0,0.0,94.819,0.0,0,,,,,1.0,2.0
6805,-20.6305,165.0717,2014,2013-03-24,2014-03-24,Pacific,14.375,,4.5,0.48,0.48,0.48,0.5560377358490567,1.31,0,False,1.7491,0.0,76.8653,0.0,481.74670000000003,0.0,1,,,,,0.0,1.0
6805,-20.6305,165.0717,2015,2014-02-23,2015-02-23,Pacific,10.625,,4.5,2.17,2.17,2.17,0.5024528301886793,1.81,0,False,0.0,0.0,56.7555,0.0,262.5216,0.0,0,,,,,0.0,1.0
6806,-20.5891,164.2728,2013,2012-01-15,2013-01-14,Pacific,48.125,,2.3,0.0,0.0,3.21,0.39018867924528305,1.7,0,False,0.0,0.0,7.7859,0.0,50.3924,0.0,0,,,,,0.0,0.0
6806,-20.5891,164.2728,2014,2013-01-21,2014-01-21,Pacific,45.62,,2.3,0.0,0.0,0.0,0.2839622641509434,1.29,0,False,0.0,0.0,19.714100000000002,0.0,187.5185,0.0,0,,,,,0.0,0.0
6806,-20.5891,164.2728,2015,2014-01-10,2015-01-10,Pacific,32.19,,2.3,0.0,0.0,0.0,0.3583018867924528,1.86,0,False,0.0,0.0,1.7666,0.0,193.1545,0.0,0,,,,,0.0,0.0
6807,-20.5553,164.1832,2013,2012-01-15,2013-01-14,Pacific,37.5,,4.5,0.0,0.0,2.69,0.40415094339622637,1.61,0,False,0.0,0.0,18.476399999999998,0.0,65.9388,0.0,0,,,,,0.0,0.0
6807,-20.5553,164.1832,2014,2013-01-21,2014-01-21,Pacific,33.13,,4.5,0.0,0.0,0.0,0.33,1.33,0,False,0.0,0.0,38.4779,0.0,237.3171,0.0,0,,,,,0.0,0.0
6807,-20.5553,164.1832,2015,2014-01-10,2015-01-10,Pacific,33.75,,4.5,0.0,0.0,0.0,0.3820754716981133,1.83,0,False,0.0,0.0,4.9718,0.0,293.3877,0.0,0,,,,,0.0,0.0
6808,-20.2636,164.4179,2013,2012-05-19,2013-05-19,Pacific,34.065,,1.8,0.0,0.0,0.0,0.38679245283018876,1.36,0,False,0.0,0.0,11.4271,0.0,107.9047,0.0,0,,,,,0.0,0.0
6808,-20.2636,164.4179,2014,2013-03-01,2014-03-01,Pacific,39.375,,1.8,0.0,0.0,0.0,0.5890566037735849,1.35,0,False,0.0,0.0,70.2847,0.0,537.5756,0.0,0,,,,,0.0,0.0
6809,-20.2126,164.4426,2013,2012-05-18,2013-05-18,Pacific,13.75,,5.0,0.0,0.0,0.0,0.3954716981132075,1.42,0,False,0.0,0.0,24.15,0.0,118.161,0.0,0,,,,,0.0,0.0
6809,-20.2126,164.4426,2014,2013-03-01,2014-03-01,Pacific,12.5,,5.0,0.0,0.0,0.0,0.5979245283018868,1.39,0,False,1.9558,0.0,151.0609,0.0,541.593,0.0,1,,,,,0.0,0.0
6810,-20.2108,164.3964,2013,2012-05-18,2013-05-18,Pacific,16.56,,1.8,0.0,0.0,0.0,0.39716981132075474,1.39,0,False,0.0,0.0,20.523699999999998,0.0,116.34440000000001,0.0,0,,,,,0.0,0.0
6810,-20.2108,164.3964,2014,2013-03-02,2014-03-02,Pacific,13.435,,1.8,0.0,0.0,0.0,0.5966037735849057,1.35,0,False,1.9558,0.0,84.6951,0.0,536.9778,0.0,1,,,,,0.0,0.0
6812,-22.6422,166.3033,2013,2012-04-21,2013-04-21,Pacific,34.69,,3.8,0.0,0.0,5.25,0.14433962264150943,1.16,0,False,3.6669,0.0,46.6102,0.0,109.2246,0.0,1,,,,,0.0,3.0
6812,-22.6422,166.3033,2014,2013-03-31,2014-03-31,Pacific,22.19,,3.8,0.0,0.0,0.0,0.21113207547169813,1.22,0,False,0.0,0.0,5.0273,0.0,59.467099999999995,0.0,0,,,,,0.0,3.0
6812,-22.6422,166.3033,2015,2014-04-30,2015-04-30,Pacific,21.87,,3.8,7.82,7.82,7.82,0.43415094339622645,2.7,7,False,0.0,0.0,10.883999999999999,0.0,68.9624,0.0,0,,,,,0.0,1.0
6813,-22.5986,167.3989,2013,2012-03-10,2013-03-10,Pacific,21.875,,1.8,0.0,0.0,3.89,0.4764150943396227,1.86,0,False,0.0,0.0,0.0,0.0,99.2089,0.0,0,,,,,1.0,1.0
6813,-22.5986,167.3989,2014,2013-01-31,2014-01-31,Pacific,24.06,,1.8,0.16,0.16,0.16,0.589811320754717,1.6,0,False,0.0,0.0,0.0,0.0,136.8296,0.0,0,,,,,1.0,1.0
6813,-22.5986,167.3989,2015,2014-03-03,2015-03-03,Pacific,25.619999999999997,,1.8,5.33,5.33,5.33,0.7473584905660378,2.08,14,False,3.8588,0.0,15.8875,0.0,270.4746,0.0,1,,,,,1.0,1.0
6815,-22.5527,166.4705,2014,2013-04-10,2014-04-10,Pacific,13.75,,4.5,0.0,0.0,0.0,0.18358490566037736,1.15,0,False,0.0,0.0,0.2158,0.0,57.2337,0.0,0,,,,,0.0,3.0
6815,-22.5527,166.4705,2015,2014-02-26,2015-02-26,Pacific,11.25,,4.5,4.8100000000000005,4.8100000000000005,4.8100000000000005,0.32301886792452833,2.71,0,False,0.0,0.0,0.538,0.0,44.1144,0.0,0,,,,,0.0,1.0
6816,-22.5279,167.4327,2013,2012-05-13,2013-05-13,Pacific,19.69,,1.8,0.0,0.0,1.28,0.3624528301886792,1.14,0,False,0.0,0.0,0.0,0.0,135.0624,0.0,0,,,,,1.0,1.0
6816,-22.5279,167.4327,2014,2013-01-31,2014-01-31,Pacific,22.185,,1.8,0.16,0.16,0.16,0.5990566037735849,1.62,0,False,0.0,0.0,0.0,0.0,192.3405,0.0,0,,,,,1.0,1.0
6816,-22.5279,167.4327,2015,2014-03-05,2015-03-05,Pacific,17.185000000000002,,1.8,4.79,4.79,4.79,0.7666037735849056,2.06,14,False,3.8588,0.0,47.079,0.0,450.7935,0.0,1,,,,,1.0,1.0
6817,-22.5264,167.4109,2013,2012-03-10,2013-03-10,Pacific,15.629999999999999,,1.8,0.0,0.0,3.49,0.46962264150943395,1.79,0,False,0.0,0.0,0.0,0.0,111.9321,0.0,0,,,,,1.0,1.0
6817,-22.5264,167.4109,2014,2013-01-31,2014-01-31,Pacific,15.935,,1.8,0.16,0.16,0.16,0.5990566037735849,1.62,0,False,0.0,0.0,0.0,0.0,184.59130000000002,0.0,0,,,,,1.0,1.0
6817,-22.5264,167.4109,2015,2014-03-03,2015-03-03,Pacific,14.375,,1.8,4.79,4.79,4.79,0.7666037735849056,2.06,14,False,3.8588,0.0,40.0674,0.0,461.6286,0.0,1,,,,,1.0,1.0
6819,-22.4438,166.3687,2014,2013-03-15,2014-03-15,Pacific,30.0,,8.0,0.0,0.0,0.0,0.18509433962264152,1.3,0,False,0.2158,0.0,24.3549,0.0,58.8717,0.0,1,,,,,3.0,3.0
6819,-22.4438,166.3687,2015,2014-01-15,2015-01-15,Pacific,23.75,,8.0,0.0,0.0,0.0,0.1730188679245283,1.88,0,False,0.0,0.0,21.8768,0.0,92.5654,0.0,0,,,,,1.0,1.0
6821,-22.425,166.8479,2013,2012-04-26,2013-04-26,Pacific,24.375,,1.8,0.0,0.0,0.33,0.09245283018867925,1.23,0,False,0.0,0.0,34.3305,0.0,146.9035,0.0,0,,,,,0.0,2.0
6821,-22.425,166.8479,2014,2013-02-07,2014-02-07,Pacific,27.5,,1.8,0.0,0.0,0.0,0.18792452830188683,1.03,0,False,0.0,0.0,36.3313,0.0,115.7074,0.0,0,,,,,0.0,2.0
6821,-22.425,166.8479,2015,2014-02-18,2015-02-18,Pacific,23.119999999999997,,1.8,2.79,2.79,2.79,0.3390566037735849,2.1,0,False,0.0,0.0,0.0,0.0,25.4047,0.0,0,,,,,0.0,0.0
6822,-22.3962,166.8225,2013,2012-04-26,2013-04-26,Pacific,32.5,,2.0,0.0,0.0,0.32,0.0820754716981132,1.22,0,False,0.0,0.0,34.3305,0.0,133.9091,0.0,0,,,,,0.0,2.0
6822,-22.3962,166.8225,2014,2013-02-07,2014-02-07,Pacific,31.25,,1.0,0.0,0.0,0.0,0.18094339622641503,1.02,0,False,0.0,0.0,36.3313,0.0,113.90740000000001,0.0,0,,,,,0.0,2.0
6822,-22.3962,166.8225,2015,2014-02-19,2015-02-19,Pacific,38.125,,2.0,2.74,2.74,2.74,0.33094339622641505,2.07,0,False,0.0,0.0,0.0,0.0,23.605,0.0,0,,,,,0.0,0.0
6823,-22.3951,166.5228,2014,2013-03-26,2014-03-26,Pacific,27.815,,4.0,0.0,0.0,0.0,0.139811320754717,1.22,0,False,0.2158,0.0,0.2158,0.0,46.1252,0.0,1,,,,,3.0,3.0
6823,-22.3951,166.5228,2015,2014-03-18,2015-03-18,Pacific,25.625,,4.0,7.7,7.7,7.7,0.3922641509433963,2.83,7,False,0.538,0.0,0.538,0.0,35.2671,0.0,1,,,,,1.0,1.0
6825,-22.3942,166.8828,2013,2012-02-29,2013-02-28,Pacific,29.380000000000003,,4.5,0.0,0.0,0.47,0.24207547169811322,1.46,0,False,0.0,0.0,0.0,0.0,18.643,0.0,0,,,,,0.0,2.0
6825,-22.3942,166.8828,2014,2013-01-01,2014-01-01,Pacific,31.25,,4.5,0.0,0.0,0.0,0.23735849056603775,1.11,0,False,0.0,0.0,36.3313,0.0,129.5946,0.0,0,,,,,0.0,2.0
6825,-22.3942,166.8828,2014,2013-12-20,2014-12-20,Pacific,34.685,,4.5,0.0,0.0,0.0,0.26358490566037734,1.17,0,False,0.0,0.0,0.0,0.0,38.2016,0.0,0,,,,,0.0,2.0
6826,-22.3845,166.8411,2013,2012-04-26,2013-04-26,Pacific,39.06,,1.5,0.0,0.0,0.32,0.0820754716981132,1.22,0,False,0.0,0.0,34.3305,0.0,120.4006,0.0,0,,,,,0.0,2.0
6826,-22.3845,166.8411,2014,2013-02-07,2014-02-07,Pacific,41.875,,1.5,0.0,0.0,0.0,0.18094339622641503,1.02,0,False,0.0,0.0,36.3313,0.0,131.4084,0.0,0,,,,,0.0,2.0
6826,-22.3845,166.8411,2015,2014-02-19,2015-02-19,Pacific,44.69,,1.5,2.74,2.74,2.74,0.33094339622641505,2.07,0,False,0.0,0.0,0.0,0.0,32.3065,0.0,0,,,,,0.0,0.0
6827,-22.3675,166.3056,2014,2013-02-27,2014-02-27,Pacific,17.185,,4.5,0.0,0.0,0.0,0.19433962264150942,1.35,0,False,3.3327,0.0,28.0138,0.0,71.8449,0.0,2,,,,,3.0,3.0
6827,-22.3675,166.3056,2015,2014-02-25,2015-02-25,Pacific,17.19,,4.5,6.09,6.09,6.09,0.38754716981132076,2.99,7,False,0.0,0.0,15.6614,0.0,100.29990000000001,0.0,0,,,,,1.0,1.0
6828,-22.3561,166.8472,2014,2013-01-01,2014-01-01,Pacific,16.87,,1.8,0.0,0.0,0.0,0.16547169811320753,1.02,0,False,0.0,0.0,36.3313,0.0,148.8902,0.0,0,,,,,0.0,2.0
6828,-22.3561,166.8472,2014,2013-12-20,2014-12-20,Pacific,16.875,,1.8,0.0,0.0,0.0,0.18452830188679248,1.15,0,False,0.0,0.0,0.0,0.0,53.1336,0.0,0,,,,,0.0,2.0
6829,-22.3443,166.9934,2013,2012-02-25,2013-02-24,Pacific,23.435,,1.8,0.0,0.0,1.47,0.41056603773584904,1.62,0,True,0.0,0.0,0.0,0.0,0.0,0.0,0,,,,,0.0,0.0
6829,-22.3443,166.9934,2014,2013-04-02,2014-04-02,Pacific,23.125,,1.8,0.0,0.0,0.0,0.5322641509433963,1.3,0,True,2.0008,0.0,13.2155,0.0,193.844,0.0,1,,,,,0.0,0.0
6829,-22.3443,166.9934,2015,2014-03-26,2015-03-26,Pacific,23.125,,1.8,7.88,7.88,7.88,0.6452830188679245,2.24,21,True,0.0,0.0,0.0,0.0,282.2362,0.0,0,,,,,0.0,0.0
6831,-22.3388,166.2382,2014,2013-03-15,2014-03-15,Pacific,14.69,,4.0,0.0,0.0,0.0,0.21452830188679248,1.33,0,False,15.173,0.0,44.1264,0.0,74.8573,0.0,6,,,,,2.0,3.0
6831,-22.3388,166.2382,2015,2014-01-15,2015-01-15,Pacific,7.5,,4.0,0.15,0.15,0.15,0.21245283018867925,1.88,0,False,9.9376,0.0,43.2837,0.0,110.622,0.0,7,,,,,1.0,1.0
6833,-22.3334,167.0115,2013,2012-02-25,2013-02-24,Pacific,25.935,,2.5,0.0,0.0,3.04,0.539433962264151,1.72,0,False,0.0,0.0,0.0,0.0,0.0,0.0,0,,,,,0.0,1.0
6833,-22.3334,167.0115,2014,2013-04-02,2014-04-02,Pacific,30.31,,2.5,0.63,0.63,0.63,0.7239622641509434,1.42,0,False,2.0008,0.0,14.1515,0.0,265.9452,0.0,1,,,,,0.0,1.0
6833,-22.3334,167.0115,2015,2014-03-26,2015-03-26,Pacific,25.619999999999997,,2.5,9.21,9.21,9.21,0.8092452830188678,2.34,21,False,0.0,0.0,10.8351,0.0,381.3141,0.0,0,,,,,0.0,1.0
6834,-22.333,166.4238,2013,2012-02-04,2013-02-03,Pacific,17.81,,2.3,0.0,0.0,3.9,0.2754716981132076,1.62,0,False,2.5955,0.0,12.9346,0.0,80.1197,0.0,1,,,,,3.0,3.0
6834,-22.333,166.4238,2014,2013-03-16,2014-03-16,Pacific,11.25,,2.3,0.0,0.0,0.0,0.17792452830188676,1.33,0,False,0.0,0.0,7.3041,0.0,54.868199999999995,0.0,0,,,,,3.0,3.0
6834,-22.333,166.4238,2015,2014-01-13,2015-01-13,Pacific,5.625,,2.3,0.0,0.0,0.0,0.16641509433962262,1.77,0,False,0.538,0.0,6.1175,0.0,80.6721,0.0,1,,,,,1.0,1.0
6835,-22.3242,166.3633,2014,2013-02-27,2014-02-27,Pacific,24.685,,8.0,0.0,0.0,0.0,0.1883018867924529,1.36,0,False,0.0,0.0,22.292,0.0,61.2742,0.0,0,,,,,3.0,3.0
6835,-22.3242,166.3633,2015,2014-02-25,2015-02-25,Pacific,19.685,,8.0,6.19,6.19,6.19,0.38773584905660374,3.02,7,False,0.538,0.0,7.2248,0.0,91.1159,0.0,1,,,,,1.0,1.0
6837,-22.316,166.4553,2013,2012-02-04,2013-02-03,Pacific,24.06,,2.5,0.0,0.0,3.53,0.25452830188679243,1.58,0,False,2.5955,0.0,3.4837,0.0,78.0217,0.0,1,,,,,3.0,3.0
6837,-22.316,166.4553,2014,2013-03-16,2014-03-16,Pacific,21.25,,2.5,0.0,0.0,0.0,0.15622641509433957,1.28,0,False,0.0,0.0,4.0598,0.0,48.1335,0.0,0,,,,,3.0,3.0
6837,-22.316,166.4553,2015,2014-01-13,2015-01-13,Pacific,26.875,,2.5,0.0,0.0,0.0,0.13962264150943396,1.74,0,False,0.538,0.0,4.3506,0.0,56.3384,0.0,1,,,,,1.0,1.0
6840,-22.3033,166.5979,2014,2013-03-26,2014-03-26,Pacific,25.94,,4.5,0.0,0.0,0.0,0.11528301886792451,1.15,0,False,0.0,0.0,0.2158,0.0,26.3557,0.0,0,,,,,2.0,3.0
6840,-22.3033,166.5979,2015,2014-02-26,2015-02-26,Pacific,29.689999999999998,,4.5,4.93,4.93,4.93,0.29245283018867924,2.77,0,False,0.0,0.0,0.538,0.0,15.6614,0.0,0,,,,,0.0,1.0
6841,-22.3008,166.4365,2014,2013-02-28,2014-02-28,Pacific,22.815,,4.0,0.0,0.0,0.0,0.16999999999999996,1.33,0,False,0.0,0.0,3.5484999999999998,0.0,52.244,0.0,0,,,,,3.0,3.0
6841,-22.3008,166.4365,2015,2014-03-18,2015-03-18,Pacific,31.875,,4.0,8.72,8.72,8.72,0.4422641509433963,2.98,14,False,0.538,0.0,2.2285,0.0,47.2215,0.0,1,,,,,1.0,1.0
6845,-22.2938,166.2965,2014,2013-02-21,2014-02-21,Pacific,22.5,,4.5,0.0,0.0,0.0,0.1969811320754717,1.38,0,False,3.3327,0.0,28.0138,0.0,71.9424,0.0,2,,,,,3.0,3.0
6845,-22.2938,166.2965,2015,2014-01-15,2015-01-15,Pacific,24.06,,4.5,0.15,0.15,0.15,0.2111320754716981,1.92,0,False,3.8125999999999998,0.0,23.1256,0.0,105.8305,0.0,3,,,,,1.0,1.0
6847,-22.2873,167.0368,2013,2012-02-25,2013-02-24,Pacific,15.315,,2.3,0.0,0.0,2.5500000000000003,0.5337735849056603,1.71,0,False,0.0,0.0,0.0,0.0,0.0,0.0,0,,,,,0.0,0.0
6847,-22.2873,167.0368,2014,2013-04-02,2014-04-02,Pacific,14.370000000000001,,2.3,0.77,0.77,0.77,0.7328301886792452,1.38,0,False,2.0008,0.0,15.6101,0.0,374.7792,0.0,1,,,,,0.0,0.0
6847,-22.2873,167.0368,2015,2014-03-25,2015-03-25,Pacific,13.125,,2.3,8.73,8.73,8.73,0.8049056603773586,2.28,21,False,0.0,0.0,11.4078,0.0,507.0146,0.0,0,,,,,0.0,0.0
6875,26.3295,56.4603,2013,2012-10-08,2013-10-08,Arabian Gulf,16.405,0.0,6.0,0.0,0.0,0.96,-0.07288461538461535,1.02,0,False,0.0,0.0,0.0,0.0,0.0,0.0,0,,,,,0.0,0.0
6884,20.3726,58.8059,2017,2016-05-27,2017-05-27,Indian,17.9675,0.0,8.0,0.0,0.0,2.95,0.2752830188679245,2.1,0,False,0.0,0.0,0.0,0.0,0.0,0.0,0,,,,,0.0,0.0
6885,22.6918,59.3804,2017,2016-04-15,2017-04-15,Indian,8.125,0.0,4.5,0.0,0.0,10.09,0.73188679245283,2.83,28,False,0.0,0.0,0.0,0.0,2.0008,0.0,0,,,,,0.0,0.0
6886,23.5226,58.7466,2017,2016-05-27,2017-05-27,Indian,7.19,0.0,6.0,0.0,0.0,4.91,0.33358490566037735,1.92,7,False,0.0,0.0,0.0,0.0,0.0,0.0,0,,,,,0.0,0.0
6887,23.6456,58.4998,2017,2016-01-31,2017-01-30,Indian,7.0325,0.0,4.0,0.0,0.0,3.86,0.3854716981132076,2.2,0,False,0.0,0.0,0.0,0.0,0.0,0.0,0,,,,,0.0,0.0
6888,23.6793,58.5015,2017,2016-01-30,2017-01-29,Indian,21.7175,0.0,7.75,0.0,0.0,3.47,0.3957692307692308,2.07,0,False,0.0,0.0,0.0,0.0,0.0,0.0,0,,,,,0.0,0.0
6889,23.6802,58.4995,2017,2016-01-30,2017-01-29,Indian,22.8125,0.0,7.75,0.0,0.0,3.3000000000000003,0.39634615384615385,2.11,0,False,0.0,0.0,0.0,0.0,0.0,0.0,0,,,,,0.0,0.0
6890,24.42,56.6738,2017,2016-01-12,2017-01-11,Arabian Gulf,37.1875,0.0,4.5,0.0,0.0,0.8200000000000001,0.3556603773584906,2.35,0,False,0.0,0.0,0.0,0.0,0.0,0.0,0,,,,,0.0,0.0
6892,26.0836,56.4242,2014,2013-10-28,2014-10-28,Arabian Gulf,33.44,0.0,4.0,0.0,0.0,0.0,0.07867924528301887,2.06,0,False,0.0,0.0,0.2341,0.2341,1053.1016,1053.1016,0,,,,,0.0,0.0
6894,26.0864,56.4286,2014,2013-10-31,2014-10-31,Arabian Gulf,30.619999999999997,0.0,6.0,0.0,0.0,0.0,0.060000000000000005,2.06,0,False,0.0,0.0,0.2341,0.2341,1053.1016,1053.1016,0,,,,,0.0,0.0
6895,26.0883,56.4678,2014,2013-10-31,2014-10-31,Arabian Gulf,8.44,0.0,8.0,0.0,0.0,0.0,0.06566037735849056,2.0,0,False,0.0,0.0,0.2341,0.2341,1117.4064,1117.4064,0,,,,,0.0,0.0
6897,26.1343,56.4733,2014,2013-10-29,2014-10-29,Arabian Gulf,34.375,0.0,6.5,0.0,0.0,0.0,0.08452830188679246,1.93,0,False,0.0,0.0,4.9639999999999995,4.9639999999999995,1117.4064,1117.4064,0,,,,,0.0,0.0
6900,26.1513,56.3809,2014,2013-10-30,2014-10-30,Arabian Gulf,17.19,0.0,8.0,0.0,0.0,0.0,0.059245283018867924,1.95,0,False,0.0,0.0,0.0,0.0,756.8558,756.8558,0,,,,,0.0,0.0
6902,26.1861,56.3877,2014,2013-10-30,2014-10-30,Arabian Gulf,1.25,0.0,6.5,0.0,0.0,0.0,0.059245283018867924,1.95,0,False,0.0,0.0,0.0,0.0,758.5635,758.5635,0,,,,,0.0,0.0
6915,26.3427,56.4696,2015,2014-10-30,2015-10-30,Arabian Gulf,31.405,0.0,5.5,1.25,1.25,1.25,0.3237735849056604,2.18,0,False,0.0,0.0,0.0,0.0,283.4348,283.4348,0,,,,,0.0,0.0
6916,26.3472,56.4808,2016,2015-10-27,2016-10-26,Arabian Gulf,27.655,0.0,4.25,0.64,0.64,0.8,0.3381132075471698,1.35,0,False,0.0,0.0,0.0,0.0,62.3767,62.3767,0,,,,,0.0,0.0
6917,26.3557,56.4991,2013,2012-10-09,2013-10-09,Arabian Gulf,29.0625,0.25,6.5,0.0,0.0,0.92,-0.07886792452830187,0.93,0,False,0.0,0.0,0.0,0.0,4.8991,4.8991,0,,,,,0.0,0.0
6918,26.3582,56.4981,2013,2012-10-09,2013-10-09,Arabian Gulf,20.78,0.0,7.0,0.0,0.0,0.92,-0.07886792452830187,0.93,0,False,0.0,0.0,0.0,0.0,4.8991,4.8991,0,,,,,0.0,0.0
6918,26.3582,56.4981,2015,2014-10-30,2015-10-30,Arabian Gulf,34.53,0.0,5.0,0.92,0.92,0.92,0.32301886792452833,2.13,0,False,0.0,0.0,0.0,0.0,283.4348,283.4348,0,,,,,0.0,0.0
6918,26.3582,56.4981,2016,2015-10-29,2016-10-28,Arabian Gulf,29.5325,0.125,5.5,0.47,0.47,0.76,0.3343396226415094,1.31,0,False,0.0,0.0,0.0,0.0,62.3767,62.3767,0,,,,,0.0,0.0
6919,26.3655,56.452,2013,2012-10-07,2013-10-07,Arabian Gulf,33.44,0.0,4.0,0.0,0.0,0.92,-0.07396226415094338,0.93,0,False,0.0,0.0,0.0,0.0,0.0,0.0,0,,,,,0.0,0.0
6919,26.3655,56.452,2013,2012-10-09,2013-10-09,Arabian Gulf,31.095,0.25,5.0,0.0,0.0,0.92,-0.07886792452830187,0.93,0,False,0.0,0.0,0.0,0.0,0.0,0.0,0,,,,,0.0,0.0
6919,26.3655,56.452,2016,2015-10-27,2016-10-26,Arabian Gulf,40.47,3.75,5.0,0.47,0.47,0.76,0.3343396226415094,1.31,0,False,0.0,0.0,0.0,0.0,40.1552,40.1552,0,,,,,0.0,0.0
6921,26.3683,56.5345,2015,2014-10-29,2015-10-29,Arabian Gulf,18.1225,0.125,5.5,1.29,1.29,1.29,0.3369811320754717,2.13,0,False,0.0,0.0,4.9191,4.9191,292.676,292.676,0,,,,,0.0,0.0
6923,26.3746,56.3891,2015,2014-10-28,2015-10-28,Arabian Gulf,21.4075,0.0,5.5,0.48,0.48,0.48,0.2358490566037736,2.02,0,False,0.0,0.0,0.0,0.0,112.65,112.65,0,,,,,0.0,0.0
6925,26.3755,56.3854,2013,2012-10-11,2013-10-11,Arabian Gulf,32.81,0.25,5.5,0.0,0.0,0.0,-0.13377358490566038,0.8,0,False,0.0,0.0,0.0,0.0,0.0,0.0,0,,,,,0.0,0.0
6925,26.3755,56.3854,2016,2015-10-28,2016-10-27,Arabian Gulf,23.75,0.0,5.25,0.0,0.0,0.48,0.27641509433962264,1.16,0,False,0.0,0.0,0.0,0.0,18.4431,18.4431,0,,,,,0.0,0.0
6926,26.3758,56.4164,2013,2012-10-07,2013-10-07,Arabian Gulf,45.31,0.5,4.0,0.0,0.0,0.15,-0.10150943396226411,0.81,0,False,0.0,0.0,0.0,0.0,0.0,0.0,0,,,,,0.0,0.0
6926,26.3758,56.4164,2013,2012-10-10,2013-10-10,Arabian Gulf,31.875,0.0,4.5,0.0,0.0,0.15,-0.10433962264150942,0.81,0,False,0.0,0.0,0.0,0.0,0.0,0.0,0,,,,,0.0,0.0
6926,26.3758,56.4164,2015,2014-10-28,2015-10-28,Arabian Gulf,36.25,0.125,5.5,0.6900000000000001,0.6900000000000001,0.6900000000000001,0.2830188679245283,2.09,0,False,0.0,0.0,0.0,0.0,203.4712,203.4712,0,,,,,0.0,0.0
6926,26.3758,56.4164,2016,2015-10-29,2016-10-28,Arabian Gulf,35.47,0.125,5.5,0.16,0.16,0.6900000000000001,0.310377358490566,1.25,0,False,0.0,0.0,0.0,0.0,37.1811,37.1811,0,,,,,0.0,0.0
6927,26.3766,56.4487,2016,2015-10-27,2016-10-26,Arabian Gulf,14.530000000000001,0.0,5.5,0.16,0.16,0.6900000000000001,0.310377358490566,1.25,0,False,0.0,0.0,0.0,0.0,37.1811,37.1811,0,,,,,0.0,0.0
6928,26.3819,56.4183,2013,2012-10-08,2013-10-08,Arabian Gulf,41.56,0.75,5.0,0.0,0.0,0.15,-0.11326923076923076,0.81,0,False,0.0,0.0,0.0,0.0,0.0,0.0,0,,,,,0.0,0.0
6928,26.3819,56.4183,2013,2012-10-10,2013-10-10,Arabian Gulf,30.78,0.25,6.5,0.0,0.0,0.15,-0.10433962264150942,0.81,0,False,0.0,0.0,0.0,0.0,0.0,0.0,0,,,,,0.0,0.0
6928,26.3819,56.4183,2016,2015-10-28,2016-10-27,Arabian Gulf,32.0325,0.0,5.4,0.16,0.16,0.6900000000000001,0.310377358490566,1.25,0,False,0.0,0.0,0.0,0.0,31.8114,31.8114,0,,,,,0.0,0.0
6930,26.3839,56.3994,2015,2014-10-29,2015-10-29,Arabian Gulf,20.3125,0.125,4.5,0.48,0.48,0.48,0.2358490566037736,2.02,0,False,0.0,0.0,0.0,0.0,112.65,112.65,0,,,,,0.0,0.0
6932,26.385,56.4208,2013,2012-10-11,2013-10-11,Arabian Gulf,9.530000000000001,0.25,6.5,0.0,0.0,0.15,-0.10433962264150942,0.81,0,False,0.0,0.0,0.0,0.0,0.0,0.0,0,,,,,0.0,0.0
7190,10.2859,124.0074,2017,2016-02-17,2017-02-16,Pacific,26.56,0.0,6.0,0.0,0.14,4.5,0.7471698113207548,1.59,7,False,0.0,0.0,0.0,0.0,0.0,0.0,0,,,,,0.0,0.0
7193,10.2899,124.0112,2017,2016-02-15,2017-02-14,Pacific,13.129999999999999,0.0,6.0,0.0,0.14,4.5,0.7471698113207548,1.59,7,False,0.0,0.0,0.0,0.0,0.0,0.0,0,,,,,0.0,0.0
7205,11.2369,119.357,2013,2012-04-30,2013-04-30,Pacific,15.315000000000001,1.5,5.0,0.0,0.0,0.0,0.032499999999999994,1.05,0,False,0.0,0.0,0.0,0.0,0.0,0.0,0,,,,,1.0,1.0
7205,11.2369,119.357,2014,2013-03-18,2014-03-18,Pacific,16.875,,3.3,0.0,0.0,0.92,0.24641509433962266,1.29,0,False,0.0,0.0,0.0,0.0,0.0,0.0,0,,,,,1.0,1.0
7206,12.3072,121.3622,2013,2012-06-23,2013-06-23,Pacific,14.6875,10.5,4.9,1.26,1.26,1.26,0.3349056603773584,1.53,0,False,0.0,0.0,0.0,0.0,0.0,0.0,0,,,,,0.0,0.0
7206,12.3072,121.3622,2016,2015-04-27,2016-04-26,Pacific,31.880000000000003,,8.3,0.0,0.0,1.78,0.5713207547169811,1.33,0,False,0.0,0.0,0.0,0.0,0.0,0.0,0,,,,,0.0,0.0
7283,9.0564,123.1084,2015,2014-02-28,2015-02-28,Pacific,17.34,0.25,6.5,0.0,0.0,0.0,0.12358490566037737,0.86,0,True,0.0,0.0,0.0,0.0,0.0,0.0,0,,,,,0.0,0.0
7284,9.0564,123.1362,2016,2015-06-23,2016-06-22,Pacific,22.967499999999998,0.0,7.5,0.0,0.0,0.0,0.09075471698113209,0.78,0,True,0.0,0.0,0.0,0.0,0.0,0.0,0,,,,,0.0,0.0
7285,9.0752,123.1647,2015,2014-03-03,2015-03-03,Pacific,12.1875,1.0,7.5,0.0,0.0,0.0,0.170188679245283,0.9,0,False,0.0,0.0,0.0,0.0,0.0,0.0,0,,,,,0.0,0.0
7286,9.1074,123.2086,2016,2015-07-09,2016-07-08,Pacific,3.435,0.0,7.5,0.3,0.3,0.3,0.1718867924528302,0.87,0,False,0.0,0.0,0.0,0.0,0.0,0.0,0,,,,,0.0,0.0
7287,9.1817,123.2583,2014,2013-12-14,2014-12-14,Pacific,11.405,0.625,7.0,0.0,0.0,0.0,0.24509433962264152,0.97,0,False,0.0,0.0,0.0,0.0,0.0,0.0,0,,,,,0.0,0.0
7296,9.7177,118.7504,2013,2012-02-24,2013-02-23,Pacific,16.875,0.0,5.0,0.0,0.0,0.2,0.27339622641509437,1.28,0,False,0.0,0.0,0.0,0.0,0.0,0.0,0,,,,,0.0,0.0
7303,9.8948,123.7667,2014,2013-07-24,2014-07-24,Pacific,16.564999999999998,0.0,10.0,1.63,1.63,1.63,0.30811320754716975,1.43,0,False,0.0,0.0,0.0,0.0,0.0,0.0,0,,,,,0.0,1.0
7376,10.2494,123.9716,2017,2016-02-17,2017-02-16,Pacific,20.939999999999998,0.0,7.0,0.0,0.0,4.12,0.7371698113207545,1.56,7,False,0.0,0.0,0.0,0.0,0.0,0.0,0,,,,,0.0,0.0
7415,10.2994,124.0177,2017,2016-02-15,2017-02-14,Pacific,11.565,0.0,7.0,0.0,0.14,4.5,0.7471698113207548,1.59,7,False,0.0,0.0,0.0,0.0,0.0,0.0,0,,,,,0.0,0.0
7420,10.3116,124.0241,2017,2016-02-15,2017-02-14,Pacific,11.875,0.0,5.0,0.0,0.14,4.51,0.7452830188679247,1.66,7,False,0.0,0.0,0.0,0.0,0.0,0.0,0,,,,,0.0,0.0
7420,10.3116,124.0241,2017,2016-02-19,2017-02-18,Pacific,11.405000000000001,0.0,9.25,0.0,0.14,4.51,0.7452830188679247,1.66,7,False,0.0,0.0,0.0,0.0,0.0,0.0,0,,,,,0.0,0.0
7420,10.3116,124.0241,2017,2016-03-06,2017-03-06,Pacific,7.1875,0.0,8.0,0.0,0.0,4.51,0.7256603773584908,1.66,7,False,0.0,0.0,0.0,0.0,0.0,0.0,0,,,,,0.0,0.0
7443,10.9249,119.3379,2013,2012-03-08,2013-03-08,Pacific,31.4075,0.0,6.5,0.0,0.0,0.15,-0.011698113207547173,0.96,0,False,0.0,0.0,0.0,0.0,0.0,0.0,0,,,,,0.0,1.0
7443,10.9249,119.3379,2013,2012-05-05,2013-05-05,Pacific,37.81,0.0,4.5,0.0,0.0,0.15,0.08037735849056603,1.2,0,False,0.0,0.0,0.0,0.0,0.0,0.0,0,,,,,0.0,1.0
7444,10.9249,119.3379,2014,2013-03-12,2014-03-12,Pacific,36.875,0.75,4.5,0.0,0.0,0.14,0.25698113207547174,1.2,0,False,0.0,0.0,0.0,0.0,0.0,0.0,0,,,,,0.0,1.0
7444,10.9249,119.3379,2016,2015-04-22,2016-04-21,Pacific,34.375,0.0,6.0,0.0,0.0,1.79,0.23207547169811316,1.1,0,False,0.0,0.0,0.0,0.0,0.0,0.0,0,,,,,0.0,0.0
7445,10.9812,119.2983,2013,2012-05-04,2013-05-04,Pacific,40.155,0.375,6.25,0.0,0.0,0.14,0.036792452830188685,1.14,0,False,0.0,0.0,0.0,0.0,0.0,0.0,0,,,,,1.0,1.0
7445,10.9812,119.2983,2014,2013-03-12,2014-03-12,Pacific,35.625,0.0,5.0,0.0,0.0,0.14,0.24113207547169813,1.19,0,False,0.0,0.0,0.0,0.0,0.0,0.0,0,,,,,1.0,1.0
7445,10.9812,119.2983,2016,2015-04-21,2016-04-20,Pacific,31.880000000000003,1.75,6.0,0.0,0.0,2.15,0.1445283018867925,1.11,0,False,0.0,0.0,0.0,0.0,0.0,0.0,0,,,,,0.0,0.0
7448,10.9862,119.3074,2013,2012-05-05,2013-05-05,Pacific,40.3125,3.125,7.5,0.0,0.0,0.0,0.047924528301886794,1.12,0,False,0.0,0.0,0.0,0.0,0.0,0.0,0,,,,,1.0,1.0
7448,10.9862,119.3074,2014,2013-03-11,2014-03-11,Pacific,36.25,0.0,5.0,0.0,0.0,0.14,0.24056603773584906,1.2,0,False,0.0,0.0,0.0,0.0,0.0,0.0,0,,,,,1.0,1.0
7448,10.9862,119.3074,2016,2015-04-21,2016-04-20,Pacific,42.815,0.0,5.0,0.0,0.0,1.94,0.15660377358490565,1.08,0,False,0.0,0.0,0.0,0.0,0.0,0.0,0,,,,,0.0,0.0
7450,10.9897,119.2969,2013,2012-05-04,2013-05-04,Pacific,37.185,6.375,6.0,0.0,0.0,0.14,0.036792452830188685,1.14,0,False,0.0,0.0,0.0,0.0,0.0,0.0,0,,,,,1.0,1.0
7450,10.9897,119.2969,2014,2013-03-13,2014-03-13,Pacific,40.0,2.0,5.0,0.0,0.0,0.14,0.21339622641509434,1.19,0,False,0.0,0.0,0.0,0.0,0.0,0.0,0,,,,,1.0,1.0
7450,10.9897,119.2969,2016,2015-04-21,2016-04-20,Pacific,35.0,0.0,6.5,0.0,0.0,2.15,0.1445283018867925,1.11,0,False,0.0,0.0,0.0,0.0,0.0,0.0,0,,,,,0.0,0.0
7455,10.9922,119.3011,2013,2012-05-03,2013-05-03,Pacific,35.7825,3.5,6.25,0.0,0.0,0.0,0.047924528301886794,1.12,0,False,0.0,0.0,0.0,0.0,0.0,0.0,0,,,,,1.0,1.0
7455,10.9922,119.3011,2014,2013-03-13,2014-03-13,Pacific,31.56,7.0,5.0,0.0,0.0,0.14,0.21358490566037744,1.2,0,False,0.0,0.0,0.0,0.0,0.0,0.0,0,,,,,1.0,1.0
7455,10.9922,119.3011,2016,2015-04-21,2016-04-20,Pacific,33.435,0.25,4.5,0.0,0.0,1.94,0.15660377358490565,1.08,0,False,0.0,0.0,0.0,0.0,0.0,0.0,0,,,,,0.0,0.0
7461,11.016,119.3093,2013,2012-05-06,2013-05-06,Pacific,12.5,0.0,3.0,0.0,0.0,0.0,0.05000000000000001,1.11,0,False,0.0,0.0,0.0,0.0,0.0,0.0,0,,,,,1.0,1.0
7461,11.016,119.3093,2014,2013-03-15,2014-03-15,Pacific,21.565,7.0,3.0,0.0,0.0,0.44,0.2177358490566038,1.22,0,False,0.0,0.0,0.0,0.0,0.0,0.0,0,,,,,1.0,1.0
7461,11.016,119.3093,2016,2015-04-21,2016-04-20,Pacific,32.5,0.0,3.0,0.0,0.0,2.25,0.14622641509433962,1.09,0,False,0.0,0.0,0.0,0.0,0.0,0.0,0,,,,,0.0,0.0
7475,11.1436,119.3087,2013,2012-04-28,2013-04-28,Pacific,23.9075,0.0,6.0,0.0,0.0,0.0,0.03849056603773584,1.07,0,False,0.0,0.0,0.0,0.0,0.0,0.0,0,,,,,1.0,1.0
7475,11.1436,119.3087,2014,2013-03-19,2014-03-19,Pacific,31.72,3.875,5.5,0.0,0.0,0.45,0.22999999999999998,1.25,0,False,0.0,0.0,0.0,0.0,0.0,0.0,0,,,,,1.0,1.0
7480,11.1722,119.3813,2013,2012-01-06,2013-01-05,Pacific,16.565,0.0,4.5,0.0,0.0,0.0,0.03849056603773585,0.96,0,False,0.0,0.0,0.0,0.0,0.0,0.0,0,,,,,1.0,1.0
7480,11.1722,119.3813,2014,2013-03-18,2014-03-18,Pacific,30.625,1.5,5.0,0.0,0.0,0.76,0.23603773584905663,1.29,0,False,0.0,0.0,0.0,0.0,0.0,0.0,0,,,,,1.0,1.0
7481,11.1774,119.3749,2013,2012-01-06,2013-01-05,Pacific,13.44,0.75,4.5,0.0,0.0,0.0,0.03849056603773585,0.96,0,False,0.0,0.0,0.0,0.0,0.0,0.0,0,,,,,1.0,1.0
7481,11.1774,119.3749,2014,2013-03-19,2014-03-19,Pacific,30.314999999999998,1.5,5.0,0.0,0.0,0.76,0.23603773584905663,1.29,0,False,0.0,0.0,0.0,0.0,0.0,0.0,0,,,,,1.0,1.0
7490,11.1916,119.3917,2013,2012-05-02,2013-05-02,Pacific,24.69,0.0,5.0,0.0,0.0,0.0,0.050188679245283016,1.13,0,False,0.0,0.0,0.0,0.0,0.0,0.0,0,,,,,1.0,1.0
7490,11.1916,119.3917,2014,2013-03-17,2014-03-17,Pacific,18.435,0.0,3.7,0.0,0.0,0.76,0.23603773584905663,1.29,0,False,0.0,0.0,0.0,0.0,0.0,0.0,0,,,,,1.0,1.0
7491,11.1955,119.395,2013,2012-04-29,2013-04-29,Pacific,17.81,1.5,4.0,0.0,0.0,0.0,0.03849056603773585,1.04,0,False,0.0,0.0,0.0,0.0,0.0,0.0,0,,,,,1.0,1.0
7491,11.1955,119.395,2014,2013-03-17,2014-03-17,Pacific,25.935,0.75,3.0,0.0,0.0,0.76,0.23603773584905663,1.29,0,False,0.0,0.0,0.0,0.0,0.0,0.0,0,,,,,1.0,1.0
7496,11.2101,119.3774,2013,2012-04-30,2013-04-30,Pacific,16.875,0.0,4.5,0.0,0.0,0.0,0.032499999999999994,1.05,0,False,0.0,0.0,0.0,0.0,0.0,0.0,0,,,,,1.0,1.0
7496,11.2101,119.3774,2014,2013-03-18,2014-03-18,Pacific,25.314999999999998,0.75,3.0,0.0,0.0,0.92,0.24641509433962266,1.29,0,False,0.0,0.0,0.0,0.0,0.0,0.0,0,,,,,1.0,1.0
7505,11.2275,119.3642,2013,2012-03-15,2013-03-15,Pacific,14.685,1.5,5.5,0.0,0.0,0.0,-0.02547169811320754,0.91,0,False,0.0,0.0,0.0,0.0,0.0,0.0,0,,,,,1.0,1.0
7505,11.2275,119.3642,2014,2013-03-19,2014-03-19,Pacific,18.75,7.0,3.0,0.0,0.0,0.92,0.24641509433962266,1.29,0,False,0.0,0.0,0.0,0.0,0.0,0.0,0,,,,,1.0,1.0
7505,11.2275,119.3642,2015,2014-09-25,2015-09-25,Pacific,12.5,4.0,5.2,0.66,2.64,2.64,0.16716981132075473,1.34,0,False,0.0,0.0,0.0,0.0,0.0,0.0,0,,,,,1.0,1.0
7508,11.2618,119.6764,2013,2012-05-09,2013-05-09,Pacific,30.935,12.5,5.0,0.0,0.0,0.0,0.1490566037735849,1.36,0,False,0.0,0.0,0.0,0.0,0.0,0.0,0,,,,,0.0,1.0
7508,11.2618,119.6764,2014,2013-03-30,2014-03-30,Pacific,30.935,15.75,5.0,0.0,0.0,0.77,0.24169811320754714,1.36,0,False,0.0,0.0,0.0,0.0,0.0,0.0,0,,,,,0.0,1.0
7508,11.2618,119.6764,2015,2014-04-14,2015-04-14,Pacific,31.25,0.75,5.0,0.0,0.0,1.35,0.20226415094339623,1.24,0,False,0.0,0.0,0.0,0.0,0.0,0.0,0,,,,,0.0,1.0
7508,11.2618,119.6764,2016,2015-03-22,2016-03-21,Pacific,31.565,0.0,5.0,0.0,0.0,2.26,0.3171698113207548,1.31,0,False,0.0,0.0,0.0,0.0,0.0,0.0,0,,,,,0.0,0.0
7509,11.2618,119.7001,2013,2012-05-07,2013-05-07,Pacific,30.630000000000003,0.0,3.0,0.0,0.0,0.0,0.13961538461538459,1.39,0,False,0.0,0.0,0.0,0.0,0.0,0.0,0,,,,,0.0,1.0
7509,11.2618,119.7001,2014,2013-03-30,2014-03-30,Pacific,34.065,0.5,5.0,0.0,0.0,0.94,0.2539622641509434,1.39,0,False,0.0,0.0,0.0,0.0,0.0,0.0,0,,,,,0.0,1.0
7509,11.2618,119.7001,2015,2014-04-15,2015-04-15,Pacific,25.935,0.0,5.0,0.0,0.0,1.53,0.21339622641509437,1.29,0,False,0.0,0.0,0.0,0.0,0.0,0.0,0,,,,,0.0,1.0
7509,11.2618,119.7001,2016,2015-03-22,2016-03-21,Pacific,19.69,0.0,5.0,0.0,0.0,2.14,0.33716981132075474,1.37,0,False,0.0,0.0,0.0,0.0,0.0,0.0,0,,,,,0.0,0.0
7510,11.268,119.6643,2013,2012-05-08,2013-05-08,Pacific,30.619999999999997,0.0,5.0,0.0,0.0,0.0,0.1490566037735849,1.36,0,False,0.0,0.0,0.0,0.0,0.0,0.0,0,,,,,0.0,1.0
7510,11.268,119.6643,2014,2013-03-29,2014-03-29,Pacific,26.25,4.75,6.0,0.0,0.0,0.77,0.24169811320754714,1.36,0,False,0.0,0.0,0.0,0.0,0.0,0.0,0,,,,,0.0,1.0
7510,11.268,119.6643,2015,2014-04-14,2015-04-14,Pacific,21.25,0.0,6.0,0.0,0.0,1.35,0.20226415094339623,1.24,0,False,0.0,0.0,0.0,0.0,0.0,0.0,0,,,,,0.0,1.0
7510,11.268,119.6643,2016,2015-03-22,2016-03-21,Pacific,25.310000000000002,0.0,6.0,0.0,0.0,2.26,0.3171698113207548,1.31,0,False,0.0,0.0,0.0,0.0,0.0,0.0,0,,,,,0.0,0.0
7520,11.3126,119.6647,2013,2012-05-08,2013-05-08,Pacific,28.44,0.75,5.0,0.0,0.0,0.0,0.13415094339622644,1.36,0,False,0.0,0.0,0.0,0.0,0.0,0.0,0,,,,,0.0,1.0
7520,11.3126,119.6647,2014,2013-03-29,2014-03-29,Pacific,26.565,0.0,5.0,0.0,0.0,0.78,0.2415094339622642,1.36,0,False,0.0,0.0,0.0,0.0,0.0,0.0,0,,,,,0.0,1.0
7520,11.3126,119.6647,2015,2014-04-15,2015-04-15,Pacific,21.25,0.0,5.0,0.0,0.0,1.53,0.18886792452830192,1.28,0,False,0.0,0.0,0.0,0.0,0.0,0.0,0,,,,,0.0,1.0
7525,11.3219,124.1078,2015,2014-10-05,2015-10-05,Pacific,21.87,0.0,3.5,0.15,0.6900000000000001,0.6900000000000001,0.1526415094339623,1.52,0,False,0.0,0.0,0.0,0.0,0.0,0.0,0,,,,,0.0,0.0
7534,11.3343,124.1252,2015,2014-10-05,2015-10-05,Pacific,20.31,0.0,4.0,0.15,0.6900000000000001,0.6900000000000001,0.1526415094339623,1.52,0,False,0.0,0.0,0.0,0.0,0.0,0.0,0,,,,,0.0,0.0
7535,11.3344,124.1244,2015,2014-10-27,2015-10-27,Pacific,24.685,0.0,3.2,0.0,0.6900000000000001,0.6900000000000001,0.16584905660377358,1.52,0,False,0.0,0.0,0.0,0.0,0.0,0.0,0,,,,,0.0,0.0
7536,11.3351,124.1093,2016,2015-08-11,2016-08-10,Pacific,19.37,3.5,9.0,4.57,4.57,4.57,0.6800000000000003,1.46,0,False,0.0,0.0,0.0,0.0,0.0,0.0,0,,,,,2.0,2.0
7543,11.4836,119.8804,2013,2012-05-10,2013-05-10,Pacific,37.81,2.25,5.0,0.15,0.15,0.15,0.14150943396226415,1.43,0,False,0.0,0.0,0.0,0.0,0.0,0.0,0,,,,,0.0,0.0
7543,11.4836,119.8804,2014,2013-03-28,2014-03-28,Pacific,33.44,8.5,5.0,0.0,0.0,1.76,0.28867924528301886,1.43,0,False,0.0,0.0,0.0,0.0,0.0,0.0,0,,,,,0.0,0.0
7543,11.4836,119.8804,2015,2014-04-13,2015-04-13,Pacific,32.815,0.75,5.0,0.0,0.0,2.93,0.21566037735849058,1.4,0,False,0.0,0.0,0.0,0.0,0.0,0.0,0,,,,,0.0,0.0
7543,11.4836,119.8804,2016,2015-03-21,2016-03-20,Pacific,31.565,0.0,5.0,0.0,0.0,2.85,0.34773584905660376,1.6,0,False,0.0,0.0,0.0,0.0,0.0,0.0,0,,,,,0.0,0.0
7544,11.4887,119.8828,2013,2012-05-10,2013-05-10,Pacific,36.56,1.5,4.0,0.15,0.15,0.15,0.14150943396226415,1.43,0,False,0.0,0.0,0.0,0.0,0.0,0.0,0,,,,,0.0,0.0
7544,11.4887,119.8828,2014,2013-03-28,2014-03-28,Pacific,37.81,15.25,3.0,0.0,0.0,1.76,0.28867924528301886,1.43,0,False,0.0,0.0,0.0,0.0,0.0,0.0,0,,,,,0.0,0.0
7544,11.4887,119.8828,2016,2015-03-21,2016-03-20,Pacific,37.5,0.0,3.0,0.0,0.0,2.85,0.34773584905660376,1.6,0,False,0.0,0.0,0.0,0.0,0.0,0.0,0,,,,,0.0,0.0
7545,11.4912,119.8741,2013,2012-03-15,2013-03-15,Pacific,23.125,0.0,4.7,0.0,0.0,0.0,0.059245283018867924,1.21,0,False,0.0,0.0,0.0,0.0,0.0,0.0,0,,,,,0.0,0.0
7546,11.4959,119.8735,2013,2012-05-09,2013-05-09,Pacific,34.37,20.0,5.0,0.15,0.15,0.15,0.14150943396226415,1.43,0,False,0.0,0.0,0.0,0.0,0.0,0.0,0,,,,,0.0,0.0
7546,11.4959,119.8735,2014,2013-03-27,2014-03-27,Pacific,30.625,4.75,5.0,0.0,0.0,1.76,0.28867924528301886,1.43,0,False,0.0,0.0,0.0,0.0,0.0,0.0,0,,,,,0.0,0.0
7546,11.4959,119.8735,2015,2014-04-13,2015-04-13,Pacific,33.75,0.0,5.0,0.0,0.0,2.93,0.21566037735849058,1.4,0,False,0.0,0.0,0.0,0.0,0.0,0.0,0,,,,,0.0,0.0
7546,11.4959,119.8735,2016,2015-03-21,2016-03-20,Pacific,31.875,0.0,5.0,0.0,0.0,2.85,0.34773584905660376,1.6,0,False,0.0,0.0,0.0,0.0,0.0,0.0,0,,,,,0.0,0.0
7556,11.7525,120.1365,2013,2012-02-29,2013-02-28,Pacific,25.935,0.0,5.0,0.0,0.0,0.0,0.08377358490566035,1.11,0,False,0.0,0.0,0.0,0.0,0.0,0.0,0,,,,,0.0,0.0
7556,11.7525,120.1365,2014,2013-06-07,2014-06-07,Pacific,16.564999999999998,9.0,5.0,3.4,3.4,3.4,0.25113207547169814,1.54,0,False,0.0,0.0,0.0,0.0,0.0,0.0,0,,,,,0.0,0.0
7558,11.7557,120.1426,2013,2012-05-25,2013-05-25,Pacific,33.75,5.75,4.5,0.85,0.85,0.85,0.19339622641509438,1.49,0,False,0.0,0.0,0.0,0.0,0.0,0.0,0,,,,,0.0,0.0
7558,11.7557,120.1426,2014,2013-06-06,2014-06-06,Pacific,23.130000000000003,3.25,5.0,3.4,3.4,3.4,0.25113207547169814,1.54,0,False,0.0,0.0,0.0,0.0,0.0,0.0,0,,,,,0.0,0.0
7559,11.7648,120.1339,2013,2012-02-29,2013-02-28,Pacific,36.56,0.0,5.0,0.0,0.0,0.0,0.08377358490566035,1.11,0,False,0.0,0.0,0.0,0.0,0.0,0.0,0,,,,,0.0,0.0
7559,11.7648,120.1339,2014,2013-06-07,2014-06-07,Pacific,25.0,16.0,5.0,3.4,3.4,3.4,0.25113207547169814,1.54,0,False,0.0,0.0,0.0,0.0,0.0,0.0,0,,,,,0.0,0.0
7562,11.7702,120.1373,2013,2012-05-26,2013-05-26,Pacific,27.5,5.25,5.0,0.85,0.85,0.85,0.19339622641509438,1.49,0,False,0.0,0.0,0.0,0.0,0.0,0.0,0,,,,,0.0,0.0
7562,11.7702,120.1373,2014,2013-06-06,2014-06-06,Pacific,19.37,1.5,5.0,3.4,3.4,3.4,0.25113207547169814,1.54,0,False,0.0,0.0,0.0,0.0,0.0,0.0,0,,,,,0.0,0.0
7580,11.9099,120.0519,2013,2012-02-28,2013-02-27,Pacific,41.565,0.0,5.0,0.0,0.0,0.0,0.06773584905660378,1.0,0,False,0.0,0.0,0.0,0.0,0.0,0.0,0,,,,,0.0,0.0
7580,11.9099,120.0519,2014,2013-06-05,2014-06-05,Pacific,19.689999999999998,0.0,5.5,3.15,3.15,3.15,0.2369811320754717,1.38,0,False,0.0,0.0,0.0,0.0,0.0,0.0,0,,,,,0.0,0.0
7581,11.9135,120.0367,2013,2012-02-28,2013-02-27,Pacific,40.94,0.0,5.0,0.0,0.0,0.0,0.0560377358490566,0.97,0,False,0.0,0.0,0.0,0.0,0.0,0.0,0,,,,,0.0,0.0
7581,11.9135,120.0367,2013,2012-03-01,2013-03-01,Pacific,30.935,0.0,5.0,0.0,0.0,0.0,0.0560377358490566,0.97,0,False,0.0,0.0,0.0,0.0,0.0,0.0,0,,,,,0.0,0.0
7581,11.9135,120.0367,2014,2013-05-06,2014-05-06,Pacific,38.75,12.25,5.0,0.0,0.0,2.25,0.2309433962264151,1.54,0,False,0.0,0.0,0.0,0.0,0.0,0.0,0,,,,,0.0,0.0
7582,11.9635,120.178,2013,2012-05-24,2013-05-24,Pacific,34.06,29.25,5.0,0.8300000000000001,0.8300000000000001,0.8300000000000001,0.16716981132075473,1.54,0,False,0.0,0.0,0.0,0.0,0.0,0.0,0,,,,,0.0,0.0
7582,11.9635,120.178,2014,2013-04-06,2014-04-06,Pacific,15.625,11.0,7.0,0.0,0.0,2.27,0.29698113207547167,1.54,0,False,0.0,0.0,0.0,0.0,0.0,0.0,0,,,,,0.0,0.0
7582,11.9635,120.178,2015,2014-10-12,2015-10-12,Pacific,26.875,0.75,7.0,0.0,2.99,2.99,0.32943396226415095,1.53,0,False,0.0,0.0,0.0,0.0,0.0,0.0,0,,,,,0.0,0.0
7583,11.9644,120.1823,2013,2012-05-24,2013-05-24,Pacific,36.870000000000005,34.5,5.0,0.8300000000000001,0.8300000000000001,0.8300000000000001,0.16716981132075473,1.54,0,False,0.0,0.0,0.0,0.0,0.0,0.0,0,,,,,0.0,0.0
7583,11.9644,120.1823,2014,2013-04-06,2014-04-06,Pacific,25.94,2.75,5.0,0.0,0.0,2.27,0.29698113207547167,1.54,0,False,0.0,0.0,0.0,0.0,0.0,0.0,0,,,,,0.0,0.0
7583,11.9644,120.1823,2015,2014-10-12,2015-10-12,Pacific,19.69,0.0,5.0,0.0,2.99,2.99,0.32943396226415095,1.53,0,False,0.0,0.0,0.0,0.0,0.0,0.0,0,,,,,0.0,0.0
7584,11.9651,121.9067,2013,2012-03-17,2013-03-17,Pacific,12.81,0.0,6.0,0.0,0.0,0.32,0.18622641509433968,1.45,0,False,0.0,0.0,0.0,0.0,0.0,0.0,0,,,,,0.0,0.0
7587,11.9807,121.9028,2016,2015-02-26,2016-02-26,Pacific,26.869999999999997,0.0,6.4,0.0,0.0,2.63,0.37415094339622645,1.4,0,False,0.0,0.0,0.0,0.0,0.0,0.0,0,,,,,0.0,0.0
7587,11.9807,121.9028,2016,2015-03-06,2016-03-05,Pacific,30.315,0.0,6.4,0.0,0.0,2.63,0.37867924528301894,1.4,0,False,0.0,0.0,0.0,0.0,0.0,0.0,0,,,,,0.0,0.0
7594,12.214,121.2795,2013,2012-06-25,2013-06-25,Pacific,33.435,0.0,4.0,0.66,0.66,0.66,0.24250000000000002,1.39,0,False,0.0,0.0,0.0,0.0,0.0,0.0,0,,,,,0.0,0.0
7595,12.2429,121.2824,2013,2012-06-25,2013-06-25,Pacific,30.31,29.75,6.65,0.66,0.66,0.66,0.24250000000000002,1.39,0,False,0.0,0.0,0.0,0.0,0.0,0.0,0,,,,,0.0,0.0
7596,12.2633,121.3872,2013,2012-06-26,2013-06-26,Pacific,25.155,20.125,7.4,0.67,0.67,1.1,0.32377358490566044,1.49,0,False,0.0,0.0,0.0,0.0,0.0,0.0,0,,,,,0.0,0.0
7597,12.2656,121.2746,2013,2012-06-24,2013-06-24,Pacific,38.75,22.25,5.1,0.65,0.65,0.77,0.25283018867924534,1.41,0,False,0.0,0.0,0.0,0.0,0.0,0.0,0,,,,,0.0,0.0
7598,12.3173,121.3587,2013,2012-06-24,2013-06-24,Pacific,15.0,22.75,4.7,1.26,1.26,1.26,0.3349056603773584,1.53,0,False,0.0,0.0,0.0,0.0,0.0,0.0,0,,,,,0.0,0.0
7599,12.3829,121.4523,2013,2012-06-26,2013-06-26,Pacific,19.685,72.0,4.0,1.92,1.92,1.92,0.3637735849056604,1.57,0,False,0.0,0.0,0.0,0.0,0.0,0.0,0,,,,,0.0,0.0
7600,12.5316,124.1052,2013,2012-05-17,2013-05-17,Pacific,27.81,4.5,5.0,0.0,0.0,0.16,0.39339622641509436,1.51,0,False,0.0,0.0,0.0,0.0,0.0,0.0,0,,,,,0.0,1.0
7601,12.5478,124.1188,2013,2012-09-11,2013-09-11,Pacific,30.619999999999997,4.5,4.5,0.0,0.14,0.14,0.44075471698113206,1.51,0,False,0.0,0.0,0.0,0.0,0.0,0.0,0,,,,,0.0,1.0
7604,13.2153,120.5278,2016,2015-06-13,2016-06-12,Pacific,15.3125,3.625,6.75,4.64,4.64,4.64,0.6275471698113209,1.56,7,False,0.0,0.0,0.0,0.0,0.0,0.0,0,,,,,0.0,0.0
7612,13.4779,120.9717,2014,2013-04-23,2014-04-23,Pacific,21.25,1.5,12.0,0.0,0.0,1.32,0.11962264150943396,1.44,0,False,0.0,0.0,0.0,0.0,0.0,0.0,0,,,,,0.0,1.0
7612,13.4779,120.9717,2016,2015-05-07,2016-05-06,Pacific,16.564999999999998,0.0,3.8,0.0,0.0,0.91,0.2639622641509434,1.27,0,False,0.0,0.0,0.0,0.0,0.0,0.0,0,,,,,4.0,6.0
7613,13.481,120.9711,2014,2013-04-23,2014-04-23,Pacific,17.185,0.0,3.8,0.0,0.0,1.32,0.11962264150943396,1.44,0,False,0.0,0.0,0.0,0.0,0.0,0.0,0,,,,,0.0,1.0
7615,13.514,120.9608,2014,2013-04-22,2014-04-22,Pacific,21.25,1.5,4.8,0.0,0.0,1.28,0.11773584905660377,1.42,0,False,0.0,0.0,0.0,0.0,0.0,0.0,0,,,,,1.0,1.0
7615,13.514,120.9608,2016,2015-05-07,2016-05-06,Pacific,25.0,0.0,6.5,0.0,0.0,0.62,0.27056603773584903,1.26,0,False,0.0,0.0,0.0,0.0,0.0,0.0,0,,,,,6.0,6.0
7617,13.5197,120.9553,2013,2012-02-24,2013-02-23,Pacific,30.314999999999998,0.0,4.75,0.0,0.0,0.15,0.10226415094339622,0.88,0,False,0.0,0.0,0.0,0.0,0.0,0.0,0,,,,,6.0,9.0
7617,13.5197,120.9553,2014,2013-04-22,2014-04-22,Pacific,31.56,0.75,5.0,0.0,0.0,1.28,0.11773584905660377,1.42,0,False,0.0,0.0,0.0,0.0,0.0,0.0,0,,,,,1.0,1.0
7620,13.5226,120.9856,2014,2013-04-23,2014-04-23,Pacific,12.3425,0.375,8.5,0.0,0.0,1.28,0.11773584905660377,1.42,0,False,0.0,0.0,0.0,0.0,0.0,0.0,0,,,,,1.0,1.0
7628,13.6592,122.7921,2014,2013-10-26,2014-10-26,Pacific,22.185,5.0,6.0,0.0,6.69,6.69,0.27207547169811325,1.76,21,False,0.0,0.0,0.0,0.0,0.0,0.0,0,,,,,0.0,0.0
7629,13.6642,120.8686,2014,2013-03-28,2014-03-28,Pacific,44.375,0.0,5.0,0.0,0.0,0.47,0.1550943396226415,1.31,0,False,0.0,0.0,0.0,0.0,0.0,0.0,0,,,,,1.0,2.0
7630,13.6882,120.8413,2014,2013-03-29,2014-03-29,Pacific,32.5,1.5,4.0,0.0,0.0,0.48,0.1533962264150943,1.31,0,False,0.0,0.0,0.0,0.0,0.0,0.0,0,,,,,1.0,2.0
7631,13.6906,120.8891,2014,2013-05-15,2014-05-15,Pacific,17.5,0.0,5.0,0.0,0.0,0.47,0.039622641509433974,1.31,0,False,0.0,0.0,0.0,0.0,0.0,0.0,0,,,,,1.0,2.0
7631,13.6906,120.8891,2017,2016-01-27,2017-01-26,Pacific,9.375,0.0,6.0,0.0,0.0,2.4,0.4333962264150944,1.34,0,False,0.0,0.0,0.0,0.0,0.0,0.0,0,,,,,7.0,7.0
7633,13.708,120.8743,2013,2012-04-06,2013-04-06,Pacific,18.595,1.0,6.5,0.0,0.0,0.14,0.0820754716981132,0.9,0,False,0.0,0.0,0.0,0.0,0.0,0.0,0,,,,,9.0,9.0
7635,13.7178,120.8725,2013,2012-04-20,2013-04-20,Pacific,29.22,2.0,6.5,0.0,0.0,0.14,0.09226415094339623,0.95,0,False,0.0,0.0,0.0,0.0,0.0,0.0,0,,,,,9.0,9.0
7635,13.7178,120.8725,2013,2012-12-20,2013-12-20,Pacific,32.655,0.375,6.5,0.0,0.0,0.47,0.25943396226415094,1.3,0,False,0.0,0.0,0.0,0.0,0.0,0.0,0,,,,,9.0,9.0
7635,13.7178,120.8725,2017,2016-01-27,2017-01-26,Pacific,19.69,0.0,4.5,0.0,0.0,2.29,0.4543396226415095,1.35,0,False,0.0,0.0,0.0,0.0,0.0,0.0,0,,,,,6.0,7.0
7636,13.7244,120.8804,2017,2016-01-26,2017-01-25,Pacific,27.81,0.0,5.3,0.0,0.0,2.29,0.4543396226415095,1.35,0,False,0.0,0.0,0.0,0.0,0.0,0.0,0,,,,,6.0,7.0
7637,13.7282,120.8838,2014,2013-05-15,2014-05-15,Pacific,29.369999999999997,0.0,5.0,0.0,0.0,0.47,0.05981132075471699,1.3,0,False,0.0,0.0,0.0,0.0,0.0,0.0,0,,,,,1.0,2.0
7637,13.7282,120.8838,2017,2016-01-26,2017-01-25,Pacific,24.69,0.0,5.0,0.0,0.0,2.29,0.4543396226415095,1.35,0,False,0.0,0.0,0.0,0.0,0.0,0.0,0,,,,,5.0,7.0
7638,13.7335,122.8289,2014,2013-10-25,2014-10-25,Pacific,8.75,0.0,6.0,0.0,6.69,6.69,0.2664150943396226,1.76,21,False,0.0,0.0,0.0,0.0,0.0,0.0,0,,,,,0.0,0.0
7644,13.8034,120.9116,2014,2013-05-14,2014-05-14,Pacific,35.0,0.0,5.0,0.0,0.0,0.47,0.08433962264150946,1.29,0,False,0.0,0.0,0.0,0.0,0.0,0.0,0,,,,,1.0,2.0
7645,13.8139,120.9085,2014,2013-05-14,2014-05-14,Pacific,32.815,0.0,5.0,0.0,0.0,0.47,0.08433962264150946,1.29,0,False,0.0,0.0,0.0,0.0,0.0,0.0,0,,,,,1.0,2.0
7647,13.9697,120.6017,2019,2018-07-23,2019-07-23,Pacific,20.935,21.25,5.4,2.8000000000000003,2.8000000000000003,2.8000000000000003,0.44943396226415094,1.47,0,False,0.0,0.0,0.0,0.0,1.745,0.0,0,,,,,0.0,4.0
7648,13.9716,120.6017,2014,2013-01-22,2014-01-22,Pacific,19.685,0.75,6.0,0.0,0.0,2.83,0.40509433962264146,1.37,0,False,0.0,0.0,0.0,0.0,0.0,0.0,0,,,,,1.0,2.0
7648,13.9716,120.6017,2019,2018-07-23,2019-07-23,Pacific,22.5,10.0,5.0,2.8000000000000003,2.8000000000000003,2.8000000000000003,0.44943396226415094,1.47,0,False,0.0,0.0,0.0,0.0,1.745,0.0,0,,,,,0.0,4.0
7650,13.9781,120.6161,2017,2016-01-25,2017-01-24,Pacific,20.0,0.0,5.0,0.0,0.0,4.18,0.5781132075471698,1.6,0,False,0.0,0.0,0.0,0.0,0.0,0.0,0,,,,,0.0,3.0
7655,13.9901,120.6224,2017,2016-01-26,2017-01-25,Pacific,28.435,0.0,5.0,0.0,0.0,4.18,0.5781132075471698,1.6,0,False,0.0,0.0,0.0,0.0,0.0,0.0,0,,,,,0.0,3.0
7657,14.0201,120.6166,2019,2018-07-23,2019-07-23,Pacific,40.935,15.0,5.3,3.16,3.16,3.16,0.47264150943396227,1.52,0,False,0.0,0.0,0.0,0.0,1.745,0.0,0,,,,,0.0,4.0
7660,14.1724,120.5781,2015,2014-02-28,2015-02-28,Pacific,15.31,0.0,9.2,0.0,0.0,3.91,0.15339622641509434,1.61,0,False,0.0,0.0,0.0,0.0,0.0,0.0,0,,,,,0.0,1.0
7661,14.1728,120.5807,2015,2014-02-28,2015-02-28,Pacific,15.620000000000001,0.75,4.6,0.0,0.0,3.91,0.15339622641509434,1.61,0,False,0.0,0.0,0.0,0.0,0.0,0.0,0,,,,,0.0,1.0
7662,14.1746,120.5954,2015,2014-03-06,2015-03-06,Pacific,19.065,2.5,4.5,0.0,0.0,3.91,0.14528301886792455,1.61,0,False,0.0,0.0,0.0,0.0,0.0,0.0,0,,,,,0.0,1.0
7663,14.1758,120.5879,2015,2014-01-26,2015-01-26,Pacific,12.81,0.0,3.7,0.0,0.0,3.91,0.16641509433962265,1.61,0,False,0.0,0.0,0.0,0.0,0.0,0.0,0,,,,,0.0,1.0
7664,14.176,120.5876,2015,2014-01-26,2015-01-26,Pacific,8.125,0.0,5.4,0.0,0.0,3.91,0.16641509433962265,1.61,0,False,0.0,0.0,0.0,0.0,0.0,0.0,0,,,,,0.0,1.0
7665,14.1762,120.5845,2014,2013-11-27,2014-11-27,Pacific,22.185,0.0,5.0,0.0,0.0,3.91,0.26264150943396225,1.61,0,False,0.0,0.0,0.0,0.0,0.0,0.0,0,,,,,0.0,1.0
7666,14.1768,120.5873,2015,2014-03-02,2015-03-02,Pacific,13.75,0.0,8.5,0.0,0.0,3.91,0.15339622641509434,1.61,0,False,0.0,0.0,0.0,0.0,0.0,0.0,0,,,,,0.0,1.0
7667,14.1917,120.5867,2015,2014-01-07,2015-01-07,Pacific,20.31,0.0,5.0,0.0,0.0,3.91,0.17490566037735852,1.61,0,False,0.0,0.0,0.0,0.0,0.0,0.0,0,,,,,0.0,1.0
7668,14.192,120.5867,2015,2014-01-02,2015-01-02,Pacific,21.875,0.25,5.0,0.0,0.0,3.91,0.17490566037735852,1.61,0,False,0.0,0.0,0.0,0.0,0.0,0.0,0,,,,,0.0,1.0
7669,14.1937,120.5859,2014,2013-12-28,2014-12-28,Pacific,31.25,0.0,4.2,0.0,0.0,3.91,0.2166037735849057,1.61,0,False,0.0,0.0,0.0,0.0,0.0,0.0,0,,,,,0.0,1.0
7670,14.1972,120.5843,2016,2015-05-02,2016-05-01,Pacific,35.315,3.5,5.7,0.0,0.0,4.66,0.4767924528301888,1.46,0,False,0.0,0.0,0.0,0.0,0.0,0.0,0,,,,,0.0,1.0
7676,17.885,-66.9517,2017,2016-06-30,2017-06-30,Atlantic,22.810000000000002,0.0,18.3,0.0,0.0,0.29,0.6571698113207548,1.23,0,False,1.3422,0.0,34.3274,0.0,298.6173,0.0,1,1.0,6.0,1.0,6.0,,
7676,17.885,-66.9517,2017,2016-10-26,2017-10-26,Atlantic,7.5,2.0,19.0,0.45,0.45,0.45,0.6690566037735849,1.23,0,False,1.3422,0.0,34.3274,0.0,265.68489999999997,0.0,1,1.0,6.0,1.0,6.0,,
7677,17.8989,-66.0153,2014,2013-05-19,2014-05-19,Atlantic,10.629999999999999,23.75,2.3,0.0,0.0,0.3,0.32547169811320764,1.17,0,False,0.0,0.0,0.0,0.0,0.0,0.0,0,1.0,1.0,1.0,1.0,,
7677,17.8989,-66.0153,2015,2014-03-13,2015-03-13,Atlantic,3.125,2.0,2.15,0.0,0.0,0.0,0.3011320754716981,1.18,0,False,0.0,0.0,0.0,0.0,0.0,0.0,0,1.0,2.0,1.0,2.0,,
7678,17.9186,-67.0192,2017,2016-07-05,2017-07-05,Atlantic,3.75,0.0,5.0,0.0,0.0,0.3,0.6652830188679244,1.19,0,False,0.0,0.0,47.7219,0.0,336.1474,0.0,0,1.0,6.0,1.0,6.0,,
7678,17.9186,-67.0192,2017,2016-10-27,2017-10-27,Atlantic,3.125,4.25,5.0,0.48,0.48,0.48,0.6824528301886792,1.19,0,False,0.0,0.0,41.8911,0.0,269.7719,0.0,0,1.0,6.0,1.0,6.0,,
7679,17.9186,-66.9686,2017,2016-07-13,2017-07-13,Atlantic,16.565,0.0,5.0,0.0,0.0,0.29,0.6730188679245283,1.23,0,False,1.3422,0.0,34.3274,0.0,235.5837,0.0,1,1.0,6.0,1.0,6.0,,
7679,17.9186,-66.9686,2017,2016-10-26,2017-10-26,Atlantic,4.375,0.25,6.0,0.46,0.46,0.46,0.6811320754716983,1.23,0,False,1.3422,0.0,34.3274,0.0,205.6445,0.0,1,1.0,6.0,1.0,6.0,,
7680,17.935,-66.8844,2017,2016-06-12,2017-06-12,Atlantic,10.94,0.0,3.3,0.0,0.0,0.46,0.7039622641509433,1.3,0,False,0.0,0.0,33.2063,0.0,212.4494,0.0,0,1.0,6.0,1.0,6.0,,
7680,17.935,-66.8844,2017,2016-11-03,2017-11-03,Atlantic,10.0,0.0,3.3,0.3,0.3,0.46,0.6967924528301886,1.3,0,False,0.0,0.0,27.997,0.0,136.7091,0.0,0,1.0,6.0,1.0,6.0,,
7681,17.9553,-67.0531,2017,2016-05-08,2017-05-08,Atlantic,5.630000000000001,0.5,3.3,0.0,0.0,0.6,0.6473584905660377,1.22,0,False,0.0,0.0,9.3451,0.0,325.0239,0.0,0,1.0,6.0,1.0,7.0,,
7681,17.9553,-67.0531,2017,2016-05-09,2017-05-09,Atlantic,7.8149999999999995,0.0,10.0,0.0,0.0,0.6,0.6473584905660377,1.22,0,False,0.0,0.0,9.3451,0.0,325.0239,0.0,0,1.0,6.0,1.0,7.0,,
7681,17.9553,-67.0531,2017,2016-07-27,2017-07-27,Atlantic,6.875,0.0,8.3,0.0,0.0,0.6,0.6988679245283017,1.22,0,False,0.0,0.0,11.0034,0.0,335.6124,0.0,0,1.0,6.0,1.0,7.0,,
7681,17.9553,-67.0531,2017,2016-09-15,2017-09-15,Atlantic,12.5,2.75,3.3,0.8200000000000001,0.8200000000000001,0.8200000000000001,0.7311320754716981,1.22,0,False,0.0,0.0,9.5037,0.0,300.6542,0.0,0,1.0,6.0,1.0,7.0,,
7681,17.9553,-67.0531,2017,2016-10-31,2017-10-31,Atlantic,4.375,0.0,8.3,0.97,0.97,0.97,0.6930188679245285,1.22,0,False,0.0,0.0,9.5037,0.0,258.7862,0.0,0,1.0,6.0,1.0,7.0,,
7682,18.0882,-65.4619,2015,2014-06-24,2015-06-24,Atlantic,6.25,0.0,6.800000000000001,0.0,0.0,0.0,0.4754716981132076,1.28,0,False,0.0,0.0,0.0,0.0,0.0,0.0,0,1.0,3.0,1.0,5.0,,
7683,18.3478,-65.5708,2015,2014-03-13,2015-03-13,Atlantic,5.154999999999999,0.0,3.75,0.0,0.0,0.0,0.5250943396226415,1.26,0,False,0.0,0.0,0.0,0.0,0.0,0.0,0,1.0,3.0,1.0,5.0,,
7683,18.3478,-65.5708,2017,2016-04-11,2017-04-11,Atlantic,5.9399999999999995,0.0,3.8,0.0,0.19,0.99,0.6867924528301885,1.28,0,False,0.0,0.0,4.2333,0.0,6.9166,0.0,0,1.0,5.0,1.0,7.0,,
7684,18.4499,-66.0154,2014,2013-06-16,2014-06-16,Atlantic,20.4675,3.75,2.4,0.0,0.0,0.44,0.31698113207547174,1.09,0,False,0.0,0.0,0.5772,0.0,4.864,0.0,0,1.0,4.0,1.0,4.0,,
7685,18.469,-66.0908,2014,2013-06-22,2014-06-22,Atlantic,12.81,5.0,1.3,0.0,0.0,0.44,0.35566037735849043,1.11,0,False,0.0,0.0,0.5772,0.0,5.324199999999999,0.0,0,1.0,4.0,1.0,4.0,,
7685,18.469,-66.0908,2015,2014-05-23,2015-05-23,Atlantic,11.407499999999999,0.0,2.45,0.0,0.0,0.14,0.38905660377358486,1.19,0,False,0.0,0.0,0.0,0.0,0.0,0.0,0,1.0,5.0,1.0,5.0,,
7685,18.469,-66.0908,2016,2015-05-22,2016-05-21,Atlantic,9.69,0.25,2.3,0.0,0.0,0.0,0.5232075471698113,1.07,0,False,0.0,0.0,0.0,0.0,0.0,0.0,0,1.0,6.0,1.0,6.0,,
7685,18.469,-66.0908,2016,2015-06-03,2016-06-02,Atlantic,4.375,0.0,4.7,0.0,0.0,0.0,0.5337735849056604,1.07,0,False,0.0,0.0,0.0,0.0,0.0,0.0,0,1.0,6.0,1.0,6.0,,
7685,18.469,-66.0908,2017,2016-04-12,2017-04-12,Atlantic,12.5,0.0,3.5,0.0,0.0,0.3,0.5966037735849056,1.22,0,False,0.0,0.0,4.316,0.0,33.613,0.0,0,1.0,7.0,1.0,7.0,,
7686,18.4745,-66.1874,2017,2016-04-27,2017-04-27,Atlantic,2.655,7.125,2.9000000000000004,0.0,0.0,0.46,0.6081132075471699,1.24,0,False,1.1586,0.0,7.5718,0.0,41.2823,0.0,1,1.0,7.0,1.0,7.0,,
7687,18.4829,-66.3424,2014,2013-04-30,2014-04-30,Atlantic,4.22,2.5,3.75,0.0,0.0,0.14,0.33245283018867927,1.05,0,False,0.0,0.0,0.0,0.0,6.013,0.0,0,1.0,2.0,1.0,4.0,,
7711,17.1661,-62.6353,2013,2012-06-19,2013-06-19,Atlantic,21.56,0.0,11.0,0.0,0.0,2.25,0.4924528301886792,1.3,0,False,0.0,0.0,0.0,0.0,0.0,0.0,0,0.0,0.0,0.0,0.0,,
7711,17.1661,-62.6353,2014,2013-06-25,2014-06-25,Atlantic,25.0,20.0,12.0,0.0,0.0,0.45,0.39037735849056604,0.91,0,False,5.1433,0.0,19.753,0.0,27.6048,0.0,1,0.0,0.0,0.0,0.0,,
7711,17.1661,-62.6353,2015,2014-06-22,2015-06-22,Atlantic,31.25,0.0,14.0,0.0,0.0,0.0,0.38490566037735846,0.98,0,False,10.058900000000001,0.0,101.166,0.0,262.6937,0.0,6,0.0,0.0,0.0,0.0,,
7711,17.1661,-62.6353,2017,2016-06-16,2017-06-16,Atlantic,31.565,0.0,14.0,0.0,0.0,2.3000000000000003,0.6647169811320752,1.4,0,False,0.5916,0.0,274.0872,0.0,346.3999,0.0,2,0.0,0.0,0.0,0.0,,
7711,17.1661,-62.6353,2018,2017-01-14,2018-01-14,Atlantic,20.0,0.0,11.0,0.0,1.07,1.07,0.5928301886792453,1.19,0,False,4.5248,0.0,240.1692,0.0,297.80469999999997,0.0,2,0.0,0.0,0.0,0.0,,
7711,17.1661,-62.6353,2019,2018-06-09,2019-06-09,Atlantic,19.685000000000002,0.0,11.0,0.0,0.0,0.0,0.18075471698113207,0.7000000000000001,0,False,37.4246,0.0,247.6196,0.0,473.3834,0.0,5,0.0,0.0,1.0,0.0,,
7712,17.1672,-62.6293,2018,2017-01-17,2018-01-17,Atlantic,27.185,,9.0,0.0,1.07,1.07,0.5981132075471699,1.19,0,False,4.5248,0.0,240.1692,0.0,297.80469999999997,0.0,2,0.0,0.0,0.0,0.0,,
7713,17.1861,-62.6806,2013,2012-06-18,2013-06-18,Atlantic,18.125,0.0,11.0,0.0,0.0,1.96,0.5025,1.3,0,False,0.0,0.0,0.0,0.0,0.0,0.0,0,0.0,0.0,0.0,0.0,,
7713,17.1861,-62.6806,2014,2013-06-24,2014-06-24,Atlantic,16.565,0.0,12.0,0.0,0.0,0.45,0.38849056603773585,0.89,0,False,5.1433,0.0,25.0307,0.0,27.6048,0.0,1,0.0,0.0,0.0,0.0,,
7713,17.1861,-62.6806,2015,2014-06-25,2015-06-25,Atlantic,28.44,0.0,14.0,0.0,0.0,0.0,0.3871698113207548,1.0,0,False,8.691,0.0,98.5327,0.0,266.4895,0.0,4,0.0,0.0,0.0,0.0,,
7713,17.1861,-62.6806,2017,2016-06-14,2017-06-14,Atlantic,15.620000000000001,0.0,13.0,0.0,0.0,2.15,0.6679245283018869,1.38,0,False,2.2082,0.0,282.6844,0.0,346.3999,0.0,3,0.0,0.0,1.0,0.0,,
7713,17.1861,-62.6806,2018,2017-01-14,2018-01-14,Atlantic,16.875,0.0,10.5,0.0,1.37,1.37,0.599811320754717,1.19,0,False,7.7089,0.0,248.76639999999998,0.0,297.80469999999997,0.0,3,0.0,0.0,1.0,1.0,,
7713,17.1861,-62.6806,2019,2018-06-10,2019-06-10,Atlantic,20.94,0.0,13.0,0.0,0.0,0.0,0.18698113207547173,0.7000000000000001,0,False,30.2869,0.0,247.6196,0.0,473.3834,0.0,5,1.0,0.0,1.0,2.0,,
7714,17.2157,-62.6232,2018,2017-01-15,2018-01-15,Atlantic,22.814999999999998,0.0,8.0,0.0,0.92,0.92,0.5967924528301886,1.18,0,False,4.5248,0.0,229.51839999999999,0.0,297.80469999999997,0.0,2,0.0,0.0,1.0,1.0,,
7715,17.2231,-62.6606,2014,2013-06-19,2014-06-19,Atlantic,11.719999999999999,0.0,7.25,0.0,0.0,0.45,0.3866037735849057,0.92,0,False,19.753,0.0,19.753,0.0,27.6048,0.0,1,0.0,0.0,0.0,0.0,,
7715,17.2231,-62.6606,2015,2014-06-18,2015-06-18,Atlantic,17.185000000000002,0.0,8.4,0.0,0.0,0.0,0.3998113207547171,1.0,0,False,30.2813,0.0,110.3492,0.0,266.4895,0.0,6,0.0,0.0,0.0,0.0,,
7715,17.2231,-62.6606,2017,2016-06-09,2017-06-09,Atlantic,15.625,0.0,13.0,0.0,0.0,2.12,0.6658490566037736,1.43,0,False,248.5171,0.0,285.1838,0.0,346.3999,0.0,7,0.0,0.0,1.0,0.0,,
7715,17.2231,-62.6606,2018,2017-01-16,2018-01-16,Atlantic,30.0,0.0,9.0,0.0,1.06,1.06,0.5981132075471699,1.17,0,False,210.11469999999997,0.0,247.67079999999999,0.0,297.80469999999997,0.0,10,0.0,0.0,1.0,1.0,,
7715,17.2231,-62.6606,2019,2018-06-06,2019-06-06,Atlantic,19.375,0.0,12.0,0.0,0.0,0.0,0.1784905660377358,0.6900000000000001,0,False,172.2627,0.0,289.2987,0.0,473.3834,0.0,7,0.0,0.0,1.0,2.0,,
7717,17.2683,-62.6522,2013,2012-06-11,2013-06-11,Atlantic,18.435,0.0,10.5,0.0,0.0,2.24,0.5221153846153845,1.34,0,False,0.0,0.0,0.0,0.0,0.0,0.0,0,0.0,0.0,0.0,0.0,,
7725,13.8617,-61.075,2014,2013-04-02,2014-04-02,Atlantic,9.38,0.0,10.0,0.0,0.0,2.35,0.3781132075471698,1.3,0,False,0.0,0.0,0.0,0.0,0.0,0.0,0,1.0,0.0,1.0,0.0,,
7731,13.8147,-61.0725,2014,2013-04-01,2014-04-01,Atlantic,11.565,0.0,10.0,0.0,0.0,2.5500000000000003,0.3916981132075472,1.32,0,False,0.0,0.0,0.0,0.0,0.0,0.0,0,1.0,0.0,1.0,0.0,,
7759,1.5688,7.4323,2017,2016-02-26,2017-02-25,Atlantic,9.690000000000001,0.75,7.5,0.0,0.0,0.0,0.4839622641509433,0.97,0,False,0.0,0.0,0.0,0.0,0.0,0.0,0,0.0,0.0,0.0,0.0,,
7759,1.5688,7.4323,2017,2016-05-18,2017-05-18,Atlantic,8.75,0.0,7.5,0.16,0.16,0.16,0.3552830188679245,0.86,0,False,0.0,0.0,0.0,0.0,0.0,0.0,0,0.0,0.0,0.0,0.0,,
7759,1.5688,7.4323,2017,2016-09-14,2017-09-14,Atlantic,1.25,0.25,10.5,0.0,0.16,0.16,0.35056603773584905,0.87,0,False,0.0,0.0,0.0,0.0,0.0,0.0,0,0.0,0.0,0.0,0.0,,
7759,1.5688,7.4323,2018,2017-02-07,2018-02-07,Atlantic,0.62,0.25,8.7,0.0,0.0,0.16,0.28207547169811314,0.9,0,False,0.0,0.0,0.0,0.0,0.0,0.0,0,0.0,0.0,0.0,0.0,,
7759,1.5688,7.4323,2018,2017-06-12,2018-06-12,Atlantic,1.565,0.25,6.9,0.0,0.0,0.16,0.3549056603773585,1.15,0,False,0.0,0.0,0.0,0.0,0.0,0.0,0,0.0,0.0,0.0,0.0,,
7759,1.5688,7.4323,2018,2017-10-11,2018-10-11,Atlantic,1.875,0.25,6.2,0.0,0.0,0.0,0.4024528301886793,1.26,0,False,0.0,0.0,0.0,0.0,0.0,0.0,0,0.0,0.0,0.0,0.0,,
7760,1.6081,7.3369,2017,2016-02-03,2017-02-02,Atlantic,26.560000000000002,1.25,12.0,0.0,0.0,0.0,0.46132075471698114,0.99,0,False,0.0,0.0,0.0,0.0,0.0,0.0,0,0.0,0.0,0.0,0.0,,
7760,1.6081,7.3369,2017,2016-05-17,2017-05-17,Atlantic,28.439999999999998,0.0,7.5,0.19,0.19,0.19,0.32207547169811324,0.9,0,False,0.0,0.0,0.0,0.0,0.0,0.0,0,0.0,0.0,0.0,0.0,,
7760,1.6081,7.3369,2017,2016-09-13,2017-09-13,Atlantic,18.12,1.25,8.6,0.0,0.19,0.19,0.33792452830188674,0.92,0,False,0.0,0.0,0.0,0.0,0.0,0.0,0,0.0,0.0,0.0,0.0,,
7760,1.6081,7.3369,2018,2017-05-11,2018-05-11,Atlantic,11.870000000000001,7.5,11.2,0.0,0.0,0.19,0.31433962264150944,0.93,0,False,0.0,0.0,0.0,0.0,0.0,0.0,0,0.0,0.0,0.0,0.0,,
7760,1.6081,7.3369,2018,2017-06-02,2018-06-02,Atlantic,18.435000000000002,1.25,13.5,0.0,0.0,0.19,0.31113207547169813,0.96,0,False,0.0,0.0,0.0,0.0,0.0,0.0,0,0.0,0.0,0.0,0.0,,
7760,1.6081,7.3369,2018,2017-09-29,2018-09-29,Atlantic,20.314999999999998,3.75,8.8,0.0,0.0,0.0,0.3611320754716981,1.02,0,False,0.0,0.0,0.0,0.0,0.0,0.0,0,0.0,0.0,0.0,0.0,,
7761,1.6988,7.4055,2017,2016-02-02,2017-02-01,Atlantic,15.625,2.5,6.6,0.0,0.0,0.0,0.4864150943396227,1.05,0,False,0.0,0.0,0.0,0.0,0.0,0.0,0,0.0,0.0,0.0,0.0,,
7761,1.6988,7.4055,2017,2016-06-02,2017-06-02,Atlantic,13.44,1.25,7.5,0.16,0.16,0.16,0.3664150943396226,0.93,0,False,0.0,0.0,0.0,0.0,0.0,0.0,0,0.0,0.0,0.0,0.0,,
7761,1.6988,7.4055,2017,2016-09-12,2017-09-12,Atlantic,8.44,1.25,6.8,0.0,0.16,0.16,0.369056603773585,0.93,0,False,0.0,0.0,0.0,0.0,0.0,0.0,0,0.0,0.0,0.0,0.0,,
7761,1.6988,7.4055,2018,2017-05-25,2018-05-25,Atlantic,9.065,23.75,6.9,0.0,0.0,0.16,0.33660377358490573,0.93,0,False,0.0,0.0,0.0,0.0,0.0,0.0,0,0.0,0.0,0.0,0.0,,
7761,1.6988,7.4055,2018,2017-06-02,2018-06-02,Atlantic,7.815,0.5,6.4,0.0,0.0,0.16,0.3375471698113208,0.98,0,False,0.0,0.0,0.0,0.0,0.0,0.0,0,0.0,0.0,0.0,0.0,,
7761,1.6988,7.4055,2018,2017-09-21,2018-09-21,Atlantic,1.565,23.75,7.0,0.0,0.0,0.0,0.38773584905660385,1.07,0,False,0.0,0.0,0.0,0.0,0.1722,0.0,0,0.0,0.0,0.0,0.0,,
7838,-10.2694,166.2781,2013,2012-07-29,2013-07-29,Pacific,11.25,0.0,1.5,0.14,1.04,2.91,0.7562264150943396,1.58,0,False,0.0,0.0,0.0,0.0,0.0,0.0,0,,,,,0.0,0.0
7838,-10.2694,166.2781,2013,2012-07-30,2013-07-30,Pacific,13.75,0.0,1.5,0.14,1.04,2.91,0.755769230769231,1.58,0,False,0.0,0.0,0.0,0.0,0.0,0.0,0,,,,,0.0,0.0
7838,-10.2694,166.2781,2013,2012-08-02,2013-08-02,Pacific,12.19,,2.0,0.14,1.04,2.91,0.7569811320754719,1.58,0,False,0.0,0.0,0.0,0.0,0.0,0.0,0,,,,,0.0,0.0
7852,-10.2853,166.2628,2013,2012-08-07,2013-08-07,Pacific,14.375,0.5,1.0,0.14,1.04,2.91,0.7518867924528303,1.58,0,False,0.0,0.0,0.0,0.0,0.0,0.0,0,,,,,0.0,0.0
7852,-10.2853,166.2628,2013,2012-08-08,2013-08-08,Pacific,5.94,1.25,1.0,0.14,1.04,2.91,0.7518867924528303,1.58,0,False,0.0,0.0,0.0,0.0,0.0,0.0,0,,,,,0.0,0.0
7852,-10.2853,166.2628,2013,2012-08-09,2013-08-09,Pacific,5.0,1.25,1.0,0.14,1.04,2.91,0.7518867924528303,1.58,0,False,0.0,0.0,0.0,0.0,0.0,0.0,0,,,,,0.0,0.0
7858,-10.2677,166.2807,2013,2012-07-20,2013-07-20,Pacific,14.69,1.25,1.0,0.14,1.04,2.91,0.7579245283018867,1.58,0,False,0.0,0.0,0.0,0.0,0.0,0.0,0,,,,,0.0,0.0
7858,-10.2677,166.2807,2013,2012-07-22,2013-07-22,Pacific,11.875,5.0,1.5,0.14,1.04,2.91,0.7579245283018867,1.58,0,False,0.0,0.0,0.0,0.0,0.0,0.0,0,,,,,0.0,0.0
7858,-10.2677,166.2807,2013,2012-07-23,2013-07-23,Pacific,13.120000000000001,0.25,1.0,0.14,1.04,2.91,0.7559615384615384,1.58,0,False,0.0,0.0,0.0,0.0,0.0,0.0,0,,,,,0.0,0.0
7860,-10.2625,166.2797,2013,2012-07-22,2013-07-22,Pacific,17.814999999999998,0.0,2.0,0.14,1.04,2.91,0.7579245283018867,1.58,0,False,0.0,0.0,0.0,0.0,0.0,0.0,0,,,,,0.0,0.0
7860,-10.2625,166.2797,2013,2012-07-25,2013-07-25,Pacific,19.06,2.5,2.0,0.14,1.04,2.91,0.7562264150943396,1.58,0,False,0.0,0.0,0.0,0.0,0.0,0.0,0,,,,,0.0,0.0
7860,-10.2625,166.2797,2013,2012-07-29,2013-07-29,Pacific,14.370000000000001,0.0,2.0,0.14,1.04,2.91,0.7562264150943396,1.58,0,False,0.0,0.0,0.0,0.0,0.0,0.0,0,,,,,0.0,0.0
7861,-10.2567,166.2589,2013,2012-07-23,2013-07-23,Pacific,4.685,0.0,11.0,0.14,1.04,2.91,0.7559615384615384,1.58,0,False,0.0,0.0,0.0,0.0,0.0,0.0,0,,,,,0.0,0.0
7861,-10.2567,166.2589,2013,2012-07-24,2013-07-24,Pacific,10.94,0.0,12.0,0.14,1.04,2.91,0.7562264150943396,1.58,0,False,0.0,0.0,0.0,0.0,0.0,0.0,0,,,,,0.0,0.0
7861,-10.2567,166.2589,2013,2012-07-27,2013-07-27,Pacific,5.0,7.5,12.0,0.14,1.04,2.91,0.7562264150943396,1.58,0,False,0.0,0.0,0.0,0.0,0.0,0.0,0,,,,,0.0,0.0
7864,-10.2539,166.2575,2013,2012-07-26,2013-07-26,Pacific,13.75,0.0,12.0,0.14,1.04,2.91,0.7562264150943396,1.58,0,False,0.0,0.0,0.0,0.0,0.0,0.0,0,,,,,0.0,0.0
7864,-10.2539,166.2575,2013,2012-07-31,2013-07-31,Pacific,1.875,0.0,6.0,0.14,1.04,2.91,0.7569811320754719,1.58,0,False,0.0,0.0,0.0,0.0,0.0,0.0,0,,,,,0.0,0.0
7864,-10.2539,166.2575,2013,2012-08-01,2013-08-01,Pacific,1.56,0.0,6.0,0.14,1.04,2.91,0.7569811320754719,1.58,0,False,0.0,0.0,0.0,0.0,0.0,0.0,0,,,,,0.0,0.0
7865,-10.2517,166.2564,2013,2012-07-31,2013-07-31,Pacific,6.25,0.25,6.0,0.14,1.04,2.91,0.7569811320754719,1.58,0,False,0.0,0.0,0.0,0.0,0.0,0.0,0,,,,,0.0,0.0
7865,-10.2517,166.2564,2013,2012-08-01,2013-08-01,Pacific,15.31,0.0,6.0,0.14,1.04,2.91,0.7569811320754719,1.58,0,False,0.0,0.0,0.0,0.0,0.0,0.0,0,,,,,0.0,0.0
7865,-10.2517,166.2564,2013,2012-08-03,2013-08-03,Pacific,10.31,0.0,6.0,0.14,1.04,2.91,0.7569811320754719,1.58,0,False,0.0,0.0,0.0,0.0,0.0,0.0,0,,,,,0.0,0.0
7866,-10.2513,166.2941,2013,2012-08-13,2013-08-13,Pacific,6.5649999999999995,1.25,8.0,0.14,0.14,2.91,0.745,1.58,0,False,0.0,0.0,0.0,0.0,0.0,0.0,0,,,,,0.0,0.0
7866,-10.2513,166.2941,2013,2012-08-14,2013-08-14,Pacific,13.125,0.0,7.5,0.14,0.14,2.91,0.7477358490566038,1.58,0,False,0.0,0.0,0.0,0.0,0.0,0.0,0,,,,,0.0,0.0
7866,-10.2513,166.2941,2013,2012-08-15,2013-08-15,Pacific,15.31,0.0,7.5,0.14,0.14,2.91,0.7477358490566038,1.58,0,False,0.0,0.0,0.0,0.0,0.0,0.0,0,,,,,0.0,0.0
7867,-10.2435,166.2828,2013,2012-08-23,2013-08-23,Pacific,7.815,1.75,4.0,0.0,0.0,3.08,0.7466037735849057,1.55,0,False,0.0,0.0,0.0,0.0,0.0,0.0,0,,,,,0.0,0.0
7867,-10.2435,166.2828,2013,2012-08-29,2013-08-29,Pacific,11.56,0.0,1.95,0.0,0.0,3.08,0.740943396226415,1.55,0,False,0.0,0.0,0.0,0.0,0.0,0.0,0,,,,,0.0,0.0
7868,-10.2404,166.2793,2013,2012-10-28,2013-10-28,Pacific,18.75,0.0,7.5,0.0,0.0,3.08,0.6383018867924528,1.4,0,False,0.0,0.0,0.0,0.0,0.0,0.0,0,,,,,0.0,0.0
7868,-10.2404,166.2793,2013,2012-10-29,2013-10-29,Pacific,19.375,0.0,7.5,0.0,0.0,3.08,0.6288461538461539,1.4,0,False,0.0,0.0,0.0,0.0,0.0,0.0,0,,,,,0.0,0.0
7868,-10.2404,166.2793,2013,2012-10-31,2013-10-31,Pacific,18.125,0.0,8.0,0.0,0.0,3.08,0.6207547169811322,1.4,0,False,0.0,0.0,0.0,0.0,0.0,0.0,0,,,,,0.0,0.0
7869,-10.2401,166.2799,2013,2012-08-21,2013-08-21,Pacific,5.9350000000000005,1.75,2.0,0.0,0.0,3.08,0.7466037735849057,1.55,0,False,0.0,0.0,0.0,0.0,0.0,0.0,0,,,,,0.0,0.0
7869,-10.2401,166.2799,2013,2012-08-22,2013-08-22,Pacific,3.75,1.25,2.0,0.0,0.0,3.08,0.7466037735849057,1.55,0,False,0.0,0.0,0.0,0.0,0.0,0.0,0,,,,,0.0,0.0
7869,-10.2401,166.2799,2013,2012-08-23,2013-08-23,Pacific,7.5,0.75,2.0,0.0,0.0,3.08,0.7466037735849057,1.55,0,False,0.0,0.0,0.0,0.0,0.0,0.0,0,,,,,0.0,0.0
7870,-10.2324,166.2693,2013,2012-08-22,2013-08-22,Pacific,11.565,0.0,2.5,0.0,0.0,3.08,0.7466037735849057,1.55,0,False,0.0,0.0,0.0,0.0,0.0,0.0,0,,,,,0.0,0.0
7870,-10.2324,166.2693,2013,2012-08-23,2013-08-23,Pacific,16.869999999999997,0.0,2.5,0.0,0.0,3.08,0.7466037735849057,1.55,0,False,0.0,0.0,0.0,0.0,0.0,0.0,0,,,,,0.0,0.0
7870,-10.2324,166.2693,2013,2012-09-25,2013-09-25,Pacific,13.44,0.0,2.0,0.0,0.0,3.08,0.6826415094339623,1.4,0,False,0.0,0.0,0.0,0.0,0.0,0.0,0,,,,,0.0,0.0
7871,-10.2294,166.2553,2013,2012-10-31,2013-10-31,Pacific,22.5,0.0,2.0,0.0,0.0,3.08,0.6207547169811322,1.4,0,False,0.0,0.0,0.0,0.0,0.0,0.0,0,,,,,0.0,0.0
7871,-10.2294,166.2553,2013,2012-11-01,2013-11-01,Pacific,23.75,0.0,1.5,0.0,0.0,3.08,0.6207547169811322,1.4,0,False,0.0,0.0,0.0,0.0,0.0,0.0,0,,,,,0.0,0.0
7871,-10.2294,166.2553,2013,2012-11-02,2013-11-02,Pacific,25.619999999999997,0.0,1.5,0.0,0.0,3.08,0.6207547169811322,1.4,0,False,0.0,0.0,0.0,0.0,0.0,0.0,0,,,,,0.0,0.0
7872,-10.2087,166.2929,2013,2012-10-03,2013-10-03,Pacific,16.25,1.5,1.5,0.0,0.0,3.08,0.6618867924528303,1.4,0,False,0.0,0.0,0.0,0.0,0.0,0.0,0,,,,,0.0,0.0
7872,-10.2087,166.2929,2013,2012-10-04,2013-10-04,Pacific,18.12,1.25,1.5,0.0,0.0,3.08,0.6618867924528303,1.4,0,False,0.0,0.0,0.0,0.0,0.0,0.0,0,,,,,0.0,0.0
7872,-10.2087,166.2929,2013,2012-10-05,2013-10-05,Pacific,17.19,0.0,1.5,0.0,0.0,3.08,0.6618867924528303,1.4,0,False,0.0,0.0,0.0,0.0,0.0,0.0,0,,,,,0.0,0.0
7873,-10.2083,166.2872,2013,2012-10-07,2013-10-07,Pacific,20.78,0.01,8.5,0.0,0.0,3.08,0.6618867924528303,1.4,0,False,0.0,0.0,0.0,0.0,0.0,0.0,0,,,,,0.0,0.0
7873,-10.2083,166.2872,2013,2012-10-08,2013-10-08,Pacific,19.06,1.25,9.0,0.0,0.0,3.08,0.6565384615384615,1.4,0,False,0.0,0.0,0.0,0.0,0.0,0.0,0,,,,,0.0,0.0
7875,-10.2026,166.2965,2013,2012-09-27,2013-09-27,Pacific,16.25,1.38,2.0,0.0,0.0,3.08,0.6826415094339623,1.4,0,False,0.0,0.0,0.0,0.0,0.0,0.0,0,,,,,0.0,0.0
7875,-10.2026,166.2965,2013,2012-09-28,2013-09-28,Pacific,19.2175,5.25,2.5,0.0,0.0,3.08,0.6826415094339623,1.4,0,False,0.0,0.0,0.0,0.0,0.0,0.0,0,,,,,0.0,0.0
7878,-10.1975,166.2997,2013,2012-09-04,2013-09-04,Pacific,41.56,0.0,3.0,0.0,0.0,3.12,0.7403773584905661,1.53,0,False,0.0,0.0,0.0,0.0,0.0,0.0,0,,,,,0.0,0.0
7878,-10.1975,166.2997,2013,2012-09-28,2013-09-28,Pacific,24.69,0.375,3.5,0.0,0.0,3.12,0.6915094339622644,1.43,0,False,0.0,0.0,0.0,0.0,0.0,0.0,0,,,,,0.0,0.0
7878,-10.1975,166.2997,2013,2012-10-06,2013-10-06,Pacific,21.875,0.75,3.0,0.0,0.0,3.12,0.6709433962264153,1.43,0,False,0.0,0.0,0.0,0.0,0.0,0.0,0,,,,,0.0,0.0
7879,-10.195,166.2719,2013,2012-10-04,2013-10-04,Pacific,8.440000000000001,0.0,1.0,0.0,0.0,3.12,0.6709433962264153,1.43,0,False,0.0,0.0,0.0,0.0,1.9097,0.0,0,,,,,0.0,0.0
7879,-10.195,166.2719,2013,2012-10-05,2013-10-05,Pacific,9.065,0.0,1.0,0.0,0.0,3.12,0.6709433962264153,1.43,0,False,0.0,0.0,0.0,0.0,1.9097,0.0,0,,,,,0.0,0.0
7879,-10.195,166.2719,2013,2012-10-06,2013-10-06,Pacific,12.81,0.0,1.0,0.0,0.0,3.12,0.6709433962264153,1.43,0,False,0.0,0.0,0.0,0.0,1.9097,0.0,0,,,,,0.0,0.0
7881,-10.1889,166.2808,2013,2012-10-04,2013-10-04,Pacific,20.625,1.25,1.0,0.0,0.0,3.12,0.6709433962264153,1.43,0,False,0.0,0.0,0.0,0.0,1.9097,0.0,0,,,,,0.0,0.0
7881,-10.1889,166.2808,2013,2012-10-05,2013-10-05,Pacific,19.065,0.25,1.0,0.0,0.0,3.12,0.6709433962264153,1.43,0,False,0.0,0.0,0.0,0.0,1.9097,0.0,0,,,,,0.0,0.0
7881,-10.1889,166.2808,2013,2012-10-06,2013-10-06,Pacific,19.369999999999997,0.0,1.0,0.0,0.0,3.12,0.6709433962264153,1.43,0,False,0.0,0.0,0.0,0.0,1.9097,0.0,0,,,,,0.0,0.0
7981,21.9556,120.7119,2016,2015-11-06,2016-11-05,Pacific,18.44,0.0,5.0,3.12,4.8500000000000005,4.8500000000000005,0.6688679245283018,1.81,7,False,0.0,0.0,0.0,0.0,290.6962,224.2778,0,,,,,0.0,0.0
7981,21.9556,120.7119,2016,2015-11-07,2016-11-06,Pacific,24.375,0.0,10.0,3.12,4.8500000000000005,4.8500000000000005,0.6688679245283018,1.81,7,False,0.0,0.0,0.0,0.0,290.6962,224.2778,0,,,,,0.0,0.0
7981,21.9556,120.7119,2017,2016-04-22,2017-04-22,Pacific,21.880000000000003,0.0,5.5,0.0,0.0,4.8500000000000005,0.6358490566037737,1.81,7,False,0.0,0.0,0.0,0.0,0.2916,0.0,0,,,,,0.0,0.0
7981,21.9556,120.7119,2017,2016-04-23,2017-04-23,Pacific,32.5,0.0,11.0,0.0,0.0,4.8500000000000005,0.6269230769230771,1.81,7,False,0.0,0.0,0.0,0.0,0.2916,0.0,0,,,,,0.0,0.0
7981,21.9556,120.7119,2017,2016-11-26,2017-11-26,Pacific,25.78,0.0,7.5,2.15,3.8,3.8,0.5590384615384615,1.83,0,False,0.0,0.0,0.9336,0.0,1945.1677,159.4656,0,,,,,0.0,0.0
7981,21.9556,120.7119,2018,2017-04-14,2018-04-14,Pacific,25.0,0.0,5.0,0.0,0.0,3.8,0.5443396226415094,1.83,0,False,0.0,0.0,0.9336,0.0,4330.1568,291.0788,0,,,,,0.0,0.0
7981,21.9556,120.7119,2018,2017-04-15,2018-04-15,Pacific,33.435,0.0,10.0,0.0,0.0,3.8,0.5443396226415094,1.83,0,False,0.0,0.0,0.9336,0.0,4330.1568,291.0788,0,,,,,0.0,0.0
7981,21.9556,120.7119,2018,2017-11-17,2018-11-17,Pacific,26.0925,0.0,7.5,1.58,2.02,2.02,0.47811320754716985,1.55,0,False,0.0,0.0,3.6396,0.0,4875.6261,593.0321,0,,,,,0.0,0.0
7981,21.9556,120.7119,2019,2018-04-27,2019-04-27,Pacific,39.375,0.375,7.5,0.0,0.0,2.02,0.7669811320754716,2.13,0,False,1.1488,0.0,10.5457,0.0,3605.7209,505.1836,1,,,,,0.0,0.0
7981,21.9556,120.7119,2019,2018-11-16,2019-11-16,Pacific,29.8425,0.0,7.5,0.0,1.0,1.0,0.7698113207547169,2.13,0,False,1.1488,0.0,6.9061,0.0,1859.7932,56.0261,1,,,,,0.0,0.0
7985,22.0379,121.5217,2016,2015-05-01,2016-04-30,Pacific,11.719999999999999,0.0,7.5,0.0,0.0,0.15,0.4011320754716981,1.54,0,False,0.0,0.0,0.0,0.0,2.1147,0.0,0,,,,,0.0,0.0
7989,22.0662,121.5709,2017,2016-06-10,2017-06-10,Pacific,24.375,0.125,7.5,0.0,0.0,4.03,0.5016981132075472,1.82,7,False,0.0,0.0,0.0,0.0,7.3455,0.0,0,,,,,0.0,0.0
7990,22.0682,121.5163,2017,2016-06-10,2017-06-10,Pacific,24.69,0.5,5.0,0.0,0.0,4.05,0.51,1.84,7,False,0.0,0.0,0.0,0.0,7.3455,0.0,0,,,,,0.0,0.0
7990,22.0682,121.5163,2017,2016-06-11,2017-06-11,Pacific,27.19,0.0,10.0,0.0,0.0,4.05,0.4994230769230769,1.84,7,False,0.0,0.0,0.0,0.0,7.3455,0.0,0,,,,,0.0,0.0
7990,22.0682,121.5163,2018,2017-07-01,2018-07-01,Pacific,25.0,0.0,7.5,0.14,0.14,2.22,0.6077358490566038,2.11,0,False,0.0,0.0,0.0,0.0,84.2601,10.3942,0,,,,,0.0,0.0
7990,22.0682,121.5163,2019,2018-06-30,2019-06-30,Pacific,24.737499999999997,0.0,7.5,0.0,0.0,0.59,0.6437735849056603,1.77,0,False,0.0,0.0,2.0527,0.0,43.463300000000004,0.5586,0,,,,,0.0,0.0
7991,22.0705,121.5082,2016,2015-05-01,2016-04-30,Pacific,10.78,8.75,7.5,0.0,0.0,0.0,0.40264150943396226,1.6,0,False,0.0,0.0,0.0,0.0,2.1147,0.0,0,,,,,0.0,0.0
7993,22.0821,121.5173,2016,2015-05-01,2016-04-30,Pacific,34.84,8.75,7.5,0.0,0.0,0.0,0.40264150943396226,1.6,0,False,0.0,0.0,0.0,0.0,2.1147,0.0,0,,,,,0.0,0.0
7994,22.0843,121.5533,2017,2016-06-10,2017-06-10,Pacific,27.8125,0.625,7.5,0.0,0.0,4.03,0.5016981132075472,1.82,7,False,0.0,0.0,0.0,0.0,7.3455,0.0,0,,,,,0.0,0.0
7994,22.0843,121.5533,2018,2017-07-01,2018-07-01,Pacific,32.6575,0.0,7.5,0.14,0.14,2.23,0.5994339622641509,1.97,0,False,0.0,0.0,0.0,0.0,42.4562,4.8885000000000005,0,,,,,0.0,0.0
7994,22.0843,121.5533,2019,2018-06-30,2019-06-30,Pacific,30.0,0.0,7.5,0.0,0.0,0.61,0.6192452830188679,1.73,0,False,0.0,0.0,2.0527,0.0,38.116800000000005,0.0,0,,,,,0.0,0.0
7997,22.3231,120.3656,2016,2015-11-24,2016-11-23,Pacific,3.7474999999999996,0.0,7.5,0.14,4.22,4.22,0.7467924528301887,1.76,7,False,1490.9466,767.0804,18632.2282,13192.8293,32105.2325,24460.0879,10,,,,,0.0,0.0
7997,22.3231,120.3656,2018,2017-09-26,2018-09-26,Pacific,5.6225,0.0,7.5,1.58,1.58,4.5600000000000005,0.6752830188679246,2.15,7,False,4494.8611,885.9397,31181.6536,15535.6202,49291.2241,28093.6809,12,,,,,0.0,0.0
7997,22.3231,120.3656,2019,2018-10-30,2019-10-30,Pacific,6.25,0.0,7.5,1.22,2.07,2.07,0.8935849056603773,2.06,0,False,6160.8883,2317.3840999999998,39847.5449,24462.5814,58516.265,36534.3922,12,,,,,0.0,0.0
7998,22.3248,120.3682,2014,2013-10-15,2014-10-15,Pacific,24.685,0.5,7.5,3.95,3.95,3.95,0.2949056603773585,1.49,0,False,3279.2688,1788.0713,24129.0406,15251.699200000001,38680.4305,27835.5918,12,,,,,0.0,0.0
7998,22.3248,120.3682,2015,2014-11-04,2015-11-04,Pacific,28.75,0.0,7.5,0.0,2.69,2.69,0.2756603773584906,1.74,0,False,2713.9725,1715.175,27901.9867,20286.937,42240.8735,31529.6723,12,,,,,0.0,0.0
7998,22.3248,120.3682,2017,2016-10-31,2017-10-31,Pacific,8.5925,0.0,7.5,4.5600000000000005,4.5600000000000005,4.5600000000000005,0.6839622641509435,2.14,14,False,1023.9159,178.7187,17973.9325,11048.3514,36132.2307,24035.4985,12,,,,,0.0,0.0
8004,22.3493,120.3899,2016,2015-11-24,2016-11-23,Pacific,4.0625,0.375,7.5,0.14,4.22,4.22,0.7467924528301887,1.76,7,False,1488.8272,765.7635,18651.2759,13196.1029,32096.4002,24460.0879,10,,,,,0.0,0.0
8004,22.3493,120.3899,2017,2016-10-31,2017-10-31,Pacific,7.97,0.0,7.5,4.5600000000000005,4.5600000000000005,4.5600000000000005,0.6839622641509435,2.14,14,False,856.3094,178.7187,18120.3586,11190.5095,36081.3828,24035.2072,12,,,,,0.0,0.0
8004,22.3493,120.3899,2018,2017-09-26,2018-09-26,Pacific,6.72,0.0,7.5,1.58,1.58,4.5600000000000005,0.6752830188679246,2.15,7,False,4284.9207,885.9397,31146.6954,15536.6404,49247.9697,28093.6809,12,,,,,0.0,0.0
8004,22.3493,120.3899,2019,2018-10-30,2019-10-30,Pacific,6.407500000000001,0.0,7.5,1.22,2.07,2.07,0.8935849056603773,2.06,0,False,5986.1726,2310.7848,40201.7693,24522.3175,58460.460399999996,36534.3922,12,,,,,0.0,0.0
8005,22.3539,120.3689,2016,2015-11-24,2016-11-23,Pacific,19.845,0.625,7.5,0.15,4.07,4.07,0.7577358490566037,1.81,0,False,1488.8272,765.7635,23082.6348,16433.8048,37096.1773,28719.1981,10,,,,,0.0,0.0
8006,22.3552,120.3715,2014,2013-10-29,2014-10-29,Pacific,14.0625,0.25,7.5,2.78,3.71,3.71,0.31716981132075467,1.52,0,False,3123.0395,1652.9329,24576.1388,15642.0884,42747.6089,31707.717,12,,,,,0.0,0.0
8006,22.3552,120.3715,2015,2014-11-04,2015-11-04,Pacific,17.035,0.0,7.5,0.0,3.27,3.27,0.29886792452830185,1.81,0,False,2701.2777,1703.8368,28252.8384,20604.5946,49820.5994,38234.6187,12,,,,,0.0,0.0
8006,22.3552,120.3715,2017,2016-10-31,2017-10-31,Pacific,10.0,0.0,10.0,4.72,4.72,4.72,0.6828301886792454,2.11,14,False,856.3094,178.7187,18120.3586,11190.5095,42043.1659,29101.4827,12,,,,,0.0,0.0
8006,22.3552,120.3715,2017,2016-11-15,2017-11-15,Pacific,31.56,0.0,5.0,2.39,4.72,4.72,0.6820754716981133,2.11,14,False,1895.3619,341.3295,21292.835,12617.3068,46136.7868,31129.5957,12,,,,,0.0,0.0
8006,22.3552,120.3715,2018,2017-09-26,2018-09-26,Pacific,17.03,0.0,7.5,1.57,1.57,4.72,0.6752830188679246,2.19,7,False,4284.9207,885.9397,31146.6954,15536.6404,55755.4501,33489.4591,12,,,,,0.0,0.0
8006,22.3552,120.3715,2019,2018-10-30,2019-10-30,Pacific,16.25,0.0,7.5,1.38,2.21,2.21,0.9054716981132075,2.01,0,False,5986.1726,2310.7848,40201.7693,24522.3175,63075.9014,40007.0167,12,,,,,0.0,0.0
8008,22.6375,121.4911,2016,2015-06-07,2016-06-06,Pacific,26.244999999999997,0.25,7.5,0.0,0.0,0.16,0.45207547169811324,1.93,0,False,0.0,0.0,0.0,0.0,3.1296,0.0,0,,,,,0.0,0.0
8008,22.6375,121.4911,2018,2017-04-23,2018-04-23,Pacific,14.219999999999999,0.0,7.5,0.0,0.0,3.83,0.5435849056603774,2.13,0,False,0.0,0.0,32.1244,7.0484,356.73150000000004,205.0617,0,,,,,0.0,0.0
8008,22.6375,121.4911,2019,2018-04-13,2019-04-13,Pacific,14.5275,0.0,7.5,0.0,0.0,1.22,0.7707547169811318,1.71,0,False,31.1518,0.0,34.1683,0.0,467.8198,138.2553,1,,,,,0.0,0.0
8010,22.6547,121.4698,2016,2015-06-07,2016-06-06,Pacific,6.405,0.0,7.5,0.0,0.0,0.16,0.44830188679245286,1.92,0,False,0.0,0.0,0.0,0.0,3.1296,0.0,0,,,,,0.0,0.0
8010,22.6547,121.4698,2018,2017-04-23,2018-04-23,Pacific,10.157499999999999,0.0,7.5,0.0,0.0,4.18,0.5418867924528302,2.14,7,False,0.0,0.0,38.412,12.3108,355.6135,205.0617,0,,,,,0.0,0.0
8010,22.6547,121.4698,2019,2018-04-13,2019-04-13,Pacific,8.125,0.0,7.5,0.0,0.0,1.83,0.7686792452830188,1.72,0,False,31.1518,0.0,72.2721,22.2863,467.6101,138.2553,1,,,,,0.0,0.0
8014,22.6775,121.4975,2017,2016-04-17,2017-04-17,Pacific,20.94,0.0,7.5,0.0,0.0,4.32,0.6673584905660377,1.77,7,False,0.0,0.0,0.0,0.0,0.0,0.0,0,,,,,0.0,0.0
8016,22.6778,121.4822,2015,2014-06-20,2015-06-20,Pacific,29.53,0.0,7.5,0.0,0.0,2.5,0.12867924528301888,1.44,0,False,0.0,0.0,0.0,0.0,2.7938,0.0,0,,,,,0.0,0.0
8016,22.6778,121.4822,2017,2016-04-17,2017-04-17,Pacific,30.1575,0.0,7.5,0.0,0.0,4.32,0.6673584905660377,1.77,7,False,0.0,0.0,0.0,0.0,0.0,0.0,0,,,,,0.0,0.0
8017,22.6796,121.483,2014,2013-06-01,2014-06-01,Pacific,29.375,0.0,7.5,0.0,0.0,1.56,0.1220754716981132,1.28,0,False,0.0,0.0,0.0,0.0,0.0,0.0,0,,,,,0.0,0.0
8017,22.6796,121.483,2016,2015-06-07,2016-06-06,Pacific,26.8725,0.0,7.5,0.0,0.0,0.16,0.44830188679245286,1.92,0,False,0.0,0.0,0.0,0.0,3.1296,0.0,0,,,,,0.0,0.0
8017,22.6796,121.483,2018,2017-04-23,2018-04-23,Pacific,32.5,0.0,7.5,0.0,0.0,4.18,0.5418867924528302,2.14,7,False,0.0,0.0,28.9218,3.8621,338.4105,200.18429999999998,0,,,,,0.0,0.0
8018,22.6798,121.4891,2017,2016-04-17,2017-04-17,Pacific,25.0,0.0,7.5,0.0,0.0,4.32,0.6673584905660377,1.77,7,False,0.0,0.0,0.0,0.0,0.0,0.0,0,,,,,0.0,0.0
8019,22.8271,121.1918,2017,2016-09-23,2017-09-23,Pacific,22.19,0.0,6.0,1.48,1.48,2.41,0.4818867924528301,1.59,0,False,0.0,0.0,3.5903,0.0,19.7262,0.0,0,,,,,0.0,0.0
8019,22.8271,121.1918,2018,2017-05-12,2018-05-12,Pacific,22.189999999999998,0.0,8.4,0.0,0.0,2.46,0.4433962264150944,2.0,0,False,17.070700000000002,3.5832,171.084,136.7708,355.1334,204.4365,3,,,,,0.0,0.0
8019,22.8271,121.1918,2019,2018-06-08,2019-06-08,Pacific,26.25,0.0,6.5,0.0,0.0,1.17,0.7139622641509433,1.82,0,False,168.6454,42.2954,338.37579999999997,110.1448,503.36429999999996,133.50900000000001,4,,,,,0.0,0.0
8020,22.8297,121.1889,2017,2016-09-23,2017-09-23,Pacific,14.375,0.0,4.0,1.48,1.48,2.41,0.4818867924528301,1.59,0,False,0.0,0.0,3.5903,0.0,19.7262,0.0,0,,,,,0.0,0.0
8022,23.1164,121.3971,2014,2013-09-13,2014-09-13,Pacific,19.372500000000002,0.0,6.0,1.39,1.39,1.39,0.01962264150943396,1.56,0,False,0.0,0.0,0.0,0.0,0.0,0.0,0,,,,,0.0,0.0
8022,23.1164,121.3971,2016,2015-11-16,2016-11-15,Pacific,18.435,0.0,5.85,0.93,1.12,1.12,0.478867924528302,1.75,0,False,0.7633,0.0,3.1296,0.0,3.1296,0.0,1,,,,,0.0,0.0
8022,23.1164,121.3971,2017,2016-05-07,2017-05-07,Pacific,23.2825,0.0,6.0,0.0,0.0,1.12,0.4909615384615385,1.75,0,False,0.0,0.0,0.0,0.0,7.5433,0.0,0,,,,,0.0,0.0
8022,23.1164,121.3971,2018,2017-05-12,2018-05-12,Pacific,22.342499999999998,0.0,6.5,0.0,0.0,0.0,0.36452830188679247,1.71,0,False,0.9016,0.0,2.1601999999999997,0.0,44.8514,8.8456,1,,,,,0.0,0.0
8022,23.1164,121.3971,2019,2018-05-04,2019-05-04,Pacific,17.5,0.0,6.25,0.0,0.0,0.49,0.579433962264151,1.75,0,False,5.8899,0.0,9.4338,0.0,221.90939999999998,64.673,1,,,,,0.0,0.0
8022,23.1164,121.3971,2019,2018-11-10,2019-11-10,Pacific,23.75,0.0,4.0,0.46,0.79,0.79,0.6437735849056602,1.75,0,False,16.1368,0.0,18.5708,0.0,149.3651,0.0,2,,,,,0.0,0.0
8025,23.2549,119.5128,2016,2015-08-28,2016-08-27,Pacific,4.06,0.25,5.0,3.0700000000000003,3.0700000000000003,3.0700000000000003,0.6247169811320756,1.62,0,False,12.1144,0.0,264.9939,132.17239999999998,15574.4901,4017.5626,1,,,,,1.0,1.0
8025,23.2549,119.5128,2017,2016-06-24,2017-06-24,Pacific,4.06,0.0,4.3,0.0,0.0,3.0700000000000003,0.7358490566037735,1.71,0,False,21.4805,0.0,344.6792,217.9729,17775.1045,6196.4454,1,,,,,1.0,1.0
8025,23.2549,119.5128,2018,2017-06-09,2018-06-09,Pacific,6.56,0.0,7.3,0.0,0.0,2.33,0.6860377358490565,2.25,0,False,9.610800000000001,0.0,1659.0023,970.3132,51296.7319,29813.3978,4,,,,,0.0,0.0
8025,23.2549,119.5128,2019,2018-06-15,2019-06-15,Pacific,6.875,0.0,7.9,0.0,0.0,1.22,1.0035849056603772,3.27,0,False,0.2933,0.2933,482.7235,202.3236,34488.9056,21305.791699999998,1,,,,,0.0,0.0
8026,23.2586,119.5124,2016,2015-08-28,2016-08-27,Pacific,31.869999999999997,0.0,3.5,3.0700000000000003,3.0700000000000003,3.0700000000000003,0.6247169811320756,1.62,0,False,12.1144,0.0,264.9939,132.17239999999998,16057.3425,4017.5626,1,,,,,1.0,1.0
8027,23.2588,119.5186,2016,2015-08-28,2016-08-27,Pacific,25.0,0.25,5.5,3.0700000000000003,3.0700000000000003,3.0700000000000003,0.6247169811320756,1.62,0,False,12.1144,0.0,264.9939,132.17239999999998,16987.2109,4900.4696,1,,,,,1.0,1.0
8028,23.2603,119.5196,2017,2016-06-24,2017-06-24,Pacific,12.185,0.0,3.3,0.0,0.0,3.0700000000000003,0.7358490566037735,1.71,0,False,21.4805,0.0,1874.4505,1277.8086,18886.8775,6725.7292,1,,,,,1.0,1.0
8028,23.2603,119.5196,2018,2017-06-09,2018-06-09,Pacific,26.25,0.0,8.1,0.0,0.0,2.33,0.6860377358490565,2.25,0,False,9.610800000000001,0.0,4841.5148,3104.4826,58899.5466,34099.6522,4,,,,,0.0,0.0
8029,23.2644,119.5163,2017,2016-06-24,2017-06-24,Pacific,29.69,0.0,5.9,0.0,0.0,3.0700000000000003,0.7358490566037735,1.71,0,False,21.4805,0.0,1874.4505,1277.8086,18363.9198,6247.939,1,,,,,1.0,1.0
8029,23.2644,119.5163,2018,2017-06-09,2018-06-09,Pacific,32.5,0.0,5.3,0.0,0.0,2.33,0.6860377358490565,2.25,0,False,9.610800000000001,0.0,4841.5148,3104.4826,51849.2747,29827.081,4,,,,,0.0,0.0
8029,23.2644,119.5163,2019,2018-06-15,2019-06-15,Pacific,33.120000000000005,0.0,4.6,0.0,0.0,1.22,1.0035849056603772,3.27,0,False,0.2933,0.2933,1577.5696,934.9025,35154.0753,21336.8831,1,,,,,0.0,0.0
8031,23.4841,121.5138,2016,2015-06-27,2016-06-26,Pacific,19.375,0.0,6.4,0.0,0.0,0.0,0.4579245283018868,1.7,0,False,5.6182,0.0,22.0165,0.0,165.7758,0.0,2,,,,,0.0,0.0
8031,23.4841,121.5138,2017,2016-05-01,2017-05-01,Pacific,20.310000000000002,0.0,7.0,0.0,0.0,2.12,0.6624528301886793,1.85,0,False,0.0,0.0,19.6437,0.0,180.1959,0.0,0,,,,,0.0,0.0
8031,23.4841,121.5138,2018,2017-05-13,2018-05-13,Pacific,20.315,0.0,9.0,0.0,0.0,1.23,0.4713207547169812,1.82,0,False,17.602400000000003,0.0,29.1596,0.0,211.7835,0.2716,2,,,,,0.0,0.0
8031,23.4841,121.5138,2019,2018-05-05,2019-05-05,Pacific,16.564999999999998,0.0,10.0,0.0,0.0,1.14,0.6979245283018868,1.88,0,False,3.7622,0.0,39.0484,0.9927,258.2252,8.4554,1,,,,,0.0,0.0
8036,23.6544,121.5439,2017,2016-08-10,2017-08-10,Pacific,13.129999999999999,0.0,2.5,1.11,1.11,2.4,0.5575471698113208,1.85,0,True,1.1669,0.0,86.2553,0.0,1057.388,21.4468,1,,,,,0.0,0.0
8038,25.1134,121.9198,2016,2015-05-29,2016-05-28,Pacific,19.5325,0.25,7.5,0.0,0.0,0.0,0.25754716981132075,1.72,0,False,9571.1376,852.0261,29493.463,5377.8044,54479.0948,14247.7876,12,,,,,0.0,0.0
8038,25.1134,121.9198,2017,2016-07-02,2017-07-02,Pacific,24.064999999999998,0.0,7.5,0.0,0.0,4.08,0.5757692307692308,2.2,0,False,5877.3494,504.7271,25516.0932,6222.644,67190.3206,23420.2416,12,,,,,0.0,0.0
8038,25.1134,121.9198,2018,2017-05-25,2018-05-25,Pacific,25.4675,0.375,7.5,0.0,0.0,3.08,0.8179245283018868,2.64,0,False,20871.8655,1590.9604,60678.5571,9938.496,129485.0682,35266.4401,12,,,,,0.0,0.0
8038,25.1134,121.9198,2019,2018-07-06,2019-07-06,Pacific,15.469999999999999,0.0,7.5,0.0,0.0,4.75,0.6845283018867925,2.64,7,False,30804.4494,2720.3172,89673.3312,12601.3144,246475.3015,48437.0923,12,,,,,0.0,0.0
8039,25.1135,121.92,2016,2015-05-29,2016-05-28,Pacific,26.7175,0.0,7.5,0.0,0.0,0.0,0.25754716981132075,1.72,0,False,9571.1376,852.0261,29493.463,5377.8044,54479.0948,14247.7876,12,,,,,0.0,0.0
8039,25.1135,121.92,2017,2016-07-02,2017-07-02,Pacific,23.122500000000002,0.0,7.5,0.0,0.0,4.08,0.5757692307692308,2.2,0,False,5877.3494,504.7271,25516.0932,6222.644,67190.3206,23420.2416,12,,,,,0.0,0.0
8039,25.1135,121.92,2018,2017-05-25,2018-05-25,Pacific,26.877499999999998,0.0,7.5,0.0,0.0,3.08,0.8179245283018868,2.64,0,False,20871.8655,1590.9604,60678.5571,9938.496,129485.0682,35266.4401,12,,,,,0.0,0.0
8039,25.1135,121.92,2019,2018-07-06,2019-07-06,Pacific,16.875,0.0,7.5,0.0,0.0,4.75,0.6845283018867925,2.64,7,False,30804.4494,2720.3172,89673.3312,12601.3144,246475.3015,48437.0923,12,,,,,0.0,0.0
8040,25.1158,121.917,2017,2016-05-13,2017-05-13,Pacific,24.845,0.0,6.25,0.0,0.0,4.08,0.7109433962264151,2.2,0,False,5110.2814,500.8408,26244.8735,6031.6008,70190.9951,23268.1441,12,,,,,0.0,0.0
8040,25.1158,121.917,2018,2017-05-26,2018-05-26,Pacific,25.0,0.0,7.5,0.0,0.0,3.08,0.8179245283018868,2.64,0,False,20871.8655,1590.9604,60678.5571,9938.496,129485.0682,35266.4401,12,,,,,0.0,0.0
8040,25.1158,121.917,2019,2018-07-07,2019-07-07,Pacific,16.875,0.0,7.5,0.0,0.0,4.75,0.6845283018867925,2.64,7,False,30804.4494,2720.3172,89673.3312,12601.3144,246475.3015,48437.0923,12,,,,,0.0,0.0
8041,25.1256,121.9149,2014,2013-06-14,2014-06-14,Pacific,19.38,0.0,5.0,0.0,0.0,2.21,0.07867924528301887,1.48,0,False,3906.8318,229.31869999999998,14409.4902,2247.5931,23327.2189,3769.2385,12,,,,,0.0,0.0
8041,25.1256,121.9149,2015,2014-07-04,2015-07-04,Pacific,19.685,0.0,4.9,0.0,0.0,5.0200000000000005,0.31698113207547174,2.19,7,False,4458.746,368.4278,14916.5954,2735.9976,24212.607500000002,3890.9005,12,,,,,0.0,0.0
8041,25.1256,121.9149,2016,2015-04-24,2016-04-23,Pacific,27.81,0.0,2.7,0.0,0.0,0.0,0.20037735849056607,1.72,0,False,9448.779700000001,935.0899,28746.6701,5112.7647,50739.0802,12062.677599999999,12,,,,,0.0,0.0
8041,25.1256,121.9149,2017,2016-05-20,2017-05-20,Pacific,19.69,0.0,5.0,0.0,0.0,4.08,0.6975471698113207,2.2,0,False,5110.2814,500.8408,26111.4478,6027.702,70194.7283,23268.1441,12,,,,,0.0,0.0
8041,25.1256,121.9149,2017,2016-08-12,2017-08-12,Pacific,29.065,25.0,3.5,1.48,1.48,4.08,0.5807547169811321,2.2,0,False,8017.1347,793.3565,28349.371,6603.8302,71360.2773,23986.9497,12,,,,,0.0,0.0
8041,25.1256,121.9149,2019,2018-05-11,2019-05-11,Pacific,21.56,0.0,5.0,0.0,0.0,4.75,0.7277358490566039,2.64,7,False,31498.7046,2328.2139,90051.2442,13910.4468,246193.5052,51123.2441,12,,,,,0.0,0.0
8043,25.135,121.8206,2016,2015-05-30,2016-05-29,Pacific,9.84,0.0,7.5,0.0,0.0,0.0,0.23490566037735855,1.71,0,False,14755.9393,1673.8153,33648.1897,5500.5173,58158.7293,15728.5991,12,,,,,0.0,0.0
8044,25.1356,121.8219,2017,2016-07-01,2017-07-01,Pacific,14.84,0.0,8.0,0.0,0.0,4.01,0.5043396226415093,2.37,0,False,9798.2262,1516.7250999999999,25827.9573,5757.609,69386.1523,24794.4395,12,,,,,0.0,0.0
8044,25.1356,121.8219,2018,2017-07-07,2018-07-07,Pacific,14.065,0.0,5.0,0.0,0.0,2.98,0.8183018867924527,2.68,0,False,25978.4523,1862.7881,71371.9613,10270.7763,151881.7774,41411.8669,12,,,,,0.0,0.0
8044,25.1356,121.8219,2019,2018-07-10,2019-07-10,Pacific,13.9075,0.0,7.5,0.0,0.0,4.25,0.6318867924528302,2.42,0,False,24006.5232,2791.4307,94062.3752,11979.6933,249934.435,51739.3231,12,,,,,0.0,0.0
8046,25.1453,121.8061,2017,2016-08-19,2017-08-19,Pacific,17.505,1.0,7.5,1.6,1.6,4.01,0.4818867924528302,2.37,0,False,10976.8564,1586.106,24311.8991,3754.1119,71194.3663,24774.8904,12,,,,,0.0,0.0
8046,25.1453,121.8061,2018,2017-08-19,2018-08-19,Pacific,19.69,0.0,10.0,2.51,2.51,2.98,0.8067924528301886,2.68,0,False,25923.381699999998,1796.3152,72358.5264,7187.7697,159033.8734,41807.0093,12,,,,,0.0,0.0
8046,25.1453,121.8061,2019,2018-06-02,2019-06-02,Pacific,19.06,0.0,10.0,0.0,0.0,4.25,0.6301886792452831,2.42,0,False,25013.2054,2608.2272,89190.1076,9910.3845,239386.5211,50748.8836,12,,,,,0.0,0.0
8048,25.2074,121.6955,2016,2015-05-16,2016-05-15,Pacific,16.7175,1.5,7.5,0.0,0.0,0.0,0.21528301886792453,1.92,0,False,14282.5395,2283.9715,29827.6753,3674.8563,76452.9845,34663.3232,12,,,,,0.0,0.0
8048,25.2074,121.6955,2016,2015-08-14,2016-08-13,Pacific,11.25,0.0,7.5,3.09,3.09,3.09,0.34735849056603774,1.92,0,False,13170.6546,2379.4737,25686.9266,3575.4107,76468.65120000001,36017.8587,12,,,,,0.0,0.0
8049,25.2079,121.6946,2017,2016-08-13,2017-08-13,Pacific,24.0625,0.0,7.5,2.84,2.84,4.89,0.49134615384615393,2.66,7,False,10136.8918,1730.0294,18850.8896,2771.8922,75115.9164,34313.010200000004,12,,,,,0.0,0.0
8049,25.2079,121.6946,2018,2017-05-20,2018-05-20,Pacific,28.905,0.0,7.75,0.0,0.0,4.0,0.789622641509434,2.83,0,False,18100.8533,1701.8843,43390.1585,4091.2763,110671.8801,32809.727,12,,,,,0.0,0.0
8049,25.2079,121.6946,2018,2017-07-07,2018-07-07,Pacific,11.25,0.0,10.0,0.0,0.0,4.0,0.8545283018867925,2.83,0,False,18611.0014,1786.6995,48122.3496,4664.1004,125691.4727,35048.4131,12,,,,,0.0,0.0
8049,25.2079,121.6946,2019,2018-05-12,2019-05-12,Pacific,24.6875,0.0,7.5,0.0,0.0,4.0,0.6809433962264152,2.16,0,False,20249.3634,2123.1911,71809.3171,6534.5723,193838.7821,45599.2771,12,,,,,0.0,0.0
8055,22.0398,121.5198,2014,2013-05-02,2014-05-02,Pacific,26.875,0.0,7.5,0.0,0.0,1.41,0.08603773584905663,1.8,0,False,0.0,0.0,0.0,0.0,0.0,0.0,0,,,,,0.0,0.0
8056,22.051,121.5111,2014,2013-05-02,2014-05-02,Pacific,21.095,0.0,7.5,0.0,0.0,1.09,0.08622641509433963,1.77,0,False,0.0,0.0,0.0,0.0,0.0,0.0,0,,,,,0.0,0.0
8057,22.0811,121.5297,2015,2014-05-03,2015-05-03,Pacific,23.28,0.0,7.5,0.0,0.0,2.77,0.09584905660377359,1.49,0,False,0.0,0.0,0.0,0.0,0.0,0.0,0,,,,,0.0,0.0
8058,22.0822,121.5178,2015,2014-05-03,2015-05-03,Pacific,28.595,0.0,7.5,0.0,0.0,2.77,0.09584905660377359,1.49,0,False,0.0,0.0,0.0,0.0,0.0,0.0,0,,,,,0.0,0.0
8059,22.0831,121.5578,2015,2014-05-03,2015-05-03,Pacific,31.7175,0.0,7.5,0.0,0.0,2.93,0.1018867924528302,1.48,0,False,0.0,0.0,0.0,0.0,0.0,0.0,0,,,,,0.0,0.0
8060,22.345,120.3898,2014,2013-10-15,2014-10-15,Pacific,9.53,1.0,7.5,3.95,3.95,3.95,0.2949056603773585,1.49,0,False,3123.0395,1652.9329,24576.1388,15642.0884,38679.1864,27835.5918,12,,,,,0.0,0.0
8060,22.345,120.3898,2015,2014-11-04,2015-11-04,Pacific,7.185,0.0,7.5,0.0,2.69,2.69,0.2756603773584906,1.74,0,False,2701.2777,1703.8368,28252.8384,20604.5946,42240.8735,31529.6723,12,,,,,0.0,0.0
8063,22.6439,121.48,2015,2014-06-20,2015-06-20,Pacific,24.8425,0.0,7.5,0.0,0.0,2.5,0.13301886792452827,1.42,0,False,0.0,0.0,0.0,0.0,2.7938,0.0,0,,,,,0.0,0.0
8063,22.6439,121.48,2019,2018-04-13,2019-04-13,Pacific,17.97,0.0,7.5,0.0,0.0,1.22,0.7707547169811318,1.71,0,False,31.1518,0.0,34.1683,0.0,467.8198,138.2553,1,,,,,0.0,0.0
8065,22.6548,121.4735,2014,2013-06-01,2014-06-01,Pacific,9.22,0.0,7.5,0.0,0.0,1.56,0.1220754716981132,1.28,0,False,0.0,0.0,0.0,0.0,0.0,0.0,0,,,,,0.0,0.0
8066,22.6583,121.4711,2015,2014-06-20,2015-06-20,Pacific,9.685,0.0,7.5,0.0,0.0,2.5,0.12867924528301888,1.44,0,False,0.0,0.0,0.0,0.0,2.7938,0.0,0,,,,,0.0,0.0
8068,22.6776,121.4982,2014,2013-06-01,2014-06-01,Pacific,28.28,0.0,7.5,0.0,0.0,1.56,0.1220754716981132,1.28,0,False,0.0,0.0,0.0,0.0,0.0,0.0,0,,,,,0.0,0.0
8071,22.8634,121.2101,2014,2013-09-12,2014-09-12,Pacific,28.125,0.0,5.0,1.7,1.7,1.7,0.033207547169811315,1.52,0,False,0.0,0.0,0.0,0.0,0.0,0.0,0,,,,,0.0,0.0
8072,23.2535,119.5129,2015,2014-09-03,2015-09-03,Pacific,3.125,0.0,3.5,0.79,0.79,2.15,0.3290566037735849,1.72,0,False,12.1144,0.0,278.1456,32.6657,12537.0534,4517.4335,1,,,,,2.0,2.0
8074,23.2561,119.517,2014,2013-07-19,2014-07-19,Pacific,12.185,0.0,5.0,1.07,1.07,1.07,0.26,1.5,0,False,0.0,0.0,0.2975,0.0,585.2931,43.6924,0,,,,,1.0,1.0
8075,23.2572,119.5098,2015,2014-09-03,2015-09-03,Pacific,24.375,0.0,4.0,0.79,0.79,2.15,0.3290566037735849,1.72,0,False,12.1144,0.0,278.1456,32.6657,12537.0534,4517.4335,1,,,,,2.0,2.0
8076,23.2735,119.5074,2014,2013-07-19,2014-07-19,Pacific,6.869999999999999,0.0,5.5,1.07,1.07,1.07,0.26,1.5,0,False,0.0,0.0,2.7551,1.616,586.6067,45.006,0,,,,,1.0,1.0
8076,23.2735,119.5074,2015,2014-09-03,2015-09-03,Pacific,12.81,0.0,3.0,0.79,0.79,2.15,0.3290566037735849,1.72,0,False,12.1144,0.0,1632.1027,896.3469,13038.0786,4515.9484999999995,1,,,,,2.0,2.0
8077,23.2757,119.5049,2014,2013-07-19,2014-07-19,Pacific,25.630000000000003,0.0,5.0,1.07,1.07,1.07,0.26,1.5,0,False,0.0,0.0,2.4576000000000002,1.616,586.6067,45.006,0,,,,,1.0,1.0
8078,23.4834,121.5149,2014,2013-09-14,2014-09-14,Pacific,17.814999999999998,1.75,10.0,3.3000000000000003,3.3000000000000003,3.3000000000000003,0.1067924528301887,1.62,0,False,0.793,0.0,36.0221,0.0,66.8831,0.0,1,,,,,0.0,0.0
8079,25.1134,121.9193,2014,2013-07-06,2014-07-06,Pacific,22.1875,0.0,7.5,0.0,0.0,2.21,0.06339622641509435,1.48,0,False,3844.6465,227.83679999999998,14334.5547,2273.7405,22523.0234,3642.1207,12,,,,,0.0,0.0
8079,25.1134,121.9193,2015,2014-06-14,2015-06-14,Pacific,17.9675,0.0,7.5,0.0,0.0,5.0200000000000005,0.260566037735849,2.19,7,False,3422.7739,319.7518,12695.0257,2485.3601,20711.0392,3570.4028,12,,,,,0.0,0.0
8080,25.1138,121.9202,2014,2013-07-06,2014-07-06,Pacific,29.220000000000002,0.0,7.5,0.0,0.0,2.21,0.06339622641509435,1.48,0,False,3844.6465,227.83679999999998,14334.5547,2273.7405,22527.042699999998,3642.1207,12,,,,,0.0,0.0
8080,25.1138,121.9202,2015,2014-06-14,2015-06-14,Pacific,29.380000000000003,0.0,7.5,0.0,0.0,5.0200000000000005,0.260566037735849,2.19,7,False,3422.7739,319.7518,12695.0257,2485.3601,20716.1096,3570.4028,12,,,,,0.0,0.0
8081,25.1355,121.8202,2014,2013-07-05,2014-07-05,Pacific,17.1875,0.0,7.5,0.0,0.0,2.02,-0.049245283018867936,1.5,0,False,7060.9509,940.8871,17294.842,3205.2894,25092.667699999998,4017.6107,12,,,,,0.0,0.0
8081,25.1355,121.8202,2015,2014-09-23,2015-09-23,Pacific,21.25,0.0,7.5,0.0,0.0,4.0,0.06603773584905659,1.51,0,False,11811.3693,1338.5096,27046.4893,3687.0251,38375.0831,5853.5069,12,,,,,0.0,0.0
8082,25.2115,121.6988,2014,2013-08-17,2014-08-17,Pacific,13.7525,0.0,7.5,2.5500000000000003,2.5500000000000003,2.5500000000000003,-0.13867924528301892,1.41,0,False,8545.8456,1370.1704,16720.4692,2949.8682,25734.5306,4371.7858,12,,,,,0.0,0.0
8082,25.2115,121.6988,2015,2014-08-16,2015-08-16,Pacific,12.8125,0.0,7.5,0.0,0.0,3.8,0.24396226415094344,2.14,0,False,8881.6548,1632.7262,17839.8728,2586.8927,45992.757,19155.3375,12,,,,,0.0,0.0
8235,10.0685,99.8167,2018,2017-02-12,2018-02-12,Pacific,27.5,3.25,6.199999999999999,0.0,0.0,0.45,0.480566037735849,1.54,0,False,0.0,0.0,0.0,0.0,0.0,0.0,0,,,,,0.0,0.0
8236,10.1163,99.7287,2018,2017-02-08,2018-02-08,Pacific,24.53,0.0,5.65,0.0,0.0,0.46,0.49188679245283023,1.49,0,False,0.0,0.0,0.0,0.0,0.0,0.0,0,,,,,0.0,0.0
8238,10.1228,99.835,2013,2012-06-10,2013-06-10,Pacific,36.7175,10.0,6.5,1.39,1.39,1.39,0.590566037735849,2.04,0,False,0.0,0.0,0.0,0.0,0.0,0.0,0,,,,,3.0,3.0
8238,10.1228,99.835,2013,2012-10-10,2013-10-10,Pacific,27.5,0.0,4.5,0.0,1.39,1.39,0.6109433962264151,2.04,0,False,0.0,0.0,0.0,0.0,0.0,0.0,0,,,,,3.0,3.0
8238,10.1228,99.835,2014,2013-03-13,2014-03-13,Pacific,34.0625,0.0,7.0,0.0,0.0,1.39,0.019245283018867937,1.26,0,False,0.0,0.0,0.0,0.0,0.0,0.0,0,,,,,4.0,4.0
8238,10.1228,99.835,2014,2013-05-28,2014-05-28,Pacific,37.6525,43.75,7.5,2.06,2.06,2.06,-0.005660377358490571,1.38,0,False,0.0,0.0,0.0,0.0,0.0,0.0,0,,,,,4.0,4.0
8238,10.1228,99.835,2014,2013-06-30,2014-06-30,Pacific,32.8125,24.375,7.5,2.79,2.79,2.79,0.045660377358490566,1.52,0,False,0.0,0.0,0.0,0.0,0.0,0.0,0,,,,,4.0,4.0
8238,10.1228,99.835,2018,2017-03-13,2018-03-13,Pacific,10.31,2.0,5.0,0.0,0.0,0.45,0.5000000000000001,1.59,0,False,0.0,0.0,0.0,0.0,0.0,0.0,0,,,,,0.0,0.0
8238,10.1228,99.835,2018,2017-03-15,2018-03-15,Pacific,15.625,5.0,8.0,0.0,0.0,0.45,0.5000000000000001,1.59,0,False,0.0,0.0,0.0,0.0,0.0,0.0,0,,,,,0.0,0.0
8278,7.6916,98.7675,2013,2012-06-21,2013-06-21,Indian,9.69,0.0,4.0,0.15,0.15,0.15,0.5962264150943396,1.74,0,False,0.0,0.0,0.0,0.0,0.0,0.0,0,,,,,2.0,6.0
8278,7.6916,98.7675,2014,2013-06-22,2014-06-22,Indian,7.81,5.0,5.0,1.27,1.27,1.27,0.1277358490566038,1.07,0,False,0.0,0.0,0.0,0.0,0.0,0.0,0,,,,,5.0,10.0
8278,7.6916,98.7675,2015,2014-06-22,2015-06-22,Indian,11.56,0.5,5.0,0.96,0.96,1.27,0.4801886792452831,1.63,0,False,0.0,0.0,0.0,0.0,749.5586,0.0,0,,,,,8.0,12.0
8278,7.6916,98.7675,2016,2015-06-21,2016-06-20,Indian,10.0,63.75,4.0,5.13,5.13,5.13,0.7556603773584907,1.68,7,False,0.0,0.0,59.300200000000004,0.0,1435.6289,2.5072,0,,,,,12.0,20.0
8278,7.6916,98.7675,2017,2016-06-19,2017-06-19,Indian,13.75,0.0,4.0,0.74,0.74,5.13,0.4164150943396226,1.14,0,False,62.0097,0.0,139.6479,8.3672,834.8526,173.22660000000002,3,,,,,12.0,18.0
8306,10.0719,99.8405,2014,2013-01-24,2014-01-24,Pacific,18.125,0.0,5.5,0.0,0.0,1.4,0.16018867924528302,1.27,0,False,0.0,0.0,0.0,0.0,0.0,0.0,0,,,,,4.0,4.0
8306,10.0719,99.8405,2018,2017-10-17,2018-10-17,Pacific,14.53,0.5,6.25,0.0,0.61,0.61,0.31094339622641515,1.18,0,False,0.0,0.0,0.0,0.0,0.0,0.0,0,,,,,0.0,0.0
8307,10.085,99.8236,2013,2012-05-11,2013-05-11,Pacific,23.125,2.0,5.0,0.0,0.0,0.0,0.5396226415094341,1.98,0,False,0.0,0.0,0.0,0.0,0.0,0.0,0,,,,,3.0,3.0
8307,10.085,99.8236,2013,2012-10-11,2013-10-11,Pacific,21.25,0.0,5.0,0.0,1.4,1.4,0.6101886792452829,1.98,0,False,0.0,0.0,0.0,0.0,0.0,0.0,0,,,,,3.0,3.0
8307,10.085,99.8236,2014,2013-02-13,2014-02-13,Pacific,22.814999999999998,0.0,5.0,0.0,0.0,1.4,0.079622641509434,1.27,0,False,0.0,0.0,0.0,0.0,0.0,0.0,0,,,,,4.0,4.0
8307,10.085,99.8236,2014,2013-05-26,2014-05-26,Pacific,21.87,45.0,5.0,2.06,2.06,2.06,-0.008867924528301903,1.42,0,False,0.0,0.0,0.0,0.0,0.0,0.0,0,,,,,4.0,4.0
8308,10.0898,99.8423,2014,2013-07-07,2014-07-07,Pacific,28.5925,10.625,6.5,2.77,2.77,2.77,0.05867924528301886,1.52,0,False,0.0,0.0,0.0,0.0,0.0,0.0,0,,,,,4.0,4.0
8312,10.1167,99.8444,2013,2012-01-18,2013-01-17,Pacific,19.375,0.0,6.75,0.0,0.0,0.0,0.48339622641509433,2.04,0,False,0.0,0.0,0.0,0.0,0.0,0.0,0,,,,,3.0,3.0
8312,10.1167,99.8444,2013,2012-05-10,2013-05-10,Pacific,22.185,2.5,6.75,0.0,0.0,0.0,0.5398113207547169,2.04,0,False,0.0,0.0,0.0,0.0,0.0,0.0,0,,,,,3.0,3.0
8312,10.1167,99.8444,2014,2013-05-27,2014-05-27,Pacific,27.9675,78.75,7.5,2.06,2.06,2.06,-0.005660377358490571,1.38,0,False,0.0,0.0,0.0,0.0,0.0,0.0,0,,,,,4.0,4.0
8312,10.1167,99.8444,2014,2013-07-27,2014-07-27,Pacific,22.814999999999998,8.875,7.5,2.79,2.79,2.79,0.08716981132075474,1.52,0,False,0.0,0.0,0.0,0.0,0.0,0.0,0,,,,,4.0,4.0
8312,10.1167,99.8444,2015,2014-01-29,2015-01-29,Pacific,29.5325,0.0,6.5,0.0,0.0,2.79,0.36566037735849055,1.93,0,False,0.0,0.0,0.0,0.0,0.0,0.0,0,,,,,3.0,3.0
8313,10.1172,99.8131,2015,2014-08-31,2015-08-31,Pacific,21.7175,0.0,6.8,1.64,1.79,1.79,0.4028301886792453,1.93,0,False,0.0,0.0,0.0,0.0,0.0,0.0,0,,,,,3.0,3.0
8313,10.1172,99.8131,2018,2017-12-05,2018-12-05,Pacific,21.7175,0.0,6.5,0.0,0.0,0.62,0.36603773584905663,1.48,0,False,0.0,0.0,0.0,0.0,0.0,0.0,0,,,,,0.0,0.0
8313,10.1172,99.8131,2020,2019-01-09,2020-01-09,Pacific,28.75,1.75,7.5,0.0,0.0,0.92,0.7660377358490567,1.34,0,False,0.0,0.0,0.0,0.0,13.5216,0.0,0,,,,,0.0,0.0
8313,10.1172,99.8131,2020,2019-01-16,2020-01-16,Pacific,28.905,0.0,6.4,0.0,0.0,0.92,0.7718867924528302,1.34,0,False,0.0,0.0,0.0,0.0,13.5216,0.0,0,,,,,0.0,0.0
8316,10.1199,99.8441,2014,2013-06-15,2014-06-15,Pacific,25.625,44.375,7.5,2.79,2.79,2.79,0.04660377358490565,1.52,0,False,0.0,0.0,0.0,0.0,0.0,0.0,0,,,,,4.0,4.0
8318,10.121,99.8349,2017,2016-02-24,2017-02-23,Pacific,23.905,0.0,5.5,0.0,0.0,4.92,0.5343396226415096,1.58,14,False,0.0,0.0,0.0,0.0,0.0,0.0,0,,,,,0.0,0.0
8318,10.121,99.8349,2018,2017-11-21,2018-11-21,Pacific,25.4675,1.375,6.65,0.0,0.0,0.62,0.349245283018868,1.34,0,False,0.0,0.0,0.0,0.0,0.0,0.0,0,,,,,0.0,0.0
8348,-18.7125,-174.1083,2013,2012-07-08,2013-07-08,Pacific,29.685,5.5,12.0,0.0,0.0,0.0,0.8213207547169811,1.55,0,False,0.0,0.0,0.0,0.0,3.1424000000000003,0.0,0,,,,,0.0,0.0
8355,11.2557,-60.5387,2015,2014-10-18,2015-10-18,Atlantic,3.44,7.5,10.0,1.31,1.31,1.31,0.34792452830188675,1.09,0,False,0.0,0.0,0.0,0.0,3.1502,0.0,0,1.0,0.0,1.0,0.0,,
8356,11.3013,-60.5082,2015,2014-04-25,2015-04-25,Atlantic,22.81,8.25,9.0,0.0,0.0,0.0,0.37245283018867914,1.08,0,False,0.0,0.0,0.0,0.0,0.0,0.0,0,1.0,0.0,1.0,0.0,,
8357,11.3015,-60.5204,2015,2014-01-24,2015-01-24,Atlantic,26.56,12.5,10.2,0.0,0.0,0.0,0.3579245283018868,1.08,0,False,0.0,0.0,0.0,0.0,0.0,0.0,0,1.0,0.0,1.0,0.0,,
8358,11.3209,-60.5585,2015,2014-02-19,2015-02-19,Atlantic,10.0,3.75,8.0,0.0,0.0,0.0,0.33301886792452834,1.04,0,False,0.0,0.0,0.0,0.0,0.0,0.0,0,1.0,0.0,1.0,0.0,,
8358,11.3209,-60.5585,2015,2014-06-07,2015-06-07,Atlantic,8.44,7.5,7.0,0.0,0.0,0.0,0.3150943396226415,1.04,0,False,0.0,0.0,0.0,0.0,3.1502,0.0,0,1.0,0.0,1.0,0.0,,
8358,11.3209,-60.5585,2017,2016-02-16,2017-02-15,Atlantic,10.94,0.0,10.8,0.0,2.27,2.56,0.7752830188679245,1.39,0,False,0.0,0.0,0.0,0.0,0.0,0.0,0,1.0,2.0,1.0,2.0,,
8358,11.3209,-60.5585,2017,2016-12-03,2017-12-03,Atlantic,7.5,0.0,9.8,4.03,4.03,4.03,0.7196153846153845,1.49,0,False,0.0,0.0,0.0,0.0,0.0,0.0,0,1.0,2.0,1.0,2.0,,
8358,11.3209,-60.5585,2018,2017-10-14,2018-10-14,Atlantic,12.5,0.0,8.6,0.0,0.0,4.03,0.3720754716981133,1.14,0,False,0.0,0.0,0.0,0.0,4.9252,0.0,0,1.0,3.0,1.0,3.0,,
8358,11.3209,-60.5585,2019,2018-04-26,2019-04-26,Atlantic,18.75,0.0,10.2,0.0,0.0,0.0,0.23566037735849057,0.99,0,False,0.0,0.0,0.0,0.0,0.0,0.0,0,1.0,4.0,1.0,4.0,,
8358,11.3209,-60.5585,2019,2018-10-16,2019-10-16,Atlantic,13.435,1.25,11.5,1.21,1.21,1.21,0.41811320754716974,1.17,0,False,0.0,0.0,0.0,0.0,12.5957,0.0,0,1.0,4.0,1.0,4.0,,
8359,11.3253,-60.5951,2015,2014-10-11,2015-10-11,Atlantic,5.31,2.0,10.0,1.02,1.02,1.02,0.31679245283018864,1.04,0,False,0.0,0.0,0.0,0.0,4.6571,0.0,0,1.0,0.0,1.0,0.0,,
8360,11.3265,-60.5753,2015,2014-04-11,2015-04-11,Atlantic,9.06,0.0,11.0,0.0,0.0,0.0,0.3433962264150943,1.04,0,False,0.0,0.0,0.0,0.0,0.0,0.0,0,1.0,0.0,1.0,0.0,,
8360,11.3265,-60.5753,2016,2015-12-11,2016-12-10,Atlantic,4.375,0.0,6.2,2.42,2.56,2.56,0.6849056603773584,1.39,0,False,0.0,0.0,0.0,0.0,0.0,0.0,0,1.0,1.0,1.0,1.0,,
8360,11.3265,-60.5753,2017,2016-04-24,2017-04-24,Atlantic,29.685,0.0,10.0,0.0,0.0,2.56,0.7492452830188678,1.39,0,False,0.0,0.0,0.0,0.0,0.0,0.0,0,1.0,2.0,1.0,2.0,,
8360,11.3265,-60.5753,2017,2016-12-07,2017-12-07,Atlantic,5.625,0.0,11.2,3.88,4.03,4.03,0.7171698113207546,1.49,0,False,0.0,0.0,0.0,0.0,0.0,0.0,0,1.0,2.0,1.0,2.0,,
8360,11.3265,-60.5753,2018,2017-03-22,2018-03-22,Atlantic,15.934999999999999,0.0,10.5,0.0,0.32,4.03,0.6699999999999999,1.49,0,False,0.0,0.0,0.0,0.0,0.0,0.0,0,1.0,3.0,1.0,3.0,,
8360,11.3265,-60.5753,2018,2017-10-09,2018-10-09,Atlantic,14.375,0.0,11.9,0.0,0.0,4.03,0.3720754716981133,1.14,0,False,0.0,0.0,1.4825,0.0,4.9252,0.0,0,1.0,3.0,1.0,3.0,,
8360,11.3265,-60.5753,2019,2018-04-15,2019-04-15,Atlantic,14.379999999999999,0.0,10.9,0.0,0.0,0.0,0.22811320754716985,0.99,0,False,0.0,0.0,0.0,0.0,0.0,0.0,0,1.0,4.0,1.0,4.0,,
8360,11.3265,-60.5753,2019,2018-10-16,2019-10-16,Atlantic,5.31,0.0,9.6,1.21,1.21,1.21,0.41811320754716974,1.17,0,False,0.0,0.0,0.0,0.0,12.5957,0.0,0,1.0,4.0,1.0,4.0,,
8361,11.3282,-60.5505,2015,2014-01-20,2015-01-20,Atlantic,10.625,0.0,10.5,0.0,0.0,0.0,0.31188679245283013,1.04,0,False,0.0,0.0,0.0,0.0,0.0,0.0,0,1.0,0.0,1.0,0.0,,
8361,11.3282,-60.5505,2015,2014-04-11,2015-04-11,Atlantic,7.81,0.0,10.2,0.0,0.0,0.0,0.3433962264150943,1.04,0,False,0.0,0.0,0.0,0.0,0.0,0.0,0,1.0,0.0,1.0,0.0,,
8361,11.3282,-60.5505,2015,2014-10-08,2015-10-08,Atlantic,12.19,1.5,10.0,1.02,1.02,1.02,0.30773584905660384,1.04,0,False,0.0,0.0,0.0,0.0,3.1502,0.0,0,1.0,0.0,1.0,0.0,,
8361,11.3282,-60.5505,2016,2015-05-20,2016-05-19,Atlantic,4.685,0.0,10.3,0.0,0.0,1.02,0.3722641509433962,1.12,0,False,0.0,0.0,0.0,0.0,3.1502,0.0,0,1.0,1.0,1.0,1.0,,
8361,11.3282,-60.5505,2016,2015-12-11,2016-12-10,Atlantic,5.94,0.0,9.2,2.42,2.56,2.56,0.6849056603773584,1.39,0,False,0.0,0.0,0.0,0.0,0.0,0.0,0,1.0,1.0,1.0,1.0,,
8361,11.3282,-60.5505,2017,2016-04-24,2017-04-24,Atlantic,13.120000000000001,0.0,10.0,0.0,0.0,2.56,0.7492452830188678,1.39,0,False,0.0,0.0,0.0,0.0,0.0,0.0,0,1.0,2.0,1.0,2.0,,
8361,11.3282,-60.5505,2017,2016-12-07,2017-12-07,Atlantic,4.375,0.0,9.5,3.88,4.03,4.03,0.7171698113207546,1.49,0,False,0.0,0.0,0.0,0.0,0.0,0.0,0,1.0,2.0,1.0,2.0,,
8361,11.3282,-60.5505,2018,2017-10-09,2018-10-09,Atlantic,10.625,0.0,9.0,0.0,0.0,4.03,0.3720754716981133,1.14,0,False,0.0,0.0,0.0,0.0,4.9252,0.0,0,1.0,3.0,1.0,3.0,,
8361,11.3282,-60.5505,2019,2018-04-26,2019-04-26,Atlantic,20.625,0.0,9.2,0.0,0.0,0.0,0.23566037735849057,0.99,0,False,0.0,0.0,0.0,0.0,0.0,0.0,0,1.0,4.0,1.0,4.0,,
8361,11.3282,-60.5505,2019,2018-10-12,2019-10-12,Atlantic,8.12,0.0,10.3,1.21,1.21,1.21,0.41660377358490563,1.17,0,False,0.0,0.0,0.0,0.0,12.5957,0.0,0,1.0,4.0,1.0,4.0,,
8362,11.3331,-60.5561,2015,2014-02-19,2015-02-19,Atlantic,10.0,6.75,10.6,0.0,0.0,0.0,0.33301886792452834,1.04,0,False,0.0,0.0,0.0,0.0,0.0,0.0,0,1.0,0.0,1.0,0.0,,
8362,11.3331,-60.5561,2017,2016-02-16,2017-02-15,Atlantic,2.19,0.0,10.0,0.0,2.27,2.56,0.7752830188679245,1.39,0,False,0.0,0.0,0.0,0.0,0.0,0.0,0,1.0,2.0,1.0,2.0,,
8362,11.3331,-60.5561,2017,2016-12-03,2017-12-03,Atlantic,4.0649999999999995,0.0,10.1,4.03,4.03,4.03,0.7196153846153845,1.49,0,False,0.0,0.0,0.0,0.0,0.0,0.0,0,1.0,2.0,1.0,2.0,,
8362,11.3331,-60.5561,2018,2017-10-14,2018-10-14,Atlantic,4.0649999999999995,0.75,10.6,0.0,0.0,4.03,0.3720754716981133,1.14,0,False,0.0,0.0,1.4825,0.0,4.9252,0.0,0,1.0,3.0,1.0,3.0,,
8362,11.3331,-60.5561,2019,2018-04-15,2019-04-15,Atlantic,7.8149999999999995,0.0,11.1,0.0,0.0,0.0,0.22811320754716985,0.99,0,False,0.0,0.0,0.0,0.0,0.0,0.0,0,1.0,4.0,1.0,4.0,,
8362,11.3331,-60.5561,2019,2018-10-12,2019-10-12,Atlantic,8.12,0.0,11.0,1.21,1.21,1.21,0.41660377358490563,1.17,0,False,0.0,0.0,0.0,0.0,12.5957,0.0,0,1.0,4.0,1.0,4.0,,
8364,11.339,-60.5477,2015,2014-10-08,2015-10-08,Atlantic,2.5,2.0,12.0,1.3,1.3,1.3,0.34547169811320744,1.08,0,False,0.0,0.0,0.0,0.0,3.1502,0.0,0,1.0,0.0,1.0,0.0,,
8451,21.7859,-72.205,2013,2012-09-30,2013-09-30,Atlantic,4.375,0.0,4.0,0.5,0.5,2.09,0.4000000000000001,1.53,0,False,0.0,0.0,0.0,0.0,0.0,0.0,0,1.0,3.0,1.0,3.0,,
8451,21.7859,-72.205,2014,2013-09-30,2014-09-30,Atlantic,4.06,0.0,4.0,0.0,0.0,1.4,0.6888679245283018,1.75,0,False,0.0,0.0,0.0,0.0,0.0,0.0,0,1.0,4.0,1.0,4.0,,
8451,21.7859,-72.205,2015,2014-09-26,2015-09-26,Atlantic,,16.25,4.0,2.28,2.28,2.28,0.6784905660377358,2.04,0,False,1.1002,1.1002,1.1002,1.1002,1.1002,1.1002,1,1.0,5.0,1.0,5.0,,
8451,21.7859,-72.205,2016,2015-10-01,2016-09-30,Atlantic,2.81,25.0,4.0,0.0,0.0,3.58,0.9252830188679246,1.61,0,False,0.0,0.0,0.0,0.0,0.0,0.0,0,1.0,6.0,1.0,6.0,,
8451,21.7859,-72.205,2017,2016-11-10,2017-11-10,Atlantic,3.435,2.25,4.0,0.94,0.94,0.94,0.3633962264150943,1.24,0,False,0.0,0.0,0.0,0.0,0.0,0.0,0,1.0,7.0,1.0,7.0,,
8451,21.7859,-72.205,2018,2017-09-26,2018-09-26,Atlantic,5.625,0.0,4.0,0.0,0.0,0.94,0.45660377358490567,1.21,0,False,0.0,0.0,0.0,0.0,0.0,0.0,0,1.0,8.0,1.0,8.0,,
8522,25.6034,56.3507,2013,2012-08-31,2013-08-31,Arabian Gulf,3.44,0.0,5.5,0.0,0.0,0.47,-0.11018867924528301,1.71,0,False,0.0,0.0,11.551499999999999,0.0,45.352000000000004,0.0,0,,,,,0.0,0.0
8522,25.6034,56.3507,2013,2012-12-13,2013-12-13,Arabian Gulf,9.06,7.5,5.0,0.0,0.0,0.0,-0.1641509433962264,1.71,0,False,0.0,0.0,11.551499999999999,0.0,66.62219999999999,21.2702,0,,,,,0.0,0.0
8783,25.0342,-80.3472,2014,2013-06-22,2014-06-22,Atlantic,28.75,0.0,10.0,0.0,0.0,0.0,0.5333962264150942,2.23,0,False,0.0,0.0,0.0,0.0,0.0,0.0,0,1.0,5.0,1.0,5.0,,
8785,25.1072,-80.3058,2018,2017-01-23,2018-01-23,Atlantic,4.375,8.0,4.0,0.0,1.89,2.5500000000000003,0.5601886792452829,1.76,0,False,0.8836,0.8836,0.8836,0.8836,0.8836,0.8836,1,1.0,9.0,1.0,9.0,,
9474,24.4796,-81.7167,2015,2014-09-28,2015-09-28,Atlantic,1.56,26.25,5.0,7.24,7.24,7.24,0.7269811320754718,2.84,21,False,0.2052,0.2052,0.2052,0.2052,240.6357,239.3033,1,1.0,5.0,1.0,5.0,,
9475,24.4805,-81.713,2015,2014-09-28,2015-09-28,Atlantic,6.25,0.0,3.0,7.24,7.24,7.24,0.7269811320754718,2.84,21,False,0.2052,0.2052,0.2052,0.2052,240.6357,239.3033,1,1.0,5.0,1.0,5.0,,
9476,25.0091,-80.3758,2015,2014-07-27,2015-07-27,Atlantic,8.75,1.0,12.5,0.3,0.3,4.46,0.640943396226415,2.51,0,False,0.0,0.0,0.0,0.0,0.0,0.0,0,1.0,6.0,1.0,6.0,,
9477,25.0099,-80.3745,2015,2014-07-26,2015-07-26,Atlantic,7.5,1.0,5.7,0.3,0.3,4.46,0.640943396226415,2.51,0,False,0.0,0.0,0.0,0.0,0.0,0.0,0,1.0,6.0,1.0,6.0,,
9478,25.0337,-80.3477,2014,2013-08-01,2014-08-01,Atlantic,8.434999999999999,0.01,15.3,0.15,0.15,0.15,0.620188679245283,2.23,0,False,0.0,0.0,0.0,0.0,0.0,0.0,0,1.0,5.0,1.0,5.0,,
9480,25.0341,-80.3486,2013,2012-06-22,2013-06-22,Atlantic,33.44,0.25,10.8,0.0,0.0,0.0,0.2539622641509434,1.8,0,False,0.0,0.0,0.0,0.0,0.0,0.0,0,1.0,4.0,1.0,4.0,,
9481,25.0345,-80.3547,2016,2015-01-07,2016-01-07,Atlantic,5.625,0.0,9.2,0.0,3.77,4.07,0.9054716981132076,2.51,0,False,0.0,0.0,0.0,0.0,0.0,0.0,0,1.0,7.0,1.0,7.0,,
9482,25.0356,-80.3466,2014,2013-08-04,2014-08-04,Atlantic,9.065,1.0,9.2,0.15,0.15,0.15,0.620188679245283,2.23,0,False,0.0,0.0,0.0,0.0,0.0,0.0,0,1.0,5.0,1.0,5.0,,
9482,25.0356,-80.3466,2015,2014-06-21,2015-06-21,Atlantic,22.810000000000002,0.0,11.7,0.0,0.0,3.73,0.639433962264151,2.36,0,False,0.0,0.0,0.0,0.0,0.0,0.0,0,1.0,6.0,1.0,6.0,,
9483,25.0364,-80.3473,2014,2013-08-01,2014-08-01,Atlantic,2.5,0.02,7.8,0.15,0.15,0.15,0.620188679245283,2.23,0,False,0.0,0.0,0.0,0.0,0.0,0.0,0,1.0,5.0,1.0,5.0,,
9485,25.1366,-80.2889,2016,2015-01-20,2016-01-20,Atlantic,2.81,6.25,5.0,0.0,3.14,3.3000000000000003,0.9113207547169813,2.4,0,False,0.0,0.0,0.0,0.0,0.0,0.0,0,1.0,7.0,1.0,7.0,,
9485,25.1366,-80.2889,2017,2016-10-16,2017-10-16,Atlantic,7.81,6.25,4.0,0.94,0.94,0.94,0.7443396226415097,1.7,0,False,0.0,0.0,0.8836,0.8836,1.1502000000000001,1.1502000000000001,0,1.0,8.0,1.0,8.0,,
9487,25.1429,-80.2582,2013,2012-06-22,2013-06-22,Atlantic,12.190000000000001,0.0,6.7,0.0,0.0,0.0,0.24566037735849058,1.84,0,False,0.0,0.0,0.0,0.0,0.0,0.0,0,1.0,4.0,1.0,4.0,,
9487,25.1429,-80.2582,2014,2013-06-21,2014-06-21,Atlantic,18.75,0.25,5.0,0.0,0.0,0.0,0.5149056603773585,2.19,0,False,0.0,0.0,0.0,0.0,0.0,0.0,0,1.0,5.0,1.0,5.0,,
9487,25.1429,-80.2582,2015,2014-06-22,2015-06-22,Atlantic,13.75,0.0,6.0,0.0,0.0,4.22,0.620566037735849,2.4,0,False,0.0,0.0,0.0,0.0,0.0,0.0,0,1.0,6.0,1.0,6.0,,
9487,25.1429,-80.2582,2017,2016-10-16,2017-10-16,Atlantic,5.31,10.0,5.3,0.94,0.94,0.94,0.7443396226415097,1.7,0,False,0.0,0.0,0.8836,0.8836,2.0893,1.1502000000000001,0,1.0,8.0,1.0,8.0,,
9490,25.2164,-80.4894,2017,2016-10-17,2017-10-17,Atlantic,5.31,7.75,4.0,8.84,8.84,8.84,0.8058490566037736,2.37,21,True,0.0,0.0,0.8836,0.8836,1.1502000000000001,1.1502000000000001,0,1.0,8.0,1.0,8.0,,
9491,25.2328,-80.4903,2017,2016-10-17,2017-10-17,Atlantic,13.125,3.25,4.0,8.84,8.84,8.84,0.8058490566037736,2.37,21,True,0.0,0.0,0.8836,0.8836,1.1502000000000001,1.1502000000000001,0,1.0,6.0,1.0,8.0,,
9494,26.1866,-80.0926,2014,2013-07-13,2014-07-13,Atlantic,0.625,0.0,3.0,0.0,0.0,0.0,0.4450943396226415,1.61,0,False,121.9763,0.0,136.8184,0.0,694.4641,543.1767,5,1.0,19.0,1.0,19.0,,
9495,26.2053,-80.0851,2014,2013-03-09,2014-03-09,Atlantic,6.875,0.25,6.0,0.0,0.0,0.0,0.3215094339622641,1.62,0,False,19.1762,0.0,29.011599999999998,0.0,692.1786,656.7728,2,1.0,19.0,1.0,19.0,,
9495,26.2053,-80.0851,2015,2014-06-22,2015-06-22,Atlantic,8.12,0.0,5.4,0.0,0.0,1.32,0.429245283018868,1.57,0,False,4.9697000000000005,0.0,38.4336,0.033,294.6542,244.126,6,1.0,20.0,1.0,20.0,,
9496,26.2062,-80.0851,2013,2012-05-17,2013-05-17,Atlantic,8.75,0.0,4.5,0.0,0.0,0.0,0.15754716981132072,1.27,0,False,0.0,0.0,0.0,0.0,132.4468,132.4468,0,1.0,18.0,1.0,18.0,,
9498,26.211,-80.0846,2014,2013-03-09,2014-03-09,Atlantic,5.315,0.0,5.0,0.0,0.0,0.0,0.3215094339622641,1.62,0,False,19.1762,0.0,29.011599999999998,0.0,692.1786,656.7728,2,1.0,19.0,1.0,19.0,,
9498,26.211,-80.0846,2015,2014-06-22,2015-06-22,Atlantic,5.315,0.25,5.4,0.0,0.0,1.32,0.429245283018868,1.57,0,False,4.9697000000000005,0.0,38.4336,0.033,294.6542,244.126,6,1.0,20.0,1.0,20.0,,
9499,26.2261,-80.0911,2015,2014-03-18,2015-03-18,Atlantic,0.31,0.0,4.0,0.0,0.0,1.32,0.31094339622641515,1.07,0,False,106.22189999999999,0.0,131.5099,0.0,212.3687,61.7194,7,1.0,20.0,1.0,20.0,,
9499,26.2261,-80.0911,2015,2014-03-21,2015-03-21,Atlantic,11.565,0.0,5.0,0.0,0.0,1.32,0.3184905660377359,1.07,0,False,106.22189999999999,0.0,131.5099,0.0,212.3687,61.7194,7,1.0,20.0,1.0,20.0,,
9500,26.2449,-80.0666,2015,2014-06-27,2015-06-27,Atlantic,10.620000000000001,30.0,15.5,0.0,0.0,1.32,0.4333962264150944,1.57,0,False,1.348,0.0,42.8623,4.4617,304.6874,254.1592,1,1.0,20.0,1.0,20.0,,
9501,26.2608,-80.0863,2015,2014-02-02,2015-02-02,Atlantic,4.6850000000000005,0.0,14.6,0.0,1.32,1.32,0.40622641509433965,1.66,0,False,99.19069999999999,0.0,121.7892,0.0,295.1017,142.9186,2,1.0,20.0,1.0,20.0,,
9503,26.2707,-80.0708,2013,2012-03-25,2013-03-25,Atlantic,3.13,0.0,13.7,0.0,0.0,0.0,0.1739622641509434,1.27,0,False,0.0,0.0,0.0,0.0,21.198999999999998,21.198999999999998,0,1.0,18.0,1.0,18.0,,
9504,26.271,-80.051,2013,2012-06-03,2013-06-03,Atlantic,7.5,0.0,13.4,0.0,0.0,0.0,0.13169811320754718,1.27,0,False,0.0,0.0,2.9691,2.9691,160.8153,160.8153,0,1.0,18.0,1.0,18.0,,
9505,26.2712,-80.0709,2014,2013-08-25,2014-08-25,Atlantic,2.5,0.0,14.0,0.17,0.17,0.17,0.5105660377358491,1.66,0,False,118.2581,0.0,133.61499999999998,3.4386,730.4888,579.8857,3,1.0,19.0,1.0,19.0,,
9510,26.3292,-80.0584,2014,2013-08-25,2014-08-25,Atlantic,3.12,0.0,14.0,0.31,0.31,0.31,0.5109433962264152,1.71,0,False,118.0329,0.0,415.2308,283.8819,772.9748,603.0956,3,1.0,19.0,1.0,19.0,,
9835,-13.5002,47.8825,2016,2015-04-19,2016-04-18,Indian,19.06,100.0,14.0,3.7,3.7,3.7,0.8084905660377357,1.48,0,False,0.0,0.0,0.0,0.0,0.0,0.0,0,,,,,0.0,1.0
9836,-13.4869,47.9782,2016,2015-04-19,2016-04-18,Indian,52.5,93.94,6.0,3.73,3.73,3.73,0.8041509433962264,1.47,0,False,0.0,0.0,0.0,0.0,0.0,0.0,0,,,,,0.0,1.0
9837,-13.0349,48.5494,2016,2015-04-16,2016-04-15,Indian,83.33,69.84,5.0,5.1000000000000005,5.1000000000000005,5.1000000000000005,0.778867924528302,1.63,14,False,0.0,0.0,0.0,0.0,0.0,0.0,0,,,,,0.0,0.0
9838,-13.0246,48.5374,2016,2015-04-16,2016-04-15,Indian,87.94,44.95,7.0,5.1000000000000005,5.1000000000000005,5.1000000000000005,0.778867924528302,1.63,14,False,0.0,0.0,0.0,0.0,0.0,0.0,0,,,,,0.0,0.0
9839,-13.0028,48.4976,2016,2015-04-15,2016-04-14,Indian,45.33,61.82,7.0,4.36,4.36,4.36,0.7630188679245284,1.56,7,False,0.0,0.0,0.0,0.0,0.0,0.0,0,,,,,0.0,0.0
9840,-12.9966,48.5621,2016,2015-04-15,2016-04-14,Indian,87.89,89.22,4.0,5.2700000000000005,5.2700000000000005,5.2700000000000005,0.7807547169811323,1.71,14,False,0.0,0.0,0.0,0.0,0.0,0.0,0,,,,,0.0,0.0
9841,-12.9857,48.5779,2016,2015-04-16,2016-04-15,Indian,75.79,86.67,7.0,5.2700000000000005,5.2700000000000005,5.2700000000000005,0.7807547169811323,1.71,14,False,0.0,0.0,0.0,0.0,0.0,0.0,0,,,,,0.0,0.0
9842,-12.9382,48.583,2016,2015-04-17,2016-04-16,Indian,73.25,74.14,4.0,5.14,5.14,5.14,0.7775471698113209,1.74,14,False,0.0,0.0,0.0,0.0,0.0,0.0,0,,,,,0.0,0.0
9843,-12.9153,48.6069,2016,2015-04-17,2016-04-16,Indian,59.25,88.06,3.0,5.6000000000000005,5.6000000000000005,5.6000000000000005,0.7850943396226416,1.82,21,False,0.0,0.0,0.0,0.0,0.0,0.0,0,,,,,0.0,0.0
9844,-12.8862,48.5624,2016,2015-04-17,2016-04-16,Indian,74.0,82.27,6.0,5.12,5.12,5.12,0.7671698113207547,1.76,14,False,0.0,0.0,0.0,0.0,0.0,0.0,0,,,,,0.0,0.0
9845,-12.8834,48.6348,2016,2015-04-15,2016-04-14,Indian,79.25,74.04,5.0,5.14,5.14,5.14,0.7562264150943397,1.84,14,False,0.0,0.0,0.0,0.0,0.0,0.0,0,,,,,0.0,0.0
9846,-12.8453,48.5741,2016,2015-04-14,2016-04-13,Indian,83.25,80.37,5.0,4.68,4.68,4.68,0.7458490566037739,1.78,7,False,0.0,0.0,0.0,0.0,0.0,0.0,0,,,,,0.0,0.0
9847,-13.5221,48.0268,2016,2015-04-20,2016-04-19,Indian,52.5,96.46,5.0,4.05,4.05,4.05,0.8196226415094341,1.47,0,False,0.0,0.0,0.0,0.0,0.0,0.0,0,,,,,0.0,1.0
9848,-13.5023,47.951,2016,2015-04-19,2016-04-18,Indian,61.76,68.38,9.0,3.74,3.74,3.74,0.8098113207547168,1.47,0,False,0.0,0.0,0.0,0.0,0.0,0.0,0,,,,,0.0,1.0
9849,-12.8258,48.5923,2016,2015-04-14,2016-04-13,Indian,81.47,92.63,4.0,4.68,4.68,4.68,0.7458490566037739,1.78,7,False,0.0,0.0,0.0,0.0,0.0,0.0,0,,,,,0.0,0.0
9850,-12.7473,48.6708,2016,2015-04-14,2016-04-13,Indian,86.56,75.68,6.0,4.28,4.28,4.28,0.6839622641509434,1.89,0,False,0.0,0.0,0.0,0.0,0.0,0.0,0,,,,,0.0,0.0
9851,-8.7288,115.9167,2016,2015-04-25,2016-04-24,Indian,63.29,48.66,4.0,9.26,9.26,9.26,0.49830188679245285,1.57,35,False,0.0,0.0,0.0,0.0,0.0,0.0,0,,,,,0.0,1.0
9852,-8.7255,115.9105,2016,2015-04-24,2016-04-23,Indian,76.92,91.84,4.0,9.26,9.26,9.26,0.49830188679245285,1.57,35,False,0.0,0.0,0.0,0.0,0.0,0.0,0,,,,,0.0,1.0
9853,-8.7206,116.021,2016,2015-04-24,2016-04-23,Indian,41.5,75.0,4.0,9.15,9.15,9.15,0.49830188679245274,1.55,35,False,0.0,0.0,0.0,0.0,0.0,0.0,0,,,,,0.0,1.0
9854,-8.7169,116.0056,2016,2015-04-25,2016-04-24,Indian,55.0,67.72,4.0,9.15,9.15,9.15,0.49830188679245274,1.55,35,False,0.0,0.0,0.0,0.0,0.0,0.0,0,,,,,0.0,1.0
9855,-8.7115,115.9141,2016,2015-04-24,2016-04-23,Indian,62.59,84.93,4.0,9.26,9.26,9.26,0.49830188679245285,1.57,35,False,0.0,0.0,0.0,0.0,0.0,0.0,0,,,,,0.0,1.0
9856,-8.3373,116.7239,2016,2015-07-02,2016-07-01,Pacific,58.0,63.89,5.0,12.85,12.85,12.85,0.5913207547169812,1.81,49,False,0.0,0.0,0.0,0.0,0.0,0.0,0,,,,,0.0,0.0
9857,-8.3158,116.7052,2016,2015-07-02,2016-07-01,Pacific,75.0,79.07,3.0,12.85,12.85,12.85,0.5913207547169812,1.81,49,False,0.0,0.0,0.0,0.0,0.0,0.0,0,,,,,0.0,0.0
9858,-8.2972,116.688,2016,2015-07-02,2016-07-01,Pacific,76.5,49.25,3.0,12.5,12.64,12.64,0.5647169811320755,1.82,49,False,0.0,0.0,0.0,0.0,0.0,0.0,0,,,,,0.0,0.0
9859,-8.2937,116.7074,2016,2015-07-03,2016-07-02,Pacific,49.0,12.99,4.0,12.91,13.07,13.07,0.6039622641509433,1.85,63,False,0.0,0.0,0.0,0.0,0.0,0.0,0,,,,,0.0,0.0
9860,-8.1328,157.1582,2016,2015-03-24,2016-03-23,Pacific,9.76,12.23,10.0,1.49,1.49,1.49,0.19264150943396224,1.31,0,False,0.0,0.0,38.8314,0.0,81.1022,0.0,0,,,,,0.0,0.0
9861,-8.1131,157.1744,2016,2015-03-24,2016-03-23,Pacific,34.95,15.0,10.0,1.49,1.49,1.49,0.19264150943396224,1.31,0,False,0.0,0.0,38.8314,0.0,79.6359,0.0,0,,,,,0.0,0.0
9862,-8.0499,157.1956,2016,2015-03-23,2016-03-22,Pacific,31.75,14.38,8.0,1.83,1.83,1.83,0.19679245283018867,1.38,0,False,0.0,0.0,53.8866,0.0,53.9521,0.0,0,,,,,0.0,0.0
9863,-8.0274,156.9453,2016,2015-03-15,2016-03-14,Pacific,50.65,18.85,12.0,1.05,1.05,1.77,0.1649056603773585,1.5,0,False,0.0,0.0,0.0,0.0,83.1935,0.0,0,,,,,0.0,0.0
9864,-8.0185,157.1878,2016,2015-03-23,2016-03-22,Pacific,23.33,26.79,8.0,1.83,1.83,1.83,0.19679245283018867,1.38,0,False,0.0,0.0,27.258200000000002,0.0,55.3187,0.0,0,,,,,0.0,0.0
9865,-7.9727,156.937,2016,2015-03-16,2016-03-15,Pacific,4.05,16.13,11.0,1.17,1.17,1.76,0.18339622641509434,1.53,0,False,0.0,0.0,0.0,0.0,81.7272,0.0,0,,,,,0.0,0.0
9866,-7.9479,157.1862,2016,2015-03-22,2016-03-21,Pacific,17.5,47.21,8.3,2.36,2.36,2.36,0.19320754716981137,1.46,0,False,12.203,0.0,27.258200000000002,0.0,55.9779,0.0,1,,,,,0.0,0.0
9867,-7.9349,156.9455,2016,2015-03-16,2016-03-15,Pacific,15.28,33.33,11.7,1.16,1.16,1.75,0.18679245283018867,1.54,0,False,0.0,0.0,1.3666,0.0,81.7272,0.0,0,,,,,0.0,0.0
9868,-7.9275,39.7799,2016,2015-05-15,2016-05-14,Indian,76.88,94.72,4.0,6.3500000000000005,6.3500000000000005,6.3500000000000005,0.861132075471698,1.82,14,False,0.0,0.0,0.0,0.0,0.0,0.0,0,,,,,0.0,0.0
9869,-7.91,157.1722,2016,2015-03-19,2016-03-18,Pacific,31.0,44.71,8.3,1.31,1.31,1.91,0.17132075471698116,1.46,0,False,12.203,0.0,27.258200000000002,0.0,55.9779,0.0,1,,,,,0.0,0.0
9870,-7.8987,156.9644,2016,2015-03-16,2016-03-15,Pacific,38.08,17.04,10.0,1.17,1.17,1.74,0.1809433962264151,1.54,0,False,0.0,0.0,1.3666,0.0,55.9779,0.0,0,,,,,0.0,0.0
9871,-7.885,157.1508,2016,2015-03-19,2016-03-18,Pacific,30.71,56.12,10.0,1.34,1.34,1.73,0.16320754716981134,1.47,0,False,0.0,0.0,27.258200000000002,0.0,55.9779,0.0,0,,,,,0.0,0.0
9872,-7.8742,156.9908,2016,2015-03-17,2016-03-16,Pacific,31.25,23.89,11.3,1.17,1.17,1.74,0.1809433962264151,1.54,0,False,0.0,0.0,1.3666,0.0,55.9779,0.0,0,,,,,0.0,0.0
9873,-7.8635,157.1276,2016,2015-03-19,2016-03-18,Pacific,32.14,39.11,10.0,1.19,1.19,1.72,0.16679245283018868,1.48,0,False,0.0,0.0,12.203,0.0,55.9779,0.0,0,,,,,0.0,0.0
9874,-7.847,157.0519,2016,2015-03-17,2016-03-16,Pacific,58.63,27.06,11.7,1.19,1.19,1.7,0.16905660377358492,1.5,0,False,0.0,0.0,13.5696,0.0,55.9779,0.0,0,,,,,0.0,0.0
9875,-7.8436,157.0967,2016,2015-03-18,2016-03-17,Pacific,29.5,52.47,10.0,1.19,1.19,1.7,0.16905660377358492,1.5,0,False,0.0,0.0,12.203,0.0,55.9779,0.0,0,,,,,0.0,0.0
9876,-7.8414,157.0782,2016,2015-03-18,2016-03-17,Pacific,35.25,38.82,11.7,1.19,1.19,1.7,0.16905660377358492,1.5,0,False,0.0,0.0,12.203,0.0,55.9779,0.0,0,,,,,0.0,0.0
9877,-6.6996,39.2632,2016,2015-05-05,2016-05-04,Indian,50.83,60.98,4.0,7.03,7.03,7.03,0.8471698113207549,1.83,21,False,0.0,0.0,0.0,0.0,0.0,0.0,0,,,,,1.0,3.0
9878,-6.6615,39.2501,2016,2015-05-03,2016-05-02,Indian,58.13,47.72,4.0,7.03,7.03,7.03,0.8471698113207549,1.83,21,False,0.0,0.0,0.0,0.0,0.0,0.0,0,,,,,1.0,3.0
9879,-6.658,39.261,2016,2015-05-06,2016-05-05,Indian,38.415,84.93,6.0,7.03,7.03,7.03,0.8471698113207549,1.83,21,False,0.0,0.0,0.0,0.0,0.0,0.0,0,,,,,1.0,3.0
9880,-6.6544,39.2439,2016,2015-05-03,2016-05-02,Indian,74.17,69.03,2.0,7.16,7.16,7.16,0.8635849056603774,1.88,21,False,0.0,0.0,0.0,0.0,0.0,0.0,0,,,,,1.0,3.0
9881,-6.2848,39.1764,2016,2015-05-01,2016-04-30,Indian,66.20142857142856,71.175,5.0,6.78,6.78,6.78,0.8294339622641508,1.86,14,False,0.0,0.0,0.0,0.0,0.0,0.0,0,,,,,2.0,3.0
9882,-6.2772,39.1744,2016,2015-05-01,2016-04-30,Indian,64.54400000000001,74.455,4.0,6.78,6.78,6.78,0.8294339622641508,1.86,14,False,0.0,0.0,0.0,0.0,0.0,0.0,0,,,,,2.0,3.0
9883,-6.1562,39.1223,2016,2015-04-30,2016-04-29,Indian,36.655,75.00333333333333,3.125,6.51,6.51,6.51,0.8290566037735848,1.86,14,False,0.0,0.0,0.0,0.0,0.0,0.0,0,,,,,0.0,2.0
9884,-6.1511,39.1266,2016,2015-04-30,2016-04-29,Indian,49.144999999999996,71.18666666666667,3.375,6.51,6.51,6.51,0.8290566037735848,1.86,14,False,0.0,0.0,0.0,0.0,0.0,0.0,0,,,,,0.0,2.0
9885,-6.1459,39.1371,2016,2015-04-30,2016-04-29,Indian,66.26,84.5475,3.75,6.46,6.46,6.46,0.8341509433962264,1.88,14,False,0.0,0.0,0.0,0.0,0.0,0.0,0,,,,,0.0,2.0
9886,-5.9013,110.4056,2016,2015-05-07,2016-05-06,Pacific,40.88,46.02,3.0,0.15,0.15,0.15,0.28886792452830184,1.39,0,False,0.0,0.0,0.0,0.0,0.0,0.0,0,,,,,0.0,0.0
9887,-5.8994,110.244,2016,2015-05-24,2016-05-23,Pacific,50.5,46.46,3.0,1.23,1.23,1.23,0.36754716981132085,1.52,0,False,0.0,0.0,0.0,0.0,0.0,0.0,0,,,,,0.0,0.0
9888,-5.8981,110.4338,2016,2015-05-07,2016-05-06,Pacific,52.25,57.53,3.0,0.3,0.3,0.3,0.290188679245283,1.37,0,False,0.0,0.0,0.0,0.0,0.0,0.0,0,,,,,0.0,0.0
9889,-5.8802,110.3594,2016,2015-05-18,2016-05-17,Pacific,65.88,48.37,3.0,1.29,1.29,1.29,0.32547169811320753,1.4,0,False,0.0,0.0,0.0,0.0,0.0,0.0,0,,,,,0.0,0.0
9890,-5.8629,110.4665,2016,2015-05-06,2016-05-05,Pacific,43.88,14.59,3.0,0.45,0.45,0.45,0.29283018867924526,1.41,0,False,0.0,0.0,0.0,0.0,0.0,0.0,0,,,,,0.0,0.0
9891,-5.8568,110.4728,2016,2015-05-06,2016-05-05,Pacific,49.62,19.66,3.0,0.45,0.45,0.45,0.29283018867924526,1.41,0,False,0.0,0.0,0.0,0.0,0.0,0.0,0,,,,,0.0,0.0
9892,-5.8337,110.4885,2016,2015-05-12,2016-05-11,Pacific,46.12,38.19,3.0,0.77,0.77,0.77,0.3164150943396226,1.45,0,False,0.0,0.0,0.0,0.0,0.0,0.0,0,,,,,0.0,0.0
9893,-5.8313,110.3822,2016,2015-05-13,2016-05-12,Pacific,66.0,45.94,3.0,0.61,0.61,0.61,0.31339622641509435,1.44,0,False,0.0,0.0,0.0,0.0,0.0,0.0,0,,,,,0.0,0.0
9894,-5.8207,110.4389,2016,2015-05-15,2016-05-14,Pacific,54.62,57.58,3.0,1.77,1.77,1.77,0.33754716981132077,1.44,0,False,0.0,0.0,0.0,0.0,0.0,0.0,0,,,,,0.0,0.0
9895,-5.8088,110.5116,2016,2015-05-11,2016-05-10,Pacific,28.75,48.34,3.0,0.76,0.76,0.76,0.3211320754716982,1.49,0,False,0.0,0.0,0.0,0.0,0.0,0.0,0,,,,,0.0,0.0
9896,-5.8042,110.5588,2016,2015-05-09,2016-05-08,Pacific,54.0,46.41,3.0,0.62,0.62,0.62,0.3249056603773585,1.53,0,False,0.0,0.0,0.0,0.0,0.0,0.0,0,,,,,0.0,0.0
9897,-5.803,110.1644,2016,2015-05-22,2016-05-21,Pacific,54.62,48.35,3.0,1.53,1.53,1.53,0.3847169811320754,1.53,0,False,0.0,0.0,0.0,0.0,0.0,0.0,0,,,,,0.0,0.0
9898,-5.7998,110.5106,2016,2015-05-11,2016-05-10,Pacific,37.12,57.85,3.0,0.78,0.78,0.78,0.32792452830188684,1.51,0,False,0.0,0.0,0.0,0.0,0.0,0.0,0,,,,,0.0,0.0
9899,-5.7982,110.3473,2016,2015-05-16,2016-05-15,Pacific,59.38,41.26,3.0,1.68,1.68,1.68,0.3549056603773585,1.47,0,False,0.0,0.0,0.0,0.0,0.0,0.0,0,,,,,0.0,0.0
9900,-5.7848,110.5193,2016,2015-05-09,2016-05-08,Pacific,48.62,23.36,3.0,0.78,0.78,0.78,0.32792452830188684,1.51,0,False,0.0,0.0,0.0,0.0,0.0,0.0,0,,,,,0.0,0.0
9901,-5.7673,110.3257,2016,2015-05-16,2016-05-15,Pacific,66.0,42.38,3.0,1.68,1.68,1.68,0.3549056603773585,1.47,0,False,0.0,0.0,0.0,0.0,0.0,0.0,0,,,,,0.0,0.0
9902,-5.7436,110.1956,2016,2015-05-21,2016-05-20,Pacific,40.88,45.03,3.0,1.85,1.85,1.85,0.3877358490566038,1.51,0,False,0.0,0.0,0.0,0.0,0.0,0.0,0,,,,,0.0,0.0
9903,-5.7424,110.4175,2016,2015-05-17,2016-05-16,Pacific,46.88,36.9,3.0,1.9,1.9,1.9,0.36566037735849055,1.57,0,False,0.0,0.0,0.0,0.0,0.0,0.0,0,,,,,0.0,0.0
9904,-4.972,119.2841,2016,2015-07-19,2016-07-18,Pacific,69.5,12.27,5.0,4.45,5.89,5.89,0.6939622641509433,1.76,14,False,0.0,0.0,0.0,0.0,0.0,0.0,0,,,,,0.0,0.0
9905,-4.9212,119.3171,2016,2015-07-18,2016-07-17,Pacific,77.5,5.33,3.0,5.57,6.32,6.32,0.7111320754716981,1.75,14,False,0.0,0.0,0.0,0.0,0.0,0.0,0,,,,,0.0,0.0
9906,-4.7156,39.3811,2016,2015-04-19,2016-04-18,Indian,50.0,33.33,6.0,4.24,4.24,4.24,0.7909433962264151,1.89,7,False,0.0,0.0,0.0,0.0,0.0,0.0,0,,,,,0.0,0.0
9907,-4.715,39.3787,2016,2015-04-19,2016-04-18,Indian,49.5,49.44,5.0,4.24,4.24,4.24,0.7909433962264151,1.89,7,False,0.0,0.0,0.0,0.0,0.0,0.0,0,,,,,0.0,0.0
9908,-4.715,39.3722,2016,2015-05-24,2016-05-23,Indian,47.0,24.32,2.5,4.24,4.24,4.24,0.8301886792452828,1.89,7,False,0.0,0.0,0.0,0.0,0.0,0.0,0,,,,,0.0,0.0
9909,-4.7094,39.4082,2016,2015-04-19,2016-04-18,Indian,42.0,30.49,5.0,4.18,4.18,4.18,0.7813207547169811,1.84,7,False,0.0,0.0,0.0,0.0,0.0,0.0,0,,,,,0.0,0.0
9910,-4.7085,39.4101,2016,2015-04-19,2016-04-18,Indian,17.5,25.97,5.0,4.18,4.18,4.18,0.7813207547169811,1.84,7,False,0.0,0.0,0.0,0.0,0.0,0.0,0,,,,,0.0,0.0
9911,-4.0216,39.7331,2016,2015-04-08,2016-04-07,Indian,22.33,47.97,1.0,2.59,2.59,2.59,0.6950943396226414,1.82,0,False,0.0,0.0,0.0,0.0,0.0,0.0,0,,,,,0.0,0.0
9912,-3.9946,39.7484,2016,2015-04-11,2016-04-10,Indian,20.0,30.74,1.0,3.36,3.36,3.36,0.709811320754717,1.84,0,False,0.0,0.0,0.0,0.0,0.0,0.0,0,,,,,0.0,0.0
9913,-3.9946,39.7484,2016,2015-05-13,2016-05-12,Indian,14.67,21.48,1.5,3.51,3.51,3.51,0.7294339622641507,1.84,0,False,0.0,0.0,0.0,0.0,2.963,0.0,0,,,,,0.0,0.0
9914,-3.9943,39.7477,2016,2015-04-11,2016-04-10,Indian,14.75,42.7,1.0,3.36,3.36,3.36,0.709811320754717,1.84,0,False,0.0,0.0,0.0,0.0,0.0,0.0,0,,,,,0.0,0.0
9915,-3.9943,39.7477,2016,2015-05-13,2016-05-12,Indian,14.33,16.67,1.5,3.51,3.51,3.51,0.7294339622641507,1.84,0,False,0.0,0.0,0.0,0.0,2.963,0.0,0,,,,,0.0,0.0
9916,-3.9917,39.7506,2016,2015-05-13,2016-05-12,Indian,23.18,40.38,1.5,3.53,3.53,3.53,0.739433962264151,1.86,0,False,0.0,0.0,0.0,0.0,2.963,0.0,0,,,,,0.0,0.0
9917,-3.984,39.7601,2016,2015-04-11,2016-04-10,Indian,31.33,6.91,14.0,3.37,3.37,3.37,0.718867924528302,1.86,0,False,0.0,0.0,0.0,0.0,0.0,0.0,0,,,,,0.0,0.0
9918,-3.9417,39.7823,2016,2015-04-07,2016-04-06,Indian,51.67,22.65,1.0,2.56,2.56,2.56,0.6858490566037736,1.86,0,False,0.0,0.0,0.0,0.0,0.0,0.0,0,,,,,0.0,0.0
9919,-3.8014,39.8369,2016,2015-04-03,2016-04-02,Indian,20.33,34.78,1.0,2.54,2.54,2.54,0.661132075471698,1.87,0,False,0.0,0.0,0.0,0.0,0.0,0.0,0,,,,,0.0,0.0
9920,-3.384,39.9918,2016,2015-05-21,2016-05-20,Indian,27.75,29.95,2.0,4.0600000000000005,4.0600000000000005,4.0600000000000005,0.6911320754716981,2.04,0,False,0.0,0.0,0.0,0.0,0.0,0.0,0,,,,,0.0,0.0
9921,-3.384,39.9918,2016,2015-04-14,2016-04-13,Indian,23.25,67.33,2.0,3.59,3.59,3.59,0.6622641509433963,2.04,0,False,0.0,0.0,0.0,0.0,0.0,0.0,0,,,,,0.0,0.0
9922,-3.3831,39.9925,2016,2015-04-14,2016-04-13,Indian,26.67,53.59,1.5,3.59,3.59,3.59,0.6622641509433963,2.04,0,False,0.0,0.0,0.0,0.0,0.0,0.0,0,,,,,0.0,0.0
9922,-3.3831,39.9925,2016,2015-05-21,2016-05-20,Indian,21.0,39.64,2.0,4.0600000000000005,4.0600000000000005,4.0600000000000005,0.6911320754716981,2.04,0,False,0.0,0.0,0.0,0.0,0.0,0.0,0,,,,,0.0,0.0
9923,-3.2463,40.147,2016,2015-04-13,2016-04-12,Indian,16.75,60.39,8.0,3.62,3.62,3.62,0.761320754716981,2.14,0,False,0.0,0.0,0.0,0.0,0.0,0.0,0,,,,,0.0,0.0
9924,4.1766,73.4834,2016,2015-05-07,2016-05-06,Indian,8.8,63.89,10.0,3.33,3.33,3.33,0.8715094339622642,1.53,0,False,0.2766,0.0,0.2766,0.0,0.2766,0.0,1,,,,,4.0,8.0
9925,4.269,73.4888,2016,2015-04-24,2016-04-23,Indian,23.5,24.08,10.0,2.6,2.6,2.6,0.8667924528301888,1.51,0,False,0.0,0.0,0.2766,0.0,0.2766,0.0,0,,,,,4.0,8.0
9926,5.2578,73.1634,2016,2015-05-02,2016-05-01,Indian,25.65,78.01,2.0,3.06,3.06,3.06,0.8732075471698115,1.44,0,False,0.0,0.0,0.0,0.0,0.0,0.0,0,,,,,0.0,0.0
9927,5.7775,95.3369,2016,2015-06-03,2016-06-02,Indian,42.0,90.93,4.0,9.25,9.25,9.25,0.8932075471698112,2.0,21,False,3.6662999999999997,0.0,144.369,0.0,228.4605,0.0,2,,,,,3.0,3.0
9928,5.7998,95.346,2016,2015-06-03,2016-06-02,Indian,54.0,89.07,4.0,9.25,9.25,9.25,0.8932075471698112,2.0,21,False,3.6662999999999997,0.0,144.369,0.0,228.4605,0.0,2,,,,,3.0,3.0
9929,5.8083,95.3763,2016,2015-06-04,2016-06-03,Indian,63.0,86.01,4.0,9.35,9.35,9.35,0.9071698113207548,1.97,21,False,3.6662999999999997,0.0,144.369,0.0,228.4605,0.0,2,,,,,3.0,3.0
9930,5.8257,95.3783,2016,2015-06-04,2016-06-03,Indian,72.0,92.31,4.0,9.35,9.35,9.35,0.9071698113207548,1.97,21,False,3.6662999999999997,0.0,144.369,0.0,228.4605,0.0,2,,,,,3.0,3.0
9931,5.8457,95.3732,2016,2015-06-01,2016-05-31,Indian,66.0,84.16,4.0,9.35,9.35,9.35,0.9071698113207548,1.97,21,False,0.0,0.0,114.9805,0.0,228.4605,0.0,0,,,,,3.0,3.0
9932,5.8542,95.2737,2016,2015-06-03,2016-06-02,Indian,72.0,93.22,4.0,9.27,9.27,9.27,0.9173584905660377,2.06,21,False,0.0,0.0,144.369,0.0,228.4605,0.0,0,,,,,3.0,3.0
9933,5.8572,95.3614,2016,2015-06-01,2016-05-31,Indian,60.0,93.45,4.0,9.35,9.35,9.35,0.9154716981132078,1.99,21,False,0.0,0.0,114.9805,0.0,228.4605,0.0,0,,,,,3.0,3.0
9934,5.8735,95.2647,2016,2015-06-03,2016-06-02,Indian,61.0,89.48,4.0,9.27,9.27,9.27,0.9173584905660377,2.06,21,False,0.0,0.0,33.0548,0.0,228.4605,0.0,0,,,,,3.0,3.0
9935,5.8762,95.3536,2016,2015-06-01,2016-05-31,Indian,58.0,87.01,4.0,9.35,9.35,9.35,0.9154716981132078,1.99,21,False,0.0,0.0,3.6662999999999997,0.0,228.4605,0.0,0,,,,,3.0,3.0
9936,5.8815,95.2606,2016,2015-06-02,2016-06-01,Indian,70.0,82.15,4.0,9.27,9.27,9.27,0.9173584905660377,2.06,21,False,0.0,0.0,3.6662999999999997,0.0,228.4605,0.0,0,,,,,3.0,3.0
9937,5.8834,95.245,2016,2015-06-02,2016-06-01,Indian,63.0,54.51,4.0,9.17,9.17,9.17,0.9113207547169813,2.08,21,False,0.0,0.0,3.6662999999999997,0.0,228.4605,0.0,0,,,,,3.0,3.0
9938,5.8838,95.2549,2016,2015-06-02,2016-06-01,Indian,55.0,78.21,4.0,9.27,9.27,9.27,0.9173584905660377,2.06,21,False,0.0,0.0,3.6662999999999997,0.0,228.4605,0.0,0,,,,,3.0,3.0
9939,5.8884,95.3455,2016,2015-06-01,2016-05-31,Indian,50.0,85.3,4.0,9.46,9.46,9.46,0.9171698113207547,2.03,21,False,0.0,0.0,3.6662999999999997,0.0,228.4605,0.0,0,,,,,3.0,3.0
9940,5.8956,95.2376,2016,2015-06-02,2016-06-01,Indian,55.0,78.29,4.0,9.17,9.17,9.17,0.9113207547169813,2.08,21,False,0.0,0.0,3.6662999999999997,0.0,228.4605,0.0,0,,,,,3.0,3.0
9941,10.073,73.6495,2016,2015-05-14,2016-05-13,Indian,24.575000000000003,89.025,11.0,2.21,2.21,2.21,1.0235849056603774,1.65,0,False,0.0,0.0,0.0,0.0,0.0,0.0,0,,,,,0.0,0.0
9942,10.0832,73.6501,2016,2015-05-12,2016-05-11,Indian,29.0,92.695,11.0,2.35,2.35,2.35,1.0326415094339623,1.64,0,False,0.0,0.0,0.0,0.0,0.0,0.0,0,,,,,0.0,0.0
9942,10.0832,73.6501,2016,2015-05-14,2016-05-13,Indian,23.25,90.9,11.0,2.35,2.35,2.35,1.0326415094339623,1.64,0,False,0.0,0.0,0.0,0.0,0.0,0.0,0,,,,,0.0,0.0
9943,10.0911,73.6401,2016,2015-05-12,2016-05-11,Indian,39.3,90.43,3.0,2.21,2.21,2.21,1.0235849056603774,1.65,0,False,0.0,0.0,0.0,0.0,0.0,0.0,0,,,,,0.0,0.0
9944,10.1448,73.6656,2016,2015-05-12,2016-05-11,Indian,20.165,88.10499999999999,11.0,2.18,2.18,2.18,1.0311320754716982,1.62,0,False,0.0,0.0,0.0,0.0,0.0,0.0,0,,,,,0.0,0.0
9945,10.5564,72.6442,2016,2015-04-30,2016-04-29,Indian,31.799999999999997,84.565,11.0,0.0,0.0,0.0,0.8877358490566037,1.59,0,False,0.0,0.0,0.0,0.0,0.0,0.0,0,,,,,2.0,2.0
9946,10.5766,72.6271,2016,2015-05-01,2016-04-30,Indian,30.85,61.76,15.0,0.38,0.38,0.38,0.9035849056603774,1.59,0,False,0.0,0.0,0.0,0.0,0.0,0.0,0,,,,,2.0,2.0
9947,10.8495,72.1955,2016,2015-05-03,2016-05-02,Indian,23.525,80.515,11.75,0.4,0.4,0.4,0.8332075471698112,1.8,0,False,0.0,0.0,0.0,0.0,0.0,0.0,0,,,,,0.0,0.0
9948,10.9172,72.2992,2016,2015-05-04,2016-05-03,Indian,31.049999999999997,79.14500000000001,11.5,0.38,0.38,0.38,0.8396226415094341,1.74,0,False,0.0,0.0,0.0,0.0,0.0,0.0,0,,,,,0.0,0.0
9949,11.1286,72.7346,2016,2015-05-07,2016-05-06,Indian,20.25,91.52,11.5,0.33,0.33,0.33,0.9064150943396226,1.56,0,False,0.0,0.0,0.0,0.0,0.0,0.0,0,,,,,0.0,0.0
9949,11.1286,72.7346,2016,2015-05-09,2016-05-08,Indian,65.67,90.7,3.0,1.34,1.34,1.34,0.9218867924528303,1.56,0,False,0.0,0.0,0.0,0.0,0.0,0.0,0,,,,,0.0,0.0
9950,11.1332,72.7195,2016,2015-05-07,2016-05-06,Indian,22.655,91.125,11.0,0.33,0.33,0.33,0.9064150943396226,1.56,0,False,0.0,0.0,0.0,0.0,0.0,0.0,0,,,,,0.0,0.0
9951,11.2072,72.7497,2016,2015-05-09,2016-05-08,Indian,20.1,88.345,11.0,1.2,1.2,1.2,0.9400000000000002,1.59,0,False,0.0,0.0,0.0,0.0,0.0,0.0,0,,,,,0.0,0.0
9952,11.214,72.7798,2016,2015-05-08,2016-05-07,Indian,22.975,78.08,11.0,1.2,1.2,1.2,0.9496226415094341,1.61,0,False,0.0,0.0,0.0,0.0,0.0,0.0,0,,,,,0.0,0.0
9953,11.5744,92.594,2016,2015-05-19,2016-05-18,Indian,20.64,86.21,9.0,5.23,5.23,5.23,0.8743396226415096,1.83,7,False,0.0,0.0,0.0,0.0,0.0,0.0,0,,,,,0.0,0.0
9954,11.5827,92.5681,2016,2015-05-20,2016-05-19,Indian,12.37,80.79,10.0,5.23,5.23,5.23,0.8743396226415096,1.83,7,False,0.0,0.0,0.0,0.0,0.0,0.0,0,,,,,0.0,0.0
9955,11.5845,92.5764,2016,2015-05-17,2016-05-16,Indian,21.77,88.11,6.0,5.23,5.23,5.23,0.8743396226415096,1.83,7,False,0.0,0.0,0.0,0.0,0.0,0.0,0,,,,,0.0,0.0
9956,12.0126,93.0833,2016,2015-05-14,2016-05-13,Indian,14.14,81.84,14.0,3.68,3.68,4.04,0.8001886792452829,2.02,0,False,0.0,0.0,0.0,0.0,0.0,0.0,0,,,,,1.0,1.0
9957,12.0478,93.0056,2016,2015-05-10,2016-05-09,Indian,11.18,72.59,10.0,3.67,3.67,4.04,0.7907547169811322,2.02,0,False,0.0,0.0,0.0,0.0,0.0,0.0,0,,,,,1.0,1.0
9958,12.064,93.0589,2016,2015-05-10,2016-05-09,Indian,14.73,51.95,16.0,3.61,3.61,3.61,0.7949056603773587,1.99,0,False,0.0,0.0,0.0,0.0,0.0,0.0,0,,,,,1.0,1.0
9959,12.1961,93.0847,2016,2015-05-11,2016-05-10,Indian,16.3,71.17,12.0,3.43,3.43,3.74,0.7824528301886794,1.96,0,False,0.0,0.0,0.0,0.0,0.0,0.0,0,,,,,0.0,1.0
9960,12.2235,93.0209,2016,2015-05-08,2016-05-07,Indian,17.3,50.66,18.0,3.4,3.4,3.76,0.7662264150943398,1.96,0,False,0.0,0.0,0.0,0.0,0.0,0.0,0,,,,,1.0,1.0
9961,26.6273,127.8595,2016,2015-09-06,2016-09-05,Pacific,50.0,71.04,1.0,9.21,9.21,9.21,0.4530188679245284,1.85,28,False,7.0076,0.0,70.6919,0.0,441.2581,0.0,3,,,,,2.0,2.0
9962,26.6287,127.8612,2016,2015-09-06,2016-09-05,Pacific,73.0,90.35,1.0,9.21,9.21,9.21,0.4530188679245284,1.85,28,False,7.0076,0.0,70.6919,0.0,441.2581,0.0,3,,,,,2.0,2.0
9963,26.6356,127.8654,2016,2015-09-05,2016-09-04,Pacific,35.0,65.73,1.0,9.21,9.21,9.21,0.4530188679245284,1.85,28,False,7.0076,0.0,70.6919,0.0,441.2581,0.0,3,,,,,2.0,2.0
9964,26.7119,127.8805,2016,2015-09-07,2016-09-06,Pacific,30.0,86.78,1.0,9.32,9.32,9.32,0.4830188679245283,1.88,28,False,7.3076,0.0,79.5238,0.0,406.3333,0.0,4,,,,,0.0,2.0
9965,-22.7865,43.3346,2016,2015-03-21,2016-03-20,Indian,9.47,95.24,10.0,1.17,1.17,1.17,0.1249056603773585,1.17,0,False,0.0,0.0,0.0,0.0,0.0,0.0,0,,,,,0.0,0.0
9966,-22.7396,43.3162,2016,2015-03-21,2016-03-20,Indian,14.76,97.22,10.0,1.3,1.3,1.3,0.11566037735849057,1.16,0,False,0.0,0.0,0.0,0.0,0.0,0.0,0,,,,,0.0,0.0
9967,-22.6524,43.2737,2016,2015-04-18,2016-04-17,Indian,65.5,13.73,9.0,2.17,2.17,2.17,0.2724528301886792,1.81,0,False,0.0,0.0,0.0,0.0,0.0,0.0,0,,,,,0.0,0.0
9968,-22.6229,43.2573,2016,2015-03-18,2016-03-17,Indian,39.38,87.14,12.0,0.79,0.79,0.79,0.09528301886792452,1.2,0,False,0.0,0.0,0.0,0.0,0.0,0.0,0,,,,,0.0,0.0
9969,-22.6061,43.2513,2016,2015-03-21,2016-03-20,Indian,48.33,86.36,9.0,1.25,1.25,1.25,0.11830188679245282,1.2,0,False,0.0,0.0,0.0,0.0,0.0,0.0,0,,,,,0.0,0.0
9970,-22.5595,42.456,2016,2015-03-22,2016-03-21,Indian,5.75,68.0,14.0,2.19,2.19,2.19,0.4409433962264152,1.42,0,False,0.0,0.0,40.124300000000005,0.0,197.2074,0.0,0,,,,,0.0,0.0
9971,-22.538,43.243,2016,2015-03-19,2016-03-18,Indian,35.0,71.79,10.0,1.06,1.06,1.06,0.09150943396226414,1.26,0,False,0.0,0.0,0.0,0.0,0.0,0.0,0,,,,,0.0,0.0
9972,-22.5208,43.2441,2016,2015-03-19,2016-03-18,Indian,45.0,90.97,10.0,1.06,1.06,1.06,0.09150943396226414,1.26,0,False,0.0,0.0,0.0,0.0,0.0,0.0,0,,,,,0.0,0.0
9972,-22.5208,43.2441,2016,2015-04-19,2016-04-18,Indian,63.33,90.41,6.0,1.81,1.81,1.81,0.26867924528301884,1.7,0,False,0.0,0.0,0.0,0.0,0.0,0.0,0,,,,,0.0,0.0
9973,-22.4694,43.2364,2016,2015-03-20,2016-03-19,Indian,35.0,76.47,10.0,0.91,0.91,0.91,0.10867924528301888,1.28,0,False,0.0,0.0,0.0,0.0,0.0,0.0,0,,,,,0.0,0.0
9974,-22.4459,43.238,2016,2015-03-20,2016-03-19,Indian,24.0,67.65,11.0,0.77,0.77,0.77,0.10018867924528305,1.29,0,False,0.0,0.0,0.0,0.0,0.0,0.0,0,,,,,0.0,0.0
9975,-22.4401,43.2391,2016,2015-03-22,2016-03-21,Indian,67.0,53.47,10.0,0.77,0.77,0.77,0.10018867924528305,1.29,0,False,0.0,0.0,0.0,0.0,0.0,0.0,0,,,,,0.0,0.0
9976,-22.2875,113.8108,2016,2015-05-03,2016-05-02,Indian,,4.08,1.0,0.0,0.0,0.34,-0.046981132075471686,1.75,0,False,1.1749,0.0,3.1823,0.0,4284.1488,587.547,1,,,,,2.0,2.0
9977,-22.2049,113.844,2016,2015-05-03,2016-05-02,Indian,,2.91,1.0,0.0,0.0,0.34,-0.05018867924528302,1.72,0,False,1.6913,0.0,3.1159,0.0,7015.156300000001,963.4949,1,,,,,2.0,2.0
9978,-22.1321,113.8763,2016,2015-04-28,2016-04-27,Indian,,11.73,1.0,0.0,0.0,0.34,-0.05811320754716981,1.62,0,False,1.941,0.0,1.941,0.0,12472.4896,2400.7025,1,,,,,2.0,2.0
9979,-22.0806,113.8934,2016,2015-05-02,2016-05-01,Indian,,9.41,1.5,0.0,0.0,0.19,-0.07358490566037734,1.57,0,False,1.941,0.0,1.941,0.0,13802.9912,2883.5444,1,,,,,2.0,2.0
9980,-22.052,113.8983,2016,2015-05-02,2016-05-01,Indian,,7.25,1.5,0.0,0.0,0.19,-0.07358490566037734,1.57,0,False,0.2497,0.0,1.941,0.0,13802.6751,2883.5444,1,,,,,2.0,2.0
9981,-21.9995,113.9134,2016,2015-05-01,2016-04-30,Indian,,6.67,1.0,0.0,0.0,0.17,-0.08396226415094338,1.48,0,False,0.2497,0.0,1.941,0.0,13262.5163,2618.6382,1,,,,,2.0,2.0
9982,-21.9506,113.9206,2016,2015-05-01,2016-04-30,Indian,,3.19,1.0,0.0,0.0,0.17,-0.08396226415094338,1.48,0,False,0.0,0.0,970.9843,58.8247,13478.2458,2627.4868,0,,,,,2.0,2.0
9983,-21.9298,113.9474,2016,2015-04-29,2016-04-28,Indian,,2.63,1.5,0.0,0.0,0.16,-0.05660377358490566,1.55,0,False,0.0,0.0,2529.6417,139.5924,15782.232,3019.6735,0,,,,,2.0,2.0
9984,-21.9088,113.964,2016,2015-04-29,2016-04-28,Indian,,6.94,1.5,0.0,0.0,0.16,-0.09018867924528304,1.61,0,False,0.0,0.0,2529.6417,139.5924,15842.5937,3019.6735,0,,,,,2.0,2.0
9985,-21.9043,113.9684,2016,2015-05-01,2016-04-30,Indian,,4.65,3.0,0.0,0.0,0.16,-0.10509433962264153,1.61,0,False,0.0,0.0,1990.5561,117.0789,13927.4586,2753.2489,0,,,,,2.0,2.0
9986,-21.1838,55.286,2016,2015-03-15,2016-03-14,Indian,20.9,56.23,1.5,5.58,5.58,5.58,0.869056603773585,2.0,14,False,1.7888000000000002,0.0,5.8716,0.0,224.5274,10.756699999999999,1,,,,,4.0,4.0
9987,-21.1812,55.286,2016,2015-03-11,2016-03-10,Indian,,57.06,1.5,4.24,4.24,4.24,0.8460377358490566,2.0,7,False,1.1161,0.0,5.8716,0.0,228.2043,10.756699999999999,1,,,,,4.0,4.0
9988,-21.1029,55.2414,2016,2015-03-13,2016-03-12,Indian,30.3,23.91,1.5,6.58,6.58,6.58,0.8833962264150943,2.07,14,False,0.0,0.0,10.9234,3.0602,183.6308,10.756699999999999,0,,,,,4.0,4.0
9989,-21.0964,55.2332,2016,2015-03-14,2016-03-13,Indian,24.15,54.1,1.5,6.86,6.86,6.86,0.888490566037736,2.11,21,False,0.0,0.0,10.9234,3.0602,170.2799,10.756699999999999,0,,,,,4.0,4.0
9990,-20.5122,57.4154,2016,2015-03-18,2016-03-17,Indian,60.75,37.33,1.0,4.96,4.96,4.96,0.7924528301886794,1.61,14,False,0.0,0.0,1.8776,0.0,370.35429999999997,0.0,0,,,,,0.0,1.0
9991,-20.5107,57.4121,2016,2015-03-18,2016-03-17,Indian,61.29,82.86,1.0,4.96,4.96,4.96,0.7924528301886794,1.61,14,False,0.0,0.0,1.8776,0.0,370.35429999999997,0.0,0,,,,,0.0,1.0
9992,-20.4149,57.7272,2016,2015-03-14,2016-03-13,Indian,72.45,81.82,1.0,7.140000000000001,7.140000000000001,7.140000000000001,0.8592452830188676,1.92,21,False,0.0,0.0,0.0,0.0,332.5503,0.0,0,,,,,1.0,1.0
9993,-20.0803,57.5108,2016,2015-03-24,2016-03-23,Indian,84.0,30.94,1.0,4.98,4.98,4.98,0.7743396226415095,1.67,7,False,72.0256,0.0,359.8511,0.0,490.0539,0.0,10,,,,,1.0,1.0
9994,-19.9975,57.6704,2016,2015-03-05,2016-03-04,Indian,73.65,29.85,1.5,3.29,3.29,3.29,0.7767924528301887,1.69,0,False,0.0,0.0,73.453,0.0,437.0687,0.0,0,,,,,0.0,1.0
9995,-19.9847,57.5974,2016,2015-03-19,2016-03-18,Indian,71.0,55.7,2.0,4.34,4.34,4.34,0.7620754716981132,1.65,0,False,0.0,0.0,222.9976,0.0,478.706,0.0,0,,,,,0.0,1.0
9996,-19.9789,57.6326,2016,2015-03-26,2016-03-25,Indian,97.5,85.28,3.0,6.03,6.03,6.03,0.8081132075471696,1.81,21,False,0.0,0.0,74.2799,0.0,437.4568,0.0,0,,,,,0.0,1.0
9997,-19.9789,57.6311,2016,2015-03-26,2016-03-25,Indian,89.25,57.96,3.0,6.03,6.03,6.03,0.8081132075471696,1.81,21,False,0.0,0.0,74.2799,0.0,467.247,0.0,0,,,,,0.0,1.0
9998,-18.1017,179.2633,2016,2015-03-09,2016-03-08,Pacific,48.75,26.23,15.0,5.13,5.13,5.53,0.16018867924528304,2.14,14,False,9.8783,0.0,325.4989,0.0,1404.9849,0.0,6,,,,,1.0,1.0
9999,-18.0847,179.263,2016,2015-03-08,2016-03-07,Pacific,39.2,14.13,15.0,5.12,5.12,5.51,0.16169811320754718,2.14,14,False,9.8783,0.0,357.2376,0.0,1453.3616,0.0,6,,,,,1.0,1.0
10000,-17.5818,178.9807,2016,2015-03-10,2016-03-09,Pacific,55.0,2.77,15.0,4.8,4.8,5.16,0.12716981132075472,1.85,0,False,77.3284,0.0,260.0367,0.0,1225.8511,0.0,6,,,,,1.0,1.0
10001,-17.5717,178.9883,2016,2015-03-10,2016-03-09,Pacific,34.5,3.83,15.0,4.8,4.8,5.16,0.12716981132075472,1.85,0,False,77.3284,0.0,277.8226,0.0,1275.0983,0.0,6,,,,,1.0,1.0
10002,-17.2782,178.462,2016,2015-03-15,2016-03-14,Pacific,24.8,1.72,15.0,4.8,4.8,4.97,0.11603773584905659,1.91,0,False,9.3718,0.0,39.1926,0.0,182.7975,0.0,2,,,,,0.0,0.0
10003,-17.17,178.229,2016,2015-03-13,2016-03-12,Pacific,11.55,5.71,12.0,5.32,5.32,5.32,0.16962264150943393,2.0,7,False,18.1798,0.0,65.49,0.0,119.9305,0.0,3,,,,,0.0,0.0
10004,-17.1365,178.525,2016,2015-03-13,2016-03-12,Pacific,26.75,14.89,15.0,4.88,4.88,5.3500000000000005,0.09773584905660376,1.88,0,False,2.6409,0.0,41.5493,0.0,242.20250000000001,0.0,3,,,,,0.0,0.0
10005,-17.1343,178.5202,2016,2015-03-13,2016-03-12,Pacific,45.9,7.5,12.0,4.88,4.88,5.3500000000000005,0.09773584905660376,1.88,0,False,2.6409,0.0,41.5493,0.0,242.20250000000001,0.0,3,,,,,0.0,0.0
10006,-17.1132,179.0637,2016,2015-03-11,2016-03-10,Pacific,20.25,0.0,15.0,4.8,4.8,5.64,0.12037735849056605,1.84,0,False,11.6714,0.0,343.94509999999997,0.0,911.2585,0.0,6,,,,,2.0,2.0
10007,-17.0667,178.595,2016,2015-03-14,2016-03-13,Pacific,38.6,3.42,15.0,4.82,4.82,5.26,0.07679245283018868,1.92,0,False,0.0,0.0,8.744399999999999,0.0,262.4986,0.0,0,,,,,0.0,2.0
10008,-17.011,179.0252,2016,2015-03-12,2016-03-11,Pacific,12.65,0.0,15.0,4.71,4.71,5.38,0.0960377358490566,1.8,0,False,11.630099999999999,0.0,256.3263,0.0,779.7172,0.0,5,,,,,2.0,2.0
10009,-16.4795,123.0407,2016,2015-03-30,2016-03-29,Indian,,70.26,1.0,3.36,3.36,3.36,0.640188679245283,2.13,0,False,0.0,0.0,0.5202,0.0,2.2046,0.0,0,,,,,0.0,0.0
10010,-16.478,123.0446,2016,2015-03-30,2016-03-29,Indian,,85.0,1.0,3.36,3.36,3.36,0.640188679245283,2.13,0,False,0.0,0.0,0.5202,0.0,2.2046,0.0,0,,,,,0.0,0.0
10011,-16.4615,123.0309,2016,2015-03-31,2016-03-30,Indian,,66.09,2.0,3.36,3.36,3.36,0.640188679245283,2.13,0,False,0.0,0.0,0.5202,0.0,2.2046,0.0,0,,,,,0.0,0.0
10012,-16.4292,123.2062,2016,2015-04-01,2016-03-31,Indian,,52.06,1.0,3.66,3.66,3.66,0.6475471698113208,2.05,0,False,2.2046,0.0,2.2046,0.0,2.2046,0.0,1,,,,,0.0,0.0
10013,-16.4275,123.0886,2016,2015-04-01,2016-03-31,Indian,,40.0,1.0,3.19,3.19,3.19,0.6307547169811321,2.05,0,False,0.0,0.0,2.2046,0.0,2.2046,0.0,0,,,,,0.0,0.0
10014,-16.4244,49.8495,2016,2015-05-21,2016-05-20,Indian,58.5,30.32,5.0,7.61,7.61,7.61,0.7862264150943397,1.96,14,False,0.0,0.0,0.0,0.0,0.0,0.0,0,,,,,0.0,0.0
10015,-14.2472,125.6003,2016,2015-05-22,2016-05-21,Indian,,11.29,5.5,11.69,11.69,11.69,0.450754716981132,1.77,42,False,0.0,0.0,0.0,0.0,0.0,0.0,0,,,,,0.0,0.0
10016,-14.2369,125.5993,2016,2015-05-22,2016-05-21,Indian,,65.66,5.0,11.01,11.01,11.01,0.44943396226415094,1.72,35,False,0.0,0.0,0.0,0.0,0.0,0.0,0,,,,,0.0,0.0
10017,-14.0361,125.8002,2016,2015-05-23,2016-05-22,Indian,,26.67,5.5,9.09,9.09,9.09,0.4432075471698113,1.58,28,False,0.0,0.0,0.0,0.0,0.0,0.0,0,,,,,0.0,0.0
10018,-13.9385,126.433,2016,2015-05-26,2016-05-25,Indian,,42.86,5.5,7.01,7.01,7.01,0.3626415094339623,1.56,21,False,0.0,0.0,0.0,0.0,0.0,0.0,0,,,,,0.0,0.0
10019,-13.9287,125.6363,2016,2015-05-23,2016-05-22,Indian,,25.93,5.5,8.39,8.39,8.39,0.4407547169811321,1.58,21,False,0.0,0.0,0.0,0.0,0.0,0.0,0,,,,,0.0,0.0
10020,-13.6051,47.8049,2016,2015-04-21,2016-04-20,Indian,26.0,82.26,5.0,3.5700000000000003,3.5700000000000003,3.5700000000000003,0.8013207547169812,1.52,0,False,0.0,0.0,0.0,0.0,0.0,0.0,0,,,,,0.0,0.0
10021,-13.6043,47.811,2016,2015-04-21,2016-04-20,Indian,47.0,92.73,4.0,3.5700000000000003,3.5700000000000003,3.5700000000000003,0.8013207547169812,1.52,0,False,0.0,0.0,0.0,0.0,0.0,0.0,0,,,,,0.0,0.0
10022,-13.5811,47.9016,2016,2015-04-22,2016-04-21,Indian,43.82,90.15,3.0,3.86,3.86,3.86,0.8067924528301885,1.49,0,False,0.0,0.0,0.0,0.0,0.0,0.0,0,,,,,0.0,1.0
10023,-13.5589,48.0954,2016,2015-04-20,2016-04-19,Indian,51.0,81.25,5.0,4.37,4.37,4.37,0.8445283018867924,1.5,7,False,0.0,0.0,0.0,0.0,0.0,0.0,0,,,,,0.0,1.0
10186,-6.6965,39.2587,2016,2015-05-05,2016-05-04,Indian,54.67,50.54,2.0,7.03,7.03,7.03,0.8471698113207549,1.83,21,False,0.0,0.0,0.0,0.0,0.0,0.0,0,,,,,1.0,3.0
10187,-6.1176,39.1692,2016,2015-04-16,2016-04-15,Indian,31.5,64.83,5.0,6.46,6.46,6.46,0.8360377358490566,1.88,14,False,0.0,0.0,0.0,0.0,0.0,0.0,0,,,,,0.0,2.0
10187,-6.1176,39.1692,2016,2015-04-17,2016-04-16,Indian,48.0,67.11,5.0,6.46,6.46,6.46,0.8403773584905662,1.88,14,False,0.0,0.0,0.0,0.0,0.0,0.0,0,,,,,0.0,2.0
10189,-3.26,40.15,2016,2015-04-06,2016-04-05,Indian,15.67,48.57,1.5,2.69,2.69,2.69,0.7245283018867924,2.08,0,False,0.0,0.0,0.0,0.0,0.0,0.0,0,,,,,0.0,0.0
10189,-3.26,40.15,2016,2015-04-13,2016-04-12,Indian,23.646666666666665,52.545,1.5,3.53,3.53,3.53,0.7424528301886791,2.08,0,False,0.0,0.0,0.0,0.0,0.0,0.0,0,,,,,0.0,0.0
10189,-3.26,40.15,2016,2015-05-20,2016-05-19,Indian,29.5,35.195,2.0,4.22,4.22,4.22,0.779622641509434,2.08,0,False,0.0,0.0,0.0,0.0,0.0,0.0,0,,,,,0.0,0.0
12031,24.4664,-82.0019,2016,2015-09-07,2016-09-06,Atlantic,,17.29,11.8,0.76,0.76,8.63,0.7724528301886795,1.99,7,False,0.0,0.0,22.8279,21.8359,3231.44,2728.3266,0,1.0,6.0,1.0,6.0,,
12033,24.4668,-81.7292,2013,2012-10-16,2013-10-16,Atlantic,,6.15,16.5,0.0,0.0,0.74,0.20509433962264154,2.09,0,False,0.0,0.0,0.0,0.0,0.0,0.0,0,1.0,3.0,1.0,3.0,,
12039,24.4695,-81.8029,2015,2014-09-02,2015-09-02,Atlantic,,66.67,11.5,4.8500000000000005,4.8500000000000005,6.65,0.6630188679245284,2.82,7,False,0.0,0.0,29.043699999999998,28.6118,1043.6048,1041.693,0,1.0,5.0,1.0,5.0,,
12043,24.4702,-81.8729,2016,2015-09-08,2016-09-07,Atlantic,,15.33,9.7,1.79,1.79,8.0,0.7901886792452832,1.99,7,False,11.152199999999999,11.152199999999999,56.3713,54.8018,2246.6244,1857.3025,3,1.0,6.0,1.0,6.0,,
12047,24.4707,-81.7897,2015,2014-09-02,2015-09-02,Atlantic,,77.78,8.8,4.75,4.75,6.3,0.6749056603773586,2.83,7,False,0.2052,0.2052,0.2052,0.2052,1043.6048,1041.693,1,1.0,5.0,1.0,5.0,,
12048,24.4707,-81.8021,2014,2013-08-18,2014-08-18,Atlantic,,46.25,12.6,4.0600000000000005,4.0600000000000005,4.0600000000000005,0.7307547169811321,2.02,7,False,0.0,0.0,16.1293,16.1293,504.353,386.226,0,1.0,4.0,1.0,4.0,,
12049,24.4708,-81.7297,2015,2014-09-03,2015-09-03,Atlantic,,56.25,16.0,4.64,4.64,5.55,0.6850943396226414,2.84,7,False,0.2052,0.2052,0.2052,0.2052,240.6357,239.3033,1,1.0,5.0,1.0,5.0,,
12050,24.4708,-81.9715,2016,2015-09-07,2016-09-06,Atlantic,,3.41,12.2,1.43,1.43,8.74,0.7764150943396226,1.99,7,False,0.0,0.0,56.9323,55.0787,2900.9416,2428.6468,0,1.0,6.0,1.0,6.0,,
12052,24.4717,-81.7681,2014,2013-08-18,2014-08-18,Atlantic,,63.38,5.2,3.91,3.91,3.91,0.7309433962264152,1.97,0,False,0.245,0.245,0.5113,0.5113,301.2389,200.11599999999999,1,1.0,4.0,1.0,4.0,,
12056,24.4725,-81.7495,2014,2013-08-18,2014-08-18,Atlantic,,56.12,10.1,3.35,3.35,3.35,0.7324528301886792,1.93,0,False,0.245,0.245,0.5113,0.5113,220.4768,170.7894,1,1.0,4.0,1.0,4.0,,
12062,24.4435,-81.9358,2014,2013-08-27,2014-08-27,Atlantic,,53.57,8.2,4.8100000000000005,4.8100000000000005,4.8100000000000005,0.7592452830188677,1.87,7,False,0.0,0.0,16.1293,16.1293,518.1226,395.8806,0,1.0,4.0,1.0,4.0,,
12064,24.4439,-81.9616,2015,2014-08-25,2015-08-25,Atlantic,,36.56,11.6,2.85,2.85,6.17,0.6658490566037736,2.73,7,False,0.0,0.0,29.043699999999998,28.6118,1608.7856,1600.7386,0,1.0,5.0,1.0,5.0,,
12066,24.4443,-81.9408,2015,2014-08-25,2015-08-25,Atlantic,,44.44,9.8,3.0,3.0,6.11,0.670188679245283,2.72,7,False,0.0,0.0,29.043699999999998,28.6118,1608.3576,1600.3106,0,1.0,5.0,1.0,5.0,,
12067,24.445,-81.9284,2016,2015-09-15,2016-09-14,Atlantic,,12.5,5.0,1.48,1.48,7.23,0.8050943396226414,2.0,0,False,0.0,0.0,56.3713,54.8018,2246.6244,1857.3025,0,1.0,6.0,1.0,6.0,,
12072,24.446,-81.9517,2014,2013-08-27,2014-08-27,Atlantic,,73.08,10.0,4.7,4.7,4.7,0.7586792452830191,1.87,7,False,0.0,0.0,16.1293,16.1293,714.1635,478.1116,0,1.0,4.0,1.0,4.0,,
12073,24.4461,-81.9693,2015,2014-08-25,2015-08-25,Atlantic,,41.98,11.3,2.85,2.85,6.17,0.6658490566037736,2.73,7,False,0.0,0.0,28.838499999999996,28.406599999999997,1610.0967,1602.0497,0,1.0,5.0,1.0,5.0,,
12074,24.4461,-81.9178,2016,2015-09-15,2016-09-14,Atlantic,,16.67,11.4,1.48,1.48,7.23,0.8050943396226414,2.0,0,False,0.0,0.0,56.3713,54.8018,2246.6244,1857.3025,0,1.0,6.0,1.0,6.0,,
12079,24.449,-81.9309,2015,2014-08-25,2015-08-25,Atlantic,,66.67,6.2,3.0,3.0,6.11,0.670188679245283,2.72,7,False,0.0,0.0,29.043699999999998,28.6118,1608.3576,1600.3106,0,1.0,5.0,1.0,5.0,,
12086,24.4517,-81.8798,2015,2014-02-12,2015-02-12,Atlantic,,2.75,10.0,0.0,0.0,6.83,0.6039622641509433,2.03,21,False,0.0,0.0,29.720599999999997,29.2887,1179.2685,1123.9961,0,1.0,5.0,1.0,5.0,,
12086,24.4517,-81.8798,2015,2014-09-30,2015-09-30,Atlantic,,43.59,9.7,8.0,8.0,8.0,0.6928301886792454,2.82,21,False,0.0,0.0,29.043699999999998,28.6118,1044.2409,1042.3291,0,1.0,5.0,1.0,5.0,,
12086,24.4517,-81.8798,2016,2015-03-04,2016-03-03,Atlantic,,2.96,10.3,0.0,0.0,8.0,1.0543396226415094,2.82,21,False,0.0,0.0,56.3713,54.8018,1877.9791,1594.3187,0,1.0,6.0,1.0,6.0,,
12088,24.452,-81.8775,2015,2014-02-12,2015-02-12,Atlantic,,1.48,5.6,0.0,0.0,6.83,0.6039622641509433,2.03,21,False,0.0,0.0,29.720599999999997,29.2887,1179.2685,1123.9961,0,1.0,5.0,1.0,5.0,,
12088,24.452,-81.8775,2015,2014-09-30,2015-09-30,Atlantic,,35.85,5.3,8.0,8.0,8.0,0.6928301886792454,2.82,21,False,0.0,0.0,29.043699999999998,28.6118,1044.2409,1042.3291,0,1.0,5.0,1.0,5.0,,
12089,24.4521,-81.8773,2016,2015-03-04,2016-03-03,Atlantic,,1.15,5.0,0.0,0.0,8.0,1.0543396226415094,2.82,21,False,0.0,0.0,56.3713,54.8018,1877.9791,1594.3187,0,1.0,6.0,1.0,6.0,,
12097,24.4546,-81.8593,2016,2015-09-08,2016-09-07,Atlantic,,10.61,5.1,1.79,1.79,8.0,0.7901886792452832,1.99,7,False,0.0,0.0,56.3713,54.8018,1933.0289,1643.0772,0,1.0,6.0,1.0,6.0,,
12103,24.4559,-81.9214,2016,2015-09-07,2016-09-06,Atlantic,,21.37,6.4,1.68,1.68,8.44,0.7798113207547169,2.01,7,False,0.0,0.0,56.3713,54.8018,2720.1938,2251.4145,0,1.0,6.0,1.0,6.0,,
12104,24.4562,-81.9181,2016,2015-09-15,2016-09-14,Atlantic,,20.37,7.4,1.68,1.68,8.44,0.7532075471698113,2.01,0,False,0.0,0.0,56.3713,54.8018,2720.1938,2251.4145,0,1.0,6.0,1.0,6.0,,
12105,24.4568,-81.9168,2016,2015-09-07,2016-09-06,Atlantic,,16.67,7.6,1.68,1.68,8.44,0.7798113207547169,2.01,7,False,0.0,0.0,56.3713,54.8018,2720.1938,2251.4145,0,1.0,6.0,1.0,6.0,,
12126,24.4728,-81.8239,2016,2015-09-08,2016-09-07,Atlantic,,13.21,7.8,2.3000000000000003,2.3000000000000003,7.54,0.8000000000000002,1.99,7,False,11.152199999999999,11.152199999999999,56.3713,54.8018,1933.0289,1643.0772,3,1.0,6.0,1.0,6.0,,
12128,24.4731,-81.8696,2015,2014-10-13,2015-10-13,Atlantic,,38.55,6.4,8.0,8.0,8.0,0.6911320754716982,2.82,21,False,0.5261,0.5261,43.611,42.4903,1118.6184,1114.9495,1,1.0,5.0,1.0,5.0,,
12135,24.4746,-81.9018,2014,2013-08-27,2014-08-27,Atlantic,,75.85,9.4,5.76,5.76,5.76,0.7550943396226416,2.06,14,False,0.2663,0.2663,16.1293,16.1293,714.1635,478.1116,1,1.0,4.0,1.0,4.0,,
12155,24.479,-81.8936,2014,2013-08-27,2014-08-27,Atlantic,,59.83,4.4,5.51,5.51,5.51,0.7526415094339622,2.03,14,False,0.2663,0.2663,16.1293,16.1293,714.1635,478.1116,1,1.0,4.0,1.0,4.0,,
12156,24.479,-81.8938,2015,2014-10-13,2015-10-13,Atlantic,,43.59,4.8,8.0,8.0,8.0,0.6911320754716982,2.82,21,False,0.5261,0.5261,43.8879,42.767199999999995,1634.3096,1624.7785,1,1.0,5.0,1.0,5.0,,
12157,24.479,-81.7179,2015,2014-08-26,2015-08-26,Atlantic,,54.32,7.0,3.21,3.21,5.55,0.6764150943396224,2.84,0,False,0.2052,0.2052,0.2052,0.2052,240.6357,239.3033,1,1.0,5.0,1.0,5.0,,
12160,24.4794,-81.7276,2014,2013-09-16,2014-09-16,Atlantic,,94.0,8.8,5.55,5.55,5.55,0.790943396226415,1.93,7,False,0.245,0.245,0.5113,0.5113,220.4768,170.7894,1,1.0,4.0,1.0,4.0,,
12163,24.4797,-81.717,2016,2015-09-14,2016-09-13,Atlantic,,4.7,3.0,2.59,2.59,7.24,0.7990566037735849,2.03,0,False,32.7078,31.8462,45.2566,44.394999999999996,743.2644,633.8862,5,1.0,6.0,1.0,6.0,,
12164,24.4799,-81.7268,2014,2013-09-16,2014-09-16,Atlantic,,54.22,8.0,5.55,5.55,5.55,0.790943396226415,1.93,7,False,0.245,0.245,0.5113,0.5113,220.4768,170.7894,1,1.0,4.0,1.0,4.0,,
12167,24.4802,-81.7134,2013,2012-10-16,2013-10-16,Atlantic,,2.5,5.8,0.0,0.0,0.74,0.20509433962264154,2.09,0,False,0.0,0.0,0.0,0.0,0.0,0.0,0,1.0,3.0,1.0,3.0,,
12168,24.4802,-81.7193,2013,2012-10-16,2013-10-16,Atlantic,,4.17,3.9,0.0,0.0,0.74,0.20509433962264154,2.09,0,False,0.0,0.0,0.0,0.0,0.0,0.0,0,1.0,3.0,1.0,3.0,,
12181,24.4836,-81.7039,2016,2015-09-14,2016-09-13,Atlantic,,23.81,4.2,2.59,2.59,7.24,0.7990566037735849,2.03,0,False,32.7078,31.8462,45.2566,44.394999999999996,743.2644,633.8862,5,1.0,6.0,1.0,6.0,,
12183,24.4851,-81.7565,2015,2014-09-03,2015-09-03,Atlantic,,40.31,7.1,4.75,4.75,6.3,0.6749056603773586,2.83,7,False,0.2052,0.2052,0.2052,0.2052,415.9267,414.59430000000003,1,1.0,5.0,1.0,5.0,,
12184,24.4857,-81.6982,2016,2015-09-14,2016-09-13,Atlantic,,27.19,6.8,2.52,2.52,6.96,0.8075471698113206,2.04,0,False,32.7078,31.8462,45.2566,44.394999999999996,743.2644,633.8862,5,1.0,6.0,1.0,6.0,,
12185,24.4864,-81.8486,2015,2014-10-13,2015-10-13,Atlantic,,22.33,5.8,7.54,7.54,7.54,0.7020754716981132,2.82,21,False,0.5261,0.5261,43.611,42.4903,1069.8298,1066.1609,1,1.0,5.0,1.0,5.0,,
12186,24.4866,-81.8484,2014,2013-08-18,2014-08-18,Atlantic,,61.48,6.2,4.0600000000000005,4.0600000000000005,4.0600000000000005,0.7307547169811321,2.02,7,False,0.2663,0.2663,16.1293,16.1293,504.353,386.226,1,1.0,4.0,1.0,4.0,,
12188,24.4883,-81.6706,2015,2014-09-09,2015-09-09,Atlantic,,36.07,11.0,4.98,4.98,5.12,0.6941509433962265,2.84,14,False,0.0,0.0,0.2052,0.2052,240.6357,239.3033,0,1.0,5.0,1.0,5.0,,
12190,24.49,-81.6785,2015,2014-09-08,2015-09-08,Atlantic,,21.57,4.8,4.98,4.98,5.12,0.6941509433962265,2.84,14,False,0.2052,0.2052,0.2052,0.2052,240.6357,239.3033,1,1.0,5.0,1.0,5.0,,
12191,24.4901,-81.6778,2015,2014-09-08,2015-09-08,Atlantic,,62.5,2.7,4.98,4.98,5.12,0.6941509433962265,2.84,14,False,0.2052,0.2052,0.2052,0.2052,240.6357,239.3033,1,1.0,5.0,1.0,5.0,,
12192,24.4908,-81.7112,2016,2015-09-08,2016-09-07,Atlantic,,24.18,7.6,2.59,2.59,7.24,0.8249056603773586,2.03,7,False,32.7078,31.8462,45.2566,44.394999999999996,743.2644,633.8862,5,1.0,6.0,1.0,6.0,,
12193,24.4908,-81.7208,2014,2013-09-16,2014-09-16,Atlantic,,87.67,7.3,5.55,5.55,5.55,0.790943396226415,1.93,7,False,0.245,0.245,0.5113,0.5113,220.4768,170.7894,1,1.0,4.0,1.0,4.0,,
12195,24.4919,-81.6708,2015,2014-09-09,2015-09-09,Atlantic,,20.51,5.2,4.98,4.98,5.12,0.6941509433962265,2.84,14,False,0.0,0.0,0.2052,0.2052,240.6357,239.3033,0,1.0,5.0,1.0,5.0,,
12203,24.4931,-81.6601,2015,2014-09-09,2015-09-09,Atlantic,,26.67,4.2,4.98,4.98,5.12,0.6941509433962265,2.84,14,False,0.0,0.0,0.2052,0.2052,240.6357,239.3033,0,1.0,5.0,1.0,5.0,,
12209,24.4969,-81.7034,2015,2014-09-03,2015-09-03,Atlantic,,51.76,7.6,4.64,4.64,5.55,0.6850943396226414,2.84,7,False,0.2052,0.2052,0.2052,0.2052,240.6357,239.3033,1,1.0,5.0,1.0,5.0,,
12211,24.4978,-81.7333,2016,2015-09-14,2016-09-13,Atlantic,,11.11,6.4,2.59,2.59,7.24,0.7990566037735849,2.03,0,False,32.7078,31.8462,45.2566,44.394999999999996,743.2644,633.8862,5,1.0,6.0,1.0,6.0,,
12220,24.5001,-81.6296,2015,2014-09-10,2015-09-10,Atlantic,,57.33,5.1,5.5,5.5,5.79,0.6654716981132076,3.02,14,False,0.0,0.0,0.2052,0.2052,73.3141,72.8822,0,1.0,5.0,1.0,5.0,,
12222,24.5006,-81.6941,2013,2012-10-16,2013-10-16,Atlantic,,1.25,4.6,0.0,0.0,0.98,0.14943396226415095,2.11,0,False,0.0,0.0,0.0,0.0,0.0,0.0,0,1.0,3.0,1.0,3.0,,
12226,24.5013,-81.6943,2016,2015-10-04,2016-10-03,Atlantic,,1.39,9.1,3.71,3.71,7.81,0.7977358490566038,2.06,0,False,21.2353,20.3737,33.0069,32.1453,788.2136,682.0724,5,1.0,6.0,1.0,6.0,,
12227,24.5016,-81.6193,2013,2012-09-09,2013-09-09,Atlantic,,0.83,5.6,0.0,0.0,0.8200000000000001,0.11056603773584907,2.11,0,False,0.0,0.0,0.0,0.0,0.0,0.0,0,1.0,3.0,1.0,3.0,,
12228,24.5019,-81.6328,2015,2014-09-10,2015-09-10,Atlantic,,100.0,4.0,5.5,5.5,5.79,0.6654716981132076,3.02,14,False,0.0,0.0,0.2052,0.2052,73.3141,72.8822,0,1.0,5.0,1.0,5.0,,
12231,24.5027,-81.7368,2015,2014-09-02,2015-09-02,Atlantic,,38.68,8.3,5.42,5.42,6.5600000000000005,0.6503773584905661,2.97,7,False,0.2052,0.2052,0.2052,0.2052,868.3138,866.4019999999999,1,1.0,5.0,1.0,5.0,,
12233,24.5039,-81.6038,2015,2014-09-22,2015-09-22,Atlantic,,46.34,7.8,7.51,7.51,7.51,0.6932075471698114,3.02,21,False,0.0,0.0,0.2052,0.2052,73.3141,72.8822,0,1.0,5.0,1.0,5.0,,
12239,24.5064,-81.5869,2014,2013-09-08,2014-09-08,Atlantic,,71.17,9.9,5.68,5.68,5.68,0.7794339622641508,2.11,14,False,0.0,0.0,0.245,0.245,35.9546,17.0525,0,1.0,4.0,1.0,4.0,,
12240,24.5066,-81.6864,2015,2014-09-08,2015-09-08,Atlantic,,27.54,5.8,5.78,5.78,6.1000000000000005,0.6652830188679245,3.0,14,False,0.2052,0.2052,0.2052,0.2052,240.6357,239.3033,1,1.0,5.0,1.0,5.0,,
12241,24.5078,-81.5717,2014,2013-09-08,2014-09-08,Atlantic,,77.19,13.7,5.68,5.68,5.68,0.7794339622641508,2.11,14,False,0.0,0.0,0.245,0.245,35.9546,17.0525,0,1.0,4.0,1.0,4.0,,
12243,24.5083,-81.7083,2016,2015-09-14,2016-09-13,Atlantic,,11.74,6.2,3.4,3.4,7.97,0.7675471698113209,2.04,0,False,32.7078,31.8462,45.2566,44.394999999999996,743.2644,633.8862,5,1.0,6.0,1.0,6.0,,
12245,24.5091,-81.6655,2015,2014-09-09,2015-09-09,Atlantic,,25.4,5.5,5.78,5.78,6.1000000000000005,0.6652830188679245,3.0,14,False,0.2052,0.2052,0.2052,0.2052,240.6357,239.3033,1,1.0,5.0,1.0,5.0,,
12247,24.5097,-81.7211,2014,2013-09-16,2014-09-16,Atlantic,,65.0,4.9,6.5600000000000005,6.5600000000000005,6.5600000000000005,0.7841509433962265,2.06,14,False,0.245,0.245,0.5113,0.5113,220.4768,170.7894,1,1.0,4.0,1.0,4.0,,
12250,24.5114,-81.567,2014,2013-09-08,2014-09-08,Atlantic,,53.33,4.6,5.68,5.68,5.68,0.7794339622641508,2.11,14,False,0.0,0.0,0.245,0.245,35.9546,17.0525,0,1.0,4.0,1.0,4.0,,
12257,24.5122,-81.9298,2015,2014-08-18,2015-08-18,Atlantic,,21.35,4.6,3.18,3.18,8.11,0.5747169811320754,2.86,14,False,0.0,0.0,29.043699999999998,28.6118,1861.7415,1846.7554,0,1.0,5.0,1.0,5.0,,
12261,24.5138,-81.6184,2015,2014-09-10,2015-09-10,Atlantic,,23.17,3.7,5.5,5.5,5.79,0.6654716981132076,3.02,14,False,0.0,0.0,0.2052,0.2052,73.3141,72.8822,0,1.0,5.0,1.0,5.0,,
12263,24.5138,-81.9225,2016,2015-09-15,2016-09-14,Atlantic,,7.87,5.5,1.12,1.12,9.14,0.6720754716981133,1.89,0,False,11.152199999999999,11.152199999999999,56.9323,55.0787,3193.6228,2602.8845,3,1.0,6.0,1.0,6.0,,
12264,24.5139,-81.5633,2016,2015-09-15,2016-09-14,Atlantic,,13.79,6.5,3.43,3.43,7.08,0.7939622641509434,2.08,0,False,0.0,0.0,32.7078,31.8462,174.3659,162.3641,0,1.0,6.0,1.0,6.0,,
12266,24.514,-81.5632,2015,2014-09-02,2015-09-02,Atlantic,,40.58,7.2,4.6000000000000005,4.6000000000000005,5.68,0.651132075471698,3.01,7,False,0.0,0.0,0.2052,0.2052,73.3141,72.8822,0,1.0,5.0,1.0,5.0,,
12271,24.5159,-81.6748,2015,2014-09-09,2015-09-09,Atlantic,,21.53,6.2,5.78,5.78,6.1000000000000005,0.6652830188679245,3.0,14,False,0.2052,0.2052,0.2052,0.2052,240.6357,239.3033,1,1.0,5.0,1.0,5.0,,
12272,24.516,-81.558,2013,2012-09-09,2013-09-09,Atlantic,,1.2,7.2,0.0,0.0,0.8,0.1137735849056604,2.1,0,False,0.0,0.0,0.0,0.0,0.0,0.0,0,1.0,3.0,1.0,3.0,,
12274,24.5167,-81.5546,2015,2014-09-01,2015-09-01,Atlantic,,31.58,7.2,4.6000000000000005,4.6000000000000005,5.68,0.651132075471698,3.01,7,False,0.0,0.0,0.2052,0.2052,73.3141,72.8822,0,1.0,5.0,1.0,5.0,,
12278,24.5179,-81.9222,2015,2014-08-18,2015-08-18,Atlantic,,21.43,4.6,3.18,3.18,8.11,0.5747169811320754,2.86,14,False,0.0,0.0,29.043699999999998,28.6118,1927.3241,1912.338,0,1.0,5.0,1.0,5.0,,
12279,24.5179,-82.0033,2015,2014-08-18,2015-08-18,Atlantic,,12.04,5.2,3.12,3.12,8.68,0.5556603773584905,2.88,14,False,0.0,0.0,28.838499999999996,28.406599999999997,1966.8963,1958.6913,0,1.0,5.0,1.0,5.0,,
12280,24.5184,-81.5345,2016,2015-08-25,2016-08-24,Atlantic,,12.7,10.4,2.16,2.16,6.95,0.8579245283018866,2.06,21,False,0.0,0.0,32.7078,31.8462,174.3659,162.3641,0,1.0,6.0,1.0,6.0,,
12284,24.5191,-81.5315,2016,2015-08-25,2016-08-24,Atlantic,,19.74,10.9,2.16,2.16,6.95,0.8579245283018866,2.06,21,False,0.0,0.0,32.7078,31.8462,174.3659,162.3641,0,1.0,6.0,1.0,6.0,,
12285,24.5195,-81.5326,2015,2014-09-01,2015-09-01,Atlantic,,34.04,10.6,4.49,4.49,5.47,0.649245283018868,2.99,7,False,0.0,0.0,0.2052,0.2052,73.3141,72.8822,0,1.0,5.0,1.0,5.0,,
12296,24.5212,-81.5159,2015,2014-09-01,2015-09-01,Atlantic,,35.09,11.6,4.49,4.49,5.47,0.649245283018868,2.99,7,False,0.0,0.0,0.2052,0.2052,65.0061,64.5742,0,1.0,5.0,1.0,5.0,,
12298,24.5214,-81.5207,2016,2015-08-25,2016-08-24,Atlantic,,6.67,9.4,2.16,2.16,6.95,0.8579245283018866,2.06,21,False,0.0,0.0,32.7078,31.8462,101.1862,97.6854,0,1.0,6.0,1.0,6.0,,
12300,24.5216,-81.5414,2016,2015-09-15,2016-09-14,Atlantic,,0.0,5.2,3.19,3.19,6.95,0.7986792452830189,2.06,0,False,0.0,0.0,32.7078,31.8462,174.3659,162.3641,0,1.0,6.0,1.0,6.0,,
12304,24.522,-81.5227,2014,2013-09-05,2014-09-05,Atlantic,,75.45,6.4,5.47,5.47,5.47,0.7781132075471697,2.17,14,False,0.0,0.0,0.245,0.245,35.7058,16.8037,0,1.0,4.0,1.0,4.0,,
12305,24.5222,-81.5205,2014,2013-09-05,2014-09-05,Atlantic,,60.57,4.8,5.47,5.47,5.47,0.7781132075471697,2.17,14,False,0.0,0.0,0.245,0.245,35.7058,16.8037,0,1.0,4.0,1.0,4.0,,
12306,24.5223,-81.5198,2016,2015-08-25,2016-08-24,Atlantic,,9.01,6.6,2.16,2.16,6.95,0.8579245283018866,2.06,21,False,0.0,0.0,32.7078,31.8462,101.1862,97.6854,0,1.0,6.0,1.0,6.0,,
12308,24.523,-81.519,2016,2015-08-25,2016-08-24,Atlantic,,6.06,4.8,2.16,2.16,6.95,0.8579245283018866,2.06,21,False,0.0,0.0,32.7078,31.8462,101.1862,97.6854,0,1.0,6.0,1.0,6.0,,
12314,24.5236,-81.5221,2013,2012-09-09,2013-09-09,Atlantic,,2.3,4.4,0.0,0.0,0.78,0.1237735849056604,2.08,0,False,0.0,0.0,0.0,0.0,0.0,0.0,0,1.0,3.0,1.0,3.0,,
12315,24.5236,-81.577,2013,2012-09-09,2013-09-09,Atlantic,,1.17,4.2,0.0,0.0,0.8,0.1137735849056604,2.1,0,False,0.0,0.0,0.0,0.0,0.0,0.0,0,1.0,3.0,1.0,3.0,,
12318,24.5243,-81.5224,2015,2014-09-01,2015-09-01,Atlantic,,11.11,4.8,4.49,4.49,5.47,0.649245283018868,2.99,7,False,0.0,0.0,0.2052,0.2052,73.3141,72.8822,0,1.0,5.0,1.0,5.0,,
12319,24.5248,-81.576,2016,2015-09-15,2016-09-14,Atlantic,,13.89,4.4,3.43,3.43,7.08,0.7939622641509434,2.08,0,False,0.0,0.0,32.7078,31.8462,174.9269,162.641,0,1.0,6.0,1.0,6.0,,
12320,24.5249,-81.5759,2015,2014-09-22,2015-09-22,Atlantic,,16.09,4.0,7.08,7.08,7.08,0.6866037735849057,3.01,21,False,0.0,0.0,0.2052,0.2052,73.3141,72.8822,0,1.0,5.0,1.0,5.0,,
12326,24.5259,-81.5198,2016,2015-08-25,2016-08-24,Atlantic,,41.67,2.4,2.16,2.16,6.95,0.8579245283018866,2.06,21,False,0.0,0.0,32.7078,31.8462,101.1862,97.6854,0,1.0,6.0,1.0,6.0,,
12328,24.5262,-81.5042,2015,2014-09-01,2015-09-01,Atlantic,,32.64,6.0,4.49,4.49,5.47,0.649245283018868,2.99,7,False,0.0,0.0,0.0,0.0,29.043699999999998,28.6118,0,1.0,5.0,1.0,5.0,,
12329,24.5262,-81.6261,2015,2014-09-10,2015-09-10,Atlantic,,20.94,5.4,5.5,5.5,5.79,0.6654716981132076,3.02,14,False,0.0,0.0,0.2052,0.2052,240.6357,239.3033,0,1.0,5.0,1.0,5.0,,
12330,24.5262,-81.5042,2014,2013-09-05,2014-09-05,Atlantic,,83.81,5.3,5.47,5.47,5.47,0.7781132075471697,2.17,14,False,0.0,0.0,0.0,0.0,16.1293,16.1293,0,1.0,4.0,1.0,4.0,,
12332,24.5264,-81.6244,2016,2015-09-15,2016-09-14,Atlantic,,2.8,8.0,3.5,3.5,7.51,0.7907547169811322,2.08,0,False,0.0,0.0,43.86,42.9984,743.2644,633.8862,0,1.0,6.0,1.0,6.0,,
12335,24.527,-81.5582,2014,2013-09-05,2014-09-05,Atlantic,,56.24,7.8,5.68,5.68,5.68,0.7794339622641508,2.11,14,False,0.0,0.0,0.245,0.245,35.9546,17.0525,0,1.0,4.0,1.0,4.0,,
12336,24.527,-81.5466,2014,2013-09-05,2014-09-05,Atlantic,,66.52,6.4,5.47,5.47,5.47,0.7781132075471697,2.17,14,False,0.0,0.0,0.245,0.245,35.9546,17.0525,0,1.0,4.0,1.0,4.0,,
12340,24.5286,-81.6359,2013,2012-09-09,2013-09-09,Atlantic,,1.04,6.6,0.0,0.0,0.8200000000000001,0.11056603773584907,2.11,0,False,0.0,0.0,0.0,0.0,0.0,0.0,0,1.0,3.0,1.0,3.0,,
12341,24.5298,-81.6304,2015,2014-09-10,2015-09-10,Atlantic,,23.38,4.9,5.5,5.5,5.79,0.6654716981132076,3.02,14,False,0.0,0.0,0.2052,0.2052,240.6357,239.3033,0,1.0,5.0,1.0,5.0,,
12342,24.5302,-81.4774,2014,2013-09-04,2014-09-04,Atlantic,,69.19,13.2,5.19,5.19,5.19,0.7807547169811319,2.15,7,False,0.0,0.0,0.0,0.0,16.1293,16.1293,0,1.0,4.0,1.0,4.0,,
12344,24.5302,-81.4724,2014,2013-09-04,2014-09-04,Atlantic,,60.68,13.0,5.19,5.19,5.19,0.7807547169811319,2.15,7,False,0.0,0.0,0.0,0.0,0.5113,0.5113,0,1.0,4.0,1.0,4.0,,
12347,24.5312,-81.4843,2014,2013-09-04,2014-09-04,Atlantic,,81.08,6.3,5.19,5.19,5.19,0.7807547169811319,2.15,7,False,0.0,0.0,0.0,0.0,16.1293,16.1293,0,1.0,4.0,1.0,4.0,,
12351,24.533,-81.4685,2014,2013-09-04,2014-09-04,Atlantic,,65.42,7.7,5.19,5.19,5.19,0.7807547169811319,2.15,7,False,0.0,0.0,0.0,0.0,0.5113,0.5113,0,1.0,4.0,1.0,4.0,,
12354,24.5339,-81.4714,2014,2013-09-04,2014-09-04,Atlantic,,49.31,5.5,5.19,5.19,5.19,0.7807547169811319,2.15,7,False,0.0,0.0,0.0,0.0,0.5113,0.5113,0,1.0,4.0,1.0,4.0,,
12356,24.5348,-81.6321,2015,2014-09-10,2015-09-10,Atlantic,,17.38,5.2,5.5,5.5,5.79,0.6654716981132076,3.02,14,False,0.0,0.0,0.2052,0.2052,240.6357,239.3033,0,1.0,5.0,1.0,5.0,,
12363,24.5378,-81.5945,2013,2012-09-09,2013-09-09,Atlantic,,1.01,3.6,0.0,0.0,0.8,0.1137735849056604,2.1,0,False,0.0,0.0,0.0,0.0,0.0,0.0,0,1.0,3.0,1.0,3.0,,
12365,24.5384,-81.4534,2016,2015-09-20,2016-09-19,Atlantic,,6.67,5.8,2.74,2.74,6.58,0.8094339622641509,2.07,0,False,0.0,0.0,0.0,0.0,47.089299999999994,46.2277,0,1.0,6.0,1.0,6.0,,
12367,24.539,-81.5722,2014,2013-09-08,2014-09-08,Atlantic,,53.55,7.3,5.68,5.68,5.68,0.7794339622641508,2.11,14,False,0.0,0.0,0.245,0.245,35.9546,17.0525,0,1.0,4.0,1.0,4.0,,
12371,24.5408,-81.6119,2015,2014-09-22,2015-09-22,Atlantic,,18.9,4.6,7.51,7.51,7.51,0.6932075471698114,3.02,21,False,0.0,0.0,0.2052,0.2052,227.47330000000002,226.14090000000002,0,1.0,5.0,1.0,5.0,,
12374,24.542,-81.4153,2015,2014-09-17,2015-09-17,Atlantic,,51.69,12.8,5.8500000000000005,5.8500000000000005,5.8500000000000005,0.6877358490566038,2.89,21,False,0.0,0.0,0.0,0.0,0.2052,0.2052,0,1.0,5.0,1.0,5.0,,
12375,24.5421,-81.4153,2015,2014-01-27,2015-01-27,Atlantic,,14.25,12.4,0.0,3.64,5.19,0.6352830188679247,2.09,7,False,0.0,0.0,0.0,0.0,0.0,0.0,0,1.0,5.0,1.0,5.0,,
12375,24.5421,-81.4153,2016,2015-02-02,2016-02-02,Atlantic,,4.87,12.4,0.0,4.44,6.47,0.9690566037735849,2.89,21,False,0.0,0.0,0.0,0.0,47.089299999999994,46.2277,0,1.0,6.0,1.0,6.0,,
12378,24.5432,-81.4706,2014,2013-09-04,2014-09-04,Atlantic,,57.18,7.8,5.19,5.19,5.19,0.7807547169811319,2.15,7,False,0.0,0.0,0.0,0.0,16.1293,16.1293,0,1.0,4.0,1.0,4.0,,
12379,24.5439,-81.5671,2014,2013-09-08,2014-09-08,Atlantic,,47.12,4.9,5.68,5.68,5.68,0.7794339622641508,2.11,14,False,0.0,0.0,0.245,0.245,35.9546,17.0525,0,1.0,4.0,1.0,4.0,,
12381,24.5451,-81.427,2015,2014-09-02,2015-09-02,Atlantic,,55.43,11.4,4.08,4.08,5.19,0.6620754716981133,2.89,7,False,0.0,0.0,0.0,0.0,0.2052,0.2052,0,1.0,5.0,1.0,5.0,,
12382,24.5452,-81.4112,2013,2012-09-10,2013-09-10,Atlantic,,2.53,7.2,0.0,0.0,0.71,0.13942307692307693,2.07,0,False,0.0,0.0,0.0,0.0,0.0,0.0,0,1.0,3.0,1.0,3.0,,
12387,24.5453,-81.4079,2015,2014-09-17,2015-09-17,Atlantic,,30.56,6.4,5.8500000000000005,5.8500000000000005,5.8500000000000005,0.6877358490566038,2.89,21,False,0.0,0.0,0.0,0.0,0.2052,0.2052,0,1.0,5.0,1.0,5.0,,
12388,24.5453,-81.4079,2015,2014-01-27,2015-01-27,Atlantic,,13.25,5.2,0.0,3.64,5.19,0.6352830188679247,2.09,7,False,0.0,0.0,0.0,0.0,0.0,0.0,0,1.0,5.0,1.0,5.0,,
12388,24.5453,-81.4079,2016,2015-02-02,2016-02-02,Atlantic,,6.03,5.5,0.0,4.44,6.47,0.9690566037735849,2.89,21,False,0.0,0.0,0.0,0.0,45.2566,44.394999999999996,0,1.0,6.0,1.0,6.0,,
12390,24.5461,-81.4073,2016,2015-09-13,2016-09-12,Atlantic,,1.12,3.0,2.54,2.54,6.47,0.8107547169811319,2.07,0,False,0.0,0.0,0.0,0.0,45.2566,44.394999999999996,0,1.0,6.0,1.0,6.0,,
12393,24.5469,-81.4028,2014,2013-08-29,2014-08-29,Atlantic,,36.81,4.2,5.03,5.03,5.03,0.770188679245283,2.09,7,False,0.0,0.0,0.0,0.0,0.5113,0.5113,0,1.0,4.0,1.0,4.0,,
12394,24.5469,-81.4289,2016,2015-09-13,2016-09-12,Atlantic,,10.26,10.6,2.54,2.54,6.47,0.8107547169811319,2.07,0,False,0.0,0.0,0.0,0.0,47.089299999999994,46.2277,0,1.0,6.0,1.0,6.0,,
12402,24.5479,-81.4024,2016,2015-09-13,2016-09-12,Atlantic,,0.0,3.6,2.54,2.54,6.47,0.8107547169811319,2.07,0,False,0.0,0.0,0.0,0.0,45.2566,44.394999999999996,0,1.0,6.0,1.0,6.0,,
12403,24.5482,-81.5741,2016,2015-09-15,2016-09-14,Atlantic,,1.42,6.6,3.43,3.43,7.08,0.7939622641509434,2.08,0,False,0.0,0.0,32.7078,31.8462,174.9269,162.641,0,1.0,6.0,1.0,6.0,,
12404,24.5486,-81.7124,2015,2014-08-18,2015-08-18,Atlantic,,42.11,3.7,2.92,2.92,6.5600000000000005,0.6507547169811321,2.97,14,False,0.2052,0.2052,0.2052,0.2052,1050.3859,1041.693,1,1.0,5.0,1.0,5.0,,
12407,24.5489,-81.4148,2014,2013-08-29,2014-08-29,Atlantic,,46.72,7.2,5.03,5.03,5.03,0.770188679245283,2.09,7,False,0.0,0.0,0.0,0.0,0.5113,0.5113,0,1.0,4.0,1.0,4.0,,
12409,24.549,-81.402,2013,2012-09-10,2013-09-10,Atlantic,,0.0,3.0,0.0,0.0,0.71,0.13942307692307693,2.07,0,False,0.0,0.0,0.0,0.0,0.0,0.0,0,1.0,3.0,1.0,3.0,,
12410,24.5496,-81.4419,2016,2015-09-17,2016-09-16,Atlantic,,9.23,8.1,2.54,2.54,6.47,0.8107547169811319,2.07,0,False,0.0,0.0,0.0,0.0,47.089299999999994,46.2277,0,1.0,6.0,1.0,6.0,,
12411,24.5497,-81.4427,2015,2014-09-02,2015-09-02,Atlantic,,55.24,7.2,4.08,4.08,5.19,0.6620754716981133,2.89,7,False,0.0,0.0,0.0,0.0,0.2052,0.2052,0,1.0,5.0,1.0,5.0,,
12415,24.55,-81.5237,2015,2014-09-01,2015-09-01,Atlantic,,19.44,8.3,5.25,5.25,6.42,0.6058490566037734,3.17,7,False,0.0,0.0,0.2052,0.2052,73.3141,72.8822,0,1.0,5.0,1.0,5.0,,
12417,24.5505,-81.5745,2013,2012-09-09,2013-09-09,Atlantic,,1.0,4.8,0.0,0.0,1.48,0.03999999999999999,2.1,0,False,0.0,0.0,0.0,0.0,0.0,0.0,0,1.0,3.0,1.0,3.0,,
12418,24.5508,-81.7019,2013,2012-10-16,2013-10-16,Atlantic,,0.0,1.8,0.15,0.15,1.21,0.05773584905660377,1.99,0,False,0.0,0.0,0.0,0.0,0.0,0.0,0,1.0,3.0,1.0,3.0,,
12422,24.5523,-81.3838,2013,2012-09-11,2013-09-11,Atlantic,,5.41,5.6,0.0,0.0,0.79,0.08283018867924527,2.22,0,False,0.0,0.0,0.0,0.0,0.0,0.0,0,1.0,3.0,1.0,3.0,,
12423,24.5523,-81.4438,2015,2014-09-02,2015-09-02,Atlantic,,35.66,5.8,4.86,4.86,6.24,0.6247169811320754,3.1,7,False,0.0,0.0,0.0,0.0,0.2052,0.2052,0,1.0,5.0,1.0,5.0,,
12425,24.5524,-81.3841,2014,2013-08-29,2014-08-29,Atlantic,,55.69,5.8,5.69,5.69,5.69,0.7639622641509433,2.17,14,False,0.0,0.0,0.0,0.0,0.5113,0.5113,0,1.0,4.0,1.0,4.0,,
12434,24.5532,-81.3794,2016,2015-09-20,2016-09-19,Atlantic,,13.58,5.7,3.45,3.45,6.74,0.7883018867924527,2.09,0,False,0.0,0.0,0.0,0.0,45.2566,44.394999999999996,0,1.0,6.0,1.0,6.0,,
12435,24.5534,-81.4331,2014,2013-09-03,2014-09-03,Atlantic,,62.33,6.4,6.09,6.09,6.09,0.7683018867924529,2.28,14,False,0.0,0.0,0.0,0.0,0.5113,0.5113,0,1.0,4.0,1.0,4.0,,
12436,24.5534,-81.3807,2015,2014-09-02,2015-09-02,Atlantic,,41.38,5.6,4.82,4.82,5.8500000000000005,0.6298113207547169,3.06,7,False,0.0,0.0,0.0,0.0,0.2052,0.2052,0,1.0,5.0,1.0,5.0,,
12438,24.5542,-81.5888,2014,2013-09-08,2014-09-08,Atlantic,,51.17,5.4,6.68,6.68,6.68,0.7666037735849058,2.26,21,False,0.0,0.0,0.245,0.245,103.9756,82.0384,0,1.0,4.0,1.0,4.0,,
12442,24.557,-81.3668,2015,2014-09-03,2015-09-03,Atlantic,,59.31,6.8,4.82,4.82,5.8500000000000005,0.6298113207547169,3.06,7,False,0.0,0.0,0.0,0.0,0.2052,0.2052,0,1.0,5.0,1.0,5.0,,
12444,24.5576,-81.3529,2013,2012-09-09,2013-09-09,Atlantic,,1.47,11.1,0.0,0.0,0.79,0.08471698113207546,2.22,0,False,0.0,0.0,0.0,0.0,0.0,0.0,0,1.0,3.0,1.0,3.0,,
12445,24.5578,-81.672,2015,2014-09-09,2015-09-09,Atlantic,,44.44,3.4,6.68,6.68,6.78,0.619811320754717,3.1,21,False,0.2052,0.2052,0.2052,0.2052,247.4168,239.3033,1,1.0,5.0,1.0,5.0,,
12447,24.5586,-81.354,2014,2013-09-03,2014-09-03,Atlantic,,72.73,7.6,5.69,5.69,5.69,0.7639622641509433,2.17,14,False,0.0,0.0,0.0,0.0,0.245,0.245,0,1.0,4.0,1.0,4.0,,
12448,24.5592,-81.509,2016,2015-09-15,2016-09-14,Atlantic,,0.64,6.0,4.07,4.07,7.71,0.7641509433962265,2.19,7,False,0.0,0.0,32.7078,31.8462,174.3659,162.3641,0,1.0,6.0,1.0,6.0,,
12450,24.5594,-81.4794,2015,2014-09-01,2015-09-01,Atlantic,,23.33,9.1,4.92,4.92,6.11,0.6200000000000001,3.13,7,False,0.0,0.0,0.0,0.0,65.0061,64.5742,0,1.0,5.0,1.0,5.0,,
12454,24.5601,-81.5016,2013,2012-09-12,2013-09-12,Atlantic,,1.96,5.2,0.0,0.0,1.31,0.039433962264150954,2.17,0,False,0.0,0.0,0.0,0.0,0.0,0.0,0,1.0,3.0,1.0,3.0,,
12456,24.5603,-81.5021,2015,2014-09-23,2015-09-23,Atlantic,,26.11,5.4,7.71,7.71,7.71,0.6437735849056603,3.17,21,False,0.0,0.0,0.0,0.0,73.3141,72.8822,0,1.0,5.0,1.0,5.0,,
12457,24.5603,-81.5021,2015,2014-01-21,2015-01-21,Atlantic,,3.99,4.8,0.0,3.95,6.42,0.5556603773584907,2.33,14,False,0.0,0.0,0.0,0.0,93.17920000000001,74.2771,0,1.0,5.0,1.0,5.0,,
12457,24.5603,-81.5021,2016,2015-03-03,2016-03-02,Atlantic,,1.31,4.9,0.0,0.62,7.71,1.0303773584905662,3.17,21,False,0.0,0.0,0.0,0.0,174.3659,162.3641,0,1.0,6.0,1.0,6.0,,
12459,24.561,-81.4003,2013,2012-09-10,2013-09-10,Atlantic,,1.36,7.0,0.0,0.0,0.81,0.06865384615384616,2.24,0,False,0.0,0.0,0.0,0.0,0.0,0.0,0,1.0,3.0,1.0,3.0,,
12465,24.5631,-81.4005,2014,2013-09-03,2014-09-03,Atlantic,,49.77,7.0,6.09,6.09,6.09,0.7683018867924529,2.28,14,False,0.0,0.0,0.0,0.0,0.5113,0.5113,0,1.0,4.0,1.0,4.0,,
12470,24.5633,-81.6592,2015,2014-09-09,2015-09-09,Atlantic,,55.56,3.2,6.68,6.68,6.78,0.619811320754717,3.1,21,False,0.2052,0.2052,0.2052,0.2052,247.4168,239.3033,1,1.0,5.0,1.0,5.0,,
12477,24.5654,-81.3933,2014,2013-08-29,2014-08-29,Atlantic,,55.64,7.7,5.69,5.69,5.69,0.7639622641509433,2.17,14,False,0.0,0.0,0.0,0.0,0.5113,0.5113,0,1.0,4.0,1.0,4.0,,
12479,24.5658,-81.3344,2015,2014-09-03,2015-09-03,Atlantic,,91.67,7.8,4.59,4.59,5.82,0.6537735849056604,3.02,7,False,0.0,0.0,0.0,0.0,0.2052,0.2052,0,1.0,5.0,1.0,5.0,,
12483,24.5669,-81.3886,2016,2015-09-13,2016-09-12,Atlantic,,0.64,7.6,3.45,3.45,6.9,0.7850943396226415,2.09,0,False,0.0,0.0,0.0,0.0,45.2566,44.394999999999996,0,1.0,6.0,1.0,6.0,,
12486,24.5687,-81.3254,2013,2012-09-12,2013-09-12,Atlantic,,1.9,6.0,0.0,0.0,0.75,0.10735849056603773,2.22,0,False,0.0,0.0,0.0,0.0,0.0,0.0,0,1.0,3.0,1.0,3.0,,
12487,24.5687,-81.3266,2015,2014-09-03,2015-09-03,Atlantic,,56.21,5.8,4.59,4.59,5.82,0.6537735849056604,3.02,7,False,0.0,0.0,0.0,0.0,0.2052,0.2052,0,1.0,5.0,1.0,5.0,,
12490,24.5695,-81.4593,2014,2013-09-03,2014-09-03,Atlantic,,48.07,6.3,6.11,6.11,6.11,0.7699999999999999,2.32,14,False,0.0,0.0,0.0,0.0,0.5113,0.5113,0,1.0,4.0,1.0,4.0,,
12491,24.5696,-82.925,2016,2015-09-15,2016-09-14,Atlantic,,22.37,14.0,0.0,0.0,6.890000000000001,0.7767924528301887,2.5500000000000003,0,False,0.0,0.0,67.6288,65.7783,1354.4786,1296.2317,0,1.0,6.0,1.0,6.0,,
12492,24.5697,-81.33,2015,2014-09-03,2015-09-03,Atlantic,,64.17,6.7,4.59,4.59,5.82,0.6537735849056604,3.02,7,False,0.0,0.0,0.0,0.0,0.2052,0.2052,0,1.0,5.0,1.0,5.0,,
12495,24.5715,-81.6375,2015,2014-09-09,2015-09-09,Atlantic,,44.44,2.2,6.4,6.4,6.63,0.6211320754716981,3.15,21,False,0.0,0.0,0.2052,0.2052,247.4168,239.3033,0,1.0,5.0,1.0,5.0,,
12497,24.5728,-81.5911,2013,2012-09-09,2013-09-09,Atlantic,,0.95,5.7,0.0,0.0,1.48,0.03999999999999999,2.1,0,False,0.0,0.0,0.0,0.0,0.0,0.0,0,1.0,3.0,1.0,3.0,,
12499,24.5742,-81.3282,2014,2013-09-03,2014-09-03,Atlantic,,58.45,5.2,5.65,5.65,5.65,0.7709433962264151,2.12,14,False,0.0,0.0,0.0,0.0,0.245,0.245,0,1.0,4.0,1.0,4.0,,
12500,24.5746,-81.3187,2014,2013-09-03,2014-09-03,Atlantic,,66.39,7.9,5.65,5.65,5.65,0.7709433962264151,2.12,14,False,0.0,0.0,0.0,0.0,0.245,0.245,0,1.0,4.0,1.0,4.0,,
12502,24.5756,-82.9478,2014,2013-09-19,2014-09-19,Atlantic,,32.35,15.6,3.74,3.74,3.74,0.7943396226415096,1.57,0,False,0.0,0.0,0.0,0.0,166.61849999999998,88.5775,0,1.0,4.0,1.0,4.0,,
12504,24.5759,-81.3203,2015,2014-09-03,2015-09-03,Atlantic,,66.67,6.2,4.59,4.59,5.82,0.6537735849056604,3.02,7,False,0.0,0.0,0.0,0.0,0.2052,0.2052,0,1.0,5.0,1.0,5.0,,
12505,24.576,-82.9123,2016,2015-09-15,2016-09-14,Atlantic,,24.64,13.3,0.0,0.0,6.890000000000001,0.7767924528301887,2.5500000000000003,0,False,0.0,0.0,67.3441,65.4936,1416.7044,1355.1029,0,1.0,6.0,1.0,6.0,,
12507,24.577,-82.9749,2016,2015-09-23,2016-09-22,Atlantic,,17.56,16.2,0.0,0.0,6.79,0.7656603773584906,2.52,0,False,1.6186,1.6186,62.3988,60.5483,1231.9647,1195.2197,1,1.0,6.0,1.0,6.0,,
12508,24.578,-81.5911,2015,2014-09-22,2015-09-22,Atlantic,,11.59,2.7,8.03,8.03,8.03,0.649245283018868,3.18,28,False,0.0,0.0,0.2052,0.2052,234.2544,226.14090000000002,0,1.0,5.0,1.0,5.0,,
12513,24.5807,-81.5901,2015,2014-09-22,2015-09-22,Atlantic,,16.67,3.0,8.03,8.03,8.03,0.649245283018868,3.18,28,False,0.0,0.0,0.2052,0.2052,234.2544,226.14090000000002,0,1.0,5.0,1.0,5.0,,
12514,24.5808,-81.2721,2015,2014-08-25,2015-08-25,Atlantic,,65.28,7.4,3.23,3.23,5.83,0.6371698113207548,3.01,7,False,0.0,0.0,0.0,0.0,0.2052,0.2052,0,1.0,5.0,1.0,5.0,,
12517,24.5822,-82.9272,2016,2015-09-16,2016-09-15,Atlantic,,12.05,13.4,0.0,0.0,6.890000000000001,0.7767924528301887,2.5500000000000003,0,False,0.0,0.0,67.6288,65.7783,1416.7044,1355.1029,0,1.0,6.0,1.0,6.0,,
12518,24.5825,-82.9266,2016,2015-09-16,2016-09-15,Atlantic,,8.96,16.2,0.0,0.0,6.890000000000001,0.7767924528301887,2.5500000000000003,0,False,0.0,0.0,67.6288,65.7783,1416.7044,1355.1029,0,1.0,6.0,1.0,6.0,,
12519,24.5834,-82.9716,2014,2013-09-21,2014-09-21,Atlantic,,34.2,13.3,3.39,3.39,3.39,0.7822641509433963,1.58,0,False,0.0,0.0,0.0,0.0,166.61849999999998,88.5775,0,1.0,4.0,1.0,4.0,,
12521,24.5852,-82.9727,2014,2013-09-09,2014-09-09,Atlantic,,20.0,13.8,3.39,3.39,3.39,0.7662264150943396,1.58,0,False,0.0,0.0,0.0,0.0,166.61849999999998,88.5775,0,1.0,4.0,1.0,4.0,,
12526,24.5857,-81.5826,2015,2014-09-22,2015-09-22,Atlantic,,54.49,2.4,8.03,8.03,8.03,0.649245283018868,3.18,28,False,0.0,0.0,0.2052,0.2052,234.2544,226.14090000000002,0,1.0,5.0,1.0,5.0,,
12527,24.5857,-81.5826,2015,2014-01-21,2015-01-21,Atlantic,,0.0,2.4,0.0,4.03,6.68,0.5583018867924529,2.26,21,False,0.0,0.0,0.0,0.0,361.1436,254.1244,0,1.0,5.0,1.0,5.0,,
12527,24.5857,-81.5826,2016,2015-03-03,2016-03-02,Atlantic,,0.98,3.1,0.0,0.63,8.03,1.039433962264151,3.18,28,False,0.0,0.0,32.7078,31.8462,657.5953,495.4326,0,1.0,6.0,1.0,6.0,,
12530,24.5861,-81.2523,2015,2014-08-25,2015-08-25,Atlantic,,71.43,9.2,3.23,3.23,5.83,0.6371698113207548,3.01,7,False,0.0,0.0,0.0,0.0,0.0,0.0,0,1.0,5.0,1.0,5.0,,
12532,24.5868,-82.9164,2014,2013-09-09,2014-09-09,Atlantic,,55.33,7.4,3.74,3.74,3.74,0.7779245283018869,1.57,0,False,0.0,0.0,39.036,31.433,181.7456,102.2366,0,1.0,4.0,1.0,4.0,,
12533,24.5871,-81.2366,2014,2013-08-20,2014-08-20,Atlantic,,22.84,14.6,2.62,2.62,2.62,0.7043396226415094,2.16,0,False,0.0,0.0,0.0,0.0,0.0,0.0,0,1.0,4.0,1.0,4.0,,
12540,24.5916,-81.2326,2015,2014-08-25,2015-08-25,Atlantic,,63.49,9.6,2.95,2.95,4.97,0.6467924528301887,2.95,0,False,0.0,0.0,0.0,0.0,0.0,0.0,0,1.0,5.0,1.0,5.0,,
12542,24.5926,-81.2208,2015,2014-08-25,2015-08-25,Atlantic,,60.82,13.4,2.95,2.95,4.97,0.6467924528301887,2.95,0,False,0.0,0.0,0.0,0.0,0.0,0.0,0,1.0,5.0,1.0,5.0,,
12544,24.5933,-82.9017,2016,2015-09-16,2016-09-15,Atlantic,,12.61,5.3,0.0,0.0,6.890000000000001,0.7767924528301887,2.5500000000000003,0,False,10.5336,10.5336,200.3818,197.45,1958.8814,1892.7616,1,1.0,6.0,1.0,6.0,,
12547,24.5944,-81.2218,2014,2013-10-08,2014-10-08,Atlantic,,75.0,10.7,4.97,4.97,4.97,0.7764150943396225,2.16,0,False,0.0,0.0,0.0,0.0,0.0,0.0,0,1.0,4.0,1.0,4.0,,
12549,24.5949,-81.2258,2016,2015-09-08,2016-09-07,Atlantic,,17.44,9.4,2.88,2.88,6.09,0.8122641509433963,2.14,7,False,0.0,0.0,0.0,0.0,0.0,0.0,0,1.0,6.0,1.0,6.0,,
12552,24.5958,-81.3954,2014,2013-08-29,2014-08-29,Atlantic,,43.08,6.1,5.69,5.69,5.69,0.7639622641509433,2.17,14,False,0.0,0.0,0.0,0.0,0.5113,0.5113,0,1.0,4.0,1.0,4.0,,
12556,24.5969,-81.2645,2014,2013-08-20,2014-08-20,Atlantic,,33.33,7.9,3.13,3.13,3.13,0.707358490566038,2.14,0,False,0.0,0.0,0.0,0.0,0.245,0.245,0,1.0,4.0,1.0,4.0,,
12557,24.5971,-81.2646,2016,2015-09-08,2016-09-07,Atlantic,,15.38,8.0,3.22,3.22,6.47,0.8083018867924531,2.11,7,False,0.0,0.0,0.0,0.0,32.7078,31.8462,0,1.0,6.0,1.0,6.0,,
12558,24.5973,-81.2647,2015,2014-08-25,2015-08-25,Atlantic,,43.84,7.9,3.23,3.23,5.83,0.6371698113207548,3.01,7,False,0.0,0.0,0.0,0.0,0.2052,0.2052,0,1.0,5.0,1.0,5.0,,
12560,24.598,-81.2277,2015,2014-10-14,2015-10-14,Atlantic,,38.1,7.0,6.09,6.09,6.09,0.6760377358490567,2.95,14,False,0.0,0.0,0.0,0.0,0.0,0.0,0,1.0,5.0,1.0,5.0,,
12563,24.6,-81.2062,2014,2013-08-20,2014-08-20,Atlantic,,30.61,10.6,3.64,3.64,3.64,0.7088679245283017,2.35,0,False,0.0,0.0,0.0,0.0,0.0,0.0,0,1.0,4.0,1.0,4.0,,
12565,24.6004,-81.2063,2015,2014-10-14,2015-10-14,Atlantic,,46.67,11.6,7.0600000000000005,7.0600000000000005,7.0600000000000005,0.6354716981132077,3.18,14,False,0.0,0.0,0.0,0.0,0.0,0.0,0,1.0,5.0,1.0,5.0,,
12570,24.6016,-81.25,2014,2013-08-20,2014-08-20,Atlantic,,32.29,7.7,3.64,3.64,3.64,0.7088679245283017,2.35,0,False,0.0,0.0,0.0,0.0,0.0,0.0,0,1.0,4.0,1.0,4.0,,
12571,24.6017,-82.9571,2014,2013-09-19,2014-09-19,Atlantic,,27.41,14.0,3.0700000000000003,3.0700000000000003,3.0700000000000003,0.7924528301886793,1.62,0,False,0.0,0.0,0.0,0.0,180.2776,102.2366,0,1.0,4.0,1.0,4.0,,
12572,24.6018,-81.2077,2016,2015-09-08,2016-09-07,Atlantic,,12.7,7.9,3.83,3.83,7.0600000000000005,0.7992452830188678,2.29,7,False,0.0,0.0,0.0,0.0,0.0,0.0,0,1.0,6.0,1.0,6.0,,
12573,24.6022,-82.9818,2014,2013-09-21,2014-09-21,Atlantic,,14.04,15.6,3.0700000000000003,3.0700000000000003,3.0700000000000003,0.7924528301886793,1.62,0,False,0.0,0.0,0.0,0.0,166.61849999999998,88.5775,0,1.0,4.0,1.0,4.0,,
12574,24.6033,-81.2057,2014,2013-08-20,2014-08-20,Atlantic,,50.88,6.4,3.64,3.64,3.64,0.7088679245283017,2.35,0,False,0.0,0.0,0.0,0.0,0.0,0.0,0,1.0,4.0,1.0,4.0,,
12577,24.6045,-82.9499,2016,2015-09-21,2016-09-20,Atlantic,,18.06,13.3,0.0,0.0,6.53,0.781320754716981,2.61,0,False,0.0,0.0,62.3988,60.5483,1416.7044,1355.1029,0,1.0,6.0,1.0,6.0,,
12581,24.6058,-81.429,2014,2013-08-29,2014-08-29,Atlantic,,46.85,3.4,6.88,6.88,6.88,0.7471698113207547,2.5,21,False,0.0,0.0,0.0,0.0,0.5113,0.5113,0,1.0,4.0,1.0,4.0,,
12582,24.6059,-82.9343,2016,2015-09-23,2016-09-22,Atlantic,,12.05,16.7,0.0,0.0,6.53,0.781320754716981,2.61,0,False,10.5336,10.5336,218.61339999999998,215.6816,1416.7044,1355.1029,1,1.0,6.0,1.0,6.0,,
12585,24.6062,-82.9542,2016,2015-09-21,2016-09-20,Atlantic,,29.58,13.2,0.0,0.0,6.57,0.7818867924528303,2.6,0,False,0.0,0.0,62.3988,60.5483,1416.7044,1355.1029,0,1.0,6.0,1.0,6.0,,
12590,24.6096,-81.1788,2016,2015-09-08,2016-09-07,Atlantic,,5.56,8.6,3.48,3.48,6.7,0.801509433962264,2.24,0,False,0.0,0.0,0.0,0.0,0.0,0.0,0,1.0,6.0,1.0,6.0,,
12595,24.6109,-82.9385,2014,2013-09-19,2014-09-19,Atlantic,,44.72,11.7,3.56,3.56,3.56,0.8054716981132074,1.64,0,False,0.0,0.0,39.036,31.433,181.7456,102.2366,0,1.0,4.0,1.0,4.0,,
12596,24.611,-82.9024,2014,2013-09-09,2014-09-09,Atlantic,,60.88,8.9,3.56,3.56,3.56,0.7894339622641509,1.64,0,False,0.0,0.0,39.036,31.433,251.7754,152.9645,0,1.0,4.0,1.0,4.0,,
12598,24.6114,-82.903,2016,2015-09-16,2016-09-15,Atlantic,,11.67,13.7,0.0,0.0,6.53,0.7935849056603773,2.61,0,False,10.5336,10.5336,200.3818,197.45,1958.8814,1892.7616,1,1.0,6.0,1.0,6.0,,
12599,24.6116,-82.9602,2014,2013-09-21,2014-09-21,Atlantic,,18.12,14.6,3.0700000000000003,3.0700000000000003,3.0700000000000003,0.7924528301886793,1.62,0,False,0.0,0.0,0.0,0.0,180.2776,102.2366,0,1.0,4.0,1.0,4.0,,
12600,24.6117,-82.8978,2016,2015-09-21,2016-09-20,Atlantic,,24.0,4.4,0.0,0.0,6.47,0.7932075471698115,2.58,0,False,10.5336,10.5336,200.3818,197.45,1958.8814,1892.7616,1,1.0,6.0,1.0,6.0,,
12603,24.6139,-81.3937,2014,2013-08-29,2014-08-29,Atlantic,,80.0,3.9,6.09,6.09,6.09,0.7683018867924529,2.28,14,True,0.0,0.0,0.0,0.0,0.5113,0.5113,0,1.0,4.0,1.0,4.0,,
12604,24.6145,-82.8704,2016,2015-09-15,2016-09-14,Atlantic,,5.72,4.8,0.0,0.0,6.47,0.8062264150943398,2.58,0,False,10.5336,10.5336,203.4672,200.5354,2242.4608,2171.835,1,1.0,6.0,1.0,6.0,,
12605,24.6148,-81.3917,2016,2015-09-13,2016-09-12,Atlantic,,2.56,3.4,3.6,3.6,7.1000000000000005,0.7837735849056605,2.12,0,True,0.0,0.0,0.0,0.0,47.089299999999994,46.2277,0,1.0,6.0,1.0,6.0,,
12608,24.6156,-82.9267,2014,2013-09-09,2014-09-09,Atlantic,,50.38,11.1,3.56,3.56,3.56,0.7894339622641509,1.64,0,False,0.0,0.0,39.036,31.433,181.7456,102.2366,0,1.0,4.0,1.0,4.0,,
12610,24.6163,-81.3915,2014,2013-08-29,2014-08-29,Atlantic,,81.48,2.7,6.09,6.09,6.09,0.7683018867924529,2.28,14,True,0.0,0.0,0.0,0.0,0.5113,0.5113,0,1.0,4.0,1.0,4.0,,
12611,24.6166,-81.3907,2016,2015-09-13,2016-09-12,Atlantic,,7.25,2.0,3.6,3.6,7.1000000000000005,0.7837735849056605,2.12,0,True,0.0,0.0,0.0,0.0,47.089299999999994,46.2277,0,1.0,6.0,1.0,6.0,,
12612,24.6169,-82.8922,2015,2014-09-22,2015-09-22,Atlantic,,38.89,8.6,6.47,6.47,6.47,0.5888679245283018,2.48,7,False,0.0,0.0,223.8523,223.6262,1586.0307,1582.9947,0,1.0,5.0,1.0,5.0,,
12617,24.6184,-81.3789,2016,2015-09-13,2016-09-12,Atlantic,,0.0,2.1,3.6,3.6,7.1000000000000005,0.7837735849056605,2.12,0,True,0.0,0.0,0.0,0.0,47.089299999999994,46.2277,0,1.0,6.0,1.0,6.0,,
12618,24.6188,-82.9594,2016,2015-09-23,2016-09-22,Atlantic,,20.83,11.6,0.0,0.0,6.57,0.7818867924528303,2.6,0,False,0.0,0.0,62.3988,60.5483,1416.6186,1355.0171,0,1.0,6.0,1.0,6.0,,
12628,24.6213,-81.363,2013,2012-09-11,2013-09-11,Atlantic,,1.68,3.8,0.0,0.0,0.81,0.07226415094339622,2.24,0,True,0.0,0.0,0.0,0.0,0.0,0.0,0,1.0,3.0,1.0,3.0,,
12630,24.6214,-82.8932,2016,2015-09-21,2016-09-20,Atlantic,,10.18,3.2,0.0,0.0,6.47,0.7932075471698115,2.58,0,False,10.5336,10.5336,203.4672,200.5354,1961.0244,1894.3766,1,1.0,6.0,1.0,6.0,,
12634,24.6216,-81.1163,2013,2012-09-13,2013-09-13,Atlantic,,7.33,13.4,0.0,0.0,0.54,0.0681132075471698,2.23,0,False,0.0,0.0,0.0,0.0,0.0,0.0,0,1.0,3.0,1.0,3.0,,
12635,24.6217,-81.1564,2016,2015-09-08,2016-09-07,Atlantic,,11.11,7.8,3.48,3.48,6.7,0.801509433962264,2.24,0,False,0.0,0.0,0.0,0.0,0.0,0.0,0,1.0,6.0,1.0,6.0,,
12637,24.6223,-81.1118,2015,2014-09-18,2015-09-18,Atlantic,,47.18,15.0,5.43,5.43,5.43,0.6566037735849056,3.02,7,False,0.0,0.0,0.0,0.0,0.0,0.0,0,1.0,5.0,1.0,5.0,,
12638,24.6223,-81.112,2015,2014-01-30,2015-01-30,Atlantic,,4.2,14.2,0.0,2.44,5.42,0.6260377358490566,2.37,7,False,0.0,0.0,0.0,0.0,0.0,0.0,0,1.0,5.0,1.0,5.0,,
12638,24.6223,-81.112,2016,2015-02-08,2016-02-08,Atlantic,,4.03,15.6,0.0,2.5500000000000003,5.43,0.970754716981132,3.02,7,False,0.0,0.0,0.0,0.0,0.0,0.0,0,1.0,6.0,1.0,6.0,,
12639,24.6225,-81.123,2014,2013-08-04,2014-08-04,Atlantic,,64.05,8.4,0.87,0.87,0.87,0.6709433962264152,2.37,0,False,0.0,0.0,0.0,0.0,0.0,0.0,0,1.0,4.0,1.0,4.0,,
12642,24.6237,-82.8597,2014,2013-09-20,2014-09-20,Atlantic,,33.33,9.1,3.9,3.9,3.9,0.8115094339622642,1.67,0,False,0.0,0.0,39.036,31.433,309.8963,204.3468,0,1.0,4.0,1.0,4.0,,
12648,24.6249,-82.834,2016,2015-09-15,2016-09-14,Atlantic,,14.74,10.8,0.0,0.0,6.41,0.8230188679245284,2.5500000000000003,0,False,10.5336,10.5336,468.2642,465.3324,2262.6419,2192.0161,1,1.0,6.0,1.0,6.0,,
12654,24.6253,-81.1116,2015,2014-01-30,2015-01-30,Atlantic,,7.47,5.2,0.0,2.44,5.42,0.6260377358490566,2.37,7,False,0.0,0.0,0.0,0.0,0.0,0.0,0,1.0,5.0,1.0,5.0,,
12654,24.6253,-81.1116,2016,2015-02-08,2016-02-08,Atlantic,,10.49,5.3,0.0,2.5500000000000003,5.43,0.970754716981132,3.02,7,False,0.0,0.0,0.0,0.0,0.0,0.0,0,1.0,6.0,1.0,6.0,,
12656,24.6255,-81.1104,2015,2014-09-18,2015-09-18,Atlantic,,41.53,5.4,5.43,5.43,5.43,0.6566037735849056,3.02,7,False,0.0,0.0,0.0,0.0,0.0,0.0,0,1.0,5.0,1.0,5.0,,
12662,24.626,-82.8153,2015,2014-09-24,2015-09-24,Atlantic,,45.33,11.0,6.41,6.41,6.41,0.5858490566037736,2.49,7,False,0.0,0.0,400.595,400.3689,1858.9533,1855.9173,0,1.0,5.0,1.0,5.0,,
12663,24.626,-81.1082,2016,2015-09-16,2016-09-15,Atlantic,,1.75,7.4,3.08,3.08,5.43,0.7816981132075473,2.25,0,False,0.0,0.0,0.0,0.0,0.0,0.0,0,1.0,6.0,1.0,6.0,,
12664,24.6262,-81.1093,2016,2015-09-16,2016-09-15,Atlantic,,6.98,4.5,3.08,3.08,5.43,0.7816981132075473,2.25,0,False,0.0,0.0,0.0,0.0,0.0,0.0,0,1.0,6.0,1.0,6.0,,
12666,24.6262,-82.9417,2015,2014-09-22,2015-09-22,Atlantic,,28.37,5.0,6.53,6.53,6.53,0.5962264150943396,2.48,7,False,0.0,0.0,206.526,206.2999,1413.4661,1410.4301,0,1.0,5.0,1.0,5.0,,
12667,24.6268,-81.1084,2016,2015-09-16,2016-09-15,Atlantic,,5.05,5.2,3.08,3.08,5.43,0.7816981132075473,2.25,0,False,0.0,0.0,0.0,0.0,0.0,0.0,0,1.0,6.0,1.0,6.0,,
12668,24.6269,-81.1075,2015,2014-09-03,2015-09-03,Atlantic,,39.51,6.8,4.19,4.19,5.42,0.6362264150943397,3.02,7,False,0.0,0.0,0.0,0.0,0.0,0.0,0,1.0,5.0,1.0,5.0,,
12674,24.6271,-81.1084,2013,2012-09-13,2013-09-13,Atlantic,,5.05,8.4,0.0,0.0,0.54,0.0681132075471698,2.23,0,False,0.0,0.0,0.0,0.0,0.0,0.0,0,1.0,3.0,1.0,3.0,,
12677,24.6273,-82.8538,2016,2015-09-23,2016-09-22,Atlantic,,11.11,14.0,0.0,0.0,6.47,0.7932075471698115,2.58,0,False,10.5336,10.5336,490.868,487.9362,2242.4608,2171.835,1,1.0,6.0,1.0,6.0,,
12681,24.6275,-82.838,2014,2013-09-20,2014-09-20,Atlantic,,24.65,10.4,4.39,4.39,4.39,0.8224528301886792,1.72,7,False,0.0,0.0,91.2096,31.433,309.8963,204.3468,0,1.0,4.0,1.0,4.0,,
12685,24.6291,-82.8588,2014,2013-09-09,2014-09-09,Atlantic,,39.1,9.0,3.9,3.9,3.9,0.7952830188679244,1.67,0,False,0.0,0.0,39.036,31.433,309.8963,204.3468,0,1.0,4.0,1.0,4.0,,
12693,24.6309,-81.0918,2013,2012-09-30,2013-09-30,Atlantic,,8.77,7.0,0.0,0.0,0.36,0.09773584905660376,2.18,0,False,0.0,0.0,0.0,0.0,0.0,0.0,0,1.0,3.0,1.0,3.0,,
12698,24.6324,-81.0874,2015,2014-09-03,2015-09-03,Atlantic,,46.08,5.4,3.85,3.85,5.07,0.649245283018868,2.95,0,False,0.0,0.0,0.0,0.0,0.0,0.0,0,1.0,5.0,1.0,5.0,,
12699,24.6324,-81.0904,2016,2015-09-16,2016-09-15,Atlantic,,11.11,3.7,2.56,2.56,5.07,0.7856603773584906,2.28,0,False,0.0,0.0,0.0,0.0,0.0,0.0,0,1.0,6.0,1.0,6.0,,
12700,24.6325,-82.8766,2016,2015-09-23,2016-09-22,Atlantic,,13.54,6.8,0.0,0.0,6.47,0.7932075471698115,2.58,0,False,10.5336,10.5336,226.071,223.13920000000002,2242.4608,2171.835,1,1.0,6.0,1.0,6.0,,
12701,24.6329,-81.0899,2013,2012-10-08,2013-10-08,Atlantic,,1.15,4.2,0.0,0.0,0.36,0.1073076923076923,2.18,0,False,0.0,0.0,0.0,0.0,0.0,0.0,0,1.0,3.0,1.0,3.0,,
12703,24.6329,-81.0879,2013,2012-09-30,2013-09-30,Atlantic,,2.56,4.8,0.0,0.0,0.36,0.09773584905660376,2.18,0,False,0.0,0.0,0.0,0.0,0.0,0.0,0,1.0,3.0,1.0,3.0,,
12706,24.6334,-82.8766,2014,2013-09-17,2014-09-17,Atlantic,,43.94,9.6,3.9,3.9,3.9,0.802264150943396,1.67,0,False,0.0,0.0,39.036,31.433,309.8963,204.3468,0,1.0,4.0,1.0,4.0,,
12708,24.6342,-82.8105,2014,2013-09-20,2014-09-20,Atlantic,,34.75,7.2,4.39,4.39,4.39,0.8224528301886792,1.72,7,False,0.0,0.0,91.2096,31.433,383.63919999999996,278.0897,0,1.0,4.0,1.0,4.0,,
12709,24.6342,-81.0845,2015,2014-09-02,2015-09-02,Atlantic,,33.33,6.1,3.85,3.85,5.07,0.649245283018868,2.95,0,False,0.0,0.0,0.0,0.0,0.0,0.0,0,1.0,5.0,1.0,5.0,,
12713,24.6358,-82.9033,2015,2014-09-22,2015-09-22,Atlantic,,40.35,2.7,6.53,6.53,6.53,0.5962264150943396,2.48,7,False,0.0,0.0,207.1285,206.9024,1607.3309,1604.2949,0,1.0,5.0,1.0,5.0,,
12715,24.6361,-82.8036,2014,2013-09-20,2014-09-20,Atlantic,,39.08,5.8,4.39,4.39,4.39,0.8224528301886792,1.72,7,False,0.0,0.0,91.2096,31.433,416.28819999999996,310.7387,0,1.0,4.0,1.0,4.0,,
12716,24.6362,-81.0894,2013,2012-09-13,2013-09-13,Atlantic,,0.0,4.6,0.0,0.0,0.36,0.08471698113207547,2.18,0,False,0.0,0.0,0.0,0.0,0.0,0.0,0,1.0,3.0,1.0,3.0,,
12717,24.6365,-82.846,2014,2013-09-18,2014-09-18,Atlantic,,59.52,13.8,4.39,4.39,4.39,0.8224528301886792,1.72,7,False,0.0,0.0,91.2096,31.433,309.8963,204.3468,0,1.0,4.0,1.0,4.0,,
12719,24.6379,-81.0674,2016,2015-09-16,2016-09-15,Atlantic,,3.48,13.4,2.56,2.56,5.07,0.7856603773584906,2.28,0,False,0.0,0.0,0.0,0.0,0.0,0.0,0,1.0,6.0,1.0,6.0,,
12725,24.6403,-82.8985,2014,2013-09-21,2014-09-21,Atlantic,,51.39,3.0,3.9,3.9,3.9,0.8115094339622642,1.67,0,False,0.0,0.0,39.036,31.433,285.4089,186.598,0,1.0,4.0,1.0,4.0,,
12728,24.6421,-82.8274,2015,2014-09-24,2015-09-24,Atlantic,,46.53,5.5,6.41,6.41,6.41,0.5858490566037736,2.49,7,False,0.0,0.0,571.0904,570.221,1857.6422,1854.6062,0,1.0,5.0,1.0,5.0,,
12730,24.6425,-82.8444,2014,2013-09-21,2014-09-21,Atlantic,,30.63,16.4,4.39,4.39,4.39,0.8224528301886792,1.72,7,False,0.0,0.0,91.2096,31.433,358.5165,252.96699999999998,0,1.0,4.0,1.0,4.0,,
12731,24.6425,-82.937,2015,2014-09-23,2015-09-23,Atlantic,,68.75,13.3,6.53,6.53,6.53,0.5962264150943396,2.48,7,False,0.0,0.0,207.1285,206.9024,1413.4661,1410.4301,0,1.0,5.0,1.0,5.0,,
12733,24.6436,-82.856,2016,2015-09-24,2016-09-23,Atlantic,,8.15,8.7,0.0,0.0,6.47,0.7932075471698115,2.58,0,False,10.5336,10.5336,490.868,487.9362,2352.4249,2225.1466,1,1.0,6.0,1.0,6.0,,
12734,24.6442,-81.0475,2016,2015-09-28,2016-09-27,Atlantic,,9.02,10.4,2.08,2.08,4.32,0.8094339622641509,2.3000000000000003,0,False,0.0,0.0,0.0,0.0,0.0,0.0,0,1.0,6.0,1.0,6.0,,
12736,24.6485,-81.0328,2016,2015-09-28,2016-09-27,Atlantic,,5.33,11.0,2.08,2.08,4.32,0.8094339622641509,2.3000000000000003,0,False,0.0,0.0,0.0,0.0,0.0,0.0,0,1.0,6.0,1.0,6.0,,
12741,24.6497,-82.9391,2015,2014-09-22,2015-09-22,Atlantic,,57.58,13.5,6.53,6.53,6.53,0.5962264150943396,2.48,7,False,0.0,0.0,207.1285,206.9024,1413.4661,1410.4301,0,1.0,5.0,1.0,5.0,,
12747,24.6525,-82.787,2016,2015-09-15,2016-09-14,Atlantic,,20.83,12.6,0.0,0.0,6.16,0.8545283018867925,2.5500000000000003,0,False,10.5336,10.5336,679.8253,670.0263,2947.1602,2809.3353,1,1.0,6.0,1.0,6.0,,
12749,24.6531,-81.022,2016,2015-09-29,2016-09-28,Atlantic,,10.14,6.6,3.99,3.99,5.0200000000000005,0.8175471698113208,2.33,0,False,0.0,0.0,0.0,0.0,0.0,0.0,0,1.0,6.0,1.0,6.0,,
12753,24.657,-81.008,2016,2015-09-29,2016-09-28,Atlantic,,12.5,5.8,3.99,3.99,5.0200000000000005,0.8175471698113208,2.33,0,False,0.0,0.0,0.0,0.0,0.0,0.0,0,1.0,6.0,1.0,6.0,,
12760,24.6606,-82.9333,2015,2014-09-23,2015-09-23,Atlantic,,52.25,16.3,6.2700000000000005,6.2700000000000005,6.2700000000000005,0.6062264150943397,2.53,7,False,0.0,0.0,207.1285,206.9024,1585.6027,1582.5667,0,1.0,5.0,1.0,5.0,,
12762,24.6618,-82.8454,2014,2013-09-10,2014-09-10,Atlantic,,50.53,5.9,4.21,4.21,4.21,0.8158490566037735,1.8,7,False,0.0,0.0,91.2096,31.433,358.5165,252.96699999999998,0,1.0,4.0,1.0,4.0,,
12764,24.662,-81.0132,2016,2015-10-01,2016-09-30,Atlantic,,7.53,5.8,3.99,3.99,5.0200000000000005,0.8175471698113208,2.33,0,False,0.0,0.0,0.0,0.0,0.0,0.0,0,1.0,6.0,1.0,6.0,,
12770,24.6631,-81.0993,2014,2013-08-04,2014-08-04,Atlantic,,53.44,7.2,1.41,1.41,1.41,0.6654716981132075,2.5,0,False,0.0,0.0,0.0,0.0,0.0,0.0,0,1.0,4.0,1.0,4.0,,
12772,24.6635,-82.8756,2016,2015-09-22,2016-09-21,Atlantic,,11.92,11.6,0.0,0.0,6.41,0.8162264150943396,2.6,0,False,28.683500000000002,26.833000000000002,669.2133,659.4143,2352.4249,2225.1466,4,1.0,6.0,1.0,6.0,,
12776,24.6658,-81.0726,2014,2013-09-22,2014-09-22,Atlantic,,21.84,2.7,6.34,6.34,6.34,0.7688679245283019,2.5,7,False,0.0,0.0,0.0,0.0,0.0,0.0,0,1.0,4.0,1.0,4.0,,
12777,24.6658,-81.0707,2016,2015-09-16,2016-09-15,Atlantic,,5.13,4.7,3.46,3.46,6.11,0.7781132075471698,2.36,0,False,0.0,0.0,0.0,0.0,0.0,0.0,0,1.0,6.0,1.0,6.0,,
12780,24.667,-82.8591,2016,2015-09-22,2016-09-21,Atlantic,,24.78,12.2,0.0,0.0,6.41,0.8162264150943396,2.6,0,False,28.683500000000002,26.833000000000002,662.672,652.873,2352.4249,2225.1466,4,1.0,6.0,1.0,6.0,,
12781,24.6673,-82.8346,2014,2013-09-10,2014-09-10,Atlantic,,46.22,6.4,4.21,4.21,4.21,0.8158490566037735,1.8,7,False,0.0,0.0,91.2096,31.433,416.28819999999996,310.7387,0,1.0,4.0,1.0,4.0,,
12783,24.668,-82.7774,2016,2015-09-15,2016-09-14,Atlantic,,15.87,13.3,0.0,0.0,6.16,0.8545283018867925,2.5500000000000003,0,False,166.7482,165.6669,1141.6627,1114.7746,3015.777,2844.4144,5,1.0,6.0,1.0,6.0,,
12785,24.6692,-82.8936,2015,2014-09-23,2015-09-23,Atlantic,,33.67,9.0,6.41,6.41,6.41,0.6022641509433962,2.52,7,False,0.0,0.0,375.547,374.6776,1812.6,1809.564,0,1.0,5.0,1.0,5.0,,
12788,24.6695,-82.8752,2015,2014-09-23,2015-09-23,Atlantic,,32.0,4.6,6.41,6.41,6.41,0.6022641509433962,2.52,7,False,4.3013,4.3013,552.2897,551.4203,1813.028,1809.992,1,1.0,5.0,1.0,5.0,,
12789,24.6695,-82.8742,2014,2013-09-10,2014-09-10,Atlantic,,53.0,5.8,4.03,4.03,4.03,0.8071698113207547,1.75,7,False,0.0,0.0,91.2096,31.433,358.5165,252.96699999999998,0,1.0,4.0,1.0,4.0,,
12792,24.67,-80.9741,2016,2015-09-24,2016-09-23,Atlantic,,3.81,6.4,3.02,3.02,5.01,0.8077358490566037,2.34,0,False,0.0,0.0,0.0,0.0,0.0,0.0,0,1.0,6.0,1.0,6.0,,
12793,24.6701,-82.8999,2015,2014-09-23,2015-09-23,Atlantic,,33.33,7.2,6.41,6.41,6.41,0.6022641509433962,2.52,7,False,0.0,0.0,207.1285,206.9024,1812.6,1809.564,0,1.0,5.0,1.0,5.0,,
12799,24.6755,-82.8259,2014,2013-09-20,2014-09-20,Atlantic,,52.59,8.4,4.21,4.21,4.21,0.8324528301886793,1.8,7,False,0.0,0.0,91.2096,31.433,416.28819999999996,310.7387,0,1.0,4.0,1.0,4.0,,
12800,24.6769,-80.9433,2016,2015-09-24,2016-09-23,Atlantic,,15.38,14.4,2.83,2.83,4.67,0.8145283018867926,2.32,0,False,0.0,0.0,0.0,0.0,0.0,0.0,0,1.0,6.0,1.0,6.0,,
12802,24.6779,-80.9519,2014,2013-09-19,2014-09-19,Atlantic,,41.67,6.2,5.51,5.51,5.51,0.7816981132075471,2.44,7,False,0.0,0.0,0.0,0.0,0.0,0.0,0,1.0,4.0,1.0,4.0,,
12804,24.6783,-81.042,2013,2012-10-08,2013-10-08,Atlantic,,1.68,6.1,0.14,0.14,0.8300000000000001,0.07923076923076923,2.28,0,False,0.0,0.0,0.0,0.0,0.0,0.0,0,1.0,3.0,1.0,3.0,,
12806,24.68,-82.905,2014,2013-09-10,2014-09-10,Atlantic,,66.01,8.5,3.37,3.37,3.37,0.7979245283018869,1.7,0,False,0.0,0.0,39.036,31.433,358.5165,252.96699999999998,0,1.0,4.0,1.0,4.0,,
12809,24.6828,-82.8922,2015,2014-09-23,2015-09-23,Atlantic,,30.95,3.6,6.41,6.41,6.41,0.6022641509433962,2.52,7,False,4.3013,4.3013,331.0009,330.1315,1812.6,1809.564,1,1.0,5.0,1.0,5.0,,
12814,24.6857,-80.9659,2014,2013-09-19,2014-09-19,Atlantic,,17.86,3.3,5.51,5.51,5.51,0.7816981132075471,2.44,7,False,0.0,0.0,0.0,0.0,0.0,0.0,0,1.0,4.0,1.0,4.0,,
12815,24.6857,-81.045,2015,2014-09-03,2015-09-03,Atlantic,,17.22,6.1,4.21,4.21,5.84,0.6347169811320755,3.12,7,False,0.0,0.0,0.0,0.0,0.0,0.0,0,1.0,5.0,1.0,5.0,,
12816,24.6858,-80.9659,2016,2015-09-24,2016-09-23,Atlantic,,7.69,3.7,3.02,3.02,5.01,0.8077358490566037,2.34,0,False,0.0,0.0,0.0,0.0,0.0,0.0,0,1.0,6.0,1.0,6.0,,
12817,24.6862,-80.9619,2016,2015-09-24,2016-09-23,Atlantic,,4.9,3.7,3.02,3.02,5.01,0.8077358490566037,2.34,0,False,0.0,0.0,0.0,0.0,0.0,0.0,0,1.0,6.0,1.0,6.0,,
12818,24.6866,-80.9629,2014,2013-09-19,2014-09-19,Atlantic,,18.18,3.2,5.51,5.51,5.51,0.7816981132075471,2.44,7,False,0.0,0.0,0.0,0.0,0.0,0.0,0,1.0,4.0,1.0,4.0,,
12822,24.6884,-82.8844,2014,2013-09-10,2014-09-10,Atlantic,,38.28,6.8,4.03,4.03,4.03,0.8071698113207547,1.75,7,False,0.0,0.0,91.2096,31.433,358.5165,252.96699999999998,0,1.0,4.0,1.0,4.0,,
12827,24.6894,-81.0302,2015,2014-09-24,2015-09-24,Atlantic,,15.7,4.3,5.34,5.34,5.84,0.6528301886792451,3.12,7,False,0.0,0.0,0.0,0.0,0.0,0.0,0,1.0,5.0,1.0,5.0,,
12828,24.6895,-81.0302,2015,2014-02-03,2015-02-03,Atlantic,,2.1,4.4,0.0,2.67,5.84,0.6286792452830189,2.46,7,False,0.0,0.0,0.0,0.0,0.0,0.0,0,1.0,5.0,1.0,5.0,,
12828,24.6895,-81.0302,2016,2015-03-16,2016-03-15,Atlantic,,2.19,3.2,0.0,0.0,5.34,0.9283018867924528,3.12,7,False,0.0,0.0,0.0,0.0,0.0,0.0,0,1.0,6.0,1.0,6.0,,
12833,24.6911,-81.0499,2014,2013-09-10,2014-09-10,Atlantic,,12.5,4.2,5.84,5.84,5.84,0.7537735849056602,2.46,7,False,0.0,0.0,0.0,0.0,0.0,0.0,0,1.0,4.0,1.0,4.0,,
12834,24.6916,-82.9121,2016,2015-09-24,2016-09-23,Atlantic,,24.82,12.2,0.0,0.0,6.2700000000000005,0.8041509433962264,2.65,0,False,28.683500000000002,26.833000000000002,392.9805,383.1815,2352.3391,2225.0608,4,1.0,6.0,1.0,6.0,,
12835,24.6918,-82.8441,2014,2013-09-20,2014-09-20,Atlantic,,36.87,12.0,4.21,4.21,4.21,0.8324528301886793,1.8,7,False,0.0,0.0,91.2096,31.433,391.1655,285.616,0,1.0,4.0,1.0,4.0,,
12836,24.6929,-81.021,2015,2014-09-30,2015-09-30,Atlantic,,21.38,6.1,5.34,5.34,5.84,0.6622641509433961,3.12,7,False,0.0,0.0,0.0,0.0,0.0,0.0,0,1.0,5.0,1.0,5.0,,
12848,24.6953,-80.9375,2016,2015-09-29,2016-09-28,Atlantic,,2.94,4.4,3.12,3.12,4.67,0.8296226415094341,2.32,0,False,0.0,0.0,0.0,0.0,0.0,0.0,0,1.0,6.0,1.0,6.0,,
12849,24.6956,-81.0518,2016,2015-09-29,2016-09-28,Atlantic,,0.0,3.3,4.3500000000000005,4.3500000000000005,5.62,0.8118867924528302,2.36,7,False,0.0,0.0,0.0,0.0,0.0,0.0,0,1.0,6.0,1.0,6.0,,
12850,24.6956,-80.9392,2015,2014-09-30,2015-09-30,Atlantic,,78.0,4.9,4.67,4.67,4.71,0.6873584905660378,2.94,0,False,0.0,0.0,0.0,0.0,0.0,0.0,0,1.0,5.0,1.0,5.0,,
12851,24.6957,-81.0381,2015,2014-09-30,2015-09-30,Atlantic,,15.15,5.2,5.34,5.34,5.84,0.6622641509433961,3.12,7,False,0.0,0.0,0.0,0.0,0.0,0.0,0,1.0,5.0,1.0,5.0,,
12854,24.696,-82.7768,2016,2015-09-15,2016-09-14,Atlantic,,77.78,6.2,0.0,0.0,6.16,0.8545283018867925,2.5500000000000003,0,False,184.8981,181.9663,1136.4327,1109.5446,2995.5959,2824.2333,6,1.0,6.0,1.0,6.0,,
12855,24.6965,-80.9049,2013,2012-09-25,2013-09-25,Atlantic,,3.3,7.8,0.0,0.0,0.35,0.13962264150943396,2.06,0,False,0.0,0.0,0.0,0.0,0.0,0.0,0,1.0,3.0,1.0,3.0,,
12856,24.6966,-81.0361,2015,2014-09-30,2015-09-30,Atlantic,,0.0,5.2,5.34,5.34,5.84,0.6622641509433961,3.12,7,False,0.0,0.0,0.0,0.0,0.0,0.0,0,1.0,5.0,1.0,5.0,,
12860,24.6975,-81.0351,2014,2013-09-10,2014-09-10,Atlantic,,33.33,4.9,5.84,5.84,5.84,0.7537735849056602,2.46,7,False,0.0,0.0,0.0,0.0,0.0,0.0,0,1.0,4.0,1.0,4.0,,
12862,24.6976,-82.8638,2015,2014-09-22,2015-09-22,Atlantic,,38.46,6.4,6.41,6.41,6.41,0.6022641509433962,2.52,7,False,4.3013,4.3013,507.7436,506.8742,1812.6,1809.564,1,1.0,5.0,1.0,5.0,,
12866,24.6978,-80.9698,2016,2015-09-24,2016-09-23,Atlantic,,6.6,5.8,3.02,3.02,5.01,0.8077358490566037,2.34,0,False,0.0,0.0,0.0,0.0,0.0,0.0,0,1.0,6.0,1.0,6.0,,
12871,24.6993,-80.9669,2015,2014-09-24,2015-09-24,Atlantic,,22.54,5.8,5.16,5.16,5.51,0.6669811320754716,3.03,0,False,0.0,0.0,0.0,0.0,0.0,0.0,0,1.0,5.0,1.0,5.0,,
12872,24.6993,-80.9669,2015,2014-02-03,2015-02-03,Atlantic,,2.5,6.3,0.0,2.47,5.51,0.6449056603773585,2.44,7,False,0.0,0.0,0.0,0.0,0.0,0.0,0,1.0,5.0,1.0,5.0,,
12872,24.6993,-80.9669,2016,2015-03-16,2016-03-15,Atlantic,,2.62,5.2,0.0,0.0,5.16,0.9279245283018868,3.03,0,False,0.0,0.0,0.0,0.0,0.0,0.0,0,1.0,6.0,1.0,6.0,,
12873,24.6994,-80.9689,2013,2012-09-25,2013-09-25,Atlantic,,2.84,5.4,0.0,0.0,0.52,0.10603773584905662,2.16,0,False,0.0,0.0,0.0,0.0,0.0,0.0,0,1.0,3.0,1.0,3.0,,
12875,24.6996,-80.9691,2015,2014-09-30,2015-09-30,Atlantic,,29.47,5.8,5.16,5.16,5.51,0.6775471698113207,3.03,0,False,0.0,0.0,0.0,0.0,0.0,0.0,0,1.0,5.0,1.0,5.0,,
12884,24.7013,-80.9653,2016,2015-09-24,2016-09-23,Atlantic,,5.06,3.7,3.8,3.8,5.74,0.818679245283019,2.43,0,False,0.0,0.0,0.0,0.0,0.0,0.0,0,1.0,6.0,1.0,6.0,,
12885,24.7023,-82.853,2016,2015-09-14,2016-09-13,Atlantic,,21.74,3.0,0.0,0.0,5.98,0.8479245283018868,2.61,0,False,28.683500000000002,26.833000000000002,658.9596,649.1606,2610.7488,2447.1967,4,1.0,6.0,1.0,6.0,,
12886,24.7024,-82.847,2016,2015-09-14,2016-09-13,Atlantic,,32.43,3.2,0.0,0.0,5.95,0.8592452830188679,2.56,0,False,28.683500000000002,26.833000000000002,658.9596,649.1606,2610.7488,2447.1967,4,1.0,6.0,1.0,6.0,,
12887,24.7029,-82.8147,2015,2014-09-22,2015-09-22,Atlantic,,13.58,2.7,5.95,5.95,5.95,0.6158490566037736,2.57,7,False,160.5055,160.2794,539.7912,536.7552,2066.0099,2062.9739,5,1.0,5.0,1.0,5.0,,
12891,24.7047,-80.9392,2015,2014-09-30,2015-09-30,Atlantic,,38.35,6.2,5.9,5.9,6.08,0.6813207547169812,3.21,7,False,0.0,0.0,0.0,0.0,0.0,0.0,0,1.0,5.0,1.0,5.0,,
12894,24.7057,-82.8718,2014,2013-09-19,2014-09-19,Atlantic,,42.86,10.6,3.81,3.81,3.81,0.8318867924528303,1.86,0,False,0.0,0.0,91.2096,31.433,358.5165,252.96699999999998,0,1.0,4.0,1.0,4.0,,
12895,24.7065,-80.9362,2014,2013-09-30,2014-09-30,Atlantic,,33.33,6.7,6.08,6.08,6.08,0.7922641509433963,2.56,7,False,0.0,0.0,0.0,0.0,0.0,0.0,0,1.0,4.0,1.0,4.0,,
12901,24.7082,-82.8086,2015,2014-09-22,2015-09-22,Atlantic,,35.19,4.3,5.95,5.95,5.95,0.6158490566037736,2.57,7,False,160.5055,160.2794,539.7912,536.7552,2066.0099,2062.9739,5,1.0,5.0,1.0,5.0,,
12902,24.7083,-82.7977,2015,2014-09-22,2015-09-22,Atlantic,,18.42,4.6,5.76,5.76,5.76,0.6166037735849058,2.58,0,False,160.5055,160.2794,539.7912,536.7552,2066.0099,2062.9739,5,1.0,5.0,1.0,5.0,,
12903,24.7085,-82.7839,2016,2015-09-14,2016-09-13,Atlantic,,22.0,12.7,0.0,0.0,5.76,0.8679245283018869,2.54,0,False,184.8981,181.9663,1136.4327,1109.5446,2995.5959,2824.2333,6,1.0,6.0,1.0,6.0,,
12904,24.7093,-82.8749,2014,2013-09-19,2014-09-19,Atlantic,,37.63,11.4,3.81,3.81,3.81,0.8318867924528303,1.86,0,False,0.0,0.0,91.2096,31.433,358.5165,252.96699999999998,0,1.0,4.0,1.0,4.0,,
12905,24.7093,-82.7918,2015,2014-09-22,2015-09-22,Atlantic,,28.3,15.4,5.76,5.76,5.76,0.6166037735849058,2.58,0,False,160.5055,160.2794,1099.0478,1096.0118,2066.0099,2062.9739,5,1.0,5.0,1.0,5.0,,
12906,24.7105,-80.9294,2014,2013-09-30,2014-09-30,Atlantic,,37.41,8.5,6.08,6.08,6.08,0.7922641509433963,2.56,7,False,0.0,0.0,0.0,0.0,0.0,0.0,0,1.0,4.0,1.0,4.0,,
12907,24.7109,-82.8837,2014,2013-09-19,2014-09-19,Atlantic,,39.62,13.4,3.81,3.81,3.81,0.8318867924528303,1.86,0,False,0.0,0.0,91.2096,31.433,358.5165,252.96699999999998,0,1.0,4.0,1.0,4.0,,
12918,24.7154,-82.8176,2015,2014-09-22,2015-09-22,Atlantic,,50.0,5.2,5.95,5.95,5.95,0.6158490566037736,2.57,7,False,160.5055,160.2794,539.7912,536.7552,2066.0099,2062.9739,5,1.0,5.0,1.0,5.0,,
12925,24.7198,-82.8245,2015,2014-09-22,2015-09-22,Atlantic,,49.46,9.9,5.95,5.95,5.95,0.6158490566037736,2.57,7,False,160.5055,160.2794,539.7912,536.7552,1890.4293,1887.3933,5,1.0,5.0,1.0,5.0,,
12928,24.7228,-82.8038,2016,2015-09-14,2016-09-13,Atlantic,,10.78,13.2,0.0,0.0,5.95,0.8592452830188679,2.56,0,False,184.8981,181.9663,724.4685000000001,697.5804,2995.5959,2824.2333,6,1.0,6.0,1.0,6.0,,
12930,24.7244,-82.8177,2016,2015-09-22,2016-09-21,Atlantic,,12.91,18.6,0.0,0.0,5.95,0.8471698113207545,2.56,0,False,184.8981,181.9663,724.4685000000001,697.5804,2995.5959,2824.2333,6,1.0,6.0,1.0,6.0,,
12931,24.7244,-82.8147,2015,2014-09-22,2015-09-22,Atlantic,,15.43,17.0,5.95,5.95,5.95,0.6158490566037736,2.57,7,False,160.5055,160.2794,539.7912,536.7552,2066.0099,2062.9739,5,1.0,5.0,1.0,5.0,,
12936,24.7254,-80.9317,2013,2012-09-25,2013-09-25,Atlantic,,3.69,6.1,0.15,0.15,1.18,0.10754716981132076,2.34,0,False,0.0,0.0,0.0,0.0,0.0,0.0,0,1.0,3.0,1.0,3.0,,
12938,24.7258,-80.9315,2016,2015-09-29,2016-09-28,Atlantic,,1.69,5.8,4.46,4.46,5.41,0.8552830188679245,2.46,7,False,0.0,0.0,0.0,0.0,0.0,0.0,0,1.0,6.0,1.0,6.0,,
12942,24.728,-80.8213,2016,2015-09-23,2016-09-22,Atlantic,,0.0,9.1,3.06,3.06,4.72,0.849811320754717,2.38,0,False,0.0,0.0,0.0,0.0,0.0,0.0,0,1.0,6.0,1.0,6.0,,
12945,24.7345,-80.8096,2016,2015-09-23,2016-09-22,Atlantic,,5.49,10.6,3.06,3.06,4.72,0.849811320754717,2.38,0,False,0.0,0.0,0.0,0.0,0.0,0.0,0,1.0,6.0,1.0,6.0,,
12946,24.7353,-80.8107,2016,2015-09-23,2016-09-22,Atlantic,,4.17,7.0,3.06,3.06,4.72,0.849811320754717,2.38,0,False,0.0,0.0,0.0,0.0,0.0,0.0,0,1.0,6.0,1.0,6.0,,
12948,24.7453,-80.7822,2013,2012-09-26,2013-09-26,Atlantic,,4.71,4.6,0.0,0.0,0.32,0.2037735849056604,2.19,0,False,0.0,0.0,0.0,0.0,0.0,0.0,0,1.0,3.0,1.0,3.0,,
12949,24.7468,-80.9362,2013,2012-09-25,2013-09-25,Atlantic,,0.0,5.1,0.15,0.15,1.18,0.10754716981132076,2.34,0,False,0.0,0.0,0.0,0.0,0.0,0.0,0,1.0,3.0,1.0,3.0,,
12950,24.7485,-80.9318,2013,2012-09-25,2013-09-25,Atlantic,,0.0,4.6,0.15,0.15,1.18,0.10754716981132076,2.34,0,False,0.0,0.0,0.0,0.0,0.0,0.0,0,1.0,3.0,1.0,3.0,,
12957,24.7604,-80.9068,2013,2012-09-25,2013-09-25,Atlantic,,0.0,4.3,0.5,0.5,2.09,0.07773584905660377,2.71,0,False,0.0,0.0,0.0,0.0,0.0,0.0,0,1.0,3.0,1.0,3.0,,
12959,24.7633,-80.7592,2016,2015-09-22,2016-09-21,Atlantic,,0.0,6.6,3.49,3.49,5.3500000000000005,0.8758490566037737,2.44,0,False,0.0,0.0,0.0,0.0,0.0,0.0,0,1.0,6.0,1.0,6.0,,
12960,24.7634,-80.7552,2016,2015-09-22,2016-09-21,Atlantic,,7.52,10.0,3.49,3.49,5.3500000000000005,0.8758490566037737,2.44,0,False,0.0,0.0,0.0,0.0,0.0,0.0,0,1.0,6.0,1.0,6.0,,
12962,24.765,-80.7353,2016,2015-09-03,2016-09-02,Atlantic,,6.06,15.4,2.3000000000000003,2.3000000000000003,4.97,0.9077358490566036,2.31,7,False,0.0,0.0,0.0,0.0,0.0,0.0,0,1.0,6.0,1.0,6.0,,
12963,24.7678,-80.7504,2016,2015-09-22,2016-09-21,Atlantic,,4.76,5.5,3.49,3.49,5.3500000000000005,0.8758490566037737,2.44,0,False,0.0,0.0,0.0,0.0,0.0,0.0,0,1.0,6.0,1.0,6.0,,
12965,24.7703,-80.7438,2013,2012-09-26,2013-09-26,Atlantic,,4.01,8.6,0.0,0.0,0.35,0.2147169811320755,2.41,0,False,0.0,0.0,0.0,0.0,0.0,0.0,0,1.0,3.0,1.0,3.0,,
12971,24.7844,-80.7634,2013,2012-09-26,2013-09-26,Atlantic,,2.08,5.1,0.0,0.0,0.85,0.19264150943396222,2.56,0,False,0.0,0.0,0.0,0.0,0.0,0.0,0,1.0,3.0,1.0,3.0,,
12973,24.7972,-80.7838,2015,2014-09-25,2015-09-25,Atlantic,,13.58,3.7,5.3500000000000005,5.3500000000000005,5.45,0.7069811320754719,3.01,7,False,0.0,0.0,0.0,0.0,0.0,0.0,0,1.0,5.0,1.0,5.0,,
12974,24.7972,-80.784,2015,2014-02-17,2015-02-17,Atlantic,,0.0,3.7,0.0,0.15,5.45,0.5935849056603775,2.56,7,False,0.0,0.0,0.0,0.0,0.0,0.0,0,1.0,5.0,1.0,5.0,,
12974,24.7972,-80.784,2016,2015-02-02,2016-02-02,Atlantic,,0.0,3.6,0.0,3.2,5.3500000000000005,0.9866037735849057,3.01,7,False,0.0,0.0,0.0,0.0,0.0,0.0,0,1.0,6.0,1.0,6.0,,
13029,24.9206,-80.5063,2014,2013-10-01,2014-10-01,Atlantic,,59.11,7.2,4.84,4.84,4.84,0.7554716981132074,2.32,0,False,0.0,0.0,0.0,0.0,0.0,0.0,0,1.0,5.0,1.0,5.0,,
13034,24.9386,-80.4914,2015,2014-10-07,2015-10-07,Atlantic,,50.0,6.2,4.26,4.26,4.63,0.6801886792452829,2.56,7,False,0.0,0.0,0.0,0.0,0.0,0.0,0,1.0,6.0,1.0,6.0,,
13038,24.9411,-80.5552,2013,2012-09-25,2013-09-25,Atlantic,,9.52,5.0,0.0,0.0,0.35,0.22245283018867923,2.43,0,False,0.0,0.0,0.0,0.0,0.0,0.0,0,1.0,3.0,1.0,4.0,,
13047,24.9503,-80.5508,2013,2012-09-12,2013-09-12,Atlantic,,2.63,3.8,0.0,0.0,0.67,0.22245283018867926,2.64,0,False,0.0,0.0,0.0,0.0,0.0,0.0,0,1.0,4.0,1.0,4.0,,
13051,24.9517,-80.5469,2014,2013-10-01,2014-10-01,Atlantic,,38.89,4.3,5.3,5.3,5.3,0.739433962264151,2.4,0,False,0.0,0.0,0.0,0.0,0.0,0.0,0,1.0,5.0,1.0,5.0,,
13052,24.9518,-80.4514,2015,2014-09-22,2015-09-22,Atlantic,,61.64,17.1,4.8,4.8,4.87,0.6626415094339624,2.72,7,False,0.0,0.0,0.0,0.0,0.0,0.0,0,1.0,6.0,1.0,6.0,,
13053,24.9519,-80.4513,2015,2014-02-24,2015-02-24,Atlantic,,21.69,16.0,0.0,0.0,4.87,0.5230188679245283,2.17,0,False,0.0,0.0,0.0,0.0,0.0,0.0,0,1.0,6.0,1.0,6.0,,
13053,24.9519,-80.4513,2016,2015-03-02,2016-03-01,Atlantic,,15.4,16.2,0.0,0.17,4.8,1.0249056603773585,2.72,7,False,0.0,0.0,0.0,0.0,0.0,0.0,0,1.0,7.0,1.0,7.0,,
13054,24.9521,-80.4596,2016,2015-09-22,2016-09-21,Atlantic,,21.21,5.1,1.73,1.73,4.8,0.8675471698113209,2.14,0,False,0.0,0.0,0.0,0.0,0.0,0.0,0,1.0,7.0,1.0,7.0,,
13057,24.9542,-80.5458,2015,2014-10-07,2015-10-07,Atlantic,,100.0,4.0,5.53,5.53,5.53,0.6950943396226414,2.91,14,False,0.0,0.0,0.0,0.0,0.0,0.0,0,1.0,6.0,1.0,6.0,,
13060,24.955,-80.458,2016,2015-09-22,2016-09-21,Atlantic,,7.41,5.6,1.73,1.73,4.8,0.8675471698113209,2.14,0,False,0.0,0.0,0.0,0.0,0.0,0.0,0,1.0,7.0,1.0,7.0,,
13062,24.9566,-80.4923,2015,2014-10-07,2015-10-07,Atlantic,,25.78,5.0,4.8,4.8,4.87,0.6847169811320755,2.72,7,False,0.0,0.0,0.0,0.0,0.0,0.0,0,1.0,6.0,1.0,6.0,,
13064,24.9588,-80.4545,2013,2012-09-12,2013-09-12,Atlantic,,4.76,10.3,0.0,0.0,0.31,0.2141509433962264,2.09,0,False,0.0,0.0,0.0,0.0,0.0,0.0,0,1.0,4.0,1.0,4.0,,
13067,24.9638,-80.4507,2015,2014-10-07,2015-10-07,Atlantic,,62.63,7.9,4.8,4.8,4.87,0.6847169811320755,2.72,7,False,0.0,0.0,0.0,0.0,0.0,0.0,0,1.0,6.0,1.0,6.0,,
13068,24.9642,-80.5428,2014,2013-10-01,2014-10-01,Atlantic,,16.67,3.7,5.3,5.3,5.3,0.739433962264151,2.4,0,False,0.0,0.0,0.0,0.0,0.0,0.0,0,1.0,5.0,1.0,5.0,,
13070,24.9664,-80.5373,2013,2012-09-25,2013-09-25,Atlantic,,15.87,4.2,0.0,0.0,0.34,0.21754716981132075,2.31,0,False,0.0,0.0,0.0,0.0,0.0,0.0,0,1.0,4.0,1.0,4.0,,
13076,24.9728,-80.4368,2015,2014-10-07,2015-10-07,Atlantic,,29.63,6.0,4.25,4.25,4.62,0.6732075471698113,2.5500000000000003,7,False,0.0,0.0,0.0,0.0,0.0,0.0,0,1.0,6.0,1.0,6.0,,
13079,24.9763,-80.4209,2015,2014-10-08,2015-10-08,Atlantic,,27.22,10.2,4.25,4.25,4.62,0.6732075471698113,2.5500000000000003,7,False,0.0,0.0,0.0,0.0,0.0,0.0,0,1.0,6.0,1.0,6.0,,
13083,24.9781,-80.4258,2015,2014-10-07,2015-10-07,Atlantic,,28.3,5.4,4.25,4.25,4.62,0.6732075471698113,2.5500000000000003,7,False,0.0,0.0,0.0,0.0,0.0,0.0,0,1.0,6.0,1.0,6.0,,
13086,24.9791,-80.4377,2015,2014-10-07,2015-10-07,Atlantic,,46.21,6.4,4.25,4.25,4.62,0.6732075471698113,2.5500000000000003,7,False,0.0,0.0,0.0,0.0,0.0,0.0,0,1.0,6.0,1.0,6.0,,
13094,24.9859,-80.413,2013,2012-09-12,2013-09-12,Atlantic,,3.88,11.4,0.0,0.0,0.15,0.21264150943396223,1.91,0,False,0.0,0.0,0.0,0.0,0.0,0.0,0,1.0,4.0,1.0,4.0,,
13097,24.9872,-80.4146,2013,2012-09-12,2013-09-12,Atlantic,,7.32,3.4,0.0,0.0,0.15,0.21264150943396223,1.91,0,False,0.0,0.0,0.0,0.0,0.0,0.0,0,1.0,4.0,1.0,4.0,,
13098,24.9876,-80.4677,2013,2012-09-12,2013-09-12,Atlantic,,3.65,4.0,0.0,0.0,0.31,0.2141509433962264,2.09,0,False,0.0,0.0,0.0,0.0,0.0,0.0,0,1.0,4.0,1.0,4.0,,
13107,24.9917,-80.4153,2016,2015-09-22,2016-09-21,Atlantic,,8.33,2.8,0.66,0.66,4.25,0.8577358490566038,2.13,0,False,0.0,0.0,0.0,0.0,0.0,0.0,0,1.0,7.0,1.0,7.0,,
13109,24.9927,-80.4436,2014,2013-10-01,2014-10-01,Atlantic,,59.17,4.4,4.62,4.62,4.62,0.7430188679245281,2.27,0,False,0.0,0.0,0.0,0.0,0.0,0.0,0,1.0,5.0,1.0,5.0,,
13113,24.9992,-80.4669,2015,2014-02-25,2015-02-25,Atlantic,,12.2,4.4,0.0,0.0,4.87,0.5230188679245283,2.17,0,False,0.0,0.0,0.0,0.0,0.0,0.0,0,1.0,6.0,1.0,6.0,,
13113,24.9992,-80.4669,2016,2015-02-02,2016-02-02,Atlantic,,7.81,4.6,0.0,3.16,4.8,0.9620754716981132,2.72,7,False,0.0,0.0,0.0,0.0,0.0,0.0,0,1.0,7.0,1.0,7.0,,
13115,24.9992,-80.4231,2016,2015-09-22,2016-09-21,Atlantic,,19.05,5.5,0.66,0.66,4.25,0.8577358490566038,2.13,0,False,0.0,0.0,0.0,0.0,0.0,0.0,0,1.0,7.0,1.0,7.0,,
13116,24.9992,-80.467,2015,2014-09-25,2015-09-25,Atlantic,,32.55,4.3,4.8,4.8,4.87,0.6758490566037735,2.72,7,False,0.0,0.0,0.0,0.0,0.0,0.0,0,1.0,6.0,1.0,6.0,,
13129,25.007,-80.3758,2015,2014-10-06,2015-10-06,Atlantic,,53.4,13.4,4.07,4.07,4.46,0.6662264150943397,2.51,0,False,0.0,0.0,0.0,0.0,0.0,0.0,0,1.0,6.0,1.0,6.0,,
13130,25.0072,-80.3756,2015,2014-02-09,2015-02-09,Atlantic,,22.97,13.0,0.0,1.34,4.46,0.600754716981132,2.26,0,False,0.0,0.0,0.0,0.0,0.0,0.0,0,1.0,6.0,1.0,6.0,,
13130,25.0072,-80.3756,2016,2015-03-19,2016-03-18,Atlantic,,21.78,13.2,0.0,0.0,4.07,0.9609433962264153,2.51,0,False,0.0,0.0,0.0,0.0,0.0,0.0,0,1.0,7.0,1.0,7.0,,
13134,25.0086,-80.376,2015,2014-10-07,2015-10-07,Atlantic,,55.24,6.5,4.07,4.07,4.46,0.6662264150943397,2.51,0,False,0.0,0.0,0.0,0.0,0.0,0.0,0,1.0,6.0,1.0,6.0,,
13135,25.0086,-80.3771,2015,2014-10-08,2015-10-08,Atlantic,,48.23,4.8,4.07,4.07,4.46,0.6662264150943397,2.51,0,False,0.0,0.0,0.0,0.0,0.0,0.0,0,1.0,6.0,1.0,6.0,,
13136,25.0086,-80.3761,2016,2015-03-19,2016-03-18,Atlantic,,18.89,6.1,0.0,0.0,4.07,0.9609433962264153,2.51,0,False,0.0,0.0,0.0,0.0,0.0,0.0,0,1.0,7.0,1.0,7.0,,
13137,25.0088,-80.3765,2015,2014-02-13,2015-02-13,Atlantic,,21.17,6.0,0.0,0.17,4.46,0.5454716981132075,1.99,0,False,0.0,0.0,0.0,0.0,0.0,0.0,0,1.0,6.0,1.0,6.0,,
13138,25.009,-80.3891,2015,2014-10-08,2015-10-08,Atlantic,,45.61,5.6,4.07,4.07,4.46,0.6662264150943397,2.51,0,False,0.0,0.0,0.0,0.0,0.0,0.0,0,1.0,6.0,1.0,6.0,,
13143,25.0114,-80.3741,2014,2013-10-07,2014-10-07,Atlantic,,47.28,7.0,4.46,4.46,4.46,0.7386792452830188,2.26,0,False,0.0,0.0,0.0,0.0,0.0,0.0,0,1.0,5.0,1.0,5.0,,
13144,25.0124,-80.4039,2015,2014-10-08,2015-10-08,Atlantic,,67.13,6.4,4.75,4.75,4.84,0.6728301886792453,2.68,7,False,0.0,0.0,0.0,0.0,0.0,0.0,0,1.0,6.0,1.0,6.0,,
13151,25.0185,-80.3672,2015,2014-10-08,2015-10-08,Atlantic,,37.72,5.0,4.07,4.07,4.46,0.6662264150943397,2.51,0,False,0.0,0.0,0.0,0.0,0.0,0.0,0,1.0,6.0,1.0,6.0,,
13158,25.0255,-80.4043,2013,2012-09-09,2013-09-09,Atlantic,,17.2,4.1,0.0,0.0,0.31,0.21132075471698114,2.08,0,False,0.0,0.0,0.0,0.0,0.0,0.0,0,1.0,4.0,1.0,4.0,,
13165,25.0306,-80.4268,2013,2012-09-09,2013-09-09,Atlantic,,11.51,4.3,0.0,0.0,0.31,0.21132075471698114,2.08,0,False,0.0,0.0,0.0,0.0,0.0,0.0,0,1.0,4.0,1.0,4.0,,
13173,25.0377,-80.4152,2016,2015-09-09,2016-09-08,Atlantic,,20.77,3.0,1.52,1.52,4.75,0.8847169811320752,2.08,7,False,0.0,0.0,0.0,0.0,0.0,0.0,0,1.0,7.0,1.0,7.0,,
13177,25.0418,-80.428,2013,2012-09-09,2013-09-09,Atlantic,,12.93,3.8,0.0,0.0,0.31,0.21132075471698114,2.08,0,False,0.0,0.0,0.0,0.0,0.0,0.0,0,1.0,4.0,1.0,4.0,,
13180,25.0446,-80.4684,2015,2014-09-30,2015-09-30,Atlantic,,16.67,2.6,5.48,5.48,5.48,0.6775471698113208,2.86,14,False,0.0,0.0,0.0,0.0,0.0,0.0,0,1.0,6.0,1.0,6.0,,
13181,25.0447,-80.4684,2015,2014-02-09,2015-02-09,Atlantic,,16.67,2.4,0.0,1.44,5.26,0.590377358490566,2.39,0,False,0.0,0.0,0.0,0.0,0.0,0.0,0,1.0,6.0,1.0,6.0,,
13181,25.0447,-80.4684,2016,2015-02-02,2016-02-02,Atlantic,,0.0,2.4,0.0,3.56,5.48,0.9884905660377359,2.86,14,False,0.0,0.0,0.0,0.0,0.0,0.0,0,1.0,7.0,1.0,7.0,,
13202,25.0668,-80.3725,2016,2015-09-09,2016-09-08,Atlantic,,8.7,1.5,1.29,1.29,4.67,0.8830188679245282,2.04,7,False,0.0,0.0,0.0,0.0,0.0,0.0,0,1.0,7.0,1.0,7.0,,
13204,25.067,-80.3854,2015,2014-09-10,2015-09-10,Atlantic,,28.72,2.0,3.5,3.5,4.82,0.6281132075471698,2.62,0,False,0.0,0.0,0.0,0.0,0.0,0.0,0,1.0,6.0,1.0,6.0,,
13205,25.0683,-80.3924,2014,2013-09-19,2014-09-19,Atlantic,,51.35,2.8,4.82,4.82,4.82,0.709811320754717,2.26,0,False,0.0,0.0,0.0,0.0,0.0,0.0,0,1.0,5.0,1.0,5.0,,
13219,25.0869,-80.3113,2014,2013-10-07,2014-10-07,Atlantic,,56.6,9.0,4.28,4.28,4.28,0.7354716981132075,2.22,0,False,0.0,0.0,0.0,0.0,0.0,0.0,0,1.0,5.0,1.0,5.0,,
13230,25.1026,-80.3436,2016,2015-09-09,2016-09-08,Atlantic,,10.87,1.5,0.79,0.79,4.21,0.8813207547169812,2.03,7,False,0.0,0.0,0.0,0.0,0.0,0.0,0,1.0,7.0,1.0,7.0,,
13232,25.1031,-80.3244,2015,2014-09-30,2015-09-30,Atlantic,,50.59,5.2,4.21,4.21,4.71,0.6349056603773585,2.54,7,False,0.0,0.0,0.0,0.0,0.0,0.0,0,1.0,6.0,1.0,6.0,,
13232,25.1031,-80.3244,2016,2015-02-24,2016-02-24,Atlantic,,14.81,4.6,0.0,0.97,4.21,0.9916981132075472,2.54,7,False,0.0,0.0,0.0,0.0,0.0,0.0,0,1.0,7.0,1.0,7.0,,
13233,25.1032,-80.3243,2015,2014-02-23,2015-02-23,Atlantic,,16.3,4.4,0.0,0.0,4.71,0.4864150943396226,1.93,0,False,0.0,0.0,0.0,0.0,0.0,0.0,0,1.0,6.0,1.0,6.0,,
13242,25.1086,-80.3062,2014,2013-10-07,2014-10-07,Atlantic,,52.46,4.8,4.71,4.71,4.71,0.7030188679245284,2.21,0,False,0.0,0.0,0.0,0.0,0.0,0.0,0,1.0,5.0,1.0,5.0,,
13252,25.1145,-80.3445,2013,2012-09-09,2013-09-09,Atlantic,,14.38,5.0,0.0,0.0,0.29,0.19037735849056606,1.98,0,False,0.0,0.0,0.0,0.0,0.0,0.0,0,1.0,4.0,1.0,4.0,,
13255,25.1181,-80.3755,2016,2015-09-09,2016-09-08,Atlantic,,6.86,2.5,1.67,1.67,4.73,0.8743396226415092,2.01,7,False,0.0,0.0,0.0,0.0,0.0,0.0,0,1.0,7.0,1.0,7.0,,
13265,25.1299,-80.2864,2013,2012-09-26,2013-09-26,Atlantic,,16.15,8.4,0.0,0.0,0.0,0.22,1.84,0,False,0.0,0.0,0.0,0.0,0.0,0.0,0,1.0,4.0,1.0,4.0,,
13266,25.1308,-80.3644,2014,2013-10-15,2014-10-15,Atlantic,,29.82,4.8,4.94,4.94,4.94,0.6649056603773585,2.25,0,False,0.0,0.0,0.0,0.0,0.0,0.0,0,1.0,5.0,1.0,5.0,,
13271,25.1347,-80.2759,2013,2012-09-26,2013-09-26,Atlantic,,14.34,9.1,0.0,0.0,0.0,0.22,1.84,0,False,0.0,0.0,0.0,0.0,0.0,0.0,0,1.0,4.0,1.0,4.0,,
13272,25.1383,-80.315,2016,2015-10-04,2016-10-03,Atlantic,,23.16,2.8,0.79,0.79,4.21,0.8737735849056604,2.03,0,False,0.0,0.0,0.0,0.0,0.0,0.0,0,1.0,7.0,1.0,7.0,,
13277,25.1415,-80.3139,2015,2014-09-10,2015-09-10,Atlantic,,20.72,2.0,3.24,3.24,4.71,0.6152830188679245,2.54,0,False,0.0,0.0,0.0,0.0,0.0,0.0,0,1.0,6.0,1.0,6.0,,
13279,25.1437,-80.2569,2013,2012-09-26,2013-09-26,Atlantic,,28.79,7.3,0.0,0.0,0.0,0.22,1.84,0,False,0.0,0.0,0.0,0.0,0.0,0.0,0,1.0,4.0,1.0,4.0,,
13284,25.1485,-80.3609,2015,2014-09-10,2015-09-10,Atlantic,,31.48,2.0,3.76,3.76,4.94,0.6133962264150943,2.69,0,False,0.0,0.0,0.0,0.0,0.0,0.0,0,1.0,6.0,1.0,6.0,,
13286,25.1505,-80.3563,2016,2015-09-09,2016-09-08,Atlantic,,21.43,2.4,1.9,1.9,4.79,0.8699999999999999,2.0,0,False,0.0,0.0,0.0,0.0,0.0,0.0,0,1.0,7.0,1.0,7.0,,
13290,25.1604,-80.2589,2013,2012-09-20,2013-09-20,Atlantic,,20.2,15.8,0.0,0.0,0.0,0.1920754716981132,1.92,0,False,0.0,0.0,0.0,0.0,0.0,0.0,0,1.0,4.0,1.0,4.0,,
13293,25.1688,-80.2621,2013,2012-09-19,2013-09-19,Atlantic,,16.78,6.2,0.0,0.0,0.0,0.1920754716981132,1.92,0,False,0.0,0.0,0.0,0.0,0.0,0.0,0,1.0,4.0,1.0,4.0,,
13297,25.183,-80.2952,2016,2015-10-04,2016-10-03,Atlantic,,19.28,4.7,0.62,0.62,3.5,0.880566037735849,2.06,0,False,0.0,0.0,0.0,0.0,12.1432,0.0,0,1.0,7.0,1.0,7.0,,
13310,25.2078,-80.222,2014,2013-09-17,2014-09-17,Atlantic,,61.78,2.8,4.04,4.04,4.04,0.7064150943396226,2.14,0,False,0.0,0.0,0.0,0.0,16.0288,0.0,0,1.0,5.0,1.0,5.0,,
13312,25.2094,-80.2755,2014,2013-10-15,2014-10-15,Atlantic,,33.7,4.0,4.2700000000000005,4.2700000000000005,4.2700000000000005,0.6535849056603772,2.16,0,False,0.0,0.0,0.0,0.0,0.0,0.0,0,1.0,5.0,1.0,5.0,,
13314,25.2122,-80.2186,2013,2012-09-19,2013-09-19,Atlantic,,8.89,3.6,0.0,0.0,0.0,0.2092452830188679,1.85,0,False,0.0,0.0,0.0,0.0,0.0,0.0,0,1.0,4.0,1.0,4.0,,
13317,25.2134,-80.263,2014,2013-10-15,2014-10-15,Atlantic,,27.52,1.9,4.2700000000000005,4.2700000000000005,4.2700000000000005,0.6535849056603772,2.16,0,False,0.0,0.0,0.0,0.0,16.0288,0.0,0,1.0,5.0,1.0,5.0,,
13326,25.2154,-80.2742,2015,2014-09-11,2015-09-11,Atlantic,,24.0,3.4,4.13,4.13,4.2700000000000005,0.6039622641509433,2.57,0,False,0.0,0.0,0.0,0.0,0.0,0.0,0,1.0,6.0,1.0,6.0,,
13327,25.2157,-80.2328,2016,2015-09-24,2016-09-23,Atlantic,,13.54,3.4,0.31,0.31,3.23,0.889622641509434,2.08,0,False,0.0,0.0,0.0,0.0,12.1432,0.0,0,1.0,7.0,1.0,7.0,,
13332,25.2202,-80.211,2014,2013-09-17,2014-09-17,Atlantic,,33.67,2.8,4.04,4.04,4.04,0.7064150943396226,2.14,0,False,0.0,0.0,0.0,0.0,16.0288,0.0,0,1.0,5.0,1.0,5.0,,
13337,25.2228,-80.2202,2014,2013-09-18,2014-09-18,Atlantic,,78.84,7.0,4.04,4.04,4.04,0.7222641509433961,2.14,0,False,0.0,0.0,0.0,0.0,16.0288,0.0,0,1.0,5.0,1.0,5.0,,
13338,25.2238,-80.2091,2014,2013-09-17,2014-09-17,Atlantic,,40.74,3.8,4.04,4.04,4.04,0.7064150943396226,2.14,0,False,0.0,0.0,0.0,0.0,16.0288,0.0,0,1.0,5.0,1.0,5.0,,
13341,25.225,-80.2075,2013,2012-09-19,2013-09-19,Atlantic,,8.12,12.6,0.0,0.0,0.0,0.2092452830188679,1.85,0,False,0.0,0.0,0.0,0.0,2.1244,0.0,0,1.0,4.0,1.0,4.0,,
13342,25.2263,-80.2169,2014,2013-09-18,2014-09-18,Atlantic,,72.41,6.8,4.04,4.04,4.04,0.7222641509433961,2.14,0,False,0.0,0.0,0.0,0.0,16.0288,0.0,0,1.0,5.0,1.0,5.0,,
13346,25.232,-80.2603,2016,2015-10-04,2016-10-03,Atlantic,,6.8,2.9,0.97,0.97,4.13,0.8766037735849055,2.02,0,False,0.0,0.0,0.0,0.0,12.1432,0.0,0,1.0,7.0,1.0,7.0,,
13350,25.2356,-80.2615,2013,2012-09-10,2013-09-10,Atlantic,,4.53,3.4,0.0,0.0,0.14,0.16788461538461538,2.02,0,False,0.0,0.0,0.0,0.0,0.0,0.0,0,1.0,4.0,1.0,4.0,,
13352,25.2372,-80.2588,2014,2013-10-15,2014-10-15,Atlantic,,28.23,3.0,4.2700000000000005,4.2700000000000005,4.2700000000000005,0.6535849056603772,2.16,0,False,0.0,0.0,0.0,0.0,16.0288,0.0,0,1.0,5.0,1.0,5.0,,
13360,25.2399,-80.2012,2014,2013-09-10,2014-09-10,Atlantic,,43.86,7.6,4.04,4.04,4.04,0.6958490566037736,2.14,0,False,0.0,0.0,0.0,0.0,16.0288,0.0,0,1.0,5.0,1.0,5.0,,
13365,25.2553,-80.2051,2014,2013-09-10,2014-09-10,Atlantic,,74.48,8.8,4.13,4.13,4.13,0.6649056603773585,2.13,0,False,0.0,0.0,0.0,0.0,16.0288,0.0,0,1.0,4.0,1.0,24.0,,
13375,25.2735,-80.2274,2014,2013-10-06,2014-10-06,Atlantic,,31.07,1.7,4.13,4.13,4.13,0.6945283018867924,2.13,0,False,0.0,0.0,0.0,0.0,16.0288,0.0,0,1.0,4.0,1.0,24.0,,
13376,25.2768,-80.1756,2014,2013-09-22,2014-09-22,Atlantic,,50.8,12.4,3.65,3.65,3.65,0.7526415094339622,2.1,0,False,0.0,0.0,0.0,0.0,16.0288,0.0,0,1.0,4.0,1.0,24.0,,
13377,25.2769,-80.1771,2014,2013-09-22,2014-09-22,Atlantic,,45.52,14.4,3.65,3.65,3.65,0.7526415094339622,2.1,0,False,0.0,0.0,0.0,0.0,16.0288,0.0,0,1.0,4.0,1.0,24.0,,
13379,25.2829,-80.2447,2014,2013-10-15,2014-10-15,Atlantic,,22.58,4.2,4.13,4.13,4.13,0.6788679245283018,2.13,0,False,0.0,0.0,0.0,0.0,16.0288,0.0,0,1.0,4.0,1.0,24.0,,
13382,25.2849,-80.2247,2014,2013-10-06,2014-10-06,Atlantic,,40.53,3.5,4.13,4.13,4.13,0.6945283018867924,2.13,0,False,0.0,0.0,0.0,0.0,16.0288,0.0,0,1.0,4.0,1.0,24.0,,
13386,25.2951,-80.2187,2015,2014-09-11,2015-09-11,Atlantic,,29.52,3.7,3.44,3.44,4.13,0.6149056603773586,2.5,0,False,0.0,0.0,0.0,0.0,0.0,0.0,0,1.0,5.0,1.0,25.0,,
13393,25.2993,-80.1621,2015,2014-10-14,2015-10-14,Atlantic,,42.86,8.1,2.83,2.83,3.65,0.6684905660377358,2.33,0,False,0.0,0.0,0.0,0.0,0.0,0.0,0,1.0,5.0,1.0,25.0,,
13394,25.3034,-80.2154,2015,2014-09-11,2015-09-11,Atlantic,,37.21,2.8,3.84,3.84,4.11,0.600943396226415,2.58,0,False,0.0,0.0,0.0,0.0,0.0,0.0,0,1.0,5.0,1.0,25.0,,
13395,25.305,-80.2157,2014,2013-10-06,2014-10-06,Atlantic,,52.67,4.6,4.11,4.11,4.11,0.6620754716981133,2.12,0,False,0.0,0.0,0.0,0.0,18.7363,0.0,0,1.0,4.0,1.0,24.0,,
13409,25.3224,-80.1823,2013,2012-10-14,2013-10-14,Atlantic,,4.17,2.8,0.0,0.0,0.0,0.24490566037735853,1.84,0,False,0.0,0.0,0.0,0.0,4.5177,0.0,0,1.0,3.0,1.0,23.0,,
13417,25.3319,-80.1857,2015,2014-10-15,2015-10-15,Atlantic,,63.4,3.7,3.02,3.02,3.69,0.6618867924528303,2.4,0,False,0.0,0.0,0.0,0.0,0.0,0.0,0,1.0,5.0,1.0,25.0,,
13418,25.3326,-80.2195,2014,2013-09-12,2014-09-12,Atlantic,,22.22,4.1,4.11,4.11,4.11,0.6473584905660379,2.12,0,False,0.0,0.0,0.0,0.0,18.7363,0.0,0,1.0,4.0,1.0,24.0,,
13419,25.3328,-80.165,2016,2015-08-20,2016-08-19,Atlantic,,3.42,9.9,0.0,0.0,3.02,0.9483018867924526,2.07,0,False,0.0,0.0,0.0,0.0,230.961,0.0,0,1.0,6.0,1.0,26.0,,
13422,25.3334,-80.218,2013,2012-10-14,2013-10-14,Atlantic,,7.69,4.6,0.0,0.0,0.0,0.1849056603773585,2.0,0,False,0.0,0.0,0.0,0.0,4.5177,0.0,0,1.0,3.0,1.0,23.0,,
13425,25.3358,-80.1662,2013,2012-10-04,2013-10-04,Atlantic,,7.58,8.5,0.0,0.0,0.0,0.2464150943396227,1.84,0,False,0.0,0.0,0.0,0.0,4.5177,0.0,0,1.0,3.0,1.0,23.0,,
13430,25.3385,-80.1603,2013,2012-10-04,2013-10-04,Atlantic,,17.28,8.6,0.0,0.0,0.0,0.2464150943396227,1.84,0,False,0.0,0.0,0.0,0.0,4.5177,0.0,0,1.0,3.0,1.0,23.0,,
13431,25.3398,-80.1529,2015,2014-10-15,2015-10-15,Atlantic,,56.41,11.2,3.02,3.02,3.69,0.6618867924528303,2.4,0,False,0.0,0.0,0.0,0.0,0.0,0.0,0,1.0,5.0,1.0,25.0,,
13444,25.3514,-80.194,2013,2012-10-04,2013-10-04,Atlantic,,4.5,2.8,0.0,0.0,0.0,0.23320754716981132,1.91,0,False,0.0,0.0,0.0,0.0,4.5177,0.0,0,1.0,3.0,1.0,23.0,,
13445,25.3525,-80.1558,2015,2014-10-15,2015-10-15,Atlantic,,30.3,9.6,3.11,3.11,3.61,0.6573584905660378,2.46,0,False,0.0,0.0,0.0,0.0,0.0,0.0,0,1.0,5.0,1.0,25.0,,
13446,25.3535,-80.1518,2014,2013-09-18,2014-09-18,Atlantic,,63.1,7.1,3.61,3.61,3.61,0.7107547169811321,2.1,0,False,0.0,0.0,0.0,0.0,18.7363,0.0,0,1.0,4.0,1.0,24.0,,
13447,25.3549,-80.1619,2013,2012-10-14,2013-10-14,Atlantic,,7.64,7.6,0.0,0.0,0.0,0.2309433962264151,1.91,0,False,0.0,0.0,0.0,0.0,4.5177,0.0,0,1.0,3.0,1.0,23.0,,
13449,25.3592,-80.1522,2014,2013-09-18,2014-09-18,Atlantic,,61.26,5.0,3.61,3.61,3.61,0.7107547169811321,2.1,0,False,0.0,0.0,0.0,0.0,18.7363,0.0,0,1.0,4.0,1.0,24.0,,
13458,25.3632,-80.1658,2016,2015-08-20,2016-08-19,Atlantic,,3.55,3.4,0.14,0.14,3.11,0.9462264150943397,2.04,0,False,0.0,0.0,12.1432,0.0,230.961,0.0,0,1.0,6.0,1.0,26.0,,
13463,25.3669,-80.1696,2014,2013-09-12,2014-09-12,Atlantic,,62.75,3.2,3.61,3.61,3.61,0.6988679245283018,2.1,0,False,0.0,0.0,0.0,0.0,18.7363,0.0,0,1.0,4.0,1.0,24.0,,
13465,25.3673,-80.1402,2013,2012-09-25,2013-09-25,Atlantic,,6.41,5.8,0.0,0.0,0.0,0.28641509433962264,1.79,0,False,0.0,0.0,0.0,0.0,4.5177,0.0,0,1.0,3.0,1.0,23.0,,
13484,25.3913,-80.1545,2015,2014-09-11,2015-09-11,Atlantic,,54.9,4.3,3.11,3.11,3.61,0.6303773584905661,2.46,0,False,0.0,0.0,0.0,0.0,0.0,0.0,0,1.0,5.0,1.0,25.0,,
13487,25.3957,-80.1316,2015,2014-10-14,2015-10-14,Atlantic,,39.68,8.1,2.49,2.49,3.01,0.6932075471698114,2.3000000000000003,0,False,0.0,0.0,0.0,0.0,0.0,0.0,0,1.0,5.0,1.0,25.0,,
13491,25.4011,-80.1296,2015,2014-10-14,2015-10-14,Atlantic,,22.22,9.8,2.52,2.52,2.89,0.6947169811320754,2.34,0,False,0.0,0.0,0.0,0.0,0.0,0.0,0,1.0,5.0,1.0,25.0,,
13498,25.4034,-80.132,2013,2012-09-25,2013-09-25,Atlantic,,4.17,2.6,0.0,0.0,0.0,0.27943396226415096,1.84,0,False,0.0,0.0,0.0,0.0,4.5177,0.0,0,1.0,3.0,1.0,23.0,,
13508,25.4153,-80.151,2015,2014-09-11,2015-09-11,Atlantic,,49.8,2.2,3.13,3.13,3.36,0.6273584905660377,2.5,0,False,0.0,0.0,0.0,0.0,0.0,0.0,0,1.0,5.0,1.0,25.0,,
13511,25.4184,-80.1553,2015,2014-10-14,2015-10-14,Atlantic,,22.81,3.6,3.13,3.13,3.36,0.6558490566037737,2.5,0,False,0.0,0.0,0.0,0.0,0.0,0.0,0,1.0,5.0,1.0,25.0,,
13512,25.4184,-80.1553,2015,2014-09-21,2015-09-21,Atlantic,,36.81,3.0,3.13,3.13,3.36,0.6213207547169811,2.5,0,False,0.0,0.0,0.0,0.0,0.0,0.0,0,1.0,5.0,1.0,25.0,,
13526,25.4289,-80.1637,2013,2012-09-25,2013-09-25,Atlantic,,3.1,4.3,0.0,0.0,0.0,0.21150943396226413,1.95,0,False,0.0,0.0,0.0,0.0,4.5177,0.0,0,1.0,3.0,1.0,23.0,,
13537,25.442,-80.122,2014,2013-09-05,2014-09-05,Atlantic,,31.58,2.1,2.89,2.89,2.89,0.7533962264150945,2.07,0,False,0.0,0.0,16.0288,0.0,20.1535,0.0,0,1.0,4.0,1.0,24.0,,
13540,25.4456,-80.1151,2014,2013-09-05,2014-09-05,Atlantic,,31.03,13.4,2.89,2.89,2.89,0.7533962264150945,2.07,0,False,0.0,0.0,16.0288,0.0,20.1535,0.0,0,1.0,4.0,1.0,24.0,,
13546,25.4479,-80.1779,2013,2012-09-09,2013-09-09,Atlantic,,0.0,5.5,0.0,0.0,0.0,0.20490566037735847,1.95,0,False,0.0,0.0,0.0,0.0,4.5177,0.0,0,1.0,3.0,1.0,23.0,,
13556,25.4557,-80.1237,2013,2012-09-17,2013-09-17,Atlantic,,4.26,6.1,0.0,0.0,0.0,0.271923076923077,1.88,0,False,0.0,0.0,2.1244,0.0,4.5177,0.0,0,1.0,3.0,1.0,23.0,,
13563,25.4628,-80.1333,2014,2013-09-05,2014-09-05,Atlantic,,58.91,4.1,2.91,2.91,2.91,0.7475471698113207,2.09,0,False,0.0,0.0,16.0288,0.0,20.1535,0.0,0,1.0,4.0,1.0,24.0,,
13571,25.4679,-80.1182,2015,2014-09-04,2015-09-04,Atlantic,,40.87,8.6,2.18,2.18,2.91,0.6641509433962264,2.35,0,False,0.0,0.0,0.0,0.0,0.0,0.0,0,1.0,5.0,1.0,25.0,,
13585,25.4865,-80.1414,2013,2012-10-07,2013-10-07,Atlantic,,2.04,5.0,0.0,0.0,0.0,0.28301886792452835,1.88,0,False,0.0,0.0,2.1244,0.0,4.5177,0.0,0,1.0,23.0,1.0,23.0,,
13595,25.4958,-80.11,2014,2013-09-19,2014-09-19,Atlantic,,70.83,6.8,2.91,2.91,2.91,0.7709433962264151,2.09,0,False,0.0,0.0,16.0288,0.0,20.1535,0.0,0,1.0,24.0,1.0,24.0,,
13598,25.4976,-80.109,2015,2014-09-28,2015-09-28,Atlantic,,55.73,8.4,2.8000000000000003,2.8000000000000003,2.91,0.6705660377358489,2.35,0,False,0.0,0.0,0.0,0.0,0.0,0.0,0,1.0,25.0,1.0,25.0,,
13602,25.4991,-80.1353,2013,2012-09-17,2013-09-17,Atlantic,,0.0,4.3,0.0,0.0,0.0,0.271923076923077,1.88,0,False,0.0,0.0,2.1244,0.0,4.5177,0.0,0,1.0,23.0,1.0,23.0,,
13606,25.5043,-80.1062,2015,2014-09-04,2015-09-04,Atlantic,,29.89,9.5,1.98,1.98,2.44,0.6620754716981133,2.34,0,False,0.0,0.0,0.0,0.0,0.3921,0.0,0,1.0,25.0,1.0,25.0,,
13614,25.5174,-80.1243,2013,2012-10-07,2013-10-07,Atlantic,,0.0,7.9,0.0,0.0,0.0,0.2775471698113207,1.91,0,False,0.0,0.0,2.1244,0.0,4.5177,0.0,0,1.0,23.0,1.0,23.0,,
13618,25.5264,-80.1199,2015,2014-09-03,2015-09-03,Atlantic,,31.48,7.3,1.98,1.98,2.44,0.659622641509434,2.34,0,False,0.0,0.0,0.0,0.0,0.3921,0.0,0,1.0,25.0,1.0,25.0,,
13619,25.5273,-80.1079,2014,2013-09-19,2014-09-19,Atlantic,,43.59,6.7,2.44,2.44,2.44,0.7626415094339623,2.08,0,False,0.0,0.0,16.0288,0.0,23.0928,0.0,0,1.0,24.0,1.0,24.0,,
13620,25.5284,-80.1187,2015,2014-09-03,2015-09-03,Atlantic,,12.22,7.0,1.98,1.98,2.44,0.659622641509434,2.34,0,False,0.0,0.0,0.0,0.0,0.5582,0.0,0,1.0,25.0,1.0,25.0,,
13631,25.5441,-80.1012,2013,2012-10-07,2013-10-07,Atlantic,,5.56,4.9,0.0,0.0,0.0,0.2775471698113207,1.91,0,False,0.0,0.0,4.5177,0.0,4.5177,0.0,0,1.0,23.0,1.0,23.0,,
13633,25.5455,-80.1106,2015,2014-09-28,2015-09-28,Atlantic,,24.07,5.9,2.44,2.44,2.44,0.6679245283018868,2.34,0,False,0.0,0.0,0.0,0.0,0.5582,0.0,0,1.0,25.0,1.0,25.0,,
13634,25.5463,-80.1016,2015,2014-09-03,2015-09-03,Atlantic,,17.28,3.7,1.98,1.98,2.44,0.659622641509434,2.34,0,False,0.0,0.0,0.0,0.0,0.5582,0.0,0,1.0,25.0,1.0,25.0,,
13640,25.5671,-80.1081,2015,2014-09-08,2015-09-08,Atlantic,,20.0,4.0,1.93,1.93,2.4,0.6554716981132075,2.31,0,False,0.0,0.0,0.0,0.0,2.4314999999999998,0.0,0,1.0,25.0,1.0,25.0,,
13645,25.573,-80.0993,2014,2013-09-19,2014-09-19,Atlantic,,63.27,6.7,2.48,2.48,2.48,0.8324528301886792,2.04,0,False,16.0288,0.0,18.7363,0.0,23.0928,0.0,1,1.0,24.0,1.0,24.0,,
13647,25.5744,-80.1134,2015,2014-09-08,2015-09-08,Atlantic,,4.0,4.6,1.93,1.93,2.4,0.6554716981132075,2.31,0,False,0.0,0.0,0.0,0.0,2.4314999999999998,0.0,0,1.0,25.0,1.0,25.0,,
13648,25.5752,-80.1019,2014,2013-09-04,2014-09-04,Atlantic,,70.63,5.4,2.4,2.4,2.4,0.7256603773584905,2.06,0,False,16.0288,0.0,18.7363,0.0,23.0928,0.0,1,1.0,24.0,1.0,24.0,,
13652,25.5777,-80.1137,2014,2013-09-19,2014-09-19,Atlantic,,38.46,3.8,2.4,2.4,2.4,0.7488679245283019,2.06,0,False,16.0288,0.0,18.7363,0.0,23.0928,0.0,1,1.0,24.0,1.0,24.0,,
13659,25.587,-80.1063,2015,2014-09-28,2015-09-28,Atlantic,,28.07,4.8,2.52,2.52,2.52,0.6605660377358489,2.31,0,False,0.0,0.0,0.0,0.0,2.4314999999999998,0.0,0,1.0,25.0,1.0,25.0,,
13664,25.5896,-80.0934,2015,2014-09-08,2015-09-08,Atlantic,,15.38,11.8,1.71,1.71,2.48,0.6947169811320755,2.18,0,False,0.0,0.0,0.0,0.0,2.4314999999999998,0.0,0,1.0,25.0,1.0,25.0,,
13668,25.5918,-80.0952,2014,2013-09-19,2014-09-19,Atlantic,,55.21,5.9,2.48,2.48,2.48,0.8324528301886792,2.04,0,False,16.0288,0.0,18.7363,0.0,23.0928,0.0,1,1.0,24.0,1.0,24.0,,
13669,25.5978,-80.1042,2016,2015-09-23,2016-09-22,Atlantic,,6.67,5.8,0.46,0.46,2.52,0.9367924528301886,2.05,0,False,24.1371,0.0,330.1067,0.0,337.3468,0.0,7,1.0,26.0,1.0,26.0,,
13670,25.6005,-80.1022,2015,2014-09-08,2015-09-08,Atlantic,,44.44,4.8,1.58,1.58,2.18,0.639245283018868,2.26,0,False,0.0,0.0,0.0,0.0,2.4314999999999998,0.0,0,1.0,25.0,1.0,25.0,,
13674,25.625,-80.0995,2014,2013-09-04,2014-09-04,Atlantic,,48.89,7.6,2.43,2.43,2.43,0.7930188679245281,2.02,0,False,16.0288,0.0,18.7363,0.0,30.8421,0.0,1,1.0,24.0,1.0,24.0,,
13675,25.6276,-80.0951,2015,2014-09-08,2015-09-08,Atlantic,,28.79,6.1,1.52,1.52,2.43,0.6813207547169812,2.14,0,False,0.0,0.0,0.0,0.0,17.3822,0.0,0,1.0,25.0,1.0,25.0,,
13676,25.6303,-80.098,2016,2015-09-23,2016-09-22,Atlantic,,2.08,8.2,0.0,0.0,1.97,0.9618867924528303,2.09,0,False,11.9939,0.0,336.7888,0.0,369.7018,0.0,6,1.0,26.0,1.0,26.0,,
13678,25.6434,-80.0971,2013,2012-09-09,2013-09-09,Atlantic,,4.55,7.4,0.0,0.0,0.0,0.3171698113207548,1.88,0,False,2.1244,0.0,4.5177,0.0,4.5177,0.0,1,1.0,23.0,1.0,23.0,,
13680,25.6506,-80.0964,2013,2012-09-09,2013-09-09,Atlantic,,3.85,6.6,0.0,0.0,0.0,0.3,1.84,0,False,2.1244,0.0,4.5177,0.0,4.5177,0.0,1,1.0,23.0,1.0,23.0,,
13681,25.6518,-80.0946,2016,2015-03-02,2016-03-01,Atlantic,,4.76,7.8,0.0,0.0,1.36,1.020754716981132,2.08,0,False,0.5663,0.0,21.1663,0.0,55.5852,0.0,2,1.0,26.0,1.0,26.0,,
13681,25.6518,-80.0946,2016,2015-08-26,2016-08-25,Atlantic,,5.56,9.1,0.0,0.0,1.36,0.9635849056603772,2.06,0,False,8.5706,0.0,236.36010000000002,0.0,270.8217,0.0,5,1.0,26.0,1.0,26.0,,
13683,25.6601,-80.0968,2015,2014-09-28,2015-09-28,Atlantic,,6.67,5.5,1.36,1.36,2.38,0.6650943396226415,2.08,0,False,0.0,0.0,0.0,0.0,25.0719,0.0,0,1.0,25.0,1.0,25.0,,
13685,25.6682,-80.0987,2016,2015-09-08,2016-09-07,Atlantic,,2.22,8.2,0.0,0.0,1.36,0.9466037735849056,2.06,0,False,11.9939,0.0,336.7888,0.0,375.41179999999997,0.0,6,1.0,26.0,1.0,26.0,,
13687,25.6726,-80.0884,2016,2015-03-02,2016-03-01,Atlantic,,14.81,13.4,0.0,0.0,1.36,1.020754716981132,2.08,0,False,3.6239999999999997,0.0,21.1663,0.0,62.7784,0.0,2,1.0,26.0,1.0,26.0,,
13687,25.6726,-80.0884,2016,2015-08-20,2016-08-19,Atlantic,,22.81,13.1,0.0,0.0,1.36,0.9690566037735846,2.06,0,False,215.47289999999998,0.0,236.36010000000002,0.0,279.62170000000003,0.0,5,1.0,26.0,1.0,26.0,,
13688,25.6741,-80.0942,2013,2012-09-10,2013-09-10,Atlantic,,4.94,6.7,0.0,0.0,0.0,0.3011538461538462,1.84,0,False,4.5177,0.0,4.5177,0.0,4.5177,0.0,1,1.0,23.0,1.0,23.0,,
13689,25.6749,-80.0984,2013,2012-09-10,2013-09-10,Atlantic,,4.96,7.0,0.0,0.0,0.0,0.3011538461538462,1.84,0,False,4.5177,0.0,4.5177,0.0,4.5177,0.0,1,1.0,23.0,1.0,23.0,,
13693,25.6772,-80.0976,2015,2014-09-08,2015-09-08,Atlantic,,28.33,7.4,1.06,1.06,2.38,0.6626415094339622,2.08,0,False,0.0,0.0,0.0,0.0,25.0719,0.0,0,1.0,25.0,1.0,25.0,,
13696,25.6785,-80.1186,2016,2015-03-03,2016-03-02,Atlantic,,0.0,7.7,0.0,0.0,1.69,1.0071698113207548,2.19,0,False,0.5663,0.0,21.1663,0.0,62.7784,0.0,2,1.0,26.0,1.0,26.0,,
13696,25.6785,-80.1186,2016,2015-08-26,2016-08-25,Atlantic,,4.76,7.6,0.0,0.0,1.69,0.9190566037735849,1.97,0,False,10.863600000000002,0.0,236.36010000000002,0.0,279.62170000000003,0.0,5,1.0,26.0,1.0,26.0,,
13699,25.683,-80.1,2013,2012-10-10,2013-10-10,Atlantic,,9.33,8.4,0.0,0.0,0.0,0.31433962264150944,1.84,0,False,4.5177,0.0,4.5177,0.0,4.5177,0.0,1,1.0,23.0,1.0,23.0,,
13700,25.6908,-80.0976,2014,2013-09-15,2014-09-15,Atlantic,,56.79,5.8,2.38,2.38,2.38,0.7811320754716983,1.98,0,False,18.7363,0.0,20.1535,0.0,35.0674,0.0,1,1.0,24.0,1.0,24.0,,
13701,25.6921,-80.0964,2013,2012-09-12,2013-09-12,Atlantic,,13.73,6.7,0.0,0.0,0.0,0.2983018867924529,1.84,0,False,4.5177,0.0,4.5177,0.0,4.5177,0.0,1,1.0,23.0,1.0,23.0,,
13703,25.6959,-80.0974,2013,2012-09-12,2013-09-12,Atlantic,,1.96,7.9,0.0,0.0,0.0,0.2983018867924529,1.84,0,False,4.5177,0.0,4.5177,0.0,4.5177,0.0,1,1.0,23.0,1.0,23.0,,
13705,25.7003,-80.0969,2013,2012-09-12,2013-09-12,Atlantic,,6.25,9.1,0.0,0.0,0.0,0.2805660377358491,1.79,0,False,4.5177,0.0,4.5177,0.0,4.5177,0.0,1,1.0,23.0,1.0,23.0,,
13707,25.7016,-80.102,2013,2012-09-09,2013-09-09,Atlantic,,0.0,7.6,0.0,0.0,0.0,0.2064150943396226,1.76,0,False,4.5177,0.0,4.5177,0.0,4.5177,0.0,1,1.0,23.0,1.0,23.0,,
13709,25.7048,-80.0979,2013,2012-09-12,2013-09-12,Atlantic,,6.06,7.9,0.0,0.0,0.0,0.2805660377358491,1.79,0,False,4.5177,0.0,4.5177,0.0,4.5177,0.0,1,1.0,23.0,1.0,23.0,,
13710,25.7158,-80.0982,2014,2013-09-15,2014-09-15,Atlantic,,46.85,9.1,1.77,1.77,1.77,0.750188679245283,1.92,0,False,18.7363,0.0,20.1535,0.0,41.1156,0.0,1,1.0,24.0,1.0,24.0,,
13712,25.7261,-80.0986,2016,2015-09-08,2016-09-07,Atlantic,,9.68,9.7,0.0,0.0,1.2,0.9232075471698115,1.98,0,False,316.9116,0.0,336.7888,0.0,406.7871,0.0,6,1.0,26.0,1.0,26.0,,
13715,25.7332,-80.0893,2014,2013-09-15,2014-09-15,Atlantic,,25.78,14.2,1.77,1.77,1.77,0.750188679245283,1.92,0,False,2.7075,0.0,22.4237,0.0,45.6819,0.0,1,1.0,24.0,1.0,24.0,,
13716,25.7351,-80.1142,2015,2014-09-28,2015-09-28,Atlantic,,35.8,7.4,1.22,1.22,1.62,0.5977358490566038,2.09,0,False,0.0,0.0,0.3921,0.0,34.7393,0.0,0,1.0,25.0,1.0,25.0,,
13718,25.7374,-80.1161,2015,2014-09-28,2015-09-28,Atlantic,,8.33,8.8,1.22,1.22,1.62,0.5977358490566038,2.09,0,False,0.0,0.0,0.3921,0.0,34.7393,0.0,0,1.0,25.0,1.0,25.0,,
13719,25.746,-80.1201,2014,2013-09-15,2014-09-15,Atlantic,,33.33,6.9,1.62,1.62,1.62,0.6567924528301887,1.9,0,False,2.7075,0.0,22.4237,0.0,44.6306,0.0,1,1.0,24.0,1.0,24.0,,
13722,25.75,-80.1056,2013,2012-10-03,2013-10-03,Atlantic,,25.0,6.5,0.0,0.0,0.0,0.21339622641509431,1.67,0,False,2.3933,0.0,4.5177,0.0,4.5177,0.0,1,1.0,23.0,1.0,23.0,,
13725,25.7515,-80.1316,2015,2014-09-28,2015-09-28,Atlantic,,34.11,5.9,1.21,1.21,1.44,0.5743396226415094,2.01,0,False,0.0,0.0,0.3921,0.0,34.7393,0.0,0,1.0,25.0,1.0,25.0,,
13728,25.76,-80.1307,2014,2013-09-18,2014-09-18,Atlantic,,62.12,3.5,1.44,1.44,1.44,0.6399999999999999,1.84,0,False,2.7075,0.0,22.4237,0.0,45.6819,0.0,1,1.0,24.0,1.0,24.0,,
13729,25.764,-80.0963,2014,2013-09-18,2014-09-18,Atlantic,,63.16,12.4,1.59,1.59,1.59,0.730566037735849,1.87,0,False,2.7075,0.0,22.4237,0.0,50.705,0.0,1,1.0,24.0,1.0,24.0,,
13730,25.7657,-80.099,2014,2013-09-18,2014-09-18,Atlantic,,45.05,7.7,1.59,1.59,1.59,0.730566037735849,1.87,0,False,2.7075,0.0,22.4237,0.0,50.705,0.0,1,1.0,24.0,1.0,24.0,,
13731,25.7684,-80.089,2014,2013-09-18,2014-09-18,Atlantic,,26.88,13.4,1.59,1.59,1.59,0.730566037735849,1.87,0,False,2.7075,0.0,23.0928,0.0,50.705,0.0,1,1.0,24.0,1.0,24.0,,
13733,25.7709,-80.0968,2015,2014-07-22,2015-07-22,Atlantic,,25.0,10.7,0.0,0.0,1.59,0.609811320754717,1.95,0,False,0.0,0.0,0.5582,0.0,32.4911,0.0,0,1.0,25.0,1.0,25.0,,
13734,25.7738,-80.088,2014,2013-09-19,2014-09-19,Atlantic,,26.67,16.3,1.59,1.59,1.59,0.730566037735849,1.87,0,False,2.7075,0.0,23.0928,0.0,50.705,0.0,1,1.0,24.0,1.0,24.0,,
13736,25.7778,-80.1116,2015,2014-07-22,2015-07-22,Atlantic,,12.12,8.0,0.0,0.0,1.44,0.5603773584905661,2.01,0,False,0.0,0.0,0.3921,0.0,32.4911,0.0,0,1.0,25.0,1.0,25.0,,
13738,25.7792,-80.0877,2016,2015-09-20,2016-09-19,Atlantic,,22.73,18.7,0.0,0.0,0.9,0.8900000000000001,1.88,0,False,311.5998,0.0,325.2036,0.0,411.7356,0.0,6,1.0,26.0,1.0,26.0,,
13739,25.7801,-80.0889,2016,2015-09-14,2016-09-13,Atlantic,,16.67,13.2,0.0,0.0,0.9,0.8847169811320755,1.88,0,False,311.5998,0.0,325.2036,0.0,411.7356,0.0,6,1.0,26.0,1.0,26.0,,
13740,25.7802,-80.0877,2015,2014-09-17,2015-09-17,Atlantic,,50.0,17.6,0.9,0.9,1.59,0.6179245283018868,1.95,0,False,0.0,0.0,0.5582,0.0,36.9103,0.0,0,1.0,25.0,1.0,25.0,,
13741,25.7817,-80.0877,2016,2015-09-20,2016-09-19,Atlantic,,27.78,18.0,0.0,0.0,0.9,0.8900000000000001,1.88,0,False,311.5998,0.0,325.2036,0.0,411.7356,0.0,6,1.0,26.0,1.0,26.0,,
13750,25.7958,-80.0979,2015,2014-09-17,2015-09-17,Atlantic,,52.17,10.7,0.9,0.9,1.59,0.6179245283018868,1.95,0,False,0.0,0.0,0.5582,0.0,36.9103,0.0,0,1.0,25.0,1.0,25.0,,
13751,25.7965,-80.1038,2014,2013-09-15,2014-09-15,Atlantic,,59.05,8.5,1.44,1.44,1.44,0.6284905660377358,1.84,0,False,4.1247,0.0,23.0928,0.0,50.705,0.0,1,1.0,24.0,1.0,24.0,,
13756,25.8039,-80.105,2015,2014-07-22,2015-07-22,Atlantic,,15.0,8.0,0.0,0.0,1.44,0.5415094339622643,1.91,0,False,0.0,0.0,0.5582,0.0,32.4911,0.0,0,1.0,25.0,1.0,25.0,,
13758,25.8088,-80.1119,2015,2014-09-25,2015-09-25,Atlantic,,44.44,5.1,1.07,1.07,1.44,0.558490566037736,1.91,0,False,0.0,0.0,0.5582,0.0,36.9103,0.0,0,1.0,25.0,1.0,25.0,,
13759,25.8094,-80.1099,2015,2014-07-22,2015-07-22,Atlantic,,24.32,5.5,0.0,0.0,1.44,0.5415094339622643,1.91,0,False,0.0,0.0,0.5582,0.0,32.4911,0.0,0,1.0,25.0,1.0,25.0,,
13762,25.8142,-80.0905,2015,2014-09-25,2015-09-25,Atlantic,,6.67,15.4,1.05,1.05,1.44,0.5981132075471699,1.88,0,False,0.0,0.0,0.5582,0.0,36.9103,0.0,0,1.0,25.0,1.0,25.0,,
13764,25.8175,-80.0902,2016,2015-09-14,2016-09-13,Atlantic,,19.3,16.2,0.0,0.0,1.05,0.858679245283019,1.87,0,False,311.5998,0.0,325.2036,0.0,505.1107,0.0,6,1.0,26.0,1.0,26.0,,
13766,25.8226,-80.0906,2016,2015-09-14,2016-09-13,Atlantic,,13.89,15.4,0.0,0.0,1.05,0.858679245283019,1.87,0,False,308.1746,0.0,325.2036,0.0,515.7007,0.0,6,1.0,26.0,1.0,26.0,,
13768,25.8249,-80.0905,2015,2014-09-25,2015-09-25,Atlantic,,24.44,16.8,1.05,1.05,1.44,0.5981132075471699,1.88,0,False,0.0,0.0,0.5582,0.0,38.7247,0.0,0,1.0,25.0,1.0,25.0,,
13773,25.8292,-80.092,2015,2014-09-25,2015-09-25,Atlantic,,33.33,15.8,1.05,1.05,1.44,0.5981132075471699,1.88,0,False,0.0,0.0,9.381400000000001,0.0,38.7247,0.0,0,1.0,25.0,1.0,25.0,,
13778,25.8354,-80.0889,2013,2012-10-10,2013-10-10,Atlantic,,12.04,18.5,0.0,0.0,0.0,0.26264150943396225,1.67,0,False,0.0,0.0,4.5177,0.0,4.5177,0.0,0,1.0,23.0,1.0,23.0,,
13779,25.8371,-80.1054,2014,2013-09-19,2014-09-19,Atlantic,,34.85,6.4,1.44,1.44,1.44,0.6247169811320754,1.81,0,False,1.4172,0.0,25.3332,0.0,169.5674,0.0,1,1.0,24.0,1.0,24.0,,
13786,25.842,-80.0951,2016,2015-02-25,2016-02-25,Atlantic,,2.22,13.4,0.0,0.0,1.05,0.9328301886792453,1.88,0,False,5.399100000000001,0.0,46.3257,0.0,95.1322,0.0,2,1.0,26.0,1.0,26.0,,
13790,25.8421,-80.0881,2016,2015-03-02,2016-03-01,Atlantic,,0.0,14.4,0.0,0.0,1.05,0.9556603773584904,1.88,0,False,5.399100000000001,0.0,41.3682,0.0,107.7526,0.0,2,1.0,26.0,1.0,26.0,,
13792,25.8422,-80.104,2015,2014-01-21,2015-01-21,Atlantic,,3.67,6.1,0.0,1.44,1.44,0.4726415094339623,1.81,0,False,0.0,0.0,5.6841,0.0,139.8451,0.0,0,1.0,25.0,1.0,25.0,,
13792,25.8422,-80.104,2016,2015-02-25,2016-02-25,Atlantic,,0.0,5.8,0.0,0.0,1.07,0.9050943396226415,1.91,0,False,5.399100000000001,0.0,46.3257,0.0,95.1322,0.0,2,1.0,26.0,1.0,26.0,,
13794,25.8423,-80.1042,2015,2014-09-03,2015-09-03,Atlantic,,47.62,6.4,0.92,0.92,1.44,0.5505660377358491,1.91,0,False,0.0,0.0,9.381400000000001,0.0,38.7247,0.0,0,1.0,25.0,1.0,25.0,,
13799,25.847,-80.0994,2014,2013-09-19,2014-09-19,Atlantic,,24.36,11.5,1.44,1.44,1.44,0.7028301886792452,1.84,0,False,1.4172,0.0,25.3332,0.0,169.5674,0.0,1,1.0,24.0,1.0,24.0,,
13800,25.8472,-80.1041,2014,2013-09-19,2014-09-19,Atlantic,,61.73,5.6,1.44,1.44,1.44,0.6247169811320754,1.81,0,False,1.4172,0.0,25.3332,0.0,169.5674,0.0,1,1.0,24.0,1.0,24.0,,
13803,25.8492,-80.1043,2015,2014-09-10,2015-09-10,Atlantic,,62.59,4.6,0.92,0.92,1.44,0.5539622641509434,1.91,0,False,0.0,0.0,9.381400000000001,0.0,38.7247,0.0,0,1.0,25.0,1.0,25.0,,
13805,25.8508,-80.109,2015,2014-07-28,2015-07-28,Atlantic,,19.05,4.9,0.0,0.0,1.43,0.5390566037735849,1.83,0,False,0.0,0.0,9.506400000000001,0.0,35.171,0.0,0,1.0,25.0,1.0,25.0,,
13818,25.8638,-80.1087,2013,2012-10-10,2013-10-10,Atlantic,,1.39,6.2,0.0,0.0,0.0,0.1920754716981132,1.56,0,False,0.0,0.0,4.5177,0.0,4.5177,0.0,0,1.0,23.0,1.0,23.0,,
13825,25.8759,-80.0992,2014,2013-09-19,2014-09-19,Atlantic,,23.19,11.8,1.45,1.45,1.45,0.6747169811320755,1.8,0,False,3.6874,0.0,14.8133,0.0,169.5674,0.0,2,1.0,24.0,1.0,24.0,,
13827,25.8804,-80.1011,2016,2015-09-17,2016-09-16,Atlantic,,15.38,10.7,0.0,0.0,1.21,0.7903773584905659,1.77,0,False,7.2401,0.0,345.5647,0.0,516.7664,0.0,3,1.0,26.0,1.0,26.0,,
13828,25.8825,-80.1008,2015,2014-09-10,2015-09-10,Atlantic,,19.05,9.4,1.06,1.06,1.43,0.5373584905660377,1.83,0,False,0.3921,0.0,15.5089,0.0,39.1152,0.0,2,1.0,25.0,1.0,25.0,,
13829,25.8826,-80.1139,2015,2014-09-10,2015-09-10,Atlantic,,40.0,5.6,1.06,1.06,1.43,0.5373584905660377,1.83,0,False,0.3921,0.0,15.5089,0.0,39.1152,0.0,2,1.0,25.0,1.0,25.0,,
13832,25.885,-80.112,2014,2013-09-11,2014-09-11,Atlantic,,29.41,7.4,1.43,1.43,1.43,0.5969811320754717,1.77,0,False,3.6874,0.0,14.8133,0.0,169.5674,0.0,2,1.0,24.0,1.0,24.0,,
13835,25.8874,-80.0953,2015,2014-09-03,2015-09-03,Atlantic,,24.44,17.6,1.05,1.05,1.45,0.5681132075471698,1.81,0,False,0.3921,0.0,15.5089,0.0,39.1152,0.0,2,1.0,25.0,1.0,25.0,,
13836,25.8878,-80.1174,2014,2013-09-11,2014-09-11,Atlantic,,50.0,6.1,1.43,1.43,1.43,0.5969811320754717,1.77,0,False,3.6874,0.0,14.8133,0.0,169.5674,0.0,2,1.0,24.0,1.0,24.0,,
13839,25.8906,-80.1008,2015,2014-09-10,2015-09-10,Atlantic,,47.44,11.9,1.06,1.06,1.43,0.5373584905660377,1.83,0,False,0.3921,0.0,15.5089,0.0,39.1152,0.0,2,1.0,25.0,1.0,25.0,,
13841,25.8929,-80.1043,2015,2014-09-30,2015-09-30,Atlantic,,63.33,8.6,1.21,1.21,1.43,0.5415094339622641,1.83,0,False,0.3921,0.0,15.5089,0.0,39.1152,0.0,2,1.0,25.0,1.0,25.0,,
13842,25.8931,-80.108,2014,2013-09-11,2014-09-11,Atlantic,,70.37,7.0,1.43,1.43,1.43,0.5969811320754717,1.77,0,False,3.6874,0.0,14.8133,0.0,169.5674,0.0,2,1.0,24.0,1.0,24.0,,
13846,25.8996,-80.1087,2015,2014-07-28,2015-07-28,Atlantic,,16.67,6.1,0.0,0.0,1.43,0.5390566037735849,1.83,0,False,0.3921,0.0,16.6563,0.0,35.5615,0.0,2,1.0,25.0,1.0,25.0,,
13847,25.9021,-80.1,2014,2013-09-11,2014-09-11,Atlantic,,14.58,11.0,1.29,1.29,1.29,0.6352830188679247,1.79,0,False,3.6874,0.0,14.8133,0.0,169.5674,0.0,2,1.0,24.0,1.0,24.0,,
13852,25.9087,-80.0863,2015,2014-10-05,2015-10-05,Atlantic,,3.51,26.0,1.06,1.06,1.29,0.5592452830188679,1.7,0,False,0.3921,0.0,22.6125,0.0,47.4383,0.0,2,1.0,25.0,1.0,25.0,,
13853,25.9107,-80.1004,2013,2012-10-10,2013-10-10,Atlantic,,5.71,12.1,0.0,0.0,0.0,0.17943396226415093,1.48,0,False,0.0,0.0,2.3933,0.0,4.5177,0.0,0,1.0,23.0,1.0,23.0,,
13854,25.9149,-80.0936,2015,2014-09-25,2015-09-25,Atlantic,,33.33,15.6,1.06,1.06,1.29,0.5499999999999999,1.7,0,False,0.3921,0.0,17.3822,0.0,42.2721,0.0,2,1.0,23.0,1.0,25.0,,
13855,25.9156,-80.1029,2016,2015-09-17,2016-09-16,Atlantic,,12.0,8.8,0.0,0.0,1.37,0.7667924528301887,1.78,0,False,7.2401,0.0,345.5647,0.0,546.7825,0.0,3,1.0,24.0,1.0,26.0,,
13856,25.9175,-80.1068,2014,2013-09-11,2014-09-11,Atlantic,,36.23,6.8,1.28,1.28,1.28,0.5824528301886792,1.76,0,False,3.6874,0.0,14.8133,0.0,171.8974,0.0,2,1.0,22.0,1.0,24.0,,
13861,25.9254,-80.104,2015,2014-09-10,2015-09-10,Atlantic,,38.46,8.0,1.22,1.22,1.28,0.5169811320754718,1.71,0,False,0.3921,0.0,15.5089,0.0,44.5102,0.37429999999999997,2,1.0,23.0,1.0,25.0,,
13864,25.9288,-80.1102,2013,2012-10-10,2013-10-10,Atlantic,,22.62,7.4,0.0,0.0,0.0,0.17943396226415093,1.48,0,False,0.0,0.0,2.3933,0.0,4.5177,0.0,0,1.0,21.0,1.0,23.0,,
13871,25.9398,-80.1162,2015,2014-09-10,2015-09-10,Atlantic,,29.17,5.5,1.22,1.22,1.28,0.5169811320754718,1.71,0,False,0.3921,0.0,19.1306,0.0,44.5102,0.37429999999999997,2,1.0,11.0,1.0,25.0,,
13874,25.9436,-80.0969,2014,2013-09-11,2014-09-11,Atlantic,,25.93,13.8,1.29,1.29,1.29,0.6352830188679247,1.79,0,False,2.2702,0.0,20.8615,0.0,171.8974,0.0,2,1.0,10.0,1.0,24.0,,
13875,25.9437,-80.0969,2015,2014-09-03,2015-09-03,Atlantic,,28.57,14.0,0.91,0.91,1.29,0.5433962264150943,1.7,0,False,0.3921,0.0,21.0039,0.0,44.5102,0.37429999999999997,2,1.0,11.0,1.0,25.0,,
13876,25.9439,-80.1133,2015,2014-09-25,2015-09-25,Atlantic,,81.25,6.6,1.37,1.37,1.37,0.5207547169811321,1.71,0,False,0.3921,0.0,19.1306,0.0,44.5102,0.37429999999999997,2,1.0,11.0,1.0,25.0,,
13877,25.9463,-80.1026,2016,2015-09-17,2016-09-16,Atlantic,,15.79,7.3,0.0,0.0,1.37,0.7667924528301887,1.78,0,False,0.558,0.0,372.7245,0.0,548.7847,0.0,1,1.0,12.0,1.0,26.0,,
13879,25.9501,-80.101,2015,2014-09-25,2015-09-25,Atlantic,,12.7,8.4,1.22,1.22,1.22,0.5005660377358491,1.59,0,False,0.3921,0.0,19.1306,0.0,44.5102,0.37429999999999997,2,1.0,11.0,1.0,25.0,,
13880,25.9516,-80.1091,2015,2014-01-21,2015-01-21,Atlantic,,2.92,5.2,0.0,1.13,1.13,0.43584905660377365,1.75,0,False,1.0396,0.0,23.0842,0.0,143.00199999999998,0.0,2,1.0,11.0,1.0,25.0,,
13880,25.9516,-80.1091,2016,2015-02-25,2016-02-25,Atlantic,,3.33,5.8,0.0,0.0,1.22,0.8333962264150943,1.8,0,False,0.6257,0.0,60.383,0.0,97.7608,0.37429999999999997,2,1.0,12.0,1.0,26.0,,
13881,25.9516,-80.1091,2015,2014-09-03,2015-09-03,Atlantic,,47.37,5.8,1.07,1.07,1.13,0.49283018867924533,1.59,0,False,0.3921,0.0,19.1306,0.0,44.5102,0.37429999999999997,2,1.0,11.0,1.0,25.0,,
13882,25.9518,-80.0996,2016,2015-09-17,2016-09-16,Atlantic,,6.06,12.4,0.0,0.0,1.2,0.7756603773584905,1.83,0,False,0.558,0.0,372.7245,0.0,548.7847,0.0,1,1.0,12.0,1.0,26.0,,
13884,25.9585,-80.0938,2015,2014-01-21,2015-01-21,Atlantic,,1.08,16.0,0.0,1.42,1.42,0.4747169811320754,1.77,0,False,1.0396,0.0,23.4089,0.0,148.1394,5.1374,2,1.0,11.0,1.0,25.0,,
13884,25.9585,-80.0938,2016,2015-02-25,2016-02-25,Atlantic,,7.69,16.7,0.0,0.0,1.2,0.8532075471698113,1.83,0,False,0.6257,0.0,61.9316,0.0,100.4907,3.1041999999999996,2,1.0,12.0,1.0,26.0,,
13885,25.9585,-80.0938,2015,2014-09-03,2015-09-03,Atlantic,,31.48,16.6,1.06,1.06,1.42,0.5179245283018867,1.61,0,False,0.3921,0.0,21.0039,0.0,48.9389,4.803,2,1.0,11.0,1.0,25.0,,
13886,25.9592,-80.0989,2015,2014-09-25,2015-09-25,Atlantic,,45.1,12.8,1.2,1.2,1.42,0.5247169811320754,1.61,0,False,0.3921,0.0,21.0039,0.0,44.5102,0.37429999999999997,2,1.0,11.0,1.0,25.0,,
13890,25.9629,-80.1032,2015,2014-09-25,2015-09-25,Atlantic,,43.33,9.4,1.22,1.22,1.22,0.5005660377358491,1.59,0,False,0.3921,0.0,19.1306,0.0,48.9389,4.803,2,1.0,11.0,1.0,25.0,,
13898,25.9716,-80.0904,2016,2015-09-17,2016-09-16,Atlantic,,33.33,17.8,0.0,0.0,1.2,0.7756603773584905,1.83,0,False,32.913,0.0,372.4629,0.0,552.6349,0.6255,7,1.0,12.0,1.0,26.0,,
13899,25.9732,-80.0897,2015,2014-10-05,2015-10-05,Atlantic,,12.96,19.8,1.2,1.2,1.42,0.5343396226415096,1.61,0,False,14.827200000000001,0.0,32.2446,0.0,54.1051,4.803,6,1.0,11.0,1.0,25.0,,
13903,25.979,-80.0961,2015,2014-10-05,2015-10-05,Atlantic,,24.44,13.4,1.2,1.2,1.42,0.5343396226415096,1.61,0,False,14.827200000000001,0.0,32.2446,0.0,54.1051,4.803,6,1.0,11.0,1.0,25.0,,
13904,25.9824,-80.0954,2014,2013-09-25,2014-09-25,Atlantic,,34.78,15.6,1.42,1.42,1.42,0.6298113207547169,1.77,0,False,4.5106,0.0,21.669,0.0,175.33599999999998,3.4386,4,1.0,10.0,1.0,24.0,,
13913,25.9888,-80.0973,2016,2015-09-13,2016-09-12,Atlantic,,16.67,10.1,0.0,0.0,1.2,0.7756603773584905,1.83,0,False,32.913,0.0,70.9704,0.0,552.6349,0.6255,7,1.0,11.0,1.0,26.0,,
13914,25.9914,-80.0952,2016,2015-09-22,2016-09-21,Atlantic,,31.25,16.5,0.0,0.0,1.2,0.7788679245283017,1.83,0,False,32.913,0.0,70.9704,0.0,552.6349,0.6255,7,1.0,11.0,1.0,26.0,,
13919,25.9983,-80.0894,2015,2014-10-05,2015-10-05,Atlantic,,13.33,20.4,1.2,1.2,1.42,0.5343396226415096,1.61,0,False,14.827200000000001,0.0,39.9055,0.0,54.1051,4.803,6,1.0,10.0,1.0,25.0,,
13926,26.0062,-80.1127,2015,2014-10-05,2015-10-05,Atlantic,,17.95,5.9,0.92,0.92,1.12,0.48924528301886805,1.52,0,False,14.827200000000001,0.0,30.696,0.0,54.1051,4.803,6,1.0,10.0,1.0,25.0,,
13929,26.0095,-80.1012,2014,2013-09-25,2014-09-25,Atlantic,,14.44,9.2,1.12,1.12,1.12,0.5686792452830188,1.73,0,False,4.5106,0.0,21.669,0.0,175.7523,3.4386,4,1.0,11.0,1.0,24.0,,
13930,26.0097,-80.0878,2015,2014-10-02,2015-10-02,Atlantic,,13.04,15.6,0.91,0.91,1.28,0.5150943396226416,1.56,0,False,14.827200000000001,0.0,39.9055,0.0,54.1051,4.803,6,1.0,12.0,1.0,25.0,,
13942,26.0252,-80.0956,2015,2014-10-05,2015-10-05,Atlantic,,30.3,12.4,0.91,0.91,1.28,0.5150943396226416,1.56,0,False,14.827200000000001,0.0,38.3569,0.0,55.8709,6.5687999999999995,6,1.0,12.0,1.0,25.0,,
13943,26.026,-80.0943,2015,2014-10-05,2015-10-05,Atlantic,,18.1,16.8,0.91,0.91,1.28,0.5150943396226416,1.56,0,False,14.827200000000001,0.0,38.3569,0.0,55.8709,6.5687999999999995,6,1.0,12.0,1.0,25.0,,
13948,26.0291,-80.0883,2015,2014-10-06,2015-10-06,Atlantic,,15.15,15.2,0.91,0.91,1.28,0.5150943396226416,1.56,0,False,14.827200000000001,0.0,38.3569,0.0,55.8709,6.5687999999999995,6,1.0,12.0,1.0,25.0,,
13958,26.0439,-80.1019,2016,2015-09-13,2016-09-12,Atlantic,,22.81,6.2,0.0,0.0,0.92,0.7290566037735849,1.79,0,False,32.355,0.0,164.3455,0.0,545.416,0.9245999999999999,7,1.0,13.0,1.0,26.0,,
13960,26.0467,-80.0945,2015,2014-09-03,2015-09-03,Atlantic,,12.82,12.9,0.91,0.91,1.28,0.499433962264151,1.56,0,False,8.8232,0.0,32.866,0.0,50.7047,6.5687999999999995,4,1.0,12.0,1.0,25.0,,
13963,26.0518,-80.11,2015,2014-10-02,2015-10-02,Atlantic,,38.1,5.1,0.92,0.92,1.13,0.48000000000000004,1.51,0,False,14.4351,0.0,30.696,0.0,55.8709,6.5687999999999995,5,1.0,12.0,1.0,25.0,,
13965,26.0537,-80.0948,2014,2013-09-25,2014-09-25,Atlantic,,33.33,11.8,1.14,1.14,1.14,0.6064150943396228,1.75,0,False,2.2404,0.0,141.8224,0.0,175.7523,3.4386,4,1.0,11.0,1.0,24.0,,
13970,26.0591,-80.0528,2013,2012-10-03,2013-10-03,Atlantic,,20.0,17.4,0.0,0.0,0.0,0.18226415094339624,1.33,0,False,0.0,0.0,0.0,0.0,188.8804,184.36270000000002,0,1.0,10.0,1.0,23.0,,
13971,26.0594,-80.0987,2015,2014-10-02,2015-10-02,Atlantic,,13.33,9.9,0.76,0.76,1.14,0.5066037735849057,1.55,0,False,14.4351,0.0,38.3569,0.0,55.8709,6.5687999999999995,5,1.0,12.0,1.0,25.0,,
13974,26.061,-80.1028,2016,2015-09-13,2016-09-12,Atlantic,,15.56,7.0,0.0,0.0,0.92,0.7220754716981133,1.8,0,False,32.355,0.0,164.3455,0.0,545.416,0.9245999999999999,7,1.0,13.0,1.0,26.0,,
13975,26.0625,-80.054,2014,2013-10-07,2014-10-07,Atlantic,,11.11,14.8,1.14,1.14,1.14,0.6115094339622642,1.75,0,False,7.1173,0.0,147.6537,0.0,422.9046,249.463,7,1.0,11.0,1.0,24.0,,
13976,26.063,-80.0925,2015,2014-10-02,2015-10-02,Atlantic,,30.0,15.8,0.76,0.76,1.14,0.5066037735849057,1.55,0,False,14.4351,0.0,38.3569,0.0,226.25289999999998,176.9508,5,1.0,12.0,1.0,25.0,,
13977,26.0641,-80.0932,2013,2012-10-03,2013-10-03,Atlantic,,11.11,10.8,0.0,0.0,0.0,0.18226415094339624,1.33,0,False,0.0,0.0,0.0,0.0,188.8804,184.36270000000002,0,1.0,10.0,1.0,23.0,,
13979,26.0645,-80.0857,2014,2013-10-07,2014-10-07,Atlantic,,10.14,18.5,1.14,1.14,1.14,0.6115094339622642,1.75,0,False,2.2404,0.0,143.7231,0.0,422.9046,249.463,4,1.0,11.0,1.0,24.0,,
13984,26.0693,-80.0994,2015,2014-10-02,2015-10-02,Atlantic,,20.0,9.1,0.76,0.76,1.14,0.5066037735849057,1.55,0,False,14.4351,0.0,30.696,0.0,226.25289999999998,176.9508,5,1.0,12.0,1.0,25.0,,
13986,26.0696,-80.0972,2013,2012-10-03,2013-10-03,Atlantic,,14.81,11.0,0.0,0.0,0.0,0.18226415094339624,1.33,0,False,0.0,0.0,0.0,0.0,188.8804,184.36270000000002,0,1.0,10.0,1.0,23.0,,
13989,26.0714,-80.0961,2015,2014-09-04,2015-09-04,Atlantic,,33.33,7.4,0.76,0.76,1.14,0.49301886792452837,1.55,0,False,12.4449,0.0,34.6804,0.0,260.4291,216.29319999999998,6,1.0,12.0,1.0,25.0,,
13990,26.0734,-80.0929,2015,2014-09-03,2015-09-03,Atlantic,,18.52,12.1,0.76,0.76,1.14,0.4916981132075472,1.55,0,False,12.4449,0.0,34.6804,0.0,260.4291,216.29319999999998,6,1.0,12.0,1.0,25.0,,
13991,26.0745,-80.0926,2016,2015-09-13,2016-09-12,Atlantic,,23.53,12.2,0.0,0.0,0.76,0.7541509433962263,1.83,0,False,60.5667,0.0,173.9634,0.0,617.2177,72.7263,9,1.0,13.0,1.0,26.0,,
13996,26.0773,-80.1076,2016,2015-09-13,2016-09-12,Atlantic,,50.0,4.8,0.0,0.0,0.92,0.7220754716981133,1.8,0,False,60.5667,0.0,168.2534,0.0,617.2177,72.7263,9,1.0,13.0,1.0,26.0,,
13998,26.081,-80.0956,2016,2015-09-22,2016-09-21,Atlantic,,15.87,7.4,0.0,0.0,0.76,0.7571698113207549,1.83,0,False,60.5667,0.0,173.9634,0.0,617.2177,72.7263,9,1.0,13.0,1.0,26.0,,
14000,26.0815,-80.0978,2015,2014-09-03,2015-09-03,Atlantic,,10.26,8.0,0.76,0.76,1.14,0.4916981132075472,1.55,0,False,12.4449,0.0,34.6804,0.0,260.4291,216.29319999999998,6,1.0,12.0,1.0,25.0,,
14002,26.0829,-80.1034,2015,2014-09-03,2015-09-03,Atlantic,,44.93,4.0,0.92,0.92,1.13,0.4635849056603774,1.51,0,False,12.4449,0.0,26.9907,0.0,260.4291,216.29319999999998,6,1.0,12.0,1.0,25.0,,
14008,26.0882,-80.1012,2015,2014-09-02,2015-09-02,Atlantic,,39.58,5.6,0.92,0.92,1.13,0.4635849056603774,1.51,0,False,12.4449,0.0,26.9907,0.0,260.4291,216.29319999999998,6,1.0,12.0,1.0,25.0,,
14012,26.0917,-80.0955,2014,2013-09-25,2014-09-25,Atlantic,,23.81,8.1,1.14,1.14,1.14,0.6064150943396228,1.75,0,False,8.2886,0.0,141.50269999999998,0.0,456.1956,283.8819,6,1.0,11.0,1.0,24.0,,
14013,26.0966,-80.087,2013,2012-10-03,2013-10-03,Atlantic,,10.61,11.0,0.0,0.0,0.0,0.18226415094339624,1.33,0,False,0.0,0.0,0.0,0.0,188.8804,184.36270000000002,0,1.0,10.0,1.0,23.0,,
14014,26.0966,-80.091,2013,2012-10-03,2013-10-03,Atlantic,,7.69,12.2,0.0,0.0,0.0,0.18226415094339624,1.33,0,False,0.0,0.0,0.0,0.0,188.8804,184.36270000000002,0,1.0,10.0,1.0,23.0,,
14020,26.1025,-80.0974,2014,2013-10-07,2014-10-07,Atlantic,,31.88,5.8,1.15,1.15,1.15,0.6022641509433962,1.69,0,False,9.0061,0.0,138.0518,0.0,408.8896,249.463,7,1.0,11.0,1.0,24.0,,
14022,26.1043,-80.0894,2014,2013-10-07,2014-10-07,Atlantic,,5.56,14.3,1.15,1.15,1.15,0.6022641509433962,1.69,0,False,9.0061,0.0,147.32899999999998,0.0,408.8896,249.463,7,1.0,11.0,1.0,24.0,,
14023,26.108,-80.1034,2016,2015-09-22,2016-09-21,Atlantic,,12.12,4.2,0.0,0.0,0.76,0.720377358490566,1.8,0,False,60.5667,0.0,168.2534,0.0,606.0407,72.7263,9,1.0,13.0,1.0,26.0,,
14024,26.1099,-80.0996,2015,2014-09-11,2015-09-11,Atlantic,,20.0,3.8,0.75,0.75,1.15,0.490377358490566,1.56,0,False,12.4449,0.0,26.9907,0.0,264.8793,216.29319999999998,6,1.0,12.0,1.0,25.0,,
14031,26.1149,-80.0956,2015,2014-10-02,2015-10-02,Atlantic,,16.67,4.9,0.75,0.75,1.15,0.4966037735849056,1.56,0,False,18.0215,0.0,33.517,0.0,230.7031,176.9508,6,1.0,12.0,1.0,25.0,,
14032,26.1152,-80.0973,2016,2015-09-22,2016-09-21,Atlantic,,22.22,7.3,0.0,0.0,0.75,0.7516981132075472,1.83,0,False,60.5667,0.0,173.2019,0.0,606.0407,72.7263,9,1.0,13.0,1.0,26.0,,
14033,26.1152,-80.0804,2015,2014-10-02,2015-10-02,Atlantic,,5.98,22.2,0.75,0.75,1.15,0.4966037735849056,1.56,0,False,18.0215,0.0,41.1779,0.0,230.7031,176.9508,6,1.0,12.0,1.0,25.0,,
14036,26.1183,-80.0888,2013,2012-10-03,2013-10-03,Atlantic,,20.0,9.8,0.0,0.0,0.0,0.17396226415094343,1.3,0,False,0.0,0.0,0.0,0.0,186.756,184.36270000000002,0,1.0,10.0,1.0,23.0,,
14041,26.1225,-80.091,2015,2014-09-02,2015-09-02,Atlantic,,28.07,9.8,0.75,0.75,1.15,0.48226415094339625,1.56,0,False,12.4449,0.0,27.9973,0.0,266.98609999999996,218.4,6,1.0,12.0,1.0,25.0,,
14044,26.1271,-80.0897,2015,2014-09-02,2015-09-02,Atlantic,,27.27,12.8,0.75,0.75,1.15,0.48226415094339625,1.56,0,False,12.4449,0.0,27.9973,0.0,266.98609999999996,218.4,6,1.0,12.0,1.0,25.0,,
14047,26.137,-80.0944,2015,2014-09-02,2015-09-02,Atlantic,,15.56,6.4,0.75,0.75,1.15,0.48226415094339625,1.56,0,False,3.6217,0.0,30.9881,0.0,266.98609999999996,218.4,5,1.0,12.0,1.0,25.0,,
14048,26.1379,-80.0934,2015,2014-10-02,2015-10-02,Atlantic,,5.23,4.3,0.75,0.75,1.15,0.4966037735849056,1.56,0,False,3.5864000000000003,0.0,36.5078,0.0,232.8099,179.0576,5,1.0,12.0,1.0,25.0,,
14060,26.1479,-80.096,2015,2014-08-27,2015-08-27,Atlantic,,28.89,7.2,0.31,0.31,1.15,0.4860377358490567,1.56,0,False,3.6217,0.0,35.226,0.0,266.2774,216.4932,5,1.0,20.0,1.0,23.0,,
14061,26.1479,-80.0959,2015,2014-02-09,2015-02-09,Atlantic,,0.85,9.0,0.0,0.99,1.15,0.4071698113207547,1.69,0,False,7.3729,0.0,138.9631,0.0,207.83579999999998,55.652699999999996,6,1.0,20.0,1.0,23.0,,
14061,26.1479,-80.0959,2016,2015-02-02,2016-02-02,Atlantic,,1.96,9.8,0.0,0.44,0.75,0.7856603773584905,1.83,0,False,14.098400000000002,0.0,69.9441,0.0,267.3128,175.9345,6,1.0,21.0,1.0,24.0,,
14063,26.1483,-80.096,2015,2014-09-04,2015-09-04,Atlantic,,15.32,8.2,0.75,0.75,1.15,0.4830188679245284,1.56,0,False,3.6217,0.0,30.9881,0.0,266.98609999999996,218.4,5,1.0,20.0,1.0,23.0,,
14064,26.1486,-80.0951,2014,2013-10-07,2014-10-07,Atlantic,,17.83,10.4,1.15,1.15,1.15,0.6022641509433962,1.69,0,False,6.7657,0.0,144.73579999999998,0.0,426.0471,266.6205,5,1.0,19.0,1.0,22.0,,
14067,26.1494,-80.0894,2015,2014-08-27,2015-08-27,Atlantic,,19.25,7.6,0.31,0.31,1.15,0.4860377358490567,1.56,0,False,3.6217,0.0,35.226,0.0,266.2774,216.4932,5,1.0,20.0,1.0,23.0,,
14068,26.1494,-80.0894,2015,2014-02-09,2015-02-09,Atlantic,,2.71,8.6,0.0,0.99,1.15,0.4071698113207547,1.69,0,False,7.3729,0.0,138.9631,0.0,207.83579999999998,55.652699999999996,6,1.0,20.0,1.0,23.0,,
14068,26.1494,-80.0894,2016,2015-02-02,2016-02-02,Atlantic,,1.45,8.5,0.0,0.44,0.75,0.7856603773584905,1.83,0,False,14.098400000000002,0.0,69.9441,0.0,267.3128,175.9345,6,1.0,21.0,1.0,24.0,,
14069,26.1498,-80.0968,2015,2014-08-27,2015-08-27,Atlantic,,36.11,4.6,0.31,0.31,1.15,0.4860377358490567,1.56,0,False,3.6217,0.0,35.226,0.0,266.2774,216.4932,5,1.0,20.0,1.0,23.0,,
14070,26.1498,-80.0968,2015,2014-02-09,2015-02-09,Atlantic,,2.22,5.2,0.0,0.99,1.15,0.4071698113207547,1.69,0,False,7.3729,0.0,138.9631,0.0,207.83579999999998,55.652699999999996,6,1.0,20.0,1.0,23.0,,
14071,26.1539,-80.082,2014,2013-09-30,2014-09-30,Atlantic,,7.14,17.1,1.16,1.16,1.16,0.589433962264151,1.61,0,False,6.0482000000000005,0.0,143.9614,0.0,701.4754,543.1767,4,1.0,19.0,1.0,22.0,,
14074,26.1559,-80.0822,2015,2014-09-02,2015-09-02,Atlantic,,21.21,15.5,0.46,0.46,1.16,0.4743396226415094,1.56,0,False,3.6217,0.0,30.9881,0.0,295.5766,246.9905,5,1.0,20.0,1.0,23.0,,
14078,26.1586,-80.0773,2015,2014-02-09,2015-02-09,Atlantic,,1.8,16.8,0.0,0.99,1.16,0.399811320754717,1.61,0,False,7.3729,0.0,138.9631,0.0,288.1918,136.0087,6,1.0,20.0,1.0,23.0,,
14078,26.1586,-80.0773,2016,2015-02-02,2016-02-02,Atlantic,,20.51,18.1,0.0,0.15,0.46,0.779245283018868,1.82,0,False,14.098400000000002,0.0,72.5727,0.37429999999999997,277.6764,186.2981,6,1.0,21.0,1.0,24.0,,
14079,26.1586,-80.0774,2015,2014-09-02,2015-09-02,Atlantic,,11.11,17.8,0.46,0.46,1.16,0.4743396226415094,1.56,0,False,3.6217,0.0,33.6167,0.37429999999999997,295.5766,246.9905,5,1.0,20.0,1.0,23.0,,
14081,26.1594,-80.089,2014,2013-09-30,2014-09-30,Atlantic,,18.42,8.9,1.16,1.16,1.16,0.589433962264151,1.61,0,False,6.0482000000000005,0.0,143.9614,0.0,701.4754,543.1767,4,1.0,19.0,1.0,22.0,,
14084,26.1599,-80.0825,2015,2014-02-09,2015-02-09,Atlantic,,6.06,13.9,0.0,0.99,1.16,0.399811320754717,1.61,0,False,7.3729,0.0,138.9631,0.0,288.1918,136.0087,6,1.0,20.0,1.0,23.0,,
14084,26.1599,-80.0825,2016,2015-02-02,2016-02-02,Atlantic,,16.67,14.9,0.0,0.15,0.46,0.779245283018868,1.82,0,False,14.098400000000002,0.0,72.18220000000001,0.37429999999999997,277.6764,186.2981,6,1.0,21.0,1.0,24.0,,
14085,26.16,-80.0825,2015,2014-09-02,2015-09-02,Atlantic,,13.73,14.6,0.46,0.46,1.16,0.4743396226415094,1.56,0,False,3.6217,0.0,33.2262,0.37429999999999997,295.5766,246.9905,5,1.0,20.0,1.0,23.0,,
14086,26.1602,-80.083,2014,2013-09-30,2014-09-30,Atlantic,,0.0,14.1,1.16,1.16,1.16,0.589433962264151,1.61,0,False,6.0482000000000005,0.0,143.9614,0.0,701.4754,543.1767,4,1.0,19.0,1.0,22.0,,
14088,26.1627,-80.0822,2015,2014-10-02,2015-10-02,Atlantic,,14.81,14.4,0.46,0.46,1.16,0.4888679245283019,1.56,0,False,3.5864000000000003,0.0,38.7459,0.37429999999999997,243.1735,189.4212,5,1.0,20.0,1.0,20.0,,
14092,26.1696,-80.0936,2015,2014-10-12,2015-10-12,Atlantic,,50.0,5.3,0.46,0.46,1.16,0.4943396226415095,1.56,0,False,3.5864000000000003,0.0,38.7459,0.37429999999999997,243.1735,189.4212,5,1.0,20.0,1.0,20.0,,
14095,26.1758,-80.0873,2015,2014-10-12,2015-10-12,Atlantic,,5.56,6.6,0.46,0.46,1.16,0.4943396226415095,1.56,0,False,3.5864000000000003,0.0,38.3538,0.37429999999999997,243.1735,189.4212,5,1.0,20.0,1.0,20.0,,
14097,26.1774,-80.0919,2014,2013-09-22,2014-09-22,Atlantic,,60.61,4.6,1.16,1.16,1.16,0.5826415094339623,1.61,0,False,121.9763,0.0,141.6912,0.0,701.4754,543.1767,5,1.0,19.0,1.0,19.0,,
14101,26.1891,-80.0868,2016,2015-09-22,2016-09-21,Atlantic,,11.11,7.3,0.0,0.0,0.46,0.7464150943396227,1.82,0,False,121.5868,0.0,205.7279,0.0,621.7988,89.5363,11,1.0,21.0,1.0,21.0,,
14103,26.1909,-80.0848,2016,2015-09-22,2016-09-21,Atlantic,,2.78,7.4,0.0,0.0,0.46,0.7464150943396227,1.82,0,False,121.5868,0.0,205.7279,0.0,621.7988,89.5363,11,1.0,21.0,1.0,21.0,,
14104,26.1921,-80.0925,2015,2014-10-12,2015-10-12,Atlantic,,7.41,4.0,0.46,0.46,1.16,0.4943396226415095,1.56,0,False,3.5864000000000003,0.0,38.3538,0.37429999999999997,243.1735,189.4212,5,1.0,20.0,1.0,20.0,,
14108,26.1966,-80.0785,2015,2014-09-02,2015-09-02,Atlantic,,18.75,18.0,0.46,0.46,1.16,0.4743396226415094,1.56,0,False,3.6217,0.0,33.2246,0.37429999999999997,295.5766,246.9905,5,1.0,20.0,1.0,20.0,,
14117,26.2045,-80.0846,2014,2013-09-22,2014-09-22,Atlantic,,16.67,5.0,1.32,1.32,1.32,0.5764150943396227,1.62,0,False,121.9763,0.0,141.6912,0.0,699.6165,543.1767,5,1.0,19.0,1.0,19.0,,
14125,26.2117,-80.0856,2016,2015-09-22,2016-09-21,Atlantic,,7.41,4.6,0.0,0.0,0.46,0.738867924528302,1.8,0,False,121.5868,0.0,205.7279,0.0,316.8811,89.5363,11,1.0,21.0,1.0,21.0,,
14126,26.2126,-80.0776,2014,2013-09-22,2014-09-22,Atlantic,,15.05,15.0,1.32,1.32,1.32,0.5764150943396227,1.62,0,False,120.08749999999999,0.0,141.6912,0.0,699.6165,543.1767,5,1.0,19.0,1.0,19.0,,
14127,26.2128,-80.0899,2015,2014-09-11,2015-09-11,Atlantic,,19.05,4.0,0.46,0.46,1.32,0.4732075471698113,1.57,0,False,3.6217,0.0,33.2246,0.37429999999999997,295.5766,246.9905,5,1.0,20.0,1.0,20.0,,
14128,26.2155,-80.0808,2015,2014-10-12,2015-10-12,Atlantic,,19.61,11.6,0.46,0.46,1.32,0.48358490566037743,1.57,0,False,3.5864000000000003,0.0,38.7443,0.37429999999999997,243.3832,189.6309,5,1.0,20.0,1.0,20.0,,
14131,26.2191,-80.0768,2015,2014-10-12,2015-10-12,Atlantic,,29.63,15.6,0.46,0.46,1.32,0.48358490566037743,1.57,0,False,3.5864000000000003,0.0,38.7443,0.37429999999999997,243.3832,189.6309,5,1.0,20.0,1.0,20.0,,
14133,26.2209,-80.0733,2013,2012-10-08,2013-10-08,Atlantic,,0.0,20.7,0.0,0.0,0.0,0.14134615384615384,1.27,0,False,0.0,0.0,0.0,0.0,312.4227,312.4227,0,1.0,18.0,1.0,18.0,,
14138,26.2223,-80.0771,2016,2015-09-21,2016-09-20,Atlantic,,16.67,11.8,0.0,0.0,0.46,0.738867924528302,1.8,0,False,121.5868,0.0,205.7279,0.0,321.75079999999997,94.406,11,1.0,21.0,1.0,21.0,,
14139,26.2234,-80.0815,2016,2015-09-22,2016-09-21,Atlantic,,4.6,8.7,0.0,0.0,0.46,0.738867924528302,1.8,0,False,121.5868,0.0,205.7279,0.0,321.75079999999997,94.406,11,1.0,21.0,1.0,21.0,,
14141,26.2252,-80.0812,2014,2013-09-18,2014-09-18,Atlantic,,24.36,8.0,1.32,1.32,1.32,0.5764150943396227,1.62,0,False,120.08749999999999,0.0,141.6912,0.0,699.6165,543.1767,5,1.0,19.0,1.0,19.0,,
14144,26.2318,-80.0822,2015,2014-10-01,2015-10-01,Atlantic,,6.67,4.7,0.46,0.46,1.32,0.469433962264151,1.57,0,False,3.5864000000000003,0.0,38.7443,0.37429999999999997,243.3832,189.6309,5,1.0,20.0,1.0,20.0,,
14146,26.2333,-80.0754,2016,2015-09-21,2016-09-20,Atlantic,,17.39,13.6,0.0,0.0,0.46,0.738867924528302,1.8,0,False,121.5868,0.0,210.3531,0.0,321.75079999999997,94.406,11,1.0,21.0,1.0,21.0,,
14147,26.2415,-80.0664,2015,2014-10-07,2015-10-07,Atlantic,,24.51,19.2,0.46,0.46,1.32,0.479056603773585,1.57,0,False,0.0,0.0,43.173,4.803,243.3832,189.6309,0,1.0,20.0,1.0,20.0,,
14154,26.2504,-80.0653,2014,2013-09-18,2014-09-18,Atlantic,,12.31,15.8,1.32,1.32,1.32,0.5715094339622642,1.66,0,False,115.9281,0.0,140.03719999999998,3.4386,736.3255,579.8857,3,1.0,19.0,1.0,19.0,,
14158,26.2531,-80.0722,2014,2013-09-18,2014-09-18,Atlantic,,20.26,13.9,1.32,1.32,1.32,0.5715094339622642,1.66,0,False,115.9281,0.0,140.03719999999998,3.4386,736.3255,579.8857,3,1.0,19.0,1.0,19.0,,
14161,26.2606,-80.0764,2015,2014-10-07,2015-10-07,Atlantic,,13.33,8.0,0.46,0.46,1.32,0.47169811320754723,1.57,0,False,0.0,0.0,37.8616,6.5687999999999995,253.20669999999998,199.4544,0,1.0,20.0,1.0,20.0,,
14164,26.263,-80.0768,2014,2013-09-22,2014-09-22,Atlantic,,14.81,7.1,1.32,1.32,1.32,0.5715094339622642,1.66,0,False,115.9281,0.0,135.01409999999998,3.4386,736.3255,579.8857,3,1.0,19.0,1.0,19.0,,
14168,26.2904,-80.0746,2015,2014-09-11,2015-09-11,Atlantic,,16.67,6.1,0.46,0.46,1.32,0.46566037735849064,1.57,0,False,3.1569,0.0,23.4618,6.5687999999999995,305.6098,257.0237,1,1.0,20.0,1.0,20.0,,
14169,26.2939,-80.0687,2015,2014-09-11,2015-09-11,Atlantic,,9.14,10.9,0.46,0.46,1.32,0.46566037735849064,1.57,0,False,3.1569,0.0,23.4618,6.5687999999999995,305.6098,257.0237,1,1.0,20.0,1.0,20.0,,
14172,26.3011,-80.0609,2016,2015-02-02,2016-02-02,Atlantic,,9.09,18.1,0.0,0.3,0.61,0.7711320754716982,1.79,0,False,11.3157,0.0,38.533100000000005,5.1691,304.3321,220.52790000000002,2,1.0,21.0,1.0,21.0,,
14172,26.3011,-80.0609,2016,2015-08-24,2016-08-23,Atlantic,,0.0,16.8,0.0,0.0,0.61,0.7709433962264151,1.79,0,False,118.3254,0.0,171.48250000000002,1.2658999999999998,326.8879,106.7616,8,1.0,21.0,1.0,21.0,,
14173,26.3019,-80.0682,2016,2015-02-02,2016-02-02,Atlantic,,4.17,11.9,0.0,0.3,0.61,0.7711320754716982,1.79,0,False,11.3157,0.0,38.533100000000005,5.1691,280.1355,196.3313,2,1.0,21.0,1.0,21.0,,
14174,26.3028,-80.0678,2015,2014-09-11,2015-09-11,Atlantic,,25.93,12.8,0.61,0.61,1.47,0.46358490566037736,1.58,0,False,3.1569,0.0,23.4618,6.5687999999999995,329.8064,281.2203,1,1.0,20.0,1.0,20.0,,
14175,26.303,-80.0746,2015,2014-10-07,2015-10-07,Atlantic,,25.0,3.2,0.61,0.61,1.47,0.4703773584905661,1.58,0,False,3.1569,0.0,23.4265,6.5687999999999995,253.20669999999998,199.4544,1,1.0,20.0,1.0,20.0,,
14179,26.3079,-80.0655,2015,2014-10-07,2015-10-07,Atlantic,,17.86,21.0,0.61,0.61,1.47,0.4703773584905661,1.58,0,False,3.1569,0.0,23.4265,6.5687999999999995,277.4033,223.651,1,1.0,20.0,1.0,20.0,,
14186,26.3183,-80.0655,2015,2014-10-07,2015-10-07,Atlantic,,20.83,17.0,0.61,0.61,1.47,0.4703773584905661,1.58,0,False,3.1569,0.0,23.4265,6.5687999999999995,277.4033,223.651,1,1.0,20.0,1.0,20.0,,
14193,26.3516,-80.0552,2015,2014-10-07,2015-10-07,Atlantic,,21.57,18.6,0.62,0.62,1.46,0.4679245283018868,1.58,0,False,3.1569,0.0,200.3655,179.0576,277.4033,223.651,1,1.0,20.0,1.0,20.0,,
14197,26.363,-80.0616,2015,2014-10-07,2015-10-07,Atlantic,,23.33,11.2,0.62,0.62,1.46,0.4679245283018868,1.58,0,False,3.1569,0.0,194.3198,179.0576,275.8547,223.651,1,1.0,20.0,1.0,20.0,,
14201,26.389,-80.0538,2013,2012-10-08,2013-10-08,Atlantic,,3.13,16.8,0.0,0.0,0.0,0.12365384615384617,1.27,0,False,0.0,0.0,184.36270000000002,184.36270000000002,338.0563,338.0563,0,1.0,18.0,1.0,18.0,,
14203,26.4228,-80.0498,2016,2015-09-27,2016-09-26,Atlantic,,22.22,17.5,0.0,0.0,0.75,0.7343396226415093,1.8,0,False,34.6413,0.0,234.1865,89.5363,355.8697,125.6961,5,1.0,21.0,1.0,21.0,,
14209,26.4538,-80.0461,2015,2014-09-30,2015-09-30,Atlantic,,5.13,16.2,0.6,0.6,1.01,0.48037735849056606,1.56,0,False,1.7658,1.7658,258.2758,246.9905,337.8862,291.671,1,1.0,20.0,1.0,20.0,,
14219,26.523,-80.0341,2016,2015-10-04,2016-10-03,Atlantic,,12.96,18.0,0.0,0.0,0.3,0.700566037735849,1.75,0,False,7.1911000000000005,1.749,142.1897,104.7293,337.4399,127.0447,5,1.0,21.0,1.0,21.0,,
14223,26.5516,-80.0304,2015,2014-09-30,2015-09-30,Atlantic,,13.89,18.0,0.3,0.3,0.99,0.4722641509433963,1.49,0,False,6.5569999999999995,2.1068,261.8562,252.3853,316.3624,292.7876,3,1.0,20.0,1.0,20.0,,
14224,26.5594,-80.0283,2016,2015-10-04,2016-10-03,Atlantic,,5.56,17.2,0.0,0.0,0.3,0.6843396226415095,1.73,0,False,2.5659,1.749,147.021,107.21929999999999,337.4399,127.0447,3,1.0,21.0,1.0,21.0,,
14225,26.5688,-80.028,2015,2014-09-30,2015-09-30,Atlantic,,7.41,14.0,0.3,0.3,0.99,0.4722641509433963,1.49,0,False,6.5569999999999995,2.1068,259.61809999999997,252.011,316.3624,292.7876,3,1.0,20.0,1.0,20.0,,
14227,26.5706,-80.027,2016,2015-10-04,2016-10-03,Atlantic,,0.0,16.1,0.0,0.0,0.3,0.6843396226415095,1.73,0,False,2.5659,1.749,145.0188,107.21929999999999,337.4399,127.0447,3,1.0,21.0,1.0,21.0,,
14233,26.6419,-80.0208,2014,2013-09-22,2014-09-22,Atlantic,,0.0,16.9,0.98,0.98,0.98,0.5318867924528302,1.66,0,False,0.8486,0.0,305.456,281.484,760.6938,615.7827,1,1.0,19.0,1.0,19.0,,
14235,26.6508,-80.0206,2014,2013-09-22,2014-09-22,Atlantic,,6.45,14.6,0.97,0.97,0.97,0.5220754716981132,1.65,0,False,0.8486,0.0,305.456,281.484,760.6938,615.7827,1,1.0,19.0,1.0,19.0,,
14240,26.6675,-80.0316,2015,2014-09-21,2015-09-21,Atlantic,,0.0,4.9,0.29,0.29,0.97,0.45622641509433964,1.44,0,False,0.0,0.0,48.344,42.6688,305.9134,293.0126,0,1.0,20.0,1.0,20.0,,
14241,26.6746,-80.0186,2016,2015-10-01,2016-09-30,Atlantic,,0.0,16.3,0.0,0.0,0.29,0.6724528301886791,1.66,0,False,5.7524,4.8697,46.0043,35.1185,303.0502,127.0447,2,1.0,21.0,1.0,21.0,,
14242,26.6789,-80.0181,2013,2012-10-09,2013-10-09,Atlantic,,3.65,16.0,0.0,0.0,0.0,0.12886792452830192,1.13,0,False,0.0,0.0,153.402,153.402,346.3843,346.3843,0,1.0,18.0,1.0,18.0,,
14252,26.6894,-80.0195,2015,2014-09-21,2015-09-21,Atlantic,,9.52,15.2,0.29,0.29,0.97,0.45622641509433964,1.44,0,False,0.0,0.0,48.344,42.6688,305.5229,293.0126,0,1.0,20.0,1.0,20.0,,
14256,26.6986,-80.0304,2015,2014-09-21,2015-09-21,Atlantic,,7.41,3.1,0.29,0.29,0.97,0.45622641509433964,1.44,0,False,0.0,0.0,48.344,42.6688,303.7085,293.0126,0,1.0,20.0,1.0,20.0,,
14257,26.6988,-80.0308,2014,2013-09-22,2014-09-22,Atlantic,,5.13,6.2,0.97,0.97,0.97,0.5220754716981132,1.65,0,False,21.541900000000002,0.0,305.3322,281.7765,759.3711,615.7827,1,1.0,19.0,1.0,19.0,,
14258,26.6988,-80.0176,2016,2015-10-01,2016-09-30,Atlantic,,0.0,14.6,0.0,0.0,0.29,0.6724528301886791,1.66,0,False,9.701,7.3597,46.0043,35.1185,199.0851,127.0447,3,1.0,21.0,1.0,21.0,,
14259,26.701,-80.0171,2015,2014-09-21,2015-09-21,Atlantic,,9.52,15.7,0.0,0.0,1.11,0.4477358490566038,1.45,0,False,0.0,0.0,48.344,42.6688,303.7085,293.0126,0,1.0,20.0,1.0,20.0,,
14263,26.7056,-80.0165,2015,2014-09-21,2015-09-21,Atlantic,,0.0,17.0,0.0,0.0,1.11,0.4477358490566038,1.45,0,False,0.0,0.0,48.344,42.6688,303.7085,293.0126,0,1.0,20.0,1.0,20.0,,
14269,26.7103,-80.0299,2016,2015-10-01,2016-09-30,Atlantic,,7.41,3.4,0.0,0.0,0.0,0.6669811320754717,1.62,0,False,4.8313,2.49,30.9433,20.0575,199.0851,127.0447,2,1.0,21.0,1.0,21.0,,
14272,26.7134,-80.029,2014,2013-09-22,2014-09-22,Atlantic,,22.81,6.7,1.11,1.11,1.11,0.5132075471698114,1.6,0,False,21.541900000000002,0.0,63.194900000000004,39.6392,644.4773,615.7827,1,1.0,19.0,1.0,19.0,,
14274,26.7162,-80.0292,2013,2012-10-09,2013-10-09,Atlantic,,0.0,7.6,0.0,0.0,0.0,0.12056603773584905,1.09,0,False,0.0,0.0,33.961600000000004,33.961600000000004,346.3843,346.3843,0,1.0,18.0,1.0,18.0,,
14275,26.7164,-80.0188,2013,2012-10-09,2013-10-09,Atlantic,,2.15,14.3,0.0,0.0,0.0,0.12056603773584905,1.09,0,False,0.0,0.0,161.73,161.73,346.3843,346.3843,0,1.0,18.0,1.0,18.0,,
14277,26.72,-80.0311,2014,2013-09-22,2014-09-22,Atlantic,,2.56,3.4,1.11,1.11,1.11,0.5132075471698114,1.6,0,False,21.541900000000002,0.0,63.194900000000004,39.6392,668.8989,615.7827,1,1.0,19.0,1.0,19.0,,
14284,26.727,-80.0321,2014,2013-09-22,2014-09-22,Atlantic,,20.83,4.2,1.11,1.11,1.11,0.5132075471698114,1.6,0,False,21.541900000000002,0.0,63.6449,39.6392,668.8989,615.7827,1,1.0,19.0,1.0,19.0,,
14286,26.7363,-80.0188,2013,2012-10-09,2013-10-09,Atlantic,,11.11,19.8,0.0,0.0,0.0,0.12056603773584905,1.09,0,False,0.0,0.0,33.961600000000004,33.961600000000004,346.3843,346.3843,0,1.0,18.0,1.0,18.0,,
14293,27.1057,-80.1206,2015,2014-09-10,2015-09-10,Atlantic,,13.33,7.3,0.15,0.15,0.48,0.27792452830188685,1.49,0,False,0.0,0.0,2.0327,2.0327,23.919,22.694000000000003,0,1.0,3.0,1.0,20.0,,
14294,27.1058,-80.1282,2016,2015-09-17,2016-09-16,Atlantic,,19.44,7.6,0.0,0.0,0.15,0.5458490566037737,1.82,0,False,1.4343,0.0,22.9336,1.6472,49.1763,11.754100000000001,2,1.0,4.0,1.0,21.0,,
14298,27.1082,-80.1233,2014,2013-10-21,2014-10-21,Atlantic,,19.05,3.6,0.48,0.48,0.48,0.3060377358490566,1.38,0,False,26.364200000000004,0.0,40.044900000000005,10.1905,63.668400000000005,13.1207,1,1.0,2.0,1.0,19.0,,
14301,27.1118,-80.1231,2015,2014-09-10,2015-09-10,Atlantic,,0.0,5.5,0.15,0.15,0.48,0.27792452830188685,1.49,0,False,0.0,0.0,2.0327,2.0327,23.919,22.694000000000003,0,1.0,3.0,1.0,20.0,,
14308,27.1148,-80.1359,2016,2015-09-16,2016-09-15,Atlantic,,16.67,4.0,0.0,0.0,0.15,0.5458490566037737,1.82,0,False,0.0,0.0,3.9503,0.2986,52.4257,15.003499999999999,0,1.0,4.0,1.0,21.0,,
14309,27.1157,-80.1288,2016,2015-09-17,2016-09-16,Atlantic,,0.0,6.4,0.0,0.0,0.15,0.5458490566037737,1.82,0,False,0.0,0.0,3.9503,0.2986,52.4257,15.003499999999999,0,1.0,4.0,1.0,21.0,,
14313,27.1239,-80.1368,2016,2015-09-17,2016-09-16,Atlantic,,28.57,5.9,0.0,0.0,0.15,0.5458490566037737,1.82,0,False,0.0,0.0,3.9503,0.2986,52.4257,15.003499999999999,0,1.0,4.0,1.0,21.0,,
14314,27.1263,-80.1366,2015,2014-09-11,2015-09-11,Atlantic,,5.8,4.9,0.15,0.15,0.48,0.29037735849056606,1.49,0,False,0.0,0.0,1.3497,1.3497,23.919,22.694000000000003,0,1.0,3.0,1.0,20.0,,
14316,27.1317,-80.134,2014,2013-10-21,2014-10-21,Atlantic,,20.29,3.7,0.48,0.48,0.48,0.3060377358490566,1.38,0,False,26.0895,0.0,37.713800000000006,7.8594,61.0307,10.483,1,1.0,2.0,1.0,19.0,,
14319,27.1326,-80.1324,2015,2014-09-10,2015-09-10,Atlantic,,20.51,4.2,0.15,0.15,0.48,0.27792452830188685,1.49,0,False,0.0,0.0,1.3497,1.3497,23.919,22.694000000000003,0,1.0,3.0,1.0,20.0,,
14321,27.1419,-80.1357,2016,2015-06-16,2016-06-15,Atlantic,,14.58,6.9,0.0,0.0,0.15,0.6028301886792453,1.82,0,False,0.0,0.0,1.7749,0.0,42.231,9.778500000000001,0,1.0,4.0,1.0,21.0,,
14322,27.1426,-80.1369,2015,2014-09-11,2015-09-11,Atlantic,,18.52,4.2,0.15,0.15,0.48,0.29037735849056606,1.49,0,False,0.0,0.0,1.3497,1.3497,23.919,22.694000000000003,0,1.0,3.0,1.0,20.0,,
14323,27.1518,-80.1422,2016,2015-09-17,2016-09-16,Atlantic,,0.0,2.8,0.0,0.0,0.15,0.5615094339622642,1.88,0,False,0.0,0.0,3.9503,0.2986,52.4257,15.003499999999999,0,1.0,4.0,1.0,13.0,,
14324,27.1784,-80.1538,2015,2014-09-11,2015-09-11,Atlantic,,0.0,3.8,0.0,0.0,0.48,0.15433962264150944,1.42,0,False,0.6911,0.6911,0.9161,0.9161,23.919,22.694000000000003,1,1.0,3.0,1.0,9.0,,
15437,-8.676,115.5302,2019,2018-03-28,2019-03-28,Indian,3.9074999999999998,11.625,7.0,0.31,0.31,3.13,0.6692452830188679,1.37,0,False,0.0,0.0,8.2847,0.0,39.5864,0.0,0,,,,,0.0,1.0
15437,-8.676,115.5302,2019,2018-06-02,2019-06-02,Indian,13.44,1.25,10.0,4.16,4.16,4.16,0.686603773584906,1.52,7,False,0.0,0.0,8.0136,0.0,39.3711,0.0,0,,,,,0.0,1.0
15437,-8.676,115.5302,2019,2018-08-27,2019-08-27,Indian,15.625,0.0,7.0,0.0,3.86,4.16,0.5616981132075473,1.52,7,False,0.0,0.0,2.0529,0.0,36.0017,0.0,0,,,,,0.0,1.0
15438,-8.6759,115.4395,2017,2016-10-10,2017-10-10,Indian,15.0,0.0,9.0,0.0,0.76,3.78,0.7894339622641509,2.03,0,False,0.0,0.0,11.934,0.0,15.677,0.0,0,,,,,0.0,2.0
15439,-8.6759,115.5331,2019,2018-10-25,2019-10-25,Indian,8.44,2.25,8.0,0.0,0.0,4.16,0.4639622641509433,1.52,7,False,0.0,0.0,2.2590000000000003,0.0,31.1748,0.0,0,,,,,0.0,1.0
15440,-8.6751,115.5145,2019,2018-08-30,2019-08-30,Indian,12.81,0.75,6.5,0.0,3.86,4.16,0.5475471698113208,1.52,7,False,0.0,0.0,2.0529,0.0,36.0017,0.0,0,,,,,0.0,1.0
15441,-8.6718,115.5031,2019,2018-10-26,2019-10-26,Indian,11.879999999999999,0.52,7.0,0.0,0.0,4.16,0.4639622641509433,1.52,7,False,0.0,0.0,2.2590000000000003,0.0,31.1748,0.0,0,,,,,0.0,1.0
15442,-8.6646,115.468,2019,2018-10-26,2019-10-26,Indian,28.119999999999997,0.75,6.0,0.0,0.0,4.55,0.4613207547169812,1.57,7,False,0.0,0.0,12.1576,0.0,31.3917,0.0,0,,,,,0.0,1.0
15443,-8.5601,119.6344,2020,2019-03-18,2020-03-17,Pacific,28.44,0.0,10.0,4.5,4.5,4.5,0.5290566037735849,1.43,7,False,0.0,0.0,0.0,0.0,0.0,0.0,0,,,,,2.0,4.0
15444,-8.5444,119.6462,2020,2019-03-17,2020-03-16,Pacific,8.75,0.0,9.0,5.3500000000000005,5.49,5.49,0.5673584905660377,1.59,14,False,0.0,0.0,0.0,0.0,0.0,0.0,0,,,,,4.0,4.0
15444,-8.5444,119.6462,2020,2019-03-18,2020-03-17,Pacific,4.375,0.0,9.0,5.3500000000000005,5.49,5.49,0.5673584905660377,1.59,14,False,0.0,0.0,0.0,0.0,0.0,0.0,0,,,,,4.0,4.0
15444,-8.5444,119.6462,2020,2019-08-16,2020-08-15,Pacific,1.87,0.0,12.3,1.32,5.18,5.49,0.8386792452830191,1.59,21,False,0.0,0.0,0.0,0.0,0.0,0.0,0,,,,,4.0,4.0
15445,-8.5326,119.6438,2020,2019-03-17,2020-03-16,Pacific,38.435,0.0,9.0,5.3500000000000005,5.49,5.49,0.5673584905660377,1.59,14,False,0.0,0.0,0.0,0.0,0.0,0.0,0,,,,,4.0,4.0
15445,-8.5326,119.6438,2020,2019-03-18,2020-03-17,Pacific,36.25,5.0,9.0,5.3500000000000005,5.49,5.49,0.5673584905660377,1.59,14,False,0.0,0.0,0.0,0.0,0.0,0.0,0,,,,,4.0,4.0
15445,-8.5326,119.6438,2020,2019-08-16,2020-08-15,Pacific,34.685,2.5,10.0,1.32,5.18,5.49,0.8386792452830191,1.59,21,False,0.0,0.0,0.0,0.0,0.0,0.0,0,,,,,4.0,4.0
15446,-8.3651,116.0844,2019,2018-05-28,2019-05-28,Pacific,23.439999999999998,,5.6,2.07,2.07,2.07,0.49999999999999994,1.46,0,False,0.0,0.0,0.0,0.0,0.0,0.0,0,,,,,0.0,0.0
15446,-8.3651,116.0844,2019,2018-08-06,2019-08-06,Pacific,31.565,0.0,6.5,0.45,2.07,2.07,0.4250943396226415,1.46,0,False,0.0,0.0,0.0,0.0,0.0,0.0,0,,,,,0.0,0.0
15446,-8.3651,116.0844,2019,2018-09-26,2019-09-26,Pacific,24.685,0.0,7.3,0.0,1.7,2.07,0.28943396226415097,1.46,0,False,0.0,0.0,0.0,0.0,0.0,0.0,0,,,,,0.0,0.0
15446,-8.3651,116.0844,2020,2019-01-04,2020-01-04,Pacific,23.125,0.0,7.1,4.45,4.45,4.45,0.34509433962264147,1.89,0,False,0.0,0.0,0.0,0.0,0.0,0.0,0,,,,,0.0,0.0
15447,-8.3648,115.7007,2018,2017-05-11,2018-05-11,Pacific,15.940000000000001,0.0,6.0,1.91,1.91,1.91,0.44905660377358486,1.16,0,False,0.0,0.0,0.0,0.0,0.0,0.0,0,,,,,1.0,2.0
15448,-8.3598,116.1316,2017,2016-03-14,2017-03-14,Pacific,14.215,0.0,5.0,2.09,3.0,12.91,1.0111320754716984,1.89,56,False,0.0,0.0,0.0,0.0,0.0,0.0,0,,,,,1.0,1.0
15448,-8.3598,116.1316,2017,2016-06-29,2017-06-29,Pacific,11.405000000000001,0.0,5.5,1.79,1.79,8.94,0.8067924528301887,1.88,0,False,0.0,0.0,0.0,0.0,0.0,0.0,0,,,,,1.0,1.0
15448,-8.3598,116.1316,2018,2017-02-07,2018-02-07,Pacific,18.5925,0.0,5.5,0.75,0.75,2.09,0.5352830188679245,1.52,0,False,0.0,0.0,0.0,0.0,0.0,0.0,0,,,,,1.0,1.0
15448,-8.3598,116.1316,2019,2018-03-21,2019-03-21,Pacific,6.7175,0.0,5.5,0.0,0.0,1.97,0.47566037735849054,1.48,0,False,0.0,0.0,0.0,0.0,0.0,0.0,0,,,,,0.0,0.0
15449,-8.3514,116.0883,2019,2018-05-08,2019-05-08,Pacific,2.5,1.5,5.7,2.07,2.07,2.07,0.4918867924528301,1.46,0,False,0.0,0.0,0.0,0.0,0.0,0.0,0,,,,,0.0,0.0
15449,-8.3514,116.0883,2019,2018-07-09,2019-07-09,Pacific,13.75,12.5,4.3,2.07,2.07,2.07,0.4775471698113207,1.46,0,False,0.0,0.0,0.0,0.0,0.0,0.0,0,,,,,0.0,0.0
15449,-8.3514,116.0883,2019,2018-10-31,2019-10-31,Pacific,6.869999999999999,4.75,4.6,0.0,0.0,2.07,0.24924528301886797,1.46,0,False,0.0,0.0,0.0,0.0,0.0,0.0,0,,,,,0.0,0.0
15450,-8.3507,116.0882,2019,2018-07-30,2019-07-30,Pacific,15.620000000000001,2.75,6.0,1.7,2.07,2.07,0.4379245283018867,1.46,0,False,0.0,0.0,0.0,0.0,0.0,0.0,0,,,,,0.0,0.0
15451,-8.3505,116.0884,2019,2018-01-06,2019-01-06,Pacific,2.19,0.25,4.0,0.0,0.0,1.96,0.3947169811320755,1.3,0,False,0.0,0.0,0.0,0.0,0.0,0.0,0,,,,,0.0,0.0
15452,-8.3503,115.6841,2018,2017-11-05,2018-11-05,Pacific,14.375,0.0,5.0,0.0,0.0,1.77,0.3820754716981133,1.19,0,False,0.0,0.0,0.0,0.0,0.0,0.0,0,,,,,1.0,2.0
15453,-8.349,116.0439,2019,2018-05-28,2019-05-28,Pacific,2.3425000000000002,0.0,4.0,2.73,2.73,2.73,0.5184905660377357,1.48,0,False,0.0,0.0,0.0,0.0,0.0,0.0,0,,,,,0.0,0.0
15454,-8.3478,116.0503,2019,2018-01-07,2019-01-07,Pacific,13.44,2.75,3.7,0.0,0.0,2.13,0.3913207547169813,1.29,0,False,0.0,0.0,0.0,0.0,0.0,0.0,0,,,,,0.0,0.0
15455,-8.3478,116.085,2019,2018-09-04,2019-09-04,Pacific,13.44,4.25,4.1,0.0,2.42,2.42,0.3373584905660377,1.5,0,False,0.0,0.0,0.0,0.0,0.0,0.0,0,,,,,0.0,0.0
15456,-8.3473,116.0503,2019,2018-05-16,2019-05-16,Pacific,7.185,,3.5,2.42,2.42,2.42,0.49245283018867925,1.5,0,False,0.0,0.0,0.0,0.0,0.0,0.0,0,,,,,0.0,0.0
15456,-8.3473,116.0503,2019,2018-07-03,2019-07-03,Pacific,8.125,1.5,4.0,2.42,2.42,2.42,0.47433962264150936,1.5,0,False,0.0,0.0,0.0,0.0,0.0,0.0,0,,,,,0.0,0.0
15456,-8.3473,116.0503,2019,2018-08-15,2019-08-15,Pacific,2.5,0.0,6.5,0.29,2.42,2.42,0.3864150943396226,1.5,0,False,0.0,0.0,0.0,0.0,0.0,0.0,0,,,,,0.0,0.0
15456,-8.3473,116.0503,2019,2018-09-12,2019-09-12,Pacific,9.375,0.0,8.0,0.0,2.42,2.42,0.31905660377358486,1.5,0,False,0.0,0.0,0.0,0.0,0.0,0.0,0,,,,,0.0,0.0
15456,-8.3473,116.0503,2019,2018-10-16,2019-10-16,Pacific,6.5649999999999995,0.0,8.0,0.0,0.0,2.42,0.25169811320754715,1.5,0,False,0.0,0.0,0.0,0.0,0.0,0.0,0,,,,,0.0,0.0
15456,-8.3473,116.0503,2019,2018-11-28,2019-11-28,Pacific,0.935,0.0,8.6,0.0,0.0,2.42,0.2462264150943396,1.5,0,False,0.0,0.0,0.0,0.0,0.0,0.0,0,,,,,0.0,0.0
15457,-8.3445,116.0629,2019,2018-05-29,2019-05-29,Pacific,19.064999999999998,,7.8,2.42,2.42,2.42,0.5018867924528303,1.5,0,False,0.0,0.0,0.0,0.0,0.0,0.0,0,,,,,0.0,0.0
15457,-8.3445,116.0629,2019,2018-07-24,2019-07-24,Pacific,18.130000000000003,0.5,4.8,2.42,2.42,2.42,0.43679245283018864,1.5,0,False,0.0,0.0,0.0,0.0,0.0,0.0,0,,,,,0.0,0.0
15457,-8.3445,116.0629,2019,2018-09-03,2019-09-03,Pacific,17.81,0.0,11.0,0.0,2.42,2.42,0.35603773584905657,1.5,0,False,0.0,0.0,0.0,0.0,0.0,0.0,0,,,,,0.0,0.0
15457,-8.3445,116.0629,2019,2018-10-08,2019-10-08,Pacific,26.869999999999997,1.5,11.0,0.0,0.29,2.42,0.2698113207547169,1.5,0,False,0.0,0.0,0.0,0.0,0.0,0.0,0,,,,,0.0,0.0
15457,-8.3445,116.0629,2019,2018-11-05,2019-11-05,Pacific,25.630000000000003,0.0,12.0,0.0,0.0,2.42,0.2462264150943396,1.5,0,False,0.0,0.0,0.0,0.0,0.0,0.0,0,,,,,0.0,0.0
15457,-8.3445,116.0629,2020,2019-02-04,2020-02-04,Pacific,14.06,7.0,7.0,5.58,5.58,5.58,0.43981132075471696,1.98,14,False,0.0,0.0,0.0,0.0,0.0,0.0,0,,,,,0.0,0.0
15458,-8.3439,116.0504,2020,2019-02-13,2020-02-13,Pacific,20.0,5.0,6.6,5.75,5.75,5.75,0.48169811320754713,1.98,14,False,0.0,0.0,0.0,0.0,0.0,0.0,0,,,,,0.0,0.0
15459,-8.343,116.0252,2019,2018-01-07,2019-01-07,Pacific,2.185,0.0,7.5,0.0,0.0,1.99,0.40773584905660376,1.28,0,False,0.0,0.0,0.0,0.0,0.0,0.0,0,,,,,0.0,1.0
15460,-8.3426,116.0621,2018,2017-09-13,2018-09-13,Pacific,14.5275,40.0,6.5,0.0,2.13,2.13,0.42698113207547167,1.29,0,False,0.0,0.0,0.0,0.0,0.0,0.0,0,,,,,1.0,1.0
15461,-8.3403,116.0275,2019,2018-10-01,2019-10-01,Pacific,21.56,0.0,11.5,0.0,1.03,2.73,0.30264150943396223,1.48,0,False,0.0,0.0,0.0,0.0,0.0,0.0,0,,,,,0.0,1.0
15461,-8.3403,116.0275,2019,2018-11-07,2019-11-07,Pacific,3.125,3.75,9.0,0.0,0.0,2.73,0.2543396226415094,1.48,0,False,0.0,0.0,0.0,0.0,0.0,0.0,0,,,,,0.0,1.0
15462,-8.3403,116.0286,2019,2018-06-25,2019-06-25,Pacific,5.0,0.0,7.0,2.73,2.73,2.73,0.5037735849056604,1.48,0,False,0.0,0.0,0.0,0.0,0.0,0.0,0,,,,,0.0,1.0
15462,-8.3403,116.0286,2019,2018-07-30,2019-07-30,Pacific,14.065,0.0,9.0,2.33,2.73,2.73,0.4545283018867924,1.48,0,False,0.0,0.0,0.0,0.0,0.0,0.0,0,,,,,0.0,1.0
15463,-8.3372,116.0381,2019,2018-05-07,2019-05-07,Pacific,20.625,4.0,6.8,2.73,2.73,2.73,0.5115094339622642,1.48,0,False,0.0,0.0,0.0,0.0,0.0,0.0,0,,,,,0.0,1.0
15476,-18.4461,178.0563,2018,2017-08-01,2018-08-01,Pacific,9.685,0.0,6.0,0.0,0.44,0.91,0.6349056603773585,1.22,0,False,1.8938000000000001,0.0,261.205,0.0,3599.8237,0.0,2,,,,,0.0,1.0
15477,-18.4397,178.1118,2018,2017-08-08,2018-08-08,Pacific,15.620000000000001,0.0,5.0,0.0,0.45,1.36,0.6396226415094339,1.26,0,False,1.8938000000000001,0.0,209.4356,0.0,10069.5636,0.0,2,,,,,0.0,1.0
15478,-18.4212,178.1271,2018,2017-07-16,2018-07-16,Pacific,8.75,0.0,10.0,0.0,1.36,1.36,0.6473584905660377,1.26,0,False,18.7277,0.0,618.2979,0.0,9615.7522,0.0,7,,,,,0.0,1.0
15478,-18.4212,178.1271,2018,2017-09-08,2018-09-08,Pacific,19.06,0.0,6.0,0.0,0.16,1.36,0.629433962264151,1.26,0,False,15.7645,0.0,573.8365,0.0,11026.1622,0.0,7,,,,,0.0,1.0
15479,-18.4135,178.0646,2018,2017-07-20,2018-07-20,Pacific,8.44,0.0,6.0,0.0,0.91,0.91,0.6360377358490567,1.22,0,False,3.8683,0.0,236.2736,0.0,3630.3815,0.0,4,,,,,0.0,1.0
15479,-18.4135,178.0646,2018,2017-07-26,2018-07-26,Pacific,6.25,10.0,10.0,0.0,0.75,0.91,0.6339622641509435,1.22,0,False,3.8683,0.0,236.2736,0.0,3630.3815,0.0,4,,,,,0.0,1.0
15479,-18.4135,178.0646,2018,2017-08-17,2018-08-17,Pacific,9.06,2.5,5.0,0.0,0.44,0.91,0.6224528301886793,1.22,0,False,2.9595000000000002,0.0,221.1734,0.0,3556.0788000000002,0.0,4,,,,,0.0,1.0
15479,-18.4135,178.0646,2018,2017-09-13,2018-09-13,Pacific,11.56,1.25,8.0,0.0,0.0,0.91,0.610754716981132,1.22,0,False,2.3851,0.0,198.5726,0.0,3603.9801,0.0,3,,,,,0.0,1.0
15480,-18.4069,178.0658,2018,2017-07-11,2018-07-11,Pacific,14.375,8.75,11.0,0.16,0.91,0.91,0.6315094339622641,1.22,0,False,1.0657,0.0,208.386,0.0,9330.503,0.0,2,,,,,0.0,1.0
15480,-18.4069,178.0658,2018,2017-08-22,2018-08-22,Pacific,15.0,0.0,10.5,0.0,0.44,0.91,0.620943396226415,1.22,0,False,1.0657,0.0,194.1102,0.0,9870.029,0.0,2,,,,,0.0,1.0
15481,-18.4063,178.1091,2018,2017-06-20,2018-06-20,Pacific,14.370000000000001,0.0,2.0,0.45,1.36,1.36,0.6598113207547169,1.26,0,False,9.4276,0.0,290.5876,0.0,9080.8922,0.0,7,,,,,0.0,1.0
15481,-18.4063,178.1091,2018,2017-07-05,2018-07-05,Pacific,7.185,0.0,11.0,0.16,1.36,1.36,0.6532075471698112,1.26,0,False,19.7934,0.0,273.2137,0.0,9617.153,0.0,7,,,,,0.0,1.0
15481,-18.4063,178.1091,2018,2017-07-19,2018-07-19,Pacific,8.44,0.0,11.0,0.0,1.36,1.36,0.650377358490566,1.26,0,False,19.7934,0.0,273.2137,0.0,9617.153,0.0,7,,,,,0.0,1.0
15481,-18.4063,178.1091,2018,2017-08-15,2018-08-15,Pacific,9.375,0.0,11.0,0.0,0.45,1.36,0.6383018867924528,1.26,0,False,17.587699999999998,0.0,249.2402,0.0,10106.7777,0.0,7,,,,,0.0,1.0
15481,-18.4063,178.1091,2018,2017-09-12,2018-09-12,Pacific,15.0,0.0,2.0,0.0,0.0,1.36,0.6266037735849057,1.26,0,False,16.2558,0.0,214.4467,0.0,11020.3202,0.0,7,,,,,0.0,1.0
15482,-18.406,178.1088,2018,2017-06-11,2018-06-11,Pacific,10.0,6.0,11.0,0.45,1.36,1.36,0.671509433962264,1.34,0,False,9.4276,0.0,290.5876,0.0,9080.8922,0.0,7,,,,,0.0,1.0
15483,-18.4029,178.0995,2018,2017-05-25,2018-05-25,Pacific,8.125,0.25,6.0,0.75,0.91,0.91,0.6903773584905659,1.42,0,False,8.6799,0.0,317.1154,0.0,7997.522,0.0,6,,,,,0.0,1.0
15483,-18.4029,178.0995,2018,2017-06-25,2018-06-25,Pacific,7.5,2.5,5.0,0.44,0.91,0.91,0.6466037735849056,1.22,0,False,9.4276,0.0,290.5876,0.0,8930.4983,0.0,7,,,,,0.0,1.0
15483,-18.4029,178.0995,2018,2017-07-08,2018-07-08,Pacific,14.379999999999999,2.5,11.0,0.16,0.91,0.91,0.6377358490566037,1.22,0,False,19.7934,0.0,273.2137,0.0,9473.6855,0.0,7,,,,,0.0,1.0
15483,-18.4029,178.0995,2018,2017-07-17,2018-07-17,Pacific,9.375,0.0,11.0,0.0,0.91,0.91,0.6360377358490567,1.22,0,False,19.7934,0.0,273.2137,0.0,9473.6855,0.0,7,,,,,0.0,1.0
15483,-18.4029,178.0995,2018,2017-08-27,2018-08-27,Pacific,12.815,0.0,6.0,0.0,0.44,0.91,0.620943396226415,1.22,0,False,17.587699999999998,0.0,249.2402,0.0,10014.7859,0.0,7,,,,,0.0,1.0
15483,-18.4029,178.0995,2018,2017-08-29,2018-08-29,Pacific,10.625,0.0,10.0,0.0,0.44,0.91,0.6147169811320754,1.22,0,False,17.587699999999998,0.0,249.2402,0.0,10014.7859,0.0,7,,,,,0.0,1.0
15484,-18.4021,178.1028,2018,2017-05-19,2018-05-19,Pacific,8.75,0.0,6.0,1.36,1.36,1.36,0.7169811320754716,1.4,0,False,8.6799,0.0,317.1154,0.0,8019.0995,0.0,6,,,,,0.0,1.0
15484,-18.4021,178.1028,2018,2017-07-10,2018-07-10,Pacific,15.94,1.25,6.0,0.16,1.36,1.36,0.6473584905660377,1.26,0,False,19.7934,0.0,273.2137,0.0,9487.4087,0.0,7,,,,,0.0,1.0
15484,-18.4021,178.1028,2018,2017-08-13,2018-08-13,Pacific,17.81,0.0,5.5,0.0,0.45,1.36,0.6396226415094339,1.26,0,False,17.587699999999998,0.0,249.2402,0.0,9991.5394,0.0,7,,,,,0.0,1.0
15484,-18.4021,178.1028,2018,2017-08-27,2018-08-27,Pacific,13.125,1.25,11.0,0.0,0.45,1.36,0.6375471698113208,1.26,0,False,17.587699999999998,0.0,249.2402,0.0,9991.5394,0.0,7,,,,,0.0,1.0
15484,-18.4021,178.1028,2018,2017-09-12,2018-09-12,Pacific,7.815,2.5,12.0,0.0,0.0,1.36,0.6266037735849057,1.26,0,False,16.2558,0.0,214.4467,0.0,10936.2255,0.0,7,,,,,0.0,1.0
15485,-18.4019,178.0652,2018,2017-06-06,2018-06-06,Pacific,19.06,26.25,6.0,0.44,0.91,0.91,0.6581132075471698,1.33,0,False,1.0657,0.0,219.4313,0.0,8786.5875,0.0,2,,,,,0.0,1.0
15485,-18.4019,178.0652,2018,2017-07-18,2018-07-18,Pacific,11.875,0.0,11.0,0.0,0.91,0.91,0.6360377358490567,1.22,0,False,1.0657,0.0,208.386,0.0,9330.503,0.0,2,,,,,0.0,1.0
15485,-18.4019,178.0652,2018,2017-07-24,2018-07-24,Pacific,12.5,2.5,6.0,0.0,0.75,0.91,0.6339622641509435,1.22,0,False,1.0657,0.0,208.386,0.0,9330.503,0.0,2,,,,,0.0,1.0
15488,-17.9912,179.2103,2019,2018-02-19,2019-02-19,Pacific,9.165,0.0,7.0,0.45,0.45,1.53,0.8133962264150943,1.81,0,False,34.6009,0.0,223.4353,0.0,873.2317,0.0,4,,,,,0.0,0.0
15489,-17.291,178.4519,2013,2012-12-08,2013-12-08,Pacific,20.94,0.0,21.0,0.0,0.0,0.0,0.7383018867924529,1.6,0,False,0.0,0.0,0.0,0.0,0.0,0.0,0,,,,,0.0,1.0
15490,-17.1364,178.5204,2015,2014-07-07,2015-07-07,Pacific,27.5,2.75,5.0,0.0,5.3500000000000005,5.3500000000000005,0.3032075471698114,1.48,0,False,1.5527,0.0,7.1362000000000005,0.0,106.7039,0.0,1,,,,,0.0,1.0
15490,-17.1364,178.5204,2017,2016-02-21,2017-02-20,Pacific,22.81,2.75,5.0,1.28,1.28,7.34,0.7324528301886791,1.92,21,False,7.7774,0.0,32.8173,0.0,167.8301,0.0,2,,,,,0.0,0.0
15490,-17.1364,178.5204,2017,2016-05-05,2017-05-05,Pacific,28.125,2.75,5.0,0.5,1.28,3.38,0.6973584905660376,1.92,0,False,7.7774,0.0,27.1749,0.0,201.0194,0.0,2,,,,,0.0,0.0
15490,-17.1364,178.5204,2019,2018-02-24,2019-02-24,Pacific,34.69,50.0,5.0,0.88,0.88,0.88,0.6726415094339623,1.6,0,False,0.0,0.0,3.9648999999999996,0.0,205.3734,0.0,0,,,,,0.0,0.0
15491,-16.7948,179.8876,2014,2013-02-22,2014-02-22,Pacific,20.31,20.0,5.0,4.64,4.64,4.64,0.9832075471698113,1.72,7,False,38.3689,0.0,77.0369,0.0,485.71819999999997,0.0,5,,,,,0.0,0.0
15492,-16.7659,179.9498,2013,2012-02-19,2013-02-18,Pacific,22.9675,0.0,7.5,0.15,0.15,0.15,0.6228301886792452,1.48,0,False,0.0,0.0,0.0,0.0,0.0,0.0,0,,,,,0.0,0.0
15493,-16.7659,179.9645,2014,2013-02-22,2014-02-22,Pacific,27.0325,17.5,7.5,4.5,4.5,4.5,0.9583018867924527,1.71,7,False,9.2129,0.0,58.3848,0.0,427.7407,0.0,2,,,,,0.0,0.0
15493,-16.7659,179.9645,2018,2017-05-27,2018-05-27,Pacific,25.0,0.0,10.0,0.29,0.29,0.29,0.7681132075471697,1.5,0,False,3.128,0.0,22.9629,0.0,301.7268,0.0,1,,,,,1.0,1.0
15493,-16.7659,179.9645,2019,2018-03-18,2019-03-18,Pacific,35.47,0.125,7.5,0.59,0.59,0.59,0.7462264150943397,1.78,0,False,1.1672,0.0,22.5393,0.0,196.4864,0.0,1,,,,,0.0,0.0
15494,-13.3902,48.1885,2019,2018-06-28,2019-06-28,Indian,21.405,0.0,9.0,3.46,3.46,3.46,0.7483018867924529,1.35,0,False,0.0,0.0,118.9777,118.9777,2601.092,2601.092,0,,,,,0.0,0.0
15495,-13.3733,48.1804,2019,2018-06-28,2019-06-28,Indian,9.217500000000001,0.0,9.0,3.46,3.46,3.46,0.7483018867924529,1.35,0,False,0.0,0.0,77.1518,77.1518,2601.092,2601.092,0,,,,,0.0,0.0
15496,-13.3221,48.162,2019,2018-06-29,2019-06-29,Indian,10.157499999999999,3.0,9.0,3.49,3.49,3.49,0.7290566037735849,1.39,0,False,0.0,0.0,39.939499999999995,39.939499999999995,2601.092,2601.092,0,,,,,0.0,0.0
15497,-13.3209,48.153,2019,2018-06-29,2019-06-29,Indian,9.685,0.0,6.0,3.49,3.49,3.49,0.7290566037735849,1.39,0,False,0.0,0.0,38.2849,38.2849,2601.092,2601.092,0,,,,,0.0,0.0
15498,-13.3203,48.0309,2019,2018-06-30,2019-06-30,Indian,27.19,0.0,12.0,4.3,4.3,4.3,0.7181132075471699,1.43,7,False,0.0,0.0,0.0,0.0,1253.7525,1252.9867,0,,,,,0.0,0.0
15499,-13.3065,48.1162,2019,2018-06-29,2019-06-29,Indian,16.875,0.0,12.0,3.65,3.65,3.65,0.7284905660377359,1.4,0,False,0.0,0.0,0.0,0.0,2133.5064,2132.7406,0,,,,,0.0,0.0
15499,-13.3065,48.1162,2019,2018-06-30,2019-06-30,Indian,20.935,3.5,12.0,3.65,3.65,3.65,0.7284905660377359,1.4,0,False,0.0,0.0,0.0,0.0,2133.5064,2132.7406,0,,,,,0.0,0.0
15500,-8.7948,115.5275,2019,2018-03-29,2019-03-29,Indian,5.31,1.25,10.0,0.6,0.6,2.95,0.7450943396226414,1.48,0,False,1.0152,0.0,23.9515,0.0,41.8697,0.0,1,,,,,0.0,0.0
15501,-8.7495,115.8945,2020,2019-02-26,2020-02-26,Indian,8.75,9.0,8.0,7.28,7.28,7.28,0.5530188679245284,1.96,21,False,0.0,0.0,0.0,0.0,0.0,0.0,0,,,,,0.0,0.0
15502,-8.7466,115.8924,2019,2018-12-05,2019-12-05,Indian,6.56,9.0,7.0,0.0,0.0,2.85,0.3315094339622642,1.41,0,False,0.0,0.0,0.0,0.0,0.2583,0.0,0,,,,,0.0,0.0
15503,-8.726,115.9101,2019,2018-11-06,2019-11-06,Indian,12.815,7.5,5.0,0.0,0.0,2.87,0.299433962264151,1.43,0,False,0.0,0.0,0.0,0.0,0.0,0.0,0,,,,,0.0,0.0
15503,-8.726,115.9101,2019,2018-11-12,2019-11-12,Indian,,28.125,7.5,0.0,0.0,2.87,0.299433962264151,1.43,0,False,0.0,0.0,0.0,0.0,0.0,0.0,0,,,,,0.0,0.0
15503,-8.726,115.9101,2019,2018-12-07,2019-12-07,Indian,6.09,46.875,7.5,0.0,0.0,2.87,0.31339622641509424,1.43,0,False,0.0,0.0,0.0,0.0,0.0,0.0,0,,,,,0.0,0.0
15503,-8.726,115.9101,2019,2018-12-11,2019-12-11,Indian,17.185,37.5,5.0,0.75,0.75,2.87,0.33301886792452823,1.61,0,False,0.0,0.0,0.0,0.0,0.0,0.0,0,,,,,0.0,0.0
15503,-8.726,115.9101,2019,2018-12-12,2019-12-12,Indian,1.875,62.5,10.0,0.75,0.75,2.87,0.33301886792452823,1.61,0,False,0.0,0.0,0.0,0.0,0.0,0.0,0,,,,,0.0,0.0
15504,-8.7116,115.9269,2019,2018-11-13,2019-11-13,Indian,1.875,4.25,7.5,0.0,0.0,2.87,0.30056603773584906,1.43,0,False,0.0,0.0,0.0,0.0,0.0,0.0,0,,,,,0.0,0.0
15505,-8.7061,115.5861,2019,2018-10-27,2019-10-27,Indian,25.31,21.25,10.0,0.0,0.0,5.18,0.4777358490566038,1.47,14,False,0.0,0.0,0.2583,0.0,31.1748,0.0,0,,,,,0.0,1.0
15506,-8.6856,115.58,2019,2018-08-30,2019-08-30,Indian,25.94,1.0,8.0,0.0,3.99,4.43,0.5462264150943397,1.48,7,False,0.0,0.0,0.2583,0.0,36.0017,0.0,0,,,,,0.0,1.0
15507,-8.6849,115.4656,2018,2017-05-06,2018-05-06,Indian,9.06,1.25,5.0,3.5,3.5,3.5,0.6132075471698113,1.44,0,False,0.2172,0.0,28.9436,0.0,35.5736,0.0,1,,,,,0.0,1.0
15507,-8.6849,115.4656,2019,2018-06-07,2019-06-07,Indian,9.370000000000001,2.0,5.0,4.55,4.55,4.55,0.6781132075471697,1.57,7,False,1.0152,0.0,20.6973,0.0,41.6544,0.0,1,,,,,0.0,1.0
15508,-8.6847,115.4644,2018,2017-05-29,2018-05-29,Indian,20.625,1.25,5.0,3.5,3.5,3.5,0.5932075471698114,1.44,0,False,0.2172,0.0,28.9436,0.0,35.5736,0.0,1,,,,,0.0,1.0
15508,-8.6847,115.4644,2018,2017-11-20,2018-11-20,Indian,23.44,3.25,5.0,0.0,0.0,3.5,0.5356603773584906,1.39,0,False,1.2324000000000002,0.0,37.4973,0.0,46.8859,0.0,2,,,,,0.0,1.0
15509,-8.6767,115.5283,2019,2018-10-25,2019-10-25,Indian,2.185,0.5,8.0,0.0,0.0,4.16,0.4639622641509433,1.52,7,False,0.0,0.0,2.2590000000000003,0.0,31.1748,0.0,0,,,,,0.0,1.0
15510,-8.6764,115.53,2019,2018-08-01,2019-08-01,Indian,1.565,3.0,5.0,3.28,4.16,4.16,0.6115094339622642,1.52,7,False,0.0,0.0,2.0529,0.0,36.0017,0.0,0,,,,,0.0,1.0
15510,-8.6764,115.53,2019,2018-08-27,2019-08-27,Indian,3.75,0.0,7.0,0.0,3.86,4.16,0.5616981132075473,1.52,7,False,0.0,0.0,2.0529,0.0,36.0017,0.0,0,,,,,0.0,1.0
15511,-8.6763,115.524,2019,2018-08-28,2019-08-28,Indian,18.9075,0.75,6.25,0.0,3.86,4.16,0.5475471698113208,1.52,7,False,0.0,0.0,2.0529,0.0,36.0017,0.0,0,,,,,0.0,1.0
15512,-8.6763,115.4398,2017,2016-10-11,2017-10-11,Indian,12.81,0.0,9.0,0.0,0.76,3.78,0.7894339622641509,2.03,0,False,0.0,0.0,11.934,0.0,15.677,0.0,0,,,,,0.0,2.0
15513,-8.6762,115.5178,2019,2018-06-01,2019-06-01,Indian,19.369999999999997,3.25,10.0,4.16,4.16,4.16,0.686603773584906,1.52,7,False,0.0,0.0,8.0136,0.0,39.3711,0.0,0,,,,,0.0,1.0
15513,-8.6762,115.5178,2019,2018-10-24,2019-10-24,Indian,25.0,0.0,6.0,0.0,0.0,4.16,0.4639622641509433,1.52,7,False,0.0,0.0,2.2590000000000003,0.0,31.1748,0.0,0,,,,,0.0,1.0
15514,-8.6762,115.4398,2019,2018-05-31,2019-05-31,Indian,5.94,0.25,5.0,3.46,3.46,3.46,0.6743396226415095,1.64,0,False,1.0152,0.0,20.6973,0.0,41.6544,0.0,1,,,,,0.0,1.0
15514,-8.6762,115.4398,2019,2018-06-05,2019-06-05,Indian,12.19,1.75,5.0,3.46,3.46,3.46,0.6722641509433961,1.64,0,False,1.0152,0.0,20.6973,0.0,41.6544,0.0,1,,,,,0.0,1.0
15515,-8.6761,115.4398,2018,2017-12-05,2018-12-05,Indian,8.853333333333333,0.0,7.166666666666667,0.0,0.0,2.98,0.5324528301886792,1.43,0,False,1.2324000000000002,0.0,37.4973,0.0,48.4355,0.0,2,,,,,0.0,1.0
15516,-8.676,115.4396,2017,2016-10-10,2017-10-10,Indian,31.56,0.0,5.0,0.0,0.76,3.78,0.7894339622641509,2.03,0,False,0.0,0.0,11.934,0.0,15.677,0.0,0,,,,,0.0,2.0
15517,-8.3372,116.0397,2019,2018-06-25,2019-06-25,Pacific,31.869999999999997,0.0,5.0,2.73,2.73,2.73,0.5037735849056604,1.48,0,False,0.0,0.0,0.0,0.0,0.0,0.0,0,,,,,0.0,1.0
15517,-8.3372,116.0397,2019,2018-09-04,2019-09-04,Pacific,23.75,0.0,6.4,0.0,2.73,2.73,0.3552830188679245,1.48,0,False,0.0,0.0,0.0,0.0,0.0,0.0,0,,,,,0.0,1.0
15517,-8.3372,116.0397,2019,2018-10-23,2019-10-23,Pacific,33.125,0.0,6.5,0.0,0.0,2.73,0.26433962264150945,1.48,0,False,0.0,0.0,0.0,0.0,0.0,0.0,0,,,,,0.0,1.0
15517,-8.3372,116.0397,2020,2019-02-19,2020-02-19,Pacific,28.125,0.0,6.5,5.78,5.78,5.78,0.49377358490566037,2.04,14,False,0.0,0.0,0.0,0.0,0.0,0.0,0,,,,,0.0,1.0
15518,-8.3356,115.6583,2018,2017-11-04,2018-11-04,Pacific,22.5,0.0,8.0,0.0,0.0,2.08,0.3586792452830188,1.17,0,False,0.0,0.0,0.0,0.0,0.0,0.0,0,,,,,1.0,2.0
15519,-8.1522,115.4246,2018,2017-12-15,2018-12-15,Pacific,20.625,0.0,4.0,0.0,0.0,0.79,0.2749056603773585,1.11,0,False,0.0,0.0,0.0,0.0,0.0,0.0,0,,,,,1.0,1.0
15520,-8.129,115.3656,2018,2017-11-30,2018-11-30,Pacific,15.0,0.0,7.0,0.0,0.0,0.78,0.26358490566037734,1.13,0,False,0.0,0.0,0.0,0.0,0.0,0.0,0,,,,,0.0,1.0
15521,-8.125,115.3534,2017,2016-12-15,2017-12-15,Pacific,16.565,0.0,8.0,0.0,0.0,0.88,0.5107547169811322,1.14,0,False,0.0,0.0,0.0,0.0,0.0,0.0,0,,,,,0.0,2.0
15521,-8.125,115.3534,2018,2017-11-29,2018-11-29,Pacific,6.5649999999999995,0.0,7.0,0.0,0.0,0.78,0.26358490566037734,1.13,0,False,0.0,0.0,0.0,0.0,0.0,0.0,0,,,,,0.0,1.0
15522,-4.6022,130.0494,2019,2018-03-17,2019-03-17,Pacific,21.405,0.0,8.0,0.16,0.48,0.48,0.5486792452830188,1.17,0,False,0.0,0.0,0.0,0.0,0.0,0.0,0,,,,,1.0,1.0
15522,-4.6022,130.0494,2019,2018-11-30,2019-11-30,Pacific,23.5925,0.0,7.5,0.0,0.0,0.48,0.13037735849056606,1.34,0,False,0.0,0.0,0.0,0.0,0.0,0.0,0,,,,,1.0,1.0
15523,-4.5922,130.0292,2018,2017-05-02,2018-05-02,Pacific,19.6875,0.0,8.0,0.15,1.22,1.37,0.6709433962264152,1.35,0,False,0.0,0.0,0.0,0.0,0.0,0.0,0,,,,,1.0,1.0
15523,-4.5922,130.0292,2018,2017-10-06,2018-10-06,Pacific,20.7825,0.375,7.5,0.0,0.15,1.37,0.6630188679245286,1.35,0,False,0.0,0.0,0.0,0.0,0.0,0.0,0,,,,,1.0,1.0
15524,-4.5792,129.4553,2019,2018-12-30,2019-12-30,Pacific,20.7825,1.0,7.5,3.67,3.67,3.67,0.19433962264150945,1.63,0,False,0.0,0.0,0.0,0.0,0.0,0.0,0,,,,,0.0,0.0
15525,-4.5633,129.87,2019,2018-12-22,2019-12-22,Pacific,25.4675,0.0,7.5,2.95,2.95,2.95,0.1416981132075472,1.41,0,False,0.0,0.0,0.0,0.0,0.0,0.0,0,,,,,1.0,1.0
15526,-4.5542,129.8606,2018,2017-04-27,2018-04-27,Pacific,12.190000000000001,0.0,8.0,0.0,0.91,0.91,0.6432075471698114,1.18,0,False,0.0,0.0,0.0,0.0,0.0,0.0,0,,,,,1.0,1.0
15526,-4.5542,129.8606,2018,2017-10-03,2018-10-03,Pacific,14.53,0.0,7.5,0.0,0.0,0.91,0.6335849056603773,1.22,0,False,0.0,0.0,0.0,0.0,0.0,0.0,0,,,,,1.0,1.0
15526,-4.5542,129.8606,2019,2018-11-23,2019-11-23,Pacific,15.78,0.0,7.5,0.0,0.0,0.32,0.10981132075471699,1.25,0,False,0.0,0.0,0.0,0.0,0.0,0.0,0,,,,,1.0,1.0
15527,-4.5498,129.9559,2018,2017-12-08,2018-12-08,Pacific,24.375,0.0,8.0,0.3,0.3,0.76,0.6360377358490568,1.18,0,False,0.0,0.0,0.0,0.0,0.0,0.0,0,,,,,1.0,1.0
15528,-4.5442,129.9552,2018,2017-12-08,2018-12-08,Pacific,26.875,0.0,8.0,0.3,0.3,0.76,0.6360377358490568,1.18,0,False,0.0,0.0,0.0,0.0,0.0,0.0,0,,,,,1.0,1.0
15529,-4.5367,129.9538,2018,2017-12-02,2018-12-02,Pacific,21.09,0.0,8.0,0.3,0.3,0.76,0.6303773584905661,1.18,0,False,0.0,0.0,0.0,0.0,0.0,0.0,0,,,,,1.0,1.0
15530,-4.5281,129.9083,2018,2017-03-08,2018-03-08,Pacific,10.625,0.0,7.5,0.45,0.76,1.21,0.6458490566037737,1.18,0,False,0.0,0.0,0.0,0.0,0.0,0.0,0,,,,,1.0,1.0
15530,-4.5281,129.9083,2019,2018-03-11,2019-03-11,Pacific,16.72,0.0,7.5,0.0,0.29,0.29,0.5328301886792454,1.18,0,False,0.0,0.0,0.0,0.0,0.0,0.0,0,,,,,1.0,1.0
15531,-4.528,129.7648,2018,2017-10-10,2018-10-10,Pacific,22.3425,0.0,7.5,0.0,0.0,0.93,0.6266037735849057,1.22,0,False,0.0,0.0,0.0,0.0,0.0,0.0,0,,,,,1.0,1.0
15531,-4.528,129.7648,2019,2018-12-01,2019-12-01,Pacific,20.47,0.0,7.5,0.0,0.0,0.33,0.10981132075471697,1.33,0,False,0.0,0.0,0.0,0.0,0.0,0.0,0,,,,,1.0,1.0
15532,-4.5277,129.9508,2018,2017-12-25,2018-12-25,Pacific,17.5,0.0,8.0,0.3,0.3,0.76,0.630943396226415,1.18,0,False,0.0,0.0,0.0,0.0,0.0,0.0,0,,,,,1.0,1.0
15533,-4.5256,129.9498,2018,2017-12-01,2018-12-01,Pacific,23.589999999999996,0.0,8.0,0.29,0.29,0.76,0.6228301886792452,1.18,0,False,0.0,0.0,0.0,0.0,0.0,0.0,0,,,,,1.0,1.0
15534,-4.5215,129.9453,2018,2017-12-21,2018-12-21,Pacific,28.435,0.0,8.0,0.29,0.29,0.76,0.6245283018867924,1.18,0,False,0.0,0.0,0.0,0.0,0.0,0.0,0,,,,,1.0,1.0
15535,-4.5175,129.9461,2018,2017-11-30,2018-11-30,Pacific,18.9075,0.0,7.5,0.29,0.29,0.76,0.6228301886792452,1.18,0,False,0.0,0.0,0.0,0.0,0.0,0.0,0,,,,,1.0,1.0
15535,-4.5175,129.9461,2019,2018-12-29,2019-12-29,Pacific,18.2775,0.0,7.5,4.19,4.19,4.19,0.16603773584905662,1.4,7,False,0.0,0.0,0.0,0.0,0.0,0.0,0,,,,,1.0,1.0
15536,-4.5138,129.9447,2018,2017-12-09,2018-12-09,Pacific,42.81,0.0,8.0,0.29,0.29,0.76,0.628867924528302,1.18,0,False,0.0,0.0,0.0,0.0,0.0,0.0,0,,,,,1.0,1.0
15537,-4.5021,129.8943,2019,2018-09-29,2019-09-29,Pacific,28.125,0.0,7.5,0.0,0.0,0.3,0.24999999999999997,1.2,0,False,0.0,0.0,0.0,0.0,0.0,0.0,0,,,,,1.0,1.0
15538,-4.4589,130.0292,2019,2018-10-13,2019-10-13,Pacific,19.06,2.0,7.5,0.0,0.0,0.45,0.2566037735849057,1.24,0,False,0.0,0.0,0.0,0.0,0.0,0.0,0,,,,,1.0,1.0
15539,-4.3933,129.3458,2018,2017-03-14,2018-03-14,Pacific,11.559999999999999,0.0,8.0,0.5,1.13,1.13,0.7079245283018867,1.31,0,False,0.0,0.0,0.0,0.0,0.0,0.0,0,,,,,0.0,0.0
15540,-4.3233,129.71,2019,2018-11-26,2019-11-26,Pacific,18.75,0.0,7.5,0.0,0.0,0.36,0.15867924528301888,1.32,0,False,0.0,0.0,0.0,0.0,0.0,0.0,0,,,,,0.0,1.0
15541,-0.5648,130.5193,2019,2018-08-23,2019-08-23,Pacific,6.5625,1.5,7.5,0.0,0.0,0.0,0.45490566037735847,0.92,0,False,0.0,0.0,0.0,0.0,0.0,0.0,0,,,,,3.0,3.0
15542,-0.5636,130.5188,2018,2017-07-06,2018-07-06,Pacific,13.75,0.75,10.0,0.0,0.0,4.74,0.8881132075471697,1.42,7,False,0.0,0.0,0.0,0.0,0.0,0.0,0,,,,,3.0,3.0
15542,-0.5636,130.5188,2019,2018-08-26,2019-08-26,Pacific,19.53,0.0,7.5,0.0,0.0,0.0,0.45490566037735847,0.92,0,False,0.0,0.0,0.0,0.0,0.0,0.0,0,,,,,3.0,3.0
15543,-0.5496,130.5248,2019,2018-08-29,2019-08-29,Pacific,8.4375,0.0,7.5,0.0,0.14,0.14,0.47716981132075476,0.93,0,False,0.0,0.0,0.0,0.0,0.0,0.0,0,,,,,3.0,3.0
15544,-0.548,130.5223,2018,2017-07-02,2018-07-02,Pacific,22.5,1.25,10.0,0.0,0.15,6.3100000000000005,0.9333962264150943,1.48,14,False,0.0,0.0,0.0,0.0,0.0,0.0,0,,,,,3.0,3.0
15544,-0.548,130.5223,2019,2018-09-24,2019-09-24,Pacific,24.5325,0.0,7.5,0.0,0.14,0.14,0.42981132075471706,0.8200000000000001,0,False,0.0,0.0,0.0,0.0,0.0,0.0,0,,,,,3.0,3.0
15545,2.4418,104.5095,2018,2017-09-14,2018-09-14,Pacific,9.065,0.0,4.0,0.0,0.0,0.0,0.24924528301886797,1.15,0,False,0.0,0.0,0.0,0.0,18.1829,18.1829,0,,,,,0.0,0.0
15545,2.4418,104.5095,2019,2018-09-07,2019-09-07,Pacific,15.0,0.0,3.3,0.0,1.5,1.5,0.5524528301886791,1.3,0,False,0.0,0.0,0.0,0.0,0.0,0.0,0,,,,,0.0,0.0
15546,2.4728,104.508,2018,2017-09-14,2018-09-14,Pacific,24.064999999999998,0.0,4.0,0.0,0.0,0.0,0.25358490566037734,1.16,0,False,0.0,0.0,0.0,0.0,18.1829,18.1829,0,,,,,0.0,0.0
15546,2.4728,104.508,2019,2018-09-07,2019-09-07,Pacific,25.625,0.0,4.0,0.0,1.7,1.7,0.5607547169811322,1.29,0,False,0.0,0.0,0.0,0.0,0.0,0.0,0,,,,,0.0,0.0
15547,2.5163,103.9763,2019,2018-07-17,2019-07-17,Pacific,33.125,2.5,5.5,2.32,2.32,2.32,0.6177358490566035,1.56,0,False,0.0,0.0,0.0,0.0,0.0,0.0,0,,,,,0.0,3.0
15548,2.5176,103.9755,2019,2018-06-14,2019-06-14,Pacific,35.94,1.75,5.0,2.32,2.32,2.32,0.6084905660377358,1.56,0,False,0.0,0.0,0.0,0.0,0.0,0.0,0,,,,,0.0,3.0
15549,2.5194,103.9739,2018,2017-07-27,2018-07-27,Pacific,29.375,0.0,4.5,0.16,0.16,0.16,0.41792452830188676,1.32,0,False,1230.6022,1230.6022,6417.785,6417.785,18495.7652,18484.775,5,,,,,0.0,1.0
15550,2.5196,103.9743,2019,2018-06-12,2019-06-12,Pacific,42.19,0.25,5.0,2.32,2.32,2.32,0.6084905660377358,1.56,0,False,0.0,0.0,0.0,0.0,0.0,0.0,0,,,,,0.0,3.0
15551,2.5232,103.9729,2019,2018-07-23,2019-07-23,Pacific,41.25,12.75,4.0,2.32,2.32,2.32,0.6177358490566035,1.56,0,False,0.0,0.0,0.0,0.0,0.0,0.0,0,,,,,0.0,3.0
15552,2.5244,103.9735,2019,2018-06-28,2019-06-28,Pacific,31.25,10.0,7.0,2.32,2.32,2.32,0.5945283018867925,1.56,0,False,0.0,0.0,0.0,0.0,0.0,0.0,0,,,,,0.0,3.0
15553,2.7261,104.2169,2019,2018-07-15,2019-07-15,Pacific,27.19,0.0,8.0,1.07,1.07,1.07,0.5558490566037736,1.34,0,False,0.0,0.0,0.0,0.0,0.0,0.0,0,,,,,2.0,3.0
15554,2.7586,104.2224,2019,2018-08-27,2019-08-27,Pacific,35.31,0.5,7.0,0.0,1.07,1.07,0.5875471698113208,1.34,0,False,0.0,0.0,0.0,0.0,0.0,0.0,0,,,,,3.0,3.0
15555,2.8127,104.2084,2019,2018-08-27,2019-08-27,Pacific,25.31,22.5,7.8,0.0,1.38,1.38,0.5869811320754718,1.35,0,False,0.0,0.0,0.0,0.0,0.0,0.0,0,,,,,3.0,3.0
15556,2.8322,104.1961,2019,2018-07-15,2019-07-15,Pacific,26.25,0.0,6.0,1.53,1.53,1.53,0.5369811320754716,1.36,0,False,0.0,0.0,0.0,0.0,0.0,0.0,0,,,,,3.0,3.0
15557,2.8481,104.1923,2019,2018-07-15,2019-07-15,Pacific,23.75,0.0,7.0,1.53,1.53,1.53,0.5369811320754716,1.36,0,False,0.0,0.0,0.0,0.0,0.0,0.0,0,,,,,3.0,3.0
15558,2.8594,104.189,2019,2018-07-15,2019-07-15,Pacific,22.5,0.0,6.8,1.57,1.57,1.57,0.5416981132075472,1.36,0,False,0.0,0.0,0.0,0.0,0.0,0.0,0,,,,,3.0,3.0
15559,2.8934,73.4032,2019,2018-09-10,2019-09-10,Indian,16.72,16.125,4.75,0.0,0.79,0.79,0.6850943396226414,1.21,0,False,0.0,0.0,0.0,0.0,0.0,0.0,0,,,,,1.0,2.0
15560,3.3715,73.4404,2018,2017-05-17,2018-05-17,Indian,10.0025,0.0,7.5,0.0,0.0,0.0,0.5116981132075471,1.44,0,False,0.0,0.0,0.0,0.0,6.1247,0.0,0,,,,,0.0,2.0
15561,3.4383,73.6004,2018,2017-05-18,2018-05-18,Indian,9.2175,1.625,7.5,0.0,0.0,0.0,0.5171698113207547,1.33,0,False,0.0,0.0,0.0,0.0,0.0,0.0,0,,,,,0.0,2.0
15562,3.447,73.5961,2018,2017-05-18,2018-05-18,Indian,27.5,0.875,7.5,0.0,0.0,0.0,0.5139622641509434,1.37,0,False,0.0,0.0,0.0,0.0,0.0,0.0,0,,,,,0.0,2.0
15563,3.4659,73.6517,2018,2017-05-19,2018-05-19,Indian,23.125,0.375,7.5,0.0,0.0,0.0,0.5083018867924528,1.29,0,False,0.0,0.0,0.0,0.0,0.0,0.0,0,,,,,0.0,0.0
15564,3.5133,72.9169,2018,2017-07-26,2018-07-26,Indian,11.2525,0.75,7.0,0.0,0.0,0.0,0.40867924528301885,1.25,0,False,0.0,0.0,6.1247,0.0,33.212900000000005,0.0,0,,,,,1.0,3.0
15565,3.5278,72.9264,2018,2017-09-12,2018-09-12,Indian,15.155,3.375,7.5,0.0,0.0,0.0,0.38698113207547175,1.25,0,False,0.0,0.0,6.1247,0.0,18.0299,0.0,0,,,,,1.0,3.0
15566,3.6048,73.5055,2018,2017-05-17,2018-05-17,Indian,19.53,0.5,7.5,0.0,0.0,0.0,0.48207547169811316,1.19,0,False,0.0,0.0,0.0,0.0,15.183,0.0,0,,,,,0.0,1.0
15567,3.6079,72.9477,2017,2016-05-11,2017-05-11,Indian,15.625,4.375,7.5,0.0,0.0,5.88,0.41509433962264153,1.15,7,False,0.0,0.0,0.0,0.0,0.0,0.0,0,,,,,1.0,3.0
15568,3.6196,73.3724,2019,2018-09-12,2019-09-12,Indian,15.315,0.5,7.65,0.0,0.31,0.31,0.6686792452830189,1.42,0,False,0.0,0.0,0.0,0.0,0.0,0.0,0,,,,,0.0,4.0
15569,3.6329,73.387,2018,2017-05-19,2018-05-19,Indian,5.1575,0.75,7.5,0.0,0.0,0.0,0.47905660377358494,1.38,0,False,0.0,0.0,0.0,0.0,21.3077,0.0,0,,,,,0.0,1.0
15570,3.6614,73.408,2019,2018-09-18,2019-09-18,Indian,10.94,7.5,3.0,0.0,0.77,0.77,0.6820754716981132,1.41,0,False,0.0,0.0,0.0,0.0,0.0,0.0,0,,,,,0.0,4.0
15571,3.6631,73.4203,2019,2018-09-17,2019-09-17,Indian,22.5,6.5,5.0,0.0,0.77,0.77,0.6750943396226416,1.36,0,False,0.0,0.0,0.0,0.0,0.0,0.0,0,,,,,0.0,4.0
15572,3.6654,72.8991,2018,2017-07-25,2018-07-25,Indian,10.782499999999999,0.0,4.5,0.0,0.0,0.0,0.3994339622641509,1.21,0,False,0.0,0.0,6.1247,0.0,33.212900000000005,0.0,0,,,,,1.0,4.0
15573,3.6776,73.4687,2019,2018-09-11,2019-09-11,Indian,12.030000000000001,1.0,5.85,0.0,0.8200000000000001,0.8200000000000001,0.6856603773584906,1.31,0,False,0.0,0.0,0.0,0.0,0.0,0.0,0,,,,,0.0,4.0
15574,3.6832,73.4153,2019,2018-09-17,2019-09-17,Indian,24.06,1.75,4.0,0.0,0.77,0.77,0.6750943396226416,1.36,0,False,0.0,0.0,0.0,0.0,0.0,0.0,0,,,,,1.0,4.0
15575,3.7365,72.9818,2017,2016-05-10,2017-05-10,Indian,19.2175,2.25,7.5,0.0,0.0,6.18,0.4118867924528302,1.13,7,False,0.0,0.0,0.0,0.0,0.0,0.0,0,,,,,2.0,4.0
15576,3.8367,73.3678,2019,2018-09-11,2019-09-11,Indian,16.875,2.125,5.65,0.0,0.15,0.15,0.6299999999999999,1.37,0,False,0.0,0.0,0.0,0.0,0.0,0.0,0,,,,,2.0,4.0
15577,3.843,72.7364,2019,2018-05-09,2019-05-09,Indian,8.1225,0.05,7.5,0.0,0.0,0.0,0.37735849056603776,1.25,0,False,0.0,0.0,0.0,0.0,0.0,0.0,0,,,,,0.0,5.0
15578,3.8765,72.7049,2019,2018-05-10,2019-05-10,Indian,20.155,0.1,7.5,0.0,0.0,0.0,0.3769811320754716,1.23,0,False,0.0,0.0,0.0,0.0,0.0,0.0,0,,,,,0.0,5.0
15579,3.8856,73.4686,2019,2018-09-10,2019-09-10,Indian,10.155000000000001,1.375,8.1,0.0,0.46,0.46,0.6307547169811322,1.15,0,False,0.0,0.0,0.0,0.0,0.0,0.0,0,,,,,4.0,5.0
15580,3.8886,73.469,2017,2016-05-14,2017-05-14,Indian,11.092500000000001,0.0,7.5,0.0,0.0,6.2700000000000005,0.36769230769230765,1.04,0,False,0.0,0.0,0.0,0.0,0.0,0.0,0,,,,,3.0,4.0
15581,3.9001,73.4762,2018,2017-05-21,2018-05-21,Indian,9.3725,0.875,7.5,0.0,0.0,0.0,0.4413207547169811,1.23,0,False,0.0,0.0,0.0,0.0,32.2404,0.0,0,,,,,5.0,6.0
15581,3.9001,73.4762,2019,2018-05-11,2019-05-11,Indian,15.9375,5.525,7.5,0.3,0.3,0.3,0.3973584905660377,1.09,0,False,0.0,0.0,0.0,0.0,0.0,0.0,0,,,,,4.0,5.0
15582,3.9025,73.4418,2019,2018-05-11,2019-05-11,Indian,12.8125,0.325,7.5,0.0,0.0,0.0,0.3845283018867925,1.03,0,False,0.0,0.0,0.0,0.0,0.0,0.0,0,,,,,4.0,5.0
15583,3.9037,73.4574,2019,2018-09-09,2019-09-09,Indian,15.31,1.25,5.25,0.0,0.3,0.3,0.6256603773584904,1.09,0,False,0.0,0.0,0.0,0.0,0.0,0.0,0,,,,,4.0,5.0
15584,3.9039,73.4448,2018,2017-05-16,2018-05-16,Indian,5.9399999999999995,0.5,7.5,0.0,0.0,0.0,0.44716981132075473,1.31,0,False,0.0,0.0,0.0,0.0,32.2404,0.0,0,,,,,5.0,6.0
15585,3.9154,72.9404,2017,2016-05-12,2017-05-12,Indian,10.315,3.375,7.5,0.0,0.0,6.41,0.3690566037735849,1.13,7,False,0.0,0.0,0.0,0.0,0.0,0.0,0,,,,,3.0,4.0
15586,3.917,72.9333,2019,2018-05-08,2019-05-08,Indian,5.779999999999999,0.25,7.5,0.0,0.0,0.0,0.3924528301886792,1.12,0,False,0.0,0.0,0.0,0.0,0.0,0.0,0,,,,,3.0,6.0
15587,3.9254,72.958,2019,2018-05-09,2019-05-09,Indian,25.1575,1.4,7.5,0.0,0.0,0.0,0.39924528301886786,1.11,0,False,0.0,0.0,0.0,0.0,0.0,0.0,0,,,,,3.0,6.0
15588,3.9262,72.9605,2017,2016-05-13,2017-05-13,Indian,27.8125,0.5,7.5,0.0,0.0,6.45,0.369433962264151,1.14,7,False,0.0,0.0,0.0,0.0,0.0,0.0,0,,,,,3.0,4.0
15589,3.9337,72.9484,2017,2016-05-13,2017-05-13,Indian,26.5625,0.0,7.5,0.0,0.0,6.41,0.3690566037735849,1.13,7,False,0.0,0.0,0.0,0.0,0.0,0.0,0,,,,,3.0,4.0
15590,4.0572,72.954,2017,2016-05-09,2017-05-09,Indian,16.875,0.0,7.5,0.0,0.0,6.53,0.36641509433962266,1.15,7,False,0.0,0.0,0.0,0.0,0.0,0.0,0,,,,,3.0,3.0
15591,4.0591,72.9422,2019,2018-05-07,2019-05-07,Indian,17.19,2.9,7.5,0.15,0.15,0.15,0.3873584905660377,1.08,0,False,0.0,0.0,0.0,0.0,0.0,0.0,0,,,,,4.0,4.0
15592,4.1226,73.4231,2019,2018-05-07,2019-05-07,Indian,4.6875,0.0,7.5,0.0,0.0,0.0,0.3637735849056605,1.11,0,False,0.0,0.0,0.0,0.0,0.0,0.0,0,,,,,5.0,5.0
15593,4.1286,73.4564,2018,2017-05-16,2018-05-16,Indian,7.029999999999999,0.875,7.5,0.0,0.0,0.0,0.4186792452830188,1.32,0,False,4.4443,0.0,17.0574,0.0,17.0574,0.0,4,,,,,5.0,8.0
15594,4.2016,118.6899,2017,2016-12-08,2017-12-08,Pacific,13.12,4.25,8.0,0.95,0.95,0.95,0.7262264150943396,1.54,0,False,0.0,0.0,0.0,0.0,0.0,0.0,0,,,,,0.0,1.0
15594,4.2016,118.6899,2018,2017-03-12,2018-03-12,Pacific,10.625,5.0,8.0,0.0,0.49,0.95,0.7339622641509435,1.54,0,False,0.0,0.0,0.0,0.0,0.0,0.0,0,,,,,0.0,1.0
15594,4.2016,118.6899,2019,2018-10-13,2019-10-13,Pacific,12.815000000000001,16.25,8.0,0.0,0.58,0.58,0.549245283018868,1.13,0,False,0.0,0.0,0.0,0.0,0.0,0.0,0,,,,,0.0,1.0
15595,4.2181,118.6719,2018,2017-04-13,2018-04-13,Pacific,8.75,0.25,10.0,0.0,0.0,0.95,0.7835849056603774,1.54,0,False,0.0,0.0,0.0,0.0,0.0,0.0,0,,,,,0.0,1.0
15595,4.2181,118.6719,2019,2018-12-20,2019-12-20,Pacific,9.375,5.0,8.0,0.61,0.61,0.61,0.6160377358490565,1.37,0,False,0.0,0.0,0.0,0.0,31.206200000000003,31.206200000000003,0,,,,,0.0,1.0
15596,4.231,118.6349,2017,2016-05-15,2017-05-15,Pacific,4.375,0.0,7.0,0.0,0.14,6.140000000000001,0.7126415094339622,1.62,21,False,0.0,0.0,0.0,0.0,0.0,0.0,0,,,,,0.0,1.0
15597,4.233,73.6517,2018,2017-05-15,2018-05-15,Indian,6.2475,0.0,7.5,0.0,0.0,0.0,0.4288679245283018,1.25,0,False,0.0,0.0,5.2879,0.0,17.0574,0.0,0,,,,,4.0,8.0
15598,4.2339,73.5324,2019,2018-05-06,2019-05-06,Indian,3.905,0.0,7.5,0.58,0.58,0.58,0.37433962264150944,1.03,0,False,0.0,0.0,0.0,0.0,0.0,0.0,0,,,,,3.0,5.0
15599,4.2348,118.6297,2017,2016-05-15,2017-05-15,Pacific,3.12,0.0,9.0,0.0,0.14,6.140000000000001,0.7126415094339622,1.62,21,False,0.0,0.0,0.0,0.0,0.0,0.0,0,,,,,0.0,1.0
15599,4.2348,118.6297,2018,2017-04-14,2018-04-14,Pacific,9.685,0.25,9.0,0.0,0.0,1.1,0.79,1.57,0,False,0.0,0.0,0.0,0.0,0.0,0.0,0,,,,,0.0,1.0
15599,4.2348,118.6297,2019,2018-07-20,2019-07-20,Pacific,6.25,0.0,8.0,0.74,0.74,0.9,0.5713207547169812,1.0,0,False,0.0,0.0,0.0,0.0,27.5071,27.5071,0,,,,,0.0,1.0
15600,4.2422,118.6252,2017,2016-05-16,2017-05-16,Pacific,23.75,1.0,8.0,0.0,0.14,6.140000000000001,0.7126415094339622,1.62,21,False,0.0,0.0,0.0,0.0,0.0,0.0,0,,,,,0.0,1.0
15600,4.2422,118.6252,2018,2017-04-14,2018-04-14,Pacific,16.25,0.25,8.0,0.0,0.0,1.1,0.79,1.57,0,False,0.0,0.0,0.0,0.0,0.0,0.0,0,,,,,0.0,1.0
15600,4.2422,118.6252,2019,2018-07-21,2019-07-21,Pacific,10.935,0.25,7.5,0.74,0.74,0.9,0.5713207547169812,1.0,0,False,0.0,0.0,0.0,0.0,27.5071,27.5071,0,,,,,0.0,1.0
15601,4.2487,118.6255,2017,2016-05-16,2017-05-16,Pacific,23.75,0.0,8.0,0.0,0.14,6.140000000000001,0.7126415094339622,1.62,21,False,0.0,0.0,0.0,0.0,0.0,0.0,0,,,,,0.0,1.0
15601,4.2487,118.6255,2018,2017-04-13,2018-04-13,Pacific,18.75,0.0,8.0,0.0,0.0,1.1,0.79,1.57,0,False,0.0,0.0,0.0,0.0,0.0,0.0,0,,,,,0.0,1.0
15601,4.2487,118.6255,2019,2018-10-13,2019-10-13,Pacific,10.0,5.0,8.0,0.0,0.74,0.74,0.570377358490566,1.15,0,False,0.0,0.0,0.0,0.0,31.206200000000003,31.206200000000003,0,,,,,0.0,1.0
15602,4.2497,118.6301,2017,2016-05-14,2017-05-14,Pacific,7.185,0.0,8.0,0.0,0.14,6.140000000000001,0.7132692307692307,1.62,21,False,0.0,0.0,0.0,0.0,0.0,0.0,0,,,,,0.0,1.0
15603,4.2656,73.0016,2018,2017-07-23,2018-07-23,Indian,19.69,0.0,5.0,0.0,0.0,0.0,0.440188679245283,1.25,0,False,0.0,0.0,0.0,0.0,11.7695,0.0,0,,,,,2.0,5.0
15604,4.4886,118.8603,2018,2017-09-08,2018-09-08,Pacific,7.6575,0.5,8.2,0.32,1.11,1.11,0.6571698113207548,1.29,0,False,0.0,0.0,0.0,0.0,0.0,0.0,0,,,,,1.0,2.0
15605,4.5905,118.8639,2018,2017-09-07,2018-09-07,Pacific,7.81,0.0,6.0,0.3,0.77,0.77,0.6649056603773584,1.35,0,False,0.0,0.0,0.0,0.0,0.0,0.0,0,,,,,2.0,2.0
15605,4.5905,118.8639,2018,2017-09-08,2018-09-08,Pacific,0.31,0.0,10.4,0.3,0.77,0.77,0.6649056603773584,1.35,0,False,0.0,0.0,0.0,0.0,0.0,0.0,0,,,,,2.0,2.0
15606,4.5941,118.8612,2018,2017-08-13,2018-08-13,Pacific,1.25,0.0,8.0,0.77,0.77,0.77,0.7098113207547172,1.35,0,False,0.0,0.0,0.0,0.0,0.0,0.0,0,,,,,2.0,2.0
15607,4.5955,118.8697,2018,2017-06-05,2018-06-05,Pacific,6.875,22.5,8.0,0.77,0.77,0.77,0.7124528301886791,1.35,0,False,0.0,0.0,0.0,0.0,0.0,0.0,0,,,,,2.0,2.0
15608,4.5962,118.8693,2019,2018-12-17,2019-12-17,Pacific,3.75,5.0,6.0,0.0,0.0,0.0,0.460188679245283,1.17,0,False,0.0,0.0,0.0,0.0,2529.4979,2529.4979,0,,,,,2.0,2.0
15609,4.6038,118.8653,2018,2017-09-06,2018-09-06,Pacific,3.125,0.0,8.0,0.29,0.6,0.6,0.6677358490566039,1.39,0,False,0.0,0.0,0.0,0.0,0.0,0.0,0,,,,,2.0,2.0
15609,4.6038,118.8653,2018,2017-09-26,2018-09-26,Pacific,11.875,6.5,6.0,0.0,0.6,0.6,0.631509433962264,1.27,0,False,0.0,0.0,0.0,0.0,0.0,0.0,0,,,,,2.0,2.0
15610,5.1912,115.1418,2018,2017-03-08,2018-03-08,Pacific,15.315,0.0,3.0,0.0,0.0,0.98,0.8452830188679245,1.76,0,False,121.1491,70.3297,391.1126,170.1158,618.785,314.7967,2,,,,,0.0,0.0
15610,5.1912,115.1418,2019,2018-10-09,2019-10-09,Pacific,29.69,0.0,3.0,0.0,2.87,3.02,0.8845283018867925,1.81,0,False,0.0,0.0,0.0,0.0,0.0,0.0,0,,,,,0.0,0.0
15611,5.7042,73.4129,2018,2017-08-25,2018-08-25,Indian,38.75,35.0,1.2,0.0,0.0,0.0,0.25,1.16,0,False,0.0,0.0,0.0,0.0,0.0,0.0,0,,,,,0.0,1.0
15612,5.7146,73.4019,2018,2017-08-09,2018-08-09,Indian,11.092500000000001,0.0,6.5,0.0,0.0,0.0,0.26528301886792455,1.16,0,False,0.0,0.0,0.0,0.0,0.0,0.0,0,,,,,0.0,1.0
15613,5.7263,73.4046,2018,2017-08-09,2018-08-09,Indian,9.065,0.125,7.0,0.0,0.0,0.0,0.26528301886792455,1.16,0,False,0.0,0.0,0.0,0.0,0.0,0.0,0,,,,,0.0,1.0
15614,5.7283,73.4171,2018,2017-08-29,2018-08-29,Indian,10.94,0.0,10.8,0.0,0.0,0.0,0.24528301886792453,1.16,0,False,0.0,0.0,0.0,0.0,0.0,0.0,0,,,,,0.0,1.0
15615,5.7343,73.416,2018,2017-06-08,2018-06-08,Indian,11.25,0.0,4.6,0.0,0.0,0.0,0.33622641509433965,1.16,0,False,0.0,0.0,0.0,0.0,0.0,0.0,0,,,,,0.0,1.0
15615,5.7343,73.416,2018,2017-08-27,2018-08-27,Indian,12.5,0.0,9.6,0.0,0.0,0.0,0.25,1.16,0,False,0.0,0.0,0.0,0.0,0.0,0.0,0,,,,,0.0,1.0
15616,5.7357,73.4112,2018,2017-08-06,2018-08-06,Indian,16.875,0.0,6.75,0.0,0.0,0.0,0.2732075471698114,1.16,0,False,0.0,0.0,0.0,0.0,0.0,0.0,0,,,,,0.0,1.0
15617,5.7944,102.8922,2018,2017-10-05,2018-10-05,Pacific,18.75,0.0,6.2,0.0,0.16,0.16,0.43867924528301894,1.21,0,False,0.0,0.0,0.0,0.0,0.0,0.0,0,,,,,2.0,2.0
15618,5.7968,102.8996,2018,2017-10-05,2018-10-05,Pacific,22.81,0.0,8.5,0.0,0.16,0.16,0.43867924528301894,1.21,0,False,0.0,0.0,0.0,0.0,0.0,0.0,0,,,,,2.0,2.0
15619,5.8177,103.0104,2013,2012-09-08,2013-09-08,Pacific,26.869999999999997,0.0,10.0,0.0,1.13,1.13,0.5454716981132075,1.45,0,False,0.0,0.0,0.0,0.0,0.0,0.0,0,,,,,0.0,2.0
15619,5.8177,103.0104,2014,2013-06-14,2014-06-14,Pacific,32.5,4.25,11.0,2.43,2.43,2.43,0.2535849056603774,1.44,0,False,0.0,0.0,0.0,0.0,0.0,0.0,0,,,,,0.0,3.0
15619,5.8177,103.0104,2015,2014-05-16,2015-05-16,Pacific,32.81,0.0,10.0,0.0,0.0,2.43,0.38924528301886796,1.37,0,False,0.0,0.0,0.0,0.0,0.0,0.0,0,,,,,0.0,4.0
15619,5.8177,103.0104,2016,2015-05-09,2016-05-08,Pacific,33.13,0.0,10.0,0.17,0.17,0.3,0.6837735849056603,1.8,0,False,0.0,0.0,0.0,0.0,0.0,0.0,0,,,,,0.0,3.0
15619,5.8177,103.0104,2018,2017-05-06,2018-05-06,Pacific,17.5,0.0,9.1,0.0,0.0,0.0,0.44301886792452827,1.19,0,False,0.0,0.0,0.0,0.0,0.0,0.0,0,,,,,0.0,2.0
15619,5.8177,103.0104,2018,2017-09-07,2018-09-07,Pacific,25.0,0.0,10.7,0.33,0.33,0.33,0.42,1.19,0,False,0.0,0.0,0.0,0.0,0.0,0.0,0,,,,,0.0,2.0
15619,5.8177,103.0104,2019,2018-06-15,2019-06-15,Pacific,15.934999999999999,70.0,8.7,1.96,1.96,1.96,0.6783018867924527,1.47,0,False,0.0,0.0,0.0,0.0,0.0,0.0,0,,,,,0.0,1.0
15620,5.8851,102.7673,2017,2016-10-15,2017-10-15,Pacific,16.56,1.25,8.7,0.0,0.0,0.0,0.571346153846154,1.19,0,False,0.0,0.0,0.0,0.0,0.0,0.0,0,,,,,3.0,3.0
15620,5.8851,102.7673,2019,2018-10-15,2019-10-15,Pacific,16.565,1.25,5.0,0.0,1.99,1.99,0.7049056603773585,1.28,0,False,0.0,0.0,0.0,0.0,0.0,0.0,0,,,,,1.0,1.0
15621,5.8851,102.7648,2017,2016-05-24,2017-05-24,Pacific,4.6899999999999995,1.25,3.5,0.0,0.0,0.7000000000000001,0.5784905660377359,1.31,0,False,0.0,0.0,0.0,0.0,0.0,0.0,0,,,,,3.0,3.0
15622,5.8861,102.7653,2018,2017-09-25,2018-09-25,Pacific,10.625,2.5,10.0,0.0,0.17,0.17,0.4352830188679246,1.19,0,False,0.0,0.0,0.0,0.0,0.5855,0.5855,0,,,,,2.0,2.0
15623,6.5654,99.3472,2018,2017-06-22,2018-06-22,Indian,41.25,2.0,4.0,0.15,0.15,0.15,0.6647169811320754,1.44,0,False,0.0,0.0,0.0,0.0,16.4771,13.335799999999999,0,,,,,2.0,2.0
15623,6.5654,99.3472,2018,2017-06-23,2018-06-23,Indian,42.5,5.0,4.5,0.15,0.15,0.15,0.6647169811320754,1.44,0,False,0.0,0.0,0.0,0.0,16.4771,13.335799999999999,0,,,,,2.0,2.0
15623,6.5654,99.3472,2019,2018-06-23,2019-06-23,Indian,45.94,6.0,5.0,3.03,3.03,3.03,0.7228301886792453,1.62,0,False,0.0,0.0,0.0,0.0,35.1418,0.0,0,,,,,1.0,1.0
15624,6.7076,116.3721,2018,2017-07-23,2018-07-23,Pacific,7.81,0.0,4.0,0.0,0.0,0.15,0.45867924528301884,1.52,0,False,0.0,0.0,0.0,0.0,0.0,0.0,0,,,,,0.0,0.0
15624,6.7076,116.3721,2019,2018-07-16,2019-07-16,Pacific,16.56,0.75,4.0,0.44,0.44,0.44,0.4096226415094339,1.61,0,False,0.0,0.0,0.0,0.0,0.0,0.0,0,,,,,0.0,0.0
15625,6.8123,117.3597,2017,2016-04-23,2017-04-23,Pacific,13.75,1.75,4.5,0.0,0.0,5.0,0.7411538461538463,2.03,7,False,0.0,0.0,0.0,0.0,0.0,0.0,0,,,,,0.0,0.0
15626,6.8204,117.4734,2017,2016-04-23,2017-04-23,Pacific,13.44,2.0,5.5,0.0,0.0,4.94,0.7225000000000001,1.92,14,False,0.0,0.0,0.0,0.0,0.0,0.0,0,,,,,0.0,0.0
15627,6.8234,116.8739,2017,2016-04-16,2017-04-16,Pacific,9.06,0.0,8.0,0.0,0.0,1.39,0.7755769230769229,2.19,0,False,0.0,0.0,0.0,0.0,0.0,0.0,0,,,,,0.0,0.0
15628,6.8556,116.8606,2017,2016-04-16,2017-04-16,Pacific,7.5,1.25,5.0,0.0,0.0,1.1,0.7653846153846154,2.2,0,False,0.0,0.0,0.0,0.0,0.0,0.0,0,,,,,0.0,0.0
15629,6.887,117.3798,2017,2016-04-23,2017-04-23,Pacific,33.905,1.875,7.5,0.0,0.0,4.32,0.7153846153846154,1.97,0,False,0.0,0.0,0.0,0.0,0.0,0.0,0,,,,,0.0,0.0
15630,6.9186,116.8485,2017,2016-04-16,2017-04-16,Pacific,9.684999999999999,0.0,5.0,0.0,0.0,1.09,0.7546153846153848,2.26,0,False,0.0,0.0,0.0,0.0,0.0,0.0,0,,,,,0.0,0.0
15631,6.9318,117.3497,2017,2016-04-21,2017-04-21,Pacific,20.310000000000002,1.125,8.15,0.0,0.0,3.95,0.7066037735849059,1.9,0,False,0.0,0.0,0.0,0.0,0.0,0.0,0,,,,,0.0,0.0
15632,6.9409,117.0186,2017,2016-04-18,2017-04-18,Pacific,21.875,6.75,4.3,0.0,0.0,1.55,0.7367924528301888,2.09,0,False,0.0,0.0,0.0,0.0,0.0,0.0,0,,,,,0.0,0.0
15633,6.9549,117.2784,2017,2016-04-21,2017-04-21,Pacific,18.435000000000002,1.5,4.0,0.0,0.0,3.26,0.7007547169811321,1.84,0,False,0.0,0.0,0.0,0.0,0.0,0.0,0,,,,,0.0,0.0
15634,6.9558,117.01,2017,2016-04-30,2017-04-30,Pacific,34.06,0.75,3.4,0.0,0.0,1.55,0.720576923076923,2.04,0,False,0.0,0.0,0.0,0.0,0.0,0.0,0,,,,,0.0,0.0
15635,6.9841,117.4986,2017,2016-04-22,2017-04-22,Pacific,24.0625,1.625,8.0,0.0,0.0,4.26,0.6752830188679244,1.77,0,False,0.0,0.0,0.0,0.0,0.0,0.0,0,,,,,0.0,0.0
15636,7.0338,117.0735,2017,2016-04-30,2017-04-30,Pacific,16.0925,2.25,7.5,0.0,0.0,1.72,0.7124999999999999,1.95,0,False,0.0,0.0,0.0,0.0,0.0,0.0,0,,,,,0.0,0.0
15637,7.0346,117.0031,2017,2016-05-01,2017-05-01,Pacific,30.0,2.125,8.75,0.0,0.0,1.56,0.7167924528301887,2.04,0,False,0.0,0.0,0.0,0.0,0.0,0.0,0,,,,,0.0,0.0
15638,7.0439,117.4652,2017,2016-04-22,2017-04-22,Pacific,20.0,3.75,8.85,0.0,0.0,4.13,0.6673584905660378,1.78,0,False,0.0,0.0,0.0,0.0,0.0,0.0,0,,,,,0.0,0.0
15639,7.052,117.3637,2017,2016-04-30,2017-04-30,Pacific,15.155000000000001,0.625,8.5,0.0,0.0,3.45,0.6640384615384616,1.95,0,False,0.0,0.0,0.0,0.0,0.0,0.0,0,,,,,0.0,0.0
15640,7.0813,117.2479,2017,2016-04-20,2017-04-20,Pacific,24.377499999999998,0.0,7.5,0.0,0.0,2.74,0.6892452830188678,1.92,0,False,0.0,0.0,0.0,0.0,0.0,0.0,0,,,,,0.0,0.0
15641,7.0815,117.0542,2017,2016-04-29,2017-04-29,Pacific,18.75,0.625,8.25,0.0,0.0,1.72,0.7107547169811322,1.99,0,False,0.0,0.0,0.0,0.0,0.0,0.0,0,,,,,0.0,0.0
15642,7.086,117.0609,2017,2016-04-29,2017-04-29,Pacific,19.685,1.25,5.8,0.0,0.0,1.72,0.7107547169811322,1.99,0,False,0.0,0.0,0.0,0.0,0.0,0.0,0,,,,,0.0,0.0
15643,7.0873,117.4705,2017,2016-04-24,2017-04-24,Pacific,21.875,1.625,8.5,0.0,0.0,4.2700000000000005,0.661698113207547,1.81,0,False,0.0,0.0,0.0,0.0,0.0,0.0,0,,,,,0.0,0.0
15644,7.0992,117.087,2017,2016-04-30,2017-04-30,Pacific,25.0,0.0,7.5,0.0,0.0,1.72,0.7019230769230771,1.99,0,False,0.0,0.0,0.0,0.0,0.0,0.0,0,,,,,0.0,0.0
15645,7.1162,117.3795,2017,2016-04-24,2017-04-24,Pacific,17.185,1.5,5.0,0.0,0.0,3.33,0.6769811320754716,2.0,0,False,0.0,0.0,0.0,0.0,0.0,0.0,0,,,,,0.0,0.0
15646,7.1192,117.5092,2017,2016-04-24,2017-04-24,Pacific,24.06,8.25,4.0,0.0,0.0,4.3100000000000005,0.6499999999999999,1.75,7,False,0.0,0.0,0.0,0.0,0.0,0.0,0,,,,,0.0,0.0
15647,7.1894,117.2883,2017,2016-05-04,2017-05-04,Pacific,14.845,0.375,8.65,0.0,0.0,2.62,0.6620754716981131,2.01,0,False,0.0,0.0,0.0,0.0,0.0,0.0,0,,,,,0.0,0.0
15648,7.1898,117.3702,2017,2016-05-03,2017-05-03,Pacific,25.0,0.0,8.0,0.0,0.0,3.29,0.6569811320754717,2.03,0,False,0.0,0.0,0.0,0.0,0.0,0.0,0,,,,,0.0,0.0
15649,7.2088,117.4692,2017,2016-05-03,2017-05-03,Pacific,25.0025,1.0,10.25,0.0,0.0,3.65,0.6335849056603773,1.91,0,False,0.0,0.0,0.0,0.0,0.0,0.0,0,,,,,0.0,0.0
15650,7.2351,117.3764,2017,2016-05-04,2017-05-04,Pacific,28.1275,0.0,7.5,0.0,0.0,3.14,0.6511320754716985,2.04,0,False,0.0,0.0,0.0,0.0,0.0,0.0,0,,,,,0.0,0.0
15651,7.293,117.3683,2017,2016-05-05,2017-05-05,Pacific,31.56,0.25,4.7,0.0,0.0,2.68,0.641698113207547,2.07,0,False,0.0,0.0,0.0,0.0,0.0,0.0,0,,,,,0.0,0.0
15652,7.3493,117.3517,2017,2016-05-05,2017-05-05,Pacific,20.310000000000002,2.75,5.0,0.0,0.0,2.67,0.6283018867924529,2.08,0,False,0.0,0.0,0.0,0.0,0.0,0.0,0,,,,,0.0,0.0
15653,7.353,117.1368,2017,2016-05-06,2017-05-06,Pacific,37.81,0.25,5.0,0.0,0.0,1.61,0.6171698113207548,2.08,0,False,0.0,0.0,0.0,0.0,0.0,0.0,0,,,,,0.0,0.0
15654,7.3563,117.0547,2017,2016-05-06,2017-05-06,Pacific,25.935,1.0,5.0,0.0,0.0,1.3,0.6128301886792453,2.06,0,False,0.0,0.0,0.0,0.0,0.0,0.0,0,,,,,0.0,0.0
15655,7.3574,116.9715,2017,2016-05-06,2017-05-06,Pacific,25.94,0.5,9.7,0.0,0.0,1.26,0.6049056603773585,1.97,0,False,0.0,0.0,0.0,0.0,0.0,0.0,0,,,,,0.0,0.0
15656,7.391,117.3585,2017,2016-05-05,2017-05-05,Pacific,28.1275,2.375,8.7,0.0,0.0,2.21,0.6126415094339623,2.08,0,False,0.0,0.0,0.0,0.0,0.0,0.0,0,,,,,0.0,0.0
15657,10.0664,99.8415,2019,2018-07-18,2019-07-18,Pacific,10.0,0.75,5.8,0.95,0.95,0.95,0.7154716981132078,1.43,0,False,0.0,0.0,0.0,0.0,0.0,0.0,0,,,,,0.0,0.0
15657,10.0664,99.8415,2019,2018-11-07,2019-11-07,Pacific,4.375,1.5,7.15,0.0,0.0,0.95,0.7954716981132074,1.43,0,False,0.0,0.0,0.0,0.0,13.5216,0.0,0,,,,,0.0,0.0
15658,10.2556,166.2594,2013,2012-07-20,2013-07-20,Pacific,6.56,0.0,2.5,0.0,0.0,0.0,0.5152830188679245,1.01,0,False,0.0,0.0,0.0,0.0,7.4328,0.0,0,,,,,0.0,0.0
15658,10.2556,166.2594,2013,2012-07-31,2013-07-31,Pacific,5.625,3.0,3.0,0.0,0.0,0.0,0.5133962264150943,1.01,0,False,0.0,0.0,0.0,0.0,7.4328,0.0,0,,,,,0.0,0.0
15658,10.2556,166.2594,2013,2012-08-01,2013-08-01,Pacific,4.685,1.25,1.5,0.0,0.0,0.0,0.5133962264150943,1.01,0,False,0.0,0.0,0.0,0.0,7.4328,0.0,0,,,,,0.0,0.0
15659,10.2675,166.2878,2013,2012-07-20,2013-07-20,Pacific,20.94,0.0,1.5,0.0,0.0,0.0,0.5152830188679245,1.01,0,False,0.0,0.0,0.0,0.0,7.4328,0.0,0,,,,,0.0,0.0
15659,10.2675,166.2878,2013,2012-07-29,2013-07-29,Pacific,18.75,2.5,1.5,0.0,0.0,0.0,0.5120754716981132,1.01,0,False,0.0,0.0,0.0,0.0,7.4328,0.0,0,,,,,0.0,0.0
15659,10.2675,166.2878,2013,2012-07-30,2013-07-30,Pacific,20.94,1.25,1.5,0.0,0.0,0.0,0.5159615384615385,1.01,0,False,0.0,0.0,0.0,0.0,7.4328,0.0,0,,,,,0.0,0.0
15660,10.4262,119.1279,2019,2018-03-29,2019-03-29,Pacific,35.94,0.25,4.0,0.0,0.0,0.0,0.27094339622641506,0.88,0,False,0.0,0.0,0.0,0.0,0.0,0.0,0,,,,,0.0,0.0
15661,10.4422,119.1648,2019,2018-01-07,2019-01-07,Pacific,27.189999999999998,0.0,9.0,0.0,0.0,0.0,0.3507547169811321,1.1,0,False,0.0,0.0,0.0,0.0,0.0,0.0,0,,,,,0.0,0.0
15661,10.4422,119.1648,2019,2018-06-06,2019-06-06,Pacific,28.130000000000003,0.0,9.0,0.3,0.3,0.3,0.30849056603773584,1.1,0,False,0.0,0.0,0.0,0.0,0.0,0.0,0,,,,,0.0,0.0
15662,10.4437,119.1563,2019,2018-03-05,2019-03-05,Pacific,22.5,15.0,9.0,0.0,0.0,0.0,0.280188679245283,0.89,0,False,0.0,0.0,0.0,0.0,0.0,0.0,0,,,,,0.0,0.0
15663,10.4505,119.1629,2019,2018-06-07,2019-06-07,Pacific,29.065,25.0,4.0,0.3,0.3,0.3,0.29547169811320756,1.13,0,False,0.0,0.0,0.0,0.0,0.0,0.0,0,,,,,0.0,0.0
15663,10.4505,119.1629,2019,2018-12-01,2019-12-01,Pacific,27.185,0.0,9.0,0.0,0.3,0.6,0.41905660377358495,1.13,0,False,0.0,0.0,0.0,0.0,0.0,0.0,0,,,,,0.0,0.0
15664,10.4606,119.1556,2019,2018-03-07,2019-03-07,Pacific,33.12,0.0,4.5,0.0,0.0,0.0,0.2652830188679245,0.93,0,False,0.0,0.0,0.0,0.0,0.0,0.0,0,,,,,0.0,0.0
15664,10.4606,119.1556,2019,2018-06-07,2019-06-07,Pacific,31.869999999999997,0.0,4.0,0.3,0.3,0.3,0.29547169811320756,1.13,0,False,0.0,0.0,0.0,0.0,0.0,0.0,0,,,,,0.0,0.0
15665,10.4638,119.0771,2019,2018-03-16,2019-03-16,Pacific,34.375,0.0,9.0,0.0,0.0,0.0,0.2718867924528302,0.93,0,False,0.0,0.0,0.0,0.0,0.0,0.0,0,,,,,0.0,0.0
15665,10.4638,119.0771,2019,2018-06-13,2019-06-13,Pacific,22.185,0.0,9.0,0.58,0.58,0.58,0.31169811320754726,1.08,0,False,0.0,0.0,0.0,0.0,0.0,0.0,0,,,,,0.0,0.0
15666,10.484,119.0797,2019,2018-06-13,2019-06-13,Pacific,15.94,0.0,4.0,0.58,0.58,0.58,0.31169811320754726,1.08,0,False,0.0,0.0,0.0,0.0,0.0,0.0,0,,,,,0.0,0.0
15667,10.4903,119.1511,2019,2018-01-07,2019-01-07,Pacific,30.31,0.0,9.0,0.0,0.0,0.0,0.34811320754716973,1.11,0,False,0.0,0.0,0.0,0.0,0.0,0.0,0,,,,,0.0,0.0
15667,10.4903,119.1511,2019,2018-03-04,2019-03-04,Pacific,25.0,0.0,4.5,0.0,0.0,0.0,0.2707547169811322,0.93,0,False,0.0,0.0,0.0,0.0,0.0,0.0,0,,,,,0.0,0.0
15667,10.4903,119.1511,2019,2018-06-07,2019-06-07,Pacific,26.405,0.0,6.5,0.3,0.3,0.3,0.29547169811320756,1.13,0,False,0.0,0.0,0.0,0.0,0.0,0.0,0,,,,,0.0,0.0
15668,10.4933,119.1336,2018,2017-12-21,2018-12-21,Pacific,27.5025,0.0,6.9,0.0,0.0,0.0,0.36000000000000004,1.07,0,False,0.0,0.0,0.0,0.0,0.0,0.0,0,,,,,0.0,0.0
15669,10.5725,119.1648,2019,2018-03-12,2019-03-12,Pacific,20.47,1.25,6.5,0.0,0.0,0.0,0.25811320754716977,1.03,0,False,0.0,0.0,0.0,0.0,0.0,0.0,0,,,,,0.0,0.0
15669,10.5725,119.1648,2019,2018-06-19,2019-06-19,Pacific,21.095,1.25,6.5,0.44,0.44,0.44,0.2956603773584906,1.15,0,False,0.0,0.0,0.0,0.0,0.0,0.0,0,,,,,0.0,0.0
15670,10.5753,119.1761,2019,2018-03-12,2019-03-12,Pacific,21.25,0.0,4.0,0.0,0.0,0.0,0.25811320754716977,1.03,0,False,0.0,0.0,0.0,0.0,0.0,0.0,0,,,,,0.0,0.0
15670,10.5753,119.1761,2019,2018-06-19,2019-06-19,Pacific,19.685,0.5,4.0,0.44,0.44,0.44,0.2956603773584906,1.15,0,False,0.0,0.0,0.0,0.0,0.0,0.0,0,,,,,0.0,0.0
15671,10.5757,119.1752,2019,2018-03-12,2019-03-12,Pacific,33.75,0.0,9.0,0.0,0.0,0.0,0.25811320754716977,1.03,0,False,0.0,0.0,0.0,0.0,0.0,0.0,0,,,,,0.0,0.0
15671,10.5757,119.1752,2019,2018-06-19,2019-06-19,Pacific,32.815,0.0,9.0,0.44,0.44,0.44,0.2956603773584906,1.15,0,False,0.0,0.0,0.0,0.0,0.0,0.0,0,,,,,0.0,0.0
15672,10.6238,119.1629,2019,2018-03-04,2019-03-04,Pacific,25.4675,0.0,6.75,0.0,0.0,0.14,0.27377358490566034,1.11,0,False,0.0,0.0,0.0,0.0,0.0,0.0,0,,,,,0.0,0.0
15672,10.6238,119.1629,2019,2018-06-06,2019-06-06,Pacific,25.9375,0.0,6.5,0.29,0.29,0.29,0.2873584905660378,1.12,0,False,0.0,0.0,0.0,0.0,0.0,0.0,0,,,,,0.0,0.0
15673,10.7342,119.2782,2020,2019-01-08,2020-01-08,Pacific,35.0,0.0,9.0,0.0,0.0,0.45,0.4739622641509434,1.19,0,False,0.0,0.0,0.0,0.0,0.0,0.0,0,,,,,0.0,1.0
15674,11.2489,-60.5504,2017,2016-01-12,2017-01-11,Atlantic,9.375,0.0,9.5,1.1,2.9,2.9,0.760943396226415,1.43,0,False,0.0,0.0,0.0,0.0,0.0,0.0,0,1.0,2.0,1.0,2.0,,
15674,11.2489,-60.5504,2017,2016-12-06,2017-12-06,Atlantic,2.5,0.0,11.7,4.9,5.22,5.22,0.7643396226415096,1.65,7,False,0.0,0.0,0.0,0.0,0.0,0.0,0,1.0,2.0,1.0,2.0,,
15674,11.2489,-60.5504,2018,2017-01-31,2018-01-31,Atlantic,23.75,0.0,12.5,0.77,5.22,5.22,0.7577358490566038,1.65,7,False,0.0,0.0,0.0,0.0,0.0,0.0,0,1.0,3.0,1.0,3.0,,
15674,11.2489,-60.5504,2018,2017-10-15,2018-10-15,Atlantic,4.69,0.0,10.0,0.29,0.29,5.22,0.4141509433962263,1.24,7,False,0.0,0.0,0.0,0.0,4.9252,0.0,0,1.0,3.0,1.0,3.0,,
15675,11.2554,-60.5373,2017,2016-01-12,2017-01-11,Atlantic,5.0,0.0,9.5,1.15,2.92,2.92,0.7843396226415095,1.45,0,False,0.0,0.0,0.0,0.0,0.0,0.0,0,1.0,2.0,1.0,2.0,,
15675,11.2554,-60.5373,2017,2016-12-06,2017-12-06,Atlantic,2.81,0.0,10.9,4.75,5.07,5.07,0.7658490566037736,1.6,7,False,0.0,0.0,0.0,0.0,0.0,0.0,0,1.0,2.0,1.0,2.0,,
15675,11.2554,-60.5373,2018,2017-01-31,2018-01-31,Atlantic,5.3149999999999995,0.0,11.6,0.62,5.07,5.07,0.758867924528302,1.6,7,False,0.0,0.0,0.0,0.0,0.0,0.0,0,1.0,3.0,1.0,3.0,,
15675,11.2554,-60.5373,2018,2017-10-15,2018-10-15,Atlantic,8.75,0.5,10.0,0.14,0.14,5.07,0.41943396226415103,1.23,7,False,0.0,0.0,0.0,0.0,4.9252,0.0,0,1.0,3.0,1.0,3.0,,
15676,11.2911,-74.1937,2018,2017-05-12,2018-05-12,Atlantic,11.875,0.0,5.8,0.0,0.0,5.25,0.40396226415094333,1.76,7,False,0.0,0.0,6.1182,0.0,182.9886,0.0,0,1.0,18.0,1.0,18.0,,
15677,11.2943,-60.6714,2016,2015-02-15,2016-02-15,Atlantic,16.25,2.5,9.0,0.0,1.47,1.47,0.19566037735849054,1.06,0,False,0.0,0.0,0.0,0.0,4.6571,0.0,0,1.0,1.0,1.0,1.0,,
15677,11.2943,-60.6714,2017,2016-07-30,2017-07-30,Atlantic,,0.0,12.0,0.0,0.0,1.98,0.7292307692307691,1.3,0,False,0.0,0.0,0.0,0.0,0.0,0.0,0,1.0,2.0,1.0,2.0,,
15677,11.2943,-60.6714,2017,2016-12-04,2017-12-04,Atlantic,9.375,0.0,10.4,3.44,3.44,3.44,0.6843396226415095,1.55,0,False,0.0,0.0,0.0,0.0,0.0,0.0,0,1.0,2.0,1.0,2.0,,
15677,11.2943,-60.6714,2018,2017-02-25,2018-02-25,Atlantic,9.06,0.25,11.2,0.0,1.0,3.44,0.6533962264150942,1.55,0,False,0.0,0.0,0.0,0.0,0.0,0.0,0,1.0,3.0,1.0,3.0,,
15677,11.2943,-60.6714,2018,2017-10-17,2018-10-17,Atlantic,17.5,1.25,11.4,0.44,0.44,3.44,0.3216981132075472,1.0,0,False,0.0,0.0,1.4825,0.0,4.9252,0.0,0,1.0,3.0,1.0,3.0,,
15677,11.2943,-60.6714,2019,2018-04-27,2019-04-27,Atlantic,5.94,0.0,10.2,0.0,0.0,0.44,0.1807547169811321,1.05,0,False,0.0,0.0,0.0,0.0,0.0,0.0,0,1.0,4.0,1.0,4.0,,
15678,11.2979,-60.5089,2018,2017-10-16,2018-10-16,Atlantic,11.56,12.5,10.4,0.14,0.14,5.07,0.4088679245283019,0.93,0,False,0.0,0.0,0.0,0.0,4.9252,0.0,0,1.0,3.0,1.0,3.0,,
15679,11.3003,-60.5211,2017,2016-01-11,2017-01-10,Atlantic,22.185,0.0,8.5,1.17,2.78,2.78,0.7873584905660377,1.44,0,False,0.0,0.0,0.0,0.0,0.0,0.0,0,1.0,2.0,1.0,2.0,,
15679,11.3003,-60.5211,2017,2016-12-05,2017-12-05,Atlantic,16.875,0.0,11.1,4.58,4.58,4.58,0.7530188679245283,1.55,7,False,0.0,0.0,0.0,0.0,0.0,0.0,0,1.0,2.0,1.0,2.0,,
15679,11.3003,-60.5211,2018,2017-02-01,2018-02-01,Atlantic,20.619999999999997,0.0,10.8,0.17,4.58,4.58,0.7449056603773586,1.55,7,False,0.0,0.0,0.0,0.0,0.0,0.0,0,1.0,3.0,1.0,3.0,,
15679,11.3003,-60.5211,2018,2017-10-16,2018-10-16,Atlantic,15.94,2.5,8.4,0.0,0.0,4.58,0.40132075471698125,0.91,0,False,0.0,0.0,0.0,0.0,4.9252,0.0,0,1.0,3.0,1.0,3.0,,
15680,11.301,-60.5077,2017,2016-01-11,2017-01-10,Atlantic,8.75,0.0,9.9,1.17,2.78,2.78,0.7873584905660377,1.44,0,False,0.0,0.0,0.0,0.0,0.0,0.0,0,1.0,2.0,1.0,2.0,,
15680,11.301,-60.5077,2017,2016-12-05,2017-12-05,Atlantic,7.19,0.0,11.1,4.58,4.58,4.58,0.7530188679245283,1.55,7,False,0.0,0.0,0.0,0.0,0.0,0.0,0,1.0,2.0,1.0,2.0,,
15680,11.301,-60.5077,2018,2017-02-01,2018-02-01,Atlantic,9.690000000000001,0.0,11.9,0.17,4.58,4.58,0.7449056603773586,1.55,7,False,0.0,0.0,0.0,0.0,0.0,0.0,0,1.0,3.0,1.0,3.0,,
15681,11.3136,-74.1943,2018,2017-05-12,2018-05-12,Atlantic,20.939999999999998,0.0,7.5,0.0,0.0,5.44,0.4422641509433963,1.8,7,False,0.0,0.0,6.1182,0.0,216.13,0.0,0,1.0,18.0,1.0,18.0,,
15681,11.3136,-74.1943,2018,2017-05-13,2018-05-13,Atlantic,30.935,1.25,11.3,0.0,0.0,5.44,0.4422641509433963,1.8,7,False,0.0,0.0,6.1182,0.0,216.13,0.0,0,1.0,18.0,1.0,18.0,,
15682,11.3257,-60.5946,2017,2016-07-30,2017-07-30,Atlantic,3.75,0.0,9.3,0.0,0.0,2.56,0.7711538461538461,1.39,0,False,0.0,0.0,0.0,0.0,0.0,0.0,0,1.0,2.0,1.0,2.0,,
15682,11.3257,-60.5946,2017,2016-12-04,2017-12-04,Atlantic,5.0,0.0,10.3,4.03,4.03,4.03,0.7171698113207546,1.49,0,False,0.0,0.0,0.0,0.0,0.0,0.0,0,1.0,2.0,1.0,2.0,,
15682,11.3257,-60.5946,2018,2017-02-25,2018-02-25,Atlantic,6.875,0.0,12.3,0.0,1.02,4.03,0.6843396226415095,1.49,0,False,0.0,0.0,0.0,0.0,0.0,0.0,0,1.0,3.0,1.0,3.0,,
15682,11.3257,-60.5946,2018,2017-10-17,2018-10-17,Atlantic,8.125,0.0,12.2,0.0,0.0,4.03,0.36,0.93,0,False,0.0,0.0,1.4825,0.0,4.9252,0.0,0,1.0,3.0,1.0,3.0,,
15682,11.3257,-60.5946,2019,2018-04-27,2019-04-27,Atlantic,2.19,0.0,11.2,0.0,0.0,0.0,0.23566037735849057,0.99,0,False,0.0,0.0,0.0,0.0,0.0,0.0,0,1.0,4.0,1.0,4.0,,
15683,11.3384,-60.55,2018,2017-10-13,2018-10-13,Atlantic,19.69,2.0,12.0,0.0,0.0,4.58,0.41245283018867934,1.21,7,False,0.0,0.0,0.0,0.0,4.9252,0.0,0,1.0,3.0,1.0,3.0,,
15683,11.3384,-60.55,2019,2018-04-28,2019-04-28,Atlantic,25.31,0.0,12.2,0.0,0.0,0.0,0.2850943396226416,0.96,0,False,0.0,0.0,0.0,0.0,0.0,0.0,0,1.0,4.0,1.0,4.0,,
15683,11.3384,-60.55,2019,2018-10-18,2019-10-18,Atlantic,21.565,0.0,10.5,2.43,2.43,2.43,0.4632075471698113,1.18,0,False,0.0,0.0,0.0,0.0,12.5957,0.0,0,1.0,4.0,1.0,4.0,,
15684,11.3401,-60.5476,2017,2016-04-25,2017-04-25,Atlantic,13.125,0.0,11.0,0.0,0.0,2.78,0.7858490566037737,1.44,0,False,0.0,0.0,0.0,0.0,0.0,0.0,0,1.0,2.0,1.0,2.0,,
15684,11.3401,-60.5476,2018,2017-02-28,2018-02-28,Atlantic,7.81,0.0,11.9,0.0,1.34,4.58,0.7100000000000001,1.55,7,False,0.0,0.0,0.0,0.0,0.0,0.0,0,1.0,3.0,1.0,3.0,,
15685,11.3476,124.1054,2017,2016-08-30,2017-08-30,Pacific,6.25,0.0,7.9,4.75,4.75,4.75,0.6579245283018867,1.74,7,False,0.0,0.0,0.0,0.0,0.0,0.0,0,,,,,3.0,3.0
15686,11.3515,124.1092,2017,2016-03-22,2017-03-22,Pacific,7.5,0.0,4.8,0.0,0.0,4.67,0.6541509433962263,1.6,0,False,0.0,0.0,0.0,0.0,0.0,0.0,0,,,,,3.0,3.0
15687,11.3542,-60.5276,2016,2015-02-01,2016-02-01,Atlantic,20.0,1.25,9.5,0.0,1.31,1.31,0.29566037735849054,1.07,0,False,0.0,0.0,0.0,0.0,3.1502,0.0,0,1.0,1.0,1.0,1.0,,
15687,11.3542,-60.5276,2016,2015-05-20,2016-05-19,Atlantic,18.119999999999997,0.0,7.3,0.0,0.0,1.31,0.4211320754716982,1.21,0,False,0.0,0.0,0.0,0.0,3.1502,0.0,0,1.0,1.0,1.0,1.0,,
15687,11.3542,-60.5276,2017,2016-04-25,2017-04-25,Atlantic,19.375,0.0,9.0,0.0,0.0,2.94,0.7949056603773583,1.43,0,False,0.0,0.0,0.0,0.0,0.0,0.0,0,1.0,2.0,1.0,2.0,,
15687,11.3542,-60.5276,2018,2017-03-22,2018-03-22,Atlantic,13.129999999999999,0.0,8.0,0.0,0.48,4.58,0.7066037735849056,1.48,7,False,0.0,0.0,0.0,0.0,0.0,0.0,0,1.0,3.0,1.0,3.0,,
15687,11.3542,-60.5276,2018,2017-10-13,2018-10-13,Atlantic,12.81,0.0,9.7,0.0,0.0,4.58,0.41226415094339613,1.2,7,False,0.0,0.0,0.0,0.0,4.9252,0.0,0,1.0,3.0,1.0,3.0,,
15687,11.3542,-60.5276,2019,2018-04-28,2019-04-28,Atlantic,20.625,0.0,10.1,0.0,0.0,0.0,0.2918867924528302,0.95,0,False,0.0,0.0,0.0,0.0,0.0,0.0,0,1.0,4.0,1.0,4.0,,
15687,11.3542,-60.5276,2019,2018-10-18,2019-10-18,Atlantic,15.625,0.0,9.2,2.26,2.26,2.26,0.4716981132075472,1.17,0,False,0.0,0.0,0.0,0.0,10.026299999999999,0.0,0,1.0,4.0,1.0,4.0,,
15688,12.4506,-61.4944,2019,2018-06-13,2019-06-13,Atlantic,6.875,0.0,7.0,0.0,0.0,0.0,0.2839622641509434,0.84,0,False,0.0,0.0,234.30519999999999,0.0,501.7523,155.5037,0,0.0,0.0,0.0,0.0,,
15689,12.4858,-81.7024,2018,2017-10-13,2018-10-13,Atlantic,9.065,0.75,6.0,0.0,0.0,9.23,0.33037735849056604,1.26,21,False,0.0,0.0,0.0,0.0,0.0,0.0,0,1.0,9.0,1.0,9.0,,
15690,12.5052,-81.8148,2018,2017-10-13,2018-10-13,Atlantic,19.685000000000002,18.75,12.0,0.0,0.0,9.36,0.3464150943396226,1.24,21,False,0.0,0.0,0.0,0.0,0.0,0.0,0,1.0,9.0,1.0,9.0,,
15691,12.5217,-81.7298,2018,2017-10-13,2018-10-13,Atlantic,21.560000000000002,1.0,11.1,0.0,0.0,9.62,0.3332075471698113,1.3,28,False,0.0,0.0,0.0,0.0,0.0,0.0,0,1.0,9.0,1.0,9.0,,
15692,12.5372,-81.7359,2018,2017-10-13,2018-10-13,Atlantic,15.625,0.75,12.0,0.0,0.0,9.62,0.3332075471698113,1.3,28,False,0.0,0.0,0.0,0.0,0.0,0.0,0,1.0,9.0,1.0,9.0,,
15693,12.5929,-81.7408,2018,2017-10-14,2018-10-14,Atlantic,15.625,2.75,10.7,0.0,0.0,9.25,0.3386792452830189,1.35,28,False,0.0,0.0,0.0,0.0,0.0,0.0,0,1.0,9.0,1.0,9.0,,
15694,13.3128,-81.3743,2019,2018-03-15,2019-03-15,Atlantic,15.620000000000001,0.0,8.0,0.0,0.0,0.0,0.20943396226415092,0.72,0,False,0.0,0.0,0.0,0.0,0.0,0.0,0,1.0,5.0,1.0,5.0,,
15695,13.3152,-81.3743,2019,2018-03-16,2019-03-16,Atlantic,11.56,0.4,12.0,0.0,0.0,0.0,0.20943396226415092,0.72,0,False,0.0,0.0,0.0,0.0,0.0,0.0,0,1.0,5.0,1.0,5.0,,
15696,13.3186,-81.4019,2019,2018-03-14,2019-03-14,Atlantic,14.065,0.5,9.0,0.0,0.0,0.0,0.21566037735849053,0.72,0,False,0.0,0.0,0.0,0.0,0.0,0.0,0,1.0,5.0,1.0,5.0,,
15697,13.3524,-81.4074,2019,2018-03-16,2019-03-16,Atlantic,18.12,0.02,6.0,0.0,0.0,0.0,0.21924528301886792,0.74,0,False,0.0,0.0,0.0,0.0,0.0,0.0,0,1.0,5.0,1.0,5.0,,
15698,13.9711,120.6128,2019,2018-07-25,2019-07-25,Pacific,23.435,10.0,3.0,2.8000000000000003,2.8000000000000003,2.8000000000000003,0.45603773584905655,1.47,0,False,0.0,0.0,0.0,0.0,1.745,0.0,0,,,,,0.0,4.0
15699,13.9719,120.6116,2019,2018-07-24,2019-07-24,Pacific,18.12,3.25,4.0,2.8000000000000003,2.8000000000000003,2.8000000000000003,0.45603773584905655,1.47,0,False,0.0,0.0,0.0,0.0,1.745,0.0,0,,,,,0.0,4.0
15700,13.9752,120.6156,2019,2018-07-24,2019-07-24,Pacific,14.684999999999999,11.25,4.4,2.8000000000000003,2.8000000000000003,2.8000000000000003,0.45603773584905655,1.47,0,False,0.0,0.0,0.0,0.0,1.745,0.0,0,,,,,0.0,4.0
15701,13.9768,120.6077,2019,2018-07-24,2019-07-24,Pacific,20.939999999999998,13.75,5.0,2.8000000000000003,2.8000000000000003,2.8000000000000003,0.45603773584905655,1.47,0,False,0.0,0.0,0.0,0.0,1.745,0.0,0,,,,,0.0,4.0
15702,13.9771,120.6165,2019,2018-07-24,2019-07-24,Pacific,11.870000000000001,17.5,4.6,2.8000000000000003,2.8000000000000003,2.8000000000000003,0.45603773584905655,1.47,0,False,0.0,0.0,0.0,0.0,1.745,0.0,0,,,,,0.0,4.0
15703,13.9926,120.6187,2019,2018-07-23,2019-07-23,Pacific,21.875,3.75,5.6,2.8000000000000003,2.8000000000000003,2.8000000000000003,0.44943396226415094,1.47,0,False,0.0,0.0,0.0,0.0,1.745,0.0,0,,,,,0.0,4.0
15704,13.9945,120.6194,2019,2018-07-23,2019-07-23,Pacific,18.12,9.5,5.3,2.8000000000000003,2.8000000000000003,2.8000000000000003,0.44943396226415094,1.47,0,False,0.0,0.0,0.0,0.0,1.745,0.0,0,,,,,0.0,4.0
15705,14.0049,120.6161,2019,2018-07-24,2019-07-24,Pacific,26.880000000000003,6.25,5.0,3.16,3.16,3.16,0.4801886792452831,1.52,0,False,0.0,0.0,0.0,0.0,1.745,0.0,0,,,,,0.0,4.0
15706,14.0171,120.6156,2019,2018-07-24,2019-07-24,Pacific,18.75,14.5,5.7,3.16,3.16,3.16,0.4801886792452831,1.52,0,False,0.0,0.0,0.0,0.0,1.745,0.0,0,,,,,0.0,4.0
15707,14.457,-60.9219,2018,2017-05-16,2018-05-16,Atlantic,21.25,0.0,8.0,0.0,0.0,3.3200000000000003,0.6733962264150941,1.29,0,True,0.0,0.0,0.0,0.0,0.0,0.0,0,1.0,5.0,1.0,5.0,,
15708,15.2068,-61.3492,2018,2017-01-20,2018-01-20,Atlantic,7.5,0.0,16.0,0.0,2.42,2.42,0.6433962264150944,1.34,0,False,0.0,0.0,0.0,0.0,0.0,0.0,0,1.0,2.0,1.0,4.0,,
15709,15.2349,-61.3666,2018,2017-01-19,2018-01-19,Atlantic,10.629999999999999,0.0,1.0,0.0,2.56,2.56,0.6483018867924528,1.27,0,False,0.0,0.0,0.0,0.0,0.0,0.0,0,1.0,2.0,1.0,4.0,,
15710,15.2367,-61.3699,2018,2017-01-19,2018-01-19,Atlantic,15.835,0.0,10.5,0.0,2.56,2.56,0.6483018867924528,1.27,0,False,0.0,0.0,0.0,0.0,0.0,0.0,0,1.0,2.0,1.0,4.0,,
15711,15.4392,-61.4458,2018,2017-01-21,2018-01-21,Atlantic,,0.0,14.0,0.0,1.49,1.49,0.6267924528301888,1.16,0,True,0.0,0.0,0.0,0.0,0.0,0.0,0,1.0,3.0,1.0,6.0,,
15713,17.2125,-62.6548,2019,2018-06-13,2019-06-13,Atlantic,24.065,0.0,10.5,0.0,0.0,0.0,0.17490566037735844,0.6900000000000001,0,False,30.2869,0.0,247.6196,0.0,473.3834,0.0,5,0.0,0.0,1.0,2.0,,
15714,17.8935,-62.8551,2018,2017-08-03,2018-08-03,Atlantic,29.065,0.5,13.0,0.0,0.0,1.06,0.4562264150943397,1.17,0,False,0.0,0.0,0.0,0.0,249.5909,0.0,0,1.0,6.0,1.0,7.0,,
15715,17.9001,-62.8636,2018,2017-08-04,2018-08-04,Atlantic,36.56,0.75,10.0,0.0,0.0,1.06,0.45433962264150946,1.16,0,False,0.0,0.0,0.0,0.0,0.133,0.0,0,1.0,6.0,1.0,7.0,,
15716,18.1004,-73.9431,2013,2012-07-20,2013-07-20,Atlantic,16.25,0.0,1.0,0.0,0.0,0.63,0.3205660377358491,0.95,0,True,0.0,0.0,0.0,0.0,0.0,0.0,0,0.0,0.0,0.0,0.0,,
15717,18.4424,-69.6038,2014,2013-08-19,2014-08-19,Atlantic,25.31,0.0,10.0,0.0,0.0,0.93,0.51,1.15,0,False,0.0,0.0,0.0,0.0,0.0,0.0,0,1.0,2.0,1.0,2.0,,
15719,18.4929,-66.3952,2019,2018-03-24,2019-03-24,Atlantic,4.06,0.0,3.4,0.0,0.0,0.0,0.2526415094339623,0.61,0,False,0.0,0.0,0.0,0.0,0.0,0.0,0,1.0,7.0,1.0,9.0,,
15724,19.7048,-156.0502,2019,2018-07-21,2019-07-21,Pacific,15.935,0.0,10.6,0.0,0.0,0.29,0.7096226415094338,1.61,0,False,43.5467,0.0,141.6465,0.0,200.4997,0.0,7,,,,,2.0,9.0
15726,22.0854,121.5657,2018,2017-07-01,2018-07-01,Pacific,27.815,0.125,7.5,0.14,0.14,2.23,0.5994339622641509,1.97,0,False,0.0,0.0,0.0,0.0,42.4562,4.8885000000000005,0,,,,,0.0,0.0
15726,22.0854,121.5657,2019,2018-06-30,2019-06-30,Pacific,26.72,0.0,7.5,0.0,0.0,0.61,0.6192452830188679,1.73,0,False,0.0,0.0,2.0527,0.0,38.116800000000005,0.0,0,,,,,0.0,0.0
15727,22.6569,121.4738,2019,2018-04-11,2019-04-11,Pacific,18.75,0.0,5.5,0.0,0.0,1.83,0.7686792452830188,1.72,0,False,31.1518,0.0,34.1683,0.0,467.6101,138.2553,1,,,,,0.0,0.0
15728,23.2522,119.6657,2018,2017-06-10,2018-06-10,Pacific,33.125,0.25,4.3,0.0,0.0,4.64,0.8716981132075472,2.39,14,False,98.1321,73.5984,7885.7968,5919.4211,69379.1525,39119.1731,6,,,,,0.0,0.0
15729,23.2668,119.5087,2019,2018-06-15,2019-06-15,Pacific,11.25,0.0,4.0,0.0,0.0,1.22,1.0035849056603772,3.27,0,False,0.2933,0.2933,1577.5696,934.9025,35154.0753,21336.8831,1,,,,,0.0,0.0
15730,23.5117,119.5989,2019,2018-09-17,2019-09-17,Pacific,22.5,0.0,4.3,2.09,2.09,2.09,1.1430188679245283,3.17,0,True,10216.6447,4029.9457,19802.1174,8046.1034,29123.0714,15297.1202,12,,,,,0.0,0.0
15730,23.5117,119.5989,2019,2018-09-19,2019-09-19,Pacific,21.25,0.0,5.0,2.09,2.09,2.09,1.148301886792453,3.17,0,True,10216.6447,4029.9457,19802.1174,8046.1034,29123.0714,15297.1202,12,,,,,0.0,0.0
15731,24.5985,54.4195,2019,2018-06-09,2019-06-09,Arabian Gulf,7.5,32.5,7.0,0.0,0.0,0.0,0.16037735849056603,1.88,0,False,0.0,0.0,0.0,0.0,0.0,0.0,0,,,,,0.0,0.0
15731,24.5985,54.4195,2019,2018-06-28,2019-06-28,Arabian Gulf,21.25,0.0,7.0,0.0,0.0,0.0,0.20962264150943394,2.41,0,False,0.0,0.0,0.0,0.0,0.0,0.0,0,,,,,0.0,0.0
15732,25.1349,121.8267,2019,2018-04-29,2019-04-29,Pacific,37.185,0.0,5.0,0.0,0.0,4.25,0.6233962264150943,2.42,0,False,24315.1072,2578.033,87498.2631,11680.6144,241652.4191,52433.4196,12,,,,,0.0,0.0
15733,25.1753,34.844,2018,2017-07-13,2018-07-13,Red Sea,18.28,0.0,6.0,0.0,0.0,0.0,0.5539622641509435,1.92,0,False,0.0,0.0,0.0,0.0,0.0,0.0,0,,,,,2.0,3.0
15734,25.3341,34.7448,2019,2018-12-16,2019-12-16,Red Sea,31.877499999999998,0.875,6.0,2.08,8.290000000000001,8.290000000000001,0.6873584905660377,2.38,21,False,0.0,0.0,0.0,0.0,0.0,0.0,0,,,,,2.0,4.0
15735,27.922,34.3698,2020,2019-01-24,2020-01-24,Red Sea,9.6875,0.375,6.0,0.0,6.12,7.23,0.7345283018867924,2.65,14,False,0.0,0.0,0.0,0.0,0.0,0.0,0,,,,,0.0,1.0
15736,28.477,34.5115,2013,2012-03-15,2013-03-15,Red Sea,17.655,0.0,7.5,0.0,0.0,5.72,0.7845283018867926,1.99,14,False,0.0,0.0,0.0,0.0,0.0,0.0,0,,,,,0.0,0.0
15736,28.477,34.5115,2013,2012-03-30,2013-03-30,Red Sea,15.625,0.0,7.5,0.0,0.0,5.72,0.8362264150943395,1.99,14,False,0.0,0.0,0.0,0.0,0.0,0.0,0,,,,,0.0,0.0
15736,28.477,34.5115,2013,2012-10-01,2013-10-01,Red Sea,13.5925,0.0,7.5,3.42,3.42,5.72,0.8461538461538463,1.84,0,False,0.0,0.0,0.0,0.0,0.0,0.0,0,,,,,0.0,0.0
15736,28.477,34.5115,2014,2013-03-12,2014-03-12,Red Sea,14.375,0.0,7.5,0.0,0.0,3.42,0.7277358490566036,1.64,0,False,0.0,0.0,0.0,0.0,0.0,0.0,0,,,,,0.0,0.0
15736,28.477,34.5115,2014,2013-12-27,2014-12-27,Red Sea,22.5,0.0,10.0,0.0,4.7700000000000005,4.7700000000000005,0.6362264150943396,1.7,7,False,0.0,0.0,0.0,0.0,0.0,0.0,0,,,,,0.0,0.0
15736,28.477,34.5115,2015,2014-03-31,2015-03-31,Red Sea,13.75,0.0,5.0,0.0,0.0,4.7700000000000005,0.5858490566037736,1.7,7,False,0.0,0.0,0.0,0.0,0.0,0.0,0,,,,,0.0,0.0
15736,28.477,34.5115,2018,2017-05-07,2018-05-07,Red Sea,18.435,1.75,10.0,0.0,0.0,0.31,0.44094339622641504,1.34,0,False,0.0,0.0,0.0,0.0,0.0,0.0,0,,,,,0.0,0.0
15736,28.477,34.5115,2019,2018-05-25,2019-05-25,Red Sea,24.06,0.0,10.0,0.0,0.0,7.26,0.7835849056603771,1.91,21,False,0.0,0.0,0.0,0.0,0.0,0.0,0,,,,,1.0,1.0
999410,22.3717,-73.1704,2013,2012-02-26,2013-02-25,Atlantic,,0.0,14.45,0.0,0.0,0.0,0.2967924528301886,1.29,0,False,0.0,0.0,0.0,0.0,0.0,0.0,0,0.0,0.0,0.0,0.0,,
999412,22.4362,-73.0034,2013,2012-02-27,2013-02-26,Atlantic,,0.0,4.6,0.0,0.0,0.0,0.2946153846153846,1.23,0,False,0.0,0.0,0.0,0.0,0.0,0.0,0,0.0,0.0,0.0,0.0,,
999413,22.4768,-73.138,2013,2012-02-27,2013-02-26,Atlantic,,0.0,14.3,0.0,0.0,0.0,0.28788461538461535,1.23,0,False,0.0,0.0,0.0,0.0,0.0,0.0,0,0.0,0.0,0.0,0.0,,
999414,22.5829,-73.6324,2013,2012-02-24,2013-02-23,Atlantic,,0.0,18.65,0.0,0.0,0.0,0.25679245283018864,1.32,0,False,0.0,0.0,0.0,0.0,0.0,0.0,0,0.0,0.0,0.0,0.0,,
999415,22.5846,-73.4687,2013,2012-02-25,2013-02-24,Atlantic,,0.0,1.65,0.0,0.0,0.0,0.25245283018867926,1.3,0,False,0.0,0.0,0.0,0.0,0.0,0.0,0,0.0,0.0,0.0,0.0,,
999416,22.6113,-73.564,2013,2012-02-25,2013-02-24,Atlantic,,0.0,9.25,0.0,0.0,0.0,0.24415094339622645,1.32,0,False,0.0,0.0,0.0,0.0,0.0,0.0,0,0.0,0.0,0.0,0.0,,
999417,22.6176,-73.6142,2013,2012-02-21,2013-02-20,Atlantic,,0.0,2.4,0.0,0.0,0.0,0.2484905660377359,1.31,0,False,0.0,0.0,0.0,0.0,0.0,0.0,0,0.0,0.0,0.0,0.0,,
999418,22.6201,-73.5386,2013,2012-02-24,2013-02-23,Atlantic,,0.0,7.699999999999999,0.0,0.0,0.0,0.24075471698113207,1.32,0,False,0.0,0.0,0.0,0.0,0.0,0.0,0,0.0,0.0,0.0,0.0,,
999419,22.6237,-73.6308,2013,2012-02-21,2013-02-20,Atlantic,,0.0,5.199999999999999,0.0,0.0,0.0,0.2484905660377359,1.31,0,False,0.0,0.0,0.0,0.0,0.0,0.0,0,0.0,0.0,0.0,0.0,,
999420,22.6237,-73.6245,2013,2012-02-21,2013-02-20,Atlantic,,0.0,10.899999999999999,0.0,0.0,0.0,0.2484905660377359,1.31,0,False,0.0,0.0,0.0,0.0,0.0,0.0,0,0.0,0.0,0.0,0.0,,
999421,22.7054,-73.8174,2013,2012-02-28,2013-02-27,Atlantic,,0.0,12.65,0.0,0.0,0.0,0.2473584905660377,1.16,0,False,0.0,0.0,0.0,0.0,0.0,0.0,0,0.0,0.0,0.0,0.0,,
999422,22.7537,-74.0558,2013,2012-02-28,2013-02-27,Atlantic,,0.0,11.899999999999999,0.0,0.0,0.0,0.2571698113207548,1.15,0,False,0.0,0.0,0.0,0.0,0.0,0.0,0,0.0,0.0,0.0,0.0,,
999423,23.0586,-73.758,2013,2012-02-22,2013-02-21,Atlantic,,0.0,5.05,0.0,0.0,0.0,0.1332075471698113,1.17,0,False,0.0,0.0,0.0,0.0,0.0,0.0,0,0.0,0.0,0.0,0.0,,
999424,23.0713,-73.7848,2013,2012-02-22,2013-02-21,Atlantic,,0.0,12.1,0.0,0.0,0.0,0.1332075471698113,1.17,0,False,0.0,0.0,0.0,0.0,0.0,0.0,0,0.0,0.0,0.0,0.0,,
999425,23.0778,-73.6496,2013,2012-02-23,2013-02-22,Atlantic,,0.0,7.800000000000001,0.0,0.0,0.0,0.13867924528301886,1.24,0,False,0.0,0.0,0.0,0.0,0.0,0.0,0,0.0,0.0,0.0,0.0,,
999426,23.0894,-73.8224,2013,2012-02-22,2013-02-21,Atlantic,,0.0,9.9,0.0,0.0,0.0,0.13660377358490564,1.13,0,False,0.0,0.0,0.0,0.0,0.0,0.0,0,0.0,0.0,0.0,0.0,,
999427,23.0998,-73.6707,2013,2012-02-23,2013-02-22,Atlantic,,0.0,,0.0,0.0,0.0,0.13415094339622644,1.23,0,False,0.0,0.0,0.0,0.0,0.0,0.0,0,0.0,0.0,0.0,0.0,,
999428,23.1068,-73.7726,2013,2012-02-23,2013-02-22,Atlantic,,0.0,8.95,0.0,0.0,0.0,0.1162264150943396,1.17,0,False,0.0,0.0,0.0,0.0,0.0,0.0,0,0.0,0.0,0.0,0.0,,
999483,26.5939,-78.4033,2013,2012-04-24,2013-04-24,Atlantic,,0.0,3.0,0.0,0.0,0.0,-0.15056603773584906,1.09,0,False,0.0,0.0,0.0,0.0,0.0,0.0,0,0.0,0.0,1.0,2.0,,
999485,26.5947,-78.3833,2013,2012-04-24,2013-04-24,Atlantic,,6.11,9.4,0.0,0.0,0.0,-0.18037735849056608,1.13,0,False,0.0,0.0,0.0,0.0,0.0,0.0,0,0.0,0.0,1.0,2.0,,
999487,26.5961,-78.3708,2013,2012-04-23,2013-04-23,Atlantic,,0.0,8.8,0.0,0.0,0.0,-0.20557692307692313,1.09,0,False,0.0,0.0,0.0,0.0,0.0,0.0,0,0.0,0.0,1.0,2.0,,
999488,26.5967,-78.3856,2013,2012-04-23,2013-04-23,Atlantic,,0.0,5.3,0.0,0.0,0.0,-0.20557692307692313,1.09,0,False,0.0,0.0,0.0,0.0,0.0,0.0,0,0.0,0.0,1.0,2.0,,
999490,26.5986,-78.3764,2013,2012-04-23,2013-04-23,Atlantic,,0.49,3.7,0.0,0.0,0.0,-0.20557692307692313,1.09,0,False,0.0,0.0,0.0,0.0,0.0,0.0,0,0.0,0.0,1.0,2.0,,
999506,25.3157,-78.0767,2013,2012-09-09,2013-09-09,Atlantic,,2.73,13.2,0.0,0.0,0.0,-0.03735849056603774,1.22,0,False,0.0,0.0,0.0,0.0,0.0,0.0,0,0.0,0.0,0.0,0.0,,
999514,25.2404,-78.0322,2013,2012-09-10,2013-09-10,Atlantic,,15.26,17.55,0.0,0.0,0.0,-0.09057692307692305,1.09,0,False,0.0,0.0,0.0,0.0,1.3344,1.3344,0,0.0,0.0,1.0,5.0,,
999530,25.357,-78.1059,2013,2012-09-08,2013-09-08,Atlantic,,3.07,14.1,0.0,0.0,0.0,-0.03132075471698113,1.32,0,False,0.0,0.0,0.0,0.0,0.0,0.0,0,0.0,0.0,0.0,0.0,,
999531,17.8051,-77.0046,2016,2015-06-16,2016-06-15,Atlantic,,11.11,6.4,0.0,0.0,2.23,0.6590566037735849,1.44,0,False,0.0,0.0,0.0,0.0,0.0,0.0,0,0.0,0.0,0.0,0.0,,
999532,17.7987,-77.004,2014,2013-10-10,2014-10-10,Atlantic,,8.75,2.9,0.0,0.0,0.91,0.5333962264150943,1.28,0,False,0.0,0.0,0.0,0.0,0.0,0.0,0,0.0,0.0,0.0,0.0,,
999533,17.799,-77.0198,2014,2013-10-12,2014-10-12,Atlantic,,8.77,8.566666666666666,0.0,0.0,0.91,0.5333962264150943,1.28,0,False,0.0,0.0,0.0,0.0,0.0,0.0,0,0.0,0.0,0.0,0.0,,
999535,25.3409,-78.0933,2013,2012-09-08,2013-09-08,Atlantic,,8.61,16.3,0.0,0.0,0.0,-0.03735849056603774,1.22,0,False,0.0,0.0,0.0,0.0,0.0,0.0,0,0.0,0.0,0.0,0.0,,
999546,25.2224,-78.0327,2013,2012-09-10,2013-09-10,Atlantic,,1.44,4.6,0.0,0.0,0.0,-0.09057692307692305,1.09,0,False,0.0,0.0,0.0,0.0,1.3344,1.3344,0,0.0,0.0,1.0,5.0,,
999721,25.2641,-78.0529,2013,2012-09-08,2013-09-08,Atlantic,,1.39,6.4,0.0,0.0,0.0,-0.053962264150943386,1.2,0,False,0.0,0.0,0.0,0.0,0.0,0.0,0,0.0,0.0,0.0,0.0,,
999736,12.0264,-61.7644,2015,2014-03-23,2015-03-23,Atlantic,,0.0,2.55,0.0,0.15,0.15,0.3954716981132074,1.23,0,False,0.0,0.0,0.0,0.0,0.0,0.0,0,1.0,1.0,1.0,1.0,,
999766,25.3138,-78.0829,2013,2012-09-09,2013-09-09,Atlantic,,0.41,7.2,0.0,0.0,0.0,-0.03735849056603774,1.22,0,False,0.0,0.0,0.0,0.0,0.0,0.0,0,0.0,0.0,0.0,0.0,,
999767,12.0222,-61.7897,2015,2014-03-17,2015-03-17,Atlantic,,0.0,11.35,0.0,0.15,0.15,0.3943396226415094,1.23,0,False,0.0,0.0,0.0,0.0,0.0,0.0,0,1.0,1.0,1.0,1.0,,
999797,12.0338,-61.778,2015,2014-03-30,2015-03-30,Atlantic,,0.0,7.85,0.0,0.15,0.15,0.3950943396226414,1.23,0,False,0.0,0.0,0.0,0.0,0.0,0.0,0,1.0,1.0,1.0,1.0,,
999820,12.0396,-61.7729,2015,2014-03-12,2015-03-12,Atlantic,,0.0,11.35,0.0,0.15,0.15,0.39641509433962263,1.23,0,False,0.0,0.0,0.0,0.0,0.0,0.0,0,1.0,1.0,1.0,1.0,,
999824,25.2498,-78.0425,2013,2012-09-10,2013-09-10,Atlantic,,6.81,12.3,0.0,0.0,0.0,-0.09057692307692305,1.09,0,False,0.0,0.0,0.0,0.0,0.0,0.0,0,0.0,0.0,1.0,5.0,,
999845,12.0403,-61.769,2015,2014-03-05,2015-03-05,Atlantic,,0.0,9.85,0.0,0.15,0.15,0.3888679245283019,1.23,0,False,0.0,0.0,0.0,0.0,0.0,0.0,0,1.0,1.0,1.0,1.0,,
999868,25.393,-78.1294,2013,2012-09-08,2013-09-08,Atlantic,,4.67,11.4,0.0,0.0,0.0,-0.03132075471698113,1.32,0,False,0.0,0.0,0.0,0.0,0.0,0.0,0,0.0,0.0,1.0,4.0,,
999875,17.7965,-77.0695,2014,2013-08-06,2014-08-06,Atlantic,,1.7,4.5,0.0,0.0,1.24,0.5690566037735848,1.35,0,False,0.0,0.0,0.0,0.0,0.0,0.0,0,0.0,0.0,0.0,0.0,,
999876,17.8016,-77.0748,2014,2013-08-06,2014-08-06,Atlantic,,0.0,4.1,0.0,0.0,1.25,0.5652830188679245,1.37,0,False,0.0,0.0,0.0,0.0,0.0,0.0,0,0.0,0.0,0.0,0.0,,
999877,17.7947,-77.0772,2014,2013-10-19,2014-10-19,Atlantic,,4.35,5.1,0.0,0.0,1.24,0.5432075471698113,1.35,0,False,0.0,0.0,0.0,0.0,0.0,0.0,0,0.0,0.0,0.0,0.0,,
999878,17.7994,-77.0432,2014,2013-10-10,2014-10-10,Atlantic,,1.47,9.35,0.0,0.0,0.91,0.5333962264150943,1.28,0,False,0.0,0.0,0.0,0.0,0.0,0.0,0,0.0,0.0,0.0,0.0,,
999904,12.0282,-61.7831,2015,2014-03-18,2015-03-18,Atlantic,,0.0,8.45,0.0,0.15,0.15,0.3943396226415094,1.23,0,False,0.0,0.0,0.0,0.0,0.0,0.0,0,1.0,1.0,1.0,1.0,,
999906,12.0456,-61.7649,2015,2014-03-26,2015-03-26,Atlantic,,0.0,7.75,0.0,0.15,0.15,0.3954716981132074,1.23,0,False,0.0,0.0,0.0,0.0,0.0,0.0,0,1.0,1.0,1.0,1.0,,
999958,25.3075,-78.0787,2013,2012-09-11,2013-09-11,Atlantic,,3.0,8.1,0.0,0.0,0.0,-0.047924528301886794,1.22,0,False,0.0,0.0,0.0,0.0,0.0,0.0,0,0.0,0.0,0.0,0.0,,
999966,25.23,-78.0366,2013,2012-09-11,2013-09-11,Atlantic,,1.09,4.9,0.0,0.0,0.0,-0.08471698113207546,1.09,0,False,0.0,0.0,0.0,0.0,1.3344,1.3344,0,0.0,0.0,1.0,5.0,,
999975,17.8281,-76.9846,2014,2013-10-18,2014-10-18,Atlantic,,0.0,8.3,0.0,0.0,0.3,0.49679245283018864,1.21,0,False,0.0,0.0,0.0,0.0,0.0,0.0,0,0.0,0.0,0.0,0.0,,
999977,25.2406,-78.0422,2013,2012-09-11,2013-09-11,Atlantic,,0.45,7.4,0.0,0.0,0.0,-0.08471698113207546,1.09,0,False,0.0,0.0,0.0,0.0,0.0,0.0,0,0.0,0.0,1.0,5.0,,
1000001,12.0414,-61.7709,2015,2014-03-11,2015-03-11,Atlantic,,0.0,10.2,0.0,0.15,0.15,0.39641509433962263,1.23,0,False,0.0,0.0,0.0,0.0,0.0,0.0,0,1.0,1.0,1.0,1.0,,
1000028,17.8323,-76.9222,2013,2012-06-08,2013-06-08,Atlantic,,9.26,6.533333333333334,0.0,0.0,0.64,0.3807547169811322,1.01,0,False,0.0,0.0,0.0,0.0,0.0,0.0,0,0.0,0.0,0.0,0.0,,
1000052,-8.6781,115.4319,2016,2015-03-02,2016-03-01,Indian,,30.0,,5.28,5.28,5.28,0.4477358490566038,1.29,7,False,0.0,0.0,10.1268,0.0,19.4575,0.0,0,,,,,0.0,2.0
1000053,-8.6633,115.4669,2016,2015-06-04,2016-06-03,Indian,,13.0,,16.04,16.04,16.04,0.661132075471698,1.77,84,False,0.0,0.0,2.4569,0.0,18.5503,0.0,0,,,,,0.0,2.0
1000054,-8.7243,115.597,2016,2015-06-04,2016-06-03,Indian,,35.0,,17.13,17.13,17.13,0.6960377358490566,1.93,70,False,0.0,0.0,0.0,0.0,18.3178,0.0,0,,,,,0.0,1.0
1000055,-8.673,115.5475,2016,2015-06-04,2016-06-03,Indian,,35.0,,16.55,16.55,16.55,0.6696226415094342,1.83,70,False,0.0,0.0,2.4569,0.0,18.3178,0.0,0,,,,,0.0,2.0
1000056,-8.276,115.5932,2015,2014-06-24,2015-06-24,Indian,,41.5,,1.71,1.71,1.71,0.22698113207547171,1.37,0,False,0.0,0.0,0.0,0.0,3.0652,0.0,0,,,,,2.0,2.0
1000057,-8.3622,116.0882,2016,2015-05-16,2016-05-15,Pacific,,52.0,,9.43,9.43,9.43,0.4147169811320755,1.55,42,False,0.0,0.0,0.0,0.0,0.3213,0.0,0,,,,,1.0,2.0
1000058,-8.3437,116.0506,2016,2015-05-16,2016-05-15,Pacific,,58.0,,9.75,9.75,9.75,0.4094339622641509,1.61,42,False,0.0,0.0,0.0,0.0,0.3213,0.0,0,,,,,1.0,2.0
1000059,-8.3625,116.0314,2016,2015-05-16,2016-05-15,Pacific,,73.0,,10.05,10.05,10.05,0.4220754716981132,1.54,42,False,0.0,0.0,0.0,0.0,0.3213,0.0,0,,,,,1.0,3.0
1000060,-8.3571,116.124,2016,2015-05-16,2016-05-15,Pacific,,81.0,,9.28,9.28,9.28,0.41018867924528307,1.57,42,False,0.0,0.0,0.0,0.0,0.3213,0.0,0,,,,,1.0,1.0
