reef_id,year,window_end,dhw_at_survey,dhw_change_4wk,days_since_peak,peak_dhw_180d,days_dhw4_90d,sst_anomaly_30d
4,2013,2013-06-16,0.0,0.0,123.0,2.4,0,-0.08
4,2014,2014-08-23,0.0,0.0,226.0,0.16,0,0.195
4,2015,2015-10-24,0.0,0.0,225.0,0.98,0,-0.506
4,2016,2016-04-09,5.05,0.0,35.0,5.05,42,1.3539999999999999
4,2017,2017-06-09,2.64,-2.4,67.0,7.67,70,-0.11500000000000002
6,2014,2014-06-14,0.0,0.0,156.0,0.16,0,0.43499999999999994
6,2015,2015-07-26,0.0,0.0,135.0,3.56,0,0.275
6,2017,2017-03-19,5.03,2.41,358.0,5.03,21,1.4175
7,2016,2016-06-26,0.0,0.0,113.0,5.05,35,1.9919999999999998
8,2016,2016-10-12,0.0,0.0,221.0,2.62,0,1.3025
9,2017,2017-07-08,0.0,-2.48,96.0,4.67,14,0.2475
10,2017,2017-07-09,0.0,-2.48,97.0,4.67,7,0.2475
11,2017,2017-07-09,0.0,-2.48,97.0,4.67,7,0.2475
12,2017,2017-07-08,0.0,-2.48,96.0,4.67,14,0.2475
13,2013,2013-11-15,0.0,0.0,261.0,0.0,0,0.35000000000000003
14,2017,2017-07-07,0.0,-2.28,102.0,5.84,35,0.23500000000000001
31,2016,2016-03-26,1.68,0.0,35.0,1.68,0,1.054
32,2016,2016-03-26,1.68,0.0,35.0,1.68,0,1.054
36,2016,2016-03-27,2.47,0.15000000000000036,22.0,2.47,0,1.078
37,2016,2016-03-27,2.47,0.15000000000000036,22.0,2.47,0,1.078
38,2017,2017-08-06,0.0,0.0,132.0,6.21,7,1.1
39,2013,2013-06-23,0.0,0.0,137.0,0.15,0,0.05
39,2014,2014-10-24,0.0,0.0,,0.0,0,-0.21400000000000002
39,2016,2016-04-25,2.31,0.0,51.0,2.31,0,1.0775
39,2017,2017-08-06,0.0,0.0,132.0,6.21,7,1.1
40,2013,2013-06-23,0.0,0.0,137.0,0.15,0,0.05
40,2014,2014-10-24,0.0,0.0,,0.0,0,-0.21400000000000002
40,2016,2016-04-25,2.31,0.0,51.0,2.31,0,1.0775
42,2013,2013-06-22,0.0,0.0,136.0,1.12,0,0.22000000000000003
42,2016,2016-04-23,3.3200000000000003,0.0,49.0,3.3200000000000003,0,1.2160000000000002
45,2014,2014-07-12,0.0,0.0,,0.0,0,0.66
45,2015,2015-10-01,0.0,0.0,202.0,2.27,0,0.775
45,2015,2015-10-02,0.0,0.0,203.0,2.27,0,0.6180000000000001
45,2016,2016-04-23,3.36,0.0,49.0,3.36,0,1.224
45,2016,2016-04-24,3.36,0.0,50.0,3.36,0,1.224
48,2016,2016-05-28,0.0,-2.18,84.0,2.65,0,1.404
48,2017,2017-08-07,0.0,0.0,140.0,3.24,0,1.166
49,2017,2017-08-07,0.0,0.0,140.0,3.24,0,1.166
50,2016,2016-05-28,0.0,-2.18,84.0,2.65,0,1.404
52,2013,2013-04-15,0.0,0.0,364.0,0.0,0,0.29250000000000004
52,2016,2016-05-29,0.0,-1.71,85.0,1.71,0,1.4220000000000002
52,2017,2017-08-05,0.0,0.0,138.0,2.26,0,1.115
53,2013,2013-04-14,0.0,0.0,363.0,0.0,0,0.29250000000000004
53,2016,2016-05-29,0.0,-1.71,85.0,1.71,0,1.4220000000000002
53,2017,2017-08-05,0.0,0.0,138.0,2.26,0,1.115
54,2014,2014-05-04,0.0,0.0,115.0,0.5,0,0.575
54,2015,2015-07-25,0.0,0.0,134.0,3.83,0,0.22199999999999998
54,2016,2016-06-25,0.0,0.0,112.0,5.88,42,1.818
54,2017,2017-03-18,5.99,2.5100000000000002,5.0,5.99,28,1.4875
55,2014,2014-05-04,0.0,0.0,115.0,0.5,0,0.575
55,2015,2015-07-25,0.0,0.0,134.0,3.83,0,0.22199999999999998
55,2017,2017-03-18,5.99,2.5100000000000002,5.0,5.99,28,1.4875
56,2017,2017-07-07,0.0,-2.72,95.0,8.57,42,-0.555
57,2017,2017-10-15,0.0,0.0,195.0,6.18,0,1.16
59,2013,2013-04-21,2.5,0.0,363.0,2.5,0,0.17250000000000004
59,2014,2014-05-11,0.0,0.0,122.0,0.5,0,0.4175
59,2014,2014-06-11,0.0,0.0,153.0,0.5,0,0.22
59,2015,2015-10-24,0.0,0.0,225.0,1.18,0,-0.5
59,2016,2016-04-10,5.74,-0.13999999999999968,36.0,5.88,49,1.414
59,2017,2017-06-09,2.72,-2.5100000000000002,67.0,8.57,70,-0.25
60,2016,2016-06-26,0.0,0.0,113.0,5.54,35,1.8699999999999997
60,2017,2017-03-19,5.18,2.4099999999999997,358.0,5.18,21,1.4374999999999998
61,2014,2014-06-14,0.0,0.0,156.0,0.32,0,0.3375
61,2015,2015-07-26,0.0,0.0,135.0,3.83,0,0.1825
82,2017,2017-10-29,0.0,0.0,209.0,6.44,0,0.5175
87,2013,2013-04-28,2.64,-0.1499999999999999,53.0,2.79,0,0.5625
87,2014,2014-07-27,0.0,0.0,,0.0,0,0.49250000000000005
87,2015,2015-09-12,0.0,0.0,183.0,1.86,0,0.532
87,2016,2016-04-17,3.01,0.0,43.0,3.01,0,1.432
87,2016,2016-10-30,0.0,0.0,239.0,2.56,0,1.104
87,2017,2017-04-01,9.67,3.9799999999999995,5.0,9.67,42,1.9525
87,2017,2017-10-28,0.0,0.0,208.0,7.37,0,0.4375
103,2016,2016-10-29,0.0,0.0,238.0,3.34,0,1.044
104,2016,2016-04-17,5.29,0.2999999999999998,22.0,5.29,49,1.488
105,2015,2015-09-13,0.0,0.0,184.0,1.63,0,0.53
105,2017,2017-04-02,9.02,3.7299999999999995,6.0,9.02,42,1.895
109,2013,2013-04-27,1.33,0.0,52.0,1.33,0,0.595
109,2014,2014-06-24,0.0,0.0,,0.0,0,0.5974999999999999
111,2014,2014-07-26,0.0,0.0,,0.0,0,0.6124999999999999
111,2015,2015-09-13,0.0,0.0,184.0,1.62,0,0.52
111,2016,2016-04-17,6.21,0.5800000000000001,15.0,6.21,49,1.498
111,2017,2017-04-02,9.33,3.9400000000000004,6.0,9.33,42,1.9024999999999999
116,2013,2013-08-24,0.0,0.0,171.0,1.28,0,0.4425
116,2015,2015-08-02,0.0,0.0,156.0,1.5,0,0.2225
116,2017,2017-05-01,7.08,-4.459999999999999,28.0,11.54,91,1.108
119,2013,2013-05-25,0.77,-0.7,80.0,1.47,0,0.39749999999999996
119,2016,2016-04-30,4.39,-0.6600000000000001,35.0,5.05,63,1.374
122,2013,2013-05-26,0.79,-0.6699999999999999,81.0,1.46,0,0.41500000000000004
122,2017,2017-04-30,6.86,-1.5799999999999992,27.0,9.45,63,1.3775000000000002
123,2013,2013-05-25,0.79,-0.6699999999999999,80.0,1.46,0,0.41500000000000004
123,2015,2015-08-30,0.0,0.0,170.0,1.42,0,0.4825
123,2016,2016-04-30,5.13,-0.6900000000000004,35.0,5.82,63,1.388
123,2017,2017-04-30,6.86,-1.5799999999999992,27.0,9.45,63,1.3775000000000002
126,2017,2017-04-30,6.86,-1.5799999999999992,27.0,9.45,63,1.3775000000000002
129,2016,2016-10-30,0.0,0.0,211.0,7.17,0,1.0859999999999999
130,2013,2013-08-25,0.0,0.0,172.0,1.64,0,1.0550000000000002
130,2015,2015-08-29,0.0,0.0,169.0,1.13,0,0.47800000000000004
131,2013,2013-08-25,0.0,0.0,172.0,1.64,0,1.0550000000000002
131,2015,2015-08-29,0.0,0.0,169.0,1.13,0,0.47800000000000004
166,2016,2016-04-19,0.32,0.0,52.0,0.32,0,1.26
167,2013,2013-11-22,0.0,0.0,,0.0,0,-0.2575
167,2015,2015-11-22,0.0,0.0,,0.0,0,0.4125
167,2017,2017-03-27,0.18,0.0,42.0,0.18,0,0.818
168,2017,2017-05-22,0.0,-0.33,98.0,0.33,0,-0.65
169,2016,2016-04-19,0.0,0.0,,0.0,0,1.175
170,2013,2013-11-03,0.0,0.0,,0.0,0,0.10249999999999998
170,2015,2015-12-19,0.0,0.0,,0.0,0,0.516
170,2015,2015-12-20,0.0,0.0,,0.0,0,0.4375
170,2017,2017-02-05,0.0,0.0,,0.0,0,0.53
170,2017,2017-12-09,0.0,0.0,299.0,0.0,0,0.44
171,2015,2015-12-20,0.0,0.0,,0.0,0,0.4375
171,2017,2017-02-05,0.0,0.0,,0.0,0,0.53
171,2017,2017-12-09,0.0,0.0,299.0,0.0,0,0.44
174,2016,2016-02-14,0.0,0.0,359.0,0.0,0,0.22000000000000003
174,2017,2017-03-11,7.65,4.120000000000001,5.0,7.65,28,1.415
174,2017,2017-11-17,0.0,0.0,256.0,0.14,0,0.9550000000000001
175,2013,2013-01-20,0.0,0.0,,0.0,0,0.504
175,2013,2013-12-19,0.0,0.0,,0.0,0,0.16600000000000006
175,2015,2015-01-10,0.49,0.49,1.0,0.49,0,1.2120000000000002
175,2015,2015-11-01,0.0,0.0,233.0,0.44,0,0.675
175,2016,2016-02-14,0.0,0.0,338.0,0.0,0,0.23400000000000004
175,2016,2016-11-19,0.0,0.0,266.0,0.0,0,0.762
175,2017,2017-11-17,0.0,0.0,256.0,0.15,0,0.985
176,2014,2014-06-24,0.0,0.0,,0.0,0,0.145
176,2015,2015-10-06,0.0,0.0,207.0,1.23,0,0.025
176,2016,2016-04-28,0.3,0.0,363.0,0.3,0,1.4749999999999999
176,2016,2016-11-21,0.0,0.0,268.0,0.0,0,0.8925
176,2017,2017-11-27,0.0,0.0,266.0,0.0,0,0.842
179,2013,2013-10-23,0.0,0.0,,0.0,0,0.8320000000000001
179,2015,2015-11-01,0.0,0.0,233.0,0.44,0,0.675
179,2016,2016-11-20,0.0,0.0,267.0,0.0,0,0.762
179,2017,2017-11-26,0.0,0.0,265.0,0.0,0,0.9675
180,2014,2014-06-24,0.0,0.0,,0.0,0,0.1975
180,2015,2015-10-06,0.0,0.0,207.0,1.28,0,0.1375
180,2016,2016-11-22,0.0,0.0,269.0,0.0,0,0.8500000000000001
180,2017,2017-11-15,0.0,0.0,254.0,0.16,0,0.9600000000000001
181,2014,2014-06-23,0.0,0.0,,0.0,0,0.5225000000000001
181,2015,2015-01-10,0.65,0.65,1.0,0.65,0,1.184
181,2015,2015-10-07,0.0,0.0,208.0,0.6,0,0.43250000000000005
181,2015,2015-10-31,0.0,0.0,232.0,0.45,0,0.7340000000000002
181,2016,2016-04-28,0.33,0.0,363.0,0.33,0,1.6425
181,2016,2016-11-19,0.0,0.0,266.0,0.0,0,0.6880000000000001
181,2016,2016-11-21,0.0,0.0,268.0,0.0,0,0.7550000000000001
181,2017,2017-11-15,0.0,0.0,254.0,0.15,0,0.9575
181,2017,2017-11-26,0.0,0.0,265.0,0.0,0,0.9500000000000001
182,2015,2015-11-18,0.0,0.0,250.0,0.3,0,0.685
182,2016,2016-04-28,0.29,0.0,363.0,0.29,0,1.5724999999999998
182,2016,2016-11-20,0.0,0.0,267.0,0.0,0,0.808
182,2017,2017-11-25,0.0,0.0,264.0,0.0,0,0.97
186,2017,2017-12-16,0.0,0.0,285.0,0.0,0,0.5375
188,2015,2015-11-18,0.0,0.0,250.0,0.31,0,0.7400000000000001
188,2017,2017-03-11,11.56,5.630000000000001,5.0,11.56,35,1.9600000000000002
192,2017,2017-12-16,0.0,0.0,285.0,0.0,0,0.5375
194,2014,2014-11-22,0.0,0.0,,0.0,0,0.8525000000000001
194,2015,2015-09-12,0.0,0.0,176.0,2.22,0,0.02799999999999999
194,2016,2016-03-06,0.7000000000000001,0.7000000000000001,352.0,0.7000000000000001,0,0.9019999999999999
194,2016,2016-10-09,0.0,0.0,211.0,0.84,0,0.404
194,2017,2017-05-20,1.44,-3.4899999999999998,54.0,4.93,63,-0.16
194,2017,2017-09-10,0.0,0.0,167.0,4.93,0,1.29
198,2014,2014-11-22,0.0,0.0,,0.0,0,0.8525000000000001
198,2015,2015-09-12,0.0,0.0,176.0,2.22,0,0.02799999999999999
198,2016,2016-03-06,0.7000000000000001,0.7000000000000001,352.0,0.7000000000000001,0,0.9019999999999999
198,2016,2016-10-09,0.0,0.0,211.0,0.84,0,0.404
198,2017,2017-05-21,1.44,-3.4899999999999998,55.0,4.93,63,-0.16
198,2017,2017-09-10,0.0,0.0,167.0,4.93,0,1.29
202,2017,2017-05-21,1.44,-3.4899999999999998,55.0,4.93,63,-0.16
204,2016,2016-03-12,0.33,0.33,358.0,0.33,0,1.0899999999999999
204,2016,2016-09-17,0.0,0.0,203.0,0.33,0,0.376
204,2017,2017-11-25,0.0,0.0,264.0,0.0,0,0.9474999999999999
207,2013,2013-08-25,0.0,0.0,207.0,0.3,0,0.555
207,2014,2014-11-23,0.0,0.0,,0.0,0,0.8200000000000001
207,2015,2015-09-13,0.0,0.0,177.0,2.08,0,0.12250000000000003
207,2016,2016-03-05,1.15,1.0099999999999998,351.0,1.15,0,0.924
207,2016,2016-10-08,0.0,0.0,210.0,1.29,0,0.496
207,2017,2017-05-20,2.06,-3.1,54.0,5.16,56,-0.095
207,2017,2017-09-09,0.0,0.0,166.0,5.16,0,1.47
210,2013,2013-08-25,0.0,0.0,207.0,0.3,0,0.555
210,2014,2014-11-23,0.0,0.0,,0.0,0,0.8200000000000001
210,2015,2015-09-13,0.0,0.0,177.0,2.08,0,0.12250000000000003
210,2016,2016-03-05,1.15,1.0099999999999998,351.0,1.15,0,0.924
210,2016,2016-10-08,0.0,0.0,210.0,1.29,0,0.496
210,2017,2017-09-09,0.0,0.0,166.0,5.16,0,1.47
213,2017,2017-12-17,0.0,0.0,286.0,0.0,0,0.39
215,2017,2017-12-17,0.0,0.0,286.0,0.0,0,0.39
219,2017,2017-06-24,0.0,-1.15,89.0,3.62,0,0.37
221,2013,2013-10-20,0.0,0.0,,0.0,0,0.6649999999999999
221,2015,2015-01-04,0.0,0.0,,0.0,0,1.1640000000000001
221,2015,2015-12-13,0.0,0.0,282.0,0.0,0,0.8925
221,2016,2016-01-10,0.0,0.0,310.0,0.0,0,0.06799999999999998
221,2016,2016-11-06,0.0,0.0,246.0,0.3,0,0.45400000000000007
221,2017,2017-12-20,0.0,0.0,268.0,0.0,0,0.48750000000000004
225,2013,2013-10-20,0.0,0.0,,0.0,0,0.6649999999999999
225,2015,2015-01-11,0.0,0.0,,0.0,0,1.088
225,2015,2015-12-13,0.0,0.0,282.0,0.0,0,0.8925
225,2016,2016-11-06,0.0,0.0,246.0,0.3,0,0.45400000000000007
227,2013,2013-10-27,0.0,0.0,,0.0,0,0.6225
227,2015,2015-01-04,0.0,0.0,,0.0,0,1.1640000000000001
227,2016,2016-01-10,0.0,0.0,310.0,0.0,0,0.06799999999999998
227,2016,2016-11-06,0.0,0.0,246.0,0.3,0,0.45400000000000007
231,2013,2013-10-17,0.0,0.0,,0.0,0,0.8939999999999998
231,2014,2014-06-20,0.0,0.0,,0.0,0,0.48600000000000004
231,2014,2014-12-19,0.0,0.0,,0.0,0,0.8879999999999999
231,2015,2015-12-12,0.0,0.0,323.0,0.0,0,0.596
231,2016,2016-01-22,0.0,0.0,364.0,0.0,0,-0.142
231,2016,2016-12-03,0.0,0.0,,0.0,0,0.7260000000000001
231,2017,2017-01-27,0.0,0.0,,0.0,0,0.632
231,2017,2017-11-18,0.0,0.0,236.0,0.15,0,0.6100000000000001
237,2017,2017-06-24,0.0,-0.29,89.0,3.53,0,-0.39
239,2016,2016-03-11,0.0,0.0,364.0,0.0,0,0.6925000000000001
239,2016,2016-05-07,0.0,0.0,,0.0,0,1.1060000000000003
239,2017,2017-01-28,0.0,0.0,,0.0,0,0.5619999999999999
244,2014,2014-05-24,0.0,0.0,,0.0,0,0.14750000000000002
244,2014,2014-11-30,0.0,0.0,,0.0,0,0.7150000000000001
244,2015,2015-03-07,0.66,0.16000000000000003,1.0,0.66,0,0.372
244,2015,2015-10-18,0.0,0.0,226.0,0.16,0,0.7075
244,2015,2015-11-21,0.0,0.0,260.0,0.0,0,0.702
244,2016,2016-11-12,0.0,0.0,,0.0,0,0.376
244,2016,2016-11-13,0.0,0.0,,0.0,0,0.376
244,2017,2017-01-27,0.0,0.0,,0.0,0,0.476
244,2017,2017-10-14,0.0,0.0,208.0,2.1,0,0.7525000000000001
249,2013,2013-09-15,0.0,0.0,,0.0,0,0.61
249,2013,2013-11-08,0.0,0.0,,0.0,0,0.3275
249,2014,2014-10-05,0.0,0.0,,0.0,0,-0.08750000000000001
249,2015,2015-10-18,0.0,0.0,226.0,0.16,0,0.6525
249,2016,2016-01-22,0.0,0.0,322.0,0.0,0,-0.03200000000000003
249,2016,2016-11-04,0.0,0.0,,0.0,0,0.20500000000000002
249,2017,2017-10-14,0.0,0.0,229.0,2.08,0,0.675
249,2017,2017-11-18,0.0,0.0,264.0,0.0,0,0.6325000000000001
254,2013,2013-08-18,0.0,0.0,,0.0,0,0.4325
254,2014,2014-10-05,0.0,0.0,,0.0,0,-0.08750000000000001
254,2015,2015-11-21,0.0,0.0,260.0,0.0,0,0.6699999999999999
254,2016,2016-11-12,0.0,0.0,,0.0,0,0.338
258,2013,2013-08-11,0.0,0.0,,0.0,0,-1.2249999999999999
258,2014,2014-08-30,0.0,0.0,233.0,0.19,0,-1.4725000000000001
258,2017,2017-06-17,0.34,-2.17,82.0,12.46,56,-1.1400000000000001
260,2017,2017-06-18,0.16,-2.06,83.0,10.27,42,-0.5775
262,2013,2013-08-12,0.0,0.0,201.0,0.31,0,-1.025
262,2014,2014-08-30,0.0,0.0,233.0,0.32,0,-1.355
262,2017,2017-06-18,0.16,-2.06,83.0,10.27,42,-0.5775
264,2013,2013-08-11,0.0,0.0,193.0,0.3,0,-0.8075
264,2014,2014-08-30,0.0,0.0,233.0,0.17,0,-1.155
264,2017,2017-06-17,0.0,-1.4,89.0,8.72,49,-0.47500000000000003
267,2013,2013-08-10,0.0,0.0,,0.0,0,-0.67
267,2014,2014-08-31,0.0,0.0,,0.0,0,-0.47250000000000003
267,2017,2017-06-16,0.0,-0.86,102.0,7.9,42,-0.135
269,2013,2013-08-10,0.0,0.0,,0.0,0,-0.595
269,2014,2014-08-31,0.0,0.0,,0.0,0,-0.2725
269,2017,2017-06-16,0.0,-0.86,102.0,7.58,42,-0.035
271,2013,2013-02-01,0.0,0.0,340.0,0.0,0,0.20500000000000002
271,2013,2013-02-02,0.0,0.0,341.0,0.0,0,0.20500000000000002
275,2013,2013-11-02,0.0,0.0,,0.0,0,0.9400000000000001
275,2014,2014-11-08,0.0,0.0,,0.0,0,-0.11500000000000002
275,2015,2015-11-24,0.0,0.0,291.0,0.0,0,0.35750000000000004
275,2016,2016-09-18,0.0,0.0,,0.0,0,0.6759999999999999
275,2017,2017-10-29,0.0,0.0,216.0,1.96,0,1.1625
278,2013,2013-11-06,0.0,0.0,,0.0,0,0.8240000000000001
278,2014,2014-11-08,0.0,0.0,,0.0,0,-0.11500000000000002
278,2015,2015-11-24,0.0,0.0,291.0,0.0,0,0.35750000000000004
278,2016,2016-09-18,0.0,0.0,,0.0,0,0.6759999999999999
278,2017,2017-10-29,0.0,0.0,216.0,1.96,0,1.1625
281,2014,2014-11-11,0.0,0.0,,0.0,0,-0.11500000000000002
281,2015,2015-11-28,0.0,0.0,295.0,0.0,0,0.384
281,2016,2016-09-22,0.0,0.0,,0.0,0,0.675
281,2017,2017-11-02,0.0,0.0,220.0,1.96,0,1.195
284,2013,2013-11-02,0.0,0.0,,0.0,0,0.9599999999999999
284,2014,2014-11-10,0.0,0.0,,0.0,0,-0.09
284,2015,2015-11-27,0.0,0.0,294.0,0.0,0,0.388
284,2016,2016-09-22,0.0,0.0,,0.0,0,0.6525000000000001
284,2017,2017-11-02,0.0,0.0,220.0,2.29,0,1.1925
287,2013,2013-11-02,0.0,0.0,,0.0,0,0.9599999999999999
287,2014,2014-11-09,0.0,0.0,,0.0,0,-0.09
287,2015,2015-11-28,0.0,0.0,295.0,0.0,0,0.388
287,2016,2016-09-19,0.0,0.0,,0.0,0,0.6525000000000001
287,2017,2017-10-31,0.0,0.0,218.0,2.29,0,1.1760000000000002
290,2013,2013-11-03,0.0,0.0,,0.0,0,0.9599999999999999
290,2014,2014-11-08,0.0,0.0,,0.0,0,-0.09
290,2015,2015-11-24,0.0,0.0,291.0,0.0,0,0.37250000000000005
290,2016,2016-09-18,0.0,0.0,,0.0,0,0.66
290,2017,2017-10-29,0.0,0.0,216.0,2.29,0,1.1575000000000002
293,2013,2013-11-04,0.0,0.0,,0.0,0,0.9599999999999999
293,2014,2014-11-11,0.0,0.0,,0.0,0,-0.09
293,2015,2015-11-27,0.0,0.0,294.0,0.0,0,0.388
293,2016,2016-09-21,0.0,0.0,,0.0,0,0.6525000000000001
293,2017,2017-10-30,0.0,0.0,217.0,2.29,0,1.1760000000000002
295,2013,2013-11-07,0.0,0.0,,0.0,0,0.8419999999999999
295,2014,2014-11-10,0.0,0.0,,0.0,0,-0.09
295,2015,2015-11-29,0.0,0.0,296.0,0.0,0,0.3825
295,2016,2016-09-21,0.0,0.0,,0.0,0,0.6525000000000001
295,2017,2017-11-01,0.0,0.0,219.0,2.29,0,1.1925
297,2013,2013-11-04,0.0,0.0,,0.0,0,0.9599999999999999
297,2014,2014-11-11,0.0,0.0,,0.0,0,-0.09
297,2015,2015-11-27,0.0,0.0,294.0,0.0,0,0.388
297,2016,2016-09-20,0.0,0.0,,0.0,0,0.6525000000000001
297,2017,2017-11-03,0.0,0.0,221.0,2.29,0,1.1925
299,2013,2013-11-06,0.0,0.0,,0.0,0,0.8419999999999999
299,2014,2014-11-12,0.0,0.0,,0.0,0,-0.09
299,2015,2015-11-25,0.0,0.0,292.0,0.0,0,0.37250000000000005
299,2016,2016-09-20,0.0,0.0,,0.0,0,0.6525000000000001
299,2017,2017-11-02,0.0,0.0,220.0,2.29,0,1.1925
302,2016,2016-09-22,0.0,0.0,,0.0,0,0.6525000000000001
302,2017,2017-11-04,0.0,0.0,222.0,2.29,0,1.1925
304,2014,2014-11-13,0.0,0.0,,0.0,0,0.0
304,2015,2015-11-26,0.0,0.0,293.0,0.0,0,0.37250000000000005
304,2016,2016-09-20,0.0,0.0,,0.0,0,0.6525000000000001
304,2017,2017-11-01,0.0,0.0,219.0,2.29,0,1.1925
310,2017,2017-10-31,0.0,0.0,218.0,2.29,0,1.1760000000000002
312,2014,2014-11-12,0.0,0.0,,0.0,0,-0.09
312,2017,2017-11-03,0.0,0.0,221.0,2.29,0,1.1925
314,2013,2013-11-03,0.0,0.0,,0.0,0,0.9599999999999999
314,2014,2014-11-09,0.0,0.0,,0.0,0,-0.09
314,2014,2014-11-12,0.0,0.0,,0.0,0,-0.09
314,2015,2015-11-25,0.0,0.0,292.0,0.0,0,0.37250000000000005
314,2016,2016-09-19,0.0,0.0,,0.0,0,0.6525000000000001
314,2017,2017-10-30,0.0,0.0,217.0,2.29,0,1.1760000000000002
317,2013,2013-11-04,0.0,0.0,,0.0,0,0.9599999999999999
317,2014,2014-11-10,0.0,0.0,,0.0,0,-0.09
317,2015,2015-11-28,0.0,0.0,295.0,0.0,0,0.388
317,2016,2016-09-20,0.0,0.0,,0.0,0,0.6525000000000001
317,2017,2017-10-31,0.0,0.0,218.0,2.29,0,1.1760000000000002
319,2014,2014-11-09,0.0,0.0,,0.0,0,-0.09
319,2015,2015-11-25,0.0,0.0,292.0,0.0,0,0.37250000000000005
319,2016,2016-09-19,0.0,0.0,,0.0,0,0.6525000000000001
319,2017,2017-10-30,0.0,0.0,217.0,2.29,0,1.1760000000000002
1032,2013,2013-01-20,0.0,0.0,,0.0,0,0.4640000000000001
1032,2013,2013-10-23,0.0,0.0,,0.0,0,0.852
1033,2013,2013-01-20,0.0,0.0,,0.0,0,0.49800000000000005
1034,2013,2013-12-19,0.0,0.0,,0.0,0,0.09
1035,2013,2013-08-24,0.0,0.0,206.0,0.3,0,0.445
1036,2013,2013-08-24,0.0,0.0,206.0,0.3,0,0.445
1044,2014,2014-02-08,0.0,0.0,,0.0,0,-0.255
1044,2014,2014-12-21,0.0,0.0,,0.0,0,0.8075
1045,2014,2014-04-26,0.0,0.0,,0.0,0,0.72
1047,2013,2013-08-18,0.0,0.0,,0.0,0,0.5225000000000001
1047,2015,2015-03-07,0.66,0.16000000000000003,1.0,0.66,0,0.372
1047,2016,2016-01-22,0.0,0.0,322.0,0.0,0,-0.011999999999999988
1048,2013,2013-09-15,0.0,0.0,,0.0,0,0.735
1049,2013,2013-11-08,0.0,0.0,,0.0,0,0.3275
1051,2013,2013-09-29,0.0,0.0,,0.0,0,1.2825
1057,2013,2013-02-02,0.0,0.0,341.0,0.0,0,0.20500000000000002
1058,2013,2013-02-02,0.0,0.0,341.0,0.0,0,0.20500000000000002
1059,2013,2013-02-01,0.0,0.0,340.0,0.0,0,0.20500000000000002
1060,2013,2013-02-01,0.0,0.0,340.0,0.0,0,0.20500000000000002
1061,2013,2013-11-03,0.0,0.0,,0.0,0,0.9599999999999999
1062,2013,2013-06-12,1.55,-3.2600000000000007,56.0,8.91,63,0.32999999999999996
1062,2016,2016-02-27,0.0,0.0,351.0,0.0,0,-0.082
1063,2013,2013-06-12,1.55,-3.2600000000000007,56.0,8.91,63,0.32999999999999996
1063,2016,2016-02-27,0.0,0.0,351.0,0.0,0,-0.082
1064,2016,2016-02-25,0.0,0.0,349.0,0.0,0,0.2275
1064,2016,2016-02-28,0.0,0.0,352.0,0.0,0,-0.082
1065,2013,2013-06-11,1.55,-4.74,55.0,8.91,63,0.3075
1065,2016,2016-02-28,0.0,0.0,352.0,0.0,0,-0.082
1066,2013,2013-06-16,1.55,-3.2600000000000007,60.0,8.91,63,0.33
1066,2016,2016-02-24,0.0,0.0,348.0,0.0,0,0.2275
1067,2013,2013-06-15,0.97,-3.46,59.0,8.93,63,0.07500000000000001
1114,2014,2014-07-27,0.0,0.0,,0.0,0,0.6125
1118,2015,2015-08-30,0.0,0.0,170.0,1.41,0,0.46
1125,2013,2013-05-25,0.79,-0.6699999999999999,80.0,1.46,0,0.41500000000000004
1303,2013,2013-08-27,0.0,0.0,,0.0,0,-0.23500000000000001
1304,2013,2013-08-27,0.0,0.0,,0.0,0,-0.23500000000000001
1308,2016,2016-03-08,0.0,0.0,165.0,5.75,0,0.08000000000000002
1309,2017,2017-03-13,0.0,0.0,163.0,5.23,0,0.154
1315,2013,2013-07-19,0.0,0.0,,0.0,0,-0.4875
1315,2013,2013-11-20,0.0,0.0,,0.0,0,0.694
1317,2018,2018-06-22,0.0,0.0,284.0,0.0,0,0.37
1318,2013,2013-06-13,0.0,0.0,297.0,0.0,0,0.326
1318,2013,2013-08-14,0.0,0.0,359.0,0.0,0,0.028000000000000004
1318,2014,2014-08-06,0.3,0.3,6.0,0.3,0,0.5325
1318,2014,2014-08-29,2.75,2.45,1.0,2.75,0,0.9420000000000002
1318,2015,2015-06-11,0.0,0.0,287.0,0.0,0,0.6900000000000002
1318,2015,2015-08-27,2.15,2.0,364.0,2.15,0,1.05
1318,2016,2016-08-13,0.46,0.0,337.0,0.46,0,0.692
1318,2016,2016-08-22,0.46,0.0,346.0,0.46,0,0.6675
1318,2017,2017-08-16,0.0,0.0,326.0,0.0,0,0.6925
1318,2018,2018-08-25,0.15,0.0,348.0,0.15,0,0.525
1318,2019,2019-08-24,2.9,2.27,3.0,2.9,0,1.0525
1525,2014,2014-06-24,0.0,0.0,265.0,0.0,0,-0.2825
1525,2016,2016-06-22,0.2,0.2,250.0,0.51,0,1.225
1525,2018,2018-06-23,0.0,0.0,250.0,0.33,0,0.7175
1525,2019,2019-06-19,0.0,0.0,323.0,0.0,0,0.7979999999999999
1539,2014,2014-06-23,0.0,0.0,264.0,0.0,0,-0.26499999999999996
1539,2016,2016-06-21,0.17,0.17,249.0,0.49,0,1.1974999999999998
1539,2018,2018-06-22,0.0,0.0,249.0,0.33,0,0.7
1539,2019,2019-06-24,0.0,0.0,,0.0,0,0.8200000000000001
1901,2016,2016-05-17,0.66,0.66,298.0,0.66,0,1.0150000000000001
1902,2016,2016-05-17,0.66,0.66,298.0,0.66,0,1.0150000000000001
1903,2016,2016-05-19,0.85,0.85,300.0,0.85,0,1.0175
1904,2016,2016-05-19,0.85,0.85,300.0,0.85,0,1.0175
1905,2016,2016-05-19,0.85,0.85,300.0,0.85,0,1.0175
1906,2016,2016-05-19,0.85,0.85,300.0,0.85,0,1.0175
1907,2016,2016-05-17,0.66,0.66,298.0,0.66,0,1.0125000000000002
1908,2016,2016-05-17,0.66,0.66,298.0,0.66,0,1.0125000000000002
1909,2016,2016-05-19,0.67,0.67,300.0,0.67,0,1.0225
1910,2016,2016-05-19,0.67,0.67,300.0,0.67,0,1.0225
1911,2016,2016-05-18,0.86,0.86,299.0,0.86,0,1.04
1912,2016,2016-05-18,0.86,0.86,299.0,0.86,0,1.04
1913,2016,2016-05-18,0.86,0.86,299.0,0.86,0,1.04
1914,2016,2016-05-18,0.86,0.86,299.0,0.86,0,1.04
1915,2016,2016-05-17,0.66,0.66,298.0,0.66,0,1.0250000000000001
1916,2016,2016-05-16,0.84,0.84,297.0,0.84,0,1.005
1916,2016,2016-05-21,1.17,1.17,302.0,1.17,0,1.0799999999999998
1917,2016,2016-05-16,0.84,0.84,297.0,0.84,0,1.005
1917,2016,2016-05-21,1.17,1.17,302.0,1.17,0,1.0799999999999998
1919,2016,2016-05-18,1.18,1.18,299.0,1.18,0,1.0450000000000002
1920,2016,2016-05-18,1.18,1.18,299.0,1.18,0,1.0450000000000002
1921,2016,2016-05-21,1.5,1.5,302.0,1.5,0,1.104
1922,2016,2016-05-21,1.5,1.5,302.0,1.5,0,1.104
1923,2016,2016-05-11,1.41,1.41,292.0,2.29,0,1.4075
1924,2016,2016-05-11,1.41,1.41,292.0,2.29,0,1.4075
1926,2016,2016-05-11,1.03,1.03,292.0,2.25,0,1.3025
1927,2016,2016-05-11,1.03,1.03,292.0,2.25,0,1.3025
1928,2016,2016-05-16,1.17,1.17,297.0,1.17,0,1.0525
1929,2016,2016-05-16,1.17,1.17,297.0,1.17,0,1.0525
1930,2016,2016-05-12,1.21,1.21,293.0,2.69,0,1.3425
1931,2016,2016-05-12,1.21,1.21,293.0,2.69,0,1.3425
1932,2016,2016-05-07,1.21,1.21,288.0,2.69,0,1.236
1933,2016,2016-05-20,1.01,1.01,301.0,1.01,0,1.0499999999999998
1934,2016,2016-05-20,1.01,1.01,301.0,1.01,0,1.0499999999999998
1935,2016,2016-05-20,0.86,0.86,322.0,0.86,0,1.0575
1936,2016,2016-05-20,0.86,0.86,322.0,0.86,0,1.0575
1937,2016,2016-05-20,0.85,0.85,301.0,0.85,0,1.06
1947,2013,2013-04-10,0.0,0.0,,0.0,0,1.1300000000000001
1948,2013,2013-10-04,0.0,0.0,135.0,1.33,0,-0.2025
1949,2013,2013-03-17,0.0,0.0,,0.0,0,0.6400000000000001
1950,2013,2013-03-16,0.0,0.0,,0.0,0,0.6400000000000001
1951,2013,2013-03-16,0.0,0.0,,0.0,0,0.6400000000000001
1952,2013,2013-04-11,0.0,0.0,,0.0,0,1.1
1953,2013,2013-04-19,0.0,0.0,,0.0,0,1.215
1954,2013,2013-04-19,0.0,0.0,,0.0,0,1.215
1955,2013,2013-02-22,0.0,0.0,,0.0,0,0.595
1956,2013,2013-03-22,0.0,0.0,,0.0,0,0.575
1957,2013,2013-04-02,0.0,0.0,,0.0,0,0.8274999999999999
1958,2013,2013-04-20,0.0,0.0,,0.0,0,1.055
1959,2013,2013-04-22,0.0,0.0,,0.0,0,1.055
1960,2013,2013-04-08,0.0,0.0,,0.0,0,1.0825
1961,2013,2013-03-03,0.0,0.0,,0.0,0,0.67
1962,2013,2013-04-13,0.0,0.0,,0.0,0,1.3225
1963,2013,2013-03-13,0.0,0.0,,0.0,0,0.6759999999999999
1964,2013,2013-04-01,0.0,0.0,,0.0,0,0.8625
1965,2013,2013-04-03,0.0,0.0,,0.0,0,0.8960000000000001
1966,2013,2013-04-04,0.0,0.0,,0.0,0,0.8960000000000001
1967,2013,2013-04-05,0.0,0.0,,0.0,0,0.9750000000000001
1968,2013,2013-03-07,0.0,0.0,,0.0,0,0.652
1969,2013,2013-03-27,0.0,0.0,,0.0,0,0.6380000000000001
1970,2013,2013-02-20,0.0,0.0,,0.0,0,0.526
1971,2013,2013-03-09,0.0,0.0,,0.0,0,0.7474999999999999
1972,2013,2013-03-02,0.0,0.0,,0.0,0,0.7
1973,2013,2013-02-05,0.0,0.0,,0.0,0,0.35500000000000004
1974,2013,2013-03-01,0.0,0.0,,0.0,0,0.7
1975,2013,2013-03-19,0.0,0.0,,0.0,0,0.64
1976,2013,2013-03-14,0.0,0.0,,0.0,0,0.716
1977,2013,2013-03-23,0.0,0.0,,0.0,0,0.6075
1978,2013,2013-04-09,0.0,0.0,,0.0,0,0.9750000000000001
1979,2013,2013-03-29,0.0,0.0,,0.0,0,0.7475
1980,2013,2013-03-06,0.0,0.0,,0.0,0,0.6819999999999999
1981,2013,2013-03-03,0.0,0.0,,0.0,0,0.7
1982,2013,2013-03-08,0.0,0.0,,0.0,0,0.7474999999999999
1983,2013,2013-02-01,0.0,0.0,,0.0,0,0.335
1984,2013,2013-02-21,0.0,0.0,,0.0,0,0.53
1985,2013,2013-03-21,0.0,0.0,,0.0,0,0.6900000000000001
2202,2017,2017-10-14,6.2700000000000005,5.45,5.0,6.2700000000000005,14,1.4125
2205,2017,2017-10-14,6.2700000000000005,5.45,5.0,6.2700000000000005,14,1.4125
2264,2017,2017-06-18,0.3,0.3,309.0,0.3,0,1.0125
2265,2017,2017-06-17,0.29,0.29,336.0,0.29,0,1.0150000000000001
2266,2017,2017-06-17,0.29,0.29,336.0,0.29,0,1.0150000000000001
2274,2017,2017-10-15,6.2700000000000005,5.45,6.0,6.2700000000000005,14,1.4125
2275,2017,2017-10-15,6.2700000000000005,5.45,6.0,6.2700000000000005,14,1.4125
2688,2014,2014-04-10,0.0,0.0,,0.0,0,0.25599999999999995
2688,2018,2018-01-19,0.0,0.0,116.0,2.56,0,0.7020000000000001
2689,2018,2018-01-19,0.0,0.0,116.0,2.56,0,0.7020000000000001
2690,2018,2018-01-20,0.0,0.0,117.0,1.64,0,0.632
2691,2018,2018-01-20,0.0,0.0,117.0,1.49,0,0.6340000000000001
2692,2018,2018-01-20,0.0,0.0,117.0,1.49,0,0.6340000000000001
2693,2018,2018-01-21,0.0,0.0,118.0,1.49,0,0.6340000000000001
2694,2018,2018-01-21,0.0,0.0,118.0,1.58,0,0.632
2695,2018,2018-01-21,0.0,0.0,118.0,1.58,0,0.632
2701,2014,2014-04-11,0.0,0.0,191.0,0.14,0,0.24400000000000005
2720,2014,2014-07-24,0.0,0.0,288.0,0.0,0,0.258
2720,2018,2018-03-24,0.0,0.0,159.0,2.52,0,0.1125
2721,2014,2014-08-19,0.0,0.0,314.0,0.0,0,0.45749999999999996
2722,2014,2014-07-31,0.0,0.0,295.0,0.0,0,0.266
2723,2018,2018-05-12,0.0,0.0,236.0,0.45,0,0.195
2725,2018,2018-04-14,0.0,0.0,201.0,0.89,0,0.33
2729,2018,2018-04-22,0.0,0.0,209.0,1.17,0,0.16249999999999998
2775,2013,2013-04-08,0.0,0.0,168.0,0.3,0,0.1975
2783,2014,2014-07-21,0.0,0.0,285.0,0.0,0,0.2175
2789,2013,2013-04-15,0.0,0.0,203.0,1.08,0,0.4
2789,2014,2014-07-21,0.0,0.0,285.0,0.0,0,0.2175
2811,2013,2013-06-15,0.0,0.0,236.0,0.97,0,-0.03749999999999999
2812,2014,2014-02-19,0.0,0.0,126.0,0.29,0,0.5075
2812,2014,2014-02-20,0.0,0.0,127.0,0.29,0,0.5279999999999999
2830,2017,2017-12-05,0.0,0.0,353.0,0.0,0,0.6839999999999999
2830,2017,2017-12-11,0.0,0.0,359.0,0.0,0,0.654
2830,2017,2017-12-13,0.0,0.0,361.0,0.0,0,0.59
2831,2017,2017-06-17,0.0,0.0,182.0,1.84,0,0.2375
2832,2017,2017-12-05,0.14,0.14,353.0,0.14,0,0.7
2833,2017,2017-12-15,0.14,0.14,363.0,0.14,0,0.5925
2834,2017,2017-12-14,0.14,0.14,362.0,0.14,0,0.5925
2835,2017,2017-12-13,0.3,0.3,361.0,0.3,0,0.58
2876,2013,2013-04-24,0.0,0.0,226.0,6.21,0,0.7659999999999999
2878,2013,2013-04-20,0.0,0.0,222.0,6.21,0,0.8775
2878,2014,2014-05-09,0.0,0.0,254.0,0.48,0,0.788
2879,2013,2013-04-19,0.0,0.0,221.0,7.62,0,0.8775
2879,2014,2014-03-21,0.0,0.0,205.0,1.41,0,0.982
2888,2017,2017-03-24,0.0,0.0,209.0,6.18,0,-0.225
2889,2017,2017-03-23,0.0,0.0,208.0,6.18,0,-0.225
2890,2017,2017-03-22,0.0,0.0,207.0,6.18,0,-0.225
2958,2018,2018-07-20,0.0,0.0,,0.0,0,1.27
2959,2018,2018-07-20,0.0,0.0,,0.0,0,1.27
2961,2013,2013-06-18,0.0,0.0,281.0,0.0,0,1.2625
2961,2015,2015-06-17,0.0,0.0,293.0,0.0,0,0.3875
2961,2018,2018-07-14,0.0,0.0,355.0,0.0,0,1.4575
2962,2013,2013-06-18,0.0,0.0,281.0,0.0,0,1.2625
2962,2015,2015-06-16,0.0,0.0,292.0,0.0,0,0.3875
2962,2015,2015-06-17,0.0,0.0,293.0,0.0,0,0.3875
2962,2018,2018-07-14,0.0,0.0,355.0,0.0,0,1.4575
2965,2017,2017-05-28,0.0,0.0,274.0,0.0,0,0.1325
2965,2019,2019-08-03,0.64,0.64,333.0,0.64,0,1.4575
2966,2014,2014-05-09,0.0,0.0,254.0,0.48,0,0.788
2967,2013,2013-04-21,0.0,0.0,223.0,6.21,0,0.8775
2968,2014,2014-04-16,0.0,0.0,231.0,1.41,0,0.7000000000000001
2973,2014,2014-04-23,0.0,0.0,,0.0,0,0.6875
2974,2013,2013-04-22,0.0,0.0,224.0,6.24,0,0.855
2977,2015,2015-06-19,0.0,0.0,288.0,0.0,0,0.47400000000000003
2981,2017,2017-05-31,0.0,0.0,277.0,0.0,0,0.3525
2981,2019,2019-08-03,0.0,0.0,333.0,0.0,0,1.3549999999999998
2982,2013,2013-02-18,0.0,0.0,161.0,12.17,0,0.1225
2982,2013,2013-06-13,0.0,0.0,276.0,0.0,0,1.1400000000000001
2982,2015,2015-06-20,0.0,0.0,289.0,0.0,0,0.46799999999999997
2982,2017,2017-05-31,0.0,0.0,277.0,0.0,0,0.34
2982,2019,2019-08-06,0.0,0.0,336.0,0.0,0,1.385
2984,2013,2013-06-17,0.0,0.0,280.0,0.0,0,1.145
2984,2015,2015-06-20,0.0,0.0,289.0,0.0,0,0.46799999999999997
2984,2017,2017-06-01,0.0,0.0,278.0,0.0,0,0.34
2984,2019,2019-08-01,0.0,0.0,331.0,0.0,0,1.5699999999999998
2986,2013,2013-06-12,0.0,0.0,275.0,0.0,0,1.1800000000000002
2986,2017,2017-05-30,0.0,0.0,276.0,0.0,0,0.21600000000000003
2986,2019,2019-08-02,0.14,0.14,339.0,0.14,0,1.4375
2987,2014,2014-05-12,0.0,0.0,257.0,0.0,0,0.7225
2990,2014,2014-12-02,0.0,-5.26,89.0,5.43,70,0.07500000000000001
2991,2014,2014-12-03,0.0,-5.26,90.0,5.43,63,0.07500000000000001
3009,2014,2014-03-23,0.0,0.0,200.0,4.07,0,0.54
3009,2015,2015-09-06,4.93,3.01,360.0,4.93,21,1.3074999999999999
3011,2014,2014-03-17,0.0,0.0,194.0,4.0200000000000005,0,0.6975
3011,2015,2015-09-08,4.99,3.4000000000000004,4.0,4.99,21,1.32
3011,2016,2016-09-04,6.97,2.46,8.0,6.97,35,1.27
3011,2018,2018-05-01,0.0,0.0,253.0,0.46,0,0.7320000000000001
3011,2018,2018-08-20,4.47,4.47,6.0,4.47,7,1.76
3011,2018,2018-08-30,7.03,5.91,2.0,7.03,21,1.675
3011,2019,2019-05-16,0.0,0.0,247.0,0.53,0,-0.43200000000000005
3011,2019,2019-09-09,6.86,6.25,363.0,6.86,14,2.11
3015,2013,2013-03-19,0.0,0.0,197.0,6.21,0,0.615
3015,2013,2013-09-17,4.0200000000000005,2.4600000000000004,358.0,4.0200000000000005,14,1.2149999999999999
3015,2014,2014-03-20,0.0,0.0,197.0,4.0200000000000005,0,0.5980000000000001
3015,2015,2015-01-02,0.0,0.0,120.0,4.84,35,0.43999999999999995
3015,2015,2015-01-07,0.0,0.0,125.0,4.84,28,0.534
3015,2015,2015-03-20,0.0,0.0,197.0,4.84,0,0.396
3015,2015,2015-09-02,4.84,4.35,363.0,4.84,14,1.3824999999999998
3015,2016,2016-09-02,6.97,3.7199999999999998,6.0,6.97,28,1.2875
3015,2018,2018-04-29,0.0,0.0,251.0,0.46,0,0.7750000000000001
3015,2018,2018-08-21,5.76,5.62,0.0,5.76,14,1.7280000000000002
3015,2018,2018-08-25,5.76,5.62,4.0,5.76,14,1.7625000000000002
3015,2019,2019-05-21,0.0,0.0,252.0,0.18,0,-0.49
3015,2019,2019-06-08,0.0,0.0,270.0,0.0,0,0.28500000000000003
3015,2019,2019-09-05,6.86,6.25,359.0,6.86,14,1.92
3015,2019,2019-09-09,6.86,6.25,363.0,6.86,14,2.11
3015,2019,2019-12-31,0.0,-0.64,111.0,7.5,35,0.7025000000000001
3021,2014,2014-03-14,0.0,0.0,198.0,3.42,0,0.7260000000000001
3021,2014,2014-12-31,0.0,0.0,118.0,4.7700000000000005,28,0.35250000000000004
3021,2015,2015-01-07,0.0,0.0,125.0,4.7700000000000005,21,0.53
3021,2015,2015-04-09,0.0,0.0,217.0,4.7700000000000005,0,0.45500000000000007
3021,2015,2015-09-04,4.2,3.0,358.0,4.2,14,1.3539999999999999
3021,2016,2016-09-09,5.92,2.11,13.0,5.92,28,1.1425
3021,2018,2018-05-01,0.0,0.0,253.0,0.31,0,0.678
3021,2018,2018-08-17,4.12,4.12,3.0,4.12,7,1.71
3021,2019,2019-06-05,0.0,0.0,267.0,0.0,0,0.040000000000000015
3021,2019,2019-09-07,6.07,5.92,361.0,6.07,14,2.0250000000000004
3024,2013,2013-03-16,0.0,0.0,194.0,5.69,0,0.62
3024,2013,2013-03-26,0.0,0.0,204.0,5.69,0,0.65
3024,2013,2013-09-20,3.36,0.8199999999999998,361.0,3.36,0,1.1724999999999999
3024,2014,2014-03-29,0.0,0.0,206.0,3.36,0,0.5
3024,2014,2014-12-29,0.0,0.0,116.0,4.58,35,0.36
3024,2015,2015-09-10,4.2,3.16,364.0,4.2,14,1.29
3024,2016,2016-09-20,5.82,0.6500000000000004,24.0,5.82,42,1.2125
3024,2018,2018-05-04,0.0,0.0,256.0,0.47,0,0.7850000000000001
3024,2018,2018-05-08,0.0,0.0,260.0,0.0,0,0.8440000000000001
3024,2018,2018-08-20,4.13,4.13,6.0,4.13,7,1.665
3024,2019,2019-05-14,0.0,0.0,245.0,1.1,0,-0.5675
3024,2019,2019-06-10,0.0,0.0,272.0,0.0,0,0.18749999999999997
3024,2019,2019-09-25,6.37,2.0199999999999996,358.0,6.37,35,1.47
3024,2019,2019-12-29,0.0,-0.64,109.0,6.37,42,0.7749999999999999
3027,2014,2014-03-13,0.0,0.0,190.0,3.36,0,0.7140000000000001
3027,2015,2015-09-09,4.2,3.16,363.0,4.2,14,1.29
3027,2016,2016-09-18,5.82,0.6500000000000004,22.0,5.82,42,1.136
3027,2018,2018-05-09,0.0,0.0,261.0,0.0,0,0.8440000000000001
3027,2019,2019-09-15,6.37,5.76,362.0,6.37,21,1.8775000000000002
3028,2014,2014-03-15,0.0,0.0,192.0,3.36,0,0.6799999999999999
3028,2015,2015-03-21,0.0,0.0,198.0,4.58,0,0.41
3028,2015,2015-08-30,4.2,4.0600000000000005,360.0,4.2,7,1.35
3028,2016,2016-09-05,5.82,2.12,9.0,5.82,28,1.145
3028,2018,2018-04-14,0.0,0.0,236.0,0.47,0,0.6275000000000001
3028,2018,2018-08-16,4.13,4.13,2.0,4.13,7,1.665
3028,2019,2019-09-03,4.3500000000000005,4.3500000000000005,357.0,4.3500000000000005,7,1.75
3031,2013,2013-03-16,0.0,0.0,194.0,5.69,0,0.62
3031,2014,2014-03-21,0.0,0.0,198.0,3.36,0,0.58
3031,2014,2014-12-29,0.0,0.0,116.0,4.58,35,0.36
3031,2014,2014-12-30,0.0,0.0,117.0,4.58,35,0.36
3031,2015,2015-03-28,0.0,0.0,205.0,4.58,0,0.4680000000000001
3031,2015,2015-09-05,4.2,3.16,359.0,4.2,14,1.354
3031,2016,2016-09-16,5.82,1.2800000000000002,20.0,5.82,35,1.1125
3031,2018,2018-04-26,0.0,0.0,248.0,0.47,0,0.6799999999999999
3031,2018,2018-08-21,5.3500000000000005,5.2,0.0,5.3500000000000005,14,1.6320000000000001
3031,2019,2019-05-17,0.0,0.0,248.0,1.1,0,-0.585
3031,2019,2019-09-14,6.37,5.76,361.0,6.37,21,1.8775000000000002
3031,2019,2019-09-15,6.37,5.76,362.0,6.37,21,1.8775000000000002
3031,2019,2019-12-27,0.0,-0.64,107.0,6.37,42,0.7749999999999999
3033,2013,2013-03-26,0.0,0.0,204.0,5.69,0,0.65
3033,2013,2013-03-28,0.0,0.0,206.0,5.69,0,0.62
3033,2013,2013-09-25,3.36,0.13999999999999968,359.0,3.36,0,1.146
3033,2014,2014-03-25,0.0,0.0,202.0,3.36,0,0.52
3033,2015,2015-04-01,0.0,0.0,209.0,4.58,0,0.49
3033,2016,2016-09-17,5.82,0.6500000000000004,21.0,5.82,42,1.136
3033,2018,2018-05-08,0.0,0.0,260.0,0.0,0,0.8440000000000001
3033,2018,2018-08-27,5.3500000000000005,5.2,6.0,5.3500000000000005,14,1.655
3033,2019,2019-05-17,0.0,0.0,248.0,1.1,0,-0.585
3033,2019,2019-05-31,0.0,0.0,262.0,0.0,0,-0.2275
3033,2019,2019-09-17,6.37,5.76,364.0,6.37,21,1.8775000000000002
3106,2013,2013-12-12,0.0,0.0,281.0,0.0,0,1.062
3106,2017,2017-02-23,1.69,1.39,327.0,1.69,0,0.8949999999999999
3106,2017,2017-05-01,0.0,-1.69,359.0,1.69,0,1.082
3236,2015,2015-07-10,0.0,0.0,112.0,4.93,21,-0.084
3261,2018,2018-01-12,0.0,0.0,298.0,0.0,0,0.716
3307,2015,2015-07-11,0.0,0.0,120.0,4.95,21,-0.05000000000000001
3308,2013,2013-12-11,0.0,0.0,294.0,0.0,0,1.008
3308,2017,2017-02-23,0.94,0.94,327.0,0.94,0,0.9475
3308,2017,2017-05-02,0.0,-0.94,360.0,0.94,0,0.99
3308,2019,2019-02-20,0.5,0.36,330.0,0.5,0,1.03
3312,2013,2013-12-07,0.0,0.0,290.0,0.0,0,1.1925000000000001
3312,2017,2017-04-29,1.23,-1.5,364.0,2.73,0,1.195
3312,2019,2019-02-16,4.18,4.029999999999999,3.0,4.18,7,1.2399999999999998
3313,2015,2015-07-07,0.0,-0.48,109.0,7.46,35,0.16249999999999998
3313,2017,2017-02-18,2.57,1.8299999999999998,315.0,2.57,0,0.9025
3315,2013,2013-06-29,0.0,0.0,,0.0,0,1.1925000000000001
3315,2013,2013-12-13,0.0,0.0,,0.0,0,1.17
3315,2015,2015-07-12,0.0,0.0,121.0,4.84,21,-0.11750000000000002
3315,2017,2017-02-19,0.3,0.15,323.0,0.3,0,1.0725
3315,2019,2019-02-17,0.0,0.0,,0.0,0,0.985
3316,2013,2013-06-30,0.0,0.0,,0.0,0,1.2125
3316,2013,2013-12-13,0.0,0.0,,0.0,0,1.1625
3316,2015,2015-07-12,0.0,0.0,121.0,4.82,21,-0.12000000000000002
3316,2019,2019-02-17,0.0,0.0,362.0,0.0,0,0.98
3328,2013,2013-12-08,0.0,0.0,,0.0,0,1.1949999999999998
3328,2015,2015-07-13,0.0,0.0,122.0,4.97,21,-0.1
3328,2017,2017-02-19,0.93,0.6200000000000001,323.0,0.93,0,1.105
3328,2017,2017-04-30,0.0,-0.93,358.0,0.93,0,0.785
3330,2013,2013-12-08,0.0,0.0,,0.0,0,1.1949999999999998
3330,2015,2015-07-12,0.0,0.0,121.0,4.97,21,-0.1
3330,2017,2017-02-19,0.93,0.6200000000000001,323.0,0.93,0,1.105
3330,2017,2017-04-20,0.45,-0.48000000000000004,362.0,0.93,0,0.47250000000000003
3330,2019,2019-02-10,0.15,0.15,18.0,0.15,0,1.155
3339,2015,2015-07-07,0.0,-0.3,109.0,5.3500000000000005,28,-0.07250000000000001
3339,2017,2017-02-20,1.28,0.33000000000000007,324.0,1.28,0,0.998
3339,2019,2019-02-24,0.88,0.53,4.0,0.88,0,1.05
3340,2013,2013-12-09,0.0,0.0,292.0,0.0,0,0.99
3340,2015,2015-07-09,0.0,0.0,118.0,5.64,21,-0.05750000000000001
3340,2017,2017-02-21,0.74,0.44,325.0,0.74,0,1.114
3340,2017,2017-05-03,0.0,-0.74,361.0,0.74,0,1.01
3340,2019,2019-02-23,0.78,0.33,333.0,0.78,0,0.9550000000000001
3343,2013,2013-12-09,0.0,0.0,292.0,0.0,0,0.99
3343,2015,2015-07-09,0.0,0.0,118.0,5.64,21,-0.05750000000000001
3343,2017,2017-02-21,0.74,0.44,325.0,0.74,0,1.114
3343,2017,2017-05-05,0.0,-0.74,363.0,0.74,0,1.01
3343,2019,2019-02-23,0.78,0.33,333.0,0.78,0,0.9550000000000001
3353,2013,2013-02-13,0.0,0.0,,0.0,0,0.774
3353,2013,2013-02-15,0.0,0.0,,0.0,0,0.77
3353,2019,2019-03-12,1.15,0.8499999999999999,13.0,1.15,0,0.8474999999999999
3355,2013,2013-02-18,0.15,0.15,19.0,0.15,0,0.8425
3355,2014,2014-02-22,4.51,3.01,2.0,4.51,7,1.27
3355,2018,2018-05-27,0.3,0.0,47.0,0.3,0,0.25
3355,2019,2019-03-18,0.75,0.3,19.0,0.75,0,0.6675000000000001
3393,2015,2015-12-28,0.16,0.16,346.0,0.16,0,1.66
3394,2014,2014-11-28,0.0,0.0,246.0,0.45,0,1.152
3395,2014,2014-11-07,0.0,0.0,225.0,1.4,0,1.11
3395,2015,2015-12-02,0.0,0.0,271.0,0.15,0,0.8575
3396,2016,2016-06-11,2.05,-1.1100000000000003,70.0,3.18,0,0.06
3397,2016,2016-09-07,0.0,0.0,151.0,3.72,0,0.20750000000000002
3398,2016,2016-06-11,2.03,-0.9300000000000002,70.0,2.99,0,0.078
3399,2015,2015-11-25,0.0,0.0,,0.0,0,0.745
3399,2016,2016-06-12,2.01,-0.6300000000000003,71.0,2.66,0,0.06000000000000001
3399,2017,2017-11-01,0.0,0.0,,0.0,0,0.6825
3400,2014,2014-10-07,0.0,0.0,,0.0,0,0.47750000000000004
3400,2015,2015-11-27,0.0,0.0,,0.0,0,0.716
3400,2016,2016-06-10,2.44,-0.14000000000000012,69.0,2.88,0,0.08500000000000002
3401,2014,2014-05-31,0.0,0.0,,0.0,0,0.08750000000000001
3401,2014,2014-11-29,0.0,0.0,,0.0,0,0.7275
3401,2016,2016-09-11,0.0,0.0,162.0,2.96,0,0.25
3402,2014,2014-06-01,0.0,0.0,,0.0,0,0.11750000000000001
3402,2015,2015-04-18,0.0,0.0,,0.0,0,0.30999999999999994
3402,2016,2016-03-30,1.9,1.7599999999999998,4.0,1.9,0,1.07
3402,2016,2016-06-14,1.48,-0.9300000000000002,73.0,2.5500000000000003,0,0.027499999999999997
3402,2017,2017-10-30,0.0,0.0,,0.0,0,0.632
3403,2013,2013-11-15,0.0,0.0,,0.0,0,0.485
3403,2015,2015-04-18,0.0,0.0,,0.0,0,0.282
3403,2016,2016-03-30,2.7,2.56,4.0,2.7,0,1.0825
3403,2016,2016-06-13,2.02,-1.4899999999999998,65.0,3.51,0,0.0525
3412,2013,2013-01-18,0.0,0.0,326.0,0.0,0,0.134
3412,2015,2015-11-11,0.0,0.0,299.0,0.29,0,0.8975000000000001
3413,2013,2013-06-16,0.0,0.0,,0.0,0,0.3075
3413,2015,2015-11-11,0.0,0.0,299.0,0.29,0,0.8975000000000001
3415,2015,2015-12-28,0.16,0.16,346.0,0.16,0,1.66
3416,2015,2015-12-28,0.16,0.16,346.0,0.16,0,1.66
3417,2014,2014-11-28,0.0,0.0,246.0,0.45,0,1.152
3418,2014,2014-10-21,0.0,0.0,208.0,2.3000000000000003,0,0.9550000000000001
3418,2015,2015-10-20,0.0,0.0,277.0,0.15,0,0.5825
3418,2016,2016-03-05,4.24,3.7600000000000002,0.0,4.24,7,1.1440000000000001
3419,2016,2016-03-05,4.24,3.7600000000000002,0.0,4.24,7,1.1440000000000001
3420,2014,2014-11-26,0.0,0.0,244.0,0.6,0,1.08
3420,2015,2015-11-16,0.0,0.0,304.0,0.15,0,0.79
3421,2014,2014-10-23,0.0,0.0,210.0,2.47,0,1.074
3421,2015,2015-11-13,0.0,0.0,301.0,0.15,0,0.8240000000000001
3423,2014,2014-11-26,0.0,0.0,244.0,0.6,0,1.08
3423,2015,2015-11-16,0.0,0.0,304.0,0.15,0,0.79
3425,2014,2014-10-23,0.0,0.0,210.0,2.47,0,1.074
3425,2015,2015-11-13,0.0,0.0,301.0,0.15,0,0.8240000000000001
3426,2014,2014-11-26,0.0,0.0,244.0,0.6,0,1.0825
3426,2015,2015-11-20,0.0,0.0,259.0,0.15,0,0.844
3427,2013,2013-06-09,0.0,0.0,,0.0,0,0.2025
3427,2014,2014-10-22,0.0,0.0,209.0,2.32,0,0.97
3427,2015,2015-11-10,0.0,0.0,249.0,0.29,0,0.835
3428,2013,2013-05-25,0.0,0.0,,0.0,0,-0.10500000000000001
3428,2014,2014-11-27,0.0,0.0,245.0,0.6,0,1.142
3428,2015,2015-11-20,0.0,0.0,259.0,0.15,0,0.844
3429,2013,2013-05-25,0.0,0.0,,0.0,0,-0.10500000000000001
3429,2014,2014-10-22,0.0,0.0,209.0,2.32,0,0.97
3429,2015,2015-11-10,0.0,0.0,249.0,0.29,0,0.835
3430,2014,2014-10-21,0.0,0.0,208.0,2.32,0,0.97
3430,2015,2015-11-09,0.0,0.0,248.0,0.29,0,0.835
3432,2014,2014-11-27,0.0,0.0,245.0,0.6,0,1.142
3432,2015,2015-12-02,0.0,0.0,271.0,0.15,0,0.8575
3433,2014,2014-10-20,0.0,0.0,207.0,2.65,0,0.97
3437,2014,2014-10-20,0.0,0.0,207.0,2.19,0,0.9950000000000001
3437,2015,2015-11-09,0.0,0.0,248.0,0.15,0,0.8325
3438,2014,2014-11-07,0.0,0.0,225.0,0.8,0,1.1099999999999999
3438,2015,2015-12-02,0.0,0.0,271.0,0.0,0,0.87
3441,2014,2014-05-25,0.0,0.0,,0.0,0,0.0125
3441,2014,2014-12-06,0.0,0.0,,0.0,0,0.6225
3444,2014,2014-05-01,0.0,0.0,,0.0,0,-0.057999999999999996
3444,2015,2015-04-29,0.0,0.0,,0.0,0,0.485
3444,2015,2015-11-26,0.0,0.0,,0.0,0,0.76
3444,2016,2016-06-14,2.01,-0.6300000000000003,73.0,2.8000000000000003,0,0.027499999999999997
3445,2014,2014-05-27,0.0,0.0,,0.0,0,0.1425
3445,2015,2015-05-06,0.0,0.0,,0.0,0,0.5425
3445,2015,2015-11-26,0.0,0.0,,0.0,0,0.76
3445,2016,2016-06-14,2.01,-0.6300000000000003,73.0,2.8000000000000003,0,0.027499999999999997
3445,2017,2017-11-04,0.0,0.0,,0.0,0,0.685
3448,2017,2017-11-04,0.0,0.0,,0.0,0,0.6275
3450,2013,2013-12-17,1.42,0.0,69.0,1.42,0,0.5525
3450,2015,2015-02-03,0.0,0.0,,0.0,0,0.635
3450,2016,2016-01-26,0.0,-2.98,88.0,5.8100000000000005,56,0.4640000000000001
3450,2018,2018-05-23,0.0,0.0,240.0,0.97,0,-0.098
3450,2019,2019-05-21,0.0,0.0,,0.0,0,-0.1225
3451,2013,2013-12-18,0.77,0.0,359.0,0.77,0,0.398
3451,2015,2015-02-04,0.0,0.0,,0.0,0,0.51
3451,2016,2016-01-27,0.0,-3.2,89.0,5.69,56,0.36
3451,2018,2018-05-24,0.0,0.0,255.0,0.32,0,-0.16749999999999998
3451,2019,2019-05-23,0.0,0.0,,0.0,0,-0.024000000000000004
3452,2013,2013-12-20,1.07,0.0,58.0,1.07,0,0.35000000000000003
3452,2015,2015-02-06,0.0,0.0,,0.0,0,0.538
3452,2016,2016-01-30,0.0,-2.28,92.0,5.94,49,0.35833333333333334
3452,2018,2018-05-26,0.0,0.0,243.0,0.45,0,-0.1825
3452,2019,2019-05-24,0.0,0.0,,0.0,0,0.045
3454,2016,2016-01-29,0.0,-2.04,91.0,5.23,49,0.304
3454,2018,2018-05-25,0.0,0.0,256.0,0.16,0,-0.215
3454,2019,2019-05-25,0.0,0.0,,0.0,0,0.0575
3455,2013,2013-12-16,1.56,0.0,364.0,1.56,0,0.6024999999999999
3455,2015,2015-02-01,0.0,0.0,,0.0,0,0.6425000000000001
3455,2016,2016-01-24,0.0,-2.62,86.0,5.14,56,0.45
3455,2018,2018-05-22,0.0,0.0,253.0,0.8200000000000001,0,-0.010000000000000014
3455,2019,2019-05-20,0.0,0.0,,0.0,0,-0.16499999999999998
3456,2013,2013-12-13,0.62,0.0,361.0,0.62,0,0.4825
3456,2015,2015-02-07,0.0,0.0,,0.0,0,0.558
3456,2016,2016-01-31,0.0,-1.73,93.0,5.63,49,0.334
3456,2018,2018-05-19,0.0,0.0,250.0,0.85,0,-0.0175
3456,2019,2019-05-26,0.0,0.0,,0.0,0,-0.012499999999999997
3457,2013,2013-12-14,0.9,0.0,362.0,0.9,0,0.5675
3457,2015,2015-01-31,0.0,0.0,,0.0,0,0.5820000000000001
3457,2016,2016-01-23,0.0,-2.59,85.0,4.99,56,0.3933333333333333
3457,2018,2018-05-20,0.0,0.0,251.0,0.81,0,0.0050000000000000044
3457,2019,2019-05-18,0.0,0.0,,0.0,0,-0.2025
3459,2013,2013-12-13,1.08,0.0,361.0,1.08,0,0.47500000000000003
3459,2015,2015-01-30,0.0,0.0,,0.0,0,0.5616666666666666
3459,2016,2016-01-22,0.47,-2.3,84.0,4.89,56,0.388
3459,2018,2018-05-27,0.0,0.0,258.0,0.0,0,-0.245
3459,2019,2019-05-17,0.0,0.0,,0.0,0,-0.21749999999999997
3460,2015,2015-01-28,0.0,-0.14,104.0,0.14,0,0.438
3460,2016,2016-01-25,0.0,-1.12,87.0,2.72,0,0.51
3460,2017,2017-02-15,0.0,-0.59,95.0,3.6,0,0.5075
3460,2017,2017-12-04,0.0,-1.27,359.0,1.27,0,0.842
3461,2016,2016-01-25,0.0,-1.12,87.0,2.72,0,0.51
3461,2017,2017-02-14,0.0,-0.59,94.0,3.6,0,0.506
3461,2017,2017-12-06,0.0,-1.27,361.0,1.27,0,0.8975
3462,2016,2016-02-05,0.0,-0.58,98.0,2.69,0,0.6375000000000001
3462,2017,2017-02-14,0.0,-0.44,101.0,3.28,0,0.526
3462,2017,2017-12-05,0.0,-1.25,360.0,1.25,0,0.8719999999999999
3463,2016,2016-02-05,0.0,-0.73,98.0,2.8000000000000003,0,0.615
3463,2017,2017-02-15,0.0,-0.44,102.0,2.82,0,0.485
3463,2017,2017-12-05,0.0,-1.25,360.0,1.25,0,0.8880000000000001
3468,2016,2016-03-13,0.0,0.0,359.0,0.0,0,0.29
3468,2017,2017-04-30,0.0,0.0,358.0,0.0,0,0.24750000000000003
3468,2017,2017-11-18,0.0,0.0,,0.0,0,0.07249999999999998
3469,2015,2015-06-26,0.0,0.0,161.0,0.32,0,0.49799999999999994
3469,2016,2016-04-01,0.0,0.0,364.0,0.0,0,0.3425
3469,2016,2016-12-14,0.0,0.0,242.0,0.66,0,0.865
3469,2017,2017-11-18,0.0,0.0,,0.0,0,0.08499999999999999
3523,2017,2017-05-06,0.0,0.0,364.0,0.0,0,0.19
3525,2017,2017-05-06,0.0,0.0,364.0,0.0,0,0.19
3526,2016,2016-10-12,0.0,0.0,186.0,0.16,0,0.8674999999999999
3530,2016,2016-10-12,0.0,0.0,186.0,0.17,0,0.865
3533,2016,2016-02-13,0.0,0.0,358.0,0.0,0,0.43600000000000005
3534,2016,2016-01-30,0.0,0.0,358.0,0.0,0,0.4116666666666667
3534,2017,2017-06-03,0.16,0.0,364.0,0.16,0,0.21500000000000002
3535,2016,2016-01-30,0.0,0.0,358.0,0.0,0,0.4116666666666667
3538,2016,2016-03-05,0.0,0.0,358.0,0.0,0,0.426
3539,2016,2016-04-09,0.5,0.5,0.0,0.5,0,0.694
3543,2016,2016-04-09,0.51,0.51,0.0,0.51,0,0.6960000000000001
3545,2015,2015-11-13,0.0,0.0,301.0,0.0,0,0.09
3547,2015,2015-06-26,0.0,0.0,161.0,0.32,0,0.49799999999999994
3547,2016,2016-12-14,0.0,0.0,242.0,0.66,0,0.865
3547,2017,2017-04-30,0.0,0.0,358.0,0.0,0,0.23750000000000002
3550,2015,2015-07-02,0.0,0.0,167.0,0.32,0,0.4975
3550,2016,2016-12-15,0.0,0.0,243.0,0.51,0,0.865
3555,2015,2015-07-02,0.0,0.0,167.0,0.32,0,0.4975
3555,2016,2016-04-01,0.0,0.0,364.0,0.0,0,0.3425
3555,2016,2016-12-15,0.0,0.0,243.0,0.51,0,0.865
3556,2016,2016-03-12,0.0,0.0,358.0,0.0,0,0.312
3557,2016,2016-02-18,0.0,0.0,,0.0,0,0.445
3562,2015,2015-10-31,0.0,0.0,,0.0,0,-0.06399999999999997
3568,2013,2013-03-23,0.0,-0.47,110.0,0.47,0,-0.29000000000000004
3568,2014,2014-03-09,0.0,0.0,,0.0,0,-0.045
3568,2014,2014-09-14,0.0,0.0,,0.0,0,0.4675
3568,2015,2015-04-12,0.0,0.0,,0.0,0,0.24500000000000002
3568,2015,2015-09-20,0.0,0.0,,0.0,0,0.05750000000000001
3568,2016,2016-04-09,2.12,2.12,0.0,2.12,0,0.9959999999999999
3568,2017,2017-03-27,0.0,0.0,338.0,0.0,0,0.51
3568,2017,2017-10-16,0.0,0.0,,0.0,0,-0.05000000000000001
3568,2018,2018-03-31,0.0,0.0,,0.0,0,-0.4325
3568,2018,2018-10-13,0.0,0.0,,0.0,0,0.09999999999999999
3568,2019,2019-04-21,0.47,0.47,11.0,0.47,0,0.7125
3568,2019,2019-10-12,0.0,0.0,185.0,0.47,0,0.055
3568,2020,2020-03-08,0.0,0.0,333.0,0.0,0,0.35750000000000004
3571,2013,2013-07-03,0.0,0.0,212.0,0.47,0,0.10800000000000001
3571,2014,2014-03-22,0.0,0.0,,0.0,0,-0.060000000000000005
3571,2014,2014-09-20,0.0,0.0,,0.0,0,0.4525
3571,2015,2015-04-07,0.0,0.0,,0.0,0,0.27249999999999996
3571,2015,2015-09-13,0.0,0.0,,0.0,0,0.010000000000000002
3571,2016,2016-03-19,0.0,0.0,,0.0,0,0.308
3571,2016,2016-09-17,0.0,0.0,147.0,3.43,0,0.49800000000000005
3571,2017,2017-03-19,0.0,0.0,330.0,0.0,0,0.4675
3571,2017,2017-09-03,0.0,0.0,,0.0,0,0.635
3571,2018,2018-03-17,0.0,0.0,,0.0,0,-0.395
3571,2018,2018-09-09,0.0,0.0,,0.0,0,0.415
3571,2019,2019-03-17,0.0,0.0,,0.0,0,0.655
3571,2019,2019-09-08,0.0,0.0,151.0,0.61,0,0.3975
3571,2020,2020-03-15,0.0,0.0,340.0,0.0,0,0.48250000000000004
3573,2013,2013-03-23,0.0,-0.47,110.0,0.47,0,-0.26749999999999996
3573,2014,2014-03-01,0.0,0.0,,0.0,0,0.0475
3573,2014,2014-09-28,0.0,0.0,,0.0,0,0.5075000000000001
3573,2015,2015-03-07,0.0,0.0,,0.0,0,0.4119999999999999
3573,2015,2015-09-20,0.0,0.0,,0.0,0,0.037500000000000006
3573,2016,2016-03-12,0.0,0.0,,0.0,0,0.366
3573,2016,2016-08-20,0.0,0.0,119.0,3.43,0,0.522
3573,2017,2017-04-08,0.0,0.0,350.0,0.0,0,0.4925
3573,2017,2017-10-29,0.0,0.0,,0.0,0,-0.23
3573,2018,2018-04-22,0.0,0.0,,0.0,0,-0.2125
3573,2018,2018-09-30,0.0,0.0,,0.0,0,0.23
3573,2019,2019-03-02,0.0,0.0,,0.0,0,0.7025
3573,2019,2019-10-12,0.0,0.0,185.0,0.61,0,0.0425
3573,2020,2020-03-08,0.0,0.0,333.0,0.0,0,0.355
3577,2013,2013-03-31,0.0,0.0,118.0,0.47,0,-0.185
3577,2014,2014-04-02,0.0,0.0,,0.0,0,-0.1275
3577,2014,2014-09-12,0.0,0.0,,0.0,0,0.43600000000000005
3577,2015,2015-03-21,0.0,0.0,,0.0,0,0.258
3577,2015,2015-10-04,0.0,0.0,,0.0,0,0.21000000000000002
3577,2016,2016-04-02,0.79,0.79,0.0,0.79,0,0.596
3577,2016,2016-09-24,0.0,0.0,154.0,3.43,0,0.4880000000000001
3577,2017,2017-03-12,0.0,0.0,323.0,0.0,0,0.5675
3577,2017,2017-09-11,0.0,0.0,,0.0,0,0.38
3577,2018,2018-03-28,0.0,0.0,,0.0,0,-0.40800000000000003
3577,2018,2018-09-29,0.0,0.0,,0.0,0,0.23
3577,2019,2019-05-05,0.61,0.45999999999999996,25.0,0.61,0,1.0025000000000002
3577,2019,2019-09-28,0.0,0.0,171.0,0.61,0,0.0675
3577,2020,2020-03-12,0.0,0.0,337.0,0.0,0,0.392
3579,2013,2013-04-26,0.0,0.0,144.0,0.47,0,0.355
3579,2014,2014-03-11,0.0,0.0,,0.0,0,-0.015
3579,2014,2014-09-15,0.0,0.0,,0.0,0,0.46749999999999997
3579,2015,2015-04-12,0.0,0.0,,0.0,0,0.265
3579,2015,2015-09-06,0.0,0.0,,0.0,0,0.10000000000000002
3579,2016,2016-04-09,1.95,1.95,0.0,1.95,0,0.984
3579,2016,2016-09-09,0.0,0.0,139.0,3.43,0,0.5575
3579,2017,2017-03-24,0.0,0.0,335.0,0.0,0,0.5399999999999999
3579,2017,2017-10-30,0.0,0.0,,0.0,0,-0.238
3579,2018,2018-03-31,0.0,0.0,,0.0,0,-0.4325
3579,2018,2018-10-14,0.0,0.0,,0.0,0,0.05500000000000001
3579,2019,2019-04-21,0.61,0.61,11.0,0.61,0,0.7100000000000001
3579,2019,2019-09-28,0.0,0.0,171.0,0.61,0,0.0675
3579,2020,2020-03-12,0.0,0.0,337.0,0.0,0,0.392
3580,2013,2013-03-07,0.0,-0.48,94.0,0.48,0,-0.2
3580,2014,2014-03-22,0.0,0.0,,0.0,0,-0.06
3580,2014,2014-09-20,0.0,0.0,,0.0,0,0.47750000000000004
3580,2015,2015-04-07,0.0,0.0,,0.0,0,0.2525
3580,2015,2015-09-13,0.0,0.0,,0.0,0,0.0225
3580,2016,2016-03-19,0.0,0.0,,0.0,0,0.304
3580,2016,2016-09-11,0.0,0.0,141.0,3.47,0,0.5680000000000001
3580,2017,2017-03-19,0.0,0.0,330.0,0.0,0,0.47750000000000004
3580,2017,2017-09-03,0.0,0.0,,0.0,0,0.6074999999999999
3580,2018,2018-03-17,0.0,0.0,,0.0,0,-0.38749999999999996
3580,2018,2018-09-09,0.0,0.0,,0.0,0,0.39999999999999997
3580,2019,2019-03-17,0.0,0.0,,0.0,0,0.655
3580,2019,2019-09-08,0.0,0.0,151.0,0.63,0,0.385
3580,2020,2020-03-15,0.0,0.0,340.0,0.0,0,0.495
3581,2013,2013-06-01,0.0,0.0,180.0,0.47,0,0.28500000000000003
3582,2013,2013-03-22,0.0,-0.47,109.0,0.47,0,-0.26749999999999996
3582,2014,2014-03-01,0.0,0.0,,0.0,0,0.0475
3582,2014,2014-05-10,0.0,0.0,,0.0,0,-0.037500000000000006
3582,2015,2015-03-14,0.0,0.0,,0.0,0,0.318
3582,2015,2015-09-05,0.0,0.0,,0.0,0,0.14999999999999997
3582,2016,2016-03-12,0.0,0.0,,0.0,0,0.366
3582,2016,2016-08-31,0.0,0.0,130.0,3.43,0,0.5775
3582,2017,2017-03-11,0.0,0.0,322.0,0.0,0,0.5675
3582,2017,2017-10-15,0.0,0.0,,0.0,0,-0.0325
3582,2018,2018-03-24,0.0,0.0,,0.0,0,-0.395
3582,2018,2018-09-16,0.0,0.0,,0.0,0,0.37749999999999995
3582,2019,2019-03-10,0.0,0.0,,0.0,0,0.785
3582,2019,2019-09-14,0.0,0.0,157.0,0.61,0,0.32
3582,2020,2020-03-23,0.0,0.0,348.0,0.0,0,0.525
3583,2013,2013-04-26,0.0,0.0,144.0,0.47,0,0.355
3583,2014,2014-03-11,0.0,0.0,,0.0,0,-0.015
3583,2014,2014-09-15,0.0,0.0,,0.0,0,0.46749999999999997
3583,2015,2015-03-07,0.0,0.0,,0.0,0,0.4119999999999999
3583,2015,2015-10-10,0.0,0.0,,0.0,0,0.14600000000000002
3583,2016,2016-03-20,0.0,0.0,,0.0,0,0.308
3583,2016,2016-08-31,0.0,0.0,130.0,3.43,0,0.5775
3583,2017,2017-03-11,0.0,0.0,322.0,0.0,0,0.5675
3583,2017,2017-10-15,0.0,0.0,,0.0,0,-0.0325
3583,2018,2018-03-24,0.0,0.0,,0.0,0,-0.395
3583,2019,2019-03-10,0.0,0.0,,0.0,0,0.785
3583,2019,2019-09-14,0.0,0.0,157.0,0.61,0,0.32
3583,2020,2020-03-20,0.0,0.0,345.0,0.0,0,0.4720000000000001
3584,2013,2013-05-12,0.0,0.0,160.0,0.47,0,0.3425
3584,2014,2014-05-13,0.0,0.0,,0.0,0,-0.037500000000000006
3584,2014,2014-11-30,0.0,0.0,,0.0,0,0.7075
3584,2015,2015-05-10,0.0,0.0,,0.0,0,0.3175
3584,2015,2015-12-17,0.0,0.0,,0.0,0,0.495
3584,2016,2016-05-06,3.43,2.64,13.0,3.43,0,1.075
3584,2016,2016-11-06,0.0,0.0,197.0,3.43,0,0.8939999999999999
3584,2017,2017-05-21,0.0,0.0,358.0,0.0,0,0.30999999999999994
3584,2017,2017-11-12,0.0,0.0,,0.0,0,-0.105
3584,2018,2018-05-26,0.0,0.0,,0.0,0,0.2075
3584,2018,2018-12-15,0.0,0.0,,0.0,0,1.0625
3584,2020,2020-05-30,0.0,0.0,360.0,0.0,0,0.7200000000000001
3585,2013,2013-05-26,0.0,0.0,174.0,0.47,0,0.345
3585,2014,2014-05-14,0.0,0.0,,0.0,0,-0.037500000000000006
3585,2014,2014-12-01,0.0,0.0,,0.0,0,0.7075
3585,2015,2015-05-06,0.0,0.0,,0.0,0,0.28750000000000003
3585,2015,2015-11-29,0.0,0.0,,0.0,0,0.305
3585,2016,2016-05-07,3.43,1.4800000000000002,14.0,3.43,0,0.966
3585,2016,2016-11-13,0.0,0.0,204.0,3.43,0,0.9059999999999999
3585,2017,2017-05-06,0.0,0.0,364.0,0.0,0,0.37250000000000005
3585,2017,2017-11-12,0.0,0.0,,0.0,0,-0.105
3585,2018,2018-05-22,0.0,0.0,,0.0,0,0.22799999999999998
3585,2018,2018-12-15,0.0,0.0,,0.0,0,1.0625
3585,2020,2020-05-13,0.0,0.0,364.0,0.0,0,0.7725
3586,2013,2013-06-07,0.0,0.0,186.0,0.48,0,0.1775
3586,2014,2014-05-19,0.0,0.0,,0.0,0,-0.09499999999999999
3586,2014,2014-12-28,0.0,0.0,,0.0,0,0.53
3586,2015,2015-05-12,0.0,0.0,,0.0,0,0.3225
3586,2015,2015-11-07,0.0,0.0,,0.0,0,0.082
3586,2016,2016-05-11,3.47,1.4900000000000002,18.0,3.47,0,0.76
3586,2016,2016-11-23,0.0,0.0,214.0,3.47,0,0.8575
3586,2017,2017-05-02,0.0,0.0,360.0,0.0,0,0.358
3586,2017,2017-11-19,0.0,0.0,,0.0,0,0.009999999999999995
3586,2018,2018-05-19,0.0,0.0,,0.0,0,0.22499999999999998
3586,2018,2018-12-12,0.0,0.0,,0.0,0,0.922
3586,2020,2020-05-18,0.0,0.0,362.0,0.0,0,0.7324999999999999
3590,2013,2013-05-31,0.0,0.0,179.0,0.48,0,0.28
3590,2014,2014-05-18,0.0,0.0,,0.0,0,-0.09499999999999999
3590,2015,2015-01-02,0.0,0.0,,0.0,0,0.6166666666666667
3590,2015,2015-05-19,0.0,0.0,,0.0,0,0.3225
3590,2015,2015-12-13,0.0,0.0,,0.0,0,0.4975
3590,2016,2016-05-04,3.47,2.66,11.0,3.47,0,1.0925
3590,2017,2017-05-23,0.0,0.0,360.0,0.0,0,0.36
3590,2017,2017-11-06,0.0,0.0,,0.0,0,-0.158
3590,2018,2018-05-26,0.0,0.0,,0.0,0,0.205
3590,2018,2018-11-27,0.0,0.0,,0.0,0,0.758
3591,2013,2013-06-07,0.0,0.0,186.0,0.48,0,0.1775
3591,2014,2014-05-22,0.0,0.0,,0.0,0,-0.04999999999999999
3591,2014,2014-12-31,0.0,0.0,,0.0,0,0.53
3591,2015,2015-05-13,0.0,0.0,,0.0,0,0.3225
3591,2015,2015-12-13,0.0,0.0,,0.0,0,0.4975
3591,2016,2016-05-04,3.47,2.66,11.0,3.47,0,1.0925
3591,2016,2016-12-04,0.0,0.0,225.0,3.47,0,0.8720000000000001
3591,2017,2017-06-06,0.0,0.0,360.0,0.0,0,0.476
3591,2017,2017-12-03,0.0,0.0,,0.0,0,0.22499999999999998
3591,2018,2018-05-20,0.0,0.0,,0.0,0,0.22499999999999998
3591,2018,2018-11-10,0.0,0.0,,0.0,0,0.37
3591,2019,2019-05-11,0.63,0.0,31.0,0.63,0,0.92
3591,2019,2019-11-24,0.0,0.0,228.0,0.63,0,0.3525
3591,2020,2020-05-30,0.0,0.0,360.0,0.0,0,0.7125
3594,2013,2013-05-01,0.0,0.0,142.0,0.62,0,0.346
3594,2014,2014-04-05,0.0,0.0,,0.0,0,-0.2375
3594,2014,2014-10-19,0.0,0.0,,0.0,0,0.6475
3594,2015,2015-04-18,0.0,0.0,,0.0,0,0.266
3594,2015,2015-10-16,0.0,0.0,,0.0,0,0.22200000000000003
3594,2016,2016-04-03,0.98,0.98,1.0,0.98,0,0.6060000000000001
3594,2016,2016-09-25,0.0,0.0,155.0,3.65,0,0.48599999999999993
3594,2017,2017-04-15,0.0,0.0,357.0,0.0,0,0.4475
3594,2017,2017-04-29,0.0,0.0,364.0,0.0,0,0.35500000000000004
3594,2017,2017-10-22,0.0,0.0,,0.0,0,-0.04499999999999998
3594,2018,2018-03-31,0.0,0.0,,0.0,0,-0.445
3594,2018,2018-04-08,0.0,0.0,,0.0,0,-0.38
3594,2018,2018-09-30,0.0,0.0,,0.0,0,0.235
3594,2019,2019-05-06,0.8,0.64,26.0,0.8,0,1.0275
3595,2014,2014-05-14,0.0,0.0,,0.0,0,-0.0625
3595,2014,2014-12-01,0.0,0.0,,0.0,0,0.6875
3595,2015,2015-05-10,0.0,0.0,,0.0,0,0.3275
3595,2015,2015-11-21,0.0,0.0,,0.0,0,0.264
3595,2016,2016-05-10,3.65,1.4899999999999998,17.0,3.65,0,0.7925
3595,2016,2016-11-12,0.0,0.0,203.0,3.65,0,0.8879999999999999
3595,2017,2017-05-07,0.0,0.0,358.0,0.0,0,0.37
3595,2017,2017-11-19,0.0,0.0,,0.0,0,0.025
3595,2018,2018-05-23,0.0,0.0,,0.0,0,0.22199999999999998
3595,2018,2018-12-16,0.0,0.0,,0.0,0,1.0375
3595,2020,2020-05-20,0.0,0.0,364.0,0.0,0,0.7350000000000001
3596,2014,2014-05-18,0.0,0.0,,0.0,0,-0.11750000000000001
3596,2014,2014-11-30,0.0,0.0,,0.0,0,0.6675
3596,2015,2015-05-10,0.0,0.0,,0.0,0,0.325
3596,2015,2015-11-02,0.0,0.0,,0.0,0,0.12
3596,2016,2016-06-04,3.68,0.0,42.0,3.68,0,0.526
3596,2016,2016-12-03,0.0,0.0,224.0,3.68,0,0.868
3596,2017,2017-05-20,0.0,0.0,364.0,0.0,0,0.32249999999999995
3596,2017,2017-11-02,0.0,0.0,,0.0,0,-0.22000000000000003
3596,2018,2018-06-01,0.0,0.0,,0.0,0,0.175
3596,2018,2018-11-30,0.0,0.0,,0.0,0,0.79
3596,2019,2019-05-25,0.79,0.0,45.0,0.79,0,0.805
3596,2019,2019-11-29,0.0,0.0,233.0,0.79,0,0.2425
3596,2020,2020-05-12,0.0,0.0,363.0,0.0,0,0.7825
3597,2013,2013-05-28,0.0,0.0,176.0,0.48,0,0.32749999999999996
3597,2014,2014-05-21,0.0,0.0,,0.0,0,-0.11750000000000001
3597,2014,2014-12-26,0.0,0.0,,0.0,0,0.532
3597,2015,2015-05-18,0.0,0.0,,0.0,0,0.33
3597,2015,2015-12-06,0.0,0.0,,0.0,0,0.4425
3597,2016,2016-05-08,3.68,1.4900000000000002,15.0,3.68,0,1.002
3597,2016,2016-11-05,0.0,0.0,196.0,3.68,0,0.858
3597,2017,2017-05-06,0.0,0.0,364.0,0.0,0,0.36250000000000004
3597,2017,2017-11-26,0.0,0.0,,0.0,0,0.1075
3597,2018,2018-05-27,0.0,0.0,,0.0,0,0.1875
3597,2018,2018-12-16,0.0,0.0,,0.0,0,1.0175
3597,2020,2020-05-13,0.0,0.0,364.0,0.0,0,0.7825
3600,2013,2013-06-08,0.0,0.0,180.0,0.62,0,0.16749999999999998
3600,2014,2014-05-24,0.0,0.0,,0.0,0,-0.1275
3600,2015,2015-01-06,0.0,0.0,,0.0,0,0.5860000000000001
3600,2015,2015-05-16,0.0,0.0,,0.0,0,0.332
3600,2016,2016-01-09,0.0,0.0,,0.0,0,0.9916666666666667
3600,2016,2016-05-06,3.65,2.67,13.0,3.65,0,1.12
3600,2016,2016-11-20,0.0,0.0,211.0,3.65,0,0.8320000000000001
3600,2017,2017-06-05,0.0,0.0,359.0,0.0,0,0.492
3600,2017,2017-12-17,0.0,0.0,,0.0,0,0.26
3600,2018,2018-05-17,0.0,0.0,,0.0,0,0.22999999999999998
3600,2018,2018-12-17,0.0,0.0,,0.0,0,1.0375
3600,2019,2019-05-11,0.8,0.0,31.0,0.8,0,0.9400000000000001
3600,2019,2019-11-30,0.0,0.0,234.0,0.8,0,0.26
3600,2020,2020-05-27,0.0,0.0,364.0,0.0,0,0.7150000000000001
3601,2013,2013-06-08,0.0,0.0,180.0,0.61,0,0.15500000000000003
3601,2014,2014-05-22,0.0,0.0,,0.0,0,-0.096
3601,2015,2015-01-06,0.0,0.0,,0.0,0,0.584
3601,2015,2015-05-17,0.0,0.0,,0.0,0,0.33499999999999996
3601,2016,2016-01-09,0.0,0.0,,0.0,0,0.9966666666666667
3601,2016,2016-05-06,3.67,2.67,13.0,3.67,0,1.1375
3601,2016,2016-11-20,0.0,0.0,211.0,3.67,0,0.82
3601,2017,2017-06-05,0.0,0.0,359.0,0.0,0,0.49800000000000005
3601,2017,2017-11-25,0.0,0.0,,0.0,0,0.11249999999999999
3601,2018,2018-05-17,0.0,0.0,,0.0,0,0.22499999999999998
3601,2018,2018-12-01,0.0,0.0,,0.0,0,0.81
3601,2019,2019-05-05,1.26,0.66,25.0,1.26,0,1.0499999999999998
3601,2019,2019-11-30,0.0,0.0,234.0,1.11,0,0.25
3601,2020,2020-05-27,0.0,0.0,364.0,0.0,0,0.7225000000000001
3611,2013,2013-06-21,0.0,0.0,193.0,0.15,0,0.0425
3619,2014,2014-03-17,0.0,0.0,166.0,2.28,0,0.20750000000000002
3620,2014,2014-03-17,0.0,0.0,166.0,2.28,0,0.20750000000000002
3621,2014,2014-03-13,0.0,0.0,162.0,2.28,0,0.22200000000000003
3622,2016,2016-11-14,1.62,0.5800000000000001,9.0,1.62,0,1.105
3622,2017,2017-06-21,0.0,0.0,228.0,0.58,0,0.7825
3622,2017,2017-10-19,3.4,0.14000000000000012,24.0,3.4,0,0.5750000000000001
3622,2018,2018-05-23,0.0,0.0,212.0,2.47,0,0.11800000000000002
3622,2018,2018-07-17,0.0,0.0,267.0,0.0,0,0.142
3623,2016,2016-12-19,1.46,-0.16000000000000014,44.0,1.62,0,0.9400000000000001
3623,2017,2017-06-19,0.0,0.0,226.0,0.58,0,0.752
3623,2017,2017-06-21,0.0,0.0,228.0,0.58,0,0.7825
3623,2017,2017-08-22,0.0,0.0,290.0,0.0,0,0.9260000000000002
3623,2017,2017-09-18,3.26,3.26,0.0,3.26,0,1.1219999999999999
3623,2017,2017-10-23,3.6,0.20000000000000018,0.0,3.6,0,0.524
3623,2018,2018-05-24,0.0,0.0,213.0,2.47,0,0.060000000000000005
3623,2018,2018-08-17,0.0,0.0,298.0,0.0,0,0.1675
3623,2019,2019-06-19,0.0,0.0,,0.0,0,0.6599999999999999
3624,2017,2017-06-22,0.0,0.0,229.0,0.58,0,0.7825
3624,2017,2017-08-23,0.0,0.0,291.0,0.0,0,0.965
3624,2017,2017-09-21,3.26,3.26,3.0,3.26,0,1.1575
3624,2017,2017-10-25,3.6,0.20000000000000018,2.0,3.6,0,0.4875
3624,2018,2018-05-23,0.0,0.0,212.0,2.47,0,0.11800000000000002
3624,2018,2018-05-24,0.0,0.0,213.0,2.47,0,0.060000000000000005
3624,2018,2018-08-17,0.0,0.0,298.0,0.0,0,0.1675
3624,2019,2019-06-14,0.0,0.0,,0.0,0,0.6575
3625,2017,2017-08-21,0.0,0.0,289.0,0.0,0,0.9260000000000002
3625,2018,2018-07-13,0.0,0.0,263.0,0.0,0,0.1325
3625,2018,2018-07-17,0.0,0.0,267.0,0.0,0,0.142
3643,2013,2013-07-21,0.0,0.0,272.0,0.0,0,0.3175
3644,2014,2014-08-27,0.0,0.0,336.0,0.0,0,0.16
3645,2014,2014-08-25,0.0,0.0,334.0,0.0,0,0.05500000000000001
3646,2014,2014-05-11,0.0,0.0,200.0,3.2,0,0.6375
3647,2014,2014-10-13,0.0,0.0,362.0,0.0,0,0.245
3648,2014,2014-08-26,0.0,0.0,335.0,0.0,0,0.014999999999999993
3649,2014,2014-05-10,0.0,0.0,206.0,2.4,0,0.6074999999999999
3651,2014,2014-08-25,0.0,0.0,334.0,0.0,0,0.019999999999999997
3652,2014,2014-08-28,0.0,0.0,,0.0,0,0.182
3653,2016,2016-01-31,0.0,-0.32,93.0,1.63,0,0.7020000000000001
3654,2013,2013-08-20,0.0,0.0,302.0,0.0,0,0.42750000000000005
3655,2014,2014-08-28,0.0,0.0,,0.0,0,0.182
3656,2013,2013-08-16,0.0,0.0,298.0,0.0,0,0.40750000000000003
3657,2013,2013-08-21,0.0,0.0,303.0,0.0,0,0.492
3658,2013,2013-08-22,0.0,0.0,304.0,0.0,0,0.51
3659,2016,2016-01-17,0.16,-1.1400000000000001,79.0,2.49,0,0.9059999999999999
3660,2013,2013-08-23,0.0,0.0,361.0,0.0,0,0.4975
3661,2013,2013-08-22,0.0,0.0,360.0,0.0,0,0.516
3662,2014,2014-08-29,0.0,0.0,331.0,0.0,0,0.41400000000000003
3663,2014,2014-08-30,0.0,0.0,332.0,0.0,0,0.545
3664,2015,2015-02-27,0.0,0.0,,0.0,0,0.25
3665,2015,2015-02-26,0.0,0.0,,0.0,0,0.17250000000000001
3666,2015,2015-02-28,0.0,0.0,,0.0,0,0.344
3667,2015,2015-02-26,0.0,0.0,,0.0,0,0.1975
3668,2015,2015-02-26,0.0,0.0,,0.0,0,0.1975
3669,2015,2015-02-27,0.0,0.0,,0.0,0,0.27
3670,2015,2015-02-28,0.0,0.0,,0.0,0,0.308
3671,2015,2015-02-27,0.0,0.0,,0.0,0,0.27
3694,2013,2013-05-07,0.0,0.0,197.0,0.44,0,0.3025
3706,2013,2013-05-08,0.0,0.0,,0.0,0,0.20800000000000002
3707,2013,2013-05-08,0.0,0.0,,0.0,0,0.308
3708,2013,2013-05-09,0.0,0.0,,0.0,0,0.39
3709,2013,2013-05-09,0.0,0.0,,0.0,0,0.382
3774,2016,2016-01-07,0.46,-0.13999999999999996,62.0,0.75,0,1.246
3784,2016,2016-01-06,0.46,-0.14999999999999997,61.0,0.75,0,1.252
3787,2016,2016-01-06,0.46,-0.44,61.0,1.05,0,1.258
3793,2015,2015-01-10,0.0,-0.33,107.0,0.95,0,0.22799999999999998
3870,2014,2014-04-25,1.38,1.23,1.0,1.38,0,1.082
3875,2017,2017-11-16,0.0,0.0,348.0,1.73,0,0.595
3875,2018,2018-03-24,0.0,0.0,320.0,0.15,0,0.40750000000000003
3875,2018,2018-06-26,1.83,0.0,63.0,1.83,0,0.43599999999999994
3877,2013,2013-10-26,0.0,0.0,306.0,0.77,0,0.28500000000000003
3877,2016,2016-06-29,10.61,-2.280000000000001,25.0,13.41,91,1.2125
3877,2017,2017-05-23,1.73,1.73,353.0,2.39,0,0.82
3877,2017,2017-06-27,1.73,0.0,360.0,2.39,0,0.41
3877,2017,2017-11-29,0.15,0.15,361.0,1.73,0,0.8150000000000001
3877,2019,2019-06-27,2.53,0.0,57.0,2.53,0,0.22600000000000003
3877,2019,2019-11-21,0.0,0.0,204.0,2.53,0,0.284
3877,2020,2020-03-17,2.92,-2.7300000000000004,40.0,5.65,77,0.9600000000000001
3881,2017,2017-03-17,0.0,-1.91,286.0,2.4,0,0.9425000000000001
3885,2017,2017-11-16,0.15,0.15,192.0,1.75,0,0.8775
3885,2018,2018-11-05,0.0,0.0,188.0,2.08,0,0.46749999999999997
3886,2015,2015-10-30,0.0,0.0,189.0,1.27,0,-0.034
3886,2015,2015-11-17,0.0,0.0,207.0,1.27,0,0.11000000000000001
3886,2016,2016-04-18,5.69,3.6100000000000003,2.0,5.69,21,1.3675
3886,2016,2016-06-27,10.12,-2.1500000000000004,23.0,12.95,91,1.185
3886,2016,2016-10-13,0.0,0.0,131.0,12.95,21,1.55
3886,2016,2016-11-12,0.0,0.0,161.0,12.95,0,1.036
3886,2017,2017-03-11,0.0,-2.4,280.0,2.4,0,0.565
3886,2017,2017-05-20,1.46,1.46,350.0,2.4,0,0.9375
3886,2017,2017-06-24,1.46,0.0,364.0,2.4,0,0.35500000000000004
3886,2017,2017-11-11,0.0,0.0,343.0,1.46,0,0.585
3886,2018,2018-02-06,0.15,0.0,358.0,0.15,0,-0.346
3886,2018,2018-03-17,0.0,-0.15,313.0,0.15,0,0.185
3886,2018,2018-04-24,1.85,1.85,0.0,1.85,0,0.914
3886,2018,2018-09-14,0.0,0.0,136.0,1.99,0,0.35750000000000004
3886,2019,2019-02-15,0.0,0.0,290.0,0.0,0,-0.07
3886,2019,2019-06-22,2.73,0.0,52.0,2.73,0,0.215
3886,2019,2019-09-07,0.0,0.0,129.0,2.73,0,-0.5275000000000001
3886,2019,2019-10-05,0.0,0.0,157.0,2.73,0,-0.2775
3886,2019,2019-11-16,0.0,0.0,199.0,2.73,0,0.185
3886,2020,2020-02-08,5.78,1.0899999999999999,2.0,5.78,56,1.2425000000000002
3886,2020,2020-03-14,2.97,-2.81,37.0,5.78,84,0.9524999999999999
3888,2017,2017-11-16,0.15,0.15,192.0,1.75,0,0.8775
3891,2017,2017-05-17,1.6,1.6,354.0,1.6,0,0.8375
3891,2018,2018-07-27,0.0,-1.82,94.0,1.82,0,0.27249999999999996
3892,2017,2017-05-17,1.6,1.6,354.0,1.6,0,0.8375
3893,2017,2017-05-17,1.31,1.31,354.0,1.31,0,0.8125
3893,2018,2018-07-27,0.0,-1.8,94.0,1.8,0,0.2475
3894,2017,2017-05-17,1.31,1.31,354.0,1.31,0,0.8125
3894,2018,2018-07-27,0.0,-1.8,94.0,1.8,0,0.2475
3895,2017,2017-05-17,1.31,1.31,354.0,1.31,0,0.8125
3895,2018,2018-07-27,0.0,-1.8,94.0,1.8,0,0.2475
3897,2017,2017-05-17,1.31,1.31,354.0,1.31,0,0.8125
3897,2018,2018-07-27,0.0,-1.8,94.0,1.8,0,0.2475
3898,2014,2014-11-20,0.0,0.0,217.0,0.47,0,0.27199999999999996
3898,2017,2017-05-17,1.31,1.31,354.0,1.31,0,0.8125
3898,2018,2018-07-27,0.0,-1.8,94.0,1.8,0,0.2475
3900,2017,2017-11-06,0.0,0.0,182.0,1.31,0,0.836
3900,2018,2018-10-19,0.0,0.0,178.0,1.8,0,0.495
3903,2015,2015-10-24,0.0,0.0,183.0,1.3,0,-0.374
3903,2016,2016-10-26,0.0,0.0,151.0,9.44,0,1.075
3903,2017,2017-12-15,0.0,0.0,228.0,0.88,0,0.54
3903,2018,2018-11-29,0.0,0.0,219.0,0.78,0,0.41500000000000004
3904,2016,2016-10-26,0.0,0.0,151.0,9.44,0,1.075
3905,2015,2015-10-24,0.0,0.0,183.0,1.28,0,-0.382
3905,2016,2016-10-25,0.0,0.0,150.0,9.07,0,1.0725
3905,2017,2017-11-05,0.0,0.0,337.0,0.44,0,0.79
3905,2018,2018-11-29,0.0,0.0,219.0,0.8,0,0.4275
3908,2016,2016-10-26,0.0,0.0,151.0,8.72,0,1.0775000000000001
3908,2017,2017-12-15,0.0,0.0,363.0,0.59,0,0.5625
3908,2018,2018-11-29,0.0,0.0,219.0,0.85,0,0.47000000000000003
4082,2016,2016-02-09,2.65,0.8299999999999998,17.0,2.65,0,1.105
4082,2017,2017-11-30,0.32,0.32,334.0,0.32,0,0.9125
4082,2018,2018-12-01,0.3,0.3,326.0,0.3,0,0.8574999999999999
4083,2015,2015-05-03,0.0,0.0,,0.0,0,0.5449999999999999
4083,2016,2016-03-12,0.95,-1.7100000000000002,49.0,2.66,0,0.8300000000000001
4083,2017,2017-11-29,0.31,0.31,333.0,0.31,0,0.8099999999999999
4083,2018,2018-05-09,0.0,0.0,120.0,0.77,0,0.648
4083,2018,2018-09-21,0.0,0.0,255.0,0.15,0,0.9625
4083,2018,2018-09-23,0.0,0.0,257.0,0.0,0,0.9625
4083,2019,2019-04-07,0.0,0.0,145.0,0.15,0,0.39749999999999996
4083,2019,2019-09-22,0.0,0.0,165.0,0.3,0,-0.5175000000000001
4084,2016,2016-02-09,2.6,0.8300000000000001,17.0,2.6,0,1.1025
4084,2017,2017-12-01,0.62,0.62,335.0,0.62,0,0.8800000000000001
4084,2019,2019-11-02,0.0,0.0,354.0,0.16,0,-0.42500000000000004
4199,2016,2016-10-05,0.0,-0.96,144.0,13.11,28,2.0575
4200,2016,2016-10-06,0.0,-0.79,131.0,16.04,35,1.9024999999999999
4200,2017,2017-04-17,0.0,0.0,324.0,3.79,0,0.634
4200,2017,2017-04-25,0.0,0.0,332.0,3.79,0,0.708
4201,2017,2017-04-16,0.0,0.0,323.0,3.78,0,0.6825000000000001
4202,2017,2017-04-18,0.0,0.0,325.0,3.78,0,0.6380000000000001
4203,2014,2014-04-25,1.42,1.26,1.0,1.42,0,1.08
4204,2014,2014-03-04,0.0,0.0,286.0,0.0,0,-0.555
4205,2014,2014-03-04,0.0,0.0,286.0,0.0,0,-0.545
4206,2014,2014-03-04,0.0,0.0,286.0,0.0,0,-0.545
4210,2014,2014-05-08,2.49,2.04,0.0,2.49,0,0.944
4211,2014,2014-04-25,1.45,1.29,1.0,1.45,0,1.11
4212,2013,2013-08-02,0.32,-0.14999999999999997,221.0,2.74,0,1.0
4212,2013,2013-11-06,0.0,0.0,317.0,0.77,0,0.502
4213,2015,2015-02-11,0.0,0.0,265.0,0.0,0,-0.03250000000000003
4213,2015,2015-11-19,0.0,0.0,209.0,1.42,0,0.125
4213,2016,2016-04-20,5.8100000000000005,3.5800000000000005,4.0,5.8100000000000005,21,1.3399999999999999
4214,2013,2013-09-02,0.0,-0.31,252.0,0.76,0,0.86
4215,2015,2015-02-12,0.15,0.0,266.0,0.15,0,-0.06499999999999997
4215,2017,2017-05-20,1.75,1.75,350.0,2.67,0,0.9425
4215,2020,2020-03-17,2.72,-2.7600000000000002,40.0,5.48,77,0.9325000000000001
4216,2014,2014-10-30,0.0,0.0,161.0,1.76,0,0.368
4216,2015,2015-02-10,0.31,0.0,264.0,0.31,0,-0.07249999999999998
4216,2015,2015-04-22,0.94,0.94,335.0,0.94,0,0.9025
4216,2015,2015-11-18,0.0,0.0,208.0,1.25,0,0.09
4216,2016,2016-04-19,5.69,3.6000000000000005,3.0,5.69,21,1.3800000000000001
4216,2017,2017-03-15,0.0,-2.06,284.0,2.83,0,0.9375
4216,2017,2017-05-24,1.63,1.63,354.0,2.83,0,0.8
4216,2017,2017-06-28,1.63,0.0,361.0,2.83,0,0.3075
4216,2019,2019-03-16,0.0,0.0,312.0,0.0,0,1.1425
4216,2019,2019-06-25,2.42,0.0,55.0,2.42,0,0.195
4216,2019,2019-09-12,0.0,0.0,134.0,2.42,0,-0.518
4216,2019,2019-11-19,0.0,0.0,202.0,2.42,0,0.1875
4216,2020,2020-02-12,5.75,1.0599999999999996,6.0,5.75,56,1.2425
4217,2014,2014-10-27,0.0,0.0,158.0,1.76,0,0.3425
4217,2015,2015-04-21,0.94,0.94,334.0,0.94,0,0.9025
4218,2015,2015-02-07,0.15,0.0,275.0,0.15,0,-0.22399999999999998
4218,2015,2015-04-20,0.95,0.95,347.0,0.95,0,0.9299999999999999
4218,2016,2016-10-08,0.0,0.0,126.0,12.95,21,1.508
4219,2013,2013-07-14,0.6,-0.30000000000000004,202.0,2.93,0,1.0474999999999999
4220,2015,2015-06-06,1.27,0.0,359.0,1.27,0,0.354
4221,2013,2013-06-29,0.9,0.0,187.0,2.93,0,0.7875
4221,2014,2014-10-28,0.0,0.0,173.0,1.46,0,0.3375
4221,2015,2015-02-09,0.15,0.0,277.0,0.15,0,-0.03999999999999998
4222,2016,2016-05-28,13.99,4.9,0.0,13.99,70,1.3539999999999999
4223,2014,2014-10-29,0.0,0.0,160.0,1.77,0,0.3275
4225,2016,2016-05-27,11.95,4.059999999999999,6.0,11.95,63,1.3275000000000001
4226,2016,2016-05-26,8.26,2.54,5.0,8.26,49,1.23
4302,2016,2016-04-30,0.92,-0.83,98.0,2.88,0,1.0100000000000002
4302,2018,2018-10-31,0.0,0.0,295.0,0.0,0,0.526
4302,2019,2019-04-12,0.34,0.34,136.0,0.45,0,0.6475
4303,2016,2016-02-19,2.91,0.8600000000000003,27.0,2.91,0,0.8325
4303,2018,2018-11-24,0.31,0.31,334.0,0.31,0,0.865
4303,2019,2019-05-18,0.31,0.0,151.0,0.46,0,0.5700000000000001
4304,2015,2015-03-09,0.15,0.0,361.0,0.15,0,0.2125
4304,2018,2018-03-11,0.3,-0.46,363.0,0.76,0,0.8275
4304,2019,2019-10-27,0.0,0.0,348.0,0.15,0,-0.3425
4305,2015,2015-03-18,0.0,-0.3,104.0,0.3,0,0.007500000000000007
4305,2016,2016-03-26,1.39,-0.95,63.0,2.49,0,1.174
4305,2019,2019-03-16,0.0,0.0,123.0,0.29,0,0.275
4305,2019,2019-12-01,0.0,0.0,235.0,0.33,0,0.0675
4306,2015,2015-03-09,0.14,0.0,361.0,0.14,0,0.20500000000000002
4306,2019,2019-04-05,0.0,0.0,143.0,0.29,0,0.4175
4306,2019,2019-10-27,0.0,0.0,348.0,0.15,0,-0.3675
4307,2015,2015-03-09,0.14,0.0,361.0,0.14,0,0.20500000000000002
4308,2017,2017-04-22,0.0,-0.19,112.0,6.47,35,0.2875
4309,2016,2016-03-19,1.13,-1.46,56.0,2.59,0,0.9899999999999999
4309,2016,2016-09-20,0.0,0.0,241.0,2.29,0,1.2049999999999998
4309,2017,2017-04-07,0.0,-2.27,97.0,6.47,49,0.6375
4309,2018,2018-03-13,0.15,-0.30000000000000004,63.0,0.76,0,0.8059999999999998
4309,2018,2018-11-29,0.29,0.29,324.0,0.29,0,0.8075000000000001
4310,2016,2016-10-18,0.0,0.0,269.0,2.29,0,1.3525
4310,2019,2019-04-05,0.0,0.0,143.0,0.3,0,0.40750000000000003
4310,2019,2019-11-24,0.0,0.0,362.0,0.16,0,-0.13249999999999998
4311,2017,2017-04-08,0.0,-2.25,98.0,6.16,49,0.6475000000000001
4312,2015,2015-10-17,0.0,0.0,296.0,0.15,0,-0.89
4312,2016,2016-04-24,1.05,-0.24,92.0,2.6,0,1.0959999999999999
4312,2018,2018-03-11,0.3,-0.6200000000000001,363.0,1.07,0,0.7925
4312,2018,2018-05-10,0.0,0.0,121.0,1.07,0,0.6725000000000001
4312,2018,2018-09-22,0.0,0.0,256.0,0.15,0,0.9725
4312,2019,2019-04-07,0.0,0.0,145.0,0.3,0,0.40750000000000003
4312,2019,2019-09-29,0.0,0.0,320.0,0.16,0,-0.525
4340,2013,2013-06-02,0.15,0.0,356.0,0.15,0,0.5800000000000001
4350,2013,2013-10-10,0.0,0.0,,0.0,0,0.508
4350,2014,2014-10-30,0.0,0.0,,0.0,0,0.18
4350,2015,2015-10-30,0.0,0.0,,0.0,0,-0.5860000000000001
4350,2016,2016-10-14,0.0,0.0,139.0,0.14,0,0.8474999999999999
4350,2017,2017-11-02,0.0,0.0,327.0,0.14,0,0.7875
4350,2018,2018-11-01,0.0,0.0,,0.0,0,0.325
4350,2019,2019-10-08,0.0,0.0,,0.0,0,-0.6425000000000001
4351,2013,2013-10-10,0.0,0.0,,0.0,0,0.446
4351,2014,2014-10-30,0.0,0.0,,0.0,0,0.092
4351,2015,2015-10-30,0.0,0.0,,0.0,0,-0.608
4351,2016,2016-10-14,0.0,0.0,139.0,0.15,0,0.7750000000000001
4351,2017,2017-11-02,0.0,0.0,327.0,0.0,0,0.7375
4351,2018,2018-11-01,0.0,0.0,,0.0,0,0.2425
4351,2019,2019-10-08,0.0,0.0,,0.0,0,-0.67
4353,2013,2013-10-09,0.0,-0.15,98.0,0.15,0,0.352
4353,2014,2014-10-29,0.0,0.0,139.0,0.61,0,0.09999999999999998
4353,2015,2015-10-29,0.0,0.0,,0.0,0,-0.3675
4353,2016,2016-10-13,0.0,0.0,138.0,0.32,0,0.6675
4353,2017,2017-11-01,0.16,0.16,177.0,0.16,0,0.8250000000000001
4353,2018,2018-10-31,0.0,0.0,141.0,0.39,0,0.194
4353,2019,2019-10-07,0.0,0.0,,0.0,0,-0.525
4354,2013,2013-10-09,0.0,-0.15,98.0,0.15,0,0.352
4354,2014,2014-10-29,0.0,0.0,139.0,0.61,0,0.09999999999999998
4354,2015,2015-10-29,0.0,0.0,,0.0,0,-0.3675
4354,2016,2016-10-13,0.0,0.0,138.0,0.32,0,0.6675
4354,2017,2017-11-01,0.16,0.16,177.0,0.16,0,0.8250000000000001
4354,2018,2018-10-31,0.0,0.0,141.0,0.39,0,0.194
4354,2019,2019-10-07,0.0,0.0,,0.0,0,-0.525
4355,2013,2013-10-08,0.0,-0.15,97.0,0.15,0,0.43500000000000005
4355,2014,2014-10-28,0.0,0.0,138.0,0.45,0,0.175
4355,2015,2015-10-28,0.0,0.0,,0.0,0,-0.475
4355,2016,2016-10-12,0.0,0.0,137.0,0.16,0,0.765
4355,2017,2017-10-30,0.0,0.0,175.0,0.15,0,0.784
4355,2017,2017-10-31,0.0,0.0,176.0,0.15,0,0.784
4355,2018,2018-10-30,0.0,0.0,140.0,0.15,0,0.264
4355,2019,2019-10-06,0.0,0.0,,0.0,0,-0.605
4356,2015,2015-10-28,0.0,0.0,,0.0,0,-0.2025
4356,2016,2016-10-12,0.0,0.0,137.0,0.32,0,0.7124999999999999
4356,2017,2017-10-31,0.47,0.47,15.0,0.47,0,0.844
4356,2018,2018-10-30,0.0,0.0,358.0,0.34,0,0.268
4356,2019,2019-10-06,0.0,0.0,,0.0,0,-0.5075000000000001
4359,2014,2014-10-02,0.0,0.0,112.0,3.2,0,0.6980000000000001
4359,2015,2015-11-18,0.0,0.0,201.0,0.9,0,0.1175
4360,2013,2013-12-29,0.0,0.0,214.0,0.99,0,0.9225000000000001
4360,2014,2014-10-01,0.0,-0.88,111.0,3.16,0,0.645
4360,2015,2015-11-17,0.0,0.0,200.0,0.9,0,0.1275
4372,2016,2016-05-09,1.95,0.11999999999999988,107.0,2.66,0,1.1600000000000001
4372,2018,2018-04-29,0.0,-0.15,110.0,0.77,0,0.6125
4372,2019,2019-04-27,0.3,0.3,17.0,0.3,0,0.5549999999999999
4373,2016,2016-04-27,0.0,0.0,,0.0,0,0.0
4386,2016,2016-04-29,0.0,0.0,,0.0,0,0.0
4387,2016,2016-04-28,0.0,0.0,,0.0,0,0.0
4388,2016,2016-04-28,0.0,0.0,,0.0,0,0.0
4389,2017,2017-03-03,0.0,0.0,174.0,1.55,0,-0.3975
4390,2017,2017-03-04,0.0,0.0,175.0,0.75,0,-0.47250000000000003
4391,2017,2017-03-04,0.0,0.0,175.0,1.1,0,-0.3775
4392,2017,2017-02-11,0.0,0.0,,0.0,0,-0.31000000000000005
4393,2017,2017-02-11,0.0,0.0,161.0,0.46,0,-0.34
4394,2017,2017-02-10,0.0,0.0,160.0,0.78,0,-0.3325
4409,2015,2015-08-25,0.0,0.0,,0.0,0,0.44000000000000006
4409,2016,2016-08-26,0.0,0.0,308.0,0.0,0,0.7324999999999999
4409,2017,2017-08-15,0.0,0.0,318.0,0.0,0,0.8699999999999999
4410,2013,2013-08-02,0.0,0.0,284.0,0.0,0,0.31
4410,2015,2015-08-25,0.0,0.0,,0.0,0,0.42000000000000004
4410,2017,2017-08-15,0.0,0.0,,0.0,0,0.868
4411,2014,2014-07-01,0.0,0.0,,0.0,0,-0.1925
4411,2015,2015-05-14,0.0,0.0,,0.0,0,0.34750000000000003
4411,2016,2016-10-27,0.0,0.0,363.0,0.0,0,0.9825
4411,2017,2017-12-20,0.63,-2.66,79.0,3.29,0,0.5675
4412,2013,2013-07-25,0.0,0.0,,0.0,0,0.156
4412,2015,2015-05-13,0.0,0.0,,0.0,0,0.36000000000000004
4412,2016,2016-10-26,0.0,0.0,362.0,0.0,0,0.99
4412,2017,2017-12-19,0.65,-2.5,78.0,3.15,0,0.5640000000000001
4413,2013,2013-09-11,0.0,0.0,,0.0,0,0.296
4413,2017,2017-06-29,0.0,0.0,,0.0,0,0.36500000000000005
4415,2013,2013-09-12,0.0,0.0,,0.0,0,0.386
4415,2014,2014-07-10,0.0,0.0,,0.0,0,-0.03399999999999999
4415,2015,2015-06-24,0.0,0.0,,0.0,0,0.07250000000000001
4415,2016,2016-08-11,0.0,0.0,314.0,0.0,0,0.6
4415,2017,2017-06-27,0.0,0.0,269.0,0.0,0,0.30599999999999994
4418,2013,2013-09-12,0.0,0.0,,0.0,0,0.404
4418,2014,2014-07-10,0.0,0.0,,0.0,0,-0.06000000000000001
4418,2015,2015-06-23,0.0,0.0,,0.0,0,0.04000000000000001
4418,2016,2016-08-10,0.0,0.0,,0.0,0,0.5775
4418,2017,2017-06-27,0.0,0.0,,0.0,0,0.272
4423,2014,2014-07-10,0.0,0.0,,0.0,0,-0.08800000000000001
4423,2015,2015-06-23,0.0,0.0,,0.0,0,-0.002500000000000016
4423,2016,2016-08-10,0.0,0.0,313.0,0.0,0,0.5375
4423,2017,2017-06-27,0.0,0.0,,0.0,0,0.24400000000000005
4424,2017,2017-08-10,0.0,0.0,,0.0,0,0.375
4425,2015,2015-07-03,0.0,0.0,,0.0,0,-0.27799999999999997
4425,2016,2016-06-15,0.0,0.0,257.0,0.0,0,0.5549999999999999
4425,2017,2017-07-13,0.0,0.0,285.0,0.0,0,0.215
4426,2013,2013-06-06,0.0,0.0,,0.0,0,0.19599999999999998
4426,2014,2014-05-21,0.0,0.0,,0.0,0,0.5275
4426,2015,2015-07-01,0.0,0.0,,0.0,0,-0.2575
4426,2016,2016-06-15,0.0,0.0,250.0,0.15,0,0.6
4426,2017,2017-07-12,0.0,0.0,284.0,0.0,0,0.2325
4427,2014,2014-05-20,0.0,0.0,,0.0,0,0.495
4427,2015,2015-07-02,0.0,0.0,,0.0,0,-0.2925
4427,2016,2016-06-15,0.0,0.0,257.0,0.0,0,0.5549999999999999
4427,2017,2017-07-13,0.0,0.0,285.0,0.0,0,0.215
4428,2014,2014-05-21,0.0,0.0,,0.0,0,0.5275
4428,2015,2015-07-02,0.0,0.0,,0.0,0,-0.2575
4428,2016,2016-06-14,0.0,0.0,249.0,0.8,0,0.6
4428,2017,2017-07-12,0.0,0.0,284.0,0.0,0,0.2325
4429,2014,2014-05-21,0.0,0.0,,0.0,0,0.5275
4429,2015,2015-07-01,0.0,0.0,,0.0,0,-0.2575
4429,2016,2016-06-14,0.0,0.0,249.0,0.8,0,0.6
4429,2017,2017-07-12,0.0,0.0,284.0,0.0,0,0.2325
4430,2013,2013-09-05,0.0,0.0,,0.0,0,0.184
4430,2015,2015-08-13,0.0,0.0,,0.0,0,-0.11
4430,2017,2017-08-11,0.0,0.0,,0.0,0,0.36
4431,2013,2013-09-06,0.0,0.0,,0.0,0,0.2575
4431,2014,2014-07-28,0.0,0.0,,0.0,0,-0.065
4431,2015,2015-08-13,0.0,0.0,,0.0,0,-0.10250000000000001
4431,2016,2016-08-24,0.0,0.0,327.0,0.0,0,0.435
4431,2017,2017-08-10,0.0,0.0,,0.0,0,0.375
4432,2017,2017-08-10,0.0,0.0,,0.0,0,0.375
4433,2013,2013-07-05,0.0,0.0,,0.0,0,-0.0049999999999999975
4433,2014,2014-08-26,0.0,0.0,,0.0,0,0.2925
4433,2015,2015-08-11,0.0,0.0,,0.0,0,-0.03249999999999999
4433,2016,2016-09-08,0.0,0.0,,0.0,0,0.455
4433,2017,2017-07-27,0.0,0.0,,0.0,0,0.08499999999999999
4434,2013,2013-07-17,0.0,0.0,,0.0,0,0.03
4434,2014,2014-07-29,0.0,0.0,,0.0,0,-0.095
4434,2015,2015-08-12,0.0,0.0,,0.0,0,-0.02750000000000001
4434,2016,2016-08-18,0.0,0.0,321.0,0.0,0,0.41500000000000004
4434,2017,2017-08-16,0.0,0.0,,0.0,0,0.5575000000000001
4436,2014,2014-09-11,0.0,0.0,,0.0,0,0.374
4436,2015,2015-08-11,0.0,0.0,,0.0,0,-0.0525
4436,2016,2016-09-08,0.0,0.0,,0.0,0,0.4175
4436,2017,2017-07-27,0.0,0.0,,0.0,0,0.07999999999999999
4438,2013,2013-07-17,0.0,0.0,,0.0,0,0.03
4438,2014,2014-07-29,0.0,0.0,,0.0,0,-0.095
4438,2015,2015-08-12,0.0,0.0,,0.0,0,-0.02750000000000001
4438,2016,2016-08-18,0.0,0.0,321.0,0.0,0,0.41500000000000004
4438,2017,2017-08-16,0.0,0.0,,0.0,0,0.5575000000000001
4442,2013,2013-07-04,0.0,0.0,,0.0,0,0.02200000000000001
4442,2014,2014-08-26,0.0,0.0,,0.0,0,0.28500000000000003
4442,2015,2015-08-10,0.0,0.0,,0.0,0,-0.014999999999999979
4442,2016,2016-09-07,0.0,0.0,,0.0,0,0.4925
4442,2017,2017-07-26,0.0,0.0,,0.0,0,0.10500000000000001
4443,2013,2013-11-20,0.0,0.0,,0.0,0,0.768
4443,2014,2014-11-20,0.0,0.0,,0.0,0,0.21600000000000003
4443,2015,2015-11-03,0.0,0.0,,0.0,0,0.8025
4443,2016,2016-12-15,0.0,0.0,,0.0,0,-0.07750000000000001
4443,2017,2017-07-25,0.0,0.0,,0.0,0,0.13
4444,2013,2013-07-04,0.0,0.0,,0.0,0,0.02200000000000001
4444,2014,2014-08-26,0.0,0.0,,0.0,0,0.28500000000000003
4444,2015,2015-08-10,0.0,0.0,,0.0,0,-0.014999999999999979
4444,2016,2016-09-07,0.0,0.0,,0.0,0,0.4925
4444,2017,2017-07-26,0.0,0.0,,0.0,0,0.10500000000000001
4445,2013,2013-11-20,0.0,0.0,,0.0,0,0.768
4445,2014,2014-11-20,0.0,0.0,,0.0,0,0.21600000000000003
4445,2015,2015-11-03,0.0,0.0,,0.0,0,0.8025
4445,2016,2016-12-15,0.0,0.0,,0.0,0,-0.07750000000000001
4445,2017,2017-07-25,0.0,0.0,,0.0,0,0.13
4530,2015,2015-08-27,0.0,0.0,,0.0,0,0.5275
4530,2016,2016-11-09,0.79,0.14,362.0,0.79,0,0.865
4536,2016,2016-11-09,0.47,0.13999999999999996,362.0,0.47,0,0.9
4543,2013,2013-08-02,0.0,0.0,284.0,0.0,0,0.31
4543,2014,2014-12-04,0.0,0.0,,0.0,0,0.554
4543,2015,2015-08-26,0.0,0.0,,0.0,0,0.42000000000000004
4543,2016,2016-08-26,0.0,0.0,315.0,0.0,0,0.7150000000000001
4550,2015,2015-05-14,0.0,0.0,,0.0,0,0.34750000000000003
4550,2016,2016-10-27,0.0,0.0,363.0,0.0,0,0.9825
4552,2014,2014-07-01,0.0,0.0,,0.0,0,-0.18750000000000003
4553,2015,2015-05-13,0.0,0.0,,0.0,0,0.36000000000000004
4553,2016,2016-10-26,0.0,0.0,362.0,0.0,0,0.99
4558,2015,2015-05-12,0.0,0.0,,0.0,0,0.375
4560,2015,2015-05-12,0.0,0.0,,0.0,0,0.375
4577,2014,2014-05-20,0.0,0.0,,0.0,0,0.495
4578,2013,2013-06-05,0.0,0.0,,0.0,0,0.19599999999999998
4579,2013,2013-06-06,0.0,0.0,,0.0,0,0.16
4581,2014,2014-09-09,0.0,0.0,,0.0,0,0.46249999999999997
4582,2013,2013-06-05,0.0,0.0,,0.0,0,0.19599999999999998
4583,2013,2013-09-06,0.0,0.0,,0.0,0,0.22749999999999998
4584,2014,2014-09-09,0.0,0.0,,0.0,0,0.46249999999999997
4585,2013,2013-09-05,0.0,0.0,,0.0,0,0.178
4585,2014,2014-07-28,0.0,0.0,,0.0,0,-0.06
4585,2016,2016-08-24,0.0,0.0,327.0,0.0,0,0.375
4588,2014,2014-09-10,0.0,0.0,,0.0,0,0.45999999999999996
4590,2013,2013-07-04,0.0,0.0,,0.0,0,0.02200000000000001
4591,2014,2014-09-10,0.0,0.0,,0.0,0,0.47000000000000003
4604,2013,2013-11-20,0.0,0.0,,0.0,0,0.768
4606,2016,2016-09-08,8.88,5.040000000000001,5.0,8.88,28,1.4700000000000002
4607,2016,2016-09-02,8.3,5.710000000000001,6.0,8.3,21,1.4975
4610,2016,2016-09-02,8.3,5.710000000000001,6.0,8.3,21,1.4975
4611,2016,2016-10-01,8.040000000000001,-0.6199999999999992,21.0,8.82,56,0.508
4622,2013,2013-08-21,4.22,4.22,0.0,4.22,7,1.134
4633,2016,2016-09-11,7.85,3.9099999999999997,1.0,7.85,28,1.236
4635,2016,2016-08-24,3.51,3.51,4.0,3.51,0,1.5825
4637,2013,2013-08-22,2.95,2.17,1.0,2.95,0,1.138
4638,2016,2016-08-24,3.51,3.51,4.0,3.51,0,1.5825
4639,2016,2016-08-19,1.77,1.77,6.0,1.77,0,1.2775
4640,2016,2016-08-06,0.31,0.31,0.0,0.31,0,0.5800000000000001
4641,2016,2016-08-05,0.0,0.0,,0.0,0,0.3825
4648,2016,2016-08-10,0.16,0.16,362.0,0.16,0,0.875
4649,2013,2013-10-21,6.76,0.0,47.0,6.76,63,0.8325
4664,2016,2016-07-30,0.0,0.0,337.0,0.0,0,1.036
4667,2013,2013-08-28,1.88,1.88,345.0,1.88,0,1.018
4712,2016,2016-09-10,9.03,3.9099999999999993,0.0,9.03,35,1.362
4715,2016,2016-09-22,10.4,2.67,12.0,10.4,49,1.1825
4723,2016,2016-09-08,11.24,6.0600000000000005,5.0,11.24,35,1.6925
4724,2016,2016-08-15,4.28,4.28,2.0,4.28,7,1.515
4731,2016,2016-08-30,8.71,5.920000000000001,3.0,8.71,28,1.465
4732,2016,2016-08-16,5.47,4.72,3.0,5.47,14,1.4525000000000001
4733,2013,2013-08-11,0.15,0.15,4.0,0.15,0,0.05750000000000002
4734,2015,2015-06-13,0.0,0.0,268.0,0.0,0,0.9059999999999999
4740,2016,2016-08-16,5.8,5.49,3.0,5.8,14,1.7125
4741,2013,2013-08-14,3.13,3.13,0.0,3.13,0,1.028
4742,2013,2013-08-14,3.13,3.13,0.0,3.13,0,1.028
4743,2013,2013-08-20,3.13,3.13,6.0,3.13,0,1.1575000000000002
4747,2013,2013-08-15,3.13,3.13,1.0,3.13,0,1.028
4748,2013,2013-08-21,4.3500000000000005,4.3500000000000005,0.0,4.3500000000000005,7,1.1520000000000001
4751,2013,2013-08-18,3.2,3.2,4.0,3.2,0,1.2025000000000001
4752,2016,2016-07-31,2.8000000000000003,2.8000000000000003,1.0,2.8000000000000003,0,1.348
4754,2013,2013-08-24,3.45,3.45,3.0,3.45,0,1.1525
4757,2016,2016-07-15,0.15,0.15,322.0,0.15,0,1.2725
4758,2016,2016-10-01,9.04,0.14999999999999858,21.0,9.18,56,1.074
4759,2016,2016-09-12,9.18,3.9399999999999995,2.0,9.18,35,1.3099999999999998
4760,2013,2013-09-08,3.62,2.96,18.0,3.62,0,1.0175
4763,2016,2016-09-23,5.45,1.8400000000000003,20.0,5.45,28,1.0825
4764,2016,2016-09-01,5.26,5.26,5.0,5.26,7,1.8050000000000002
4770,2016,2016-08-30,8.74,6.18,3.0,8.74,21,1.545
4774,2016,2016-09-20,9.06,2.45,10.0,9.06,42,1.09
4775,2016,2016-08-30,8.370000000000001,5.990000000000001,3.0,8.370000000000001,21,1.4975
4776,2016,2016-10-09,8.31,-0.75,29.0,9.06,63,0.276
4778,2016,2016-10-02,8.31,-0.5800000000000001,22.0,9.06,56,0.4680000000000001
4786,2016,2016-07-15,0.75,0.75,6.0,0.75,0,1.0949999999999998
4789,2016,2016-09-08,8.88,5.040000000000001,5.0,8.88,28,1.4700000000000002
4790,2016,2016-08-22,6.84,5.76,2.0,6.84,14,1.5075
4794,2016,2016-09-10,8.83,3.7,0.0,8.83,35,1.342
4796,2016,2016-08-27,8.3,5.91,0.0,8.3,21,1.528
4797,2016,2016-08-30,8.28,5.869999999999999,3.0,8.28,21,1.4825
4798,2016,2016-09-09,8.65,5.0600000000000005,6.0,8.65,28,1.4949999999999999
4799,2016,2016-08-31,8.14,5.720000000000001,4.0,8.14,21,1.49
4800,2016,2016-09-09,8.65,5.0600000000000005,6.0,8.65,28,1.4949999999999999
4803,2016,2016-08-30,8.33,5.88,3.0,8.33,21,1.4925
4804,2016,2016-08-05,2.42,2.42,6.0,2.42,0,1.0899999999999999
4806,2016,2016-09-01,8.33,5.88,5.0,8.33,21,1.4925
4809,2016,2016-09-13,8.99,3.8899999999999997,3.0,8.99,35,1.4375
4811,2016,2016-08-20,6.640000000000001,5.700000000000001,0.0,6.640000000000001,14,1.41
4816,2016,2016-09-30,8.99,0.6600000000000001,20.0,8.99,49,0.5925
4817,2016,2016-09-22,8.81,2.380000000000001,12.0,8.81,42,1.1275
4818,2016,2016-07-20,0.96,0.96,11.0,0.96,0,0.91
4824,2013,2013-08-16,1.04,1.04,2.0,1.04,0,0.5975
4825,2016,2016-07-27,1.08,1.08,4.0,1.08,0,0.985
4826,2016,2016-08-17,5.03,4.2700000000000005,4.0,5.03,7,1.2799999999999998
4827,2013,2013-08-16,1.07,1.07,2.0,1.07,0,0.625
4829,2016,2016-08-01,2.58,2.58,2.0,2.58,0,1.115
4831,2016,2016-07-25,1.08,1.08,2.0,1.08,0,0.985
4832,2016,2016-07-28,1.08,1.08,5.0,1.08,0,0.985
4833,2016,2016-07-25,1.08,1.08,2.0,1.08,0,0.985
4834,2013,2013-08-13,0.17,0.17,6.0,0.17,0,0.36750000000000005
4842,2016,2016-08-30,8.34,5.76,3.0,8.34,21,1.5074999999999998
4846,2016,2016-08-06,3.72,2.96,0.0,3.72,0,1.09
4847,2016,2016-08-07,3.72,2.96,1.0,3.72,0,1.09
4848,2016,2016-07-19,0.76,0.76,347.0,0.76,0,1.0
4850,2016,2016-08-17,5.03,4.2700000000000005,4.0,5.03,7,1.2799999999999998
4853,2013,2013-09-17,1.33,0.0,34.0,1.33,0,0.28500000000000003
4862,2016,2016-08-18,5.07,4.3100000000000005,5.0,5.07,7,1.305
4870,2016,2016-07-30,3.03,3.03,0.0,3.03,0,1.1320000000000001
4871,2016,2016-07-20,0.92,0.92,348.0,0.92,0,0.955
4872,2016,2016-08-18,5.76,4.84,5.0,5.76,14,1.3475000000000001
4875,2013,2013-08-23,2.14,2.14,2.0,2.14,0,0.8675
4876,2016,2016-08-19,4.51,4.1899999999999995,6.0,4.51,7,1.4975
4880,2013,2013-08-24,2.14,2.14,3.0,2.14,0,0.8675
4883,2016,2016-08-31,7.83,5.609999999999999,4.0,7.83,21,1.6325
4891,2013,2013-07-30,0.0,0.0,,0.0,0,0.87
4896,2013,2013-07-30,0.0,0.0,,0.0,0,0.87
4898,2013,2013-07-30,0.0,0.0,,0.0,0,0.87
4901,2013,2013-08-22,3.91,3.91,1.0,3.91,0,1.0699999999999998
4902,2016,2016-08-01,2.64,2.64,2.0,2.64,0,1.3325
4903,2013,2013-08-22,3.91,3.91,1.0,3.91,0,1.0699999999999998
4904,2016,2016-09-15,10.41,4.94,5.0,10.41,42,1.5075
4905,2013,2013-08-15,2.65,2.65,1.0,2.65,0,0.9339999999999999
4910,2013,2013-08-03,0.15,0.15,10.0,0.15,0,0.9225
4914,2016,2016-08-23,7.56,6.22,3.0,7.56,21,1.7425000000000002
4916,2016,2016-08-04,2.84,2.84,5.0,2.84,0,1.325
4921,2013,2013-08-14,3.04,3.04,0.0,3.04,0,1.05
4925,2013,2013-08-20,3.02,3.02,6.0,3.02,0,1.1425
4931,2016,2016-08-24,7.23,5.800000000000001,4.0,7.23,21,1.68
4933,2013,2013-08-18,2.3000000000000003,2.3000000000000003,4.0,2.3000000000000003,0,1.075
4934,2013,2013-09-16,2.99,0.9800000000000004,26.0,2.99,0,0.5425
4936,2013,2013-08-24,3.45,3.45,3.0,3.45,0,1.1525
4938,2013,2013-08-15,2.68,2.68,1.0,2.68,0,0.968
4939,2016,2016-07-06,0.0,0.0,327.0,0.0,0,1.1975
4940,2013,2013-08-07,1.03,1.03,0.0,1.03,0,0.932
4943,2013,2013-08-06,0.0,0.0,,0.0,0,0.8524999999999999
4945,2013,2013-08-24,4.05,4.05,3.0,4.05,7,1.2349999999999999
4948,2013,2013-08-07,1.05,1.05,0.0,1.05,0,0.944
4951,2013,2013-08-22,4.04,4.04,1.0,4.04,7,1.17
4953,2013,2013-08-23,4.04,4.04,2.0,4.04,7,1.25
4954,2016,2016-08-20,7.3,5.83,0.0,7.3,21,1.6960000000000002
4959,2013,2013-09-18,5.68,0.96,0.0,5.68,35,0.914
4960,2013,2013-08-19,3.02,3.02,5.0,3.02,0,1.0425
4963,2016,2016-08-10,3.97,2.88,4.0,3.97,0,1.12
4971,2016,2016-09-23,8.67,2.3199999999999994,13.0,8.67,42,1.075
4980,2016,2016-10-04,8.31,-0.5700000000000003,24.0,9.19,56,0.37
4981,2015,2015-06-15,0.0,0.0,270.0,0.0,0,0.89
4984,2016,2016-08-28,8.56,6.050000000000001,1.0,8.56,21,1.55
4989,2016,2016-09-08,8.89,5.120000000000001,5.0,8.89,28,1.4674999999999998
4990,2016,2016-09-19,9.26,2.51,9.0,9.26,42,1.105
4994,2013,2013-08-30,1.11,0.9600000000000001,16.0,1.11,0,0.765
4996,2016,2016-08-09,3.86,3.11,3.0,3.86,0,1.2575
4997,2016,2016-07-10,0.75,0.75,1.0,0.75,0,1.302
5000,2016,2016-09-10,8.8,3.6100000000000003,0.0,8.8,42,1.3359999999999999
5003,2016,2016-08-04,2.56,2.56,5.0,2.56,0,0.9724999999999999
5010,2016,2016-08-06,3.97,3.0100000000000002,0.0,3.97,0,1.026
5021,2016,2016-09-01,8.63,5.840000000000001,5.0,8.63,28,1.5075
5022,2016,2016-08-28,8.63,5.840000000000001,1.0,8.63,28,1.536
5024,2013,2013-01-22,0.0,0.0,,0.0,0,-1.1780000000000002
5025,2013,2013-01-22,0.0,0.0,,0.0,0,-1.038
5026,2013,2013-08-25,1.22,1.22,4.0,1.22,0,0.815
5028,2016,2016-08-31,8.82,6.02,4.0,8.82,28,1.5775000000000001
5029,2016,2016-08-19,5.51,4.97,6.0,5.51,14,1.5375
5030,2013,2013-08-07,0.0,0.0,,0.0,0,0.21800000000000003
5032,2016,2016-08-06,4.14,3.3899999999999997,0.0,4.14,7,1.238
5033,2016,2016-07-30,2.79,2.79,0.0,2.79,0,1.234
5034,2013,2013-08-15,1.63,1.63,1.0,1.63,0,0.284
5035,2013,2013-07-26,0.0,0.0,,0.0,0,0.23000000000000007
5037,2016,2016-08-20,7.72,6.09,0.0,7.72,21,1.616
5038,2016,2016-07-24,1.63,1.63,1.0,1.63,0,1.242
5039,2014,2014-03-02,0.0,0.0,193.0,1.75,0,-0.6975
5042,2013,2013-08-08,0.16,0.16,1.0,0.16,0,0.268
5043,2016,2016-08-18,6.05,5.17,5.0,6.05,14,1.5525
5045,2014,2014-05-27,0.0,0.0,279.0,0.0,0,-0.21000000000000005
5046,2016,2016-09-02,10.03,6.289999999999999,6.0,10.03,28,1.565
5047,2015,2015-06-15,0.0,0.0,270.0,0.0,0,1.0325
5048,2013,2013-01-02,0.0,0.0,,0.0,0,-1.108
5049,2016,2016-09-02,10.14,6.340000000000001,6.0,10.14,28,1.5625
5051,2013,2013-09-07,2.46,2.32,17.0,2.46,0,0.7450000000000001
5077,2013,2013-08-19,2.42,2.42,5.0,2.42,0,1.0375
5081,2015,2015-06-18,0.0,0.0,273.0,0.0,0,0.19499999999999998
5082,2013,2013-08-17,2.3000000000000003,2.3000000000000003,3.0,2.3000000000000003,0,1.06
5083,2013,2013-08-18,2.42,2.42,4.0,2.42,0,1.0375
5084,2013,2013-08-17,2.42,2.42,3.0,2.42,0,1.0375
5086,2013,2013-08-18,2.42,2.42,4.0,2.42,0,1.0375
5088,2013,2013-08-14,2.47,2.47,0.0,2.47,0,1.0
5094,2013,2013-09-06,3.12,2.5100000000000002,16.0,3.12,0,0.7975
5095,2013,2013-08-30,3.84,3.84,9.0,3.84,0,1.1275000000000002
5098,2016,2016-07-31,2.8000000000000003,2.8000000000000003,1.0,2.8000000000000003,0,1.348
5100,2016,2016-07-31,2.8000000000000003,2.8000000000000003,1.0,2.8000000000000003,0,1.348
5103,2016,2016-08-04,2.97,2.97,5.0,2.97,0,1.28
5104,2016,2016-08-06,4.32,3.8100000000000005,0.0,4.32,7,1.402
5107,2013,2013-09-09,4.09,2.9299999999999997,19.0,4.09,21,0.9325000000000001
5110,2016,2016-08-21,7.23,5.800000000000001,1.0,7.23,21,1.672
5113,2013,2013-09-01,3.06,3.06,11.0,3.06,0,1.0350000000000001
5120,2013,2013-08-15,2.72,2.72,1.0,2.72,0,0.984
5121,2016,2016-08-26,7.19,5.73,6.0,7.19,21,1.65
5123,2013,2013-08-08,1.03,1.03,1.0,1.03,0,0.932
5125,2013,2013-09-08,3.88,2.8899999999999997,18.0,3.88,0,0.9225
5127,2016,2016-08-11,3.85,3.71,5.0,3.85,0,1.52
5129,2016,2016-07-30,3.02,3.02,0.0,3.02,0,1.296
5130,2016,2016-09-22,9.28,2.1999999999999993,12.0,9.28,49,1.2
5134,2013,2013-08-25,3.6,3.6,4.0,3.6,0,1.22
5135,2013,2013-08-07,0.66,0.66,0.0,0.66,0,0.7620000000000001
5142,2013,2013-09-11,3.31,1.49,21.0,3.31,0,1.0899999999999999
5143,2013,2013-09-18,7.54,1.7000000000000002,0.0,7.54,42,1.0059999999999998
5144,2013,2013-09-19,7.3,1.5499999999999998,1.0,7.3,35,0.9879999999999999
5149,2016,2016-08-18,5.82,5.36,5.0,5.82,14,1.5575
5151,2013,2013-08-28,3.65,3.4899999999999998,0.0,3.65,0,1.048
5157,2016,2016-08-04,0.0,0.0,,0.0,0,0.35250000000000004
5160,2016,2016-09-01,6.24,6.24,5.0,6.24,14,1.995
5165,2016,2016-07-31,0.0,0.0,,0.0,0,0.462
5170,2013,2013-10-23,6.65,0.0,49.0,6.65,70,1.244
5172,2013,2013-10-23,8.59,-0.16000000000000014,49.0,8.75,70,1.052
5177,2016,2016-09-23,5.68,1.88,20.0,5.68,28,1.0825
5192,2016,2016-07-31,0.0,0.0,338.0,0.0,0,1.036
5199,2013,2013-10-18,11.49,-1.049999999999999,44.0,12.54,70,1.77
5200,2013,2013-10-18,11.67,-1.2300000000000004,44.0,12.9,70,1.8875
5201,2013,2013-09-19,10.01,4.01,360.0,10.01,35,1.158
5208,2013,2013-09-18,10.88,4.140000000000001,0.0,10.88,42,1.416
5209,2013,2013-09-18,10.88,4.140000000000001,0.0,10.88,42,1.416
5214,2013,2013-10-04,9.26,0.0,30.0,9.26,49,1.6800000000000002
5219,2013,2013-08-19,5.16,5.16,329.0,5.16,7,2.04
5220,2016,2016-08-10,0.0,0.0,348.0,0.0,0,0.175
5223,2013,2013-10-05,9.81,0.0,31.0,9.81,49,1.7650000000000001
5228,2013,2013-10-16,9.87,0.0,42.0,9.87,63,1.8239999999999998
5237,2013,2013-10-05,11.24,0.14000000000000057,24.0,11.24,49,1.7375
5305,2013,2013-05-12,0.0,0.0,265.0,0.0,0,-0.3575
5305,2014,2014-05-25,0.0,0.0,249.0,0.15,0,0.5775
5344,2014,2014-11-22,3.65,-0.31000000000000005,65.0,5.21,35,0.4625
5347,2013,2013-06-15,0.0,0.0,,0.0,0,0.605
5347,2014,2014-05-31,0.0,0.0,290.0,0.0,0,-0.24749999999999994
5349,2014,2014-05-27,0.0,0.0,279.0,0.0,0,-0.21000000000000005
5349,2015,2015-06-15,0.0,0.0,270.0,0.0,0,1.0325
5358,2014,2014-06-07,0.0,0.0,283.0,0.0,0,0.48
5359,2014,2014-06-08,0.0,0.0,284.0,0.0,0,0.5275000000000001
5360,2014,2014-07-05,0.0,0.0,290.0,0.0,0,-0.36250000000000004
5361,2014,2014-07-05,0.0,0.0,290.0,0.0,0,-0.36250000000000004
5522,2013,2013-09-22,0.0,0.0,123.0,1.54,0,0.18250000000000002
5522,2015,2015-07-27,0.0,-0.15,361.0,0.15,0,0.155
5522,2016,2016-09-07,0.0,-1.38,102.0,5.36,42,0.6475000000000001
5522,2017,2017-07-26,0.0,0.0,361.0,0.0,0,-0.024999999999999994
5522,2018,2018-07-10,0.0,0.0,,0.0,0,0.32799999999999996
5522,2019,2019-07-10,3.42,-1.0,49.0,4.42,63,0.146
5523,2015,2015-07-27,0.0,-0.15,361.0,0.15,0,0.155
5523,2016,2016-09-07,0.0,-1.38,102.0,5.36,42,0.6475000000000001
5523,2017,2017-07-26,0.0,0.0,361.0,0.0,0,-0.024999999999999994
5523,2018,2018-07-10,0.0,0.0,,0.0,0,0.32799999999999996
5523,2019,2019-07-10,3.42,-1.0,49.0,4.42,63,0.146
5524,2013,2013-09-23,0.0,0.0,124.0,1.54,0,0.18250000000000002
5524,2014,2014-08-27,0.0,-0.87,104.0,0.87,0,-0.012499999999999997
5524,2015,2015-07-27,0.0,-0.15,361.0,0.15,0,0.155
5524,2016,2016-09-07,0.0,-1.38,102.0,5.36,42,0.6475000000000001
5524,2017,2017-07-26,0.0,0.0,361.0,0.0,0,-0.024999999999999994
5524,2018,2018-07-10,0.0,0.0,,0.0,0,0.32799999999999996
5524,2019,2019-07-10,3.42,-1.0,49.0,4.42,63,0.146
5525,2013,2013-09-22,0.0,0.0,123.0,1.53,0,0.16250000000000003
5525,2014,2014-08-27,0.0,-0.86,104.0,0.86,0,-0.04749999999999999
5525,2015,2015-07-28,0.0,-0.16,362.0,0.16,0,0.15
5525,2016,2016-09-07,0.0,-1.37,102.0,5.44,42,0.645
5525,2017,2017-07-26,0.0,0.0,361.0,0.0,0,0.009999999999999995
5525,2018,2018-07-11,0.0,0.0,,0.0,0,0.334
5525,2019,2019-07-10,3.53,-1.2200000000000002,49.0,4.75,63,0.16599999999999998
5526,2015,2015-07-27,0.0,-0.15,361.0,0.15,0,0.1375
5526,2016,2016-09-07,0.0,-1.39,102.0,5.41,42,0.655
5526,2017,2017-07-24,0.0,0.0,359.0,0.0,0,-0.007999999999999997
5526,2018,2018-07-11,0.0,0.0,,0.0,0,0.33399999999999996
5526,2019,2019-07-09,4.45,-0.16000000000000014,48.0,4.61,63,0.145
5527,2013,2013-09-23,0.0,0.0,124.0,1.5,0,0.1625
5527,2014,2014-08-27,0.0,-0.85,104.0,0.85,0,-0.03000000000000001
5527,2015,2015-07-27,0.0,-0.15,361.0,0.15,0,0.1375
5527,2016,2016-09-07,0.0,-1.39,102.0,5.41,42,0.655
5527,2017,2017-07-24,0.0,0.0,359.0,0.0,0,-0.007999999999999997
5527,2018,2018-07-11,0.0,0.0,,0.0,0,0.33399999999999996
5527,2019,2019-07-09,4.45,-0.16000000000000014,48.0,4.61,63,0.145
5528,2013,2013-09-25,0.0,0.0,126.0,1.45,0,0.21800000000000003
5528,2014,2014-08-26,0.0,-0.86,103.0,0.86,0,0.009999999999999995
5528,2015,2015-07-28,0.0,0.0,362.0,0.0,0,0.14500000000000002
5528,2016,2016-09-08,0.0,-1.4,103.0,4.74,42,0.655
5528,2017,2017-07-24,0.0,0.0,359.0,0.0,0,-0.030000000000000006
5528,2018,2018-07-10,0.0,0.0,,0.0,0,0.332
5528,2019,2019-07-12,3.14,-0.7599999999999998,51.0,3.9,0,0.10250000000000001
5529,2013,2013-09-25,0.0,0.0,126.0,1.45,0,0.21800000000000003
5529,2014,2014-08-26,0.0,-0.86,103.0,0.86,0,0.009999999999999995
5529,2015,2015-07-29,0.0,0.0,363.0,0.0,0,0.14500000000000002
5529,2016,2016-09-08,0.0,-1.4,103.0,4.74,42,0.655
5529,2017,2017-07-25,0.0,0.0,360.0,0.0,0,-0.030000000000000006
5529,2018,2018-07-09,0.0,0.0,,0.0,0,0.35750000000000004
5529,2019,2019-07-12,3.14,-0.7599999999999998,51.0,3.9,0,0.10250000000000001
5530,2013,2013-09-25,0.0,-0.14,105.0,1.55,0,0.20800000000000002
5530,2014,2014-08-27,0.0,-0.86,104.0,0.86,0,0.015
5530,2015,2015-07-28,0.0,0.0,362.0,0.0,0,0.11249999999999999
5530,2016,2016-09-06,0.0,-1.41,101.0,4.59,42,0.665
5530,2017,2017-07-27,0.0,0.0,362.0,0.0,0,-0.027499999999999993
5530,2018,2018-07-10,0.0,0.0,,0.0,0,0.318
5530,2019,2019-07-12,2.37,-0.2999999999999998,51.0,2.67,0,0.0925
5531,2013,2013-09-25,0.0,-0.14,105.0,1.55,0,0.20800000000000002
5531,2014,2014-08-26,0.0,-0.86,103.0,0.86,0,0.015
5531,2015,2015-07-28,0.0,0.0,362.0,0.0,0,0.11249999999999999
5531,2016,2016-09-06,0.0,-1.41,101.0,4.59,42,0.665
5531,2017,2017-07-25,0.0,0.0,360.0,0.0,0,-0.036
5531,2018,2018-07-09,0.0,0.0,,0.0,0,0.35000000000000003
5531,2019,2019-07-12,2.37,-0.2999999999999998,51.0,2.67,0,0.0925
5532,2017,2017-03-16,0.0,0.0,292.0,0.0,0,0.1375
5533,2017,2017-03-15,0.0,0.0,291.0,0.0,0,0.1375
5534,2013,2013-03-06,0.0,0.0,,0.0,0,0.09000000000000001
5534,2017,2017-03-16,0.0,0.0,292.0,0.0,0,0.1375
5535,2017,2017-11-14,0.0,0.0,,0.0,0,1.1199999999999999
5536,2015,2015-09-17,0.0,0.0,,0.0,0,0.032500000000000015
5536,2016,2016-10-25,0.0,0.0,150.0,5.05,0,0.5175
5536,2017,2017-09-13,0.0,0.0,,0.0,0,0.37
5536,2018,2018-08-25,0.0,0.0,,0.0,0,-0.21000000000000002
5536,2019,2019-09-09,0.0,-0.15,110.0,1.54,0,-0.0375
5537,2013,2013-03-21,0.0,0.0,,0.0,0,0.057999999999999996
5537,2014,2014-08-06,1.06,-1.77,83.0,2.83,0,0.0875
5537,2015,2015-09-17,0.0,0.0,,0.0,0,0.032500000000000015
5537,2016,2016-10-25,0.0,0.0,150.0,5.05,0,0.5175
5537,2017,2017-09-13,0.0,0.0,,0.0,0,0.37
5537,2018,2018-08-25,0.0,0.0,,0.0,0,-0.21000000000000002
5537,2019,2019-09-09,0.0,-0.15,110.0,1.54,0,-0.0375
5538,2015,2015-09-17,0.0,0.0,,0.0,0,0.032500000000000015
5538,2016,2016-10-25,0.0,0.0,150.0,5.05,0,0.5175
5538,2017,2017-09-13,0.0,0.0,,0.0,0,0.37
5538,2018,2018-08-25,0.0,0.0,,0.0,0,-0.21000000000000002
5538,2019,2019-09-09,0.0,-0.15,110.0,1.54,0,-0.0375
5539,2013,2013-03-19,0.0,0.0,,0.0,0,0.019999999999999997
5539,2014,2014-04-04,0.0,0.0,296.0,0.0,0,-0.25199999999999995
5539,2014,2014-05-31,2.83,1.86,16.0,2.83,0,0.7325
5539,2014,2014-08-06,1.06,-1.77,83.0,2.83,0,0.0875
5539,2015,2015-09-17,0.0,0.0,,0.0,0,0.032500000000000015
5539,2016,2016-10-25,0.0,0.0,150.0,5.05,0,0.5175
5539,2017,2017-09-13,0.0,0.0,,0.0,0,0.37
5539,2018,2018-08-26,0.0,0.0,,0.0,0,-0.21000000000000002
5539,2019,2019-09-09,0.0,-0.15,110.0,1.54,0,-0.0375
5540,2013,2013-04-03,0.0,0.0,,0.0,0,0.538
5540,2014,2014-08-06,1.04,-1.6099999999999999,76.0,2.65,0,0.035
5540,2015,2015-09-17,0.0,0.0,,0.0,0,0.0975
5540,2016,2016-10-25,0.0,0.0,150.0,4.8500000000000005,0,0.485
5540,2017,2017-09-13,0.0,0.0,,0.0,0,0.39249999999999996
5540,2018,2018-08-26,0.0,0.0,,0.0,0,-0.24
5540,2019,2019-10-23,0.0,0.0,168.0,1.06,0,0.6060000000000001
5541,2015,2015-05-12,0.0,0.0,355.0,0.0,0,0.32000000000000006
5541,2016,2016-09-02,0.0,-2.84,97.0,5.0,49,0.625
5541,2017,2017-09-24,0.0,0.0,,0.0,0,0.44
5541,2018,2018-11-10,0.0,0.0,,0.0,0,0.7725
5541,2019,2019-09-21,0.0,0.0,136.0,1.07,0,-0.057499999999999996
5542,2015,2015-05-12,0.0,0.0,355.0,0.0,0,0.3575
5542,2016,2016-08-21,0.0,-3.88,85.0,4.91,56,0.7
5542,2017,2017-09-26,0.0,0.0,,0.0,0,0.454
5542,2018,2018-11-10,0.0,0.0,,0.0,0,0.6975
5542,2019,2019-08-27,0.0,-1.1,104.0,1.39,0,0.10750000000000001
5543,2013,2013-07-03,0.88,0.0,42.0,0.88,0,0.844
5543,2014,2014-04-15,0.0,0.0,328.0,0.0,0,-0.04249999999999999
5543,2015,2015-05-12,0.0,0.0,355.0,0.0,0,0.3175
5543,2016,2016-09-02,0.0,-2.68,97.0,4.98,42,0.645
5543,2017,2017-09-24,0.0,0.0,,0.0,0,0.47000000000000003
5543,2018,2018-11-10,0.0,0.0,,0.0,0,0.7575
5543,2019,2019-09-21,0.0,0.0,136.0,1.07,0,-0.06
5544,2014,2014-04-04,0.0,0.0,317.0,0.0,0,-0.22999999999999998
5544,2014,2014-04-24,0.0,0.0,337.0,0.0,0,0.31799999999999995
5544,2015,2015-08-09,0.0,0.0,,0.0,0,0.255
5544,2016,2016-09-15,0.0,-0.14,110.0,5.05,42,0.6825
5544,2017,2017-09-12,0.0,0.0,,0.0,0,0.386
5544,2018,2018-10-11,0.0,0.0,,0.0,0,0.2425
5544,2019,2019-10-22,0.0,0.0,160.0,1.69,0,0.5175000000000001
5546,2013,2013-04-11,0.15,0.15,8.0,0.15,0,0.634
5546,2014,2014-05-31,3.02,2.04,9.0,3.02,0,0.78
5546,2015,2015-06-29,0.0,0.0,361.0,0.0,0,0.11
5546,2016,2016-05-29,5.0600000000000005,4.0600000000000005,1.0,5.0600000000000005,14,1.1460000000000001
5546,2017,2017-08-14,0.0,0.0,,0.0,0,-0.010000000000000014
5546,2018,2018-07-22,0.0,0.0,,0.0,0,-0.05249999999999999
5546,2019,2019-10-05,0.0,0.0,143.0,1.72,0,0.03
5547,2013,2013-03-28,0.0,0.0,,0.0,0,0.27999999999999997
5547,2014,2014-04-05,0.0,0.0,318.0,0.0,0,-0.185
5547,2014,2014-04-23,0.0,0.0,336.0,0.0,0,0.17250000000000001
5547,2015,2015-08-25,0.0,0.0,,0.0,0,0.4525
5547,2016,2016-10-18,0.0,0.0,143.0,4.98,0,0.54
5547,2017,2017-10-27,0.0,0.0,,0.0,0,0.9875
5547,2018,2018-10-11,0.0,0.0,,0.0,0,0.2475
5547,2019,2019-10-23,0.0,0.0,168.0,1.53,0,0.596
5548,2013,2013-04-11,0.14,0.14,8.0,0.14,0,0.632
5548,2014,2014-04-04,0.0,0.0,317.0,0.0,0,-0.22400000000000003
5548,2014,2014-04-23,0.0,0.0,336.0,0.0,0,0.17250000000000001
5548,2015,2015-08-09,0.0,0.0,,0.0,0,0.28500000000000003
5548,2016,2016-09-15,0.0,-0.15,110.0,4.98,35,0.7025
5548,2017,2017-09-12,0.0,0.0,,0.0,0,0.41
5548,2018,2018-10-10,0.0,0.0,,0.0,0,0.156
5548,2019,2019-10-05,0.0,0.0,150.0,1.53,0,0.024999999999999994
5549,2015,2015-08-25,0.0,0.0,,0.0,0,0.47750000000000004
5549,2016,2016-08-21,0.0,-4.0200000000000005,85.0,5.0,63,0.7780000000000001
5549,2017,2017-09-25,0.0,0.0,140.0,0.14,0,0.526
5549,2018,2018-10-29,0.0,0.0,,0.0,0,0.5675
5549,2019,2019-07-15,1.57,0.0,68.0,1.57,0,0.1375
5550,2013,2013-03-16,0.0,0.0,,0.0,0,0.015
5550,2015,2015-08-10,0.0,0.0,,0.0,0,0.28750000000000003
5550,2016,2016-09-15,0.0,-0.15,110.0,5.08,42,0.6875
5550,2017,2017-09-12,0.0,0.0,127.0,0.29,0,0.41400000000000003
5550,2018,2018-10-09,0.0,0.0,,0.0,0,0.156
5550,2019,2019-10-05,0.0,0.0,143.0,1.74,0,0.024999999999999994
5551,2013,2013-03-28,0.0,0.0,,0.0,0,0.31799999999999995
5551,2015,2015-06-29,0.0,0.0,361.0,0.0,0,0.11750000000000001
5551,2017,2017-09-12,0.0,0.0,127.0,0.29,0,0.41400000000000003
5551,2018,2018-07-22,0.0,0.0,363.0,0.0,0,-0.052500000000000005
5551,2019,2019-09-01,0.0,-0.29,109.0,1.74,0,0.075
5552,2014,2014-05-27,3.26,3.26,5.0,3.26,0,1.0750000000000002
5552,2015,2015-05-05,0.0,0.0,348.0,0.0,0,0.22500000000000003
5552,2016,2016-08-22,0.0,-4.23,86.0,5.36,63,0.7000000000000001
5552,2017,2017-10-27,0.0,0.0,172.0,0.45,0,1.0050000000000001
5552,2018,2018-10-11,0.0,0.0,128.0,0.15,0,0.23
5552,2019,2019-10-03,0.0,0.0,134.0,2.11,0,0.038
5553,2014,2014-05-27,3.26,3.26,5.0,3.26,0,1.0750000000000002
5553,2015,2015-05-05,0.0,0.0,348.0,0.0,0,0.22500000000000003
5553,2016,2016-08-20,0.0,-4.23,84.0,5.36,63,0.768
5553,2017,2017-10-27,0.0,0.0,172.0,0.45,0,1.0050000000000001
5553,2018,2018-10-11,0.0,0.0,128.0,0.15,0,0.23
5553,2019,2019-10-22,0.0,0.0,153.0,2.11,0,0.5025
5554,2013,2013-03-30,0.0,0.0,,0.0,0,0.385
5554,2016,2016-08-22,0.0,-4.16,86.0,4.98,63,0.725
5554,2017,2017-09-14,0.0,0.0,129.0,0.31,0,0.4925
5555,2013,2013-03-30,0.0,0.0,,0.0,0,0.385
5555,2014,2014-05-27,3.37,3.37,5.0,3.37,0,1.0899999999999999
5555,2015,2015-05-05,0.0,0.0,348.0,0.0,0,0.22000000000000003
5555,2016,2016-08-20,0.0,-4.16,84.0,4.98,63,0.7939999999999999
5555,2017,2017-09-14,0.0,0.0,129.0,0.31,0,0.4925
5555,2018,2018-10-10,0.0,0.0,,0.0,0,0.164
5555,2019,2019-10-04,0.0,0.0,142.0,2.06,0,0.0175
5556,2013,2013-03-31,0.0,0.0,,0.0,0,0.385
5556,2014,2014-05-27,3.37,3.37,5.0,3.37,0,1.0899999999999999
5556,2015,2015-05-06,0.0,0.0,349.0,0.0,0,0.22000000000000003
5556,2016,2016-08-19,0.16,-4.66,83.0,4.98,63,0.8374999999999999
5556,2017,2017-09-14,0.0,0.0,129.0,0.31,0,0.4925
5556,2018,2018-10-09,0.0,0.0,,0.0,0,0.164
5556,2019,2019-10-04,0.0,0.0,142.0,2.06,0,0.0175
5557,2013,2013-03-31,0.0,0.0,,0.0,0,0.40249999999999997
5557,2014,2014-04-05,0.0,0.0,318.0,0.0,0,-0.22249999999999995
5557,2015,2015-05-06,0.0,0.0,349.0,0.0,0,0.22250000000000003
5557,2016,2016-08-19,0.16,-4.74,83.0,5.0600000000000005,63,0.8400000000000001
5557,2017,2017-09-14,0.0,0.0,129.0,0.31,0,0.4775
5557,2018,2018-10-09,0.0,0.0,126.0,0.14,0,0.14
5557,2019,2019-10-04,0.0,0.0,135.0,2.1,0,0.020000000000000004
5558,2015,2015-02-12,0.0,0.0,238.0,0.48,0,0.605
5558,2016,2016-02-02,0.0,0.0,256.0,0.17,0,1.5
5558,2017,2017-03-22,0.0,0.0,298.0,0.0,0,0.715
5558,2018,2018-02-07,0.0,0.0,,0.0,0,0.352
5558,2019,2019-02-26,0.0,0.0,308.0,0.0,0,1.1400000000000001
5559,2015,2015-02-14,0.0,0.0,240.0,0.48,0,0.608
5559,2016,2016-02-02,0.0,0.0,256.0,0.17,0,1.5025
5559,2017,2017-03-23,0.0,0.0,299.0,0.0,0,0.72
5559,2018,2018-02-08,0.0,0.0,,0.0,0,0.355
5559,2019,2019-02-26,0.0,0.0,308.0,0.0,0,1.1300000000000001
5560,2013,2013-01-09,0.0,0.0,,0.0,0,0.8800000000000001
5560,2014,2014-01-28,0.0,0.0,230.0,0.66,0,0.045999999999999985
5560,2015,2015-02-13,0.0,0.0,239.0,0.48,0,0.608
5560,2016,2016-01-28,0.0,0.0,251.0,0.17,0,1.262
5560,2017,2017-03-22,0.0,0.0,298.0,0.0,0,0.72
5560,2018,2018-02-07,0.0,0.0,,0.0,0,0.36
5560,2019,2019-02-26,0.0,0.0,308.0,0.0,0,1.1300000000000001
5561,2013,2013-01-08,0.0,0.0,,0.0,0,0.908
5561,2014,2014-01-27,0.0,0.0,229.0,0.66,0,0.045999999999999985
5561,2015,2015-02-12,0.0,0.0,238.0,0.48,0,0.61
5561,2016,2016-02-02,0.0,0.0,256.0,0.17,0,1.5025
5561,2017,2017-03-21,0.0,0.0,297.0,0.0,0,0.7320000000000001
5561,2018,2018-02-06,0.0,0.0,,0.0,0,0.36
5561,2019,2019-02-26,0.0,0.0,308.0,0.0,0,1.1300000000000001
5562,2014,2014-01-27,0.0,0.0,229.0,0.66,0,0.045999999999999985
5562,2015,2015-02-13,0.0,0.0,239.0,0.48,0,0.608
5562,2016,2016-02-02,0.0,0.0,256.0,0.17,0,1.5025
5562,2017,2017-03-21,0.0,0.0,297.0,0.0,0,0.7320000000000001
5562,2018,2018-02-06,0.0,0.0,,0.0,0,0.36
5562,2019,2019-02-27,0.0,0.0,309.0,0.0,0,1.1920000000000002
5563,2013,2013-01-08,0.0,0.0,,0.0,0,0.908
5563,2014,2014-01-28,0.0,0.0,230.0,0.66,0,0.045999999999999985
5563,2015,2015-02-14,0.0,0.0,240.0,0.48,0,0.608
5563,2016,2016-02-02,0.0,0.0,256.0,0.17,0,1.5025
5563,2017,2017-03-22,0.0,0.0,298.0,0.0,0,0.72
5563,2018,2018-02-07,0.0,0.0,,0.0,0,0.36
5563,2019,2019-02-27,0.0,0.0,309.0,0.0,0,1.1920000000000002
5564,2013,2013-01-07,0.0,0.0,,0.0,0,0.908
5564,2014,2014-01-26,0.0,0.0,228.0,0.66,0,0.045999999999999985
5564,2015,2015-02-13,0.0,0.0,239.0,0.48,0,0.608
5564,2016,2016-02-02,0.0,0.0,256.0,0.17,0,1.5025
5564,2017,2017-03-23,0.0,0.0,299.0,0.0,0,0.72
5564,2018,2018-02-06,0.0,0.0,,0.0,0,0.36
5564,2019,2019-02-27,0.0,0.0,309.0,0.0,0,1.1920000000000002
5565,2013,2013-01-07,0.0,0.0,,0.0,0,0.908
5565,2014,2014-01-26,0.0,0.0,228.0,0.66,0,0.045999999999999985
5565,2015,2015-02-13,0.0,0.0,239.0,0.48,0,0.608
5565,2016,2016-01-28,0.0,0.0,251.0,0.17,0,1.262
5565,2017,2017-03-23,0.0,0.0,299.0,0.0,0,0.72
5565,2018,2018-02-08,0.0,0.0,,0.0,0,0.355
5565,2019,2019-02-27,0.0,0.0,309.0,0.0,0,1.1920000000000002
5566,2013,2013-01-09,0.0,0.0,,0.0,0,0.882
5566,2014,2014-01-26,0.0,0.0,228.0,0.67,0,0.04999999999999999
5566,2015,2015-02-12,0.0,0.0,238.0,0.49,0,0.615
5566,2016,2016-01-28,0.0,0.0,251.0,0.32,0,1.2600000000000002
5566,2017,2017-03-21,0.0,0.0,276.0,0.0,0,0.7380000000000001
5566,2018,2018-02-08,0.0,0.0,,0.0,0,0.365
5566,2019,2019-02-28,0.0,0.0,310.0,0.0,0,1.202
5567,2013,2013-11-06,0.0,0.0,147.0,2.62,0,0.09999999999999998
5567,2015,2015-04-21,0.0,0.0,313.0,0.14,0,0.6425000000000001
5567,2017,2017-05-29,0.66,0.66,338.0,0.66,0,0.75
5568,2013,2013-11-06,0.0,0.0,147.0,2.62,0,0.09999999999999998
5568,2017,2017-05-29,0.66,0.66,338.0,0.66,0,0.75
5569,2013,2013-11-06,0.0,0.0,147.0,2.67,0,0.10400000000000001
5569,2015,2015-04-21,0.0,0.0,313.0,0.16,0,0.6625
5569,2017,2017-05-29,1.11,0.81,338.0,1.11,0,0.756
5570,2017,2017-06-01,0.45,0.45,341.0,0.45,0,0.79
5571,2013,2013-01-07,0.0,0.0,,0.0,0,0.966
5571,2014,2014-01-28,0.0,0.0,230.0,0.85,0,0.094
5571,2015,2015-02-14,0.0,0.0,240.0,0.51,0,0.652
5571,2016,2016-01-29,0.0,0.0,252.0,0.18,0,1.298
5571,2017,2017-03-23,0.0,0.0,278.0,0.0,0,0.74
5571,2018,2018-02-08,0.0,0.0,,0.0,0,0.3775
5571,2019,2019-02-28,0.0,0.0,310.0,0.0,0,1.206
5572,2017,2017-06-01,0.32,0.32,341.0,0.32,0,0.7775
5573,2013,2013-11-04,0.0,0.0,145.0,2.04,0,-0.07999999999999997
5573,2015,2015-04-24,0.15,0.15,316.0,0.15,0,0.6300000000000001
5573,2016,2016-05-08,2.69,2.69,1.0,2.69,0,1.228
5573,2017,2017-05-14,0.0,0.0,323.0,0.14,0,0.73
5573,2018,2018-04-12,0.0,0.0,178.0,0.95,0,0.6975
5573,2019,2019-07-21,0.58,0.0,362.0,0.58,0,0.625
5574,2015,2015-04-26,0.15,0.15,318.0,0.15,0,0.7250000000000001
5574,2016,2016-05-09,2.69,2.69,2.0,2.69,0,1.35
5574,2017,2017-05-15,0.0,0.0,324.0,0.14,0,0.716
5574,2018,2018-03-12,0.0,0.0,147.0,0.95,0,0.76
5574,2019,2019-07-21,0.58,0.0,362.0,0.58,0,0.625
5575,2015,2015-04-26,0.15,0.15,318.0,0.15,0,0.7250000000000001
5575,2016,2016-05-08,2.69,2.69,1.0,2.69,0,1.228
5575,2017,2017-05-14,0.0,0.0,323.0,0.14,0,0.73
5575,2018,2018-04-12,0.0,0.0,178.0,0.95,0,0.6975
5575,2019,2019-10-17,0.15,0.15,134.0,0.58,0,0.756
5577,2015,2015-04-24,0.15,0.15,316.0,0.15,0,0.6300000000000001
5577,2016,2016-05-09,2.69,2.69,2.0,2.69,0,1.35
5577,2017,2017-05-16,0.0,0.0,325.0,0.14,0,0.716
5577,2018,2018-04-13,0.0,0.0,179.0,0.95,0,0.6975
5577,2019,2019-10-17,0.15,0.15,134.0,0.58,0,0.756
5581,2013,2013-11-05,0.0,0.0,146.0,1.63,0,-0.07500000000000002
5581,2014,2014-03-26,0.0,0.0,287.0,0.0,0,0.4175
5581,2015,2015-04-19,0.0,0.0,311.0,0.0,0,0.595
5581,2017,2017-03-06,0.0,0.0,254.0,0.34,0,0.674
5582,2013,2013-11-05,0.0,0.0,146.0,2.59,0,-0.07500000000000001
5582,2015,2015-04-19,0.0,0.0,311.0,0.0,0,0.6375
5582,2017,2017-03-06,0.0,0.0,254.0,0.5,0,0.6559999999999999
5585,2015,2015-12-07,0.0,0.0,185.0,1.63,0,0.7575
5585,2016,2016-05-10,3.04,3.04,3.0,3.04,0,1.415
5586,2014,2014-03-26,0.0,0.0,287.0,0.0,0,0.4375
5586,2015,2015-04-19,0.0,0.0,311.0,0.0,0,0.62
5586,2017,2017-03-06,0.0,0.0,254.0,0.35,0,0.696
5587,2015,2015-08-21,0.0,0.0,,0.0,0,0.36600000000000005
5587,2016,2016-08-14,0.0,-0.35,85.0,0.35,0,0.49800000000000005
5587,2017,2017-05-20,0.14,0.14,364.0,0.14,0,0.825
5587,2018,2018-04-14,0.0,0.0,250.0,0.14,0,0.42250000000000004
5587,2019,2019-04-13,0.0,0.0,298.0,0.0,0,0.685
5588,2013,2013-11-12,0.0,0.0,167.0,0.31,0,0.1925
5588,2014,2014-05-31,0.0,0.0,360.0,0.0,0,0.62
5588,2015,2015-08-22,0.0,0.0,,0.0,0,0.36600000000000005
5588,2016,2016-08-28,0.0,-0.16,99.0,0.35,0,0.534
5588,2017,2017-08-26,0.81,0.4600000000000001,19.0,0.81,0,1.0574999999999999
5588,2018,2018-05-19,0.0,0.0,285.0,0.0,0,0.6675
5588,2019,2019-09-21,0.0,0.0,,0.0,0,0.7124999999999999
5589,2013,2013-11-04,0.0,0.0,145.0,2.04,0,-0.07750000000000003
5589,2015,2015-04-24,0.15,0.15,316.0,0.15,0,0.634
5589,2017,2017-06-01,0.47,0.47,341.0,0.47,0,0.7925000000000001
5590,2013,2013-11-12,0.0,0.0,167.0,0.31,0,0.1925
5590,2014,2014-09-27,0.0,0.0,,0.0,0,0.575
5590,2015,2015-08-21,0.0,0.0,,0.0,0,0.36600000000000005
5590,2016,2016-08-14,0.0,-0.35,85.0,0.35,0,0.49800000000000005
5590,2017,2017-08-26,0.81,0.4600000000000001,19.0,0.81,0,1.0574999999999999
5590,2018,2018-05-19,0.0,0.0,285.0,0.0,0,0.6675
5590,2019,2019-04-27,0.0,0.0,312.0,0.0,0,0.8300000000000001
5591,2013,2013-11-13,0.0,0.0,168.0,0.31,0,0.21600000000000003
5591,2014,2014-08-23,0.0,0.0,,0.0,0,0.425
5591,2015,2015-08-22,0.0,0.0,,0.0,0,0.36600000000000005
5591,2016,2016-08-28,0.0,-0.16,99.0,0.35,0,0.534
5591,2017,2017-06-10,0.49,0.35,5.0,0.49,0,0.7000000000000001
5591,2018,2018-10-20,0.0,0.0,123.0,0.16,0,0.8
5591,2019,2019-04-20,0.0,0.0,305.0,0.0,0,0.7925000000000001
5592,2014,2014-05-31,0.0,0.0,360.0,0.0,0,0.62
5592,2015,2015-10-24,0.0,0.0,,0.0,0,0.74
5592,2016,2016-05-14,0.19,0.19,7.0,0.19,0,1.108
5592,2017,2017-09-16,0.46,-0.35000000000000003,40.0,0.81,0,0.8725
5592,2018,2018-10-07,0.0,-0.16,363.0,0.16,0,0.7400000000000001
5592,2019,2019-09-21,0.0,0.0,,0.0,0,0.7124999999999999
5593,2014,2014-03-27,0.0,0.0,295.0,0.0,0,0.264
5593,2015,2015-04-25,0.15,0.15,310.0,0.15,0,0.596
5593,2017,2017-06-02,0.14,0.14,342.0,0.14,0,0.72
5594,2015,2015-04-25,0.0,0.0,310.0,0.0,0,0.586
5594,2017,2017-05-30,0.0,0.0,339.0,0.0,0,0.65
5594,2017,2017-06-02,0.0,0.0,342.0,0.0,0,0.7075
5595,2014,2014-03-27,0.0,0.0,295.0,0.0,0,0.22400000000000003
5595,2015,2015-04-25,0.0,0.0,310.0,0.0,0,0.586
5595,2017,2017-06-02,0.0,0.0,342.0,0.0,0,0.7075
5597,2013,2013-11-13,0.0,0.0,168.0,0.31,0,0.21800000000000003
5597,2014,2014-09-27,0.0,0.0,,0.0,0,0.5725
5597,2015,2015-10-24,0.0,0.0,,0.0,0,0.728
5597,2016,2016-11-19,0.0,0.0,126.0,0.49,0,0.25
5597,2017,2017-10-06,0.31,-0.14,67.0,0.79,0,0.8925
5597,2018,2018-08-19,0.17,0.0,363.0,0.17,0,0.5025000000000001
5597,2019,2019-04-20,0.0,0.0,305.0,0.0,0,0.7625
5599,2014,2014-03-24,0.0,0.0,285.0,0.0,0,0.26
5599,2017,2017-06-07,0.31,0.15,347.0,0.31,0,0.6625000000000001
5600,2017,2017-06-08,0.31,0.15,348.0,0.31,0,0.6625000000000001
5601,2014,2014-03-23,0.0,-0.15,284.0,0.15,0,0.485
5601,2017,2017-06-09,1.41,0.6299999999999999,349.0,1.41,0,0.8475
5602,2014,2014-03-25,0.0,0.0,286.0,0.0,0,0.1125
5602,2017,2017-06-05,0.0,0.0,345.0,0.0,0,0.618
5603,2013,2013-06-02,0.34,0.15000000000000002,363.0,0.34,0,0.8225
5603,2014,2014-07-05,0.8300000000000001,0.52,16.0,0.8300000000000001,0,0.7699999999999999
5603,2015,2015-06-08,0.0,0.0,354.0,0.0,0,0.39249999999999996
5603,2016,2016-05-26,2.03,2.03,5.0,2.03,0,1.1400000000000001
5603,2017,2017-07-16,0.0,0.0,358.0,0.0,0,0.495
5603,2018,2018-08-07,0.6,-0.33999999999999997,70.0,0.94,0,0.43599999999999994
5603,2019,2019-07-07,0.0,0.0,362.0,0.0,0,0.8275
5604,2014,2014-03-23,0.0,0.0,284.0,0.0,0,0.3025
5604,2017,2017-06-07,0.46,0.30000000000000004,347.0,0.46,0,0.69
5605,2014,2014-03-24,0.0,0.0,285.0,0.0,0,0.18
5605,2017,2017-06-06,0.0,0.0,346.0,0.0,0,0.6699999999999999
5606,2014,2014-03-24,0.0,0.0,285.0,0.0,0,0.18
5606,2017,2017-06-07,0.0,0.0,347.0,0.0,0,0.6225
5607,2014,2014-03-25,0.0,0.0,286.0,0.0,0,0.0975
5607,2017,2017-06-05,0.0,0.0,345.0,0.0,0,0.6220000000000001
5608,2013,2013-06-02,0.33,0.14,363.0,0.33,0,0.805
5608,2014,2014-06-22,0.68,0.68,10.0,0.68,0,0.7975000000000001
5608,2015,2015-06-08,0.15,0.0,361.0,0.15,0,0.4025
5608,2016,2016-05-26,2.2,2.2,5.0,2.2,0,1.1325
5608,2017,2017-07-16,0.15,0.0,358.0,0.15,0,0.4675
5608,2018,2018-08-07,0.15,-0.32999999999999996,77.0,0.48,0,0.4539999999999999
5608,2019,2019-07-07,0.0,0.0,362.0,0.0,0,0.8375
5609,2014,2014-03-23,0.0,0.0,284.0,0.0,0,0.43000000000000005
5609,2017,2017-05-30,0.64,0.64,339.0,0.64,0,0.8320000000000001
5610,2017,2017-06-08,1.39,1.0699999999999998,348.0,1.39,0,0.855
5613,2013,2013-06-03,0.2,0.0,364.0,0.2,0,0.7949999999999999
5613,2014,2014-06-23,0.7000000000000001,0.7000000000000001,11.0,0.7000000000000001,0,0.8075
5613,2015,2015-06-09,0.15,0.0,362.0,0.15,0,0.3825
5613,2016,2016-05-29,1.66,1.17,8.0,1.66,0,1.008
5613,2017,2017-07-17,0.0,0.0,359.0,0.0,0,0.44800000000000006
5613,2018,2018-08-07,0.16,-0.32999999999999996,77.0,0.49,0,0.43600000000000005
5613,2019,2019-07-08,0.0,0.0,363.0,0.0,0,0.8225
5616,2014,2014-03-24,0.0,0.0,285.0,0.0,0,0.10500000000000001
5616,2014,2014-06-22,0.68,0.68,10.0,0.68,0,0.7975000000000001
5616,2017,2017-06-06,0.15,0.15,346.0,0.15,0,0.632
5617,2013,2013-06-03,0.33,0.14,364.0,0.33,0,0.805
5617,2014,2014-06-23,0.68,0.68,11.0,0.68,0,0.7975000000000001
5617,2015,2015-06-09,0.15,0.0,362.0,0.15,0,0.4025
5617,2016,2016-05-29,2.35,1.85,1.0,2.35,0,1.052
5617,2017,2017-06-05,0.15,0.15,345.0,0.15,0,0.632
5617,2018,2018-09-07,0.0,-0.15,108.0,0.48,0,0.275
5617,2019,2019-07-08,0.0,0.0,363.0,0.0,0,0.8375
5618,2013,2013-06-02,0.33,0.14,363.0,0.33,0,0.805
5618,2015,2015-06-08,0.15,0.0,361.0,0.15,0,0.4025
5618,2016,2016-05-26,2.2,2.2,5.0,2.2,0,1.1325
5618,2017,2017-07-17,0.15,0.0,359.0,0.15,0,0.476
5618,2018,2018-09-07,0.0,-0.15,108.0,0.48,0,0.275
5618,2019,2019-07-08,0.0,0.0,363.0,0.0,0,0.8375
5619,2013,2013-06-03,0.33,0.14,364.0,0.33,0,0.805
5619,2014,2014-06-22,0.68,0.68,10.0,0.68,0,0.7975000000000001
5619,2015,2015-06-09,0.15,0.0,362.0,0.15,0,0.4025
5619,2016,2016-05-29,2.35,1.85,1.0,2.35,0,1.052
5619,2017,2017-07-16,0.15,0.0,358.0,0.15,0,0.4675
5619,2018,2018-08-07,0.15,-0.32999999999999996,77.0,0.48,0,0.4539999999999999
5619,2019,2019-07-07,0.0,0.0,362.0,0.0,0,0.8375
5620,2014,2014-04-22,0.0,0.0,314.0,0.0,0,0.275
5620,2017,2017-06-06,0.15,0.15,346.0,0.15,0,0.656
5621,2014,2014-04-23,0.0,0.0,315.0,0.0,0,0.2725
5621,2015,2015-04-23,0.0,0.0,315.0,0.0,0,0.515
5621,2016,2016-04-13,0.0,0.0,348.0,0.0,0,0.7425
5621,2017,2017-05-24,0.15,0.15,333.0,0.15,0,0.6775
5621,2018,2018-04-11,0.0,0.0,177.0,0.3,0,0.736
5622,2017,2017-06-08,1.39,1.22,348.0,1.39,0,0.8574999999999999
5625,2017,2017-06-09,1.71,1.4,349.0,1.71,0,0.8625
5633,2014,2014-08-16,0.4,-3.43,79.0,3.83,0,0.1875
5633,2015,2015-06-20,0.15,0.0,359.0,0.15,0,0.31399999999999995
5633,2016,2016-06-10,4.22,3.01,13.0,4.22,21,0.85
5633,2017,2017-05-05,0.0,0.0,342.0,0.0,0,0.6425000000000001
5633,2018,2018-07-27,1.63,0.0,52.0,1.63,0,-0.0875
5633,2019,2019-06-29,2.65,0.0,45.0,2.65,0,0.6275000000000001
5637,2014,2014-08-15,0.4,-3.43,78.0,3.83,0,0.21200000000000002
5637,2015,2015-06-19,0.15,0.0,358.0,0.15,0,0.31399999999999995
5637,2016,2016-06-10,4.22,3.01,13.0,4.22,21,0.85
5637,2017,2017-05-06,0.0,0.0,343.0,0.0,0,0.6425000000000001
5637,2018,2018-07-27,1.63,0.0,52.0,1.63,0,-0.0875
5637,2019,2019-06-28,2.65,0.0,44.0,2.65,0,0.6275000000000001
5638,2014,2014-08-15,0.4,-3.43,78.0,3.83,0,0.21200000000000002
5638,2015,2015-06-19,0.15,0.0,358.0,0.15,0,0.31399999999999995
5638,2016,2016-06-10,4.22,3.01,13.0,4.22,21,0.85
5638,2017,2017-06-05,0.3,0.15999999999999998,359.0,0.3,0,0.46799999999999997
5638,2018,2018-07-27,1.63,0.0,52.0,1.63,0,-0.0875
5638,2019,2019-06-29,2.65,0.0,45.0,2.65,0,0.6275000000000001
5640,2014,2014-08-16,0.4,-3.43,79.0,3.83,0,0.1875
5640,2015,2015-06-20,0.15,0.0,359.0,0.15,0,0.31399999999999995
5640,2016,2016-06-11,4.22,1.4199999999999995,14.0,4.22,28,0.8019999999999999
5640,2017,2017-06-05,0.3,0.15999999999999998,359.0,0.3,0,0.46799999999999997
5640,2018,2018-07-28,1.63,0.0,53.0,1.63,0,-0.0875
5640,2019,2019-06-28,2.65,0.0,44.0,2.65,0,0.6275000000000001
5642,2014,2014-08-16,0.4,-3.43,79.0,3.83,0,0.1875
5642,2015,2015-06-20,0.15,0.0,359.0,0.15,0,0.31399999999999995
5642,2016,2016-06-11,4.22,1.4199999999999995,14.0,4.22,28,0.8019999999999999
5642,2017,2017-05-05,0.0,0.0,342.0,0.0,0,0.6425000000000001
5642,2018,2018-07-28,1.63,0.0,53.0,1.63,0,-0.0875
5642,2019,2019-06-28,2.65,0.0,44.0,2.65,0,0.6275000000000001
5643,2014,2014-08-15,0.4,-3.43,78.0,3.83,0,0.21200000000000002
5643,2015,2015-06-19,0.15,0.0,358.0,0.15,0,0.31399999999999995
5643,2016,2016-06-10,4.22,3.01,13.0,4.22,21,0.85
5643,2017,2017-05-05,0.0,0.0,342.0,0.0,0,0.6425000000000001
5643,2018,2018-07-28,1.63,0.0,53.0,1.63,0,-0.0875
5643,2019,2019-06-29,2.65,0.0,45.0,2.65,0,0.6275000000000001
5644,2013,2013-12-12,0.0,0.0,190.0,0.77,0,0.5479999999999999
5644,2014,2014-09-28,0.0,0.0,122.0,2.14,0,0.77
5644,2015,2015-09-10,0.0,-0.46,111.0,1.52,0,0.5575
5644,2016,2016-09-25,0.0,-0.3,92.0,7.0600000000000005,28,0.8620000000000001
5644,2017,2017-08-09,0.93,-0.35,72.0,1.28,0,1.0525
5644,2018,2018-09-10,0.0,0.0,,0.0,0,0.7050000000000001
5644,2019,2019-09-09,0.15,-0.61,82.0,1.64,0,0.4975
5645,2014,2014-09-30,0.0,0.0,124.0,2.17,0,0.74
5645,2015,2015-09-09,0.0,-0.45,110.0,1.7,0,0.5775
5645,2016,2016-09-24,0.0,-0.3,91.0,7.35,28,0.914
5645,2017,2017-07-09,1.75,0.0,358.0,1.75,0,0.5800000000000001
5645,2018,2018-09-09,0.0,-0.44,103.0,0.44,0,0.6875
5645,2019,2019-09-08,0.15,-1.07,81.0,3.18,0,0.5375
5646,2013,2013-12-12,0.0,0.0,190.0,0.78,0,0.534
5646,2014,2014-09-28,0.0,0.0,122.0,2.12,0,0.7825000000000001
5646,2015,2015-09-10,0.0,-0.45,111.0,1.5,0,0.5449999999999999
5646,2016,2016-09-25,0.14,-0.16999999999999998,92.0,7.04,28,0.844
5646,2017,2017-08-09,1.24,-0.33000000000000007,72.0,1.57,0,1.06
5646,2018,2018-09-10,0.0,0.0,,0.0,0,0.7075
5646,2019,2019-09-09,0.16,-0.45999999999999996,82.0,1.2,0,0.48750000000000004
5647,2014,2014-09-30,0.0,0.0,124.0,2.14,0,0.77
5647,2015,2015-09-09,0.0,-0.46,110.0,1.52,0,0.5575
5647,2016,2016-09-24,0.0,-0.3,91.0,7.0600000000000005,28,0.8620000000000001
5647,2017,2017-07-09,1.28,0.0,358.0,1.28,0,0.5700000000000001
5647,2018,2018-09-09,0.0,0.0,,0.0,0,0.7050000000000001
5647,2019,2019-09-08,0.15,-0.61,81.0,1.64,0,0.4975
5649,2014,2014-09-26,0.0,0.0,120.0,2.12,0,0.808
5649,2015,2015-09-11,0.0,0.0,112.0,1.5,0,0.5159999999999999
5649,2016,2016-09-25,0.14,-0.16999999999999998,92.0,7.04,28,0.844
5649,2017,2017-09-09,0.0,-1.24,103.0,1.57,0,1.075
5649,2018,2018-09-10,0.0,0.0,,0.0,0,0.7075
5649,2019,2019-09-09,0.16,-0.45999999999999996,82.0,1.2,0,0.48750000000000004
5650,2014,2014-09-29,0.0,0.0,123.0,2.12,0,0.7825000000000001
5650,2015,2015-09-10,0.0,-0.45,111.0,1.5,0,0.5449999999999999
5650,2016,2016-09-25,0.14,-0.16999999999999998,92.0,7.04,28,0.844
5650,2017,2017-09-09,0.0,-1.24,103.0,1.57,0,1.075
5650,2018,2018-09-11,0.0,0.0,,0.0,0,0.71
5650,2019,2019-09-09,0.16,-0.45999999999999996,82.0,1.2,0,0.48750000000000004
5654,2014,2014-09-30,0.0,0.0,124.0,2.14,0,0.77
5654,2015,2015-09-09,0.0,-0.46,110.0,1.52,0,0.5575
5654,2016,2016-09-24,0.0,-0.3,91.0,7.0600000000000005,28,0.8620000000000001
5654,2017,2017-07-09,1.28,0.0,358.0,1.28,0,0.5700000000000001
5654,2018,2018-09-09,0.0,0.0,,0.0,0,0.7050000000000001
5654,2019,2019-09-08,0.15,-0.61,81.0,1.64,0,0.4975
5656,2013,2013-12-11,0.0,0.0,189.0,0.78,0,0.534
5656,2014,2014-09-27,0.0,0.0,121.0,2.12,0,0.7825000000000001
5656,2015,2015-09-08,0.0,-0.45,109.0,1.5,0,0.5449999999999999
5656,2016,2016-09-23,0.14,-0.16999999999999998,90.0,7.04,28,0.8849999999999999
5656,2017,2017-06-09,1.57,1.23,349.0,1.57,0,0.8574999999999999
5656,2018,2018-09-11,0.0,0.0,,0.0,0,0.71
5656,2019,2019-09-10,0.16,-0.45999999999999996,83.0,1.2,0,0.48750000000000004
5659,2013,2013-12-11,0.0,0.0,189.0,0.78,0,0.534
5659,2014,2014-09-27,0.0,0.0,121.0,2.12,0,0.7825000000000001
5659,2015,2015-09-08,0.0,-0.45,109.0,1.5,0,0.5449999999999999
5659,2016,2016-09-23,0.14,-0.16999999999999998,90.0,7.04,28,0.8849999999999999
5659,2017,2017-06-09,1.57,1.23,349.0,1.57,0,0.8574999999999999
5659,2018,2018-09-12,0.0,0.0,,0.0,0,0.71
5659,2019,2019-09-10,0.16,-0.45999999999999996,83.0,1.2,0,0.48750000000000004
5660,2013,2013-12-10,0.0,0.0,188.0,0.78,0,0.3075
5660,2014,2014-09-27,0.0,0.0,121.0,2.12,0,0.7825000000000001
5660,2015,2015-09-08,0.0,-0.45,109.0,1.5,0,0.5449999999999999
5660,2016,2016-09-23,0.14,-0.16999999999999998,90.0,7.04,28,0.8849999999999999
5660,2017,2017-06-09,1.57,1.23,349.0,1.57,0,0.8574999999999999
5660,2018,2018-09-12,0.0,0.0,,0.0,0,0.71
5660,2019,2019-09-11,0.0,-0.16,84.0,1.2,0,0.6380000000000001
5663,2014,2014-09-29,0.0,0.0,123.0,2.12,0,0.7825000000000001
5663,2015,2015-09-11,0.0,0.0,112.0,1.5,0,0.5159999999999999
5663,2016,2016-09-25,0.14,-0.16999999999999998,92.0,7.04,28,0.844
5663,2017,2017-09-09,0.0,-1.24,103.0,1.57,0,1.075
5663,2018,2018-09-12,0.0,0.0,,0.0,0,0.71
5663,2019,2019-09-10,0.16,-0.45999999999999996,83.0,1.2,0,0.48750000000000004
5664,2013,2013-12-10,0.0,0.0,188.0,0.78,0,0.3075
5664,2014,2014-09-28,0.0,0.0,122.0,2.12,0,0.7825000000000001
5664,2015,2015-09-08,0.0,-0.45,109.0,1.5,0,0.5449999999999999
5664,2016,2016-09-25,0.14,-0.16999999999999998,92.0,7.04,28,0.844
5664,2017,2017-08-09,1.24,-0.33000000000000007,72.0,1.57,0,1.06
5664,2018,2018-09-11,0.0,0.0,,0.0,0,0.71
5664,2019,2019-09-10,0.16,-0.45999999999999996,83.0,1.2,0,0.48750000000000004
5666,2013,2013-12-12,0.0,0.0,190.0,0.77,0,0.5479999999999999
5666,2014,2014-09-26,0.0,0.0,120.0,2.14,0,0.8039999999999999
5666,2015,2015-09-10,0.0,-0.46,111.0,1.52,0,0.5575
5666,2016,2016-09-25,0.0,-0.3,92.0,7.0600000000000005,28,0.8620000000000001
5666,2017,2017-05-09,0.35,0.35,318.0,0.35,0,0.638
5666,2018,2018-09-11,0.0,0.0,,0.0,0,0.7100000000000001
5666,2019,2019-09-11,0.0,-0.15,84.0,1.64,0,0.648
5667,2013,2013-12-10,0.0,0.0,188.0,0.77,0,0.32499999999999996
5667,2014,2014-09-26,0.0,0.0,120.0,2.14,0,0.8039999999999999
5667,2015,2015-09-09,0.0,-0.46,110.0,1.52,0,0.5575
5667,2016,2016-09-24,0.0,-0.3,91.0,7.0600000000000005,28,0.8620000000000001
5667,2017,2017-05-09,0.35,0.35,318.0,0.35,0,0.638
5667,2018,2018-09-12,0.0,0.0,,0.0,0,0.7100000000000001
5667,2019,2019-09-11,0.0,-0.15,84.0,1.64,0,0.648
5668,2013,2013-12-10,0.0,0.0,188.0,0.77,0,0.32499999999999996
5668,2014,2014-09-26,0.0,0.0,120.0,2.14,0,0.8039999999999999
5668,2015,2015-09-11,0.0,0.0,112.0,1.52,0,0.528
5668,2016,2016-09-23,0.0,-0.3,90.0,7.0600000000000005,28,0.9025000000000001
5668,2017,2017-05-09,0.35,0.35,318.0,0.35,0,0.638
5668,2018,2018-09-13,0.0,0.0,,0.0,0,0.805
5668,2019,2019-09-11,0.0,-0.15,84.0,1.64,0,0.648
5669,2013,2013-07-31,0.66,-0.15000000000000002,70.0,1.13,0,0.378
5669,2014,2014-08-13,1.01,-1.74,69.0,2.75,0,0.4225
5669,2015,2015-06-17,0.3,0.3,363.0,0.3,0,0.5225
5669,2016,2016-06-18,2.82,0.16999999999999993,21.0,2.82,0,0.368
5669,2017,2017-07-29,0.0,0.0,364.0,0.0,0,0.535
5669,2018,2018-07-20,0.29,0.0,52.0,0.29,0,0.4625
5669,2019,2019-07-19,2.48,0.0,44.0,2.48,0,0.8125
5670,2013,2013-07-30,0.66,-0.46999999999999986,69.0,1.13,0,0.3175
5670,2015,2015-06-17,0.3,0.3,363.0,0.3,0,0.5225
5670,2016,2016-06-18,2.82,0.16999999999999993,21.0,2.82,0,0.368
5670,2017,2017-07-29,0.0,0.0,364.0,0.0,0,0.535
5670,2018,2018-07-21,0.29,0.0,53.0,0.29,0,0.4625
5670,2019,2019-07-20,2.48,0.0,45.0,2.48,0,0.8125
5671,2013,2013-07-30,0.66,-0.46999999999999986,69.0,1.13,0,0.3175
5671,2014,2014-08-13,1.01,-1.74,69.0,2.75,0,0.4225
5671,2015,2015-06-16,0.3,0.3,362.0,0.3,0,0.5225
5671,2016,2016-06-18,2.82,0.16999999999999993,21.0,2.82,0,0.368
5671,2017,2017-07-29,0.0,0.0,364.0,0.0,0,0.535
5671,2018,2018-07-21,0.29,0.0,53.0,0.29,0,0.4625
5671,2019,2019-07-20,2.48,0.0,45.0,2.48,0,0.8125
5672,2013,2013-07-29,0.66,-0.46999999999999986,68.0,1.13,0,0.3175
5672,2014,2014-08-13,1.01,-1.74,69.0,2.75,0,0.4225
5672,2015,2015-06-16,0.3,0.3,362.0,0.3,0,0.5225
5672,2016,2016-06-17,2.82,0.9299999999999999,20.0,2.82,0,0.4325
5672,2017,2017-07-28,0.0,0.0,363.0,0.0,0,0.535
5672,2018,2018-07-20,0.29,0.0,52.0,0.29,0,0.4625
5672,2019,2019-07-20,2.48,0.0,45.0,2.48,0,0.8125
5673,2013,2013-07-29,0.66,-0.46999999999999986,68.0,1.13,0,0.3175
5673,2014,2014-08-13,1.01,-1.74,69.0,2.75,0,0.4225
5673,2015,2015-06-16,0.3,0.3,362.0,0.3,0,0.5225
5673,2016,2016-06-18,2.82,0.16999999999999993,21.0,2.82,0,0.368
5673,2017,2017-07-28,0.0,0.0,363.0,0.0,0,0.535
5673,2018,2018-07-20,0.29,0.0,52.0,0.29,0,0.4625
5673,2019,2019-07-19,2.48,0.0,44.0,2.48,0,0.8125
5674,2013,2013-07-19,0.8300000000000001,0.0,58.0,0.8300000000000001,0,0.3075
5674,2014,2014-07-18,1.82,0.0,36.0,1.82,0,0.8059999999999998
5674,2015,2015-05-23,0.31,0.31,345.0,0.31,0,0.438
5674,2016,2016-05-14,0.85,0.85,0.0,0.85,0,0.932
5674,2017,2017-05-21,0.0,0.0,358.0,0.0,0,0.7175
5674,2018,2018-05-11,0.0,0.0,,0.0,0,0.07500000000000001
5674,2019,2019-06-21,2.73,0.76,16.0,2.73,0,0.8875
5675,2013,2013-07-19,0.8200000000000001,0.0,58.0,0.8200000000000001,0,0.29750000000000004
5675,2014,2014-07-18,1.97,0.0,36.0,1.97,0,0.782
5675,2015,2015-05-23,0.16,0.16,345.0,0.16,0,0.42200000000000004
5675,2016,2016-05-14,0.85,0.85,0.0,0.85,0,0.9279999999999999
5675,2017,2017-05-21,0.0,0.0,358.0,0.0,0,0.7224999999999999
5675,2018,2018-05-11,0.0,0.0,,0.0,0,0.049999999999999996
5675,2019,2019-06-21,2.43,0.4700000000000002,16.0,2.43,0,0.8475000000000001
5676,2013,2013-07-19,0.8200000000000001,0.0,58.0,0.8200000000000001,0,0.29750000000000004
5676,2014,2014-07-18,1.97,0.0,36.0,1.97,0,0.782
5676,2015,2015-05-23,0.16,0.16,345.0,0.16,0,0.42200000000000004
5676,2016,2016-05-14,0.85,0.85,0.0,0.85,0,0.9279999999999999
5676,2017,2017-05-21,0.0,0.0,358.0,0.0,0,0.7224999999999999
5676,2018,2018-05-12,0.0,0.0,,0.0,0,0.049999999999999996
5676,2019,2019-06-21,2.43,0.4700000000000002,16.0,2.43,0,0.8475000000000001
5677,2013,2013-07-20,0.94,0.0,38.0,0.94,0,0.33999999999999997
5677,2014,2014-07-19,2.81,0.0,37.0,2.81,0,0.635
5677,2015,2015-05-24,0.33,0.33,346.0,0.33,0,0.57
5677,2016,2016-05-13,0.48,0.48,6.0,0.48,0,1.005
5677,2017,2017-05-21,0.0,0.0,358.0,0.0,0,0.7775000000000001
5677,2018,2018-05-12,0.0,0.0,,0.0,0,0.047499999999999994
5677,2019,2019-06-22,2.53,0.48,17.0,2.53,0,0.8575
5678,2013,2013-07-20,0.94,0.0,38.0,0.94,0,0.33999999999999997
5678,2014,2014-07-19,2.81,0.0,37.0,2.81,0,0.635
5678,2015,2015-05-24,0.33,0.33,346.0,0.33,0,0.57
5678,2016,2016-05-13,0.48,0.48,6.0,0.48,0,1.005
5678,2017,2017-05-21,0.0,0.0,358.0,0.0,0,0.7775000000000001
5678,2018,2018-05-12,0.0,0.0,,0.0,0,0.047499999999999994
5678,2019,2019-06-22,2.53,0.48,17.0,2.53,0,0.8575
5679,2013,2013-07-20,0.96,0.0,59.0,0.96,0,0.29250000000000004
5679,2014,2014-07-19,2.12,0.0,37.0,2.12,0,0.7074999999999999
5679,2015,2015-05-24,0.16,0.16,346.0,0.16,0,0.525
5679,2016,2016-05-14,0.86,0.86,0.0,0.86,0,0.9200000000000002
5679,2017,2017-05-21,0.0,0.0,358.0,0.0,0,0.7225000000000001
5679,2018,2018-05-12,0.0,0.0,,0.0,0,0.03250000000000001
5679,2019,2019-06-22,2.13,0.45999999999999996,17.0,2.13,0,0.815
5681,2013,2013-09-09,0.0,-0.18,110.0,0.99,0,0.5549999999999999
5681,2014,2014-06-14,1.61,1.28,2.0,1.61,0,0.9175
5681,2015,2015-05-18,0.0,0.0,340.0,0.0,0,0.32999999999999996
5681,2016,2016-05-10,0.16,0.16,3.0,0.16,0,0.7775000000000001
5681,2017,2017-05-16,0.0,0.0,360.0,0.0,0,0.622
5681,2018,2018-05-04,0.0,0.0,,0.0,0,-0.185
5681,2018,2018-09-08,0.0,-0.15,95.0,0.15,0,0.7125
5681,2019,2019-06-15,1.34,0.6000000000000001,10.0,1.34,0,0.84
5684,2014,2014-06-14,1.61,1.28,2.0,1.61,0,0.9175
5684,2015,2015-05-18,0.0,0.0,340.0,0.0,0,0.32999999999999996
5684,2016,2016-05-10,0.16,0.16,3.0,0.16,0,0.7775000000000001
5684,2017,2017-05-15,0.0,0.0,359.0,0.0,0,0.622
5684,2018,2018-05-04,0.0,0.0,,0.0,0,-0.185
5684,2019,2019-06-14,1.34,0.6000000000000001,9.0,1.34,0,0.84
5685,2014,2014-06-17,1.61,1.28,5.0,1.61,0,0.9175
5685,2015,2015-05-19,0.0,0.0,341.0,0.0,0,0.32999999999999996
5685,2016,2016-05-10,0.16,0.16,3.0,0.16,0,0.7775000000000001
5685,2017,2017-05-15,0.0,0.0,359.0,0.0,0,0.622
5685,2018,2018-05-02,0.0,0.0,,0.0,0,-0.242
5685,2019,2019-06-20,1.34,0.30000000000000004,15.0,1.34,0,0.7779999999999999
5686,2013,2013-09-07,0.0,-0.17,108.0,0.98,0,0.55
5686,2014,2014-06-14,1.96,1.47,2.0,1.96,0,0.96
5686,2015,2015-05-16,0.0,0.0,338.0,0.0,0,0.248
5686,2016,2016-05-08,0.17,0.17,331.0,0.17,0,0.8220000000000001
5686,2017,2017-05-13,0.0,0.0,357.0,0.0,0,0.6625
5686,2018,2018-05-05,0.0,0.0,,0.0,0,-0.1975
5686,2018,2018-09-08,0.0,-0.3,95.0,0.3,0,0.685
5686,2019,2019-06-19,1.52,0.31000000000000005,14.0,1.52,0,0.76
5688,2013,2013-09-07,0.0,-0.17,108.0,0.98,0,0.55
5688,2014,2014-06-14,1.96,1.47,2.0,1.96,0,0.96
5688,2015,2015-05-19,0.0,0.0,341.0,0.0,0,0.34750000000000003
5688,2016,2016-05-11,0.17,0.17,334.0,0.17,0,0.8450000000000001
5688,2017,2017-05-15,0.0,0.0,359.0,0.0,0,0.646
5688,2018,2018-05-03,0.0,0.0,,0.0,0,-0.1975
5688,2018,2018-09-09,0.0,-0.3,96.0,0.3,0,0.685
5688,2019,2019-06-20,1.52,0.31000000000000005,15.0,1.52,0,0.76
5689,2013,2013-09-06,0.0,-0.17,107.0,0.98,0,0.55
5689,2014,2014-06-14,1.96,1.47,2.0,1.96,0,0.96
5689,2015,2015-05-19,0.0,0.0,341.0,0.0,0,0.34750000000000003
5689,2016,2016-05-11,0.17,0.17,334.0,0.17,0,0.8450000000000001
5689,2017,2017-05-14,0.0,0.0,358.0,0.0,0,0.6625
5689,2018,2018-05-03,0.0,0.0,,0.0,0,-0.1975
5689,2019,2019-06-19,1.52,0.31000000000000005,14.0,1.52,0,0.76
5690,2016,2016-05-07,0.17,0.17,330.0,0.17,0,0.8220000000000001
5690,2017,2017-05-13,0.0,0.0,357.0,0.0,0,0.6625
5692,2013,2013-09-08,0.0,-0.32,109.0,1.11,0,0.56
5692,2014,2014-06-13,2.6,1.94,1.0,2.6,0,1.088
5692,2015,2015-05-16,0.0,0.0,338.0,0.0,0,0.284
5692,2016,2016-05-07,0.17,0.17,330.0,0.17,0,0.8699999999999999
5692,2017,2017-05-13,0.0,0.0,357.0,0.0,0,0.675
5692,2018,2018-05-05,0.0,0.0,,0.0,0,-0.1875
5692,2018,2018-09-07,0.0,-0.15,94.0,0.15,0,0.6525
5692,2019,2019-06-19,2.13,0.44999999999999996,14.0,2.13,0,0.76
5694,2014,2014-06-13,1.96,1.47,1.0,1.96,0,1.0500000000000003
5694,2015,2015-05-15,0.0,0.0,337.0,0.0,0,0.248
5694,2016,2016-05-07,0.17,0.17,330.0,0.17,0,0.8220000000000001
5694,2017,2017-05-14,0.0,0.0,358.0,0.0,0,0.6625
5694,2018,2018-05-06,0.0,0.0,,0.0,0,-0.1975
5694,2018,2018-09-09,0.0,-0.3,96.0,0.3,0,0.685
5694,2019,2019-06-20,1.52,0.31000000000000005,15.0,1.52,0,0.76
5695,2013,2013-09-09,0.0,-0.17,110.0,1.0,0,0.5325
5695,2014,2014-06-17,1.63,1.2899999999999998,5.0,1.63,0,0.9275
5695,2015,2015-05-18,0.0,0.0,340.0,0.0,0,0.33499999999999996
5695,2016,2016-05-10,0.16,0.16,3.0,0.16,0,0.7925
5695,2017,2017-05-15,0.0,0.0,359.0,0.0,0,0.64
5695,2018,2018-05-03,0.0,0.0,,0.0,0,-0.19
5695,2019,2019-06-14,1.36,0.6200000000000001,9.0,1.36,0,0.8250000000000001
5697,2015,2015-05-16,0.0,0.0,338.0,0.0,0,0.248
5697,2016,2016-05-08,0.17,0.17,331.0,0.17,0,0.8220000000000001
5697,2017,2017-05-14,0.0,0.0,358.0,0.0,0,0.6625
5697,2018,2018-05-06,0.0,0.0,,0.0,0,-0.1975
5697,2018,2018-09-08,0.0,-0.3,95.0,0.3,0,0.685
5697,2019,2019-06-15,1.52,0.77,10.0,1.52,0,0.8225
5698,2013,2013-09-09,0.0,-0.31,110.0,1.13,0,0.5275000000000001
5698,2014,2014-06-17,2.43,1.79,5.0,2.43,0,0.975
5698,2017,2017-05-14,0.0,0.0,358.0,0.0,0,0.685
5701,2013,2013-06-18,1.17,0.31999999999999995,20.0,1.17,0,0.5375
5701,2014,2014-05-17,0.18,0.18,353.0,0.18,0,0.795
5701,2015,2015-04-16,0.0,0.0,308.0,0.0,0,-0.024999999999999994
5701,2016,2016-03-26,0.0,0.0,,0.0,0,0.6279999999999999
5701,2017,2017-04-21,0.0,0.0,335.0,0.0,0,0.35250000000000004
5701,2018,2018-04-20,0.0,0.0,,0.0,0,-0.33999999999999997
5701,2019,2019-04-19,0.0,0.0,318.0,0.0,0,0.5775
5702,2015,2015-04-16,0.0,0.0,308.0,0.0,0,-0.05
5702,2016,2016-05-04,0.0,0.0,327.0,0.0,0,0.615
5702,2017,2017-04-22,0.0,0.0,336.0,0.0,0,0.3125
5702,2018,2018-04-20,0.0,0.0,,0.0,0,-0.3675
5702,2019,2019-04-19,0.0,0.0,318.0,0.0,0,0.485
5703,2015,2015-04-15,0.0,0.0,307.0,0.0,0,-0.02500000000000001
5703,2016,2016-03-27,0.0,0.0,289.0,0.0,0,0.612
5703,2017,2017-04-22,0.0,0.0,336.0,0.0,0,0.3
5703,2018,2018-04-23,0.0,0.0,,0.0,0,-0.3675
5703,2019,2019-04-18,0.0,0.0,310.0,0.0,0,0.5660000000000001
5704,2013,2013-06-21,1.17,0.1499999999999999,23.0,1.17,0,0.485
5704,2015,2015-04-15,0.0,0.0,307.0,0.0,0,-0.02500000000000001
5704,2016,2016-03-27,0.0,0.0,289.0,0.0,0,0.612
5704,2017,2017-04-22,0.0,0.0,336.0,0.0,0,0.3
5704,2018,2018-04-21,0.0,0.0,,0.0,0,-0.3675
5704,2019,2019-04-19,0.0,0.0,311.0,0.0,0,0.5975
5705,2013,2013-06-22,1.17,0.1499999999999999,24.0,1.17,0,0.5125000000000001
5705,2015,2015-04-15,0.0,0.0,307.0,0.0,0,-0.049999999999999996
5705,2016,2016-03-26,0.0,0.0,288.0,0.0,0,0.586
5705,2017,2017-04-18,0.0,0.0,332.0,0.0,0,0.31199999999999994
5705,2018,2018-04-21,0.0,0.0,,0.0,0,-0.39
5705,2019,2019-04-20,0.0,0.0,319.0,0.0,0,0.51
5706,2013,2013-06-19,1.17,0.1499999999999999,21.0,1.17,0,0.532
5706,2014,2014-05-18,0.19,0.19,354.0,0.19,0,0.81
5706,2015,2015-04-14,0.0,0.0,306.0,0.0,0,-0.02500000000000001
5706,2016,2016-03-30,0.0,0.0,292.0,0.0,0,0.7075
5706,2017,2017-04-21,0.0,0.0,335.0,0.0,0,0.3
5706,2018,2018-04-21,0.0,0.0,,0.0,0,-0.3675
5706,2019,2019-04-17,0.0,0.0,309.0,0.0,0,0.5660000000000001
5707,2013,2013-06-19,1.17,0.1499999999999999,21.0,1.17,0,0.564
5707,2014,2014-05-16,0.19,0.19,352.0,0.19,0,0.748
5707,2015,2015-04-14,0.0,0.0,306.0,0.0,0,-0.049999999999999996
5707,2016,2016-03-26,0.0,0.0,288.0,0.0,0,0.586
5707,2017,2017-04-18,0.0,0.0,332.0,0.0,0,0.31199999999999994
5707,2018,2018-04-21,0.0,0.0,,0.0,0,-0.39
5707,2019,2019-04-20,0.0,0.0,319.0,0.0,0,0.51
5708,2013,2013-06-21,1.17,0.1499999999999999,23.0,1.17,0,0.485
5708,2014,2014-05-18,0.19,0.19,354.0,0.19,0,0.81
5708,2015,2015-04-14,0.0,0.0,306.0,0.0,0,-0.02500000000000001
5708,2016,2016-03-30,0.0,0.0,292.0,0.0,0,0.7075
5708,2017,2017-04-21,0.0,0.0,335.0,0.0,0,0.3
5708,2018,2018-04-22,0.0,0.0,,0.0,0,-0.3675
5708,2019,2019-04-17,0.0,0.0,309.0,0.0,0,0.5660000000000001
5709,2015,2015-04-16,0.0,0.0,308.0,0.0,0,-0.02500000000000001
5709,2016,2016-03-30,0.0,0.0,292.0,0.0,0,0.7075
5709,2017,2017-04-18,0.0,0.0,332.0,0.0,0,0.32999999999999996
5709,2018,2018-04-22,0.0,0.0,,0.0,0,-0.3675
5709,2019,2019-04-17,0.0,0.0,309.0,0.0,0,0.5660000000000001
5710,2013,2013-06-22,1.16,0.1499999999999999,24.0,1.16,0,0.46749999999999997
5710,2014,2014-05-16,0.33,0.33,352.0,0.33,0,0.742
5710,2015,2015-04-15,0.0,0.0,307.0,0.0,0,-0.007499999999999993
5710,2016,2016-03-27,0.0,0.0,,0.0,0,0.63
5710,2017,2017-04-18,0.0,0.0,332.0,0.0,0,0.32599999999999996
5711,2015,2015-08-10,0.46,0.0,80.0,0.46,0,0.13
5711,2016,2016-07-19,1.49,0.0,59.0,1.49,0,0.605
5711,2017,2017-08-08,0.0,0.0,,0.0,0,0.526
5711,2018,2018-08-07,0.0,0.0,,0.0,0,0.2
5711,2019,2019-07-29,0.5,-0.6200000000000001,82.0,1.12,0,0.5325000000000001
5712,2016,2016-07-19,1.49,0.0,59.0,1.49,0,0.605
5712,2017,2017-08-08,0.0,0.0,,0.0,0,0.526
5713,2015,2015-08-10,0.46,0.0,80.0,0.46,0,0.13
5713,2016,2016-07-18,1.49,0.0,58.0,1.49,0,0.605
5713,2017,2017-08-08,0.0,0.0,,0.0,0,0.526
5713,2018,2018-08-08,0.0,0.0,,0.0,0,0.2
5713,2019,2019-07-30,0.5,-0.6200000000000001,83.0,1.12,0,0.5325000000000001
5714,2017,2017-08-08,0.0,0.0,,0.0,0,0.526
5714,2018,2018-08-07,0.0,0.0,,0.0,0,0.17600000000000002
5714,2019,2019-07-30,0.52,-0.6299999999999999,83.0,1.15,0,0.535
5715,2017,2017-08-08,0.0,0.0,,0.0,0,0.526
5715,2018,2018-08-08,0.0,0.0,,0.0,0,0.17600000000000002
5715,2019,2019-07-30,0.52,-0.6299999999999999,83.0,1.15,0,0.535
5716,2013,2013-04-22,0.0,0.0,245.0,0.15,0,0.9275
5716,2014,2014-06-05,1.5,0.3500000000000001,0.0,1.5,0,0.6980000000000001
5716,2015,2015-07-23,2.14,0.0,364.0,2.14,0,0.18250000000000002
5716,2016,2016-09-05,1.93,-2.16,58.0,5.97,63,0.67
5716,2017,2017-07-17,4.33,0.0,359.0,4.33,35,0.808
5716,2018,2018-10-02,0.0,-0.15,351.0,0.46,0,0.30400000000000005
5716,2019,2019-10-15,0.46,-0.6100000000000001,104.0,6.16,28,0.8174999999999999
5717,2013,2013-04-23,0.0,0.0,246.0,0.15,0,0.9275
5717,2014,2014-05-16,1.15,1.15,8.0,1.15,0,0.7220000000000001
5717,2015,2015-07-25,2.14,0.0,345.0,2.14,0,0.138
5717,2016,2016-07-28,5.7,-0.1299999999999999,19.0,5.97,56,1.0025
5717,2017,2017-09-07,1.67,-3.1000000000000005,31.0,4.7700000000000005,49,0.7475
5717,2018,2018-09-08,0.15,-0.16,327.0,0.46,0,0.5525
5717,2019,2019-07-25,6.16,0.009999999999999787,22.0,6.16,49,0.768
5718,2013,2013-07-30,0.32,0.0,344.0,0.32,0,0.545
5718,2014,2014-08-09,3.1,-0.98,44.0,4.08,28,0.48
5718,2015,2015-07-07,2.14,0.3500000000000001,362.0,2.14,0,0.6425000000000001
5718,2016,2016-08-25,3.13,-2.71,33.0,5.84,63,0.5075000000000001
5718,2017,2017-08-30,2.14,-2.2399999999999998,23.0,5.23,63,0.71
5718,2018,2018-10-05,0.0,-0.15,354.0,0.46,0,0.3075
5718,2019,2019-10-05,0.3,-1.41,94.0,6.15,42,0.8200000000000001
5720,2013,2013-10-16,0.0,0.0,133.0,0.32,0,0.18
5720,2014,2014-05-23,0.98,0.98,15.0,0.98,0,0.772
5720,2015,2015-05-09,0.15,0.15,317.0,0.3,0,0.5720000000000001
5720,2016,2016-08-22,3.13,-2.71,30.0,5.84,63,0.5075000000000001
5720,2017,2017-07-19,4.65,0.15000000000000036,361.0,4.65,35,0.76
5720,2018,2018-09-29,0.0,-0.15,348.0,0.46,0,0.2375
5720,2019,2019-08-22,3.89,-2.2600000000000002,50.0,6.15,70,0.534
5721,2013,2013-09-28,0.0,0.0,115.0,0.32,0,0.27749999999999997
5721,2014,2014-09-30,0.63,-2.31,96.0,4.08,21,0.8025
5721,2015,2015-07-27,2.14,0.0,347.0,2.14,0,0.06999999999999999
5721,2016,2016-09-03,2.09,-2.16,42.0,5.84,63,0.608
5721,2017,2017-08-29,2.14,-2.2399999999999998,22.0,5.23,63,0.78
5721,2018,2018-09-08,0.15,-0.16,327.0,0.46,0,0.5225
5721,2019,2019-08-14,4.88,-1.2700000000000005,42.0,6.15,70,0.528
5722,2013,2013-09-19,0.0,-0.32,106.0,0.32,0,0.12599999999999997
5722,2014,2014-10-01,0.63,-2.52,97.0,4.15,14,0.79
5722,2015,2015-08-18,1.25,-0.8799999999999999,362.0,2.13,0,-0.1775
5722,2016,2016-09-22,1.12,-1.7199999999999998,61.0,5.55,42,0.4825
5722,2017,2017-09-23,3.0500000000000003,-0.25,47.0,5.17,56,1.195
5722,2018,2018-10-09,0.0,-0.15,358.0,0.61,0,0.41600000000000004
5722,2019,2019-09-30,0.15,-2.54,89.0,5.63,49,0.7750000000000001
5724,2013,2013-07-29,0.32,0.0,343.0,0.32,0,0.54
5724,2014,2014-09-28,0.63,-2.52,94.0,4.15,21,0.79
5724,2015,2015-06-26,2.13,1.25,358.0,2.13,0,0.8939999999999998
5724,2016,2016-09-11,1.66,-1.8,50.0,5.55,49,0.616
5724,2017,2017-07-27,4.58,0.15000000000000036,24.0,4.58,42,0.655
5724,2018,2018-08-31,0.15,-0.45999999999999996,319.0,0.61,0,0.5625
5724,2019,2019-08-26,3.71,-1.92,54.0,5.63,70,0.515
5725,2013,2013-07-03,0.32,0.0,317.0,0.32,0,0.366
5725,2014,2014-05-19,0.98,0.98,11.0,0.98,0,0.8574999999999999
5725,2015,2015-06-26,2.13,1.25,358.0,2.13,0,0.8939999999999998
5725,2016,2016-07-27,5.55,0.040000000000000036,4.0,5.55,49,0.9475
5725,2017,2017-08-11,5.17,0.5899999999999999,4.0,5.17,56,0.8800000000000001
5725,2018,2018-08-30,0.15,-0.45999999999999996,318.0,0.61,0,0.5625
5725,2019,2019-08-19,4.67,-0.96,47.0,5.63,70,0.505
5726,2013,2013-09-26,0.0,0.0,113.0,0.32,0,0.316
5726,2014,2014-08-28,3.15,-0.020000000000000018,63.0,4.15,28,0.64
5726,2015,2015-10-04,0.15,0.0,114.0,2.13,0,0.4875
5726,2016,2016-09-03,1.92,-2.0500000000000003,42.0,5.55,56,0.608
5726,2017,2017-08-28,2.13,-2.05,21.0,5.17,63,0.786
5726,2018,2018-10-03,0.0,-0.15,352.0,0.61,0,0.28200000000000003
5726,2019,2019-10-16,0.31,-0.020000000000000018,105.0,5.63,28,0.76
5727,2013,2013-04-07,0.0,0.0,230.0,0.15,0,1.165
5727,2014,2014-05-29,0.98,0.79,21.0,0.98,0,0.8019999999999999
5727,2015,2015-05-27,0.88,0.88,335.0,0.88,0,0.6775
5727,2016,2016-08-22,2.84,-2.71,30.0,5.55,56,0.515
5727,2017,2017-08-26,3.3000000000000003,-1.2799999999999998,19.0,5.17,63,0.8375
5727,2018,2018-10-10,0.0,-0.15,359.0,0.61,0,0.41600000000000004
5727,2019,2019-10-02,0.15,-1.4000000000000001,91.0,5.63,42,0.7680000000000001
5728,2013,2013-08-03,0.32,0.0,348.0,0.32,0,0.39
5728,2014,2014-08-29,3.15,-0.020000000000000018,64.0,4.15,28,0.64
5728,2015,2015-07-26,2.13,0.0,346.0,2.13,0,0.06
5728,2016,2016-09-05,1.92,-2.0500000000000003,44.0,5.55,56,0.67
5728,2017,2017-08-14,4.3500000000000005,-0.22999999999999954,7.0,5.17,63,0.772
5728,2018,2018-09-30,0.0,-0.15,349.0,0.61,0,0.2225
5728,2019,2019-08-21,3.71,-1.92,49.0,5.63,70,0.532
5729,2013,2013-10-01,0.0,0.0,118.0,0.32,0,0.295
5729,2014,2014-05-18,0.98,0.98,10.0,0.98,0,0.8574999999999999
5729,2015,2015-06-28,2.13,1.25,360.0,2.13,0,0.9375
5729,2016,2016-07-27,5.55,0.040000000000000036,4.0,5.55,49,0.9475
5729,2017,2017-08-15,4.3500000000000005,-0.22999999999999954,8.0,5.17,63,0.772
5729,2018,2018-09-01,0.15,-0.45999999999999996,320.0,0.61,0,0.5625
5729,2019,2019-08-15,4.67,-0.96,43.0,5.63,70,0.526
5730,2013,2013-10-11,0.0,0.0,128.0,0.32,0,0.16999999999999998
5730,2014,2014-09-29,0.63,-2.58,95.0,4.37,28,0.7875
5730,2015,2015-07-04,2.42,0.49,359.0,2.42,0,0.884
5730,2016,2016-09-14,1.64,-1.97,53.0,5.41,56,0.7425
5730,2017,2017-07-28,4.53,0.15000000000000036,363.0,4.53,42,0.6325
5730,2018,2018-08-02,0.77,0.0,360.0,0.77,0,0.375
5730,2019,2019-08-18,4.37,-0.9199999999999999,46.0,5.29,63,0.505
5731,2013,2013-09-30,0.0,0.0,117.0,0.32,0,0.32499999999999996
5731,2014,2014-09-27,0.63,-2.58,93.0,4.37,28,0.7875
5731,2015,2015-03-31,0.0,0.0,278.0,0.63,0,0.11750000000000001
5731,2016,2016-09-12,1.64,-1.97,51.0,5.41,56,0.7425
5731,2017,2017-07-20,4.53,0.15000000000000036,362.0,4.53,35,0.74
5731,2018,2018-08-02,0.77,0.0,360.0,0.77,0,0.375
5731,2019,2019-08-21,3.43,-1.8599999999999999,49.0,5.29,63,0.534
5732,2013,2013-06-11,0.32,0.32,295.0,0.32,0,0.64
5732,2014,2014-09-28,0.63,-2.58,94.0,4.37,28,0.7875
5732,2015,2015-06-29,2.42,1.4,361.0,2.42,0,0.99
5732,2016,2016-09-10,1.64,-1.97,49.0,5.41,56,0.6180000000000001
5732,2017,2017-08-28,1.98,-2.03,21.0,5.0,63,0.7979999999999999
5732,2018,2018-08-05,0.77,0.0,363.0,0.77,0,0.375
5732,2019,2019-09-30,0.14,-2.26,89.0,5.29,49,0.7675
5733,2013,2013-11-12,0.0,0.0,160.0,0.15,0,-0.27749999999999997
5733,2014,2014-09-10,0.0,0.0,,0.0,0,0.6275
5733,2015,2015-06-11,0.0,0.0,,0.0,0,0.7975000000000001
5733,2016,2016-04-24,0.0,0.0,,0.0,0,-0.12600000000000003
5733,2017,2017-08-11,0.14,0.0,363.0,0.14,0,0.445
5733,2018,2018-07-19,0.0,0.0,360.0,0.0,0,-0.007499999999999993
5733,2019,2019-07-20,0.29,0.0,45.0,0.29,0,0.5575
5734,2013,2013-11-13,0.0,0.0,161.0,0.15,0,-0.19799999999999998
5734,2014,2014-09-13,0.0,0.0,,0.0,0,0.54
5734,2015,2015-06-11,0.0,0.0,,0.0,0,0.8
5734,2016,2016-04-24,0.0,0.0,,0.0,0,-0.10800000000000001
5734,2017,2017-08-13,0.15,0.0,358.0,0.15,0,0.44
5734,2018,2018-07-19,0.0,0.0,360.0,0.0,0,0.0049999999999999975
5734,2019,2019-07-20,0.44,0.0,45.0,0.44,0,0.5325
5735,2013,2013-11-13,0.0,0.0,161.0,0.15,0,-0.20199999999999996
5735,2014,2014-09-13,0.0,0.0,,0.0,0,0.54
5735,2015,2015-05-19,0.0,0.0,,0.0,0,-0.03749999999999998
5735,2016,2016-04-25,0.0,0.0,,0.0,0,-0.1925
5735,2017,2017-11-23,0.0,0.0,171.0,0.14,0,0.135
5735,2018,2018-07-23,0.0,0.0,364.0,0.0,0,-0.007499999999999993
5735,2019,2019-07-18,0.29,0.0,43.0,0.29,0,0.56
5736,2016,2016-04-24,0.0,0.0,,0.0,0,-0.12600000000000003
5736,2017,2017-08-12,0.14,0.0,364.0,0.14,0,0.445
5737,2016,2016-04-26,0.0,0.0,,0.0,0,-0.1925
5737,2017,2017-11-24,0.0,0.0,172.0,0.14,0,0.135
5738,2016,2016-04-25,0.0,0.0,,0.0,0,-0.1925
5738,2017,2017-11-23,0.0,0.0,171.0,0.14,0,0.135
5738,2018,2018-12-01,0.0,0.0,,0.0,0,0.6625000000000001
5739,2013,2013-11-27,0.0,0.0,175.0,0.15,0,0.12800000000000003
5739,2014,2014-09-12,0.0,0.0,,0.0,0,0.5559999999999999
5739,2015,2015-05-18,0.0,0.0,,0.0,0,-0.03749999999999998
5739,2016,2016-04-26,0.0,0.0,,0.0,0,-0.1925
5739,2017,2017-11-24,0.0,0.0,172.0,0.14,0,0.135
5739,2018,2018-07-19,0.0,0.0,360.0,0.0,0,-0.007499999999999993
5739,2019,2019-07-19,0.29,0.0,44.0,0.29,0,0.5575
5740,2013,2013-11-27,0.0,0.0,175.0,0.15,0,0.14200000000000002
5740,2014,2014-09-10,0.0,0.0,,0.0,0,0.64
5740,2015,2015-05-20,0.0,0.0,,0.0,0,-0.01749999999999996
5740,2016,2016-04-23,0.0,0.0,,0.0,0,-0.10800000000000001
5740,2017,2017-08-14,0.15,0.0,359.0,0.15,0,0.454
5740,2018,2018-07-21,0.0,0.0,362.0,0.0,0,0.0049999999999999975
5740,2019,2019-07-16,0.44,0.0,41.0,0.44,0,0.5675
5741,2017,2017-11-23,0.0,0.0,171.0,0.15,0,0.145
5742,2013,2013-11-13,0.0,0.0,161.0,0.15,0,-0.20199999999999996
5742,2014,2014-09-11,0.0,0.0,,0.0,0,0.5559999999999999
5742,2015,2015-12-08,0.0,0.0,,0.0,0,0.86
5742,2016,2016-04-25,0.0,0.0,,0.0,0,-0.1925
5742,2017,2017-09-18,0.0,-0.14,105.0,0.14,0,0.544
5742,2018,2018-07-23,0.0,0.0,364.0,0.0,0,-0.007499999999999993
5742,2019,2019-07-19,0.29,0.0,44.0,0.29,0,0.5575
5743,2013,2013-11-14,0.0,0.0,162.0,0.15,0,-0.19799999999999998
5743,2014,2014-09-11,0.0,0.0,,0.0,0,0.5640000000000001
5743,2015,2015-05-20,0.0,0.0,,0.0,0,-0.01749999999999996
5743,2016,2016-04-23,0.0,0.0,,0.0,0,-0.10800000000000001
5743,2017,2017-08-12,0.15,0.0,364.0,0.15,0,0.44
5743,2018,2018-07-21,0.0,0.0,362.0,0.0,0,0.0049999999999999975
5743,2019,2019-07-15,0.44,0.0,40.0,0.44,0,0.5675
5744,2013,2013-11-27,0.0,0.0,175.0,0.15,0,0.12800000000000003
5744,2014,2014-09-11,0.0,0.0,,0.0,0,0.5559999999999999
5744,2015,2015-05-20,0.0,0.0,,0.0,0,-0.03749999999999998
5744,2016,2016-06-14,0.63,0.63,10.0,0.63,0,1.075
5744,2017,2017-09-18,0.0,-0.14,105.0,0.14,0,0.544
5744,2018,2018-07-20,0.0,0.0,361.0,0.0,0,-0.007499999999999993
5744,2019,2019-07-19,0.29,0.0,44.0,0.29,0,0.5575
5752,2013,2013-10-02,0.0,0.0,,0.0,0,0.488
5827,2013,2013-04-07,0.0,0.0,286.0,0.0,0,1.1375
5829,2015,2015-05-30,0.0,0.0,331.0,0.0,0,0.6180000000000001
5830,2015,2015-05-30,0.0,0.0,331.0,0.0,0,0.6180000000000001
5831,2013,2013-04-06,0.0,0.0,285.0,0.0,0,1.0999999999999999
5831,2014,2014-09-15,0.76,-0.15000000000000002,74.0,1.05,0,0.4125
5833,2013,2013-03-30,0.0,0.0,,0.0,0,0.8275000000000001
5834,2013,2013-03-30,0.0,0.0,,0.0,0,0.8275000000000001
5835,2013,2013-03-29,0.0,0.0,,0.0,0,0.8275
5836,2013,2013-03-29,0.0,0.0,,0.0,0,0.8275
5837,2013,2013-09-23,0.0,0.0,124.0,1.53,0,0.16250000000000003
5838,2013,2013-09-23,0.0,0.0,124.0,1.5,0,0.1625
5843,2018,2018-09-13,0.0,0.0,,0.0,0,-0.105
5843,2019,2019-09-07,0.0,-0.16,108.0,1.85,0,-0.1325
5844,2018,2018-09-14,0.0,0.0,,0.0,0,-0.11499999999999999
5844,2019,2019-09-06,0.0,-0.15,107.0,1.7,0,-0.14
5849,2018,2018-09-13,0.0,0.0,,0.0,0,-0.11499999999999999
5849,2019,2019-09-07,0.0,-0.15,108.0,1.7,0,-0.14
5851,2018,2018-09-14,0.0,0.0,,0.0,0,-0.11499999999999999
5851,2019,2019-09-06,0.0,-0.15,107.0,1.7,0,-0.14
5855,2013,2013-03-19,0.0,0.0,,0.0,0,0.019999999999999997
5855,2014,2014-08-06,1.06,-1.77,83.0,2.83,0,0.0875
5856,2013,2013-03-20,0.0,0.0,,0.0,0,0.057999999999999996
5857,2013,2013-03-20,0.0,0.0,,0.0,0,0.057999999999999996
5857,2014,2014-08-06,1.06,-1.77,83.0,2.83,0,0.0875
5858,2013,2013-03-21,0.0,0.0,,0.0,0,0.057999999999999996
5859,2013,2013-04-03,0.0,0.0,,0.0,0,0.538
5865,2013,2013-03-18,0.0,0.0,,0.0,0,0.010000000000000002
5866,2013,2013-04-04,0.15,0.15,1.0,0.15,0,0.5599999999999999
5866,2015,2015-08-25,0.0,0.0,,0.0,0,0.38
5866,2016,2016-10-25,0.0,0.0,150.0,4.91,0,0.495
5866,2018,2018-08-26,0.0,0.0,,0.0,0,-0.20500000000000002
5866,2019,2019-10-23,0.0,0.0,161.0,1.39,0,0.622
5868,2014,2014-03-05,0.0,0.0,287.0,0.0,0,-0.48000000000000004
5868,2014,2014-04-27,0.0,0.0,340.0,0.0,0,0.475
5869,2013,2013-07-30,0.74,0.0,48.0,0.74,0,0.74
5870,2014,2014-08-26,0.0,-1.7,96.0,2.7,0,0.185
5871,2013,2013-03-18,0.0,0.0,,0.0,0,-0.0475
5872,2013,2013-07-04,0.88,0.0,43.0,0.88,0,0.844
5872,2014,2014-08-26,0.0,-2.01,96.0,3.01,0,0.21000000000000002
5873,2013,2013-04-02,0.0,0.0,,0.0,0,0.295
5874,2013,2013-03-17,0.0,0.0,,0.0,0,-0.0475
5875,2013,2013-03-14,0.0,0.0,,0.0,0,0.036
5877,2013,2013-04-02,0.0,0.0,,0.0,0,0.3175
5878,2014,2014-04-23,0.0,0.0,336.0,0.0,0,0.1575
5880,2013,2013-03-15,0.0,0.0,,0.0,0,0.0
5884,2016,2016-05-29,4.98,3.99,1.0,4.98,14,1.1360000000000001
5885,2013,2013-04-11,0.14,0.14,8.0,0.14,0,0.632
5885,2014,2014-04-24,0.0,0.0,337.0,0.0,0,0.336
5886,2013,2013-08-24,0.0,-0.75,94.0,0.9,0,0.315
5891,2013,2013-03-31,0.0,0.0,,0.0,0,0.40249999999999997
5893,2013,2013-03-30,0.0,0.0,,0.0,0,0.40249999999999997
5894,2014,2014-05-04,0.94,0.94,347.0,0.94,0,0.805
5894,2015,2015-05-06,0.0,0.0,349.0,0.0,0,0.22000000000000003
5894,2018,2018-10-10,0.0,0.0,,0.0,0,0.164
5894,2019,2019-10-03,0.0,0.0,141.0,2.06,0,0.016000000000000004
5896,2013,2013-03-16,0.0,0.0,,0.0,0,0.0025000000000000022
5901,2013,2013-01-08,0.0,0.0,,0.0,0,0.9020000000000001
5901,2014,2014-01-27,0.0,0.0,229.0,0.65,0,0.03799999999999999
5902,2013,2013-01-09,0.0,0.0,,0.0,0,0.8800000000000001
5905,2014,2014-11-12,0.0,0.0,153.0,1.81,0,0.5225
5905,2015,2015-11-18,0.0,0.0,166.0,1.15,0,0.05250000000000003
5905,2016,2016-11-03,0.0,0.0,131.0,5.45,0,0.24
5905,2017,2017-11-25,1.12,0.0,40.0,1.12,0,0.6725000000000001
5905,2018,2018-11-14,0.0,0.0,359.0,0.61,0,0.5780000000000001
5906,2014,2014-11-14,0.0,0.0,155.0,1.81,0,0.466
5906,2015,2015-11-17,0.0,0.0,165.0,1.15,0,0.05250000000000003
5906,2016,2016-11-03,0.0,0.0,131.0,5.45,0,0.24
5906,2017,2017-11-29,1.12,0.0,44.0,1.12,0,0.7899999999999999
5906,2018,2018-11-14,0.0,0.0,359.0,0.61,0,0.5780000000000001
5907,2014,2014-11-11,0.0,0.0,152.0,1.81,0,0.5225
5907,2015,2015-11-17,0.0,0.0,165.0,1.15,0,0.05250000000000003
5907,2016,2016-11-01,0.0,0.0,129.0,5.45,0,0.24
5907,2017,2017-11-24,1.12,0.0,39.0,1.12,0,0.6725000000000001
5907,2018,2018-11-13,0.0,0.0,358.0,0.61,0,0.5780000000000001
5909,2014,2014-11-13,0.0,0.0,154.0,1.81,0,0.466
5909,2015,2015-11-17,0.0,0.0,165.0,1.15,0,0.05250000000000003
5909,2016,2016-11-01,0.0,0.0,129.0,5.45,0,0.24
5909,2017,2017-11-29,1.12,0.0,44.0,1.12,0,0.7899999999999999
5909,2018,2018-11-14,0.0,0.0,359.0,0.61,0,0.5780000000000001
5910,2014,2014-11-13,0.0,0.0,154.0,1.81,0,0.466
5910,2015,2015-11-19,0.0,0.0,167.0,1.15,0,0.05250000000000003
5910,2016,2016-11-01,0.0,0.0,129.0,5.45,0,0.24
5910,2017,2017-11-29,1.12,0.0,44.0,1.12,0,0.7899999999999999
5910,2018,2018-11-14,0.0,0.0,359.0,0.61,0,0.5780000000000001
5911,2014,2014-11-12,0.0,0.0,153.0,1.81,0,0.5225
5911,2015,2015-11-18,0.0,0.0,166.0,1.15,0,0.05250000000000003
5911,2016,2016-11-01,0.0,0.0,129.0,5.45,0,0.24
5911,2017,2017-11-29,1.12,0.0,44.0,1.12,0,0.7899999999999999
5911,2018,2018-11-13,0.0,0.0,358.0,0.61,0,0.5780000000000001
5912,2014,2014-11-11,0.0,0.0,152.0,1.81,0,0.5225
5912,2015,2015-11-17,0.0,0.0,165.0,1.15,0,0.05250000000000003
5912,2016,2016-11-01,0.0,0.0,129.0,5.45,0,0.24
5912,2017,2017-11-24,1.12,0.0,39.0,1.12,0,0.6725000000000001
5912,2018,2018-11-14,0.0,0.0,359.0,0.61,0,0.5780000000000001
5913,2015,2015-11-17,0.0,0.0,165.0,1.15,0,0.05250000000000003
5913,2016,2016-11-01,0.0,0.0,129.0,5.45,0,0.24
5913,2018,2018-11-13,0.0,0.0,358.0,0.61,0,0.5780000000000001
5915,2014,2014-11-14,0.0,0.0,155.0,1.81,0,0.466
5915,2015,2015-11-19,0.0,0.0,167.0,1.15,0,0.05250000000000003
5915,2016,2016-11-03,0.0,0.0,131.0,5.45,0,0.24
5915,2017,2017-11-29,1.12,0.0,44.0,1.12,0,0.7899999999999999
5915,2018,2018-11-13,0.0,0.0,358.0,0.61,0,0.5780000000000001
5916,2014,2014-11-12,0.0,0.0,153.0,1.81,0,0.5225
5916,2015,2015-11-19,0.0,0.0,167.0,1.15,0,0.05250000000000003
5916,2016,2016-11-01,0.0,0.0,129.0,5.45,0,0.24
5916,2017,2017-11-25,1.12,0.0,40.0,1.12,0,0.6725000000000001
5916,2018,2018-11-13,0.0,0.0,358.0,0.61,0,0.5780000000000001
5917,2014,2014-11-12,0.0,0.0,153.0,1.81,0,0.5225
5917,2015,2015-11-19,0.0,0.0,167.0,1.15,0,0.05250000000000003
5917,2016,2016-11-02,0.0,0.0,130.0,5.45,0,0.24
5917,2017,2017-11-29,1.12,0.0,44.0,1.12,0,0.7899999999999999
5917,2018,2018-11-13,0.0,0.0,358.0,0.61,0,0.5780000000000001
5918,2014,2014-11-12,0.0,0.0,153.0,1.81,0,0.5225
5918,2017,2017-11-29,1.12,0.0,44.0,1.12,0,0.7899999999999999
5919,2013,2013-11-07,0.0,0.0,148.0,2.46,0,0.08000000000000003
5920,2015,2015-04-20,0.0,0.0,312.0,0.0,0,0.645
5921,2013,2013-11-08,0.0,0.0,156.0,1.84,0,0.19499999999999998
5922,2013,2013-11-08,0.0,0.0,156.0,1.84,0,0.19499999999999998
5923,2013,2013-11-07,0.0,0.0,148.0,2.46,0,0.08000000000000003
5924,2015,2015-04-20,0.0,0.0,312.0,0.0,0,0.645
5925,2014,2014-03-26,0.0,-0.15,287.0,0.15,0,0.38
5927,2015,2015-04-20,0.0,0.0,312.0,0.0,0,0.6375
5928,2013,2013-11-08,0.0,0.0,156.0,1.84,0,0.1775
5932,2015,2015-12-08,0.0,0.0,186.0,1.42,0,0.7150000000000001
5934,2015,2015-04-26,0.15,0.15,318.0,0.15,0,0.7225
5934,2016,2016-05-09,2.77,2.77,2.0,2.77,0,1.3775
5935,2015,2015-12-08,0.0,0.0,186.0,1.61,0,0.7275
5935,2016,2016-05-08,2.77,2.77,1.0,2.77,0,1.25
5935,2018,2018-03-12,0.0,0.0,147.0,1.1,0,0.735
5935,2019,2019-07-20,0.74,0.0,361.0,0.74,0,0.6625
5936,2015,2015-12-08,0.0,0.0,186.0,1.61,0,0.7275
5936,2016,2016-05-10,2.77,2.77,3.0,2.77,0,1.3775
5937,2015,2015-04-21,0.0,0.0,313.0,0.0,0,0.64
5938,2013,2013-11-07,0.0,0.0,148.0,2.87,0,0.078
5939,2015,2015-12-07,0.0,0.0,185.0,1.61,0,0.7275
5939,2016,2016-05-10,2.77,2.77,3.0,2.77,0,1.3775
5940,2016,2016-12-07,0.14,0.0,165.0,6.140000000000001,0,0.7075
5940,2017,2017-12-08,0.8,-0.30000000000000004,53.0,1.1,0,0.9675
5940,2019,2019-12-17,0.76,0.0,48.0,0.76,0,0.8775000000000002
5941,2013,2013-11-04,0.0,0.0,145.0,1.61,0,-0.07750000000000003
5942,2018,2018-04-12,0.0,0.0,178.0,1.1,0,0.7
5942,2019,2019-12-17,0.76,0.0,48.0,0.76,0,0.8775000000000002
5943,2013,2013-11-12,0.0,0.0,167.0,0.31,0,0.1925
5943,2014,2014-08-23,0.0,0.0,,0.0,0,0.425
5955,2013,2013-10-01,0.0,-0.16,111.0,1.11,0,0.3875
5955,2014,2014-04-22,0.0,0.0,314.0,0.0,0,0.3125
5955,2015,2015-04-22,0.0,0.0,314.0,0.0,0,0.5125000000000001
5955,2016,2016-04-13,0.0,0.0,348.0,0.0,0,0.74
5955,2017,2017-05-24,0.15,0.15,333.0,0.15,0,0.655
5955,2018,2018-04-11,0.0,0.0,177.0,0.3,0,0.756
5958,2013,2013-10-01,0.0,-0.16,111.0,1.11,0,0.3875
5959,2014,2014-04-22,0.0,0.0,314.0,0.0,0,0.3125
5959,2016,2016-04-12,0.0,0.0,347.0,0.0,0,0.74
5961,2014,2014-03-22,0.0,0.0,283.0,0.0,0,0.10500000000000001
5963,2014,2014-04-24,0.0,0.0,316.0,0.0,0,0.372
5963,2015,2015-04-24,0.0,0.0,316.0,0.0,0,0.522
5963,2016,2016-04-13,0.0,0.0,348.0,0.0,0,0.74
5963,2017,2017-05-23,0.15,0.15,332.0,0.15,0,0.662
5963,2018,2018-04-11,0.0,0.0,177.0,0.3,0,0.756
5966,2016,2016-12-15,0.0,0.0,173.0,3.09,0,0.675
5968,2016,2016-12-14,0.0,0.0,172.0,3.09,0,0.675
5968,2018,2018-06-05,0.77,0.77,7.0,0.77,0,0.8680000000000001
5968,2019,2019-12-11,0.0,0.0,,0.0,0,0.612
5968,2019,2019-12-12,0.0,0.0,,0.0,0,0.612
5968,2019,2019-12-14,0.0,0.0,,0.0,0,0.6375000000000001
5969,2016,2016-12-15,0.0,0.0,173.0,3.09,0,0.675
5969,2019,2019-04-15,0.0,0.0,321.0,0.0,0,0.26249999999999996
5969,2019,2019-12-13,0.0,0.0,,0.0,0,0.6375000000000001
5971,2016,2016-12-20,0.0,0.0,178.0,3.09,0,0.8125
5971,2018,2018-09-06,0.0,-0.45,100.0,0.77,0,0.2475
5972,2013,2013-10-02,0.0,0.0,112.0,0.8,0,0.284
5972,2014,2014-04-23,0.0,0.0,315.0,0.0,0,0.255
5972,2015,2015-04-23,0.0,0.0,315.0,0.0,0,0.5125000000000001
5972,2016,2016-04-16,0.0,0.0,351.0,0.0,0,0.8019999999999999
5972,2016,2016-12-04,0.0,0.0,162.0,4.39,0,0.274
5972,2017,2017-05-23,0.0,0.0,332.0,0.0,0,0.6519999999999999
5972,2018,2018-04-10,0.0,0.0,176.0,0.44,0,0.736
5973,2014,2014-04-23,0.0,0.0,315.0,0.0,0,0.2725
5973,2015,2015-04-23,0.0,0.0,315.0,0.0,0,0.515
5973,2016,2016-12-04,0.0,0.0,162.0,4.69,0,0.332
5973,2017,2017-05-24,0.15,0.15,333.0,0.15,0,0.6775
5973,2018,2018-04-10,0.0,0.0,176.0,0.3,0,0.736
5974,2013,2013-10-03,0.0,0.0,113.0,1.7,0,0.27199999999999996
5977,2015,2015-04-23,0.0,0.0,315.0,0.0,0,0.5225
5977,2016,2016-04-14,0.0,0.0,349.0,0.0,0,0.8025
5977,2017,2017-05-24,0.46,0.46,333.0,0.46,0,0.77
5977,2018,2018-04-12,0.0,0.0,318.0,0.3,0,0.605
5978,2013,2013-09-12,0.0,0.0,113.0,1.26,0,0.398
5979,2013,2013-09-11,0.0,-0.68,105.0,2.67,0,0.382
5980,2013,2013-09-11,0.0,-0.68,105.0,2.67,0,0.382
5981,2013,2013-09-11,0.0,-0.68,105.0,2.67,0,0.382
5982,2013,2013-09-12,0.0,-0.68,106.0,2.67,0,0.382
5983,2013,2013-09-12,0.0,-0.68,106.0,2.67,0,0.382
5991,2013,2013-06-05,0.33,0.18000000000000002,21.0,0.33,0,1.006
5992,2016,2016-02-17,0.0,-1.47,215.0,2.39,0,1.1175
5992,2018,2018-03-08,0.0,0.0,262.0,0.14,0,1.3775
5992,2019,2019-10-08,0.0,-0.29,111.0,3.02,0,0.94
5993,2013,2013-06-05,0.33,0.18000000000000002,21.0,0.33,0,1.016
5994,2016,2016-02-17,0.0,-1.44,215.0,2.52,0,1.0425
5994,2018,2018-03-07,0.0,0.0,261.0,0.0,0,1.282
5994,2019,2019-10-08,0.0,-0.29,111.0,2.76,0,0.915
5996,2016,2016-02-17,0.0,-1.44,215.0,2.52,0,1.0425
5996,2018,2018-03-08,0.0,0.0,262.0,0.0,0,1.32
5996,2019,2019-10-08,0.0,-0.29,111.0,2.76,0,0.915
5997,2013,2013-06-06,0.33,0.18000000000000002,22.0,0.33,0,1.016
6001,2015,2015-08-27,0.0,0.0,,0.0,0,0.052500000000000005
6001,2016,2016-04-16,0.0,0.0,,0.0,0,0.484
6002,2015,2015-08-27,0.0,0.0,,0.0,0,0.032500000000000015
6002,2016,2016-04-17,0.0,0.0,,0.0,0,0.548
6002,2017,2017-11-08,0.0,0.0,149.0,0.48,0,0.27499999999999997
6003,2015,2015-08-25,0.0,0.0,,0.0,0,0.032500000000000015
6003,2016,2016-04-15,0.0,0.0,,0.0,0,0.42500000000000004
6003,2017,2017-11-08,0.0,0.0,149.0,0.48,0,0.27499999999999997
6004,2015,2015-08-26,0.0,0.0,,0.0,0,0.032500000000000015
6004,2016,2016-04-17,0.0,0.0,,0.0,0,0.548
6004,2017,2017-11-08,0.0,0.0,149.0,0.48,0,0.27499999999999997
6005,2015,2015-08-25,0.0,0.0,,0.0,0,0.052500000000000005
6005,2016,2016-04-16,0.0,0.0,,0.0,0,0.484
6005,2017,2017-11-08,0.0,0.0,149.0,0.49,0,0.2875
6006,2015,2015-08-25,0.0,0.0,,0.0,0,0.052500000000000005
6006,2016,2016-04-16,0.0,0.0,,0.0,0,0.484
6006,2017,2017-11-08,0.0,0.0,149.0,0.49,0,0.2875
6018,2013,2013-09-06,0.0,-0.17,107.0,0.98,0,0.55
6018,2014,2014-06-13,1.96,1.47,1.0,1.96,0,1.0500000000000003
6018,2015,2015-05-15,0.0,0.0,337.0,0.0,0,0.248
6018,2018,2018-05-06,0.0,0.0,,0.0,0,-0.1975
6018,2018,2018-09-07,0.0,-0.3,94.0,0.3,0,0.685
6018,2019,2019-06-14,1.52,0.77,9.0,1.52,0,0.8225
6024,2013,2013-09-07,0.0,-0.17,108.0,0.98,0,0.55
6032,2013,2013-06-19,1.18,0.1499999999999999,21.0,1.18,0,0.55
6032,2014,2014-05-17,0.19,0.19,353.0,0.19,0,0.81
6035,2014,2014-05-16,0.19,0.19,352.0,0.19,0,0.738
6037,2014,2014-05-18,0.19,0.19,354.0,0.19,0,0.825
6038,2014,2014-05-18,0.19,0.19,354.0,0.19,0,0.825
6040,2013,2013-06-20,1.17,0.1499999999999999,22.0,1.17,0,0.532
6040,2014,2014-05-17,0.19,0.19,353.0,0.19,0,0.81
6042,2013,2013-06-19,1.17,0.1499999999999999,21.0,1.17,0,0.542
6042,2013,2013-06-22,1.17,0.1499999999999999,24.0,1.17,0,0.5
6044,2014,2014-12-12,0.0,0.0,,0.0,0,0.534
6044,2015,2015-11-24,0.0,0.0,,0.0,0,0.3725
6044,2016,2016-06-02,0.61,0.61,12.0,0.61,0,1.375
6044,2017,2017-12-18,0.0,0.0,196.0,0.17,0,0.77
6045,2014,2014-12-08,0.0,0.0,,0.0,0,0.4925
6046,2018,2018-04-23,0.0,0.0,,0.0,0,-0.36000000000000004
6046,2019,2019-04-18,0.0,0.0,310.0,0.0,0,0.682
6047,2015,2015-11-23,0.0,0.0,,0.0,0,0.34249999999999997
6047,2016,2016-06-07,0.75,0.59,17.0,0.75,0,1.26
6047,2017,2017-12-18,0.0,0.0,196.0,0.17,0,0.758
6048,2014,2014-12-12,0.0,0.0,,0.0,0,0.534
6050,2015,2015-11-24,0.0,0.0,,0.0,0,0.3725
6050,2016,2016-10-12,0.0,-0.16,109.0,0.77,0,0.185
6051,2014,2014-12-08,0.0,0.0,,0.0,0,0.48750000000000004
6051,2015,2015-11-23,0.0,0.0,,0.0,0,0.34249999999999997
6051,2016,2016-06-07,0.75,0.59,17.0,0.75,0,1.26
6051,2017,2017-12-18,0.0,0.0,196.0,0.17,0,0.758
6054,2013,2013-06-29,0.32,0.0,45.0,0.32,0,0.47250000000000003
6054,2014,2014-12-10,0.0,0.0,,0.0,0,0.48750000000000004
6054,2015,2015-12-01,0.0,0.0,,0.0,0,0.26749999999999996
6054,2016,2016-10-17,0.0,0.0,114.0,0.91,0,0.19
6054,2017,2017-12-19,0.0,0.0,197.0,0.17,0,0.758
6056,2013,2013-06-29,0.31,0.0,45.0,0.31,0,0.47
6056,2014,2014-12-11,0.0,0.0,,0.0,0,0.534
6057,2013,2013-06-28,0.31,0.0,44.0,0.31,0,0.47
6057,2014,2014-12-11,0.0,0.0,,0.0,0,0.534
6059,2013,2013-06-28,0.31,0.0,44.0,0.31,0,0.47
6059,2014,2014-12-11,0.0,0.0,,0.0,0,0.534
6059,2015,2015-11-24,0.0,0.0,,0.0,0,0.3125
6059,2016,2016-10-14,0.0,-0.17,111.0,0.91,0,0.2025
6059,2017,2017-12-18,0.0,0.0,196.0,0.17,0,0.776
6060,2015,2015-11-27,0.0,0.0,,0.0,0,0.34199999999999997
6060,2016,2016-10-14,0.0,-0.17,111.0,0.91,0,0.2025
6060,2017,2017-12-18,0.0,0.0,196.0,0.17,0,0.776
6061,2015,2015-11-27,0.0,0.0,,0.0,0,0.34199999999999997
6064,2015,2015-11-26,0.0,0.0,,0.0,0,0.3125
6065,2013,2013-07-01,0.31,0.0,47.0,0.31,0,0.47
6065,2014,2014-12-10,0.0,0.0,,0.0,0,0.49000000000000005
6066,2013,2013-07-02,0.31,0.0,48.0,0.31,0,0.47
6066,2013,2013-10-01,0.0,0.0,139.0,0.31,0,0.31
6066,2014,2014-12-09,0.0,0.0,,0.0,0,0.49000000000000005
6067,2015,2015-11-26,0.0,0.0,,0.0,0,0.3125
6068,2013,2013-07-01,0.31,0.0,47.0,0.31,0,0.47
6068,2014,2014-12-10,0.0,0.0,,0.0,0,0.47750000000000004
6068,2015,2015-11-26,0.0,0.0,,0.0,0,0.28250000000000003
6069,2013,2013-06-30,0.31,0.0,46.0,0.31,0,0.47
6069,2014,2014-12-09,0.0,0.0,,0.0,0,0.49000000000000005
6069,2015,2015-12-01,0.0,0.0,,0.0,0,0.2575
6070,2013,2013-06-30,0.31,0.0,46.0,0.31,0,0.47
6070,2014,2014-12-09,0.0,0.0,,0.0,0,0.49000000000000005
6070,2015,2015-12-01,0.0,0.0,,0.0,0,0.2575
6070,2016,2016-10-13,0.0,-0.17,110.0,0.91,0,0.2025
6070,2017,2017-08-19,0.17,0.0,364.0,0.17,0,0.695
6071,2015,2015-08-10,0.46,0.0,80.0,0.46,0,0.13
6071,2018,2018-08-07,0.0,0.0,,0.0,0,0.2
6071,2019,2019-07-29,0.5,-0.6200000000000001,82.0,1.12,0,0.5325000000000001
6075,2015,2015-06-10,2.24,1.7400000000000002,349.0,2.24,0,0.8275000000000001
6075,2016,2016-05-19,2.42,1.93,328.0,2.42,0,0.8225
6075,2017,2017-11-29,4.34,-0.29000000000000004,149.0,8.0,70,0.4475
6075,2018,2018-04-25,0.0,0.0,296.0,4.63,0,0.44200000000000006
6076,2015,2015-06-11,2.22,1.7300000000000002,343.0,2.22,0,0.7875000000000001
6076,2016,2016-05-19,1.69,1.52,328.0,1.69,0,0.7950000000000002
6076,2017,2017-11-29,4.47,-0.3000000000000007,149.0,7.46,70,0.42
6076,2018,2018-04-24,0.0,0.0,295.0,4.7700000000000005,0,0.458
6077,2014,2014-04-23,0.0,0.0,329.0,0.0,0,0.07
6077,2015,2015-06-11,2.22,1.7300000000000002,343.0,2.22,0,0.7875000000000001
6077,2016,2016-05-18,1.69,1.52,327.0,1.69,0,0.7950000000000002
6077,2017,2017-11-29,4.47,-0.3000000000000007,149.0,7.46,70,0.42
6077,2018,2018-04-24,0.0,0.0,295.0,4.7700000000000005,0,0.458
6078,2015,2015-10-06,0.98,0.31999999999999995,102.0,3.02,0,0.565
6078,2016,2016-06-16,4.8,2.38,5.0,4.8,14,1.1575
6078,2016,2016-06-17,4.8,2.38,6.0,4.8,14,1.1575
6078,2017,2017-11-08,4.49,-0.3899999999999997,128.0,8.0,63,0.6525
6078,2017,2017-11-29,4.34,-0.29000000000000004,149.0,8.0,70,0.4475
6078,2018,2018-04-25,0.0,0.0,296.0,4.63,0,0.44200000000000006
6079,2015,2015-06-09,2.24,1.7400000000000002,348.0,2.24,0,0.8275000000000001
6079,2016,2016-05-17,2.42,1.93,326.0,2.42,0,0.8225
6079,2017,2017-11-29,4.34,-0.29000000000000004,149.0,8.0,70,0.4475
6079,2018,2018-04-25,0.0,0.0,296.0,4.63,0,0.44200000000000006
6080,2013,2013-10-20,0.0,0.0,,0.0,0,-0.05500000000000001
6081,2014,2014-11-03,0.0,0.0,151.0,0.15,0,0.185
6082,2015,2015-05-15,0.0,0.0,344.0,0.0,0,0.08
6082,2016,2016-05-27,0.94,0.94,6.0,0.94,0,1.29
6082,2018,2018-05-04,0.0,0.0,,0.0,0,-0.28500000000000003
6082,2019,2019-04-27,0.0,0.0,,0.0,0,0.355
6083,2014,2014-11-04,0.0,0.0,152.0,0.15,0,0.185
6083,2015,2015-05-15,0.0,0.0,344.0,0.0,0,0.08
6083,2016,2016-05-28,1.25,1.25,0.0,1.25,0,1.306
6083,2017,2017-07-14,0.0,0.0,363.0,0.0,0,0.4475
6083,2018,2018-05-04,0.0,0.0,,0.0,0,-0.28500000000000003
6083,2019,2019-04-27,0.0,0.0,,0.0,0,0.355
6084,2014,2014-11-03,0.0,0.0,151.0,0.15,0,0.185
6085,2015,2015-05-16,0.0,0.0,345.0,0.0,0,0.08
6085,2016,2016-05-28,1.25,1.25,0.0,1.25,0,1.306
6085,2017,2017-07-15,0.0,0.0,364.0,0.0,0,0.4475
6085,2018,2018-05-06,0.0,0.0,,0.0,0,-0.28500000000000003
6085,2019,2019-04-27,0.0,0.0,,0.0,0,0.355
6086,2014,2014-07-17,0.15,0.0,42.0,0.15,0,0.40599999999999997
6086,2016,2016-05-28,1.25,1.25,0.0,1.25,0,1.306
6086,2017,2017-07-14,0.0,0.0,363.0,0.0,0,0.4475
6086,2018,2018-05-05,0.0,0.0,,0.0,0,-0.28500000000000003
6086,2019,2019-04-28,0.0,0.0,,0.0,0,0.355
6087,2013,2013-10-19,0.0,0.0,,0.0,0,-0.039999999999999994
6088,2014,2014-11-03,0.0,0.0,151.0,0.15,0,0.185
6088,2015,2015-05-15,0.0,0.0,344.0,0.0,0,0.08
6088,2016,2016-05-27,0.94,0.94,6.0,0.94,0,1.29
6088,2018,2018-05-05,0.0,0.0,,0.0,0,-0.28500000000000003
6088,2019,2019-04-28,0.0,0.0,,0.0,0,0.355
6089,2014,2014-11-04,0.0,0.0,152.0,0.15,0,0.185
6089,2015,2015-05-16,0.0,0.0,345.0,0.0,0,0.08
6089,2016,2016-05-27,0.94,0.94,6.0,0.94,0,1.29
6089,2018,2018-05-05,0.0,0.0,,0.0,0,-0.28500000000000003
6089,2019,2019-04-28,0.0,0.0,,0.0,0,0.355
6100,2013,2013-11-12,0.0,0.0,160.0,0.15,0,-0.27749999999999997
6100,2013,2013-11-26,0.0,0.0,174.0,0.15,0,0.025000000000000015
6100,2014,2014-09-13,0.0,0.0,,0.0,0,0.54
6100,2015,2015-05-19,0.0,0.0,,0.0,0,-0.03749999999999998
6100,2018,2018-07-23,0.0,0.0,364.0,0.0,0,-0.007499999999999993
6100,2019,2019-07-18,0.29,0.0,43.0,0.29,0,0.56
6101,2013,2013-11-27,0.0,0.0,175.0,0.15,0,0.12800000000000003
6101,2014,2014-09-11,0.0,0.0,,0.0,0,0.5559999999999999
6101,2015,2015-05-19,0.0,0.0,,0.0,0,-0.03749999999999998
6101,2019,2019-07-19,0.29,0.0,44.0,0.29,0,0.5575
6102,2013,2013-11-26,0.0,0.0,174.0,0.15,0,0.025000000000000015
6102,2014,2014-09-12,0.0,0.0,,0.0,0,0.5559999999999999
6102,2015,2015-05-18,0.0,0.0,,0.0,0,-0.03749999999999998
6102,2018,2018-07-19,0.0,0.0,360.0,0.0,0,-0.007499999999999993
6102,2019,2019-07-20,0.29,0.0,45.0,0.29,0,0.5575
6103,2013,2013-11-14,0.0,0.0,162.0,0.15,0,-0.20199999999999996
6106,2015,2015-06-16,0.51,0.51,4.0,0.51,0,1.1325
6107,2015,2015-06-15,0.51,0.51,3.0,0.51,0,1.1325
6107,2017,2017-04-18,0.0,0.0,297.0,0.0,0,0.244
6108,2015,2015-06-15,0.52,0.52,361.0,0.52,0,1.1475
6109,2015,2015-06-16,0.52,0.52,362.0,0.52,0,1.1475
6109,2017,2017-04-18,0.0,0.0,297.0,0.0,0,0.22999999999999998
6110,2015,2015-06-09,0.49,0.49,355.0,0.49,0,1.0625
6110,2017,2017-04-28,0.0,0.0,307.0,0.0,0,0.1275
6111,2015,2015-06-10,0.49,0.49,356.0,0.49,0,1.0625
6111,2017,2017-04-28,0.0,0.0,307.0,0.0,0,0.1275
6112,2015,2015-06-12,0.65,0.65,0.0,0.65,0,1.044
6112,2017,2017-04-28,0.0,0.0,307.0,0.0,0,0.1275
6113,2015,2015-06-10,0.49,0.49,356.0,0.49,0,1.0625
6113,2017,2017-04-28,0.0,0.0,307.0,0.0,0,0.1275
6114,2015,2015-06-11,0.49,0.49,357.0,0.49,0,1.0625
6114,2017,2017-04-27,0.0,0.0,306.0,0.0,0,0.1275
6115,2015,2015-06-10,0.49,0.49,356.0,0.49,0,1.0625
6115,2017,2017-04-29,0.0,0.0,308.0,0.0,0,0.1275
6116,2015,2015-06-11,0.51,0.51,357.0,0.51,0,1.0825
6116,2017,2017-04-30,0.0,0.0,309.0,0.0,0,0.14500000000000002
6117,2015,2015-06-12,0.65,0.65,0.0,0.65,0,1.044
6117,2017,2017-04-27,0.0,0.0,306.0,0.0,0,0.1275
6118,2015,2015-06-11,0.49,0.49,6.0,0.49,0,1.03
6118,2017,2017-04-27,0.0,0.0,306.0,0.0,0,0.10750000000000001
6119,2015,2015-09-04,0.0,-0.62,84.0,0.62,0,0.10200000000000002
6119,2017,2017-05-08,0.0,0.0,317.0,0.0,0,0.386
6120,2015,2015-09-04,0.0,-0.62,84.0,0.62,0,0.10200000000000002
6120,2017,2017-05-08,0.0,0.0,317.0,0.0,0,0.386
6122,2015,2015-09-05,0.0,-0.61,85.0,0.61,0,0.10599999999999998
6122,2017,2017-05-08,0.0,0.0,317.0,0.0,0,0.39
6142,2017,2017-07-25,0.0,0.0,360.0,0.0,0,0.734
6143,2017,2017-07-24,0.0,0.0,359.0,0.0,0,0.712
6144,2017,2017-07-25,0.0,0.0,360.0,0.0,0,0.662
6145,2017,2017-07-26,0.0,0.0,361.0,0.0,0,0.6400000000000001
6146,2017,2017-07-26,0.0,0.0,361.0,0.0,0,0.6200000000000001
6147,2017,2017-07-24,0.0,0.0,359.0,0.0,0,0.64
6148,2015,2015-09-17,0.0,0.0,139.0,0.47,0,0.7749999999999999
6148,2016,2016-07-14,3.7,-2.2,54.0,5.9,63,1.01
6148,2017,2017-07-20,0.0,0.0,362.0,0.0,0,0.5175000000000001
6149,2016,2016-07-14,3.52,-2.32,54.0,5.84,63,0.98
6150,2018,2018-04-19,0.0,0.0,,0.0,0,0.48750000000000004
6162,2017,2017-07-27,0.0,0.0,362.0,0.0,0,0.5549999999999999
6164,2013,2013-07-04,0.0,0.0,360.0,0.0,0,-0.046
6165,2017,2017-07-19,0.0,0.0,361.0,0.0,0,0.5075000000000001
6170,2015,2015-09-16,0.0,0.0,138.0,0.14,0,0.7
6170,2017,2017-07-19,0.0,0.0,361.0,0.0,0,0.5275
6171,2017,2017-07-18,0.0,0.0,360.0,0.0,0,0.592
6173,2017,2017-07-28,0.0,0.0,363.0,0.0,0,0.45249999999999996
6175,2015,2015-09-15,0.0,0.0,130.0,0.45,0,0.6525
6175,2016,2016-07-11,4.72,-2.08,51.0,6.8,70,0.9575
6175,2017,2017-07-17,0.0,0.0,359.0,0.0,0,0.6279999999999999
6175,2017,2017-07-18,0.0,0.0,360.0,0.0,0,0.6279999999999999
6176,2017,2017-07-23,0.0,0.0,358.0,0.0,0,0.4925
6181,2014,2014-09-10,0.0,0.0,,0.0,0,0.29000000000000004
6182,2014,2014-09-09,0.0,0.0,,0.0,0,0.29000000000000004
6183,2014,2014-09-08,0.0,0.0,,0.0,0,0.29000000000000004
6184,2014,2014-09-11,0.0,0.0,,0.0,0,0.32799999999999996
6192,2017,2017-07-01,0.0,0.0,364.0,0.0,0,0.17
6245,2016,2016-03-11,0.0,0.0,315.0,0.0,0,1.01
6249,2016,2016-07-13,3.72,-2.27,53.0,5.99,63,0.995
6253,2016,2016-07-13,3.45,-2.04,53.0,5.49,63,1.0
6253,2017,2017-05-10,0.0,0.0,354.0,0.0,0,0.335
6253,2018,2018-07-25,0.0,0.0,,0.0,0,0.148
6258,2013,2013-07-04,0.0,0.0,360.0,0.0,0,-0.10400000000000002
6259,2016,2016-07-12,3.92,-2.05,52.0,5.97,63,0.9875
6259,2018,2018-07-24,0.0,0.0,,0.0,0,0.256
6261,2013,2013-07-03,0.0,0.0,359.0,0.0,0,-0.142
6261,2015,2015-09-15,0.0,0.0,137.0,0.44,0,0.6825
6261,2017,2017-05-09,0.0,0.0,353.0,0.0,0,0.338
6261,2019,2019-05-08,0.15,0.15,21.0,0.15,0,0.682
6262,2016,2016-07-12,4.12,-2.41,52.0,6.53,70,0.9475
6262,2018,2018-07-24,0.0,0.0,,0.0,0,0.25
6267,2014,2014-09-11,0.0,0.0,,0.0,0,0.392
6270,2013,2013-07-03,0.0,0.0,,0.0,0,-0.172
6275,2016,2016-01-31,0.0,0.0,275.0,0.0,0,0.658
6275,2016,2016-05-16,5.58,4.16,2.0,5.58,14,1.3075
6277,2014,2014-09-14,0.0,0.0,,0.0,0,0.3525
6279,2013,2013-07-01,0.17,0.0,75.0,0.17,0,-0.2675
6281,2014,2014-09-10,0.0,0.0,,0.0,0,0.29000000000000004
6282,2014,2014-09-09,0.0,0.0,,0.0,0,0.2925
6673,2013,2013-04-12,0.0,0.0,347.0,0.0,0,1.2125000000000001
6681,2013,2013-04-17,0.0,0.0,,0.0,0,0.826
6685,2013,2013-04-18,0.0,0.0,360.0,0.0,0,0.9680000000000002
6686,2013,2013-04-13,0.0,0.0,348.0,0.0,0,1.155
6687,2013,2013-04-14,0.0,0.0,349.0,0.0,0,1.155
6688,2013,2013-04-15,0.0,0.0,,0.0,0,1.14
6689,2013,2013-04-16,0.0,0.0,358.0,0.0,0,1.165
6695,2013,2013-11-16,2.23,0.0,362.0,2.23,0,0.365
6695,2014,2014-11-22,0.0,0.0,360.0,0.0,0,0.7549999999999999
6697,2013,2013-10-23,2.07,0.0,338.0,2.07,0,0.648
6698,2014,2014-11-22,0.0,0.0,360.0,0.0,0,0.7475
6699,2013,2013-11-16,2.07,0.0,362.0,2.07,0,0.41
6701,2013,2013-11-17,2.18,0.0,356.0,2.18,0,0.7775000000000001
6701,2014,2014-11-09,0.15,0.15,361.0,0.15,0,0.8325
6709,2013,2013-11-24,1.83,0.0,363.0,1.83,0,0.5175
6709,2014,2014-11-16,0.0,0.0,361.0,0.0,0,0.7550000000000001
6711,2013,2013-11-24,1.68,0.0,363.0,1.68,0,0.505
6711,2014,2014-11-16,0.0,0.0,361.0,0.0,0,0.725
6752,2013,2013-10-23,2.07,0.0,338.0,2.07,0,0.648
6755,2014,2014-05-26,0.0,0.0,243.0,0.96,0,0.03
6756,2013,2013-11-17,1.83,0.0,363.0,1.83,0,0.5025000000000001
6756,2014,2014-11-09,0.0,0.0,361.0,0.0,0,0.7275
6757,2016,2016-05-23,0.0,0.0,227.0,0.89,0,0.935
6759,2014,2014-05-24,0.0,0.0,241.0,1.52,0,0.0625
6759,2014,2014-05-25,0.0,0.0,242.0,1.52,0,0.0625
6759,2014,2014-05-27,0.0,0.0,244.0,0.97,0,0.0625
6759,2016,2016-05-21,0.0,0.0,225.0,0.91,0,0.874
6759,2016,2016-05-22,0.0,0.0,226.0,0.91,0,0.874
6760,2016,2016-05-22,0.0,0.0,226.0,0.91,0,0.874
6773,2013,2013-02-20,0.0,0.0,331.0,0.0,0,0.19
6773,2014,2014-02-25,0.0,0.0,,0.0,0,-0.13
6773,2015,2015-03-22,6.62,3.0300000000000002,9.0,6.62,21,1.0775000000000001
6775,2013,2013-02-20,0.0,0.0,331.0,0.0,0,0.19
6775,2014,2014-02-25,0.0,0.0,,0.0,0,-0.13
6775,2015,2015-03-22,6.62,3.0300000000000002,9.0,6.62,21,1.0775000000000001
6776,2013,2013-02-03,0.0,0.0,314.0,0.0,0,-0.13499999999999998
6776,2014,2014-03-16,0.0,0.0,,0.0,0,0.12250000000000003
6776,2015,2015-01-13,0.15,0.15,19.0,0.15,0,1.416
6780,2013,2013-02-20,0.0,0.0,331.0,0.0,0,0.17
6782,2013,2013-01-13,0.0,0.0,293.0,0.0,0,0.07399999999999998
6782,2014,2014-03-21,0.0,0.0,,0.0,0,0.012
6782,2015,2015-03-07,5.5600000000000005,2.3600000000000003,1.0,5.5600000000000005,7,1.19
6783,2013,2013-01-12,0.0,0.0,292.0,0.0,0,0.07399999999999998
6783,2014,2014-03-21,0.0,0.0,,0.0,0,0.012
6783,2015,2015-03-08,5.5600000000000005,2.3600000000000003,2.0,5.5600000000000005,7,1.0225
6784,2013,2013-01-12,0.0,0.0,292.0,0.0,0,0.06600000000000002
6784,2014,2014-03-20,0.0,0.0,,0.0,0,0.024
6784,2015,2015-03-07,5.5200000000000005,2.3500000000000005,1.0,5.5200000000000005,7,1.2
6785,2013,2013-03-31,0.0,0.0,363.0,0.0,0,-0.1625
6785,2014,2014-05-03,0.59,0.0,58.0,0.59,0,0.355
6785,2015,2015-04-22,6.48,0.0,33.0,6.48,49,0.16499999999999998
6786,2013,2013-03-31,0.0,0.0,363.0,0.0,0,-0.1675
6786,2014,2014-05-03,0.45,0.0,58.0,0.45,0,0.36
6786,2015,2015-04-22,6.34,0.0,33.0,6.34,49,0.15000000000000002
6787,2013,2013-03-24,0.0,0.0,363.0,0.0,0,0.3
6787,2014,2014-01-01,0.0,0.0,,0.0,0,0.434
6787,2015,2015-01-18,0.0,0.0,,0.0,0,1.2440000000000002
6788,2013,2013-03-24,0.0,0.0,363.0,0.0,0,0.3125
6788,2014,2014-01-01,0.0,0.0,,0.0,0,0.438
6788,2015,2015-01-18,0.0,0.0,,0.0,0,1.276
6789,2013,2013-03-24,0.0,0.0,363.0,0.0,0,0.3125
6789,2013,2013-12-22,0.0,0.0,,0.0,0,0.8049999999999999
6789,2015,2015-01-18,0.0,0.0,,0.0,0,1.276
6790,2013,2013-03-23,0.0,0.0,362.0,0.0,0,0.395
6790,2013,2013-12-21,0.0,0.0,,0.0,0,0.9375
6790,2015,2015-01-17,0.0,0.0,,0.0,0,1.2959999999999998
6791,2014,2014-01-01,0.0,0.0,,0.0,0,0.43200000000000005
6791,2015,2015-01-17,0.0,0.0,,0.0,0,1.2520000000000002
6792,2013,2013-04-10,0.0,0.0,359.0,0.0,0,0.42800000000000005
6792,2014,2014-04-16,0.0,0.0,,0.0,0,0.23500000000000001
6792,2015,2015-04-16,4.5600000000000005,0.0,34.0,4.5600000000000005,35,0.38249999999999995
6793,2013,2013-04-10,0.0,0.0,359.0,0.0,0,0.42800000000000005
6793,2014,2014-04-16,0.0,0.0,,0.0,0,0.23500000000000001
6793,2015,2015-04-16,4.5600000000000005,0.0,34.0,4.5600000000000005,35,0.38249999999999995
6794,2013,2013-01-16,0.0,0.0,296.0,0.0,0,0.332
6794,2014,2014-01-24,0.0,0.0,,0.0,0,0.702
6794,2015,2015-02-25,1.71,1.71,12.0,1.71,0,1.2725
6795,2013,2013-01-16,0.0,0.0,296.0,0.0,0,0.332
6795,2014,2014-01-24,0.0,0.0,,0.0,0,0.702
6795,2015,2015-02-24,1.71,1.71,11.0,1.71,0,1.2725
6796,2013,2013-04-09,0.0,0.0,358.0,0.0,0,0.43
6796,2014,2014-04-15,0.0,0.0,,0.0,0,0.195
6796,2015,2015-04-15,5.17,0.0,33.0,5.17,42,0.385
6797,2013,2013-04-09,0.0,0.0,358.0,0.0,0,0.43
6797,2014,2014-04-15,0.0,0.0,,0.0,0,0.195
6797,2015,2015-04-15,5.17,0.0,33.0,5.17,42,0.385
6798,2013,2013-01-17,0.0,0.0,297.0,0.0,0,0.308
6798,2014,2014-01-23,0.0,0.0,,0.0,0,0.6566666666666666
6798,2015,2015-02-25,1.74,1.74,12.0,1.74,0,1.245
6799,2013,2013-04-11,0.0,0.0,360.0,0.0,0,0.49400000000000005
6799,2014,2014-04-17,0.0,0.0,,0.0,0,0.38
6799,2015,2015-04-14,5.15,0.0,32.0,5.15,42,0.41500000000000004
6800,2013,2013-04-11,0.0,0.0,360.0,0.0,0,0.4960000000000001
6800,2014,2014-04-17,0.0,0.0,,0.0,0,0.362
6800,2015,2015-04-14,5.32,0.0,32.0,5.32,42,0.465
6801,2013,2013-04-11,0.0,0.0,360.0,0.0,0,0.4960000000000001
6801,2014,2014-04-17,0.0,0.0,,0.0,0,0.362
6801,2015,2015-04-14,5.32,0.0,32.0,5.32,42,0.465
6802,2013,2013-03-19,0.0,0.0,358.0,0.0,0,-0.1175
6802,2014,2014-03-24,0.48,0.48,18.0,0.48,0,0.4375
6803,2013,2013-01-15,0.0,0.0,302.0,0.0,0,0.534
6803,2014,2014-01-22,0.0,0.0,,0.0,0,0.31
6803,2015,2015-01-11,0.0,0.0,,0.0,0,1.376
6804,2013,2013-03-19,0.0,0.0,358.0,0.0,0,-0.11249999999999999
6804,2014,2014-03-24,0.47,0.47,18.0,0.47,0,0.41
6804,2015,2015-02-23,1.98,1.98,3.0,1.98,0,1.2475
6805,2013,2013-03-19,0.0,0.0,358.0,0.0,0,-0.13
6805,2014,2014-03-24,0.48,0.48,25.0,0.48,0,0.38750000000000007
6805,2015,2015-02-23,2.17,2.17,3.0,2.17,0,1.27
6806,2013,2013-01-14,0.0,0.0,301.0,0.0,0,0.5419999999999999
6806,2014,2014-01-21,0.0,0.0,,0.0,0,0.378
6806,2015,2015-01-10,0.0,0.0,,0.0,0,1.3840000000000001
6807,2013,2013-01-14,0.0,0.0,301.0,0.0,0,0.51
6807,2014,2014-01-21,0.0,0.0,,0.0,0,0.446
6807,2015,2015-01-10,0.0,0.0,,0.0,0,1.3760000000000001
6808,2013,2013-05-19,0.0,0.0,,0.0,0,0.9724999999999999
6808,2014,2014-03-01,0.0,0.0,,0.0,0,0.2975
6809,2013,2013-05-18,0.0,0.0,,0.0,0,0.9924999999999999
6809,2014,2014-03-01,0.0,0.0,,0.0,0,0.30000000000000004
6810,2013,2013-05-18,0.0,0.0,,0.0,0,0.9825000000000002
6810,2014,2014-03-02,0.0,0.0,,0.0,0,0.29000000000000004
6812,2013,2013-04-21,0.0,0.0,363.0,0.0,0,0.10749999999999998
6812,2014,2014-03-31,0.0,0.0,,0.0,0,-0.15250000000000002
6812,2015,2015-04-30,6.12,-1.7000000000000002,48.0,7.82,77,0.29500000000000004
6813,2013,2013-03-10,0.0,0.0,349.0,0.0,0,-6.938893903907228e-18
6813,2014,2014-01-31,0.16,0.16,22.0,0.16,0,0.72
6813,2015,2015-03-03,5.33,4.7,4.0,5.33,14,1.7774999999999999
6815,2014,2014-04-10,0.0,0.0,,0.0,0,0.078
6815,2015,2015-02-26,4.8100000000000005,4.8100000000000005,13.0,4.8100000000000005,14,1.5399999999999998
6816,2013,2013-05-13,0.0,0.0,364.0,0.0,0,0.6174999999999999
6816,2014,2014-01-31,0.16,0.16,22.0,0.16,0,0.686
6816,2015,2015-03-05,4.79,4.33,6.0,4.79,14,1.76
6817,2013,2013-03-10,0.0,0.0,349.0,0.0,0,-0.06999999999999999
6817,2014,2014-01-31,0.16,0.16,22.0,0.16,0,0.686
6817,2015,2015-03-03,4.79,4.33,4.0,4.79,14,1.76
6819,2014,2014-03-15,0.0,0.0,,0.0,0,0.15000000000000005
6819,2015,2015-01-15,0.0,0.0,,0.0,0,1.292
6821,2013,2013-04-26,0.0,0.0,361.0,0.0,0,0.365
6821,2014,2014-02-07,0.0,0.0,,0.0,0,0.08600000000000001
6821,2015,2015-02-18,2.79,2.79,5.0,2.79,0,1.4175000000000002
6822,2013,2013-04-26,0.0,0.0,361.0,0.0,0,0.355
6822,2014,2014-02-07,0.0,0.0,,0.0,0,0.06999999999999999
6822,2015,2015-02-19,2.74,2.74,6.0,2.74,0,1.3975000000000002
6823,2014,2014-03-26,0.0,0.0,,0.0,0,-0.05999999999999997
6823,2015,2015-03-18,7.7,2.59,5.0,7.7,35,1.075
6825,2013,2013-02-28,0.0,0.0,339.0,0.0,0,-0.24000000000000005
6825,2014,2014-01-01,0.0,0.0,,0.0,0,0.336
6825,2014,2014-12-20,0.0,0.0,,0.0,0,0.35250000000000004
6826,2013,2013-04-26,0.0,0.0,361.0,0.0,0,0.355
6826,2014,2014-02-07,0.0,0.0,,0.0,0,0.06999999999999999
6826,2015,2015-02-19,2.74,2.74,6.0,2.74,0,1.3975000000000002
6827,2014,2014-02-27,0.0,0.0,,0.0,0,0.015999999999999993
6827,2015,2015-02-25,6.09,5.64,5.0,6.09,21,1.8575
6828,2014,2014-01-01,0.0,0.0,,0.0,0,0.29
6828,2014,2014-12-20,0.0,0.0,,0.0,0,0.275
6829,2013,2013-02-24,0.0,0.0,335.0,0.0,0,-0.1125
6829,2014,2014-04-02,0.0,0.0,,0.0,0,0.38
6829,2015,2015-03-26,7.88,3.5599999999999996,6.0,7.88,35,1.2325
6831,2014,2014-03-15,0.0,0.0,,0.0,0,0.18499999999999997
6831,2015,2015-01-15,0.15,0.15,21.0,0.15,0,1.3519999999999999
6833,2013,2013-02-24,0.0,0.0,335.0,0.0,0,-0.03
6833,2014,2014-04-02,0.63,0.16000000000000003,27.0,0.63,0,0.45000000000000007
6833,2015,2015-03-26,9.21,4.250000000000001,6.0,9.21,35,1.4
6834,2013,2013-02-03,0.0,0.0,314.0,0.0,0,-0.15999999999999998
6834,2014,2014-03-16,0.0,0.0,,0.0,0,0.095
6834,2015,2015-01-13,0.0,0.0,,0.0,0,1.3359999999999999
6835,2014,2014-02-27,0.0,0.0,,0.0,0,-0.02000000000000004
6835,2015,2015-02-25,6.19,5.74,5.0,6.19,21,1.9024999999999999
6837,2013,2013-02-03,0.0,0.0,314.0,0.0,0,-0.1825
6837,2014,2014-03-16,0.0,0.0,,0.0,0,0.05999999999999997
6837,2015,2015-01-13,0.0,0.0,,0.0,0,1.262
6840,2014,2014-03-26,0.0,0.0,,0.0,0,-0.1
6840,2015,2015-02-26,4.93,4.93,13.0,4.93,14,1.685
6841,2014,2014-02-28,0.0,0.0,,0.0,0,-0.052000000000000025
6841,2015,2015-03-18,8.72,2.91,5.0,8.72,42,1.1925000000000001
6845,2014,2014-02-21,0.0,0.0,,0.0,0,-0.11599999999999996
6845,2015,2015-01-15,0.15,0.15,21.0,0.15,0,1.4200000000000002
6847,2013,2013-02-24,0.0,0.0,335.0,0.0,0,-0.07
6847,2014,2014-04-02,0.77,0.16000000000000003,27.0,0.77,0,0.3975
6847,2015,2015-03-25,8.73,3.9700000000000006,5.0,8.73,35,1.3699999999999999
6875,2013,2013-10-08,0.0,0.0,358.0,0.0,0,-0.10999999999999999
6884,2017,2017-05-27,0.0,0.0,350.0,0.0,0,-0.1875
6885,2017,2017-04-15,0.0,0.0,259.0,0.0,0,0.6074999999999999
6886,2017,2017-05-27,0.0,0.0,308.0,0.0,0,1.2525000000000002
6887,2017,2017-01-30,0.0,0.0,191.0,3.86,0,0.31000000000000005
6888,2017,2017-01-29,0.0,0.0,190.0,3.47,0,0.376
6889,2017,2017-01-29,0.0,0.0,190.0,3.3000000000000003,0,0.384
6890,2017,2017-01-11,0.0,0.0,179.0,0.8200000000000001,0,0.21200000000000002
6892,2014,2014-10-28,0.0,0.0,,0.0,0,0.26249999999999996
6894,2014,2014-10-31,0.0,0.0,,0.0,0,0.18399999999999997
6895,2014,2014-10-31,0.0,0.0,,0.0,0,0.28200000000000003
6897,2014,2014-10-29,0.0,0.0,,0.0,0,0.33499999999999996
6900,2014,2014-10-30,0.0,0.0,,0.0,0,0.054000000000000006
6902,2014,2014-10-30,0.0,0.0,,0.0,0,0.054000000000000006
6915,2015,2015-10-30,0.8,-0.44999999999999996,77.0,1.25,0,0.7859999999999999
6916,2016,2016-10-26,0.31,-0.33,362.0,0.64,0,0.6975
6917,2013,2013-10-09,0.0,0.0,359.0,0.0,0,-0.028000000000000004
6918,2013,2013-10-09,0.0,0.0,359.0,0.0,0,-0.028000000000000004
6918,2015,2015-10-30,0.76,-0.16000000000000003,77.0,0.92,0,0.85
6918,2016,2016-10-28,0.29,-0.18,364.0,0.47,0,0.6925000000000001
6919,2013,2013-10-07,0.0,0.0,364.0,0.0,0,-0.135
6919,2013,2013-10-09,0.0,0.0,359.0,0.0,0,-0.028000000000000004
6919,2016,2016-10-26,0.29,-0.18,362.0,0.47,0,0.6925000000000001
6921,2015,2015-10-29,1.15,-0.14000000000000012,76.0,1.29,0,0.9025
6923,2015,2015-10-28,0.48,0.0,75.0,0.48,0,0.7675000000000001
6925,2013,2013-10-11,0.0,0.0,,0.0,0,0.05500000000000001
6925,2016,2016-10-27,0.0,0.0,363.0,0.0,0,0.6199999999999999
6926,2013,2013-10-07,0.0,0.0,364.0,0.0,0,-0.1825
6926,2013,2013-10-10,0.0,0.0,360.0,0.0,0,-0.074
6926,2015,2015-10-28,0.6900000000000001,0.0,75.0,0.6900000000000001,0,0.8075000000000001
6926,2016,2016-10-28,0.0,-0.16,364.0,0.16,0,0.6625000000000001
6927,2016,2016-10-26,0.0,-0.16,362.0,0.16,0,0.6625000000000001
6928,2013,2013-10-08,0.0,0.0,358.0,0.0,0,-0.1825
6928,2013,2013-10-10,0.0,0.0,360.0,0.0,0,-0.074
6928,2016,2016-10-27,0.0,-0.16,363.0,0.16,0,0.6625000000000001
6930,2015,2015-10-29,0.48,0.0,76.0,0.48,0,0.7675000000000001
6932,2013,2013-10-11,0.0,0.0,361.0,0.0,0,0.1625
7190,2017,2017-02-16,0.0,0.0,201.0,4.32,0,0.5675
7193,2017,2017-02-14,0.0,0.0,199.0,4.5,0,0.6380000000000001
7205,2013,2013-04-30,0.0,0.0,,0.0,0,0.91
7205,2014,2014-03-18,0.0,0.0,279.0,0.0,0,-0.0925
7206,2013,2013-06-23,1.26,0.8200000000000001,18.0,1.26,0,0.7324999999999999
7206,2016,2016-04-26,0.0,0.0,312.0,0.0,0,0.98
7283,2015,2015-02-28,0.0,0.0,,0.0,0,0.332
7284,2016,2016-06-22,0.0,0.0,,0.0,0,0.5
7285,2015,2015-03-03,0.0,0.0,,0.0,0,0.23750000000000002
7286,2016,2016-07-08,0.3,0.3,20.0,0.3,0,0.5025000000000001
7287,2014,2014-12-14,0.0,0.0,,0.0,0,0.49249999999999994
7296,2013,2013-02-23,0.0,0.0,285.0,0.0,0,0.59
7303,2014,2014-07-24,1.63,0.0,35.0,1.63,0,0.06200000000000001
7376,2017,2017-02-16,0.0,0.0,201.0,3.93,0,0.5725
7415,2017,2017-02-14,0.0,0.0,199.0,4.5,0,0.6380000000000001
7420,2017,2017-02-14,0.0,0.0,199.0,4.51,0,0.656
7420,2017,2017-02-18,0.0,0.0,203.0,4.33,0,0.5950000000000001
7420,2017,2017-03-06,0.0,0.0,219.0,2.7,0,0.308
7443,2013,2013-03-08,0.0,0.0,298.0,0.0,0,0.08999999999999997
7443,2013,2013-05-05,0.0,0.0,356.0,0.0,0,1.1524999999999999
7444,2014,2014-03-12,0.0,0.0,287.0,0.0,0,0.22999999999999998
7444,2016,2016-04-21,0.0,0.0,307.0,0.0,0,0.2025
7445,2013,2013-05-04,0.0,0.0,355.0,0.0,0,1.0875
7445,2014,2014-03-12,0.0,0.0,287.0,0.0,0,0.165
7445,2016,2016-04-20,0.0,0.0,306.0,0.0,0,-0.0050000000000000044
7448,2013,2013-05-05,0.0,0.0,,0.0,0,1.0750000000000002
7448,2014,2014-03-11,0.0,0.0,286.0,0.0,0,0.1675
7448,2016,2016-04-20,0.0,0.0,306.0,0.0,0,-2.7755575615628914e-17
7450,2013,2013-05-04,0.0,0.0,355.0,0.0,0,1.0875
7450,2014,2014-03-13,0.0,0.0,288.0,0.0,0,0.016000000000000014
7450,2016,2016-04-20,0.0,0.0,306.0,0.0,0,-0.0050000000000000044
7455,2013,2013-05-03,0.0,0.0,,0.0,0,1.0750000000000002
7455,2014,2014-03-13,0.0,0.0,288.0,0.0,0,0.028000000000000004
7455,2016,2016-04-20,0.0,0.0,306.0,0.0,0,-2.7755575615628914e-17
7461,2013,2013-05-06,0.0,0.0,,0.0,0,1.05
7461,2014,2014-03-15,0.0,0.0,290.0,0.0,0,-0.052500000000000005
7461,2016,2016-04-20,0.0,0.0,306.0,0.0,0,-0.047500000000000014
7475,2013,2013-04-28,0.0,0.0,,0.0,0,0.9450000000000001
7475,2014,2014-03-19,0.0,0.0,294.0,0.0,0,-0.07999999999999999
7480,2013,2013-01-05,0.0,0.0,,0.0,0,0.16200000000000003
7480,2014,2014-03-18,0.0,0.0,293.0,0.0,0,-0.0975
7481,2013,2013-01-05,0.0,0.0,,0.0,0,0.16200000000000003
7481,2014,2014-03-19,0.0,0.0,294.0,0.0,0,-0.0975
7490,2013,2013-05-02,0.0,0.0,,0.0,0,0.9620000000000001
7490,2014,2014-03-17,0.0,0.0,292.0,0.0,0,-0.0975
7491,2013,2013-04-29,0.0,0.0,,0.0,0,0.92
7491,2014,2014-03-17,0.0,0.0,292.0,0.0,0,-0.0975
7496,2013,2013-04-30,0.0,0.0,,0.0,0,0.91
7496,2014,2014-03-18,0.0,0.0,279.0,0.0,0,-0.0925
7505,2013,2013-03-15,0.0,0.0,,0.0,0,0.06
7505,2014,2014-03-19,0.0,0.0,280.0,0.0,0,-0.0925
7505,2015,2015-09-25,0.0,-0.66,98.0,2.64,0,0.316
7508,2013,2013-05-09,0.0,0.0,,0.0,0,1.2020000000000002
7508,2014,2014-03-30,0.0,0.0,291.0,0.0,0,-0.285
7508,2015,2015-04-14,0.0,0.0,306.0,0.0,0,-0.3925
7508,2016,2016-03-21,0.0,0.0,276.0,0.0,0,0.37
7509,2013,2013-05-07,0.0,0.0,,0.0,0,1.2325
7509,2014,2014-03-30,0.0,0.0,291.0,0.0,0,-0.27
7509,2015,2015-04-15,0.0,0.0,307.0,0.0,0,-0.3875
7509,2016,2016-03-21,0.0,0.0,276.0,0.0,0,0.40249999999999997
7510,2013,2013-05-08,0.0,0.0,,0.0,0,1.2020000000000002
7510,2014,2014-03-29,0.0,0.0,290.0,0.0,0,-0.285
7510,2015,2015-04-14,0.0,0.0,306.0,0.0,0,-0.3925
7510,2016,2016-03-21,0.0,0.0,276.0,0.0,0,0.37
7520,2013,2013-05-08,0.0,0.0,,0.0,0,1.186
7520,2014,2014-03-29,0.0,0.0,290.0,0.0,0,-0.28250000000000003
7520,2015,2015-04-15,0.0,0.0,307.0,0.0,0,-0.4275
7525,2015,2015-10-05,0.0,-0.15,101.0,0.6900000000000001,0,0.07750000000000001
7534,2015,2015-10-05,0.0,-0.15,101.0,0.6900000000000001,0,0.07750000000000001
7535,2015,2015-10-27,0.0,0.0,123.0,0.6900000000000001,0,0.29250000000000004
7536,2016,2016-08-10,4.57,1.2600000000000002,11.0,4.57,14,0.8575
7543,2013,2013-05-10,0.15,0.15,2.0,0.15,0,1.3525
7543,2014,2014-03-28,0.0,0.0,289.0,0.0,0,-0.24000000000000005
7543,2015,2015-04-13,0.0,0.0,305.0,0.0,0,-0.41250000000000003
7543,2016,2016-03-20,0.0,0.0,275.0,0.0,0,0.33799999999999997
7544,2013,2013-05-10,0.15,0.15,2.0,0.15,0,1.3525
7544,2014,2014-03-28,0.0,0.0,289.0,0.0,0,-0.24000000000000005
7544,2016,2016-03-20,0.0,0.0,275.0,0.0,0,0.33799999999999997
7545,2013,2013-03-15,0.0,0.0,,0.0,0,0.1325
7546,2013,2013-05-09,0.15,0.15,1.0,0.15,0,1.286
7546,2014,2014-03-27,0.0,0.0,288.0,0.0,0,-0.24000000000000005
7546,2015,2015-04-13,0.0,0.0,305.0,0.0,0,-0.41250000000000003
7546,2016,2016-03-20,0.0,0.0,275.0,0.0,0,0.33799999999999997
7556,2013,2013-02-28,0.0,0.0,,0.0,0,0.30000000000000004
7556,2014,2014-06-07,3.4,3.4,2.0,3.4,0,1.175
7558,2013,2013-05-25,0.85,0.85,17.0,0.85,0,1.2175
7558,2014,2014-06-06,3.4,3.4,1.0,3.4,0,1.122
7559,2013,2013-02-28,0.0,0.0,,0.0,0,0.30000000000000004
7559,2014,2014-06-07,3.4,3.4,2.0,3.4,0,1.175
7562,2013,2013-05-26,0.85,0.85,18.0,0.85,0,1.2175
7562,2014,2014-06-06,3.4,3.4,1.0,3.4,0,1.122
7580,2013,2013-02-27,0.0,0.0,,0.0,0,0.32399999999999995
7580,2014,2014-06-05,3.15,3.15,0.0,3.15,0,1.098
7581,2013,2013-02-27,0.0,0.0,,0.0,0,0.31799999999999995
7581,2013,2013-03-01,0.0,0.0,,0.0,0,0.215
7581,2014,2014-05-06,0.0,0.0,328.0,0.0,0,0.3925
7582,2013,2013-05-24,0.8300000000000001,0.8300000000000001,16.0,0.8300000000000001,0,1.2
7582,2014,2014-04-06,0.0,0.0,298.0,0.0,0,-0.15500000000000003
7582,2015,2015-10-12,0.0,0.0,115.0,2.99,0,0.6125
7583,2013,2013-05-24,0.8300000000000001,0.8300000000000001,16.0,0.8300000000000001,0,1.2
7583,2014,2014-04-06,0.0,0.0,298.0,0.0,0,-0.15500000000000003
7583,2015,2015-10-12,0.0,0.0,115.0,2.99,0,0.6125
7584,2013,2013-03-17,0.0,0.0,300.0,0.0,0,0.3225
7587,2016,2016-02-26,0.0,0.0,252.0,0.17,0,0.47750000000000004
7587,2016,2016-03-05,0.0,0.0,260.0,0.0,0,0.296
7594,2013,2013-06-25,0.66,0.66,27.0,0.66,0,0.6250000000000001
7595,2013,2013-06-25,0.66,0.66,27.0,0.66,0,0.6250000000000001
7596,2013,2013-06-26,0.67,0.0,359.0,0.67,0,0.6719999999999999
7597,2013,2013-06-24,0.65,0.65,364.0,0.65,0,0.6425
7598,2013,2013-06-24,1.26,0.8200000000000001,19.0,1.26,0,0.7324999999999999
7599,2013,2013-06-26,1.92,0.44999999999999996,21.0,1.92,0,0.736
7600,2013,2013-05-17,0.0,0.0,361.0,0.0,0,0.665
7601,2013,2013-09-11,0.0,0.0,112.0,0.14,0,0.059999999999999984
7604,2016,2016-06-12,4.64,2.59,1.0,4.64,14,1.028
7612,2014,2014-04-23,0.0,0.0,315.0,0.0,0,-0.385
7612,2016,2016-05-06,0.0,0.0,315.0,0.0,0,0.5549999999999999
7613,2014,2014-04-23,0.0,0.0,315.0,0.0,0,-0.385
7615,2014,2014-04-22,0.0,0.0,314.0,0.0,0,-0.3825
7615,2016,2016-05-06,0.0,0.0,336.0,0.0,0,0.605
7617,2013,2013-02-23,0.0,0.0,243.0,0.15,0,-0.04750000000000001
7617,2014,2014-04-22,0.0,0.0,314.0,0.0,0,-0.3825
7620,2014,2014-04-23,0.0,0.0,315.0,0.0,0,-0.3825
7628,2014,2014-10-26,0.0,0.0,122.0,6.69,28,-0.03
7629,2014,2014-03-28,0.0,0.0,296.0,0.0,0,-0.722
7630,2014,2014-03-29,0.0,0.0,297.0,0.0,0,-0.7
7631,2014,2014-05-15,0.0,0.0,344.0,0.0,0,0.06599999999999998
7631,2017,2017-01-26,0.0,0.0,187.0,2.4,0,0.7300000000000001
7633,2013,2013-04-06,0.0,0.0,285.0,0.0,0,0.40499999999999997
7635,2013,2013-04-20,0.0,0.0,299.0,0.0,0,0.7124999999999999
7635,2013,2013-12-20,0.0,0.0,198.0,0.47,0,0.1325
7635,2017,2017-01-26,0.0,0.0,187.0,2.29,0,0.7780000000000001
7636,2017,2017-01-25,0.0,0.0,186.0,2.29,0,0.7780000000000001
7637,2014,2014-05-15,0.0,0.0,344.0,0.0,0,0.11000000000000001
7637,2017,2017-01-25,0.0,0.0,186.0,2.29,0,0.7780000000000001
7638,2014,2014-10-25,0.0,0.0,121.0,6.69,28,-0.03
7644,2014,2014-05-14,0.0,0.0,343.0,0.0,0,0.095
7645,2014,2014-05-14,0.0,0.0,343.0,0.0,0,0.095
7647,2019,2019-07-23,2.8000000000000003,1.4700000000000002,20.0,2.8000000000000003,0,1.0775000000000001
7648,2014,2014-01-22,0.0,0.0,210.0,2.83,0,0.744
7648,2019,2019-07-23,2.8000000000000003,1.4700000000000002,20.0,2.8000000000000003,0,1.0775000000000001
7650,2017,2017-01-24,0.0,0.0,185.0,4.18,0,1.0959999999999999
7655,2017,2017-01-25,0.0,0.0,186.0,4.18,0,1.0959999999999999
7657,2019,2019-07-23,3.16,1.6400000000000001,6.0,3.16,0,1.1400000000000001
7660,2015,2015-02-28,0.0,0.0,261.0,0.0,0,-0.558
7661,2015,2015-02-28,0.0,0.0,261.0,0.0,0,-0.558
7662,2015,2015-03-06,0.0,0.0,267.0,0.0,0,-0.556
7663,2015,2015-01-26,0.0,0.0,228.0,3.91,0,-0.28600000000000003
7664,2015,2015-01-26,0.0,0.0,228.0,3.91,0,-0.28600000000000003
7665,2014,2014-11-27,0.0,0.0,168.0,3.91,0,0.22000000000000003
7666,2015,2015-03-02,0.0,0.0,263.0,0.0,0,-0.5750000000000001
7667,2015,2015-01-07,0.0,0.0,209.0,3.91,0,-0.152
7668,2015,2015-01-02,0.0,0.0,204.0,3.91,0,-0.12333333333333334
7669,2014,2014-12-28,0.0,0.0,199.0,3.91,0,-0.06249999999999999
7670,2016,2016-05-01,0.0,0.0,303.0,0.15,0,0.526
7676,2017,2017-06-30,0.0,0.0,272.0,0.0,0,0.6699999999999999
7676,2017,2017-10-26,0.45,0.0,38.0,0.45,0,0.5125000000000001
7677,2014,2014-05-19,0.0,0.0,208.0,0.3,0,0.165
7677,2015,2015-03-13,0.0,0.0,,0.0,0,0.64
7678,2017,2017-07-05,0.0,0.0,277.0,0.0,0,0.74
7678,2017,2017-10-27,0.48,0.0,39.0,0.48,0,0.4225
7679,2017,2017-07-13,0.0,0.0,285.0,0.0,0,0.6900000000000001
7679,2017,2017-10-26,0.46,0.0,38.0,0.46,0,0.47500000000000003
7680,2017,2017-06-12,0.0,0.0,254.0,0.46,0,0.654
7680,2017,2017-11-03,0.3,0.0,363.0,0.3,0,0.4675
7681,2017,2017-05-08,0.0,0.0,219.0,0.6,0,0.6859999999999999
7681,2017,2017-05-09,0.0,0.0,220.0,0.6,0,0.6859999999999999
7681,2017,2017-07-27,0.0,0.0,299.0,0.0,0,0.785
7681,2017,2017-09-15,0.8200000000000001,0.67,4.0,0.8200000000000001,0,0.885
7681,2017,2017-10-31,0.97,0.0,43.0,0.97,0,0.298
7682,2015,2015-06-24,0.0,0.0,,0.0,0,0.36750000000000005
7683,2015,2015-03-13,0.0,0.0,,0.0,0,0.666
7683,2017,2017-04-11,0.0,0.0,143.0,0.99,0,0.51
7684,2014,2014-06-16,0.0,0.0,250.0,0.14,0,0.115
7685,2014,2014-06-22,0.0,0.0,256.0,0.14,0,0.175
7685,2015,2015-05-23,0.0,0.0,212.0,0.14,0,0.16199999999999998
7685,2016,2016-05-21,0.0,0.0,,0.0,0,0.538
7685,2016,2016-06-02,0.0,0.0,,0.0,0,0.6125
7685,2017,2017-04-12,0.0,0.0,193.0,0.3,0,0.3775
7686,2017,2017-04-27,0.0,0.0,208.0,0.46,0,0.5075000000000001
7687,2014,2014-04-30,0.0,0.0,217.0,0.14,0,0.2625
7711,2013,2013-06-19,0.0,0.0,247.0,0.65,0,-0.06799999999999999
7711,2014,2014-06-25,0.0,0.0,266.0,0.0,0,-0.065
7711,2015,2015-06-22,0.0,0.0,,0.0,0,0.235
7711,2017,2017-06-16,0.0,0.0,223.0,1.05,0,0.6125
7711,2018,2018-01-14,0.0,0.0,125.0,1.07,0,0.6100000000000001
7711,2019,2019-06-09,0.0,0.0,,0.0,0,0.16000000000000003
7712,2018,2018-01-17,0.0,0.0,128.0,1.07,0,0.6300000000000001
7713,2013,2013-06-18,0.0,0.0,246.0,0.5,0,-0.04000000000000001
7713,2014,2014-06-24,0.0,0.0,265.0,0.0,0,-0.0825
7713,2015,2015-06-25,0.0,0.0,,0.0,0,0.24
7713,2017,2017-06-14,0.0,0.0,221.0,1.54,0,0.6375
7713,2018,2018-01-14,0.0,0.0,118.0,1.37,0,0.612
7713,2019,2019-06-10,0.0,0.0,,0.0,0,0.20500000000000002
7714,2018,2018-01-15,0.0,0.0,126.0,0.92,0,0.624
7715,2014,2014-06-19,0.0,0.0,260.0,0.0,0,-0.07
7715,2015,2015-06-18,0.0,0.0,,0.0,0,0.3625
7715,2017,2017-06-09,0.0,0.0,223.0,1.52,0,0.375
7715,2018,2018-01-16,0.0,0.0,127.0,1.06,0,0.6283333333333333
7715,2019,2019-06-06,0.0,0.0,,0.0,0,0.03400000000000001
7717,2013,2013-06-11,0.0,0.0,239.0,0.96,0,0.0975
7725,2014,2014-04-02,0.0,0.0,175.0,2.35,0,0.10500000000000001
7731,2014,2014-04-01,0.0,0.0,174.0,2.5500000000000003,0,0.1125
7759,2017,2017-02-25,0.0,0.0,,0.0,0,0.2
7759,2017,2017-05-18,0.16,0.16,24.0,0.16,0,0.0925
7759,2017,2017-09-14,0.0,0.0,143.0,0.16,0,0.255
7759,2018,2018-02-07,0.0,0.0,289.0,0.0,0,0.06399999999999999
7759,2018,2018-06-12,0.0,0.0,358.0,0.0,0,0.742
7759,2018,2018-10-11,0.0,0.0,,0.0,0,0.905
7760,2017,2017-02-02,0.0,0.0,,0.0,0,0.3625
7760,2017,2017-05-17,0.19,0.19,23.0,0.19,0,0.034999999999999996
7760,2017,2017-09-13,0.0,0.0,142.0,0.19,0,0.22750000000000004
7760,2018,2018-05-11,0.0,0.0,361.0,0.0,0,0.125
7760,2018,2018-06-02,0.0,0.0,362.0,0.0,0,0.515
7760,2018,2018-09-29,0.0,0.0,,0.0,0,0.6025
7761,2017,2017-02-01,0.0,0.0,,0.0,0,0.3725
7761,2017,2017-06-02,0.16,0.0,39.0,0.16,0,0.6
7761,2017,2017-09-12,0.0,0.0,141.0,0.16,0,0.282
7761,2018,2018-05-25,0.0,0.0,361.0,0.0,0,0.3275
7761,2018,2018-06-02,0.0,0.0,362.0,0.0,0,0.475
7761,2018,2018-09-21,0.0,0.0,,0.0,0,0.6275
7838,2013,2013-07-29,0.0,-0.14,152.0,2.91,0,0.78
7838,2013,2013-07-30,0.0,-0.14,153.0,2.91,0,0.78
7838,2013,2013-08-02,0.0,-0.14,156.0,2.91,0,0.7224999999999999
7852,2013,2013-08-07,0.0,-0.14,161.0,2.91,0,0.708
7852,2013,2013-08-08,0.0,-0.14,162.0,2.91,0,0.708
7852,2013,2013-08-09,0.0,-0.14,163.0,2.91,0,0.7074999999999999
7858,2013,2013-07-20,0.14,0.0,143.0,2.91,0,0.815
7858,2013,2013-07-22,0.14,0.0,145.0,2.91,0,0.815
7858,2013,2013-07-23,0.14,0.0,146.0,2.91,0,0.815
7860,2013,2013-07-22,0.14,0.0,145.0,2.91,0,0.815
7860,2013,2013-07-25,0.0,-0.14,148.0,2.91,0,0.8059999999999998
7860,2013,2013-07-29,0.0,-0.14,152.0,2.91,0,0.78
7861,2013,2013-07-23,0.14,0.0,146.0,2.91,0,0.815
7861,2013,2013-07-24,0.0,-0.14,147.0,2.91,0,0.8059999999999998
7861,2013,2013-07-27,0.0,-0.14,150.0,2.91,0,0.78
7864,2013,2013-07-26,0.0,-0.14,149.0,2.91,0,0.78
7864,2013,2013-07-31,0.0,-0.14,154.0,2.91,0,0.788
7864,2013,2013-08-01,0.0,-0.14,155.0,2.91,0,0.788
7865,2013,2013-07-31,0.0,-0.14,154.0,2.91,0,0.788
7865,2013,2013-08-01,0.0,-0.14,155.0,2.91,0,0.788
7865,2013,2013-08-03,0.0,-0.14,157.0,2.91,0,0.7224999999999999
7866,2013,2013-08-13,0.0,-0.14,167.0,2.91,0,0.7074999999999999
7866,2013,2013-08-14,0.0,-0.14,168.0,2.91,0,0.744
7866,2013,2013-08-15,0.0,-0.14,169.0,2.91,0,0.744
7867,2013,2013-08-23,0.0,0.0,177.0,3.08,0,0.8300000000000001
7867,2013,2013-08-29,0.0,0.0,183.0,3.08,0,0.758
7868,2013,2013-10-28,0.0,0.0,243.0,0.9,0,0.2125
7868,2013,2013-10-29,0.0,0.0,244.0,0.9,0,0.2125
7868,2013,2013-10-31,0.0,0.0,246.0,0.9,0,0.21000000000000002
7869,2013,2013-08-21,0.0,0.0,175.0,3.08,0,0.8240000000000001
7869,2013,2013-08-22,0.0,0.0,176.0,3.08,0,0.8240000000000001
7869,2013,2013-08-23,0.0,0.0,177.0,3.08,0,0.8300000000000001
7870,2013,2013-08-22,0.0,0.0,176.0,3.08,0,0.8240000000000001
7870,2013,2013-08-23,0.0,0.0,177.0,3.08,0,0.8300000000000001
7870,2013,2013-09-25,0.0,0.0,210.0,2.18,0,0.22799999999999998
7871,2013,2013-10-31,0.0,0.0,246.0,0.9,0,0.21000000000000002
7871,2013,2013-11-01,0.0,0.0,247.0,0.9,0,0.275
7871,2013,2013-11-02,0.0,0.0,248.0,0.9,0,0.275
7872,2013,2013-10-03,0.0,0.0,218.0,1.56,0,0.12399999999999997
7872,2013,2013-10-04,0.0,0.0,219.0,1.56,0,0.0675
7872,2013,2013-10-05,0.0,0.0,220.0,1.56,0,0.0675
7873,2013,2013-10-07,0.0,0.0,222.0,1.24,0,0.0675
7873,2013,2013-10-08,0.0,0.0,223.0,1.24,0,0.0675
7875,2013,2013-09-27,0.0,0.0,212.0,2.18,0,0.16749999999999998
7875,2013,2013-09-28,0.0,0.0,213.0,2.18,0,0.16749999999999998
7878,2013,2013-09-04,0.0,0.0,189.0,2.98,0,0.652
7878,2013,2013-09-28,0.0,0.0,213.0,2.2,0,0.16999999999999998
7878,2013,2013-10-06,0.0,0.0,221.0,1.57,0,0.07250000000000001
7879,2013,2013-10-04,0.0,0.0,219.0,1.57,0,0.07250000000000001
7879,2013,2013-10-05,0.0,0.0,220.0,1.57,0,0.07250000000000001
7879,2013,2013-10-06,0.0,0.0,221.0,1.57,0,0.07250000000000001
7881,2013,2013-10-04,0.0,0.0,219.0,1.57,0,0.07250000000000001
7881,2013,2013-10-05,0.0,0.0,220.0,1.57,0,0.07250000000000001
7881,2013,2013-10-06,0.0,0.0,221.0,1.57,0,0.07250000000000001
7981,2016,2016-11-05,0.32,-2.8000000000000003,70.0,4.8500000000000005,42,0.8880000000000001
7981,2016,2016-11-06,0.32,-2.8000000000000003,71.0,4.8500000000000005,42,0.8880000000000001
7981,2017,2017-04-22,0.0,0.0,238.0,0.61,0,-0.095
7981,2017,2017-04-23,0.0,0.0,239.0,0.61,0,-0.095
7981,2017,2017-11-26,0.96,-1.19,55.0,3.8,0,0.65
7981,2018,2018-04-14,0.0,0.0,194.0,2.15,0,0.575
7981,2018,2018-04-15,0.0,0.0,195.0,2.15,0,0.575
7981,2018,2018-11-17,0.0,-1.87,95.0,2.02,0,0.4575
7981,2019,2019-04-27,0.0,0.0,256.0,1.14,0,0.6425000000000001
7981,2019,2019-11-16,0.0,-0.31,108.0,1.0,0,0.54
7985,2016,2016-04-30,0.0,0.0,295.0,0.0,0,0.434
7989,2017,2017-06-10,0.0,0.0,308.0,0.0,0,-0.3625
7990,2017,2017-06-10,0.0,0.0,308.0,0.0,0,-0.34500000000000003
7990,2017,2017-06-11,0.0,0.0,309.0,0.0,0,-0.34500000000000003
7990,2018,2018-07-01,0.14,0.14,307.0,0.14,0,1.0425
7990,2019,2019-06-30,0.0,0.0,320.0,0.0,0,0.9524999999999999
7991,2016,2016-04-30,0.0,0.0,,0.0,0,0.396
7993,2016,2016-04-30,0.0,0.0,,0.0,0,0.396
7994,2017,2017-06-10,0.0,0.0,308.0,0.0,0,-0.3625
7994,2018,2018-07-01,0.14,0.14,307.0,0.14,0,1.0350000000000001
7994,2019,2019-06-30,0.0,0.0,320.0,0.0,0,0.9225
7997,2016,2016-11-23,0.0,-0.85,88.0,4.22,21,1.0975
7997,2018,2018-09-26,1.58,0.0,359.0,1.58,0,0.516
7997,2019,2019-10-30,0.0,-1.22,84.0,2.07,0,0.596
7998,2014,2014-10-15,1.85,-1.9499999999999997,27.0,3.95,0,0.98
7998,2015,2015-11-04,0.0,0.0,117.0,2.69,0,0.7849999999999999
7998,2017,2017-10-31,2.3000000000000003,-2.2600000000000002,29.0,4.5600000000000005,49,1.482
8004,2016,2016-11-23,0.0,-0.85,88.0,4.22,21,1.0975
8004,2017,2017-10-31,2.3000000000000003,-2.2600000000000002,29.0,4.5600000000000005,49,1.482
8004,2018,2018-09-26,1.58,0.0,359.0,1.58,0,0.516
8004,2019,2019-10-30,0.0,-1.22,84.0,2.07,0,0.596
8005,2016,2016-11-23,0.0,-0.84,88.0,4.07,21,1.06
8006,2014,2014-10-29,0.59,-3.08,41.0,3.71,0,0.6975
8006,2015,2015-11-04,0.0,0.0,117.0,3.27,0,0.8275000000000001
8006,2017,2017-10-31,2.39,-2.3299999999999996,29.0,4.72,49,1.4760000000000002
8006,2017,2017-11-15,1.24,-1.7,44.0,4.72,49,0.9225
8006,2018,2018-09-26,1.57,0.0,359.0,1.57,0,0.536
8006,2019,2019-10-30,0.0,-1.38,84.0,2.21,0,0.6140000000000001
8008,2016,2016-06-06,0.0,0.0,332.0,0.0,0,0.7925
8008,2018,2018-04-23,0.0,0.0,238.0,1.74,0,0.5975
8008,2019,2019-04-13,0.0,0.0,242.0,1.22,0,0.3175
8010,2016,2016-06-06,0.0,0.0,332.0,0.0,0,0.79
8010,2018,2018-04-23,0.0,0.0,238.0,2.06,0,0.5575
8010,2019,2019-04-13,0.0,0.0,242.0,1.83,0,0.2975
8014,2017,2017-04-17,0.0,0.0,254.0,0.52,0,-0.074
8016,2015,2015-06-20,0.0,0.0,331.0,0.0,0,0.75
8016,2017,2017-04-17,0.0,0.0,254.0,0.52,0,-0.074
8017,2014,2014-06-01,0.0,0.0,291.0,0.0,0,0.315
8017,2016,2016-06-06,0.0,0.0,332.0,0.0,0,0.79
8017,2018,2018-04-23,0.0,0.0,238.0,2.06,0,0.5575
8018,2017,2017-04-17,0.0,0.0,254.0,0.52,0,-0.074
8019,2017,2017-09-23,1.48,0.1499999999999999,364.0,1.48,0,0.7
8019,2018,2018-05-12,0.0,0.0,215.0,1.28,0,0.675
8019,2019,2019-06-08,0.0,0.0,298.0,0.0,0,0.905
8020,2017,2017-09-23,1.48,0.1499999999999999,364.0,1.48,0,0.7
8022,2014,2014-09-13,1.39,0.0,30.0,1.39,0,0.7725
8022,2016,2016-11-15,0.32,-0.6100000000000001,73.0,1.12,0,0.7775
8022,2017,2017-05-07,0.0,0.0,246.0,0.32,0,-0.15
8022,2018,2018-05-12,0.0,0.0,,0.0,0,0.5700000000000001
8022,2019,2019-05-04,0.0,0.0,263.0,0.0,0,0.685
8022,2019,2019-11-10,0.0,-0.61,95.0,0.79,0,0.03749999999999999
8025,2016,2016-08-27,3.0700000000000003,0.18000000000000016,21.0,3.0700000000000003,0,0.6679999999999999
8025,2017,2017-06-24,0.0,0.0,322.0,0.0,0,0.18500000000000003
8025,2018,2018-06-09,0.0,0.0,285.0,0.3,0,0.0925
8025,2019,2019-06-15,0.0,0.0,305.0,0.0,0,1.0175
8026,2016,2016-08-27,3.0700000000000003,0.18000000000000016,21.0,3.0700000000000003,0,0.6679999999999999
8027,2016,2016-08-27,3.0700000000000003,0.18000000000000016,21.0,3.0700000000000003,0,0.6679999999999999
8028,2017,2017-06-24,0.0,0.0,322.0,0.0,0,0.18500000000000003
8028,2018,2018-06-09,0.0,0.0,285.0,0.3,0,0.0925
8029,2017,2017-06-24,0.0,0.0,322.0,0.0,0,0.18500000000000003
8029,2018,2018-06-09,0.0,0.0,285.0,0.3,0,0.0925
8029,2019,2019-06-15,0.0,0.0,305.0,0.0,0,1.0175
8031,2016,2016-06-26,0.0,0.0,,0.0,0,1.042
8031,2017,2017-05-01,0.0,0.0,240.0,0.68,0,0.154
8031,2018,2018-05-13,0.0,0.0,265.0,0.15,0,0.7775000000000001
8031,2019,2019-05-05,0.0,0.0,257.0,0.0,0,1.015
8036,2017,2017-08-10,1.11,0.4700000000000001,341.0,1.11,0,0.4650000000000001
8038,2016,2016-05-28,0.0,0.0,,0.0,0,0.922
8038,2017,2017-07-02,0.0,0.0,302.0,0.0,0,0.22499999999999998
8038,2018,2018-05-25,0.0,0.0,263.0,0.0,0,0.48
8038,2019,2019-07-06,0.0,0.0,312.0,0.0,0,0.39749999999999996
8039,2016,2016-05-28,0.0,0.0,,0.0,0,0.922
8039,2017,2017-07-02,0.0,0.0,302.0,0.0,0,0.22499999999999998
8039,2018,2018-05-25,0.0,0.0,263.0,0.0,0,0.48
8039,2019,2019-07-06,0.0,0.0,312.0,0.0,0,0.39749999999999996
8040,2017,2017-05-13,0.0,0.0,252.0,0.16,0,-0.18499999999999997
8040,2018,2018-05-26,0.0,0.0,264.0,0.0,0,0.48
8040,2019,2019-07-07,0.0,0.0,313.0,0.0,0,0.39749999999999996
8041,2014,2014-06-14,0.0,0.0,297.0,0.0,0,-0.0049999999999999975
8041,2015,2015-07-04,0.0,0.0,289.0,0.0,0,0.9480000000000001
8041,2016,2016-04-23,0.0,0.0,,0.0,0,-0.6720000000000002
8041,2017,2017-05-20,0.0,0.0,259.0,0.0,0,-0.33249999999999996
8041,2017,2017-08-12,1.48,1.48,343.0,1.48,0,0.8025
8041,2019,2019-05-11,0.0,0.0,256.0,0.52,0,1.2025000000000001
8043,2016,2016-05-29,0.0,0.0,,0.0,0,1.0859999999999999
8044,2017,2017-07-01,0.0,0.0,301.0,0.0,0,0.22249999999999998
8044,2018,2018-07-07,0.0,0.0,306.0,0.0,0,0.415
8044,2019,2019-07-10,0.0,0.0,316.0,0.0,0,0.514
8046,2017,2017-08-19,1.6,1.31,350.0,1.6,0,0.59
8046,2018,2018-08-19,2.51,2.51,349.0,2.51,0,1.0275
8046,2019,2019-06-02,0.0,0.0,278.0,0.0,0,0.5625
8048,2016,2016-05-15,0.0,0.0,,0.0,0,0.8480000000000001
8048,2016,2016-08-13,3.09,3.09,0.0,3.09,0,1.144
8049,2017,2017-08-13,2.84,2.84,344.0,2.84,0,0.955
8049,2018,2018-05-20,0.0,0.0,265.0,0.0,0,0.7999999999999999
8049,2018,2018-07-07,0.0,0.0,313.0,0.0,0,0.41500000000000004
8049,2019,2019-05-12,0.0,0.0,257.0,0.0,0,1.1749999999999998
8055,2014,2014-05-02,0.0,0.0,296.0,0.0,0,0.15199999999999997
8056,2014,2014-05-02,0.0,0.0,296.0,0.0,0,0.16199999999999998
8057,2015,2015-05-03,0.0,0.0,290.0,0.0,0,-0.0875
8058,2015,2015-05-03,0.0,0.0,290.0,0.0,0,-0.0875
8059,2015,2015-05-03,0.0,0.0,283.0,0.0,0,-0.12750000000000003
8060,2014,2014-10-15,1.85,-1.9499999999999997,27.0,3.95,0,0.98
8060,2015,2015-11-04,0.0,0.0,117.0,2.69,0,0.7849999999999999
8063,2015,2015-06-20,0.0,0.0,331.0,0.0,0,0.762
8063,2019,2019-04-13,0.0,0.0,242.0,1.22,0,0.3175
8065,2014,2014-06-01,0.0,0.0,291.0,0.0,0,0.315
8066,2015,2015-06-20,0.0,0.0,331.0,0.0,0,0.75
8068,2014,2014-06-01,0.0,0.0,291.0,0.0,0,0.315
8071,2014,2014-09-12,1.7,0.43999999999999995,1.0,1.7,0,0.5539999999999999
8072,2015,2015-09-03,0.79,0.0,357.0,0.79,0,-0.26749999999999996
8074,2014,2014-07-19,1.07,1.07,2.0,1.07,0,0.9725
8075,2015,2015-09-03,0.79,0.0,357.0,0.79,0,-0.26749999999999996
8076,2014,2014-07-19,1.07,1.07,2.0,1.07,0,0.9725
8076,2015,2015-09-03,0.79,0.0,357.0,0.79,0,-0.26749999999999996
8077,2014,2014-07-19,1.07,1.07,2.0,1.07,0,0.9725
8078,2014,2014-09-14,3.3000000000000003,1.2800000000000002,3.0,3.3000000000000003,0,1.0975000000000001
8079,2014,2014-07-06,0.0,0.0,319.0,0.0,0,0.10750000000000001
8079,2015,2015-06-14,0.0,0.0,269.0,0.0,0,0.55
8080,2014,2014-07-06,0.0,0.0,319.0,0.0,0,0.10750000000000001
8080,2015,2015-06-14,0.0,0.0,269.0,0.0,0,0.55
8081,2014,2014-07-05,0.0,0.0,318.0,0.0,0,0.09
8081,2015,2015-09-23,0.0,0.0,363.0,0.0,0,-0.2375
8082,2014,2014-08-17,2.5500000000000003,1.3900000000000003,3.0,2.5500000000000003,0,0.705
8082,2015,2015-08-16,0.0,0.0,339.0,0.0,0,0.0925
8235,2018,2018-02-12,0.0,0.0,280.0,0.0,0,0.045000000000000026
8236,2018,2018-02-08,0.0,0.0,276.0,0.0,0,0.032500000000000015
8238,2013,2013-06-10,1.39,1.39,19.0,1.39,0,0.5575
8238,2013,2013-10-10,0.0,0.0,141.0,1.39,0,0.17200000000000001
8238,2014,2014-03-13,0.0,0.0,295.0,0.0,0,-0.5039999999999999
8238,2014,2014-05-28,2.06,2.06,13.0,2.06,0,0.925
8238,2014,2014-06-30,2.79,0.16000000000000014,25.0,2.79,0,0.4325
8238,2018,2018-03-13,0.0,0.0,309.0,0.0,0,0.07400000000000001
8238,2018,2018-03-15,0.0,0.0,311.0,0.0,0,0.17750000000000005
8278,2013,2013-06-21,0.15,0.0,37.0,0.15,0,-0.075
8278,2014,2014-06-22,1.27,0.0,38.0,1.27,0,0.5225
8278,2015,2015-06-22,0.96,0.0,361.0,0.96,0,0.9025000000000001
8278,2016,2016-06-20,5.13,0.14999999999999947,23.0,5.13,35,0.555
8278,2017,2017-06-19,0.74,0.0,359.0,0.74,0,0.584
8306,2014,2014-01-24,0.0,0.0,247.0,1.4,0,-0.884
8306,2018,2018-10-17,0.0,0.0,141.0,0.61,0,0.758
8307,2013,2013-05-11,0.0,0.0,,0.0,0,0.45499999999999996
8307,2013,2013-10-11,0.0,0.0,142.0,1.4,0,0.05249999999999999
8307,2014,2014-02-13,0.0,0.0,267.0,0.0,0,-0.93
8307,2014,2014-05-26,2.06,2.06,11.0,2.06,0,0.9275
8308,2014,2014-07-07,2.77,0.0,32.0,2.77,0,0.39
8312,2013,2013-01-17,0.0,0.0,,0.0,0,1.718
8312,2013,2013-05-10,0.0,0.0,,0.0,0,0.46249999999999997
8312,2014,2014-05-27,2.06,2.06,12.0,2.06,0,0.925
8312,2014,2014-07-27,2.11,-0.6800000000000002,52.0,2.79,0,0.2825
8312,2015,2015-01-29,0.0,0.0,238.0,0.72,0,-0.196
8313,2015,2015-08-31,0.56,-1.23,80.0,1.79,0,0.24750000000000003
8313,2018,2018-12-05,0.0,0.0,190.0,0.62,0,1.064
8313,2020,2020-01-09,0.0,0.0,246.0,0.92,0,0.6383333333333333
8313,2020,2020-01-16,0.0,0.0,253.0,0.49,0,0.7233333333333333
8316,2014,2014-06-15,2.79,0.73,10.0,2.79,0,1.065
8318,2017,2017-02-23,0.0,0.0,271.0,0.0,0,0.03
8318,2018,2018-11-21,0.0,0.0,176.0,0.62,0,1.0
8348,2013,2013-07-08,0.0,0.0,,0.0,0,0.935
8355,2015,2015-10-18,1.31,1.1600000000000001,16.0,1.31,0,0.7424999999999999
8356,2015,2015-04-25,0.0,0.0,,0.0,0,0.26799999999999996
8357,2015,2015-01-24,0.0,0.0,,0.0,0,0.5700000000000001
8358,2015,2015-02-19,0.0,0.0,,0.0,0,0.6100000000000001
8358,2015,2015-06-07,0.0,0.0,,0.0,0,-0.2125
8358,2017,2017-02-15,0.0,0.0,137.0,2.56,0,0.6225
8358,2017,2017-12-03,2.16,-1.87,41.0,4.03,21,0.445
8358,2018,2018-10-14,0.0,0.0,356.0,0.0,0,0.6075
8358,2019,2019-04-26,0.0,0.0,,0.0,0,0.305
8358,2019,2019-10-16,1.21,0.2899999999999999,7.0,1.21,0,0.874
8359,2015,2015-10-11,1.02,1.02,9.0,1.02,0,0.815
8360,2015,2015-04-11,0.0,0.0,,0.0,0,0.34199999999999997
8360,2016,2016-12-10,1.97,-0.44999999999999996,70.0,2.56,0,1.098
8360,2017,2017-04-24,0.0,0.0,205.0,2.56,0,0.636
8360,2017,2017-12-07,1.02,-3.0100000000000002,45.0,4.03,21,0.47250000000000003
8360,2018,2018-03-22,0.0,0.0,150.0,4.03,0,0.36
8360,2018,2018-10-09,0.0,0.0,351.0,0.0,0,0.6100000000000001
8360,2019,2019-04-15,0.0,0.0,,0.0,0,0.11250000000000002
8360,2019,2019-10-16,1.21,0.2899999999999999,7.0,1.21,0,0.874
8361,2015,2015-01-20,0.0,0.0,,0.0,0,0.392
8361,2015,2015-04-11,0.0,0.0,,0.0,0,0.34199999999999997
8361,2015,2015-10-08,1.02,1.02,6.0,1.02,0,0.71
8361,2016,2016-05-19,0.0,0.0,230.0,1.02,0,0.625
8361,2016,2016-12-10,1.97,-0.44999999999999996,70.0,2.56,0,1.098
8361,2017,2017-04-24,0.0,0.0,205.0,2.56,0,0.636
8361,2017,2017-12-07,1.02,-3.0100000000000002,45.0,4.03,21,0.47250000000000003
8361,2018,2018-10-09,0.0,0.0,351.0,0.0,0,0.6100000000000001
8361,2019,2019-04-26,0.0,0.0,,0.0,0,0.305
8361,2019,2019-10-12,1.21,0.2899999999999999,3.0,1.21,0,0.9475
8362,2015,2015-02-19,0.0,0.0,,0.0,0,0.6100000000000001
8362,2017,2017-02-15,0.0,0.0,137.0,2.56,0,0.6225
8362,2017,2017-12-03,2.16,-1.87,41.0,4.03,21,0.445
8362,2018,2018-10-14,0.0,0.0,356.0,0.0,0,0.6075
8362,2019,2019-04-15,0.0,0.0,,0.0,0,0.11250000000000002
8362,2019,2019-10-12,1.21,0.2899999999999999,3.0,1.21,0,0.9475
8364,2015,2015-10-08,1.3,1.3,6.0,1.3,0,0.7625000000000001
8451,2013,2013-09-30,0.5,0.5,343.0,0.5,0,0.6725000000000001
8451,2014,2014-09-30,0.0,0.0,363.0,0.0,0,0.13999999999999999
8451,2015,2015-09-26,2.28,1.9599999999999997,1.0,2.28,0,0.924
8451,2016,2016-09-30,0.0,0.0,364.0,0.0,0,0.6675
8451,2017,2017-11-10,0.94,0.0,46.0,0.94,0,0.5725
8451,2018,2018-09-26,0.0,0.0,359.0,0.0,0,0.268
8522,2013,2013-08-31,0.0,0.0,362.0,0.0,0,-1.475
8522,2013,2013-12-13,0.0,0.0,,0.0,0,-0.45249999999999996
8783,2014,2014-06-22,0.0,0.0,,0.0,0,0.032499999999999994
8785,2018,2018-01-23,0.0,0.0,134.0,2.5500000000000003,0,-0.07000000000000002
9474,2015,2015-09-28,7.24,2.6000000000000005,10.0,7.24,35,1.22
9475,2015,2015-09-28,7.24,2.6000000000000005,10.0,7.24,35,1.22
9476,2015,2015-07-27,0.3,0.3,326.0,0.3,0,0.74
9477,2015,2015-07-26,0.3,0.3,325.0,0.3,0,0.74
9478,2014,2014-08-01,0.15,0.15,1.0,0.15,0,0.624
9480,2013,2013-06-22,0.0,0.0,,0.0,0,0.0975
9481,2016,2016-01-07,0.0,-0.15,111.0,4.07,0,1.558
9482,2014,2014-08-04,0.15,0.15,4.0,0.15,0,0.6625
9482,2015,2015-06-21,0.0,0.0,290.0,0.0,0,0.27249999999999996
9483,2014,2014-08-01,0.15,0.15,1.0,0.15,0,0.624
9485,2016,2016-01-20,0.0,0.0,131.0,3.3000000000000003,0,1.5959999999999996
9485,2017,2017-10-16,0.94,0.0,35.0,0.94,0,0.7699999999999999
9487,2013,2013-06-22,0.0,0.0,,0.0,0,0.15
9487,2014,2014-06-21,0.0,0.0,,0.0,0,0.047499999999999994
9487,2015,2015-06-22,0.0,0.0,291.0,0.0,0,0.32499999999999996
9487,2017,2017-10-16,0.94,0.0,35.0,0.94,0,0.7699999999999999
9490,2017,2017-10-17,6.7700000000000005,-2.0699999999999994,36.0,8.84,70,0.9380000000000001
9491,2017,2017-10-17,6.7700000000000005,-2.0699999999999994,36.0,8.84,70,0.9380000000000001
9494,2014,2014-07-13,0.0,0.0,,0.0,0,0.19250000000000003
9495,2014,2014-03-09,0.0,0.0,,0.0,0,1.085
9495,2015,2015-06-22,0.0,0.0,291.0,0.0,0,0.365
9496,2013,2013-05-17,0.0,0.0,,0.0,0,0.4625
9498,2014,2014-03-09,0.0,0.0,,0.0,0,1.085
9498,2015,2015-06-22,0.0,0.0,291.0,0.0,0,0.365
9499,2015,2015-03-18,0.0,0.0,195.0,1.32,0,0.08000000000000002
9499,2015,2015-03-21,0.0,0.0,198.0,1.32,0,0.23600000000000004
9500,2015,2015-06-27,0.0,0.0,296.0,0.0,0,0.44399999999999995
9501,2015,2015-02-02,0.0,0.0,151.0,1.32,0,0.42250000000000004
9503,2013,2013-03-25,0.0,0.0,,0.0,0,-0.25999999999999995
9504,2013,2013-06-03,0.0,0.0,,0.0,0,-0.0175
9505,2014,2014-08-25,0.17,0.17,4.0,0.17,0,0.8925000000000001
9510,2014,2014-08-25,0.31,0.31,4.0,0.31,0,0.9025000000000001
9835,2016,2016-04-18,3.7,3.4000000000000004,2.0,3.7,0,1.2000000000000002
9836,2016,2016-04-18,3.73,3.43,2.0,3.73,0,1.1925
9837,2016,2016-04-15,5.1000000000000005,3.8900000000000006,6.0,5.1000000000000005,14,1.2974999999999999
9838,2016,2016-04-15,5.1000000000000005,3.8900000000000006,6.0,5.1000000000000005,14,1.2974999999999999
9839,2016,2016-04-14,4.36,3.62,5.0,4.36,7,1.2725
9840,2016,2016-04-14,5.2700000000000005,3.7100000000000004,5.0,5.2700000000000005,14,1.315
9841,2016,2016-04-15,5.2700000000000005,3.7100000000000004,6.0,5.2700000000000005,14,1.315
9842,2016,2016-04-16,5.14,3.5699999999999994,0.0,5.14,14,1.266
9843,2016,2016-04-16,5.6000000000000005,3.8300000000000005,0.0,5.6000000000000005,21,1.2980000000000003
9844,2016,2016-04-16,5.12,3.72,0.0,5.12,14,1.266
9845,2016,2016-04-14,5.14,3.2199999999999998,5.0,5.14,14,1.3375
9846,2016,2016-04-13,4.68,3.13,4.0,4.68,7,1.32
9847,2016,2016-04-19,4.05,3.75,3.0,4.05,7,1.1825
9848,2016,2016-04-18,3.74,3.4400000000000004,2.0,3.74,0,1.19
9849,2016,2016-04-13,4.68,3.13,4.0,4.68,7,1.32
9850,2016,2016-04-13,4.28,2.7600000000000002,4.0,4.28,7,1.3324999999999998
9851,2016,2016-04-24,9.26,4.1899999999999995,1.0,9.26,35,1.388
9852,2016,2016-04-23,9.26,4.1899999999999995,0.0,9.26,35,1.388
9853,2016,2016-04-23,9.15,4.140000000000001,0.0,9.15,35,1.3940000000000001
9854,2016,2016-04-24,9.15,4.140000000000001,1.0,9.15,35,1.3940000000000001
9855,2016,2016-04-23,9.26,4.1899999999999995,0.0,9.26,35,1.388
9856,2016,2016-07-01,10.03,-2.66,27.0,12.85,84,1.225
9857,2016,2016-07-01,10.03,-2.66,27.0,12.85,84,1.225
9858,2016,2016-07-01,9.66,-2.9800000000000004,34.0,12.64,84,1.1875
9859,2016,2016-07-02,8.56,-4.35,35.0,13.07,91,1.23
9860,2016,2016-03-23,1.49,1.49,4.0,1.49,0,0.8225
9861,2016,2016-03-23,1.49,1.49,4.0,1.49,0,0.8225
9862,2016,2016-03-22,1.83,1.6800000000000002,3.0,1.83,0,0.8600000000000001
9863,2016,2016-03-14,1.05,1.05,360.0,1.05,0,0.5900000000000001
9864,2016,2016-03-22,1.83,1.6800000000000002,3.0,1.83,0,0.8600000000000001
9865,2016,2016-03-15,1.17,0.8799999999999999,361.0,1.17,0,0.5975
9866,2016,2016-03-21,2.36,1.91,2.0,2.36,0,0.9099999999999999
9867,2016,2016-03-15,1.16,0.72,361.0,1.16,0,0.605
9868,2016,2016-05-14,6.3500000000000005,0.0,28.0,6.3500000000000005,49,0.5279999999999999
9869,2016,2016-03-18,1.31,0.8600000000000001,364.0,1.31,0,0.605
9870,2016,2016-03-15,1.17,0.71,361.0,1.17,0,0.6125
9871,2016,2016-03-18,1.34,1.02,364.0,1.34,0,0.6075
9872,2016,2016-03-16,1.17,0.71,362.0,1.17,0,0.6125
9873,2016,2016-03-18,1.19,0.8699999999999999,364.0,1.19,0,0.615
9874,2016,2016-03-16,1.19,0.8599999999999999,362.0,1.19,0,0.615
9875,2016,2016-03-17,1.19,0.8599999999999999,363.0,1.19,0,0.615
9876,2016,2016-03-17,1.19,0.8599999999999999,363.0,1.19,0,0.615
9877,2016,2016-05-04,7.03,1.3900000000000006,18.0,7.03,42,0.8625
9878,2016,2016-05-02,7.03,1.3900000000000006,16.0,7.03,42,0.8625
9879,2016,2016-05-05,7.03,1.3900000000000006,19.0,7.03,42,0.8625
9880,2016,2016-05-02,7.16,1.2599999999999998,16.0,7.16,42,0.8675
9881,2016,2016-04-30,6.78,1.63,14.0,6.78,35,0.9880000000000002
9882,2016,2016-04-30,6.78,1.63,14.0,6.78,35,0.9880000000000002
9883,2016,2016-04-29,6.51,2.9599999999999995,20.0,6.51,28,1.0375
9884,2016,2016-04-29,6.51,2.9599999999999995,20.0,6.51,28,1.0375
9885,2016,2016-04-29,6.46,2.88,20.0,6.46,28,1.0274999999999999
9886,2016,2016-05-06,0.15,0.15,20.0,0.15,0,0.865
9887,2016,2016-05-23,1.23,1.23,9.0,1.23,0,1.09
9888,2016,2016-05-06,0.3,0.3,20.0,0.3,0,0.8800000000000001
9889,2016,2016-05-17,1.29,1.1400000000000001,3.0,1.29,0,1.0575
9890,2016,2016-05-05,0.45,0.45,12.0,0.45,0,0.8700000000000001
9891,2016,2016-05-05,0.45,0.45,12.0,0.45,0,0.8700000000000001
9892,2016,2016-05-11,0.77,0.77,4.0,0.77,0,0.9650000000000001
9893,2016,2016-05-12,0.61,0.61,5.0,0.61,0,0.9824999999999999
9894,2016,2016-05-14,1.77,1.46,0.0,1.77,0,1.054
9895,2016,2016-05-10,0.76,0.76,3.0,0.76,0,0.9625000000000001
9896,2016,2016-05-08,0.62,0.62,1.0,0.62,0,0.978
9897,2016,2016-05-21,1.53,1.3800000000000001,0.0,1.53,0,1.074
9898,2016,2016-05-10,0.78,0.78,3.0,0.78,0,0.98
9899,2016,2016-05-15,1.68,1.3699999999999999,1.0,1.68,0,1.0699999999999998
9900,2016,2016-05-08,0.78,0.78,1.0,0.78,0,1.004
9901,2016,2016-05-15,1.68,1.3699999999999999,1.0,1.68,0,1.0699999999999998
9902,2016,2016-05-20,1.85,1.54,6.0,1.85,0,1.0825
9903,2016,2016-05-16,1.9,1.5699999999999998,2.0,1.9,0,1.1825
9904,2016,2016-07-18,2.88,-2.26,51.0,5.89,63,1.3650000000000002
9905,2016,2016-07-17,3.19,-2.3800000000000003,50.0,6.32,63,1.2879999999999998
9906,2016,2016-04-18,4.24,2.3400000000000003,2.0,4.24,14,0.79
9907,2016,2016-04-18,4.24,2.3400000000000003,2.0,4.24,14,0.79
9908,2016,2016-05-23,4.24,0.0,37.0,4.24,49,0.645
9909,2016,2016-04-18,4.18,2.3299999999999996,2.0,4.18,14,0.8125
9910,2016,2016-04-18,4.18,2.3299999999999996,2.0,4.18,14,0.8125
9911,2016,2016-04-07,2.59,2.59,12.0,2.59,0,1.335
9912,2016,2016-04-10,3.36,3.1799999999999997,1.0,3.36,0,1.3559999999999999
9913,2016,2016-05-12,3.51,0.1499999999999999,26.0,3.51,0,0.6825000000000001
9914,2016,2016-04-10,3.36,3.1799999999999997,1.0,3.36,0,1.3559999999999999
9915,2016,2016-05-12,3.51,0.1499999999999999,26.0,3.51,0,0.6825000000000001
9916,2016,2016-05-12,3.53,0.1599999999999997,26.0,3.53,0,0.7025
9917,2016,2016-04-10,3.37,3.19,1.0,3.37,0,1.3699999999999999
9918,2016,2016-04-06,2.56,2.56,11.0,2.56,0,1.3825
9919,2016,2016-04-02,2.54,2.54,7.0,2.54,0,1.324
9920,2016,2016-05-20,4.0600000000000005,0.0,34.0,4.0600000000000005,35,0.6075
9921,2016,2016-04-13,3.59,3.4299999999999997,4.0,3.59,0,1.35
9922,2016,2016-04-13,3.59,3.4299999999999997,4.0,3.59,0,1.35
9922,2016,2016-05-20,4.0600000000000005,0.0,34.0,4.0600000000000005,35,0.6075
9923,2016,2016-04-12,3.62,3.62,3.0,3.62,0,1.47
9924,2016,2016-05-06,3.33,3.02,6.0,3.33,0,1.185
9925,2016,2016-04-23,2.6,2.6,0.0,2.6,0,1.2040000000000002
9926,2016,2016-05-01,3.06,2.61,1.0,3.06,0,1.236
9927,2016,2016-06-02,9.25,6.220000000000001,5.0,9.25,28,1.5949999999999998
9928,2016,2016-06-02,9.25,6.220000000000001,5.0,9.25,28,1.5949999999999998
9929,2016,2016-06-03,9.35,6.2299999999999995,6.0,9.35,28,1.5925
9930,2016,2016-06-03,9.35,6.2299999999999995,6.0,9.35,28,1.5925
9931,2016,2016-05-31,9.35,6.2299999999999995,3.0,9.35,28,1.5925
9932,2016,2016-06-02,9.27,6.34,5.0,9.27,28,1.6225
9933,2016,2016-05-31,9.35,6.299999999999999,3.0,9.35,28,1.605
9934,2016,2016-06-02,9.27,6.34,5.0,9.27,28,1.6225
9935,2016,2016-05-31,9.35,6.299999999999999,3.0,9.35,28,1.605
9936,2016,2016-06-01,9.27,6.34,4.0,9.27,28,1.6225
9937,2016,2016-06-01,9.17,6.29,4.0,9.17,28,1.615
9938,2016,2016-06-01,9.27,6.34,4.0,9.27,28,1.6225
9939,2016,2016-05-31,9.46,6.330000000000001,3.0,9.46,28,1.6124999999999998
9940,2016,2016-06-01,9.17,6.29,4.0,9.17,28,1.615
9941,2016,2016-05-13,2.21,2.21,6.0,2.21,0,1.2599999999999998
9942,2016,2016-05-11,2.35,2.35,4.0,2.35,0,1.26
9942,2016,2016-05-13,2.35,2.35,6.0,2.35,0,1.26
9943,2016,2016-05-11,2.21,2.21,4.0,2.21,0,1.2599999999999998
9944,2016,2016-05-11,2.18,2.18,4.0,2.18,0,1.2625000000000002
9945,2016,2016-04-29,0.0,0.0,,0.0,0,0.9550000000000001
9946,2016,2016-04-30,0.38,0.38,0.0,0.38,0,1.076
9947,2016,2016-05-02,0.4,0.4,2.0,0.4,0,0.9575
9948,2016,2016-05-03,0.38,0.38,3.0,0.38,0,0.9875
9949,2016,2016-05-06,0.33,0.33,6.0,0.33,0,0.9675
9949,2016,2016-05-08,1.34,1.34,1.0,1.34,0,1.002
9950,2016,2016-05-06,0.33,0.33,6.0,0.33,0,0.9675
9951,2016,2016-05-08,1.2,1.2,1.0,1.2,0,1.036
9952,2016,2016-05-07,1.2,1.2,0.0,1.2,0,1.036
9953,2016,2016-05-18,5.23,5.23,4.0,5.23,7,1.5975000000000001
9954,2016,2016-05-19,5.23,5.23,5.0,5.23,7,1.5975000000000001
9955,2016,2016-05-16,5.23,5.23,2.0,5.23,7,1.5975000000000001
9956,2016,2016-05-13,3.68,3.68,357.0,3.68,0,1.4375
9957,2016,2016-05-09,3.67,3.67,353.0,3.67,0,1.4300000000000002
9958,2016,2016-05-09,3.61,3.61,2.0,3.61,0,1.4025
9959,2016,2016-05-10,3.43,3.43,354.0,3.43,0,1.3675000000000002
9960,2016,2016-05-07,3.4,3.4,351.0,3.4,0,1.2319999999999998
9961,2016,2016-09-05,9.21,4.930000000000001,2.0,9.21,35,1.3675000000000002
9962,2016,2016-09-05,9.21,4.930000000000001,2.0,9.21,35,1.3675000000000002
9963,2016,2016-09-04,9.21,4.930000000000001,1.0,9.21,35,1.464
9964,2016,2016-09-06,9.32,4.97,3.0,9.32,35,1.435
9965,2016,2016-03-20,1.17,1.17,1.0,1.17,0,0.688
9966,2016,2016-03-20,1.3,1.3,1.0,1.3,0,0.696
9967,2016,2016-04-17,2.17,1.0499999999999998,15.0,2.17,0,0.9339999999999999
9968,2016,2016-03-17,0.79,0.49000000000000005,5.0,0.79,0,0.5800000000000001
9969,2016,2016-03-20,1.25,0.95,1.0,1.25,0,0.684
9970,2016,2016-03-21,2.19,1.5899999999999999,2.0,2.19,0,0.8925
9971,2016,2016-03-18,1.06,0.4600000000000001,6.0,1.06,0,0.5175
9972,2016,2016-03-18,1.06,0.4600000000000001,6.0,1.06,0,0.5175
9972,2016,2016-04-18,1.81,0.75,23.0,1.81,0,0.9524999999999999
9973,2016,2016-03-19,0.91,0.31000000000000005,7.0,0.91,0,0.5820000000000001
9974,2016,2016-03-19,0.77,0.31,7.0,0.77,0,0.546
9975,2016,2016-03-21,0.77,0.31,9.0,0.77,0,0.705
9976,2016,2016-05-02,0.0,0.0,360.0,0.0,0,-0.9299999999999999
9977,2016,2016-05-02,0.0,0.0,360.0,0.0,0,-0.9
9978,2016,2016-04-27,0.0,0.0,362.0,0.0,0,-0.9450000000000001
9979,2016,2016-05-01,0.0,0.0,359.0,0.0,0,-0.8960000000000001
9980,2016,2016-05-01,0.0,0.0,359.0,0.0,0,-0.8960000000000001
9981,2016,2016-04-30,0.0,0.0,358.0,0.0,0,-0.786
9982,2016,2016-04-30,0.0,0.0,358.0,0.0,0,-0.786
9983,2016,2016-04-28,0.0,0.0,363.0,0.0,0,-0.725
9984,2016,2016-04-28,0.0,0.0,363.0,0.0,0,-0.78
9985,2016,2016-04-30,0.0,0.0,358.0,0.0,0,-0.782
9986,2016,2016-03-14,5.58,4.95,2.0,5.58,14,1.3675000000000002
9987,2016,2016-03-10,4.24,3.7600000000000002,5.0,4.24,7,1.2950000000000002
9988,2016,2016-03-12,6.58,5.0,0.0,6.58,14,1.3379999999999999
9989,2016,2016-03-13,6.86,5.24,1.0,6.86,21,1.35
9990,2016,2016-03-17,4.96,3.24,5.0,4.96,14,1.195
9991,2016,2016-03-17,4.96,3.24,5.0,4.96,14,1.195
9992,2016,2016-03-13,7.140000000000001,4.25,1.0,7.140000000000001,21,1.116
9993,2016,2016-03-23,4.98,3.4200000000000004,4.0,4.98,7,1.27
9994,2016,2016-03-04,3.29,1.43,6.0,3.29,0,0.6825000000000001
9995,2016,2016-03-18,4.34,2.5999999999999996,6.0,4.34,7,1.1175
9996,2016,2016-03-25,6.03,4.23,6.0,6.03,21,1.3725
9997,2016,2016-03-25,6.03,4.23,6.0,6.03,21,1.3725
9998,2016,2016-03-08,5.13,2.69,361.0,5.13,28,0.5499999999999999
9999,2016,2016-03-07,5.12,2.7,360.0,5.12,28,0.5850000000000001
10000,2016,2016-03-09,4.8,2.84,362.0,4.8,21,0.805
10001,2016,2016-03-09,4.8,2.84,362.0,4.8,21,0.805
10002,2016,2016-03-14,4.8,0.8699999999999997,360.0,4.8,28,0.5425
10003,2016,2016-03-12,5.32,0.8399999999999999,21.0,5.32,35,0.8160000000000001
10004,2016,2016-03-12,4.88,0.9199999999999999,358.0,4.88,28,0.782
10005,2016,2016-03-12,4.88,0.9199999999999999,358.0,4.88,28,0.782
10006,2016,2016-03-10,4.8,2.6599999999999997,363.0,4.8,21,0.8049999999999999
10007,2016,2016-03-13,4.82,0.9200000000000004,359.0,4.82,28,0.774
10008,2016,2016-03-11,4.71,2.56,364.0,4.71,21,0.815
10009,2016,2016-03-29,3.36,1.4999999999999998,3.0,3.36,0,1.2125
10010,2016,2016-03-29,3.36,1.4999999999999998,3.0,3.36,0,1.2125
10011,2016,2016-03-30,3.36,1.4999999999999998,4.0,3.36,0,1.2125
10012,2016,2016-03-31,3.66,2.67,5.0,3.66,0,1.2125
10013,2016,2016-03-31,3.19,1.74,5.0,3.19,0,1.1375
10014,2016,2016-05-20,7.45,-0.16000000000000014,48.0,7.61,63,0.78
10015,2016,2016-05-21,11.4,0.8800000000000008,14.0,11.69,63,1.1540000000000001
10016,2016,2016-05-21,11.01,1.17,14.0,11.01,56,1.1520000000000001
10017,2016,2016-05-22,9.09,0.6500000000000004,15.0,9.09,56,1.1099999999999999
10018,2016,2016-05-25,6.57,-0.4399999999999995,32.0,7.01,56,0.8574999999999999
10019,2016,2016-05-22,8.39,0.8400000000000007,15.0,8.39,49,1.07
10020,2016,2016-04-20,3.5700000000000003,3.2700000000000005,4.0,3.5700000000000003,0,1.2400000000000002
10021,2016,2016-04-20,3.5700000000000003,3.2700000000000005,4.0,3.5700000000000003,0,1.2400000000000002
10022,2016,2016-04-21,3.86,3.56,5.0,3.86,0,1.2025
10023,2016,2016-04-19,4.37,3.92,3.0,4.37,14,1.19
10186,2016,2016-05-04,7.03,1.3900000000000006,18.0,7.03,42,0.8625
10187,2016,2016-04-15,6.46,6.12,6.0,6.46,14,1.5875
10187,2016,2016-04-16,6.46,4.76,7.0,6.46,21,1.384
10189,2016,2016-04-05,2.69,2.69,10.0,2.69,0,1.4625
10189,2016,2016-04-12,3.53,3.53,3.0,3.53,0,1.43
10189,2016,2016-05-19,4.22,0.0,33.0,4.22,35,0.7374999999999999
12031,2016,2016-09-06,0.76,0.3,354.0,0.76,0,0.3675
12033,2013,2013-10-16,0.0,0.0,359.0,0.0,0,0.772
12039,2015,2015-09-02,4.8500000000000005,3.5200000000000005,363.0,4.8500000000000005,7,1.3475
12043,2016,2016-09-07,1.79,0.53,355.0,1.79,0,0.485
12047,2015,2015-09-02,4.75,3.46,363.0,4.75,7,1.3425
12048,2014,2014-08-18,4.0600000000000005,4.0600000000000005,4.0,4.0600000000000005,7,1.4224999999999999
12049,2015,2015-09-03,4.64,3.3899999999999997,364.0,4.64,7,1.325
12050,2016,2016-09-06,1.43,0.48,354.0,1.43,0,0.42000000000000004
12052,2014,2014-08-18,3.91,3.91,4.0,3.91,0,1.37
12056,2014,2014-08-18,3.35,3.35,4.0,3.35,0,1.315
12062,2014,2014-08-27,4.8100000000000005,4.510000000000001,6.0,4.8100000000000005,7,1.3975
12064,2015,2015-08-25,2.85,2.22,355.0,2.85,0,1.0175
12066,2015,2015-08-25,3.0,2.37,362.0,3.0,0,1.0274999999999999
12067,2016,2016-09-14,1.48,0.45999999999999996,362.0,1.48,0,0.36750000000000005
12072,2014,2014-08-27,4.7,4.390000000000001,6.0,4.7,7,1.3925
12073,2015,2015-08-25,2.85,2.22,355.0,2.85,0,1.0175
12074,2016,2016-09-14,1.48,0.45999999999999996,362.0,1.48,0,0.36750000000000005
12079,2015,2015-08-25,3.0,2.37,362.0,3.0,0,1.0274999999999999
12086,2015,2015-02-12,0.0,0.0,168.0,6.83,0,-0.10000000000000003
12086,2015,2015-09-30,8.0,2.7699999999999996,12.0,8.0,35,1.2824999999999998
12086,2016,2016-03-03,0.0,0.0,167.0,8.0,0,-0.46499999999999997
12088,2015,2015-02-12,0.0,0.0,168.0,6.83,0,-0.10000000000000003
12088,2015,2015-09-30,8.0,2.7699999999999996,12.0,8.0,35,1.2824999999999998
12089,2016,2016-03-03,0.0,0.0,167.0,8.0,0,-0.46499999999999997
12097,2016,2016-09-07,1.79,0.53,355.0,1.79,0,0.485
12103,2016,2016-09-06,1.68,0.51,354.0,1.68,0,0.4575
12104,2016,2016-09-14,1.68,0.51,362.0,1.68,0,0.39
12105,2016,2016-09-06,1.68,0.51,354.0,1.68,0,0.4575
12126,2016,2016-09-07,2.3000000000000003,0.6900000000000002,355.0,2.3000000000000003,0,0.5025
12128,2015,2015-10-13,8.0,0.8799999999999999,25.0,8.0,49,1.0225
12135,2014,2014-08-27,5.76,5.109999999999999,6.0,5.76,14,1.5425
12155,2014,2014-08-27,5.51,5.029999999999999,6.0,5.51,14,1.515
12156,2015,2015-10-13,8.0,0.8799999999999999,25.0,8.0,49,1.0225
12157,2015,2015-08-26,3.21,2.58,363.0,3.21,0,1.1075
12160,2014,2014-09-16,5.55,2.1999999999999997,19.0,5.55,28,1.0425
12163,2016,2016-09-13,2.59,0.6599999999999999,361.0,2.59,0,0.4149999999999999
12164,2014,2014-09-16,5.55,2.1999999999999997,19.0,5.55,28,1.0425
12167,2013,2013-10-16,0.0,0.0,359.0,0.0,0,0.772
12168,2013,2013-10-16,0.0,0.0,359.0,0.0,0,0.772
12181,2016,2016-09-13,2.59,0.6599999999999999,361.0,2.59,0,0.4149999999999999
12183,2015,2015-09-03,4.75,3.46,364.0,4.75,7,1.3425
12184,2016,2016-09-13,2.52,0.6300000000000001,361.0,2.52,0,0.415
12185,2015,2015-10-13,7.54,0.8499999999999996,25.0,7.54,49,0.9924999999999999
12186,2014,2014-08-18,4.0600000000000005,4.0600000000000005,4.0,4.0600000000000005,7,1.4224999999999999
12188,2015,2015-09-09,4.98,3.4800000000000004,363.0,4.98,14,1.4100000000000001
12190,2015,2015-09-08,4.98,3.4800000000000004,362.0,4.98,14,1.4100000000000001
12191,2015,2015-09-08,4.98,3.4800000000000004,362.0,4.98,14,1.4100000000000001
12192,2016,2016-09-07,2.59,0.6599999999999999,355.0,2.59,0,0.5075
12193,2014,2014-09-16,5.55,2.1999999999999997,19.0,5.55,28,1.0425
12195,2015,2015-09-09,4.98,3.4800000000000004,363.0,4.98,14,1.4100000000000001
12203,2015,2015-09-09,4.98,3.4800000000000004,363.0,4.98,14,1.4100000000000001
12209,2015,2015-09-03,4.64,3.3899999999999997,364.0,4.64,7,1.325
12211,2016,2016-09-13,2.59,0.6599999999999999,361.0,2.59,0,0.4149999999999999
12220,2015,2015-09-10,5.5,3.95,364.0,5.5,14,1.4775
12222,2013,2013-10-16,0.0,0.0,359.0,0.0,0,0.778
12226,2016,2016-10-03,3.01,-0.3900000000000001,360.0,3.71,0,1.065
12227,2013,2013-09-09,0.0,0.0,364.0,0.0,0,0.2
12228,2015,2015-09-10,5.5,3.95,364.0,5.5,14,1.4775
12231,2015,2015-09-02,5.42,4.07,363.0,5.42,7,1.4175
12233,2015,2015-09-22,7.51,3.9299999999999997,4.0,7.51,28,1.3350000000000002
12239,2014,2014-09-08,5.68,3.63,11.0,5.68,21,1.2325000000000002
12240,2015,2015-09-08,5.78,4.0200000000000005,362.0,5.78,14,1.495
12241,2014,2014-09-08,5.68,3.63,11.0,5.68,21,1.2325000000000002
12243,2016,2016-09-13,3.4,1.08,361.0,3.4,0,0.46499999999999997
12245,2015,2015-09-09,5.78,4.0200000000000005,363.0,5.78,14,1.495
12247,2014,2014-09-16,6.5600000000000005,2.6500000000000004,19.0,6.5600000000000005,28,1.0675
12250,2014,2014-09-08,5.68,3.63,11.0,5.68,21,1.2325000000000002
12257,2015,2015-08-18,3.18,3.0300000000000002,355.0,3.18,0,1.4600000000000002
12261,2015,2015-09-10,5.5,3.95,364.0,5.5,14,1.4775
12263,2016,2016-09-14,1.12,0.5100000000000001,362.0,1.12,0,0.3575
12264,2016,2016-09-14,3.43,1.0500000000000003,362.0,3.43,0,0.5025
12266,2015,2015-09-02,4.6000000000000005,3.4100000000000006,363.0,4.6000000000000005,7,1.335
12271,2015,2015-09-09,5.78,4.0200000000000005,363.0,5.78,14,1.495
12272,2013,2013-09-09,0.0,0.0,364.0,0.0,0,0.185
12274,2015,2015-09-01,4.6000000000000005,3.4100000000000006,362.0,4.6000000000000005,7,1.335
12278,2015,2015-08-18,3.18,3.0300000000000002,355.0,3.18,0,1.4600000000000002
12279,2015,2015-08-18,3.12,2.96,348.0,3.12,0,1.4225
12280,2016,2016-08-24,2.16,0.0,341.0,2.16,0,0.43500000000000005
12284,2016,2016-08-24,2.16,0.0,341.0,2.16,0,0.43500000000000005
12285,2015,2015-09-01,4.49,3.3400000000000003,362.0,4.49,7,1.3025
12296,2015,2015-09-01,4.49,3.3400000000000003,362.0,4.49,7,1.3025
12298,2016,2016-08-24,2.16,0.0,341.0,2.16,0,0.43500000000000005
12300,2016,2016-09-14,3.19,1.0299999999999998,362.0,3.19,0,0.5149999999999999
12304,2014,2014-09-05,5.47,3.59,8.0,5.47,21,1.224
12305,2014,2014-09-05,5.47,3.59,8.0,5.47,21,1.224
12306,2016,2016-08-24,2.16,0.0,341.0,2.16,0,0.43500000000000005
12308,2016,2016-08-24,2.16,0.0,341.0,2.16,0,0.43500000000000005
12314,2013,2013-09-09,0.0,0.0,364.0,0.0,0,0.17
12315,2013,2013-09-09,0.0,0.0,364.0,0.0,0,0.185
12318,2015,2015-09-01,4.49,3.3400000000000003,362.0,4.49,7,1.3025
12319,2016,2016-09-14,3.43,1.0500000000000003,362.0,3.43,0,0.5025
12320,2015,2015-09-22,7.08,3.9,4.0,7.08,28,1.3224999999999998
12326,2016,2016-08-24,2.16,0.0,341.0,2.16,0,0.43500000000000005
12328,2015,2015-09-01,4.49,3.3400000000000003,362.0,4.49,7,1.3025
12329,2015,2015-09-10,5.5,3.95,364.0,5.5,14,1.4775
12330,2014,2014-09-05,5.47,3.59,8.0,5.47,21,1.224
12332,2016,2016-09-14,3.5,1.06,362.0,3.5,0,0.48250000000000004
12335,2014,2014-09-05,5.68,3.63,8.0,5.68,21,1.2360000000000002
12336,2014,2014-09-05,5.47,3.59,8.0,5.47,21,1.224
12340,2013,2013-09-09,0.0,0.0,364.0,0.0,0,0.2
12341,2015,2015-09-10,5.5,3.95,364.0,5.5,14,1.4775
12342,2014,2014-09-04,5.19,3.6500000000000004,0.0,5.19,14,1.19
12344,2014,2014-09-04,5.19,3.6500000000000004,0.0,5.19,14,1.19
12347,2014,2014-09-04,5.19,3.6500000000000004,0.0,5.19,14,1.19
12351,2014,2014-09-04,5.19,3.6500000000000004,0.0,5.19,14,1.19
12354,2014,2014-09-04,5.19,3.6500000000000004,0.0,5.19,14,1.19
12356,2015,2015-09-10,5.5,3.95,364.0,5.5,14,1.4775
12363,2013,2013-09-09,0.0,0.0,364.0,0.0,0,0.185
12365,2016,2016-09-19,2.74,0.9900000000000002,360.0,2.74,0,0.48250000000000004
12367,2014,2014-09-08,5.68,3.63,11.0,5.68,21,1.2325000000000002
12371,2015,2015-09-22,7.51,3.9299999999999997,4.0,7.51,28,1.3350000000000002
12374,2015,2015-09-17,5.8500000000000005,3.8200000000000007,6.0,5.8500000000000005,21,1.335
12375,2015,2015-01-27,0.0,0.0,145.0,5.19,0,0.756
12375,2016,2016-02-02,0.0,0.0,137.0,6.47,7,0.6425000000000001
12378,2014,2014-09-04,5.19,3.6500000000000004,0.0,5.19,14,1.19
12379,2014,2014-09-08,5.68,3.63,11.0,5.68,21,1.2325000000000002
12381,2015,2015-09-02,4.08,3.02,363.0,4.08,7,1.2349999999999999
12382,2013,2013-09-10,0.0,0.0,358.0,0.0,0,0.1275
12387,2015,2015-09-17,5.8500000000000005,3.8200000000000007,6.0,5.8500000000000005,21,1.335
12388,2015,2015-01-27,0.0,0.0,145.0,5.19,0,0.756
12388,2016,2016-02-02,0.0,0.0,137.0,6.47,7,0.6425000000000001
12390,2016,2016-09-12,2.54,0.98,360.0,2.54,0,0.4925
12393,2014,2014-08-29,5.03,4.49,1.0,5.03,7,1.252
12394,2016,2016-09-12,2.54,0.98,360.0,2.54,0,0.4925
12402,2016,2016-09-12,2.54,0.98,360.0,2.54,0,0.4925
12403,2016,2016-09-14,3.43,1.0500000000000003,362.0,3.43,0,0.5025
12404,2015,2015-08-18,2.92,2.92,355.0,2.92,0,1.4149999999999998
12407,2014,2014-08-29,5.03,4.49,1.0,5.03,7,1.252
12409,2013,2013-09-10,0.0,0.0,358.0,0.0,0,0.1275
12410,2016,2016-09-16,2.54,0.98,364.0,2.54,0,0.4925
12411,2015,2015-09-02,4.08,3.02,363.0,4.08,7,1.2349999999999999
12415,2015,2015-09-01,5.25,3.7199999999999998,362.0,5.25,7,1.3699999999999999
12417,2013,2013-09-09,0.0,0.0,364.0,0.0,0,0.2
12418,2013,2013-10-16,0.15,0.0,359.0,0.15,0,0.8019999999999999
12422,2013,2013-09-11,0.0,0.0,359.0,0.0,0,0.158
12423,2015,2015-09-02,4.86,3.5500000000000003,363.0,4.86,7,1.3125
12425,2014,2014-08-29,5.69,4.960000000000001,1.0,5.69,14,1.3199999999999998
12434,2016,2016-09-19,3.45,1.15,360.0,3.45,0,0.5575000000000001
12435,2014,2014-09-03,6.09,4.92,6.0,6.09,14,1.3075
12436,2015,2015-09-02,4.82,3.5300000000000002,363.0,4.82,7,1.3025
12438,2014,2014-09-08,6.68,4.02,11.0,6.68,28,1.285
12442,2015,2015-09-03,4.82,3.5300000000000002,364.0,4.82,7,1.3025
12444,2013,2013-09-09,0.0,0.0,364.0,0.0,0,0.1275
12445,2015,2015-09-09,6.68,4.67,363.0,6.68,21,1.5675
12447,2014,2014-09-03,5.69,4.960000000000001,6.0,5.69,14,1.2925
12448,2016,2016-09-14,4.07,1.3100000000000005,362.0,4.07,21,0.555
12450,2015,2015-09-01,4.92,3.59,362.0,4.92,7,1.325
12454,2013,2013-09-12,0.0,0.0,360.0,0.0,0,0.184
12456,2015,2015-09-23,7.71,3.91,5.0,7.71,28,1.3125
12457,2015,2015-01-21,0.0,0.0,146.0,6.42,0,0.366
12457,2016,2016-03-02,0.0,0.0,166.0,7.71,0,-0.585
12459,2013,2013-09-10,0.0,0.0,358.0,0.0,0,0.135
12465,2014,2014-09-03,6.09,4.92,6.0,6.09,14,1.3075
12470,2015,2015-09-09,6.68,4.67,363.0,6.68,21,1.5675
12477,2014,2014-08-29,5.69,4.960000000000001,1.0,5.69,14,1.3199999999999998
12479,2015,2015-09-03,4.59,3.2,364.0,4.59,7,1.29
12483,2016,2016-09-12,3.45,1.15,360.0,3.45,0,0.5325
12486,2013,2013-09-12,0.0,0.0,360.0,0.0,0,0.156
12487,2015,2015-09-03,4.59,3.2,364.0,4.59,7,1.29
12490,2014,2014-09-03,6.11,4.91,6.0,6.11,14,1.3375
12491,2016,2016-09-14,0.0,0.0,362.0,0.0,0,0.11499999999999998
12492,2015,2015-09-03,4.59,3.2,364.0,4.59,7,1.29
12495,2015,2015-09-09,6.4,4.32,363.0,6.4,21,1.5524999999999998
12497,2013,2013-09-09,0.0,0.0,364.0,0.0,0,0.2
12499,2014,2014-09-03,5.65,4.94,6.0,5.65,14,1.2550000000000001
12500,2014,2014-09-03,5.65,4.94,6.0,5.65,14,1.2550000000000001
12502,2014,2014-09-19,3.74,1.3400000000000003,22.0,3.74,0,1.056
12504,2015,2015-09-03,4.59,3.2,364.0,4.59,7,1.29
12505,2016,2016-09-14,0.0,0.0,362.0,0.0,0,0.11499999999999998
12507,2016,2016-09-22,0.0,0.0,363.0,0.0,0,0.06999999999999998
12508,2015,2015-09-22,8.03,3.9799999999999995,4.0,8.03,35,1.3299999999999998
12513,2015,2015-09-22,8.03,3.9799999999999995,4.0,8.03,35,1.3299999999999998
12514,2015,2015-08-25,3.23,2.38,355.0,3.23,0,1.08
12517,2016,2016-09-15,0.0,0.0,363.0,0.0,0,0.11499999999999998
12518,2016,2016-09-15,0.0,0.0,363.0,0.0,0,0.11499999999999998
12519,2014,2014-09-21,3.39,1.35,24.0,3.39,0,0.9475
12521,2014,2014-09-09,3.39,2.17,12.0,3.39,0,1.155
12526,2015,2015-09-22,8.03,3.9799999999999995,4.0,8.03,35,1.3299999999999998
12527,2015,2015-01-21,0.0,0.0,146.0,6.68,7,0.34199999999999997
12527,2016,2016-03-02,0.0,0.0,166.0,8.03,0,-0.64
12530,2015,2015-08-25,3.23,2.38,355.0,3.23,0,1.08
12532,2014,2014-09-09,3.74,2.3200000000000003,12.0,3.74,0,1.1675
12533,2014,2014-08-20,2.62,2.62,6.0,2.62,0,1.1600000000000001
12540,2015,2015-08-25,2.95,2.27,355.0,2.95,0,1.0375
12542,2015,2015-08-25,2.95,2.27,355.0,2.95,0,1.0375
12544,2016,2016-09-15,0.0,0.0,363.0,0.0,0,0.11499999999999998
12547,2014,2014-10-08,4.97,0.0,34.0,4.97,42,0.6925000000000001
12549,2016,2016-09-07,2.88,1.0799999999999998,355.0,2.88,0,0.5825
12552,2014,2014-08-29,5.69,4.960000000000001,1.0,5.69,14,1.3199999999999998
12556,2014,2014-08-20,3.13,3.13,6.0,3.13,0,1.1925
12557,2016,2016-09-07,3.22,1.1400000000000001,355.0,3.22,0,0.6125
12558,2015,2015-08-25,3.23,2.38,355.0,3.23,0,1.08
12560,2015,2015-10-14,5.95,0.17999999999999972,26.0,6.09,49,0.7999999999999999
12563,2014,2014-08-20,3.64,3.64,6.0,3.64,0,1.275
12565,2015,2015-10-14,6.5600000000000005,-0.17999999999999972,26.0,7.0600000000000005,49,0.7375
12570,2014,2014-08-20,3.64,3.64,6.0,3.64,0,1.275
12571,2014,2014-09-19,3.0700000000000003,1.3400000000000003,22.0,3.0700000000000003,0,1.0299999999999998
12572,2016,2016-09-07,3.83,1.3599999999999999,355.0,3.83,0,0.615
12573,2014,2014-09-21,3.0700000000000003,1.3400000000000003,24.0,3.0700000000000003,0,0.9225
12574,2014,2014-08-20,3.64,3.64,6.0,3.64,0,1.275
12577,2016,2016-09-20,0.0,0.0,361.0,0.0,0,0.06749999999999999
12581,2014,2014-08-29,6.88,5.27,1.0,6.88,21,1.4360000000000002
12582,2016,2016-09-22,0.0,0.0,363.0,0.0,0,0.06749999999999999
12585,2016,2016-09-20,0.0,0.0,361.0,0.0,0,0.05999999999999999
12590,2016,2016-09-07,3.48,1.2999999999999998,355.0,3.48,0,0.6000000000000001
12595,2014,2014-09-19,3.56,1.33,22.0,3.56,0,1.0340000000000003
12596,2014,2014-09-09,3.56,2.1500000000000004,12.0,3.56,0,1.1475
12598,2016,2016-09-15,0.0,0.0,363.0,0.0,0,0.11749999999999998
12599,2014,2014-09-21,3.0700000000000003,1.3400000000000003,24.0,3.0700000000000003,0,0.9225
12600,2016,2016-09-20,0.0,0.0,361.0,0.0,0,0.09
12603,2014,2014-08-29,6.09,4.92,1.0,6.09,14,1.332
12604,2016,2016-09-14,0.0,0.0,362.0,0.0,0,0.145
12605,2016,2016-09-12,3.6,1.15,360.0,3.6,0,0.5475
12608,2014,2014-09-09,3.56,2.1500000000000004,12.0,3.56,0,1.1475
12610,2014,2014-08-29,6.09,4.92,1.0,6.09,14,1.332
12611,2016,2016-09-12,3.6,1.15,360.0,3.6,0,0.5475
12612,2015,2015-09-22,6.47,3.4699999999999998,4.0,6.47,28,1.1925
12617,2016,2016-09-12,3.6,1.15,360.0,3.6,0,0.5475
12618,2016,2016-09-22,0.0,0.0,363.0,0.0,0,0.05999999999999999
12628,2013,2013-09-11,0.0,0.0,359.0,0.0,0,0.16
12630,2016,2016-09-20,0.0,0.0,361.0,0.0,0,0.09
12634,2013,2013-09-13,0.0,0.0,361.0,0.0,0,0.13
12635,2016,2016-09-07,3.48,1.2999999999999998,355.0,3.48,0,0.6000000000000001
12637,2015,2015-09-18,5.43,2.55,0.0,5.43,28,1.044
12638,2015,2015-01-30,0.0,0.0,148.0,5.42,0,0.5
12638,2016,2016-02-08,0.0,0.0,143.0,5.43,0,0.39249999999999996
12639,2014,2014-08-04,0.87,0.87,4.0,0.87,0,0.9975
12642,2014,2014-09-20,3.9,1.31,23.0,3.9,0,0.9275
12648,2016,2016-09-14,0.0,0.0,362.0,0.0,0,0.175
12654,2015,2015-01-30,0.0,0.0,148.0,5.42,0,0.5
12654,2016,2016-02-08,0.0,0.0,143.0,5.43,0,0.39249999999999996
12656,2015,2015-09-18,5.43,2.55,0.0,5.43,28,1.044
12662,2015,2015-09-24,6.41,3.47,6.0,6.41,28,1.1974999999999998
12663,2016,2016-09-15,3.08,1.0700000000000003,363.0,3.08,0,0.46249999999999997
12664,2016,2016-09-15,3.08,1.0700000000000003,363.0,3.08,0,0.46249999999999997
12666,2015,2015-09-22,6.53,3.33,4.0,6.53,28,1.1874999999999998
12667,2016,2016-09-15,3.08,1.0700000000000003,363.0,3.08,0,0.46249999999999997
12668,2015,2015-09-03,4.19,2.99,364.0,4.19,7,1.235
12674,2013,2013-09-13,0.0,0.0,361.0,0.0,0,0.13
12677,2016,2016-09-22,0.0,0.0,363.0,0.0,0,0.09
12681,2014,2014-09-20,4.39,1.2999999999999998,23.0,4.39,28,0.9400000000000001
12685,2014,2014-09-09,3.9,2.1399999999999997,12.0,3.9,0,1.1524999999999999
12693,2013,2013-09-30,0.0,0.0,364.0,0.0,0,0.21
12698,2015,2015-09-03,3.85,2.84,364.0,3.85,0,1.1775
12699,2016,2016-09-15,2.56,0.73,363.0,2.56,0,0.44
12700,2016,2016-09-22,0.0,0.0,363.0,0.0,0,0.09
12701,2013,2013-10-08,0.0,0.0,358.0,0.0,0,0.3675
12703,2013,2013-09-30,0.0,0.0,364.0,0.0,0,0.21
12706,2014,2014-09-17,3.9,1.81,20.0,3.9,0,1.1175000000000002
12708,2014,2014-09-20,4.39,1.2999999999999998,23.0,4.39,28,0.9400000000000001
12709,2015,2015-09-02,3.85,2.84,363.0,3.85,0,1.1775
12713,2015,2015-09-22,6.53,3.33,4.0,6.53,28,1.1874999999999998
12715,2014,2014-09-20,4.39,1.2999999999999998,23.0,4.39,28,0.9400000000000001
12716,2013,2013-09-13,0.0,0.0,361.0,0.0,0,0.10250000000000001
12717,2014,2014-09-18,4.39,1.2999999999999998,21.0,4.39,28,1.032
12719,2016,2016-09-15,2.56,0.73,363.0,2.56,0,0.44
12725,2014,2014-09-21,3.9,1.31,24.0,3.9,0,0.9275
12728,2015,2015-09-24,6.41,3.47,6.0,6.41,28,1.1974999999999998
12730,2014,2014-09-21,4.39,1.2999999999999998,24.0,4.39,28,0.9400000000000001
12731,2015,2015-09-23,6.53,3.33,5.0,6.53,28,1.1874999999999998
12733,2016,2016-09-23,0.0,0.0,364.0,0.0,0,0.09
12734,2016,2016-09-27,2.08,0.0,361.0,2.08,0,0.6225
12736,2016,2016-09-27,2.08,0.0,361.0,2.08,0,0.6225
12741,2015,2015-09-22,6.53,3.33,4.0,6.53,28,1.1874999999999998
12747,2016,2016-09-14,0.0,0.0,362.0,0.0,0,0.1975
12749,2016,2016-09-28,3.99,0.8300000000000001,362.0,3.99,0,0.7324999999999999
12753,2016,2016-09-28,3.99,0.8300000000000001,362.0,3.99,0,0.7324999999999999
12760,2015,2015-09-23,6.2700000000000005,3.2700000000000005,5.0,6.2700000000000005,28,1.155
12762,2014,2014-09-10,4.21,2.4,13.0,4.21,14,1.145
12764,2016,2016-09-30,3.99,0.8300000000000001,364.0,3.99,0,0.7324999999999999
12770,2014,2014-08-04,1.41,1.41,4.0,1.41,0,1.0675
12772,2016,2016-09-21,0.0,0.0,362.0,0.0,0,0.1
12776,2014,2014-09-22,6.34,1.3499999999999996,18.0,6.34,35,0.6575000000000001
12777,2016,2016-09-15,3.46,1.13,363.0,3.46,0,0.495
12780,2016,2016-09-21,0.0,0.0,362.0,0.0,0,0.1
12781,2014,2014-09-10,4.21,2.4,13.0,4.21,14,1.145
12783,2016,2016-09-14,0.0,0.0,362.0,0.0,0,0.1975
12785,2015,2015-09-23,6.41,3.43,5.0,6.41,28,1.1674999999999998
12788,2015,2015-09-23,6.41,3.43,5.0,6.41,28,1.1674999999999998
12789,2014,2014-09-10,4.03,2.42,13.0,4.03,14,1.1400000000000001
12792,2016,2016-09-23,3.02,1.09,364.0,3.02,0,0.5275000000000001
12793,2015,2015-09-23,6.41,3.43,5.0,6.41,28,1.1674999999999998
12799,2014,2014-09-20,4.21,1.29,23.0,4.21,28,0.9174999999999999
12800,2016,2016-09-23,2.83,1.07,364.0,2.83,0,0.4875
12802,2014,2014-09-19,5.51,1.29,15.0,5.51,35,0.8720000000000001
12804,2013,2013-10-08,0.14,0.0,358.0,0.14,0,0.3375
12806,2014,2014-09-10,3.37,2.13,13.0,3.37,0,1.13
12809,2015,2015-09-23,6.41,3.43,5.0,6.41,28,1.1674999999999998
12814,2014,2014-09-19,5.51,1.29,15.0,5.51,35,0.8720000000000001
12815,2015,2015-09-03,4.21,2.98,364.0,4.21,7,1.2200000000000002
12816,2016,2016-09-23,3.02,1.09,364.0,3.02,0,0.5275000000000001
12817,2016,2016-09-23,3.02,1.09,364.0,3.02,0,0.5275000000000001
12818,2014,2014-09-19,5.51,1.29,15.0,5.51,35,0.8720000000000001
12822,2014,2014-09-10,4.03,2.42,13.0,4.03,14,1.1400000000000001
12827,2015,2015-09-24,5.34,2.4,364.0,5.34,28,0.9975
12828,2015,2015-02-03,0.0,0.0,152.0,5.84,0,0.28500000000000003
12828,2016,2016-03-15,0.0,0.0,179.0,5.34,0,-0.535
12833,2014,2014-09-10,5.84,3.9799999999999995,6.0,5.84,21,1.1775
12834,2016,2016-09-23,0.0,0.0,364.0,0.0,0,0.07499999999999998
12835,2014,2014-09-20,4.21,1.29,23.0,4.21,28,0.9174999999999999
12836,2015,2015-09-30,5.0200000000000005,0.8100000000000005,363.0,5.34,35,0.8975
12848,2016,2016-09-28,3.12,0.29000000000000004,362.0,3.12,0,0.6525000000000001
12849,2016,2016-09-28,4.3500000000000005,0.8900000000000006,362.0,4.3500000000000005,7,0.7749999999999999
12850,2015,2015-09-30,4.67,1.2399999999999998,363.0,4.67,21,0.9199999999999999
12851,2015,2015-09-30,5.0200000000000005,0.8100000000000005,363.0,5.34,35,0.8975
12854,2016,2016-09-14,0.0,0.0,362.0,0.0,0,0.1975
12855,2013,2013-09-25,0.0,0.0,359.0,0.0,0,0.074
12856,2015,2015-09-30,5.0200000000000005,0.8100000000000005,363.0,5.34,35,0.8975
12860,2014,2014-09-10,5.84,3.9799999999999995,6.0,5.84,21,1.1775
12862,2015,2015-09-22,6.41,3.43,4.0,6.41,28,1.1674999999999998
12866,2016,2016-09-23,3.02,1.09,364.0,3.02,0,0.5275000000000001
12871,2015,2015-09-24,5.16,2.48,364.0,5.16,21,0.9925000000000002
12872,2015,2015-02-03,0.0,0.0,152.0,5.51,0,0.38250000000000006
12872,2016,2016-03-15,0.0,0.0,179.0,5.16,0,-0.4375
12873,2013,2013-09-25,0.0,0.0,359.0,0.0,0,0.08
12875,2015,2015-09-30,5.01,1.1099999999999999,363.0,5.16,28,0.915
12884,2016,2016-09-23,3.8,1.3699999999999997,364.0,3.8,0,0.62
12885,2016,2016-09-13,0.0,0.0,361.0,0.0,0,0.15749999999999997
12886,2016,2016-09-13,0.0,0.0,361.0,0.0,0,0.1825
12887,2015,2015-09-22,5.95,3.23,4.0,5.95,28,1.155
12891,2015,2015-09-30,5.41,0.8300000000000001,363.0,5.9,35,0.925
12894,2014,2014-09-19,3.81,1.29,22.0,3.81,0,0.9780000000000001
12895,2014,2014-09-30,6.08,0.13999999999999968,26.0,6.08,42,0.5075
12901,2015,2015-09-22,5.95,3.23,4.0,5.95,28,1.155
12902,2015,2015-09-22,5.76,3.2399999999999998,4.0,5.76,21,1.1749999999999998
12903,2016,2016-09-13,0.0,0.0,361.0,0.0,0,0.19
12904,2014,2014-09-19,3.81,1.29,22.0,3.81,0,0.9780000000000001
12905,2015,2015-09-22,5.76,3.2399999999999998,4.0,5.76,21,1.1749999999999998
12906,2014,2014-09-30,6.08,0.13999999999999968,26.0,6.08,42,0.5075
12907,2014,2014-09-19,3.81,1.29,22.0,3.81,0,0.9780000000000001
12918,2015,2015-09-22,5.95,3.23,4.0,5.95,28,1.155
12925,2015,2015-09-22,5.95,3.23,4.0,5.95,28,1.155
12928,2016,2016-09-13,0.0,0.0,361.0,0.0,0,0.1825
12930,2016,2016-09-21,0.0,0.0,362.0,0.0,0,0.13
12931,2015,2015-09-22,5.95,3.23,4.0,5.95,28,1.155
12936,2013,2013-09-25,0.15,0.0,359.0,0.15,0,0.054000000000000006
12938,2016,2016-09-28,4.46,0.9099999999999997,362.0,4.46,7,0.79
12942,2016,2016-09-22,3.06,1.1300000000000001,363.0,3.06,0,0.49250000000000005
12945,2016,2016-09-22,3.06,1.1300000000000001,363.0,3.06,0,0.49250000000000005
12946,2016,2016-09-22,3.06,1.1300000000000001,363.0,3.06,0,0.49250000000000005
12948,2013,2013-09-26,0.0,0.0,360.0,0.0,0,0.005999999999999994
12949,2013,2013-09-25,0.15,0.0,359.0,0.15,0,0.054000000000000006
12950,2013,2013-09-25,0.15,0.0,359.0,0.15,0,0.054000000000000006
12957,2013,2013-09-25,0.5,0.0,359.0,0.5,0,0.036
12959,2016,2016-09-21,3.49,1.35,362.0,3.49,0,0.5475
12960,2016,2016-09-21,3.49,1.35,362.0,3.49,0,0.5475
12962,2016,2016-09-02,2.3000000000000003,0.9500000000000002,350.0,2.3000000000000003,0,0.6849999999999999
12963,2016,2016-09-21,3.49,1.35,362.0,3.49,0,0.5475
12965,2013,2013-09-26,0.0,0.0,360.0,0.0,0,-0.044
12971,2013,2013-09-26,0.0,0.0,360.0,0.0,0,-0.007999999999999997
12973,2015,2015-09-25,5.3500000000000005,1.4400000000000004,358.0,5.3500000000000005,28,1.036
12974,2015,2015-02-17,0.0,0.0,166.0,5.45,0,-0.3075
12974,2016,2016-02-02,0.0,0.0,137.0,5.3500000000000005,0,0.82
13029,2014,2014-10-01,4.84,0.16000000000000014,27.0,4.84,35,0.625
13034,2015,2015-10-07,4.26,1.2099999999999995,363.0,4.26,28,1.0550000000000002
13038,2013,2013-09-25,0.0,0.0,359.0,0.0,0,-0.184
13047,2013,2013-09-12,0.0,0.0,360.0,0.0,0,-0.046
13051,2014,2014-10-01,5.3,0.16000000000000014,27.0,5.3,35,0.585
13052,2015,2015-09-22,4.8,2.54,362.0,4.8,14,1.06
13053,2015,2015-02-24,0.0,0.0,173.0,4.87,0,-0.5125
13053,2016,2016-03-01,0.0,0.0,165.0,4.8,0,0.43500000000000005
13054,2016,2016-09-21,1.73,0.71,362.0,1.73,0,0.52
13057,2015,2015-10-07,5.53,1.2700000000000005,19.0,5.53,42,1.06
13060,2016,2016-09-21,1.73,0.71,362.0,1.73,0,0.52
13062,2015,2015-10-07,4.8,1.2299999999999995,363.0,4.8,28,1.0625
13064,2013,2013-09-12,0.0,0.0,360.0,0.0,0,-0.08399999999999999
13067,2015,2015-10-07,4.8,1.2299999999999995,363.0,4.8,28,1.0625
13068,2014,2014-10-01,5.3,0.16000000000000014,27.0,5.3,35,0.585
13070,2013,2013-09-25,0.0,0.0,359.0,0.0,0,-0.21000000000000002
13076,2015,2015-10-07,4.25,1.1999999999999997,363.0,4.25,28,1.0525
13079,2015,2015-10-08,4.25,1.1999999999999997,364.0,4.25,28,1.0525
13083,2015,2015-10-07,4.25,1.1999999999999997,363.0,4.25,28,1.0525
13086,2015,2015-10-07,4.25,1.1999999999999997,363.0,4.25,28,1.0525
13094,2013,2013-09-12,0.0,0.0,360.0,0.0,0,-0.10000000000000002
13097,2013,2013-09-12,0.0,0.0,360.0,0.0,0,-0.10000000000000002
13098,2013,2013-09-12,0.0,0.0,360.0,0.0,0,-0.08399999999999999
13107,2016,2016-09-21,0.66,0.35000000000000003,362.0,0.66,0,0.4425
13109,2014,2014-10-01,4.62,0.16999999999999993,27.0,4.62,35,0.63
13113,2015,2015-02-25,0.0,0.0,174.0,4.87,0,-0.5125
13113,2016,2016-02-02,0.0,0.0,137.0,4.8,0,0.945
13115,2016,2016-09-21,0.66,0.35000000000000003,362.0,0.66,0,0.4425
13116,2015,2015-09-25,4.8,1.2299999999999995,358.0,4.8,21,1.04
13129,2015,2015-10-06,4.07,1.1700000000000004,362.0,4.07,21,1.02
13130,2015,2015-02-09,0.0,0.0,158.0,4.46,0,0.36
13130,2016,2016-03-18,0.0,0.0,182.0,4.07,0,0.365
13134,2015,2015-10-07,4.07,1.1700000000000004,363.0,4.07,21,1.02
13135,2015,2015-10-08,4.07,1.1700000000000004,364.0,4.07,21,1.02
13136,2016,2016-03-18,0.0,0.0,182.0,4.07,0,0.365
13137,2015,2015-02-13,0.0,0.0,162.0,4.46,0,0.15399999999999997
13138,2015,2015-10-08,4.07,1.1700000000000004,364.0,4.07,21,1.02
13143,2014,2014-10-07,4.46,0.0,33.0,4.46,42,0.5825
13144,2015,2015-10-08,4.75,1.19,364.0,4.75,28,1.0350000000000001
13151,2015,2015-10-08,4.07,1.1700000000000004,364.0,4.07,21,1.02
13158,2013,2013-09-09,0.0,0.0,364.0,0.0,0,-0.1
13165,2013,2013-09-09,0.0,0.0,364.0,0.0,0,-0.1
13173,2016,2016-09-08,1.52,0.69,356.0,1.52,0,0.5874999999999999
13177,2013,2013-09-09,0.0,0.0,364.0,0.0,0,-0.1
13180,2015,2015-09-30,5.48,1.3800000000000008,12.0,5.48,35,0.9375
13181,2015,2015-02-09,0.0,0.0,158.0,5.26,0,0.05750000000000002
13181,2016,2016-02-02,0.0,0.0,137.0,5.48,0,0.8875
13202,2016,2016-09-08,1.29,0.65,356.0,1.29,0,0.5925
13204,2015,2015-09-10,3.5,3.04,364.0,3.5,0,1.1375
13205,2014,2014-09-19,4.82,1.4000000000000004,15.0,4.82,28,0.942
13219,2014,2014-10-07,4.28,0.0,33.0,4.28,42,0.6
13230,2016,2016-09-08,0.79,0.33,363.0,0.79,0,0.5875
13232,2015,2015-09-30,4.21,0.9699999999999998,363.0,4.21,21,0.84
13232,2016,2016-02-24,0.0,0.0,166.0,4.21,0,0.4225
13233,2015,2015-02-23,0.0,0.0,172.0,4.71,0,-0.385
13242,2014,2014-10-07,4.71,0.0,33.0,4.71,42,0.595
13252,2013,2013-09-09,0.0,0.0,364.0,0.0,0,-0.13
13255,2016,2016-09-08,1.67,0.6699999999999999,363.0,1.67,0,0.625
13265,2013,2013-09-26,0.0,0.0,,0.0,0,-0.146
13266,2014,2014-10-15,4.94,0.0,41.0,4.94,49,0.51
13271,2013,2013-09-26,0.0,0.0,,0.0,0,-0.146
13272,2016,2016-10-03,0.79,0.0,360.0,0.79,0,0.89
13277,2015,2015-09-10,3.24,2.93,364.0,3.24,0,1.1099999999999999
13279,2013,2013-09-26,0.0,0.0,,0.0,0,-0.146
13284,2015,2015-09-10,3.76,3.29,364.0,3.76,0,1.175
13286,2016,2016-09-08,1.9,0.6799999999999999,363.0,1.9,0,0.6625000000000001
13290,2013,2013-09-20,0.0,0.0,,0.0,0,-0.23
13293,2013,2013-09-19,0.0,0.0,,0.0,0,-0.13
13297,2016,2016-10-03,0.62,0.0,360.0,0.62,0,0.8524999999999999
13310,2014,2014-09-17,4.04,2.14,13.0,4.04,14,1.025
13312,2014,2014-10-15,4.2700000000000005,0.0,48.0,4.2700000000000005,49,0.49750000000000005
13314,2013,2013-09-19,0.0,0.0,,0.0,0,-0.10799999999999998
13317,2014,2014-10-15,4.2700000000000005,0.0,48.0,4.2700000000000005,49,0.49750000000000005
13326,2015,2015-09-11,4.13,2.58,358.0,4.13,7,1.15
13327,2016,2016-09-23,0.31,0.31,364.0,0.31,0,0.4575
13332,2014,2014-09-17,4.04,2.14,13.0,4.04,14,1.025
13337,2014,2014-09-18,4.04,1.33,14.0,4.04,21,0.966
13338,2014,2014-09-17,4.04,2.14,13.0,4.04,14,1.025
13341,2013,2013-09-19,0.0,0.0,,0.0,0,-0.10799999999999998
13342,2014,2014-09-18,4.04,1.33,14.0,4.04,21,0.966
13346,2016,2016-10-03,0.97,0.0,360.0,0.97,0,0.9325
13350,2013,2013-09-10,0.0,0.0,358.0,0.0,0,-0.12000000000000002
13352,2014,2014-10-15,4.2700000000000005,0.0,48.0,4.2700000000000005,49,0.49750000000000005
13360,2014,2014-09-10,4.04,3.2800000000000002,6.0,4.04,7,1.1475000000000002
13365,2014,2014-09-10,4.13,3.1999999999999997,13.0,4.13,14,1.1575
13375,2014,2014-10-06,4.13,0.0,39.0,4.13,42,0.6375000000000001
13376,2014,2014-09-22,3.65,1.2999999999999998,18.0,3.65,0,0.8925000000000001
13377,2014,2014-09-22,3.65,1.2999999999999998,18.0,3.65,0,0.8925000000000001
13379,2014,2014-10-15,4.13,0.0,48.0,4.13,49,0.5125000000000001
13382,2014,2014-10-06,4.13,0.0,39.0,4.13,42,0.6375000000000001
13386,2015,2015-09-11,3.44,2.2199999999999998,358.0,3.44,0,1.122
13393,2015,2015-10-14,2.83,0.0,363.0,2.83,0,0.8600000000000001
13394,2015,2015-09-11,3.84,2.4,358.0,3.84,0,1.1460000000000001
13395,2014,2014-10-06,4.11,0.0,39.0,4.11,42,0.6025
13409,2013,2013-10-14,0.0,0.0,,0.0,0,0.4775
13417,2015,2015-10-15,3.02,0.0,364.0,3.02,0,0.855
13418,2014,2014-09-12,4.11,2.12,15.0,4.11,21,1.086
13419,2016,2016-08-19,0.0,0.0,343.0,0.0,0,0.4225
13422,2013,2013-10-14,0.0,0.0,,0.0,0,0.48
13425,2013,2013-10-04,0.0,0.0,,0.0,0,0.2525
13430,2013,2013-10-04,0.0,0.0,,0.0,0,0.2525
13431,2015,2015-10-15,3.02,0.0,364.0,3.02,0,0.855
13444,2013,2013-10-04,0.0,0.0,,0.0,0,0.2475
13445,2015,2015-10-15,3.11,0.0,364.0,3.11,0,0.845
13446,2014,2014-09-18,3.61,1.35,14.0,3.61,0,0.962
13447,2013,2013-10-14,0.0,0.0,,0.0,0,0.47250000000000003
13449,2014,2014-09-18,3.61,1.35,14.0,3.61,0,0.962
13458,2016,2016-08-19,0.14,0.0,343.0,0.14,0,0.45999999999999996
13463,2014,2014-09-12,3.61,2.17,8.0,3.61,0,1.0719999999999998
13465,2013,2013-09-25,0.0,0.0,,0.0,0,-0.005999999999999994
13484,2015,2015-09-11,3.11,1.88,358.0,3.11,0,1.1099999999999999
13487,2015,2015-10-14,2.49,0.0,363.0,2.49,0,0.87
13491,2015,2015-10-14,2.52,0.0,363.0,2.52,0,0.865
13498,2013,2013-09-25,0.0,0.0,,0.0,0,-0.009999999999999998
13508,2015,2015-09-11,3.13,1.88,358.0,3.13,0,1.098
13511,2015,2015-10-14,3.13,0.0,363.0,3.13,0,0.8300000000000001
13512,2015,2015-09-21,3.13,1.48,361.0,3.13,0,0.8475
13526,2013,2013-09-25,0.0,0.0,,0.0,0,-0.044000000000000004
13537,2014,2014-09-05,2.89,2.74,1.0,2.89,0,1.062
13540,2014,2014-09-05,2.89,2.74,1.0,2.89,0,1.062
13546,2013,2013-09-09,0.0,0.0,,0.0,0,-0.1025
13556,2013,2013-09-17,0.0,0.0,,0.0,0,-0.0775
13563,2014,2014-09-05,2.91,2.75,1.0,2.91,0,1.06
13571,2015,2015-09-04,2.18,1.8800000000000001,358.0,2.18,0,1.016
13585,2013,2013-10-07,0.0,0.0,,0.0,0,0.25
13595,2014,2014-09-19,2.91,1.29,15.0,2.91,0,0.9760000000000002
13598,2015,2015-09-28,2.8000000000000003,0.6200000000000001,361.0,2.8000000000000003,0,0.7975
13602,2013,2013-09-17,0.0,0.0,,0.0,0,-0.0775
13606,2015,2015-09-04,1.98,1.68,358.0,1.98,0,0.9959999999999999
13614,2013,2013-10-07,0.0,0.0,,0.0,0,0.24
13618,2015,2015-09-03,1.98,1.68,364.0,1.98,0,0.96
13619,2014,2014-09-19,2.44,1.1199999999999999,22.0,2.44,0,0.96
13620,2015,2015-09-03,1.98,1.68,364.0,1.98,0,0.96
13631,2013,2013-10-07,0.0,0.0,,0.0,0,0.24
13633,2015,2015-09-28,2.44,0.45999999999999996,361.0,2.44,0,0.7825
13634,2015,2015-09-03,1.98,1.68,364.0,1.98,0,0.96
13640,2015,2015-09-08,1.93,1.64,362.0,1.93,0,0.9975
13645,2014,2014-09-19,2.48,1.21,15.0,2.48,0,0.9560000000000001
13647,2015,2015-09-08,1.93,1.64,362.0,1.93,0,0.9975
13648,2014,2014-09-04,2.4,2.23,7.0,2.4,0,1.028
13652,2014,2014-09-19,2.4,1.0899999999999999,22.0,2.4,0,0.9359999999999999
13659,2015,2015-09-28,2.52,0.5900000000000001,17.0,2.52,0,0.7575000000000001
13664,2015,2015-09-08,1.71,1.41,362.0,1.71,0,0.9525000000000001
13668,2014,2014-09-19,2.48,1.21,15.0,2.48,0,0.9560000000000001
13669,2016,2016-09-22,0.46,0.46,363.0,0.46,0,0.51
13670,2015,2015-09-08,1.58,1.44,362.0,1.58,0,0.97
13674,2014,2014-09-04,2.43,2.14,0.0,2.43,0,1.02
13675,2015,2015-09-08,1.52,1.23,362.0,1.52,0,0.93
13676,2016,2016-09-22,0.0,0.0,363.0,0.0,0,0.4475
13678,2013,2013-09-09,0.0,0.0,,0.0,0,-0.0525
13680,2013,2013-09-09,0.0,0.0,,0.0,0,-0.052500000000000005
13681,2016,2016-03-01,0.0,0.0,172.0,1.36,0,0.8375
13681,2016,2016-08-25,0.0,0.0,349.0,0.0,0,0.45
13683,2015,2015-09-28,1.36,0.30000000000000004,361.0,1.36,0,0.75
13685,2016,2016-09-07,0.0,0.0,362.0,0.0,0,0.49250000000000005
13687,2016,2016-03-01,0.0,0.0,172.0,1.36,0,0.8375
13687,2016,2016-08-19,0.0,0.0,343.0,0.0,0,0.3925
13688,2013,2013-09-10,0.0,0.0,,0.0,0,-0.052500000000000005
13689,2013,2013-09-10,0.0,0.0,,0.0,0,-0.052500000000000005
13693,2015,2015-09-08,1.06,0.91,362.0,1.06,0,0.9125000000000001
13696,2016,2016-03-02,0.0,0.0,173.0,1.69,0,0.725
13696,2016,2016-08-25,0.0,0.0,349.0,0.0,0,0.45749999999999996
13699,2013,2013-10-10,0.0,0.0,,0.0,0,0.392
13700,2014,2014-09-15,2.38,1.64,11.0,2.38,0,0.985
13701,2013,2013-09-12,0.0,0.0,,0.0,0,-0.012000000000000005
13703,2013,2013-09-12,0.0,0.0,,0.0,0,-0.012000000000000005
13705,2013,2013-09-12,0.0,0.0,,0.0,0,0.0
13707,2013,2013-09-09,0.0,0.0,,0.0,0,-0.07999999999999999
13709,2013,2013-09-12,0.0,0.0,,0.0,0,0.0
13710,2014,2014-09-15,1.77,1.33,11.0,1.77,0,0.9600000000000001
13712,2016,2016-09-07,0.0,0.0,362.0,0.0,0,0.4775
13715,2014,2014-09-15,1.77,1.33,11.0,1.77,0,0.9600000000000001
13716,2015,2015-09-28,1.22,0.1499999999999999,361.0,1.22,0,0.75
13718,2015,2015-09-28,1.22,0.1499999999999999,361.0,1.22,0,0.75
13719,2014,2014-09-15,1.62,1.1700000000000002,18.0,1.62,0,0.9374999999999999
13722,2013,2013-10-03,0.0,0.0,,0.0,0,0.158
13725,2015,2015-09-28,1.21,0.1499999999999999,361.0,1.21,0,0.7525000000000001
13728,2014,2014-09-18,1.44,0.83,21.0,1.44,0,0.86
13729,2014,2014-09-18,1.59,0.9800000000000001,14.0,1.59,0,0.89
13730,2014,2014-09-18,1.59,0.9800000000000001,14.0,1.59,0,0.89
13731,2014,2014-09-18,1.59,0.9800000000000001,14.0,1.59,0,0.89
13733,2015,2015-07-22,0.0,0.0,321.0,0.0,0,0.665
13734,2014,2014-09-19,1.59,0.9800000000000001,15.0,1.59,0,0.89
13736,2015,2015-07-22,0.0,0.0,328.0,0.0,0,0.72
13738,2016,2016-09-19,0.0,0.0,360.0,0.0,0,0.39
13739,2016,2016-09-13,0.0,0.0,361.0,0.0,0,0.36500000000000005
13740,2015,2015-09-17,0.9,0.6000000000000001,364.0,0.9,0,0.8225
13741,2016,2016-09-19,0.0,0.0,360.0,0.0,0,0.39
13750,2015,2015-09-17,0.9,0.6000000000000001,364.0,0.9,0,0.8225
13751,2014,2014-09-15,1.44,1.15,18.0,1.44,0,0.9149999999999999
13756,2015,2015-07-22,0.0,0.0,321.0,0.0,0,0.71
13758,2015,2015-09-25,1.07,0.15000000000000002,358.0,1.07,0,0.78
13759,2015,2015-07-22,0.0,0.0,321.0,0.0,0,0.71
13762,2015,2015-09-25,1.05,0.15000000000000002,358.0,1.05,0,0.772
13764,2016,2016-09-13,0.0,0.0,361.0,0.0,0,0.35250000000000004
13766,2016,2016-09-13,0.0,0.0,361.0,0.0,0,0.35250000000000004
13768,2015,2015-09-25,1.05,0.15000000000000002,358.0,1.05,0,0.772
13773,2015,2015-09-25,1.05,0.15000000000000002,358.0,1.05,0,0.772
13778,2013,2013-10-10,0.0,0.0,,0.0,0,0.364
13779,2014,2014-09-19,1.44,0.98,15.0,1.44,0,0.8619999999999999
13786,2016,2016-02-25,0.0,0.0,167.0,1.05,0,0.505
13790,2016,2016-03-01,0.0,0.0,172.0,1.05,0,0.6575
13792,2015,2015-01-21,0.0,0.0,139.0,1.44,0,0.628
13792,2016,2016-02-25,0.0,0.0,167.0,1.07,0,0.43250000000000005
13794,2015,2015-09-03,0.92,0.92,364.0,0.92,0,0.8525
13799,2014,2014-09-19,1.44,0.98,15.0,1.44,0,0.89
13800,2014,2014-09-19,1.44,0.98,15.0,1.44,0,0.8619999999999999
13803,2015,2015-09-10,0.92,0.92,364.0,0.92,0,0.9225000000000001
13805,2015,2015-07-28,0.0,0.0,327.0,0.0,0,0.7949999999999999
13818,2013,2013-10-10,0.0,0.0,,0.0,0,0.346
13825,2014,2014-09-19,1.45,0.99,15.0,1.45,0,0.8859999999999999
13827,2016,2016-09-16,0.0,0.0,364.0,0.0,0,0.36500000000000005
13828,2015,2015-09-10,1.06,1.06,364.0,1.06,0,0.925
13829,2015,2015-09-10,1.06,1.06,364.0,1.06,0,0.925
13832,2014,2014-09-11,1.43,1.29,7.0,1.43,0,0.908
13835,2015,2015-09-03,1.05,1.05,364.0,1.05,0,0.845
13836,2014,2014-09-11,1.43,1.29,7.0,1.43,0,0.908
13839,2015,2015-09-10,1.06,1.06,364.0,1.06,0,0.925
13841,2015,2015-09-30,1.21,0.1499999999999999,363.0,1.21,0,0.7575000000000001
13842,2014,2014-09-11,1.43,1.29,7.0,1.43,0,0.908
13846,2015,2015-07-28,0.0,0.0,327.0,0.0,0,0.7949999999999999
13847,2014,2014-09-11,1.29,1.29,7.0,1.29,0,0.9019999999999999
13852,2015,2015-10-05,1.06,0.15000000000000002,361.0,1.06,0,0.8175
13853,2013,2013-10-10,0.0,0.0,,0.0,0,0.33399999999999996
13854,2015,2015-09-25,1.06,0.15000000000000002,358.0,1.06,0,0.7739999999999999
13855,2016,2016-09-16,0.0,0.0,364.0,0.0,0,0.36000000000000004
13856,2014,2014-09-11,1.28,1.28,7.0,1.28,0,0.89
13861,2015,2015-09-10,1.22,1.22,364.0,1.22,0,0.9275
13864,2013,2013-10-10,0.0,0.0,,0.0,0,0.33399999999999996
13871,2015,2015-09-10,1.22,1.22,364.0,1.22,0,0.9275
13874,2014,2014-09-11,1.29,1.29,7.0,1.29,0,0.9019999999999999
13875,2015,2015-09-03,0.91,0.91,364.0,0.91,0,0.855
13876,2015,2015-09-25,1.37,0.15000000000000013,14.0,1.37,0,0.78
13877,2016,2016-09-16,0.0,0.0,364.0,0.0,0,0.36000000000000004
13879,2015,2015-09-25,1.22,0.1499999999999999,14.0,1.22,0,0.772
13880,2015,2015-01-21,0.0,0.0,139.0,1.13,0,0.622
13880,2016,2016-02-25,0.0,0.0,167.0,1.22,0,0.33749999999999997
13881,2015,2015-09-03,1.07,1.07,364.0,1.07,0,0.8575
13882,2016,2016-09-16,0.0,0.0,364.0,0.0,0,0.33
13884,2015,2015-01-21,0.0,0.0,139.0,1.42,0,0.6439999999999999
13884,2016,2016-02-25,0.0,0.0,167.0,1.2,0,0.3675
13885,2015,2015-09-03,1.06,1.06,364.0,1.06,0,0.8574999999999999
13886,2015,2015-09-25,1.2,0.1399999999999999,358.0,1.2,0,0.768
13890,2015,2015-09-25,1.22,0.1499999999999999,14.0,1.22,0,0.772
13898,2016,2016-09-16,0.0,0.0,364.0,0.0,0,0.33
13899,2015,2015-10-05,1.2,0.1399999999999999,361.0,1.2,0,0.8075
13903,2015,2015-10-05,1.2,0.1399999999999999,361.0,1.2,0,0.8075
13904,2014,2014-09-25,1.42,0.1399999999999999,21.0,1.42,0,0.732
13913,2016,2016-09-12,0.0,0.0,360.0,0.0,0,0.33
13914,2016,2016-09-21,0.0,0.0,362.0,0.0,0,0.33
13919,2015,2015-10-05,1.2,0.1399999999999999,361.0,1.2,0,0.8075
13926,2015,2015-10-05,0.92,0.0,361.0,0.92,0,0.81
13929,2014,2014-09-25,1.12,0.14000000000000012,21.0,1.12,0,0.7220000000000001
13930,2015,2015-10-02,0.91,0.0,358.0,0.91,0,0.8560000000000001
13942,2015,2015-10-05,0.91,0.0,361.0,0.91,0,0.81
13943,2015,2015-10-05,0.91,0.0,361.0,0.91,0,0.81
13948,2015,2015-10-06,0.91,0.0,362.0,0.91,0,0.81
13958,2016,2016-09-12,0.0,0.0,360.0,0.0,0,0.33749999999999997
13960,2015,2015-09-03,0.91,0.91,364.0,0.91,0,0.8525
13963,2015,2015-10-02,0.92,0.0,358.0,0.92,0,0.85
13965,2014,2014-09-25,1.14,0.1499999999999999,21.0,1.14,0,0.748
13970,2013,2013-10-03,0.0,0.0,,0.0,0,0.178
13971,2015,2015-10-02,0.76,0.0,358.0,0.76,0,0.85
13974,2016,2016-09-12,0.0,0.0,360.0,0.0,0,0.335
13975,2014,2014-10-07,1.14,0.0,33.0,1.14,0,0.635
13976,2015,2015-10-02,0.76,0.0,358.0,0.76,0,0.85
13977,2013,2013-10-03,0.0,0.0,,0.0,0,0.178
13979,2014,2014-10-07,1.14,0.0,33.0,1.14,0,0.635
13984,2015,2015-10-02,0.76,0.0,358.0,0.76,0,0.85
13986,2013,2013-10-03,0.0,0.0,,0.0,0,0.178
13989,2015,2015-09-04,0.76,0.76,358.0,0.76,0,0.8780000000000001
13990,2015,2015-09-03,0.76,0.76,364.0,0.76,0,0.8500000000000001
13991,2016,2016-09-12,0.0,0.0,360.0,0.0,0,0.34
13996,2016,2016-09-12,0.0,0.0,360.0,0.0,0,0.335
13998,2016,2016-09-21,0.0,0.0,362.0,0.0,0,0.3175
14000,2015,2015-09-03,0.76,0.76,364.0,0.76,0,0.8500000000000001
14002,2015,2015-09-03,0.92,0.92,364.0,0.92,0,0.8475
14008,2015,2015-09-02,0.92,0.92,363.0,0.92,0,0.8475
14012,2014,2014-09-25,1.14,0.1499999999999999,21.0,1.14,0,0.748
14013,2013,2013-10-03,0.0,0.0,,0.0,0,0.178
14014,2013,2013-10-03,0.0,0.0,,0.0,0,0.178
14020,2014,2014-10-07,1.15,0.0,33.0,1.15,0,0.6399999999999999
14022,2014,2014-10-07,1.15,0.0,33.0,1.15,0,0.6399999999999999
14023,2016,2016-09-21,0.0,0.0,362.0,0.0,0,0.28
14024,2015,2015-09-11,0.75,0.44,358.0,0.75,0,0.8880000000000001
14031,2015,2015-10-02,0.75,0.0,358.0,0.75,0,0.8539999999999999
14032,2016,2016-09-21,0.0,0.0,362.0,0.0,0,0.3
14033,2015,2015-10-02,0.75,0.0,358.0,0.75,0,0.8539999999999999
14036,2013,2013-10-03,0.0,0.0,,0.0,0,0.166
14041,2015,2015-09-02,0.75,0.75,363.0,0.75,0,0.8425
14044,2015,2015-09-02,0.75,0.75,363.0,0.75,0,0.8425
14047,2015,2015-09-02,0.75,0.75,363.0,0.75,0,0.8425
14048,2015,2015-10-02,0.75,0.0,358.0,0.75,0,0.8539999999999999
14060,2015,2015-08-27,0.31,0.31,357.0,0.31,0,0.825
14061,2015,2015-02-09,0.0,0.0,158.0,1.15,0,0.27
14061,2016,2016-02-02,0.0,0.0,158.0,0.75,0,1.2725
14063,2015,2015-09-04,0.75,0.75,358.0,0.75,0,0.8720000000000001
14064,2014,2014-10-07,1.15,0.0,33.0,1.15,0,0.6399999999999999
14067,2015,2015-08-27,0.31,0.31,357.0,0.31,0,0.825
14068,2015,2015-02-09,0.0,0.0,158.0,1.15,0,0.27
14068,2016,2016-02-02,0.0,0.0,158.0,0.75,0,1.2725
14069,2015,2015-08-27,0.31,0.31,357.0,0.31,0,0.825
14070,2015,2015-02-09,0.0,0.0,158.0,1.15,0,0.27
14071,2014,2014-09-30,1.16,0.1499999999999999,26.0,1.16,0,0.71
14074,2015,2015-09-02,0.46,0.46,363.0,0.46,0,0.8300000000000001
14078,2015,2015-02-09,0.0,0.0,158.0,1.16,0,0.255
14078,2016,2016-02-02,0.0,0.0,158.0,0.46,0,1.2725
14079,2015,2015-09-02,0.46,0.46,363.0,0.46,0,0.8300000000000001
14081,2014,2014-09-30,1.16,0.1499999999999999,26.0,1.16,0,0.71
14084,2015,2015-02-09,0.0,0.0,158.0,1.16,0,0.255
14084,2016,2016-02-02,0.0,0.0,158.0,0.46,0,1.2725
14085,2015,2015-09-02,0.46,0.46,363.0,0.46,0,0.8300000000000001
14086,2014,2014-09-30,1.16,0.1499999999999999,26.0,1.16,0,0.71
14088,2015,2015-10-02,0.46,0.0,358.0,0.46,0,0.866
14092,2015,2015-10-12,0.46,0.0,361.0,0.46,0,0.78
14095,2015,2015-10-12,0.46,0.0,361.0,0.46,0,0.78
14097,2014,2014-09-22,1.16,0.9899999999999999,18.0,1.16,0,0.8474999999999999
14101,2016,2016-09-21,0.0,0.0,362.0,0.0,0,0.275
14103,2016,2016-09-21,0.0,0.0,362.0,0.0,0,0.275
14104,2015,2015-10-12,0.46,0.0,361.0,0.46,0,0.78
14108,2015,2015-09-02,0.46,0.46,363.0,0.46,0,0.8300000000000001
14117,2014,2014-09-22,1.32,1.1500000000000001,18.0,1.32,0,0.8625
14125,2016,2016-09-21,0.0,0.0,362.0,0.0,0,0.2625
14126,2014,2014-09-22,1.32,1.1500000000000001,18.0,1.32,0,0.8625
14127,2015,2015-09-11,0.46,0.16000000000000003,358.0,0.46,0,0.9019999999999999
14128,2015,2015-10-12,0.46,0.0,361.0,0.46,0,0.76
14131,2015,2015-10-12,0.46,0.0,361.0,0.46,0,0.76
14133,2013,2013-10-08,0.0,0.0,,0.0,0,0.16499999999999998
14138,2016,2016-09-20,0.0,0.0,361.0,0.0,0,0.2625
14139,2016,2016-09-21,0.0,0.0,362.0,0.0,0,0.2625
14141,2014,2014-09-18,1.32,1.1500000000000001,14.0,1.32,0,0.9040000000000001
14144,2015,2015-10-01,0.46,0.0,364.0,0.46,0,0.7899999999999999
14146,2016,2016-09-20,0.0,0.0,361.0,0.0,0,0.2625
14147,2015,2015-10-07,0.46,0.0,363.0,0.46,0,0.8425
14154,2014,2014-09-18,1.32,1.1500000000000001,14.0,1.32,0,0.9099999999999999
14158,2014,2014-09-18,1.32,1.1500000000000001,14.0,1.32,0,0.9099999999999999
14161,2015,2015-10-07,0.46,0.0,363.0,0.46,0,0.8525
14164,2014,2014-09-22,1.32,1.1500000000000001,18.0,1.32,0,0.87
14168,2015,2015-09-11,0.46,0.15000000000000002,358.0,0.46,0,0.9100000000000001
14169,2015,2015-09-11,0.46,0.15000000000000002,358.0,0.46,0,0.9100000000000001
14172,2016,2016-02-02,0.0,0.0,144.0,0.61,0,1.2525000000000002
14172,2016,2016-08-23,0.0,0.0,347.0,0.0,0,0.41250000000000003
14173,2016,2016-02-02,0.0,0.0,144.0,0.61,0,1.2525000000000002
14174,2015,2015-09-11,0.61,0.3,358.0,0.61,0,0.922
14175,2015,2015-10-07,0.61,0.14,363.0,0.61,0,0.865
14179,2015,2015-10-07,0.61,0.14,363.0,0.61,0,0.865
14186,2015,2015-10-07,0.61,0.14,363.0,0.61,0,0.865
14193,2015,2015-10-07,0.62,0.15000000000000002,363.0,0.62,0,0.8799999999999999
14197,2015,2015-10-07,0.62,0.15000000000000002,363.0,0.62,0,0.8799999999999999
14201,2013,2013-10-08,0.0,0.0,,0.0,0,0.1275
14203,2016,2016-09-26,0.0,0.0,360.0,0.0,0,0.31
14209,2015,2015-09-30,0.6,0.14999999999999997,363.0,0.6,0,0.8800000000000001
14219,2016,2016-10-03,0.0,0.0,360.0,0.0,0,0.5425
14223,2015,2015-09-30,0.3,0.15,363.0,0.3,0,0.885
14224,2016,2016-10-03,0.0,0.0,360.0,0.0,0,0.52
14225,2015,2015-09-30,0.3,0.15,363.0,0.3,0,0.885
14227,2016,2016-10-03,0.0,0.0,360.0,0.0,0,0.52
14233,2014,2014-09-22,0.98,0.82,25.0,0.98,0,0.8500000000000001
14235,2014,2014-09-22,0.97,0.8099999999999999,25.0,0.97,0,0.8375000000000001
14240,2015,2015-09-21,0.29,0.29,361.0,0.29,0,0.835
14241,2016,2016-09-30,0.0,0.0,364.0,0.0,0,0.22499999999999998
14242,2013,2013-10-09,0.0,0.0,,0.0,0,0.27199999999999996
14252,2015,2015-09-21,0.29,0.29,361.0,0.29,0,0.835
14256,2015,2015-09-21,0.29,0.29,361.0,0.29,0,0.835
14257,2014,2014-09-22,0.97,0.8099999999999999,25.0,0.97,0,0.8375000000000001
14258,2016,2016-09-30,0.0,0.0,364.0,0.0,0,0.22499999999999998
14259,2015,2015-09-21,0.0,0.0,361.0,0.0,0,0.8225
14263,2015,2015-09-21,0.0,0.0,361.0,0.0,0,0.8225
14269,2016,2016-09-30,0.0,0.0,,0.0,0,0.21999999999999997
14272,2014,2014-09-22,1.11,0.81,25.0,1.11,0,0.845
14274,2013,2013-10-09,0.0,0.0,,0.0,0,0.27
14275,2013,2013-10-09,0.0,0.0,,0.0,0,0.27
14277,2014,2014-09-22,1.11,0.81,25.0,1.11,0,0.845
14284,2014,2014-09-22,1.11,0.81,25.0,1.11,0,0.845
14286,2013,2013-10-09,0.0,0.0,,0.0,0,0.27
14293,2015,2015-09-10,0.15,0.15,364.0,0.15,0,0.885
14294,2016,2016-09-16,0.0,0.0,364.0,0.0,0,-0.06999999999999999
14298,2014,2014-10-21,0.48,0.0,47.0,0.48,0,0.59
14301,2015,2015-09-10,0.15,0.15,364.0,0.15,0,0.885
14308,2016,2016-09-15,0.0,0.0,363.0,0.0,0,-0.06999999999999999
14309,2016,2016-09-16,0.0,0.0,364.0,0.0,0,-0.06999999999999999
14313,2016,2016-09-16,0.0,0.0,364.0,0.0,0,-0.06999999999999999
14314,2015,2015-09-11,0.15,0.15,358.0,0.15,0,0.82
14316,2014,2014-10-21,0.48,0.0,47.0,0.48,0,0.59
14319,2015,2015-09-10,0.15,0.15,364.0,0.15,0,0.885
14321,2016,2016-06-15,0.0,0.0,299.0,0.0,0,0.8375
14322,2015,2015-09-11,0.15,0.15,358.0,0.15,0,0.82
14323,2016,2016-09-16,0.0,0.0,364.0,0.0,0,-0.105
14324,2015,2015-09-11,0.0,0.0,358.0,0.0,0,0.7020000000000001
15437,2019,2019-03-28,0.31,0.31,331.0,0.31,0,0.866
15437,2019,2019-06-02,3.86,-0.30000000000000027,32.0,4.16,28,0.81
15437,2019,2019-08-27,0.0,0.0,118.0,4.16,0,-0.0875
15438,2017,2017-10-10,0.0,0.0,297.0,0.76,0,0.9020000000000001
15439,2019,2019-10-25,0.0,0.0,177.0,4.16,0,0.2125
15440,2019,2019-08-30,0.0,0.0,121.0,4.16,0,-0.135
15441,2019,2019-10-26,0.0,0.0,178.0,4.16,0,0.2125
15442,2019,2019-10-26,0.0,0.0,171.0,4.55,0,0.24
15443,2020,2020-03-17,1.38,-3.12,76.0,4.5,63,0.5025000000000001
15444,2020,2020-03-16,1.77,-3.72,75.0,5.49,77,0.4375
15444,2020,2020-03-17,1.77,-3.72,76.0,5.49,77,0.4375
15444,2020,2020-08-15,0.0,-2.29,227.0,5.3500000000000005,42,1.07
15445,2020,2020-03-16,1.77,-3.72,75.0,5.49,77,0.4375
15445,2020,2020-03-17,1.77,-3.72,76.0,5.49,77,0.4375
15445,2020,2020-08-15,0.0,-2.29,227.0,5.3500000000000005,42,1.07
15446,2019,2019-05-28,2.07,0.0,34.0,2.07,0,0.7424999999999999
15446,2019,2019-08-06,0.0,-1.7,104.0,2.07,0,-0.36
15446,2019,2019-09-26,0.0,0.0,155.0,2.07,0,-0.418
15446,2020,2020-01-04,4.45,4.15,3.0,4.45,14,1.506
15447,2018,2018-05-11,1.91,1.76,10.0,1.91,0,1.02
15448,2017,2017-03-14,0.0,-2.09,283.0,3.0,0,0.728
15448,2017,2017-06-29,1.79,0.0,362.0,3.0,0,0.3325
15448,2018,2018-02-07,0.75,0.0,359.0,0.75,0,-0.344
15448,2019,2019-03-21,0.0,0.0,324.0,0.0,0,1.076
15449,2019,2019-05-08,2.07,1.6999999999999997,14.0,2.07,0,1.0899999999999999
15449,2019,2019-07-09,1.7,-0.3699999999999999,76.0,2.07,0,0.0525
15449,2019,2019-10-31,0.0,0.0,190.0,2.07,0,-0.092
15450,2019,2019-07-30,0.0,-2.07,97.0,2.07,0,-0.2625
15451,2019,2019-01-06,0.0,0.0,250.0,0.14,0,0.614
15452,2018,2018-11-05,0.0,0.0,195.0,1.77,0,0.5025
15453,2019,2019-05-28,2.73,0.2999999999999998,27.0,2.73,0,0.77
15454,2019,2019-01-07,0.0,0.0,244.0,0.29,0,0.6080000000000001
15455,2019,2019-09-04,0.0,0.0,126.0,2.42,0,-0.5559999999999999
15456,2019,2019-05-16,2.42,0.74,15.0,2.42,0,0.9319999999999998
15456,2019,2019-07-03,2.03,-0.3900000000000001,63.0,2.42,0,0.08399999999999999
15456,2019,2019-08-15,0.0,-0.29,106.0,2.42,0,-0.44800000000000006
15456,2019,2019-09-12,0.0,0.0,134.0,2.42,0,-0.518
15456,2019,2019-10-16,0.0,0.0,168.0,2.42,0,-0.22800000000000004
15456,2019,2019-11-28,0.0,0.0,211.0,2.42,0,0.40199999999999997
15457,2019,2019-05-29,2.42,0.0,28.0,2.42,0,0.6839999999999999
15457,2019,2019-07-24,0.0,-2.42,84.0,2.42,0,-0.182
15457,2019,2019-09-03,0.0,0.0,125.0,2.42,0,-0.5449999999999999
15457,2019,2019-10-08,0.0,0.0,160.0,2.42,0,-0.3125
15457,2019,2019-11-05,0.0,0.0,188.0,2.42,0,-0.0825
15457,2020,2020-02-04,5.58,1.0300000000000002,5.0,5.58,49,1.1149999999999998
15458,2020,2020-02-13,5.75,1.0599999999999996,7.0,5.75,63,1.204
15459,2019,2019-01-07,0.0,0.0,251.0,0.14,0,0.6020000000000001
15460,2018,2018-09-13,0.0,0.0,128.0,2.13,0,0.35750000000000004
15461,2019,2019-10-01,0.0,0.0,153.0,2.73,0,-0.385
15461,2019,2019-11-07,0.0,0.0,190.0,2.73,0,-0.016000000000000007
15462,2019,2019-06-25,2.73,0.0,55.0,2.73,0,0.215
15462,2019,2019-07-30,0.0,-2.73,90.0,2.73,0,-0.24
15463,2019,2019-05-07,2.73,2.73,6.0,2.73,0,1.185
15476,2018,2018-08-01,0.0,0.0,127.0,0.91,0,0.40800000000000003
15477,2018,2018-08-08,0.0,0.0,134.0,1.36,0,0.40800000000000003
15478,2018,2018-07-16,0.0,-0.16,111.0,1.36,0,0.525
15478,2018,2018-09-08,0.0,0.0,165.0,1.36,0,0.65
15479,2018,2018-07-20,0.0,0.0,115.0,0.91,0,0.42
15479,2018,2018-07-26,0.0,0.0,121.0,0.91,0,0.365
15479,2018,2018-08-17,0.0,0.0,143.0,0.91,0,0.45499999999999996
15479,2018,2018-09-13,0.0,0.0,170.0,0.91,0,0.735
15480,2018,2018-07-11,0.0,-0.16,106.0,0.91,0,0.544
15480,2018,2018-08-22,0.0,0.0,148.0,0.91,0,0.458
15481,2018,2018-06-20,0.0,-0.45,85.0,1.36,0,0.592
15481,2018,2018-07-05,0.0,-0.45,100.0,1.36,0,0.6775
15481,2018,2018-07-19,0.0,0.0,114.0,1.36,0,0.43999999999999995
15481,2018,2018-08-15,0.0,0.0,141.0,1.36,0,0.484
15481,2018,2018-09-12,0.0,0.0,169.0,1.36,0,0.7140000000000001
15482,2018,2018-06-11,0.45,0.0,76.0,1.36,0,0.3325
15483,2018,2018-05-25,0.44,-0.47000000000000003,59.0,0.91,0,0.22999999999999998
15483,2018,2018-06-25,0.0,-0.44,90.0,0.91,0,0.63
15483,2018,2018-07-08,0.0,-0.44,103.0,0.91,0,0.645
15483,2018,2018-07-17,0.0,0.0,112.0,0.91,0,0.5
15483,2018,2018-08-27,0.0,0.0,153.0,0.91,0,0.45499999999999996
15483,2018,2018-08-29,0.0,0.0,155.0,0.91,0,0.496
15484,2018,2018-05-19,0.45,-0.9100000000000001,53.0,1.36,0,0.16499999999999998
15484,2018,2018-07-10,0.0,-0.16,105.0,1.36,0,0.572
15484,2018,2018-08-13,0.0,0.0,139.0,1.36,0,0.47250000000000003
15484,2018,2018-08-27,0.0,0.0,153.0,1.36,0,0.505
15484,2018,2018-09-12,0.0,0.0,169.0,1.36,0,0.7140000000000001
15485,2018,2018-06-06,0.44,0.0,71.0,0.91,0,0.292
15485,2018,2018-07-18,0.0,0.0,113.0,0.91,0,0.5
15485,2018,2018-07-24,0.0,0.0,119.0,0.91,0,0.43
15488,2019,2019-02-19,0.45,0.45,322.0,0.45,0,1.0150000000000001
15489,2013,2013-12-08,0.0,0.0,,0.0,0,1.1949999999999998
15490,2015,2015-07-07,0.0,-0.3,109.0,5.3500000000000005,28,-0.07250000000000001
15490,2017,2017-02-20,1.28,0.33000000000000007,324.0,1.28,0,0.998
15490,2017,2017-05-05,0.0,-1.28,363.0,1.28,0,0.8725
15490,2019,2019-02-24,0.88,0.53,4.0,0.88,0,1.05
15491,2014,2014-02-22,4.64,3.1499999999999995,2.0,4.64,7,1.27
15492,2013,2013-02-18,0.15,0.15,19.0,0.15,0,0.8425
15493,2014,2014-02-22,4.5,3.0,2.0,4.5,7,1.27
15493,2018,2018-05-27,0.29,0.0,47.0,0.29,0,0.24000000000000002
15493,2019,2019-03-18,0.59,0.13999999999999996,19.0,0.59,0,0.635
15494,2019,2019-06-28,3.17,-0.29000000000000004,51.0,3.46,0,0.9199999999999999
15495,2019,2019-06-28,3.17,-0.29000000000000004,51.0,3.46,0,0.9199999999999999
15496,2019,2019-06-29,2.89,-0.6000000000000001,52.0,3.49,0,0.8975
15497,2019,2019-06-29,2.89,-0.6000000000000001,52.0,3.49,0,0.8975
15498,2019,2019-06-30,3.4,-0.8999999999999999,53.0,4.3,63,0.895
15499,2019,2019-06-29,3.0500000000000003,-0.5999999999999996,52.0,3.65,0,0.9
15499,2019,2019-06-30,3.0500000000000003,-0.5999999999999996,53.0,3.65,0,0.9
15500,2019,2019-03-29,0.6,0.44999999999999996,332.0,0.6,0,0.8150000000000001
15501,2020,2020-02-26,7.28,2.3,6.0,7.28,63,1.295
15502,2019,2019-12-05,0.0,0.0,225.0,2.7,0,0.4600000000000001
15503,2019,2019-11-06,0.0,0.0,196.0,2.87,0,0.031999999999999994
15503,2019,2019-11-12,0.0,0.0,202.0,2.87,0,0.05
15503,2019,2019-12-07,0.0,0.0,227.0,2.71,0,0.5800000000000001
15503,2019,2019-12-11,0.75,0.75,231.0,2.71,0,0.7860000000000001
15503,2019,2019-12-12,0.75,0.75,232.0,2.71,0,0.7860000000000001
15504,2019,2019-11-13,0.0,0.0,203.0,2.87,0,0.126
15505,2019,2019-10-27,0.0,0.0,172.0,5.18,0,0.20750000000000002
15506,2019,2019-08-30,0.0,0.0,114.0,4.43,0,-0.1575
15507,2018,2018-05-06,3.5,3.5,5.0,3.5,0,1.28
15507,2019,2019-06-07,4.08,-0.46999999999999975,30.0,4.55,42,0.71
15508,2018,2018-05-29,3.5,0.0,28.0,3.5,0,0.8619999999999999
15508,2018,2018-11-20,0.0,0.0,203.0,3.5,0,0.516
15509,2019,2019-10-25,0.0,0.0,177.0,4.16,0,0.2125
15510,2019,2019-08-01,0.0,-3.28,92.0,4.16,21,0.186
15510,2019,2019-08-27,0.0,0.0,118.0,4.16,0,-0.0875
15511,2019,2019-08-28,0.0,0.0,119.0,4.16,0,-0.10800000000000001
15512,2017,2017-10-11,0.0,0.0,298.0,0.76,0,0.915
15513,2019,2019-06-01,3.86,-0.30000000000000027,31.0,4.16,28,0.81
15513,2019,2019-10-24,0.0,0.0,176.0,4.16,0,0.22400000000000003
15514,2019,2019-05-31,2.99,-0.46999999999999975,30.0,3.46,0,0.7875000000000001
15514,2019,2019-06-05,2.99,-0.46999999999999975,35.0,3.46,0,0.7380000000000001
15515,2018,2018-12-05,0.0,0.0,218.0,2.98,0,0.4600000000000001
15516,2017,2017-10-10,0.0,0.0,297.0,0.76,0,0.9020000000000001
15517,2019,2019-06-25,2.73,0.0,55.0,2.73,0,0.215
15517,2019,2019-09-04,0.0,0.0,126.0,2.73,0,-0.54
15517,2019,2019-10-23,0.0,0.0,175.0,2.73,0,-0.136
15517,2020,2020-02-19,5.78,1.0899999999999999,13.0,5.78,63,1.37
15518,2018,2018-11-04,0.0,0.0,187.0,2.08,0,0.46749999999999997
15519,2018,2018-12-15,0.0,0.0,235.0,0.79,0,0.6174999999999999
15520,2018,2018-11-30,0.0,0.0,220.0,0.78,0,0.41500000000000004
15521,2017,2017-12-15,0.0,0.0,228.0,0.88,0,0.54
15521,2018,2018-11-29,0.0,0.0,219.0,0.78,0,0.41500000000000004
15522,2019,2019-03-17,0.0,-0.16,89.0,0.48,0,0.355
15522,2019,2019-11-30,0.0,0.0,347.0,0.32,0,0.2175
15523,2018,2018-05-02,0.15,0.15,128.0,1.37,0,0.5820000000000001
15523,2018,2018-10-06,0.0,0.0,285.0,0.15,0,0.5525
15524,2019,2019-12-30,3.67,3.67,5.0,3.67,0,1.3125
15525,2019,2019-12-22,2.95,2.95,4.0,2.95,0,1.1199999999999999
15526,2018,2018-04-27,0.0,-0.14,108.0,0.91,0,0.6075
15526,2018,2018-10-03,0.0,0.0,267.0,0.0,0,0.65
15526,2019,2019-11-23,0.0,0.0,227.0,0.32,0,-0.215
15527,2018,2018-12-08,0.3,0.3,333.0,0.3,0,0.7475
15528,2018,2018-12-08,0.3,0.3,333.0,0.3,0,0.7475
15529,2018,2018-12-02,0.3,0.3,327.0,0.3,0,0.8574999999999999
15530,2018,2018-03-08,0.45,-0.31,360.0,0.76,0,0.8049999999999999
15530,2019,2019-03-11,0.0,0.0,118.0,0.29,0,0.23249999999999998
15531,2018,2018-10-10,0.0,0.0,274.0,0.0,0,0.5900000000000001
15531,2019,2019-12-01,0.0,0.0,235.0,0.33,0,0.0675
15532,2018,2018-12-25,0.3,0.0,350.0,0.3,0,0.688
15533,2018,2018-12-01,0.29,0.29,326.0,0.29,0,0.8075000000000001
15534,2018,2018-12-21,0.29,0.0,346.0,0.29,0,0.7
15535,2018,2018-11-30,0.29,0.29,325.0,0.29,0,0.8075000000000001
15535,2019,2019-12-29,4.19,4.19,4.0,4.19,7,1.3250000000000002
15536,2018,2018-12-09,0.29,0.29,334.0,0.29,0,0.7250000000000001
15537,2019,2019-09-29,0.0,0.0,172.0,0.3,0,-0.53
15538,2019,2019-10-13,0.0,0.0,334.0,0.17,0,-0.5275
15539,2018,2018-03-14,0.34,-0.15999999999999998,64.0,1.13,0,0.734
15540,2019,2019-11-26,0.0,0.0,230.0,0.36,0,-0.012500000000000004
15541,2019,2019-08-23,0.0,0.0,,0.0,0,0.042499999999999996
15542,2018,2018-07-06,0.0,0.0,171.0,4.74,0,0.8400000000000001
15542,2019,2019-08-26,0.0,0.0,,0.0,0,0.042499999999999996
15543,2019,2019-08-29,0.0,0.0,134.0,0.14,0,0.06599999999999999
15544,2018,2018-07-02,0.0,0.0,167.0,6.3100000000000005,0,0.79
15544,2019,2019-09-24,0.0,0.0,160.0,0.14,0,-0.0175
15545,2018,2018-09-14,0.0,0.0,,0.0,0,-0.10999999999999999
15545,2019,2019-09-07,0.0,-0.15,108.0,1.5,0,-0.14
15546,2018,2018-09-14,0.0,0.0,,0.0,0,-0.11499999999999999
15546,2019,2019-09-07,0.0,-0.15,108.0,1.7,0,-0.14
15547,2019,2019-07-17,1.52,-0.7999999999999998,56.0,2.32,0,0.154
15548,2019,2019-06-14,2.32,0.1599999999999997,23.0,2.32,0,0.21250000000000002
15549,2018,2018-07-27,0.16,0.0,52.0,0.16,0,-0.19249999999999998
15550,2019,2019-06-12,2.32,0.1599999999999997,21.0,2.32,0,0.286
15551,2019,2019-07-23,1.52,-0.7999999999999998,62.0,2.32,0,0.1275
15552,2019,2019-06-28,2.32,0.0,37.0,2.32,0,0.185
15553,2019,2019-07-15,1.07,0.0,68.0,1.07,0,0.1975
15554,2019,2019-08-27,0.0,-0.61,111.0,1.07,0,0.04250000000000001
15555,2019,2019-08-27,0.0,-0.92,111.0,1.38,0,0.0475
15556,2019,2019-07-15,1.53,0.0,68.0,1.53,0,0.14
15557,2019,2019-07-15,1.53,0.0,68.0,1.53,0,0.14
15558,2019,2019-07-15,1.57,0.0,68.0,1.57,0,0.1375
15559,2019,2019-09-10,0.0,0.0,146.0,0.79,0,0.8674999999999999
15560,2018,2018-05-17,0.0,0.0,,0.0,0,0.43
15561,2018,2018-05-18,0.0,0.0,,0.0,0,0.5325
15562,2018,2018-05-18,0.0,0.0,,0.0,0,0.5125000000000001
15563,2018,2018-05-19,0.0,0.0,,0.0,0,0.5625
15564,2018,2018-07-26,0.0,0.0,,0.0,0,0.22999999999999998
15565,2018,2018-09-12,0.0,0.0,,0.0,0,0.524
15566,2018,2018-05-17,0.0,0.0,,0.0,0,0.4575
15567,2017,2017-05-11,0.0,0.0,355.0,0.0,0,0.38499999999999995
15568,2019,2019-09-12,0.0,0.0,148.0,0.31,0,1.0100000000000002
15569,2018,2018-05-19,0.0,0.0,,0.0,0,0.39
15570,2019,2019-09-18,0.0,0.0,154.0,0.77,0,1.1340000000000001
15571,2019,2019-09-17,0.0,0.0,153.0,0.77,0,1.0650000000000002
15572,2018,2018-07-25,0.0,0.0,,0.0,0,0.154
15573,2019,2019-09-11,0.0,0.0,147.0,0.8200000000000001,0,1.002
15574,2019,2019-09-17,0.0,0.0,153.0,0.77,0,1.0650000000000002
15575,2017,2017-05-10,0.0,0.0,354.0,0.0,0,0.385
15576,2019,2019-09-11,0.0,0.0,147.0,0.15,0,0.9960000000000001
15577,2019,2019-05-09,0.0,0.0,,0.0,0,0.556
15578,2019,2019-05-10,0.0,0.0,,0.0,0,0.5475
15579,2019,2019-09-10,0.0,0.0,146.0,0.46,0,0.9175
15580,2017,2017-05-14,0.0,0.0,358.0,0.0,0,0.29500000000000004
15581,2018,2018-05-21,0.0,0.0,,0.0,0,0.39999999999999997
15581,2019,2019-05-11,0.3,0.3,24.0,0.3,0,0.7075
15582,2019,2019-05-11,0.0,0.0,,0.0,0,0.6425000000000001
15583,2019,2019-09-09,0.0,0.0,145.0,0.3,0,0.9075
15584,2018,2018-05-16,0.0,0.0,,0.0,0,0.388
15585,2017,2017-05-12,0.0,0.0,356.0,0.0,0,0.31999999999999995
15586,2019,2019-05-08,0.0,0.0,,0.0,0,0.63
15587,2019,2019-05-09,0.0,0.0,,0.0,0,0.6559999999999999
15588,2017,2017-05-13,0.0,0.0,357.0,0.0,0,0.33999999999999997
15589,2017,2017-05-13,0.0,0.0,357.0,0.0,0,0.31999999999999995
15590,2017,2017-05-09,0.0,0.0,353.0,0.0,0,0.338
15591,2019,2019-05-07,0.15,0.15,20.0,0.15,0,0.6675
15592,2019,2019-05-07,0.0,0.0,,0.0,0,0.605
15593,2018,2018-05-16,0.0,0.0,,0.0,0,0.43200000000000005
15594,2017,2017-12-08,0.79,-0.15999999999999992,53.0,0.95,0,0.9425
15594,2018,2018-03-12,0.0,0.0,147.0,0.95,0,0.76
15594,2019,2019-10-13,0.0,0.0,130.0,0.58,0,0.6025
15595,2018,2018-04-13,0.0,0.0,179.0,0.95,0,0.6975
15595,2019,2019-12-20,0.61,0.0,51.0,0.61,0,0.8400000000000001
15596,2017,2017-05-15,0.0,0.0,324.0,0.14,0,0.722
15597,2018,2018-05-15,0.0,0.0,,0.0,0,0.48
15598,2019,2019-05-06,0.58,0.58,19.0,0.58,0,0.6924999999999999
15599,2017,2017-05-15,0.0,0.0,324.0,0.14,0,0.722
15599,2018,2018-04-14,0.0,0.0,180.0,1.1,0,0.7
15599,2019,2019-07-20,0.74,0.0,361.0,0.74,0,0.6625
15600,2017,2017-05-16,0.0,0.0,325.0,0.14,0,0.722
15600,2018,2018-04-14,0.0,0.0,180.0,1.1,0,0.7
15600,2019,2019-07-21,0.74,0.0,362.0,0.74,0,0.6625
15601,2017,2017-05-16,0.0,0.0,325.0,0.14,0,0.722
15601,2018,2018-04-13,0.0,0.0,179.0,1.1,0,0.7
15601,2019,2019-10-13,0.0,0.0,130.0,0.74,0,0.6475
15602,2017,2017-05-14,0.0,0.0,323.0,0.14,0,0.7324999999999999
15603,2018,2018-07-23,0.0,0.0,,0.0,0,0.31
15604,2018,2018-09-08,0.0,-0.78,102.0,1.11,0,0.22249999999999998
15605,2018,2018-09-07,0.0,-0.45,101.0,0.77,0,0.2475
15605,2018,2018-09-08,0.0,-0.45,102.0,0.77,0,0.2475
15606,2018,2018-08-13,0.45,-0.32,76.0,0.77,0,0.39
15607,2018,2018-06-05,0.77,0.77,7.0,0.77,0,0.8680000000000001
15608,2019,2019-12-17,0.0,0.0,,0.0,0,0.6375000000000001
15609,2018,2018-09-06,0.0,-0.29,100.0,0.6,0,0.265
15609,2018,2018-09-26,0.0,0.0,120.0,0.6,0,0.42200000000000004
15610,2018,2018-03-08,0.0,0.0,262.0,0.14,0,1.3775
15610,2019,2019-10-09,0.0,0.0,112.0,3.02,0,0.892
15611,2018,2018-08-25,0.0,0.0,,0.0,0,0.20500000000000002
15612,2018,2018-08-09,0.0,0.0,,0.0,0,0.2725
15613,2018,2018-08-09,0.0,0.0,,0.0,0,0.2725
15614,2018,2018-08-29,0.0,0.0,,0.0,0,0.186
15615,2018,2018-06-08,0.0,0.0,,0.0,0,-0.10250000000000001
15615,2018,2018-08-27,0.0,0.0,,0.0,0,0.20500000000000002
15616,2018,2018-08-06,0.0,0.0,,0.0,0,0.26249999999999996
15617,2018,2018-10-05,0.0,0.0,122.0,0.16,0,0.745
15618,2018,2018-10-05,0.0,0.0,122.0,0.16,0,0.745
15619,2013,2013-09-08,0.0,-0.31,109.0,1.13,0,0.5275000000000001
15619,2014,2014-06-14,2.43,1.79,2.0,2.43,0,0.975
15619,2015,2015-05-16,0.0,0.0,338.0,0.0,0,0.26
15619,2016,2016-05-08,0.17,0.17,331.0,0.17,0,0.8260000000000002
15619,2018,2018-05-06,0.0,0.0,,0.0,0,-0.20500000000000002
15619,2018,2018-09-07,0.0,-0.33,94.0,0.33,0,0.6675000000000001
15619,2019,2019-06-15,1.96,0.9199999999999999,10.0,1.96,0,0.8250000000000001
15620,2017,2017-10-15,0.0,0.0,,0.0,0,0.9075
15620,2019,2019-10-15,0.0,0.0,132.0,1.99,0,0.325
15621,2017,2017-05-24,0.0,0.0,361.0,0.0,0,0.675
15622,2018,2018-09-25,0.0,0.0,112.0,0.17,0,0.716
15623,2018,2018-06-22,0.15,0.15,361.0,0.15,0,0.5175000000000001
15623,2018,2018-06-23,0.15,0.15,362.0,0.15,0,0.5175000000000001
15623,2019,2019-06-23,3.03,0.0,53.0,3.03,0,0.5725
15624,2018,2018-07-23,0.0,0.0,364.0,0.0,0,0.0049999999999999975
15624,2019,2019-07-16,0.44,0.0,41.0,0.44,0,0.5675
15625,2017,2017-04-23,0.0,0.0,274.0,0.0,0,0.175
15626,2017,2017-04-23,0.0,0.0,274.0,0.0,0,0.09
15627,2017,2017-04-16,0.0,0.0,295.0,0.0,0,0.32
15628,2017,2017-04-16,0.0,0.0,295.0,0.0,0,0.30500000000000005
15629,2017,2017-04-23,0.0,0.0,274.0,0.0,0,0.1075
15630,2017,2017-04-16,0.0,0.0,295.0,0.0,0,0.2725
15631,2017,2017-04-21,0.0,0.0,272.0,0.0,0,0.1175
15632,2017,2017-04-18,0.0,0.0,297.0,0.0,0,0.244
15633,2017,2017-04-21,0.0,0.0,272.0,0.0,0,0.09
15634,2017,2017-04-30,0.0,0.0,309.0,0.0,0,0.20500000000000002
15635,2017,2017-04-22,0.0,0.0,273.0,0.0,0,-0.0025000000000000014
15636,2017,2017-04-30,0.0,0.0,309.0,0.0,0,0.19
15637,2017,2017-05-01,0.0,0.0,310.0,0.0,0,0.31399999999999995
15638,2017,2017-04-22,0.0,0.0,273.0,0.0,0,-0.025
15639,2017,2017-04-30,0.0,0.0,281.0,0.0,0,0.08
15640,2017,2017-04-20,0.0,0.0,299.0,0.0,0,0.029999999999999995
15641,2017,2017-04-29,0.0,0.0,308.0,0.0,0,0.14500000000000002
15642,2017,2017-04-29,0.0,0.0,308.0,0.0,0,0.14500000000000002
15643,2017,2017-04-24,0.0,0.0,275.0,0.0,0,0.08800000000000001
15644,2017,2017-04-30,0.0,0.0,309.0,0.0,0,0.14500000000000002
15645,2017,2017-04-24,0.0,0.0,275.0,0.0,0,0.10600000000000001
15646,2017,2017-04-24,0.0,0.0,275.0,0.0,0,0.05600000000000001
15647,2017,2017-05-04,0.0,0.0,313.0,0.0,0,0.26
15648,2017,2017-05-03,0.0,0.0,284.0,0.0,0,0.2575
15649,2017,2017-05-03,0.0,0.0,284.0,0.0,0,0.21750000000000003
15650,2017,2017-05-04,0.0,0.0,285.0,0.0,0,0.245
15651,2017,2017-05-05,0.0,0.0,286.0,0.0,0,0.21749999999999997
15652,2017,2017-05-05,0.0,0.0,286.0,0.0,0,0.19
15653,2017,2017-05-06,0.0,0.0,315.0,0.0,0,0.24
15654,2017,2017-05-06,0.0,0.0,315.0,0.0,0,0.225
15655,2017,2017-05-06,0.0,0.0,315.0,0.0,0,0.23
15656,2017,2017-05-05,0.0,0.0,286.0,0.0,0,0.15999999999999998
15657,2019,2019-07-18,0.81,-0.1399999999999999,71.0,0.95,0,1.014
15657,2019,2019-11-07,0.0,0.0,183.0,0.95,0,1.162
15658,2013,2013-07-20,0.0,0.0,,0.0,0,0.4375
15658,2013,2013-07-31,0.0,0.0,,0.0,0,0.40800000000000003
15658,2013,2013-08-01,0.0,0.0,,0.0,0,0.40800000000000003
15659,2013,2013-07-20,0.0,0.0,,0.0,0,0.4375
15659,2013,2013-07-29,0.0,0.0,,0.0,0,0.415
15659,2013,2013-07-30,0.0,0.0,,0.0,0,0.415
15660,2019,2019-03-29,0.0,0.0,,0.0,0,0.13249999999999995
15661,2019,2019-01-07,0.0,0.0,,0.0,0,0.326
15661,2019,2019-06-06,0.3,0.3,1.0,0.3,0,0.8320000000000001
15662,2019,2019-03-05,0.0,0.0,,0.0,0,-0.11249999999999998
15663,2019,2019-06-07,0.3,0.3,2.0,0.3,0,0.8999999999999999
15663,2019,2019-12-01,0.0,0.0,158.0,0.6,0,0.6275
15664,2019,2019-03-07,0.0,0.0,,0.0,0,-0.030000000000000006
15664,2019,2019-06-07,0.3,0.3,2.0,0.3,0,0.8999999999999999
15665,2019,2019-03-16,0.0,0.0,,0.0,0,0.1775
15665,2019,2019-06-13,0.58,0.58,1.0,0.58,0,0.884
15666,2019,2019-06-13,0.58,0.58,1.0,0.58,0,0.884
15667,2019,2019-01-07,0.0,0.0,,0.0,0,0.33799999999999997
15667,2019,2019-03-04,0.0,0.0,,0.0,0,-0.1275
15667,2019,2019-06-07,0.3,0.3,2.0,0.3,0,0.8999999999999999
15668,2018,2018-12-21,0.0,0.0,,0.0,0,0.29500000000000004
15669,2019,2019-03-12,0.0,0.0,,0.0,0,0.037500000000000006
15669,2019,2019-06-19,0.44,0.44,14.0,0.44,0,0.8879999999999999
15670,2019,2019-03-12,0.0,0.0,,0.0,0,0.037500000000000006
15670,2019,2019-06-19,0.44,0.44,14.0,0.44,0,0.8879999999999999
15671,2019,2019-03-12,0.0,0.0,,0.0,0,0.037500000000000006
15671,2019,2019-06-19,0.44,0.44,14.0,0.44,0,0.8879999999999999
15672,2019,2019-03-04,0.0,0.0,279.0,0.0,0,-0.1275
15672,2019,2019-06-06,0.29,0.29,1.0,0.29,0,0.882
15673,2020,2020-01-08,0.0,0.0,196.0,0.45,0,0.6080000000000001
15674,2017,2017-01-11,0.0,-1.97,102.0,2.9,0,0.7340000000000001
15674,2017,2017-12-06,1.62,-3.5999999999999996,44.0,5.22,63,0.55
15674,2018,2018-01-31,0.0,-0.77,100.0,5.22,14,0.6380000000000001
15674,2018,2018-10-15,0.29,0.29,357.0,0.29,0,0.645
15675,2017,2017-01-11,0.0,-2.02,102.0,2.92,0,0.74
15675,2017,2017-12-06,1.48,-3.5900000000000003,44.0,5.07,63,0.52
15675,2018,2018-01-31,0.0,-0.62,100.0,5.07,14,0.648
15675,2018,2018-10-15,0.14,0.14,357.0,0.14,0,0.625
15676,2018,2018-05-12,0.0,0.0,173.0,5.25,0,0.0675
15677,2016,2016-02-15,0.0,0.0,136.0,1.47,0,0.225
15677,2017,2017-07-30,0.0,0.0,302.0,0.0,0,0.9600000000000001
15677,2017,2017-12-04,1.0,-2.44,42.0,3.44,0,0.518
15677,2018,2018-02-25,0.0,0.0,125.0,3.44,0,0.265
15677,2018,2018-10-17,0.44,0.14,359.0,0.44,0,0.5780000000000001
15677,2019,2019-04-27,0.0,0.0,214.0,0.44,0,0.2425
15678,2018,2018-10-16,0.14,0.0,358.0,0.14,0,0.634
15679,2017,2017-01-10,0.0,-2.03,101.0,2.78,0,0.744
15679,2017,2017-12-05,1.34,-3.24,43.0,4.58,56,0.47800000000000004
15679,2018,2018-02-01,0.0,-0.48,101.0,4.58,14,0.6125
15679,2018,2018-10-16,0.0,0.0,358.0,0.0,0,0.6140000000000001
15680,2017,2017-01-10,0.0,-2.03,101.0,2.78,0,0.744
15680,2017,2017-12-05,1.34,-3.24,43.0,4.58,56,0.47800000000000004
15680,2018,2018-02-01,0.0,-0.48,101.0,4.58,14,0.6125
15681,2018,2018-05-12,0.0,0.0,173.0,5.44,0,0.04500000000000001
15681,2018,2018-05-13,0.0,0.0,174.0,5.44,0,0.04500000000000001
15682,2017,2017-07-30,0.0,0.0,302.0,0.0,0,1.0150000000000001
15682,2017,2017-12-04,1.02,-3.0100000000000002,42.0,4.03,21,0.47400000000000003
15682,2018,2018-02-25,0.0,0.0,125.0,4.03,0,0.305
15682,2018,2018-10-17,0.0,0.0,359.0,0.0,0,0.5860000000000001
15682,2019,2019-04-27,0.0,0.0,,0.0,0,0.305
15683,2018,2018-10-13,0.0,0.0,355.0,0.0,0,0.6125
15683,2019,2019-04-28,0.0,0.0,,0.0,0,0.39249999999999996
15683,2019,2019-10-18,2.43,0.8800000000000001,9.0,2.43,0,0.8700000000000001
15684,2017,2017-04-25,0.0,0.0,206.0,2.78,0,0.644
15684,2018,2018-02-28,0.0,0.0,128.0,4.58,0,0.31999999999999995
15685,2017,2017-08-30,3.71,-1.04,37.0,4.75,63,0.8899999999999999
15686,2017,2017-03-22,0.0,0.0,235.0,1.24,0,0.13
15687,2016,2016-02-01,0.0,0.0,122.0,1.31,0,0.265
15687,2016,2016-05-19,0.0,0.0,230.0,1.31,0,0.6575
15687,2017,2017-04-25,0.0,0.0,206.0,2.94,0,0.644
15687,2018,2018-03-22,0.0,0.0,150.0,4.58,0,0.41750000000000004
15687,2018,2018-10-13,0.0,0.0,355.0,0.0,0,0.61
15687,2019,2019-04-28,0.0,0.0,,0.0,0,0.38749999999999996
15687,2019,2019-10-18,2.26,0.7299999999999998,9.0,2.26,0,0.8875000000000001
15688,2019,2019-06-13,0.0,0.0,,0.0,0,0.588
15689,2018,2018-10-13,0.0,0.0,334.0,0.0,0,0.45
15690,2018,2018-10-13,0.0,0.0,334.0,0.0,0,0.4825
15691,2018,2018-10-13,0.0,0.0,334.0,0.0,0,0.43749999999999994
15692,2018,2018-10-13,0.0,0.0,334.0,0.0,0,0.43749999999999994
15693,2018,2018-10-14,0.0,0.0,335.0,0.0,0,0.4325
15694,2019,2019-03-15,0.0,0.0,,0.0,0,0.185
15695,2019,2019-03-16,0.0,0.0,,0.0,0,0.185
15696,2019,2019-03-14,0.0,0.0,,0.0,0,0.21600000000000003
15697,2019,2019-03-16,0.0,0.0,,0.0,0,0.2
15698,2019,2019-07-25,2.8000000000000003,0.31000000000000005,22.0,2.8000000000000003,0,0.9520000000000002
15699,2019,2019-07-24,2.8000000000000003,0.31000000000000005,21.0,2.8000000000000003,0,0.9520000000000002
15700,2019,2019-07-24,2.8000000000000003,0.31000000000000005,21.0,2.8000000000000003,0,0.9520000000000002
15701,2019,2019-07-24,2.8000000000000003,0.31000000000000005,21.0,2.8000000000000003,0,0.9520000000000002
15702,2019,2019-07-24,2.8000000000000003,0.31000000000000005,21.0,2.8000000000000003,0,0.9520000000000002
15703,2019,2019-07-23,2.8000000000000003,1.4700000000000002,20.0,2.8000000000000003,0,1.0775000000000001
15704,2019,2019-07-23,2.8000000000000003,1.4700000000000002,20.0,2.8000000000000003,0,1.0775000000000001
15705,2019,2019-07-24,3.16,0.45999999999999996,7.0,3.16,0,1.016
15706,2019,2019-07-24,3.16,0.45999999999999996,7.0,3.16,0,1.016
15707,2018,2018-05-16,0.0,0.0,233.0,3.0,0,0.284
15708,2018,2018-01-20,0.0,0.0,117.0,2.42,0,0.726
15709,2018,2018-01-19,0.0,0.0,116.0,2.56,0,0.7020000000000001
15710,2018,2018-01-19,0.0,0.0,116.0,2.56,0,0.7020000000000001
15711,2018,2018-01-21,0.0,0.0,118.0,1.49,0,0.6340000000000001
15713,2019,2019-06-13,0.0,0.0,,0.0,0,0.174
15714,2018,2018-08-03,0.0,0.0,326.0,0.0,0,0.24
15715,2018,2018-08-04,0.0,0.0,327.0,0.0,0,0.2325
15716,2013,2013-07-20,0.0,0.0,271.0,0.0,0,0.2525
15717,2014,2014-08-19,0.0,0.0,314.0,0.0,0,0.45749999999999996
15719,2019,2019-03-24,0.0,0.0,,0.0,0,0.1575
15724,2019,2019-07-21,0.0,0.0,292.0,0.0,0,1.4925
15726,2018,2018-07-01,0.14,0.14,307.0,0.14,0,1.0350000000000001
15726,2019,2019-06-30,0.0,0.0,320.0,0.0,0,0.9225
15727,2019,2019-04-11,0.0,0.0,240.0,1.83,0,0.384
15728,2018,2018-06-10,0.0,0.0,258.0,0.5,0,0.7250000000000001
15729,2019,2019-06-15,0.0,0.0,305.0,0.0,0,1.0175
15730,2019,2019-09-17,2.09,0.0,41.0,2.09,0,0.675
15730,2019,2019-09-19,2.09,0.0,43.0,2.09,0,0.6940000000000001
15731,2019,2019-06-09,0.0,0.0,,0.0,0,0.3725
15731,2019,2019-06-28,0.0,0.0,,0.0,0,1.7725
15732,2019,2019-04-29,0.0,0.0,244.0,1.74,0,0.78
15733,2018,2018-07-13,0.0,0.0,,0.0,0,1.3074999999999999
15734,2019,2019-12-16,0.0,-3.38,89.0,8.290000000000001,56,1.155
15735,2020,2020-01-24,0.0,0.0,142.0,7.23,14,0.168
15736,2013,2013-03-15,0.0,0.0,193.0,5.72,0,0.6175
15736,2013,2013-03-30,0.0,0.0,208.0,5.72,0,0.63
15736,2013,2013-10-01,3.42,0.0,358.0,3.42,0,1.24
15736,2014,2014-03-12,0.0,0.0,196.0,3.42,0,0.6975000000000001
15736,2014,2014-12-27,0.0,0.0,114.0,4.7700000000000005,35,0.35250000000000004
15736,2015,2015-03-31,0.0,0.0,208.0,4.7700000000000005,0,0.465
15736,2018,2018-05-07,0.0,0.0,259.0,0.0,0,0.8175000000000001
15736,2019,2019-05-25,0.0,0.0,256.0,0.18,0,-0.47500000000000003
999410,2013,2013-02-25,0.0,0.0,,0.0,0,0.11250000000000002
999412,2013,2013-02-26,0.0,0.0,,0.0,0,-0.007500000000000007
999413,2013,2013-02-26,0.0,0.0,,0.0,0,-0.019999999999999997
999414,2013,2013-02-23,0.0,0.0,,0.0,0,0.125
999415,2013,2013-02-24,0.0,0.0,,0.0,0,0.09
999416,2013,2013-02-24,0.0,0.0,,0.0,0,0.1125
999417,2013,2013-02-20,0.0,0.0,,0.0,0,0.264
999418,2013,2013-02-23,0.0,0.0,,0.0,0,0.105
999419,2013,2013-02-20,0.0,0.0,,0.0,0,0.264
999420,2013,2013-02-20,0.0,0.0,,0.0,0,0.264
999421,2013,2013-02-27,0.0,0.0,,0.0,0,0.31799999999999995
999422,2013,2013-02-27,0.0,0.0,,0.0,0,0.5
999423,2013,2013-02-21,0.0,0.0,,0.0,0,0.23200000000000004
999424,2013,2013-02-21,0.0,0.0,,0.0,0,0.23200000000000004
999425,2013,2013-02-22,0.0,0.0,,0.0,0,0.18
999426,2013,2013-02-21,0.0,0.0,,0.0,0,0.25799999999999995
999427,2013,2013-02-22,0.0,0.0,,0.0,0,0.21000000000000002
999428,2013,2013-02-22,0.0,0.0,,0.0,0,0.23
999483,2013,2013-04-24,0.0,0.0,,0.0,0,0.22400000000000003
999485,2013,2013-04-24,0.0,0.0,,0.0,0,0.21199999999999997
999487,2013,2013-04-23,0.0,0.0,,0.0,0,-0.017500000000000016
999488,2013,2013-04-23,0.0,0.0,,0.0,0,-0.017500000000000016
999490,2013,2013-04-23,0.0,0.0,,0.0,0,-0.017500000000000016
999506,2013,2013-09-09,0.0,0.0,,0.0,0,-0.26
999514,2013,2013-09-10,0.0,0.0,,0.0,0,-0.3
999530,2013,2013-09-08,0.0,0.0,,0.0,0,-0.22249999999999998
999531,2016,2016-06-15,0.0,0.0,236.0,0.81,0,0.9850000000000001
999532,2014,2014-10-10,0.0,0.0,345.0,0.0,0,0.288
999533,2014,2014-10-12,0.0,0.0,347.0,0.0,0,0.36
999535,2013,2013-09-08,0.0,0.0,,0.0,0,-0.26
999546,2013,2013-09-10,0.0,0.0,,0.0,0,-0.3
999721,2013,2013-09-08,0.0,0.0,,0.0,0,-0.315
999736,2015,2015-03-23,0.0,0.0,151.0,0.15,0,0.3975
999766,2013,2013-09-09,0.0,0.0,,0.0,0,-0.26
999767,2015,2015-03-17,0.0,0.0,145.0,0.15,0,0.5225000000000001
999797,2015,2015-03-30,0.0,0.0,158.0,0.15,0,0.3725
999820,2015,2015-03-12,0.0,0.0,140.0,0.15,0,0.6875
999824,2013,2013-09-10,0.0,0.0,,0.0,0,-0.3
999845,2015,2015-03-05,0.0,0.0,133.0,0.15,0,0.74
999868,2013,2013-09-08,0.0,0.0,,0.0,0,-0.22249999999999998
999875,2014,2014-08-06,0.0,0.0,280.0,0.0,0,0.14
999876,2014,2014-08-06,0.0,0.0,280.0,0.0,0,0.14
999877,2014,2014-10-19,0.0,0.0,354.0,0.0,0,0.48000000000000004
999878,2014,2014-10-10,0.0,0.0,345.0,0.0,0,0.288
999904,2015,2015-03-18,0.0,0.0,146.0,0.15,0,0.5225000000000001
999906,2015,2015-03-26,0.0,0.0,154.0,0.15,0,0.3975
999958,2013,2013-09-11,0.0,0.0,,0.0,0,-0.15
999966,2013,2013-09-11,0.0,0.0,,0.0,0,-0.196
999975,2014,2014-10-18,0.0,0.0,360.0,0.0,0,0.4175
999977,2013,2013-09-11,0.0,0.0,,0.0,0,-0.196
1000001,2015,2015-03-11,0.0,0.0,139.0,0.15,0,0.6875
1000028,2013,2013-06-08,0.0,0.0,229.0,0.64,0,0.3725
1000052,2016,2016-03-01,5.28,1.37,3.0,5.28,21,0.8275
1000053,2016,2016-06-03,16.04,2.59,6.0,16.04,84,1.5574999999999999
1000054,2016,2016-06-03,17.13,3.629999999999999,6.0,17.13,84,1.5799999999999998
1000055,2016,2016-06-03,16.55,3.7600000000000016,6.0,16.55,84,1.5525
1000056,2015,2015-06-24,1.71,0.0,61.0,1.71,0,0.035
1000057,2016,2016-05-15,9.43,3.9399999999999995,1.0,9.43,49,1.214
1000058,2016,2016-05-15,9.75,4.06,1.0,9.75,49,1.208
1000059,2016,2016-05-15,10.05,4.24,1.0,10.05,49,1.212
1000060,2016,2016-05-15,9.28,3.789999999999999,1.0,9.28,49,1.218
