reef_id,latitude,longitude,year,peak_dhw,max_sst_anomaly,p_significant_bleaching,risk_band,beyond_training_dhw
4,-19.1483,146.8703,2026,0.61,1.14,0.18456886946481552,watch (0-4),False
6,-19.1227,146.8814,2026,0.61,1.14,0.18456886946481552,watch (0-4),False
7,-19.1219,146.8808,2026,0.61,1.14,0.18456886946481552,watch (0-4),False
8,-18.9561,146.9562,2026,0.0,1.02,0.08638076180651055,none,False
9,-18.7979,147.5206,2026,0.14,1.09,0.10731461800394804,watch (0-4),False
10,-18.7974,147.52,2026,0.14,1.09,0.10731461800394804,watch (0-4),False
11,-18.796,147.5213,2026,0.14,1.09,0.10731461800394804,watch (0-4),False
12,-18.7949,147.5212,2026,0.14,1.09,0.10731461800394804,watch (0-4),False
14,-18.6872,147.0968,2026,0.76,1.1,0.21041792930845363,watch (0-4),False
31,-20.8998,149.4077,2026,0.15,1.13,0.10885793516686067,watch (0-4),False
32,-20.8931,149.421,2026,0.15,1.13,0.10885793516686067,watch (0-4),False
36,-20.7458,149.4721,2026,0.0,1.19,0.08638076180651055,none,False
37,-20.7377,149.4649,2026,0.0,1.19,0.08638076180651055,none,False
38,-20.2594,148.8146,2026,0.0,1.03,0.08638076180651055,none,False
39,-20.2526,148.8129,2026,0.0,1.03,0.08638076180651055,none,False
40,-20.2504,148.8144,2026,0.0,1.03,0.08638076180651055,none,False
42,-20.0658,148.9481,2026,0.0,0.99,0.08638076180651055,none,False
45,-20.039,148.8758,2026,0.0,0.98,0.08638076180651055,none,False
48,-19.8178,149.0658,2026,0.0,1.05,0.08638076180651055,none,False
49,-19.8131,149.0657,2026,0.0,1.05,0.08638076180651055,none,False
50,-19.8076,149.0627,2026,0.0,1.05,0.08638076180651055,none,False
52,-19.7458,149.1659,2026,0.0,1.09,0.08638076180651055,none,False
53,-19.7456,149.1658,2026,0.0,1.09,0.08638076180651055,none,False
54,-19.1983,146.8152,2026,1.44,1.23,0.32660425381028296,watch (0-4),False
55,-19.1981,146.815,2026,1.44,1.23,0.32660425381028296,watch (0-4),False
56,-19.1707,146.8485,2026,1.44,1.23,0.32660425381028296,watch (0-4),False
57,-19.1694,146.8472,2026,1.44,1.23,0.32660425381028296,watch (0-4),False
59,-19.1692,146.8469,2026,1.44,1.23,0.32660425381028296,watch (0-4),False
60,-19.1543,146.8661,2026,0.97,1.2,0.2467932703820682,watch (0-4),False
61,-19.1542,146.8658,2026,0.97,1.2,0.2467932703820682,watch (0-4),False
82,-16.9322,145.9865,2026,4.92,1.47,0.7111768628006016,significant (4-8),False
87,-16.8725,146.2044,2026,4.22,1.44,0.6616014676951243,significant (4-8),False
103,-16.5667,145.9833,2026,4.84,1.52,0.7060272951520872,significant (4-8),False
104,-16.5192,146.0056,2026,4.7,1.48,0.6967119498202922,significant (4-8),False
105,-16.5125,146.0011,2026,4.7,1.48,0.6967119498202922,significant (4-8),False
109,-16.4581,145.9825,2026,4.72,1.44,0.6980669031721174,significant (4-8),False
111,-16.4208,145.9957,2026,4.73,1.43,0.6987413190551208,significant (4-8),False
116,-16.3772,145.558,2026,5.1000000000000005,1.71,0.7223222962684842,significant (4-8),False
119,-16.25,145.8333,2026,4.82,1.49,0.7047204532365611,significant (4-8),False
122,-16.2419,145.8619,2026,4.78,1.45,0.7020830612620275,significant (4-8),False
123,-16.2417,145.864,2026,4.78,1.45,0.7020830612620275,significant (4-8),False
126,-16.2309,145.8676,2026,4.78,1.45,0.7020830612620275,significant (4-8),False
129,-16.0,145.9667,2026,5.22,1.48,0.7294275132920983,significant (4-8),False
130,-15.983,145.8224,2026,4.36,1.52,0.6723764772674985,significant (4-8),False
131,-15.9829,145.8224,2026,4.36,1.52,0.6723764772674985,significant (4-8),False
166,-28.1625,153.5311,2026,0.0,1.29,0.08638076180651055,none,False
167,-28.1092,153.4758,2026,0.0,1.27,0.08638076180651055,none,False
170,-27.9397,153.4208,2026,0.0,1.27,0.08638076180651055,none,False
171,-27.9369,153.4256,2026,0.0,1.27,0.08638076180651055,none,False
174,-27.5689,153.3519,2026,0.67,1.26,0.19487730810121812,watch (0-4),False
175,-27.5177,153.3846,2026,0.67,1.37,0.19487730810121812,watch (0-4),False
176,-27.5166,153.3829,2026,0.67,1.37,0.19487730810121812,watch (0-4),False
179,-27.5022,153.3707,2026,0.67,1.37,0.19487730810121812,watch (0-4),False
180,-27.5,153.3752,2026,0.64,1.45,0.18971660303158563,watch (0-4),False
181,-27.472,153.4099,2026,0.46,1.51,0.15909714833704156,watch (0-4),False
182,-27.4701,153.3491,2026,0.68,1.46,0.1966000854756383,watch (0-4),False
186,-27.4246,153.2278,2026,0.93,1.49,0.23987028949407335,watch (0-4),False
188,-27.4191,153.2416,2026,0.93,1.49,0.23987028949407335,watch (0-4),False
192,-27.4182,153.235,2026,0.93,1.49,0.23987028949407335,watch (0-4),False
194,-27.4143,153.5261,2026,0.74,1.72,0.20695849319787982,watch (0-4),False
198,-27.4142,153.5264,2026,0.74,1.72,0.20695849319787982,watch (0-4),False
204,-27.4007,153.4373,2026,0.44,1.64,0.15574365071661003,watch (0-4),False
207,-27.3967,153.5569,2026,0.95,1.74,0.24333282757185437,watch (0-4),False
210,-27.3906,153.5511,2026,0.95,1.74,0.24333282757185437,watch (0-4),False
213,-27.3472,153.2432,2026,0.0,1.45,0.08638076180651055,none,False
215,-27.3448,153.2388,2026,0.0,1.45,0.08638076180651055,none,False
221,-26.9799,153.4882,2026,0.6,1.65,0.18285618728489503,watch (0-4),False
225,-26.9777,153.484,2026,0.6,1.65,0.18285618728489503,watch (0-4),False
227,-26.9775,153.4839,2026,0.6,1.65,0.18285618728489503,watch (0-4),False
231,-26.8033,153.1456,2026,0.0,1.0,0.08638076180651055,none,False
239,-26.7517,153.1579,2026,0.0,1.0,0.08638076180651055,none,False
244,-26.645,153.1608,2026,0.0,0.98,0.08638076180651055,none,False
249,-26.615,153.1129,2026,0.0,0.93,0.08638076180651055,none,False
254,-26.615,153.1128,2026,0.0,0.93,0.08638076180651055,none,False
258,-25.6496,152.9146,2026,2.42,1.22,0.47385562846855867,watch (0-4),False
260,-25.2822,152.9253,2026,0.64,1.11,0.18971660303158563,watch (0-4),False
262,-25.2631,152.9381,2026,0.64,1.11,0.18971660303158563,watch (0-4),False
264,-25.2444,152.8253,2026,0.3,1.06,0.13265032878169147,watch (0-4),False
267,-24.8836,152.4908,2026,0.0,0.81,0.08638076180651055,none,False
269,-24.8103,152.4711,2026,0.0,0.79,0.08638076180651055,none,False
271,-24.114,152.7178,2026,0.14,1.38,0.10731461800394804,watch (0-4),False
275,-23.4604,151.9292,2026,0.62,1.1,0.18628321620082808,watch (0-4),False
278,-23.4548,151.9238,2026,0.62,1.1,0.18628321620082808,watch (0-4),False
281,-23.4511,151.9182,2026,0.62,1.1,0.18628321620082808,watch (0-4),False
284,-23.4472,151.9119,2026,0.47,1.12,0.16077825055832065,watch (0-4),False
287,-23.4447,151.9184,2026,0.47,1.12,0.16077825055832065,watch (0-4),False
290,-23.4438,151.9133,2026,0.47,1.12,0.16077825055832065,watch (0-4),False
293,-23.4431,151.9094,2026,0.47,1.12,0.16077825055832065,watch (0-4),False
295,-23.4425,151.9201,2026,0.47,1.12,0.16077825055832065,watch (0-4),False
297,-23.4416,151.9048,2026,0.47,1.12,0.16077825055832065,watch (0-4),False
299,-23.4411,151.9105,2026,0.47,1.12,0.16077825055832065,watch (0-4),False
302,-23.4401,151.9173,2026,0.47,1.12,0.16077825055832065,watch (0-4),False
304,-23.4388,151.9139,2026,0.47,1.12,0.16077825055832065,watch (0-4),False
310,-23.4349,151.911,2026,0.47,1.12,0.16077825055832065,watch (0-4),False
312,-23.4346,151.9224,2026,0.47,1.12,0.16077825055832065,watch (0-4),False
314,-23.4343,151.9334,2026,0.47,1.12,0.16077825055832065,watch (0-4),False
317,-23.434,151.9177,2026,0.47,1.12,0.16077825055832065,watch (0-4),False
319,-23.4337,151.9249,2026,0.47,1.12,0.16077825055832065,watch (0-4),False
1032,-27.4785,153.3661,2026,0.64,1.45,0.18971660303158563,watch (0-4),False
1033,-27.4753,153.4014,2026,0.46,1.51,0.15909714833704156,watch (0-4),False
1034,-27.4738,153.4049,2026,0.46,1.51,0.15909714833704156,watch (0-4),False
1035,-27.4142,153.5258,2026,0.74,1.72,0.20695849319787982,watch (0-4),False
1036,-27.4142,153.5264,2026,0.74,1.72,0.20695849319787982,watch (0-4),False
1044,-26.7514,153.1578,2026,0.0,1.0,0.08638076180651055,none,False
1045,-26.6772,153.12,2026,0.0,0.94,0.08638076180651055,none,False
1047,-26.6352,153.1518,2026,0.0,0.98,0.08638076180651055,none,False
1048,-26.635,153.1517,2026,0.0,0.98,0.08638076180651055,none,False
1049,-26.6121,153.1129,2026,0.0,0.93,0.08638076180651055,none,False
1051,-26.3625,153.115,2026,0.0,0.95,0.08638076180651055,none,False
1057,-24.114,152.7197,2026,0.14,1.38,0.10731461800394804,watch (0-4),False
1058,-24.1114,152.7106,2026,0.14,1.38,0.10731461800394804,watch (0-4),False
1059,-24.1106,152.7113,2026,0.14,1.38,0.10731461800394804,watch (0-4),False
1060,-24.1094,152.7136,2026,0.14,1.38,0.10731461800394804,watch (0-4),False
1061,-23.4334,151.9248,2026,0.47,1.12,0.16077825055832065,watch (0-4),False
1062,-22.1486,113.8679,2026,0.0,1.81,0.08638076180651055,none,False
1063,-22.1483,113.8675,2026,0.0,1.81,0.08638076180651055,none,False
1064,-22.1347,113.8759,2026,0.0,1.81,0.08638076180651055,none,False
1065,-22.1322,113.8766,2026,0.0,1.81,0.08638076180651055,none,False
1066,-22.131,113.8774,2026,0.0,1.81,0.08638076180651055,none,False
1067,-21.9088,113.9642,2026,0.0,1.79,0.08638076180651055,none,False
1114,-16.5001,146.0172,2026,4.7,1.48,0.6967119498202922,significant (4-8),False
1118,-16.25,145.8331,2026,4.82,1.49,0.7047204532365611,significant (4-8),False
1125,-16.2356,145.8689,2026,4.78,1.45,0.7020830612620275,significant (4-8),False
1303,24.4317,-76.6857,2026,11.08,1.88,0.901006230445076,severe (8+),False
1304,24.4334,-76.6809,2026,11.08,1.88,0.901006230445076,severe (8+),False
1308,24.8039,-76.3402,2026,15.67,2.46,0.9426110559131758,severe (8+),False
1309,24.8178,-76.3483,2026,15.67,2.46,0.9426110559131758,severe (8+),False
1315,25.093,-77.233,2026,12.06,2.02,0.9130484179301708,severe (8+),False
1317,25.6573,-79.3056,2026,13.82,2.21,0.9297709584738355,severe (8+),False
1318,25.6626,-79.3077,2026,13.82,2.21,0.9297709584738355,severe (8+),False
1525,17.8339,-87.9939,2026,8.950000000000001,1.74,0.8644655188162973,severe (8+),False
1539,17.9385,-87.9349,2026,7.95,1.59,0.8400677041481707,significant (4-8),False
1901,4.8456,114.329,2026,6.46,1.67,0.7900023242962844,significant (4-8),False
1902,4.8481,114.3288,2026,6.46,1.67,0.7900023242962844,significant (4-8),False
1903,4.905,114.6463,2026,7.08,1.8,0.8132522511173039,significant (4-8),False
1904,4.9055,114.6449,2026,7.08,1.8,0.8132522511173039,significant (4-8),False
1905,4.9066,114.6418,2026,7.08,1.8,0.8132522511173039,significant (4-8),False
1906,4.9078,114.6449,2026,7.08,1.8,0.8132522511173039,significant (4-8),False
1907,4.919,114.3709,2026,6.23,1.62,0.7803205506812999,significant (4-8),False
1908,4.92,114.3709,2026,6.23,1.62,0.7803205506812999,significant (4-8),False
1909,4.9334,114.3298,2026,5.98,1.63,0.7690634699395179,significant (4-8),False
1910,4.9335,114.3295,2026,5.98,1.63,0.7690634699395179,significant (4-8),False
1911,4.9377,114.6558,2026,7.26,1.82,0.8193084702214052,significant (4-8),False
1912,4.9381,114.6522,2026,7.26,1.82,0.8193084702214052,significant (4-8),False
1913,4.9385,114.658,2026,7.26,1.82,0.8193084702214052,significant (4-8),False
1914,4.9401,114.6551,2026,7.26,1.82,0.8193084702214052,significant (4-8),False
1915,4.9523,114.371,2026,6.19,1.61,0.7785723331230688,significant (4-8),False
1916,4.9777,114.6236,2026,6.86,1.78,0.8054451699028162,significant (4-8),False
1917,4.9808,114.6234,2026,6.86,1.78,0.8054451699028162,significant (4-8),False
1919,5.0131,114.7123,2026,7.44,1.79,0.8250848776748757,significant (4-8),False
1920,5.0145,114.7153,2026,7.44,1.79,0.8250848776748757,significant (4-8),False
1921,5.02,114.7276,2026,7.44,1.79,0.8250848776748757,significant (4-8),False
1922,5.0201,114.7302,2026,7.44,1.79,0.8250848776748757,significant (4-8),False
1923,5.0833,115.0527,2026,8.74,1.78,0.8598185883239503,severe (8+),False
1924,5.0835,115.0521,2026,8.74,1.78,0.8598185883239503,severe (8+),False
1926,5.0964,114.9718,2026,7.84,1.71,0.8369985693395782,significant (4-8),False
1927,5.0981,114.971,2026,7.84,1.71,0.8369985693395782,significant (4-8),False
1928,5.1027,114.7643,2026,7.01,1.73,0.8108178480158198,significant (4-8),False
1929,5.1034,114.7646,2026,7.01,1.73,0.8108178480158198,significant (4-8),False
1930,5.1074,115.0704,2026,8.14,1.76,0.845173689102068,severe (8+),False
1931,5.1082,115.0699,2026,8.14,1.76,0.845173689102068,severe (8+),False
1932,5.1085,115.0699,2026,8.14,1.76,0.845173689102068,severe (8+),False
1933,5.1779,114.7561,2026,6.19,1.76,0.7785723331230688,significant (4-8),False
1934,5.1791,114.7572,2026,6.19,1.76,0.7785723331230688,significant (4-8),False
1935,5.2021,114.7689,2026,5.64,1.79,0.7524075966595641,significant (4-8),False
1936,5.203,114.7672,2026,5.64,1.79,0.7524075966595641,significant (4-8),False
1937,5.2088,114.7287,2026,5.09,1.77,0.7217186817625534,significant (4-8),False
1947,10.6521,103.2758,2026,0.65,1.35,0.19143549464699805,watch (0-4),False
1948,10.6647,103.2572,2026,0.65,1.35,0.19143549464699805,watch (0-4),False
1949,10.6757,103.2583,2026,0.65,1.35,0.19143549464699805,watch (0-4),False
1950,10.6814,103.2576,2026,0.65,1.35,0.19143549464699805,watch (0-4),False
1951,10.6826,103.2582,2026,0.65,1.35,0.19143549464699805,watch (0-4),False
1952,10.702,103.2333,2026,0.8,1.38,0.2173435555730575,watch (0-4),False
1953,10.7258,103.333,2026,1.91,1.46,0.4011476832473173,watch (0-4),False
1954,10.7304,103.3281,2026,1.91,1.46,0.4011476832473173,watch (0-4),False
1955,10.7336,103.189,2026,0.63,1.34,0.18799915224796468,watch (0-4),False
1956,10.7354,103.2086,2026,0.8,1.38,0.2173435555730575,watch (0-4),False
1957,10.7367,103.2759,2026,1.56,1.42,0.3462460663223232,watch (0-4),False
1958,10.7378,103.1977,2026,0.63,1.34,0.18799915224796468,watch (0-4),False
1959,10.7389,103.1984,2026,0.63,1.34,0.18799915224796468,watch (0-4),False
1960,10.7433,103.2781,2026,1.56,1.42,0.3462460663223232,watch (0-4),False
1961,10.7519,103.1894,2026,0.95,1.43,0.24333282757185437,watch (0-4),False
1962,10.7533,103.2582,2026,2.12,1.51,0.432180677940266,watch (0-4),False
1963,10.7544,103.1908,2026,0.95,1.43,0.24333282757185437,watch (0-4),False
1964,10.7592,103.2761,2026,2.12,1.51,0.432180677940266,watch (0-4),False
1965,10.764,103.1879,2026,0.95,1.43,0.24333282757185437,watch (0-4),False
1966,10.7646,103.1864,2026,0.95,1.43,0.24333282757185437,watch (0-4),False
1967,10.7649,103.1874,2026,0.95,1.43,0.24333282757185437,watch (0-4),False
1968,10.7672,103.191,2026,0.95,1.43,0.24333282757185437,watch (0-4),False
1969,10.7673,103.1903,2026,0.95,1.43,0.24333282757185437,watch (0-4),False
1970,10.7697,103.2564,2026,2.12,1.51,0.432180677940266,watch (0-4),False
1971,10.7699,103.2067,2026,2.03,1.48,0.41906490777007516,watch (0-4),False
1972,10.771,103.2018,2026,2.03,1.48,0.41906490777007516,watch (0-4),False
1973,10.7711,103.2074,2026,2.03,1.48,0.41906490777007516,watch (0-4),False
1974,10.7711,103.243,2026,2.03,1.48,0.41906490777007516,watch (0-4),False
1975,10.7711,103.2116,2026,2.03,1.48,0.41906490777007516,watch (0-4),False
1976,10.7713,103.2109,2026,2.03,1.48,0.41906490777007516,watch (0-4),False
1977,10.7761,103.2826,2026,2.12,1.51,0.432180677940266,watch (0-4),False
1978,10.7779,103.1883,2026,0.95,1.43,0.24333282757185437,watch (0-4),False
1979,10.7787,103.1891,2026,0.95,1.43,0.24333282757185437,watch (0-4),False
1980,10.7815,103.2181,2026,2.03,1.48,0.41906490777007516,watch (0-4),False
1981,10.7824,103.2207,2026,2.03,1.48,0.41906490777007516,watch (0-4),False
1982,10.7826,103.2022,2026,2.03,1.48,0.41906490777007516,watch (0-4),False
1983,10.7939,103.2638,2026,2.12,1.51,0.432180677940266,watch (0-4),False
1984,10.7945,103.2464,2026,2.03,1.48,0.41906490777007516,watch (0-4),False
1985,10.7966,103.2348,2026,2.03,1.48,0.41906490777007516,watch (0-4),False
2202,12.5022,-81.7332,2026,4.83,1.39,0.7053748565211686,significant (4-8),False
2205,12.5217,-81.7245,2026,4.83,1.39,0.7053748565211686,significant (4-8),False
2264,9.3834,-76.2281,2026,13.36,2.5,0.9259019259342405,severe (8+),False
2265,9.3884,-76.1726,2026,14.03,2.51,0.9314365351543881,severe (8+),False
2266,9.3969,-76.1893,2026,14.03,2.51,0.9314365351543881,severe (8+),False
2274,12.5052,-81.7316,2026,4.83,1.39,0.7053748565211686,significant (4-8),False
2275,12.5374,-81.7366,2026,4.83,1.39,0.7053748565211686,significant (4-8),False
2688,15.2138,-61.3718,2026,3.19,1.16,0.5664898040820645,watch (0-4),False
2689,15.2369,-61.3701,2026,3.19,1.16,0.5664898040820645,watch (0-4),False
2690,15.3808,-61.4125,2026,2.99,1.18,0.5443558071405145,watch (0-4),False
2691,15.4071,-61.4274,2026,3.02,1.18,0.547759335144269,watch (0-4),False
2692,15.4267,-61.4478,2026,3.02,1.18,0.547759335144269,watch (0-4),False
2693,15.4386,-61.4457,2026,3.02,1.18,0.547759335144269,watch (0-4),False
2694,15.5816,-61.4757,2026,2.97,1.17,0.5420701975746688,watch (0-4),False
2695,15.5905,-61.4741,2026,2.97,1.17,0.5420701975746688,watch (0-4),False
2701,15.2728,-61.3752,2026,3.18,1.16,0.5654138516720636,watch (0-4),False
2720,18.4348,-69.6852,2026,5.04,1.5,0.7186734943000528,significant (4-8),False
2721,18.437,-69.6207,2026,4.75,1.53,0.7000840631423331,significant (4-8),False
2722,18.4411,-69.6917,2026,5.04,1.5,0.7186734943000528,significant (4-8),False
2723,18.4491,-68.4202,2026,3.13,1.39,0.559986010672205,watch (0-4),False
2725,18.6557,-68.3598,2026,3.95,1.47,0.6394751385152366,watch (0-4),False
2729,19.7802,-70.6564,2026,3.18,1.35,0.5654138516720636,watch (0-4),False
2775,18.3435,-68.8467,2026,3.75,1.43,0.6218685804572402,watch (0-4),False
2783,18.4389,-69.6869,2026,5.04,1.5,0.7186734943000528,significant (4-8),False
2789,18.4488,-69.6839,2026,5.04,1.5,0.7186734943000528,significant (4-8),False
2811,19.1946,-69.3289,2026,8.26,1.74,0.8482766149661382,severe (8+),False
2812,19.2972,-69.1519,2026,5.98,1.62,0.7690634699395179,significant (4-8),False
2830,-8.2686,125.6087,2026,0.0,0.72,0.08638076180651055,none,False
2831,-8.2385,125.6115,2026,0.0,0.72,0.08638076180651055,none,False
2832,-8.2385,125.612,2026,0.0,0.72,0.08638076180651055,none,False
2833,-8.2324,125.6129,2026,0.0,0.72,0.08638076180651055,none,False
2834,-8.2216,125.6195,2026,0.0,0.72,0.08638076180651055,none,False
2835,-8.1461,125.6428,2026,0.0,0.76,0.08638076180651055,none,False
2878,24.9643,34.9361,2026,12.74,2.48,0.9201566402953804,severe (8+),False
2879,24.9694,34.9421,2026,12.74,2.48,0.9201566402953804,severe (8+),False
2888,26.1574,34.2462,2026,9.56,2.62,0.8767440850126162,severe (8+),False
2889,26.1575,34.2489,2026,9.56,2.62,0.8767440850126162,severe (8+),False
2890,26.1614,34.2467,2026,9.56,2.62,0.8767440850126162,severe (8+),False
2958,24.2156,35.4309,2026,8.43,2.35,0.8525187858380605,severe (8+),False
2959,24.2163,35.4328,2026,8.43,2.35,0.8525187858380605,severe (8+),False
2961,24.9272,34.9647,2026,12.67,2.46,0.9194660822540179,severe (8+),False
2962,24.9286,34.9635,2026,12.67,2.46,0.9194660822540179,severe (8+),False
2965,24.9435,34.9856,2026,12.67,2.46,0.9194660822540179,severe (8+),False
2966,24.9628,34.9416,2026,12.74,2.48,0.9201566402953804,severe (8+),False
2967,24.9654,34.936,2026,12.74,2.48,0.9201566402953804,severe (8+),False
2968,24.9661,34.9356,2026,12.74,2.48,0.9201566402953804,severe (8+),False
2973,25.0136,35.9267,2026,3.54,2.09,0.602190707419149,watch (0-4),False
2974,25.0139,34.9268,2026,12.94,2.48,0.9220812432504558,severe (8+),False
2977,25.1576,34.8553,2026,15.33,2.58,0.9405332167104884,severe (8+),False
2981,25.2372,34.8001,2026,14.94,2.57,0.9380061016928484,severe (8+),False
2982,25.244,34.7986,2026,13.97,2.52,0.9309668014166813,severe (8+),False
2984,25.2465,34.798,2026,13.97,2.52,0.9309668014166813,severe (8+),False
2986,25.3342,34.7446,2026,14.48,2.57,0.9348104157073511,severe (8+),False
2987,25.3918,34.7024,2026,14.79,2.61,0.9369906049523651,severe (8+),False
2990,26.1562,34.2466,2026,9.56,2.62,0.8767440850126162,severe (8+),False
2991,26.1573,34.2461,2026,9.56,2.62,0.8767440850126162,severe (8+),False
3009,28.3532,34.4351,2026,9.06,2.05,0.8668095079844481,severe (8+),False
3011,28.4208,34.4574,2026,8.32,1.98,0.8497940360759929,severe (8+),False
3015,28.437,34.4593,2026,8.32,1.98,0.8497940360759929,severe (8+),False
3021,28.4985,34.5198,2026,7.81,1.91,0.8361466357639118,significant (4-8),False
3024,28.5422,34.5163,2026,7.83,1.94,0.8367153099403533,significant (4-8),False
3027,28.5529,34.5193,2026,7.83,1.94,0.8367153099403533,significant (4-8),False
3028,28.5543,34.5203,2026,7.83,1.94,0.8367153099403533,significant (4-8),False
3031,28.5575,34.5239,2026,7.83,1.94,0.8367153099403533,significant (4-8),False
3033,28.573,34.5381,2026,7.83,1.94,0.8367153099403533,significant (4-8),False
3106,-17.9786,179.2251,2026,12.81,1.83,0.9208383186749393,severe (8+),False
3236,-19.0383,178.4569,2026,12.32,2.11,0.9158746284226053,severe (8+),False
3261,-17.7942,177.2022,2026,6.96,1.57,0.8090509217297795,significant (4-8),False
3307,-17.5827,178.8475,2026,10.72,1.66,0.895948580174802,severe (8+),False
3308,-17.5827,178.9398,2026,10.9,1.63,0.8985244707328579,severe (8+),False
3312,-17.5689,177.3018,2026,6.7,1.41,0.7994695545269772,significant (4-8),False
3313,-17.5632,177.3084,2026,6.7,1.41,0.7994695545269772,significant (4-8),False
3315,-17.3471,178.5226,2026,8.6,1.61,0.8565892106585035,severe (8+),False
3316,-17.3303,178.5924,2026,8.49,1.59,0.8539745538930971,severe (8+),False
3328,-17.2804,178.4596,2026,7.74,1.61,0.8341334014700695,significant (4-8),False
3330,-17.2783,178.4614,2026,7.74,1.61,0.8341334014700695,significant (4-8),False
3339,-17.1345,178.5204,2026,7.81,1.63,0.8361466357639118,significant (4-8),False
3340,-17.1133,179.0638,2026,9.15,1.71,0.8686830974404567,severe (8+),False
3343,-17.1103,179.0615,2026,9.15,1.71,0.8686830974404567,severe (8+),False
3353,-16.8114,-179.8481,2026,5.95,1.49,0.7676582379033547,significant (4-8),False
3355,-16.7987,179.9013,2026,4.98,1.37,0.7149588005559085,significant (4-8),False
3393,-21.1755,55.2835,2026,2.71,1.89,0.5111282408080252,watch (0-4),False
3394,-21.1659,55.2819,2026,2.71,1.89,0.5111282408080252,watch (0-4),False
3395,-21.0531,55.2211,2026,2.73,1.83,0.5135904950294548,watch (0-4),False
3399,-12.8941,45.2128,2026,0.0,1.29,0.08638076180651055,none,False
3400,-12.8172,45.2369,2026,0.0,1.3,0.08638076180651055,none,False
3401,-12.7612,45.066,2026,0.0,1.21,0.08638076180651055,none,False
3402,-12.71,45.1658,2026,0.0,1.44,0.08638076180651055,none,False
3403,-12.686,45.0388,2026,0.0,1.19,0.08638076180651055,none,False
3412,-21.2692,55.333,2026,2.95,1.79,0.5397712590801851,watch (0-4),False
3413,-21.2644,55.3277,2026,2.95,1.79,0.5397712590801851,watch (0-4),False
3415,-21.1831,55.2862,2026,2.71,1.89,0.5111282408080252,watch (0-4),False
3416,-21.1802,55.2859,2026,2.71,1.89,0.5111282408080252,watch (0-4),False
3417,-21.1711,55.2831,2026,2.71,1.89,0.5111282408080252,watch (0-4),False
3418,-21.1711,55.2856,2026,2.71,1.89,0.5111282408080252,watch (0-4),False
3419,-21.1641,55.2848,2026,2.71,1.89,0.5111282408080252,watch (0-4),False
3420,-21.1102,55.2475,2026,2.87,1.89,0.5304412880320004,watch (0-4),False
3421,-21.1076,55.2497,2026,2.87,1.89,0.5304412880320004,watch (0-4),False
3423,-21.1058,55.2392,2026,2.87,1.89,0.5304412880320004,watch (0-4),False
3425,-21.1028,55.2428,2026,2.87,1.89,0.5304412880320004,watch (0-4),False
3426,-21.0998,55.2314,2026,2.73,1.83,0.5135904950294548,watch (0-4),False
3427,-21.0968,55.2357,2026,2.73,1.83,0.5135904950294548,watch (0-4),False
3428,-21.0854,55.2206,2026,2.73,1.83,0.5135904950294548,watch (0-4),False
3429,-21.0843,55.2248,2026,2.73,1.83,0.5135904950294548,watch (0-4),False
3430,-21.0732,55.2194,2026,2.73,1.83,0.5135904950294548,watch (0-4),False
3432,-21.0698,55.2172,2026,2.73,1.83,0.5135904950294548,watch (0-4),False
3433,-21.0512,55.2221,2026,2.73,1.83,0.5135904950294548,watch (0-4),False
3437,-21.0258,55.2273,2026,2.15,1.78,0.43649030259914334,watch (0-4),False
3438,-21.0246,55.2268,2026,2.15,1.78,0.43649030259914334,watch (0-4),False
3441,-12.9639,45.0835,2026,0.0,1.26,0.08638076180651055,none,False
3444,-12.8697,45.2697,2026,0.0,1.3,0.08638076180651055,none,False
3445,-12.8642,45.2712,2026,0.0,1.3,0.08638076180651055,none,False
3448,-12.7142,45.1348,2026,0.0,1.37,0.08638076180651055,none,False
3450,15.8726,-61.31,2026,3.31,1.21,0.579154507368502,watch (0-4),False
3451,15.8764,-61.6017,2026,2.8000000000000003,1.17,0.5220997703815886,watch (0-4),False
3452,15.9539,-61.7104,2026,3.11,1.19,0.5577923098130816,watch (0-4),False
3454,16.1384,-61.7757,2026,3.15,1.18,0.5621667903659635,watch (0-4),False
3455,16.1751,-61.1056,2026,3.97,1.27,0.6411774123916545,watch (0-4),False
3456,16.1999,-61.4898,2026,4.25,1.35,0.6639492682061813,significant (4-8),False
3457,16.2399,-61.2852,2026,3.92,1.24,0.6369021584577633,watch (0-4),False
3459,16.4312,-61.5429,2026,3.43,1.26,0.5913724192174485,watch (0-4),False
3460,18.0712,-63.0101,2026,5.3100000000000005,1.4,0.7345931627831043,significant (4-8),False
3461,18.0909,-63.0106,2026,5.3100000000000005,1.4,0.7345931627831043,significant (4-8),False
3462,18.1029,-63.0161,2026,5.19,1.41,0.7276748508381513,significant (4-8),False
3463,18.1184,-63.0566,2026,5.19,1.43,0.7276748508381513,significant (4-8),False
3468,-17.498,-149.7562,2026,0.0,0.97,0.08638076180651055,none,False
3469,-17.4849,-149.8399,2026,0.0,1.0,0.08638076180651055,none,False
3523,-17.7168,-149.5856,2026,0.0,0.77,0.08638076180651055,none,False
3525,-17.7156,-149.5836,2026,0.0,0.77,0.08638076180651055,none,False
3526,-17.6564,-149.6026,2026,0.0,0.72,0.08638076180651055,none,False
3530,-17.6448,-149.6127,2026,0.0,0.68,0.08638076180651055,none,False
3533,-17.5931,-149.8565,2026,0.0,0.97,0.08638076180651055,none,False
3534,-17.5871,-149.8525,2026,0.0,0.97,0.08638076180651055,none,False
3535,-17.5863,-149.8531,2026,0.0,0.97,0.08638076180651055,none,False
3538,-17.5506,-149.8839,2026,0.0,0.97,0.08638076180651055,none,False
3539,-17.5422,-149.902,2026,0.0,1.03,0.08638076180651055,none,False
3543,-17.4903,-149.9076,2026,0.0,1.06,0.08638076180651055,none,False
3545,-17.4864,-149.8912,2026,0.0,1.05,0.08638076180651055,none,False
3547,-17.4833,-149.8126,2026,0.0,1.0,0.08638076180651055,none,False
3550,-17.4782,-149.8392,2026,0.0,1.0,0.08638076180651055,none,False
3555,-17.4748,-149.8162,2026,0.0,1.0,0.08638076180651055,none,False
3556,-17.4733,-149.8174,2026,0.0,1.0,0.08638076180651055,none,False
3557,-16.879,-151.352,2026,0.0,0.6900000000000001,0.08638076180651055,none,False
3562,-16.7355,-151.5039,2026,0.0,0.71,0.08638076180651055,none,False
3568,-16.5526,-151.7326,2026,0.0,0.59,0.08638076180651055,none,False
3571,-16.5515,-151.7784,2026,0.0,0.61,0.08638076180651055,none,False
3573,-16.5491,-151.7038,2026,0.0,0.61,0.08638076180651055,none,False
3577,-16.5427,-151.7408,2026,0.0,0.61,0.08638076180651055,none,False
3579,-16.5424,-151.727,2026,0.0,0.61,0.08638076180651055,none,False
3580,-16.5397,-151.7887,2026,0.0,0.63,0.08638076180651055,none,False
3581,-16.5353,-151.7479,2026,0.0,0.61,0.08638076180651055,none,False
3582,-16.5353,-151.7284,2026,0.0,0.61,0.08638076180651055,none,False
3583,-16.5348,-151.7299,2026,0.0,0.61,0.08638076180651055,none,False
3584,-16.5336,-151.7343,2026,0.0,0.61,0.08638076180651055,none,False
3585,-16.5297,-151.7282,2026,0.0,0.61,0.08638076180651055,none,False
3586,-16.5295,-151.7723,2026,0.0,0.63,0.08638076180651055,none,False
3590,-16.5069,-151.7642,2026,0.0,0.63,0.08638076180651055,none,False
3591,-16.5064,-151.7836,2026,0.0,0.63,0.08638076180651055,none,False
3594,-16.4994,-151.784,2026,0.0,0.66,0.08638076180651055,none,False
3595,-16.499,-151.7573,2026,0.0,0.66,0.08638076180651055,none,False
3596,-16.4918,-151.71,2026,0.0,0.63,0.08638076180651055,none,False
3597,-16.4796,-151.7204,2026,0.0,0.63,0.08638076180651055,none,False
3600,-16.457,-151.7758,2026,0.0,0.66,0.08638076180651055,none,False
3601,-16.4481,-151.7659,2026,0.0,0.65,0.08638076180651055,none,False
3611,-14.9756,-147.6361,2026,0.0,0.81,0.08638076180651055,none,False
3619,12.0853,-61.7629,2026,2.52,1.18,0.48704189298789713,watch (0-4),False
3620,12.0886,-61.7624,2026,2.52,1.18,0.48704189298789713,watch (0-4),False
3621,12.0917,-61.7589,2026,2.52,1.18,0.48704189298789713,watch (0-4),False
3622,12.4849,-61.4956,2026,1.91,1.26,0.4011476832473173,watch (0-4),False
3623,12.4858,-61.4827,2026,1.91,1.26,0.4011476832473173,watch (0-4),False
3624,12.4878,-61.4906,2026,1.91,1.26,0.4011476832473173,watch (0-4),False
3625,12.4953,-61.4658,2026,1.91,1.26,0.4011476832473173,watch (0-4),False
3643,18.0383,-73.9095,2026,6.71,1.81,0.7998506828843667,significant (4-8),False
3644,18.1452,-73.9779,2026,5.7700000000000005,1.52,0.7589689867313901,significant (4-8),False
3645,18.2873,-74.3433,2026,4.86,1.41,0.7073263047670679,significant (4-8),False
3646,18.2081,-73.5038,2026,8.78,1.59,0.860721623648674,severe (8+),False
3647,18.2258,-72.0667,2026,3.95,1.45,0.6394751385152366,watch (0-4),False
3648,18.237,-74.0912,2026,5.22,1.33,0.7294275132920983,significant (4-8),False
3649,18.2459,-73.4826,2026,7.49,1.54,0.8266419587968784,significant (4-8),False
3651,18.2811,-74.1814,2026,4.59,1.4,0.6891115223152664,significant (4-8),False
3652,18.4143,-74.4795,2026,5.62,1.55,0.7513760619548356,significant (4-8),False
3653,18.4306,-72.7897,2026,13.53,1.98,0.9273684549712622,severe (8+),False
3654,18.4333,-72.7234,2026,13.26,1.97,0.9250182866848906,severe (8+),False
3655,18.4416,-74.4737,2026,5.62,1.55,0.7513760619548356,significant (4-8),False
3656,18.4457,-72.6957,2026,13.34,1.95,0.9257264596252267,severe (8+),False
3657,18.4568,-73.0713,2026,13.33,1.83,0.9256384912332905,severe (8+),False
3658,18.477,-73.2383,2026,12.72,1.69,0.9199602507151807,severe (8+),False
3659,18.5053,-73.3408,2026,12.59,1.7,0.9186658036419151,severe (8+),False
3660,18.5307,-73.534,2026,13.04,1.61,0.9230174355922343,severe (8+),False
3661,18.5631,-73.5748,2026,13.22,1.64,0.9246603736106398,severe (8+),False
3662,18.5999,-74.4281,2026,7.4,1.58,0.8238245768585544,significant (4-8),False
3663,18.6559,-74.3077,2026,8.19,1.57,0.8464777573476858,severe (8+),False
3664,18.6618,-74.1434,2026,9.68,1.69,0.8789649485857155,severe (8+),False
3665,18.6655,-74.1477,2026,9.68,1.69,0.8789649485857155,severe (8+),False
3666,18.6678,-74.2646,2026,8.47,1.61,0.8534916499458179,severe (8+),False
3667,18.6697,-74.1634,2026,8.71,1.68,0.8591356464808696,severe (8+),False
3668,18.6707,-74.1752,2026,8.71,1.68,0.8591356464808696,severe (8+),False
3669,18.6736,-74.1831,2026,8.71,1.68,0.8591356464808696,severe (8+),False
3670,18.6747,-74.2353,2026,8.41,1.66,0.8520287964174453,severe (8+),False
3671,18.6769,-74.1952,2026,8.71,1.68,0.8591356464808696,severe (8+),False
3694,19.7112,-71.8447,2026,2.97,1.62,0.5420701975746688,watch (0-4),False
3706,19.8995,-72.5918,2026,3.31,1.54,0.579154507368502,watch (0-4),False
3707,20.0054,-72.7496,2026,3.7,1.48,0.6172966571601853,watch (0-4),False
3708,20.0569,-72.9678,2026,3.8,1.45,0.626371405478722,watch (0-4),False
3709,20.0921,-72.8106,2026,3.8,1.44,0.626371405478722,watch (0-4),False
3774,16.2995,-86.615,2026,1.13,1.2,0.27435266489830146,watch (0-4),False
3784,16.3428,-86.5589,2026,1.59,1.23,0.3510959466466859,watch (0-4),False
3787,16.3574,-86.5316,2026,1.91,1.27,0.4011476832473173,watch (0-4),False
3793,16.5626,-86.9443,2026,3.8,1.31,0.626371405478722,watch (0-4),False
3870,-8.48,119.8359,2026,3.13,1.36,0.559986010672205,watch (0-4),False
3875,-8.3639,116.0348,2026,3.94,1.17,0.6386200955575945,watch (0-4),False
3877,-8.3579,116.0425,2026,3.94,1.17,0.6386200955575945,watch (0-4),False
3881,-8.3439,116.0262,2026,3.94,1.15,0.6386200955575945,watch (0-4),False
3885,-8.3378,115.6611,2026,4.47,1.24,0.6805261321951553,significant (4-8),False
3886,-8.3376,116.0376,2026,3.94,1.15,0.6386200955575945,watch (0-4),False
3888,-8.3339,115.6547,2026,4.47,1.24,0.6805261321951553,significant (4-8),False
3891,-8.2839,115.6033,2026,3.54,1.22,0.602190707419149,watch (0-4),False
3892,-8.2811,115.6008,2026,3.54,1.22,0.602190707419149,watch (0-4),False
3893,-8.2794,115.5992,2026,2.94,1.21,0.5386167767184239,watch (0-4),False
3894,-8.2789,115.5983,2026,2.94,1.21,0.5386167767184239,watch (0-4),False
3895,-8.2769,115.5944,2026,2.94,1.21,0.5386167767184239,watch (0-4),False
3897,-8.2761,115.5936,2026,2.94,1.21,0.5386167767184239,watch (0-4),False
3898,-8.2728,115.5919,2026,2.94,1.21,0.5386167767184239,watch (0-4),False
3900,-8.2592,115.5839,2026,2.94,1.21,0.5386167767184239,watch (0-4),False
3903,-8.1375,115.3942,2026,0.9,1.14,0.23467350305742865,watch (0-4),False
3904,-8.1247,115.3533,2026,0.9,1.14,0.23467350305742865,watch (0-4),False
3905,-8.1089,115.3169,2026,0.74,1.13,0.20695849319787982,watch (0-4),False
3908,-8.0942,115.2733,2026,0.74,1.12,0.20695849319787982,watch (0-4),False
4082,-4.5297,129.9536,2026,0.63,1.28,0.18799915224796468,watch (0-4),False
4083,-4.5053,129.8794,2026,0.65,1.31,0.19143549464699805,watch (0-4),False
4084,-4.4872,129.9303,2026,0.64,1.32,0.18971660303158563,watch (0-4),False
4199,-8.7158,115.4583,2026,0.62,1.69,0.18628321620082808,watch (0-4),False
4200,-8.6858,115.4622,2026,4.0,1.65,0.64371141035885,watch (0-4),False
4201,-8.6758,115.4428,2026,2.77,1.73,0.5184735740581171,watch (0-4),False
4202,-8.675,115.4411,2026,2.77,1.73,0.5184735740581171,watch (0-4),False
4203,-8.5095,119.7024,2026,3.0500000000000003,1.41,0.5511331474094854,watch (0-4),False
4204,-8.5094,116.8572,2026,3.8,1.21,0.626371405478722,watch (0-4),False
4205,-8.4955,116.8812,2026,4.21,1.22,0.6608140808344506,significant (4-8),False
4206,-8.4931,116.8679,2026,4.21,1.22,0.6608140808344506,significant (4-8),False
4210,-8.411,119.8627,2026,2.98,1.3,0.5432146654909175,watch (0-4),False
4211,-8.3915,119.7989,2026,2.87,1.28,0.5304412880320004,watch (0-4),False
4212,-8.3628,116.0298,2026,3.94,1.17,0.6386200955575945,watch (0-4),False
4213,-8.3624,116.0314,2026,3.94,1.17,0.6386200955575945,watch (0-4),False
4214,-8.3619,116.0536,2026,3.44,1.14,0.5923708128554313,watch (0-4),False
4215,-8.3556,116.0515,2026,3.44,1.14,0.5923708128554313,watch (0-4),False
4216,-8.3487,116.0858,2026,3.62,1.15,0.6098353984814495,watch (0-4),False
4217,-8.3452,116.0674,2026,3.62,1.15,0.6098353984814495,watch (0-4),False
4218,-8.3448,116.0247,2026,3.94,1.15,0.6386200955575945,watch (0-4),False
4219,-8.3411,116.0273,2026,3.94,1.15,0.6386200955575945,watch (0-4),False
4220,-8.3408,116.0426,2026,3.94,1.15,0.6386200955575945,watch (0-4),False
4221,-8.3373,116.0365,2026,3.94,1.15,0.6386200955575945,watch (0-4),False
4222,-8.3348,115.6532,2026,4.47,1.24,0.6805261321951553,significant (4-8),False
4223,-8.3042,116.1368,2026,3.48,1.18,0.5963344081081683,watch (0-4),False
4225,-8.2511,115.6998,2026,4.01,1.22,0.644550930807885,significant (4-8),False
4226,-8.1391,115.3964,2026,0.9,1.14,0.23467350305742865,watch (0-4),False
4302,-4.5972,129.6681,2026,1.03,1.35,0.25715784717649237,watch (0-4),False
4303,-4.5781,130.0358,2026,0.95,1.27,0.24333282757185437,watch (0-4),False
4304,-4.5303,129.9525,2026,0.63,1.28,0.18799915224796468,watch (0-4),False
4305,-4.525,129.7853,2026,0.53,1.36,0.17092048102928722,watch (0-4),False
4306,-4.5131,129.9447,2026,0.64,1.29,0.18971660303158563,watch (0-4),False
4307,-4.5125,129.9083,2026,0.64,1.29,0.18971660303158563,watch (0-4),False
4308,-4.5125,129.9383,2026,0.64,1.29,0.18971660303158563,watch (0-4),False
4309,-4.5106,129.9464,2026,0.64,1.29,0.18971660303158563,watch (0-4),False
4310,-4.4992,129.9375,2026,0.64,1.32,0.18971660303158563,watch (0-4),False
4311,-4.4978,129.9383,2026,0.64,1.32,0.18971660303158563,watch (0-4),False
4312,-4.4964,129.9339,2026,0.64,1.32,0.18971660303158563,watch (0-4),False
4340,0.1676,130.0157,2026,5.22,1.41,0.7294275132920983,significant (4-8),False
4350,1.7375,125.1519,2026,0.14,1.5,0.10731461800394804,watch (0-4),False
4351,1.74,125.1439,2026,0.0,1.53,0.08638076180651055,none,False
4353,1.7697,125.0467,2026,0.0,1.72,0.08638076180651055,none,False
4354,1.7747,125.0486,2026,0.0,1.72,0.08638076180651055,none,False
4355,1.7914,125.1206,2026,0.0,1.61,0.08638076180651055,none,False
4356,1.8458,125.0989,2026,0.0,1.73,0.08638076180651055,none,False
4359,2.2617,118.2528,2026,5.61,1.6,0.7508580449974633,significant (4-8),False
4360,2.2806,118.245,2026,5.43,1.56,0.7412710314826038,significant (4-8),False
4372,-4.5114,129.8711,2026,0.65,1.31,0.19143549464699805,watch (0-4),False
4386,25.8688,55.0158,2026,4.3100000000000005,1.92,0.6685809270941582,significant (4-8),False
4387,25.8906,55.0188,2026,4.3100000000000005,1.92,0.6685809270941582,significant (4-8),False
4388,25.8931,55.0259,2026,4.3100000000000005,1.92,0.6685809270941582,significant (4-8),False
4389,25.8935,54.5277,2026,6.09,1.85,0.774114703489911,significant (4-8),False
4390,25.9005,54.5535,2026,5.18,1.87,0.7270871593072035,significant (4-8),False
4391,25.9039,54.493,2026,5.33,1.82,0.7357225726070097,significant (4-8),False
4392,26.2431,55.1565,2026,0.31,1.47,0.13427477302913685,watch (0-4),False
4393,26.2656,55.2858,2026,0.79,1.56,0.21561146670142317,watch (0-4),False
4394,26.2795,55.3005,2026,0.81,1.61,0.21907599325499932,watch (0-4),False
4409,17.8323,-76.9222,2026,4.0600000000000005,1.82,0.6487102918017007,significant (4-8),False
4410,17.9019,-76.8459,2026,3.98,1.79,0.6420246589503181,watch (0-4),False
4411,18.0999,-77.9861,2026,2.79,1.56,0.5208944685079836,watch (0-4),False
4412,18.1365,-78.0382,2026,2.6,1.56,0.4973374068936671,watch (0-4),False
4413,18.2095,-78.2596,2026,2.75,1.36,0.5160389280734512,watch (0-4),False
4415,18.2618,-78.3663,2026,2.83,1.09,0.5256951516483204,watch (0-4),False
4418,18.3422,-78.3556,2026,2.87,1.07,0.5304412880320004,watch (0-4),False
4423,18.3609,-78.3433,2026,2.87,1.04,0.5304412880320004,watch (0-4),False
4424,18.4094,-77.0897,2026,1.94,1.01,0.40567237895625313,watch (0-4),False
4425,18.4098,-76.9788,2026,2.16,1.1,0.437919878284786,watch (0-4),False
4426,18.4108,-76.9485,2026,2.36,1.15,0.46577437591017495,watch (0-4),False
4427,18.4119,-76.9917,2026,2.16,1.1,0.437919878284786,watch (0-4),False
4428,18.4124,-76.9454,2026,2.36,1.15,0.46577437591017495,watch (0-4),False
4429,18.4131,-76.944,2026,2.36,1.15,0.46577437591017495,watch (0-4),False
4430,18.4151,-77.1241,2026,1.77,1.0,0.37964280047250515,watch (0-4),False
4431,18.4166,-77.079,2026,1.94,1.01,0.40567237895625313,watch (0-4),False
4432,18.4191,-77.0699,2026,1.94,1.01,0.40567237895625313,watch (0-4),False
4433,18.4529,-77.9675,2026,2.31,1.14,0.4589428440430923,watch (0-4),False
4434,18.4636,-77.3573,2026,1.91,0.97,0.4011476832473173,watch (0-4),False
4436,18.4668,-78.0153,2026,2.31,1.14,0.4589428440430923,watch (0-4),False
4438,18.4689,-77.3907,2026,1.91,0.97,0.4011476832473173,watch (0-4),False
4442,18.4949,-77.9338,2026,2.3000000000000003,1.14,0.4575659461943619,watch (0-4),False
4443,18.4962,-77.6369,2026,1.59,1.09,0.3510959466466859,watch (0-4),False
4444,18.4978,-77.9328,2026,2.3000000000000003,1.14,0.4575659461943619,watch (0-4),False
4445,18.4987,-77.6389,2026,1.59,1.09,0.3510959466466859,watch (0-4),False
4530,17.7947,-77.0772,2026,4.2,2.09,0.6600242880114933,significant (4-8),False
4536,17.7999,-77.0173,2026,4.19,1.97,0.6592320816375852,significant (4-8),False
4543,17.9199,-76.8199,2026,3.98,1.79,0.6420246589503181,watch (0-4),False
4550,18.0909,-77.9775,2026,2.79,1.56,0.5208944685079836,watch (0-4),False
4552,18.1076,-77.9995,2026,2.79,1.57,0.5208944685079836,watch (0-4),False
4553,18.1219,-78.0182,2026,2.6,1.56,0.4973374068936671,watch (0-4),False
4558,18.1915,-78.1229,2026,2.69,1.59,0.5086521327462652,watch (0-4),False
4560,18.1964,-78.1046,2026,2.69,1.59,0.5086521327462652,watch (0-4),False
4577,18.4088,-76.9674,2026,2.16,1.1,0.437919878284786,watch (0-4),False
4578,18.412,-76.9472,2026,2.36,1.15,0.46577437591017495,watch (0-4),False
4579,18.412,-76.9915,2026,2.16,1.1,0.437919878284786,watch (0-4),False
4581,18.4134,-78.2702,2026,2.85,1.05,0.5280750179957433,watch (0-4),False
4582,18.4139,-76.9423,2026,2.36,1.15,0.46577437591017495,watch (0-4),False
4583,18.4208,-77.1386,2026,1.77,1.0,0.37964280047250515,watch (0-4),False
4584,18.4246,-78.2508,2026,2.85,1.05,0.5280750179957433,watch (0-4),False
4585,18.44,-77.1603,2026,1.6,1.0,0.3527069476538641,watch (0-4),False
4588,18.4582,-78.0752,2026,2.32,1.13,0.4603162127508047,watch (0-4),False
4590,18.4664,-77.9474,2026,2.3000000000000003,1.14,0.4575659461943619,watch (0-4),False
4591,18.4674,-78.1214,2026,2.51,1.13,0.4857391343783184,watch (0-4),False
4604,18.4999,-77.6459,2026,1.59,1.09,0.3510959466466859,watch (0-4),False
4606,24.3669,124.0034,2026,1.52,1.62,0.3397409935851218,watch (0-4),False
4607,24.4548,124.1098,2026,1.44,1.57,0.32660425381028296,watch (0-4),False
4610,24.4826,124.1254,2026,1.44,1.57,0.32660425381028296,watch (0-4),False
4611,24.4837,124.1232,2026,1.44,1.57,0.32660425381028296,watch (0-4),False
4622,26.4405,127.7772,2026,2.65,1.92,0.503658232026392,watch (0-4),False
4633,26.5326,128.0748,2026,2.94,2.09,0.5386167767184239,watch (0-4),False
4635,30.4577,130.4888,2026,2.35,2.32,0.4644151334781006,watch (0-4),False
4637,30.4579,130.4889,2026,2.35,2.32,0.4644151334781006,watch (0-4),False
4638,30.4581,130.4889,2026,2.35,2.32,0.4644151334781006,watch (0-4),False
4639,30.4581,130.4889,2026,2.35,2.32,0.4644151334781006,watch (0-4),False
4640,30.4581,130.4889,2026,2.35,2.32,0.4644151334781006,watch (0-4),False
4641,30.4581,130.4891,2026,2.35,2.32,0.4644151334781006,watch (0-4),False
4648,32.7773,132.8703,2026,7.16,2.54,0.8159795171986413,significant (4-8),False
4649,32.8134,129.0542,2026,11.67,2.93,0.9085340065231273,severe (8+),False
4664,33.5213,133.7536,2026,11.1,3.22,0.9012763664345372,severe (8+),False
4667,33.6906,135.336,2026,10.38,3.81,0.8908092934309092,severe (8+),False
4712,24.3661,124.0003,2026,1.52,1.62,0.3397409935851218,watch (0-4),False
4715,26.355,127.1427,2026,1.62,1.82,0.3559203860213793,watch (0-4),False
4723,26.2328,127.3109,2026,1.96,1.75,0.40867213476177916,watch (0-4),False
4724,28.0729,129.3315,2026,3.6,1.76,0.6079415790763344,watch (0-4),False
4731,24.8136,125.1447,2026,1.23,1.44,0.29140898905334595,watch (0-4),False
4732,24.8136,125.1442,2026,1.23,1.44,0.29140898905334595,watch (0-4),False
4733,24.8614,125.2838,2026,1.25,1.42,0.29480000629224157,watch (0-4),False
4734,24.937,125.2333,2026,1.19,1.55,0.2846057700143017,watch (0-4),False
4740,26.3269,127.745,2026,2.7,1.87,0.5098919204904181,watch (0-4),False
4741,26.3269,127.7443,2026,2.7,1.87,0.5098919204904181,watch (0-4),False
4742,26.3271,127.7448,2026,2.7,1.87,0.5098919204904181,watch (0-4),False
4743,26.3271,127.7439,2026,2.7,1.87,0.5098919204904181,watch (0-4),False
4747,26.3324,127.7423,2026,2.7,1.87,0.5098919204904181,watch (0-4),False
4748,26.3326,127.7416,2026,2.7,1.87,0.5098919204904181,watch (0-4),False
4751,26.362,127.7372,2026,2.19,1.92,0.44218764917753556,watch (0-4),False
4752,26.4956,127.8389,2026,2.74,1.97,0.5148164370997803,watch (0-4),False
4754,26.5532,127.9696,2026,2.64,2.07,0.5024010514090949,watch (0-4),False
4757,26.7146,128.0224,2026,2.1,2.19,0.429290226799763,watch (0-4),False
4758,26.7147,128.0144,2026,2.1,2.19,0.429290226799763,watch (0-4),False
4759,26.7155,128.0183,2026,2.1,2.19,0.429290226799763,watch (0-4),False
4760,26.8474,128.288,2026,1.73,2.1,0.37338378593220595,watch (0-4),False
4763,32.7784,132.7325,2026,7.07,2.61,0.8129072519706423,significant (4-8),False
4764,32.7788,132.7326,2026,7.07,2.61,0.8129072519706423,significant (4-8),False
4770,24.2312,123.9935,2026,1.46,1.44,0.3299037665184204,watch (0-4),False
4774,24.3094,124.1033,2026,1.37,1.56,0.31497972509710465,watch (0-4),False
4775,24.3098,124.1065,2026,1.37,1.56,0.31497972509710465,watch (0-4),False
4776,24.3124,124.1045,2026,1.37,1.56,0.31497972509710465,watch (0-4),False
4778,24.3125,124.1029,2026,1.37,1.56,0.31497972509710465,watch (0-4),False
4786,24.348,124.0922,2026,1.36,1.59,0.3133097803149771,watch (0-4),False
4789,24.3637,124.0413,2026,1.52,1.62,0.3397409935851218,watch (0-4),False
4790,24.3662,124.252,2026,1.34,1.5,0.3099632183608803,watch (0-4),False
4794,24.3792,123.9384,2026,1.34,1.58,0.3099632183608803,watch (0-4),False
4796,24.3884,124.1165,2026,1.38,1.57,0.3166474046775563,watch (0-4),False
4797,24.3995,124.1,2026,1.52,1.61,0.3397409935851218,watch (0-4),False
4798,24.4042,124.1129,2026,1.56,1.53,0.3462460663223232,watch (0-4),False
4799,24.4156,124.1139,2026,1.56,1.53,0.3462460663223232,watch (0-4),False
4800,24.4162,124.1124,2026,1.56,1.53,0.3462460663223232,watch (0-4),False
4803,24.4186,124.0662,2026,1.57,1.57,0.3478654846575813,watch (0-4),False
4804,24.42,124.1139,2026,1.56,1.53,0.3462460663223232,watch (0-4),False
4806,24.4215,124.0924,2026,1.57,1.57,0.3478654846575813,watch (0-4),False
4809,24.4234,124.0999,2026,1.57,1.57,0.3478654846575813,watch (0-4),False
4811,24.4236,124.0777,2026,1.57,1.57,0.3478654846575813,watch (0-4),False
4816,24.4264,124.0719,2026,1.57,1.57,0.3478654846575813,watch (0-4),False
4817,24.4271,124.1059,2026,1.56,1.53,0.3462460663223232,watch (0-4),False
4818,24.4367,123.7763,2026,1.09,1.71,0.2674889238388841,watch (0-4),False
4824,24.4496,124.1757,2026,1.54,1.51,0.342998964575612,watch (0-4),False
4825,24.4501,124.1737,2026,1.42,1.56,0.3232948737944189,watch (0-4),False
4826,24.4504,124.1733,2026,1.42,1.56,0.3232948737944189,watch (0-4),False
4827,24.4513,124.1741,2026,1.42,1.56,0.3232948737944189,watch (0-4),False
4829,24.4517,124.1836,2026,1.42,1.56,0.3232948737944189,watch (0-4),False
4831,24.4518,124.1834,2026,1.42,1.56,0.3232948737944189,watch (0-4),False
4832,24.4521,124.1839,2026,1.42,1.56,0.3232948737944189,watch (0-4),False
4833,24.4523,124.1818,2026,1.42,1.56,0.3232948737944189,watch (0-4),False
4834,24.4526,124.1839,2026,1.42,1.56,0.3232948737944189,watch (0-4),False
4842,24.4553,124.1846,2026,1.42,1.56,0.3232948737944189,watch (0-4),False
4846,24.4561,124.1864,2026,1.42,1.56,0.3232948737944189,watch (0-4),False
4847,24.4561,124.1862,2026,1.42,1.56,0.3232948737944189,watch (0-4),False
4848,24.4563,124.1861,2026,1.42,1.56,0.3232948737944189,watch (0-4),False
4850,24.4578,124.1647,2026,1.42,1.56,0.3232948737944189,watch (0-4),False
4853,24.4583,124.2054,2026,1.52,1.6,0.3397409935851218,watch (0-4),False
4862,24.4961,124.229,2026,1.52,1.6,0.3397409935851218,watch (0-4),False
4870,24.609,124.3262,2026,1.65,1.67,0.3607188350206724,watch (0-4),False
4871,24.6091,124.3261,2026,1.65,1.67,0.3607188350206724,watch (0-4),False
4872,24.6093,124.3254,2026,1.65,1.67,0.3607188350206724,watch (0-4),False
4875,26.0873,127.7102,2026,3.11,2.04,0.5577923098130816,watch (0-4),False
4876,26.0877,127.7109,2026,3.11,2.04,0.5577923098130816,watch (0-4),False
4880,26.0887,127.7072,2026,3.11,2.04,0.5577923098130816,watch (0-4),False
4883,26.0894,127.7085,2026,3.11,2.04,0.5577923098130816,watch (0-4),False
4891,26.2576,127.6837,2026,2.51,1.81,0.4857391343783184,watch (0-4),False
4896,26.2582,127.6824,2026,2.51,1.81,0.4857391343783184,watch (0-4),False
4898,26.2584,127.6821,2026,2.51,1.81,0.4857391343783184,watch (0-4),False
4901,26.273,127.7051,2026,3.0500000000000003,2.06,0.5511331474094854,watch (0-4),False
4902,26.2757,127.7015,2026,3.0500000000000003,2.06,0.5511331474094854,watch (0-4),False
4903,26.2762,127.7004,2026,3.0500000000000003,2.06,0.5511331474094854,watch (0-4),False
4904,26.2763,127.7018,2026,3.0500000000000003,2.06,0.5511331474094854,watch (0-4),False
4905,26.287,127.7214,2026,3.0500000000000003,2.06,0.5511331474094854,watch (0-4),False
4910,26.3515,127.7438,2026,2.19,1.92,0.44218764917753556,watch (0-4),False
4914,26.4063,127.715,2026,2.01,2.0,0.41611252381968794,watch (0-4),False
4916,26.4363,127.7132,2026,2.01,2.0,0.41611252381968794,watch (0-4),False
4921,26.4418,127.7124,2026,2.01,2.0,0.41611252381968794,watch (0-4),False
4925,26.4448,127.7695,2026,2.65,1.92,0.503658232026392,watch (0-4),False
4931,26.5076,127.8906,2026,2.63,2.03,0.5011403817726414,watch (0-4),False
4933,26.5281,127.9242,2026,2.91,2.0,0.5351332077528169,watch (0-4),False
4934,26.5544,128.1314,2026,2.85,2.06,0.5280750179957433,watch (0-4),False
4936,26.5914,127.9598,2026,2.64,2.07,0.5024010514090949,watch (0-4),False
4938,26.6032,127.9305,2026,2.34,2.1,0.4630523583547303,watch (0-4),False
4939,26.6287,127.8594,2026,2.29,2.15,0.45618552051589417,watch (0-4),False
4940,26.6294,127.8589,2026,2.29,2.15,0.45618552051589417,watch (0-4),False
4943,26.6458,127.8544,2026,2.29,2.15,0.45618552051589417,watch (0-4),False
4945,26.6521,127.857,2026,2.17,2.19,0.4393459638902895,watch (0-4),False
4948,26.6721,127.8827,2026,2.17,2.19,0.4393459638902895,watch (0-4),False
4951,26.7001,127.8752,2026,2.21,2.23,0.4450153291441702,watch (0-4),False
4953,26.7093,127.8838,2026,2.21,2.23,0.4450153291441702,watch (0-4),False
4954,26.7099,127.8813,2026,2.21,2.23,0.4450153291441702,watch (0-4),False
4959,28.1101,129.2163,2026,2.84,1.39,0.5268867869317616,watch (0-4),False
4960,28.372,129.4037,2026,2.3000000000000003,1.67,0.4575659461943619,watch (0-4),False
4963,24.0662,123.7621,2026,1.28,1.35,0.29987245812670915,watch (0-4),False
4971,24.2801,123.721,2026,0.93,1.53,0.23987028949407335,watch (0-4),False
4980,24.3227,124.1665,2026,1.38,1.51,0.3166474046775563,watch (0-4),False
4981,24.3254,124.1637,2026,1.38,1.51,0.3166474046775563,watch (0-4),False
4984,24.3349,124.2367,2026,1.36,1.47,0.3133097803149771,watch (0-4),False
4989,24.3417,124.0881,2026,1.36,1.59,0.3133097803149771,watch (0-4),False
4990,24.3431,124.205,2026,1.36,1.47,0.3133097803149771,watch (0-4),False
4994,24.3593,124.2555,2026,1.34,1.5,0.3099632183608803,watch (0-4),False
4996,24.3668,124.2556,2026,1.34,1.5,0.3099632183608803,watch (0-4),False
4997,24.3671,124.2508,2026,1.34,1.5,0.3099632183608803,watch (0-4),False
5000,24.4034,123.8901,2026,1.33,1.68,0.3082866639937808,watch (0-4),False
5003,24.4295,123.7932,2026,1.09,1.71,0.2674889238388841,watch (0-4),False
5010,24.4376,123.785,2026,1.09,1.71,0.2674889238388841,watch (0-4),False
5021,24.7186,125.3427,2026,1.53,1.3,0.3413713262171105,watch (0-4),False
5022,24.7194,125.3425,2026,1.53,1.3,0.3413713262171105,watch (0-4),False
5024,24.7261,125.3729,2026,1.36,1.3,0.3133097803149771,watch (0-4),False
5025,24.7284,125.4048,2026,1.32,1.26,0.3066079700421927,watch (0-4),False
5026,24.7609,125.425,2026,1.46,1.27,0.3299037665184204,watch (0-4),False
5028,24.7628,125.4272,2026,1.46,1.27,0.3299037665184204,watch (0-4),False
5029,24.7645,125.4258,2026,1.46,1.27,0.3299037665184204,watch (0-4),False
5030,24.7735,125.3945,2026,1.28,1.26,0.29987245812670915,watch (0-4),False
5032,24.8133,125.143,2026,1.23,1.44,0.29140898905334595,watch (0-4),False
5033,24.8195,125.1409,2026,1.23,1.44,0.29140898905334595,watch (0-4),False
5034,24.9046,125.2653,2026,1.24,1.52,0.29310541167489396,watch (0-4),False
5035,24.9047,125.2655,2026,1.24,1.52,0.29310541167489396,watch (0-4),False
5037,24.9264,125.2377,2026,1.19,1.55,0.2846057700143017,watch (0-4),False
5038,24.9265,125.2379,2026,1.19,1.55,0.2846057700143017,watch (0-4),False
5039,24.9313,125.2327,2026,1.19,1.55,0.2846057700143017,watch (0-4),False
5042,24.9375,125.2456,2026,1.19,1.55,0.2846057700143017,watch (0-4),False
5043,24.9376,125.2457,2026,1.19,1.55,0.2846057700143017,watch (0-4),False
5045,24.9841,125.2847,2026,1.25,1.62,0.29480000629224157,watch (0-4),False
5046,24.9856,125.2768,2026,1.25,1.62,0.29480000629224157,watch (0-4),False
5047,24.9882,125.2876,2026,1.25,1.62,0.29480000629224157,watch (0-4),False
5048,24.9919,125.2794,2026,1.25,1.62,0.29480000629224157,watch (0-4),False
5049,25.0064,125.2768,2026,1.3,1.69,0.3032442943436793,watch (0-4),False
5051,26.079,127.6633,2026,2.83,2.0,0.5256951516483204,watch (0-4),False
5077,26.2137,127.293,2026,1.98,1.7,0.41165843870927943,watch (0-4),False
5081,26.2208,127.6658,2026,2.75,1.95,0.5160389280734512,watch (0-4),False
5082,26.2209,127.3089,2026,1.96,1.75,0.40867213476177916,watch (0-4),False
5083,26.2223,127.2898,2026,1.98,1.7,0.41165843870927943,watch (0-4),False
5084,26.2242,127.2892,2026,1.98,1.7,0.41165843870927943,watch (0-4),False
5086,26.2353,127.2897,2026,1.98,1.7,0.41165843870927943,watch (0-4),False
5088,26.2567,127.4027,2026,1.55,1.91,0.3446238855206031,watch (0-4),False
5094,26.3087,127.8631,2026,4.05,2.44,0.6478834925413985,significant (4-8),False
5095,26.3554,126.8536,2026,1.99,1.97,0.4131465246840565,watch (0-4),False
5098,26.4933,127.8402,2026,2.74,1.97,0.5148164370997803,watch (0-4),False
5100,26.4949,127.8399,2026,2.74,1.97,0.5148164370997803,watch (0-4),False
5103,26.5024,127.842,2026,2.45,2.06,0.4778485601643963,watch (0-4),False
5104,26.5037,127.8436,2026,2.45,2.06,0.4778485601643963,watch (0-4),False
5107,26.5052,127.8497,2026,2.45,2.06,0.4778485601643963,watch (0-4),False
5110,26.5232,127.8929,2026,2.63,2.03,0.5011403817726414,watch (0-4),False
5113,26.5379,128.08,2026,2.94,2.09,0.5386167767184239,watch (0-4),False
5120,26.6311,127.8852,2026,2.29,2.15,0.45618552051589417,watch (0-4),False
5121,26.6359,127.8657,2026,2.29,2.15,0.45618552051589417,watch (0-4),False
5123,26.6361,127.8658,2026,2.29,2.15,0.45618552051589417,watch (0-4),False
5125,26.6805,128.0192,2026,2.18,2.15,0.44076855544317617,watch (0-4),False
5127,26.6977,128.0136,2026,2.18,2.15,0.44076855544317617,watch (0-4),False
5129,26.7059,127.8919,2026,2.21,2.23,0.4450153291441702,watch (0-4),False
5130,26.7073,127.9402,2026,2.27,2.25,0.4534140917879828,watch (0-4),False
5134,26.7751,128.2031,2026,1.77,2.06,0.37964280047250515,watch (0-4),False
5135,26.7793,128.211,2026,1.77,2.06,0.37964280047250515,watch (0-4),False
5142,27.8692,128.8875,2026,2.5500000000000003,1.44,0.49092905423425376,watch (0-4),False
5143,28.0706,129.3275,2026,3.6,1.76,0.6079415790763344,watch (0-4),False
5144,28.1112,129.3337,2026,3.45,1.55,0.5933662009218257,watch (0-4),False
5149,28.2043,129.2716,2026,3.13,1.85,0.559986010672205,watch (0-4),False
5151,28.4025,129.4537,2026,2.36,1.67,0.46577437591017495,watch (0-4),False
5157,30.3011,130.6537,2026,2.79,2.25,0.5208944685079836,watch (0-4),False
5160,30.816,130.4165,2026,3.38,2.8000000000000003,0.5863351014954884,watch (0-4),False
5165,32.2044,129.9966,2026,8.68,3.26,0.8584477989952064,severe (8+),False
5170,32.5811,128.7222,2026,8.370000000000001,2.85,0.8510416288907,severe (8+),False
5172,32.6586,128.66,2026,9.03,3.11,0.8661762050195908,severe (8+),False
5177,32.767,132.63,2026,7.46,2.66,0.8257101335785368,significant (4-8),False
5192,33.5193,133.7551,2026,11.1,3.22,0.9012763664345372,severe (8+),False
5199,33.7691,129.6547,2026,12.82,3.88,0.9209349852038996,severe (8+),False
5200,33.8065,129.6676,2026,13.11,4.03,0.9236627172686035,severe (8+),False
5201,33.8522,139.6092,2026,13.25,3.64,0.9249290492793378,severe (8+),False
5208,34.0545,139.4805,2026,11.76,3.63,0.9096065079784836,severe (8+),False
5209,34.0559,139.4807,2026,11.76,3.63,0.9096065079784836,severe (8+),False
5214,34.1056,129.174,2026,9.93,3.26,0.8834051158243647,severe (8+),False
5219,34.2401,139.1368,2026,6.69,3.09,0.7990873863633534,significant (4-8),False
5220,34.2402,139.1369,2026,6.69,3.09,0.7990873863633534,significant (4-8),False
5223,34.3232,129.246,2026,12.79,3.5,0.9206444507183518,severe (8+),False
5228,34.4236,129.2664,2026,13.19,3.61,0.9243902447424678,severe (8+),False
5237,34.7027,129.4417,2026,14.89,3.83,0.9376703756135567,severe (8+),False
5305,33.3444,135.6967,2026,7.81,3.59,0.8361466357639118,significant (4-8),False
5344,24.2857,123.7319,2026,0.93,1.53,0.23987028949407335,watch (0-4),False
5347,24.3717,123.9744,2026,1.36,1.62,0.3133097803149771,watch (0-4),False
5349,24.9841,125.2847,2026,1.25,1.62,0.29480000629224157,watch (0-4),False
5358,33.6924,135.3247,2026,10.38,3.81,0.8908092934309092,severe (8+),False
5359,33.7199,135.3249,2026,10.58,3.82,0.8938770256798497,severe (8+),False
5360,34.0561,139.4811,2026,11.76,3.63,0.9096065079784836,severe (8+),False
5361,34.0975,139.485,2026,11.76,3.63,0.9096065079784836,severe (8+),False
5522,2.1729,104.112,2026,3.3200000000000003,1.36,0.5801895564787858,watch (0-4),False
5523,2.1783,104.1092,2026,3.3200000000000003,1.36,0.5801895564787858,watch (0-4),False
5524,2.184,104.1068,2026,3.3200000000000003,1.36,0.5801895564787858,watch (0-4),False
5525,2.1878,104.0981,2026,3.37,1.34,0.5853185151131952,watch (0-4),False
5526,2.2261,104.0531,2026,3.4,1.37,0.5883591287949917,watch (0-4),False
5527,2.231,104.0522,2026,3.4,1.37,0.5883591287949917,watch (0-4),False
5528,2.2712,104.1273,2026,3.37,1.41,0.5853185151131952,watch (0-4),False
5529,2.2733,104.1157,2026,3.37,1.41,0.5853185151131952,watch (0-4),False
5530,2.303,104.149,2026,3.54,1.4,0.602190707419149,watch (0-4),False
5531,2.3132,104.1258,2026,3.54,1.4,0.602190707419149,watch (0-4),False
5532,2.4734,103.9616,2026,4.45,1.36,0.679064580455194,significant (4-8),False
5533,2.4735,103.9589,2026,4.45,1.36,0.679064580455194,significant (4-8),False
5534,2.4819,103.9564,2026,4.45,1.36,0.679064580455194,significant (4-8),False
5535,2.5233,103.9736,2026,4.59,1.34,0.6891115223152664,significant (4-8),False
5536,2.5706,104.3218,2026,3.3000000000000003,1.31,0.5781163552296743,watch (0-4),False
5537,2.5794,104.3158,2026,3.3000000000000003,1.31,0.5781163552296743,watch (0-4),False
5538,2.5844,104.3363,2026,3.3000000000000003,1.31,0.5781163552296743,watch (0-4),False
5539,2.5967,104.3272,2026,3.3000000000000003,1.31,0.5781163552296743,watch (0-4),False
5540,2.6688,104.1753,2026,3.61,1.36,0.6088899257772057,watch (0-4),False
5541,2.7415,104.2178,2026,3.64,1.42,0.611717753227933,watch (0-4),False
5542,2.7584,104.1992,2026,3.83,1.4,0.6290403431774797,watch (0-4),False
5543,2.7793,104.2127,2026,3.69,1.48,0.6163738940351577,watch (0-4),False
5544,2.7924,104.123,2026,3.84,1.45,0.6299245768065599,watch (0-4),False
5546,2.81,104.1365,2026,3.86,1.47,0.6316849729134381,watch (0-4),False
5547,2.816,104.151,2026,3.72,1.48,0.6191337813164269,watch (0-4),False
5548,2.8242,104.1574,2026,3.72,1.48,0.6191337813164269,watch (0-4),False
5549,2.8743,104.1876,2026,3.9,1.49,0.6351737008516766,watch (0-4),False
5550,2.8747,104.1468,2026,4.04,1.49,0.6470541645720669,significant (4-8),False
5551,2.8759,104.1482,2026,4.04,1.49,0.6470541645720669,significant (4-8),False
5552,2.8886,104.0653,2026,4.69,1.48,0.6960313987354052,significant (4-8),False
5553,2.8981,104.0517,2026,4.69,1.48,0.6960313987354052,significant (4-8),False
5554,2.9039,104.1044,2026,4.24,1.49,0.6631690538231578,significant (4-8),False
5555,2.9108,104.1126,2026,4.24,1.49,0.6631690538231578,significant (4-8),False
5556,2.9149,104.1084,2026,4.24,1.49,0.6631690538231578,significant (4-8),False
5557,2.9324,104.0969,2026,4.84,1.49,0.7060272951520872,significant (4-8),False
5558,3.9942,100.5341,2026,4.54,1.42,0.6855722180623312,significant (4-8),False
5559,4.0016,100.5491,2026,4.89,1.42,0.709260248270997,significant (4-8),False
5560,4.0027,100.5467,2026,4.89,1.42,0.709260248270997,significant (4-8),False
5561,4.0065,100.5348,2026,4.89,1.42,0.709260248270997,significant (4-8),False
5562,4.0114,100.5351,2026,4.89,1.42,0.709260248270997,significant (4-8),False
5563,4.0122,100.5449,2026,4.89,1.42,0.709260248270997,significant (4-8),False
5564,4.0224,100.5479,2026,4.89,1.42,0.709260248270997,significant (4-8),False
5565,4.0321,100.55,2026,4.89,1.42,0.709260248270997,significant (4-8),False
5566,4.0575,100.5397,2026,5.43,1.51,0.7412710314826038,significant (4-8),False
5567,4.1125,118.2251,2026,6.32,1.64,0.7841831364358504,significant (4-8),False
5568,4.1394,118.234,2026,6.32,1.64,0.7841831364358504,significant (4-8),False
5569,4.1409,118.1799,2026,7.0600000000000005,1.66,0.8125613336812549,significant (4-8),False
5570,4.184,118.8629,2026,4.8100000000000005,1.76,0.7040640786969321,significant (4-8),False
5571,4.1899,100.5483,2026,6.16,1.61,0.7772482110090787,significant (4-8),False
5572,4.2063,118.7848,2026,4.93,1.7,0.7118119135924884,significant (4-8),False
5573,4.2102,118.6799,2026,4.5,1.62,0.6827018772238354,significant (4-8),False
5574,4.2142,118.6756,2026,4.5,1.62,0.6827018772238354,significant (4-8),False
5575,4.2253,118.6881,2026,4.5,1.62,0.6827018772238354,significant (4-8),False
5577,4.2295,118.68,2026,4.5,1.62,0.6827018772238354,significant (4-8),False
5581,4.2366,118.5532,2026,5.0,1.59,0.716204436088314,significant (4-8),False
5582,4.2394,118.4335,2026,6.01,1.59,0.7704567557797488,significant (4-8),False
5585,4.2504,118.6273,2026,5.59,1.67,0.7498174861061492,significant (4-8),False
5586,4.2551,118.5338,2026,5.82,1.64,0.7614278231863876,significant (4-8),False
5587,4.2731,113.8147,2026,3.62,1.75,0.6098353984814495,watch (0-4),False
5588,4.2764,113.8167,2026,3.62,1.75,0.6098353984814495,watch (0-4),False
5589,4.2871,118.7253,2026,5.23,1.67,0.7300082830559955,significant (4-8),False
5590,4.2872,113.8197,2026,3.62,1.75,0.6098353984814495,watch (0-4),False
5591,4.2925,113.8258,2026,3.62,1.75,0.6098353984814495,watch (0-4),False
5592,4.2939,113.8261,2026,3.62,1.75,0.6098353984814495,watch (0-4),False
5593,4.3004,118.8407,2026,3.93,1.68,0.6377624381500933,watch (0-4),False
5594,4.3133,118.8764,2026,3.89,1.7,0.6343055072418434,watch (0-4),False
5595,4.3161,118.8751,2026,3.89,1.7,0.6343055072418434,watch (0-4),False
5597,4.3433,113.8975,2026,3.83,1.8,0.6290403431774797,watch (0-4),False
5599,4.4447,118.7551,2026,4.26,1.59,0.6647271068578955,significant (4-8),False
5600,4.4459,118.7678,2026,4.26,1.59,0.6647271068578955,significant (4-8),False
5601,4.4679,118.5912,2026,5.57,1.7,0.7487708593517766,significant (4-8),False
5602,4.4734,118.946,2026,3.12,1.56,0.5588907787563636,watch (0-4),False
5603,4.5042,118.9417,2026,3.12,1.53,0.5588907787563636,watch (0-4),False
5604,4.5142,118.7263,2026,4.3,1.52,0.6678148544735593,significant (4-8),False
5605,4.5211,118.8048,2026,3.44,1.52,0.5923708128554313,watch (0-4),False
5606,4.5454,118.8258,2026,3.44,1.52,0.5923708128554313,watch (0-4),False
5607,4.5493,118.9292,2026,3.12,1.53,0.5588907787563636,watch (0-4),False
5608,4.556,118.9271,2026,3.26,1.5,0.5739325700895812,watch (0-4),False
5609,4.5586,118.615,2026,4.95,1.65,0.7130763226342924,significant (4-8),False
5610,4.5587,118.5545,2026,5.4,1.7,0.7396235707748219,significant (4-8),False
5613,4.5702,118.9569,2026,3.0700000000000003,1.46,0.5533659307573393,watch (0-4),False
5616,4.5792,118.9203,2026,3.26,1.5,0.5739325700895812,watch (0-4),False
5617,4.5793,118.9402,2026,3.26,1.5,0.5739325700895812,watch (0-4),False
5618,4.5818,118.9132,2026,3.26,1.5,0.5739325700895812,watch (0-4),False
5619,4.5849,118.9409,2026,3.26,1.5,0.5739325700895812,watch (0-4),False
5620,4.5921,118.8613,2026,3.44,1.52,0.5923708128554313,watch (0-4),False
5621,4.6022,118.7682,2026,3.91,1.48,0.6360392486401611,watch (0-4),False
5622,4.6332,118.5893,2026,4.88,1.69,0.7086175345272432,significant (4-8),False
5625,4.7427,118.5137,2026,4.82,1.63,0.7047204532365611,significant (4-8),False
5633,4.8004,103.6743,2026,3.47,1.48,0.5953479908905296,watch (0-4),False
5637,4.8061,103.6745,2026,3.47,1.48,0.5953479908905296,watch (0-4),False
5638,4.8091,103.6778,2026,3.47,1.48,0.5953479908905296,watch (0-4),False
5640,4.8128,103.6759,2026,3.47,1.48,0.5953479908905296,watch (0-4),False
5642,4.8155,103.6804,2026,3.47,1.48,0.5953479908905296,watch (0-4),False
5643,4.8173,103.6792,2026,3.47,1.48,0.5953479908905296,watch (0-4),False
5644,4.9074,118.2432,2026,4.68,1.47,0.6953487889376947,significant (4-8),False
5645,4.9085,118.1774,2026,5.59,1.48,0.7498174861061492,significant (4-8),False
5646,4.9123,118.2543,2026,4.66,1.49,0.6939773657776689,significant (4-8),False
5647,4.9208,118.2013,2026,4.68,1.47,0.6953487889376947,significant (4-8),False
5649,4.9235,118.2561,2026,4.66,1.49,0.6939773657776689,significant (4-8),False
5650,4.924,118.2667,2026,4.66,1.49,0.6939773657776689,significant (4-8),False
5654,4.9302,118.2285,2026,4.68,1.47,0.6953487889376947,significant (4-8),False
5656,4.9379,118.2744,2026,4.66,1.49,0.6939773657776689,significant (4-8),False
5659,4.9416,118.2824,2026,4.66,1.49,0.6939773657776689,significant (4-8),False
5660,4.9425,118.2939,2026,4.66,1.49,0.6939773657776689,significant (4-8),False
5663,4.9487,118.2513,2026,4.66,1.49,0.6939773657776689,significant (4-8),False
5664,4.9488,118.2578,2026,4.66,1.49,0.6939773657776689,significant (4-8),False
5666,4.9509,118.2579,2026,4.68,1.47,0.6953487889376947,significant (4-8),False
5667,4.963,118.2528,2026,4.68,1.47,0.6953487889376947,significant (4-8),False
5668,4.9671,118.264,2026,4.68,1.47,0.6953487889376947,significant (4-8),False
5669,5.2088,103.2695,2026,4.18,1.48,0.6584374541120547,significant (4-8),False
5670,5.2245,103.261,2026,4.18,1.48,0.6584374541120547,significant (4-8),False
5671,5.2298,103.268,2026,4.18,1.48,0.6584374541120547,significant (4-8),False
5672,5.2352,103.2613,2026,4.18,1.48,0.6584374541120547,significant (4-8),False
5673,5.2358,103.263,2026,4.18,1.48,0.6584374541120547,significant (4-8),False
5674,5.5989,103.0642,2026,0.94,1.34,0.24160179362785072,watch (0-4),False
5675,5.6101,103.063,2026,0.76,1.34,0.21041792930845363,watch (0-4),False
5676,5.6152,103.0572,2026,0.76,1.34,0.21041792930845363,watch (0-4),False
5677,5.6256,103.1595,2026,0.61,1.33,0.18456886946481552,watch (0-4),False
5678,5.6436,103.1511,2026,0.61,1.33,0.18456886946481552,watch (0-4),False
5679,5.6661,103.0713,2026,0.3,1.36,0.13265032878169147,watch (0-4),False
5681,5.7328,102.9975,2026,0.3,1.34,0.13265032878169147,watch (0-4),False
5684,5.7402,102.9996,2026,0.3,1.34,0.13265032878169147,watch (0-4),False
5685,5.7469,102.9998,2026,0.3,1.34,0.13265032878169147,watch (0-4),False
5686,5.7539,103.0289,2026,0.15,1.34,0.10885793516686067,watch (0-4),False
5688,5.7586,103.0294,2026,0.15,1.34,0.10885793516686067,watch (0-4),False
5689,5.761,103.0264,2026,0.15,1.34,0.10885793516686067,watch (0-4),False
5690,5.7686,103.0356,2026,0.15,1.34,0.10885793516686067,watch (0-4),False
5692,5.7733,103.0592,2026,0.15,1.34,0.10885793516686067,watch (0-4),False
5694,5.7796,103.0426,2026,0.15,1.34,0.10885793516686067,watch (0-4),False
5695,5.7884,102.9926,2026,0.16,1.35,0.11040708719723605,watch (0-4),False
5697,5.7995,103.0169,2026,0.15,1.34,0.10885793516686067,watch (0-4),False
5698,5.8144,103.0072,2026,0.15,1.35,0.10885793516686067,watch (0-4),False
5701,5.8841,102.747,2026,1.09,1.38,0.2674889238388841,watch (0-4),False
5702,5.886,102.7703,2026,1.22,1.37,0.2897107756070692,watch (0-4),False
5703,5.9106,102.7098,2026,1.09,1.38,0.2674889238388841,watch (0-4),False
5704,5.912,102.7449,2026,1.09,1.38,0.2674889238388841,watch (0-4),False
5705,5.9144,102.7541,2026,1.07,1.37,0.26404959455545723,watch (0-4),False
5706,5.9213,102.7248,2026,1.09,1.38,0.2674889238388841,watch (0-4),False
5707,5.9236,102.7583,2026,1.07,1.37,0.26404959455545723,watch (0-4),False
5708,5.9316,102.7232,2026,1.09,1.38,0.2674889238388841,watch (0-4),False
5709,5.9391,102.722,2026,1.09,1.38,0.2674889238388841,watch (0-4),False
5710,5.9622,102.6808,2026,1.1,1.41,0.2692067908575649,watch (0-4),False
5711,6.0606,100.0412,2026,2.97,1.74,0.5420701975746688,watch (0-4),False
5712,6.0617,100.0388,2026,2.97,1.74,0.5420701975746688,watch (0-4),False
5713,6.0659,100.0434,2026,2.97,1.74,0.5420701975746688,watch (0-4),False
5714,6.0716,100.0511,2026,3.29,1.76,0.5770750927270355,watch (0-4),False
5715,6.0731,100.0574,2026,3.29,1.76,0.5770750927270355,watch (0-4),False
5716,6.4791,117.8908,2026,13.53,1.67,0.9273684549712622,severe (8+),False
5717,6.4833,117.8932,2026,13.53,1.67,0.9273684549712622,severe (8+),False
5718,6.4864,117.9112,2026,13.72,1.69,0.9289562504752765,severe (8+),False
5720,6.4982,117.9272,2026,13.72,1.69,0.9289562504752765,severe (8+),False
5721,6.4983,117.9114,2026,13.72,1.69,0.9289562504752765,severe (8+),False
5722,6.5006,117.9203,2026,13.77,1.69,0.9293653792891309,severe (8+),False
5724,6.5065,117.9275,2026,13.77,1.69,0.9293653792891309,severe (8+),False
5725,6.5134,117.9056,2026,13.77,1.69,0.9293653792891309,severe (8+),False
5726,6.5139,117.9243,2026,13.77,1.69,0.9293653792891309,severe (8+),False
5727,6.5204,117.9296,2026,13.77,1.69,0.9293653792891309,severe (8+),False
5728,6.521,117.9157,2026,13.77,1.69,0.9293653792891309,severe (8+),False
5729,6.5436,117.92,2026,13.77,1.69,0.9293653792891309,severe (8+),False
5730,6.5521,117.9247,2026,13.71,1.71,0.9288739951435054,severe (8+),False
5731,6.5521,117.9357,2026,13.71,1.71,0.9288739951435054,severe (8+),False
5732,6.5621,117.9202,2026,13.71,1.71,0.9288739951435054,severe (8+),False
5733,6.7012,116.3386,2026,1.77,1.94,0.37964280047250515,watch (0-4),False
5734,6.7023,116.3635,2026,1.76,1.88,0.3780827255330034,watch (0-4),False
5735,6.7051,116.3205,2026,1.77,1.94,0.37964280047250515,watch (0-4),False
5736,6.7065,116.3167,2026,1.77,1.94,0.37964280047250515,watch (0-4),False
5737,6.7065,116.3295,2026,1.77,1.94,0.37964280047250515,watch (0-4),False
5738,6.7097,116.3234,2026,1.77,1.94,0.37964280047250515,watch (0-4),False
5739,6.7139,116.3347,2026,1.77,1.94,0.37964280047250515,watch (0-4),False
5740,6.7182,116.3594,2026,1.76,1.88,0.3780827255330034,watch (0-4),False
5741,6.7183,116.3595,2026,1.76,1.88,0.3780827255330034,watch (0-4),False
5742,6.7199,116.3409,2026,1.77,1.94,0.37964280047250515,watch (0-4),False
5743,6.7201,116.3684,2026,1.76,1.88,0.3780827255330034,watch (0-4),False
5744,6.7216,116.3484,2026,1.77,1.94,0.37964280047250515,watch (0-4),False
5752,7.0037,117.4462,2026,9.44,1.68,0.874462305658824,severe (8+),False
5827,1.7335,110.0834,2026,0.15,1.3,0.10885793516686067,watch (0-4),False
5829,1.7831,110.1674,2026,0.3,1.43,0.13265032878169147,watch (0-4),False
5830,1.7867,110.1579,2026,0.3,1.43,0.13265032878169147,watch (0-4),False
5831,1.7875,110.1621,2026,0.3,1.43,0.13265032878169147,watch (0-4),False
5833,1.8942,109.7704,2026,0.0,1.13,0.08638076180651055,none,False
5834,1.8946,109.7664,2026,0.0,1.13,0.08638076180651055,none,False
5835,1.9159,109.7744,2026,0.0,1.14,0.08638076180651055,none,False
5836,1.9176,109.7799,2026,0.0,1.14,0.08638076180651055,none,False
5837,2.1836,104.0957,2026,3.37,1.34,0.5853185151131952,watch (0-4),False
5838,2.2345,104.061,2026,3.4,1.37,0.5883591287949917,watch (0-4),False
5843,2.4599,104.4893,2026,2.64,1.27,0.5024010514090949,watch (0-4),False
5844,2.4612,104.5267,2026,2.77,1.25,0.5184735740581171,watch (0-4),False
5849,2.4712,104.5106,2026,2.77,1.25,0.5184735740581171,watch (0-4),False
5851,2.4775,104.5045,2026,2.77,1.25,0.5184735740581171,watch (0-4),False
5855,2.5736,104.325,2026,3.3000000000000003,1.31,0.5781163552296743,watch (0-4),False
5856,2.5814,104.3375,2026,3.3000000000000003,1.31,0.5781163552296743,watch (0-4),False
5857,2.5815,104.3353,2026,3.3000000000000003,1.31,0.5781163552296743,watch (0-4),False
5858,2.5818,104.3125,2026,3.3000000000000003,1.31,0.5781163552296743,watch (0-4),False
5859,2.6614,104.1664,2026,3.61,1.36,0.6088899257772057,watch (0-4),False
5865,2.7191,104.1517,2026,3.82,1.35,0.6281534086650914,watch (0-4),False
5866,2.7321,104.1354,2026,3.83,1.4,0.6290403431774797,watch (0-4),False
5868,2.7402,104.1316,2026,3.83,1.4,0.6290403431774797,watch (0-4),False
5869,2.7411,104.2181,2026,3.64,1.42,0.611717753227933,watch (0-4),False
5870,2.742,104.2177,2026,3.64,1.42,0.611717753227933,watch (0-4),False
5871,2.7509,104.2202,2026,3.69,1.48,0.6163738940351577,watch (0-4),False
5872,2.7599,104.2219,2026,3.69,1.48,0.6163738940351577,watch (0-4),False
5873,2.7603,104.2204,2026,3.69,1.48,0.6163738940351577,watch (0-4),False
5874,2.7809,104.2103,2026,3.69,1.48,0.6163738940351577,watch (0-4),False
5875,2.7898,104.1167,2026,3.84,1.45,0.6299245768065599,watch (0-4),False
5877,2.804,104.2098,2026,3.61,1.5,0.6088899257772057,watch (0-4),False
5878,2.8095,104.1353,2026,3.86,1.47,0.6316849729134381,watch (0-4),False
5880,2.8105,104.1363,2026,3.86,1.47,0.6316849729134381,watch (0-4),False
5884,2.8167,104.1509,2026,3.72,1.48,0.6191337813164269,watch (0-4),False
5885,2.8181,104.1539,2026,3.72,1.48,0.6191337813164269,watch (0-4),False
5886,2.8241,104.1882,2026,3.72,1.48,0.6191337813164269,watch (0-4),False
5891,2.8884,104.0672,2026,4.69,1.48,0.6960313987354052,significant (4-8),False
5893,2.9002,104.0509,2026,4.84,1.49,0.7060272951520872,significant (4-8),False
5894,2.9023,104.1025,2026,4.24,1.49,0.6631690538231578,significant (4-8),False
5896,2.9132,104.1834,2026,3.97,1.49,0.6411774123916545,watch (0-4),False
5901,3.9945,100.5357,2026,4.54,1.42,0.6855722180623312,significant (4-8),False
5902,4.0008,100.5491,2026,4.89,1.42,0.709260248270997,significant (4-8),False
5905,4.1043,118.6316,2026,4.55,1.55,0.6862843772115785,significant (4-8),False
5906,4.1043,118.6352,2026,4.55,1.55,0.6862843772115785,significant (4-8),False
5907,4.1057,118.6287,2026,4.55,1.55,0.6862843772115785,significant (4-8),False
5909,4.1075,118.6363,2026,4.55,1.55,0.6862843772115785,significant (4-8),False
5910,4.1093,118.6257,2026,4.55,1.55,0.6862843772115785,significant (4-8),False
5911,4.1118,118.6249,2026,4.55,1.55,0.6862843772115785,significant (4-8),False
5912,4.1135,118.636,2026,4.55,1.55,0.6862843772115785,significant (4-8),False
5913,4.1152,118.6248,2026,4.55,1.55,0.6862843772115785,significant (4-8),False
5915,4.1182,118.6279,2026,4.55,1.55,0.6862843772115785,significant (4-8),False
5916,4.1188,118.6291,2026,4.55,1.55,0.6862843772115785,significant (4-8),False
5917,4.1189,118.6342,2026,4.55,1.55,0.6862843772115785,significant (4-8),False
5918,4.1216,118.6365,2026,4.55,1.55,0.6862843772115785,significant (4-8),False
5919,4.1523,118.2575,2026,6.28,1.62,0.7824784286829244,significant (4-8),False
5920,4.1544,118.2631,2026,6.28,1.62,0.7824784286829244,significant (4-8),False
5921,4.155,118.8987,2026,4.8100000000000005,1.76,0.7040640786969321,significant (4-8),False
5922,4.1621,118.8722,2026,4.8100000000000005,1.76,0.7040640786969321,significant (4-8),False
5923,4.1635,118.2752,2026,6.28,1.62,0.7824784286829244,significant (4-8),False
5924,4.1636,118.2761,2026,6.28,1.62,0.7824784286829244,significant (4-8),False
5925,4.1762,118.3073,2026,5.89,1.6,0.7648114413569015,significant (4-8),False
5927,4.1781,118.3078,2026,5.89,1.6,0.7648114413569015,significant (4-8),False
5928,4.1919,118.9007,2026,4.3100000000000005,1.75,0.6685809270941582,significant (4-8),False
5932,4.2263,118.685,2026,4.5,1.62,0.6827018772238354,significant (4-8),False
5934,4.2314,118.6336,2026,4.74,1.6,0.6994137034573251,significant (4-8),False
5935,4.2341,118.6376,2026,4.74,1.6,0.6994137034573251,significant (4-8),False
5936,4.237,118.6274,2026,4.74,1.6,0.6994137034573251,significant (4-8),False
5937,4.2378,118.3869,2026,6.09,1.6,0.774114703489911,significant (4-8),False
5938,4.2455,118.387,2026,6.09,1.6,0.774114703489911,significant (4-8),False
5939,4.2468,118.6272,2026,4.74,1.6,0.6994137034573251,significant (4-8),False
5940,4.249,118.6321,2026,4.74,1.6,0.6994137034573251,significant (4-8),False
5941,4.2493,118.6315,2026,4.74,1.6,0.6994137034573251,significant (4-8),False
5942,4.2498,118.6305,2026,4.74,1.6,0.6994137034573251,significant (4-8),False
5943,4.2671,113.8009,2026,3.62,1.75,0.6098353984814495,watch (0-4),False
5955,4.568,118.7583,2026,3.61,1.49,0.6088899257772057,watch (0-4),False
5958,4.5726,118.7637,2026,3.61,1.49,0.6088899257772057,watch (0-4),False
5959,4.5735,118.7584,2026,3.61,1.49,0.6088899257772057,watch (0-4),False
5961,4.5799,118.9464,2026,3.26,1.5,0.5739325700895812,watch (0-4),False
5963,4.5854,118.7859,2026,3.61,1.49,0.6088899257772057,watch (0-4),False
5966,4.5899,118.8688,2026,3.44,1.52,0.5923708128554313,watch (0-4),False
5968,4.5902,118.8641,2026,3.44,1.52,0.5923708128554313,watch (0-4),False
5969,4.5915,118.862,2026,3.44,1.52,0.5923708128554313,watch (0-4),False
5971,4.5981,118.8619,2026,3.44,1.52,0.5923708128554313,watch (0-4),False
5972,4.6283,118.8352,2026,3.89,1.5,0.6343055072418434,watch (0-4),False
5973,4.6322,118.7966,2026,3.91,1.48,0.6360392486401611,watch (0-4),False
5974,4.6386,118.7174,2026,3.98,1.51,0.6420246589503181,watch (0-4),False
5977,4.6526,118.6647,2026,3.92,1.59,0.6369021584577633,watch (0-4),False
5978,4.7112,103.925,2026,2.93,1.35,0.5374589445253298,watch (0-4),False
5979,4.8005,103.676,2026,3.47,1.48,0.5953479908905296,watch (0-4),False
5980,4.8076,103.6784,2026,3.47,1.48,0.5953479908905296,watch (0-4),False
5981,4.8188,103.6763,2026,3.47,1.48,0.5953479908905296,watch (0-4),False
5982,4.8195,103.6875,2026,3.47,1.48,0.5953479908905296,watch (0-4),False
5983,4.82,103.6842,2026,3.47,1.48,0.5953479908905296,watch (0-4),False
5991,5.1891,115.1351,2026,8.58,1.75,0.8561189604822825,severe (8+),False
5992,5.191,115.1357,2026,8.58,1.75,0.8561189604822825,severe (8+),False
5993,5.2016,115.1419,2026,8.18,1.74,0.8462182324081837,severe (8+),False
5994,5.2019,115.1426,2026,8.18,1.74,0.8462182324081837,severe (8+),False
5996,5.218,115.1253,2026,8.18,1.74,0.8462182324081837,severe (8+),False
5997,5.2227,115.1418,2026,8.18,1.74,0.8462182324081837,severe (8+),False
6001,5.705,115.6284,2026,3.82,1.75,0.6281534086650914,watch (0-4),False
6002,5.708,115.6993,2026,3.62,1.7,0.6098353984814495,watch (0-4),False
6003,5.7086,115.6532,2026,3.62,1.7,0.6098353984814495,watch (0-4),False
6004,5.7128,115.6724,2026,3.62,1.7,0.6098353984814495,watch (0-4),False
6005,5.7169,115.6349,2026,3.82,1.75,0.6281534086650914,watch (0-4),False
6006,5.7202,115.6448,2026,3.82,1.75,0.6281534086650914,watch (0-4),False
6018,5.7717,103.039,2026,0.15,1.34,0.10885793516686067,watch (0-4),False
6024,5.7771,103.0418,2026,0.15,1.34,0.10885793516686067,watch (0-4),False
6032,5.8851,102.767,2026,1.22,1.37,0.2897107756070692,watch (0-4),False
6035,5.9089,102.7096,2026,1.09,1.38,0.2674889238388841,watch (0-4),False
6037,5.9121,102.7501,2026,1.07,1.37,0.26404959455545723,watch (0-4),False
6038,5.917,102.7539,2026,1.07,1.37,0.26404959455545723,watch (0-4),False
6040,5.9401,102.7222,2026,1.09,1.38,0.2674889238388841,watch (0-4),False
6042,5.9524,102.7085,2026,1.22,1.39,0.2897107756070692,watch (0-4),False
6044,5.9591,115.9911,2026,2.68,1.95,0.5074088737282595,watch (0-4),False
6045,5.9619,115.9947,2026,2.68,1.95,0.5074088737282595,watch (0-4),False
6046,5.9627,102.6806,2026,1.1,1.41,0.2692067908575649,watch (0-4),False
6047,5.9678,116.0126,2026,2.51,1.96,0.4857391343783184,watch (0-4),False
6048,5.9706,115.98,2026,2.68,1.95,0.5074088737282595,watch (0-4),False
6050,5.9708,115.9943,2026,2.68,1.95,0.5074088737282595,watch (0-4),False
6051,5.9739,116.0125,2026,2.51,1.96,0.4857391343783184,watch (0-4),False
6054,5.9906,116.0403,2026,2.51,1.96,0.4857391343783184,watch (0-4),False
6056,6.0064,116.0308,2026,2.51,2.0,0.4857391343783184,watch (0-4),False
6057,6.0069,116.0222,2026,2.51,2.0,0.4857391343783184,watch (0-4),False
6059,6.0081,116.0036,2026,2.51,2.0,0.4857391343783184,watch (0-4),False
6060,6.0082,116.022,2026,2.51,2.0,0.4857391343783184,watch (0-4),False
6061,6.0084,116.0313,2026,2.51,2.0,0.4857391343783184,watch (0-4),False
6064,6.0169,116.0479,2026,2.51,2.0,0.4857391343783184,watch (0-4),False
6065,6.0178,116.0453,2026,2.51,2.0,0.4857391343783184,watch (0-4),False
6066,6.0181,116.0053,2026,2.51,2.0,0.4857391343783184,watch (0-4),False
6067,6.0259,116.0045,2026,2.51,2.0,0.4857391343783184,watch (0-4),False
6068,6.0278,116.0522,2026,2.36,2.01,0.46577437591017495,watch (0-4),False
6069,6.0344,116.0286,2026,2.51,2.0,0.4857391343783184,watch (0-4),False
6070,6.0414,116.0197,2026,2.51,2.0,0.4857391343783184,watch (0-4),False
6071,6.0562,100.0359,2026,2.97,1.74,0.5420701975746688,watch (0-4),False
6075,6.1545,118.0585,2026,14.91,1.69,0.9378049958971599,severe (8+),False
6076,6.1634,118.1081,2026,14.89,1.67,0.9376703756135567,severe (8+),False
6077,6.1699,118.1089,2026,14.89,1.67,0.9376703756135567,severe (8+),False
6078,6.1734,118.0714,2026,14.91,1.69,0.9378049958971599,severe (8+),False
6079,6.1802,118.0634,2026,14.91,1.69,0.9378049958971599,severe (8+),False
6080,6.3498,116.3097,2026,1.48,2.08,0.3331931976894115,watch (0-4),False
6081,6.3532,116.3102,2026,1.46,2.07,0.3299037665184204,watch (0-4),False
6082,6.3544,116.3111,2026,1.46,2.07,0.3299037665184204,watch (0-4),False
6083,6.3684,116.3189,2026,1.46,2.07,0.3299037665184204,watch (0-4),False
6084,6.3688,116.3309,2026,1.46,2.07,0.3299037665184204,watch (0-4),False
6085,6.372,116.324,2026,1.46,2.07,0.3299037665184204,watch (0-4),False
6086,6.3742,116.3431,2026,1.46,2.07,0.3299037665184204,watch (0-4),False
6087,6.3894,116.3312,2026,1.46,2.07,0.3299037665184204,watch (0-4),False
6088,6.39,116.3228,2026,1.46,2.07,0.3299037665184204,watch (0-4),False
6089,6.3936,116.3282,2026,1.46,2.07,0.3299037665184204,watch (0-4),False
6100,6.7065,116.3347,2026,1.77,1.94,0.37964280047250515,watch (0-4),False
6101,6.7066,116.3212,2026,1.77,1.94,0.37964280047250515,watch (0-4),False
6102,6.7127,116.3295,2026,1.77,1.94,0.37964280047250515,watch (0-4),False
6103,6.7134,116.3234,2026,1.77,1.94,0.37964280047250515,watch (0-4),False
6106,6.94,117.0156,2026,5.8,1.71,0.7604485284416503,significant (4-8),False
6107,6.9477,117.0105,2026,5.8,1.71,0.7604485284416503,significant (4-8),False
6108,6.9558,117.0057,2026,5.9,1.69,0.7652893023515869,significant (4-8),False
6109,6.9657,117.019,2026,5.9,1.69,0.7652893023515869,significant (4-8),False
6110,7.0738,117.022,2026,4.87,1.7,0.7079728888625798,significant (4-8),False
6111,7.0762,117.0148,2026,4.87,1.7,0.7079728888625798,significant (4-8),False
6112,7.0784,117.0295,2026,4.87,1.7,0.7079728888625798,significant (4-8),False
6113,7.0805,117.0134,2026,4.87,1.7,0.7079728888625798,significant (4-8),False
6114,7.0835,117.0385,2026,4.87,1.7,0.7079728888625798,significant (4-8),False
6115,7.0851,117.0389,2026,4.87,1.7,0.7079728888625798,significant (4-8),False
6116,7.0905,117.0552,2026,5.7700000000000005,1.69,0.7589689867313901,significant (4-8),False
6117,7.0946,117.0234,2026,4.87,1.7,0.7079728888625798,significant (4-8),False
6118,7.1005,117.0295,2026,4.05,1.72,0.6478834925413985,significant (4-8),False
6119,7.1861,116.8643,2026,3.02,1.71,0.547759335144269,watch (0-4),False
6120,7.1894,116.8697,2026,3.02,1.71,0.547759335144269,watch (0-4),False
6122,7.2034,116.8432,2026,2.66,1.71,0.5049119269692832,watch (0-4),False
6142,3.1056,73.5661,2026,2.0,2.15,0.4146312223559554,watch (0-4),False
6143,3.1056,73.6181,2026,2.12,2.15,0.432180677940266,watch (0-4),False
6144,3.2242,73.4334,2026,2.18,2.14,0.44076855544317617,watch (0-4),False
6145,3.435,73.4222,2026,1.83,2.13,0.38893674189156274,watch (0-4),False
6146,3.447,73.5967,2026,2.21,2.11,0.4450153291441702,watch (0-4),False
6147,3.4484,73.7546,2026,2.26,2.12,0.4520230922413386,watch (0-4),False
6148,3.4946,72.8233,2026,2.43,2.12,0.4751901375783886,watch (0-4),False
6150,3.5298,72.9281,2026,2.21,2.13,0.4450153291441702,watch (0-4),False
6162,3.6776,73.4691,2026,2.28,2.1,0.454801568493119,watch (0-4),False
6164,3.7301,72.7581,2026,1.43,1.93,0.3249507835481887,watch (0-4),False
6165,3.7302,72.7606,2026,1.43,1.93,0.3249507835481887,watch (0-4),False
6170,4.0258,72.8057,2026,1.2,1.78,0.28630912758787064,watch (0-4),False
6171,4.058,72.9563,2026,1.71,1.88,0.37023571760812973,watch (0-4),False
6173,4.1188,73.4672,2026,1.42,1.9,0.3232948737944189,watch (0-4),False
6175,4.2656,73.0026,2026,1.83,1.9,0.38893674189156274,watch (0-4),False
6176,4.2681,73.4888,2026,1.53,1.94,0.3413713262171105,watch (0-4),False
6181,4.5083,73.3611,2026,1.17,1.92,0.2811941842517513,watch (0-4),False
6182,4.5208,73.3611,2026,1.17,1.92,0.2811941842517513,watch (0-4),False
6183,4.5278,73.3889,2026,1.17,1.92,0.2811941842517513,watch (0-4),False
6184,4.5278,73.4222,2026,1.18,1.94,0.28290077562183924,watch (0-4),False
6192,5.7217,73.4034,2026,2.52,1.39,0.48704189298789713,watch (0-4),False
6245,3.5222,72.8992,2026,2.22,2.11,0.44642390885398814,watch (0-4),False
6249,3.6546,72.8214,2026,1.73,1.98,0.37338378593220595,watch (0-4),False
6253,3.8448,72.7511,2026,1.29,1.88,0.3015593793102482,watch (0-4),False
6258,4.0149,72.8052,2026,1.2,1.78,0.28630912758787064,watch (0-4),False
6259,4.0171,72.8052,2026,1.2,1.78,0.28630912758787064,watch (0-4),False
6261,4.0549,72.9571,2026,1.71,1.88,0.37023571760812973,watch (0-4),False
6262,4.0558,72.9564,2026,1.71,1.88,0.37023571760812973,watch (0-4),False
6267,4.2381,73.5315,2026,1.72,1.94,0.3718112854313913,watch (0-4),False
6270,4.2563,72.9893,2026,1.82,1.86,0.3873957375464043,watch (0-4),False
6275,4.2834,73.4281,2026,1.37,1.93,0.31497972509710465,watch (0-4),False
6277,4.2864,73.4264,2026,1.37,1.93,0.31497972509710465,watch (0-4),False
6279,4.3069,73.4232,2026,1.36,1.94,0.3133097803149771,watch (0-4),False
6281,4.5472,73.3806,2026,1.17,1.92,0.2811941842517513,watch (0-4),False
6282,4.5702,73.3775,2026,1.33,1.92,0.3082866639937808,watch (0-4),False
6681,10.1474,97.9704,2026,2.97,1.21,0.5420701975746688,watch (0-4),False
6685,10.1579,98.1388,2026,2.38,1.19,0.4684822609594566,watch (0-4),False
6686,10.4659,98.2446,2026,2.46,1.25,0.4791724752767033,watch (0-4),False
6687,10.4669,98.2196,2026,2.46,1.25,0.4791724752767033,watch (0-4),False
6688,10.473,98.1714,2026,2.28,1.24,0.454801568493119,watch (0-4),False
6689,10.571,98.0309,2026,2.67,1.23,0.5061621396863345,watch (0-4),False
6695,12.041,-68.7508,2026,5.3,1.29,0.7340259564301664,significant (4-8),False
6698,12.0738,-68.8795,2026,5.24,1.25,0.7305873370759116,significant (4-8),False
6699,12.0745,-68.8792,2026,5.24,1.25,0.7305873370759116,significant (4-8),False
6701,12.1396,-69.8372,2026,5.37,1.53,0.7379615395241789,significant (4-8),False
6709,12.2791,-69.1451,2026,4.58,1.13,0.688407945646671,significant (4-8),False
6711,12.3848,-69.16,2026,4.76,1.14,0.7007524048558873,significant (4-8),False
6752,12.0812,-68.8955,2026,5.24,1.25,0.7305873370759116,significant (4-8),False
6755,12.2188,-69.0873,2026,4.88,1.16,0.7086175345272432,significant (4-8),False
6756,12.2191,-69.0878,2026,4.88,1.16,0.7086175345272432,significant (4-8),False
6757,12.2603,-69.1203,2026,4.58,1.13,0.688407945646671,significant (4-8),False
6759,12.3175,-69.1525,2026,4.59,1.11,0.6891115223152664,significant (4-8),False
6760,12.328,-69.1518,2026,4.59,1.11,0.6891115223152664,significant (4-8),False
6875,26.3295,56.4603,2026,0.8200000000000001,1.52,0.22080871708763541,watch (0-4),False
6884,20.3726,58.8059,2026,0.15,1.46,0.10885793516686067,watch (0-4),False
6885,22.6918,59.3804,2026,3.58,3.0500000000000003,0.6060362324001317,watch (0-4),False
6886,23.5226,58.7466,2026,1.97,2.54,0.4101669725942164,watch (0-4),False
6887,23.6456,58.4998,2026,2.44,2.57,0.47652111456150337,watch (0-4),False
6888,23.6793,58.5015,2026,2.12,2.32,0.432180677940266,watch (0-4),False
6889,23.6802,58.4995,2026,2.03,2.34,0.41906490777007516,watch (0-4),False
6890,24.42,56.6738,2026,4.7700000000000005,2.37,0.7014187353258239,significant (4-8),False
6892,26.0836,56.4242,2026,3.41,2.16,0.5893665847773392,watch (0-4),False
6894,26.0864,56.4286,2026,3.41,2.16,0.5893665847773392,watch (0-4),False
6895,26.0883,56.4678,2026,2.63,2.09,0.5011403817726414,watch (0-4),False
6897,26.1343,56.4733,2026,2.46,2.11,0.4791724752767033,watch (0-4),False
6900,26.1513,56.3809,2026,2.42,2.21,0.47385562846855867,watch (0-4),False
6902,26.1861,56.3877,2026,2.42,2.21,0.47385562846855867,watch (0-4),False
6915,26.3427,56.4696,2026,0.8200000000000001,1.52,0.22080871708763541,watch (0-4),False
6916,26.3472,56.4808,2026,0.8200000000000001,1.52,0.22080871708763541,watch (0-4),False
6917,26.3557,56.4991,2026,0.63,1.45,0.18799915224796468,watch (0-4),False
6918,26.3582,56.4981,2026,0.63,1.45,0.18799915224796468,watch (0-4),False
6919,26.3655,56.452,2026,0.63,1.45,0.18799915224796468,watch (0-4),False
6921,26.3683,56.5345,2026,1.23,1.62,0.29140898905334595,watch (0-4),False
6923,26.3746,56.3891,2026,0.0,1.32,0.08638076180651055,none,False
6925,26.3755,56.3854,2026,0.0,1.32,0.08638076180651055,none,False
6926,26.3758,56.4164,2026,0.15,1.33,0.10885793516686067,watch (0-4),False
6927,26.3766,56.4487,2026,0.15,1.33,0.10885793516686067,watch (0-4),False
6928,26.3819,56.4183,2026,0.15,1.33,0.10885793516686067,watch (0-4),False
6930,26.3839,56.3994,2026,0.0,1.32,0.08638076180651055,none,False
6932,26.385,56.4208,2026,0.15,1.33,0.10885793516686067,watch (0-4),False
7190,10.2859,124.0074,2026,6.140000000000001,1.92,0.7763592286729025,significant (4-8),False
7193,10.2899,124.0112,2026,6.140000000000001,1.92,0.7763592286729025,significant (4-8),False
7205,11.2369,119.357,2026,2.14,1.66,0.43505724101504684,watch (0-4),False
7206,12.3072,121.3622,2026,2.32,1.7,0.4603162127508047,watch (0-4),False
7283,9.0564,123.1084,2026,0.16,1.69,0.11040708719723605,watch (0-4),False
7284,9.0564,123.1362,2026,0.16,1.69,0.11040708719723605,watch (0-4),False
7285,9.0752,123.1647,2026,0.15,1.65,0.10885793516686067,watch (0-4),False
7286,9.1074,123.2086,2026,0.15,1.65,0.10885793516686067,watch (0-4),False
7287,9.1817,123.2583,2026,0.44,1.67,0.15574365071661003,watch (0-4),False
7296,9.7177,118.7504,2026,1.94,1.43,0.40567237895625313,watch (0-4),False
7303,9.8948,123.7667,2026,2.92,1.99,0.5362977567619903,watch (0-4),False
7376,10.2494,123.9716,2026,5.11,1.84,0.7229241173942134,significant (4-8),False
7415,10.2994,124.0177,2026,6.140000000000001,1.92,0.7763592286729025,significant (4-8),False
7420,10.3116,124.0241,2026,6.140000000000001,1.89,0.7763592286729025,significant (4-8),False
7443,10.9249,119.3379,2026,1.98,1.73,0.41165843870927943,watch (0-4),False
7444,10.9249,119.3379,2026,1.98,1.73,0.41165843870927943,watch (0-4),False
7445,10.9812,119.2983,2026,2.07,1.73,0.4249286012044128,watch (0-4),False
7448,10.9862,119.3074,2026,2.12,1.74,0.432180677940266,watch (0-4),False
7450,10.9897,119.2969,2026,2.07,1.73,0.4249286012044128,watch (0-4),False
7455,10.9922,119.3011,2026,2.12,1.74,0.432180677940266,watch (0-4),False
7461,11.016,119.3093,2026,2.31,1.72,0.4589428440430923,watch (0-4),False
7475,11.1436,119.3087,2026,2.28,1.69,0.454801568493119,watch (0-4),False
7480,11.1722,119.3813,2026,2.16,1.69,0.437919878284786,watch (0-4),False
7481,11.1774,119.3749,2026,2.16,1.69,0.437919878284786,watch (0-4),False
7490,11.1916,119.3917,2026,2.16,1.69,0.437919878284786,watch (0-4),False
7491,11.1955,119.395,2026,2.16,1.69,0.437919878284786,watch (0-4),False
7496,11.2101,119.3774,2026,2.14,1.66,0.43505724101504684,watch (0-4),False
7505,11.2275,119.3642,2026,2.14,1.66,0.43505724101504684,watch (0-4),False
7508,11.2618,119.6764,2026,1.99,1.34,0.4131465246840565,watch (0-4),False
7509,11.2618,119.7001,2026,2.21,1.35,0.4450153291441702,watch (0-4),False
7510,11.268,119.6643,2026,1.99,1.34,0.4131465246840565,watch (0-4),False
7520,11.3126,119.6647,2026,1.96,1.33,0.40867213476177916,watch (0-4),False
7525,11.3219,124.1078,2026,3.28,1.94,0.5760307125520729,watch (0-4),False
7534,11.3343,124.1252,2026,3.28,1.94,0.5760307125520729,watch (0-4),False
7535,11.3344,124.1244,2026,3.28,1.94,0.5760307125520729,watch (0-4),False
7536,11.3351,124.1093,2026,3.28,1.94,0.5760307125520729,watch (0-4),False
7543,11.4836,119.8804,2026,2.72,1.44,0.5123610976420356,watch (0-4),False
7544,11.4887,119.8828,2026,2.72,1.44,0.5123610976420356,watch (0-4),False
7545,11.4912,119.8741,2026,2.72,1.44,0.5123610976420356,watch (0-4),False
7546,11.4959,119.8735,2026,2.72,1.44,0.5123610976420356,watch (0-4),False
7556,11.7525,120.1365,2026,5.61,1.64,0.7508580449974633,significant (4-8),False
7558,11.7557,120.1426,2026,5.61,1.64,0.7508580449974633,significant (4-8),False
7559,11.7648,120.1339,2026,5.61,1.64,0.7508580449974633,significant (4-8),False
7562,11.7702,120.1373,2026,5.61,1.64,0.7508580449974633,significant (4-8),False
7580,11.9099,120.0519,2026,3.83,1.46,0.6290403431774797,watch (0-4),False
7581,11.9135,120.0367,2026,2.77,1.39,0.5184735740581171,watch (0-4),False
7582,11.9635,120.178,2026,4.48,1.47,0.6812535843434169,significant (4-8),False
7583,11.9644,120.1823,2026,4.48,1.47,0.6812535843434169,significant (4-8),False
7584,11.9651,121.9067,2026,0.47,1.59,0.16077825055832065,watch (0-4),False
7587,11.9807,121.9028,2026,0.47,1.59,0.16077825055832065,watch (0-4),False
7594,12.214,121.2795,2026,0.94,1.61,0.24160179362785072,watch (0-4),False
7595,12.2429,121.2824,2026,0.94,1.61,0.24160179362785072,watch (0-4),False
7596,12.2633,121.3872,2026,1.96,1.69,0.40867213476177916,watch (0-4),False
7597,12.2656,121.2746,2026,0.96,1.62,0.24506333754502332,watch (0-4),False
7598,12.3173,121.3587,2026,2.32,1.7,0.4603162127508047,watch (0-4),False
7599,12.3829,121.4523,2026,3.0700000000000003,1.71,0.5533659307573393,watch (0-4),False
7600,12.5316,124.1052,2026,0.15,1.56,0.10885793516686067,watch (0-4),False
7601,12.5478,124.1188,2026,0.15,1.56,0.10885793516686067,watch (0-4),False
7604,13.2153,120.5278,2026,1.74,1.3,0.37495320314329367,watch (0-4),False
7612,13.4779,120.9717,2026,0.91,1.14,0.23640608887639125,watch (0-4),False
7613,13.481,120.9711,2026,0.91,1.14,0.23640608887639125,watch (0-4),False
7615,13.514,120.9608,2026,0.93,1.2,0.23987028949407335,watch (0-4),False
7617,13.5197,120.9553,2026,0.93,1.2,0.23987028949407335,watch (0-4),False
7620,13.5226,120.9856,2026,0.93,1.2,0.23987028949407335,watch (0-4),False
7628,13.6592,122.7921,2026,5.94,1.42,0.7671871512685406,significant (4-8),False
7629,13.6642,120.8686,2026,1.36,1.51,0.3133097803149771,watch (0-4),False
7630,13.6882,120.8413,2026,1.51,1.52,0.3381079902336333,watch (0-4),False
7631,13.6906,120.8891,2026,1.36,1.51,0.3133097803149771,watch (0-4),False
7633,13.708,120.8743,2026,1.71,1.58,0.37023571760812973,watch (0-4),False
7635,13.7178,120.8725,2026,1.71,1.58,0.37023571760812973,watch (0-4),False
7636,13.7244,120.8804,2026,1.71,1.58,0.37023571760812973,watch (0-4),False
7637,13.7282,120.8838,2026,1.71,1.58,0.37023571760812973,watch (0-4),False
7638,13.7335,122.8289,2026,5.94,1.45,0.7671871512685406,significant (4-8),False
7644,13.8034,120.9116,2026,2.44,1.65,0.47652111456150337,watch (0-4),False
7645,13.8139,120.9085,2026,2.44,1.65,0.47652111456150337,watch (0-4),False
7647,13.9697,120.6017,2026,3.49,1.78,0.5973178503836337,watch (0-4),False
7648,13.9716,120.6017,2026,3.49,1.78,0.5973178503836337,watch (0-4),False
7650,13.9781,120.6161,2026,3.49,1.78,0.5973178503836337,watch (0-4),False
7655,13.9901,120.6224,2026,3.49,1.78,0.5973178503836337,watch (0-4),False
7657,14.0201,120.6166,2026,3.43,1.8,0.5913724192174485,watch (0-4),False
7660,14.1724,120.5781,2026,5.23,1.64,0.7300082830559955,significant (4-8),False
7661,14.1728,120.5807,2026,5.23,1.64,0.7300082830559955,significant (4-8),False
7662,14.1746,120.5954,2026,5.23,1.64,0.7300082830559955,significant (4-8),False
7663,14.1758,120.5879,2026,5.23,1.64,0.7300082830559955,significant (4-8),False
7664,14.176,120.5876,2026,5.23,1.64,0.7300082830559955,significant (4-8),False
7665,14.1762,120.5845,2026,5.23,1.64,0.7300082830559955,significant (4-8),False
7666,14.1768,120.5873,2026,5.23,1.64,0.7300082830559955,significant (4-8),False
7667,14.1917,120.5867,2026,5.23,1.64,0.7300082830559955,significant (4-8),False
7668,14.192,120.5867,2026,5.23,1.64,0.7300082830559955,significant (4-8),False
7669,14.1937,120.5859,2026,5.23,1.64,0.7300082830559955,significant (4-8),False
7670,14.1972,120.5843,2026,5.23,1.64,0.7300082830559955,significant (4-8),False
7676,17.885,-66.9517,2026,1.95,1.17,0.40717393389823303,watch (0-4),False
7677,17.8989,-66.0153,2026,2.98,1.33,0.5432146654909175,watch (0-4),False
7678,17.9186,-67.0192,2026,2.14,1.19,0.43505724101504684,watch (0-4),False
7679,17.9186,-66.9686,2026,1.96,1.17,0.40867213476177916,watch (0-4),False
7680,17.935,-66.8844,2026,2.57,1.2,0.4935029207556513,watch (0-4),False
7681,17.9553,-67.0531,2026,2.71,1.29,0.5111282408080252,watch (0-4),False
7682,18.0882,-65.4619,2026,4.22,1.43,0.6616014676951243,significant (4-8),False
7683,18.3478,-65.5708,2026,4.61,1.52,0.6905122986112281,significant (4-8),False
7684,18.4499,-66.0154,2026,3.4,1.46,0.5883591287949917,watch (0-4),False
7685,18.469,-66.0908,2026,3.58,1.48,0.6060362324001317,watch (0-4),False
7686,18.4745,-66.1874,2026,3.3000000000000003,1.49,0.5781163552296743,watch (0-4),False
7687,18.4829,-66.3424,2026,3.06,1.39,0.5522511773112164,watch (0-4),False
7711,17.1661,-62.6353,2026,3.0700000000000003,1.17,0.5533659307573393,watch (0-4),False
7713,17.1861,-62.6806,2026,3.0500000000000003,1.17,0.5511331474094854,watch (0-4),False
7714,17.2157,-62.6232,2026,3.23,1.21,0.5707617927662786,watch (0-4),False
7715,17.2231,-62.6606,2026,3.03,1.19,0.5488872326586361,watch (0-4),False
7717,17.2683,-62.6522,2026,3.18,1.22,0.5654138516720636,watch (0-4),False
7725,13.8617,-61.075,2026,1.51,1.09,0.3381079902336333,watch (0-4),False
7731,13.8147,-61.0725,2026,1.68,1.12,0.3654907750776682,watch (0-4),False
7759,1.5688,7.4323,2026,0.0,1.1,0.08638076180651055,none,False
7760,1.6081,7.3369,2026,0.0,1.0,0.08638076180651055,none,False
7761,1.6988,7.4055,2026,0.0,1.16,0.08638076180651055,none,False
7838,-10.2694,166.2781,2026,3.24,1.68,0.5718218699390422,watch (0-4),False
7852,-10.2853,166.2628,2026,3.24,1.68,0.5718218699390422,watch (0-4),False
7858,-10.2677,166.2807,2026,3.24,1.68,0.5718218699390422,watch (0-4),False
7860,-10.2625,166.2797,2026,3.24,1.68,0.5718218699390422,watch (0-4),False
7861,-10.2567,166.2589,2026,3.24,1.68,0.5718218699390422,watch (0-4),False
7864,-10.2539,166.2575,2026,3.24,1.68,0.5718218699390422,watch (0-4),False
7865,-10.2517,166.2564,2026,3.24,1.68,0.5718218699390422,watch (0-4),False
7866,-10.2513,166.2941,2026,3.24,1.68,0.5718218699390422,watch (0-4),False
7867,-10.2435,166.2828,2026,3.27,1.68,0.574983207423807,watch (0-4),False
7868,-10.2404,166.2793,2026,3.27,1.68,0.574983207423807,watch (0-4),False
7869,-10.2401,166.2799,2026,3.27,1.68,0.574983207423807,watch (0-4),False
7870,-10.2324,166.2693,2026,3.27,1.68,0.574983207423807,watch (0-4),False
7871,-10.2294,166.2553,2026,3.27,1.68,0.574983207423807,watch (0-4),False
7872,-10.2087,166.2929,2026,3.27,1.68,0.574983207423807,watch (0-4),False
7873,-10.2083,166.2872,2026,3.27,1.68,0.574983207423807,watch (0-4),False
7875,-10.2026,166.2965,2026,3.27,1.68,0.574983207423807,watch (0-4),False
7878,-10.1975,166.2997,2026,3.43,1.67,0.5913724192174485,watch (0-4),False
7879,-10.195,166.2719,2026,3.43,1.67,0.5913724192174485,watch (0-4),False
7881,-10.1889,166.2808,2026,3.43,1.67,0.5913724192174485,watch (0-4),False
7981,21.9556,120.7119,2026,0.15,1.84,0.10885793516686067,watch (0-4),False
7985,22.0379,121.5217,2026,0.0,2.03,0.08638076180651055,none,False
7989,22.0662,121.5709,2026,0.15,2.0,0.10885793516686067,watch (0-4),False
7990,22.0682,121.5163,2026,0.0,2.06,0.08638076180651055,none,False
7991,22.0705,121.5082,2026,0.0,2.06,0.08638076180651055,none,False
7993,22.0821,121.5173,2026,0.0,2.06,0.08638076180651055,none,False
7994,22.0843,121.5533,2026,0.15,2.0,0.10885793516686067,watch (0-4),False
7997,22.3231,120.3656,2026,0.15,1.81,0.10885793516686067,watch (0-4),False
7998,22.3248,120.3682,2026,0.15,1.81,0.10885793516686067,watch (0-4),False
8004,22.3493,120.3899,2026,0.15,1.81,0.10885793516686067,watch (0-4),False
8005,22.3539,120.3689,2026,0.16,1.81,0.11040708719723605,watch (0-4),False
8006,22.3552,120.3715,2026,0.16,1.81,0.11040708719723605,watch (0-4),False
8008,22.6375,121.4911,2026,0.45,2.29,0.1574189197429312,watch (0-4),False
8010,22.6547,121.4698,2026,0.46,2.29,0.15909714833704156,watch (0-4),False
8014,22.6775,121.4975,2026,0.46,2.29,0.15909714833704156,watch (0-4),False
8016,22.6778,121.4822,2026,0.46,2.29,0.15909714833704156,watch (0-4),False
8017,22.6796,121.483,2026,0.46,2.29,0.15909714833704156,watch (0-4),False
8018,22.6798,121.4891,2026,0.46,2.29,0.15909714833704156,watch (0-4),False
8019,22.8271,121.1918,2026,0.0,1.92,0.08638076180651055,none,False
8020,22.8297,121.1889,2026,0.0,1.92,0.08638076180651055,none,False
8022,23.1164,121.3971,2026,0.0,1.98,0.08638076180651055,none,False
8025,23.2549,119.5128,2026,0.7000000000000001,1.87,0.20004902536539151,watch (0-4),False
8026,23.2586,119.5124,2026,0.7000000000000001,1.87,0.20004902536539151,watch (0-4),False
8027,23.2588,119.5186,2026,0.7000000000000001,1.87,0.20004902536539151,watch (0-4),False
8028,23.2603,119.5196,2026,0.7000000000000001,1.87,0.20004902536539151,watch (0-4),False
8029,23.2644,119.5163,2026,0.7000000000000001,1.87,0.20004902536539151,watch (0-4),False
8031,23.4841,121.5138,2026,0.3,2.25,0.13265032878169147,watch (0-4),False
8036,23.6544,121.5439,2026,0.15,2.36,0.10885793516686067,watch (0-4),False
8038,25.1134,121.9198,2026,0.0,1.87,0.08638076180651055,none,False
8039,25.1135,121.92,2026,0.0,1.87,0.08638076180651055,none,False
8040,25.1158,121.917,2026,0.0,1.87,0.08638076180651055,none,False
8041,25.1256,121.9149,2026,0.0,1.87,0.08638076180651055,none,False
8043,25.135,121.8206,2026,0.0,2.16,0.08638076180651055,none,False
8044,25.1356,121.8219,2026,0.0,2.16,0.08638076180651055,none,False
8046,25.1453,121.8061,2026,0.0,2.16,0.08638076180651055,none,False
8048,25.2074,121.6955,2026,0.46,2.75,0.15909714833704156,watch (0-4),False
8049,25.2079,121.6946,2026,0.46,2.75,0.15909714833704156,watch (0-4),False
8055,22.0398,121.5198,2026,0.0,2.03,0.08638076180651055,none,False
8056,22.051,121.5111,2026,0.0,2.06,0.08638076180651055,none,False
8057,22.0811,121.5297,2026,0.0,2.06,0.08638076180651055,none,False
8058,22.0822,121.5178,2026,0.0,2.06,0.08638076180651055,none,False
8059,22.0831,121.5578,2026,0.15,2.0,0.10885793516686067,watch (0-4),False
8060,22.345,120.3898,2026,0.15,1.81,0.10885793516686067,watch (0-4),False
8063,22.6439,121.48,2026,0.45,2.29,0.1574189197429312,watch (0-4),False
8065,22.6548,121.4735,2026,0.46,2.29,0.15909714833704156,watch (0-4),False
8066,22.6583,121.4711,2026,0.46,2.29,0.15909714833704156,watch (0-4),False
8068,22.6776,121.4982,2026,0.46,2.29,0.15909714833704156,watch (0-4),False
8071,22.8634,121.2101,2026,0.0,1.93,0.08638076180651055,none,False
8072,23.2535,119.5129,2026,0.7000000000000001,1.87,0.20004902536539151,watch (0-4),False
8074,23.2561,119.517,2026,0.7000000000000001,1.87,0.20004902536539151,watch (0-4),False
8075,23.2572,119.5098,2026,0.7000000000000001,1.87,0.20004902536539151,watch (0-4),False
8076,23.2735,119.5074,2026,0.7000000000000001,1.87,0.20004902536539151,watch (0-4),False
8077,23.2757,119.5049,2026,0.7000000000000001,1.87,0.20004902536539151,watch (0-4),False
8078,23.4834,121.5149,2026,0.3,2.25,0.13265032878169147,watch (0-4),False
8079,25.1134,121.9193,2026,0.0,1.87,0.08638076180651055,none,False
8080,25.1138,121.9202,2026,0.0,1.87,0.08638076180651055,none,False
8081,25.1355,121.8202,2026,0.0,2.16,0.08638076180651055,none,False
8082,25.2115,121.6988,2026,0.46,2.75,0.15909714833704156,watch (0-4),False
8235,10.0685,99.8167,2026,0.14,1.44,0.10731461800394804,watch (0-4),False
8236,10.1163,99.7287,2026,1.04,1.54,0.2588823025703238,watch (0-4),False
8238,10.1228,99.835,2026,0.0,1.48,0.08638076180651055,none,False
8278,7.6916,98.7675,2026,5.9,1.61,0.7652893023515869,significant (4-8),False
8306,10.0719,99.8405,2026,0.14,1.44,0.10731461800394804,watch (0-4),False
8307,10.085,99.8236,2026,0.14,1.44,0.10731461800394804,watch (0-4),False
8308,10.0898,99.8423,2026,0.14,1.44,0.10731461800394804,watch (0-4),False
8312,10.1167,99.8444,2026,0.0,1.48,0.08638076180651055,none,False
8313,10.1172,99.8131,2026,0.0,1.48,0.08638076180651055,none,False
8316,10.1199,99.8441,2026,0.0,1.48,0.08638076180651055,none,False
8318,10.121,99.8349,2026,0.0,1.48,0.08638076180651055,none,False
8348,-18.7125,-174.1083,2026,9.9,1.97,0.8828851831768815,severe (8+),False
8355,11.2557,-60.5387,2026,2.84,1.22,0.5268867869317616,watch (0-4),False
8356,11.3013,-60.5082,2026,2.95,1.21,0.5397712590801851,watch (0-4),False
8357,11.3015,-60.5204,2026,2.95,1.21,0.5397712590801851,watch (0-4),False
8358,11.3209,-60.5585,2026,1.82,1.18,0.3873957375464043,watch (0-4),False
8359,11.3253,-60.5951,2026,1.82,1.18,0.3873957375464043,watch (0-4),False
8360,11.3265,-60.5753,2026,1.82,1.18,0.3873957375464043,watch (0-4),False
8361,11.3282,-60.5505,2026,1.82,1.18,0.3873957375464043,watch (0-4),False
8362,11.3331,-60.5561,2026,1.82,1.18,0.3873957375464043,watch (0-4),False
8364,11.339,-60.5477,2026,2.95,1.21,0.5397712590801851,watch (0-4),False
8451,21.7859,-72.205,2026,8.64,1.7,0.85752295983616,severe (8+),False
8522,25.6034,56.3507,2026,2.25,2.27,0.450628571875355,watch (0-4),False
8783,25.0342,-80.3472,2026,10.86,2.05,0.8979603469153647,severe (8+),False
8785,25.1072,-80.3058,2026,16.05,2.5,0.9448056060140976,severe (8+),False
9474,24.4796,-81.7167,2026,17.28,2.7,0.9510981619407901,severe (8+),True
9475,24.4805,-81.713,2026,17.28,2.7,0.9510981619407901,severe (8+),True
9476,25.0091,-80.3758,2026,13.43,2.29,0.9265111565969683,severe (8+),False
9477,25.0099,-80.3745,2026,13.43,2.29,0.9265111565969683,severe (8+),False
9478,25.0337,-80.3477,2026,10.86,2.05,0.8979603469153647,severe (8+),False
9480,25.0341,-80.3486,2026,10.86,2.05,0.8979603469153647,severe (8+),False
9481,25.0345,-80.3547,2026,13.43,2.29,0.9265111565969683,severe (8+),False
9482,25.0356,-80.3466,2026,10.86,2.05,0.8979603469153647,severe (8+),False
9483,25.0364,-80.3473,2026,10.86,2.05,0.8979603469153647,severe (8+),False
9485,25.1366,-80.2889,2026,13.02,2.19,0.9228315585097763,severe (8+),False
9487,25.1429,-80.2582,2026,13.02,2.19,0.9228315585097763,severe (8+),False
9490,25.2164,-80.4894,2026,20.6,3.48,0.9635158125918567,severe (8+),True
9491,25.2328,-80.4903,2026,20.6,3.48,0.9635158125918567,severe (8+),True
9494,26.1866,-80.0926,2026,6.71,1.7,0.7998506828843667,significant (4-8),False
9495,26.2053,-80.0851,2026,6.5600000000000005,1.68,0.794022969222585,significant (4-8),False
9496,26.2062,-80.0851,2026,6.5600000000000005,1.68,0.794022969222585,significant (4-8),False
9498,26.211,-80.0846,2026,6.5600000000000005,1.68,0.794022969222585,significant (4-8),False
9499,26.2261,-80.0911,2026,6.5600000000000005,1.68,0.794022969222585,significant (4-8),False
9500,26.2449,-80.0666,2026,6.5600000000000005,1.68,0.794022969222585,significant (4-8),False
9501,26.2608,-80.0863,2026,6.37,1.67,0.7862874522669342,significant (4-8),False
9503,26.2707,-80.0708,2026,6.37,1.67,0.7862874522669342,significant (4-8),False
9504,26.271,-80.051,2026,6.37,1.67,0.7862874522669342,significant (4-8),False
9505,26.2712,-80.0709,2026,6.37,1.67,0.7862874522669342,significant (4-8),False
9510,26.3292,-80.0584,2026,6.5600000000000005,1.65,0.794022969222585,significant (4-8),False
9835,-13.5002,47.8825,2026,1.96,1.83,0.40867213476177916,watch (0-4),False
9836,-13.4869,47.9782,2026,3.08,1.73,0.5544774142039179,watch (0-4),False
9837,-13.0349,48.5494,2026,2.06,1.43,0.4234678289664505,watch (0-4),False
9838,-13.0246,48.5374,2026,2.06,1.43,0.4234678289664505,watch (0-4),False
9839,-13.0028,48.4976,2026,1.92,1.51,0.4026592439982094,watch (0-4),False
9840,-12.9966,48.5621,2026,1.74,1.38,0.37495320314329367,watch (0-4),False
9841,-12.9857,48.5779,2026,1.74,1.38,0.37495320314329367,watch (0-4),False
9842,-12.9382,48.583,2026,1.29,1.37,0.3015593793102482,watch (0-4),False
9843,-12.9153,48.6069,2026,2.65,1.44,0.503658232026392,watch (0-4),False
9844,-12.8862,48.5624,2026,1.31,1.37,0.30492716912257517,watch (0-4),False
9845,-12.8834,48.6348,2026,2.36,1.43,0.46577437591017495,watch (0-4),False
9846,-12.8453,48.5741,2026,1.8,1.44,0.3843041057964333,watch (0-4),False
9847,-13.5221,48.0268,2026,5.69,1.65,0.7549604264714256,significant (4-8),False
9848,-13.5023,47.951,2026,4.5,1.68,0.6827018772238354,significant (4-8),False
9849,-12.8258,48.5923,2026,1.8,1.44,0.3843041057964333,watch (0-4),False
9850,-12.7473,48.6708,2026,2.78,1.52,0.5196857379509905,watch (0-4),False
9851,-8.7288,115.9167,2026,2.65,1.37,0.503658232026392,watch (0-4),False
9852,-8.7255,115.9105,2026,2.65,1.37,0.503658232026392,watch (0-4),False
9853,-8.7206,116.021,2026,2.48,1.37,0.48180971829145497,watch (0-4),False
9854,-8.7169,116.0056,2026,2.48,1.37,0.48180971829145497,watch (0-4),False
9855,-8.7115,115.9141,2026,2.65,1.37,0.503658232026392,watch (0-4),False
9856,-8.3373,116.7239,2026,4.39,1.2,0.6746262237784512,significant (4-8),False
9857,-8.3158,116.7052,2026,4.39,1.2,0.6746262237784512,significant (4-8),False
9858,-8.2972,116.688,2026,3.67,1.16,0.6145199263382746,watch (0-4),False
9859,-8.2937,116.7074,2026,4.19,1.18,0.6592320816375852,significant (4-8),False
9860,-8.1328,157.1582,2026,2.46,0.95,0.4791724752767033,watch (0-4),False
9861,-8.1131,157.1744,2026,2.46,0.95,0.4791724752767033,watch (0-4),False
9862,-8.0499,157.1956,2026,2.56,0.95,0.492217743411674,watch (0-4),False
9863,-8.0274,156.9453,2026,4.05,1.21,0.6478834925413985,significant (4-8),False
9864,-8.0185,157.1878,2026,2.56,0.95,0.492217743411674,watch (0-4),False
9865,-7.9727,156.937,2026,4.0600000000000005,1.21,0.6487102918017007,significant (4-8),False
9866,-7.9479,157.1862,2026,3.14,0.92,0.5610780122863356,watch (0-4),False
9867,-7.9349,156.9455,2026,4.03,1.19,0.646222300137739,significant (4-8),False
9868,-7.9275,39.7799,2026,0.14,1.29,0.10731461800394804,watch (0-4),False
9869,-7.91,157.1722,2026,3.14,0.92,0.5610780122863356,watch (0-4),False
9870,-7.8987,156.9644,2026,3.56,1.06,0.6041192959639806,watch (0-4),False
9871,-7.885,157.1508,2026,3.9,1.0,0.6351737008516766,watch (0-4),False
9872,-7.8742,156.9908,2026,3.56,1.06,0.6041192959639806,watch (0-4),False
9873,-7.8635,157.1276,2026,3.41,1.01,0.5893665847773392,watch (0-4),False
9874,-7.847,157.0519,2026,3.54,1.07,0.602190707419149,watch (0-4),False
9875,-7.8436,157.0967,2026,3.54,1.07,0.602190707419149,watch (0-4),False
9876,-7.8414,157.0782,2026,3.54,1.07,0.602190707419149,watch (0-4),False
9877,-6.6996,39.2632,2026,0.16,1.25,0.11040708719723605,watch (0-4),False
9878,-6.6615,39.2501,2026,0.16,1.25,0.11040708719723605,watch (0-4),False
9879,-6.658,39.261,2026,0.16,1.25,0.11040708719723605,watch (0-4),False
9880,-6.6544,39.2439,2026,0.16,1.22,0.11040708719723605,watch (0-4),False
9881,-6.2848,39.1764,2026,0.0,1.36,0.08638076180651055,none,False
9882,-6.2772,39.1744,2026,0.0,1.36,0.08638076180651055,none,False
9883,-6.1562,39.1223,2026,0.15,1.37,0.10885793516686067,watch (0-4),False
9884,-6.1511,39.1266,2026,0.15,1.37,0.10885793516686067,watch (0-4),False
9885,-6.1459,39.1371,2026,0.45,1.43,0.1574189197429312,watch (0-4),False
9886,-5.9013,110.4056,2026,0.0,0.99,0.08638076180651055,none,False
9887,-5.8994,110.244,2026,0.0,1.01,0.08638076180651055,none,False
9888,-5.8981,110.4338,2026,0.0,0.98,0.08638076180651055,none,False
9889,-5.8802,110.3594,2026,0.0,0.98,0.08638076180651055,none,False
9890,-5.8629,110.4665,2026,0.0,0.98,0.08638076180651055,none,False
9891,-5.8568,110.4728,2026,0.0,0.98,0.08638076180651055,none,False
9892,-5.8337,110.4885,2026,0.0,0.98,0.08638076180651055,none,False
9893,-5.8313,110.3822,2026,0.0,0.98,0.08638076180651055,none,False
9894,-5.8207,110.4389,2026,0.0,0.98,0.08638076180651055,none,False
9895,-5.8088,110.5116,2026,0.0,0.96,0.08638076180651055,none,False
9896,-5.8042,110.5588,2026,0.0,0.98,0.08638076180651055,none,False
9897,-5.803,110.1644,2026,0.0,1.03,0.08638076180651055,none,False
9898,-5.7998,110.5106,2026,0.0,0.98,0.08638076180651055,none,False
9899,-5.7982,110.3473,2026,0.0,1.0,0.08638076180651055,none,False
9900,-5.7848,110.5193,2026,0.0,0.98,0.08638076180651055,none,False
9901,-5.7673,110.3257,2026,0.0,1.0,0.08638076180651055,none,False
9902,-5.7436,110.1956,2026,0.14,1.01,0.10731461800394804,watch (0-4),False
9903,-5.7424,110.4175,2026,0.0,0.97,0.08638076180651055,none,False
9904,-4.972,119.2841,2026,1.24,1.17,0.29310541167489396,watch (0-4),False
9905,-4.9212,119.3171,2026,1.39,1.24,0.31831278884557895,watch (0-4),False
9906,-4.7156,39.3811,2026,0.8200000000000001,1.62,0.22080871708763541,watch (0-4),False
9907,-4.715,39.3787,2026,0.8200000000000001,1.62,0.22080871708763541,watch (0-4),False
9908,-4.715,39.3722,2026,0.8200000000000001,1.62,0.22080871708763541,watch (0-4),False
9909,-4.7094,39.4082,2026,0.8,1.52,0.2173435555730575,watch (0-4),False
9910,-4.7085,39.4101,2026,0.8,1.52,0.2173435555730575,watch (0-4),False
9911,-4.0216,39.7331,2026,0.29,1.45,0.13103021150995442,watch (0-4),False
9912,-3.9946,39.7484,2026,0.14,1.44,0.10731461800394804,watch (0-4),False
9913,-3.9946,39.7484,2026,0.14,1.44,0.10731461800394804,watch (0-4),False
9914,-3.9943,39.7477,2026,0.14,1.44,0.10731461800394804,watch (0-4),False
9915,-3.9943,39.7477,2026,0.14,1.44,0.10731461800394804,watch (0-4),False
9916,-3.9917,39.7506,2026,0.14,1.42,0.10731461800394804,watch (0-4),False
9917,-3.984,39.7601,2026,0.14,1.42,0.10731461800394804,watch (0-4),False
9918,-3.9417,39.7823,2026,0.14,1.41,0.10731461800394804,watch (0-4),False
9919,-3.8014,39.8369,2026,0.15,1.33,0.10885793516686067,watch (0-4),False
9920,-3.384,39.9918,2026,0.65,1.51,0.19143549464699805,watch (0-4),False
9921,-3.384,39.9918,2026,0.65,1.51,0.19143549464699805,watch (0-4),False
9922,-3.3831,39.9925,2026,0.65,1.51,0.19143549464699805,watch (0-4),False
9923,-3.2463,40.147,2026,1.13,1.49,0.27435266489830146,watch (0-4),False
9924,4.1766,73.4834,2026,1.38,1.9,0.3166474046775563,watch (0-4),False
9925,4.269,73.4888,2026,1.53,1.94,0.3413713262171105,watch (0-4),False
9926,5.2578,73.1634,2026,1.66,1.38,0.36231245188054756,watch (0-4),False
9927,5.7775,95.3369,2026,4.78,1.7,0.7020830612620275,significant (4-8),False
9928,5.7998,95.346,2026,4.78,1.7,0.7020830612620275,significant (4-8),False
9929,5.8083,95.3763,2026,5.79,1.71,0.7599567659932055,significant (4-8),False
9930,5.8257,95.3783,2026,5.79,1.71,0.7599567659932055,significant (4-8),False
9931,5.8457,95.3732,2026,5.79,1.71,0.7599567659932055,significant (4-8),False
9932,5.8542,95.2737,2026,4.83,1.77,0.7053748565211686,significant (4-8),False
9933,5.8572,95.3614,2026,6.26,1.73,0.7816189010881561,significant (4-8),False
9934,5.8735,95.2647,2026,4.83,1.77,0.7053748565211686,significant (4-8),False
9935,5.8762,95.3536,2026,6.26,1.73,0.7816189010881561,significant (4-8),False
9936,5.8815,95.2606,2026,4.83,1.77,0.7053748565211686,significant (4-8),False
9937,5.8834,95.245,2026,4.22,1.77,0.6616014676951243,significant (4-8),False
9938,5.8838,95.2549,2026,4.83,1.77,0.7053748565211686,significant (4-8),False
9939,5.8884,95.3455,2026,5.47,1.74,0.743445237455834,significant (4-8),False
9940,5.8956,95.2376,2026,4.22,1.77,0.6616014676951243,significant (4-8),False
9941,10.073,73.6495,2026,1.16,1.81,0.27948603628829266,watch (0-4),False
9942,10.0832,73.6501,2026,1.17,1.84,0.2811941842517513,watch (0-4),False
9943,10.0911,73.6401,2026,1.16,1.81,0.27948603628829266,watch (0-4),False
9944,10.1448,73.6656,2026,1.42,1.88,0.3232948737944189,watch (0-4),False
9945,10.5564,72.6442,2026,0.45,1.79,0.1574189197429312,watch (0-4),False
9946,10.5766,72.6271,2026,0.45,1.79,0.1574189197429312,watch (0-4),False
9947,10.8495,72.1955,2026,1.23,1.82,0.29140898905334595,watch (0-4),False
9948,10.9172,72.2992,2026,1.24,1.85,0.29310541167489396,watch (0-4),False
9949,11.1286,72.7346,2026,0.15,1.85,0.10885793516686067,watch (0-4),False
9950,11.1332,72.7195,2026,0.15,1.85,0.10885793516686067,watch (0-4),False
9951,11.2072,72.7497,2026,0.3,1.89,0.13265032878169147,watch (0-4),False
9952,11.214,72.7798,2026,0.16,1.88,0.11040708719723605,watch (0-4),False
9953,11.5744,92.594,2026,5.04,1.67,0.7186734943000528,significant (4-8),False
9954,11.5827,92.5681,2026,5.04,1.67,0.7186734943000528,significant (4-8),False
9955,11.5845,92.5764,2026,5.04,1.67,0.7186734943000528,significant (4-8),False
9956,12.0126,93.0833,2026,2.84,1.41,0.5268867869317616,watch (0-4),False
9957,12.0478,93.0056,2026,3.02,1.42,0.547759335144269,watch (0-4),False
9958,12.064,93.0589,2026,2.43,1.38,0.4751901375783886,watch (0-4),False
9959,12.1961,93.0847,2026,1.87,1.35,0.3950683895667284,watch (0-4),False
9960,12.2235,93.0209,2026,2.19,1.34,0.44218764917753556,watch (0-4),False
9961,26.6273,127.8595,2026,2.29,2.15,0.45618552051589417,watch (0-4),False
9962,26.6287,127.8612,2026,2.29,2.15,0.45618552051589417,watch (0-4),False
9963,26.6356,127.8654,2026,2.29,2.15,0.45618552051589417,watch (0-4),False
9964,26.7119,127.8805,2026,2.21,2.23,0.4450153291441702,watch (0-4),False
9965,-22.7865,43.3346,2026,2.47,1.72,0.48049286092913984,watch (0-4),False
9966,-22.7396,43.3162,2026,2.54,1.69,0.4896368508911047,watch (0-4),False
9967,-22.6524,43.2737,2026,2.48,1.6,0.48180971829145497,watch (0-4),False
9968,-22.6229,43.2573,2026,2.68,1.57,0.5074088737282595,watch (0-4),False
9969,-22.6061,43.2513,2026,2.68,1.57,0.5074088737282595,watch (0-4),False
9970,-22.5595,42.456,2026,4.65,1.69,0.6932885386584836,significant (4-8),False
9971,-22.538,43.243,2026,2.65,1.52,0.503658232026392,watch (0-4),False
9972,-22.5208,43.2441,2026,2.65,1.52,0.503658232026392,watch (0-4),False
9973,-22.4694,43.2364,2026,2.8000000000000003,1.53,0.5220997703815886,watch (0-4),False
9974,-22.4459,43.238,2026,2.52,1.51,0.48704189298789713,watch (0-4),False
9975,-22.4401,43.2391,2026,2.52,1.51,0.48704189298789713,watch (0-4),False
9976,-22.2875,113.8108,2026,0.0,2.38,0.08638076180651055,none,False
9977,-22.2049,113.844,2026,0.0,2.25,0.08638076180651055,none,False
9978,-22.1321,113.8763,2026,0.0,1.81,0.08638076180651055,none,False
9979,-22.0806,113.8934,2026,0.0,1.71,0.08638076180651055,none,False
9980,-22.052,113.8983,2026,0.0,1.71,0.08638076180651055,none,False
9981,-21.9995,113.9134,2026,0.0,1.74,0.08638076180651055,none,False
9982,-21.9506,113.9206,2026,0.0,1.74,0.08638076180651055,none,False
9983,-21.9298,113.9474,2026,0.0,1.73,0.08638076180651055,none,False
9984,-21.9088,113.964,2026,0.0,1.79,0.08638076180651055,none,False
9985,-21.9043,113.9684,2026,0.0,1.79,0.08638076180651055,none,False
9986,-21.1838,55.286,2026,2.71,1.89,0.5111282408080252,watch (0-4),False
9987,-21.1812,55.286,2026,2.71,1.89,0.5111282408080252,watch (0-4),False
9988,-21.1029,55.2414,2026,2.87,1.89,0.5304412880320004,watch (0-4),False
9989,-21.0964,55.2332,2026,2.73,1.83,0.5135904950294548,watch (0-4),False
9990,-20.5122,57.4154,2026,0.0,1.53,0.08638076180651055,none,False
9991,-20.5107,57.4121,2026,0.0,1.53,0.08638076180651055,none,False
9992,-20.4149,57.7272,2026,1.08,1.63,0.2657698432629913,watch (0-4),False
9993,-20.0803,57.5108,2026,0.0,1.34,0.08638076180651055,none,False
9994,-19.9975,57.6704,2026,0.14,1.56,0.10731461800394804,watch (0-4),False
9995,-19.9847,57.5974,2026,0.0,1.41,0.08638076180651055,none,False
9996,-19.9789,57.6326,2026,0.0,1.48,0.08638076180651055,none,False
9997,-19.9789,57.6311,2026,0.0,1.48,0.08638076180651055,none,False
9998,-18.1017,179.2633,2026,13.85,2.01,0.9300126190762081,severe (8+),False
9999,-18.0847,179.263,2026,13.72,2.02,0.9289562504752765,severe (8+),False
10000,-17.5818,178.9807,2026,10.96,1.62,0.8993619582168695,severe (8+),False
10001,-17.5717,178.9883,2026,10.96,1.62,0.8993619582168695,severe (8+),False
10002,-17.2782,178.462,2026,7.74,1.61,0.8341334014700695,significant (4-8),False
10003,-17.17,178.229,2026,8.25,1.56,0.8480215303459343,severe (8+),False
10004,-17.1365,178.525,2026,7.81,1.63,0.8361466357639118,significant (4-8),False
10005,-17.1343,178.5202,2026,7.81,1.63,0.8361466357639118,significant (4-8),False
10006,-17.1132,179.0637,2026,9.15,1.71,0.8686830974404567,severe (8+),False
10007,-17.0667,178.595,2026,7.16,1.63,0.8159795171986413,significant (4-8),False
10008,-17.011,179.0252,2026,8.67,1.72,0.8582174185604787,severe (8+),False
10009,-16.4795,123.0407,2026,0.3,1.52,0.13265032878169147,watch (0-4),False
10010,-16.478,123.0446,2026,0.3,1.52,0.13265032878169147,watch (0-4),False
10011,-16.4615,123.0309,2026,0.3,1.52,0.13265032878169147,watch (0-4),False
10012,-16.4292,123.2062,2026,0.0,1.25,0.08638076180651055,none,False
10013,-16.4275,123.0886,2026,0.15,1.36,0.10885793516686067,watch (0-4),False
10014,-16.4244,49.8495,2026,5.2,2.03,0.7282608030715604,significant (4-8),False
10015,-14.2472,125.6003,2026,1.27,1.2,0.2981835654008564,watch (0-4),False
10016,-14.2369,125.5993,2026,0.8,1.15,0.2173435555730575,watch (0-4),False
10017,-14.0361,125.8002,2026,1.44,1.08,0.32660425381028296,watch (0-4),False
10018,-13.9385,126.433,2026,2.47,1.13,0.48049286092913984,watch (0-4),False
10019,-13.9287,125.6363,2026,0.76,0.95,0.21041792930845363,watch (0-4),False
10020,-13.6051,47.8049,2026,0.9,1.82,0.23467350305742865,watch (0-4),False
10021,-13.6043,47.811,2026,0.9,1.82,0.23467350305742865,watch (0-4),False
10022,-13.5811,47.9016,2026,3.0700000000000003,1.73,0.5533659307573393,watch (0-4),False
10023,-13.5589,48.0954,2026,7.42,1.69,0.8244563658651981,significant (4-8),False
10186,-6.6965,39.2587,2026,0.16,1.25,0.11040708719723605,watch (0-4),False
10187,-6.1176,39.1692,2026,0.46,1.47,0.15909714833704156,watch (0-4),False
10189,-3.26,40.15,2026,0.8,1.43,0.2173435555730575,watch (0-4),False
12031,24.4664,-82.0019,2026,17.39,2.42,0.9516071190757179,severe (8+),True
12033,24.4668,-81.7292,2026,17.28,2.7,0.9510981619407901,severe (8+),True
12039,24.4695,-81.8029,2026,17.61,2.73,0.9526011384626218,severe (8+),True
12043,24.4702,-81.8729,2026,17.86,2.69,0.9536934332864723,severe (8+),True
12047,24.4707,-81.7897,2026,17.31,2.73,0.9512377736274642,severe (8+),True
12048,24.4707,-81.8021,2026,17.61,2.73,0.9526011384626218,severe (8+),True
12049,24.4708,-81.7297,2026,17.28,2.7,0.9510981619407901,severe (8+),True
12050,24.4708,-81.9715,2026,17.96,2.47,0.9541196424556677,severe (8+),True
12052,24.4717,-81.7681,2026,17.31,2.73,0.9512377736274642,severe (8+),True
12056,24.4725,-81.7495,2026,17.28,2.7,0.9510981619407901,severe (8+),True
12062,24.4435,-81.9358,2026,14.66,2.28,0.9360899799946145,severe (8+),False
12064,24.4439,-81.9616,2026,14.31,2.24,0.933565984781105,severe (8+),False
12066,24.4443,-81.9408,2026,14.66,2.28,0.9360899799946145,severe (8+),False
12067,24.445,-81.9284,2026,14.66,2.28,0.9360899799946145,severe (8+),False
12072,24.446,-81.9517,2026,14.31,2.24,0.933565984781105,severe (8+),False
12073,24.4461,-81.9693,2026,14.31,2.24,0.933565984781105,severe (8+),False
12074,24.4461,-81.9178,2026,14.66,2.28,0.9360899799946145,severe (8+),False
12079,24.449,-81.9309,2026,14.66,2.28,0.9360899799946145,severe (8+),False
12086,24.4517,-81.8798,2026,17.86,2.69,0.9536934332864723,severe (8+),True
12088,24.452,-81.8775,2026,17.86,2.69,0.9536934332864723,severe (8+),True
12089,24.4521,-81.8773,2026,17.86,2.69,0.9536934332864723,severe (8+),True
12097,24.4546,-81.8593,2026,17.86,2.69,0.9536934332864723,severe (8+),True
12103,24.4559,-81.9214,2026,18.11,2.58,0.9547478372460816,severe (8+),True
12104,24.4562,-81.9181,2026,18.11,2.58,0.9547478372460816,severe (8+),True
12105,24.4568,-81.9168,2026,18.11,2.58,0.9547478372460816,severe (8+),True
12126,24.4728,-81.8239,2026,17.61,2.73,0.9526011384626218,severe (8+),True
12128,24.4731,-81.8696,2026,17.86,2.69,0.9536934332864723,severe (8+),True
12135,24.4746,-81.9018,2026,18.11,2.58,0.9547478372460816,severe (8+),True
12155,24.479,-81.8936,2026,17.86,2.69,0.9536934332864723,severe (8+),True
12156,24.479,-81.8938,2026,17.86,2.69,0.9536934332864723,severe (8+),True
12157,24.479,-81.7179,2026,17.28,2.7,0.9510981619407901,severe (8+),True
12160,24.4794,-81.7276,2026,17.28,2.7,0.9510981619407901,severe (8+),True
12163,24.4797,-81.717,2026,17.28,2.7,0.9510981619407901,severe (8+),True
12164,24.4799,-81.7268,2026,17.28,2.7,0.9510981619407901,severe (8+),True
12167,24.4802,-81.7134,2026,17.28,2.7,0.9510981619407901,severe (8+),True
12168,24.4802,-81.7193,2026,17.28,2.7,0.9510981619407901,severe (8+),True
12181,24.4836,-81.7039,2026,17.28,2.7,0.9510981619407901,severe (8+),True
12183,24.4851,-81.7565,2026,17.31,2.73,0.9512377736274642,severe (8+),True
12184,24.4857,-81.6982,2026,16.72,2.72,0.9483762704621042,severe (8+),False
12185,24.4864,-81.8486,2026,17.61,2.73,0.9526011384626218,severe (8+),True
12186,24.4866,-81.8484,2026,17.61,2.73,0.9526011384626218,severe (8+),True
12188,24.4883,-81.6706,2026,16.72,2.72,0.9483762704621042,severe (8+),False
12190,24.49,-81.6785,2026,16.72,2.72,0.9483762704621042,severe (8+),False
12191,24.4901,-81.6778,2026,16.72,2.72,0.9483762704621042,severe (8+),False
12192,24.4908,-81.7112,2026,17.28,2.7,0.9510981619407901,severe (8+),True
12193,24.4908,-81.7208,2026,17.28,2.7,0.9510981619407901,severe (8+),True
12195,24.4919,-81.6708,2026,16.72,2.72,0.9483762704621042,severe (8+),False
12203,24.4931,-81.6601,2026,16.72,2.72,0.9483762704621042,severe (8+),False
12209,24.4969,-81.7034,2026,17.28,2.7,0.9510981619407901,severe (8+),True
12211,24.4978,-81.7333,2026,17.28,2.7,0.9510981619407901,severe (8+),True
12220,24.5001,-81.6296,2026,18.63,3.04,0.9568270612294861,severe (8+),True
12222,24.5006,-81.6941,2026,19.05,3.11,0.9584019684115449,severe (8+),True
12226,24.5013,-81.6943,2026,19.05,3.11,0.9584019684115449,severe (8+),True
12227,24.5016,-81.6193,2026,18.63,3.04,0.9568270612294861,severe (8+),True
12228,24.5019,-81.6328,2026,18.63,3.04,0.9568270612294861,severe (8+),True
12231,24.5027,-81.7368,2026,19.36,3.18,0.9595088761578127,severe (8+),True
12233,24.5039,-81.6038,2026,18.63,3.04,0.9568270612294861,severe (8+),True
12239,24.5064,-81.5869,2026,18.39,2.89,0.9558859219062494,severe (8+),True
12240,24.5066,-81.6864,2026,19.05,3.11,0.9584019684115449,severe (8+),True
12241,24.5078,-81.5717,2026,18.39,2.89,0.9558859219062494,severe (8+),True
12243,24.5083,-81.7083,2026,19.36,3.18,0.9595088761578127,severe (8+),True
12245,24.5091,-81.6655,2026,19.05,3.11,0.9584019684115449,severe (8+),True
12247,24.5097,-81.7211,2026,19.36,3.18,0.9595088761578127,severe (8+),True
12250,24.5114,-81.567,2026,18.39,2.89,0.9558859219062494,severe (8+),True
12257,24.5122,-81.9298,2026,19.95,2.7,0.9614950322671769,severe (8+),True
12261,24.5138,-81.6184,2026,18.63,3.04,0.9568270612294861,severe (8+),True
12263,24.5138,-81.9225,2026,19.95,2.7,0.9614950322671769,severe (8+),True
12264,24.5139,-81.5633,2026,18.39,2.89,0.9558859219062494,severe (8+),True
12266,24.514,-81.5632,2026,18.39,2.89,0.9558859219062494,severe (8+),True
12271,24.5159,-81.6748,2026,19.05,3.11,0.9584019684115449,severe (8+),True
12272,24.516,-81.558,2026,18.39,2.89,0.9558859219062494,severe (8+),True
12274,24.5167,-81.5546,2026,18.39,2.89,0.9558859219062494,severe (8+),True
12278,24.5179,-81.9222,2026,19.95,2.7,0.9614950322671769,severe (8+),True
12279,24.5179,-82.0033,2026,19.52,2.63,0.9600626848632995,severe (8+),True
12280,24.5184,-81.5345,2026,18.08,2.81,0.9546232511326245,severe (8+),True
12284,24.5191,-81.5315,2026,18.08,2.81,0.9546232511326245,severe (8+),True
12285,24.5195,-81.5326,2026,18.08,2.81,0.9546232511326245,severe (8+),True
12296,24.5212,-81.5159,2026,18.08,2.81,0.9546232511326245,severe (8+),True
12298,24.5214,-81.5207,2026,18.08,2.81,0.9546232511326245,severe (8+),True
12300,24.5216,-81.5414,2026,18.08,2.81,0.9546232511326245,severe (8+),True
12304,24.522,-81.5227,2026,18.08,2.81,0.9546232511326245,severe (8+),True
12305,24.5222,-81.5205,2026,18.08,2.81,0.9546232511326245,severe (8+),True
12306,24.5223,-81.5198,2026,18.08,2.81,0.9546232511326245,severe (8+),True
12308,24.523,-81.519,2026,18.08,2.81,0.9546232511326245,severe (8+),True
12314,24.5236,-81.5221,2026,18.08,2.81,0.9546232511326245,severe (8+),True
12315,24.5236,-81.577,2026,18.39,2.89,0.9558859219062494,severe (8+),True
12318,24.5243,-81.5224,2026,18.08,2.81,0.9546232511326245,severe (8+),True
12319,24.5248,-81.576,2026,18.39,2.89,0.9558859219062494,severe (8+),True
12320,24.5249,-81.5759,2026,18.39,2.89,0.9558859219062494,severe (8+),True
12326,24.5259,-81.5198,2026,18.08,2.81,0.9546232511326245,severe (8+),True
12328,24.5262,-81.5042,2026,18.08,2.81,0.9546232511326245,severe (8+),True
12329,24.5262,-81.6261,2026,18.63,3.04,0.9568270612294861,severe (8+),True
12330,24.5262,-81.5042,2026,18.08,2.81,0.9546232511326245,severe (8+),True
12332,24.5264,-81.6244,2026,18.63,3.04,0.9568270612294861,severe (8+),True
12335,24.527,-81.5582,2026,18.39,2.89,0.9558859219062494,severe (8+),True
12336,24.527,-81.5466,2026,18.08,2.81,0.9546232511326245,severe (8+),True
12340,24.5286,-81.6359,2026,18.63,3.04,0.9568270612294861,severe (8+),True
12341,24.5298,-81.6304,2026,18.63,3.04,0.9568270612294861,severe (8+),True
12342,24.5302,-81.4774,2026,16.96,2.72,0.9495703319724498,severe (8+),False
12344,24.5302,-81.4724,2026,16.96,2.72,0.9495703319724498,severe (8+),False
12347,24.5312,-81.4843,2026,16.96,2.72,0.9495703319724498,severe (8+),False
12351,24.533,-81.4685,2026,16.96,2.72,0.9495703319724498,severe (8+),False
12354,24.5339,-81.4714,2026,16.96,2.72,0.9495703319724498,severe (8+),False
12356,24.5348,-81.6321,2026,18.63,3.04,0.9568270612294861,severe (8+),True
12363,24.5378,-81.5945,2026,18.39,2.89,0.9558859219062494,severe (8+),True
12365,24.5384,-81.4534,2026,16.96,2.72,0.9495703319724498,severe (8+),False
12367,24.539,-81.5722,2026,18.39,2.89,0.9558859219062494,severe (8+),True
12371,24.5408,-81.6119,2026,18.63,3.04,0.9568270612294861,severe (8+),True
12374,24.542,-81.4153,2026,16.46,2.62,0.9470335113899379,severe (8+),False
12375,24.5421,-81.4153,2026,16.46,2.62,0.9470335113899379,severe (8+),False
12378,24.5432,-81.4706,2026,16.96,2.72,0.9495703319724498,severe (8+),False
12379,24.5439,-81.5671,2026,18.39,2.89,0.9558859219062494,severe (8+),True
12381,24.5451,-81.427,2026,16.46,2.62,0.9470335113899379,severe (8+),False
12382,24.5452,-81.4112,2026,16.46,2.62,0.9470335113899379,severe (8+),False
12387,24.5453,-81.4079,2026,16.46,2.62,0.9470335113899379,severe (8+),False
12388,24.5453,-81.4079,2026,16.46,2.62,0.9470335113899379,severe (8+),False
12390,24.5461,-81.4073,2026,16.46,2.62,0.9470335113899379,severe (8+),False
12393,24.5469,-81.4028,2026,16.46,2.62,0.9470335113899379,severe (8+),False
12394,24.5469,-81.4289,2026,16.46,2.62,0.9470335113899379,severe (8+),False
12402,24.5479,-81.4024,2026,16.46,2.62,0.9470335113899379,severe (8+),False
12403,24.5482,-81.5741,2026,18.39,2.89,0.9558859219062494,severe (8+),True
12404,24.5486,-81.7124,2026,19.36,3.18,0.9595088761578127,severe (8+),True
12407,24.5489,-81.4148,2026,16.46,2.62,0.9470335113899379,severe (8+),False
12409,24.549,-81.402,2026,16.46,2.62,0.9470335113899379,severe (8+),False
12410,24.5496,-81.4419,2026,16.46,2.62,0.9470335113899379,severe (8+),False
12411,24.5497,-81.4427,2026,16.46,2.62,0.9470335113899379,severe (8+),False
12415,24.55,-81.5237,2026,19.91,3.16,0.961365126613485,severe (8+),True
12417,24.5505,-81.5745,2026,20.28,3.3000000000000003,0.9625417583257014,severe (8+),True
12418,24.5508,-81.7019,2026,20.75,3.43,0.9639591318476495,severe (8+),True
12422,24.5523,-81.3838,2026,17.71,2.79,0.9530427184767726,severe (8+),True
12423,24.5523,-81.4438,2026,18.5,2.88,0.9563211212134008,severe (8+),True
12425,24.5524,-81.3841,2026,17.71,2.79,0.9530427184767726,severe (8+),True
12434,24.5532,-81.3794,2026,17.71,2.79,0.9530427184767726,severe (8+),True
12435,24.5534,-81.4331,2026,18.5,2.88,0.9563211212134008,severe (8+),True
12436,24.5534,-81.3807,2026,17.71,2.79,0.9530427184767726,severe (8+),True
12438,24.5542,-81.5888,2026,20.28,3.3000000000000003,0.9625417583257014,severe (8+),True
12442,24.557,-81.3668,2026,17.71,2.79,0.9530427184767726,severe (8+),True
12444,24.5576,-81.3529,2026,17.71,2.79,0.9530427184767726,severe (8+),True
12445,24.5578,-81.672,2026,20.68,3.46,0.9637532801088111,severe (8+),True
12447,24.5586,-81.354,2026,17.71,2.79,0.9530427184767726,severe (8+),True
12448,24.5592,-81.509,2026,19.91,3.16,0.961365126613485,severe (8+),True
12450,24.5594,-81.4794,2026,19.03,3.02,0.9583289742505499,severe (8+),True
12454,24.5601,-81.5016,2026,19.91,3.16,0.961365126613485,severe (8+),True
12456,24.5603,-81.5021,2026,19.91,3.16,0.961365126613485,severe (8+),True
12457,24.5603,-81.5021,2026,19.91,3.16,0.961365126613485,severe (8+),True
12459,24.561,-81.4003,2026,18.5,2.88,0.9563211212134008,severe (8+),True
12465,24.5631,-81.4005,2026,18.5,2.88,0.9563211212134008,severe (8+),True
12470,24.5633,-81.6592,2026,20.68,3.46,0.9637532801088111,severe (8+),True
12477,24.5654,-81.3933,2026,17.71,2.79,0.9530427184767726,severe (8+),True
12479,24.5658,-81.3344,2026,16.82,2.63,0.948878968267804,severe (8+),False
12483,24.5669,-81.3886,2026,17.71,2.79,0.9530427184767726,severe (8+),True
12486,24.5687,-81.3254,2026,16.82,2.63,0.948878968267804,severe (8+),False
12487,24.5687,-81.3266,2026,16.82,2.63,0.948878968267804,severe (8+),False
12490,24.5695,-81.4593,2026,19.03,3.02,0.9583289742505499,severe (8+),True
12491,24.5696,-82.925,2026,13.36,2.17,0.9259019259342405,severe (8+),False
12492,24.5697,-81.33,2026,16.82,2.63,0.948878968267804,severe (8+),False
12495,24.5715,-81.6375,2026,20.46,3.43,0.9630944838747084,severe (8+),True
12497,24.5728,-81.5911,2026,20.28,3.3000000000000003,0.9625417583257014,severe (8+),True
12499,24.5742,-81.3282,2026,16.82,2.63,0.948878968267804,severe (8+),False
12500,24.5746,-81.3187,2026,16.82,2.63,0.948878968267804,severe (8+),False
12502,24.5756,-82.9478,2026,13.36,2.17,0.9259019259342405,severe (8+),False
12504,24.5759,-81.3203,2026,16.82,2.63,0.948878968267804,severe (8+),False
12505,24.576,-82.9123,2026,13.36,2.17,0.9259019259342405,severe (8+),False
12507,24.577,-82.9749,2026,12.73,2.12,0.9200585363324166,severe (8+),False
12508,24.578,-81.5911,2026,20.28,3.3000000000000003,0.9625417583257014,severe (8+),True
12513,24.5807,-81.5901,2026,20.28,3.3000000000000003,0.9625417583257014,severe (8+),True
12514,24.5808,-81.2721,2026,16.9,2.61,0.9492757856269408,severe (8+),False
12517,24.5822,-82.9272,2026,13.36,2.17,0.9259019259342405,severe (8+),False
12518,24.5825,-82.9266,2026,13.36,2.17,0.9259019259342405,severe (8+),False
12519,24.5834,-82.9716,2026,12.73,2.12,0.9200585363324166,severe (8+),False
12521,24.5852,-82.9727,2026,12.73,2.12,0.9200585363324166,severe (8+),False
12526,24.5857,-81.5826,2026,20.28,3.3000000000000003,0.9625417583257014,severe (8+),True
12527,24.5857,-81.5826,2026,20.28,3.3000000000000003,0.9625417583257014,severe (8+),True
12530,24.5861,-81.2523,2026,16.9,2.61,0.9492757856269408,severe (8+),False
12532,24.5868,-82.9164,2026,13.36,2.17,0.9259019259342405,severe (8+),False
12533,24.5871,-81.2366,2026,15.97,2.5,0.9443543106381758,severe (8+),False
12540,24.5916,-81.2326,2026,15.97,2.5,0.9443543106381758,severe (8+),False
12542,24.5926,-81.2208,2026,15.97,2.5,0.9443543106381758,severe (8+),False
12544,24.5933,-82.9017,2026,13.36,2.17,0.9259019259342405,severe (8+),False
12547,24.5944,-81.2218,2026,15.97,2.5,0.9443543106381758,severe (8+),False
12549,24.5949,-81.2258,2026,15.97,2.5,0.9443543106381758,severe (8+),False
12552,24.5958,-81.3954,2026,17.71,2.79,0.9530427184767726,severe (8+),True
12556,24.5969,-81.2645,2026,16.9,2.61,0.9492757856269408,severe (8+),False
12557,24.5971,-81.2646,2026,16.9,2.61,0.9492757856269408,severe (8+),False
12558,24.5973,-81.2647,2026,16.9,2.61,0.9492757856269408,severe (8+),False
12560,24.598,-81.2277,2026,15.97,2.5,0.9443543106381758,severe (8+),False
12563,24.6,-81.2062,2026,18.47,2.93,0.956203081910314,severe (8+),True
12565,24.6004,-81.2063,2026,18.47,2.93,0.956203081910314,severe (8+),True
12570,24.6016,-81.25,2026,18.47,2.93,0.956203081910314,severe (8+),True
12571,24.6017,-82.9571,2026,13.27,2.17,0.9251073641480282,severe (8+),False
12572,24.6018,-81.2077,2026,18.47,2.93,0.956203081910314,severe (8+),True
12573,24.6022,-82.9818,2026,13.27,2.17,0.9251073641480282,severe (8+),False
12574,24.6033,-81.2057,2026,18.47,2.93,0.956203081910314,severe (8+),True
12577,24.6045,-82.9499,2026,13.49,2.18,0.9270273566880919,severe (8+),False
12581,24.6058,-81.429,2026,20.58,3.31,0.9634560741540771,severe (8+),True
12582,24.6059,-82.9343,2026,13.49,2.18,0.9270273566880919,severe (8+),False
12585,24.6062,-82.9542,2026,13.27,2.17,0.9251073641480282,severe (8+),False
12590,24.6096,-81.1788,2026,17.740000000000002,2.74,0.9531739711592593,severe (8+),True
12595,24.6109,-82.9385,2026,13.49,2.18,0.9270273566880919,severe (8+),False
12596,24.611,-82.9024,2026,13.49,2.18,0.9270273566880919,severe (8+),False
12598,24.6114,-82.903,2026,13.49,2.18,0.9270273566880919,severe (8+),False
12599,24.6116,-82.9602,2026,13.27,2.17,0.9251073641480282,severe (8+),False
12600,24.6117,-82.8978,2026,13.7,2.21,0.9287915958490225,severe (8+),False
12603,24.6139,-81.3937,2026,18.5,2.88,0.9563211212134008,severe (8+),True
12604,24.6145,-82.8704,2026,13.7,2.21,0.9287915958490225,severe (8+),False
12605,24.6148,-81.3917,2026,18.5,2.88,0.9563211212134008,severe (8+),True
12608,24.6156,-82.9267,2026,13.49,2.18,0.9270273566880919,severe (8+),False
12610,24.6163,-81.3915,2026,18.5,2.88,0.9563211212134008,severe (8+),True
12611,24.6166,-81.3907,2026,18.5,2.88,0.9563211212134008,severe (8+),True
12612,24.6169,-82.8922,2026,13.7,2.21,0.9287915958490225,severe (8+),False
12617,24.6184,-81.3789,2026,18.5,2.88,0.9563211212134008,severe (8+),True
12618,24.6188,-82.9594,2026,13.27,2.17,0.9251073641480282,severe (8+),False
12628,24.6213,-81.363,2026,18.5,2.88,0.9563211212134008,severe (8+),True
12630,24.6214,-82.8932,2026,13.7,2.21,0.9287915958490225,severe (8+),False
12634,24.6216,-81.1163,2026,16.85,2.61,0.9490283263635461,severe (8+),False
12635,24.6217,-81.1564,2026,17.740000000000002,2.74,0.9531739711592593,severe (8+),True
12637,24.6223,-81.1118,2026,16.85,2.61,0.9490283263635461,severe (8+),False
12638,24.6223,-81.112,2026,16.85,2.61,0.9490283263635461,severe (8+),False
12639,24.6225,-81.123,2026,16.85,2.61,0.9490283263635461,severe (8+),False
12642,24.6237,-82.8597,2026,13.7,2.21,0.9287915958490225,severe (8+),False
12648,24.6249,-82.834,2026,13.59,2.22,0.9278756060956392,severe (8+),False
12654,24.6253,-81.1116,2026,16.85,2.61,0.9490283263635461,severe (8+),False
12656,24.6255,-81.1104,2026,16.85,2.61,0.9490283263635461,severe (8+),False
12662,24.626,-82.8153,2026,13.59,2.22,0.9278756060956392,severe (8+),False
12663,24.626,-81.1082,2026,16.85,2.61,0.9490283263635461,severe (8+),False
12664,24.6262,-81.1093,2026,16.85,2.61,0.9490283263635461,severe (8+),False
12666,24.6262,-82.9417,2026,13.49,2.18,0.9270273566880919,severe (8+),False
12667,24.6268,-81.1084,2026,16.85,2.61,0.9490283263635461,severe (8+),False
12668,24.6269,-81.1075,2026,16.85,2.61,0.9490283263635461,severe (8+),False
12674,24.6271,-81.1084,2026,16.85,2.61,0.9490283263635461,severe (8+),False
12677,24.6273,-82.8538,2026,13.7,2.21,0.9287915958490225,severe (8+),False
12681,24.6275,-82.838,2026,13.59,2.22,0.9278756060956392,severe (8+),False
12685,24.6291,-82.8588,2026,13.7,2.21,0.9287915958490225,severe (8+),False
12693,24.6309,-81.0918,2026,16.04,2.41,0.9447494987241755,severe (8+),False
12698,24.6324,-81.0874,2026,16.04,2.41,0.9447494987241755,severe (8+),False
12699,24.6324,-81.0904,2026,16.04,2.41,0.9447494987241755,severe (8+),False
12700,24.6325,-82.8766,2026,13.7,2.21,0.9287915958490225,severe (8+),False
12701,24.6329,-81.0899,2026,16.04,2.41,0.9447494987241755,severe (8+),False
12703,24.6329,-81.0879,2026,16.04,2.41,0.9447494987241755,severe (8+),False
12706,24.6334,-82.8766,2026,13.7,2.21,0.9287915958490225,severe (8+),False
12708,24.6342,-82.8105,2026,13.59,2.22,0.9278756060956392,severe (8+),False
12709,24.6342,-81.0845,2026,16.04,2.41,0.9447494987241755,severe (8+),False
12713,24.6358,-82.9033,2026,13.49,2.18,0.9270273566880919,severe (8+),False
12715,24.6361,-82.8036,2026,13.59,2.22,0.9278756060956392,severe (8+),False
12716,24.6362,-81.0894,2026,16.04,2.41,0.9447494987241755,severe (8+),False
12717,24.6365,-82.846,2026,13.59,2.22,0.9278756060956392,severe (8+),False
12719,24.6379,-81.0674,2026,16.04,2.41,0.9447494987241755,severe (8+),False
12725,24.6403,-82.8985,2026,13.7,2.21,0.9287915958490225,severe (8+),False
12728,24.6421,-82.8274,2026,13.59,2.22,0.9278756060956392,severe (8+),False
12730,24.6425,-82.8444,2026,13.59,2.22,0.9278756060956392,severe (8+),False
12731,24.6425,-82.937,2026,13.49,2.18,0.9270273566880919,severe (8+),False
12733,24.6436,-82.856,2026,13.7,2.21,0.9287915958490225,severe (8+),False
12734,24.6442,-81.0475,2026,14.64,2.21,0.9359496931166701,severe (8+),False
12736,24.6485,-81.0328,2026,14.64,2.21,0.9359496931166701,severe (8+),False
12741,24.6497,-82.9391,2026,13.49,2.18,0.9270273566880919,severe (8+),False
12747,24.6525,-82.787,2026,13.48,2.27,0.9269417042079089,severe (8+),False
12749,24.6531,-81.022,2026,17.400000000000002,2.68,0.9516529876295131,severe (8+),True
12753,24.657,-81.008,2026,17.400000000000002,2.68,0.9516529876295131,severe (8+),True
12760,24.6606,-82.9333,2026,13.27,2.24,0.9251073641480282,severe (8+),False
12762,24.6618,-82.8454,2026,13.44,2.24,0.9265975720050811,severe (8+),False
12764,24.662,-81.0132,2026,17.400000000000002,2.68,0.9516529876295131,severe (8+),True
12770,24.6631,-81.0993,2026,18.21,2.84,0.9551593809615273,severe (8+),True
12772,24.6635,-82.8756,2026,13.47,2.23,0.926855899855865,severe (8+),False
12776,24.6658,-81.0726,2026,18.21,2.84,0.9551593809615273,severe (8+),True
12777,24.6658,-81.0707,2026,18.21,2.84,0.9551593809615273,severe (8+),True
12780,24.667,-82.8591,2026,13.47,2.23,0.926855899855865,severe (8+),False
12781,24.6673,-82.8346,2026,13.44,2.24,0.9265975720050811,severe (8+),False
12783,24.668,-82.7774,2026,13.48,2.27,0.9269417042079089,severe (8+),False
12785,24.6692,-82.8936,2026,13.47,2.23,0.926855899855865,severe (8+),False
12788,24.6695,-82.8752,2026,13.47,2.23,0.926855899855865,severe (8+),False
12789,24.6695,-82.8742,2026,13.47,2.23,0.926855899855865,severe (8+),False
12792,24.67,-80.9741,2026,16.67,2.62,0.9481220973061422,severe (8+),False
12793,24.6701,-82.8999,2026,13.47,2.23,0.926855899855865,severe (8+),False
12799,24.6755,-82.8259,2026,13.44,2.24,0.9265975720050811,severe (8+),False
12800,24.6769,-80.9433,2026,15.22,2.52,0.9398364871167555,severe (8+),False
12802,24.6779,-80.9519,2026,16.67,2.62,0.9481220973061422,severe (8+),False
12804,24.6783,-81.042,2026,17.400000000000002,2.68,0.9516529876295131,severe (8+),True
12806,24.68,-82.905,2026,13.27,2.24,0.9251073641480282,severe (8+),False
12809,24.6828,-82.8922,2026,13.47,2.23,0.926855899855865,severe (8+),False
12814,24.6857,-80.9659,2026,16.67,2.62,0.9481220973061422,severe (8+),False
12815,24.6857,-81.045,2026,17.400000000000002,2.68,0.9516529876295131,severe (8+),True
12816,24.6858,-80.9659,2026,16.67,2.62,0.9481220973061422,severe (8+),False
12817,24.6862,-80.9619,2026,16.67,2.62,0.9481220973061422,severe (8+),False
12818,24.6866,-80.9629,2026,16.67,2.62,0.9481220973061422,severe (8+),False
12822,24.6884,-82.8844,2026,13.47,2.23,0.926855899855865,severe (8+),False
12827,24.6894,-81.0302,2026,17.400000000000002,2.68,0.9516529876295131,severe (8+),True
12828,24.6895,-81.0302,2026,17.400000000000002,2.68,0.9516529876295131,severe (8+),True
12833,24.6911,-81.0499,2026,17.400000000000002,2.68,0.9516529876295131,severe (8+),True
12834,24.6916,-82.9121,2026,13.27,2.24,0.9251073641480282,severe (8+),False
12835,24.6918,-82.8441,2026,13.44,2.24,0.9265975720050811,severe (8+),False
12836,24.6929,-81.021,2026,17.400000000000002,2.68,0.9516529876295131,severe (8+),True
12848,24.6953,-80.9375,2026,15.22,2.52,0.9398364871167555,severe (8+),False
12849,24.6956,-81.0518,2026,18.21,2.84,0.9551593809615273,severe (8+),True
12850,24.6956,-80.9392,2026,15.22,2.52,0.9398364871167555,severe (8+),False
12851,24.6957,-81.0381,2026,17.400000000000002,2.68,0.9516529876295131,severe (8+),True
12854,24.696,-82.7768,2026,13.48,2.27,0.9269417042079089,severe (8+),False
12855,24.6965,-80.9049,2026,15.22,2.52,0.9398364871167555,severe (8+),False
12856,24.6966,-81.0361,2026,17.400000000000002,2.68,0.9516529876295131,severe (8+),True
12860,24.6975,-81.0351,2026,17.400000000000002,2.68,0.9516529876295131,severe (8+),True
12862,24.6976,-82.8638,2026,13.47,2.23,0.926855899855865,severe (8+),False
12866,24.6978,-80.9698,2026,16.67,2.62,0.9481220973061422,severe (8+),False
12871,24.6993,-80.9669,2026,16.67,2.62,0.9481220973061422,severe (8+),False
12872,24.6993,-80.9669,2026,16.67,2.62,0.9481220973061422,severe (8+),False
12873,24.6994,-80.9689,2026,16.67,2.62,0.9481220973061422,severe (8+),False
12875,24.6996,-80.9691,2026,16.67,2.62,0.9481220973061422,severe (8+),False
12884,24.7013,-80.9653,2026,19.37,3.12,0.9595438316891419,severe (8+),True
12885,24.7023,-82.853,2026,13.07,2.26,0.9232949881272637,severe (8+),False
12886,24.7024,-82.847,2026,13.33,2.28,0.9256384912332905,severe (8+),False
12887,24.7029,-82.8147,2026,13.33,2.28,0.9256384912332905,severe (8+),False
12891,24.7047,-80.9392,2026,18.48,3.04,0.9562424823312905,severe (8+),True
12894,24.7057,-82.8718,2026,13.07,2.26,0.9232949881272637,severe (8+),False
12895,24.7065,-80.9362,2026,18.48,3.04,0.9562424823312905,severe (8+),True
12901,24.7082,-82.8086,2026,13.33,2.28,0.9256384912332905,severe (8+),False
12902,24.7083,-82.7977,2026,13.49,2.31,0.9270273566880919,severe (8+),False
12903,24.7085,-82.7839,2026,13.49,2.31,0.9270273566880919,severe (8+),False
12904,24.7093,-82.8749,2026,13.07,2.26,0.9232949881272637,severe (8+),False
12905,24.7093,-82.7918,2026,13.49,2.31,0.9270273566880919,severe (8+),False
12906,24.7105,-80.9294,2026,18.48,3.04,0.9562424823312905,severe (8+),True
12907,24.7109,-82.8837,2026,13.07,2.26,0.9232949881272637,severe (8+),False
12918,24.7154,-82.8176,2026,13.33,2.28,0.9256384912332905,severe (8+),False
12925,24.7198,-82.8245,2026,13.33,2.28,0.9256384912332905,severe (8+),False
12928,24.7228,-82.8038,2026,13.33,2.28,0.9256384912332905,severe (8+),False
12930,24.7244,-82.8177,2026,13.33,2.28,0.9256384912332905,severe (8+),False
12931,24.7244,-82.8147,2026,13.33,2.28,0.9256384912332905,severe (8+),False
12936,24.7254,-80.9317,2026,18.48,3.04,0.9562424823312905,severe (8+),True
12938,24.7258,-80.9315,2026,18.48,3.04,0.9562424823312905,severe (8+),True
12942,24.728,-80.8213,2026,15.7,2.72,0.9427890860630468,severe (8+),False
12945,24.7345,-80.8096,2026,15.7,2.72,0.9427890860630468,severe (8+),False
12946,24.7353,-80.8107,2026,15.7,2.72,0.9427890860630468,severe (8+),False
12948,24.7453,-80.7822,2026,13.54,2.45,0.9274533533940548,severe (8+),False
12949,24.7468,-80.9362,2026,18.48,3.04,0.9562424823312905,severe (8+),True
12950,24.7485,-80.9318,2026,18.48,3.04,0.9562424823312905,severe (8+),True
12957,24.7604,-80.9068,2026,20.69,3.48,0.9637827973676454,severe (8+),True
12959,24.7633,-80.7592,2026,16.91,2.95,0.94932505814703,severe (8+),False
12960,24.7634,-80.7552,2026,16.91,2.95,0.94932505814703,severe (8+),False
12962,24.765,-80.7353,2026,14.91,2.68,0.9378049958971599,severe (8+),False
12963,24.7678,-80.7504,2026,16.91,2.95,0.94932505814703,severe (8+),False
12965,24.7703,-80.7438,2026,14.91,2.68,0.9378049958971599,severe (8+),False
12971,24.7844,-80.7634,2026,16.91,2.95,0.94932505814703,severe (8+),False
12973,24.7972,-80.7838,2026,16.91,2.95,0.94932505814703,severe (8+),False
12974,24.7972,-80.784,2026,16.91,2.95,0.94932505814703,severe (8+),False
13029,24.9206,-80.5063,2026,14.54,2.45,0.9352412140771639,severe (8+),False
13034,24.9386,-80.4914,2026,12.15,2.13,0.9140426586115012,severe (8+),False
13038,24.9411,-80.5552,2026,17.240000000000002,2.79,0.9509110645175678,severe (8+),True
13047,24.9503,-80.5508,2026,18.98,3.1,0.9581456315092428,severe (8+),True
13051,24.9517,-80.5469,2026,17.6,2.78,0.9525566329186085,severe (8+),True
13052,24.9518,-80.4514,2026,15.15,2.44,0.9393866478736567,severe (8+),False
13053,24.9519,-80.4513,2026,15.15,2.44,0.9393866478736567,severe (8+),False
13054,24.9521,-80.4596,2026,15.15,2.44,0.9393866478736567,severe (8+),False
13057,24.9542,-80.5458,2026,17.6,2.78,0.9525566329186085,severe (8+),True
13060,24.955,-80.458,2026,15.15,2.44,0.9393866478736567,severe (8+),False
13062,24.9566,-80.4923,2026,15.15,2.44,0.9393866478736567,severe (8+),False
13064,24.9588,-80.4545,2026,15.15,2.44,0.9393866478736567,severe (8+),False
13067,24.9638,-80.4507,2026,15.15,2.44,0.9393866478736567,severe (8+),False
13068,24.9642,-80.5428,2026,17.6,2.78,0.9525566329186085,severe (8+),True
13070,24.9664,-80.5373,2026,17.6,2.78,0.9525566329186085,severe (8+),True
13076,24.9728,-80.4368,2026,12.75,2.22,0.9202545630460206,severe (8+),False
13079,24.9763,-80.4209,2026,12.75,2.22,0.9202545630460206,severe (8+),False
13083,24.9781,-80.4258,2026,12.75,2.22,0.9202545630460206,severe (8+),False
13086,24.9791,-80.4377,2026,12.75,2.22,0.9202545630460206,severe (8+),False
13094,24.9859,-80.413,2026,12.75,2.22,0.9202545630460206,severe (8+),False
13097,24.9872,-80.4146,2026,12.75,2.22,0.9202545630460206,severe (8+),False
13098,24.9876,-80.4677,2026,15.15,2.44,0.9393866478736567,severe (8+),False
13107,24.9917,-80.4153,2026,12.75,2.22,0.9202545630460206,severe (8+),False
13109,24.9927,-80.4436,2026,12.75,2.22,0.9202545630460206,severe (8+),False
13113,24.9992,-80.4669,2026,15.15,2.44,0.9393866478736567,severe (8+),False
13115,24.9992,-80.4231,2026,12.75,2.22,0.9202545630460206,severe (8+),False
13116,24.9992,-80.467,2026,15.15,2.44,0.9393866478736567,severe (8+),False
13129,25.007,-80.3758,2026,13.43,2.29,0.9265111565969683,severe (8+),False
13130,25.0072,-80.3756,2026,13.43,2.29,0.9265111565969683,severe (8+),False
13134,25.0086,-80.376,2026,13.43,2.29,0.9265111565969683,severe (8+),False
13135,25.0086,-80.3771,2026,13.43,2.29,0.9265111565969683,severe (8+),False
13136,25.0086,-80.3761,2026,13.43,2.29,0.9265111565969683,severe (8+),False
13137,25.0088,-80.3765,2026,13.43,2.29,0.9265111565969683,severe (8+),False
13138,25.009,-80.3891,2026,13.43,2.29,0.9265111565969683,severe (8+),False
13143,25.0114,-80.3741,2026,13.43,2.29,0.9265111565969683,severe (8+),False
13144,25.0124,-80.4039,2026,16.03,2.5500000000000003,0.944693304753898,severe (8+),False
13151,25.0185,-80.3672,2026,13.43,2.29,0.9265111565969683,severe (8+),False
13158,25.0255,-80.4043,2026,16.03,2.5500000000000003,0.944693304753898,severe (8+),False
13165,25.0306,-80.4268,2026,16.03,2.5500000000000003,0.944693304753898,severe (8+),False
13173,25.0377,-80.4152,2026,16.03,2.5500000000000003,0.944693304753898,severe (8+),False
13177,25.0418,-80.428,2026,16.03,2.5500000000000003,0.944693304753898,severe (8+),False
13180,25.0446,-80.4684,2026,17.740000000000002,2.77,0.9531739711592593,severe (8+),True
13181,25.0447,-80.4684,2026,17.740000000000002,2.77,0.9531739711592593,severe (8+),True
13202,25.0668,-80.3725,2026,16.37,2.52,0.9465563147073215,severe (8+),False
13204,25.067,-80.3854,2026,16.37,2.52,0.9465563147073215,severe (8+),False
13205,25.0683,-80.3924,2026,16.37,2.52,0.9465563147073215,severe (8+),False
13219,25.0869,-80.3113,2026,13.19,2.23,0.9243902447424678,severe (8+),False
13230,25.1026,-80.3436,2026,16.05,2.5,0.9448056060140976,severe (8+),False
13232,25.1031,-80.3244,2026,16.05,2.5,0.9448056060140976,severe (8+),False
13233,25.1032,-80.3243,2026,16.05,2.5,0.9448056060140976,severe (8+),False
13242,25.1086,-80.3062,2026,16.05,2.5,0.9448056060140976,severe (8+),False
13252,25.1145,-80.3445,2026,16.05,2.5,0.9448056060140976,severe (8+),False
13255,25.1181,-80.3755,2026,17.48,2.76,0.9520175650343521,severe (8+),True
13265,25.1299,-80.2864,2026,13.02,2.19,0.9228315585097763,severe (8+),False
13266,25.1308,-80.3644,2026,17.48,2.76,0.9520175650343521,severe (8+),True
13271,25.1347,-80.2759,2026,13.02,2.19,0.9228315585097763,severe (8+),False
13272,25.1383,-80.315,2026,16.05,2.5,0.9448056060140976,severe (8+),False
13277,25.1415,-80.3139,2026,16.05,2.5,0.9448056060140976,severe (8+),False
13279,25.1437,-80.2569,2026,13.02,2.19,0.9228315585097763,severe (8+),False
13284,25.1485,-80.3609,2026,17.48,2.76,0.9520175650343521,severe (8+),True
13286,25.1505,-80.3563,2026,18.86,2.92,0.9577005547693994,severe (8+),True
13290,25.1604,-80.2589,2026,15.58,2.38,0.9420718906775022,severe (8+),False
13293,25.1688,-80.2621,2026,15.58,2.38,0.9420718906775022,severe (8+),False
13297,25.183,-80.2952,2026,15.58,2.38,0.9420718906775022,severe (8+),False
13310,25.2078,-80.222,2026,14.55,2.22,0.9353125946191065,severe (8+),False
13312,25.2094,-80.2755,2026,16.8,2.57,0.9487790260528441,severe (8+),False
13314,25.2122,-80.2186,2026,14.55,2.22,0.9353125946191065,severe (8+),False
13317,25.2134,-80.263,2026,16.8,2.57,0.9487790260528441,severe (8+),False
13326,25.2154,-80.2742,2026,16.8,2.57,0.9487790260528441,severe (8+),False
13327,25.2157,-80.2328,2026,14.55,2.22,0.9353125946191065,severe (8+),False
13332,25.2202,-80.211,2026,14.55,2.22,0.9353125946191065,severe (8+),False
13337,25.2228,-80.2202,2026,14.55,2.22,0.9353125946191065,severe (8+),False
13338,25.2238,-80.2091,2026,14.55,2.22,0.9353125946191065,severe (8+),False
13341,25.225,-80.2075,2026,14.55,2.22,0.9353125946191065,severe (8+),False
13342,25.2263,-80.2169,2026,14.55,2.22,0.9353125946191065,severe (8+),False
13346,25.232,-80.2603,2026,16.8,2.57,0.9487790260528441,severe (8+),False
13350,25.2356,-80.2615,2026,16.8,2.57,0.9487790260528441,severe (8+),False
13352,25.2372,-80.2588,2026,16.8,2.57,0.9487790260528441,severe (8+),False
13360,25.2399,-80.2012,2026,14.55,2.22,0.9353125946191065,severe (8+),False
13365,25.2553,-80.2051,2026,16.01,2.39,0.9445806560593392,severe (8+),False
13375,25.2735,-80.2274,2026,16.01,2.39,0.9445806560593392,severe (8+),False
13376,25.2768,-80.1756,2026,12.15,2.05,0.9140426586115012,severe (8+),False
13377,25.2769,-80.1771,2026,12.15,2.05,0.9140426586115012,severe (8+),False
13379,25.2829,-80.2447,2026,16.01,2.39,0.9445806560593392,severe (8+),False
13382,25.2849,-80.2247,2026,16.01,2.39,0.9445806560593392,severe (8+),False
13386,25.2951,-80.2187,2026,16.01,2.39,0.9445806560593392,severe (8+),False
13393,25.2993,-80.1621,2026,12.15,2.05,0.9140426586115012,severe (8+),False
13394,25.3034,-80.2154,2026,16.61,2.52,0.9478145693801067,severe (8+),False
13395,25.305,-80.2157,2026,16.61,2.52,0.9478145693801067,severe (8+),False
13409,25.3224,-80.1823,2026,13.31,2.17,0.925462082122039,severe (8+),False
13417,25.3319,-80.1857,2026,13.31,2.17,0.925462082122039,severe (8+),False
13418,25.3326,-80.2195,2026,16.61,2.52,0.9478145693801067,severe (8+),False
13419,25.3328,-80.165,2026,13.31,2.17,0.925462082122039,severe (8+),False
13422,25.3334,-80.218,2026,16.61,2.52,0.9478145693801067,severe (8+),False
13425,25.3358,-80.1662,2026,13.31,2.17,0.925462082122039,severe (8+),False
13430,25.3385,-80.1603,2026,13.31,2.17,0.925462082122039,severe (8+),False
13431,25.3398,-80.1529,2026,13.31,2.17,0.925462082122039,severe (8+),False
13444,25.3514,-80.194,2026,14.74,2.27,0.9366464995066353,severe (8+),False
13445,25.3525,-80.1558,2026,14.74,2.27,0.9366464995066353,severe (8+),False
13446,25.3535,-80.1518,2026,14.74,2.27,0.9366464995066353,severe (8+),False
13447,25.3549,-80.1619,2026,14.74,2.27,0.9366464995066353,severe (8+),False
13449,25.3592,-80.1522,2026,14.74,2.27,0.9366464995066353,severe (8+),False
13458,25.3632,-80.1658,2026,14.74,2.27,0.9366464995066353,severe (8+),False
13463,25.3669,-80.1696,2026,14.74,2.27,0.9366464995066353,severe (8+),False
13465,25.3673,-80.1402,2026,11.29,1.96,0.9037885581657287,severe (8+),False
13484,25.3913,-80.1545,2026,14.74,2.27,0.9366464995066353,severe (8+),False
13487,25.3957,-80.1316,2026,11.29,1.96,0.9037885581657287,severe (8+),False
13491,25.4011,-80.1296,2026,12.4,2.04,0.916716482212624,severe (8+),False
13498,25.4034,-80.132,2026,12.4,2.04,0.916716482212624,severe (8+),False
13508,25.4153,-80.151,2026,15.36,2.38,0.9407211105434727,severe (8+),False
13511,25.4184,-80.1553,2026,15.36,2.38,0.9407211105434727,severe (8+),False
13512,25.4184,-80.1553,2026,15.36,2.38,0.9407211105434727,severe (8+),False
13526,25.4289,-80.1637,2026,15.36,2.38,0.9407211105434727,severe (8+),False
13537,25.442,-80.122,2026,12.4,2.04,0.916716482212624,severe (8+),False
13540,25.4456,-80.1151,2026,12.4,2.04,0.916716482212624,severe (8+),False
13546,25.4479,-80.1779,2026,15.36,2.38,0.9407211105434727,severe (8+),False
13556,25.4557,-80.1237,2026,13.15,2.11,0.9240277944169125,severe (8+),False
13563,25.4628,-80.1333,2026,13.15,2.11,0.9240277944169125,severe (8+),False
13571,25.4679,-80.1182,2026,13.15,2.11,0.9240277944169125,severe (8+),False
13585,25.4865,-80.1414,2026,13.15,2.11,0.9240277944169125,severe (8+),False
13595,25.4958,-80.11,2026,13.15,2.11,0.9240277944169125,severe (8+),False
13598,25.4976,-80.109,2026,13.15,2.11,0.9240277944169125,severe (8+),False
13602,25.4991,-80.1353,2026,13.15,2.11,0.9240277944169125,severe (8+),False
13606,25.5043,-80.1062,2026,13.11,2.19,0.9236627172686035,severe (8+),False
13614,25.5174,-80.1243,2026,13.11,2.19,0.9236627172686035,severe (8+),False
13618,25.5264,-80.1199,2026,13.11,2.19,0.9236627172686035,severe (8+),False
13619,25.5273,-80.1079,2026,13.11,2.19,0.9236627172686035,severe (8+),False
13620,25.5284,-80.1187,2026,13.11,2.19,0.9236627172686035,severe (8+),False
13631,25.5441,-80.1012,2026,13.11,2.19,0.9236627172686035,severe (8+),False
13633,25.5455,-80.1106,2026,13.11,2.19,0.9236627172686035,severe (8+),False
13634,25.5463,-80.1016,2026,13.11,2.19,0.9236627172686035,severe (8+),False
13640,25.5671,-80.1081,2026,12.97,2.22,0.9223638949378692,severe (8+),False
13645,25.573,-80.0993,2026,9.8,1.9,0.8811269821317873,severe (8+),False
13647,25.5744,-80.1134,2026,12.97,2.22,0.9223638949378692,severe (8+),False
13648,25.5752,-80.1019,2026,12.97,2.22,0.9223638949378692,severe (8+),False
13652,25.5777,-80.1137,2026,12.97,2.22,0.9223638949378692,severe (8+),False
13659,25.587,-80.1063,2026,12.97,2.22,0.9223638949378692,severe (8+),False
13664,25.5896,-80.0934,2026,9.8,1.9,0.8811269821317873,severe (8+),False
13668,25.5918,-80.0952,2026,9.8,1.9,0.8811269821317873,severe (8+),False
13669,25.5978,-80.1042,2026,12.97,2.22,0.9223638949378692,severe (8+),False
13670,25.6005,-80.1022,2026,12.3,2.16,0.915662165264904,severe (8+),False
13674,25.625,-80.0995,2026,9.13,1.89,0.8682701221244316,severe (8+),False
13675,25.6276,-80.0951,2026,9.13,1.89,0.8682701221244316,severe (8+),False
13676,25.6303,-80.098,2026,9.13,1.89,0.8682701221244316,severe (8+),False
13678,25.6434,-80.0971,2026,9.13,1.89,0.8682701221244316,severe (8+),False
13680,25.6506,-80.0964,2026,8.81,1.85,0.8613932920205364,severe (8+),False
13681,25.6518,-80.0946,2026,8.81,1.85,0.8613932920205364,severe (8+),False
13683,25.6601,-80.0968,2026,8.81,1.85,0.8613932920205364,severe (8+),False
13685,25.6682,-80.0987,2026,8.81,1.85,0.8613932920205364,severe (8+),False
13687,25.6726,-80.0884,2026,8.81,1.85,0.8613932920205364,severe (8+),False
13688,25.6741,-80.0942,2026,8.81,1.85,0.8613932920205364,severe (8+),False
13689,25.6749,-80.0984,2026,8.81,1.85,0.8613932920205364,severe (8+),False
13693,25.6772,-80.0976,2026,8.81,1.85,0.8613932920205364,severe (8+),False
13696,25.6785,-80.1186,2026,11.86,2.08,0.9107761944091263,severe (8+),False
13699,25.683,-80.1,2026,8.81,1.85,0.8613932920205364,severe (8+),False
13700,25.6908,-80.0976,2026,8.81,1.85,0.8613932920205364,severe (8+),False
13701,25.6921,-80.0964,2026,8.81,1.85,0.8613932920205364,severe (8+),False
13703,25.6959,-80.0974,2026,8.81,1.85,0.8613932920205364,severe (8+),False
13705,25.7003,-80.0969,2026,8.67,1.8,0.8582174185604787,severe (8+),False
13707,25.7016,-80.102,2026,10.45,2.0,0.8918978644814364,severe (8+),False
13709,25.7048,-80.0979,2026,8.67,1.8,0.8582174185604787,severe (8+),False
13710,25.7158,-80.0982,2026,8.67,1.8,0.8582174185604787,severe (8+),False
13712,25.7261,-80.0986,2026,8.67,1.8,0.8582174185604787,severe (8+),False
13715,25.7332,-80.0893,2026,8.67,1.8,0.8582174185604787,severe (8+),False
13716,25.7351,-80.1142,2026,10.45,2.0,0.8918978644814364,severe (8+),False
13718,25.7374,-80.1161,2026,10.45,2.0,0.8918978644814364,severe (8+),False
13719,25.746,-80.1201,2026,10.45,2.0,0.8918978644814364,severe (8+),False
13722,25.75,-80.1056,2026,9.28,1.92,0.8713214033061285,severe (8+),False
13725,25.7515,-80.1316,2026,9.28,1.92,0.8713214033061285,severe (8+),False
13728,25.76,-80.1307,2026,9.28,1.92,0.8713214033061285,severe (8+),False
13729,25.764,-80.0963,2026,8.01,1.79,0.8417063594759722,severe (8+),False
13730,25.7657,-80.099,2026,8.01,1.79,0.8417063594759722,severe (8+),False
13731,25.7684,-80.089,2026,8.01,1.79,0.8417063594759722,severe (8+),False
13733,25.7709,-80.0968,2026,8.01,1.79,0.8417063594759722,severe (8+),False
13734,25.7738,-80.088,2026,8.01,1.79,0.8417063594759722,severe (8+),False
13736,25.7778,-80.1116,2026,9.28,1.92,0.8713214033061285,severe (8+),False
13738,25.7792,-80.0877,2026,8.01,1.79,0.8417063594759722,severe (8+),False
13739,25.7801,-80.0889,2026,8.01,1.79,0.8417063594759722,severe (8+),False
13740,25.7802,-80.0877,2026,8.01,1.79,0.8417063594759722,severe (8+),False
13741,25.7817,-80.0877,2026,8.01,1.79,0.8417063594759722,severe (8+),False
13750,25.7958,-80.0979,2026,8.01,1.79,0.8417063594759722,severe (8+),False
13751,25.7965,-80.1038,2026,9.28,1.92,0.8713214033061285,severe (8+),False
13756,25.8039,-80.105,2026,8.71,1.87,0.8591356464808696,severe (8+),False
13758,25.8088,-80.1119,2026,8.71,1.87,0.8591356464808696,severe (8+),False
13759,25.8094,-80.1099,2026,8.71,1.87,0.8591356464808696,severe (8+),False
13762,25.8142,-80.0905,2026,7.53,1.75,0.8278731926882881,significant (4-8),False
13764,25.8175,-80.0902,2026,7.53,1.75,0.8278731926882881,significant (4-8),False
13766,25.8226,-80.0906,2026,7.53,1.75,0.8278731926882881,significant (4-8),False
13768,25.8249,-80.0905,2026,7.53,1.75,0.8278731926882881,significant (4-8),False
13773,25.8292,-80.092,2026,7.53,1.75,0.8278731926882881,significant (4-8),False
13778,25.8354,-80.0889,2026,7.53,1.75,0.8278731926882881,significant (4-8),False
13779,25.8371,-80.1054,2026,8.71,1.87,0.8591356464808696,severe (8+),False
13786,25.842,-80.0951,2026,7.53,1.75,0.8278731926882881,significant (4-8),False
13790,25.8421,-80.0881,2026,7.53,1.75,0.8278731926882881,significant (4-8),False
13792,25.8422,-80.104,2026,8.71,1.87,0.8591356464808696,severe (8+),False
13794,25.8423,-80.1042,2026,8.71,1.87,0.8591356464808696,severe (8+),False
13799,25.847,-80.0994,2026,7.53,1.75,0.8278731926882881,significant (4-8),False
13800,25.8472,-80.1041,2026,8.71,1.87,0.8591356464808696,severe (8+),False
13803,25.8492,-80.1043,2026,8.71,1.87,0.8591356464808696,severe (8+),False
13805,25.8508,-80.109,2026,8.09,1.84,0.8438533589707992,severe (8+),False
13818,25.8638,-80.1087,2026,8.09,1.84,0.8438533589707992,severe (8+),False
13825,25.8759,-80.0992,2026,7.43,1.74,0.8247710300852676,significant (4-8),False
13827,25.8804,-80.1011,2026,8.09,1.84,0.8438533589707992,severe (8+),False
13828,25.8825,-80.1008,2026,8.09,1.84,0.8438533589707992,severe (8+),False
13829,25.8826,-80.1139,2026,8.09,1.84,0.8438533589707992,severe (8+),False
13832,25.885,-80.112,2026,8.09,1.84,0.8438533589707992,severe (8+),False
13835,25.8874,-80.0953,2026,7.43,1.74,0.8247710300852676,significant (4-8),False
13836,25.8878,-80.1174,2026,8.09,1.84,0.8438533589707992,severe (8+),False
13839,25.8906,-80.1008,2026,8.09,1.84,0.8438533589707992,severe (8+),False
13841,25.8929,-80.1043,2026,8.09,1.84,0.8438533589707992,severe (8+),False
13842,25.8931,-80.108,2026,8.09,1.84,0.8438533589707992,severe (8+),False
13846,25.8996,-80.1087,2026,8.09,1.84,0.8438533589707992,severe (8+),False
13847,25.9021,-80.1,2026,7.28,1.74,0.8199638092385328,significant (4-8),False
13852,25.9087,-80.0863,2026,7.28,1.74,0.8199638092385328,significant (4-8),False
13853,25.9107,-80.1004,2026,7.390000000000001,1.82,0.8235074467095838,significant (4-8),False
13854,25.9149,-80.0936,2026,7.28,1.74,0.8199638092385328,significant (4-8),False
13855,25.9156,-80.1029,2026,7.390000000000001,1.82,0.8235074467095838,significant (4-8),False
13856,25.9175,-80.1068,2026,7.390000000000001,1.82,0.8235074467095838,significant (4-8),False
13861,25.9254,-80.104,2026,7.390000000000001,1.82,0.8235074467095838,significant (4-8),False
13864,25.9288,-80.1102,2026,7.390000000000001,1.82,0.8235074467095838,significant (4-8),False
13871,25.9398,-80.1162,2026,7.390000000000001,1.82,0.8235074467095838,significant (4-8),False
13874,25.9436,-80.0969,2026,7.28,1.74,0.8199638092385328,significant (4-8),False
13875,25.9437,-80.0969,2026,7.28,1.74,0.8199638092385328,significant (4-8),False
13876,25.9439,-80.1133,2026,7.390000000000001,1.82,0.8235074467095838,significant (4-8),False
13877,25.9463,-80.1026,2026,7.390000000000001,1.82,0.8235074467095838,significant (4-8),False
13879,25.9501,-80.101,2026,6.57,1.79,0.7944189777928747,significant (4-8),False
13880,25.9516,-80.1091,2026,6.57,1.79,0.7944189777928747,significant (4-8),False
13881,25.9516,-80.1091,2026,6.57,1.79,0.7944189777928747,significant (4-8),False
13882,25.9518,-80.0996,2026,7.04,1.73,0.8118667274710063,significant (4-8),False
13884,25.9585,-80.0938,2026,7.04,1.73,0.8118667274710063,significant (4-8),False
13885,25.9585,-80.0938,2026,7.04,1.73,0.8118667274710063,significant (4-8),False
13886,25.9592,-80.0989,2026,7.04,1.73,0.8118667274710063,significant (4-8),False
13890,25.9629,-80.1032,2026,6.57,1.79,0.7944189777928747,significant (4-8),False
13898,25.9716,-80.0904,2026,7.04,1.73,0.8118667274710063,significant (4-8),False
13899,25.9732,-80.0897,2026,7.04,1.73,0.8118667274710063,significant (4-8),False
13903,25.979,-80.0961,2026,7.04,1.73,0.8118667274710063,significant (4-8),False
13904,25.9824,-80.0954,2026,7.04,1.73,0.8118667274710063,significant (4-8),False
13913,25.9888,-80.0973,2026,7.04,1.73,0.8118667274710063,significant (4-8),False
13914,25.9914,-80.0952,2026,7.04,1.73,0.8118667274710063,significant (4-8),False
13919,25.9983,-80.0894,2026,7.04,1.73,0.8118667274710063,significant (4-8),False
13926,26.0062,-80.1127,2026,6.51,1.74,0.7920265032863575,significant (4-8),False
13929,26.0095,-80.1012,2026,6.51,1.74,0.7920265032863575,significant (4-8),False
13930,26.0097,-80.0878,2026,6.58,1.69,0.7948139000815968,significant (4-8),False
13942,26.0252,-80.0956,2026,6.58,1.69,0.7948139000815968,significant (4-8),False
13943,26.026,-80.0943,2026,6.58,1.69,0.7948139000815968,significant (4-8),False
13948,26.0291,-80.0883,2026,6.58,1.69,0.7948139000815968,significant (4-8),False
13958,26.0439,-80.1019,2026,6.51,1.74,0.7920265032863575,significant (4-8),False
13960,26.0467,-80.0945,2026,6.58,1.69,0.7948139000815968,significant (4-8),False
13963,26.0518,-80.11,2026,6.37,1.71,0.7862874522669342,significant (4-8),False
13965,26.0537,-80.0948,2026,6.88,1.69,0.8061741007280739,significant (4-8),False
13970,26.0591,-80.0528,2026,6.88,1.69,0.8061741007280739,significant (4-8),False
13971,26.0594,-80.0987,2026,6.88,1.69,0.8061741007280739,significant (4-8),False
13974,26.061,-80.1028,2026,6.37,1.71,0.7862874522669342,significant (4-8),False
13975,26.0625,-80.054,2026,6.88,1.69,0.8061741007280739,significant (4-8),False
13976,26.063,-80.0925,2026,6.88,1.69,0.8061741007280739,significant (4-8),False
13977,26.0641,-80.0932,2026,6.88,1.69,0.8061741007280739,significant (4-8),False
13979,26.0645,-80.0857,2026,6.88,1.69,0.8061741007280739,significant (4-8),False
13984,26.0693,-80.0994,2026,6.88,1.69,0.8061741007280739,significant (4-8),False
13986,26.0696,-80.0972,2026,6.88,1.69,0.8061741007280739,significant (4-8),False
13989,26.0714,-80.0961,2026,6.88,1.69,0.8061741007280739,significant (4-8),False
13990,26.0734,-80.0929,2026,6.88,1.69,0.8061741007280739,significant (4-8),False
13991,26.0745,-80.0926,2026,6.88,1.69,0.8061741007280739,significant (4-8),False
13996,26.0773,-80.1076,2026,6.37,1.71,0.7862874522669342,significant (4-8),False
13998,26.081,-80.0956,2026,6.88,1.69,0.8061741007280739,significant (4-8),False
14000,26.0815,-80.0978,2026,6.88,1.69,0.8061741007280739,significant (4-8),False
14002,26.0829,-80.1034,2026,6.37,1.71,0.7862874522669342,significant (4-8),False
14008,26.0882,-80.1012,2026,6.37,1.71,0.7862874522669342,significant (4-8),False
14012,26.0917,-80.0955,2026,6.88,1.69,0.8061741007280739,significant (4-8),False
14013,26.0966,-80.087,2026,6.88,1.69,0.8061741007280739,significant (4-8),False
14014,26.0966,-80.091,2026,6.88,1.69,0.8061741007280739,significant (4-8),False
14020,26.1025,-80.0974,2026,6.76,1.7,0.8017408490489693,significant (4-8),False
14022,26.1043,-80.0894,2026,6.76,1.7,0.8017408490489693,significant (4-8),False
14023,26.108,-80.1034,2026,6.21,1.67,0.7794488962874351,significant (4-8),False
14024,26.1099,-80.0996,2026,6.76,1.7,0.8017408490489693,significant (4-8),False
14031,26.1149,-80.0956,2026,6.76,1.7,0.8017408490489693,significant (4-8),False
14032,26.1152,-80.0973,2026,6.76,1.7,0.8017408490489693,significant (4-8),False
14033,26.1152,-80.0804,2026,6.76,1.7,0.8017408490489693,significant (4-8),False
14036,26.1183,-80.0888,2026,6.76,1.7,0.8017408490489693,significant (4-8),False
14041,26.1225,-80.091,2026,6.76,1.7,0.8017408490489693,significant (4-8),False
14044,26.1271,-80.0897,2026,6.76,1.7,0.8017408490489693,significant (4-8),False
14047,26.137,-80.0944,2026,6.76,1.7,0.8017408490489693,significant (4-8),False
14048,26.1379,-80.0934,2026,6.76,1.7,0.8017408490489693,significant (4-8),False
14060,26.1479,-80.096,2026,6.76,1.7,0.8017408490489693,significant (4-8),False
14061,26.1479,-80.0959,2026,6.76,1.7,0.8017408490489693,significant (4-8),False
14063,26.1483,-80.096,2026,6.76,1.7,0.8017408490489693,significant (4-8),False
14064,26.1486,-80.0951,2026,6.76,1.7,0.8017408490489693,significant (4-8),False
14067,26.1494,-80.0894,2026,6.76,1.7,0.8017408490489693,significant (4-8),False
14068,26.1494,-80.0894,2026,6.76,1.7,0.8017408490489693,significant (4-8),False
14069,26.1498,-80.0968,2026,6.76,1.7,0.8017408490489693,significant (4-8),False
14070,26.1498,-80.0968,2026,6.76,1.7,0.8017408490489693,significant (4-8),False
14071,26.1539,-80.082,2026,6.71,1.7,0.7998506828843667,significant (4-8),False
14074,26.1559,-80.0822,2026,6.71,1.7,0.7998506828843667,significant (4-8),False
14078,26.1586,-80.0773,2026,6.71,1.7,0.7998506828843667,significant (4-8),False
14079,26.1586,-80.0774,2026,6.71,1.7,0.7998506828843667,significant (4-8),False
14081,26.1594,-80.089,2026,6.71,1.7,0.7998506828843667,significant (4-8),False
14084,26.1599,-80.0825,2026,6.71,1.7,0.7998506828843667,significant (4-8),False
14085,26.16,-80.0825,2026,6.71,1.7,0.7998506828843667,significant (4-8),False
14086,26.1602,-80.083,2026,6.71,1.7,0.7998506828843667,significant (4-8),False
14088,26.1627,-80.0822,2026,6.71,1.7,0.7998506828843667,significant (4-8),False
14092,26.1696,-80.0936,2026,6.71,1.7,0.7998506828843667,significant (4-8),False
14095,26.1758,-80.0873,2026,6.71,1.7,0.7998506828843667,significant (4-8),False
14097,26.1774,-80.0919,2026,6.71,1.7,0.7998506828843667,significant (4-8),False
14101,26.1891,-80.0868,2026,6.71,1.7,0.7998506828843667,significant (4-8),False
14103,26.1909,-80.0848,2026,6.71,1.7,0.7998506828843667,significant (4-8),False
14104,26.1921,-80.0925,2026,6.71,1.7,0.7998506828843667,significant (4-8),False
14108,26.1966,-80.0785,2026,6.71,1.7,0.7998506828843667,significant (4-8),False
14117,26.2045,-80.0846,2026,6.5600000000000005,1.68,0.794022969222585,significant (4-8),False
14125,26.2117,-80.0856,2026,6.5600000000000005,1.68,0.794022969222585,significant (4-8),False
14126,26.2126,-80.0776,2026,6.5600000000000005,1.68,0.794022969222585,significant (4-8),False
14127,26.2128,-80.0899,2026,6.5600000000000005,1.68,0.794022969222585,significant (4-8),False
14128,26.2155,-80.0808,2026,6.5600000000000005,1.68,0.794022969222585,significant (4-8),False
14131,26.2191,-80.0768,2026,6.5600000000000005,1.68,0.794022969222585,significant (4-8),False
14133,26.2209,-80.0733,2026,6.5600000000000005,1.68,0.794022969222585,significant (4-8),False
14138,26.2223,-80.0771,2026,6.5600000000000005,1.68,0.794022969222585,significant (4-8),False
14139,26.2234,-80.0815,2026,6.5600000000000005,1.68,0.794022969222585,significant (4-8),False
14141,26.2252,-80.0812,2026,6.5600000000000005,1.68,0.794022969222585,significant (4-8),False
14144,26.2318,-80.0822,2026,6.5600000000000005,1.68,0.794022969222585,significant (4-8),False
14146,26.2333,-80.0754,2026,6.5600000000000005,1.68,0.794022969222585,significant (4-8),False
14147,26.2415,-80.0664,2026,6.5600000000000005,1.68,0.794022969222585,significant (4-8),False
14154,26.2504,-80.0653,2026,6.37,1.67,0.7862874522669342,significant (4-8),False
14158,26.2531,-80.0722,2026,6.37,1.67,0.7862874522669342,significant (4-8),False
14161,26.2606,-80.0764,2026,6.37,1.67,0.7862874522669342,significant (4-8),False
14164,26.263,-80.0768,2026,6.37,1.67,0.7862874522669342,significant (4-8),False
14168,26.2904,-80.0746,2026,6.37,1.67,0.7862874522669342,significant (4-8),False
14169,26.2939,-80.0687,2026,6.37,1.67,0.7862874522669342,significant (4-8),False
14172,26.3011,-80.0609,2026,6.5600000000000005,1.65,0.794022969222585,significant (4-8),False
14173,26.3019,-80.0682,2026,6.5600000000000005,1.65,0.794022969222585,significant (4-8),False
14174,26.3028,-80.0678,2026,6.5600000000000005,1.65,0.794022969222585,significant (4-8),False
14175,26.303,-80.0746,2026,6.5600000000000005,1.65,0.794022969222585,significant (4-8),False
14179,26.3079,-80.0655,2026,6.5600000000000005,1.65,0.794022969222585,significant (4-8),False
14186,26.3183,-80.0655,2026,6.5600000000000005,1.65,0.794022969222585,significant (4-8),False
14193,26.3516,-80.0552,2026,6.5600000000000005,1.65,0.794022969222585,significant (4-8),False
14197,26.363,-80.0616,2026,6.5600000000000005,1.65,0.794022969222585,significant (4-8),False
14201,26.389,-80.0538,2026,6.5600000000000005,1.65,0.794022969222585,significant (4-8),False
14203,26.4228,-80.0498,2026,6.65,1.67,0.7975482455251541,significant (4-8),False
14209,26.4538,-80.0461,2026,6.53,1.69,0.7928283890727075,significant (4-8),False
14219,26.523,-80.0341,2026,6.2,1.68,0.7790112303917646,significant (4-8),False
14223,26.5516,-80.0304,2026,5.73,1.67,0.7569762740871759,significant (4-8),False
14224,26.5594,-80.0283,2026,5.73,1.67,0.7569762740871759,significant (4-8),False
14225,26.5688,-80.028,2026,5.73,1.67,0.7569762740871759,significant (4-8),False
14227,26.5706,-80.027,2026,5.73,1.67,0.7569762740871759,significant (4-8),False
14233,26.6419,-80.0208,2026,5.4,1.68,0.7396235707748219,significant (4-8),False
14235,26.6508,-80.0206,2026,5.2,1.68,0.7282608030715604,significant (4-8),False
14240,26.6675,-80.0316,2026,5.2,1.68,0.7282608030715604,significant (4-8),False
14241,26.6746,-80.0186,2026,5.2,1.68,0.7282608030715604,significant (4-8),False
14242,26.6789,-80.0181,2026,5.2,1.68,0.7282608030715604,significant (4-8),False
14252,26.6894,-80.0195,2026,5.2,1.68,0.7282608030715604,significant (4-8),False
14256,26.6986,-80.0304,2026,5.2,1.68,0.7282608030715604,significant (4-8),False
14257,26.6988,-80.0308,2026,5.2,1.68,0.7282608030715604,significant (4-8),False
14258,26.6988,-80.0176,2026,5.2,1.68,0.7282608030715604,significant (4-8),False
14259,26.701,-80.0171,2026,5.0200000000000005,1.68,0.7174426506420021,significant (4-8),False
14263,26.7056,-80.0165,2026,5.0200000000000005,1.68,0.7174426506420021,significant (4-8),False
14269,26.7103,-80.0299,2026,5.0200000000000005,1.68,0.7174426506420021,significant (4-8),False
14272,26.7134,-80.029,2026,5.0200000000000005,1.68,0.7174426506420021,significant (4-8),False
14274,26.7162,-80.0292,2026,5.0200000000000005,1.68,0.7174426506420021,significant (4-8),False
14275,26.7164,-80.0188,2026,5.0200000000000005,1.68,0.7174426506420021,significant (4-8),False
14277,26.72,-80.0311,2026,5.0200000000000005,1.68,0.7174426506420021,significant (4-8),False
14284,26.727,-80.0321,2026,5.0200000000000005,1.68,0.7174426506420021,significant (4-8),False
14286,26.7363,-80.0188,2026,5.0200000000000005,1.68,0.7174426506420021,significant (4-8),False
14293,27.1057,-80.1206,2026,3.43,1.76,0.5913724192174485,watch (0-4),False
14294,27.1058,-80.1282,2026,3.43,1.76,0.5913724192174485,watch (0-4),False
14298,27.1082,-80.1233,2026,3.43,1.76,0.5913724192174485,watch (0-4),False
14301,27.1118,-80.1231,2026,3.43,1.76,0.5913724192174485,watch (0-4),False
14308,27.1148,-80.1359,2026,3.43,1.76,0.5913724192174485,watch (0-4),False
14309,27.1157,-80.1288,2026,3.43,1.76,0.5913724192174485,watch (0-4),False
14313,27.1239,-80.1368,2026,3.43,1.76,0.5913724192174485,watch (0-4),False
14314,27.1263,-80.1366,2026,3.43,1.76,0.5913724192174485,watch (0-4),False
14316,27.1317,-80.134,2026,3.43,1.76,0.5913724192174485,watch (0-4),False
14319,27.1326,-80.1324,2026,3.43,1.76,0.5913724192174485,watch (0-4),False
14321,27.1419,-80.1357,2026,3.43,1.76,0.5913724192174485,watch (0-4),False
14322,27.1426,-80.1369,2026,3.43,1.76,0.5913724192174485,watch (0-4),False
14323,27.1518,-80.1422,2026,3.65,1.85,0.612654650950415,watch (0-4),False
14324,27.1784,-80.1538,2026,3.31,1.91,0.579154507368502,watch (0-4),False
15437,-8.676,115.5302,2026,4.99,1.58,0.7155825490862546,significant (4-8),False
15438,-8.6759,115.4395,2026,2.77,1.73,0.5184735740581171,watch (0-4),False
15439,-8.6759,115.5331,2026,4.99,1.58,0.7155825490862546,significant (4-8),False
15440,-8.6751,115.5145,2026,4.99,1.58,0.7155825490862546,significant (4-8),False
15441,-8.6718,115.5031,2026,4.99,1.58,0.7155825490862546,significant (4-8),False
15442,-8.6646,115.468,2026,4.0,1.65,0.64371141035885,watch (0-4),False
15443,-8.5601,119.6344,2026,1.93,1.32,0.404167479157999,watch (0-4),False
15444,-8.5444,119.6462,2026,2.89,1.34,0.5327940036186687,watch (0-4),False
15445,-8.5326,119.6438,2026,2.89,1.34,0.5327940036186687,watch (0-4),False
15446,-8.3651,116.0844,2026,3.44,1.14,0.5923708128554313,watch (0-4),False
15447,-8.3648,115.7007,2026,4.22,1.27,0.6616014676951243,significant (4-8),False
15448,-8.3598,116.1316,2026,3.14,1.16,0.5610780122863356,watch (0-4),False
15449,-8.3514,116.0883,2026,3.44,1.14,0.5923708128554313,watch (0-4),False
15450,-8.3507,116.0882,2026,3.44,1.14,0.5923708128554313,watch (0-4),False
15451,-8.3505,116.0884,2026,3.44,1.14,0.5923708128554313,watch (0-4),False
15452,-8.3503,115.6841,2026,4.32,1.28,0.669344668939934,significant (4-8),False
15453,-8.349,116.0439,2026,3.94,1.15,0.6386200955575945,watch (0-4),False
15454,-8.3478,116.0503,2026,3.62,1.15,0.6098353984814495,watch (0-4),False
15455,-8.3478,116.085,2026,3.62,1.15,0.6098353984814495,watch (0-4),False
15456,-8.3473,116.0503,2026,3.62,1.15,0.6098353984814495,watch (0-4),False
15457,-8.3445,116.0629,2026,3.62,1.15,0.6098353984814495,watch (0-4),False
15458,-8.3439,116.0504,2026,3.62,1.15,0.6098353984814495,watch (0-4),False
15459,-8.343,116.0252,2026,3.94,1.15,0.6386200955575945,watch (0-4),False
15460,-8.3426,116.0621,2026,3.62,1.15,0.6098353984814495,watch (0-4),False
15461,-8.3403,116.0275,2026,3.94,1.15,0.6386200955575945,watch (0-4),False
15462,-8.3403,116.0286,2026,3.94,1.15,0.6386200955575945,watch (0-4),False
15463,-8.3372,116.0381,2026,3.94,1.15,0.6386200955575945,watch (0-4),False
15476,-18.4461,178.0563,2026,11.57,1.91,0.9073198017632982,severe (8+),False
15477,-18.4397,178.1118,2026,11.66,1.85,0.9084136627663637,severe (8+),False
15478,-18.4212,178.1271,2026,11.66,1.85,0.9084136627663637,severe (8+),False
15479,-18.4135,178.0646,2026,11.57,1.91,0.9073198017632982,severe (8+),False
15480,-18.4069,178.0658,2026,11.57,1.91,0.9073198017632982,severe (8+),False
15481,-18.4063,178.1091,2026,11.66,1.85,0.9084136627663637,severe (8+),False
15482,-18.406,178.1088,2026,11.66,1.85,0.9084136627663637,severe (8+),False
15483,-18.4029,178.0995,2026,11.57,1.91,0.9073198017632982,severe (8+),False
15484,-18.4021,178.1028,2026,11.66,1.85,0.9084136627663637,severe (8+),False
15485,-18.4019,178.0652,2026,11.57,1.91,0.9073198017632982,severe (8+),False
15488,-17.9912,179.2103,2026,12.81,1.83,0.9208383186749393,severe (8+),False
15489,-17.291,178.4519,2026,7.74,1.61,0.8341334014700695,significant (4-8),False
15490,-17.1364,178.5204,2026,7.81,1.63,0.8361466357639118,significant (4-8),False
15491,-16.7948,179.8876,2026,5.33,1.36,0.7357225726070097,significant (4-8),False
15492,-16.7659,179.9498,2026,4.98,1.37,0.7149588005559085,significant (4-8),False
15493,-16.7659,179.9645,2026,4.45,1.38,0.679064580455194,significant (4-8),False
15494,-13.3902,48.1885,2026,5.83,1.42,0.7619153651171047,significant (4-8),False
15495,-13.3733,48.1804,2026,5.83,1.42,0.7619153651171047,significant (4-8),False
15496,-13.3221,48.162,2026,4.58,1.41,0.688407945646671,significant (4-8),False
15497,-13.3209,48.153,2026,4.58,1.41,0.688407945646671,significant (4-8),False
15498,-13.3203,48.0309,2026,2.69,1.66,0.5086521327462652,watch (0-4),False
15499,-13.3065,48.1162,2026,4.26,1.43,0.6647271068578955,significant (4-8),False
15500,-8.7948,115.5275,2026,2.86,1.75,0.529259849963527,watch (0-4),False
15501,-8.7495,115.8945,2026,2.68,1.37,0.5074088737282595,watch (0-4),False
15502,-8.7466,115.8924,2026,2.68,1.37,0.5074088737282595,watch (0-4),False
15503,-8.726,115.9101,2026,2.65,1.37,0.503658232026392,watch (0-4),False
15504,-8.7116,115.9269,2026,2.65,1.37,0.503658232026392,watch (0-4),False
15505,-8.7061,115.5861,2026,5.47,1.6,0.743445237455834,significant (4-8),False
15506,-8.6856,115.58,2026,5.08,1.53,0.7211132677741859,significant (4-8),False
15507,-8.6849,115.4656,2026,4.0,1.65,0.64371141035885,watch (0-4),False
15508,-8.6847,115.4644,2026,4.0,1.65,0.64371141035885,watch (0-4),False
15509,-8.6767,115.5283,2026,4.99,1.58,0.7155825490862546,significant (4-8),False
15510,-8.6764,115.53,2026,4.99,1.58,0.7155825490862546,significant (4-8),False
15511,-8.6763,115.524,2026,4.99,1.58,0.7155825490862546,significant (4-8),False
15512,-8.6763,115.4398,2026,2.77,1.73,0.5184735740581171,watch (0-4),False
15513,-8.6762,115.5178,2026,4.99,1.58,0.7155825490862546,significant (4-8),False
15514,-8.6762,115.4398,2026,2.77,1.73,0.5184735740581171,watch (0-4),False
15515,-8.6761,115.4398,2026,2.77,1.73,0.5184735740581171,watch (0-4),False
15516,-8.676,115.4396,2026,2.77,1.73,0.5184735740581171,watch (0-4),False
15517,-8.3372,116.0397,2026,3.94,1.15,0.6386200955575945,watch (0-4),False
15518,-8.3356,115.6583,2026,4.47,1.24,0.6805261321951553,significant (4-8),False
15519,-8.1522,115.4246,2026,1.35,1.14,0.31163760101561505,watch (0-4),False
15520,-8.129,115.3656,2026,0.9,1.14,0.23467350305742865,watch (0-4),False
15521,-8.125,115.3534,2026,0.9,1.14,0.23467350305742865,watch (0-4),False
15522,-4.6022,130.0494,2026,1.0,1.27,0.2519790836022697,watch (0-4),False
15523,-4.5922,130.0292,2026,0.95,1.27,0.24333282757185437,watch (0-4),False
15524,-4.5792,129.4553,2026,1.6,1.38,0.3527069476538641,watch (0-4),False
15525,-4.5633,129.87,2026,0.67,1.29,0.19487730810121812,watch (0-4),False
15526,-4.5542,129.8606,2026,0.67,1.29,0.19487730810121812,watch (0-4),False
15527,-4.5498,129.9559,2026,0.63,1.28,0.18799915224796468,watch (0-4),False
15528,-4.5442,129.9552,2026,0.63,1.28,0.18799915224796468,watch (0-4),False
15529,-4.5367,129.9538,2026,0.63,1.28,0.18799915224796468,watch (0-4),False
15530,-4.5281,129.9083,2026,0.64,1.29,0.18971660303158563,watch (0-4),False
15531,-4.528,129.7648,2026,0.53,1.36,0.17092048102928722,watch (0-4),False
15532,-4.5277,129.9508,2026,0.63,1.28,0.18799915224796468,watch (0-4),False
15533,-4.5256,129.9498,2026,0.64,1.29,0.18971660303158563,watch (0-4),False
15534,-4.5215,129.9453,2026,0.64,1.29,0.18971660303158563,watch (0-4),False
15535,-4.5175,129.9461,2026,0.64,1.29,0.18971660303158563,watch (0-4),False
15536,-4.5138,129.9447,2026,0.64,1.29,0.18971660303158563,watch (0-4),False
15537,-4.5021,129.8943,2026,0.65,1.31,0.19143549464699805,watch (0-4),False
15538,-4.4589,130.0292,2026,0.78,1.28,0.2138797899499291,watch (0-4),False
15539,-4.3933,129.3458,2026,1.35,1.32,0.31163760101561505,watch (0-4),False
15540,-4.3233,129.71,2026,0.68,1.35,0.1966000854756383,watch (0-4),False
15541,-0.5648,130.5193,2026,6.0200000000000005,1.3,0.7709185507780698,significant (4-8),False
15542,-0.5636,130.5188,2026,6.0200000000000005,1.3,0.7709185507780698,significant (4-8),False
15543,-0.5496,130.5248,2026,5.95,1.35,0.7676582379033547,significant (4-8),False
15544,-0.548,130.5223,2026,5.95,1.35,0.7676582379033547,significant (4-8),False
15545,2.4418,104.5095,2026,2.12,1.24,0.432180677940266,watch (0-4),False
15546,2.4728,104.508,2026,2.77,1.25,0.5184735740581171,watch (0-4),False
15547,2.5163,103.9763,2026,4.59,1.34,0.6891115223152664,significant (4-8),False
15548,2.5176,103.9755,2026,4.59,1.34,0.6891115223152664,significant (4-8),False
15549,2.5194,103.9739,2026,4.59,1.34,0.6891115223152664,significant (4-8),False
15550,2.5196,103.9743,2026,4.59,1.34,0.6891115223152664,significant (4-8),False
15551,2.5232,103.9729,2026,4.59,1.34,0.6891115223152664,significant (4-8),False
15552,2.5244,103.9735,2026,4.59,1.34,0.6891115223152664,significant (4-8),False
15553,2.7261,104.2169,2026,3.64,1.42,0.611717753227933,watch (0-4),False
15554,2.7586,104.2224,2026,3.69,1.48,0.6163738940351577,watch (0-4),False
15555,2.8127,104.2084,2026,3.61,1.5,0.6088899257772057,watch (0-4),False
15556,2.8322,104.1961,2026,3.72,1.48,0.6191337813164269,watch (0-4),False
15557,2.8481,104.1923,2026,3.72,1.48,0.6191337813164269,watch (0-4),False
15558,2.8594,104.189,2026,3.9,1.49,0.6351737008516766,watch (0-4),False
15559,2.8934,73.4032,2026,2.14,2.13,0.43505724101504684,watch (0-4),False
15560,3.3715,73.4404,2026,2.04,2.14,0.42053597570582435,watch (0-4),False
15561,3.4383,73.6004,2026,2.14,2.11,0.43505724101504684,watch (0-4),False
15562,3.447,73.5961,2026,2.21,2.11,0.4450153291441702,watch (0-4),False
15563,3.4659,73.6517,2026,2.33,2.08,0.46168605117801925,watch (0-4),False
15564,3.5133,72.9169,2026,2.21,2.13,0.4450153291441702,watch (0-4),False
15565,3.5278,72.9264,2026,2.21,2.13,0.4450153291441702,watch (0-4),False
15566,3.6048,73.5055,2026,2.43,2.08,0.4751901375783886,watch (0-4),False
15567,3.6079,72.9477,2026,2.18,2.09,0.44076855544317617,watch (0-4),False
15568,3.6196,73.3724,2026,1.84,2.1,0.39047452150922446,watch (0-4),False
15569,3.6329,73.387,2026,1.84,2.1,0.39047452150922446,watch (0-4),False
15570,3.6614,73.408,2026,2.08,2.09,0.42638592885273235,watch (0-4),False
15571,3.6631,73.4203,2026,2.08,2.09,0.42638592885273235,watch (0-4),False
15572,3.6654,72.8991,2026,1.87,2.02,0.3950683895667284,watch (0-4),False
15573,3.6776,73.4687,2026,2.28,2.1,0.454801568493119,watch (0-4),False
15574,3.6832,73.4153,2026,2.08,2.09,0.42638592885273235,watch (0-4),False
15575,3.7365,72.9818,2026,1.79,2.07,0.38275350473440595,watch (0-4),False
15576,3.8367,73.3678,2026,2.11,2.1,0.43073718588305426,watch (0-4),False
15577,3.843,72.7364,2026,1.3,1.87,0.3032442943436793,watch (0-4),False
15578,3.8765,72.7049,2026,1.3,1.84,0.3032442943436793,watch (0-4),False
15579,3.8856,73.4686,2026,2.17,2.06,0.4393459638902895,watch (0-4),False
15580,3.8886,73.469,2026,2.17,2.06,0.4393459638902895,watch (0-4),False
15581,3.9001,73.4762,2026,2.13,2.04,0.4336206979260517,watch (0-4),False
15582,3.9025,73.4418,2026,1.94,2.03,0.40567237895625313,watch (0-4),False
15583,3.9037,73.4574,2026,2.13,2.04,0.4336206979260517,watch (0-4),False
15584,3.9039,73.4448,2026,1.94,2.03,0.40567237895625313,watch (0-4),False
15585,3.9154,72.9404,2026,1.55,1.9,0.3446238855206031,watch (0-4),False
15586,3.917,72.9333,2026,1.55,1.9,0.3446238855206031,watch (0-4),False
15587,3.9254,72.958,2026,1.75,1.95,0.3765195214392356,watch (0-4),False
15588,3.9262,72.9605,2026,1.75,1.95,0.3765195214392356,watch (0-4),False
15589,3.9337,72.9484,2026,1.55,1.9,0.3446238855206031,watch (0-4),False
15590,4.0572,72.954,2026,1.71,1.88,0.37023571760812973,watch (0-4),False
15591,4.0591,72.9422,2026,1.53,1.83,0.3413713262171105,watch (0-4),False
15592,4.1226,73.4231,2026,1.26,1.9,0.2964927362475229,watch (0-4),False
15593,4.1286,73.4564,2026,1.42,1.9,0.3232948737944189,watch (0-4),False
15594,4.2016,118.6899,2026,4.5,1.62,0.6827018772238354,significant (4-8),False
15595,4.2181,118.6719,2026,4.5,1.62,0.6827018772238354,significant (4-8),False
15596,4.231,118.6349,2026,4.74,1.6,0.6994137034573251,significant (4-8),False
15597,4.233,73.6517,2026,2.28,2.05,0.454801568493119,watch (0-4),False
15598,4.2339,73.5324,2026,1.72,1.94,0.3718112854313913,watch (0-4),False
15599,4.2348,118.6297,2026,4.74,1.6,0.6994137034573251,significant (4-8),False
15600,4.2422,118.6252,2026,4.74,1.6,0.6994137034573251,significant (4-8),False
15601,4.2487,118.6255,2026,4.74,1.6,0.6994137034573251,significant (4-8),False
15602,4.2497,118.6301,2026,4.74,1.6,0.6994137034573251,significant (4-8),False
15603,4.2656,73.0016,2026,1.83,1.9,0.38893674189156274,watch (0-4),False
15604,4.4886,118.8603,2026,3.13,1.56,0.559986010672205,watch (0-4),False
15605,4.5905,118.8639,2026,3.44,1.52,0.5923708128554313,watch (0-4),False
15606,4.5941,118.8612,2026,3.44,1.52,0.5923708128554313,watch (0-4),False
15607,4.5955,118.8697,2026,3.44,1.52,0.5923708128554313,watch (0-4),False
15608,4.5962,118.8693,2026,3.44,1.52,0.5923708128554313,watch (0-4),False
15609,4.6038,118.8653,2026,3.7,1.49,0.6172966571601853,watch (0-4),False
15610,5.1912,115.1418,2026,8.58,1.75,0.8561189604822825,severe (8+),False
15611,5.7042,73.4129,2026,2.52,1.39,0.48704189298789713,watch (0-4),False
15612,5.7146,73.4019,2026,2.52,1.39,0.48704189298789713,watch (0-4),False
15613,5.7263,73.4046,2026,2.52,1.39,0.48704189298789713,watch (0-4),False
15614,5.7283,73.4171,2026,2.52,1.39,0.48704189298789713,watch (0-4),False
15615,5.7343,73.416,2026,2.52,1.39,0.48704189298789713,watch (0-4),False
15616,5.7357,73.4112,2026,2.52,1.39,0.48704189298789713,watch (0-4),False
15617,5.7944,102.8922,2026,1.05,1.37,0.2606057773350712,watch (0-4),False
15618,5.7968,102.8996,2026,1.05,1.37,0.2606057773350712,watch (0-4),False
15619,5.8177,103.0104,2026,0.15,1.35,0.10885793516686067,watch (0-4),False
15620,5.8851,102.7673,2026,1.22,1.37,0.2897107756070692,watch (0-4),False
15621,5.8851,102.7648,2026,1.22,1.37,0.2897107756070692,watch (0-4),False
15622,5.8861,102.7653,2026,1.22,1.37,0.2897107756070692,watch (0-4),False
15623,6.5654,99.3472,2026,4.58,1.6,0.688407945646671,significant (4-8),False
15624,6.7076,116.3721,2026,1.76,1.88,0.3780827255330034,watch (0-4),False
15625,6.8123,117.3597,2026,11.79,1.85,0.9099598185507551,severe (8+),False
15626,6.8204,117.4734,2026,12.22,1.81,0.9148041932203328,severe (8+),False
15627,6.8234,116.8739,2026,3.96,1.62,0.640327574852215,watch (0-4),False
15628,6.8556,116.8606,2026,3.96,1.62,0.640327574852215,watch (0-4),False
15629,6.887,117.3798,2026,11.15,1.8,0.9019469018362185,severe (8+),False
15630,6.9186,116.8485,2026,2.99,1.66,0.5443558071405145,watch (0-4),False
15631,6.9318,117.3497,2026,10.31,1.76,0.889704310268728,severe (8+),False
15632,6.9409,117.0186,2026,5.8,1.71,0.7604485284416503,significant (4-8),False
15633,6.9549,117.2784,2026,8.65,1.71,0.8577550006759138,severe (8+),False
15634,6.9558,117.01,2026,5.9,1.69,0.7652893023515869,significant (4-8),False
15635,6.9841,117.4986,2026,9.95,1.71,0.8837498348590833,severe (8+),False
15636,7.0338,117.0735,2026,6.16,1.69,0.7772482110090787,significant (4-8),False
15637,7.0346,117.0031,2026,5.71,1.68,0.7559712619987017,significant (4-8),False
15638,7.0439,117.4652,2026,9.54,1.68,0.8763680763224966,severe (8+),False
15639,7.052,117.3637,2026,8.1,1.66,0.8441187382791597,severe (8+),False
15640,7.0813,117.2479,2026,7.18,1.68,0.8166523522597058,significant (4-8),False
15641,7.0815,117.0542,2026,5.7700000000000005,1.69,0.7589689867313901,significant (4-8),False
15642,7.086,117.0609,2026,5.7700000000000005,1.69,0.7589689867313901,significant (4-8),False
15643,7.0873,117.4705,2026,9.11,1.66,0.8678552261940651,severe (8+),False
15644,7.0992,117.087,2026,5.7700000000000005,1.69,0.7589689867313901,significant (4-8),False
15645,7.1162,117.3795,2026,7.92,1.67,0.8392390807086091,significant (4-8),False
15646,7.1192,117.5092,2026,9.1,1.66,0.8676470544067207,severe (8+),False
15647,7.1894,117.2883,2026,6.86,1.69,0.8054451699028162,significant (4-8),False
15648,7.1898,117.3702,2026,7.65,1.68,0.8314916540147294,significant (4-8),False
15649,7.2088,117.4692,2026,7.78,1.66,0.8352882014389026,significant (4-8),False
15650,7.2351,117.3764,2026,7.16,1.71,0.8159795171986413,significant (4-8),False
15651,7.293,117.3683,2026,6.43,1.73,0.7887743185488624,significant (4-8),False
15652,7.3493,117.3517,2026,6.0600000000000005,1.75,0.7727526820624641,significant (4-8),False
15653,7.353,117.1368,2026,3.96,1.67,0.640327574852215,watch (0-4),False
15654,7.3563,117.0547,2026,3.33,1.65,0.5812215099217782,watch (0-4),False
15655,7.3574,116.9715,2026,3.13,1.65,0.559986010672205,watch (0-4),False
15656,7.391,117.3585,2026,5.6000000000000005,1.71,0.7503385214382046,significant (4-8),False
15657,10.0664,99.8415,2026,0.14,1.44,0.10731461800394804,watch (0-4),False
15658,10.2556,166.2594,2026,5.73,1.97,0.7569762740871759,significant (4-8),False
15659,10.2675,166.2878,2026,5.73,1.97,0.7569762740871759,significant (4-8),False
15660,10.4262,119.1279,2026,2.25,1.78,0.450628571875355,watch (0-4),False
15661,10.4422,119.1648,2026,2.29,1.79,0.45618552051589417,watch (0-4),False
15662,10.4437,119.1563,2026,2.29,1.79,0.45618552051589417,watch (0-4),False
15663,10.4505,119.1629,2026,2.14,1.78,0.43505724101504684,watch (0-4),False
15664,10.4606,119.1556,2026,2.14,1.78,0.43505724101504684,watch (0-4),False
15665,10.4638,119.0771,2026,2.25,1.76,0.450628571875355,watch (0-4),False
15666,10.484,119.0797,2026,2.25,1.76,0.450628571875355,watch (0-4),False
15667,10.4903,119.1511,2026,2.14,1.78,0.43505724101504684,watch (0-4),False
15668,10.4933,119.1336,2026,2.27,1.77,0.4534140917879828,watch (0-4),False
15669,10.5725,119.1648,2026,2.1,1.73,0.429290226799763,watch (0-4),False
15670,10.5753,119.1761,2026,2.1,1.73,0.429290226799763,watch (0-4),False
15671,10.5757,119.1752,2026,2.1,1.73,0.429290226799763,watch (0-4),False
15672,10.6238,119.1629,2026,1.77,1.72,0.37964280047250515,watch (0-4),False
15673,10.7342,119.2782,2026,1.79,1.74,0.38275350473440595,watch (0-4),False
15674,11.2489,-60.5504,2026,2.7,1.2,0.5098919204904181,watch (0-4),False
15675,11.2554,-60.5373,2026,2.84,1.22,0.5268867869317616,watch (0-4),False
15676,11.2911,-74.1937,2026,3.75,1.7,0.6218685804572402,watch (0-4),False
15677,11.2943,-60.6714,2026,1.11,1.14,0.270923399467025,watch (0-4),False
15678,11.2979,-60.5089,2026,2.84,1.22,0.5268867869317616,watch (0-4),False
15679,11.3003,-60.5211,2026,2.95,1.21,0.5397712590801851,watch (0-4),False
15680,11.301,-60.5077,2026,2.95,1.21,0.5397712590801851,watch (0-4),False
15681,11.3136,-74.1943,2026,3.94,1.81,0.6386200955575945,watch (0-4),False
15682,11.3257,-60.5946,2026,1.82,1.18,0.3873957375464043,watch (0-4),False
15683,11.3384,-60.55,2026,2.95,1.21,0.5397712590801851,watch (0-4),False
15684,11.3401,-60.5476,2026,2.95,1.21,0.5397712590801851,watch (0-4),False
15685,11.3476,124.1054,2026,3.28,1.94,0.5760307125520729,watch (0-4),False
15686,11.3515,124.1092,2026,3.12,2.04,0.5588907787563636,watch (0-4),False
15687,11.3542,-60.5276,2026,2.96,1.23,0.5409223974116294,watch (0-4),False
15688,12.4506,-61.4944,2026,1.91,1.26,0.4011476832473173,watch (0-4),False
15689,12.4858,-81.7024,2026,4.82,1.41,0.7047204532365611,significant (4-8),False
15690,12.5052,-81.8148,2026,4.72,1.37,0.6980669031721174,significant (4-8),False
15691,12.5217,-81.7298,2026,4.83,1.39,0.7053748565211686,significant (4-8),False
15692,12.5372,-81.7359,2026,4.83,1.39,0.7053748565211686,significant (4-8),False
15693,12.5929,-81.7408,2026,4.5200000000000005,1.37,0.6841414027324646,significant (4-8),False
15694,13.3128,-81.3743,2026,5.46,1.46,0.7429040704542968,significant (4-8),False
15695,13.3152,-81.3743,2026,5.46,1.46,0.7429040704542968,significant (4-8),False
15696,13.3186,-81.4019,2026,5.3500000000000005,1.46,0.7368453497917121,significant (4-8),False
15697,13.3524,-81.4074,2026,5.59,1.47,0.7498174861061492,significant (4-8),False
15698,13.9711,120.6128,2026,3.49,1.78,0.5973178503836337,watch (0-4),False
15699,13.9719,120.6116,2026,3.49,1.78,0.5973178503836337,watch (0-4),False
15700,13.9752,120.6156,2026,3.49,1.78,0.5973178503836337,watch (0-4),False
15701,13.9768,120.6077,2026,3.49,1.78,0.5973178503836337,watch (0-4),False
15702,13.9771,120.6165,2026,3.49,1.78,0.5973178503836337,watch (0-4),False
15703,13.9926,120.6187,2026,3.49,1.78,0.5973178503836337,watch (0-4),False
15704,13.9945,120.6194,2026,3.49,1.78,0.5973178503836337,watch (0-4),False
15705,14.0049,120.6161,2026,3.43,1.8,0.5913724192174485,watch (0-4),False
15706,14.0171,120.6156,2026,3.43,1.8,0.5913724192174485,watch (0-4),False
15707,14.457,-60.9219,2026,2.2,1.12,0.443603241531405,watch (0-4),False
15708,15.2068,-61.3492,2026,3.03,1.19,0.5488872326586361,watch (0-4),False
15709,15.2349,-61.3666,2026,3.19,1.16,0.5664898040820645,watch (0-4),False
15710,15.2367,-61.3699,2026,3.19,1.16,0.5664898040820645,watch (0-4),False
15711,15.4392,-61.4458,2026,3.02,1.18,0.547759335144269,watch (0-4),False
15713,17.2125,-62.6548,2026,3.03,1.19,0.5488872326586361,watch (0-4),False
15714,17.8935,-62.8551,2026,3.7,1.38,0.6172966571601853,watch (0-4),False
15715,17.9001,-62.8636,2026,3.97,1.37,0.6411774123916545,watch (0-4),False
15716,18.1004,-73.9431,2026,5.78,1.55,0.7594635870429486,significant (4-8),False
15717,18.4424,-69.6038,2026,4.75,1.53,0.7000840631423331,significant (4-8),False
15719,18.4929,-66.3952,2026,2.88,1.36,0.5316193374703364,watch (0-4),False
15724,19.7048,-156.0502,2026,0.3,1.26,0.13265032878169147,watch (0-4),False
15726,22.0854,121.5657,2026,0.15,2.0,0.10885793516686067,watch (0-4),False
15727,22.6569,121.4738,2026,0.46,2.29,0.15909714833704156,watch (0-4),False
15728,23.2522,119.6657,2026,1.53,2.34,0.3413713262171105,watch (0-4),False
15729,23.2668,119.5087,2026,0.7000000000000001,1.87,0.20004902536539151,watch (0-4),False
15730,23.5117,119.5989,2026,1.51,1.71,0.3381079902336333,watch (0-4),False
15731,24.5985,54.4195,2026,4.25,2.67,0.6639492682061813,significant (4-8),False
15732,25.1349,121.8267,2026,0.0,2.16,0.08638076180651055,none,False
15733,25.1753,34.844,2026,14.53,2.52,0.9351697142095882,severe (8+),False
15734,25.3341,34.7448,2026,14.48,2.57,0.9348104157073511,severe (8+),False
15735,27.922,34.3698,2026,5.62,2.27,0.7513760619548356,significant (4-8),False
15736,28.477,34.5115,2026,7.81,1.91,0.8361466357639118,significant (4-8),False
999410,22.3717,-73.1704,2026,6.7700000000000005,1.59,0.8021158112726097,significant (4-8),False
999412,22.4362,-73.0034,2026,6.7700000000000005,1.55,0.8021158112726097,significant (4-8),False
999413,22.4768,-73.138,2026,7.05,1.56,0.8122144932011547,significant (4-8),False
999414,22.5829,-73.6324,2026,6.96,1.48,0.8090509217297795,significant (4-8),False
999415,22.5846,-73.4687,2026,7.01,1.47,0.8108178480158198,significant (4-8),False
999416,22.6113,-73.564,2026,6.92,1.48,0.8076202399340026,significant (4-8),False
999417,22.6176,-73.6142,2026,7.26,1.49,0.8193084702214052,significant (4-8),False
999418,22.6201,-73.5386,2026,7.07,1.47,0.8129072519706423,significant (4-8),False
999419,22.6237,-73.6308,2026,7.26,1.49,0.8193084702214052,significant (4-8),False
999420,22.6237,-73.6245,2026,7.26,1.49,0.8193084702214052,significant (4-8),False
999421,22.7054,-73.8174,2026,7.75,1.52,0.8344232035944901,significant (4-8),False
999422,22.7537,-74.0558,2026,6.82,1.51,0.8039754547297568,significant (4-8),False
999423,23.0586,-73.758,2026,7.03,1.52,0.8115180334200851,significant (4-8),False
999424,23.0713,-73.7848,2026,7.03,1.52,0.8115180334200851,significant (4-8),False
999425,23.0778,-73.6496,2026,7.09,1.51,0.8135963341579187,significant (4-8),False
999426,23.0894,-73.8224,2026,6.98,1.51,0.8097605300759102,significant (4-8),False
999427,23.0998,-73.6707,2026,7.17,1.51,0.8163163793681427,significant (4-8),False
999428,23.1068,-73.7726,2026,7.2,1.53,0.817321641901651,significant (4-8),False
999483,26.5939,-78.4033,2026,11.09,2.13,0.9011414364467472,severe (8+),False
999485,26.5947,-78.3833,2026,11.38,2.16,0.904945268005918,severe (8+),False
999487,26.5961,-78.3708,2026,11.38,2.16,0.904945268005918,severe (8+),False
999488,26.5967,-78.3856,2026,11.38,2.16,0.904945268005918,severe (8+),False
999490,26.5986,-78.3764,2026,11.38,2.16,0.904945268005918,severe (8+),False
999506,25.3157,-78.0767,2026,8.32,2.12,0.8497940360759929,severe (8+),False
999514,25.2404,-78.0322,2026,7.17,1.93,0.8163163793681427,significant (4-8),False
999530,25.357,-78.1059,2026,9.39,2.38,0.873493071801983,severe (8+),False
999531,17.8051,-77.0046,2026,4.18,2.03,0.6584374541120547,significant (4-8),False
999532,17.7987,-77.004,2026,4.19,1.97,0.6592320816375852,significant (4-8),False
999533,17.799,-77.0198,2026,4.19,1.97,0.6592320816375852,significant (4-8),False
999535,25.3409,-78.0933,2026,8.32,2.12,0.8497940360759929,severe (8+),False
999546,25.2224,-78.0327,2026,7.17,1.93,0.8163163793681427,significant (4-8),False
999721,25.2641,-78.0529,2026,7.74,2.13,0.8341334014700695,significant (4-8),False
999736,12.0264,-61.7644,2026,2.36,1.16,0.46577437591017495,watch (0-4),False
999766,25.3138,-78.0829,2026,8.32,2.12,0.8497940360759929,severe (8+),False
999767,12.0222,-61.7897,2026,2.36,1.16,0.46577437591017495,watch (0-4),False
999797,12.0338,-61.778,2026,2.36,1.16,0.46577437591017495,watch (0-4),False
999820,12.0396,-61.7729,2026,2.36,1.16,0.46577437591017495,watch (0-4),False
999824,25.2498,-78.0425,2026,7.17,1.93,0.8163163793681427,significant (4-8),False
999845,12.0403,-61.769,2026,2.36,1.16,0.46577437591017495,watch (0-4),False
999868,25.393,-78.1294,2026,9.39,2.38,0.873493071801983,severe (8+),False
999875,17.7965,-77.0695,2026,4.2,2.09,0.6600242880114933,significant (4-8),False
999876,17.8016,-77.0748,2026,4.19,2.15,0.6592320816375852,significant (4-8),False
999877,17.7947,-77.0772,2026,4.2,2.09,0.6600242880114933,significant (4-8),False
999878,17.7994,-77.0432,2026,4.19,1.97,0.6592320816375852,significant (4-8),False
999904,12.0282,-61.7831,2026,2.36,1.16,0.46577437591017495,watch (0-4),False
999906,12.0456,-61.7649,2026,2.36,1.16,0.46577437591017495,watch (0-4),False
999958,25.3075,-78.0787,2026,8.32,2.12,0.8497940360759929,severe (8+),False
999966,25.23,-78.0366,2026,7.17,1.93,0.8163163793681427,significant (4-8),False
999975,17.8281,-76.9846,2026,4.11,1.91,0.6528066282993061,significant (4-8),False
999977,25.2406,-78.0422,2026,7.17,1.93,0.8163163793681427,significant (4-8),False
1000001,12.0414,-61.7709,2026,2.36,1.16,0.46577437591017495,watch (0-4),False
1000028,17.8323,-76.9222,2026,4.0600000000000005,1.82,0.6487102918017007,significant (4-8),False
1000052,-8.6781,115.4319,2026,2.77,1.73,0.5184735740581171,watch (0-4),False
1000053,-8.6633,115.4669,2026,4.0,1.65,0.64371141035885,watch (0-4),False
1000054,-8.7243,115.597,2026,5.47,1.6,0.743445237455834,significant (4-8),False
1000055,-8.673,115.5475,2026,4.99,1.58,0.7155825490862546,significant (4-8),False
1000056,-8.276,115.5932,2026,2.94,1.21,0.5386167767184239,watch (0-4),False
1000057,-8.3622,116.0882,2026,3.44,1.14,0.5923708128554313,watch (0-4),False
1000058,-8.3437,116.0506,2026,3.62,1.15,0.6098353984814495,watch (0-4),False
1000059,-8.3625,116.0314,2026,3.94,1.17,0.6386200955575945,watch (0-4),False
1000060,-8.3571,116.124,2026,3.14,1.16,0.5610780122863356,watch (0-4),False
