reef_id,latitude,longitude,base_years_available,mean_peak_dhw,worst_peak_dhw,p_bleach_per_year,share_years_dhw_over_4,share_years_dhw_over_8,p_any_bleach_by_2030,expected_bleach_years,p_any_severe_heat_by_2030,scenario_risk_band,scenario
4,-19.1483,146.8703,5,5.44,8.96,0.6579,0.6,0.2,0.9953,3.2894,0.6723,very high (3+ yrs),"recent-climate (2021-2025 repeats), no extra warming"
6,-19.1227,146.8814,5,5.44,8.96,0.6579,0.6,0.2,0.9953,3.2894,0.6723,very high (3+ yrs),"recent-climate (2021-2025 repeats), no extra warming"
7,-19.1219,146.8808,5,5.44,8.96,0.6579,0.6,0.2,0.9953,3.2894,0.6723,very high (3+ yrs),"recent-climate (2021-2025 repeats), no extra warming"
8,-18.9561,146.9562,5,3.906,6.02,0.5647,0.6,0.0,0.9844,2.8234,0.0,high (2-3 yrs),"recent-climate (2021-2025 repeats), no extra warming"
9,-18.7979,147.5206,5,3.278,5.28,0.5114,0.6,0.0,0.9721,2.5568,0.0,high (2-3 yrs),"recent-climate (2021-2025 repeats), no extra warming"
10,-18.7974,147.52,5,3.278,5.28,0.5114,0.6,0.0,0.9721,2.5568,0.0,high (2-3 yrs),"recent-climate (2021-2025 repeats), no extra warming"
11,-18.796,147.5213,5,3.278,5.28,0.5114,0.6,0.0,0.9721,2.5568,0.0,high (2-3 yrs),"recent-climate (2021-2025 repeats), no extra warming"
12,-18.7949,147.5212,5,3.278,5.28,0.5114,0.6,0.0,0.9721,2.5568,0.0,high (2-3 yrs),"recent-climate (2021-2025 repeats), no extra warming"
14,-18.6872,147.0968,5,3.464,5.42,0.5227,0.6,0.0,0.9752,2.6133,0.0,high (2-3 yrs),"recent-climate (2021-2025 repeats), no extra warming"
31,-20.8998,149.4077,5,2.86,8.36,0.423,0.2,0.2,0.936,2.115,0.6723,high (2-3 yrs),"recent-climate (2021-2025 repeats), no extra warming"
32,-20.8931,149.421,5,2.86,8.36,0.423,0.2,0.2,0.936,2.115,0.6723,high (2-3 yrs),"recent-climate (2021-2025 repeats), no extra warming"
36,-20.7458,149.4721,5,3.512,8.67,0.484,0.4,0.2,0.9634,2.4198,0.6723,high (2-3 yrs),"recent-climate (2021-2025 repeats), no extra warming"
37,-20.7377,149.4649,5,3.512,8.67,0.484,0.4,0.2,0.9634,2.4198,0.6723,high (2-3 yrs),"recent-climate (2021-2025 repeats), no extra warming"
38,-20.2594,148.8146,5,3.568,8.78,0.4854,0.6,0.2,0.9639,2.4269,0.6723,high (2-3 yrs),"recent-climate (2021-2025 repeats), no extra warming"
39,-20.2526,148.8129,5,3.568,8.78,0.4854,0.6,0.2,0.9639,2.4269,0.6723,high (2-3 yrs),"recent-climate (2021-2025 repeats), no extra warming"
40,-20.2504,148.8144,5,3.568,8.78,0.4854,0.6,0.2,0.9639,2.4269,0.6723,high (2-3 yrs),"recent-climate (2021-2025 repeats), no extra warming"
42,-20.0658,148.9481,5,3.126,5.82,0.4814,0.6,0.0,0.9625,2.4072,0.0,high (2-3 yrs),"recent-climate (2021-2025 repeats), no extra warming"
45,-20.039,148.8758,5,3.24,5.53,0.4959,0.6,0.0,0.9674,2.4795,0.0,high (2-3 yrs),"recent-climate (2021-2025 repeats), no extra warming"
48,-19.8178,149.0658,5,3.132,6.29,0.4891,0.6,0.0,0.9652,2.4453,0.0,high (2-3 yrs),"recent-climate (2021-2025 repeats), no extra warming"
49,-19.8131,149.0657,5,3.132,6.29,0.4891,0.6,0.0,0.9652,2.4453,0.0,high (2-3 yrs),"recent-climate (2021-2025 repeats), no extra warming"
50,-19.8076,149.0627,5,3.132,6.29,0.4891,0.6,0.0,0.9652,2.4453,0.0,high (2-3 yrs),"recent-climate (2021-2025 repeats), no extra warming"
52,-19.7458,149.1659,5,2.734,5.75,0.4438,0.4,0.0,0.9468,2.2191,0.0,high (2-3 yrs),"recent-climate (2021-2025 repeats), no extra warming"
53,-19.7456,149.1658,5,2.734,5.75,0.4438,0.4,0.0,0.9468,2.2191,0.0,high (2-3 yrs),"recent-climate (2021-2025 repeats), no extra warming"
54,-19.1983,146.8152,5,6.546,10.38,0.7199,0.6,0.4,0.9983,3.5994,0.9222,very high (3+ yrs),"recent-climate (2021-2025 repeats), no extra warming"
55,-19.1981,146.815,5,6.546,10.38,0.7199,0.6,0.4,0.9983,3.5994,0.9222,very high (3+ yrs),"recent-climate (2021-2025 repeats), no extra warming"
56,-19.1707,146.8485,5,6.546,10.38,0.7199,0.6,0.4,0.9983,3.5994,0.9222,very high (3+ yrs),"recent-climate (2021-2025 repeats), no extra warming"
57,-19.1694,146.8472,5,6.546,10.38,0.7199,0.6,0.4,0.9983,3.5994,0.9222,very high (3+ yrs),"recent-climate (2021-2025 repeats), no extra warming"
59,-19.1692,146.8469,5,6.546,10.38,0.7199,0.6,0.4,0.9983,3.5994,0.9222,very high (3+ yrs),"recent-climate (2021-2025 repeats), no extra warming"
60,-19.1543,146.8661,5,6.132,9.73,0.6965,0.6,0.4,0.9974,3.4823,0.9222,very high (3+ yrs),"recent-climate (2021-2025 repeats), no extra warming"
61,-19.1542,146.8658,5,6.132,9.73,0.6965,0.6,0.4,0.9974,3.4823,0.9222,very high (3+ yrs),"recent-climate (2021-2025 repeats), no extra warming"
82,-16.9322,145.9865,5,3.754,7.82,0.5037,0.4,0.0,0.9699,2.5187,0.0,high (2-3 yrs),"recent-climate (2021-2025 repeats), no extra warming"
87,-16.8725,146.2044,5,3.918,7.17,0.5381,0.6,0.0,0.979,2.6903,0.0,high (2-3 yrs),"recent-climate (2021-2025 repeats), no extra warming"
103,-16.5667,145.9833,5,3.936,6.95,0.5439,0.6,0.0,0.9803,2.7196,0.0,high (2-3 yrs),"recent-climate (2021-2025 repeats), no extra warming"
104,-16.5192,146.0056,5,3.994,7.62,0.5497,0.6,0.0,0.9815,2.7483,0.0,high (2-3 yrs),"recent-climate (2021-2025 repeats), no extra warming"
105,-16.5125,146.0011,5,3.994,7.62,0.5497,0.6,0.0,0.9815,2.7483,0.0,high (2-3 yrs),"recent-climate (2021-2025 repeats), no extra warming"
109,-16.4581,145.9825,5,3.888,7.09,0.5499,0.6,0.0,0.9815,2.7494,0.0,high (2-3 yrs),"recent-climate (2021-2025 repeats), no extra warming"
111,-16.4208,145.9957,5,3.834,7.11,0.5432,0.6,0.0,0.9801,2.7161,0.0,high (2-3 yrs),"recent-climate (2021-2025 repeats), no extra warming"
116,-16.3772,145.558,5,3.856,7.11,0.5353,0.6,0.0,0.9783,2.6764,0.0,high (2-3 yrs),"recent-climate (2021-2025 repeats), no extra warming"
119,-16.25,145.8333,5,3.486,6.37,0.5142,0.6,0.0,0.9729,2.5709,0.0,high (2-3 yrs),"recent-climate (2021-2025 repeats), no extra warming"
122,-16.2419,145.8619,5,3.726,7.1,0.529,0.6,0.0,0.9768,2.6449,0.0,high (2-3 yrs),"recent-climate (2021-2025 repeats), no extra warming"
123,-16.2417,145.864,5,3.726,7.1,0.529,0.6,0.0,0.9768,2.6449,0.0,high (2-3 yrs),"recent-climate (2021-2025 repeats), no extra warming"
126,-16.2309,145.8676,5,3.726,7.1,0.529,0.6,0.0,0.9768,2.6449,0.0,high (2-3 yrs),"recent-climate (2021-2025 repeats), no extra warming"
129,-16.0,145.9667,5,4.426,8.49,0.6113,0.6,0.2,0.9911,3.0567,0.6723,very high (3+ yrs),"recent-climate (2021-2025 repeats), no extra warming"
130,-15.983,145.8224,5,3.212,5.87,0.5028,0.6,0.0,0.9696,2.5139,0.0,high (2-3 yrs),"recent-climate (2021-2025 repeats), no extra warming"
131,-15.9829,145.8224,5,3.212,5.87,0.5028,0.6,0.0,0.9696,2.5139,0.0,high (2-3 yrs),"recent-climate (2021-2025 repeats), no extra warming"
166,-28.1625,153.5311,5,1.418,5.99,0.2582,0.2,0.0,0.7754,1.291,0.0,moderate (1-2 yrs),"recent-climate (2021-2025 repeats), no extra warming"
167,-28.1092,153.4758,5,1.354,5.69,0.2546,0.2,0.0,0.7699,1.273,0.0,moderate (1-2 yrs),"recent-climate (2021-2025 repeats), no extra warming"
170,-27.9397,153.4208,5,1.942,7.12,0.3164,0.2,0.0,0.8507,1.5818,0.0,moderate (1-2 yrs),"recent-climate (2021-2025 repeats), no extra warming"
171,-27.9369,153.4256,5,1.942,7.12,0.3164,0.2,0.0,0.8507,1.5818,0.0,moderate (1-2 yrs),"recent-climate (2021-2025 repeats), no extra warming"
174,-27.5689,153.3519,5,5.162,13.24,0.5729,0.4,0.2,0.9858,2.8643,0.6723,high (2-3 yrs),"recent-climate (2021-2025 repeats), no extra warming"
175,-27.5177,153.3846,5,5.348,13.88,0.5776,0.4,0.2,0.9865,2.8878,0.6723,high (2-3 yrs),"recent-climate (2021-2025 repeats), no extra warming"
176,-27.5166,153.3829,5,5.348,13.88,0.5776,0.4,0.2,0.9865,2.8878,0.6723,high (2-3 yrs),"recent-climate (2021-2025 repeats), no extra warming"
179,-27.5022,153.3707,5,5.348,13.88,0.5776,0.4,0.2,0.9865,2.8878,0.6723,high (2-3 yrs),"recent-climate (2021-2025 repeats), no extra warming"
180,-27.5,153.3752,5,5.302,13.79,0.5745,0.4,0.2,0.9861,2.8725,0.6723,high (2-3 yrs),"recent-climate (2021-2025 repeats), no extra warming"
181,-27.472,153.4099,5,4.852,12.77,0.5468,0.4,0.2,0.9809,2.734,0.6723,high (2-3 yrs),"recent-climate (2021-2025 repeats), no extra warming"
182,-27.4701,153.3491,5,5.852,14.92,0.6044,0.4,0.4,0.9903,3.022,0.9222,very high (3+ yrs),"recent-climate (2021-2025 repeats), no extra warming"
186,-27.4246,153.2278,5,6.134,15.95,0.6073,0.4,0.4,0.9907,3.0367,0.9222,very high (3+ yrs),"recent-climate (2021-2025 repeats), no extra warming"
188,-27.4191,153.2416,5,6.134,15.95,0.6073,0.4,0.4,0.9907,3.0367,0.9222,very high (3+ yrs),"recent-climate (2021-2025 repeats), no extra warming"
192,-27.4182,153.235,5,6.134,15.95,0.6073,0.4,0.4,0.9907,3.0367,0.9222,very high (3+ yrs),"recent-climate (2021-2025 repeats), no extra warming"
194,-27.4143,153.5261,5,4.21,11.46,0.5039,0.4,0.2,0.97,2.5196,0.6723,high (2-3 yrs),"recent-climate (2021-2025 repeats), no extra warming"
198,-27.4142,153.5264,5,4.21,11.46,0.5039,0.4,0.2,0.97,2.5196,0.6723,high (2-3 yrs),"recent-climate (2021-2025 repeats), no extra warming"
204,-27.4007,153.4373,5,4.746,12.74,0.5378,0.4,0.2,0.9789,2.6891,0.6723,high (2-3 yrs),"recent-climate (2021-2025 repeats), no extra warming"
207,-27.3967,153.5569,5,4.22,11.25,0.524,0.4,0.2,0.9756,2.6198,0.6723,high (2-3 yrs),"recent-climate (2021-2025 repeats), no extra warming"
210,-27.3906,153.5511,5,4.22,11.25,0.524,0.4,0.2,0.9756,2.6198,0.6723,high (2-3 yrs),"recent-climate (2021-2025 repeats), no extra warming"
213,-27.3472,153.2432,5,4.844,13.86,0.499,0.4,0.2,0.9684,2.4952,0.6723,high (2-3 yrs),"recent-climate (2021-2025 repeats), no extra warming"
215,-27.3448,153.2388,5,4.844,13.86,0.499,0.4,0.2,0.9684,2.4952,0.6723,high (2-3 yrs),"recent-climate (2021-2025 repeats), no extra warming"
221,-26.9799,153.4882,5,3.196,11.1,0.403,0.2,0.2,0.9242,2.0152,0.6723,high (2-3 yrs),"recent-climate (2021-2025 repeats), no extra warming"
225,-26.9777,153.484,5,3.196,11.1,0.403,0.2,0.2,0.9242,2.0152,0.6723,high (2-3 yrs),"recent-climate (2021-2025 repeats), no extra warming"
227,-26.9775,153.4839,5,3.196,11.1,0.403,0.2,0.2,0.9242,2.0152,0.6723,high (2-3 yrs),"recent-climate (2021-2025 repeats), no extra warming"
231,-26.8033,153.1456,5,3.576,11.58,0.4063,0.4,0.2,0.9263,2.0317,0.6723,high (2-3 yrs),"recent-climate (2021-2025 repeats), no extra warming"
239,-26.7517,153.1579,5,3.412,11.27,0.3966,0.4,0.2,0.92,1.9829,0.6723,moderate (1-2 yrs),"recent-climate (2021-2025 repeats), no extra warming"
244,-26.645,153.1608,5,3.428,11.13,0.4079,0.4,0.2,0.9273,2.0397,0.6723,high (2-3 yrs),"recent-climate (2021-2025 repeats), no extra warming"
249,-26.615,153.1129,5,3.514,11.24,0.408,0.4,0.2,0.9273,2.0401,0.6723,high (2-3 yrs),"recent-climate (2021-2025 repeats), no extra warming"
254,-26.615,153.1128,5,3.514,11.24,0.408,0.4,0.2,0.9273,2.0401,0.6723,high (2-3 yrs),"recent-climate (2021-2025 repeats), no extra warming"
258,-25.6496,152.9146,5,7.696,20.06,0.6813,0.6,0.4,0.9967,3.4065,0.9222,very high (3+ yrs),"recent-climate (2021-2025 repeats), no extra warming"
260,-25.2822,152.9253,5,4.884,14.5,0.5017,0.4,0.2,0.9693,2.5083,0.6723,high (2-3 yrs),"recent-climate (2021-2025 repeats), no extra warming"
262,-25.2631,152.9381,5,4.884,14.5,0.5017,0.4,0.2,0.9693,2.5083,0.6723,high (2-3 yrs),"recent-climate (2021-2025 repeats), no extra warming"
264,-25.2444,152.8253,5,3.988,12.09,0.4619,0.4,0.2,0.9549,2.3096,0.6723,high (2-3 yrs),"recent-climate (2021-2025 repeats), no extra warming"
267,-24.8836,152.4908,5,3.3,11.88,0.3879,0.2,0.2,0.9141,1.9397,0.6723,moderate (1-2 yrs),"recent-climate (2021-2025 repeats), no extra warming"
269,-24.8103,152.4711,5,3.086,11.64,0.3652,0.2,0.2,0.8969,1.8258,0.6723,moderate (1-2 yrs),"recent-climate (2021-2025 repeats), no extra warming"
271,-24.114,152.7178,5,2.722,10.51,0.3462,0.2,0.2,0.8805,1.7309,0.6723,moderate (1-2 yrs),"recent-climate (2021-2025 repeats), no extra warming"
275,-23.4604,151.9292,5,2.648,11.38,0.3103,0.2,0.2,0.844,1.5516,0.6723,moderate (1-2 yrs),"recent-climate (2021-2025 repeats), no extra warming"
278,-23.4548,151.9238,5,2.648,11.38,0.3103,0.2,0.2,0.844,1.5516,0.6723,moderate (1-2 yrs),"recent-climate (2021-2025 repeats), no extra warming"
281,-23.4511,151.9182,5,2.648,11.38,0.3103,0.2,0.2,0.844,1.5516,0.6723,moderate (1-2 yrs),"recent-climate (2021-2025 repeats), no extra warming"
284,-23.4472,151.9119,5,2.688,11.41,0.3161,0.2,0.2,0.8503,1.5803,0.6723,moderate (1-2 yrs),"recent-climate (2021-2025 repeats), no extra warming"
287,-23.4447,151.9184,5,2.688,11.41,0.3161,0.2,0.2,0.8503,1.5803,0.6723,moderate (1-2 yrs),"recent-climate (2021-2025 repeats), no extra warming"
290,-23.4438,151.9133,5,2.688,11.41,0.3161,0.2,0.2,0.8503,1.5803,0.6723,moderate (1-2 yrs),"recent-climate (2021-2025 repeats), no extra warming"
293,-23.4431,151.9094,5,2.688,11.41,0.3161,0.2,0.2,0.8503,1.5803,0.6723,moderate (1-2 yrs),"recent-climate (2021-2025 repeats), no extra warming"
295,-23.4425,151.9201,5,2.688,11.41,0.3161,0.2,0.2,0.8503,1.5803,0.6723,moderate (1-2 yrs),"recent-climate (2021-2025 repeats), no extra warming"
297,-23.4416,151.9048,5,2.688,11.41,0.3161,0.2,0.2,0.8503,1.5803,0.6723,moderate (1-2 yrs),"recent-climate (2021-2025 repeats), no extra warming"
299,-23.4411,151.9105,5,2.688,11.41,0.3161,0.2,0.2,0.8503,1.5803,0.6723,moderate (1-2 yrs),"recent-climate (2021-2025 repeats), no extra warming"
302,-23.4401,151.9173,5,2.688,11.41,0.3161,0.2,0.2,0.8503,1.5803,0.6723,moderate (1-2 yrs),"recent-climate (2021-2025 repeats), no extra warming"
304,-23.4388,151.9139,5,2.688,11.41,0.3161,0.2,0.2,0.8503,1.5803,0.6723,moderate (1-2 yrs),"recent-climate (2021-2025 repeats), no extra warming"
310,-23.4349,151.911,5,2.688,11.41,0.3161,0.2,0.2,0.8503,1.5803,0.6723,moderate (1-2 yrs),"recent-climate (2021-2025 repeats), no extra warming"
312,-23.4346,151.9224,5,2.688,11.41,0.3161,0.2,0.2,0.8503,1.5803,0.6723,moderate (1-2 yrs),"recent-climate (2021-2025 repeats), no extra warming"
314,-23.4343,151.9334,5,2.688,11.41,0.3161,0.2,0.2,0.8503,1.5803,0.6723,moderate (1-2 yrs),"recent-climate (2021-2025 repeats), no extra warming"
317,-23.434,151.9177,5,2.688,11.41,0.3161,0.2,0.2,0.8503,1.5803,0.6723,moderate (1-2 yrs),"recent-climate (2021-2025 repeats), no extra warming"
319,-23.4337,151.9249,5,2.688,11.41,0.3161,0.2,0.2,0.8503,1.5803,0.6723,moderate (1-2 yrs),"recent-climate (2021-2025 repeats), no extra warming"
1032,-27.4785,153.3661,5,5.302,13.79,0.5745,0.4,0.2,0.9861,2.8725,0.6723,high (2-3 yrs),"recent-climate (2021-2025 repeats), no extra warming"
1033,-27.4753,153.4014,5,4.852,12.77,0.5468,0.4,0.2,0.9809,2.734,0.6723,high (2-3 yrs),"recent-climate (2021-2025 repeats), no extra warming"
1034,-27.4738,153.4049,5,4.852,12.77,0.5468,0.4,0.2,0.9809,2.734,0.6723,high (2-3 yrs),"recent-climate (2021-2025 repeats), no extra warming"
1035,-27.4142,153.5258,5,4.21,11.46,0.5039,0.4,0.2,0.97,2.5196,0.6723,high (2-3 yrs),"recent-climate (2021-2025 repeats), no extra warming"
1036,-27.4142,153.5264,5,4.21,11.46,0.5039,0.4,0.2,0.97,2.5196,0.6723,high (2-3 yrs),"recent-climate (2021-2025 repeats), no extra warming"
1044,-26.7514,153.1578,5,3.412,11.27,0.3966,0.4,0.2,0.92,1.9829,0.6723,moderate (1-2 yrs),"recent-climate (2021-2025 repeats), no extra warming"
1045,-26.6772,153.12,5,3.462,11.23,0.3995,0.4,0.2,0.9219,1.9976,0.6723,moderate (1-2 yrs),"recent-climate (2021-2025 repeats), no extra warming"
1047,-26.6352,153.1518,5,3.428,11.13,0.4079,0.4,0.2,0.9273,2.0397,0.6723,high (2-3 yrs),"recent-climate (2021-2025 repeats), no extra warming"
1048,-26.635,153.1517,5,3.428,11.13,0.4079,0.4,0.2,0.9273,2.0397,0.6723,high (2-3 yrs),"recent-climate (2021-2025 repeats), no extra warming"
1049,-26.6121,153.1129,5,3.514,11.24,0.408,0.4,0.2,0.9273,2.0401,0.6723,high (2-3 yrs),"recent-climate (2021-2025 repeats), no extra warming"
1051,-26.3625,153.115,5,3.446,11.61,0.4058,0.4,0.2,0.9259,2.0289,0.6723,high (2-3 yrs),"recent-climate (2021-2025 repeats), no extra warming"
1057,-24.114,152.7197,5,2.722,10.51,0.3462,0.2,0.2,0.8805,1.7309,0.6723,moderate (1-2 yrs),"recent-climate (2021-2025 repeats), no extra warming"
1058,-24.1114,152.7106,5,2.722,10.51,0.3462,0.2,0.2,0.8805,1.7309,0.6723,moderate (1-2 yrs),"recent-climate (2021-2025 repeats), no extra warming"
1059,-24.1106,152.7113,5,2.722,10.51,0.3462,0.2,0.2,0.8805,1.7309,0.6723,moderate (1-2 yrs),"recent-climate (2021-2025 repeats), no extra warming"
1060,-24.1094,152.7136,5,2.722,10.51,0.3462,0.2,0.2,0.8805,1.7309,0.6723,moderate (1-2 yrs),"recent-climate (2021-2025 repeats), no extra warming"
1061,-23.4334,151.9248,5,2.688,11.41,0.3161,0.2,0.2,0.8503,1.5803,0.6723,moderate (1-2 yrs),"recent-climate (2021-2025 repeats), no extra warming"
1062,-22.1486,113.8679,5,5.856,20.52,0.5085,0.4,0.2,0.9713,2.5426,0.6723,high (2-3 yrs),"recent-climate (2021-2025 repeats), no extra warming"
1063,-22.1483,113.8675,5,5.856,20.52,0.5085,0.4,0.2,0.9713,2.5426,0.6723,high (2-3 yrs),"recent-climate (2021-2025 repeats), no extra warming"
1064,-22.1347,113.8759,5,5.856,20.52,0.5085,0.4,0.2,0.9713,2.5426,0.6723,high (2-3 yrs),"recent-climate (2021-2025 repeats), no extra warming"
1065,-22.1322,113.8766,5,5.856,20.52,0.5085,0.4,0.2,0.9713,2.5426,0.6723,high (2-3 yrs),"recent-climate (2021-2025 repeats), no extra warming"
1066,-22.131,113.8774,5,5.856,20.52,0.5085,0.4,0.2,0.9713,2.5426,0.6723,high (2-3 yrs),"recent-climate (2021-2025 repeats), no extra warming"
1067,-21.9088,113.9642,5,5.98,21.17,0.5025,0.4,0.2,0.9695,2.5124,0.6723,high (2-3 yrs),"recent-climate (2021-2025 repeats), no extra warming"
1114,-16.5001,146.0172,5,3.994,7.62,0.5497,0.6,0.0,0.9815,2.7483,0.0,high (2-3 yrs),"recent-climate (2021-2025 repeats), no extra warming"
1118,-16.25,145.8331,5,3.486,6.37,0.5142,0.6,0.0,0.9729,2.5709,0.0,high (2-3 yrs),"recent-climate (2021-2025 repeats), no extra warming"
1125,-16.2356,145.8689,5,3.726,7.1,0.529,0.6,0.0,0.9768,2.6449,0.0,high (2-3 yrs),"recent-climate (2021-2025 repeats), no extra warming"
1303,24.4317,-76.6857,5,5.322,13.43,0.6025,0.6,0.2,0.9901,3.0123,0.6723,very high (3+ yrs),"recent-climate (2021-2025 repeats), no extra warming"
1304,24.4334,-76.6809,5,5.322,13.43,0.6025,0.6,0.2,0.9901,3.0123,0.6723,very high (3+ yrs),"recent-climate (2021-2025 repeats), no extra warming"
1308,24.8039,-76.3402,5,8.192,16.42,0.776,0.8,0.6,0.9994,3.8802,0.9898,very high (3+ yrs),"recent-climate (2021-2025 repeats), no extra warming"
1309,24.8178,-76.3483,5,8.192,16.42,0.776,0.8,0.6,0.9994,3.8802,0.9898,very high (3+ yrs),"recent-climate (2021-2025 repeats), no extra warming"
1315,25.093,-77.233,5,3.54,10.89,0.4655,0.2,0.2,0.9564,2.3273,0.6723,high (2-3 yrs),"recent-climate (2021-2025 repeats), no extra warming"
1317,25.6573,-79.3056,5,6.28,13.83,0.6723,0.6,0.2,0.9962,3.3615,0.6723,very high (3+ yrs),"recent-climate (2021-2025 repeats), no extra warming"
1318,25.6626,-79.3077,5,6.28,13.83,0.6723,0.6,0.2,0.9962,3.3615,0.6723,very high (3+ yrs),"recent-climate (2021-2025 repeats), no extra warming"
1525,17.8339,-87.9939,5,10.564,18.43,0.7619,0.6,0.6,0.9992,3.8096,0.9898,very high (3+ yrs),"recent-climate (2021-2025 repeats), no extra warming"
1539,17.9385,-87.9349,5,10.41,18.23,0.7603,0.6,0.6,0.9992,3.8015,0.9898,very high (3+ yrs),"recent-climate (2021-2025 repeats), no extra warming"
1901,4.8456,114.329,5,2.882,6.98,0.4491,0.4,0.0,0.9492,2.2454,0.0,high (2-3 yrs),"recent-climate (2021-2025 repeats), no extra warming"
1902,4.8481,114.3288,5,2.882,6.98,0.4491,0.4,0.0,0.9492,2.2454,0.0,high (2-3 yrs),"recent-climate (2021-2025 repeats), no extra warming"
1903,4.905,114.6463,5,2.756,6.38,0.4453,0.4,0.0,0.9475,2.2265,0.0,high (2-3 yrs),"recent-climate (2021-2025 repeats), no extra warming"
1904,4.9055,114.6449,5,2.756,6.38,0.4453,0.4,0.0,0.9475,2.2265,0.0,high (2-3 yrs),"recent-climate (2021-2025 repeats), no extra warming"
1905,4.9066,114.6418,5,2.756,6.38,0.4453,0.4,0.0,0.9475,2.2265,0.0,high (2-3 yrs),"recent-climate (2021-2025 repeats), no extra warming"
1906,4.9078,114.6449,5,2.756,6.38,0.4453,0.4,0.0,0.9475,2.2265,0.0,high (2-3 yrs),"recent-climate (2021-2025 repeats), no extra warming"
1907,4.919,114.3709,5,3.066,7.02,0.4744,0.4,0.0,0.9599,2.3719,0.0,high (2-3 yrs),"recent-climate (2021-2025 repeats), no extra warming"
1908,4.92,114.3709,5,3.066,7.02,0.4744,0.4,0.0,0.9599,2.3719,0.0,high (2-3 yrs),"recent-climate (2021-2025 repeats), no extra warming"
1909,4.9334,114.3298,5,3.106,7.23,0.4753,0.4,0.0,0.9602,2.3763,0.0,high (2-3 yrs),"recent-climate (2021-2025 repeats), no extra warming"
1910,4.9335,114.3295,5,3.106,7.23,0.4753,0.4,0.0,0.9602,2.3763,0.0,high (2-3 yrs),"recent-climate (2021-2025 repeats), no extra warming"
1911,4.9377,114.6558,5,2.552,5.89,0.4242,0.4,0.0,0.9367,2.1212,0.0,high (2-3 yrs),"recent-climate (2021-2025 repeats), no extra warming"
1912,4.9381,114.6522,5,2.552,5.89,0.4242,0.4,0.0,0.9367,2.1212,0.0,high (2-3 yrs),"recent-climate (2021-2025 repeats), no extra warming"
1913,4.9385,114.658,5,2.552,5.89,0.4242,0.4,0.0,0.9367,2.1212,0.0,high (2-3 yrs),"recent-climate (2021-2025 repeats), no extra warming"
1914,4.9401,114.6551,5,2.552,5.89,0.4242,0.4,0.0,0.9367,2.1212,0.0,high (2-3 yrs),"recent-climate (2021-2025 repeats), no extra warming"
1915,4.9523,114.371,5,3.164,7.3,0.4813,0.4,0.0,0.9624,2.4063,0.0,high (2-3 yrs),"recent-climate (2021-2025 repeats), no extra warming"
1916,4.9777,114.6236,5,2.696,6.35,0.4388,0.4,0.0,0.9443,2.1939,0.0,high (2-3 yrs),"recent-climate (2021-2025 repeats), no extra warming"
1917,4.9808,114.6234,5,2.696,6.35,0.4388,0.4,0.0,0.9443,2.1939,0.0,high (2-3 yrs),"recent-climate (2021-2025 repeats), no extra warming"
1919,5.0131,114.7123,5,2.506,6.22,0.412,0.4,0.0,0.9297,2.06,0.0,high (2-3 yrs),"recent-climate (2021-2025 repeats), no extra warming"
1920,5.0145,114.7153,5,2.506,6.22,0.412,0.4,0.0,0.9297,2.06,0.0,high (2-3 yrs),"recent-climate (2021-2025 repeats), no extra warming"
1921,5.02,114.7276,5,2.506,6.22,0.412,0.4,0.0,0.9297,2.06,0.0,high (2-3 yrs),"recent-climate (2021-2025 repeats), no extra warming"
1922,5.0201,114.7302,5,2.506,6.22,0.412,0.4,0.0,0.9297,2.06,0.0,high (2-3 yrs),"recent-climate (2021-2025 repeats), no extra warming"
1923,5.0833,115.0527,5,3.112,9.29,0.4301,0.2,0.2,0.9399,2.1503,0.6723,high (2-3 yrs),"recent-climate (2021-2025 repeats), no extra warming"
1924,5.0835,115.0521,5,3.112,9.29,0.4301,0.2,0.2,0.9399,2.1503,0.6723,high (2-3 yrs),"recent-climate (2021-2025 repeats), no extra warming"
1926,5.0964,114.9718,5,2.296,6.71,0.3792,0.2,0.0,0.9078,1.8958,0.0,moderate (1-2 yrs),"recent-climate (2021-2025 repeats), no extra warming"
1927,5.0981,114.971,5,2.296,6.71,0.3792,0.2,0.0,0.9078,1.8958,0.0,moderate (1-2 yrs),"recent-climate (2021-2025 repeats), no extra warming"
1928,5.1027,114.7643,5,2.488,6.68,0.4059,0.2,0.0,0.926,2.0296,0.0,high (2-3 yrs),"recent-climate (2021-2025 repeats), no extra warming"
1929,5.1034,114.7646,5,2.488,6.68,0.4059,0.2,0.0,0.926,2.0296,0.0,high (2-3 yrs),"recent-climate (2021-2025 repeats), no extra warming"
1930,5.1074,115.0704,5,2.892,8.69,0.412,0.2,0.2,0.9297,2.0601,0.6723,high (2-3 yrs),"recent-climate (2021-2025 repeats), no extra warming"
1931,5.1082,115.0699,5,2.892,8.69,0.412,0.2,0.2,0.9297,2.0601,0.6723,high (2-3 yrs),"recent-climate (2021-2025 repeats), no extra warming"
1932,5.1085,115.0699,5,2.892,8.69,0.412,0.2,0.2,0.9297,2.0601,0.6723,high (2-3 yrs),"recent-climate (2021-2025 repeats), no extra warming"
1933,5.1779,114.7561,5,2.52,6.71,0.4124,0.2,0.0,0.9299,2.0619,0.0,high (2-3 yrs),"recent-climate (2021-2025 repeats), no extra warming"
1934,5.1791,114.7572,5,2.52,6.71,0.4124,0.2,0.0,0.9299,2.0619,0.0,high (2-3 yrs),"recent-climate (2021-2025 repeats), no extra warming"
1935,5.2021,114.7689,5,2.48,6.7,0.4082,0.2,0.0,0.9274,2.0409,0.0,high (2-3 yrs),"recent-climate (2021-2025 repeats), no extra warming"
1936,5.203,114.7672,5,2.48,6.7,0.4082,0.2,0.0,0.9274,2.0409,0.0,high (2-3 yrs),"recent-climate (2021-2025 repeats), no extra warming"
1937,5.2088,114.7287,5,2.668,7.14,0.4282,0.2,0.0,0.9389,2.1411,0.0,high (2-3 yrs),"recent-climate (2021-2025 repeats), no extra warming"
1947,10.6521,103.2758,5,2.392,8.78,0.3451,0.2,0.2,0.8796,1.7257,0.6723,moderate (1-2 yrs),"recent-climate (2021-2025 repeats), no extra warming"
1948,10.6647,103.2572,5,2.392,8.78,0.3451,0.2,0.2,0.8796,1.7257,0.6723,moderate (1-2 yrs),"recent-climate (2021-2025 repeats), no extra warming"
1949,10.6757,103.2583,5,2.392,8.78,0.3451,0.2,0.2,0.8796,1.7257,0.6723,moderate (1-2 yrs),"recent-climate (2021-2025 repeats), no extra warming"
1950,10.6814,103.2576,5,2.392,8.78,0.3451,0.2,0.2,0.8796,1.7257,0.6723,moderate (1-2 yrs),"recent-climate (2021-2025 repeats), no extra warming"
1951,10.6826,103.2582,5,2.392,8.78,0.3451,0.2,0.2,0.8796,1.7257,0.6723,moderate (1-2 yrs),"recent-climate (2021-2025 repeats), no extra warming"
1952,10.702,103.2333,5,2.26,9.16,0.3131,0.2,0.2,0.847,1.5653,0.6723,moderate (1-2 yrs),"recent-climate (2021-2025 repeats), no extra warming"
1953,10.7258,103.333,5,2.858,10.29,0.3741,0.2,0.2,0.9039,1.8705,0.6723,moderate (1-2 yrs),"recent-climate (2021-2025 repeats), no extra warming"
1954,10.7304,103.3281,5,2.858,10.29,0.3741,0.2,0.2,0.9039,1.8705,0.6723,moderate (1-2 yrs),"recent-climate (2021-2025 repeats), no extra warming"
1955,10.7336,103.189,5,2.032,8.65,0.2894,0.2,0.2,0.8188,1.447,0.6723,moderate (1-2 yrs),"recent-climate (2021-2025 repeats), no extra warming"
1956,10.7354,103.2086,5,2.26,9.16,0.3131,0.2,0.2,0.847,1.5653,0.6723,moderate (1-2 yrs),"recent-climate (2021-2025 repeats), no extra warming"
1957,10.7367,103.2759,5,2.688,9.74,0.364,0.2,0.2,0.896,1.8202,0.6723,moderate (1-2 yrs),"recent-climate (2021-2025 repeats), no extra warming"
1958,10.7378,103.1977,5,2.032,8.65,0.2894,0.2,0.2,0.8188,1.447,0.6723,moderate (1-2 yrs),"recent-climate (2021-2025 repeats), no extra warming"
1959,10.7389,103.1984,5,2.032,8.65,0.2894,0.2,0.2,0.8188,1.447,0.6723,moderate (1-2 yrs),"recent-climate (2021-2025 repeats), no extra warming"
1960,10.7433,103.2781,5,2.688,9.74,0.364,0.2,0.2,0.896,1.8202,0.6723,moderate (1-2 yrs),"recent-climate (2021-2025 repeats), no extra warming"
1961,10.7519,103.1894,5,2.284,9.31,0.3127,0.2,0.2,0.8466,1.5634,0.6723,moderate (1-2 yrs),"recent-climate (2021-2025 repeats), no extra warming"
1962,10.7533,103.2582,5,2.986,10.8,0.3817,0.2,0.2,0.9096,1.9083,0.6723,moderate (1-2 yrs),"recent-climate (2021-2025 repeats), no extra warming"
1963,10.7544,103.1908,5,2.284,9.31,0.3127,0.2,0.2,0.8466,1.5634,0.6723,moderate (1-2 yrs),"recent-climate (2021-2025 repeats), no extra warming"
1964,10.7592,103.2761,5,2.986,10.8,0.3817,0.2,0.2,0.9096,1.9083,0.6723,moderate (1-2 yrs),"recent-climate (2021-2025 repeats), no extra warming"
1965,10.764,103.1879,5,2.284,9.31,0.3127,0.2,0.2,0.8466,1.5634,0.6723,moderate (1-2 yrs),"recent-climate (2021-2025 repeats), no extra warming"
1966,10.7646,103.1864,5,2.284,9.31,0.3127,0.2,0.2,0.8466,1.5634,0.6723,moderate (1-2 yrs),"recent-climate (2021-2025 repeats), no extra warming"
1967,10.7649,103.1874,5,2.284,9.31,0.3127,0.2,0.2,0.8466,1.5634,0.6723,moderate (1-2 yrs),"recent-climate (2021-2025 repeats), no extra warming"
1968,10.7672,103.191,5,2.284,9.31,0.3127,0.2,0.2,0.8466,1.5634,0.6723,moderate (1-2 yrs),"recent-climate (2021-2025 repeats), no extra warming"
1969,10.7673,103.1903,5,2.284,9.31,0.3127,0.2,0.2,0.8466,1.5634,0.6723,moderate (1-2 yrs),"recent-climate (2021-2025 repeats), no extra warming"
1970,10.7697,103.2564,5,2.986,10.8,0.3817,0.2,0.2,0.9096,1.9083,0.6723,moderate (1-2 yrs),"recent-climate (2021-2025 repeats), no extra warming"
1971,10.7699,103.2067,5,2.538,9.61,0.345,0.2,0.2,0.8794,1.725,0.6723,moderate (1-2 yrs),"recent-climate (2021-2025 repeats), no extra warming"
1972,10.771,103.2018,5,2.538,9.61,0.345,0.2,0.2,0.8794,1.725,0.6723,moderate (1-2 yrs),"recent-climate (2021-2025 repeats), no extra warming"
1973,10.7711,103.2074,5,2.538,9.61,0.345,0.2,0.2,0.8794,1.725,0.6723,moderate (1-2 yrs),"recent-climate (2021-2025 repeats), no extra warming"
1974,10.7711,103.243,5,2.538,9.61,0.345,0.2,0.2,0.8794,1.725,0.6723,moderate (1-2 yrs),"recent-climate (2021-2025 repeats), no extra warming"
1975,10.7711,103.2116,5,2.538,9.61,0.345,0.2,0.2,0.8794,1.725,0.6723,moderate (1-2 yrs),"recent-climate (2021-2025 repeats), no extra warming"
1976,10.7713,103.2109,5,2.538,9.61,0.345,0.2,0.2,0.8794,1.725,0.6723,moderate (1-2 yrs),"recent-climate (2021-2025 repeats), no extra warming"
1977,10.7761,103.2826,5,2.986,10.8,0.3817,0.2,0.2,0.9096,1.9083,0.6723,moderate (1-2 yrs),"recent-climate (2021-2025 repeats), no extra warming"
1978,10.7779,103.1883,5,2.284,9.31,0.3127,0.2,0.2,0.8466,1.5634,0.6723,moderate (1-2 yrs),"recent-climate (2021-2025 repeats), no extra warming"
1979,10.7787,103.1891,5,2.284,9.31,0.3127,0.2,0.2,0.8466,1.5634,0.6723,moderate (1-2 yrs),"recent-climate (2021-2025 repeats), no extra warming"
1980,10.7815,103.2181,5,2.538,9.61,0.345,0.2,0.2,0.8794,1.725,0.6723,moderate (1-2 yrs),"recent-climate (2021-2025 repeats), no extra warming"
1981,10.7824,103.2207,5,2.538,9.61,0.345,0.2,0.2,0.8794,1.725,0.6723,moderate (1-2 yrs),"recent-climate (2021-2025 repeats), no extra warming"
1982,10.7826,103.2022,5,2.538,9.61,0.345,0.2,0.2,0.8794,1.725,0.6723,moderate (1-2 yrs),"recent-climate (2021-2025 repeats), no extra warming"
1983,10.7939,103.2638,5,2.986,10.8,0.3817,0.2,0.2,0.9096,1.9083,0.6723,moderate (1-2 yrs),"recent-climate (2021-2025 repeats), no extra warming"
1984,10.7945,103.2464,5,2.538,9.61,0.345,0.2,0.2,0.8794,1.725,0.6723,moderate (1-2 yrs),"recent-climate (2021-2025 repeats), no extra warming"
1985,10.7966,103.2348,5,2.538,9.61,0.345,0.2,0.2,0.8794,1.725,0.6723,moderate (1-2 yrs),"recent-climate (2021-2025 repeats), no extra warming"
2202,12.5022,-81.7332,5,12.42,21.01,0.8636,1.0,0.6,1.0,4.3179,0.9898,very high (3+ yrs),"recent-climate (2021-2025 repeats), no extra warming"
2205,12.5217,-81.7245,5,12.42,21.01,0.8636,1.0,0.6,1.0,4.3179,0.9898,very high (3+ yrs),"recent-climate (2021-2025 repeats), no extra warming"
2264,9.3834,-76.2281,5,5.462,13.23,0.5121,0.4,0.4,0.9724,2.5606,0.9222,high (2-3 yrs),"recent-climate (2021-2025 repeats), no extra warming"
2265,9.3884,-76.1726,5,5.814,13.77,0.5353,0.4,0.4,0.9783,2.6764,0.9222,high (2-3 yrs),"recent-climate (2021-2025 repeats), no extra warming"
2266,9.3969,-76.1893,5,5.814,13.77,0.5353,0.4,0.4,0.9783,2.6764,0.9222,high (2-3 yrs),"recent-climate (2021-2025 repeats), no extra warming"
2274,12.5052,-81.7316,5,12.42,21.01,0.8636,1.0,0.6,1.0,4.3179,0.9898,very high (3+ yrs),"recent-climate (2021-2025 repeats), no extra warming"
2275,12.5374,-81.7366,5,12.42,21.01,0.8636,1.0,0.6,1.0,4.3179,0.9898,very high (3+ yrs),"recent-climate (2021-2025 repeats), no extra warming"
2688,15.2138,-61.3718,5,11.57,20.43,0.7503,0.6,0.6,0.999,3.7517,0.9898,very high (3+ yrs),"recent-climate (2021-2025 repeats), no extra warming"
2689,15.2369,-61.3701,5,11.57,20.43,0.7503,0.6,0.6,0.999,3.7517,0.9898,very high (3+ yrs),"recent-climate (2021-2025 repeats), no extra warming"
2690,15.3808,-61.4125,5,11.184,19.99,0.7331,0.6,0.6,0.9986,3.6656,0.9898,very high (3+ yrs),"recent-climate (2021-2025 repeats), no extra warming"
2691,15.4071,-61.4274,5,11.256,20.09,0.738,0.6,0.6,0.9988,3.69,0.9898,very high (3+ yrs),"recent-climate (2021-2025 repeats), no extra warming"
2692,15.4267,-61.4478,5,11.256,20.09,0.738,0.6,0.6,0.9988,3.69,0.9898,very high (3+ yrs),"recent-climate (2021-2025 repeats), no extra warming"
2693,15.4386,-61.4457,5,11.256,20.09,0.738,0.6,0.6,0.9988,3.69,0.9898,very high (3+ yrs),"recent-climate (2021-2025 repeats), no extra warming"
2694,15.5816,-61.4757,5,11.172,19.82,0.7419,0.6,0.6,0.9989,3.7094,0.9898,very high (3+ yrs),"recent-climate (2021-2025 repeats), no extra warming"
2695,15.5905,-61.4741,5,11.172,19.82,0.7419,0.6,0.6,0.9989,3.7094,0.9898,very high (3+ yrs),"recent-climate (2021-2025 repeats), no extra warming"
2701,15.2728,-61.3752,5,11.484,20.23,0.7484,0.6,0.6,0.999,3.742,0.9898,very high (3+ yrs),"recent-climate (2021-2025 repeats), no extra warming"
2720,18.4348,-69.6852,5,10.798,18.5,0.7486,0.6,0.6,0.999,3.7432,0.9898,very high (3+ yrs),"recent-climate (2021-2025 repeats), no extra warming"
2721,18.437,-69.6207,5,10.904,18.5,0.7596,0.6,0.6,0.9992,3.7979,0.9898,very high (3+ yrs),"recent-climate (2021-2025 repeats), no extra warming"
2722,18.4411,-69.6917,5,10.798,18.5,0.7486,0.6,0.6,0.999,3.7432,0.9898,very high (3+ yrs),"recent-climate (2021-2025 repeats), no extra warming"
2723,18.4491,-68.4202,5,8.166,15.52,0.6204,0.6,0.6,0.9921,3.1021,0.9898,very high (3+ yrs),"recent-climate (2021-2025 repeats), no extra warming"
2725,18.6557,-68.3598,5,8.65,16.61,0.6539,0.6,0.6,0.995,3.2697,0.9898,very high (3+ yrs),"recent-climate (2021-2025 repeats), no extra warming"
2729,19.7802,-70.6564,5,6.376,15.03,0.5695,0.6,0.4,0.9852,2.8477,0.9222,high (2-3 yrs),"recent-climate (2021-2025 repeats), no extra warming"
2775,18.3435,-68.8467,5,9.614,17.57,0.6825,0.6,0.6,0.9968,3.4123,0.9898,very high (3+ yrs),"recent-climate (2021-2025 repeats), no extra warming"
2783,18.4389,-69.6869,5,10.798,18.5,0.7486,0.6,0.6,0.999,3.7432,0.9898,very high (3+ yrs),"recent-climate (2021-2025 repeats), no extra warming"
2789,18.4488,-69.6839,5,10.798,18.5,0.7486,0.6,0.6,0.999,3.7432,0.9898,very high (3+ yrs),"recent-climate (2021-2025 repeats), no extra warming"
2811,19.1946,-69.3289,5,10.998,19.1,0.7597,0.6,0.6,0.9992,3.7985,0.9898,very high (3+ yrs),"recent-climate (2021-2025 repeats), no extra warming"
2812,19.2972,-69.1519,5,9.618,17.71,0.6961,0.6,0.6,0.9974,3.4804,0.9898,very high (3+ yrs),"recent-climate (2021-2025 repeats), no extra warming"
2830,-8.2686,125.6087,5,1.434,1.75,0.3236,0.0,0.0,0.8585,1.6182,0.0,moderate (1-2 yrs),"recent-climate (2021-2025 repeats), no extra warming"
2831,-8.2385,125.6115,5,1.358,1.71,0.3116,0.0,0.0,0.8454,1.558,0.0,moderate (1-2 yrs),"recent-climate (2021-2025 repeats), no extra warming"
2832,-8.2385,125.612,5,1.358,1.71,0.3116,0.0,0.0,0.8454,1.558,0.0,moderate (1-2 yrs),"recent-climate (2021-2025 repeats), no extra warming"
2833,-8.2324,125.6129,5,1.358,1.71,0.3116,0.0,0.0,0.8454,1.558,0.0,moderate (1-2 yrs),"recent-climate (2021-2025 repeats), no extra warming"
2834,-8.2216,125.6195,5,1.358,1.71,0.3116,0.0,0.0,0.8454,1.558,0.0,moderate (1-2 yrs),"recent-climate (2021-2025 repeats), no extra warming"
2835,-8.1461,125.6428,5,1.362,1.77,0.3121,0.0,0.0,0.846,1.5606,0.0,moderate (1-2 yrs),"recent-climate (2021-2025 repeats), no extra warming"
2878,24.9643,34.9361,5,14.004,24.61,0.8843,1.0,0.6,1.0,4.4216,0.9898,very high (3+ yrs),"recent-climate (2021-2025 repeats), no extra warming"
2879,24.9694,34.9421,5,14.004,24.61,0.8843,1.0,0.6,1.0,4.4216,0.9898,very high (3+ yrs),"recent-climate (2021-2025 repeats), no extra warming"
2888,26.1574,34.2462,5,11.792,23.38,0.8607,1.0,0.6,0.9999,4.3034,0.9898,very high (3+ yrs),"recent-climate (2021-2025 repeats), no extra warming"
2889,26.1575,34.2489,5,11.792,23.38,0.8607,1.0,0.6,0.9999,4.3034,0.9898,very high (3+ yrs),"recent-climate (2021-2025 repeats), no extra warming"
2890,26.1614,34.2467,5,11.792,23.38,0.8607,1.0,0.6,0.9999,4.3034,0.9898,very high (3+ yrs),"recent-climate (2021-2025 repeats), no extra warming"
2958,24.2156,35.4309,5,11.468,22.27,0.7961,0.8,0.6,0.9996,3.9804,0.9898,very high (3+ yrs),"recent-climate (2021-2025 repeats), no extra warming"
2959,24.2163,35.4328,5,11.468,22.27,0.7961,0.8,0.6,0.9996,3.9804,0.9898,very high (3+ yrs),"recent-climate (2021-2025 repeats), no extra warming"
2961,24.9272,34.9647,5,14.074,24.95,0.8809,1.0,0.6,1.0,4.4045,0.9898,very high (3+ yrs),"recent-climate (2021-2025 repeats), no extra warming"
2962,24.9286,34.9635,5,14.074,24.95,0.8809,1.0,0.6,1.0,4.4045,0.9898,very high (3+ yrs),"recent-climate (2021-2025 repeats), no extra warming"
2965,24.9435,34.9856,5,14.074,24.95,0.8809,1.0,0.6,1.0,4.4045,0.9898,very high (3+ yrs),"recent-climate (2021-2025 repeats), no extra warming"
2966,24.9628,34.9416,5,14.004,24.61,0.8843,1.0,0.6,1.0,4.4216,0.9898,very high (3+ yrs),"recent-climate (2021-2025 repeats), no extra warming"
2967,24.9654,34.936,5,14.004,24.61,0.8843,1.0,0.6,1.0,4.4216,0.9898,very high (3+ yrs),"recent-climate (2021-2025 repeats), no extra warming"
2968,24.9661,34.9356,5,14.004,24.61,0.8843,1.0,0.6,1.0,4.4216,0.9898,very high (3+ yrs),"recent-climate (2021-2025 repeats), no extra warming"
2973,25.0136,35.9267,5,7.8,18.07,0.6718,0.6,0.6,0.9962,3.3592,0.9898,very high (3+ yrs),"recent-climate (2021-2025 repeats), no extra warming"
2974,25.0139,34.9268,5,14.22,24.59,0.8911,1.0,0.6,1.0,4.4557,0.9898,very high (3+ yrs),"recent-climate (2021-2025 repeats), no extra warming"
2977,25.1576,34.8553,5,14.59,24.85,0.9056,1.0,0.6,1.0,4.5278,0.9898,very high (3+ yrs),"recent-climate (2021-2025 repeats), no extra warming"
2981,25.2372,34.8001,5,14.314,24.71,0.9055,1.0,0.8,1.0,4.5277,0.9997,very high (3+ yrs),"recent-climate (2021-2025 repeats), no extra warming"
2982,25.244,34.7986,5,13.796,24.43,0.9009,1.0,0.8,1.0,4.5043,0.9997,very high (3+ yrs),"recent-climate (2021-2025 repeats), no extra warming"
2984,25.2465,34.798,5,13.796,24.43,0.9009,1.0,0.8,1.0,4.5043,0.9997,very high (3+ yrs),"recent-climate (2021-2025 repeats), no extra warming"
2986,25.3342,34.7446,5,13.728,23.68,0.9026,1.0,0.6,1.0,4.513,0.9898,very high (3+ yrs),"recent-climate (2021-2025 repeats), no extra warming"
2987,25.3918,34.7024,5,13.74,23.43,0.9046,1.0,0.8,1.0,4.5229,0.9997,very high (3+ yrs),"recent-climate (2021-2025 repeats), no extra warming"
2990,26.1562,34.2466,5,11.792,23.38,0.8607,1.0,0.6,0.9999,4.3034,0.9898,very high (3+ yrs),"recent-climate (2021-2025 repeats), no extra warming"
2991,26.1573,34.2461,5,11.792,23.38,0.8607,1.0,0.6,0.9999,4.3034,0.9898,very high (3+ yrs),"recent-climate (2021-2025 repeats), no extra warming"
3009,28.3532,34.4351,5,12.346,27.54,0.8117,0.8,0.6,0.9998,4.0583,0.9898,very high (3+ yrs),"recent-climate (2021-2025 repeats), no extra warming"
3011,28.4208,34.4574,5,12.234,27.2,0.8168,0.8,0.6,0.9998,4.0842,0.9898,very high (3+ yrs),"recent-climate (2021-2025 repeats), no extra warming"
3015,28.437,34.4593,5,12.234,27.2,0.8168,0.8,0.6,0.9998,4.0842,0.9898,very high (3+ yrs),"recent-climate (2021-2025 repeats), no extra warming"
3021,28.4985,34.5198,5,11.658,26.54,0.7923,0.8,0.6,0.9996,3.9615,0.9898,very high (3+ yrs),"recent-climate (2021-2025 repeats), no extra warming"
3024,28.5422,34.5163,5,11.428,26.23,0.7881,0.8,0.6,0.9996,3.9407,0.9898,very high (3+ yrs),"recent-climate (2021-2025 repeats), no extra warming"
3027,28.5529,34.5193,5,11.428,26.23,0.7881,0.8,0.6,0.9996,3.9407,0.9898,very high (3+ yrs),"recent-climate (2021-2025 repeats), no extra warming"
3028,28.5543,34.5203,5,11.428,26.23,0.7881,0.8,0.6,0.9996,3.9407,0.9898,very high (3+ yrs),"recent-climate (2021-2025 repeats), no extra warming"
3031,28.5575,34.5239,5,11.428,26.23,0.7881,0.8,0.6,0.9996,3.9407,0.9898,very high (3+ yrs),"recent-climate (2021-2025 repeats), no extra warming"
3033,28.573,34.5381,5,11.428,26.23,0.7881,0.8,0.6,0.9996,3.9407,0.9898,very high (3+ yrs),"recent-climate (2021-2025 repeats), no extra warming"
3106,-17.9786,179.2251,5,5.2,8.12,0.6917,0.8,0.2,0.9972,3.4586,0.6723,very high (3+ yrs),"recent-climate (2021-2025 repeats), no extra warming"
3236,-19.0383,178.4569,5,5.104,7.43,0.6781,0.8,0.0,0.9965,3.3904,0.0,very high (3+ yrs),"recent-climate (2021-2025 repeats), no extra warming"
3261,-17.7942,177.2022,5,4.422,7.85,0.6048,0.4,0.0,0.9904,3.024,0.0,very high (3+ yrs),"recent-climate (2021-2025 repeats), no extra warming"
3307,-17.5827,178.8475,5,3.71,6.84,0.5834,0.2,0.0,0.9874,2.9168,0.0,high (2-3 yrs),"recent-climate (2021-2025 repeats), no extra warming"
3308,-17.5827,178.9398,5,4.076,7.24,0.6122,0.6,0.0,0.9912,3.0608,0.0,very high (3+ yrs),"recent-climate (2021-2025 repeats), no extra warming"
3312,-17.5689,177.3018,5,4.33,7.35,0.599,0.6,0.0,0.9896,2.9951,0.0,high (2-3 yrs),"recent-climate (2021-2025 repeats), no extra warming"
3313,-17.5632,177.3084,5,4.33,7.35,0.599,0.6,0.0,0.9896,2.9951,0.0,high (2-3 yrs),"recent-climate (2021-2025 repeats), no extra warming"
3315,-17.3471,178.5226,5,2.824,5.08,0.4966,0.2,0.0,0.9677,2.4828,0.0,high (2-3 yrs),"recent-climate (2021-2025 repeats), no extra warming"
3316,-17.3303,178.5924,5,2.862,5.13,0.4999,0.2,0.0,0.9687,2.4995,0.0,high (2-3 yrs),"recent-climate (2021-2025 repeats), no extra warming"
3328,-17.2804,178.4596,5,3.006,4.85,0.514,0.4,0.0,0.9729,2.57,0.0,high (2-3 yrs),"recent-climate (2021-2025 repeats), no extra warming"
3330,-17.2783,178.4614,5,3.006,4.85,0.514,0.4,0.0,0.9729,2.57,0.0,high (2-3 yrs),"recent-climate (2021-2025 repeats), no extra warming"
3339,-17.1345,178.5204,5,3.878,6.66,0.5918,0.4,0.0,0.9887,2.9588,0.0,high (2-3 yrs),"recent-climate (2021-2025 repeats), no extra warming"
3340,-17.1133,179.0638,5,4.018,8.37,0.5556,0.6,0.2,0.9827,2.778,0.6723,high (2-3 yrs),"recent-climate (2021-2025 repeats), no extra warming"
3343,-17.1103,179.0615,5,4.018,8.37,0.5556,0.6,0.2,0.9827,2.778,0.6723,high (2-3 yrs),"recent-climate (2021-2025 repeats), no extra warming"
3353,-16.8114,-179.8481,5,3.204,7.72,0.4705,0.4,0.0,0.9584,2.3525,0.0,high (2-3 yrs),"recent-climate (2021-2025 repeats), no extra warming"
3355,-16.7987,179.9013,5,2.704,6.52,0.4363,0.2,0.0,0.9431,2.1816,0.0,high (2-3 yrs),"recent-climate (2021-2025 repeats), no extra warming"
3393,-21.1755,55.2835,5,4.756,16.73,0.411,0.4,0.2,0.9291,2.0552,0.6723,high (2-3 yrs),"recent-climate (2021-2025 repeats), no extra warming"
3394,-21.1659,55.2819,5,4.756,16.73,0.411,0.4,0.2,0.9291,2.0552,0.6723,high (2-3 yrs),"recent-climate (2021-2025 repeats), no extra warming"
3395,-21.0531,55.2211,5,4.504,15.34,0.4169,0.4,0.2,0.9326,2.0846,0.6723,high (2-3 yrs),"recent-climate (2021-2025 repeats), no extra warming"
3399,-12.8941,45.2128,5,1.502,7.21,0.2419,0.2,0.0,0.7496,1.2094,0.0,moderate (1-2 yrs),"recent-climate (2021-2025 repeats), no extra warming"
3400,-12.8172,45.2369,5,1.508,7.23,0.2423,0.2,0.0,0.7503,1.2117,0.0,moderate (1-2 yrs),"recent-climate (2021-2025 repeats), no extra warming"
3401,-12.7612,45.066,5,1.402,6.2,0.2514,0.2,0.0,0.765,1.2572,0.0,moderate (1-2 yrs),"recent-climate (2021-2025 repeats), no extra warming"
3402,-12.71,45.1658,5,1.51,6.77,0.2544,0.2,0.0,0.7695,1.2719,0.0,moderate (1-2 yrs),"recent-climate (2021-2025 repeats), no extra warming"
3403,-12.686,45.0388,5,1.642,6.97,0.2711,0.2,0.0,0.7942,1.3553,0.0,moderate (1-2 yrs),"recent-climate (2021-2025 repeats), no extra warming"
3412,-21.2692,55.333,5,4.99,16.99,0.4243,0.4,0.2,0.9367,2.1213,0.6723,high (2-3 yrs),"recent-climate (2021-2025 repeats), no extra warming"
3413,-21.2644,55.3277,5,4.99,16.99,0.4243,0.4,0.2,0.9367,2.1213,0.6723,high (2-3 yrs),"recent-climate (2021-2025 repeats), no extra warming"
3415,-21.1831,55.2862,5,4.756,16.73,0.411,0.4,0.2,0.9291,2.0552,0.6723,high (2-3 yrs),"recent-climate (2021-2025 repeats), no extra warming"
3416,-21.1802,55.2859,5,4.756,16.73,0.411,0.4,0.2,0.9291,2.0552,0.6723,high (2-3 yrs),"recent-climate (2021-2025 repeats), no extra warming"
3417,-21.1711,55.2831,5,4.756,16.73,0.411,0.4,0.2,0.9291,2.0552,0.6723,high (2-3 yrs),"recent-climate (2021-2025 repeats), no extra warming"
3418,-21.1711,55.2856,5,4.756,16.73,0.411,0.4,0.2,0.9291,2.0552,0.6723,high (2-3 yrs),"recent-climate (2021-2025 repeats), no extra warming"
3419,-21.1641,55.2848,5,4.756,16.73,0.411,0.4,0.2,0.9291,2.0552,0.6723,high (2-3 yrs),"recent-climate (2021-2025 repeats), no extra warming"
3420,-21.1102,55.2475,5,4.652,16.01,0.4115,0.4,0.2,0.9294,2.0574,0.6723,high (2-3 yrs),"recent-climate (2021-2025 repeats), no extra warming"
3421,-21.1076,55.2497,5,4.652,16.01,0.4115,0.4,0.2,0.9294,2.0574,0.6723,high (2-3 yrs),"recent-climate (2021-2025 repeats), no extra warming"
3423,-21.1058,55.2392,5,4.652,16.01,0.4115,0.4,0.2,0.9294,2.0574,0.6723,high (2-3 yrs),"recent-climate (2021-2025 repeats), no extra warming"
3425,-21.1028,55.2428,5,4.652,16.01,0.4115,0.4,0.2,0.9294,2.0574,0.6723,high (2-3 yrs),"recent-climate (2021-2025 repeats), no extra warming"
3426,-21.0998,55.2314,5,4.504,15.34,0.4169,0.4,0.2,0.9326,2.0846,0.6723,high (2-3 yrs),"recent-climate (2021-2025 repeats), no extra warming"
3427,-21.0968,55.2357,5,4.504,15.34,0.4169,0.4,0.2,0.9326,2.0846,0.6723,high (2-3 yrs),"recent-climate (2021-2025 repeats), no extra warming"
3428,-21.0854,55.2206,5,4.504,15.34,0.4169,0.4,0.2,0.9326,2.0846,0.6723,high (2-3 yrs),"recent-climate (2021-2025 repeats), no extra warming"
3429,-21.0843,55.2248,5,4.504,15.34,0.4169,0.4,0.2,0.9326,2.0846,0.6723,high (2-3 yrs),"recent-climate (2021-2025 repeats), no extra warming"
3430,-21.0732,55.2194,5,4.504,15.34,0.4169,0.4,0.2,0.9326,2.0846,0.6723,high (2-3 yrs),"recent-climate (2021-2025 repeats), no extra warming"
3432,-21.0698,55.2172,5,4.504,15.34,0.4169,0.4,0.2,0.9326,2.0846,0.6723,high (2-3 yrs),"recent-climate (2021-2025 repeats), no extra warming"
3433,-21.0512,55.2221,5,4.504,15.34,0.4169,0.4,0.2,0.9326,2.0846,0.6723,high (2-3 yrs),"recent-climate (2021-2025 repeats), no extra warming"
3437,-21.0258,55.2273,5,4.272,14.58,0.4126,0.4,0.2,0.9301,2.063,0.6723,high (2-3 yrs),"recent-climate (2021-2025 repeats), no extra warming"
3438,-21.0246,55.2268,5,4.272,14.58,0.4126,0.4,0.2,0.9301,2.063,0.6723,high (2-3 yrs),"recent-climate (2021-2025 repeats), no extra warming"
3441,-12.9639,45.0835,5,1.4,6.39,0.2462,0.2,0.0,0.7566,1.2308,0.0,moderate (1-2 yrs),"recent-climate (2021-2025 repeats), no extra warming"
3444,-12.8697,45.2697,5,1.526,7.32,0.2427,0.2,0.0,0.7509,1.2133,0.0,moderate (1-2 yrs),"recent-climate (2021-2025 repeats), no extra warming"
3445,-12.8642,45.2712,5,1.526,7.32,0.2427,0.2,0.0,0.7509,1.2133,0.0,moderate (1-2 yrs),"recent-climate (2021-2025 repeats), no extra warming"
3448,-12.7142,45.1348,5,1.464,6.68,0.2495,0.2,0.0,0.7619,1.2476,0.0,moderate (1-2 yrs),"recent-climate (2021-2025 repeats), no extra warming"
3450,15.8726,-61.31,5,11.776,20.79,0.7684,0.6,0.6,0.9993,3.8422,0.9898,very high (3+ yrs),"recent-climate (2021-2025 repeats), no extra warming"
3451,15.8764,-61.6017,5,11.28,20.17,0.7431,0.6,0.6,0.9989,3.7156,0.9898,very high (3+ yrs),"recent-climate (2021-2025 repeats), no extra warming"
3452,15.9539,-61.7104,5,11.296,20.21,0.746,0.6,0.6,0.9989,3.7302,0.9898,very high (3+ yrs),"recent-climate (2021-2025 repeats), no extra warming"
3454,16.1384,-61.7757,5,10.96,20.11,0.7287,0.6,0.6,0.9985,3.6433,0.9898,very high (3+ yrs),"recent-climate (2021-2025 repeats), no extra warming"
3455,16.1751,-61.1056,5,12.138,21.48,0.7814,0.6,0.6,0.9995,3.907,0.9898,very high (3+ yrs),"recent-climate (2021-2025 repeats), no extra warming"
3456,16.1999,-61.4898,5,12.262,21.56,0.7953,0.6,0.6,0.9996,3.9765,0.9898,very high (3+ yrs),"recent-climate (2021-2025 repeats), no extra warming"
3457,16.2399,-61.2852,5,11.812,21.28,0.7667,0.6,0.6,0.9993,3.8334,0.9898,very high (3+ yrs),"recent-climate (2021-2025 repeats), no extra warming"
3459,16.4312,-61.5429,5,11.348,20.97,0.7324,0.6,0.6,0.9986,3.6622,0.9898,very high (3+ yrs),"recent-climate (2021-2025 repeats), no extra warming"
3460,18.0712,-63.0101,5,11.538,21.72,0.7875,0.8,0.6,0.9996,3.9377,0.9898,very high (3+ yrs),"recent-climate (2021-2025 repeats), no extra warming"
3461,18.0909,-63.0106,5,11.538,21.72,0.7875,0.8,0.6,0.9996,3.9377,0.9898,very high (3+ yrs),"recent-climate (2021-2025 repeats), no extra warming"
3462,18.1029,-63.0161,5,11.424,21.69,0.7797,0.8,0.6,0.9995,3.8985,0.9898,very high (3+ yrs),"recent-climate (2021-2025 repeats), no extra warming"
3463,18.1184,-63.0566,5,11.286,21.69,0.7586,0.8,0.6,0.9992,3.7928,0.9898,very high (3+ yrs),"recent-climate (2021-2025 repeats), no extra warming"
3468,-17.498,-149.7562,5,0.43,2.15,0.1564,0.0,0.0,0.5728,0.782,0.0,low (<1 yr),"recent-climate (2021-2025 repeats), no extra warming"
3469,-17.4849,-149.8399,5,0.46,2.3,0.1606,0.0,0.0,0.5833,0.8031,0.0,low (<1 yr),"recent-climate (2021-2025 repeats), no extra warming"
3523,-17.7168,-149.5856,5,0.184,0.92,0.1167,0.0,0.0,0.4624,0.5837,0.0,low (<1 yr),"recent-climate (2021-2025 repeats), no extra warming"
3525,-17.7156,-149.5836,5,0.184,0.92,0.1167,0.0,0.0,0.4624,0.5837,0.0,low (<1 yr),"recent-climate (2021-2025 repeats), no extra warming"
3526,-17.6564,-149.6026,5,0.278,1.39,0.1328,0.0,0.0,0.5095,0.6638,0.0,low (<1 yr),"recent-climate (2021-2025 repeats), no extra warming"
3530,-17.6448,-149.6127,5,0.276,1.38,0.1324,0.0,0.0,0.5085,0.6622,0.0,low (<1 yr),"recent-climate (2021-2025 repeats), no extra warming"
3533,-17.5931,-149.8565,5,0.386,1.93,0.1499,0.0,0.0,0.5561,0.7497,0.0,low (<1 yr),"recent-climate (2021-2025 repeats), no extra warming"
3534,-17.5871,-149.8525,5,0.386,1.93,0.1499,0.0,0.0,0.5561,0.7497,0.0,low (<1 yr),"recent-climate (2021-2025 repeats), no extra warming"
3535,-17.5863,-149.8531,5,0.386,1.93,0.1499,0.0,0.0,0.5561,0.7497,0.0,low (<1 yr),"recent-climate (2021-2025 repeats), no extra warming"
3538,-17.5506,-149.8839,5,0.386,1.93,0.1499,0.0,0.0,0.5561,0.7497,0.0,low (<1 yr),"recent-climate (2021-2025 repeats), no extra warming"
3539,-17.5422,-149.902,5,0.464,2.32,0.1612,0.0,0.0,0.5847,0.8058,0.0,low (<1 yr),"recent-climate (2021-2025 repeats), no extra warming"
3543,-17.4903,-149.9076,5,0.476,2.38,0.1628,0.0,0.0,0.5887,0.814,0.0,low (<1 yr),"recent-climate (2021-2025 repeats), no extra warming"
3545,-17.4864,-149.8912,5,0.466,2.33,0.1614,0.0,0.0,0.5854,0.8072,0.0,low (<1 yr),"recent-climate (2021-2025 repeats), no extra warming"
3547,-17.4833,-149.8126,5,0.46,2.3,0.1606,0.0,0.0,0.5833,0.8031,0.0,low (<1 yr),"recent-climate (2021-2025 repeats), no extra warming"
3550,-17.4782,-149.8392,5,0.46,2.3,0.1606,0.0,0.0,0.5833,0.8031,0.0,low (<1 yr),"recent-climate (2021-2025 repeats), no extra warming"
3555,-17.4748,-149.8162,5,0.46,2.3,0.1606,0.0,0.0,0.5833,0.8031,0.0,low (<1 yr),"recent-climate (2021-2025 repeats), no extra warming"
3556,-17.4733,-149.8174,5,0.46,2.3,0.1606,0.0,0.0,0.5833,0.8031,0.0,low (<1 yr),"recent-climate (2021-2025 repeats), no extra warming"
3557,-16.879,-151.352,5,0.63,3.15,0.1815,0.0,0.0,0.6327,0.9077,0.0,low (<1 yr),"recent-climate (2021-2025 repeats), no extra warming"
3562,-16.7355,-151.5039,5,0.598,2.99,0.178,0.0,0.0,0.6247,0.8899,0.0,low (<1 yr),"recent-climate (2021-2025 repeats), no extra warming"
3568,-16.5526,-151.7326,5,0.602,3.01,0.1784,0.0,0.0,0.6257,0.8922,0.0,low (<1 yr),"recent-climate (2021-2025 repeats), no extra warming"
3571,-16.5515,-151.7784,5,0.614,3.07,0.1798,0.0,0.0,0.6288,0.8989,0.0,low (<1 yr),"recent-climate (2021-2025 repeats), no extra warming"
3573,-16.5491,-151.7038,5,0.614,3.07,0.1798,0.0,0.0,0.6288,0.8989,0.0,low (<1 yr),"recent-climate (2021-2025 repeats), no extra warming"
3577,-16.5427,-151.7408,5,0.614,3.07,0.1798,0.0,0.0,0.6288,0.8989,0.0,low (<1 yr),"recent-climate (2021-2025 repeats), no extra warming"
3579,-16.5424,-151.727,5,0.614,3.07,0.1798,0.0,0.0,0.6288,0.8989,0.0,low (<1 yr),"recent-climate (2021-2025 repeats), no extra warming"
3580,-16.5397,-151.7887,5,0.582,2.91,0.1761,0.0,0.0,0.6204,0.8807,0.0,low (<1 yr),"recent-climate (2021-2025 repeats), no extra warming"
3581,-16.5353,-151.7479,5,0.614,3.07,0.1798,0.0,0.0,0.6288,0.8989,0.0,low (<1 yr),"recent-climate (2021-2025 repeats), no extra warming"
3582,-16.5353,-151.7284,5,0.614,3.07,0.1798,0.0,0.0,0.6288,0.8989,0.0,low (<1 yr),"recent-climate (2021-2025 repeats), no extra warming"
3583,-16.5348,-151.7299,5,0.614,3.07,0.1798,0.0,0.0,0.6288,0.8989,0.0,low (<1 yr),"recent-climate (2021-2025 repeats), no extra warming"
3584,-16.5336,-151.7343,5,0.614,3.07,0.1798,0.0,0.0,0.6288,0.8989,0.0,low (<1 yr),"recent-climate (2021-2025 repeats), no extra warming"
3585,-16.5297,-151.7282,5,0.614,3.07,0.1798,0.0,0.0,0.6288,0.8989,0.0,low (<1 yr),"recent-climate (2021-2025 repeats), no extra warming"
3586,-16.5295,-151.7723,5,0.582,2.91,0.1761,0.0,0.0,0.6204,0.8807,0.0,low (<1 yr),"recent-climate (2021-2025 repeats), no extra warming"
3590,-16.5069,-151.7642,5,0.582,2.91,0.1761,0.0,0.0,0.6204,0.8807,0.0,low (<1 yr),"recent-climate (2021-2025 repeats), no extra warming"
3591,-16.5064,-151.7836,5,0.582,2.91,0.1761,0.0,0.0,0.6204,0.8807,0.0,low (<1 yr),"recent-climate (2021-2025 repeats), no extra warming"
3594,-16.4994,-151.784,5,0.672,3.36,0.186,0.0,0.0,0.6425,0.9298,0.0,low (<1 yr),"recent-climate (2021-2025 repeats), no extra warming"
3595,-16.499,-151.7573,5,0.672,3.36,0.186,0.0,0.0,0.6425,0.9298,0.0,low (<1 yr),"recent-climate (2021-2025 repeats), no extra warming"
3596,-16.4918,-151.71,5,0.666,3.33,0.1853,0.0,0.0,0.6412,0.9267,0.0,low (<1 yr),"recent-climate (2021-2025 repeats), no extra warming"
3597,-16.4796,-151.7204,5,0.666,3.33,0.1853,0.0,0.0,0.6412,0.9267,0.0,low (<1 yr),"recent-climate (2021-2025 repeats), no extra warming"
3600,-16.457,-151.7758,5,0.672,3.36,0.186,0.0,0.0,0.6425,0.9298,0.0,low (<1 yr),"recent-climate (2021-2025 repeats), no extra warming"
3601,-16.4481,-151.7659,5,0.708,3.54,0.1895,0.0,0.0,0.6503,0.9477,0.0,low (<1 yr),"recent-climate (2021-2025 repeats), no extra warming"
3611,-14.9756,-147.6361,5,0.718,3.59,0.1905,0.0,0.0,0.6524,0.9525,0.0,low (<1 yr),"recent-climate (2021-2025 repeats), no extra warming"
3619,12.0853,-61.7629,5,11.878,22.43,0.8234,0.8,0.6,0.9998,4.1168,0.9898,very high (3+ yrs),"recent-climate (2021-2025 repeats), no extra warming"
3620,12.0886,-61.7624,5,11.878,22.43,0.8234,0.8,0.6,0.9998,4.1168,0.9898,very high (3+ yrs),"recent-climate (2021-2025 repeats), no extra warming"
3621,12.0917,-61.7589,5,11.878,22.43,0.8234,0.8,0.6,0.9998,4.1168,0.9898,very high (3+ yrs),"recent-climate (2021-2025 repeats), no extra warming"
3622,12.4849,-61.4956,5,11.706,22.03,0.8082,0.8,0.6,0.9997,4.0411,0.9898,very high (3+ yrs),"recent-climate (2021-2025 repeats), no extra warming"
3623,12.4858,-61.4827,5,11.706,22.03,0.8082,0.8,0.6,0.9997,4.0411,0.9898,very high (3+ yrs),"recent-climate (2021-2025 repeats), no extra warming"
3624,12.4878,-61.4906,5,11.706,22.03,0.8082,0.8,0.6,0.9997,4.0411,0.9898,very high (3+ yrs),"recent-climate (2021-2025 repeats), no extra warming"
3625,12.4953,-61.4658,5,11.706,22.03,0.8082,0.8,0.6,0.9997,4.0411,0.9898,very high (3+ yrs),"recent-climate (2021-2025 repeats), no extra warming"
3643,18.0383,-73.9095,5,15.018,23.99,0.9024,1.0,0.8,1.0,4.512,0.9997,very high (3+ yrs),"recent-climate (2021-2025 repeats), no extra warming"
3644,18.1452,-73.9779,5,12.92,22.52,0.8509,1.0,0.6,0.9999,4.2543,0.9898,very high (3+ yrs),"recent-climate (2021-2025 repeats), no extra warming"
3645,18.2873,-74.3433,5,10.364,20.98,0.7116,0.6,0.6,0.998,3.5582,0.9898,very high (3+ yrs),"recent-climate (2021-2025 repeats), no extra warming"
3646,18.2081,-73.5038,5,16.214,24.94,0.913,1.0,0.8,1.0,4.5648,0.9997,very high (3+ yrs),"recent-climate (2021-2025 repeats), no extra warming"
3647,18.2258,-72.0667,5,11.088,20.08,0.7308,0.6,0.6,0.9986,3.6541,0.9898,very high (3+ yrs),"recent-climate (2021-2025 repeats), no extra warming"
3648,18.237,-74.0912,5,11.5,21.62,0.7892,0.6,0.6,0.9996,3.946,0.9898,very high (3+ yrs),"recent-climate (2021-2025 repeats), no extra warming"
3649,18.2459,-73.4826,5,15.424,24.48,0.8997,1.0,0.8,1.0,4.4986,0.9997,very high (3+ yrs),"recent-climate (2021-2025 repeats), no extra warming"
3651,18.2811,-74.1814,5,10.956,21.27,0.7497,0.6,0.6,0.999,3.7483,0.9898,very high (3+ yrs),"recent-climate (2021-2025 repeats), no extra warming"
3652,18.4143,-74.4795,5,9.01,19.84,0.6299,0.6,0.4,0.9931,3.1496,0.9222,very high (3+ yrs),"recent-climate (2021-2025 repeats), no extra warming"
3653,18.4306,-72.7897,5,12.466,20.86,0.7576,0.8,0.6,0.9992,3.7879,0.9898,very high (3+ yrs),"recent-climate (2021-2025 repeats), no extra warming"
3654,18.4333,-72.7234,5,12.382,20.7,0.7569,0.8,0.6,0.9992,3.7844,0.9898,very high (3+ yrs),"recent-climate (2021-2025 repeats), no extra warming"
3655,18.4416,-74.4737,5,9.01,19.84,0.6299,0.6,0.4,0.9931,3.1496,0.9222,very high (3+ yrs),"recent-climate (2021-2025 repeats), no extra warming"
3656,18.4457,-72.6957,5,12.38,20.68,0.7591,0.8,0.6,0.9992,3.7954,0.9898,very high (3+ yrs),"recent-climate (2021-2025 repeats), no extra warming"
3657,18.4568,-73.0713,5,12.456,20.92,0.748,0.8,0.6,0.999,3.74,0.9898,very high (3+ yrs),"recent-climate (2021-2025 repeats), no extra warming"
3658,18.477,-73.2383,5,12.174,20.64,0.7424,0.8,0.6,0.9989,3.7119,0.9898,very high (3+ yrs),"recent-climate (2021-2025 repeats), no extra warming"
3659,18.5053,-73.3408,5,12.112,20.65,0.7378,0.8,0.6,0.9988,3.6892,0.9898,very high (3+ yrs),"recent-climate (2021-2025 repeats), no extra warming"
3660,18.5307,-73.534,5,12.138,20.99,0.7349,0.8,0.6,0.9987,3.6744,0.9898,very high (3+ yrs),"recent-climate (2021-2025 repeats), no extra warming"
3661,18.5631,-73.5748,5,11.914,20.93,0.7255,0.6,0.6,0.9984,3.6274,0.9898,very high (3+ yrs),"recent-climate (2021-2025 repeats), no extra warming"
3662,18.5999,-74.4281,5,8.904,19.2,0.6217,0.6,0.4,0.9923,3.1086,0.9222,very high (3+ yrs),"recent-climate (2021-2025 repeats), no extra warming"
3663,18.6559,-74.3077,5,8.882,19.0,0.5899,0.6,0.6,0.9884,2.9496,0.9898,high (2-3 yrs),"recent-climate (2021-2025 repeats), no extra warming"
3664,18.6618,-74.1434,5,9.072,19.07,0.597,0.6,0.6,0.9894,2.9848,0.9898,high (2-3 yrs),"recent-climate (2021-2025 repeats), no extra warming"
3665,18.6655,-74.1477,5,9.072,19.07,0.597,0.6,0.6,0.9894,2.9848,0.9898,high (2-3 yrs),"recent-climate (2021-2025 repeats), no extra warming"
3666,18.6678,-74.2646,5,8.758,18.93,0.5873,0.6,0.4,0.988,2.9365,0.9222,high (2-3 yrs),"recent-climate (2021-2025 repeats), no extra warming"
3667,18.6697,-74.1634,5,8.774,18.89,0.5878,0.6,0.4,0.9881,2.9391,0.9222,high (2-3 yrs),"recent-climate (2021-2025 repeats), no extra warming"
3668,18.6707,-74.1752,5,8.774,18.89,0.5878,0.6,0.4,0.9881,2.9391,0.9222,high (2-3 yrs),"recent-climate (2021-2025 repeats), no extra warming"
3669,18.6736,-74.1831,5,8.774,18.89,0.5878,0.6,0.4,0.9881,2.9391,0.9222,high (2-3 yrs),"recent-climate (2021-2025 repeats), no extra warming"
3670,18.6747,-74.2353,5,8.706,18.87,0.5864,0.6,0.4,0.9879,2.932,0.9222,high (2-3 yrs),"recent-climate (2021-2025 repeats), no extra warming"
3671,18.6769,-74.1952,5,8.774,18.89,0.5878,0.6,0.4,0.9881,2.9391,0.9222,high (2-3 yrs),"recent-climate (2021-2025 repeats), no extra warming"
3694,19.7112,-71.8447,5,7.538,15.27,0.6,0.6,0.6,0.9898,2.9998,0.9898,high (2-3 yrs),"recent-climate (2021-2025 repeats), no extra warming"
3706,19.8995,-72.5918,5,6.896,14.5,0.57,0.6,0.4,0.9853,2.8499,0.9222,high (2-3 yrs),"recent-climate (2021-2025 repeats), no extra warming"
3707,20.0054,-72.7496,5,6.726,14.17,0.5795,0.6,0.4,0.9868,2.8974,0.9222,high (2-3 yrs),"recent-climate (2021-2025 repeats), no extra warming"
3708,20.0569,-72.9678,5,6.446,13.88,0.5542,0.6,0.4,0.9824,2.7712,0.9222,high (2-3 yrs),"recent-climate (2021-2025 repeats), no extra warming"
3709,20.0921,-72.8106,5,6.558,14.12,0.5689,0.6,0.4,0.9851,2.8446,0.9222,high (2-3 yrs),"recent-climate (2021-2025 repeats), no extra warming"
3774,16.2995,-86.615,5,7.186,14.21,0.6272,0.6,0.4,0.9928,3.136,0.9222,very high (3+ yrs),"recent-climate (2021-2025 repeats), no extra warming"
3784,16.3428,-86.5589,5,7.404,14.32,0.6409,0.6,0.4,0.994,3.2046,0.9222,very high (3+ yrs),"recent-climate (2021-2025 repeats), no extra warming"
3787,16.3574,-86.5316,5,7.684,14.68,0.6545,0.6,0.6,0.9951,3.2725,0.9898,very high (3+ yrs),"recent-climate (2021-2025 repeats), no extra warming"
3793,16.5626,-86.9443,5,8.674,16.18,0.7256,0.6,0.6,0.9984,3.6279,0.9898,very high (3+ yrs),"recent-climate (2021-2025 repeats), no extra warming"
3870,-8.48,119.8359,5,5.626,8.64,0.7224,0.8,0.2,0.9984,3.6122,0.6723,very high (3+ yrs),"recent-climate (2021-2025 repeats), no extra warming"
3875,-8.3639,116.0348,5,4.15,6.33,0.6157,0.4,0.0,0.9916,3.0786,0.0,very high (3+ yrs),"recent-climate (2021-2025 repeats), no extra warming"
3877,-8.3579,116.0425,5,4.15,6.33,0.6157,0.4,0.0,0.9916,3.0786,0.0,very high (3+ yrs),"recent-climate (2021-2025 repeats), no extra warming"
3881,-8.3439,116.0262,5,4.13,6.24,0.612,0.4,0.0,0.9912,3.0602,0.0,very high (3+ yrs),"recent-climate (2021-2025 repeats), no extra warming"
3885,-8.3378,115.6611,5,4.432,7.47,0.6102,0.8,0.0,0.991,3.0511,0.0,very high (3+ yrs),"recent-climate (2021-2025 repeats), no extra warming"
3886,-8.3376,116.0376,5,4.13,6.24,0.612,0.4,0.0,0.9912,3.0602,0.0,very high (3+ yrs),"recent-climate (2021-2025 repeats), no extra warming"
3888,-8.3339,115.6547,5,4.432,7.47,0.6102,0.8,0.0,0.991,3.0511,0.0,very high (3+ yrs),"recent-climate (2021-2025 repeats), no extra warming"
3891,-8.2839,115.6033,5,4.244,7.17,0.5995,0.8,0.0,0.9897,2.9974,0.0,high (2-3 yrs),"recent-climate (2021-2025 repeats), no extra warming"
3892,-8.2811,115.6008,5,4.244,7.17,0.5995,0.8,0.0,0.9897,2.9974,0.0,high (2-3 yrs),"recent-climate (2021-2025 repeats), no extra warming"
3893,-8.2794,115.5992,5,4.134,6.89,0.5908,0.8,0.0,0.9885,2.9539,0.0,high (2-3 yrs),"recent-climate (2021-2025 repeats), no extra warming"
3894,-8.2789,115.5983,5,4.134,6.89,0.5908,0.8,0.0,0.9885,2.9539,0.0,high (2-3 yrs),"recent-climate (2021-2025 repeats), no extra warming"
3895,-8.2769,115.5944,5,4.134,6.89,0.5908,0.8,0.0,0.9885,2.9539,0.0,high (2-3 yrs),"recent-climate (2021-2025 repeats), no extra warming"
3897,-8.2761,115.5936,5,4.134,6.89,0.5908,0.8,0.0,0.9885,2.9539,0.0,high (2-3 yrs),"recent-climate (2021-2025 repeats), no extra warming"
3898,-8.2728,115.5919,5,4.134,6.89,0.5908,0.8,0.0,0.9885,2.9539,0.0,high (2-3 yrs),"recent-climate (2021-2025 repeats), no extra warming"
3900,-8.2592,115.5839,5,4.134,6.89,0.5908,0.8,0.0,0.9885,2.9539,0.0,high (2-3 yrs),"recent-climate (2021-2025 repeats), no extra warming"
3903,-8.1375,115.3942,5,2.642,4.76,0.4562,0.4,0.0,0.9524,2.2809,0.0,high (2-3 yrs),"recent-climate (2021-2025 repeats), no extra warming"
3904,-8.1247,115.3533,5,2.642,4.76,0.4562,0.4,0.0,0.9524,2.2809,0.0,high (2-3 yrs),"recent-climate (2021-2025 repeats), no extra warming"
3905,-8.1089,115.3169,5,2.332,4.26,0.4201,0.4,0.0,0.9344,2.1007,0.0,high (2-3 yrs),"recent-climate (2021-2025 repeats), no extra warming"
3908,-8.0942,115.2733,5,2.28,4.23,0.4133,0.4,0.0,0.9305,2.0664,0.0,high (2-3 yrs),"recent-climate (2021-2025 repeats), no extra warming"
4082,-4.5297,129.9536,5,5.59,7.36,0.7295,0.8,0.0,0.9986,3.6477,0.0,very high (3+ yrs),"recent-climate (2021-2025 repeats), no extra warming"
4083,-4.5053,129.8794,5,5.348,6.88,0.721,0.8,0.0,0.9983,3.6049,0.0,very high (3+ yrs),"recent-climate (2021-2025 repeats), no extra warming"
4084,-4.4872,129.9303,5,5.334,6.57,0.7236,0.8,0.0,0.9984,3.618,0.0,very high (3+ yrs),"recent-climate (2021-2025 repeats), no extra warming"
4199,-8.7158,115.4583,5,5.396,10.66,0.6304,0.6,0.4,0.9931,3.1521,0.9222,very high (3+ yrs),"recent-climate (2021-2025 repeats), no extra warming"
4200,-8.6858,115.4622,5,6.5,10.79,0.705,0.6,0.4,0.9978,3.5252,0.9222,very high (3+ yrs),"recent-climate (2021-2025 repeats), no extra warming"
4201,-8.6758,115.4428,5,6.21,11.35,0.6731,0.6,0.4,0.9963,3.3655,0.9222,very high (3+ yrs),"recent-climate (2021-2025 repeats), no extra warming"
4202,-8.675,115.4411,5,6.21,11.35,0.6731,0.6,0.4,0.9963,3.3655,0.9222,very high (3+ yrs),"recent-climate (2021-2025 repeats), no extra warming"
4203,-8.5095,119.7024,5,5.526,8.41,0.712,0.8,0.2,0.998,3.5598,0.6723,very high (3+ yrs),"recent-climate (2021-2025 repeats), no extra warming"
4204,-8.5094,116.8572,5,3.464,5.48,0.5526,0.4,0.0,0.9821,2.7631,0.0,high (2-3 yrs),"recent-climate (2021-2025 repeats), no extra warming"
4205,-8.4955,116.8812,5,3.606,5.46,0.5737,0.4,0.0,0.9859,2.8687,0.0,high (2-3 yrs),"recent-climate (2021-2025 repeats), no extra warming"
4206,-8.4931,116.8679,5,3.606,5.46,0.5737,0.4,0.0,0.9859,2.8687,0.0,high (2-3 yrs),"recent-climate (2021-2025 repeats), no extra warming"
4210,-8.411,119.8627,5,5.288,8.26,0.696,0.8,0.2,0.9974,3.48,0.6723,very high (3+ yrs),"recent-climate (2021-2025 repeats), no extra warming"
4211,-8.3915,119.7989,5,5.074,7.9,0.6855,0.8,0.0,0.9969,3.4275,0.0,very high (3+ yrs),"recent-climate (2021-2025 repeats), no extra warming"
4212,-8.3628,116.0298,5,4.15,6.33,0.6157,0.4,0.0,0.9916,3.0786,0.0,very high (3+ yrs),"recent-climate (2021-2025 repeats), no extra warming"
4213,-8.3624,116.0314,5,4.15,6.33,0.6157,0.4,0.0,0.9916,3.0786,0.0,very high (3+ yrs),"recent-climate (2021-2025 repeats), no extra warming"
4214,-8.3619,116.0536,5,4.012,5.96,0.606,0.4,0.0,0.9905,3.0299,0.0,very high (3+ yrs),"recent-climate (2021-2025 repeats), no extra warming"
4215,-8.3556,116.0515,5,4.012,5.96,0.606,0.4,0.0,0.9905,3.0299,0.0,very high (3+ yrs),"recent-climate (2021-2025 repeats), no extra warming"
4216,-8.3487,116.0858,5,4.006,6.17,0.6015,0.4,0.0,0.9899,3.0074,0.0,very high (3+ yrs),"recent-climate (2021-2025 repeats), no extra warming"
4217,-8.3452,116.0674,5,4.006,6.17,0.6015,0.4,0.0,0.9899,3.0074,0.0,very high (3+ yrs),"recent-climate (2021-2025 repeats), no extra warming"
4218,-8.3448,116.0247,5,4.13,6.24,0.612,0.4,0.0,0.9912,3.0602,0.0,very high (3+ yrs),"recent-climate (2021-2025 repeats), no extra warming"
4219,-8.3411,116.0273,5,4.13,6.24,0.612,0.4,0.0,0.9912,3.0602,0.0,very high (3+ yrs),"recent-climate (2021-2025 repeats), no extra warming"
4220,-8.3408,116.0426,5,4.13,6.24,0.612,0.4,0.0,0.9912,3.0602,0.0,very high (3+ yrs),"recent-climate (2021-2025 repeats), no extra warming"
4221,-8.3373,116.0365,5,4.13,6.24,0.612,0.4,0.0,0.9912,3.0602,0.0,very high (3+ yrs),"recent-climate (2021-2025 repeats), no extra warming"
4222,-8.3348,115.6532,5,4.432,7.47,0.6102,0.8,0.0,0.991,3.0511,0.0,very high (3+ yrs),"recent-climate (2021-2025 repeats), no extra warming"
4223,-8.3042,116.1368,5,3.918,5.85,0.5984,0.4,0.0,0.9896,2.9919,0.0,high (2-3 yrs),"recent-climate (2021-2025 repeats), no extra warming"
4225,-8.2511,115.6998,5,4.284,7.24,0.6019,0.8,0.0,0.99,3.0095,0.0,very high (3+ yrs),"recent-climate (2021-2025 repeats), no extra warming"
4226,-8.1391,115.3964,5,2.642,4.76,0.4562,0.4,0.0,0.9524,2.2809,0.0,high (2-3 yrs),"recent-climate (2021-2025 repeats), no extra warming"
4302,-4.5972,129.6681,5,5.766,6.73,0.7466,0.8,0.0,0.999,3.7332,0.0,very high (3+ yrs),"recent-climate (2021-2025 repeats), no extra warming"
4303,-4.5781,130.0358,5,6.388,8.36,0.7645,0.8,0.4,0.9993,3.8224,0.9222,very high (3+ yrs),"recent-climate (2021-2025 repeats), no extra warming"
4304,-4.5303,129.9525,5,5.59,7.36,0.7295,0.8,0.0,0.9986,3.6477,0.0,very high (3+ yrs),"recent-climate (2021-2025 repeats), no extra warming"
4305,-4.525,129.7853,5,5.38,6.49,0.7268,0.8,0.0,0.9985,3.6338,0.0,very high (3+ yrs),"recent-climate (2021-2025 repeats), no extra warming"
4306,-4.5131,129.9447,5,5.328,6.91,0.7195,0.8,0.0,0.9983,3.5973,0.0,very high (3+ yrs),"recent-climate (2021-2025 repeats), no extra warming"
4307,-4.5125,129.9083,5,5.328,6.91,0.7195,0.8,0.0,0.9983,3.5973,0.0,very high (3+ yrs),"recent-climate (2021-2025 repeats), no extra warming"
4308,-4.5125,129.9383,5,5.328,6.91,0.7195,0.8,0.0,0.9983,3.5973,0.0,very high (3+ yrs),"recent-climate (2021-2025 repeats), no extra warming"
4309,-4.5106,129.9464,5,5.328,6.91,0.7195,0.8,0.0,0.9983,3.5973,0.0,very high (3+ yrs),"recent-climate (2021-2025 repeats), no extra warming"
4310,-4.4992,129.9375,5,5.334,6.57,0.7236,0.8,0.0,0.9984,3.618,0.0,very high (3+ yrs),"recent-climate (2021-2025 repeats), no extra warming"
4311,-4.4978,129.9383,5,5.334,6.57,0.7236,0.8,0.0,0.9984,3.618,0.0,very high (3+ yrs),"recent-climate (2021-2025 repeats), no extra warming"
4312,-4.4964,129.9339,5,5.334,6.57,0.7236,0.8,0.0,0.9984,3.618,0.0,very high (3+ yrs),"recent-climate (2021-2025 repeats), no extra warming"
4340,0.1676,130.0157,5,4.958,9.35,0.6083,0.4,0.4,0.9908,3.0415,0.9222,very high (3+ yrs),"recent-climate (2021-2025 repeats), no extra warming"
4350,1.7375,125.1519,5,0.794,2.31,0.214,0.0,0.0,0.7001,1.0701,0.0,moderate (1-2 yrs),"recent-climate (2021-2025 repeats), no extra warming"
4351,1.74,125.1439,5,0.62,2.22,0.1867,0.0,0.0,0.6441,0.9335,0.0,low (<1 yr),"recent-climate (2021-2025 repeats), no extra warming"
4353,1.7697,125.0467,5,1.098,3.16,0.2577,0.0,0.0,0.7746,1.2883,0.0,moderate (1-2 yrs),"recent-climate (2021-2025 repeats), no extra warming"
4354,1.7747,125.0486,5,1.098,3.16,0.2577,0.0,0.0,0.7746,1.2883,0.0,moderate (1-2 yrs),"recent-climate (2021-2025 repeats), no extra warming"
4355,1.7914,125.1206,5,0.914,2.75,0.2322,0.0,0.0,0.7332,1.1612,0.0,moderate (1-2 yrs),"recent-climate (2021-2025 repeats), no extra warming"
4356,1.8458,125.0989,5,1.42,3.95,0.2986,0.0,0.0,0.8302,1.4928,0.0,moderate (1-2 yrs),"recent-climate (2021-2025 repeats), no extra warming"
4359,2.2617,118.2528,5,3.258,9.8,0.4514,0.2,0.2,0.9503,2.2572,0.6723,high (2-3 yrs),"recent-climate (2021-2025 repeats), no extra warming"
4360,2.2806,118.245,5,3.27,9.75,0.4542,0.2,0.2,0.9515,2.2708,0.6723,high (2-3 yrs),"recent-climate (2021-2025 repeats), no extra warming"
4372,-4.5114,129.8711,5,5.348,6.88,0.721,0.8,0.0,0.9983,3.6049,0.0,very high (3+ yrs),"recent-climate (2021-2025 repeats), no extra warming"
4386,25.8688,55.0158,5,0.258,0.68,0.1281,0.0,0.0,0.496,0.6403,0.0,low (<1 yr),"recent-climate (2021-2025 repeats), no extra warming"
4387,25.8906,55.0188,5,0.258,0.68,0.1281,0.0,0.0,0.496,0.6403,0.0,low (<1 yr),"recent-climate (2021-2025 repeats), no extra warming"
4388,25.8931,55.0259,5,0.258,0.68,0.1281,0.0,0.0,0.496,0.6403,0.0,low (<1 yr),"recent-climate (2021-2025 repeats), no extra warming"
4389,25.8935,54.5277,5,0.87,2.5,0.2269,0.0,0.0,0.7239,1.1347,0.0,moderate (1-2 yrs),"recent-climate (2021-2025 repeats), no extra warming"
4390,25.9005,54.5535,5,0.728,1.63,0.207,0.0,0.0,0.6864,1.035,0.0,moderate (1-2 yrs),"recent-climate (2021-2025 repeats), no extra warming"
4391,25.9039,54.493,5,0.858,2.3,0.2263,0.0,0.0,0.7228,1.1317,0.0,moderate (1-2 yrs),"recent-climate (2021-2025 repeats), no extra warming"
4392,26.2431,55.1565,5,0.216,0.62,0.1204,0.0,0.0,0.4736,0.6022,0.0,low (<1 yr),"recent-climate (2021-2025 repeats), no extra warming"
4393,26.2656,55.2858,5,0.356,0.67,0.1436,0.0,0.0,0.5394,0.7181,0.0,low (<1 yr),"recent-climate (2021-2025 repeats), no extra warming"
4394,26.2795,55.3005,5,0.424,0.77,0.1553,0.0,0.0,0.5699,0.7764,0.0,low (<1 yr),"recent-climate (2021-2025 repeats), no extra warming"
4409,17.8323,-76.9222,5,11.566,21.7,0.7483,0.6,0.6,0.999,3.7414,0.9898,very high (3+ yrs),"recent-climate (2021-2025 repeats), no extra warming"
4410,17.9019,-76.8459,5,11.084,21.27,0.7093,0.6,0.6,0.9979,3.5463,0.9898,very high (3+ yrs),"recent-climate (2021-2025 repeats), no extra warming"
4411,18.0999,-77.9861,5,8.788,18.63,0.6252,0.6,0.6,0.9926,3.1259,0.9898,very high (3+ yrs),"recent-climate (2021-2025 repeats), no extra warming"
4412,18.1365,-78.0382,5,8.658,18.02,0.6355,0.6,0.6,0.9936,3.1774,0.9898,very high (3+ yrs),"recent-climate (2021-2025 repeats), no extra warming"
4413,18.2095,-78.2596,5,8.966,18.38,0.6315,0.6,0.6,0.9932,3.1574,0.9898,very high (3+ yrs),"recent-climate (2021-2025 repeats), no extra warming"
4415,18.2618,-78.3663,5,8.068,17.86,0.5897,0.6,0.6,0.9884,2.9485,0.9898,high (2-3 yrs),"recent-climate (2021-2025 repeats), no extra warming"
4418,18.3422,-78.3556,5,7.934,17.64,0.5878,0.6,0.6,0.9881,2.9392,0.9898,high (2-3 yrs),"recent-climate (2021-2025 repeats), no extra warming"
4423,18.3609,-78.3433,5,7.734,17.54,0.5814,0.6,0.6,0.9871,2.9069,0.9898,high (2-3 yrs),"recent-climate (2021-2025 repeats), no extra warming"
4424,18.4094,-77.0897,5,6.562,15.36,0.566,0.6,0.6,0.9846,2.83,0.9898,high (2-3 yrs),"recent-climate (2021-2025 repeats), no extra warming"
4425,18.4098,-76.9788,5,7.202,16.09,0.5763,0.6,0.6,0.9863,2.8815,0.9898,high (2-3 yrs),"recent-climate (2021-2025 repeats), no extra warming"
4426,18.4108,-76.9485,5,7.496,16.25,0.5809,0.6,0.6,0.9871,2.9043,0.9898,high (2-3 yrs),"recent-climate (2021-2025 repeats), no extra warming"
4427,18.4119,-76.9917,5,7.202,16.09,0.5763,0.6,0.6,0.9863,2.8815,0.9898,high (2-3 yrs),"recent-climate (2021-2025 repeats), no extra warming"
4428,18.4124,-76.9454,5,7.496,16.25,0.5809,0.6,0.6,0.9871,2.9043,0.9898,high (2-3 yrs),"recent-climate (2021-2025 repeats), no extra warming"
4429,18.4131,-76.944,5,7.496,16.25,0.5809,0.6,0.6,0.9871,2.9043,0.9898,high (2-3 yrs),"recent-climate (2021-2025 repeats), no extra warming"
4430,18.4151,-77.1241,5,6.312,15.17,0.5596,0.6,0.4,0.9834,2.7982,0.9222,high (2-3 yrs),"recent-climate (2021-2025 repeats), no extra warming"
4431,18.4166,-77.079,5,6.562,15.36,0.566,0.6,0.6,0.9846,2.83,0.9898,high (2-3 yrs),"recent-climate (2021-2025 repeats), no extra warming"
4432,18.4191,-77.0699,5,6.562,15.36,0.566,0.6,0.6,0.9846,2.83,0.9898,high (2-3 yrs),"recent-climate (2021-2025 repeats), no extra warming"
4433,18.4529,-77.9675,5,6.726,15.19,0.5702,0.6,0.6,0.9853,2.8511,0.9898,high (2-3 yrs),"recent-climate (2021-2025 repeats), no extra warming"
4434,18.4636,-77.3573,5,6.634,15.45,0.5676,0.6,0.6,0.9849,2.8379,0.9898,high (2-3 yrs),"recent-climate (2021-2025 repeats), no extra warming"
4436,18.4668,-78.0153,5,6.672,15.36,0.5686,0.6,0.6,0.9851,2.8432,0.9898,high (2-3 yrs),"recent-climate (2021-2025 repeats), no extra warming"
4438,18.4689,-77.3907,5,6.634,15.45,0.5676,0.6,0.6,0.9849,2.8379,0.9898,high (2-3 yrs),"recent-climate (2021-2025 repeats), no extra warming"
4442,18.4949,-77.9338,5,6.69,15.23,0.5695,0.6,0.6,0.9852,2.8473,0.9898,high (2-3 yrs),"recent-climate (2021-2025 repeats), no extra warming"
4443,18.4962,-77.6369,5,6.208,15.22,0.558,0.6,0.4,0.9831,2.79,0.9222,high (2-3 yrs),"recent-climate (2021-2025 repeats), no extra warming"
4444,18.4978,-77.9328,5,6.69,15.23,0.5695,0.6,0.6,0.9852,2.8473,0.9898,high (2-3 yrs),"recent-climate (2021-2025 repeats), no extra warming"
4445,18.4987,-77.6389,5,6.208,15.22,0.558,0.6,0.4,0.9831,2.79,0.9222,high (2-3 yrs),"recent-climate (2021-2025 repeats), no extra warming"
4530,17.7947,-77.0772,5,13.33,23.08,0.8403,0.8,0.6,0.9999,4.2015,0.9898,very high (3+ yrs),"recent-climate (2021-2025 repeats), no extra warming"
4536,17.7999,-77.0173,5,12.672,22.56,0.8124,0.8,0.6,0.9998,4.0619,0.9898,very high (3+ yrs),"recent-climate (2021-2025 repeats), no extra warming"
4543,17.9199,-76.8199,5,11.084,21.27,0.7093,0.6,0.6,0.9979,3.5463,0.9898,very high (3+ yrs),"recent-climate (2021-2025 repeats), no extra warming"
4550,18.0909,-77.9775,5,8.788,18.63,0.6252,0.6,0.6,0.9926,3.1259,0.9898,very high (3+ yrs),"recent-climate (2021-2025 repeats), no extra warming"
4552,18.1076,-77.9995,5,8.9,18.57,0.637,0.6,0.6,0.9937,3.1851,0.9898,very high (3+ yrs),"recent-climate (2021-2025 repeats), no extra warming"
4553,18.1219,-78.0182,5,8.658,18.02,0.6355,0.6,0.6,0.9936,3.1774,0.9898,very high (3+ yrs),"recent-climate (2021-2025 repeats), no extra warming"
4558,18.1915,-78.1229,5,8.898,18.15,0.6652,0.6,0.6,0.9958,3.3259,0.9898,very high (3+ yrs),"recent-climate (2021-2025 repeats), no extra warming"
4560,18.1964,-78.1046,5,8.898,18.15,0.6652,0.6,0.6,0.9958,3.3259,0.9898,very high (3+ yrs),"recent-climate (2021-2025 repeats), no extra warming"
4577,18.4088,-76.9674,5,7.202,16.09,0.5763,0.6,0.6,0.9863,2.8815,0.9898,high (2-3 yrs),"recent-climate (2021-2025 repeats), no extra warming"
4578,18.412,-76.9472,5,7.496,16.25,0.5809,0.6,0.6,0.9871,2.9043,0.9898,high (2-3 yrs),"recent-climate (2021-2025 repeats), no extra warming"
4579,18.412,-76.9915,5,7.202,16.09,0.5763,0.6,0.6,0.9863,2.8815,0.9898,high (2-3 yrs),"recent-climate (2021-2025 repeats), no extra warming"
4581,18.4134,-78.2702,5,7.642,17.14,0.5811,0.6,0.6,0.9871,2.9057,0.9898,high (2-3 yrs),"recent-climate (2021-2025 repeats), no extra warming"
4582,18.4139,-76.9423,5,7.496,16.25,0.5809,0.6,0.6,0.9871,2.9043,0.9898,high (2-3 yrs),"recent-climate (2021-2025 repeats), no extra warming"
4583,18.4208,-77.1386,5,6.312,15.17,0.5596,0.6,0.4,0.9834,2.7982,0.9222,high (2-3 yrs),"recent-climate (2021-2025 repeats), no extra warming"
4584,18.4246,-78.2508,5,7.642,17.14,0.5811,0.6,0.6,0.9871,2.9057,0.9898,high (2-3 yrs),"recent-climate (2021-2025 repeats), no extra warming"
4585,18.44,-77.1603,5,6.13,15.01,0.5553,0.6,0.4,0.9826,2.7764,0.9222,high (2-3 yrs),"recent-climate (2021-2025 repeats), no extra warming"
4588,18.4582,-78.0752,5,6.916,16.05,0.5717,0.6,0.6,0.9856,2.8585,0.9898,high (2-3 yrs),"recent-climate (2021-2025 repeats), no extra warming"
4590,18.4664,-77.9474,5,6.69,15.23,0.5695,0.6,0.6,0.9852,2.8473,0.9898,high (2-3 yrs),"recent-climate (2021-2025 repeats), no extra warming"
4591,18.4674,-78.1214,5,7.16,16.41,0.5754,0.6,0.6,0.9862,2.8769,0.9898,high (2-3 yrs),"recent-climate (2021-2025 repeats), no extra warming"
4604,18.4999,-77.6459,5,6.208,15.22,0.558,0.6,0.4,0.9831,2.79,0.9222,high (2-3 yrs),"recent-climate (2021-2025 repeats), no extra warming"
4606,24.3669,124.0034,5,6.496,14.53,0.5879,0.6,0.4,0.9881,2.9394,0.9222,high (2-3 yrs),"recent-climate (2021-2025 repeats), no extra warming"
4607,24.4548,124.1098,5,6.012,13.56,0.5619,0.6,0.4,0.9839,2.8095,0.9222,high (2-3 yrs),"recent-climate (2021-2025 repeats), no extra warming"
4610,24.4826,124.1254,5,6.012,13.56,0.5619,0.6,0.4,0.9839,2.8095,0.9222,high (2-3 yrs),"recent-climate (2021-2025 repeats), no extra warming"
4611,24.4837,124.1232,5,6.012,13.56,0.5619,0.6,0.4,0.9839,2.8095,0.9222,high (2-3 yrs),"recent-climate (2021-2025 repeats), no extra warming"
4622,26.4405,127.7772,5,7.798,16.43,0.6723,0.6,0.4,0.9962,3.3613,0.9222,very high (3+ yrs),"recent-climate (2021-2025 repeats), no extra warming"
4633,26.5326,128.0748,5,6.21,13.74,0.5939,0.6,0.4,0.989,2.9697,0.9222,high (2-3 yrs),"recent-climate (2021-2025 repeats), no extra warming"
4635,30.4577,130.4888,5,6.002,12.18,0.5628,0.6,0.6,0.984,2.8142,0.9898,high (2-3 yrs),"recent-climate (2021-2025 repeats), no extra warming"
4637,30.4579,130.4889,5,6.002,12.18,0.5628,0.6,0.6,0.984,2.8142,0.9898,high (2-3 yrs),"recent-climate (2021-2025 repeats), no extra warming"
4638,30.4581,130.4889,5,6.002,12.18,0.5628,0.6,0.6,0.984,2.8142,0.9898,high (2-3 yrs),"recent-climate (2021-2025 repeats), no extra warming"
4639,30.4581,130.4889,5,6.002,12.18,0.5628,0.6,0.6,0.984,2.8142,0.9898,high (2-3 yrs),"recent-climate (2021-2025 repeats), no extra warming"
4640,30.4581,130.4889,5,6.002,12.18,0.5628,0.6,0.6,0.984,2.8142,0.9898,high (2-3 yrs),"recent-climate (2021-2025 repeats), no extra warming"
4641,30.4581,130.4891,5,6.002,12.18,0.5628,0.6,0.6,0.984,2.8142,0.9898,high (2-3 yrs),"recent-climate (2021-2025 repeats), no extra warming"
4648,32.7773,132.8703,5,5.92,13.22,0.6173,0.6,0.2,0.9918,3.0867,0.6723,very high (3+ yrs),"recent-climate (2021-2025 repeats), no extra warming"
4649,32.8134,129.0542,5,8.808,15.35,0.7664,0.8,0.4,0.9993,3.8322,0.9222,very high (3+ yrs),"recent-climate (2021-2025 repeats), no extra warming"
4664,33.5213,133.7536,5,11.77,20.02,0.8093,0.8,0.8,0.9997,4.0465,0.9997,very high (3+ yrs),"recent-climate (2021-2025 repeats), no extra warming"
4667,33.6906,135.336,5,7.066,11.97,0.7203,0.8,0.4,0.9983,3.6017,0.9222,very high (3+ yrs),"recent-climate (2021-2025 repeats), no extra warming"
4712,24.3661,124.0003,5,6.496,14.53,0.5879,0.6,0.4,0.9881,2.9394,0.9222,high (2-3 yrs),"recent-climate (2021-2025 repeats), no extra warming"
4715,26.355,127.1427,5,7.788,17.47,0.6368,0.6,0.6,0.9937,3.1841,0.9898,very high (3+ yrs),"recent-climate (2021-2025 repeats), no extra warming"
4723,26.2328,127.3109,5,8.464,18.61,0.6955,0.6,0.6,0.9974,3.4773,0.9898,very high (3+ yrs),"recent-climate (2021-2025 repeats), no extra warming"
4724,28.0729,129.3315,5,9.616,19.01,0.7193,0.6,0.6,0.9983,3.5965,0.9898,very high (3+ yrs),"recent-climate (2021-2025 repeats), no extra warming"
4731,24.8136,125.1447,5,6.034,14.56,0.5751,0.4,0.4,0.9862,2.8757,0.9222,high (2-3 yrs),"recent-climate (2021-2025 repeats), no extra warming"
4732,24.8136,125.1442,5,6.034,14.56,0.5751,0.4,0.4,0.9862,2.8757,0.9222,high (2-3 yrs),"recent-climate (2021-2025 repeats), no extra warming"
4733,24.8614,125.2838,5,6.088,14.99,0.5558,0.6,0.4,0.9827,2.7791,0.9222,high (2-3 yrs),"recent-climate (2021-2025 repeats), no extra warming"
4734,24.937,125.2333,5,6.3,15.42,0.5726,0.6,0.4,0.9857,2.8632,0.9222,high (2-3 yrs),"recent-climate (2021-2025 repeats), no extra warming"
4740,26.3269,127.745,5,7.59,16.64,0.656,0.6,0.4,0.9952,3.2798,0.9222,very high (3+ yrs),"recent-climate (2021-2025 repeats), no extra warming"
4741,26.3269,127.7443,5,7.59,16.64,0.656,0.6,0.4,0.9952,3.2798,0.9222,very high (3+ yrs),"recent-climate (2021-2025 repeats), no extra warming"
4742,26.3271,127.7448,5,7.59,16.64,0.656,0.6,0.4,0.9952,3.2798,0.9222,very high (3+ yrs),"recent-climate (2021-2025 repeats), no extra warming"
4743,26.3271,127.7439,5,7.59,16.64,0.656,0.6,0.4,0.9952,3.2798,0.9222,very high (3+ yrs),"recent-climate (2021-2025 repeats), no extra warming"
4747,26.3324,127.7423,5,7.59,16.64,0.656,0.6,0.4,0.9952,3.2798,0.9222,very high (3+ yrs),"recent-climate (2021-2025 repeats), no extra warming"
4748,26.3326,127.7416,5,7.59,16.64,0.656,0.6,0.4,0.9952,3.2798,0.9222,very high (3+ yrs),"recent-climate (2021-2025 repeats), no extra warming"
4751,26.362,127.7372,5,7.414,16.13,0.6464,0.6,0.4,0.9945,3.2318,0.9222,very high (3+ yrs),"recent-climate (2021-2025 repeats), no extra warming"
4752,26.4956,127.8389,5,7.874,16.53,0.6768,0.6,0.4,0.9965,3.3838,0.9222,very high (3+ yrs),"recent-climate (2021-2025 repeats), no extra warming"
4754,26.5532,127.9696,5,7.1,15.12,0.6291,0.6,0.4,0.993,3.1456,0.9222,very high (3+ yrs),"recent-climate (2021-2025 repeats), no extra warming"
4757,26.7146,128.0224,5,7.2,15.5,0.6217,0.6,0.4,0.9922,3.1084,0.9222,very high (3+ yrs),"recent-climate (2021-2025 repeats), no extra warming"
4758,26.7147,128.0144,5,7.2,15.5,0.6217,0.6,0.4,0.9922,3.1084,0.9222,very high (3+ yrs),"recent-climate (2021-2025 repeats), no extra warming"
4759,26.7155,128.0183,5,7.2,15.5,0.6217,0.6,0.4,0.9922,3.1084,0.9222,very high (3+ yrs),"recent-climate (2021-2025 repeats), no extra warming"
4760,26.8474,128.288,5,6.048,13.52,0.6004,0.6,0.4,0.9898,3.002,0.9222,very high (3+ yrs),"recent-climate (2021-2025 repeats), no extra warming"
4763,32.7784,132.7325,5,6.374,12.51,0.6538,0.6,0.4,0.995,3.2691,0.9222,very high (3+ yrs),"recent-climate (2021-2025 repeats), no extra warming"
4764,32.7788,132.7326,5,6.374,12.51,0.6538,0.6,0.4,0.995,3.2691,0.9222,very high (3+ yrs),"recent-climate (2021-2025 repeats), no extra warming"
4770,24.2312,123.9935,5,6.61,14.98,0.606,0.6,0.4,0.9905,3.0298,0.9222,very high (3+ yrs),"recent-climate (2021-2025 repeats), no extra warming"
4774,24.3094,124.1033,5,6.578,14.98,0.5935,0.6,0.4,0.9889,2.9674,0.9222,high (2-3 yrs),"recent-climate (2021-2025 repeats), no extra warming"
4775,24.3098,124.1065,5,6.578,14.98,0.5935,0.6,0.4,0.9889,2.9674,0.9222,high (2-3 yrs),"recent-climate (2021-2025 repeats), no extra warming"
4776,24.3124,124.1045,5,6.578,14.98,0.5935,0.6,0.4,0.9889,2.9674,0.9222,high (2-3 yrs),"recent-climate (2021-2025 repeats), no extra warming"
4778,24.3125,124.1029,5,6.578,14.98,0.5935,0.6,0.4,0.9889,2.9674,0.9222,high (2-3 yrs),"recent-climate (2021-2025 repeats), no extra warming"
4786,24.348,124.0922,5,6.73,14.9,0.6109,0.6,0.4,0.9911,3.0547,0.9222,very high (3+ yrs),"recent-climate (2021-2025 repeats), no extra warming"
4789,24.3637,124.0413,5,6.496,14.53,0.5879,0.6,0.4,0.9881,2.9394,0.9222,high (2-3 yrs),"recent-climate (2021-2025 repeats), no extra warming"
4790,24.3662,124.252,5,6.288,14.78,0.5763,0.6,0.4,0.9863,2.8814,0.9222,high (2-3 yrs),"recent-climate (2021-2025 repeats), no extra warming"
4794,24.3792,123.9384,5,6.17,13.82,0.5755,0.6,0.4,0.9862,2.8777,0.9222,high (2-3 yrs),"recent-climate (2021-2025 repeats), no extra warming"
4796,24.3884,124.1165,5,6.442,14.55,0.5815,0.6,0.4,0.9872,2.9077,0.9222,high (2-3 yrs),"recent-climate (2021-2025 repeats), no extra warming"
4797,24.3995,124.1,5,6.424,14.29,0.586,0.6,0.4,0.9878,2.93,0.9222,high (2-3 yrs),"recent-climate (2021-2025 repeats), no extra warming"
4798,24.4042,124.1129,5,6.154,13.98,0.5683,0.6,0.4,0.985,2.8413,0.9222,high (2-3 yrs),"recent-climate (2021-2025 repeats), no extra warming"
4799,24.4156,124.1139,5,6.154,13.98,0.5683,0.6,0.4,0.985,2.8413,0.9222,high (2-3 yrs),"recent-climate (2021-2025 repeats), no extra warming"
4800,24.4162,124.1124,5,6.154,13.98,0.5683,0.6,0.4,0.985,2.8413,0.9222,high (2-3 yrs),"recent-climate (2021-2025 repeats), no extra warming"
4803,24.4186,124.0662,5,6.244,14.06,0.5727,0.6,0.4,0.9858,2.8635,0.9222,high (2-3 yrs),"recent-climate (2021-2025 repeats), no extra warming"
4804,24.42,124.1139,5,6.154,13.98,0.5683,0.6,0.4,0.985,2.8413,0.9222,high (2-3 yrs),"recent-climate (2021-2025 repeats), no extra warming"
4806,24.4215,124.0924,5,6.244,14.06,0.5727,0.6,0.4,0.9858,2.8635,0.9222,high (2-3 yrs),"recent-climate (2021-2025 repeats), no extra warming"
4809,24.4234,124.0999,5,6.244,14.06,0.5727,0.6,0.4,0.9858,2.8635,0.9222,high (2-3 yrs),"recent-climate (2021-2025 repeats), no extra warming"
4811,24.4236,124.0777,5,6.244,14.06,0.5727,0.6,0.4,0.9858,2.8635,0.9222,high (2-3 yrs),"recent-climate (2021-2025 repeats), no extra warming"
4816,24.4264,124.0719,5,6.244,14.06,0.5727,0.6,0.4,0.9858,2.8635,0.9222,high (2-3 yrs),"recent-climate (2021-2025 repeats), no extra warming"
4817,24.4271,124.1059,5,6.154,13.98,0.5683,0.6,0.4,0.985,2.8413,0.9222,high (2-3 yrs),"recent-climate (2021-2025 repeats), no extra warming"
4818,24.4367,123.7763,5,5.318,13.03,0.5255,0.4,0.4,0.976,2.6277,0.9222,high (2-3 yrs),"recent-climate (2021-2025 repeats), no extra warming"
4824,24.4496,124.1757,5,6.072,14.08,0.5513,0.6,0.4,0.9818,2.7564,0.9222,high (2-3 yrs),"recent-climate (2021-2025 repeats), no extra warming"
4825,24.4501,124.1737,5,6.032,13.68,0.5574,0.6,0.4,0.983,2.7871,0.9222,high (2-3 yrs),"recent-climate (2021-2025 repeats), no extra warming"
4826,24.4504,124.1733,5,6.032,13.68,0.5574,0.6,0.4,0.983,2.7871,0.9222,high (2-3 yrs),"recent-climate (2021-2025 repeats), no extra warming"
4827,24.4513,124.1741,5,6.032,13.68,0.5574,0.6,0.4,0.983,2.7871,0.9222,high (2-3 yrs),"recent-climate (2021-2025 repeats), no extra warming"
4829,24.4517,124.1836,5,6.032,13.68,0.5574,0.6,0.4,0.983,2.7871,0.9222,high (2-3 yrs),"recent-climate (2021-2025 repeats), no extra warming"
4831,24.4518,124.1834,5,6.032,13.68,0.5574,0.6,0.4,0.983,2.7871,0.9222,high (2-3 yrs),"recent-climate (2021-2025 repeats), no extra warming"
4832,24.4521,124.1839,5,6.032,13.68,0.5574,0.6,0.4,0.983,2.7871,0.9222,high (2-3 yrs),"recent-climate (2021-2025 repeats), no extra warming"
4833,24.4523,124.1818,5,6.032,13.68,0.5574,0.6,0.4,0.983,2.7871,0.9222,high (2-3 yrs),"recent-climate (2021-2025 repeats), no extra warming"
4834,24.4526,124.1839,5,6.032,13.68,0.5574,0.6,0.4,0.983,2.7871,0.9222,high (2-3 yrs),"recent-climate (2021-2025 repeats), no extra warming"
4842,24.4553,124.1846,5,6.032,13.68,0.5574,0.6,0.4,0.983,2.7871,0.9222,high (2-3 yrs),"recent-climate (2021-2025 repeats), no extra warming"
4846,24.4561,124.1864,5,6.032,13.68,0.5574,0.6,0.4,0.983,2.7871,0.9222,high (2-3 yrs),"recent-climate (2021-2025 repeats), no extra warming"
4847,24.4561,124.1862,5,6.032,13.68,0.5574,0.6,0.4,0.983,2.7871,0.9222,high (2-3 yrs),"recent-climate (2021-2025 repeats), no extra warming"
4848,24.4563,124.1861,5,6.032,13.68,0.5574,0.6,0.4,0.983,2.7871,0.9222,high (2-3 yrs),"recent-climate (2021-2025 repeats), no extra warming"
4850,24.4578,124.1647,5,6.032,13.68,0.5574,0.6,0.4,0.983,2.7871,0.9222,high (2-3 yrs),"recent-climate (2021-2025 repeats), no extra warming"
4853,24.4583,124.2054,5,6.066,13.88,0.5549,0.6,0.4,0.9825,2.7744,0.9222,high (2-3 yrs),"recent-climate (2021-2025 repeats), no extra warming"
4862,24.4961,124.229,5,6.066,13.88,0.5549,0.6,0.4,0.9825,2.7744,0.9222,high (2-3 yrs),"recent-climate (2021-2025 repeats), no extra warming"
4870,24.609,124.3262,5,6.284,14.71,0.5663,0.6,0.4,0.9846,2.8313,0.9222,high (2-3 yrs),"recent-climate (2021-2025 repeats), no extra warming"
4871,24.6091,124.3261,5,6.284,14.71,0.5663,0.6,0.4,0.9846,2.8313,0.9222,high (2-3 yrs),"recent-climate (2021-2025 repeats), no extra warming"
4872,24.6093,124.3254,5,6.284,14.71,0.5663,0.6,0.4,0.9846,2.8313,0.9222,high (2-3 yrs),"recent-climate (2021-2025 repeats), no extra warming"
4875,26.0873,127.7102,5,5.756,13.85,0.5672,0.6,0.4,0.9848,2.836,0.9222,high (2-3 yrs),"recent-climate (2021-2025 repeats), no extra warming"
4876,26.0877,127.7109,5,5.756,13.85,0.5672,0.6,0.4,0.9848,2.836,0.9222,high (2-3 yrs),"recent-climate (2021-2025 repeats), no extra warming"
4880,26.0887,127.7072,5,5.756,13.85,0.5672,0.6,0.4,0.9848,2.836,0.9222,high (2-3 yrs),"recent-climate (2021-2025 repeats), no extra warming"
4883,26.0894,127.7085,5,5.756,13.85,0.5672,0.6,0.4,0.9848,2.836,0.9222,high (2-3 yrs),"recent-climate (2021-2025 repeats), no extra warming"
4891,26.2576,127.6837,5,7.408,16.42,0.6353,0.6,0.4,0.9935,3.1764,0.9222,very high (3+ yrs),"recent-climate (2021-2025 repeats), no extra warming"
4896,26.2582,127.6824,5,7.408,16.42,0.6353,0.6,0.4,0.9935,3.1764,0.9222,very high (3+ yrs),"recent-climate (2021-2025 repeats), no extra warming"
4898,26.2584,127.6821,5,7.408,16.42,0.6353,0.6,0.4,0.9935,3.1764,0.9222,very high (3+ yrs),"recent-climate (2021-2025 repeats), no extra warming"
4901,26.273,127.7051,5,7.878,17.15,0.6625,0.6,0.4,0.9956,3.3124,0.9222,very high (3+ yrs),"recent-climate (2021-2025 repeats), no extra warming"
4902,26.2757,127.7015,5,7.878,17.15,0.6625,0.6,0.4,0.9956,3.3124,0.9222,very high (3+ yrs),"recent-climate (2021-2025 repeats), no extra warming"
4903,26.2762,127.7004,5,7.878,17.15,0.6625,0.6,0.4,0.9956,3.3124,0.9222,very high (3+ yrs),"recent-climate (2021-2025 repeats), no extra warming"
4904,26.2763,127.7018,5,7.878,17.15,0.6625,0.6,0.4,0.9956,3.3124,0.9222,very high (3+ yrs),"recent-climate (2021-2025 repeats), no extra warming"
4905,26.287,127.7214,5,7.878,17.15,0.6625,0.6,0.4,0.9956,3.3124,0.9222,very high (3+ yrs),"recent-climate (2021-2025 repeats), no extra warming"
4910,26.3515,127.7438,5,7.414,16.13,0.6464,0.6,0.4,0.9945,3.2318,0.9222,very high (3+ yrs),"recent-climate (2021-2025 repeats), no extra warming"
4914,26.4063,127.715,5,7.336,16.01,0.6454,0.6,0.4,0.9944,3.2272,0.9222,very high (3+ yrs),"recent-climate (2021-2025 repeats), no extra warming"
4916,26.4363,127.7132,5,7.336,16.01,0.6454,0.6,0.4,0.9944,3.2272,0.9222,very high (3+ yrs),"recent-climate (2021-2025 repeats), no extra warming"
4921,26.4418,127.7124,5,7.336,16.01,0.6454,0.6,0.4,0.9944,3.2272,0.9222,very high (3+ yrs),"recent-climate (2021-2025 repeats), no extra warming"
4925,26.4448,127.7695,5,7.798,16.43,0.6723,0.6,0.4,0.9962,3.3613,0.9222,very high (3+ yrs),"recent-climate (2021-2025 repeats), no extra warming"
4931,26.5076,127.8906,5,7.298,15.84,0.6432,0.6,0.4,0.9942,3.2159,0.9222,very high (3+ yrs),"recent-climate (2021-2025 repeats), no extra warming"
4933,26.5281,127.9242,5,7.392,15.89,0.6417,0.6,0.4,0.9941,3.2083,0.9222,very high (3+ yrs),"recent-climate (2021-2025 repeats), no extra warming"
4934,26.5544,128.1314,5,5.81,12.95,0.5733,0.6,0.4,0.9859,2.8664,0.9222,high (2-3 yrs),"recent-climate (2021-2025 repeats), no extra warming"
4936,26.5914,127.9598,5,7.1,15.12,0.6291,0.6,0.4,0.993,3.1456,0.9222,very high (3+ yrs),"recent-climate (2021-2025 repeats), no extra warming"
4938,26.6032,127.9305,5,6.846,15.5,0.6249,0.6,0.4,0.9926,3.1247,0.9222,very high (3+ yrs),"recent-climate (2021-2025 repeats), no extra warming"
4939,26.6287,127.8594,5,6.728,15.33,0.6135,0.6,0.4,0.9914,3.0675,0.9222,very high (3+ yrs),"recent-climate (2021-2025 repeats), no extra warming"
4940,26.6294,127.8589,5,6.728,15.33,0.6135,0.6,0.4,0.9914,3.0675,0.9222,very high (3+ yrs),"recent-climate (2021-2025 repeats), no extra warming"
4943,26.6458,127.8544,5,6.728,15.33,0.6135,0.6,0.4,0.9914,3.0675,0.9222,very high (3+ yrs),"recent-climate (2021-2025 repeats), no extra warming"
4945,26.6521,127.857,5,6.952,15.55,0.6159,0.6,0.4,0.9916,3.0796,0.9222,very high (3+ yrs),"recent-climate (2021-2025 repeats), no extra warming"
4948,26.6721,127.8827,5,6.952,15.55,0.6159,0.6,0.4,0.9916,3.0796,0.9222,very high (3+ yrs),"recent-climate (2021-2025 repeats), no extra warming"
4951,26.7001,127.8752,5,7.204,15.93,0.6163,0.6,0.4,0.9917,3.0815,0.9222,very high (3+ yrs),"recent-climate (2021-2025 repeats), no extra warming"
4953,26.7093,127.8838,5,7.204,15.93,0.6163,0.6,0.4,0.9917,3.0815,0.9222,very high (3+ yrs),"recent-climate (2021-2025 repeats), no extra warming"
4954,26.7099,127.8813,5,7.204,15.93,0.6163,0.6,0.4,0.9917,3.0815,0.9222,very high (3+ yrs),"recent-climate (2021-2025 repeats), no extra warming"
4959,28.1101,129.2163,5,9.354,19.03,0.6707,0.6,0.6,0.9961,3.3536,0.9898,very high (3+ yrs),"recent-climate (2021-2025 repeats), no extra warming"
4960,28.372,129.4037,5,9.17,17.92,0.6652,0.6,0.6,0.9958,3.3258,0.9898,very high (3+ yrs),"recent-climate (2021-2025 repeats), no extra warming"
4963,24.0662,123.7621,5,6.09,14.15,0.5657,0.6,0.4,0.9845,2.8284,0.9222,high (2-3 yrs),"recent-climate (2021-2025 repeats), no extra warming"
4971,24.2801,123.721,5,5.856,13.81,0.5582,0.6,0.4,0.9832,2.7909,0.9222,high (2-3 yrs),"recent-climate (2021-2025 repeats), no extra warming"
4980,24.3227,124.1665,5,6.342,14.81,0.5749,0.6,0.4,0.9861,2.8747,0.9222,high (2-3 yrs),"recent-climate (2021-2025 repeats), no extra warming"
4981,24.3254,124.1637,5,6.342,14.81,0.5749,0.6,0.4,0.9861,2.8747,0.9222,high (2-3 yrs),"recent-climate (2021-2025 repeats), no extra warming"
4984,24.3349,124.2367,5,6.156,14.67,0.5652,0.6,0.4,0.9845,2.8262,0.9222,high (2-3 yrs),"recent-climate (2021-2025 repeats), no extra warming"
4989,24.3417,124.0881,5,6.73,14.9,0.6109,0.6,0.4,0.9911,3.0547,0.9222,very high (3+ yrs),"recent-climate (2021-2025 repeats), no extra warming"
4990,24.3431,124.205,5,6.156,14.67,0.5652,0.6,0.4,0.9845,2.8262,0.9222,high (2-3 yrs),"recent-climate (2021-2025 repeats), no extra warming"
4994,24.3593,124.2555,5,6.288,14.78,0.5763,0.6,0.4,0.9863,2.8814,0.9222,high (2-3 yrs),"recent-climate (2021-2025 repeats), no extra warming"
4996,24.3668,124.2556,5,6.288,14.78,0.5763,0.6,0.4,0.9863,2.8814,0.9222,high (2-3 yrs),"recent-climate (2021-2025 repeats), no extra warming"
4997,24.3671,124.2508,5,6.288,14.78,0.5763,0.6,0.4,0.9863,2.8814,0.9222,high (2-3 yrs),"recent-climate (2021-2025 repeats), no extra warming"
5000,24.4034,123.8901,5,5.594,12.82,0.5454,0.6,0.4,0.9806,2.7268,0.9222,high (2-3 yrs),"recent-climate (2021-2025 repeats), no extra warming"
5003,24.4295,123.7932,5,5.318,13.03,0.5255,0.4,0.4,0.976,2.6277,0.9222,high (2-3 yrs),"recent-climate (2021-2025 repeats), no extra warming"
5010,24.4376,123.785,5,5.318,13.03,0.5255,0.4,0.4,0.976,2.6277,0.9222,high (2-3 yrs),"recent-climate (2021-2025 repeats), no extra warming"
5021,24.7186,125.3427,5,5.584,13.77,0.5652,0.4,0.4,0.9845,2.8259,0.9222,high (2-3 yrs),"recent-climate (2021-2025 repeats), no extra warming"
5022,24.7194,125.3425,5,5.584,13.77,0.5652,0.4,0.4,0.9845,2.8259,0.9222,high (2-3 yrs),"recent-climate (2021-2025 repeats), no extra warming"
5024,24.7261,125.3729,5,5.422,13.59,0.5532,0.4,0.4,0.9822,2.7661,0.9222,high (2-3 yrs),"recent-climate (2021-2025 repeats), no extra warming"
5025,24.7284,125.4048,5,5.518,14.03,0.5351,0.4,0.4,0.9783,2.6753,0.9222,high (2-3 yrs),"recent-climate (2021-2025 repeats), no extra warming"
5026,24.7609,125.425,5,5.768,14.45,0.5425,0.6,0.4,0.98,2.7124,0.9222,high (2-3 yrs),"recent-climate (2021-2025 repeats), no extra warming"
5028,24.7628,125.4272,5,5.768,14.45,0.5425,0.6,0.4,0.98,2.7124,0.9222,high (2-3 yrs),"recent-climate (2021-2025 repeats), no extra warming"
5029,24.7645,125.4258,5,5.768,14.45,0.5425,0.6,0.4,0.98,2.7124,0.9222,high (2-3 yrs),"recent-climate (2021-2025 repeats), no extra warming"
5030,24.7735,125.3945,5,5.778,14.45,0.5433,0.6,0.4,0.9801,2.7167,0.9222,high (2-3 yrs),"recent-climate (2021-2025 repeats), no extra warming"
5032,24.8133,125.143,5,6.034,14.56,0.5751,0.4,0.4,0.9862,2.8757,0.9222,high (2-3 yrs),"recent-climate (2021-2025 repeats), no extra warming"
5033,24.8195,125.1409,5,6.034,14.56,0.5751,0.4,0.4,0.9862,2.8757,0.9222,high (2-3 yrs),"recent-climate (2021-2025 repeats), no extra warming"
5034,24.9046,125.2653,5,6.214,15.31,0.5662,0.6,0.4,0.9846,2.8312,0.9222,high (2-3 yrs),"recent-climate (2021-2025 repeats), no extra warming"
5035,24.9047,125.2655,5,6.214,15.31,0.5662,0.6,0.4,0.9846,2.8312,0.9222,high (2-3 yrs),"recent-climate (2021-2025 repeats), no extra warming"
5037,24.9264,125.2377,5,6.3,15.42,0.5726,0.6,0.4,0.9857,2.8632,0.9222,high (2-3 yrs),"recent-climate (2021-2025 repeats), no extra warming"
5038,24.9265,125.2379,5,6.3,15.42,0.5726,0.6,0.4,0.9857,2.8632,0.9222,high (2-3 yrs),"recent-climate (2021-2025 repeats), no extra warming"
5039,24.9313,125.2327,5,6.3,15.42,0.5726,0.6,0.4,0.9857,2.8632,0.9222,high (2-3 yrs),"recent-climate (2021-2025 repeats), no extra warming"
5042,24.9375,125.2456,5,6.3,15.42,0.5726,0.6,0.4,0.9857,2.8632,0.9222,high (2-3 yrs),"recent-climate (2021-2025 repeats), no extra warming"
5043,24.9376,125.2457,5,6.3,15.42,0.5726,0.6,0.4,0.9857,2.8632,0.9222,high (2-3 yrs),"recent-climate (2021-2025 repeats), no extra warming"
5045,24.9841,125.2847,5,6.264,15.51,0.5716,0.6,0.4,0.9856,2.858,0.9222,high (2-3 yrs),"recent-climate (2021-2025 repeats), no extra warming"
5046,24.9856,125.2768,5,6.264,15.51,0.5716,0.6,0.4,0.9856,2.858,0.9222,high (2-3 yrs),"recent-climate (2021-2025 repeats), no extra warming"
5047,24.9882,125.2876,5,6.264,15.51,0.5716,0.6,0.4,0.9856,2.858,0.9222,high (2-3 yrs),"recent-climate (2021-2025 repeats), no extra warming"
5048,24.9919,125.2794,5,6.264,15.51,0.5716,0.6,0.4,0.9856,2.858,0.9222,high (2-3 yrs),"recent-climate (2021-2025 repeats), no extra warming"
5049,25.0064,125.2768,5,6.554,15.94,0.5882,0.6,0.4,0.9882,2.9408,0.9222,high (2-3 yrs),"recent-climate (2021-2025 repeats), no extra warming"
5051,26.079,127.6633,5,5.632,13.68,0.5688,0.6,0.4,0.9851,2.8438,0.9222,high (2-3 yrs),"recent-climate (2021-2025 repeats), no extra warming"
5077,26.2137,127.293,5,8.528,18.48,0.6979,0.6,0.6,0.9975,3.4894,0.9898,very high (3+ yrs),"recent-climate (2021-2025 repeats), no extra warming"
5081,26.2208,127.6658,5,7.462,16.88,0.6346,0.6,0.4,0.9935,3.1729,0.9222,very high (3+ yrs),"recent-climate (2021-2025 repeats), no extra warming"
5082,26.2209,127.3089,5,8.464,18.61,0.6955,0.6,0.6,0.9974,3.4773,0.9898,very high (3+ yrs),"recent-climate (2021-2025 repeats), no extra warming"
5083,26.2223,127.2898,5,8.528,18.48,0.6979,0.6,0.6,0.9975,3.4894,0.9898,very high (3+ yrs),"recent-climate (2021-2025 repeats), no extra warming"
5084,26.2242,127.2892,5,8.528,18.48,0.6979,0.6,0.6,0.9975,3.4894,0.9898,very high (3+ yrs),"recent-climate (2021-2025 repeats), no extra warming"
5086,26.2353,127.2897,5,8.528,18.48,0.6979,0.6,0.6,0.9975,3.4894,0.9898,very high (3+ yrs),"recent-climate (2021-2025 repeats), no extra warming"
5088,26.2567,127.4027,5,7.936,18.05,0.6595,0.6,0.6,0.9954,3.2974,0.9898,very high (3+ yrs),"recent-climate (2021-2025 repeats), no extra warming"
5094,26.3087,127.8631,5,8.396,16.63,0.7135,0.6,0.4,0.9981,3.5677,0.9222,very high (3+ yrs),"recent-climate (2021-2025 repeats), no extra warming"
5095,26.3554,126.8536,5,7.91,17.85,0.6417,0.6,0.6,0.9941,3.2085,0.9898,very high (3+ yrs),"recent-climate (2021-2025 repeats), no extra warming"
5098,26.4933,127.8402,5,7.874,16.53,0.6768,0.6,0.4,0.9965,3.3838,0.9222,very high (3+ yrs),"recent-climate (2021-2025 repeats), no extra warming"
5100,26.4949,127.8399,5,7.874,16.53,0.6768,0.6,0.4,0.9965,3.3838,0.9222,very high (3+ yrs),"recent-climate (2021-2025 repeats), no extra warming"
5103,26.5024,127.842,5,7.182,15.98,0.6364,0.6,0.4,0.9936,3.1819,0.9222,very high (3+ yrs),"recent-climate (2021-2025 repeats), no extra warming"
5104,26.5037,127.8436,5,7.182,15.98,0.6364,0.6,0.4,0.9936,3.1819,0.9222,very high (3+ yrs),"recent-climate (2021-2025 repeats), no extra warming"
5107,26.5052,127.8497,5,7.182,15.98,0.6364,0.6,0.4,0.9936,3.1819,0.9222,very high (3+ yrs),"recent-climate (2021-2025 repeats), no extra warming"
5110,26.5232,127.8929,5,7.298,15.84,0.6432,0.6,0.4,0.9942,3.2159,0.9222,very high (3+ yrs),"recent-climate (2021-2025 repeats), no extra warming"
5113,26.5379,128.08,5,6.21,13.74,0.5939,0.6,0.4,0.989,2.9697,0.9222,high (2-3 yrs),"recent-climate (2021-2025 repeats), no extra warming"
5120,26.6311,127.8852,5,6.728,15.33,0.6135,0.6,0.4,0.9914,3.0675,0.9222,very high (3+ yrs),"recent-climate (2021-2025 repeats), no extra warming"
5121,26.6359,127.8657,5,6.728,15.33,0.6135,0.6,0.4,0.9914,3.0675,0.9222,very high (3+ yrs),"recent-climate (2021-2025 repeats), no extra warming"
5123,26.6361,127.8658,5,6.728,15.33,0.6135,0.6,0.4,0.9914,3.0675,0.9222,very high (3+ yrs),"recent-climate (2021-2025 repeats), no extra warming"
5125,26.6805,128.0192,5,7.05,15.18,0.6204,0.6,0.4,0.9921,3.1022,0.9222,very high (3+ yrs),"recent-climate (2021-2025 repeats), no extra warming"
5127,26.6977,128.0136,5,7.05,15.18,0.6204,0.6,0.4,0.9921,3.1022,0.9222,very high (3+ yrs),"recent-climate (2021-2025 repeats), no extra warming"
5129,26.7059,127.8919,5,7.204,15.93,0.6163,0.6,0.4,0.9917,3.0815,0.9222,very high (3+ yrs),"recent-climate (2021-2025 repeats), no extra warming"
5130,26.7073,127.9402,5,7.364,15.88,0.6242,0.6,0.4,0.9925,3.1211,0.9222,very high (3+ yrs),"recent-climate (2021-2025 repeats), no extra warming"
5134,26.7751,128.2031,5,5.84,13.36,0.5744,0.6,0.4,0.986,2.872,0.9222,high (2-3 yrs),"recent-climate (2021-2025 repeats), no extra warming"
5135,26.7793,128.211,5,5.84,13.36,0.5744,0.6,0.4,0.986,2.872,0.9222,high (2-3 yrs),"recent-climate (2021-2025 repeats), no extra warming"
5142,27.8692,128.8875,5,8.1,17.36,0.6266,0.6,0.6,0.9927,3.1328,0.9898,very high (3+ yrs),"recent-climate (2021-2025 repeats), no extra warming"
5143,28.0706,129.3275,5,9.616,19.01,0.7193,0.6,0.6,0.9983,3.5965,0.9898,very high (3+ yrs),"recent-climate (2021-2025 repeats), no extra warming"
5144,28.1112,129.3337,5,9.732,19.2,0.7228,0.6,0.6,0.9984,3.6139,0.9898,very high (3+ yrs),"recent-climate (2021-2025 repeats), no extra warming"
5149,28.2043,129.2716,5,10.516,20.03,0.7128,0.6,0.6,0.998,3.564,0.9898,very high (3+ yrs),"recent-climate (2021-2025 repeats), no extra warming"
5151,28.4025,129.4537,5,9.228,18.03,0.6652,0.6,0.6,0.9958,3.3258,0.9898,very high (3+ yrs),"recent-climate (2021-2025 repeats), no extra warming"
5157,30.3011,130.6537,5,6.408,12.56,0.5699,0.6,0.6,0.9853,2.8494,0.9898,high (2-3 yrs),"recent-climate (2021-2025 repeats), no extra warming"
5160,30.816,130.4165,5,6.83,13.45,0.5877,0.6,0.6,0.9881,2.9385,0.9898,high (2-3 yrs),"recent-climate (2021-2025 repeats), no extra warming"
5165,32.2044,129.9966,5,7.942,15.7,0.7272,0.8,0.4,0.9985,3.6358,0.9222,very high (3+ yrs),"recent-climate (2021-2025 repeats), no extra warming"
5170,32.5811,128.7222,5,9.526,18.92,0.7317,0.8,0.4,0.9986,3.6587,0.9222,very high (3+ yrs),"recent-climate (2021-2025 repeats), no extra warming"
5172,32.6586,128.66,5,10.008,19.38,0.7409,0.8,0.4,0.9988,3.7046,0.9222,very high (3+ yrs),"recent-climate (2021-2025 repeats), no extra warming"
5177,32.767,132.63,5,6.998,12.75,0.698,0.8,0.4,0.9975,3.4901,0.9222,very high (3+ yrs),"recent-climate (2021-2025 repeats), no extra warming"
5192,33.5193,133.7551,5,11.77,20.02,0.8093,0.8,0.8,0.9997,4.0465,0.9997,very high (3+ yrs),"recent-climate (2021-2025 repeats), no extra warming"
5199,33.7691,129.6547,5,11.596,18.99,0.8314,0.8,0.8,0.9999,4.1572,0.9997,very high (3+ yrs),"recent-climate (2021-2025 repeats), no extra warming"
5200,33.8065,129.6676,5,12.258,20.51,0.8398,0.8,0.8,0.9999,4.1988,0.9997,very high (3+ yrs),"recent-climate (2021-2025 repeats), no extra warming"
5201,33.8522,139.6092,5,14.968,26.57,0.9045,1.0,0.8,1.0,4.5227,0.9997,very high (3+ yrs),"recent-climate (2021-2025 repeats), no extra warming"
5208,34.0545,139.4805,5,16.102,29.05,0.9198,1.0,1.0,1.0,4.5991,1.0,very high (3+ yrs),"recent-climate (2021-2025 repeats), no extra warming"
5209,34.0559,139.4807,5,16.102,29.05,0.9198,1.0,1.0,1.0,4.5991,1.0,very high (3+ yrs),"recent-climate (2021-2025 repeats), no extra warming"
5214,34.1056,129.174,5,12.214,22.2,0.8186,0.8,0.6,0.9998,4.0932,0.9898,very high (3+ yrs),"recent-climate (2021-2025 repeats), no extra warming"
5219,34.2401,139.1368,5,20.104,32.47,0.9495,1.0,1.0,1.0,4.7474,1.0,very high (3+ yrs),"recent-climate (2021-2025 repeats), no extra warming"
5220,34.2402,139.1369,5,20.104,32.47,0.9495,1.0,1.0,1.0,4.7474,1.0,very high (3+ yrs),"recent-climate (2021-2025 repeats), no extra warming"
5223,34.3232,129.246,5,13.854,24.96,0.8576,1.0,0.6,0.9999,4.2878,0.9898,very high (3+ yrs),"recent-climate (2021-2025 repeats), no extra warming"
5228,34.4236,129.2664,5,13.88,25.08,0.8574,1.0,0.6,0.9999,4.287,0.9898,very high (3+ yrs),"recent-climate (2021-2025 repeats), no extra warming"
5237,34.7027,129.4417,5,15.228,25.64,0.8878,1.0,0.6,1.0,4.439,0.9898,very high (3+ yrs),"recent-climate (2021-2025 repeats), no extra warming"
5305,33.3444,135.6967,5,4.378,10.89,0.5286,0.6,0.2,0.9767,2.643,0.6723,high (2-3 yrs),"recent-climate (2021-2025 repeats), no extra warming"
5344,24.2857,123.7319,5,5.856,13.81,0.5582,0.6,0.4,0.9832,2.7909,0.9222,high (2-3 yrs),"recent-climate (2021-2025 repeats), no extra warming"
5347,24.3717,123.9744,5,6.494,14.44,0.5883,0.6,0.4,0.9882,2.9415,0.9222,high (2-3 yrs),"recent-climate (2021-2025 repeats), no extra warming"
5349,24.9841,125.2847,5,6.264,15.51,0.5716,0.6,0.4,0.9856,2.858,0.9222,high (2-3 yrs),"recent-climate (2021-2025 repeats), no extra warming"
5358,33.6924,135.3247,5,7.066,11.97,0.7203,0.8,0.4,0.9983,3.6017,0.9222,very high (3+ yrs),"recent-climate (2021-2025 repeats), no extra warming"
5359,33.7199,135.3249,5,7.27,11.88,0.7272,0.8,0.4,0.9985,3.6361,0.9222,very high (3+ yrs),"recent-climate (2021-2025 repeats), no extra warming"
5360,34.0561,139.4811,5,16.102,29.05,0.9198,1.0,1.0,1.0,4.5991,1.0,very high (3+ yrs),"recent-climate (2021-2025 repeats), no extra warming"
5361,34.0975,139.485,5,16.102,29.05,0.9198,1.0,1.0,1.0,4.5991,1.0,very high (3+ yrs),"recent-climate (2021-2025 repeats), no extra warming"
5522,2.1729,104.112,5,1.716,5.5,0.3172,0.2,0.0,0.8516,1.586,0.0,moderate (1-2 yrs),"recent-climate (2021-2025 repeats), no extra warming"
5523,2.1783,104.1092,5,1.716,5.5,0.3172,0.2,0.0,0.8516,1.586,0.0,moderate (1-2 yrs),"recent-climate (2021-2025 repeats), no extra warming"
5524,2.184,104.1068,5,1.716,5.5,0.3172,0.2,0.0,0.8516,1.586,0.0,moderate (1-2 yrs),"recent-climate (2021-2025 repeats), no extra warming"
5525,2.1878,104.0981,5,1.79,6.01,0.3185,0.2,0.0,0.853,1.5923,0.0,moderate (1-2 yrs),"recent-climate (2021-2025 repeats), no extra warming"
5526,2.2261,104.0531,5,1.852,6.35,0.3205,0.2,0.0,0.8551,1.6024,0.0,moderate (1-2 yrs),"recent-climate (2021-2025 repeats), no extra warming"
5527,2.231,104.0522,5,1.852,6.35,0.3205,0.2,0.0,0.8551,1.6024,0.0,moderate (1-2 yrs),"recent-climate (2021-2025 repeats), no extra warming"
5528,2.2712,104.1273,5,1.714,5.83,0.3106,0.2,0.0,0.8443,1.5532,0.0,moderate (1-2 yrs),"recent-climate (2021-2025 repeats), no extra warming"
5529,2.2733,104.1157,5,1.714,5.83,0.3106,0.2,0.0,0.8443,1.5532,0.0,moderate (1-2 yrs),"recent-climate (2021-2025 repeats), no extra warming"
5530,2.303,104.149,5,1.834,6.46,0.3154,0.2,0.0,0.8496,1.5768,0.0,moderate (1-2 yrs),"recent-climate (2021-2025 repeats), no extra warming"
5531,2.3132,104.1258,5,1.834,6.46,0.3154,0.2,0.0,0.8496,1.5768,0.0,moderate (1-2 yrs),"recent-climate (2021-2025 repeats), no extra warming"
5532,2.4734,103.9616,5,2.194,7.53,0.3441,0.2,0.0,0.8787,1.7207,0.0,moderate (1-2 yrs),"recent-climate (2021-2025 repeats), no extra warming"
5533,2.4735,103.9589,5,2.194,7.53,0.3441,0.2,0.0,0.8787,1.7207,0.0,moderate (1-2 yrs),"recent-climate (2021-2025 repeats), no extra warming"
5534,2.4819,103.9564,5,2.194,7.53,0.3441,0.2,0.0,0.8787,1.7207,0.0,moderate (1-2 yrs),"recent-climate (2021-2025 repeats), no extra warming"
5535,2.5233,103.9736,5,2.196,7.53,0.3436,0.2,0.0,0.8781,1.7179,0.0,moderate (1-2 yrs),"recent-climate (2021-2025 repeats), no extra warming"
5536,2.5706,104.3218,5,1.472,5.05,0.2889,0.2,0.0,0.8182,1.4447,0.0,moderate (1-2 yrs),"recent-climate (2021-2025 repeats), no extra warming"
5537,2.5794,104.3158,5,1.472,5.05,0.2889,0.2,0.0,0.8182,1.4447,0.0,moderate (1-2 yrs),"recent-climate (2021-2025 repeats), no extra warming"
5538,2.5844,104.3363,5,1.472,5.05,0.2889,0.2,0.0,0.8182,1.4447,0.0,moderate (1-2 yrs),"recent-climate (2021-2025 repeats), no extra warming"
5539,2.5967,104.3272,5,1.472,5.05,0.2889,0.2,0.0,0.8182,1.4447,0.0,moderate (1-2 yrs),"recent-climate (2021-2025 repeats), no extra warming"
5540,2.6688,104.1753,5,1.37,5.04,0.2718,0.2,0.0,0.7952,1.3589,0.0,moderate (1-2 yrs),"recent-climate (2021-2025 repeats), no extra warming"
5541,2.7415,104.2178,5,1.288,5.08,0.2568,0.2,0.0,0.7732,1.2838,0.0,moderate (1-2 yrs),"recent-climate (2021-2025 repeats), no extra warming"
5542,2.7584,104.1992,5,1.266,5.11,0.253,0.2,0.0,0.7675,1.2652,0.0,moderate (1-2 yrs),"recent-climate (2021-2025 repeats), no extra warming"
5543,2.7793,104.2127,5,1.358,5.43,0.2608,0.2,0.0,0.7793,1.3039,0.0,moderate (1-2 yrs),"recent-climate (2021-2025 repeats), no extra warming"
5544,2.7924,104.123,5,1.302,5.31,0.2547,0.2,0.0,0.77,1.2735,0.0,moderate (1-2 yrs),"recent-climate (2021-2025 repeats), no extra warming"
5546,2.81,104.1365,5,1.326,5.43,0.256,0.2,0.0,0.7721,1.2801,0.0,moderate (1-2 yrs),"recent-climate (2021-2025 repeats), no extra warming"
5547,2.816,104.151,5,1.282,5.36,0.2501,0.2,0.0,0.7628,1.2504,0.0,moderate (1-2 yrs),"recent-climate (2021-2025 repeats), no extra warming"
5548,2.8242,104.1574,5,1.282,5.36,0.2501,0.2,0.0,0.7628,1.2504,0.0,moderate (1-2 yrs),"recent-climate (2021-2025 repeats), no extra warming"
5549,2.8743,104.1876,5,1.468,5.69,0.2731,0.2,0.0,0.7971,1.3656,0.0,moderate (1-2 yrs),"recent-climate (2021-2025 repeats), no extra warming"
5550,2.8747,104.1468,5,1.422,5.6,0.2674,0.2,0.0,0.7889,1.3369,0.0,moderate (1-2 yrs),"recent-climate (2021-2025 repeats), no extra warming"
5551,2.8759,104.1482,5,1.422,5.6,0.2674,0.2,0.0,0.7889,1.3369,0.0,moderate (1-2 yrs),"recent-climate (2021-2025 repeats), no extra warming"
5552,2.8886,104.0653,5,1.514,5.73,0.2798,0.2,0.0,0.8062,1.3988,0.0,moderate (1-2 yrs),"recent-climate (2021-2025 repeats), no extra warming"
5553,2.8981,104.0517,5,1.514,5.73,0.2798,0.2,0.0,0.8062,1.3988,0.0,moderate (1-2 yrs),"recent-climate (2021-2025 repeats), no extra warming"
5554,2.9039,104.1044,5,1.648,5.96,0.2972,0.2,0.0,0.8285,1.4858,0.0,moderate (1-2 yrs),"recent-climate (2021-2025 repeats), no extra warming"
5555,2.9108,104.1126,5,1.648,5.96,0.2972,0.2,0.0,0.8285,1.4858,0.0,moderate (1-2 yrs),"recent-climate (2021-2025 repeats), no extra warming"
5556,2.9149,104.1084,5,1.648,5.96,0.2972,0.2,0.0,0.8285,1.4858,0.0,moderate (1-2 yrs),"recent-climate (2021-2025 repeats), no extra warming"
5557,2.9324,104.0969,5,1.604,5.86,0.2921,0.2,0.0,0.8222,1.4603,0.0,moderate (1-2 yrs),"recent-climate (2021-2025 repeats), no extra warming"
5558,3.9942,100.5341,5,2.14,8.62,0.3082,0.2,0.2,0.8416,1.5411,0.6723,moderate (1-2 yrs),"recent-climate (2021-2025 repeats), no extra warming"
5559,4.0016,100.5491,5,2.214,8.96,0.3107,0.2,0.2,0.8444,1.5536,0.6723,moderate (1-2 yrs),"recent-climate (2021-2025 repeats), no extra warming"
5560,4.0027,100.5467,5,2.214,8.96,0.3107,0.2,0.2,0.8444,1.5536,0.6723,moderate (1-2 yrs),"recent-climate (2021-2025 repeats), no extra warming"
5561,4.0065,100.5348,5,2.214,8.96,0.3107,0.2,0.2,0.8444,1.5536,0.6723,moderate (1-2 yrs),"recent-climate (2021-2025 repeats), no extra warming"
5562,4.0114,100.5351,5,2.214,8.96,0.3107,0.2,0.2,0.8444,1.5536,0.6723,moderate (1-2 yrs),"recent-climate (2021-2025 repeats), no extra warming"
5563,4.0122,100.5449,5,2.214,8.96,0.3107,0.2,0.2,0.8444,1.5536,0.6723,moderate (1-2 yrs),"recent-climate (2021-2025 repeats), no extra warming"
5564,4.0224,100.5479,5,2.214,8.96,0.3107,0.2,0.2,0.8444,1.5536,0.6723,moderate (1-2 yrs),"recent-climate (2021-2025 repeats), no extra warming"
5565,4.0321,100.55,5,2.214,8.96,0.3107,0.2,0.2,0.8444,1.5536,0.6723,moderate (1-2 yrs),"recent-climate (2021-2025 repeats), no extra warming"
5566,4.0575,100.5397,5,2.316,9.42,0.3144,0.2,0.2,0.8486,1.5722,0.6723,moderate (1-2 yrs),"recent-climate (2021-2025 repeats), no extra warming"
5567,4.1125,118.2251,5,4.292,10.71,0.5497,0.6,0.2,0.9815,2.7483,0.6723,high (2-3 yrs),"recent-climate (2021-2025 repeats), no extra warming"
5568,4.1394,118.234,5,4.292,10.71,0.5497,0.6,0.2,0.9815,2.7483,0.6723,high (2-3 yrs),"recent-climate (2021-2025 repeats), no extra warming"
5569,4.1409,118.1799,5,4.668,12.11,0.5613,0.6,0.2,0.9837,2.8064,0.6723,high (2-3 yrs),"recent-climate (2021-2025 repeats), no extra warming"
5570,4.184,118.8629,5,2.162,3.95,0.4082,0.0,0.0,0.9274,2.0408,0.0,high (2-3 yrs),"recent-climate (2021-2025 repeats), no extra warming"
5571,4.1899,100.5483,5,2.5,9.82,0.3333,0.2,0.2,0.8683,1.6666,0.6723,moderate (1-2 yrs),"recent-climate (2021-2025 repeats), no extra warming"
5572,4.2063,118.7848,5,2.46,5.1,0.4367,0.2,0.0,0.9433,2.1836,0.0,high (2-3 yrs),"recent-climate (2021-2025 repeats), no extra warming"
5573,4.2102,118.6799,5,2.494,5.46,0.4391,0.2,0.0,0.9445,2.1956,0.0,high (2-3 yrs),"recent-climate (2021-2025 repeats), no extra warming"
5574,4.2142,118.6756,5,2.494,5.46,0.4391,0.2,0.0,0.9445,2.1956,0.0,high (2-3 yrs),"recent-climate (2021-2025 repeats), no extra warming"
5575,4.2253,118.6881,5,2.494,5.46,0.4391,0.2,0.0,0.9445,2.1956,0.0,high (2-3 yrs),"recent-climate (2021-2025 repeats), no extra warming"
5577,4.2295,118.68,5,2.494,5.46,0.4391,0.2,0.0,0.9445,2.1956,0.0,high (2-3 yrs),"recent-climate (2021-2025 repeats), no extra warming"
5581,4.2366,118.5532,5,3.024,7.13,0.4853,0.2,0.0,0.9639,2.4266,0.0,high (2-3 yrs),"recent-climate (2021-2025 repeats), no extra warming"
5582,4.2394,118.4335,5,3.88,9.36,0.5466,0.4,0.2,0.9808,2.7329,0.6723,high (2-3 yrs),"recent-climate (2021-2025 repeats), no extra warming"
5585,4.2504,118.6273,5,3.51,8.05,0.5329,0.2,0.2,0.9778,2.6647,0.6723,high (2-3 yrs),"recent-climate (2021-2025 repeats), no extra warming"
5586,4.2551,118.5338,5,3.594,8.6,0.5309,0.2,0.2,0.9773,2.6545,0.6723,high (2-3 yrs),"recent-climate (2021-2025 repeats), no extra warming"
5587,4.2731,113.8147,5,0.986,3.35,0.2379,0.0,0.0,0.743,1.1897,0.0,moderate (1-2 yrs),"recent-climate (2021-2025 repeats), no extra warming"
5588,4.2764,113.8167,5,0.986,3.35,0.2379,0.0,0.0,0.743,1.1897,0.0,moderate (1-2 yrs),"recent-climate (2021-2025 repeats), no extra warming"
5589,4.2871,118.7253,5,2.81,6.37,0.4649,0.2,0.0,0.9561,2.3245,0.0,high (2-3 yrs),"recent-climate (2021-2025 repeats), no extra warming"
5590,4.2872,113.8197,5,0.986,3.35,0.2379,0.0,0.0,0.743,1.1897,0.0,moderate (1-2 yrs),"recent-climate (2021-2025 repeats), no extra warming"
5591,4.2925,113.8258,5,0.986,3.35,0.2379,0.0,0.0,0.743,1.1897,0.0,moderate (1-2 yrs),"recent-climate (2021-2025 repeats), no extra warming"
5592,4.2939,113.8261,5,0.986,3.35,0.2379,0.0,0.0,0.743,1.1897,0.0,moderate (1-2 yrs),"recent-climate (2021-2025 repeats), no extra warming"
5593,4.3004,118.8407,5,2.134,4.53,0.3997,0.2,0.0,0.9221,1.9985,0.0,moderate (1-2 yrs),"recent-climate (2021-2025 repeats), no extra warming"
5594,4.3133,118.8764,5,1.774,3.23,0.3626,0.0,0.0,0.8948,1.813,0.0,moderate (1-2 yrs),"recent-climate (2021-2025 repeats), no extra warming"
5595,4.3161,118.8751,5,1.774,3.23,0.3626,0.0,0.0,0.8948,1.813,0.0,moderate (1-2 yrs),"recent-climate (2021-2025 repeats), no extra warming"
5597,4.3433,113.8975,5,1.088,3.42,0.2528,0.0,0.0,0.7671,1.2641,0.0,moderate (1-2 yrs),"recent-climate (2021-2025 repeats), no extra warming"
5599,4.4447,118.7551,5,2.27,5.42,0.4085,0.2,0.0,0.9276,2.0426,0.0,high (2-3 yrs),"recent-climate (2021-2025 repeats), no extra warming"
5600,4.4459,118.7678,5,2.27,5.42,0.4085,0.2,0.0,0.9276,2.0426,0.0,high (2-3 yrs),"recent-climate (2021-2025 repeats), no extra warming"
5601,4.4679,118.5912,5,3.822,9.77,0.5304,0.2,0.2,0.9772,2.6521,0.6723,high (2-3 yrs),"recent-climate (2021-2025 repeats), no extra warming"
5602,4.4734,118.946,5,1.358,2.68,0.3051,0.0,0.0,0.8379,1.5253,0.0,moderate (1-2 yrs),"recent-climate (2021-2025 repeats), no extra warming"
5603,4.5042,118.9417,5,1.096,2.49,0.265,0.0,0.0,0.7855,1.3249,0.0,moderate (1-2 yrs),"recent-climate (2021-2025 repeats), no extra warming"
5604,4.5142,118.7263,5,2.366,6.42,0.404,0.2,0.0,0.9248,2.0199,0.0,high (2-3 yrs),"recent-climate (2021-2025 repeats), no extra warming"
5605,4.5211,118.8048,5,1.342,3.08,0.2989,0.0,0.0,0.8306,1.4943,0.0,moderate (1-2 yrs),"recent-climate (2021-2025 repeats), no extra warming"
5606,4.5454,118.8258,5,1.342,3.08,0.2989,0.0,0.0,0.8306,1.4943,0.0,moderate (1-2 yrs),"recent-climate (2021-2025 repeats), no extra warming"
5607,4.5493,118.9292,5,1.096,2.49,0.265,0.0,0.0,0.7855,1.3249,0.0,moderate (1-2 yrs),"recent-climate (2021-2025 repeats), no extra warming"
5608,4.556,118.9271,5,0.962,2.3,0.2437,0.0,0.0,0.7526,1.2185,0.0,moderate (1-2 yrs),"recent-climate (2021-2025 repeats), no extra warming"
5609,4.5586,118.615,5,2.934,8.25,0.4442,0.2,0.2,0.947,2.221,0.6723,high (2-3 yrs),"recent-climate (2021-2025 repeats), no extra warming"
5610,4.5587,118.5545,5,3.236,9.07,0.4644,0.2,0.2,0.9559,2.3221,0.6723,high (2-3 yrs),"recent-climate (2021-2025 repeats), no extra warming"
5613,4.5702,118.9569,5,0.878,2.5,0.2277,0.0,0.0,0.7252,1.1384,0.0,moderate (1-2 yrs),"recent-climate (2021-2025 repeats), no extra warming"
5616,4.5792,118.9203,5,0.962,2.3,0.2437,0.0,0.0,0.7526,1.2185,0.0,moderate (1-2 yrs),"recent-climate (2021-2025 repeats), no extra warming"
5617,4.5793,118.9402,5,0.962,2.3,0.2437,0.0,0.0,0.7526,1.2185,0.0,moderate (1-2 yrs),"recent-climate (2021-2025 repeats), no extra warming"
5618,4.5818,118.9132,5,0.962,2.3,0.2437,0.0,0.0,0.7526,1.2185,0.0,moderate (1-2 yrs),"recent-climate (2021-2025 repeats), no extra warming"
5619,4.5849,118.9409,5,0.962,2.3,0.2437,0.0,0.0,0.7526,1.2185,0.0,moderate (1-2 yrs),"recent-climate (2021-2025 repeats), no extra warming"
5620,4.5921,118.8613,5,1.198,2.34,0.2803,0.0,0.0,0.8069,1.4014,0.0,moderate (1-2 yrs),"recent-climate (2021-2025 repeats), no extra warming"
5621,4.6022,118.7682,5,1.64,4.73,0.3231,0.2,0.0,0.8579,1.6155,0.0,moderate (1-2 yrs),"recent-climate (2021-2025 repeats), no extra warming"
5622,4.6332,118.5893,5,2.886,8.9,0.4164,0.2,0.2,0.9323,2.082,0.6723,high (2-3 yrs),"recent-climate (2021-2025 repeats), no extra warming"
5625,4.7427,118.5137,5,2.66,9.18,0.3759,0.2,0.2,0.9053,1.8795,0.6723,moderate (1-2 yrs),"recent-climate (2021-2025 repeats), no extra warming"
5633,4.8004,103.6743,5,2.956,9.5,0.4105,0.2,0.2,0.9288,2.0524,0.6723,high (2-3 yrs),"recent-climate (2021-2025 repeats), no extra warming"
5637,4.8061,103.6745,5,2.956,9.5,0.4105,0.2,0.2,0.9288,2.0524,0.6723,high (2-3 yrs),"recent-climate (2021-2025 repeats), no extra warming"
5638,4.8091,103.6778,5,2.956,9.5,0.4105,0.2,0.2,0.9288,2.0524,0.6723,high (2-3 yrs),"recent-climate (2021-2025 repeats), no extra warming"
5640,4.8128,103.6759,5,2.956,9.5,0.4105,0.2,0.2,0.9288,2.0524,0.6723,high (2-3 yrs),"recent-climate (2021-2025 repeats), no extra warming"
5642,4.8155,103.6804,5,2.956,9.5,0.4105,0.2,0.2,0.9288,2.0524,0.6723,high (2-3 yrs),"recent-climate (2021-2025 repeats), no extra warming"
5643,4.8173,103.6792,5,2.956,9.5,0.4105,0.2,0.2,0.9288,2.0524,0.6723,high (2-3 yrs),"recent-climate (2021-2025 repeats), no extra warming"
5644,4.9074,118.2432,5,2.678,10.16,0.3535,0.2,0.2,0.8871,1.7675,0.6723,moderate (1-2 yrs),"recent-climate (2021-2025 repeats), no extra warming"
5645,4.9085,118.1774,5,2.998,11.28,0.3721,0.2,0.2,0.9024,1.8604,0.6723,moderate (1-2 yrs),"recent-climate (2021-2025 repeats), no extra warming"
5646,4.9123,118.2543,5,2.682,10.04,0.3573,0.2,0.2,0.8904,1.7867,0.6723,moderate (1-2 yrs),"recent-climate (2021-2025 repeats), no extra warming"
5647,4.9208,118.2013,5,2.678,10.16,0.3535,0.2,0.2,0.8871,1.7675,0.6723,moderate (1-2 yrs),"recent-climate (2021-2025 repeats), no extra warming"
5649,4.9235,118.2561,5,2.682,10.04,0.3573,0.2,0.2,0.8904,1.7867,0.6723,moderate (1-2 yrs),"recent-climate (2021-2025 repeats), no extra warming"
5650,4.924,118.2667,5,2.682,10.04,0.3573,0.2,0.2,0.8904,1.7867,0.6723,moderate (1-2 yrs),"recent-climate (2021-2025 repeats), no extra warming"
5654,4.9302,118.2285,5,2.678,10.16,0.3535,0.2,0.2,0.8871,1.7675,0.6723,moderate (1-2 yrs),"recent-climate (2021-2025 repeats), no extra warming"
5656,4.9379,118.2744,5,2.682,10.04,0.3573,0.2,0.2,0.8904,1.7867,0.6723,moderate (1-2 yrs),"recent-climate (2021-2025 repeats), no extra warming"
5659,4.9416,118.2824,5,2.682,10.04,0.3573,0.2,0.2,0.8904,1.7867,0.6723,moderate (1-2 yrs),"recent-climate (2021-2025 repeats), no extra warming"
5660,4.9425,118.2939,5,2.682,10.04,0.3573,0.2,0.2,0.8904,1.7867,0.6723,moderate (1-2 yrs),"recent-climate (2021-2025 repeats), no extra warming"
5663,4.9487,118.2513,5,2.682,10.04,0.3573,0.2,0.2,0.8904,1.7867,0.6723,moderate (1-2 yrs),"recent-climate (2021-2025 repeats), no extra warming"
5664,4.9488,118.2578,5,2.682,10.04,0.3573,0.2,0.2,0.8904,1.7867,0.6723,moderate (1-2 yrs),"recent-climate (2021-2025 repeats), no extra warming"
5666,4.9509,118.2579,5,2.678,10.16,0.3535,0.2,0.2,0.8871,1.7675,0.6723,moderate (1-2 yrs),"recent-climate (2021-2025 repeats), no extra warming"
5667,4.963,118.2528,5,2.678,10.16,0.3535,0.2,0.2,0.8871,1.7675,0.6723,moderate (1-2 yrs),"recent-climate (2021-2025 repeats), no extra warming"
5668,4.9671,118.264,5,2.678,10.16,0.3535,0.2,0.2,0.8871,1.7675,0.6723,moderate (1-2 yrs),"recent-climate (2021-2025 repeats), no extra warming"
5669,5.2088,103.2695,5,2.564,10.67,0.3174,0.2,0.2,0.8518,1.5872,0.6723,moderate (1-2 yrs),"recent-climate (2021-2025 repeats), no extra warming"
5670,5.2245,103.261,5,2.564,10.67,0.3174,0.2,0.2,0.8518,1.5872,0.6723,moderate (1-2 yrs),"recent-climate (2021-2025 repeats), no extra warming"
5671,5.2298,103.268,5,2.564,10.67,0.3174,0.2,0.2,0.8518,1.5872,0.6723,moderate (1-2 yrs),"recent-climate (2021-2025 repeats), no extra warming"
5672,5.2352,103.2613,5,2.564,10.67,0.3174,0.2,0.2,0.8518,1.5872,0.6723,moderate (1-2 yrs),"recent-climate (2021-2025 repeats), no extra warming"
5673,5.2358,103.263,5,2.564,10.67,0.3174,0.2,0.2,0.8518,1.5872,0.6723,moderate (1-2 yrs),"recent-climate (2021-2025 repeats), no extra warming"
5674,5.5989,103.0642,5,2.36,9.52,0.3194,0.2,0.2,0.854,1.5971,0.6723,moderate (1-2 yrs),"recent-climate (2021-2025 repeats), no extra warming"
5675,5.6101,103.063,5,2.246,9.54,0.3,0.2,0.2,0.832,1.5001,0.6723,moderate (1-2 yrs),"recent-climate (2021-2025 repeats), no extra warming"
5676,5.6152,103.0572,5,2.246,9.54,0.3,0.2,0.2,0.832,1.5001,0.6723,moderate (1-2 yrs),"recent-climate (2021-2025 repeats), no extra warming"
5677,5.6256,103.1595,5,2.368,9.91,0.3089,0.2,0.2,0.8423,1.5443,0.6723,moderate (1-2 yrs),"recent-climate (2021-2025 repeats), no extra warming"
5678,5.6436,103.1511,5,2.368,9.91,0.3089,0.2,0.2,0.8423,1.5443,0.6723,moderate (1-2 yrs),"recent-climate (2021-2025 repeats), no extra warming"
5679,5.6661,103.0713,5,2.162,9.41,0.2901,0.2,0.2,0.8197,1.4503,0.6723,moderate (1-2 yrs),"recent-climate (2021-2025 repeats), no extra warming"
5681,5.7328,102.9975,5,2.13,9.28,0.2886,0.2,0.2,0.8177,1.4428,0.6723,moderate (1-2 yrs),"recent-climate (2021-2025 repeats), no extra warming"
5684,5.7402,102.9996,5,2.13,9.28,0.2886,0.2,0.2,0.8177,1.4428,0.6723,moderate (1-2 yrs),"recent-climate (2021-2025 repeats), no extra warming"
5685,5.7469,102.9998,5,2.13,9.28,0.2886,0.2,0.2,0.8177,1.4428,0.6723,moderate (1-2 yrs),"recent-climate (2021-2025 repeats), no extra warming"
5686,5.7539,103.0289,5,2.216,9.64,0.2928,0.2,0.2,0.8231,1.464,0.6723,moderate (1-2 yrs),"recent-climate (2021-2025 repeats), no extra warming"
5688,5.7586,103.0294,5,2.216,9.64,0.2928,0.2,0.2,0.8231,1.464,0.6723,moderate (1-2 yrs),"recent-climate (2021-2025 repeats), no extra warming"
5689,5.761,103.0264,5,2.216,9.64,0.2928,0.2,0.2,0.8231,1.464,0.6723,moderate (1-2 yrs),"recent-climate (2021-2025 repeats), no extra warming"
5690,5.7686,103.0356,5,2.216,9.64,0.2928,0.2,0.2,0.8231,1.464,0.6723,moderate (1-2 yrs),"recent-climate (2021-2025 repeats), no extra warming"
5692,5.7733,103.0592,5,2.278,9.76,0.299,0.2,0.2,0.8308,1.4952,0.6723,moderate (1-2 yrs),"recent-climate (2021-2025 repeats), no extra warming"
5694,5.7796,103.0426,5,2.216,9.64,0.2928,0.2,0.2,0.8231,1.464,0.6723,moderate (1-2 yrs),"recent-climate (2021-2025 repeats), no extra warming"
5695,5.7884,102.9926,5,2.214,9.64,0.2925,0.2,0.2,0.8227,1.4623,0.6723,moderate (1-2 yrs),"recent-climate (2021-2025 repeats), no extra warming"
5697,5.7995,103.0169,5,2.216,9.64,0.2928,0.2,0.2,0.8231,1.464,0.6723,moderate (1-2 yrs),"recent-climate (2021-2025 repeats), no extra warming"
5698,5.8144,103.0072,5,2.302,9.86,0.3004,0.2,0.2,0.8324,1.502,0.6723,moderate (1-2 yrs),"recent-climate (2021-2025 repeats), no extra warming"
5701,5.8841,102.747,5,2.434,10.37,0.3062,0.2,0.2,0.8392,1.5309,0.6723,moderate (1-2 yrs),"recent-climate (2021-2025 repeats), no extra warming"
5702,5.886,102.7703,5,2.508,10.6,0.3115,0.2,0.2,0.8452,1.5573,0.6723,moderate (1-2 yrs),"recent-climate (2021-2025 repeats), no extra warming"
5703,5.9106,102.7098,5,2.554,10.82,0.3123,0.2,0.2,0.8462,1.5615,0.6723,moderate (1-2 yrs),"recent-climate (2021-2025 repeats), no extra warming"
5704,5.912,102.7449,5,2.554,10.82,0.3123,0.2,0.2,0.8462,1.5615,0.6723,moderate (1-2 yrs),"recent-climate (2021-2025 repeats), no extra warming"
5705,5.9144,102.7541,5,2.566,10.72,0.3172,0.2,0.2,0.8516,1.586,0.6723,moderate (1-2 yrs),"recent-climate (2021-2025 repeats), no extra warming"
5706,5.9213,102.7248,5,2.554,10.82,0.3123,0.2,0.2,0.8462,1.5615,0.6723,moderate (1-2 yrs),"recent-climate (2021-2025 repeats), no extra warming"
5707,5.9236,102.7583,5,2.566,10.72,0.3172,0.2,0.2,0.8516,1.586,0.6723,moderate (1-2 yrs),"recent-climate (2021-2025 repeats), no extra warming"
5708,5.9316,102.7232,5,2.554,10.82,0.3123,0.2,0.2,0.8462,1.5615,0.6723,moderate (1-2 yrs),"recent-climate (2021-2025 repeats), no extra warming"
5709,5.9391,102.722,5,2.554,10.82,0.3123,0.2,0.2,0.8462,1.5615,0.6723,moderate (1-2 yrs),"recent-climate (2021-2025 repeats), no extra warming"
5710,5.9622,102.6808,5,2.574,10.94,0.312,0.2,0.2,0.8458,1.5598,0.6723,moderate (1-2 yrs),"recent-climate (2021-2025 repeats), no extra warming"
5711,6.0606,100.0412,5,1.624,6.49,0.2804,0.2,0.0,0.807,1.402,0.0,moderate (1-2 yrs),"recent-climate (2021-2025 repeats), no extra warming"
5712,6.0617,100.0388,5,1.624,6.49,0.2804,0.2,0.0,0.807,1.402,0.0,moderate (1-2 yrs),"recent-climate (2021-2025 repeats), no extra warming"
5713,6.0659,100.0434,5,1.624,6.49,0.2804,0.2,0.0,0.807,1.402,0.0,moderate (1-2 yrs),"recent-climate (2021-2025 repeats), no extra warming"
5714,6.0716,100.0511,5,1.656,6.36,0.2887,0.2,0.0,0.8179,1.4434,0.0,moderate (1-2 yrs),"recent-climate (2021-2025 repeats), no extra warming"
5715,6.0731,100.0574,5,1.656,6.36,0.2887,0.2,0.0,0.8179,1.4434,0.0,moderate (1-2 yrs),"recent-climate (2021-2025 repeats), no extra warming"
5716,6.4791,117.8908,5,3.074,7.66,0.4663,0.4,0.0,0.9567,2.3314,0.0,high (2-3 yrs),"recent-climate (2021-2025 repeats), no extra warming"
5717,6.4833,117.8932,5,3.074,7.66,0.4663,0.4,0.0,0.9567,2.3314,0.0,high (2-3 yrs),"recent-climate (2021-2025 repeats), no extra warming"
5718,6.4864,117.9112,5,3.258,7.86,0.4861,0.4,0.0,0.9642,2.4304,0.0,high (2-3 yrs),"recent-climate (2021-2025 repeats), no extra warming"
5720,6.4982,117.9272,5,3.258,7.86,0.4861,0.4,0.0,0.9642,2.4304,0.0,high (2-3 yrs),"recent-climate (2021-2025 repeats), no extra warming"
5721,6.4983,117.9114,5,3.258,7.86,0.4861,0.4,0.0,0.9642,2.4304,0.0,high (2-3 yrs),"recent-climate (2021-2025 repeats), no extra warming"
5722,6.5006,117.9203,5,2.964,7.57,0.4564,0.2,0.0,0.9525,2.2821,0.0,high (2-3 yrs),"recent-climate (2021-2025 repeats), no extra warming"
5724,6.5065,117.9275,5,2.964,7.57,0.4564,0.2,0.0,0.9525,2.2821,0.0,high (2-3 yrs),"recent-climate (2021-2025 repeats), no extra warming"
5725,6.5134,117.9056,5,2.964,7.57,0.4564,0.2,0.0,0.9525,2.2821,0.0,high (2-3 yrs),"recent-climate (2021-2025 repeats), no extra warming"
5726,6.5139,117.9243,5,2.964,7.57,0.4564,0.2,0.0,0.9525,2.2821,0.0,high (2-3 yrs),"recent-climate (2021-2025 repeats), no extra warming"
5727,6.5204,117.9296,5,2.964,7.57,0.4564,0.2,0.0,0.9525,2.2821,0.0,high (2-3 yrs),"recent-climate (2021-2025 repeats), no extra warming"
5728,6.521,117.9157,5,2.964,7.57,0.4564,0.2,0.0,0.9525,2.2821,0.0,high (2-3 yrs),"recent-climate (2021-2025 repeats), no extra warming"
5729,6.5436,117.92,5,2.964,7.57,0.4564,0.2,0.0,0.9525,2.2821,0.0,high (2-3 yrs),"recent-climate (2021-2025 repeats), no extra warming"
5730,6.5521,117.9247,5,2.72,6.73,0.4434,0.2,0.0,0.9466,2.2171,0.0,high (2-3 yrs),"recent-climate (2021-2025 repeats), no extra warming"
5731,6.5521,117.9357,5,2.72,6.73,0.4434,0.2,0.0,0.9466,2.2171,0.0,high (2-3 yrs),"recent-climate (2021-2025 repeats), no extra warming"
5732,6.5621,117.9202,5,2.72,6.73,0.4434,0.2,0.0,0.9466,2.2171,0.0,high (2-3 yrs),"recent-climate (2021-2025 repeats), no extra warming"
5733,6.7012,116.3386,5,1.046,5.23,0.2151,0.2,0.0,0.7021,1.0755,0.0,moderate (1-2 yrs),"recent-climate (2021-2025 repeats), no extra warming"
5734,6.7023,116.3635,5,1.13,5.65,0.2197,0.2,0.0,0.7107,1.0984,0.0,moderate (1-2 yrs),"recent-climate (2021-2025 repeats), no extra warming"
5735,6.7051,116.3205,5,1.046,5.23,0.2151,0.2,0.0,0.7021,1.0755,0.0,moderate (1-2 yrs),"recent-climate (2021-2025 repeats), no extra warming"
5736,6.7065,116.3167,5,1.046,5.23,0.2151,0.2,0.0,0.7021,1.0755,0.0,moderate (1-2 yrs),"recent-climate (2021-2025 repeats), no extra warming"
5737,6.7065,116.3295,5,1.046,5.23,0.2151,0.2,0.0,0.7021,1.0755,0.0,moderate (1-2 yrs),"recent-climate (2021-2025 repeats), no extra warming"
5738,6.7097,116.3234,5,1.046,5.23,0.2151,0.2,0.0,0.7021,1.0755,0.0,moderate (1-2 yrs),"recent-climate (2021-2025 repeats), no extra warming"
5739,6.7139,116.3347,5,1.046,5.23,0.2151,0.2,0.0,0.7021,1.0755,0.0,moderate (1-2 yrs),"recent-climate (2021-2025 repeats), no extra warming"
5740,6.7182,116.3594,5,1.13,5.65,0.2197,0.2,0.0,0.7107,1.0984,0.0,moderate (1-2 yrs),"recent-climate (2021-2025 repeats), no extra warming"
5741,6.7183,116.3595,5,1.13,5.65,0.2197,0.2,0.0,0.7107,1.0984,0.0,moderate (1-2 yrs),"recent-climate (2021-2025 repeats), no extra warming"
5742,6.7199,116.3409,5,1.046,5.23,0.2151,0.2,0.0,0.7021,1.0755,0.0,moderate (1-2 yrs),"recent-climate (2021-2025 repeats), no extra warming"
5743,6.7201,116.3684,5,1.13,5.65,0.2197,0.2,0.0,0.7107,1.0984,0.0,moderate (1-2 yrs),"recent-climate (2021-2025 repeats), no extra warming"
5744,6.7216,116.3484,5,1.046,5.23,0.2151,0.2,0.0,0.7021,1.0755,0.0,moderate (1-2 yrs),"recent-climate (2021-2025 repeats), no extra warming"
5752,7.0037,117.4462,5,1.362,3.75,0.2927,0.0,0.0,0.823,1.4636,0.0,moderate (1-2 yrs),"recent-climate (2021-2025 repeats), no extra warming"
5827,1.7335,110.0834,5,1.008,2.38,0.249,0.0,0.0,0.761,1.2448,0.0,moderate (1-2 yrs),"recent-climate (2021-2025 repeats), no extra warming"
5829,1.7831,110.1674,5,0.972,2.92,0.2402,0.0,0.0,0.7467,1.2008,0.0,moderate (1-2 yrs),"recent-climate (2021-2025 repeats), no extra warming"
5830,1.7867,110.1579,5,0.972,2.92,0.2402,0.0,0.0,0.7467,1.2008,0.0,moderate (1-2 yrs),"recent-climate (2021-2025 repeats), no extra warming"
5831,1.7875,110.1621,5,0.972,2.92,0.2402,0.0,0.0,0.7467,1.2008,0.0,moderate (1-2 yrs),"recent-climate (2021-2025 repeats), no extra warming"
5833,1.8942,109.7704,5,0.5,1.43,0.1677,0.0,0.0,0.6006,0.8384,0.0,low (<1 yr),"recent-climate (2021-2025 repeats), no extra warming"
5834,1.8946,109.7664,5,0.5,1.43,0.1677,0.0,0.0,0.6006,0.8384,0.0,low (<1 yr),"recent-climate (2021-2025 repeats), no extra warming"
5835,1.9159,109.7744,5,0.526,1.42,0.1718,0.0,0.0,0.6103,0.8588,0.0,low (<1 yr),"recent-climate (2021-2025 repeats), no extra warming"
5836,1.9176,109.7799,5,0.526,1.42,0.1718,0.0,0.0,0.6103,0.8588,0.0,low (<1 yr),"recent-climate (2021-2025 repeats), no extra warming"
5837,2.1836,104.0957,5,1.79,6.01,0.3185,0.2,0.0,0.853,1.5923,0.0,moderate (1-2 yrs),"recent-climate (2021-2025 repeats), no extra warming"
5838,2.2345,104.061,5,1.852,6.35,0.3205,0.2,0.0,0.8551,1.6024,0.0,moderate (1-2 yrs),"recent-climate (2021-2025 repeats), no extra warming"
5843,2.4599,104.4893,5,1.142,4.35,0.2479,0.2,0.0,0.7593,1.2394,0.0,moderate (1-2 yrs),"recent-climate (2021-2025 repeats), no extra warming"
5844,2.4612,104.5267,5,1.134,4.32,0.2471,0.2,0.0,0.758,1.2354,0.0,moderate (1-2 yrs),"recent-climate (2021-2025 repeats), no extra warming"
5849,2.4712,104.5106,5,1.134,4.32,0.2471,0.2,0.0,0.758,1.2354,0.0,moderate (1-2 yrs),"recent-climate (2021-2025 repeats), no extra warming"
5851,2.4775,104.5045,5,1.134,4.32,0.2471,0.2,0.0,0.758,1.2354,0.0,moderate (1-2 yrs),"recent-climate (2021-2025 repeats), no extra warming"
5855,2.5736,104.325,5,1.472,5.05,0.2889,0.2,0.0,0.8182,1.4447,0.0,moderate (1-2 yrs),"recent-climate (2021-2025 repeats), no extra warming"
5856,2.5814,104.3375,5,1.472,5.05,0.2889,0.2,0.0,0.8182,1.4447,0.0,moderate (1-2 yrs),"recent-climate (2021-2025 repeats), no extra warming"
5857,2.5815,104.3353,5,1.472,5.05,0.2889,0.2,0.0,0.8182,1.4447,0.0,moderate (1-2 yrs),"recent-climate (2021-2025 repeats), no extra warming"
5858,2.5818,104.3125,5,1.472,5.05,0.2889,0.2,0.0,0.8182,1.4447,0.0,moderate (1-2 yrs),"recent-climate (2021-2025 repeats), no extra warming"
5859,2.6614,104.1664,5,1.37,5.04,0.2718,0.2,0.0,0.7952,1.3589,0.0,moderate (1-2 yrs),"recent-climate (2021-2025 repeats), no extra warming"
5865,2.7191,104.1517,5,1.298,5.1,0.2583,0.2,0.0,0.7756,1.2916,0.0,moderate (1-2 yrs),"recent-climate (2021-2025 repeats), no extra warming"
5866,2.7321,104.1354,5,1.266,5.11,0.253,0.2,0.0,0.7675,1.2652,0.0,moderate (1-2 yrs),"recent-climate (2021-2025 repeats), no extra warming"
5868,2.7402,104.1316,5,1.266,5.11,0.253,0.2,0.0,0.7675,1.2652,0.0,moderate (1-2 yrs),"recent-climate (2021-2025 repeats), no extra warming"
5869,2.7411,104.2181,5,1.288,5.08,0.2568,0.2,0.0,0.7732,1.2838,0.0,moderate (1-2 yrs),"recent-climate (2021-2025 repeats), no extra warming"
5870,2.742,104.2177,5,1.288,5.08,0.2568,0.2,0.0,0.7732,1.2838,0.0,moderate (1-2 yrs),"recent-climate (2021-2025 repeats), no extra warming"
5871,2.7509,104.2202,5,1.358,5.43,0.2608,0.2,0.0,0.7793,1.3039,0.0,moderate (1-2 yrs),"recent-climate (2021-2025 repeats), no extra warming"
5872,2.7599,104.2219,5,1.358,5.43,0.2608,0.2,0.0,0.7793,1.3039,0.0,moderate (1-2 yrs),"recent-climate (2021-2025 repeats), no extra warming"
5873,2.7603,104.2204,5,1.358,5.43,0.2608,0.2,0.0,0.7793,1.3039,0.0,moderate (1-2 yrs),"recent-climate (2021-2025 repeats), no extra warming"
5874,2.7809,104.2103,5,1.358,5.43,0.2608,0.2,0.0,0.7793,1.3039,0.0,moderate (1-2 yrs),"recent-climate (2021-2025 repeats), no extra warming"
5875,2.7898,104.1167,5,1.302,5.31,0.2547,0.2,0.0,0.77,1.2735,0.0,moderate (1-2 yrs),"recent-climate (2021-2025 repeats), no extra warming"
5877,2.804,104.2098,5,1.352,5.55,0.2576,0.2,0.0,0.7744,1.2879,0.0,moderate (1-2 yrs),"recent-climate (2021-2025 repeats), no extra warming"
5878,2.8095,104.1353,5,1.326,5.43,0.256,0.2,0.0,0.7721,1.2801,0.0,moderate (1-2 yrs),"recent-climate (2021-2025 repeats), no extra warming"
5880,2.8105,104.1363,5,1.326,5.43,0.256,0.2,0.0,0.7721,1.2801,0.0,moderate (1-2 yrs),"recent-climate (2021-2025 repeats), no extra warming"
5884,2.8167,104.1509,5,1.282,5.36,0.2501,0.2,0.0,0.7628,1.2504,0.0,moderate (1-2 yrs),"recent-climate (2021-2025 repeats), no extra warming"
5885,2.8181,104.1539,5,1.282,5.36,0.2501,0.2,0.0,0.7628,1.2504,0.0,moderate (1-2 yrs),"recent-climate (2021-2025 repeats), no extra warming"
5886,2.8241,104.1882,5,1.282,5.36,0.2501,0.2,0.0,0.7628,1.2504,0.0,moderate (1-2 yrs),"recent-climate (2021-2025 repeats), no extra warming"
5891,2.8884,104.0672,5,1.514,5.73,0.2798,0.2,0.0,0.8062,1.3988,0.0,moderate (1-2 yrs),"recent-climate (2021-2025 repeats), no extra warming"
5893,2.9002,104.0509,5,1.604,5.86,0.2921,0.2,0.0,0.8222,1.4603,0.0,moderate (1-2 yrs),"recent-climate (2021-2025 repeats), no extra warming"
5894,2.9023,104.1025,5,1.648,5.96,0.2972,0.2,0.0,0.8285,1.4858,0.0,moderate (1-2 yrs),"recent-climate (2021-2025 repeats), no extra warming"
5896,2.9132,104.1834,5,1.586,5.94,0.2871,0.2,0.0,0.8158,1.4353,0.0,moderate (1-2 yrs),"recent-climate (2021-2025 repeats), no extra warming"
5901,3.9945,100.5357,5,2.14,8.62,0.3082,0.2,0.2,0.8416,1.5411,0.6723,moderate (1-2 yrs),"recent-climate (2021-2025 repeats), no extra warming"
5902,4.0008,100.5491,5,2.214,8.96,0.3107,0.2,0.2,0.8444,1.5536,0.6723,moderate (1-2 yrs),"recent-climate (2021-2025 repeats), no extra warming"
5905,4.1043,118.6316,5,2.05,4.37,0.3942,0.2,0.0,0.9184,1.9708,0.0,moderate (1-2 yrs),"recent-climate (2021-2025 repeats), no extra warming"
5906,4.1043,118.6352,5,2.05,4.37,0.3942,0.2,0.0,0.9184,1.9708,0.0,moderate (1-2 yrs),"recent-climate (2021-2025 repeats), no extra warming"
5907,4.1057,118.6287,5,2.05,4.37,0.3942,0.2,0.0,0.9184,1.9708,0.0,moderate (1-2 yrs),"recent-climate (2021-2025 repeats), no extra warming"
5909,4.1075,118.6363,5,2.05,4.37,0.3942,0.2,0.0,0.9184,1.9708,0.0,moderate (1-2 yrs),"recent-climate (2021-2025 repeats), no extra warming"
5910,4.1093,118.6257,5,2.05,4.37,0.3942,0.2,0.0,0.9184,1.9708,0.0,moderate (1-2 yrs),"recent-climate (2021-2025 repeats), no extra warming"
5911,4.1118,118.6249,5,2.05,4.37,0.3942,0.2,0.0,0.9184,1.9708,0.0,moderate (1-2 yrs),"recent-climate (2021-2025 repeats), no extra warming"
5912,4.1135,118.636,5,2.05,4.37,0.3942,0.2,0.0,0.9184,1.9708,0.0,moderate (1-2 yrs),"recent-climate (2021-2025 repeats), no extra warming"
5913,4.1152,118.6248,5,2.05,4.37,0.3942,0.2,0.0,0.9184,1.9708,0.0,moderate (1-2 yrs),"recent-climate (2021-2025 repeats), no extra warming"
5915,4.1182,118.6279,5,2.05,4.37,0.3942,0.2,0.0,0.9184,1.9708,0.0,moderate (1-2 yrs),"recent-climate (2021-2025 repeats), no extra warming"
5916,4.1188,118.6291,5,2.05,4.37,0.3942,0.2,0.0,0.9184,1.9708,0.0,moderate (1-2 yrs),"recent-climate (2021-2025 repeats), no extra warming"
5917,4.1189,118.6342,5,2.05,4.37,0.3942,0.2,0.0,0.9184,1.9708,0.0,moderate (1-2 yrs),"recent-climate (2021-2025 repeats), no extra warming"
5918,4.1216,118.6365,5,2.05,4.37,0.3942,0.2,0.0,0.9184,1.9708,0.0,moderate (1-2 yrs),"recent-climate (2021-2025 repeats), no extra warming"
5919,4.1523,118.2575,5,4.23,10.01,0.5597,0.6,0.2,0.9835,2.7985,0.6723,high (2-3 yrs),"recent-climate (2021-2025 repeats), no extra warming"
5920,4.1544,118.2631,5,4.23,10.01,0.5597,0.6,0.2,0.9835,2.7985,0.6723,high (2-3 yrs),"recent-climate (2021-2025 repeats), no extra warming"
5921,4.155,118.8987,5,2.162,3.95,0.4082,0.0,0.0,0.9274,2.0408,0.0,high (2-3 yrs),"recent-climate (2021-2025 repeats), no extra warming"
5922,4.1621,118.8722,5,2.162,3.95,0.4082,0.0,0.0,0.9274,2.0408,0.0,high (2-3 yrs),"recent-climate (2021-2025 repeats), no extra warming"
5923,4.1635,118.2752,5,4.23,10.01,0.5597,0.6,0.2,0.9835,2.7985,0.6723,high (2-3 yrs),"recent-climate (2021-2025 repeats), no extra warming"
5924,4.1636,118.2761,5,4.23,10.01,0.5597,0.6,0.2,0.9835,2.7985,0.6723,high (2-3 yrs),"recent-climate (2021-2025 repeats), no extra warming"
5925,4.1762,118.3073,5,3.906,9.35,0.5412,0.4,0.2,0.9797,2.7062,0.6723,high (2-3 yrs),"recent-climate (2021-2025 repeats), no extra warming"
5927,4.1781,118.3078,5,3.906,9.35,0.5412,0.4,0.2,0.9797,2.7062,0.6723,high (2-3 yrs),"recent-climate (2021-2025 repeats), no extra warming"
5928,4.1919,118.9007,5,1.996,3.43,0.3895,0.0,0.0,0.9152,1.9475,0.0,moderate (1-2 yrs),"recent-climate (2021-2025 repeats), no extra warming"
5932,4.2263,118.685,5,2.494,5.46,0.4391,0.2,0.0,0.9445,2.1956,0.0,high (2-3 yrs),"recent-climate (2021-2025 repeats), no extra warming"
5934,4.2314,118.6336,5,2.734,6.48,0.4563,0.2,0.0,0.9525,2.2816,0.0,high (2-3 yrs),"recent-climate (2021-2025 repeats), no extra warming"
5935,4.2341,118.6376,5,2.734,6.48,0.4563,0.2,0.0,0.9525,2.2816,0.0,high (2-3 yrs),"recent-climate (2021-2025 repeats), no extra warming"
5936,4.237,118.6274,5,2.734,6.48,0.4563,0.2,0.0,0.9525,2.2816,0.0,high (2-3 yrs),"recent-climate (2021-2025 repeats), no extra warming"
5937,4.2378,118.3869,5,4.08,9.73,0.5594,0.4,0.2,0.9834,2.7971,0.6723,high (2-3 yrs),"recent-climate (2021-2025 repeats), no extra warming"
5938,4.2455,118.387,5,4.08,9.73,0.5594,0.4,0.2,0.9834,2.7971,0.6723,high (2-3 yrs),"recent-climate (2021-2025 repeats), no extra warming"
5939,4.2468,118.6272,5,2.734,6.48,0.4563,0.2,0.0,0.9525,2.2816,0.0,high (2-3 yrs),"recent-climate (2021-2025 repeats), no extra warming"
5940,4.249,118.6321,5,2.734,6.48,0.4563,0.2,0.0,0.9525,2.2816,0.0,high (2-3 yrs),"recent-climate (2021-2025 repeats), no extra warming"
5941,4.2493,118.6315,5,2.734,6.48,0.4563,0.2,0.0,0.9525,2.2816,0.0,high (2-3 yrs),"recent-climate (2021-2025 repeats), no extra warming"
5942,4.2498,118.6305,5,2.734,6.48,0.4563,0.2,0.0,0.9525,2.2816,0.0,high (2-3 yrs),"recent-climate (2021-2025 repeats), no extra warming"
5943,4.2671,113.8009,5,0.986,3.35,0.2379,0.0,0.0,0.743,1.1897,0.0,moderate (1-2 yrs),"recent-climate (2021-2025 repeats), no extra warming"
5955,4.568,118.7583,5,1.578,4.4,0.3186,0.2,0.0,0.8531,1.5928,0.0,moderate (1-2 yrs),"recent-climate (2021-2025 repeats), no extra warming"
5958,4.5726,118.7637,5,1.578,4.4,0.3186,0.2,0.0,0.8531,1.5928,0.0,moderate (1-2 yrs),"recent-climate (2021-2025 repeats), no extra warming"
5959,4.5735,118.7584,5,1.578,4.4,0.3186,0.2,0.0,0.8531,1.5928,0.0,moderate (1-2 yrs),"recent-climate (2021-2025 repeats), no extra warming"
5961,4.5799,118.9464,5,0.962,2.3,0.2437,0.0,0.0,0.7526,1.2185,0.0,moderate (1-2 yrs),"recent-climate (2021-2025 repeats), no extra warming"
5963,4.5854,118.7859,5,1.578,4.4,0.3186,0.2,0.0,0.8531,1.5928,0.0,moderate (1-2 yrs),"recent-climate (2021-2025 repeats), no extra warming"
5966,4.5899,118.8688,5,1.198,2.34,0.2803,0.0,0.0,0.8069,1.4014,0.0,moderate (1-2 yrs),"recent-climate (2021-2025 repeats), no extra warming"
5968,4.5902,118.8641,5,1.198,2.34,0.2803,0.0,0.0,0.8069,1.4014,0.0,moderate (1-2 yrs),"recent-climate (2021-2025 repeats), no extra warming"
5969,4.5915,118.862,5,1.198,2.34,0.2803,0.0,0.0,0.8069,1.4014,0.0,moderate (1-2 yrs),"recent-climate (2021-2025 repeats), no extra warming"
5971,4.5981,118.8619,5,1.198,2.34,0.2803,0.0,0.0,0.8069,1.4014,0.0,moderate (1-2 yrs),"recent-climate (2021-2025 repeats), no extra warming"
5972,4.6283,118.8352,5,1.264,3.23,0.2857,0.0,0.0,0.8141,1.4286,0.0,moderate (1-2 yrs),"recent-climate (2021-2025 repeats), no extra warming"
5973,4.6322,118.7966,5,1.64,4.73,0.3231,0.2,0.0,0.8579,1.6155,0.0,moderate (1-2 yrs),"recent-climate (2021-2025 repeats), no extra warming"
5974,4.6386,118.7174,5,2.008,6.23,0.3502,0.2,0.0,0.8842,1.7511,0.0,moderate (1-2 yrs),"recent-climate (2021-2025 repeats), no extra warming"
5977,4.6526,118.6647,5,2.346,7.43,0.3742,0.2,0.0,0.904,1.8708,0.0,moderate (1-2 yrs),"recent-climate (2021-2025 repeats), no extra warming"
5978,4.7112,103.925,5,2.878,9.02,0.4127,0.2,0.2,0.9301,2.0633,0.6723,high (2-3 yrs),"recent-climate (2021-2025 repeats), no extra warming"
5979,4.8005,103.676,5,2.956,9.5,0.4105,0.2,0.2,0.9288,2.0524,0.6723,high (2-3 yrs),"recent-climate (2021-2025 repeats), no extra warming"
5980,4.8076,103.6784,5,2.956,9.5,0.4105,0.2,0.2,0.9288,2.0524,0.6723,high (2-3 yrs),"recent-climate (2021-2025 repeats), no extra warming"
5981,4.8188,103.6763,5,2.956,9.5,0.4105,0.2,0.2,0.9288,2.0524,0.6723,high (2-3 yrs),"recent-climate (2021-2025 repeats), no extra warming"
5982,4.8195,103.6875,5,2.956,9.5,0.4105,0.2,0.2,0.9288,2.0524,0.6723,high (2-3 yrs),"recent-climate (2021-2025 repeats), no extra warming"
5983,4.82,103.6842,5,2.956,9.5,0.4105,0.2,0.2,0.9288,2.0524,0.6723,high (2-3 yrs),"recent-climate (2021-2025 repeats), no extra warming"
5991,5.1891,115.1351,5,3.396,9.64,0.4532,0.4,0.2,0.9511,2.2662,0.6723,high (2-3 yrs),"recent-climate (2021-2025 repeats), no extra warming"
5992,5.191,115.1357,5,3.396,9.64,0.4532,0.4,0.2,0.9511,2.2662,0.6723,high (2-3 yrs),"recent-climate (2021-2025 repeats), no extra warming"
5993,5.2016,115.1419,5,3.252,9.61,0.4327,0.4,0.2,0.9412,2.1633,0.6723,high (2-3 yrs),"recent-climate (2021-2025 repeats), no extra warming"
5994,5.2019,115.1426,5,3.252,9.61,0.4327,0.4,0.2,0.9412,2.1633,0.6723,high (2-3 yrs),"recent-climate (2021-2025 repeats), no extra warming"
5996,5.218,115.1253,5,3.252,9.61,0.4327,0.4,0.2,0.9412,2.1633,0.6723,high (2-3 yrs),"recent-climate (2021-2025 repeats), no extra warming"
5997,5.2227,115.1418,5,3.252,9.61,0.4327,0.4,0.2,0.9412,2.1633,0.6723,high (2-3 yrs),"recent-climate (2021-2025 repeats), no extra warming"
6001,5.705,115.6284,5,1.278,5.15,0.2542,0.2,0.0,0.7692,1.2709,0.0,moderate (1-2 yrs),"recent-climate (2021-2025 repeats), no extra warming"
6002,5.708,115.6993,5,1.232,5.38,0.2412,0.2,0.0,0.7485,1.2062,0.0,moderate (1-2 yrs),"recent-climate (2021-2025 repeats), no extra warming"
6003,5.7086,115.6532,5,1.232,5.38,0.2412,0.2,0.0,0.7485,1.2062,0.0,moderate (1-2 yrs),"recent-climate (2021-2025 repeats), no extra warming"
6004,5.7128,115.6724,5,1.232,5.38,0.2412,0.2,0.0,0.7485,1.2062,0.0,moderate (1-2 yrs),"recent-climate (2021-2025 repeats), no extra warming"
6005,5.7169,115.6349,5,1.278,5.15,0.2542,0.2,0.0,0.7692,1.2709,0.0,moderate (1-2 yrs),"recent-climate (2021-2025 repeats), no extra warming"
6006,5.7202,115.6448,5,1.278,5.15,0.2542,0.2,0.0,0.7692,1.2709,0.0,moderate (1-2 yrs),"recent-climate (2021-2025 repeats), no extra warming"
6018,5.7717,103.039,5,2.216,9.64,0.2928,0.2,0.2,0.8231,1.464,0.6723,moderate (1-2 yrs),"recent-climate (2021-2025 repeats), no extra warming"
6024,5.7771,103.0418,5,2.216,9.64,0.2928,0.2,0.2,0.8231,1.464,0.6723,moderate (1-2 yrs),"recent-climate (2021-2025 repeats), no extra warming"
6032,5.8851,102.767,5,2.508,10.6,0.3115,0.2,0.2,0.8452,1.5573,0.6723,moderate (1-2 yrs),"recent-climate (2021-2025 repeats), no extra warming"
6035,5.9089,102.7096,5,2.554,10.82,0.3123,0.2,0.2,0.8462,1.5615,0.6723,moderate (1-2 yrs),"recent-climate (2021-2025 repeats), no extra warming"
6037,5.9121,102.7501,5,2.566,10.72,0.3172,0.2,0.2,0.8516,1.586,0.6723,moderate (1-2 yrs),"recent-climate (2021-2025 repeats), no extra warming"
6038,5.917,102.7539,5,2.566,10.72,0.3172,0.2,0.2,0.8516,1.586,0.6723,moderate (1-2 yrs),"recent-climate (2021-2025 repeats), no extra warming"
6040,5.9401,102.7222,5,2.554,10.82,0.3123,0.2,0.2,0.8462,1.5615,0.6723,moderate (1-2 yrs),"recent-climate (2021-2025 repeats), no extra warming"
6042,5.9524,102.7085,5,2.606,10.92,0.3179,0.2,0.2,0.8523,1.5893,0.6723,moderate (1-2 yrs),"recent-climate (2021-2025 repeats), no extra warming"
6044,5.9591,115.9911,5,1.118,5.44,0.222,0.2,0.0,0.7149,1.1098,0.0,moderate (1-2 yrs),"recent-climate (2021-2025 repeats), no extra warming"
6045,5.9619,115.9947,5,1.118,5.44,0.222,0.2,0.0,0.7149,1.1098,0.0,moderate (1-2 yrs),"recent-climate (2021-2025 repeats), no extra warming"
6046,5.9627,102.6806,5,2.574,10.94,0.312,0.2,0.2,0.8458,1.5598,0.6723,moderate (1-2 yrs),"recent-climate (2021-2025 repeats), no extra warming"
6047,5.9678,116.0126,5,1.126,5.48,0.2224,0.2,0.0,0.7157,1.112,0.0,moderate (1-2 yrs),"recent-climate (2021-2025 repeats), no extra warming"
6048,5.9706,115.98,5,1.118,5.44,0.222,0.2,0.0,0.7149,1.1098,0.0,moderate (1-2 yrs),"recent-climate (2021-2025 repeats), no extra warming"
6050,5.9708,115.9943,5,1.118,5.44,0.222,0.2,0.0,0.7149,1.1098,0.0,moderate (1-2 yrs),"recent-climate (2021-2025 repeats), no extra warming"
6051,5.9739,116.0125,5,1.126,5.48,0.2224,0.2,0.0,0.7157,1.112,0.0,moderate (1-2 yrs),"recent-climate (2021-2025 repeats), no extra warming"
6054,5.9906,116.0403,5,1.126,5.48,0.2224,0.2,0.0,0.7157,1.112,0.0,moderate (1-2 yrs),"recent-climate (2021-2025 repeats), no extra warming"
6056,6.0064,116.0308,5,1.13,5.5,0.2226,0.2,0.0,0.7161,1.1131,0.0,moderate (1-2 yrs),"recent-climate (2021-2025 repeats), no extra warming"
6057,6.0069,116.0222,5,1.13,5.5,0.2226,0.2,0.0,0.7161,1.1131,0.0,moderate (1-2 yrs),"recent-climate (2021-2025 repeats), no extra warming"
6059,6.0081,116.0036,5,1.13,5.5,0.2226,0.2,0.0,0.7161,1.1131,0.0,moderate (1-2 yrs),"recent-climate (2021-2025 repeats), no extra warming"
6060,6.0082,116.022,5,1.13,5.5,0.2226,0.2,0.0,0.7161,1.1131,0.0,moderate (1-2 yrs),"recent-climate (2021-2025 repeats), no extra warming"
6061,6.0084,116.0313,5,1.13,5.5,0.2226,0.2,0.0,0.7161,1.1131,0.0,moderate (1-2 yrs),"recent-climate (2021-2025 repeats), no extra warming"
6064,6.0169,116.0479,5,1.13,5.5,0.2226,0.2,0.0,0.7161,1.1131,0.0,moderate (1-2 yrs),"recent-climate (2021-2025 repeats), no extra warming"
6065,6.0178,116.0453,5,1.13,5.5,0.2226,0.2,0.0,0.7161,1.1131,0.0,moderate (1-2 yrs),"recent-climate (2021-2025 repeats), no extra warming"
6066,6.0181,116.0053,5,1.13,5.5,0.2226,0.2,0.0,0.7161,1.1131,0.0,moderate (1-2 yrs),"recent-climate (2021-2025 repeats), no extra warming"
6067,6.0259,116.0045,5,1.13,5.5,0.2226,0.2,0.0,0.7161,1.1131,0.0,moderate (1-2 yrs),"recent-climate (2021-2025 repeats), no extra warming"
6068,6.0278,116.0522,5,1.172,5.71,0.2248,0.2,0.0,0.72,1.124,0.0,moderate (1-2 yrs),"recent-climate (2021-2025 repeats), no extra warming"
6069,6.0344,116.0286,5,1.13,5.5,0.2226,0.2,0.0,0.7161,1.1131,0.0,moderate (1-2 yrs),"recent-climate (2021-2025 repeats), no extra warming"
6070,6.0414,116.0197,5,1.13,5.5,0.2226,0.2,0.0,0.7161,1.1131,0.0,moderate (1-2 yrs),"recent-climate (2021-2025 repeats), no extra warming"
6071,6.0562,100.0359,5,1.624,6.49,0.2804,0.2,0.0,0.807,1.402,0.0,moderate (1-2 yrs),"recent-climate (2021-2025 repeats), no extra warming"
6075,6.1545,118.0585,5,5.696,11.97,0.6654,0.6,0.2,0.9958,3.3269,0.6723,very high (3+ yrs),"recent-climate (2021-2025 repeats), no extra warming"
6076,6.1634,118.1081,5,5.614,11.94,0.6528,0.6,0.2,0.995,3.2642,0.6723,very high (3+ yrs),"recent-climate (2021-2025 repeats), no extra warming"
6077,6.1699,118.1089,5,5.614,11.94,0.6528,0.6,0.2,0.995,3.2642,0.6723,very high (3+ yrs),"recent-climate (2021-2025 repeats), no extra warming"
6078,6.1734,118.0714,5,5.696,11.97,0.6654,0.6,0.2,0.9958,3.3269,0.6723,very high (3+ yrs),"recent-climate (2021-2025 repeats), no extra warming"
6079,6.1802,118.0634,5,5.696,11.97,0.6654,0.6,0.2,0.9958,3.3269,0.6723,very high (3+ yrs),"recent-climate (2021-2025 repeats), no extra warming"
6080,6.3498,116.3097,5,1.302,6.51,0.2275,0.2,0.0,0.7249,1.1375,0.0,moderate (1-2 yrs),"recent-climate (2021-2025 repeats), no extra warming"
6081,6.3532,116.3102,5,1.206,6.03,0.2234,0.2,0.0,0.7175,1.1169,0.0,moderate (1-2 yrs),"recent-climate (2021-2025 repeats), no extra warming"
6082,6.3544,116.3111,5,1.206,6.03,0.2234,0.2,0.0,0.7175,1.1169,0.0,moderate (1-2 yrs),"recent-climate (2021-2025 repeats), no extra warming"
6083,6.3684,116.3189,5,1.206,6.03,0.2234,0.2,0.0,0.7175,1.1169,0.0,moderate (1-2 yrs),"recent-climate (2021-2025 repeats), no extra warming"
6084,6.3688,116.3309,5,1.206,6.03,0.2234,0.2,0.0,0.7175,1.1169,0.0,moderate (1-2 yrs),"recent-climate (2021-2025 repeats), no extra warming"
6085,6.372,116.324,5,1.206,6.03,0.2234,0.2,0.0,0.7175,1.1169,0.0,moderate (1-2 yrs),"recent-climate (2021-2025 repeats), no extra warming"
6086,6.3742,116.3431,5,1.206,6.03,0.2234,0.2,0.0,0.7175,1.1169,0.0,moderate (1-2 yrs),"recent-climate (2021-2025 repeats), no extra warming"
6087,6.3894,116.3312,5,1.206,6.03,0.2234,0.2,0.0,0.7175,1.1169,0.0,moderate (1-2 yrs),"recent-climate (2021-2025 repeats), no extra warming"
6088,6.39,116.3228,5,1.206,6.03,0.2234,0.2,0.0,0.7175,1.1169,0.0,moderate (1-2 yrs),"recent-climate (2021-2025 repeats), no extra warming"
6089,6.3936,116.3282,5,1.206,6.03,0.2234,0.2,0.0,0.7175,1.1169,0.0,moderate (1-2 yrs),"recent-climate (2021-2025 repeats), no extra warming"
6100,6.7065,116.3347,5,1.046,5.23,0.2151,0.2,0.0,0.7021,1.0755,0.0,moderate (1-2 yrs),"recent-climate (2021-2025 repeats), no extra warming"
6101,6.7066,116.3212,5,1.046,5.23,0.2151,0.2,0.0,0.7021,1.0755,0.0,moderate (1-2 yrs),"recent-climate (2021-2025 repeats), no extra warming"
6102,6.7127,116.3295,5,1.046,5.23,0.2151,0.2,0.0,0.7021,1.0755,0.0,moderate (1-2 yrs),"recent-climate (2021-2025 repeats), no extra warming"
6103,6.7134,116.3234,5,1.046,5.23,0.2151,0.2,0.0,0.7021,1.0755,0.0,moderate (1-2 yrs),"recent-climate (2021-2025 repeats), no extra warming"
6106,6.94,117.0156,5,1.376,5.25,0.269,0.2,0.0,0.7912,1.3449,0.0,moderate (1-2 yrs),"recent-climate (2021-2025 repeats), no extra warming"
6107,6.9477,117.0105,5,1.376,5.25,0.269,0.2,0.0,0.7912,1.3449,0.0,moderate (1-2 yrs),"recent-climate (2021-2025 repeats), no extra warming"
6108,6.9558,117.0057,5,1.338,5.36,0.2604,0.2,0.0,0.7787,1.3019,0.0,moderate (1-2 yrs),"recent-climate (2021-2025 repeats), no extra warming"
6109,6.9657,117.019,5,1.338,5.36,0.2604,0.2,0.0,0.7787,1.3019,0.0,moderate (1-2 yrs),"recent-climate (2021-2025 repeats), no extra warming"
6110,7.0738,117.022,5,1.224,5.67,0.2336,0.2,0.0,0.7356,1.1681,0.0,moderate (1-2 yrs),"recent-climate (2021-2025 repeats), no extra warming"
6111,7.0762,117.0148,5,1.224,5.67,0.2336,0.2,0.0,0.7356,1.1681,0.0,moderate (1-2 yrs),"recent-climate (2021-2025 repeats), no extra warming"
6112,7.0784,117.0295,5,1.224,5.67,0.2336,0.2,0.0,0.7356,1.1681,0.0,moderate (1-2 yrs),"recent-climate (2021-2025 repeats), no extra warming"
6113,7.0805,117.0134,5,1.224,5.67,0.2336,0.2,0.0,0.7356,1.1681,0.0,moderate (1-2 yrs),"recent-climate (2021-2025 repeats), no extra warming"
6114,7.0835,117.0385,5,1.224,5.67,0.2336,0.2,0.0,0.7356,1.1681,0.0,moderate (1-2 yrs),"recent-climate (2021-2025 repeats), no extra warming"
6115,7.0851,117.0389,5,1.224,5.67,0.2336,0.2,0.0,0.7356,1.1681,0.0,moderate (1-2 yrs),"recent-climate (2021-2025 repeats), no extra warming"
6116,7.0905,117.0552,5,1.094,4.72,0.2322,0.2,0.0,0.7331,1.1608,0.0,moderate (1-2 yrs),"recent-climate (2021-2025 repeats), no extra warming"
6117,7.0946,117.0234,5,1.224,5.67,0.2336,0.2,0.0,0.7356,1.1681,0.0,moderate (1-2 yrs),"recent-climate (2021-2025 repeats), no extra warming"
6118,7.1005,117.0295,5,1.204,5.73,0.2292,0.2,0.0,0.7279,1.1459,0.0,moderate (1-2 yrs),"recent-climate (2021-2025 repeats), no extra warming"
6119,7.1861,116.8643,5,1.196,5.69,0.229,0.2,0.0,0.7276,1.1451,0.0,moderate (1-2 yrs),"recent-climate (2021-2025 repeats), no extra warming"
6120,7.1894,116.8697,5,1.196,5.69,0.229,0.2,0.0,0.7276,1.1451,0.0,moderate (1-2 yrs),"recent-climate (2021-2025 repeats), no extra warming"
6122,7.2034,116.8432,5,1.332,5.91,0.2467,0.2,0.0,0.7575,1.2336,0.0,moderate (1-2 yrs),"recent-climate (2021-2025 repeats), no extra warming"
6142,3.1056,73.5661,5,1.084,4.67,0.2319,0.2,0.0,0.7326,1.1593,0.0,moderate (1-2 yrs),"recent-climate (2021-2025 repeats), no extra warming"
6143,3.1056,73.6181,5,1.112,4.8,0.234,0.2,0.0,0.7362,1.1698,0.0,moderate (1-2 yrs),"recent-climate (2021-2025 repeats), no extra warming"
6144,3.2242,73.4334,5,1.146,5.28,0.2294,0.2,0.0,0.7283,1.1472,0.0,moderate (1-2 yrs),"recent-climate (2021-2025 repeats), no extra warming"
6145,3.435,73.4222,5,1.074,5.23,0.2193,0.2,0.0,0.71,1.0965,0.0,moderate (1-2 yrs),"recent-climate (2021-2025 repeats), no extra warming"
6146,3.447,73.5967,5,1.344,5.68,0.2538,0.2,0.0,0.7687,1.2692,0.0,moderate (1-2 yrs),"recent-climate (2021-2025 repeats), no extra warming"
6147,3.4484,73.7546,5,1.396,5.74,0.2606,0.2,0.0,0.779,1.3032,0.0,moderate (1-2 yrs),"recent-climate (2021-2025 repeats), no extra warming"
6148,3.4946,72.8233,5,1.174,5.87,0.2219,0.2,0.0,0.7147,1.1094,0.0,moderate (1-2 yrs),"recent-climate (2021-2025 repeats), no extra warming"
6150,3.5298,72.9281,5,1.118,5.59,0.2191,0.2,0.0,0.7096,1.0953,0.0,moderate (1-2 yrs),"recent-climate (2021-2025 repeats), no extra warming"
6162,3.6776,73.4691,5,1.244,5.61,0.2383,0.2,0.0,0.7436,1.1914,0.0,moderate (1-2 yrs),"recent-climate (2021-2025 repeats), no extra warming"
6164,3.7301,72.7581,5,1.046,4.79,0.2235,0.2,0.0,0.7178,1.1176,0.0,moderate (1-2 yrs),"recent-climate (2021-2025 repeats), no extra warming"
6165,3.7302,72.7606,5,1.046,4.79,0.2235,0.2,0.0,0.7178,1.1176,0.0,moderate (1-2 yrs),"recent-climate (2021-2025 repeats), no extra warming"
6170,4.0258,72.8057,5,0.988,4.94,0.2116,0.2,0.0,0.6954,1.058,0.0,moderate (1-2 yrs),"recent-climate (2021-2025 repeats), no extra warming"
6171,4.058,72.9563,5,1.274,5.77,0.2396,0.2,0.0,0.7457,1.1979,0.0,moderate (1-2 yrs),"recent-climate (2021-2025 repeats), no extra warming"
6173,4.1188,73.4672,5,0.762,3.81,0.1946,0.0,0.0,0.661,0.9728,0.0,low (<1 yr),"recent-climate (2021-2025 repeats), no extra warming"
6175,4.2656,73.0026,5,1.332,5.92,0.2458,0.2,0.0,0.756,1.229,0.0,moderate (1-2 yrs),"recent-climate (2021-2025 repeats), no extra warming"
6176,4.2681,73.4888,5,0.73,3.51,0.1931,0.0,0.0,0.658,0.9657,0.0,low (<1 yr),"recent-climate (2021-2025 repeats), no extra warming"
6181,4.5083,73.3611,5,0.73,3.65,0.1916,0.0,0.0,0.6548,0.9582,0.0,low (<1 yr),"recent-climate (2021-2025 repeats), no extra warming"
6182,4.5208,73.3611,5,0.73,3.65,0.1916,0.0,0.0,0.6548,0.9582,0.0,low (<1 yr),"recent-climate (2021-2025 repeats), no extra warming"
6183,4.5278,73.3889,5,0.73,3.65,0.1916,0.0,0.0,0.6548,0.9582,0.0,low (<1 yr),"recent-climate (2021-2025 repeats), no extra warming"
6184,4.5278,73.4222,5,0.778,3.75,0.1977,0.0,0.0,0.6675,0.9883,0.0,low (<1 yr),"recent-climate (2021-2025 repeats), no extra warming"
6192,5.7217,73.4034,5,1.174,5.71,0.2251,0.2,0.0,0.7206,1.1255,0.0,moderate (1-2 yrs),"recent-climate (2021-2025 repeats), no extra warming"
6245,3.5222,72.8992,5,1.094,5.47,0.2178,0.2,0.0,0.7072,1.089,0.0,moderate (1-2 yrs),"recent-climate (2021-2025 repeats), no extra warming"
6249,3.6546,72.8214,5,1.108,5.24,0.2245,0.2,0.0,0.7195,1.1224,0.0,moderate (1-2 yrs),"recent-climate (2021-2025 repeats), no extra warming"
6253,3.8448,72.7511,5,0.96,4.65,0.2123,0.2,0.0,0.6967,1.0613,0.0,moderate (1-2 yrs),"recent-climate (2021-2025 repeats), no extra warming"
6258,4.0149,72.8052,5,0.988,4.94,0.2116,0.2,0.0,0.6954,1.058,0.0,moderate (1-2 yrs),"recent-climate (2021-2025 repeats), no extra warming"
6259,4.0171,72.8052,5,0.988,4.94,0.2116,0.2,0.0,0.6954,1.058,0.0,moderate (1-2 yrs),"recent-climate (2021-2025 repeats), no extra warming"
6261,4.0549,72.9571,5,1.274,5.77,0.2396,0.2,0.0,0.7457,1.1979,0.0,moderate (1-2 yrs),"recent-climate (2021-2025 repeats), no extra warming"
6262,4.0558,72.9564,5,1.274,5.77,0.2396,0.2,0.0,0.7457,1.1979,0.0,moderate (1-2 yrs),"recent-climate (2021-2025 repeats), no extra warming"
6267,4.2381,73.5315,5,0.916,4.44,0.209,0.2,0.0,0.6903,1.0448,0.0,moderate (1-2 yrs),"recent-climate (2021-2025 repeats), no extra warming"
6270,4.2563,72.9893,5,1.334,6.07,0.2424,0.2,0.0,0.7505,1.2122,0.0,moderate (1-2 yrs),"recent-climate (2021-2025 repeats), no extra warming"
6275,4.2834,73.4281,5,0.73,3.65,0.1916,0.0,0.0,0.6548,0.9582,0.0,low (<1 yr),"recent-climate (2021-2025 repeats), no extra warming"
6277,4.2864,73.4264,5,0.73,3.65,0.1916,0.0,0.0,0.6548,0.9582,0.0,low (<1 yr),"recent-climate (2021-2025 repeats), no extra warming"
6279,4.3069,73.4232,5,0.768,3.7,0.1968,0.0,0.0,0.6656,0.9838,0.0,low (<1 yr),"recent-climate (2021-2025 repeats), no extra warming"
6281,4.5472,73.3806,5,0.73,3.65,0.1916,0.0,0.0,0.6548,0.9582,0.0,low (<1 yr),"recent-climate (2021-2025 repeats), no extra warming"
6282,4.5702,73.3775,5,0.76,3.8,0.1944,0.0,0.0,0.6606,0.9719,0.0,low (<1 yr),"recent-climate (2021-2025 repeats), no extra warming"
6681,10.1474,97.9704,5,1.234,3.35,0.2779,0.0,0.0,0.8037,1.3897,0.0,moderate (1-2 yrs),"recent-climate (2021-2025 repeats), no extra warming"
6685,10.1579,98.1388,5,1.508,4.25,0.3096,0.2,0.0,0.8432,1.548,0.0,moderate (1-2 yrs),"recent-climate (2021-2025 repeats), no extra warming"
6686,10.4659,98.2446,5,1.146,2.4,0.2728,0.0,0.0,0.7967,1.3642,0.0,moderate (1-2 yrs),"recent-climate (2021-2025 repeats), no extra warming"
6687,10.4669,98.2196,5,1.146,2.4,0.2728,0.0,0.0,0.7967,1.3642,0.0,moderate (1-2 yrs),"recent-climate (2021-2025 repeats), no extra warming"
6688,10.473,98.1714,5,1.092,2.17,0.2651,0.0,0.0,0.7857,1.3256,0.0,moderate (1-2 yrs),"recent-climate (2021-2025 repeats), no extra warming"
6689,10.571,98.0309,5,1.442,3.03,0.3167,0.0,0.0,0.8511,1.5837,0.0,moderate (1-2 yrs),"recent-climate (2021-2025 repeats), no extra warming"
6695,12.041,-68.7508,5,14.754,22.73,0.9091,1.0,0.8,1.0,4.5455,0.9997,very high (3+ yrs),"recent-climate (2021-2025 repeats), no extra warming"
6698,12.0738,-68.8795,5,14.52,22.6,0.9062,1.0,0.8,1.0,4.5308,0.9997,very high (3+ yrs),"recent-climate (2021-2025 repeats), no extra warming"
6699,12.0745,-68.8792,5,14.52,22.6,0.9062,1.0,0.8,1.0,4.5308,0.9997,very high (3+ yrs),"recent-climate (2021-2025 repeats), no extra warming"
6701,12.1396,-69.8372,5,14.858,22.52,0.9156,1.0,0.8,1.0,4.578,0.9997,very high (3+ yrs),"recent-climate (2021-2025 repeats), no extra warming"
6709,12.2791,-69.1451,5,13.422,21.87,0.8799,1.0,0.6,1.0,4.3993,0.9898,very high (3+ yrs),"recent-climate (2021-2025 repeats), no extra warming"
6711,12.3848,-69.16,5,13.19,21.9,0.8652,1.0,0.6,1.0,4.3262,0.9898,very high (3+ yrs),"recent-climate (2021-2025 repeats), no extra warming"
6752,12.0812,-68.8955,5,14.52,22.6,0.9062,1.0,0.8,1.0,4.5308,0.9997,very high (3+ yrs),"recent-climate (2021-2025 repeats), no extra warming"
6755,12.2188,-69.0873,5,13.63,21.99,0.8891,1.0,0.6,1.0,4.4454,0.9898,very high (3+ yrs),"recent-climate (2021-2025 repeats), no extra warming"
6756,12.2191,-69.0878,5,13.63,21.99,0.8891,1.0,0.6,1.0,4.4454,0.9898,very high (3+ yrs),"recent-climate (2021-2025 repeats), no extra warming"
6757,12.2603,-69.1203,5,13.422,21.87,0.8799,1.0,0.6,1.0,4.3993,0.9898,very high (3+ yrs),"recent-climate (2021-2025 repeats), no extra warming"
6759,12.3175,-69.1525,5,13.272,21.84,0.8717,1.0,0.6,1.0,4.3583,0.9898,very high (3+ yrs),"recent-climate (2021-2025 repeats), no extra warming"
6760,12.328,-69.1518,5,13.272,21.84,0.8717,1.0,0.6,1.0,4.3583,0.9898,very high (3+ yrs),"recent-climate (2021-2025 repeats), no extra warming"
6875,26.3295,56.4603,5,1.71,5.71,0.3114,0.2,0.0,0.8452,1.5569,0.0,moderate (1-2 yrs),"recent-climate (2021-2025 repeats), no extra warming"
6884,20.3726,58.8059,5,1.436,3.06,0.3079,0.0,0.0,0.8412,1.5396,0.0,moderate (1-2 yrs),"recent-climate (2021-2025 repeats), no extra warming"
6885,22.6918,59.3804,5,11.226,15.23,0.8507,0.8,0.8,0.9999,4.2537,0.9997,very high (3+ yrs),"recent-climate (2021-2025 repeats), no extra warming"
6886,23.5226,58.7466,5,8.274,13.86,0.7921,0.8,0.4,0.9996,3.9607,0.9222,very high (3+ yrs),"recent-climate (2021-2025 repeats), no extra warming"
6887,23.6456,58.4998,5,7.97,14.93,0.7747,0.8,0.4,0.9994,3.8737,0.9222,very high (3+ yrs),"recent-climate (2021-2025 repeats), no extra warming"
6888,23.6793,58.5015,5,7.58,14.36,0.7549,0.8,0.4,0.9991,3.7744,0.9222,very high (3+ yrs),"recent-climate (2021-2025 repeats), no extra warming"
6889,23.6802,58.4995,5,7.52,14.55,0.7516,0.8,0.4,0.9991,3.7581,0.9222,very high (3+ yrs),"recent-climate (2021-2025 repeats), no extra warming"
6890,24.42,56.6738,5,4.842,13.1,0.5666,0.4,0.2,0.9847,2.8328,0.6723,high (2-3 yrs),"recent-climate (2021-2025 repeats), no extra warming"
6892,26.0836,56.4242,5,3.214,10.13,0.4273,0.2,0.2,0.9384,2.1365,0.6723,high (2-3 yrs),"recent-climate (2021-2025 repeats), no extra warming"
6894,26.0864,56.4286,5,3.214,10.13,0.4273,0.2,0.2,0.9384,2.1365,0.6723,high (2-3 yrs),"recent-climate (2021-2025 repeats), no extra warming"
6895,26.0883,56.4678,5,3.084,9.77,0.4124,0.2,0.2,0.9299,2.062,0.6723,high (2-3 yrs),"recent-climate (2021-2025 repeats), no extra warming"
6897,26.1343,56.4733,5,3.136,9.89,0.4182,0.2,0.2,0.9333,2.0908,0.6723,high (2-3 yrs),"recent-climate (2021-2025 repeats), no extra warming"
6900,26.1513,56.3809,5,2.618,8.67,0.3851,0.2,0.2,0.9121,1.9256,0.6723,moderate (1-2 yrs),"recent-climate (2021-2025 repeats), no extra warming"
6902,26.1861,56.3877,5,2.618,8.67,0.3851,0.2,0.2,0.9121,1.9256,0.6723,moderate (1-2 yrs),"recent-climate (2021-2025 repeats), no extra warming"
6915,26.3427,56.4696,5,1.71,5.71,0.3114,0.2,0.0,0.8452,1.5569,0.0,moderate (1-2 yrs),"recent-climate (2021-2025 repeats), no extra warming"
6916,26.3472,56.4808,5,1.71,5.71,0.3114,0.2,0.0,0.8452,1.5569,0.0,moderate (1-2 yrs),"recent-climate (2021-2025 repeats), no extra warming"
6917,26.3557,56.4991,5,1.418,4.79,0.2846,0.2,0.0,0.8126,1.4228,0.0,moderate (1-2 yrs),"recent-climate (2021-2025 repeats), no extra warming"
6918,26.3582,56.4981,5,1.418,4.79,0.2846,0.2,0.0,0.8126,1.4228,0.0,moderate (1-2 yrs),"recent-climate (2021-2025 repeats), no extra warming"
6919,26.3655,56.452,5,1.418,4.79,0.2846,0.2,0.0,0.8126,1.4228,0.0,moderate (1-2 yrs),"recent-climate (2021-2025 repeats), no extra warming"
6921,26.3683,56.5345,5,1.956,6.0,0.3453,0.2,0.0,0.8797,1.7265,0.0,moderate (1-2 yrs),"recent-climate (2021-2025 repeats), no extra warming"
6923,26.3746,56.3891,5,0.52,1.75,0.1723,0.0,0.0,0.6116,0.8617,0.0,low (<1 yr),"recent-climate (2021-2025 repeats), no extra warming"
6925,26.3755,56.3854,5,0.52,1.75,0.1723,0.0,0.0,0.6116,0.8617,0.0,low (<1 yr),"recent-climate (2021-2025 repeats), no extra warming"
6926,26.3758,56.4164,5,0.934,3.54,0.2271,0.0,0.0,0.7243,1.1357,0.0,moderate (1-2 yrs),"recent-climate (2021-2025 repeats), no extra warming"
6927,26.3766,56.4487,5,0.934,3.54,0.2271,0.0,0.0,0.7243,1.1357,0.0,moderate (1-2 yrs),"recent-climate (2021-2025 repeats), no extra warming"
6928,26.3819,56.4183,5,0.934,3.54,0.2271,0.0,0.0,0.7243,1.1357,0.0,moderate (1-2 yrs),"recent-climate (2021-2025 repeats), no extra warming"
6930,26.3839,56.3994,5,0.52,1.75,0.1723,0.0,0.0,0.6116,0.8617,0.0,low (<1 yr),"recent-climate (2021-2025 repeats), no extra warming"
6932,26.385,56.4208,5,0.934,3.54,0.2271,0.0,0.0,0.7243,1.1357,0.0,moderate (1-2 yrs),"recent-climate (2021-2025 repeats), no extra warming"
7190,10.2859,124.0074,5,3.832,6.35,0.5885,0.6,0.0,0.9882,2.9427,0.0,high (2-3 yrs),"recent-climate (2021-2025 repeats), no extra warming"
7193,10.2899,124.0112,5,3.832,6.35,0.5885,0.6,0.0,0.9882,2.9427,0.0,high (2-3 yrs),"recent-climate (2021-2025 repeats), no extra warming"
7205,11.2369,119.357,5,1.138,5.4,0.226,0.2,0.0,0.7221,1.1298,0.0,moderate (1-2 yrs),"recent-climate (2021-2025 repeats), no extra warming"
7206,12.3072,121.3622,5,1.712,6.05,0.3054,0.2,0.0,0.8383,1.5271,0.0,moderate (1-2 yrs),"recent-climate (2021-2025 repeats), no extra warming"
7283,9.0564,123.1084,5,0.528,1.16,0.1732,0.0,0.0,0.6136,0.866,0.0,low (<1 yr),"recent-climate (2021-2025 repeats), no extra warming"
7284,9.0564,123.1362,5,0.528,1.16,0.1732,0.0,0.0,0.6136,0.866,0.0,low (<1 yr),"recent-climate (2021-2025 repeats), no extra warming"
7285,9.0752,123.1647,5,0.928,1.93,0.2379,0.0,0.0,0.743,1.1897,0.0,moderate (1-2 yrs),"recent-climate (2021-2025 repeats), no extra warming"
7286,9.1074,123.2086,5,1.32,2.67,0.297,0.0,0.0,0.8283,1.485,0.0,moderate (1-2 yrs),"recent-climate (2021-2025 repeats), no extra warming"
7287,9.1817,123.2583,5,1.548,3.25,0.3291,0.0,0.0,0.8641,1.6454,0.0,moderate (1-2 yrs),"recent-climate (2021-2025 repeats), no extra warming"
7296,9.7177,118.7504,5,1.28,6.24,0.2301,0.2,0.0,0.7294,1.1503,0.0,moderate (1-2 yrs),"recent-climate (2021-2025 repeats), no extra warming"
7303,9.8948,123.7667,5,1.834,3.82,0.371,0.0,0.0,0.9015,1.8549,0.0,moderate (1-2 yrs),"recent-climate (2021-2025 repeats), no extra warming"
7376,10.2494,123.9716,5,3.63,6.03,0.571,0.6,0.0,0.9855,2.8549,0.0,high (2-3 yrs),"recent-climate (2021-2025 repeats), no extra warming"
7415,10.2994,124.0177,5,3.832,6.35,0.5885,0.6,0.0,0.9882,2.9427,0.0,high (2-3 yrs),"recent-climate (2021-2025 repeats), no extra warming"
7420,10.3116,124.0241,5,3.888,6.33,0.5921,0.6,0.0,0.9887,2.9603,0.0,high (2-3 yrs),"recent-climate (2021-2025 repeats), no extra warming"
7443,10.9249,119.3379,5,1.218,6.09,0.2239,0.2,0.0,0.7185,1.1196,0.0,moderate (1-2 yrs),"recent-climate (2021-2025 repeats), no extra warming"
7444,10.9249,119.3379,5,1.218,6.09,0.2239,0.2,0.0,0.7185,1.1196,0.0,moderate (1-2 yrs),"recent-climate (2021-2025 repeats), no extra warming"
7445,10.9812,119.2983,5,1.158,5.79,0.2211,0.2,0.0,0.7133,1.1055,0.0,moderate (1-2 yrs),"recent-climate (2021-2025 repeats), no extra warming"
7448,10.9862,119.3074,5,1.186,5.93,0.2224,0.2,0.0,0.7158,1.1122,0.0,moderate (1-2 yrs),"recent-climate (2021-2025 repeats), no extra warming"
7450,10.9897,119.2969,5,1.158,5.79,0.2211,0.2,0.0,0.7133,1.1055,0.0,moderate (1-2 yrs),"recent-climate (2021-2025 repeats), no extra warming"
7455,10.9922,119.3011,5,1.186,5.93,0.2224,0.2,0.0,0.7158,1.1122,0.0,moderate (1-2 yrs),"recent-climate (2021-2025 repeats), no extra warming"
7461,11.016,119.3093,5,1.192,5.82,0.2256,0.2,0.0,0.7215,1.1279,0.0,moderate (1-2 yrs),"recent-climate (2021-2025 repeats), no extra warming"
7475,11.1436,119.3087,5,1.124,5.47,0.2223,0.2,0.0,0.7155,1.1114,0.0,moderate (1-2 yrs),"recent-climate (2021-2025 repeats), no extra warming"
7480,11.1722,119.3813,5,1.158,5.5,0.227,0.2,0.0,0.7241,1.1352,0.0,moderate (1-2 yrs),"recent-climate (2021-2025 repeats), no extra warming"
7481,11.1774,119.3749,5,1.158,5.5,0.227,0.2,0.0,0.7241,1.1352,0.0,moderate (1-2 yrs),"recent-climate (2021-2025 repeats), no extra warming"
7490,11.1916,119.3917,5,1.158,5.5,0.227,0.2,0.0,0.7241,1.1352,0.0,moderate (1-2 yrs),"recent-climate (2021-2025 repeats), no extra warming"
7491,11.1955,119.395,5,1.158,5.5,0.227,0.2,0.0,0.7241,1.1352,0.0,moderate (1-2 yrs),"recent-climate (2021-2025 repeats), no extra warming"
7496,11.2101,119.3774,5,1.138,5.4,0.226,0.2,0.0,0.7221,1.1298,0.0,moderate (1-2 yrs),"recent-climate (2021-2025 repeats), no extra warming"
7505,11.2275,119.3642,5,1.138,5.4,0.226,0.2,0.0,0.7221,1.1298,0.0,moderate (1-2 yrs),"recent-climate (2021-2025 repeats), no extra warming"
7508,11.2618,119.6764,5,1.312,5.97,0.2418,0.2,0.0,0.7494,1.2089,0.0,moderate (1-2 yrs),"recent-climate (2021-2025 repeats), no extra warming"
7509,11.2618,119.7001,5,1.484,6.23,0.2635,0.2,0.0,0.7833,1.3174,0.0,moderate (1-2 yrs),"recent-climate (2021-2025 repeats), no extra warming"
7510,11.268,119.6643,5,1.312,5.97,0.2418,0.2,0.0,0.7494,1.2089,0.0,moderate (1-2 yrs),"recent-climate (2021-2025 repeats), no extra warming"
7520,11.3126,119.6647,5,1.324,6.18,0.2386,0.2,0.0,0.7441,1.193,0.0,moderate (1-2 yrs),"recent-climate (2021-2025 repeats), no extra warming"
7525,11.3219,124.1078,5,1.182,3.92,0.2611,0.0,0.0,0.7798,1.3055,0.0,moderate (1-2 yrs),"recent-climate (2021-2025 repeats), no extra warming"
7534,11.3343,124.1252,5,1.182,3.92,0.2611,0.0,0.0,0.7798,1.3055,0.0,moderate (1-2 yrs),"recent-climate (2021-2025 repeats), no extra warming"
7535,11.3344,124.1244,5,1.182,3.92,0.2611,0.0,0.0,0.7798,1.3055,0.0,moderate (1-2 yrs),"recent-climate (2021-2025 repeats), no extra warming"
7536,11.3351,124.1093,5,1.182,3.92,0.2611,0.0,0.0,0.7798,1.3055,0.0,moderate (1-2 yrs),"recent-climate (2021-2025 repeats), no extra warming"
7543,11.4836,119.8804,5,1.458,6.23,0.2592,0.2,0.0,0.7769,1.2959,0.0,moderate (1-2 yrs),"recent-climate (2021-2025 repeats), no extra warming"
7544,11.4887,119.8828,5,1.458,6.23,0.2592,0.2,0.0,0.7769,1.2959,0.0,moderate (1-2 yrs),"recent-climate (2021-2025 repeats), no extra warming"
7545,11.4912,119.8741,5,1.458,6.23,0.2592,0.2,0.0,0.7769,1.2959,0.0,moderate (1-2 yrs),"recent-climate (2021-2025 repeats), no extra warming"
7546,11.4959,119.8735,5,1.458,6.23,0.2592,0.2,0.0,0.7769,1.2959,0.0,moderate (1-2 yrs),"recent-climate (2021-2025 repeats), no extra warming"
7556,11.7525,120.1365,5,2.49,8.35,0.3746,0.2,0.2,0.9043,1.8731,0.6723,moderate (1-2 yrs),"recent-climate (2021-2025 repeats), no extra warming"
7558,11.7557,120.1426,5,2.49,8.35,0.3746,0.2,0.2,0.9043,1.8731,0.6723,moderate (1-2 yrs),"recent-climate (2021-2025 repeats), no extra warming"
7559,11.7648,120.1339,5,2.49,8.35,0.3746,0.2,0.2,0.9043,1.8731,0.6723,moderate (1-2 yrs),"recent-climate (2021-2025 repeats), no extra warming"
7562,11.7702,120.1373,5,2.49,8.35,0.3746,0.2,0.2,0.9043,1.8731,0.6723,moderate (1-2 yrs),"recent-climate (2021-2025 repeats), no extra warming"
7580,11.9099,120.0519,5,2.02,6.86,0.3365,0.2,0.0,0.8714,1.6823,0.0,moderate (1-2 yrs),"recent-climate (2021-2025 repeats), no extra warming"
7581,11.9135,120.0367,5,1.644,6.26,0.2882,0.2,0.0,0.8172,1.4409,0.0,moderate (1-2 yrs),"recent-climate (2021-2025 repeats), no extra warming"
7582,11.9635,120.178,5,2.076,7.16,0.3379,0.2,0.0,0.8728,1.6895,0.0,moderate (1-2 yrs),"recent-climate (2021-2025 repeats), no extra warming"
7583,11.9644,120.1823,5,2.076,7.16,0.3379,0.2,0.0,0.8728,1.6895,0.0,moderate (1-2 yrs),"recent-climate (2021-2025 repeats), no extra warming"
7584,11.9651,121.9067,5,0.976,4.27,0.2218,0.2,0.0,0.7147,1.1092,0.0,moderate (1-2 yrs),"recent-climate (2021-2025 repeats), no extra warming"
7587,11.9807,121.9028,5,0.976,4.27,0.2218,0.2,0.0,0.7147,1.1092,0.0,moderate (1-2 yrs),"recent-climate (2021-2025 repeats), no extra warming"
7594,12.214,121.2795,5,0.806,3.73,0.2024,0.0,0.0,0.6771,1.0118,0.0,moderate (1-2 yrs),"recent-climate (2021-2025 repeats), no extra warming"
7595,12.2429,121.2824,5,0.806,3.73,0.2024,0.0,0.0,0.6771,1.0118,0.0,moderate (1-2 yrs),"recent-climate (2021-2025 repeats), no extra warming"
7596,12.2633,121.3872,5,1.464,5.47,0.278,0.2,0.0,0.8038,1.3899,0.0,moderate (1-2 yrs),"recent-climate (2021-2025 repeats), no extra warming"
7597,12.2656,121.2746,5,0.872,3.91,0.2105,0.0,0.0,0.6933,1.0526,0.0,moderate (1-2 yrs),"recent-climate (2021-2025 repeats), no extra warming"
7598,12.3173,121.3587,5,1.712,6.05,0.3054,0.2,0.0,0.8383,1.5271,0.0,moderate (1-2 yrs),"recent-climate (2021-2025 repeats), no extra warming"
7599,12.3829,121.4523,5,2.038,6.61,0.3451,0.2,0.0,0.8795,1.7256,0.0,moderate (1-2 yrs),"recent-climate (2021-2025 repeats), no extra warming"
7600,12.5316,124.1052,5,0.674,1.8,0.1962,0.0,0.0,0.6645,0.9811,0.0,low (<1 yr),"recent-climate (2021-2025 repeats), no extra warming"
7601,12.5478,124.1188,5,0.674,1.8,0.1962,0.0,0.0,0.6645,0.9811,0.0,low (<1 yr),"recent-climate (2021-2025 repeats), no extra warming"
7604,13.2153,120.5278,5,0.79,3.18,0.2067,0.0,0.0,0.6857,1.0333,0.0,moderate (1-2 yrs),"recent-climate (2021-2025 repeats), no extra warming"
7612,13.4779,120.9717,5,1.922,6.4,0.33,0.2,0.0,0.865,1.6499,0.0,moderate (1-2 yrs),"recent-climate (2021-2025 repeats), no extra warming"
7613,13.481,120.9711,5,1.922,6.4,0.33,0.2,0.0,0.865,1.6499,0.0,moderate (1-2 yrs),"recent-climate (2021-2025 repeats), no extra warming"
7615,13.514,120.9608,5,1.83,6.25,0.3191,0.2,0.0,0.8536,1.5953,0.0,moderate (1-2 yrs),"recent-climate (2021-2025 repeats), no extra warming"
7617,13.5197,120.9553,5,1.83,6.25,0.3191,0.2,0.0,0.8536,1.5953,0.0,moderate (1-2 yrs),"recent-climate (2021-2025 repeats), no extra warming"
7620,13.5226,120.9856,5,1.83,6.25,0.3191,0.2,0.0,0.8536,1.5953,0.0,moderate (1-2 yrs),"recent-climate (2021-2025 repeats), no extra warming"
7628,13.6592,122.7921,5,5.444,8.51,0.6819,0.8,0.4,0.9967,3.4096,0.9222,very high (3+ yrs),"recent-climate (2021-2025 repeats), no extra warming"
7629,13.6642,120.8686,5,1.474,5.57,0.2784,0.2,0.0,0.8044,1.3922,0.0,moderate (1-2 yrs),"recent-climate (2021-2025 repeats), no extra warming"
7630,13.6882,120.8413,5,1.382,5.56,0.2638,0.2,0.0,0.7837,1.319,0.0,moderate (1-2 yrs),"recent-climate (2021-2025 repeats), no extra warming"
7631,13.6906,120.8891,5,1.474,5.57,0.2784,0.2,0.0,0.8044,1.3922,0.0,moderate (1-2 yrs),"recent-climate (2021-2025 repeats), no extra warming"
7633,13.708,120.8743,5,1.676,6.1,0.2977,0.2,0.0,0.8292,1.4885,0.0,moderate (1-2 yrs),"recent-climate (2021-2025 repeats), no extra warming"
7635,13.7178,120.8725,5,1.676,6.1,0.2977,0.2,0.0,0.8292,1.4885,0.0,moderate (1-2 yrs),"recent-climate (2021-2025 repeats), no extra warming"
7636,13.7244,120.8804,5,1.676,6.1,0.2977,0.2,0.0,0.8292,1.4885,0.0,moderate (1-2 yrs),"recent-climate (2021-2025 repeats), no extra warming"
7637,13.7282,120.8838,5,1.676,6.1,0.2977,0.2,0.0,0.8292,1.4885,0.0,moderate (1-2 yrs),"recent-climate (2021-2025 repeats), no extra warming"
7638,13.7335,122.8289,5,5.376,8.53,0.6805,0.6,0.4,0.9967,3.4024,0.9222,very high (3+ yrs),"recent-climate (2021-2025 repeats), no extra warming"
7644,13.8034,120.9116,5,1.974,6.58,0.3306,0.2,0.0,0.8656,1.6531,0.0,moderate (1-2 yrs),"recent-climate (2021-2025 repeats), no extra warming"
7645,13.8139,120.9085,5,1.974,6.58,0.3306,0.2,0.0,0.8656,1.6531,0.0,moderate (1-2 yrs),"recent-climate (2021-2025 repeats), no extra warming"
7647,13.9697,120.6017,5,2.278,7.88,0.3485,0.2,0.0,0.8826,1.7423,0.0,moderate (1-2 yrs),"recent-climate (2021-2025 repeats), no extra warming"
7648,13.9716,120.6017,5,2.278,7.88,0.3485,0.2,0.0,0.8826,1.7423,0.0,moderate (1-2 yrs),"recent-climate (2021-2025 repeats), no extra warming"
7650,13.9781,120.6161,5,2.278,7.88,0.3485,0.2,0.0,0.8826,1.7423,0.0,moderate (1-2 yrs),"recent-climate (2021-2025 repeats), no extra warming"
7655,13.9901,120.6224,5,2.278,7.88,0.3485,0.2,0.0,0.8826,1.7423,0.0,moderate (1-2 yrs),"recent-climate (2021-2025 repeats), no extra warming"
7657,14.0201,120.6166,5,2.328,8.27,0.3466,0.2,0.2,0.8809,1.7328,0.6723,moderate (1-2 yrs),"recent-climate (2021-2025 repeats), no extra warming"
7660,14.1724,120.5781,5,3.236,9.98,0.4359,0.2,0.2,0.9429,2.1797,0.6723,high (2-3 yrs),"recent-climate (2021-2025 repeats), no extra warming"
7661,14.1728,120.5807,5,3.236,9.98,0.4359,0.2,0.2,0.9429,2.1797,0.6723,high (2-3 yrs),"recent-climate (2021-2025 repeats), no extra warming"
7662,14.1746,120.5954,5,3.236,9.98,0.4359,0.2,0.2,0.9429,2.1797,0.6723,high (2-3 yrs),"recent-climate (2021-2025 repeats), no extra warming"
7663,14.1758,120.5879,5,3.236,9.98,0.4359,0.2,0.2,0.9429,2.1797,0.6723,high (2-3 yrs),"recent-climate (2021-2025 repeats), no extra warming"
7664,14.176,120.5876,5,3.236,9.98,0.4359,0.2,0.2,0.9429,2.1797,0.6723,high (2-3 yrs),"recent-climate (2021-2025 repeats), no extra warming"
7665,14.1762,120.5845,5,3.236,9.98,0.4359,0.2,0.2,0.9429,2.1797,0.6723,high (2-3 yrs),"recent-climate (2021-2025 repeats), no extra warming"
7666,14.1768,120.5873,5,3.236,9.98,0.4359,0.2,0.2,0.9429,2.1797,0.6723,high (2-3 yrs),"recent-climate (2021-2025 repeats), no extra warming"
7667,14.1917,120.5867,5,3.236,9.98,0.4359,0.2,0.2,0.9429,2.1797,0.6723,high (2-3 yrs),"recent-climate (2021-2025 repeats), no extra warming"
7668,14.192,120.5867,5,3.236,9.98,0.4359,0.2,0.2,0.9429,2.1797,0.6723,high (2-3 yrs),"recent-climate (2021-2025 repeats), no extra warming"
7669,14.1937,120.5859,5,3.236,9.98,0.4359,0.2,0.2,0.9429,2.1797,0.6723,high (2-3 yrs),"recent-climate (2021-2025 repeats), no extra warming"
7670,14.1972,120.5843,5,3.236,9.98,0.4359,0.2,0.2,0.9429,2.1797,0.6723,high (2-3 yrs),"recent-climate (2021-2025 repeats), no extra warming"
7676,17.885,-66.9517,5,9.756,18.77,0.723,0.6,0.6,0.9984,3.6149,0.9898,very high (3+ yrs),"recent-climate (2021-2025 repeats), no extra warming"
7677,17.8989,-66.0153,5,10.552,20.41,0.7415,0.6,0.6,0.9988,3.7073,0.9898,very high (3+ yrs),"recent-climate (2021-2025 repeats), no extra warming"
7678,17.9186,-67.0192,5,9.954,18.72,0.7373,0.6,0.6,0.9987,3.6867,0.9898,very high (3+ yrs),"recent-climate (2021-2025 repeats), no extra warming"
7679,17.9186,-66.9686,5,9.878,18.87,0.7317,0.6,0.6,0.9986,3.6587,0.9898,very high (3+ yrs),"recent-climate (2021-2025 repeats), no extra warming"
7680,17.935,-66.8844,5,10.342,19.33,0.7489,0.6,0.6,0.999,3.7447,0.9898,very high (3+ yrs),"recent-climate (2021-2025 repeats), no extra warming"
7681,17.9553,-67.0531,5,10.664,18.96,0.7754,0.6,0.6,0.9994,3.877,0.9898,very high (3+ yrs),"recent-climate (2021-2025 repeats), no extra warming"
7682,18.0882,-65.4619,5,10.752,21.09,0.7481,0.6,0.6,0.999,3.7407,0.9898,very high (3+ yrs),"recent-climate (2021-2025 repeats), no extra warming"
7683,18.3478,-65.5708,5,10.096,19.59,0.7128,0.6,0.6,0.998,3.5638,0.9898,very high (3+ yrs),"recent-climate (2021-2025 repeats), no extra warming"
7684,18.4499,-66.0154,5,8.964,18.44,0.6706,0.6,0.6,0.9961,3.3532,0.9898,very high (3+ yrs),"recent-climate (2021-2025 repeats), no extra warming"
7685,18.469,-66.0908,5,9.046,18.63,0.677,0.6,0.6,0.9965,3.3849,0.9898,very high (3+ yrs),"recent-climate (2021-2025 repeats), no extra warming"
7686,18.4745,-66.1874,5,9.15,18.74,0.6891,0.6,0.6,0.9971,3.4453,0.9898,very high (3+ yrs),"recent-climate (2021-2025 repeats), no extra warming"
7687,18.4829,-66.3424,5,8.916,18.68,0.6705,0.6,0.6,0.9961,3.3526,0.9898,very high (3+ yrs),"recent-climate (2021-2025 repeats), no extra warming"
7711,17.1661,-62.6353,5,10.762,21.1,0.7387,0.6,0.6,0.9988,3.6933,0.9898,very high (3+ yrs),"recent-climate (2021-2025 repeats), no extra warming"
7713,17.1861,-62.6806,5,10.7,21.06,0.7321,0.6,0.6,0.9986,3.6604,0.9898,very high (3+ yrs),"recent-climate (2021-2025 repeats), no extra warming"
7714,17.2157,-62.6232,5,10.834,21.22,0.7419,0.6,0.6,0.9989,3.7095,0.9898,very high (3+ yrs),"recent-climate (2021-2025 repeats), no extra warming"
7715,17.2231,-62.6606,5,10.636,20.99,0.7297,0.6,0.6,0.9986,3.6486,0.9898,very high (3+ yrs),"recent-climate (2021-2025 repeats), no extra warming"
7717,17.2683,-62.6522,5,10.644,21.06,0.7289,0.6,0.6,0.9985,3.6445,0.9898,very high (3+ yrs),"recent-climate (2021-2025 repeats), no extra warming"
7725,13.8617,-61.075,5,10.758,20.57,0.7704,0.6,0.6,0.9994,3.8522,0.9898,very high (3+ yrs),"recent-climate (2021-2025 repeats), no extra warming"
7731,13.8147,-61.0725,5,10.88,20.82,0.7755,0.6,0.6,0.9994,3.8774,0.9898,very high (3+ yrs),"recent-climate (2021-2025 repeats), no extra warming"
7759,1.5688,7.4323,5,2.368,11.53,0.2598,0.2,0.2,0.7778,1.2989,0.6723,moderate (1-2 yrs),"recent-climate (2021-2025 repeats), no extra warming"
7760,1.6081,7.3369,5,2.06,10.3,0.247,0.2,0.2,0.7579,1.2351,0.6723,moderate (1-2 yrs),"recent-climate (2021-2025 repeats), no extra warming"
7761,1.6988,7.4055,5,2.47,11.89,0.2651,0.2,0.2,0.7857,1.3256,0.6723,moderate (1-2 yrs),"recent-climate (2021-2025 repeats), no extra warming"
7838,-10.2694,166.2781,5,2.544,5.68,0.4496,0.2,0.0,0.9495,2.2478,0.0,high (2-3 yrs),"recent-climate (2021-2025 repeats), no extra warming"
7852,-10.2853,166.2628,5,2.544,5.68,0.4496,0.2,0.0,0.9495,2.2478,0.0,high (2-3 yrs),"recent-climate (2021-2025 repeats), no extra warming"
7858,-10.2677,166.2807,5,2.544,5.68,0.4496,0.2,0.0,0.9495,2.2478,0.0,high (2-3 yrs),"recent-climate (2021-2025 repeats), no extra warming"
7860,-10.2625,166.2797,5,2.544,5.68,0.4496,0.2,0.0,0.9495,2.2478,0.0,high (2-3 yrs),"recent-climate (2021-2025 repeats), no extra warming"
7861,-10.2567,166.2589,5,2.544,5.68,0.4496,0.2,0.0,0.9495,2.2478,0.0,high (2-3 yrs),"recent-climate (2021-2025 repeats), no extra warming"
7864,-10.2539,166.2575,5,2.544,5.68,0.4496,0.2,0.0,0.9495,2.2478,0.0,high (2-3 yrs),"recent-climate (2021-2025 repeats), no extra warming"
7865,-10.2517,166.2564,5,2.544,5.68,0.4496,0.2,0.0,0.9495,2.2478,0.0,high (2-3 yrs),"recent-climate (2021-2025 repeats), no extra warming"
7866,-10.2513,166.2941,5,2.544,5.68,0.4496,0.2,0.0,0.9495,2.2478,0.0,high (2-3 yrs),"recent-climate (2021-2025 repeats), no extra warming"
7867,-10.2435,166.2828,5,2.996,6.09,0.5018,0.2,0.0,0.9693,2.5089,0.0,high (2-3 yrs),"recent-climate (2021-2025 repeats), no extra warming"
7868,-10.2404,166.2793,5,2.996,6.09,0.5018,0.2,0.0,0.9693,2.5089,0.0,high (2-3 yrs),"recent-climate (2021-2025 repeats), no extra warming"
7869,-10.2401,166.2799,5,2.996,6.09,0.5018,0.2,0.0,0.9693,2.5089,0.0,high (2-3 yrs),"recent-climate (2021-2025 repeats), no extra warming"
7870,-10.2324,166.2693,5,2.996,6.09,0.5018,0.2,0.0,0.9693,2.5089,0.0,high (2-3 yrs),"recent-climate (2021-2025 repeats), no extra warming"
7871,-10.2294,166.2553,5,2.996,6.09,0.5018,0.2,0.0,0.9693,2.5089,0.0,high (2-3 yrs),"recent-climate (2021-2025 repeats), no extra warming"
7872,-10.2087,166.2929,5,2.996,6.09,0.5018,0.2,0.0,0.9693,2.5089,0.0,high (2-3 yrs),"recent-climate (2021-2025 repeats), no extra warming"
7873,-10.2083,166.2872,5,2.996,6.09,0.5018,0.2,0.0,0.9693,2.5089,0.0,high (2-3 yrs),"recent-climate (2021-2025 repeats), no extra warming"
7875,-10.2026,166.2965,5,2.996,6.09,0.5018,0.2,0.0,0.9693,2.5089,0.0,high (2-3 yrs),"recent-climate (2021-2025 repeats), no extra warming"
7878,-10.1975,166.2997,5,3.244,6.5,0.5211,0.4,0.0,0.9748,2.6055,0.0,high (2-3 yrs),"recent-climate (2021-2025 repeats), no extra warming"
7879,-10.195,166.2719,5,3.244,6.5,0.5211,0.4,0.0,0.9748,2.6055,0.0,high (2-3 yrs),"recent-climate (2021-2025 repeats), no extra warming"
7881,-10.1889,166.2808,5,3.244,6.5,0.5211,0.4,0.0,0.9748,2.6055,0.0,high (2-3 yrs),"recent-climate (2021-2025 repeats), no extra warming"
7981,21.9556,120.7119,5,6.216,14.08,0.6174,0.4,0.4,0.9918,3.0872,0.9222,very high (3+ yrs),"recent-climate (2021-2025 repeats), no extra warming"
7985,22.0379,121.5217,5,4.03,11.21,0.4872,0.4,0.2,0.9646,2.4362,0.6723,high (2-3 yrs),"recent-climate (2021-2025 repeats), no extra warming"
7989,22.0662,121.5709,5,3.992,11.22,0.4937,0.4,0.2,0.9667,2.4683,0.6723,high (2-3 yrs),"recent-climate (2021-2025 repeats), no extra warming"
7990,22.0682,121.5163,5,4.018,11.55,0.4882,0.4,0.2,0.9649,2.4409,0.6723,high (2-3 yrs),"recent-climate (2021-2025 repeats), no extra warming"
7991,22.0705,121.5082,5,4.018,11.55,0.4882,0.4,0.2,0.9649,2.4409,0.6723,high (2-3 yrs),"recent-climate (2021-2025 repeats), no extra warming"
7993,22.0821,121.5173,5,4.018,11.55,0.4882,0.4,0.2,0.9649,2.4409,0.6723,high (2-3 yrs),"recent-climate (2021-2025 repeats), no extra warming"
7994,22.0843,121.5533,5,3.992,11.22,0.4937,0.4,0.2,0.9667,2.4683,0.6723,high (2-3 yrs),"recent-climate (2021-2025 repeats), no extra warming"
7997,22.3231,120.3656,5,7.06,15.03,0.6768,0.6,0.4,0.9965,3.3842,0.9222,very high (3+ yrs),"recent-climate (2021-2025 repeats), no extra warming"
7998,22.3248,120.3682,5,7.06,15.03,0.6768,0.6,0.4,0.9965,3.3842,0.9222,very high (3+ yrs),"recent-climate (2021-2025 repeats), no extra warming"
8004,22.3493,120.3899,5,7.06,15.03,0.6768,0.6,0.4,0.9965,3.3842,0.9222,very high (3+ yrs),"recent-climate (2021-2025 repeats), no extra warming"
8005,22.3539,120.3689,5,7.172,15.15,0.6866,0.4,0.4,0.997,3.4329,0.9222,very high (3+ yrs),"recent-climate (2021-2025 repeats), no extra warming"
8006,22.3552,120.3715,5,7.172,15.15,0.6866,0.4,0.4,0.997,3.4329,0.9222,very high (3+ yrs),"recent-climate (2021-2025 repeats), no extra warming"
8008,22.6375,121.4911,5,5.65,14.75,0.5568,0.4,0.4,0.9829,2.7842,0.9222,high (2-3 yrs),"recent-climate (2021-2025 repeats), no extra warming"
8010,22.6547,121.4698,5,5.778,15.19,0.5659,0.4,0.4,0.9846,2.8297,0.9222,high (2-3 yrs),"recent-climate (2021-2025 repeats), no extra warming"
8014,22.6775,121.4975,5,5.778,15.19,0.5659,0.4,0.4,0.9846,2.8297,0.9222,high (2-3 yrs),"recent-climate (2021-2025 repeats), no extra warming"
8016,22.6778,121.4822,5,5.778,15.19,0.5659,0.4,0.4,0.9846,2.8297,0.9222,high (2-3 yrs),"recent-climate (2021-2025 repeats), no extra warming"
8017,22.6796,121.483,5,5.778,15.19,0.5659,0.4,0.4,0.9846,2.8297,0.9222,high (2-3 yrs),"recent-climate (2021-2025 repeats), no extra warming"
8018,22.6798,121.4891,5,5.778,15.19,0.5659,0.4,0.4,0.9846,2.8297,0.9222,high (2-3 yrs),"recent-climate (2021-2025 repeats), no extra warming"
8019,22.8271,121.1918,5,6.688,15.06,0.664,0.4,0.4,0.9957,3.3201,0.9222,very high (3+ yrs),"recent-climate (2021-2025 repeats), no extra warming"
8020,22.8297,121.1889,5,6.688,15.06,0.664,0.4,0.4,0.9957,3.3201,0.9222,very high (3+ yrs),"recent-climate (2021-2025 repeats), no extra warming"
8022,23.1164,121.3971,5,3.868,10.67,0.4928,0.4,0.2,0.9664,2.4638,0.6723,high (2-3 yrs),"recent-climate (2021-2025 repeats), no extra warming"
8025,23.2549,119.5128,5,6.776,13.85,0.7419,0.8,0.2,0.9989,3.7096,0.6723,very high (3+ yrs),"recent-climate (2021-2025 repeats), no extra warming"
8026,23.2586,119.5124,5,6.776,13.85,0.7419,0.8,0.2,0.9989,3.7096,0.6723,very high (3+ yrs),"recent-climate (2021-2025 repeats), no extra warming"
8027,23.2588,119.5186,5,6.776,13.85,0.7419,0.8,0.2,0.9989,3.7096,0.6723,very high (3+ yrs),"recent-climate (2021-2025 repeats), no extra warming"
8028,23.2603,119.5196,5,6.776,13.85,0.7419,0.8,0.2,0.9989,3.7096,0.6723,very high (3+ yrs),"recent-climate (2021-2025 repeats), no extra warming"
8029,23.2644,119.5163,5,6.776,13.85,0.7419,0.8,0.2,0.9989,3.7096,0.6723,very high (3+ yrs),"recent-climate (2021-2025 repeats), no extra warming"
8031,23.4841,121.5138,5,5.758,14.17,0.654,0.4,0.2,0.995,3.2699,0.6723,very high (3+ yrs),"recent-climate (2021-2025 repeats), no extra warming"
8036,23.6544,121.5439,5,5.984,14.99,0.6568,0.6,0.2,0.9952,3.284,0.6723,very high (3+ yrs),"recent-climate (2021-2025 repeats), no extra warming"
8038,25.1134,121.9198,5,6.424,16.24,0.5782,0.4,0.4,0.9867,2.8911,0.9222,high (2-3 yrs),"recent-climate (2021-2025 repeats), no extra warming"
8039,25.1135,121.92,5,6.424,16.24,0.5782,0.4,0.4,0.9867,2.8911,0.9222,high (2-3 yrs),"recent-climate (2021-2025 repeats), no extra warming"
8040,25.1158,121.917,5,6.424,16.24,0.5782,0.4,0.4,0.9867,2.8911,0.9222,high (2-3 yrs),"recent-climate (2021-2025 repeats), no extra warming"
8041,25.1256,121.9149,5,6.424,16.24,0.5782,0.4,0.4,0.9867,2.8911,0.9222,high (2-3 yrs),"recent-climate (2021-2025 repeats), no extra warming"
8043,25.135,121.8206,5,6.118,15.73,0.5475,0.4,0.4,0.981,2.7375,0.9222,high (2-3 yrs),"recent-climate (2021-2025 repeats), no extra warming"
8044,25.1356,121.8219,5,6.118,15.73,0.5475,0.4,0.4,0.981,2.7375,0.9222,high (2-3 yrs),"recent-climate (2021-2025 repeats), no extra warming"
8046,25.1453,121.8061,5,6.118,15.73,0.5475,0.4,0.4,0.981,2.7375,0.9222,high (2-3 yrs),"recent-climate (2021-2025 repeats), no extra warming"
8048,25.2074,121.6955,5,6.806,16.29,0.598,0.4,0.4,0.9895,2.9899,0.9222,high (2-3 yrs),"recent-climate (2021-2025 repeats), no extra warming"
8049,25.2079,121.6946,5,6.806,16.29,0.598,0.4,0.4,0.9895,2.9899,0.9222,high (2-3 yrs),"recent-climate (2021-2025 repeats), no extra warming"
8055,22.0398,121.5198,5,4.03,11.21,0.4872,0.4,0.2,0.9646,2.4362,0.6723,high (2-3 yrs),"recent-climate (2021-2025 repeats), no extra warming"
8056,22.051,121.5111,5,4.018,11.55,0.4882,0.4,0.2,0.9649,2.4409,0.6723,high (2-3 yrs),"recent-climate (2021-2025 repeats), no extra warming"
8057,22.0811,121.5297,5,4.018,11.55,0.4882,0.4,0.2,0.9649,2.4409,0.6723,high (2-3 yrs),"recent-climate (2021-2025 repeats), no extra warming"
8058,22.0822,121.5178,5,4.018,11.55,0.4882,0.4,0.2,0.9649,2.4409,0.6723,high (2-3 yrs),"recent-climate (2021-2025 repeats), no extra warming"
8059,22.0831,121.5578,5,3.992,11.22,0.4937,0.4,0.2,0.9667,2.4683,0.6723,high (2-3 yrs),"recent-climate (2021-2025 repeats), no extra warming"
8060,22.345,120.3898,5,7.06,15.03,0.6768,0.6,0.4,0.9965,3.3842,0.9222,very high (3+ yrs),"recent-climate (2021-2025 repeats), no extra warming"
8063,22.6439,121.48,5,5.65,14.75,0.5568,0.4,0.4,0.9829,2.7842,0.9222,high (2-3 yrs),"recent-climate (2021-2025 repeats), no extra warming"
8065,22.6548,121.4735,5,5.778,15.19,0.5659,0.4,0.4,0.9846,2.8297,0.9222,high (2-3 yrs),"recent-climate (2021-2025 repeats), no extra warming"
8066,22.6583,121.4711,5,5.778,15.19,0.5659,0.4,0.4,0.9846,2.8297,0.9222,high (2-3 yrs),"recent-climate (2021-2025 repeats), no extra warming"
8068,22.6776,121.4982,5,5.778,15.19,0.5659,0.4,0.4,0.9846,2.8297,0.9222,high (2-3 yrs),"recent-climate (2021-2025 repeats), no extra warming"
8071,22.8634,121.2101,5,6.048,14.61,0.6161,0.4,0.4,0.9917,3.0806,0.9222,very high (3+ yrs),"recent-climate (2021-2025 repeats), no extra warming"
8072,23.2535,119.5129,5,6.776,13.85,0.7419,0.8,0.2,0.9989,3.7096,0.6723,very high (3+ yrs),"recent-climate (2021-2025 repeats), no extra warming"
8074,23.2561,119.517,5,6.776,13.85,0.7419,0.8,0.2,0.9989,3.7096,0.6723,very high (3+ yrs),"recent-climate (2021-2025 repeats), no extra warming"
8075,23.2572,119.5098,5,6.776,13.85,0.7419,0.8,0.2,0.9989,3.7096,0.6723,very high (3+ yrs),"recent-climate (2021-2025 repeats), no extra warming"
8076,23.2735,119.5074,5,6.776,13.85,0.7419,0.8,0.2,0.9989,3.7096,0.6723,very high (3+ yrs),"recent-climate (2021-2025 repeats), no extra warming"
8077,23.2757,119.5049,5,6.776,13.85,0.7419,0.8,0.2,0.9989,3.7096,0.6723,very high (3+ yrs),"recent-climate (2021-2025 repeats), no extra warming"
8078,23.4834,121.5149,5,5.758,14.17,0.654,0.4,0.2,0.995,3.2699,0.6723,very high (3+ yrs),"recent-climate (2021-2025 repeats), no extra warming"
8079,25.1134,121.9193,5,6.424,16.24,0.5782,0.4,0.4,0.9867,2.8911,0.9222,high (2-3 yrs),"recent-climate (2021-2025 repeats), no extra warming"
8080,25.1138,121.9202,5,6.424,16.24,0.5782,0.4,0.4,0.9867,2.8911,0.9222,high (2-3 yrs),"recent-climate (2021-2025 repeats), no extra warming"
8081,25.1355,121.8202,5,6.118,15.73,0.5475,0.4,0.4,0.981,2.7375,0.9222,high (2-3 yrs),"recent-climate (2021-2025 repeats), no extra warming"
8082,25.2115,121.6988,5,6.806,16.29,0.598,0.4,0.4,0.9895,2.9899,0.9222,high (2-3 yrs),"recent-climate (2021-2025 repeats), no extra warming"
8235,10.0685,99.8167,5,2.056,7.81,0.317,0.2,0.0,0.8514,1.5851,0.0,moderate (1-2 yrs),"recent-climate (2021-2025 repeats), no extra warming"
8236,10.1163,99.7287,5,2.206,8.15,0.3321,0.2,0.2,0.8671,1.6604,0.6723,moderate (1-2 yrs),"recent-climate (2021-2025 repeats), no extra warming"
8238,10.1228,99.835,5,2.112,7.91,0.3238,0.2,0.0,0.8586,1.6188,0.0,moderate (1-2 yrs),"recent-climate (2021-2025 repeats), no extra warming"
8278,7.6916,98.7675,5,3.228,12.5,0.3726,0.2,0.2,0.9028,1.8631,0.6723,moderate (1-2 yrs),"recent-climate (2021-2025 repeats), no extra warming"
8306,10.0719,99.8405,5,2.056,7.81,0.317,0.2,0.0,0.8514,1.5851,0.0,moderate (1-2 yrs),"recent-climate (2021-2025 repeats), no extra warming"
8307,10.085,99.8236,5,2.056,7.81,0.317,0.2,0.0,0.8514,1.5851,0.0,moderate (1-2 yrs),"recent-climate (2021-2025 repeats), no extra warming"
8308,10.0898,99.8423,5,2.056,7.81,0.317,0.2,0.0,0.8514,1.5851,0.0,moderate (1-2 yrs),"recent-climate (2021-2025 repeats), no extra warming"
8312,10.1167,99.8444,5,2.112,7.91,0.3238,0.2,0.0,0.8586,1.6188,0.0,moderate (1-2 yrs),"recent-climate (2021-2025 repeats), no extra warming"
8313,10.1172,99.8131,5,2.112,7.91,0.3238,0.2,0.0,0.8586,1.6188,0.0,moderate (1-2 yrs),"recent-climate (2021-2025 repeats), no extra warming"
8316,10.1199,99.8441,5,2.112,7.91,0.3238,0.2,0.0,0.8586,1.6188,0.0,moderate (1-2 yrs),"recent-climate (2021-2025 repeats), no extra warming"
8318,10.121,99.8349,5,2.112,7.91,0.3238,0.2,0.0,0.8586,1.6188,0.0,moderate (1-2 yrs),"recent-climate (2021-2025 repeats), no extra warming"
8348,-18.7125,-174.1083,5,1.57,3.64,0.3282,0.0,0.0,0.8631,1.6408,0.0,moderate (1-2 yrs),"recent-climate (2021-2025 repeats), no extra warming"
8355,11.2557,-60.5387,5,11.986,21.67,0.8535,1.0,0.6,0.9999,4.2677,0.9898,very high (3+ yrs),"recent-climate (2021-2025 repeats), no extra warming"
8356,11.3013,-60.5082,5,11.956,21.71,0.8506,1.0,0.6,0.9999,4.253,0.9898,very high (3+ yrs),"recent-climate (2021-2025 repeats), no extra warming"
8357,11.3015,-60.5204,5,11.956,21.71,0.8506,1.0,0.6,0.9999,4.253,0.9898,very high (3+ yrs),"recent-climate (2021-2025 repeats), no extra warming"
8358,11.3209,-60.5585,5,11.476,21.69,0.8396,1.0,0.6,0.9999,4.1978,0.9898,very high (3+ yrs),"recent-climate (2021-2025 repeats), no extra warming"
8359,11.3253,-60.5951,5,11.476,21.69,0.8396,1.0,0.6,0.9999,4.1978,0.9898,very high (3+ yrs),"recent-climate (2021-2025 repeats), no extra warming"
8360,11.3265,-60.5753,5,11.476,21.69,0.8396,1.0,0.6,0.9999,4.1978,0.9898,very high (3+ yrs),"recent-climate (2021-2025 repeats), no extra warming"
8361,11.3282,-60.5505,5,11.476,21.69,0.8396,1.0,0.6,0.9999,4.1978,0.9898,very high (3+ yrs),"recent-climate (2021-2025 repeats), no extra warming"
8362,11.3331,-60.5561,5,11.476,21.69,0.8396,1.0,0.6,0.9999,4.1978,0.9898,very high (3+ yrs),"recent-climate (2021-2025 repeats), no extra warming"
8364,11.339,-60.5477,5,11.956,21.71,0.8506,1.0,0.6,0.9999,4.253,0.9898,very high (3+ yrs),"recent-climate (2021-2025 repeats), no extra warming"
8451,21.7859,-72.205,5,9.928,18.13,0.7499,0.6,0.6,0.999,3.7497,0.9898,very high (3+ yrs),"recent-climate (2021-2025 repeats), no extra warming"
8522,25.6034,56.3507,5,3.18,10.06,0.4064,0.4,0.2,0.9263,2.0322,0.6723,high (2-3 yrs),"recent-climate (2021-2025 repeats), no extra warming"
8783,25.0342,-80.3472,5,6.624,14.74,0.6704,0.6,0.2,0.9961,3.3521,0.6723,very high (3+ yrs),"recent-climate (2021-2025 repeats), no extra warming"
8785,25.1072,-80.3058,5,8.416,17.13,0.7766,0.8,0.4,0.9994,3.8831,0.9222,very high (3+ yrs),"recent-climate (2021-2025 repeats), no extra warming"
9474,24.4796,-81.7167,5,9.09,17.71,0.8077,0.8,0.6,0.9997,4.0383,0.9898,very high (3+ yrs),"recent-climate (2021-2025 repeats), no extra warming"
9475,24.4805,-81.713,5,9.09,17.71,0.8077,0.8,0.6,0.9997,4.0383,0.9898,very high (3+ yrs),"recent-climate (2021-2025 repeats), no extra warming"
9476,25.0091,-80.3758,5,7.502,15.79,0.7228,0.8,0.4,0.9984,3.614,0.9222,very high (3+ yrs),"recent-climate (2021-2025 repeats), no extra warming"
9477,25.0099,-80.3745,5,7.502,15.79,0.7228,0.8,0.4,0.9984,3.614,0.9222,very high (3+ yrs),"recent-climate (2021-2025 repeats), no extra warming"
9478,25.0337,-80.3477,5,6.624,14.74,0.6704,0.6,0.2,0.9961,3.3521,0.6723,very high (3+ yrs),"recent-climate (2021-2025 repeats), no extra warming"
9480,25.0341,-80.3486,5,6.624,14.74,0.6704,0.6,0.2,0.9961,3.3521,0.6723,very high (3+ yrs),"recent-climate (2021-2025 repeats), no extra warming"
9481,25.0345,-80.3547,5,7.502,15.79,0.7228,0.8,0.4,0.9984,3.614,0.9222,very high (3+ yrs),"recent-climate (2021-2025 repeats), no extra warming"
9482,25.0356,-80.3466,5,6.624,14.74,0.6704,0.6,0.2,0.9961,3.3521,0.6723,very high (3+ yrs),"recent-climate (2021-2025 repeats), no extra warming"
9483,25.0364,-80.3473,5,6.624,14.74,0.6704,0.6,0.2,0.9961,3.3521,0.6723,very high (3+ yrs),"recent-climate (2021-2025 repeats), no extra warming"
9485,25.1366,-80.2889,5,7.348,16.19,0.7138,0.8,0.2,0.9981,3.5689,0.6723,very high (3+ yrs),"recent-climate (2021-2025 repeats), no extra warming"
9487,25.1429,-80.2582,5,7.348,16.19,0.7138,0.8,0.2,0.9981,3.5689,0.6723,very high (3+ yrs),"recent-climate (2021-2025 repeats), no extra warming"
9490,25.2164,-80.4894,5,11.692,20.64,0.8784,1.0,0.8,1.0,4.3922,0.9997,very high (3+ yrs),"recent-climate (2021-2025 repeats), no extra warming"
9491,25.2328,-80.4903,5,11.692,20.64,0.8784,1.0,0.8,1.0,4.3922,0.9997,very high (3+ yrs),"recent-climate (2021-2025 repeats), no extra warming"
9494,26.1866,-80.0926,5,4.534,10.86,0.5598,0.4,0.2,0.9835,2.7988,0.6723,high (2-3 yrs),"recent-climate (2021-2025 repeats), no extra warming"
9495,26.2053,-80.0851,5,4.6,11.24,0.56,0.4,0.2,0.9835,2.8002,0.6723,high (2-3 yrs),"recent-climate (2021-2025 repeats), no extra warming"
9496,26.2062,-80.0851,5,4.6,11.24,0.56,0.4,0.2,0.9835,2.8002,0.6723,high (2-3 yrs),"recent-climate (2021-2025 repeats), no extra warming"
9498,26.211,-80.0846,5,4.6,11.24,0.56,0.4,0.2,0.9835,2.8002,0.6723,high (2-3 yrs),"recent-climate (2021-2025 repeats), no extra warming"
9499,26.2261,-80.0911,5,4.6,11.24,0.56,0.4,0.2,0.9835,2.8002,0.6723,high (2-3 yrs),"recent-climate (2021-2025 repeats), no extra warming"
9500,26.2449,-80.0666,5,4.6,11.24,0.56,0.4,0.2,0.9835,2.8002,0.6723,high (2-3 yrs),"recent-climate (2021-2025 repeats), no extra warming"
9501,26.2608,-80.0863,5,4.496,10.83,0.5557,0.4,0.2,0.9827,2.7787,0.6723,high (2-3 yrs),"recent-climate (2021-2025 repeats), no extra warming"
9503,26.2707,-80.0708,5,4.496,10.83,0.5557,0.4,0.2,0.9827,2.7787,0.6723,high (2-3 yrs),"recent-climate (2021-2025 repeats), no extra warming"
9504,26.271,-80.051,5,4.496,10.83,0.5557,0.4,0.2,0.9827,2.7787,0.6723,high (2-3 yrs),"recent-climate (2021-2025 repeats), no extra warming"
9505,26.2712,-80.0709,5,4.496,10.83,0.5557,0.4,0.2,0.9827,2.7787,0.6723,high (2-3 yrs),"recent-climate (2021-2025 repeats), no extra warming"
9510,26.3292,-80.0584,5,4.638,11.35,0.561,0.4,0.2,0.9837,2.8048,0.6723,high (2-3 yrs),"recent-climate (2021-2025 repeats), no extra warming"
9835,-13.5002,47.8825,5,4.714,13.74,0.484,0.4,0.2,0.9634,2.4198,0.6723,high (2-3 yrs),"recent-climate (2021-2025 repeats), no extra warming"
9836,-13.4869,47.9782,5,5.014,14.47,0.5003,0.4,0.2,0.9688,2.5014,0.6723,high (2-3 yrs),"recent-climate (2021-2025 repeats), no extra warming"
9837,-13.0349,48.5494,5,4.8,11.2,0.5898,0.4,0.2,0.9884,2.9492,0.6723,high (2-3 yrs),"recent-climate (2021-2025 repeats), no extra warming"
9838,-13.0246,48.5374,5,4.8,11.2,0.5898,0.4,0.2,0.9884,2.9492,0.6723,high (2-3 yrs),"recent-climate (2021-2025 repeats), no extra warming"
9839,-13.0028,48.4976,5,4.404,10.76,0.5571,0.4,0.2,0.983,2.7855,0.6723,high (2-3 yrs),"recent-climate (2021-2025 repeats), no extra warming"
9840,-12.9966,48.5621,5,5.24,12.2,0.6142,0.4,0.2,0.9915,3.0711,0.6723,very high (3+ yrs),"recent-climate (2021-2025 repeats), no extra warming"
9841,-12.9857,48.5779,5,5.24,12.2,0.6142,0.4,0.2,0.9915,3.0711,0.6723,very high (3+ yrs),"recent-climate (2021-2025 repeats), no extra warming"
9842,-12.9382,48.583,5,5.018,12.02,0.6024,0.4,0.2,0.9901,3.0122,0.6723,very high (3+ yrs),"recent-climate (2021-2025 repeats), no extra warming"
9843,-12.9153,48.6069,5,5.756,12.73,0.6538,0.6,0.2,0.995,3.269,0.6723,very high (3+ yrs),"recent-climate (2021-2025 repeats), no extra warming"
9844,-12.8862,48.5624,5,4.918,11.77,0.6004,0.4,0.2,0.9898,3.002,0.6723,very high (3+ yrs),"recent-climate (2021-2025 repeats), no extra warming"
9845,-12.8834,48.6348,5,5.488,12.47,0.6427,0.6,0.2,0.9942,3.2137,0.6723,very high (3+ yrs),"recent-climate (2021-2025 repeats), no extra warming"
9846,-12.8453,48.5741,5,4.892,11.79,0.6045,0.4,0.2,0.9903,3.0223,0.6723,very high (3+ yrs),"recent-climate (2021-2025 repeats), no extra warming"
9847,-13.5221,48.0268,5,5.354,15.14,0.5237,0.4,0.2,0.9755,2.6183,0.6723,high (2-3 yrs),"recent-climate (2021-2025 repeats), no extra warming"
9848,-13.5023,47.951,5,5.2,15.01,0.5081,0.4,0.2,0.9712,2.5404,0.6723,high (2-3 yrs),"recent-climate (2021-2025 repeats), no extra warming"
9849,-12.8258,48.5923,5,4.892,11.79,0.6045,0.4,0.2,0.9903,3.0223,0.6723,very high (3+ yrs),"recent-climate (2021-2025 repeats), no extra warming"
9850,-12.7473,48.6708,5,5.096,11.43,0.6447,0.4,0.2,0.9943,3.2236,0.6723,very high (3+ yrs),"recent-climate (2021-2025 repeats), no extra warming"
9851,-8.7288,115.9167,5,4.946,7.58,0.6432,0.6,0.0,0.9942,3.2158,0.0,very high (3+ yrs),"recent-climate (2021-2025 repeats), no extra warming"
9852,-8.7255,115.9105,5,4.946,7.58,0.6432,0.6,0.0,0.9942,3.2158,0.0,very high (3+ yrs),"recent-climate (2021-2025 repeats), no extra warming"
9853,-8.7206,116.021,5,4.956,7.72,0.6406,0.6,0.0,0.994,3.2028,0.0,very high (3+ yrs),"recent-climate (2021-2025 repeats), no extra warming"
9854,-8.7169,116.0056,5,4.956,7.72,0.6406,0.6,0.0,0.994,3.2028,0.0,very high (3+ yrs),"recent-climate (2021-2025 repeats), no extra warming"
9855,-8.7115,115.9141,5,4.946,7.58,0.6432,0.6,0.0,0.9942,3.2158,0.0,very high (3+ yrs),"recent-climate (2021-2025 repeats), no extra warming"
9856,-8.3373,116.7239,5,4.684,6.53,0.6705,0.6,0.0,0.9961,3.3524,0.0,very high (3+ yrs),"recent-climate (2021-2025 repeats), no extra warming"
9857,-8.3158,116.7052,5,4.684,6.53,0.6705,0.6,0.0,0.9961,3.3524,0.0,very high (3+ yrs),"recent-climate (2021-2025 repeats), no extra warming"
9858,-8.2972,116.688,5,4.908,7.69,0.6705,0.6,0.0,0.9961,3.3524,0.0,very high (3+ yrs),"recent-climate (2021-2025 repeats), no extra warming"
9859,-8.2937,116.7074,5,5.008,7.88,0.677,0.6,0.0,0.9965,3.3852,0.0,very high (3+ yrs),"recent-climate (2021-2025 repeats), no extra warming"
9860,-8.1328,157.1582,5,4.06,11.19,0.5226,0.2,0.2,0.9752,2.6129,0.6723,high (2-3 yrs),"recent-climate (2021-2025 repeats), no extra warming"
9861,-8.1131,157.1744,5,4.06,11.19,0.5226,0.2,0.2,0.9752,2.6129,0.6723,high (2-3 yrs),"recent-climate (2021-2025 repeats), no extra warming"
9862,-8.0499,157.1956,5,4.736,12.49,0.5745,0.6,0.2,0.9861,2.8725,0.6723,high (2-3 yrs),"recent-climate (2021-2025 repeats), no extra warming"
9863,-8.0274,156.9453,5,5.736,12.94,0.6722,0.4,0.2,0.9962,3.3612,0.6723,very high (3+ yrs),"recent-climate (2021-2025 repeats), no extra warming"
9864,-8.0185,157.1878,5,4.736,12.49,0.5745,0.6,0.2,0.9861,2.8725,0.6723,high (2-3 yrs),"recent-climate (2021-2025 repeats), no extra warming"
9865,-7.9727,156.937,5,5.566,12.67,0.6635,0.4,0.2,0.9957,3.3175,0.6723,very high (3+ yrs),"recent-climate (2021-2025 repeats), no extra warming"
9866,-7.9479,157.1862,5,5.302,13.1,0.6319,0.6,0.2,0.9932,3.1593,0.6723,very high (3+ yrs),"recent-climate (2021-2025 repeats), no extra warming"
9867,-7.9349,156.9455,5,5.28,12.64,0.6394,0.4,0.2,0.9939,3.1969,0.6723,very high (3+ yrs),"recent-climate (2021-2025 repeats), no extra warming"
9868,-7.9275,39.7799,5,1.976,7.52,0.3118,0.2,0.0,0.8457,1.5592,0.0,moderate (1-2 yrs),"recent-climate (2021-2025 repeats), no extra warming"
9869,-7.91,157.1722,5,5.302,13.1,0.6319,0.6,0.2,0.9932,3.1593,0.6723,very high (3+ yrs),"recent-climate (2021-2025 repeats), no extra warming"
9870,-7.8987,156.9644,5,5.026,12.83,0.6077,0.4,0.2,0.9907,3.0383,0.6723,very high (3+ yrs),"recent-climate (2021-2025 repeats), no extra warming"
9871,-7.885,157.1508,5,5.51,13.77,0.645,0.6,0.2,0.9944,3.2251,0.6723,very high (3+ yrs),"recent-climate (2021-2025 repeats), no extra warming"
9872,-7.8742,156.9908,5,5.026,12.83,0.6077,0.4,0.2,0.9907,3.0383,0.6723,very high (3+ yrs),"recent-climate (2021-2025 repeats), no extra warming"
9873,-7.8635,157.1276,5,4.888,13.03,0.5903,0.4,0.2,0.9885,2.9513,0.6723,high (2-3 yrs),"recent-climate (2021-2025 repeats), no extra warming"
9874,-7.847,157.0519,5,4.816,12.67,0.5899,0.4,0.2,0.9884,2.9493,0.6723,high (2-3 yrs),"recent-climate (2021-2025 repeats), no extra warming"
9875,-7.8436,157.0967,5,4.816,12.67,0.5899,0.4,0.2,0.9884,2.9493,0.6723,high (2-3 yrs),"recent-climate (2021-2025 repeats), no extra warming"
9876,-7.8414,157.0782,5,4.816,12.67,0.5899,0.4,0.2,0.9884,2.9493,0.6723,high (2-3 yrs),"recent-climate (2021-2025 repeats), no extra warming"
9877,-6.6996,39.2632,5,3.666,13.47,0.4135,0.2,0.2,0.9306,2.0675,0.6723,high (2-3 yrs),"recent-climate (2021-2025 repeats), no extra warming"
9878,-6.6615,39.2501,5,3.666,13.47,0.4135,0.2,0.2,0.9306,2.0675,0.6723,high (2-3 yrs),"recent-climate (2021-2025 repeats), no extra warming"
9879,-6.658,39.261,5,3.666,13.47,0.4135,0.2,0.2,0.9306,2.0675,0.6723,high (2-3 yrs),"recent-climate (2021-2025 repeats), no extra warming"
9880,-6.6544,39.2439,5,3.794,13.65,0.4265,0.2,0.2,0.938,2.1326,0.6723,high (2-3 yrs),"recent-climate (2021-2025 repeats), no extra warming"
9881,-6.2848,39.1764,5,3.894,13.65,0.4449,0.2,0.2,0.9473,2.2244,0.6723,high (2-3 yrs),"recent-climate (2021-2025 repeats), no extra warming"
9882,-6.2772,39.1744,5,3.894,13.65,0.4449,0.2,0.2,0.9473,2.2244,0.6723,high (2-3 yrs),"recent-climate (2021-2025 repeats), no extra warming"
9883,-6.1562,39.1223,5,4.016,14.03,0.4523,0.2,0.2,0.9507,2.2614,0.6723,high (2-3 yrs),"recent-climate (2021-2025 repeats), no extra warming"
9884,-6.1511,39.1266,5,4.016,14.03,0.4523,0.2,0.2,0.9507,2.2614,0.6723,high (2-3 yrs),"recent-climate (2021-2025 repeats), no extra warming"
9885,-6.1459,39.1371,5,4.182,14.18,0.4673,0.2,0.2,0.9571,2.3364,0.6723,high (2-3 yrs),"recent-climate (2021-2025 repeats), no extra warming"
9886,-5.9013,110.4056,5,0.826,1.61,0.2236,0.0,0.0,0.7178,1.1178,0.0,moderate (1-2 yrs),"recent-climate (2021-2025 repeats), no extra warming"
9887,-5.8994,110.244,5,1.172,2.08,0.2775,0.0,0.0,0.8032,1.3877,0.0,moderate (1-2 yrs),"recent-climate (2021-2025 repeats), no extra warming"
9888,-5.8981,110.4338,5,0.898,1.63,0.2345,0.0,0.0,0.7372,1.1726,0.0,moderate (1-2 yrs),"recent-climate (2021-2025 repeats), no extra warming"
9889,-5.8802,110.3594,5,0.896,1.63,0.2342,0.0,0.0,0.7366,1.1709,0.0,moderate (1-2 yrs),"recent-climate (2021-2025 repeats), no extra warming"
9890,-5.8629,110.4665,5,0.84,1.48,0.2251,0.0,0.0,0.7207,1.1257,0.0,moderate (1-2 yrs),"recent-climate (2021-2025 repeats), no extra warming"
9891,-5.8568,110.4728,5,0.84,1.48,0.2251,0.0,0.0,0.7207,1.1257,0.0,moderate (1-2 yrs),"recent-climate (2021-2025 repeats), no extra warming"
9892,-5.8337,110.4885,5,0.894,1.51,0.2342,0.0,0.0,0.7366,1.1711,0.0,moderate (1-2 yrs),"recent-climate (2021-2025 repeats), no extra warming"
9893,-5.8313,110.3822,5,0.94,1.65,0.2412,0.0,0.0,0.7485,1.206,0.0,moderate (1-2 yrs),"recent-climate (2021-2025 repeats), no extra warming"
9894,-5.8207,110.4389,5,1.008,1.8,0.2523,0.0,0.0,0.7664,1.2617,0.0,moderate (1-2 yrs),"recent-climate (2021-2025 repeats), no extra warming"
9895,-5.8088,110.5116,5,0.912,1.49,0.2374,0.0,0.0,0.7421,1.187,0.0,moderate (1-2 yrs),"recent-climate (2021-2025 repeats), no extra warming"
9896,-5.8042,110.5588,5,1.018,1.87,0.2544,0.0,0.0,0.7696,1.2722,0.0,moderate (1-2 yrs),"recent-climate (2021-2025 repeats), no extra warming"
9897,-5.803,110.1644,5,1.434,2.39,0.3187,0.0,0.0,0.8532,1.5933,0.0,moderate (1-2 yrs),"recent-climate (2021-2025 repeats), no extra warming"
9898,-5.7998,110.5106,5,1.196,2.1,0.2816,0.0,0.0,0.8087,1.4081,0.0,moderate (1-2 yrs),"recent-climate (2021-2025 repeats), no extra warming"
9899,-5.7982,110.3473,5,1.27,2.15,0.2936,0.0,0.0,0.8241,1.468,0.0,moderate (1-2 yrs),"recent-climate (2021-2025 repeats), no extra warming"
9900,-5.7848,110.5193,5,1.196,2.1,0.2816,0.0,0.0,0.8087,1.4081,0.0,moderate (1-2 yrs),"recent-climate (2021-2025 repeats), no extra warming"
9901,-5.7673,110.3257,5,1.27,2.15,0.2936,0.0,0.0,0.8241,1.468,0.0,moderate (1-2 yrs),"recent-climate (2021-2025 repeats), no extra warming"
9902,-5.7436,110.1956,5,1.586,2.63,0.3408,0.0,0.0,0.8755,1.7038,0.0,moderate (1-2 yrs),"recent-climate (2021-2025 repeats), no extra warming"
9903,-5.7424,110.4175,5,1.464,2.75,0.3176,0.0,0.0,0.852,1.5881,0.0,moderate (1-2 yrs),"recent-climate (2021-2025 repeats), no extra warming"
9904,-4.972,119.2841,5,3.948,8.06,0.5453,0.4,0.2,0.9806,2.7266,0.6723,high (2-3 yrs),"recent-climate (2021-2025 repeats), no extra warming"
9905,-4.9212,119.3171,5,3.964,8.04,0.5477,0.4,0.2,0.9811,2.7384,0.6723,high (2-3 yrs),"recent-climate (2021-2025 repeats), no extra warming"
9906,-4.7156,39.3811,5,3.25,11.62,0.3999,0.2,0.2,0.9222,1.9994,0.6723,moderate (1-2 yrs),"recent-climate (2021-2025 repeats), no extra warming"
9907,-4.715,39.3787,5,3.25,11.62,0.3999,0.2,0.2,0.9222,1.9994,0.6723,moderate (1-2 yrs),"recent-climate (2021-2025 repeats), no extra warming"
9908,-4.715,39.3722,5,3.25,11.62,0.3999,0.2,0.2,0.9222,1.9994,0.6723,moderate (1-2 yrs),"recent-climate (2021-2025 repeats), no extra warming"
9909,-4.7094,39.4082,5,3.116,11.51,0.3832,0.2,0.2,0.9108,1.9162,0.6723,moderate (1-2 yrs),"recent-climate (2021-2025 repeats), no extra warming"
9910,-4.7085,39.4101,5,3.116,11.51,0.3832,0.2,0.2,0.9108,1.9162,0.6723,moderate (1-2 yrs),"recent-climate (2021-2025 repeats), no extra warming"
9911,-4.0216,39.7331,5,2.928,11.2,0.3623,0.2,0.2,0.8945,1.8115,0.6723,moderate (1-2 yrs),"recent-climate (2021-2025 repeats), no extra warming"
9912,-3.9946,39.7484,5,2.902,11.42,0.3525,0.2,0.2,0.8862,1.7626,0.6723,moderate (1-2 yrs),"recent-climate (2021-2025 repeats), no extra warming"
9913,-3.9946,39.7484,5,2.902,11.42,0.3525,0.2,0.2,0.8862,1.7626,0.6723,moderate (1-2 yrs),"recent-climate (2021-2025 repeats), no extra warming"
9914,-3.9943,39.7477,5,2.902,11.42,0.3525,0.2,0.2,0.8862,1.7626,0.6723,moderate (1-2 yrs),"recent-climate (2021-2025 repeats), no extra warming"
9915,-3.9943,39.7477,5,2.902,11.42,0.3525,0.2,0.2,0.8862,1.7626,0.6723,moderate (1-2 yrs),"recent-climate (2021-2025 repeats), no extra warming"
9916,-3.9917,39.7506,5,2.936,11.6,0.352,0.2,0.2,0.8858,1.7601,0.6723,moderate (1-2 yrs),"recent-climate (2021-2025 repeats), no extra warming"
9917,-3.984,39.7601,5,2.936,11.6,0.352,0.2,0.2,0.8858,1.7601,0.6723,moderate (1-2 yrs),"recent-climate (2021-2025 repeats), no extra warming"
9918,-3.9417,39.7823,5,2.918,11.54,0.3509,0.2,0.2,0.8848,1.7547,0.6723,moderate (1-2 yrs),"recent-climate (2021-2025 repeats), no extra warming"
9919,-3.8014,39.8369,5,2.804,11.33,0.3388,0.2,0.2,0.8736,1.6941,0.6723,moderate (1-2 yrs),"recent-climate (2021-2025 repeats), no extra warming"
9920,-3.384,39.9918,5,3.22,12.02,0.3848,0.2,0.2,0.9118,1.9238,0.6723,moderate (1-2 yrs),"recent-climate (2021-2025 repeats), no extra warming"
9921,-3.384,39.9918,5,3.22,12.02,0.3848,0.2,0.2,0.9118,1.9238,0.6723,moderate (1-2 yrs),"recent-climate (2021-2025 repeats), no extra warming"
9922,-3.3831,39.9925,5,3.22,12.02,0.3848,0.2,0.2,0.9118,1.9238,0.6723,moderate (1-2 yrs),"recent-climate (2021-2025 repeats), no extra warming"
9923,-3.2463,40.147,5,3.578,12.62,0.4191,0.2,0.2,0.9339,2.0957,0.6723,high (2-3 yrs),"recent-climate (2021-2025 repeats), no extra warming"
9924,4.1766,73.4834,5,0.696,3.48,0.1884,0.0,0.0,0.6478,0.9419,0.0,low (<1 yr),"recent-climate (2021-2025 repeats), no extra warming"
9925,4.269,73.4888,5,0.73,3.51,0.1931,0.0,0.0,0.658,0.9657,0.0,low (<1 yr),"recent-climate (2021-2025 repeats), no extra warming"
9926,5.2578,73.1634,5,0.956,4.32,0.217,0.2,0.0,0.7058,1.0852,0.0,moderate (1-2 yrs),"recent-climate (2021-2025 repeats), no extra warming"
9927,5.7775,95.3369,5,2.046,9.78,0.259,0.2,0.2,0.7766,1.295,0.6723,moderate (1-2 yrs),"recent-climate (2021-2025 repeats), no extra warming"
9928,5.7998,95.346,5,2.046,9.78,0.259,0.2,0.2,0.7766,1.295,0.6723,moderate (1-2 yrs),"recent-climate (2021-2025 repeats), no extra warming"
9929,5.8083,95.3763,5,2.402,11.09,0.2783,0.2,0.2,0.8042,1.3914,0.6723,moderate (1-2 yrs),"recent-climate (2021-2025 repeats), no extra warming"
9930,5.8257,95.3783,5,2.402,11.09,0.2783,0.2,0.2,0.8042,1.3914,0.6723,moderate (1-2 yrs),"recent-climate (2021-2025 repeats), no extra warming"
9931,5.8457,95.3732,5,2.402,11.09,0.2783,0.2,0.2,0.8042,1.3914,0.6723,moderate (1-2 yrs),"recent-climate (2021-2025 repeats), no extra warming"
9932,5.8542,95.2737,5,2.06,9.85,0.259,0.2,0.2,0.7766,1.295,0.6723,moderate (1-2 yrs),"recent-climate (2021-2025 repeats), no extra warming"
9933,5.8572,95.3614,5,2.634,11.91,0.292,0.2,0.2,0.8221,1.4598,0.6723,moderate (1-2 yrs),"recent-climate (2021-2025 repeats), no extra warming"
9934,5.8735,95.2647,5,2.06,9.85,0.259,0.2,0.2,0.7766,1.295,0.6723,moderate (1-2 yrs),"recent-climate (2021-2025 repeats), no extra warming"
9935,5.8762,95.3536,5,2.634,11.91,0.292,0.2,0.2,0.8221,1.4598,0.6723,moderate (1-2 yrs),"recent-climate (2021-2025 repeats), no extra warming"
9936,5.8815,95.2606,5,2.06,9.85,0.259,0.2,0.2,0.7766,1.295,0.6723,moderate (1-2 yrs),"recent-climate (2021-2025 repeats), no extra warming"
9937,5.8834,95.245,5,1.858,9.14,0.2473,0.2,0.2,0.7584,1.2365,0.6723,moderate (1-2 yrs),"recent-climate (2021-2025 repeats), no extra warming"
9938,5.8838,95.2549,5,2.06,9.85,0.259,0.2,0.2,0.7766,1.295,0.6723,moderate (1-2 yrs),"recent-climate (2021-2025 repeats), no extra warming"
9939,5.8884,95.3455,5,2.304,10.9,0.2681,0.2,0.2,0.79,1.3407,0.6723,moderate (1-2 yrs),"recent-climate (2021-2025 repeats), no extra warming"
9940,5.8956,95.2376,5,1.858,9.14,0.2473,0.2,0.2,0.7584,1.2365,0.6723,moderate (1-2 yrs),"recent-climate (2021-2025 repeats), no extra warming"
9941,10.073,73.6495,5,2.146,7.77,0.3323,0.2,0.0,0.8673,1.6613,0.0,moderate (1-2 yrs),"recent-climate (2021-2025 repeats), no extra warming"
9942,10.0832,73.6501,5,2.114,7.77,0.3272,0.2,0.0,0.8622,1.6362,0.0,moderate (1-2 yrs),"recent-climate (2021-2025 repeats), no extra warming"
9943,10.0911,73.6401,5,2.146,7.77,0.3323,0.2,0.0,0.8673,1.6613,0.0,moderate (1-2 yrs),"recent-climate (2021-2025 repeats), no extra warming"
9944,10.1448,73.6656,5,2.116,7.77,0.3276,0.2,0.0,0.8625,1.6378,0.0,moderate (1-2 yrs),"recent-climate (2021-2025 repeats), no extra warming"
9945,10.5564,72.6442,5,2.472,7.74,0.3879,0.2,0.0,0.9141,1.9395,0.0,moderate (1-2 yrs),"recent-climate (2021-2025 repeats), no extra warming"
9946,10.5766,72.6271,5,2.472,7.74,0.3879,0.2,0.0,0.9141,1.9395,0.0,moderate (1-2 yrs),"recent-climate (2021-2025 repeats), no extra warming"
9947,10.8495,72.1955,5,2.33,7.15,0.3804,0.2,0.0,0.9087,1.9021,0.0,moderate (1-2 yrs),"recent-climate (2021-2025 repeats), no extra warming"
9948,10.9172,72.2992,5,2.242,7.35,0.3608,0.2,0.0,0.8933,1.8042,0.0,moderate (1-2 yrs),"recent-climate (2021-2025 repeats), no extra warming"
9949,11.1286,72.7346,5,2.124,7.4,0.3401,0.2,0.0,0.8748,1.7003,0.0,moderate (1-2 yrs),"recent-climate (2021-2025 repeats), no extra warming"
9950,11.1332,72.7195,5,2.124,7.4,0.3401,0.2,0.0,0.8748,1.7003,0.0,moderate (1-2 yrs),"recent-climate (2021-2025 repeats), no extra warming"
9951,11.2072,72.7497,5,2.182,7.69,0.3419,0.2,0.0,0.8765,1.7093,0.0,moderate (1-2 yrs),"recent-climate (2021-2025 repeats), no extra warming"
9952,11.214,72.7798,5,2.214,7.85,0.3427,0.2,0.0,0.8773,1.7137,0.0,moderate (1-2 yrs),"recent-climate (2021-2025 repeats), no extra warming"
9953,11.5744,92.594,5,3.188,7.6,0.4928,0.2,0.0,0.9664,2.4638,0.0,high (2-3 yrs),"recent-climate (2021-2025 repeats), no extra warming"
9954,11.5827,92.5681,5,3.188,7.6,0.4928,0.2,0.0,0.9664,2.4638,0.0,high (2-3 yrs),"recent-climate (2021-2025 repeats), no extra warming"
9955,11.5845,92.5764,5,3.188,7.6,0.4928,0.2,0.0,0.9664,2.4638,0.0,high (2-3 yrs),"recent-climate (2021-2025 repeats), no extra warming"
9956,12.0126,93.0833,5,3.324,9.85,0.4625,0.2,0.2,0.9551,2.3126,0.6723,high (2-3 yrs),"recent-climate (2021-2025 repeats), no extra warming"
9957,12.0478,93.0056,5,3.26,9.81,0.4543,0.2,0.2,0.9516,2.2715,0.6723,high (2-3 yrs),"recent-climate (2021-2025 repeats), no extra warming"
9958,12.064,93.0589,5,3.1,9.71,0.4323,0.2,0.2,0.941,2.1613,0.6723,high (2-3 yrs),"recent-climate (2021-2025 repeats), no extra warming"
9959,12.1961,93.0847,5,3.042,9.6,0.4266,0.2,0.2,0.938,2.1332,0.6723,high (2-3 yrs),"recent-climate (2021-2025 repeats), no extra warming"
9960,12.2235,93.0209,5,3.064,9.62,0.4297,0.2,0.2,0.9397,2.1487,0.6723,high (2-3 yrs),"recent-climate (2021-2025 repeats), no extra warming"
9961,26.6273,127.8595,5,6.728,15.33,0.6135,0.6,0.4,0.9914,3.0675,0.9222,very high (3+ yrs),"recent-climate (2021-2025 repeats), no extra warming"
9962,26.6287,127.8612,5,6.728,15.33,0.6135,0.6,0.4,0.9914,3.0675,0.9222,very high (3+ yrs),"recent-climate (2021-2025 repeats), no extra warming"
9963,26.6356,127.8654,5,6.728,15.33,0.6135,0.6,0.4,0.9914,3.0675,0.9222,very high (3+ yrs),"recent-climate (2021-2025 repeats), no extra warming"
9964,26.7119,127.8805,5,7.204,15.93,0.6163,0.6,0.4,0.9917,3.0815,0.9222,very high (3+ yrs),"recent-climate (2021-2025 repeats), no extra warming"
9965,-22.7865,43.3346,5,1.61,2.84,0.3391,0.0,0.0,0.8739,1.6955,0.0,moderate (1-2 yrs),"recent-climate (2021-2025 repeats), no extra warming"
9966,-22.7396,43.3162,5,1.73,3.03,0.3536,0.0,0.0,0.8872,1.7681,0.0,moderate (1-2 yrs),"recent-climate (2021-2025 repeats), no extra warming"
9967,-22.6524,43.2737,5,1.724,3.2,0.3525,0.0,0.0,0.8862,1.7625,0.0,moderate (1-2 yrs),"recent-climate (2021-2025 repeats), no extra warming"
9968,-22.6229,43.2573,5,2.15,3.62,0.4015,0.0,0.0,0.9232,2.0077,0.0,high (2-3 yrs),"recent-climate (2021-2025 repeats), no extra warming"
9969,-22.6061,43.2513,5,2.15,3.62,0.4015,0.0,0.0,0.9232,2.0077,0.0,high (2-3 yrs),"recent-climate (2021-2025 repeats), no extra warming"
9970,-22.5595,42.456,5,2.03,4.82,0.379,0.2,0.0,0.9077,1.8952,0.0,moderate (1-2 yrs),"recent-climate (2021-2025 repeats), no extra warming"
9971,-22.538,43.243,5,2.09,3.6,0.3972,0.0,0.0,0.9204,1.9859,0.0,moderate (1-2 yrs),"recent-climate (2021-2025 repeats), no extra warming"
9972,-22.5208,43.2441,5,2.09,3.6,0.3972,0.0,0.0,0.9204,1.9859,0.0,moderate (1-2 yrs),"recent-climate (2021-2025 repeats), no extra warming"
9973,-22.4694,43.2364,5,2.104,3.7,0.3984,0.0,0.0,0.9212,1.9919,0.0,moderate (1-2 yrs),"recent-climate (2021-2025 repeats), no extra warming"
9974,-22.4459,43.238,5,1.966,3.35,0.3811,0.0,0.0,0.9092,1.9056,0.0,moderate (1-2 yrs),"recent-climate (2021-2025 repeats), no extra warming"
9975,-22.4401,43.2391,5,1.966,3.35,0.3811,0.0,0.0,0.9092,1.9056,0.0,moderate (1-2 yrs),"recent-climate (2021-2025 repeats), no extra warming"
9976,-22.2875,113.8108,5,6.154,20.58,0.5353,0.6,0.2,0.9783,2.6763,0.6723,high (2-3 yrs),"recent-climate (2021-2025 repeats), no extra warming"
9977,-22.2049,113.844,5,6.138,20.69,0.5317,0.6,0.2,0.9775,2.6584,0.6723,high (2-3 yrs),"recent-climate (2021-2025 repeats), no extra warming"
9978,-22.1321,113.8763,5,5.856,20.52,0.5085,0.4,0.2,0.9713,2.5426,0.6723,high (2-3 yrs),"recent-climate (2021-2025 repeats), no extra warming"
9979,-22.0806,113.8934,5,5.976,20.43,0.5203,0.6,0.2,0.9746,2.6014,0.6723,high (2-3 yrs),"recent-climate (2021-2025 repeats), no extra warming"
9980,-22.052,113.8983,5,5.976,20.43,0.5203,0.6,0.2,0.9746,2.6014,0.6723,high (2-3 yrs),"recent-climate (2021-2025 repeats), no extra warming"
9981,-21.9995,113.9134,5,6.086,20.83,0.522,0.6,0.2,0.9751,2.6102,0.6723,high (2-3 yrs),"recent-climate (2021-2025 repeats), no extra warming"
9982,-21.9506,113.9206,5,6.086,20.83,0.522,0.6,0.2,0.9751,2.6102,0.6723,high (2-3 yrs),"recent-climate (2021-2025 repeats), no extra warming"
9983,-21.9298,113.9474,5,5.998,20.91,0.5086,0.4,0.2,0.9714,2.5431,0.6723,high (2-3 yrs),"recent-climate (2021-2025 repeats), no extra warming"
9984,-21.9088,113.964,5,5.98,21.17,0.5025,0.4,0.2,0.9695,2.5124,0.6723,high (2-3 yrs),"recent-climate (2021-2025 repeats), no extra warming"
9985,-21.9043,113.9684,5,5.98,21.17,0.5025,0.4,0.2,0.9695,2.5124,0.6723,high (2-3 yrs),"recent-climate (2021-2025 repeats), no extra warming"
9986,-21.1838,55.286,5,4.756,16.73,0.411,0.4,0.2,0.9291,2.0552,0.6723,high (2-3 yrs),"recent-climate (2021-2025 repeats), no extra warming"
9987,-21.1812,55.286,5,4.756,16.73,0.411,0.4,0.2,0.9291,2.0552,0.6723,high (2-3 yrs),"recent-climate (2021-2025 repeats), no extra warming"
9988,-21.1029,55.2414,5,4.652,16.01,0.4115,0.4,0.2,0.9294,2.0574,0.6723,high (2-3 yrs),"recent-climate (2021-2025 repeats), no extra warming"
9989,-21.0964,55.2332,5,4.504,15.34,0.4169,0.4,0.2,0.9326,2.0846,0.6723,high (2-3 yrs),"recent-climate (2021-2025 repeats), no extra warming"
9990,-20.5122,57.4154,5,3.022,12.09,0.3516,0.2,0.2,0.8854,1.7578,0.6723,moderate (1-2 yrs),"recent-climate (2021-2025 repeats), no extra warming"
9991,-20.5107,57.4121,5,3.022,12.09,0.3516,0.2,0.2,0.8854,1.7578,0.6723,moderate (1-2 yrs),"recent-climate (2021-2025 repeats), no extra warming"
9992,-20.4149,57.7272,5,3.508,13.4,0.3906,0.2,0.2,0.916,1.953,0.6723,moderate (1-2 yrs),"recent-climate (2021-2025 repeats), no extra warming"
9993,-20.0803,57.5108,5,2.532,10.32,0.3237,0.2,0.2,0.8585,1.6183,0.6723,moderate (1-2 yrs),"recent-climate (2021-2025 repeats), no extra warming"
9994,-19.9975,57.6704,5,3.012,11.5,0.3672,0.2,0.2,0.8986,1.8361,0.6723,moderate (1-2 yrs),"recent-climate (2021-2025 repeats), no extra warming"
9995,-19.9847,57.5974,5,2.472,10.1,0.3215,0.2,0.2,0.8562,1.6076,0.6723,moderate (1-2 yrs),"recent-climate (2021-2025 repeats), no extra warming"
9996,-19.9789,57.6326,5,2.718,10.63,0.3466,0.2,0.2,0.8809,1.7328,0.6723,moderate (1-2 yrs),"recent-climate (2021-2025 repeats), no extra warming"
9997,-19.9789,57.6311,5,2.718,10.63,0.3466,0.2,0.2,0.8809,1.7328,0.6723,moderate (1-2 yrs),"recent-climate (2021-2025 repeats), no extra warming"
9998,-18.1017,179.2633,5,5.688,8.93,0.7095,0.8,0.2,0.9979,3.5475,0.6723,very high (3+ yrs),"recent-climate (2021-2025 repeats), no extra warming"
9999,-18.0847,179.263,5,5.672,8.62,0.7131,0.8,0.2,0.9981,3.5657,0.6723,very high (3+ yrs),"recent-climate (2021-2025 repeats), no extra warming"
10000,-17.5818,178.9807,5,4.386,7.44,0.6396,0.6,0.0,0.9939,3.1982,0.0,very high (3+ yrs),"recent-climate (2021-2025 repeats), no extra warming"
10001,-17.5717,178.9883,5,4.386,7.44,0.6396,0.6,0.0,0.9939,3.1982,0.0,very high (3+ yrs),"recent-climate (2021-2025 repeats), no extra warming"
10002,-17.2782,178.462,5,3.006,4.85,0.514,0.4,0.0,0.9729,2.57,0.0,high (2-3 yrs),"recent-climate (2021-2025 repeats), no extra warming"
10003,-17.17,178.229,5,3.546,6.52,0.5549,0.4,0.0,0.9825,2.7744,0.0,high (2-3 yrs),"recent-climate (2021-2025 repeats), no extra warming"
10004,-17.1365,178.525,5,3.878,6.66,0.5918,0.4,0.0,0.9887,2.9588,0.0,high (2-3 yrs),"recent-climate (2021-2025 repeats), no extra warming"
10005,-17.1343,178.5202,5,3.878,6.66,0.5918,0.4,0.0,0.9887,2.9588,0.0,high (2-3 yrs),"recent-climate (2021-2025 repeats), no extra warming"
10006,-17.1132,179.0637,5,4.018,8.37,0.5556,0.6,0.2,0.9827,2.778,0.6723,high (2-3 yrs),"recent-climate (2021-2025 repeats), no extra warming"
10007,-17.0667,178.595,5,3.734,6.8,0.5729,0.4,0.0,0.9858,2.8644,0.0,high (2-3 yrs),"recent-climate (2021-2025 repeats), no extra warming"
10008,-17.011,179.0252,5,3.626,7.79,0.5188,0.4,0.0,0.9742,2.594,0.0,high (2-3 yrs),"recent-climate (2021-2025 repeats), no extra warming"
10009,-16.4795,123.0407,5,4.416,12.71,0.5243,0.4,0.2,0.9756,2.6214,0.6723,high (2-3 yrs),"recent-climate (2021-2025 repeats), no extra warming"
10010,-16.478,123.0446,5,4.416,12.71,0.5243,0.4,0.2,0.9756,2.6214,0.6723,high (2-3 yrs),"recent-climate (2021-2025 repeats), no extra warming"
10011,-16.4615,123.0309,5,4.416,12.71,0.5243,0.4,0.2,0.9756,2.6214,0.6723,high (2-3 yrs),"recent-climate (2021-2025 repeats), no extra warming"
10012,-16.4292,123.2062,5,4.132,13.21,0.4668,0.4,0.2,0.9569,2.3338,0.6723,high (2-3 yrs),"recent-climate (2021-2025 repeats), no extra warming"
10013,-16.4275,123.0886,5,4.172,12.72,0.4881,0.4,0.2,0.9648,2.4403,0.6723,high (2-3 yrs),"recent-climate (2021-2025 repeats), no extra warming"
10014,-16.4244,49.8495,5,5.944,10.43,0.6356,0.6,0.4,0.9936,3.1781,0.9222,very high (3+ yrs),"recent-climate (2021-2025 repeats), no extra warming"
10015,-14.2472,125.6003,5,8.842,17.14,0.7748,0.8,0.6,0.9994,3.8739,0.9898,very high (3+ yrs),"recent-climate (2021-2025 repeats), no extra warming"
10016,-14.2369,125.5993,5,8.456,16.83,0.7401,0.8,0.4,0.9988,3.7007,0.9222,very high (3+ yrs),"recent-climate (2021-2025 repeats), no extra warming"
10017,-14.0361,125.8002,5,8.402,16.2,0.7751,0.8,0.4,0.9994,3.8756,0.9222,very high (3+ yrs),"recent-climate (2021-2025 repeats), no extra warming"
10018,-13.9385,126.433,5,7.414,14.31,0.7626,0.8,0.4,0.9992,3.8129,0.9222,very high (3+ yrs),"recent-climate (2021-2025 repeats), no extra warming"
10019,-13.9287,125.6363,5,7.854,15.55,0.7657,0.8,0.4,0.9993,3.8287,0.9222,very high (3+ yrs),"recent-climate (2021-2025 repeats), no extra warming"
10020,-13.6051,47.8049,5,4.414,13.03,0.4753,0.4,0.2,0.9602,2.3766,0.6723,high (2-3 yrs),"recent-climate (2021-2025 repeats), no extra warming"
10021,-13.6043,47.811,5,4.414,13.03,0.4753,0.4,0.2,0.9602,2.3766,0.6723,high (2-3 yrs),"recent-climate (2021-2025 repeats), no extra warming"
10022,-13.5811,47.9016,5,4.944,14.36,0.4934,0.4,0.2,0.9666,2.4672,0.6723,high (2-3 yrs),"recent-climate (2021-2025 repeats), no extra warming"
10023,-13.5589,48.0954,5,5.78,15.78,0.5538,0.4,0.4,0.9823,2.769,0.9222,high (2-3 yrs),"recent-climate (2021-2025 repeats), no extra warming"
10186,-6.6965,39.2587,5,3.666,13.47,0.4135,0.2,0.2,0.9306,2.0675,0.6723,high (2-3 yrs),"recent-climate (2021-2025 repeats), no extra warming"
10187,-6.1176,39.1692,5,4.214,14.09,0.4754,0.2,0.2,0.9603,2.3772,0.6723,high (2-3 yrs),"recent-climate (2021-2025 repeats), no extra warming"
10189,-3.26,40.15,5,3.438,12.34,0.4061,0.2,0.2,0.9261,2.0303,0.6723,high (2-3 yrs),"recent-climate (2021-2025 repeats), no extra warming"
12031,24.4664,-82.0019,5,9.718,18.77,0.8167,0.8,0.4,0.9998,4.0833,0.9222,very high (3+ yrs),"recent-climate (2021-2025 repeats), no extra warming"
12033,24.4668,-81.7292,5,9.09,17.71,0.8077,0.8,0.6,0.9997,4.0383,0.9898,very high (3+ yrs),"recent-climate (2021-2025 repeats), no extra warming"
12039,24.4695,-81.8029,5,9.48,18.17,0.8212,0.8,0.6,0.9998,4.1062,0.9898,very high (3+ yrs),"recent-climate (2021-2025 repeats), no extra warming"
12043,24.4702,-81.8729,5,9.742,18.39,0.8294,0.8,0.6,0.9999,4.1471,0.9898,very high (3+ yrs),"recent-climate (2021-2025 repeats), no extra warming"
12047,24.4707,-81.7897,5,9.236,17.92,0.8121,0.8,0.6,0.9998,4.0604,0.9898,very high (3+ yrs),"recent-climate (2021-2025 repeats), no extra warming"
12048,24.4707,-81.8021,5,9.48,18.17,0.8212,0.8,0.6,0.9998,4.1062,0.9898,very high (3+ yrs),"recent-climate (2021-2025 repeats), no extra warming"
12049,24.4708,-81.7297,5,9.09,17.71,0.8077,0.8,0.6,0.9997,4.0383,0.9898,very high (3+ yrs),"recent-climate (2021-2025 repeats), no extra warming"
12050,24.4708,-81.9715,5,9.962,18.84,0.829,0.8,0.6,0.9999,4.1452,0.9898,very high (3+ yrs),"recent-climate (2021-2025 repeats), no extra warming"
12052,24.4717,-81.7681,5,9.236,17.92,0.8121,0.8,0.6,0.9998,4.0604,0.9898,very high (3+ yrs),"recent-climate (2021-2025 repeats), no extra warming"
12056,24.4725,-81.7495,5,9.09,17.71,0.8077,0.8,0.6,0.9997,4.0383,0.9898,very high (3+ yrs),"recent-climate (2021-2025 repeats), no extra warming"
12062,24.4435,-81.9358,5,8.582,17.11,0.7735,0.8,0.4,0.9994,3.8674,0.9222,very high (3+ yrs),"recent-climate (2021-2025 repeats), no extra warming"
12064,24.4439,-81.9616,5,8.576,17.21,0.7689,0.8,0.4,0.9993,3.8443,0.9222,very high (3+ yrs),"recent-climate (2021-2025 repeats), no extra warming"
12066,24.4443,-81.9408,5,8.582,17.11,0.7735,0.8,0.4,0.9994,3.8674,0.9222,very high (3+ yrs),"recent-climate (2021-2025 repeats), no extra warming"
12067,24.445,-81.9284,5,8.582,17.11,0.7735,0.8,0.4,0.9994,3.8674,0.9222,very high (3+ yrs),"recent-climate (2021-2025 repeats), no extra warming"
12072,24.446,-81.9517,5,8.576,17.21,0.7689,0.8,0.4,0.9993,3.8443,0.9222,very high (3+ yrs),"recent-climate (2021-2025 repeats), no extra warming"
12073,24.4461,-81.9693,5,8.576,17.21,0.7689,0.8,0.4,0.9993,3.8443,0.9222,very high (3+ yrs),"recent-climate (2021-2025 repeats), no extra warming"
12074,24.4461,-81.9178,5,8.582,17.11,0.7735,0.8,0.4,0.9994,3.8674,0.9222,very high (3+ yrs),"recent-climate (2021-2025 repeats), no extra warming"
12079,24.449,-81.9309,5,8.582,17.11,0.7735,0.8,0.4,0.9994,3.8674,0.9222,very high (3+ yrs),"recent-climate (2021-2025 repeats), no extra warming"
12086,24.4517,-81.8798,5,9.742,18.39,0.8294,0.8,0.6,0.9999,4.1471,0.9898,very high (3+ yrs),"recent-climate (2021-2025 repeats), no extra warming"
12088,24.452,-81.8775,5,9.742,18.39,0.8294,0.8,0.6,0.9999,4.1471,0.9898,very high (3+ yrs),"recent-climate (2021-2025 repeats), no extra warming"
12089,24.4521,-81.8773,5,9.742,18.39,0.8294,0.8,0.6,0.9999,4.1471,0.9898,very high (3+ yrs),"recent-climate (2021-2025 repeats), no extra warming"
12097,24.4546,-81.8593,5,9.742,18.39,0.8294,0.8,0.6,0.9999,4.1471,0.9898,very high (3+ yrs),"recent-climate (2021-2025 repeats), no extra warming"
12103,24.4559,-81.9214,5,9.826,18.71,0.828,0.8,0.6,0.9998,4.14,0.9898,very high (3+ yrs),"recent-climate (2021-2025 repeats), no extra warming"
12104,24.4562,-81.9181,5,9.826,18.71,0.828,0.8,0.6,0.9998,4.14,0.9898,very high (3+ yrs),"recent-climate (2021-2025 repeats), no extra warming"
12105,24.4568,-81.9168,5,9.826,18.71,0.828,0.8,0.6,0.9998,4.14,0.9898,very high (3+ yrs),"recent-climate (2021-2025 repeats), no extra warming"
12126,24.4728,-81.8239,5,9.48,18.17,0.8212,0.8,0.6,0.9998,4.1062,0.9898,very high (3+ yrs),"recent-climate (2021-2025 repeats), no extra warming"
12128,24.4731,-81.8696,5,9.742,18.39,0.8294,0.8,0.6,0.9999,4.1471,0.9898,very high (3+ yrs),"recent-climate (2021-2025 repeats), no extra warming"
12135,24.4746,-81.9018,5,9.826,18.71,0.828,0.8,0.6,0.9998,4.14,0.9898,very high (3+ yrs),"recent-climate (2021-2025 repeats), no extra warming"
12155,24.479,-81.8936,5,9.742,18.39,0.8294,0.8,0.6,0.9999,4.1471,0.9898,very high (3+ yrs),"recent-climate (2021-2025 repeats), no extra warming"
12156,24.479,-81.8938,5,9.742,18.39,0.8294,0.8,0.6,0.9999,4.1471,0.9898,very high (3+ yrs),"recent-climate (2021-2025 repeats), no extra warming"
12157,24.479,-81.7179,5,9.09,17.71,0.8077,0.8,0.6,0.9997,4.0383,0.9898,very high (3+ yrs),"recent-climate (2021-2025 repeats), no extra warming"
12160,24.4794,-81.7276,5,9.09,17.71,0.8077,0.8,0.6,0.9997,4.0383,0.9898,very high (3+ yrs),"recent-climate (2021-2025 repeats), no extra warming"
12163,24.4797,-81.717,5,9.09,17.71,0.8077,0.8,0.6,0.9997,4.0383,0.9898,very high (3+ yrs),"recent-climate (2021-2025 repeats), no extra warming"
12164,24.4799,-81.7268,5,9.09,17.71,0.8077,0.8,0.6,0.9997,4.0383,0.9898,very high (3+ yrs),"recent-climate (2021-2025 repeats), no extra warming"
12167,24.4802,-81.7134,5,9.09,17.71,0.8077,0.8,0.6,0.9997,4.0383,0.9898,very high (3+ yrs),"recent-climate (2021-2025 repeats), no extra warming"
12168,24.4802,-81.7193,5,9.09,17.71,0.8077,0.8,0.6,0.9997,4.0383,0.9898,very high (3+ yrs),"recent-climate (2021-2025 repeats), no extra warming"
12181,24.4836,-81.7039,5,9.09,17.71,0.8077,0.8,0.6,0.9997,4.0383,0.9898,very high (3+ yrs),"recent-climate (2021-2025 repeats), no extra warming"
12183,24.4851,-81.7565,5,9.236,17.92,0.8121,0.8,0.6,0.9998,4.0604,0.9898,very high (3+ yrs),"recent-climate (2021-2025 repeats), no extra warming"
12184,24.4857,-81.6982,5,8.864,17.52,0.7931,0.8,0.6,0.9996,3.9653,0.9898,very high (3+ yrs),"recent-climate (2021-2025 repeats), no extra warming"
12185,24.4864,-81.8486,5,9.48,18.17,0.8212,0.8,0.6,0.9998,4.1062,0.9898,very high (3+ yrs),"recent-climate (2021-2025 repeats), no extra warming"
12186,24.4866,-81.8484,5,9.48,18.17,0.8212,0.8,0.6,0.9998,4.1062,0.9898,very high (3+ yrs),"recent-climate (2021-2025 repeats), no extra warming"
12188,24.4883,-81.6706,5,8.864,17.52,0.7931,0.8,0.6,0.9996,3.9653,0.9898,very high (3+ yrs),"recent-climate (2021-2025 repeats), no extra warming"
12190,24.49,-81.6785,5,8.864,17.52,0.7931,0.8,0.6,0.9996,3.9653,0.9898,very high (3+ yrs),"recent-climate (2021-2025 repeats), no extra warming"
12191,24.4901,-81.6778,5,8.864,17.52,0.7931,0.8,0.6,0.9996,3.9653,0.9898,very high (3+ yrs),"recent-climate (2021-2025 repeats), no extra warming"
12192,24.4908,-81.7112,5,9.09,17.71,0.8077,0.8,0.6,0.9997,4.0383,0.9898,very high (3+ yrs),"recent-climate (2021-2025 repeats), no extra warming"
12193,24.4908,-81.7208,5,9.09,17.71,0.8077,0.8,0.6,0.9997,4.0383,0.9898,very high (3+ yrs),"recent-climate (2021-2025 repeats), no extra warming"
12195,24.4919,-81.6708,5,8.864,17.52,0.7931,0.8,0.6,0.9996,3.9653,0.9898,very high (3+ yrs),"recent-climate (2021-2025 repeats), no extra warming"
12203,24.4931,-81.6601,5,8.864,17.52,0.7931,0.8,0.6,0.9996,3.9653,0.9898,very high (3+ yrs),"recent-climate (2021-2025 repeats), no extra warming"
12209,24.4969,-81.7034,5,9.09,17.71,0.8077,0.8,0.6,0.9997,4.0383,0.9898,very high (3+ yrs),"recent-climate (2021-2025 repeats), no extra warming"
12211,24.4978,-81.7333,5,9.09,17.71,0.8077,0.8,0.6,0.9997,4.0383,0.9898,very high (3+ yrs),"recent-climate (2021-2025 repeats), no extra warming"
12220,24.5001,-81.6296,5,9.818,18.6,0.8311,0.8,0.6,0.9999,4.1554,0.9898,very high (3+ yrs),"recent-climate (2021-2025 repeats), no extra warming"
12222,24.5006,-81.6941,5,10.032,18.94,0.837,1.0,0.6,0.9999,4.1852,0.9898,very high (3+ yrs),"recent-climate (2021-2025 repeats), no extra warming"
12226,24.5013,-81.6943,5,10.032,18.94,0.837,1.0,0.6,0.9999,4.1852,0.9898,very high (3+ yrs),"recent-climate (2021-2025 repeats), no extra warming"
12227,24.5016,-81.6193,5,9.818,18.6,0.8311,0.8,0.6,0.9999,4.1554,0.9898,very high (3+ yrs),"recent-climate (2021-2025 repeats), no extra warming"
12228,24.5019,-81.6328,5,9.818,18.6,0.8311,0.8,0.6,0.9999,4.1554,0.9898,very high (3+ yrs),"recent-climate (2021-2025 repeats), no extra warming"
12231,24.5027,-81.7368,5,10.108,19.17,0.8382,1.0,0.6,0.9999,4.191,0.9898,very high (3+ yrs),"recent-climate (2021-2025 repeats), no extra warming"
12233,24.5039,-81.6038,5,9.818,18.6,0.8311,0.8,0.6,0.9999,4.1554,0.9898,very high (3+ yrs),"recent-climate (2021-2025 repeats), no extra warming"
12239,24.5064,-81.5869,5,9.816,18.59,0.8305,0.8,0.6,0.9999,4.1524,0.9898,very high (3+ yrs),"recent-climate (2021-2025 repeats), no extra warming"
12240,24.5066,-81.6864,5,10.032,18.94,0.837,1.0,0.6,0.9999,4.1852,0.9898,very high (3+ yrs),"recent-climate (2021-2025 repeats), no extra warming"
12241,24.5078,-81.5717,5,9.816,18.59,0.8305,0.8,0.6,0.9999,4.1524,0.9898,very high (3+ yrs),"recent-climate (2021-2025 repeats), no extra warming"
12243,24.5083,-81.7083,5,10.108,19.17,0.8382,1.0,0.6,0.9999,4.191,0.9898,very high (3+ yrs),"recent-climate (2021-2025 repeats), no extra warming"
12245,24.5091,-81.6655,5,10.032,18.94,0.837,1.0,0.6,0.9999,4.1852,0.9898,very high (3+ yrs),"recent-climate (2021-2025 repeats), no extra warming"
12247,24.5097,-81.7211,5,10.108,19.17,0.8382,1.0,0.6,0.9999,4.191,0.9898,very high (3+ yrs),"recent-climate (2021-2025 repeats), no extra warming"
12250,24.5114,-81.567,5,9.816,18.59,0.8305,0.8,0.6,0.9999,4.1524,0.9898,very high (3+ yrs),"recent-climate (2021-2025 repeats), no extra warming"
12257,24.5122,-81.9298,5,10.664,19.41,0.8528,1.0,0.6,0.9999,4.264,0.9898,very high (3+ yrs),"recent-climate (2021-2025 repeats), no extra warming"
12261,24.5138,-81.6184,5,9.818,18.6,0.8311,0.8,0.6,0.9999,4.1554,0.9898,very high (3+ yrs),"recent-climate (2021-2025 repeats), no extra warming"
12263,24.5138,-81.9225,5,10.664,19.41,0.8528,1.0,0.6,0.9999,4.264,0.9898,very high (3+ yrs),"recent-climate (2021-2025 repeats), no extra warming"
12264,24.5139,-81.5633,5,9.816,18.59,0.8305,0.8,0.6,0.9999,4.1524,0.9898,very high (3+ yrs),"recent-climate (2021-2025 repeats), no extra warming"
12266,24.514,-81.5632,5,9.816,18.59,0.8305,0.8,0.6,0.9999,4.1524,0.9898,very high (3+ yrs),"recent-climate (2021-2025 repeats), no extra warming"
12271,24.5159,-81.6748,5,10.032,18.94,0.837,1.0,0.6,0.9999,4.1852,0.9898,very high (3+ yrs),"recent-climate (2021-2025 repeats), no extra warming"
12272,24.516,-81.558,5,9.816,18.59,0.8305,0.8,0.6,0.9999,4.1524,0.9898,very high (3+ yrs),"recent-climate (2021-2025 repeats), no extra warming"
12274,24.5167,-81.5546,5,9.816,18.59,0.8305,0.8,0.6,0.9999,4.1524,0.9898,very high (3+ yrs),"recent-climate (2021-2025 repeats), no extra warming"
12278,24.5179,-81.9222,5,10.664,19.41,0.8528,1.0,0.6,0.9999,4.264,0.9898,very high (3+ yrs),"recent-climate (2021-2025 repeats), no extra warming"
12279,24.5179,-82.0033,5,10.404,19.33,0.8411,1.0,0.4,0.9999,4.2054,0.9222,very high (3+ yrs),"recent-climate (2021-2025 repeats), no extra warming"
12280,24.5184,-81.5345,5,9.62,18.49,0.8215,0.8,0.6,0.9998,4.1075,0.9898,very high (3+ yrs),"recent-climate (2021-2025 repeats), no extra warming"
12284,24.5191,-81.5315,5,9.62,18.49,0.8215,0.8,0.6,0.9998,4.1075,0.9898,very high (3+ yrs),"recent-climate (2021-2025 repeats), no extra warming"
12285,24.5195,-81.5326,5,9.62,18.49,0.8215,0.8,0.6,0.9998,4.1075,0.9898,very high (3+ yrs),"recent-climate (2021-2025 repeats), no extra warming"
12296,24.5212,-81.5159,5,9.62,18.49,0.8215,0.8,0.6,0.9998,4.1075,0.9898,very high (3+ yrs),"recent-climate (2021-2025 repeats), no extra warming"
12298,24.5214,-81.5207,5,9.62,18.49,0.8215,0.8,0.6,0.9998,4.1075,0.9898,very high (3+ yrs),"recent-climate (2021-2025 repeats), no extra warming"
12300,24.5216,-81.5414,5,9.62,18.49,0.8215,0.8,0.6,0.9998,4.1075,0.9898,very high (3+ yrs),"recent-climate (2021-2025 repeats), no extra warming"
12304,24.522,-81.5227,5,9.62,18.49,0.8215,0.8,0.6,0.9998,4.1075,0.9898,very high (3+ yrs),"recent-climate (2021-2025 repeats), no extra warming"
12305,24.5222,-81.5205,5,9.62,18.49,0.8215,0.8,0.6,0.9998,4.1075,0.9898,very high (3+ yrs),"recent-climate (2021-2025 repeats), no extra warming"
12306,24.5223,-81.5198,5,9.62,18.49,0.8215,0.8,0.6,0.9998,4.1075,0.9898,very high (3+ yrs),"recent-climate (2021-2025 repeats), no extra warming"
12308,24.523,-81.519,5,9.62,18.49,0.8215,0.8,0.6,0.9998,4.1075,0.9898,very high (3+ yrs),"recent-climate (2021-2025 repeats), no extra warming"
12314,24.5236,-81.5221,5,9.62,18.49,0.8215,0.8,0.6,0.9998,4.1075,0.9898,very high (3+ yrs),"recent-climate (2021-2025 repeats), no extra warming"
12315,24.5236,-81.577,5,9.816,18.59,0.8305,0.8,0.6,0.9999,4.1524,0.9898,very high (3+ yrs),"recent-climate (2021-2025 repeats), no extra warming"
12318,24.5243,-81.5224,5,9.62,18.49,0.8215,0.8,0.6,0.9998,4.1075,0.9898,very high (3+ yrs),"recent-climate (2021-2025 repeats), no extra warming"
12319,24.5248,-81.576,5,9.816,18.59,0.8305,0.8,0.6,0.9999,4.1524,0.9898,very high (3+ yrs),"recent-climate (2021-2025 repeats), no extra warming"
12320,24.5249,-81.5759,5,9.816,18.59,0.8305,0.8,0.6,0.9999,4.1524,0.9898,very high (3+ yrs),"recent-climate (2021-2025 repeats), no extra warming"
12326,24.5259,-81.5198,5,9.62,18.49,0.8215,0.8,0.6,0.9998,4.1075,0.9898,very high (3+ yrs),"recent-climate (2021-2025 repeats), no extra warming"
12328,24.5262,-81.5042,5,9.62,18.49,0.8215,0.8,0.6,0.9998,4.1075,0.9898,very high (3+ yrs),"recent-climate (2021-2025 repeats), no extra warming"
12329,24.5262,-81.6261,5,9.818,18.6,0.8311,0.8,0.6,0.9999,4.1554,0.9898,very high (3+ yrs),"recent-climate (2021-2025 repeats), no extra warming"
12330,24.5262,-81.5042,5,9.62,18.49,0.8215,0.8,0.6,0.9998,4.1075,0.9898,very high (3+ yrs),"recent-climate (2021-2025 repeats), no extra warming"
12332,24.5264,-81.6244,5,9.818,18.6,0.8311,0.8,0.6,0.9999,4.1554,0.9898,very high (3+ yrs),"recent-climate (2021-2025 repeats), no extra warming"
12335,24.527,-81.5582,5,9.816,18.59,0.8305,0.8,0.6,0.9999,4.1524,0.9898,very high (3+ yrs),"recent-climate (2021-2025 repeats), no extra warming"
12336,24.527,-81.5466,5,9.62,18.49,0.8215,0.8,0.6,0.9998,4.1075,0.9898,very high (3+ yrs),"recent-climate (2021-2025 repeats), no extra warming"
12340,24.5286,-81.6359,5,9.818,18.6,0.8311,0.8,0.6,0.9999,4.1554,0.9898,very high (3+ yrs),"recent-climate (2021-2025 repeats), no extra warming"
12341,24.5298,-81.6304,5,9.818,18.6,0.8311,0.8,0.6,0.9999,4.1554,0.9898,very high (3+ yrs),"recent-climate (2021-2025 repeats), no extra warming"
12342,24.5302,-81.4774,5,9.068,18.08,0.801,0.8,0.6,0.9997,4.0052,0.9898,very high (3+ yrs),"recent-climate (2021-2025 repeats), no extra warming"
12344,24.5302,-81.4724,5,9.068,18.08,0.801,0.8,0.6,0.9997,4.0052,0.9898,very high (3+ yrs),"recent-climate (2021-2025 repeats), no extra warming"
12347,24.5312,-81.4843,5,9.068,18.08,0.801,0.8,0.6,0.9997,4.0052,0.9898,very high (3+ yrs),"recent-climate (2021-2025 repeats), no extra warming"
12351,24.533,-81.4685,5,9.068,18.08,0.801,0.8,0.6,0.9997,4.0052,0.9898,very high (3+ yrs),"recent-climate (2021-2025 repeats), no extra warming"
12354,24.5339,-81.4714,5,9.068,18.08,0.801,0.8,0.6,0.9997,4.0052,0.9898,very high (3+ yrs),"recent-climate (2021-2025 repeats), no extra warming"
12356,24.5348,-81.6321,5,9.818,18.6,0.8311,0.8,0.6,0.9999,4.1554,0.9898,very high (3+ yrs),"recent-climate (2021-2025 repeats), no extra warming"
12363,24.5378,-81.5945,5,9.816,18.59,0.8305,0.8,0.6,0.9999,4.1524,0.9898,very high (3+ yrs),"recent-climate (2021-2025 repeats), no extra warming"
12365,24.5384,-81.4534,5,9.068,18.08,0.801,0.8,0.6,0.9997,4.0052,0.9898,very high (3+ yrs),"recent-climate (2021-2025 repeats), no extra warming"
12367,24.539,-81.5722,5,9.816,18.59,0.8305,0.8,0.6,0.9999,4.1524,0.9898,very high (3+ yrs),"recent-climate (2021-2025 repeats), no extra warming"
12371,24.5408,-81.6119,5,9.818,18.6,0.8311,0.8,0.6,0.9999,4.1554,0.9898,very high (3+ yrs),"recent-climate (2021-2025 repeats), no extra warming"
12374,24.542,-81.4153,5,8.71,17.88,0.7856,0.8,0.6,0.9995,3.9279,0.9898,very high (3+ yrs),"recent-climate (2021-2025 repeats), no extra warming"
12375,24.5421,-81.4153,5,8.71,17.88,0.7856,0.8,0.6,0.9995,3.9279,0.9898,very high (3+ yrs),"recent-climate (2021-2025 repeats), no extra warming"
12378,24.5432,-81.4706,5,9.068,18.08,0.801,0.8,0.6,0.9997,4.0052,0.9898,very high (3+ yrs),"recent-climate (2021-2025 repeats), no extra warming"
12379,24.5439,-81.5671,5,9.816,18.59,0.8305,0.8,0.6,0.9999,4.1524,0.9898,very high (3+ yrs),"recent-climate (2021-2025 repeats), no extra warming"
12381,24.5451,-81.427,5,8.71,17.88,0.7856,0.8,0.6,0.9995,3.9279,0.9898,very high (3+ yrs),"recent-climate (2021-2025 repeats), no extra warming"
12382,24.5452,-81.4112,5,8.71,17.88,0.7856,0.8,0.6,0.9995,3.9279,0.9898,very high (3+ yrs),"recent-climate (2021-2025 repeats), no extra warming"
12387,24.5453,-81.4079,5,8.71,17.88,0.7856,0.8,0.6,0.9995,3.9279,0.9898,very high (3+ yrs),"recent-climate (2021-2025 repeats), no extra warming"
12388,24.5453,-81.4079,5,8.71,17.88,0.7856,0.8,0.6,0.9995,3.9279,0.9898,very high (3+ yrs),"recent-climate (2021-2025 repeats), no extra warming"
12390,24.5461,-81.4073,5,8.71,17.88,0.7856,0.8,0.6,0.9995,3.9279,0.9898,very high (3+ yrs),"recent-climate (2021-2025 repeats), no extra warming"
12393,24.5469,-81.4028,5,8.71,17.88,0.7856,0.8,0.6,0.9995,3.9279,0.9898,very high (3+ yrs),"recent-climate (2021-2025 repeats), no extra warming"
12394,24.5469,-81.4289,5,8.71,17.88,0.7856,0.8,0.6,0.9995,3.9279,0.9898,very high (3+ yrs),"recent-climate (2021-2025 repeats), no extra warming"
12402,24.5479,-81.4024,5,8.71,17.88,0.7856,0.8,0.6,0.9995,3.9279,0.9898,very high (3+ yrs),"recent-climate (2021-2025 repeats), no extra warming"
12403,24.5482,-81.5741,5,9.816,18.59,0.8305,0.8,0.6,0.9999,4.1524,0.9898,very high (3+ yrs),"recent-climate (2021-2025 repeats), no extra warming"
12404,24.5486,-81.7124,5,10.108,19.17,0.8382,1.0,0.6,0.9999,4.191,0.9898,very high (3+ yrs),"recent-climate (2021-2025 repeats), no extra warming"
12407,24.5489,-81.4148,5,8.71,17.88,0.7856,0.8,0.6,0.9995,3.9279,0.9898,very high (3+ yrs),"recent-climate (2021-2025 repeats), no extra warming"
12409,24.549,-81.402,5,8.71,17.88,0.7856,0.8,0.6,0.9995,3.9279,0.9898,very high (3+ yrs),"recent-climate (2021-2025 repeats), no extra warming"
12410,24.5496,-81.4419,5,8.71,17.88,0.7856,0.8,0.6,0.9995,3.9279,0.9898,very high (3+ yrs),"recent-climate (2021-2025 repeats), no extra warming"
12411,24.5497,-81.4427,5,8.71,17.88,0.7856,0.8,0.6,0.9995,3.9279,0.9898,very high (3+ yrs),"recent-climate (2021-2025 repeats), no extra warming"
12415,24.55,-81.5237,5,10.682,20.19,0.8496,1.0,0.6,0.9999,4.2479,0.9898,very high (3+ yrs),"recent-climate (2021-2025 repeats), no extra warming"
12417,24.5505,-81.5745,5,10.846,20.53,0.8539,1.0,0.6,0.9999,4.2696,0.9898,very high (3+ yrs),"recent-climate (2021-2025 repeats), no extra warming"
12418,24.5508,-81.7019,5,10.916,20.62,0.8568,1.0,0.6,0.9999,4.2842,0.9898,very high (3+ yrs),"recent-climate (2021-2025 repeats), no extra warming"
12422,24.5523,-81.3838,5,9.61,18.89,0.8256,0.8,0.6,0.9998,4.128,0.9898,very high (3+ yrs),"recent-climate (2021-2025 repeats), no extra warming"
12423,24.5523,-81.4438,5,10.004,19.39,0.8345,0.8,0.6,0.9999,4.1726,0.9898,very high (3+ yrs),"recent-climate (2021-2025 repeats), no extra warming"
12425,24.5524,-81.3841,5,9.61,18.89,0.8256,0.8,0.6,0.9998,4.128,0.9898,very high (3+ yrs),"recent-climate (2021-2025 repeats), no extra warming"
12434,24.5532,-81.3794,5,9.61,18.89,0.8256,0.8,0.6,0.9998,4.128,0.9898,very high (3+ yrs),"recent-climate (2021-2025 repeats), no extra warming"
12435,24.5534,-81.4331,5,10.004,19.39,0.8345,0.8,0.6,0.9999,4.1726,0.9898,very high (3+ yrs),"recent-climate (2021-2025 repeats), no extra warming"
12436,24.5534,-81.3807,5,9.61,18.89,0.8256,0.8,0.6,0.9998,4.128,0.9898,very high (3+ yrs),"recent-climate (2021-2025 repeats), no extra warming"
12438,24.5542,-81.5888,5,10.846,20.53,0.8539,1.0,0.6,0.9999,4.2696,0.9898,very high (3+ yrs),"recent-climate (2021-2025 repeats), no extra warming"
12442,24.557,-81.3668,5,9.61,18.89,0.8256,0.8,0.6,0.9998,4.128,0.9898,very high (3+ yrs),"recent-climate (2021-2025 repeats), no extra warming"
12444,24.5576,-81.3529,5,9.61,18.89,0.8256,0.8,0.6,0.9998,4.128,0.9898,very high (3+ yrs),"recent-climate (2021-2025 repeats), no extra warming"
12445,24.5578,-81.672,5,10.91,20.75,0.8567,1.0,0.6,0.9999,4.2833,0.9898,very high (3+ yrs),"recent-climate (2021-2025 repeats), no extra warming"
12447,24.5586,-81.354,5,9.61,18.89,0.8256,0.8,0.6,0.9998,4.128,0.9898,very high (3+ yrs),"recent-climate (2021-2025 repeats), no extra warming"
12448,24.5592,-81.509,5,10.682,20.19,0.8496,1.0,0.6,0.9999,4.2479,0.9898,very high (3+ yrs),"recent-climate (2021-2025 repeats), no extra warming"
12450,24.5594,-81.4794,5,10.308,19.68,0.8414,1.0,0.6,0.9999,4.2069,0.9898,very high (3+ yrs),"recent-climate (2021-2025 repeats), no extra warming"
12454,24.5601,-81.5016,5,10.682,20.19,0.8496,1.0,0.6,0.9999,4.2479,0.9898,very high (3+ yrs),"recent-climate (2021-2025 repeats), no extra warming"
12456,24.5603,-81.5021,5,10.682,20.19,0.8496,1.0,0.6,0.9999,4.2479,0.9898,very high (3+ yrs),"recent-climate (2021-2025 repeats), no extra warming"
12457,24.5603,-81.5021,5,10.682,20.19,0.8496,1.0,0.6,0.9999,4.2479,0.9898,very high (3+ yrs),"recent-climate (2021-2025 repeats), no extra warming"
12459,24.561,-81.4003,5,10.004,19.39,0.8345,0.8,0.6,0.9999,4.1726,0.9898,very high (3+ yrs),"recent-climate (2021-2025 repeats), no extra warming"
12465,24.5631,-81.4005,5,10.004,19.39,0.8345,0.8,0.6,0.9999,4.1726,0.9898,very high (3+ yrs),"recent-climate (2021-2025 repeats), no extra warming"
12470,24.5633,-81.6592,5,10.91,20.75,0.8567,1.0,0.6,0.9999,4.2833,0.9898,very high (3+ yrs),"recent-climate (2021-2025 repeats), no extra warming"
12477,24.5654,-81.3933,5,9.61,18.89,0.8256,0.8,0.6,0.9998,4.128,0.9898,very high (3+ yrs),"recent-climate (2021-2025 repeats), no extra warming"
12479,24.5658,-81.3344,5,9.098,18.36,0.8111,0.8,0.6,0.9998,4.0554,0.9898,very high (3+ yrs),"recent-climate (2021-2025 repeats), no extra warming"
12483,24.5669,-81.3886,5,9.61,18.89,0.8256,0.8,0.6,0.9998,4.128,0.9898,very high (3+ yrs),"recent-climate (2021-2025 repeats), no extra warming"
12486,24.5687,-81.3254,5,9.098,18.36,0.8111,0.8,0.6,0.9998,4.0554,0.9898,very high (3+ yrs),"recent-climate (2021-2025 repeats), no extra warming"
12487,24.5687,-81.3266,5,9.098,18.36,0.8111,0.8,0.6,0.9998,4.0554,0.9898,very high (3+ yrs),"recent-climate (2021-2025 repeats), no extra warming"
12490,24.5695,-81.4593,5,10.308,19.68,0.8414,1.0,0.6,0.9999,4.2069,0.9898,very high (3+ yrs),"recent-climate (2021-2025 repeats), no extra warming"
12491,24.5696,-82.925,5,6.568,14.11,0.6768,0.8,0.2,0.9965,3.3842,0.6723,very high (3+ yrs),"recent-climate (2021-2025 repeats), no extra warming"
12492,24.5697,-81.33,5,9.098,18.36,0.8111,0.8,0.6,0.9998,4.0554,0.9898,very high (3+ yrs),"recent-climate (2021-2025 repeats), no extra warming"
12495,24.5715,-81.6375,5,10.874,20.59,0.8557,1.0,0.6,0.9999,4.2785,0.9898,very high (3+ yrs),"recent-climate (2021-2025 repeats), no extra warming"
12497,24.5728,-81.5911,5,10.846,20.53,0.8539,1.0,0.6,0.9999,4.2696,0.9898,very high (3+ yrs),"recent-climate (2021-2025 repeats), no extra warming"
12499,24.5742,-81.3282,5,9.098,18.36,0.8111,0.8,0.6,0.9998,4.0554,0.9898,very high (3+ yrs),"recent-climate (2021-2025 repeats), no extra warming"
12500,24.5746,-81.3187,5,9.098,18.36,0.8111,0.8,0.6,0.9998,4.0554,0.9898,very high (3+ yrs),"recent-climate (2021-2025 repeats), no extra warming"
12502,24.5756,-82.9478,5,6.568,14.11,0.6768,0.8,0.2,0.9965,3.3842,0.6723,very high (3+ yrs),"recent-climate (2021-2025 repeats), no extra warming"
12504,24.5759,-81.3203,5,9.098,18.36,0.8111,0.8,0.6,0.9998,4.0554,0.9898,very high (3+ yrs),"recent-climate (2021-2025 repeats), no extra warming"
12505,24.576,-82.9123,5,6.568,14.11,0.6768,0.8,0.2,0.9965,3.3842,0.6723,very high (3+ yrs),"recent-climate (2021-2025 repeats), no extra warming"
12507,24.577,-82.9749,5,6.41,13.96,0.6665,0.6,0.2,0.9959,3.3327,0.6723,very high (3+ yrs),"recent-climate (2021-2025 repeats), no extra warming"
12508,24.578,-81.5911,5,10.846,20.53,0.8539,1.0,0.6,0.9999,4.2696,0.9898,very high (3+ yrs),"recent-climate (2021-2025 repeats), no extra warming"
12513,24.5807,-81.5901,5,10.846,20.53,0.8539,1.0,0.6,0.9999,4.2696,0.9898,very high (3+ yrs),"recent-climate (2021-2025 repeats), no extra warming"
12514,24.5808,-81.2721,5,9.07,18.38,0.8101,0.8,0.6,0.9998,4.0507,0.9898,very high (3+ yrs),"recent-climate (2021-2025 repeats), no extra warming"
12517,24.5822,-82.9272,5,6.568,14.11,0.6768,0.8,0.2,0.9965,3.3842,0.6723,very high (3+ yrs),"recent-climate (2021-2025 repeats), no extra warming"
12518,24.5825,-82.9266,5,6.568,14.11,0.6768,0.8,0.2,0.9965,3.3842,0.6723,very high (3+ yrs),"recent-climate (2021-2025 repeats), no extra warming"
12519,24.5834,-82.9716,5,6.41,13.96,0.6665,0.6,0.2,0.9959,3.3327,0.6723,very high (3+ yrs),"recent-climate (2021-2025 repeats), no extra warming"
12521,24.5852,-82.9727,5,6.41,13.96,0.6665,0.6,0.2,0.9959,3.3327,0.6723,very high (3+ yrs),"recent-climate (2021-2025 repeats), no extra warming"
12526,24.5857,-81.5826,5,10.846,20.53,0.8539,1.0,0.6,0.9999,4.2696,0.9898,very high (3+ yrs),"recent-climate (2021-2025 repeats), no extra warming"
12527,24.5857,-81.5826,5,10.846,20.53,0.8539,1.0,0.6,0.9999,4.2696,0.9898,very high (3+ yrs),"recent-climate (2021-2025 repeats), no extra warming"
12530,24.5861,-81.2523,5,9.07,18.38,0.8101,0.8,0.6,0.9998,4.0507,0.9898,very high (3+ yrs),"recent-climate (2021-2025 repeats), no extra warming"
12532,24.5868,-82.9164,5,6.568,14.11,0.6768,0.8,0.2,0.9965,3.3842,0.6723,very high (3+ yrs),"recent-climate (2021-2025 repeats), no extra warming"
12533,24.5871,-81.2366,5,8.57,17.73,0.7929,0.8,0.6,0.9996,3.9647,0.9898,very high (3+ yrs),"recent-climate (2021-2025 repeats), no extra warming"
12540,24.5916,-81.2326,5,8.57,17.73,0.7929,0.8,0.6,0.9996,3.9647,0.9898,very high (3+ yrs),"recent-climate (2021-2025 repeats), no extra warming"
12542,24.5926,-81.2208,5,8.57,17.73,0.7929,0.8,0.6,0.9996,3.9647,0.9898,very high (3+ yrs),"recent-climate (2021-2025 repeats), no extra warming"
12544,24.5933,-82.9017,5,6.568,14.11,0.6768,0.8,0.2,0.9965,3.3842,0.6723,very high (3+ yrs),"recent-climate (2021-2025 repeats), no extra warming"
12547,24.5944,-81.2218,5,8.57,17.73,0.7929,0.8,0.6,0.9996,3.9647,0.9898,very high (3+ yrs),"recent-climate (2021-2025 repeats), no extra warming"
12549,24.5949,-81.2258,5,8.57,17.73,0.7929,0.8,0.6,0.9996,3.9647,0.9898,very high (3+ yrs),"recent-climate (2021-2025 repeats), no extra warming"
12552,24.5958,-81.3954,5,9.61,18.89,0.8256,0.8,0.6,0.9998,4.128,0.9898,very high (3+ yrs),"recent-climate (2021-2025 repeats), no extra warming"
12556,24.5969,-81.2645,5,9.07,18.38,0.8101,0.8,0.6,0.9998,4.0507,0.9898,very high (3+ yrs),"recent-climate (2021-2025 repeats), no extra warming"
12557,24.5971,-81.2646,5,9.07,18.38,0.8101,0.8,0.6,0.9998,4.0507,0.9898,very high (3+ yrs),"recent-climate (2021-2025 repeats), no extra warming"
12558,24.5973,-81.2647,5,9.07,18.38,0.8101,0.8,0.6,0.9998,4.0507,0.9898,very high (3+ yrs),"recent-climate (2021-2025 repeats), no extra warming"
12560,24.598,-81.2277,5,8.57,17.73,0.7929,0.8,0.6,0.9996,3.9647,0.9898,very high (3+ yrs),"recent-climate (2021-2025 repeats), no extra warming"
12563,24.6,-81.2062,5,10.024,19.48,0.8405,1.0,0.6,0.9999,4.2027,0.9898,very high (3+ yrs),"recent-climate (2021-2025 repeats), no extra warming"
12565,24.6004,-81.2063,5,10.024,19.48,0.8405,1.0,0.6,0.9999,4.2027,0.9898,very high (3+ yrs),"recent-climate (2021-2025 repeats), no extra warming"
12570,24.6016,-81.25,5,10.024,19.48,0.8405,1.0,0.6,0.9999,4.2027,0.9898,very high (3+ yrs),"recent-climate (2021-2025 repeats), no extra warming"
12571,24.6017,-82.9571,5,6.334,14.12,0.659,0.6,0.2,0.9954,3.2951,0.6723,very high (3+ yrs),"recent-climate (2021-2025 repeats), no extra warming"
12572,24.6018,-81.2077,5,10.024,19.48,0.8405,1.0,0.6,0.9999,4.2027,0.9898,very high (3+ yrs),"recent-climate (2021-2025 repeats), no extra warming"
12573,24.6022,-82.9818,5,6.334,14.12,0.659,0.6,0.2,0.9954,3.2951,0.6723,very high (3+ yrs),"recent-climate (2021-2025 repeats), no extra warming"
12574,24.6033,-81.2057,5,10.024,19.48,0.8405,1.0,0.6,0.9999,4.2027,0.9898,very high (3+ yrs),"recent-climate (2021-2025 repeats), no extra warming"
12577,24.6045,-82.9499,5,6.356,14.27,0.6617,0.6,0.2,0.9956,3.3083,0.6723,very high (3+ yrs),"recent-climate (2021-2025 repeats), no extra warming"
12581,24.6058,-81.429,5,11.106,21.13,0.8587,1.0,0.6,0.9999,4.2934,0.9898,very high (3+ yrs),"recent-climate (2021-2025 repeats), no extra warming"
12582,24.6059,-82.9343,5,6.356,14.27,0.6617,0.6,0.2,0.9956,3.3083,0.6723,very high (3+ yrs),"recent-climate (2021-2025 repeats), no extra warming"
12585,24.6062,-82.9542,5,6.334,14.12,0.659,0.6,0.2,0.9954,3.2951,0.6723,very high (3+ yrs),"recent-climate (2021-2025 repeats), no extra warming"
12590,24.6096,-81.1788,5,9.78,19.06,0.8355,1.0,0.6,0.9999,4.1774,0.9898,very high (3+ yrs),"recent-climate (2021-2025 repeats), no extra warming"
12595,24.6109,-82.9385,5,6.356,14.27,0.6617,0.6,0.2,0.9956,3.3083,0.6723,very high (3+ yrs),"recent-climate (2021-2025 repeats), no extra warming"
12596,24.611,-82.9024,5,6.356,14.27,0.6617,0.6,0.2,0.9956,3.3083,0.6723,very high (3+ yrs),"recent-climate (2021-2025 repeats), no extra warming"
12598,24.6114,-82.903,5,6.356,14.27,0.6617,0.6,0.2,0.9956,3.3083,0.6723,very high (3+ yrs),"recent-climate (2021-2025 repeats), no extra warming"
12599,24.6116,-82.9602,5,6.334,14.12,0.659,0.6,0.2,0.9954,3.2951,0.6723,very high (3+ yrs),"recent-climate (2021-2025 repeats), no extra warming"
12600,24.6117,-82.8978,5,6.448,14.35,0.6677,0.8,0.2,0.9959,3.3384,0.6723,very high (3+ yrs),"recent-climate (2021-2025 repeats), no extra warming"
12603,24.6139,-81.3937,5,10.004,19.39,0.8345,0.8,0.6,0.9999,4.1726,0.9898,very high (3+ yrs),"recent-climate (2021-2025 repeats), no extra warming"
12604,24.6145,-82.8704,5,6.448,14.35,0.6677,0.8,0.2,0.9959,3.3384,0.6723,very high (3+ yrs),"recent-climate (2021-2025 repeats), no extra warming"
12605,24.6148,-81.3917,5,10.004,19.39,0.8345,0.8,0.6,0.9999,4.1726,0.9898,very high (3+ yrs),"recent-climate (2021-2025 repeats), no extra warming"
12608,24.6156,-82.9267,5,6.356,14.27,0.6617,0.6,0.2,0.9956,3.3083,0.6723,very high (3+ yrs),"recent-climate (2021-2025 repeats), no extra warming"
12610,24.6163,-81.3915,5,10.004,19.39,0.8345,0.8,0.6,0.9999,4.1726,0.9898,very high (3+ yrs),"recent-climate (2021-2025 repeats), no extra warming"
12611,24.6166,-81.3907,5,10.004,19.39,0.8345,0.8,0.6,0.9999,4.1726,0.9898,very high (3+ yrs),"recent-climate (2021-2025 repeats), no extra warming"
12612,24.6169,-82.8922,5,6.448,14.35,0.6677,0.8,0.2,0.9959,3.3384,0.6723,very high (3+ yrs),"recent-climate (2021-2025 repeats), no extra warming"
12617,24.6184,-81.3789,5,10.004,19.39,0.8345,0.8,0.6,0.9999,4.1726,0.9898,very high (3+ yrs),"recent-climate (2021-2025 repeats), no extra warming"
12618,24.6188,-82.9594,5,6.334,14.12,0.659,0.6,0.2,0.9954,3.2951,0.6723,very high (3+ yrs),"recent-climate (2021-2025 repeats), no extra warming"
12628,24.6213,-81.363,5,10.004,19.39,0.8345,0.8,0.6,0.9999,4.1726,0.9898,very high (3+ yrs),"recent-climate (2021-2025 repeats), no extra warming"
12630,24.6214,-82.8932,5,6.448,14.35,0.6677,0.8,0.2,0.9959,3.3384,0.6723,very high (3+ yrs),"recent-climate (2021-2025 repeats), no extra warming"
12634,24.6216,-81.1163,5,9.11,18.48,0.81,0.8,0.6,0.9998,4.05,0.9898,very high (3+ yrs),"recent-climate (2021-2025 repeats), no extra warming"
12635,24.6217,-81.1564,5,9.78,19.06,0.8355,1.0,0.6,0.9999,4.1774,0.9898,very high (3+ yrs),"recent-climate (2021-2025 repeats), no extra warming"
12637,24.6223,-81.1118,5,9.11,18.48,0.81,0.8,0.6,0.9998,4.05,0.9898,very high (3+ yrs),"recent-climate (2021-2025 repeats), no extra warming"
12638,24.6223,-81.112,5,9.11,18.48,0.81,0.8,0.6,0.9998,4.05,0.9898,very high (3+ yrs),"recent-climate (2021-2025 repeats), no extra warming"
12639,24.6225,-81.123,5,9.11,18.48,0.81,0.8,0.6,0.9998,4.05,0.9898,very high (3+ yrs),"recent-climate (2021-2025 repeats), no extra warming"
12642,24.6237,-82.8597,5,6.448,14.35,0.6677,0.8,0.2,0.9959,3.3384,0.6723,very high (3+ yrs),"recent-climate (2021-2025 repeats), no extra warming"
12648,24.6249,-82.834,5,6.416,14.56,0.6691,0.8,0.2,0.996,3.3453,0.6723,very high (3+ yrs),"recent-climate (2021-2025 repeats), no extra warming"
12654,24.6253,-81.1116,5,9.11,18.48,0.81,0.8,0.6,0.9998,4.05,0.9898,very high (3+ yrs),"recent-climate (2021-2025 repeats), no extra warming"
12656,24.6255,-81.1104,5,9.11,18.48,0.81,0.8,0.6,0.9998,4.05,0.9898,very high (3+ yrs),"recent-climate (2021-2025 repeats), no extra warming"
12662,24.626,-82.8153,5,6.416,14.56,0.6691,0.8,0.2,0.996,3.3453,0.6723,very high (3+ yrs),"recent-climate (2021-2025 repeats), no extra warming"
12663,24.626,-81.1082,5,9.11,18.48,0.81,0.8,0.6,0.9998,4.05,0.9898,very high (3+ yrs),"recent-climate (2021-2025 repeats), no extra warming"
12664,24.6262,-81.1093,5,9.11,18.48,0.81,0.8,0.6,0.9998,4.05,0.9898,very high (3+ yrs),"recent-climate (2021-2025 repeats), no extra warming"
12666,24.6262,-82.9417,5,6.356,14.27,0.6617,0.6,0.2,0.9956,3.3083,0.6723,very high (3+ yrs),"recent-climate (2021-2025 repeats), no extra warming"
12667,24.6268,-81.1084,5,9.11,18.48,0.81,0.8,0.6,0.9998,4.05,0.9898,very high (3+ yrs),"recent-climate (2021-2025 repeats), no extra warming"
12668,24.6269,-81.1075,5,9.11,18.48,0.81,0.8,0.6,0.9998,4.05,0.9898,very high (3+ yrs),"recent-climate (2021-2025 repeats), no extra warming"
12674,24.6271,-81.1084,5,9.11,18.48,0.81,0.8,0.6,0.9998,4.05,0.9898,very high (3+ yrs),"recent-climate (2021-2025 repeats), no extra warming"
12677,24.6273,-82.8538,5,6.448,14.35,0.6677,0.8,0.2,0.9959,3.3384,0.6723,very high (3+ yrs),"recent-climate (2021-2025 repeats), no extra warming"
12681,24.6275,-82.838,5,6.416,14.56,0.6691,0.8,0.2,0.996,3.3453,0.6723,very high (3+ yrs),"recent-climate (2021-2025 repeats), no extra warming"
12685,24.6291,-82.8588,5,6.448,14.35,0.6677,0.8,0.2,0.9959,3.3384,0.6723,very high (3+ yrs),"recent-climate (2021-2025 repeats), no extra warming"
12693,24.6309,-81.0918,5,8.624,17.81,0.792,0.8,0.6,0.9996,3.9599,0.9898,very high (3+ yrs),"recent-climate (2021-2025 repeats), no extra warming"
12698,24.6324,-81.0874,5,8.624,17.81,0.792,0.8,0.6,0.9996,3.9599,0.9898,very high (3+ yrs),"recent-climate (2021-2025 repeats), no extra warming"
12699,24.6324,-81.0904,5,8.624,17.81,0.792,0.8,0.6,0.9996,3.9599,0.9898,very high (3+ yrs),"recent-climate (2021-2025 repeats), no extra warming"
12700,24.6325,-82.8766,5,6.448,14.35,0.6677,0.8,0.2,0.9959,3.3384,0.6723,very high (3+ yrs),"recent-climate (2021-2025 repeats), no extra warming"
12701,24.6329,-81.0899,5,8.624,17.81,0.792,0.8,0.6,0.9996,3.9599,0.9898,very high (3+ yrs),"recent-climate (2021-2025 repeats), no extra warming"
12703,24.6329,-81.0879,5,8.624,17.81,0.792,0.8,0.6,0.9996,3.9599,0.9898,very high (3+ yrs),"recent-climate (2021-2025 repeats), no extra warming"
12706,24.6334,-82.8766,5,6.448,14.35,0.6677,0.8,0.2,0.9959,3.3384,0.6723,very high (3+ yrs),"recent-climate (2021-2025 repeats), no extra warming"
12708,24.6342,-82.8105,5,6.416,14.56,0.6691,0.8,0.2,0.996,3.3453,0.6723,very high (3+ yrs),"recent-climate (2021-2025 repeats), no extra warming"
12709,24.6342,-81.0845,5,8.624,17.81,0.792,0.8,0.6,0.9996,3.9599,0.9898,very high (3+ yrs),"recent-climate (2021-2025 repeats), no extra warming"
12713,24.6358,-82.9033,5,6.356,14.27,0.6617,0.6,0.2,0.9956,3.3083,0.6723,very high (3+ yrs),"recent-climate (2021-2025 repeats), no extra warming"
12715,24.6361,-82.8036,5,6.416,14.56,0.6691,0.8,0.2,0.996,3.3453,0.6723,very high (3+ yrs),"recent-climate (2021-2025 repeats), no extra warming"
12716,24.6362,-81.0894,5,8.624,17.81,0.792,0.8,0.6,0.9996,3.9599,0.9898,very high (3+ yrs),"recent-climate (2021-2025 repeats), no extra warming"
12717,24.6365,-82.846,5,6.416,14.56,0.6691,0.8,0.2,0.996,3.3453,0.6723,very high (3+ yrs),"recent-climate (2021-2025 repeats), no extra warming"
12719,24.6379,-81.0674,5,8.624,17.81,0.792,0.8,0.6,0.9996,3.9599,0.9898,very high (3+ yrs),"recent-climate (2021-2025 repeats), no extra warming"
12725,24.6403,-82.8985,5,6.448,14.35,0.6677,0.8,0.2,0.9959,3.3384,0.6723,very high (3+ yrs),"recent-climate (2021-2025 repeats), no extra warming"
12728,24.6421,-82.8274,5,6.416,14.56,0.6691,0.8,0.2,0.996,3.3453,0.6723,very high (3+ yrs),"recent-climate (2021-2025 repeats), no extra warming"
12730,24.6425,-82.8444,5,6.416,14.56,0.6691,0.8,0.2,0.996,3.3453,0.6723,very high (3+ yrs),"recent-climate (2021-2025 repeats), no extra warming"
12731,24.6425,-82.937,5,6.356,14.27,0.6617,0.6,0.2,0.9956,3.3083,0.6723,very high (3+ yrs),"recent-climate (2021-2025 repeats), no extra warming"
12733,24.6436,-82.856,5,6.448,14.35,0.6677,0.8,0.2,0.9959,3.3384,0.6723,very high (3+ yrs),"recent-climate (2021-2025 repeats), no extra warming"
12734,24.6442,-81.0475,5,8.014,17.17,0.7622,0.8,0.2,0.9992,3.8109,0.6723,very high (3+ yrs),"recent-climate (2021-2025 repeats), no extra warming"
12736,24.6485,-81.0328,5,8.014,17.17,0.7622,0.8,0.2,0.9992,3.8109,0.6723,very high (3+ yrs),"recent-climate (2021-2025 repeats), no extra warming"
12741,24.6497,-82.9391,5,6.356,14.27,0.6617,0.6,0.2,0.9956,3.3083,0.6723,very high (3+ yrs),"recent-climate (2021-2025 repeats), no extra warming"
12747,24.6525,-82.787,5,6.354,15.37,0.6558,0.6,0.2,0.9952,3.279,0.6723,very high (3+ yrs),"recent-climate (2021-2025 repeats), no extra warming"
12749,24.6531,-81.022,5,9.508,18.86,0.8225,0.8,0.6,0.9998,4.1126,0.9898,very high (3+ yrs),"recent-climate (2021-2025 repeats), no extra warming"
12753,24.657,-81.008,5,9.508,18.86,0.8225,0.8,0.6,0.9998,4.1126,0.9898,very high (3+ yrs),"recent-climate (2021-2025 repeats), no extra warming"
12760,24.6606,-82.9333,5,6.248,14.4,0.6516,0.6,0.2,0.9949,3.2578,0.6723,very high (3+ yrs),"recent-climate (2021-2025 repeats), no extra warming"
12762,24.6618,-82.8454,5,6.35,15.13,0.6586,0.6,0.2,0.9954,3.293,0.6723,very high (3+ yrs),"recent-climate (2021-2025 repeats), no extra warming"
12764,24.662,-81.0132,5,9.508,18.86,0.8225,0.8,0.6,0.9998,4.1126,0.9898,very high (3+ yrs),"recent-climate (2021-2025 repeats), no extra warming"
12770,24.6631,-81.0993,5,9.872,19.29,0.8332,1.0,0.6,0.9999,4.1662,0.9898,very high (3+ yrs),"recent-climate (2021-2025 repeats), no extra warming"
12772,24.6635,-82.8756,5,6.362,14.86,0.6612,0.6,0.2,0.9955,3.3058,0.6723,very high (3+ yrs),"recent-climate (2021-2025 repeats), no extra warming"
12776,24.6658,-81.0726,5,9.872,19.29,0.8332,1.0,0.6,0.9999,4.1662,0.9898,very high (3+ yrs),"recent-climate (2021-2025 repeats), no extra warming"
12777,24.6658,-81.0707,5,9.872,19.29,0.8332,1.0,0.6,0.9999,4.1662,0.9898,very high (3+ yrs),"recent-climate (2021-2025 repeats), no extra warming"
12780,24.667,-82.8591,5,6.362,14.86,0.6612,0.6,0.2,0.9955,3.3058,0.6723,very high (3+ yrs),"recent-climate (2021-2025 repeats), no extra warming"
12781,24.6673,-82.8346,5,6.35,15.13,0.6586,0.6,0.2,0.9954,3.293,0.6723,very high (3+ yrs),"recent-climate (2021-2025 repeats), no extra warming"
12783,24.668,-82.7774,5,6.354,15.37,0.6558,0.6,0.2,0.9952,3.279,0.6723,very high (3+ yrs),"recent-climate (2021-2025 repeats), no extra warming"
12785,24.6692,-82.8936,5,6.362,14.86,0.6612,0.6,0.2,0.9955,3.3058,0.6723,very high (3+ yrs),"recent-climate (2021-2025 repeats), no extra warming"
12788,24.6695,-82.8752,5,6.362,14.86,0.6612,0.6,0.2,0.9955,3.3058,0.6723,very high (3+ yrs),"recent-climate (2021-2025 repeats), no extra warming"
12789,24.6695,-82.8742,5,6.362,14.86,0.6612,0.6,0.2,0.9955,3.3058,0.6723,very high (3+ yrs),"recent-climate (2021-2025 repeats), no extra warming"
12792,24.67,-80.9741,5,9.2,18.51,0.8127,0.8,0.6,0.9998,4.0636,0.9898,very high (3+ yrs),"recent-climate (2021-2025 repeats), no extra warming"
12793,24.6701,-82.8999,5,6.362,14.86,0.6612,0.6,0.2,0.9955,3.3058,0.6723,very high (3+ yrs),"recent-climate (2021-2025 repeats), no extra warming"
12799,24.6755,-82.8259,5,6.35,15.13,0.6586,0.6,0.2,0.9954,3.293,0.6723,very high (3+ yrs),"recent-climate (2021-2025 repeats), no extra warming"
12800,24.6769,-80.9433,5,8.768,17.9,0.7997,0.8,0.6,0.9997,3.9985,0.9898,very high (3+ yrs),"recent-climate (2021-2025 repeats), no extra warming"
12802,24.6779,-80.9519,5,9.2,18.51,0.8127,0.8,0.6,0.9998,4.0636,0.9898,very high (3+ yrs),"recent-climate (2021-2025 repeats), no extra warming"
12804,24.6783,-81.042,5,9.508,18.86,0.8225,0.8,0.6,0.9998,4.1126,0.9898,very high (3+ yrs),"recent-climate (2021-2025 repeats), no extra warming"
12806,24.68,-82.905,5,6.248,14.4,0.6516,0.6,0.2,0.9949,3.2578,0.6723,very high (3+ yrs),"recent-climate (2021-2025 repeats), no extra warming"
12809,24.6828,-82.8922,5,6.362,14.86,0.6612,0.6,0.2,0.9955,3.3058,0.6723,very high (3+ yrs),"recent-climate (2021-2025 repeats), no extra warming"
12814,24.6857,-80.9659,5,9.2,18.51,0.8127,0.8,0.6,0.9998,4.0636,0.9898,very high (3+ yrs),"recent-climate (2021-2025 repeats), no extra warming"
12815,24.6857,-81.045,5,9.508,18.86,0.8225,0.8,0.6,0.9998,4.1126,0.9898,very high (3+ yrs),"recent-climate (2021-2025 repeats), no extra warming"
12816,24.6858,-80.9659,5,9.2,18.51,0.8127,0.8,0.6,0.9998,4.0636,0.9898,very high (3+ yrs),"recent-climate (2021-2025 repeats), no extra warming"
12817,24.6862,-80.9619,5,9.2,18.51,0.8127,0.8,0.6,0.9998,4.0636,0.9898,very high (3+ yrs),"recent-climate (2021-2025 repeats), no extra warming"
12818,24.6866,-80.9629,5,9.2,18.51,0.8127,0.8,0.6,0.9998,4.0636,0.9898,very high (3+ yrs),"recent-climate (2021-2025 repeats), no extra warming"
12822,24.6884,-82.8844,5,6.362,14.86,0.6612,0.6,0.2,0.9955,3.3058,0.6723,very high (3+ yrs),"recent-climate (2021-2025 repeats), no extra warming"
12827,24.6894,-81.0302,5,9.508,18.86,0.8225,0.8,0.6,0.9998,4.1126,0.9898,very high (3+ yrs),"recent-climate (2021-2025 repeats), no extra warming"
12828,24.6895,-81.0302,5,9.508,18.86,0.8225,0.8,0.6,0.9998,4.1126,0.9898,very high (3+ yrs),"recent-climate (2021-2025 repeats), no extra warming"
12833,24.6911,-81.0499,5,9.508,18.86,0.8225,0.8,0.6,0.9998,4.1126,0.9898,very high (3+ yrs),"recent-climate (2021-2025 repeats), no extra warming"
12834,24.6916,-82.9121,5,6.248,14.4,0.6516,0.6,0.2,0.9949,3.2578,0.6723,very high (3+ yrs),"recent-climate (2021-2025 repeats), no extra warming"
12835,24.6918,-82.8441,5,6.35,15.13,0.6586,0.6,0.2,0.9954,3.293,0.6723,very high (3+ yrs),"recent-climate (2021-2025 repeats), no extra warming"
12836,24.6929,-81.021,5,9.508,18.86,0.8225,0.8,0.6,0.9998,4.1126,0.9898,very high (3+ yrs),"recent-climate (2021-2025 repeats), no extra warming"
12848,24.6953,-80.9375,5,8.768,17.9,0.7997,0.8,0.6,0.9997,3.9985,0.9898,very high (3+ yrs),"recent-climate (2021-2025 repeats), no extra warming"
12849,24.6956,-81.0518,5,9.872,19.29,0.8332,1.0,0.6,0.9999,4.1662,0.9898,very high (3+ yrs),"recent-climate (2021-2025 repeats), no extra warming"
12850,24.6956,-80.9392,5,8.768,17.9,0.7997,0.8,0.6,0.9997,3.9985,0.9898,very high (3+ yrs),"recent-climate (2021-2025 repeats), no extra warming"
12851,24.6957,-81.0381,5,9.508,18.86,0.8225,0.8,0.6,0.9998,4.1126,0.9898,very high (3+ yrs),"recent-climate (2021-2025 repeats), no extra warming"
12854,24.696,-82.7768,5,6.354,15.37,0.6558,0.6,0.2,0.9952,3.279,0.6723,very high (3+ yrs),"recent-climate (2021-2025 repeats), no extra warming"
12855,24.6965,-80.9049,5,8.768,17.9,0.7997,0.8,0.6,0.9997,3.9985,0.9898,very high (3+ yrs),"recent-climate (2021-2025 repeats), no extra warming"
12856,24.6966,-81.0361,5,9.508,18.86,0.8225,0.8,0.6,0.9998,4.1126,0.9898,very high (3+ yrs),"recent-climate (2021-2025 repeats), no extra warming"
12860,24.6975,-81.0351,5,9.508,18.86,0.8225,0.8,0.6,0.9998,4.1126,0.9898,very high (3+ yrs),"recent-climate (2021-2025 repeats), no extra warming"
12862,24.6976,-82.8638,5,6.362,14.86,0.6612,0.6,0.2,0.9955,3.3058,0.6723,very high (3+ yrs),"recent-climate (2021-2025 repeats), no extra warming"
12866,24.6978,-80.9698,5,9.2,18.51,0.8127,0.8,0.6,0.9998,4.0636,0.9898,very high (3+ yrs),"recent-climate (2021-2025 repeats), no extra warming"
12871,24.6993,-80.9669,5,9.2,18.51,0.8127,0.8,0.6,0.9998,4.0636,0.9898,very high (3+ yrs),"recent-climate (2021-2025 repeats), no extra warming"
12872,24.6993,-80.9669,5,9.2,18.51,0.8127,0.8,0.6,0.9998,4.0636,0.9898,very high (3+ yrs),"recent-climate (2021-2025 repeats), no extra warming"
12873,24.6994,-80.9689,5,9.2,18.51,0.8127,0.8,0.6,0.9998,4.0636,0.9898,very high (3+ yrs),"recent-climate (2021-2025 repeats), no extra warming"
12875,24.6996,-80.9691,5,9.2,18.51,0.8127,0.8,0.6,0.9998,4.0636,0.9898,very high (3+ yrs),"recent-climate (2021-2025 repeats), no extra warming"
12884,24.7013,-80.9653,5,10.562,20.07,0.8529,1.0,0.6,0.9999,4.2643,0.9898,very high (3+ yrs),"recent-climate (2021-2025 repeats), no extra warming"
12885,24.7023,-82.853,5,6.256,15.4,0.6439,0.6,0.2,0.9943,3.2194,0.6723,very high (3+ yrs),"recent-climate (2021-2025 repeats), no extra warming"
12886,24.7024,-82.847,5,6.274,15.51,0.6442,0.6,0.2,0.9943,3.2211,0.6723,very high (3+ yrs),"recent-climate (2021-2025 repeats), no extra warming"
12887,24.7029,-82.8147,5,6.274,15.51,0.6442,0.6,0.2,0.9943,3.2211,0.6723,very high (3+ yrs),"recent-climate (2021-2025 repeats), no extra warming"
12891,24.7047,-80.9392,5,10.112,19.6,0.8392,1.0,0.6,0.9999,4.1959,0.9898,very high (3+ yrs),"recent-climate (2021-2025 repeats), no extra warming"
12894,24.7057,-82.8718,5,6.256,15.4,0.6439,0.6,0.2,0.9943,3.2194,0.6723,very high (3+ yrs),"recent-climate (2021-2025 repeats), no extra warming"
12895,24.7065,-80.9362,5,10.112,19.6,0.8392,1.0,0.6,0.9999,4.1959,0.9898,very high (3+ yrs),"recent-climate (2021-2025 repeats), no extra warming"
12901,24.7082,-82.8086,5,6.274,15.51,0.6442,0.6,0.2,0.9943,3.2211,0.6723,very high (3+ yrs),"recent-climate (2021-2025 repeats), no extra warming"
12902,24.7083,-82.7977,5,6.128,15.51,0.6336,0.6,0.2,0.9934,3.1681,0.6723,very high (3+ yrs),"recent-climate (2021-2025 repeats), no extra warming"
12903,24.7085,-82.7839,5,6.128,15.51,0.6336,0.6,0.2,0.9934,3.1681,0.6723,very high (3+ yrs),"recent-climate (2021-2025 repeats), no extra warming"
12904,24.7093,-82.8749,5,6.256,15.4,0.6439,0.6,0.2,0.9943,3.2194,0.6723,very high (3+ yrs),"recent-climate (2021-2025 repeats), no extra warming"
12905,24.7093,-82.7918,5,6.128,15.51,0.6336,0.6,0.2,0.9934,3.1681,0.6723,very high (3+ yrs),"recent-climate (2021-2025 repeats), no extra warming"
12906,24.7105,-80.9294,5,10.112,19.6,0.8392,1.0,0.6,0.9999,4.1959,0.9898,very high (3+ yrs),"recent-climate (2021-2025 repeats), no extra warming"
12907,24.7109,-82.8837,5,6.256,15.4,0.6439,0.6,0.2,0.9943,3.2194,0.6723,very high (3+ yrs),"recent-climate (2021-2025 repeats), no extra warming"
12918,24.7154,-82.8176,5,6.274,15.51,0.6442,0.6,0.2,0.9943,3.2211,0.6723,very high (3+ yrs),"recent-climate (2021-2025 repeats), no extra warming"
12925,24.7198,-82.8245,5,6.274,15.51,0.6442,0.6,0.2,0.9943,3.2211,0.6723,very high (3+ yrs),"recent-climate (2021-2025 repeats), no extra warming"
12928,24.7228,-82.8038,5,6.274,15.51,0.6442,0.6,0.2,0.9943,3.2211,0.6723,very high (3+ yrs),"recent-climate (2021-2025 repeats), no extra warming"
12930,24.7244,-82.8177,5,6.274,15.51,0.6442,0.6,0.2,0.9943,3.2211,0.6723,very high (3+ yrs),"recent-climate (2021-2025 repeats), no extra warming"
12931,24.7244,-82.8147,5,6.274,15.51,0.6442,0.6,0.2,0.9943,3.2211,0.6723,very high (3+ yrs),"recent-climate (2021-2025 repeats), no extra warming"
12936,24.7254,-80.9317,5,10.112,19.6,0.8392,1.0,0.6,0.9999,4.1959,0.9898,very high (3+ yrs),"recent-climate (2021-2025 repeats), no extra warming"
12938,24.7258,-80.9315,5,10.112,19.6,0.8392,1.0,0.6,0.9999,4.1959,0.9898,very high (3+ yrs),"recent-climate (2021-2025 repeats), no extra warming"
12942,24.728,-80.8213,5,9.038,18.44,0.8069,0.8,0.6,0.9997,4.0344,0.9898,very high (3+ yrs),"recent-climate (2021-2025 repeats), no extra warming"
12945,24.7345,-80.8096,5,9.038,18.44,0.8069,0.8,0.6,0.9997,4.0344,0.9898,very high (3+ yrs),"recent-climate (2021-2025 repeats), no extra warming"
12946,24.7353,-80.8107,5,9.038,18.44,0.8069,0.8,0.6,0.9997,4.0344,0.9898,very high (3+ yrs),"recent-climate (2021-2025 repeats), no extra warming"
12948,24.7453,-80.7822,5,8.232,17.6,0.7693,0.8,0.2,0.9993,3.8464,0.6723,very high (3+ yrs),"recent-climate (2021-2025 repeats), no extra warming"
12949,24.7468,-80.9362,5,10.112,19.6,0.8392,1.0,0.6,0.9999,4.1959,0.9898,very high (3+ yrs),"recent-climate (2021-2025 repeats), no extra warming"
12950,24.7485,-80.9318,5,10.112,19.6,0.8392,1.0,0.6,0.9999,4.1959,0.9898,very high (3+ yrs),"recent-climate (2021-2025 repeats), no extra warming"
12957,24.7604,-80.9068,5,11.354,21.08,0.8695,1.0,0.8,1.0,4.3473,0.9997,very high (3+ yrs),"recent-climate (2021-2025 repeats), no extra warming"
12959,24.7633,-80.7592,5,9.6,19.46,0.8219,0.8,0.6,0.9998,4.1097,0.9898,very high (3+ yrs),"recent-climate (2021-2025 repeats), no extra warming"
12960,24.7634,-80.7552,5,9.6,19.46,0.8219,0.8,0.6,0.9998,4.1097,0.9898,very high (3+ yrs),"recent-climate (2021-2025 repeats), no extra warming"
12962,24.765,-80.7353,5,8.682,18.25,0.7876,0.8,0.6,0.9996,3.9378,0.9898,very high (3+ yrs),"recent-climate (2021-2025 repeats), no extra warming"
12963,24.7678,-80.7504,5,9.6,19.46,0.8219,0.8,0.6,0.9998,4.1097,0.9898,very high (3+ yrs),"recent-climate (2021-2025 repeats), no extra warming"
12965,24.7703,-80.7438,5,8.682,18.25,0.7876,0.8,0.6,0.9996,3.9378,0.9898,very high (3+ yrs),"recent-climate (2021-2025 repeats), no extra warming"
12971,24.7844,-80.7634,5,9.6,19.46,0.8219,0.8,0.6,0.9998,4.1097,0.9898,very high (3+ yrs),"recent-climate (2021-2025 repeats), no extra warming"
12973,24.7972,-80.7838,5,9.6,19.46,0.8219,0.8,0.6,0.9998,4.1097,0.9898,very high (3+ yrs),"recent-climate (2021-2025 repeats), no extra warming"
12974,24.7972,-80.784,5,9.6,19.46,0.8219,0.8,0.6,0.9998,4.1097,0.9898,very high (3+ yrs),"recent-climate (2021-2025 repeats), no extra warming"
13029,24.9206,-80.5063,5,8.368,17.08,0.7686,0.8,0.6,0.9993,3.8428,0.9898,very high (3+ yrs),"recent-climate (2021-2025 repeats), no extra warming"
13034,24.9386,-80.4914,5,7.574,16.09,0.7215,0.8,0.4,0.9983,3.6074,0.9222,very high (3+ yrs),"recent-climate (2021-2025 repeats), no extra warming"
13038,24.9411,-80.5552,5,9.57,18.74,0.8172,0.8,0.6,0.9998,4.0858,0.9898,very high (3+ yrs),"recent-climate (2021-2025 repeats), no extra warming"
13047,24.9503,-80.5508,5,10.668,19.93,0.8487,1.0,0.6,0.9999,4.2436,0.9898,very high (3+ yrs),"recent-climate (2021-2025 repeats), no extra warming"
13051,24.9517,-80.5469,5,9.646,18.57,0.8203,0.8,0.6,0.9998,4.1016,0.9898,very high (3+ yrs),"recent-climate (2021-2025 repeats), no extra warming"
13052,24.9518,-80.4514,5,8.462,17.06,0.7756,0.8,0.6,0.9994,3.8779,0.9898,very high (3+ yrs),"recent-climate (2021-2025 repeats), no extra warming"
13053,24.9519,-80.4513,5,8.462,17.06,0.7756,0.8,0.6,0.9994,3.8779,0.9898,very high (3+ yrs),"recent-climate (2021-2025 repeats), no extra warming"
13054,24.9521,-80.4596,5,8.462,17.06,0.7756,0.8,0.6,0.9994,3.8779,0.9898,very high (3+ yrs),"recent-climate (2021-2025 repeats), no extra warming"
13057,24.9542,-80.5458,5,9.646,18.57,0.8203,0.8,0.6,0.9998,4.1016,0.9898,very high (3+ yrs),"recent-climate (2021-2025 repeats), no extra warming"
13060,24.955,-80.458,5,8.462,17.06,0.7756,0.8,0.6,0.9994,3.8779,0.9898,very high (3+ yrs),"recent-climate (2021-2025 repeats), no extra warming"
13062,24.9566,-80.4923,5,8.462,17.06,0.7756,0.8,0.6,0.9994,3.8779,0.9898,very high (3+ yrs),"recent-climate (2021-2025 repeats), no extra warming"
13064,24.9588,-80.4545,5,8.462,17.06,0.7756,0.8,0.6,0.9994,3.8779,0.9898,very high (3+ yrs),"recent-climate (2021-2025 repeats), no extra warming"
13067,24.9638,-80.4507,5,8.462,17.06,0.7756,0.8,0.6,0.9994,3.8779,0.9898,very high (3+ yrs),"recent-climate (2021-2025 repeats), no extra warming"
13068,24.9642,-80.5428,5,9.646,18.57,0.8203,0.8,0.6,0.9998,4.1016,0.9898,very high (3+ yrs),"recent-climate (2021-2025 repeats), no extra warming"
13070,24.9664,-80.5373,5,9.646,18.57,0.8203,0.8,0.6,0.9998,4.1016,0.9898,very high (3+ yrs),"recent-climate (2021-2025 repeats), no extra warming"
13076,24.9728,-80.4368,5,7.56,15.87,0.7234,0.8,0.4,0.9984,3.6171,0.9222,very high (3+ yrs),"recent-climate (2021-2025 repeats), no extra warming"
13079,24.9763,-80.4209,5,7.56,15.87,0.7234,0.8,0.4,0.9984,3.6171,0.9222,very high (3+ yrs),"recent-climate (2021-2025 repeats), no extra warming"
13083,24.9781,-80.4258,5,7.56,15.87,0.7234,0.8,0.4,0.9984,3.6171,0.9222,very high (3+ yrs),"recent-climate (2021-2025 repeats), no extra warming"
13086,24.9791,-80.4377,5,7.56,15.87,0.7234,0.8,0.4,0.9984,3.6171,0.9222,very high (3+ yrs),"recent-climate (2021-2025 repeats), no extra warming"
13094,24.9859,-80.413,5,7.56,15.87,0.7234,0.8,0.4,0.9984,3.6171,0.9222,very high (3+ yrs),"recent-climate (2021-2025 repeats), no extra warming"
13097,24.9872,-80.4146,5,7.56,15.87,0.7234,0.8,0.4,0.9984,3.6171,0.9222,very high (3+ yrs),"recent-climate (2021-2025 repeats), no extra warming"
13098,24.9876,-80.4677,5,8.462,17.06,0.7756,0.8,0.6,0.9994,3.8779,0.9898,very high (3+ yrs),"recent-climate (2021-2025 repeats), no extra warming"
13107,24.9917,-80.4153,5,7.56,15.87,0.7234,0.8,0.4,0.9984,3.6171,0.9222,very high (3+ yrs),"recent-climate (2021-2025 repeats), no extra warming"
13109,24.9927,-80.4436,5,7.56,15.87,0.7234,0.8,0.4,0.9984,3.6171,0.9222,very high (3+ yrs),"recent-climate (2021-2025 repeats), no extra warming"
13113,24.9992,-80.4669,5,8.462,17.06,0.7756,0.8,0.6,0.9994,3.8779,0.9898,very high (3+ yrs),"recent-climate (2021-2025 repeats), no extra warming"
13115,24.9992,-80.4231,5,7.56,15.87,0.7234,0.8,0.4,0.9984,3.6171,0.9222,very high (3+ yrs),"recent-climate (2021-2025 repeats), no extra warming"
13116,24.9992,-80.467,5,8.462,17.06,0.7756,0.8,0.6,0.9994,3.8779,0.9898,very high (3+ yrs),"recent-climate (2021-2025 repeats), no extra warming"
13129,25.007,-80.3758,5,7.502,15.79,0.7228,0.8,0.4,0.9984,3.614,0.9222,very high (3+ yrs),"recent-climate (2021-2025 repeats), no extra warming"
13130,25.0072,-80.3756,5,7.502,15.79,0.7228,0.8,0.4,0.9984,3.614,0.9222,very high (3+ yrs),"recent-climate (2021-2025 repeats), no extra warming"
13134,25.0086,-80.376,5,7.502,15.79,0.7228,0.8,0.4,0.9984,3.614,0.9222,very high (3+ yrs),"recent-climate (2021-2025 repeats), no extra warming"
13135,25.0086,-80.3771,5,7.502,15.79,0.7228,0.8,0.4,0.9984,3.614,0.9222,very high (3+ yrs),"recent-climate (2021-2025 repeats), no extra warming"
13136,25.0086,-80.3761,5,7.502,15.79,0.7228,0.8,0.4,0.9984,3.614,0.9222,very high (3+ yrs),"recent-climate (2021-2025 repeats), no extra warming"
13137,25.0088,-80.3765,5,7.502,15.79,0.7228,0.8,0.4,0.9984,3.614,0.9222,very high (3+ yrs),"recent-climate (2021-2025 repeats), no extra warming"
13138,25.009,-80.3891,5,7.502,15.79,0.7228,0.8,0.4,0.9984,3.614,0.9222,very high (3+ yrs),"recent-climate (2021-2025 repeats), no extra warming"
13143,25.0114,-80.3741,5,7.502,15.79,0.7228,0.8,0.4,0.9984,3.614,0.9222,very high (3+ yrs),"recent-climate (2021-2025 repeats), no extra warming"
13144,25.0124,-80.4039,5,8.554,16.92,0.7843,0.8,0.6,0.9995,3.9213,0.9898,very high (3+ yrs),"recent-climate (2021-2025 repeats), no extra warming"
13151,25.0185,-80.3672,5,7.502,15.79,0.7228,0.8,0.4,0.9984,3.614,0.9222,very high (3+ yrs),"recent-climate (2021-2025 repeats), no extra warming"
13158,25.0255,-80.4043,5,8.554,16.92,0.7843,0.8,0.6,0.9995,3.9213,0.9898,very high (3+ yrs),"recent-climate (2021-2025 repeats), no extra warming"
13165,25.0306,-80.4268,5,8.554,16.92,0.7843,0.8,0.6,0.9995,3.9213,0.9898,very high (3+ yrs),"recent-climate (2021-2025 repeats), no extra warming"
13173,25.0377,-80.4152,5,8.554,16.92,0.7843,0.8,0.6,0.9995,3.9213,0.9898,very high (3+ yrs),"recent-climate (2021-2025 repeats), no extra warming"
13177,25.0418,-80.428,5,8.554,16.92,0.7843,0.8,0.6,0.9995,3.9213,0.9898,very high (3+ yrs),"recent-climate (2021-2025 repeats), no extra warming"
13180,25.0446,-80.4684,5,9.544,18.42,0.8184,0.8,0.6,0.9998,4.0921,0.9898,very high (3+ yrs),"recent-climate (2021-2025 repeats), no extra warming"
13181,25.0447,-80.4684,5,9.544,18.42,0.8184,0.8,0.6,0.9998,4.0921,0.9898,very high (3+ yrs),"recent-climate (2021-2025 repeats), no extra warming"
13202,25.0668,-80.3725,5,8.452,16.89,0.7784,0.8,0.6,0.9995,3.8922,0.9898,very high (3+ yrs),"recent-climate (2021-2025 repeats), no extra warming"
13204,25.067,-80.3854,5,8.452,16.89,0.7784,0.8,0.6,0.9995,3.8922,0.9898,very high (3+ yrs),"recent-climate (2021-2025 repeats), no extra warming"
13205,25.0683,-80.3924,5,8.452,16.89,0.7784,0.8,0.6,0.9995,3.8922,0.9898,very high (3+ yrs),"recent-climate (2021-2025 repeats), no extra warming"
13219,25.0869,-80.3113,5,7.352,15.68,0.7148,0.8,0.4,0.9981,3.5738,0.9222,very high (3+ yrs),"recent-climate (2021-2025 repeats), no extra warming"
13230,25.1026,-80.3436,5,8.416,17.13,0.7766,0.8,0.4,0.9994,3.8831,0.9222,very high (3+ yrs),"recent-climate (2021-2025 repeats), no extra warming"
13232,25.1031,-80.3244,5,8.416,17.13,0.7766,0.8,0.4,0.9994,3.8831,0.9222,very high (3+ yrs),"recent-climate (2021-2025 repeats), no extra warming"
13233,25.1032,-80.3243,5,8.416,17.13,0.7766,0.8,0.4,0.9994,3.8831,0.9222,very high (3+ yrs),"recent-climate (2021-2025 repeats), no extra warming"
13242,25.1086,-80.3062,5,8.416,17.13,0.7766,0.8,0.4,0.9994,3.8831,0.9222,very high (3+ yrs),"recent-climate (2021-2025 repeats), no extra warming"
13252,25.1145,-80.3445,5,8.416,17.13,0.7766,0.8,0.4,0.9994,3.8831,0.9222,very high (3+ yrs),"recent-climate (2021-2025 repeats), no extra warming"
13255,25.1181,-80.3755,5,9.4,17.96,0.816,0.8,0.6,0.9998,4.0802,0.9898,very high (3+ yrs),"recent-climate (2021-2025 repeats), no extra warming"
13265,25.1299,-80.2864,5,7.348,16.19,0.7138,0.8,0.2,0.9981,3.5689,0.6723,very high (3+ yrs),"recent-climate (2021-2025 repeats), no extra warming"
13266,25.1308,-80.3644,5,9.4,17.96,0.816,0.8,0.6,0.9998,4.0802,0.9898,very high (3+ yrs),"recent-climate (2021-2025 repeats), no extra warming"
13271,25.1347,-80.2759,5,7.348,16.19,0.7138,0.8,0.2,0.9981,3.5689,0.6723,very high (3+ yrs),"recent-climate (2021-2025 repeats), no extra warming"
13272,25.1383,-80.315,5,8.416,17.13,0.7766,0.8,0.4,0.9994,3.8831,0.9222,very high (3+ yrs),"recent-climate (2021-2025 repeats), no extra warming"
13277,25.1415,-80.3139,5,8.416,17.13,0.7766,0.8,0.4,0.9994,3.8831,0.9222,very high (3+ yrs),"recent-climate (2021-2025 repeats), no extra warming"
13279,25.1437,-80.2569,5,7.348,16.19,0.7138,0.8,0.2,0.9981,3.5689,0.6723,very high (3+ yrs),"recent-climate (2021-2025 repeats), no extra warming"
13284,25.1485,-80.3609,5,9.4,17.96,0.816,0.8,0.6,0.9998,4.0802,0.9898,very high (3+ yrs),"recent-climate (2021-2025 repeats), no extra warming"
13286,25.1505,-80.3563,5,10.08,18.72,0.8391,0.8,0.6,0.9999,4.1955,0.9898,very high (3+ yrs),"recent-climate (2021-2025 repeats), no extra warming"
13290,25.1604,-80.2589,5,8.15,16.77,0.765,0.8,0.4,0.9993,3.8251,0.9222,very high (3+ yrs),"recent-climate (2021-2025 repeats), no extra warming"
13293,25.1688,-80.2621,5,8.15,16.77,0.765,0.8,0.4,0.9993,3.8251,0.9222,very high (3+ yrs),"recent-climate (2021-2025 repeats), no extra warming"
13297,25.183,-80.2952,5,8.15,16.77,0.765,0.8,0.4,0.9993,3.8251,0.9222,very high (3+ yrs),"recent-climate (2021-2025 repeats), no extra warming"
13310,25.2078,-80.222,5,7.734,16.21,0.7427,0.8,0.4,0.9989,3.7135,0.9222,very high (3+ yrs),"recent-climate (2021-2025 repeats), no extra warming"
13312,25.2094,-80.2755,5,8.652,17.24,0.7815,0.8,0.6,0.9995,3.9076,0.9898,very high (3+ yrs),"recent-climate (2021-2025 repeats), no extra warming"
13314,25.2122,-80.2186,5,7.734,16.21,0.7427,0.8,0.4,0.9989,3.7135,0.9222,very high (3+ yrs),"recent-climate (2021-2025 repeats), no extra warming"
13317,25.2134,-80.263,5,8.652,17.24,0.7815,0.8,0.6,0.9995,3.9076,0.9898,very high (3+ yrs),"recent-climate (2021-2025 repeats), no extra warming"
13326,25.2154,-80.2742,5,8.652,17.24,0.7815,0.8,0.6,0.9995,3.9076,0.9898,very high (3+ yrs),"recent-climate (2021-2025 repeats), no extra warming"
13327,25.2157,-80.2328,5,7.734,16.21,0.7427,0.8,0.4,0.9989,3.7135,0.9222,very high (3+ yrs),"recent-climate (2021-2025 repeats), no extra warming"
13332,25.2202,-80.211,5,7.734,16.21,0.7427,0.8,0.4,0.9989,3.7135,0.9222,very high (3+ yrs),"recent-climate (2021-2025 repeats), no extra warming"
13337,25.2228,-80.2202,5,7.734,16.21,0.7427,0.8,0.4,0.9989,3.7135,0.9222,very high (3+ yrs),"recent-climate (2021-2025 repeats), no extra warming"
13338,25.2238,-80.2091,5,7.734,16.21,0.7427,0.8,0.4,0.9989,3.7135,0.9222,very high (3+ yrs),"recent-climate (2021-2025 repeats), no extra warming"
13341,25.225,-80.2075,5,7.734,16.21,0.7427,0.8,0.4,0.9989,3.7135,0.9222,very high (3+ yrs),"recent-climate (2021-2025 repeats), no extra warming"
13342,25.2263,-80.2169,5,7.734,16.21,0.7427,0.8,0.4,0.9989,3.7135,0.9222,very high (3+ yrs),"recent-climate (2021-2025 repeats), no extra warming"
13346,25.232,-80.2603,5,8.652,17.24,0.7815,0.8,0.6,0.9995,3.9076,0.9898,very high (3+ yrs),"recent-climate (2021-2025 repeats), no extra warming"
13350,25.2356,-80.2615,5,8.652,17.24,0.7815,0.8,0.6,0.9995,3.9076,0.9898,very high (3+ yrs),"recent-climate (2021-2025 repeats), no extra warming"
13352,25.2372,-80.2588,5,8.652,17.24,0.7815,0.8,0.6,0.9995,3.9076,0.9898,very high (3+ yrs),"recent-climate (2021-2025 repeats), no extra warming"
13360,25.2399,-80.2012,5,7.734,16.21,0.7427,0.8,0.4,0.9989,3.7135,0.9222,very high (3+ yrs),"recent-climate (2021-2025 repeats), no extra warming"
13365,25.2553,-80.2051,5,8.104,16.4,0.7582,0.8,0.4,0.9992,3.7909,0.9222,very high (3+ yrs),"recent-climate (2021-2025 repeats), no extra warming"
13375,25.2735,-80.2274,5,8.104,16.4,0.7582,0.8,0.4,0.9992,3.7909,0.9222,very high (3+ yrs),"recent-climate (2021-2025 repeats), no extra warming"
13376,25.2768,-80.1756,5,7.05,15.45,0.6979,0.8,0.4,0.9975,3.4895,0.9222,very high (3+ yrs),"recent-climate (2021-2025 repeats), no extra warming"
13377,25.2769,-80.1771,5,7.05,15.45,0.6979,0.8,0.4,0.9975,3.4895,0.9222,very high (3+ yrs),"recent-climate (2021-2025 repeats), no extra warming"
13379,25.2829,-80.2447,5,8.104,16.4,0.7582,0.8,0.4,0.9992,3.7909,0.9222,very high (3+ yrs),"recent-climate (2021-2025 repeats), no extra warming"
13382,25.2849,-80.2247,5,8.104,16.4,0.7582,0.8,0.4,0.9992,3.7909,0.9222,very high (3+ yrs),"recent-climate (2021-2025 repeats), no extra warming"
13386,25.2951,-80.2187,5,8.104,16.4,0.7582,0.8,0.4,0.9992,3.7909,0.9222,very high (3+ yrs),"recent-climate (2021-2025 repeats), no extra warming"
13393,25.2993,-80.1621,5,7.05,15.45,0.6979,0.8,0.4,0.9975,3.4895,0.9222,very high (3+ yrs),"recent-climate (2021-2025 repeats), no extra warming"
13394,25.3034,-80.2154,5,8.358,16.49,0.7748,0.8,0.4,0.9994,3.8742,0.9222,very high (3+ yrs),"recent-climate (2021-2025 repeats), no extra warming"
13395,25.305,-80.2157,5,8.358,16.49,0.7748,0.8,0.4,0.9994,3.8742,0.9222,very high (3+ yrs),"recent-climate (2021-2025 repeats), no extra warming"
13409,25.3224,-80.1823,5,7.22,15.41,0.7156,0.8,0.4,0.9981,3.5781,0.9222,very high (3+ yrs),"recent-climate (2021-2025 repeats), no extra warming"
13417,25.3319,-80.1857,5,7.22,15.41,0.7156,0.8,0.4,0.9981,3.5781,0.9222,very high (3+ yrs),"recent-climate (2021-2025 repeats), no extra warming"
13418,25.3326,-80.2195,5,8.358,16.49,0.7748,0.8,0.4,0.9994,3.8742,0.9222,very high (3+ yrs),"recent-climate (2021-2025 repeats), no extra warming"
13419,25.3328,-80.165,5,7.22,15.41,0.7156,0.8,0.4,0.9981,3.5781,0.9222,very high (3+ yrs),"recent-climate (2021-2025 repeats), no extra warming"
13422,25.3334,-80.218,5,8.358,16.49,0.7748,0.8,0.4,0.9994,3.8742,0.9222,very high (3+ yrs),"recent-climate (2021-2025 repeats), no extra warming"
13425,25.3358,-80.1662,5,7.22,15.41,0.7156,0.8,0.4,0.9981,3.5781,0.9222,very high (3+ yrs),"recent-climate (2021-2025 repeats), no extra warming"
13430,25.3385,-80.1603,5,7.22,15.41,0.7156,0.8,0.4,0.9981,3.5781,0.9222,very high (3+ yrs),"recent-climate (2021-2025 repeats), no extra warming"
13431,25.3398,-80.1529,5,7.22,15.41,0.7156,0.8,0.4,0.9981,3.5781,0.9222,very high (3+ yrs),"recent-climate (2021-2025 repeats), no extra warming"
13444,25.3514,-80.194,5,7.662,15.46,0.7462,0.8,0.4,0.9989,3.7311,0.9222,very high (3+ yrs),"recent-climate (2021-2025 repeats), no extra warming"
13445,25.3525,-80.1558,5,7.662,15.46,0.7462,0.8,0.4,0.9989,3.7311,0.9222,very high (3+ yrs),"recent-climate (2021-2025 repeats), no extra warming"
13446,25.3535,-80.1518,5,7.662,15.46,0.7462,0.8,0.4,0.9989,3.7311,0.9222,very high (3+ yrs),"recent-climate (2021-2025 repeats), no extra warming"
13447,25.3549,-80.1619,5,7.662,15.46,0.7462,0.8,0.4,0.9989,3.7311,0.9222,very high (3+ yrs),"recent-climate (2021-2025 repeats), no extra warming"
13449,25.3592,-80.1522,5,7.662,15.46,0.7462,0.8,0.4,0.9989,3.7311,0.9222,very high (3+ yrs),"recent-climate (2021-2025 repeats), no extra warming"
13458,25.3632,-80.1658,5,7.662,15.46,0.7462,0.8,0.4,0.9989,3.7311,0.9222,very high (3+ yrs),"recent-climate (2021-2025 repeats), no extra warming"
13463,25.3669,-80.1696,5,7.662,15.46,0.7462,0.8,0.4,0.9989,3.7311,0.9222,very high (3+ yrs),"recent-climate (2021-2025 repeats), no extra warming"
13465,25.3673,-80.1402,5,6.356,14.21,0.6574,0.6,0.2,0.9953,3.287,0.6723,very high (3+ yrs),"recent-climate (2021-2025 repeats), no extra warming"
13484,25.3913,-80.1545,5,7.662,15.46,0.7462,0.8,0.4,0.9989,3.7311,0.9222,very high (3+ yrs),"recent-climate (2021-2025 repeats), no extra warming"
13487,25.3957,-80.1316,5,6.356,14.21,0.6574,0.6,0.2,0.9953,3.287,0.6723,very high (3+ yrs),"recent-climate (2021-2025 repeats), no extra warming"
13491,25.4011,-80.1296,5,6.734,14.4,0.689,0.8,0.2,0.9971,3.445,0.6723,very high (3+ yrs),"recent-climate (2021-2025 repeats), no extra warming"
13498,25.4034,-80.132,5,6.734,14.4,0.689,0.8,0.2,0.9971,3.445,0.6723,very high (3+ yrs),"recent-climate (2021-2025 repeats), no extra warming"
13508,25.4153,-80.151,5,7.626,15.4,0.7482,0.8,0.4,0.999,3.7411,0.9222,very high (3+ yrs),"recent-climate (2021-2025 repeats), no extra warming"
13511,25.4184,-80.1553,5,7.626,15.4,0.7482,0.8,0.4,0.999,3.7411,0.9222,very high (3+ yrs),"recent-climate (2021-2025 repeats), no extra warming"
13512,25.4184,-80.1553,5,7.626,15.4,0.7482,0.8,0.4,0.999,3.7411,0.9222,very high (3+ yrs),"recent-climate (2021-2025 repeats), no extra warming"
13526,25.4289,-80.1637,5,7.626,15.4,0.7482,0.8,0.4,0.999,3.7411,0.9222,very high (3+ yrs),"recent-climate (2021-2025 repeats), no extra warming"
13537,25.442,-80.122,5,6.734,14.4,0.689,0.8,0.2,0.9971,3.445,0.6723,very high (3+ yrs),"recent-climate (2021-2025 repeats), no extra warming"
13540,25.4456,-80.1151,5,6.734,14.4,0.689,0.8,0.2,0.9971,3.445,0.6723,very high (3+ yrs),"recent-climate (2021-2025 repeats), no extra warming"
13546,25.4479,-80.1779,5,7.626,15.4,0.7482,0.8,0.4,0.999,3.7411,0.9222,very high (3+ yrs),"recent-climate (2021-2025 repeats), no extra warming"
13556,25.4557,-80.1237,5,7.114,14.67,0.715,0.8,0.4,0.9981,3.5752,0.9222,very high (3+ yrs),"recent-climate (2021-2025 repeats), no extra warming"
13563,25.4628,-80.1333,5,7.114,14.67,0.715,0.8,0.4,0.9981,3.5752,0.9222,very high (3+ yrs),"recent-climate (2021-2025 repeats), no extra warming"
13571,25.4679,-80.1182,5,7.114,14.67,0.715,0.8,0.4,0.9981,3.5752,0.9222,very high (3+ yrs),"recent-climate (2021-2025 repeats), no extra warming"
13585,25.4865,-80.1414,5,7.114,14.67,0.715,0.8,0.4,0.9981,3.5752,0.9222,very high (3+ yrs),"recent-climate (2021-2025 repeats), no extra warming"
13595,25.4958,-80.11,5,7.114,14.67,0.715,0.8,0.4,0.9981,3.5752,0.9222,very high (3+ yrs),"recent-climate (2021-2025 repeats), no extra warming"
13598,25.4976,-80.109,5,7.114,14.67,0.715,0.8,0.4,0.9981,3.5752,0.9222,very high (3+ yrs),"recent-climate (2021-2025 repeats), no extra warming"
13602,25.4991,-80.1353,5,7.114,14.67,0.715,0.8,0.4,0.9981,3.5752,0.9222,very high (3+ yrs),"recent-climate (2021-2025 repeats), no extra warming"
13606,25.5043,-80.1062,5,7.046,14.56,0.715,0.8,0.2,0.9981,3.5748,0.6723,very high (3+ yrs),"recent-climate (2021-2025 repeats), no extra warming"
13614,25.5174,-80.1243,5,7.046,14.56,0.715,0.8,0.2,0.9981,3.5748,0.6723,very high (3+ yrs),"recent-climate (2021-2025 repeats), no extra warming"
13618,25.5264,-80.1199,5,7.046,14.56,0.715,0.8,0.2,0.9981,3.5748,0.6723,very high (3+ yrs),"recent-climate (2021-2025 repeats), no extra warming"
13619,25.5273,-80.1079,5,7.046,14.56,0.715,0.8,0.2,0.9981,3.5748,0.6723,very high (3+ yrs),"recent-climate (2021-2025 repeats), no extra warming"
13620,25.5284,-80.1187,5,7.046,14.56,0.715,0.8,0.2,0.9981,3.5748,0.6723,very high (3+ yrs),"recent-climate (2021-2025 repeats), no extra warming"
13631,25.5441,-80.1012,5,7.046,14.56,0.715,0.8,0.2,0.9981,3.5748,0.6723,very high (3+ yrs),"recent-climate (2021-2025 repeats), no extra warming"
13633,25.5455,-80.1106,5,7.046,14.56,0.715,0.8,0.2,0.9981,3.5748,0.6723,very high (3+ yrs),"recent-climate (2021-2025 repeats), no extra warming"
13634,25.5463,-80.1016,5,7.046,14.56,0.715,0.8,0.2,0.9981,3.5748,0.6723,very high (3+ yrs),"recent-climate (2021-2025 repeats), no extra warming"
13640,25.5671,-80.1081,5,6.86,14.22,0.7047,0.8,0.2,0.9978,3.5236,0.6723,very high (3+ yrs),"recent-climate (2021-2025 repeats), no extra warming"
13645,25.573,-80.0993,5,6.166,13.87,0.6508,0.6,0.2,0.9948,3.2538,0.6723,very high (3+ yrs),"recent-climate (2021-2025 repeats), no extra warming"
13647,25.5744,-80.1134,5,6.86,14.22,0.7047,0.8,0.2,0.9978,3.5236,0.6723,very high (3+ yrs),"recent-climate (2021-2025 repeats), no extra warming"
13648,25.5752,-80.1019,5,6.86,14.22,0.7047,0.8,0.2,0.9978,3.5236,0.6723,very high (3+ yrs),"recent-climate (2021-2025 repeats), no extra warming"
13652,25.5777,-80.1137,5,6.86,14.22,0.7047,0.8,0.2,0.9978,3.5236,0.6723,very high (3+ yrs),"recent-climate (2021-2025 repeats), no extra warming"
13659,25.587,-80.1063,5,6.86,14.22,0.7047,0.8,0.2,0.9978,3.5236,0.6723,very high (3+ yrs),"recent-climate (2021-2025 repeats), no extra warming"
13664,25.5896,-80.0934,5,6.166,13.87,0.6508,0.6,0.2,0.9948,3.2538,0.6723,very high (3+ yrs),"recent-climate (2021-2025 repeats), no extra warming"
13668,25.5918,-80.0952,5,6.166,13.87,0.6508,0.6,0.2,0.9948,3.2538,0.6723,very high (3+ yrs),"recent-climate (2021-2025 repeats), no extra warming"
13669,25.5978,-80.1042,5,6.86,14.22,0.7047,0.8,0.2,0.9978,3.5236,0.6723,very high (3+ yrs),"recent-climate (2021-2025 repeats), no extra warming"
13670,25.6005,-80.1022,5,6.396,13.55,0.6771,0.8,0.2,0.9965,3.3857,0.6723,very high (3+ yrs),"recent-climate (2021-2025 repeats), no extra warming"
13674,25.625,-80.0995,5,5.922,13.67,0.6291,0.6,0.2,0.993,3.1455,0.6723,very high (3+ yrs),"recent-climate (2021-2025 repeats), no extra warming"
13675,25.6276,-80.0951,5,5.922,13.67,0.6291,0.6,0.2,0.993,3.1455,0.6723,very high (3+ yrs),"recent-climate (2021-2025 repeats), no extra warming"
13676,25.6303,-80.098,5,5.922,13.67,0.6291,0.6,0.2,0.993,3.1455,0.6723,very high (3+ yrs),"recent-climate (2021-2025 repeats), no extra warming"
13678,25.6434,-80.0971,5,5.922,13.67,0.6291,0.6,0.2,0.993,3.1455,0.6723,very high (3+ yrs),"recent-climate (2021-2025 repeats), no extra warming"
13680,25.6506,-80.0964,5,5.668,13.09,0.6205,0.6,0.2,0.9921,3.1027,0.6723,very high (3+ yrs),"recent-climate (2021-2025 repeats), no extra warming"
13681,25.6518,-80.0946,5,5.668,13.09,0.6205,0.6,0.2,0.9921,3.1027,0.6723,very high (3+ yrs),"recent-climate (2021-2025 repeats), no extra warming"
13683,25.6601,-80.0968,5,5.668,13.09,0.6205,0.6,0.2,0.9921,3.1027,0.6723,very high (3+ yrs),"recent-climate (2021-2025 repeats), no extra warming"
13685,25.6682,-80.0987,5,5.668,13.09,0.6205,0.6,0.2,0.9921,3.1027,0.6723,very high (3+ yrs),"recent-climate (2021-2025 repeats), no extra warming"
13687,25.6726,-80.0884,5,5.668,13.09,0.6205,0.6,0.2,0.9921,3.1027,0.6723,very high (3+ yrs),"recent-climate (2021-2025 repeats), no extra warming"
13688,25.6741,-80.0942,5,5.668,13.09,0.6205,0.6,0.2,0.9921,3.1027,0.6723,very high (3+ yrs),"recent-climate (2021-2025 repeats), no extra warming"
13689,25.6749,-80.0984,5,5.668,13.09,0.6205,0.6,0.2,0.9921,3.1027,0.6723,very high (3+ yrs),"recent-climate (2021-2025 repeats), no extra warming"
13693,25.6772,-80.0976,5,5.668,13.09,0.6205,0.6,0.2,0.9921,3.1027,0.6723,very high (3+ yrs),"recent-climate (2021-2025 repeats), no extra warming"
13696,25.6785,-80.1186,5,5.98,12.59,0.6618,0.6,0.2,0.9956,3.3092,0.6723,very high (3+ yrs),"recent-climate (2021-2025 repeats), no extra warming"
13699,25.683,-80.1,5,5.668,13.09,0.6205,0.6,0.2,0.9921,3.1027,0.6723,very high (3+ yrs),"recent-climate (2021-2025 repeats), no extra warming"
13700,25.6908,-80.0976,5,5.668,13.09,0.6205,0.6,0.2,0.9921,3.1027,0.6723,very high (3+ yrs),"recent-climate (2021-2025 repeats), no extra warming"
13701,25.6921,-80.0964,5,5.668,13.09,0.6205,0.6,0.2,0.9921,3.1027,0.6723,very high (3+ yrs),"recent-climate (2021-2025 repeats), no extra warming"
13703,25.6959,-80.0974,5,5.668,13.09,0.6205,0.6,0.2,0.9921,3.1027,0.6723,very high (3+ yrs),"recent-climate (2021-2025 repeats), no extra warming"
13705,25.7003,-80.0969,5,5.328,12.31,0.6021,0.6,0.2,0.99,3.0107,0.6723,very high (3+ yrs),"recent-climate (2021-2025 repeats), no extra warming"
13707,25.7016,-80.102,5,5.326,11.85,0.6151,0.6,0.2,0.9916,3.0755,0.6723,very high (3+ yrs),"recent-climate (2021-2025 repeats), no extra warming"
13709,25.7048,-80.0979,5,5.328,12.31,0.6021,0.6,0.2,0.99,3.0107,0.6723,very high (3+ yrs),"recent-climate (2021-2025 repeats), no extra warming"
13710,25.7158,-80.0982,5,5.328,12.31,0.6021,0.6,0.2,0.99,3.0107,0.6723,very high (3+ yrs),"recent-climate (2021-2025 repeats), no extra warming"
13712,25.7261,-80.0986,5,5.328,12.31,0.6021,0.6,0.2,0.99,3.0107,0.6723,very high (3+ yrs),"recent-climate (2021-2025 repeats), no extra warming"
13715,25.7332,-80.0893,5,5.328,12.31,0.6021,0.6,0.2,0.99,3.0107,0.6723,very high (3+ yrs),"recent-climate (2021-2025 repeats), no extra warming"
13716,25.7351,-80.1142,5,5.326,11.85,0.6151,0.6,0.2,0.9916,3.0755,0.6723,very high (3+ yrs),"recent-climate (2021-2025 repeats), no extra warming"
13718,25.7374,-80.1161,5,5.326,11.85,0.6151,0.6,0.2,0.9916,3.0755,0.6723,very high (3+ yrs),"recent-climate (2021-2025 repeats), no extra warming"
13719,25.746,-80.1201,5,5.326,11.85,0.6151,0.6,0.2,0.9916,3.0755,0.6723,very high (3+ yrs),"recent-climate (2021-2025 repeats), no extra warming"
13722,25.75,-80.1056,5,5.062,11.35,0.6002,0.4,0.2,0.9898,3.0008,0.6723,very high (3+ yrs),"recent-climate (2021-2025 repeats), no extra warming"
13725,25.7515,-80.1316,5,5.062,11.35,0.6002,0.4,0.2,0.9898,3.0008,0.6723,very high (3+ yrs),"recent-climate (2021-2025 repeats), no extra warming"
13728,25.76,-80.1307,5,5.062,11.35,0.6002,0.4,0.2,0.9898,3.0008,0.6723,very high (3+ yrs),"recent-climate (2021-2025 repeats), no extra warming"
13729,25.764,-80.0963,5,5.064,11.87,0.5857,0.6,0.2,0.9878,2.9285,0.6723,high (2-3 yrs),"recent-climate (2021-2025 repeats), no extra warming"
13730,25.7657,-80.099,5,5.064,11.87,0.5857,0.6,0.2,0.9878,2.9285,0.6723,high (2-3 yrs),"recent-climate (2021-2025 repeats), no extra warming"
13731,25.7684,-80.089,5,5.064,11.87,0.5857,0.6,0.2,0.9878,2.9285,0.6723,high (2-3 yrs),"recent-climate (2021-2025 repeats), no extra warming"
13733,25.7709,-80.0968,5,5.064,11.87,0.5857,0.6,0.2,0.9878,2.9285,0.6723,high (2-3 yrs),"recent-climate (2021-2025 repeats), no extra warming"
13734,25.7738,-80.088,5,5.064,11.87,0.5857,0.6,0.2,0.9878,2.9285,0.6723,high (2-3 yrs),"recent-climate (2021-2025 repeats), no extra warming"
13736,25.7778,-80.1116,5,5.062,11.35,0.6002,0.4,0.2,0.9898,3.0008,0.6723,very high (3+ yrs),"recent-climate (2021-2025 repeats), no extra warming"
13738,25.7792,-80.0877,5,5.064,11.87,0.5857,0.6,0.2,0.9878,2.9285,0.6723,high (2-3 yrs),"recent-climate (2021-2025 repeats), no extra warming"
13739,25.7801,-80.0889,5,5.064,11.87,0.5857,0.6,0.2,0.9878,2.9285,0.6723,high (2-3 yrs),"recent-climate (2021-2025 repeats), no extra warming"
13740,25.7802,-80.0877,5,5.064,11.87,0.5857,0.6,0.2,0.9878,2.9285,0.6723,high (2-3 yrs),"recent-climate (2021-2025 repeats), no extra warming"
13741,25.7817,-80.0877,5,5.064,11.87,0.5857,0.6,0.2,0.9878,2.9285,0.6723,high (2-3 yrs),"recent-climate (2021-2025 repeats), no extra warming"
13750,25.7958,-80.0979,5,5.064,11.87,0.5857,0.6,0.2,0.9878,2.9285,0.6723,high (2-3 yrs),"recent-climate (2021-2025 repeats), no extra warming"
13751,25.7965,-80.1038,5,5.062,11.35,0.6002,0.4,0.2,0.9898,3.0008,0.6723,very high (3+ yrs),"recent-climate (2021-2025 repeats), no extra warming"
13756,25.8039,-80.105,5,4.938,11.14,0.5911,0.4,0.2,0.9886,2.9557,0.6723,high (2-3 yrs),"recent-climate (2021-2025 repeats), no extra warming"
13758,25.8088,-80.1119,5,4.938,11.14,0.5911,0.4,0.2,0.9886,2.9557,0.6723,high (2-3 yrs),"recent-climate (2021-2025 repeats), no extra warming"
13759,25.8094,-80.1099,5,4.938,11.14,0.5911,0.4,0.2,0.9886,2.9557,0.6723,high (2-3 yrs),"recent-climate (2021-2025 repeats), no extra warming"
13762,25.8142,-80.0905,5,4.828,11.62,0.5719,0.4,0.2,0.9856,2.8594,0.6723,high (2-3 yrs),"recent-climate (2021-2025 repeats), no extra warming"
13764,25.8175,-80.0902,5,4.828,11.62,0.5719,0.4,0.2,0.9856,2.8594,0.6723,high (2-3 yrs),"recent-climate (2021-2025 repeats), no extra warming"
13766,25.8226,-80.0906,5,4.828,11.62,0.5719,0.4,0.2,0.9856,2.8594,0.6723,high (2-3 yrs),"recent-climate (2021-2025 repeats), no extra warming"
13768,25.8249,-80.0905,5,4.828,11.62,0.5719,0.4,0.2,0.9856,2.8594,0.6723,high (2-3 yrs),"recent-climate (2021-2025 repeats), no extra warming"
13773,25.8292,-80.092,5,4.828,11.62,0.5719,0.4,0.2,0.9856,2.8594,0.6723,high (2-3 yrs),"recent-climate (2021-2025 repeats), no extra warming"
13778,25.8354,-80.0889,5,4.828,11.62,0.5719,0.4,0.2,0.9856,2.8594,0.6723,high (2-3 yrs),"recent-climate (2021-2025 repeats), no extra warming"
13779,25.8371,-80.1054,5,4.938,11.14,0.5911,0.4,0.2,0.9886,2.9557,0.6723,high (2-3 yrs),"recent-climate (2021-2025 repeats), no extra warming"
13786,25.842,-80.0951,5,4.828,11.62,0.5719,0.4,0.2,0.9856,2.8594,0.6723,high (2-3 yrs),"recent-climate (2021-2025 repeats), no extra warming"
13790,25.8421,-80.0881,5,4.828,11.62,0.5719,0.4,0.2,0.9856,2.8594,0.6723,high (2-3 yrs),"recent-climate (2021-2025 repeats), no extra warming"
13792,25.8422,-80.104,5,4.938,11.14,0.5911,0.4,0.2,0.9886,2.9557,0.6723,high (2-3 yrs),"recent-climate (2021-2025 repeats), no extra warming"
13794,25.8423,-80.1042,5,4.938,11.14,0.5911,0.4,0.2,0.9886,2.9557,0.6723,high (2-3 yrs),"recent-climate (2021-2025 repeats), no extra warming"
13799,25.847,-80.0994,5,4.828,11.62,0.5719,0.4,0.2,0.9856,2.8594,0.6723,high (2-3 yrs),"recent-climate (2021-2025 repeats), no extra warming"
13800,25.8472,-80.1041,5,4.938,11.14,0.5911,0.4,0.2,0.9886,2.9557,0.6723,high (2-3 yrs),"recent-climate (2021-2025 repeats), no extra warming"
13803,25.8492,-80.1043,5,4.938,11.14,0.5911,0.4,0.2,0.9886,2.9557,0.6723,high (2-3 yrs),"recent-climate (2021-2025 repeats), no extra warming"
13805,25.8508,-80.109,5,4.73,10.84,0.5769,0.4,0.2,0.9864,2.8843,0.6723,high (2-3 yrs),"recent-climate (2021-2025 repeats), no extra warming"
13818,25.8638,-80.1087,5,4.73,10.84,0.5769,0.4,0.2,0.9864,2.8843,0.6723,high (2-3 yrs),"recent-climate (2021-2025 repeats), no extra warming"
13825,25.8759,-80.0992,5,4.812,11.62,0.5711,0.4,0.2,0.9855,2.8555,0.6723,high (2-3 yrs),"recent-climate (2021-2025 repeats), no extra warming"
13827,25.8804,-80.1011,5,4.73,10.84,0.5769,0.4,0.2,0.9864,2.8843,0.6723,high (2-3 yrs),"recent-climate (2021-2025 repeats), no extra warming"
13828,25.8825,-80.1008,5,4.73,10.84,0.5769,0.4,0.2,0.9864,2.8843,0.6723,high (2-3 yrs),"recent-climate (2021-2025 repeats), no extra warming"
13829,25.8826,-80.1139,5,4.73,10.84,0.5769,0.4,0.2,0.9864,2.8843,0.6723,high (2-3 yrs),"recent-climate (2021-2025 repeats), no extra warming"
13832,25.885,-80.112,5,4.73,10.84,0.5769,0.4,0.2,0.9864,2.8843,0.6723,high (2-3 yrs),"recent-climate (2021-2025 repeats), no extra warming"
13835,25.8874,-80.0953,5,4.812,11.62,0.5711,0.4,0.2,0.9855,2.8555,0.6723,high (2-3 yrs),"recent-climate (2021-2025 repeats), no extra warming"
13836,25.8878,-80.1174,5,4.73,10.84,0.5769,0.4,0.2,0.9864,2.8843,0.6723,high (2-3 yrs),"recent-climate (2021-2025 repeats), no extra warming"
13839,25.8906,-80.1008,5,4.73,10.84,0.5769,0.4,0.2,0.9864,2.8843,0.6723,high (2-3 yrs),"recent-climate (2021-2025 repeats), no extra warming"
13841,25.8929,-80.1043,5,4.73,10.84,0.5769,0.4,0.2,0.9864,2.8843,0.6723,high (2-3 yrs),"recent-climate (2021-2025 repeats), no extra warming"
13842,25.8931,-80.108,5,4.73,10.84,0.5769,0.4,0.2,0.9864,2.8843,0.6723,high (2-3 yrs),"recent-climate (2021-2025 repeats), no extra warming"
13846,25.8996,-80.1087,5,4.73,10.84,0.5769,0.4,0.2,0.9864,2.8843,0.6723,high (2-3 yrs),"recent-climate (2021-2025 repeats), no extra warming"
13847,25.9021,-80.1,5,4.69,11.27,0.5677,0.4,0.2,0.9849,2.8387,0.6723,high (2-3 yrs),"recent-climate (2021-2025 repeats), no extra warming"
13852,25.9087,-80.0863,5,4.69,11.27,0.5677,0.4,0.2,0.9849,2.8387,0.6723,high (2-3 yrs),"recent-climate (2021-2025 repeats), no extra warming"
13853,25.9107,-80.1004,5,4.622,10.61,0.5745,0.4,0.2,0.986,2.8724,0.6723,high (2-3 yrs),"recent-climate (2021-2025 repeats), no extra warming"
13854,25.9149,-80.0936,5,4.69,11.27,0.5677,0.4,0.2,0.9849,2.8387,0.6723,high (2-3 yrs),"recent-climate (2021-2025 repeats), no extra warming"
13855,25.9156,-80.1029,5,4.622,10.61,0.5745,0.4,0.2,0.986,2.8724,0.6723,high (2-3 yrs),"recent-climate (2021-2025 repeats), no extra warming"
13856,25.9175,-80.1068,5,4.622,10.61,0.5745,0.4,0.2,0.986,2.8724,0.6723,high (2-3 yrs),"recent-climate (2021-2025 repeats), no extra warming"
13861,25.9254,-80.104,5,4.622,10.61,0.5745,0.4,0.2,0.986,2.8724,0.6723,high (2-3 yrs),"recent-climate (2021-2025 repeats), no extra warming"
13864,25.9288,-80.1102,5,4.622,10.61,0.5745,0.4,0.2,0.986,2.8724,0.6723,high (2-3 yrs),"recent-climate (2021-2025 repeats), no extra warming"
13871,25.9398,-80.1162,5,4.622,10.61,0.5745,0.4,0.2,0.986,2.8724,0.6723,high (2-3 yrs),"recent-climate (2021-2025 repeats), no extra warming"
13874,25.9436,-80.0969,5,4.69,11.27,0.5677,0.4,0.2,0.9849,2.8387,0.6723,high (2-3 yrs),"recent-climate (2021-2025 repeats), no extra warming"
13875,25.9437,-80.0969,5,4.69,11.27,0.5677,0.4,0.2,0.9849,2.8387,0.6723,high (2-3 yrs),"recent-climate (2021-2025 repeats), no extra warming"
13876,25.9439,-80.1133,5,4.622,10.61,0.5745,0.4,0.2,0.986,2.8724,0.6723,high (2-3 yrs),"recent-climate (2021-2025 repeats), no extra warming"
13877,25.9463,-80.1026,5,4.622,10.61,0.5745,0.4,0.2,0.986,2.8724,0.6723,high (2-3 yrs),"recent-climate (2021-2025 repeats), no extra warming"
13879,25.9501,-80.101,5,4.424,10.37,0.5592,0.4,0.2,0.9834,2.7961,0.6723,high (2-3 yrs),"recent-climate (2021-2025 repeats), no extra warming"
13880,25.9516,-80.1091,5,4.424,10.37,0.5592,0.4,0.2,0.9834,2.7961,0.6723,high (2-3 yrs),"recent-climate (2021-2025 repeats), no extra warming"
13881,25.9516,-80.1091,5,4.424,10.37,0.5592,0.4,0.2,0.9834,2.7961,0.6723,high (2-3 yrs),"recent-climate (2021-2025 repeats), no extra warming"
13882,25.9518,-80.0996,5,4.67,11.23,0.567,0.4,0.2,0.9848,2.8351,0.6723,high (2-3 yrs),"recent-climate (2021-2025 repeats), no extra warming"
13884,25.9585,-80.0938,5,4.67,11.23,0.567,0.4,0.2,0.9848,2.8351,0.6723,high (2-3 yrs),"recent-climate (2021-2025 repeats), no extra warming"
13885,25.9585,-80.0938,5,4.67,11.23,0.567,0.4,0.2,0.9848,2.8351,0.6723,high (2-3 yrs),"recent-climate (2021-2025 repeats), no extra warming"
13886,25.9592,-80.0989,5,4.67,11.23,0.567,0.4,0.2,0.9848,2.8351,0.6723,high (2-3 yrs),"recent-climate (2021-2025 repeats), no extra warming"
13890,25.9629,-80.1032,5,4.424,10.37,0.5592,0.4,0.2,0.9834,2.7961,0.6723,high (2-3 yrs),"recent-climate (2021-2025 repeats), no extra warming"
13898,25.9716,-80.0904,5,4.67,11.23,0.567,0.4,0.2,0.9848,2.8351,0.6723,high (2-3 yrs),"recent-climate (2021-2025 repeats), no extra warming"
13899,25.9732,-80.0897,5,4.67,11.23,0.567,0.4,0.2,0.9848,2.8351,0.6723,high (2-3 yrs),"recent-climate (2021-2025 repeats), no extra warming"
13903,25.979,-80.0961,5,4.67,11.23,0.567,0.4,0.2,0.9848,2.8351,0.6723,high (2-3 yrs),"recent-climate (2021-2025 repeats), no extra warming"
13904,25.9824,-80.0954,5,4.67,11.23,0.567,0.4,0.2,0.9848,2.8351,0.6723,high (2-3 yrs),"recent-climate (2021-2025 repeats), no extra warming"
13913,25.9888,-80.0973,5,4.67,11.23,0.567,0.4,0.2,0.9848,2.8351,0.6723,high (2-3 yrs),"recent-climate (2021-2025 repeats), no extra warming"
13914,25.9914,-80.0952,5,4.67,11.23,0.567,0.4,0.2,0.9848,2.8351,0.6723,high (2-3 yrs),"recent-climate (2021-2025 repeats), no extra warming"
13919,25.9983,-80.0894,5,4.67,11.23,0.567,0.4,0.2,0.9848,2.8351,0.6723,high (2-3 yrs),"recent-climate (2021-2025 repeats), no extra warming"
13926,26.0062,-80.1127,5,4.376,10.3,0.5558,0.4,0.2,0.9827,2.779,0.6723,high (2-3 yrs),"recent-climate (2021-2025 repeats), no extra warming"
13929,26.0095,-80.1012,5,4.376,10.3,0.5558,0.4,0.2,0.9827,2.779,0.6723,high (2-3 yrs),"recent-climate (2021-2025 repeats), no extra warming"
13930,26.0097,-80.0878,5,4.656,11.17,0.5681,0.4,0.2,0.985,2.8405,0.6723,high (2-3 yrs),"recent-climate (2021-2025 repeats), no extra warming"
13942,26.0252,-80.0956,5,4.656,11.17,0.5681,0.4,0.2,0.985,2.8405,0.6723,high (2-3 yrs),"recent-climate (2021-2025 repeats), no extra warming"
13943,26.026,-80.0943,5,4.656,11.17,0.5681,0.4,0.2,0.985,2.8405,0.6723,high (2-3 yrs),"recent-climate (2021-2025 repeats), no extra warming"
13948,26.0291,-80.0883,5,4.656,11.17,0.5681,0.4,0.2,0.985,2.8405,0.6723,high (2-3 yrs),"recent-climate (2021-2025 repeats), no extra warming"
13958,26.0439,-80.1019,5,4.376,10.3,0.5558,0.4,0.2,0.9827,2.779,0.6723,high (2-3 yrs),"recent-climate (2021-2025 repeats), no extra warming"
13960,26.0467,-80.0945,5,4.656,11.17,0.5681,0.4,0.2,0.985,2.8405,0.6723,high (2-3 yrs),"recent-climate (2021-2025 repeats), no extra warming"
13963,26.0518,-80.11,5,4.466,10.43,0.5656,0.4,0.2,0.9845,2.8279,0.6723,high (2-3 yrs),"recent-climate (2021-2025 repeats), no extra warming"
13965,26.0537,-80.0948,5,4.774,11.16,0.5766,0.4,0.2,0.9864,2.883,0.6723,high (2-3 yrs),"recent-climate (2021-2025 repeats), no extra warming"
13970,26.0591,-80.0528,5,4.774,11.16,0.5766,0.4,0.2,0.9864,2.883,0.6723,high (2-3 yrs),"recent-climate (2021-2025 repeats), no extra warming"
13971,26.0594,-80.0987,5,4.774,11.16,0.5766,0.4,0.2,0.9864,2.883,0.6723,high (2-3 yrs),"recent-climate (2021-2025 repeats), no extra warming"
13974,26.061,-80.1028,5,4.466,10.43,0.5656,0.4,0.2,0.9845,2.8279,0.6723,high (2-3 yrs),"recent-climate (2021-2025 repeats), no extra warming"
13975,26.0625,-80.054,5,4.774,11.16,0.5766,0.4,0.2,0.9864,2.883,0.6723,high (2-3 yrs),"recent-climate (2021-2025 repeats), no extra warming"
13976,26.063,-80.0925,5,4.774,11.16,0.5766,0.4,0.2,0.9864,2.883,0.6723,high (2-3 yrs),"recent-climate (2021-2025 repeats), no extra warming"
13977,26.0641,-80.0932,5,4.774,11.16,0.5766,0.4,0.2,0.9864,2.883,0.6723,high (2-3 yrs),"recent-climate (2021-2025 repeats), no extra warming"
13979,26.0645,-80.0857,5,4.774,11.16,0.5766,0.4,0.2,0.9864,2.883,0.6723,high (2-3 yrs),"recent-climate (2021-2025 repeats), no extra warming"
13984,26.0693,-80.0994,5,4.774,11.16,0.5766,0.4,0.2,0.9864,2.883,0.6723,high (2-3 yrs),"recent-climate (2021-2025 repeats), no extra warming"
13986,26.0696,-80.0972,5,4.774,11.16,0.5766,0.4,0.2,0.9864,2.883,0.6723,high (2-3 yrs),"recent-climate (2021-2025 repeats), no extra warming"
13989,26.0714,-80.0961,5,4.774,11.16,0.5766,0.4,0.2,0.9864,2.883,0.6723,high (2-3 yrs),"recent-climate (2021-2025 repeats), no extra warming"
13990,26.0734,-80.0929,5,4.774,11.16,0.5766,0.4,0.2,0.9864,2.883,0.6723,high (2-3 yrs),"recent-climate (2021-2025 repeats), no extra warming"
13991,26.0745,-80.0926,5,4.774,11.16,0.5766,0.4,0.2,0.9864,2.883,0.6723,high (2-3 yrs),"recent-climate (2021-2025 repeats), no extra warming"
13996,26.0773,-80.1076,5,4.466,10.43,0.5656,0.4,0.2,0.9845,2.8279,0.6723,high (2-3 yrs),"recent-climate (2021-2025 repeats), no extra warming"
13998,26.081,-80.0956,5,4.774,11.16,0.5766,0.4,0.2,0.9864,2.883,0.6723,high (2-3 yrs),"recent-climate (2021-2025 repeats), no extra warming"
14000,26.0815,-80.0978,5,4.774,11.16,0.5766,0.4,0.2,0.9864,2.883,0.6723,high (2-3 yrs),"recent-climate (2021-2025 repeats), no extra warming"
14002,26.0829,-80.1034,5,4.466,10.43,0.5656,0.4,0.2,0.9845,2.8279,0.6723,high (2-3 yrs),"recent-climate (2021-2025 repeats), no extra warming"
14008,26.0882,-80.1012,5,4.466,10.43,0.5656,0.4,0.2,0.9845,2.8279,0.6723,high (2-3 yrs),"recent-climate (2021-2025 repeats), no extra warming"
14012,26.0917,-80.0955,5,4.774,11.16,0.5766,0.4,0.2,0.9864,2.883,0.6723,high (2-3 yrs),"recent-climate (2021-2025 repeats), no extra warming"
14013,26.0966,-80.087,5,4.774,11.16,0.5766,0.4,0.2,0.9864,2.883,0.6723,high (2-3 yrs),"recent-climate (2021-2025 repeats), no extra warming"
14014,26.0966,-80.091,5,4.774,11.16,0.5766,0.4,0.2,0.9864,2.883,0.6723,high (2-3 yrs),"recent-climate (2021-2025 repeats), no extra warming"
14020,26.1025,-80.0974,5,4.734,11.34,0.5713,0.4,0.2,0.9855,2.8567,0.6723,high (2-3 yrs),"recent-climate (2021-2025 repeats), no extra warming"
14022,26.1043,-80.0894,5,4.734,11.34,0.5713,0.4,0.2,0.9855,2.8567,0.6723,high (2-3 yrs),"recent-climate (2021-2025 repeats), no extra warming"
14023,26.108,-80.1034,5,4.474,10.31,0.567,0.4,0.2,0.9848,2.8351,0.6723,high (2-3 yrs),"recent-climate (2021-2025 repeats), no extra warming"
14024,26.1099,-80.0996,5,4.734,11.34,0.5713,0.4,0.2,0.9855,2.8567,0.6723,high (2-3 yrs),"recent-climate (2021-2025 repeats), no extra warming"
14031,26.1149,-80.0956,5,4.734,11.34,0.5713,0.4,0.2,0.9855,2.8567,0.6723,high (2-3 yrs),"recent-climate (2021-2025 repeats), no extra warming"
14032,26.1152,-80.0973,5,4.734,11.34,0.5713,0.4,0.2,0.9855,2.8567,0.6723,high (2-3 yrs),"recent-climate (2021-2025 repeats), no extra warming"
14033,26.1152,-80.0804,5,4.734,11.34,0.5713,0.4,0.2,0.9855,2.8567,0.6723,high (2-3 yrs),"recent-climate (2021-2025 repeats), no extra warming"
14036,26.1183,-80.0888,5,4.734,11.34,0.5713,0.4,0.2,0.9855,2.8567,0.6723,high (2-3 yrs),"recent-climate (2021-2025 repeats), no extra warming"
14041,26.1225,-80.091,5,4.734,11.34,0.5713,0.4,0.2,0.9855,2.8567,0.6723,high (2-3 yrs),"recent-climate (2021-2025 repeats), no extra warming"
14044,26.1271,-80.0897,5,4.734,11.34,0.5713,0.4,0.2,0.9855,2.8567,0.6723,high (2-3 yrs),"recent-climate (2021-2025 repeats), no extra warming"
14047,26.137,-80.0944,5,4.734,11.34,0.5713,0.4,0.2,0.9855,2.8567,0.6723,high (2-3 yrs),"recent-climate (2021-2025 repeats), no extra warming"
14048,26.1379,-80.0934,5,4.734,11.34,0.5713,0.4,0.2,0.9855,2.8567,0.6723,high (2-3 yrs),"recent-climate (2021-2025 repeats), no extra warming"
14060,26.1479,-80.096,5,4.734,11.34,0.5713,0.4,0.2,0.9855,2.8567,0.6723,high (2-3 yrs),"recent-climate (2021-2025 repeats), no extra warming"
14061,26.1479,-80.0959,5,4.734,11.34,0.5713,0.4,0.2,0.9855,2.8567,0.6723,high (2-3 yrs),"recent-climate (2021-2025 repeats), no extra warming"
14063,26.1483,-80.096,5,4.734,11.34,0.5713,0.4,0.2,0.9855,2.8567,0.6723,high (2-3 yrs),"recent-climate (2021-2025 repeats), no extra warming"
14064,26.1486,-80.0951,5,4.734,11.34,0.5713,0.4,0.2,0.9855,2.8567,0.6723,high (2-3 yrs),"recent-climate (2021-2025 repeats), no extra warming"
14067,26.1494,-80.0894,5,4.734,11.34,0.5713,0.4,0.2,0.9855,2.8567,0.6723,high (2-3 yrs),"recent-climate (2021-2025 repeats), no extra warming"
14068,26.1494,-80.0894,5,4.734,11.34,0.5713,0.4,0.2,0.9855,2.8567,0.6723,high (2-3 yrs),"recent-climate (2021-2025 repeats), no extra warming"
14069,26.1498,-80.0968,5,4.734,11.34,0.5713,0.4,0.2,0.9855,2.8567,0.6723,high (2-3 yrs),"recent-climate (2021-2025 repeats), no extra warming"
14070,26.1498,-80.0968,5,4.734,11.34,0.5713,0.4,0.2,0.9855,2.8567,0.6723,high (2-3 yrs),"recent-climate (2021-2025 repeats), no extra warming"
14071,26.1539,-80.082,5,4.534,10.86,0.5598,0.4,0.2,0.9835,2.7988,0.6723,high (2-3 yrs),"recent-climate (2021-2025 repeats), no extra warming"
14074,26.1559,-80.0822,5,4.534,10.86,0.5598,0.4,0.2,0.9835,2.7988,0.6723,high (2-3 yrs),"recent-climate (2021-2025 repeats), no extra warming"
14078,26.1586,-80.0773,5,4.534,10.86,0.5598,0.4,0.2,0.9835,2.7988,0.6723,high (2-3 yrs),"recent-climate (2021-2025 repeats), no extra warming"
14079,26.1586,-80.0774,5,4.534,10.86,0.5598,0.4,0.2,0.9835,2.7988,0.6723,high (2-3 yrs),"recent-climate (2021-2025 repeats), no extra warming"
14081,26.1594,-80.089,5,4.534,10.86,0.5598,0.4,0.2,0.9835,2.7988,0.6723,high (2-3 yrs),"recent-climate (2021-2025 repeats), no extra warming"
14084,26.1599,-80.0825,5,4.534,10.86,0.5598,0.4,0.2,0.9835,2.7988,0.6723,high (2-3 yrs),"recent-climate (2021-2025 repeats), no extra warming"
14085,26.16,-80.0825,5,4.534,10.86,0.5598,0.4,0.2,0.9835,2.7988,0.6723,high (2-3 yrs),"recent-climate (2021-2025 repeats), no extra warming"
14086,26.1602,-80.083,5,4.534,10.86,0.5598,0.4,0.2,0.9835,2.7988,0.6723,high (2-3 yrs),"recent-climate (2021-2025 repeats), no extra warming"
14088,26.1627,-80.0822,5,4.534,10.86,0.5598,0.4,0.2,0.9835,2.7988,0.6723,high (2-3 yrs),"recent-climate (2021-2025 repeats), no extra warming"
14092,26.1696,-80.0936,5,4.534,10.86,0.5598,0.4,0.2,0.9835,2.7988,0.6723,high (2-3 yrs),"recent-climate (2021-2025 repeats), no extra warming"
14095,26.1758,-80.0873,5,4.534,10.86,0.5598,0.4,0.2,0.9835,2.7988,0.6723,high (2-3 yrs),"recent-climate (2021-2025 repeats), no extra warming"
14097,26.1774,-80.0919,5,4.534,10.86,0.5598,0.4,0.2,0.9835,2.7988,0.6723,high (2-3 yrs),"recent-climate (2021-2025 repeats), no extra warming"
14101,26.1891,-80.0868,5,4.534,10.86,0.5598,0.4,0.2,0.9835,2.7988,0.6723,high (2-3 yrs),"recent-climate (2021-2025 repeats), no extra warming"
14103,26.1909,-80.0848,5,4.534,10.86,0.5598,0.4,0.2,0.9835,2.7988,0.6723,high (2-3 yrs),"recent-climate (2021-2025 repeats), no extra warming"
14104,26.1921,-80.0925,5,4.534,10.86,0.5598,0.4,0.2,0.9835,2.7988,0.6723,high (2-3 yrs),"recent-climate (2021-2025 repeats), no extra warming"
14108,26.1966,-80.0785,5,4.534,10.86,0.5598,0.4,0.2,0.9835,2.7988,0.6723,high (2-3 yrs),"recent-climate (2021-2025 repeats), no extra warming"
14117,26.2045,-80.0846,5,4.6,11.24,0.56,0.4,0.2,0.9835,2.8002,0.6723,high (2-3 yrs),"recent-climate (2021-2025 repeats), no extra warming"
14125,26.2117,-80.0856,5,4.6,11.24,0.56,0.4,0.2,0.9835,2.8002,0.6723,high (2-3 yrs),"recent-climate (2021-2025 repeats), no extra warming"
14126,26.2126,-80.0776,5,4.6,11.24,0.56,0.4,0.2,0.9835,2.8002,0.6723,high (2-3 yrs),"recent-climate (2021-2025 repeats), no extra warming"
14127,26.2128,-80.0899,5,4.6,11.24,0.56,0.4,0.2,0.9835,2.8002,0.6723,high (2-3 yrs),"recent-climate (2021-2025 repeats), no extra warming"
14128,26.2155,-80.0808,5,4.6,11.24,0.56,0.4,0.2,0.9835,2.8002,0.6723,high (2-3 yrs),"recent-climate (2021-2025 repeats), no extra warming"
14131,26.2191,-80.0768,5,4.6,11.24,0.56,0.4,0.2,0.9835,2.8002,0.6723,high (2-3 yrs),"recent-climate (2021-2025 repeats), no extra warming"
14133,26.2209,-80.0733,5,4.6,11.24,0.56,0.4,0.2,0.9835,2.8002,0.6723,high (2-3 yrs),"recent-climate (2021-2025 repeats), no extra warming"
14138,26.2223,-80.0771,5,4.6,11.24,0.56,0.4,0.2,0.9835,2.8002,0.6723,high (2-3 yrs),"recent-climate (2021-2025 repeats), no extra warming"
14139,26.2234,-80.0815,5,4.6,11.24,0.56,0.4,0.2,0.9835,2.8002,0.6723,high (2-3 yrs),"recent-climate (2021-2025 repeats), no extra warming"
14141,26.2252,-80.0812,5,4.6,11.24,0.56,0.4,0.2,0.9835,2.8002,0.6723,high (2-3 yrs),"recent-climate (2021-2025 repeats), no extra warming"
14144,26.2318,-80.0822,5,4.6,11.24,0.56,0.4,0.2,0.9835,2.8002,0.6723,high (2-3 yrs),"recent-climate (2021-2025 repeats), no extra warming"
14146,26.2333,-80.0754,5,4.6,11.24,0.56,0.4,0.2,0.9835,2.8002,0.6723,high (2-3 yrs),"recent-climate (2021-2025 repeats), no extra warming"
14147,26.2415,-80.0664,5,4.6,11.24,0.56,0.4,0.2,0.9835,2.8002,0.6723,high (2-3 yrs),"recent-climate (2021-2025 repeats), no extra warming"
14154,26.2504,-80.0653,5,4.496,10.83,0.5557,0.4,0.2,0.9827,2.7787,0.6723,high (2-3 yrs),"recent-climate (2021-2025 repeats), no extra warming"
14158,26.2531,-80.0722,5,4.496,10.83,0.5557,0.4,0.2,0.9827,2.7787,0.6723,high (2-3 yrs),"recent-climate (2021-2025 repeats), no extra warming"
14161,26.2606,-80.0764,5,4.496,10.83,0.5557,0.4,0.2,0.9827,2.7787,0.6723,high (2-3 yrs),"recent-climate (2021-2025 repeats), no extra warming"
14164,26.263,-80.0768,5,4.496,10.83,0.5557,0.4,0.2,0.9827,2.7787,0.6723,high (2-3 yrs),"recent-climate (2021-2025 repeats), no extra warming"
14168,26.2904,-80.0746,5,4.496,10.83,0.5557,0.4,0.2,0.9827,2.7787,0.6723,high (2-3 yrs),"recent-climate (2021-2025 repeats), no extra warming"
14169,26.2939,-80.0687,5,4.496,10.83,0.5557,0.4,0.2,0.9827,2.7787,0.6723,high (2-3 yrs),"recent-climate (2021-2025 repeats), no extra warming"
14172,26.3011,-80.0609,5,4.638,11.35,0.561,0.4,0.2,0.9837,2.8048,0.6723,high (2-3 yrs),"recent-climate (2021-2025 repeats), no extra warming"
14173,26.3019,-80.0682,5,4.638,11.35,0.561,0.4,0.2,0.9837,2.8048,0.6723,high (2-3 yrs),"recent-climate (2021-2025 repeats), no extra warming"
14174,26.3028,-80.0678,5,4.638,11.35,0.561,0.4,0.2,0.9837,2.8048,0.6723,high (2-3 yrs),"recent-climate (2021-2025 repeats), no extra warming"
14175,26.303,-80.0746,5,4.638,11.35,0.561,0.4,0.2,0.9837,2.8048,0.6723,high (2-3 yrs),"recent-climate (2021-2025 repeats), no extra warming"
14179,26.3079,-80.0655,5,4.638,11.35,0.561,0.4,0.2,0.9837,2.8048,0.6723,high (2-3 yrs),"recent-climate (2021-2025 repeats), no extra warming"
14186,26.3183,-80.0655,5,4.638,11.35,0.561,0.4,0.2,0.9837,2.8048,0.6723,high (2-3 yrs),"recent-climate (2021-2025 repeats), no extra warming"
14193,26.3516,-80.0552,5,4.642,11.41,0.5607,0.4,0.2,0.9836,2.8037,0.6723,high (2-3 yrs),"recent-climate (2021-2025 repeats), no extra warming"
14197,26.363,-80.0616,5,4.642,11.41,0.5607,0.4,0.2,0.9836,2.8037,0.6723,high (2-3 yrs),"recent-climate (2021-2025 repeats), no extra warming"
14201,26.389,-80.0538,5,4.642,11.41,0.5607,0.4,0.2,0.9836,2.8037,0.6723,high (2-3 yrs),"recent-climate (2021-2025 repeats), no extra warming"
14203,26.4228,-80.0498,5,4.864,12.26,0.567,0.4,0.2,0.9848,2.8349,0.6723,high (2-3 yrs),"recent-climate (2021-2025 repeats), no extra warming"
14209,26.4538,-80.0461,5,4.908,12.23,0.5727,0.6,0.2,0.9858,2.8636,0.6723,high (2-3 yrs),"recent-climate (2021-2025 repeats), no extra warming"
14219,26.523,-80.0341,5,4.818,11.89,0.5712,0.6,0.2,0.9855,2.8558,0.6723,high (2-3 yrs),"recent-climate (2021-2025 repeats), no extra warming"
14223,26.5516,-80.0304,5,4.67,11.67,0.5603,0.4,0.2,0.9836,2.8017,0.6723,high (2-3 yrs),"recent-climate (2021-2025 repeats), no extra warming"
14224,26.5594,-80.0283,5,4.67,11.67,0.5603,0.4,0.2,0.9836,2.8017,0.6723,high (2-3 yrs),"recent-climate (2021-2025 repeats), no extra warming"
14225,26.5688,-80.028,5,4.67,11.67,0.5603,0.4,0.2,0.9836,2.8017,0.6723,high (2-3 yrs),"recent-climate (2021-2025 repeats), no extra warming"
14227,26.5706,-80.027,5,4.67,11.67,0.5603,0.4,0.2,0.9836,2.8017,0.6723,high (2-3 yrs),"recent-climate (2021-2025 repeats), no extra warming"
14233,26.6419,-80.0208,5,4.57,11.7,0.5505,0.4,0.2,0.9817,2.7526,0.6723,high (2-3 yrs),"recent-climate (2021-2025 repeats), no extra warming"
14235,26.6508,-80.0206,5,4.314,11.11,0.5397,0.4,0.2,0.9793,2.6984,0.6723,high (2-3 yrs),"recent-climate (2021-2025 repeats), no extra warming"
14240,26.6675,-80.0316,5,4.314,11.11,0.5397,0.4,0.2,0.9793,2.6984,0.6723,high (2-3 yrs),"recent-climate (2021-2025 repeats), no extra warming"
14241,26.6746,-80.0186,5,4.314,11.11,0.5397,0.4,0.2,0.9793,2.6984,0.6723,high (2-3 yrs),"recent-climate (2021-2025 repeats), no extra warming"
14242,26.6789,-80.0181,5,4.314,11.11,0.5397,0.4,0.2,0.9793,2.6984,0.6723,high (2-3 yrs),"recent-climate (2021-2025 repeats), no extra warming"
14252,26.6894,-80.0195,5,4.314,11.11,0.5397,0.4,0.2,0.9793,2.6984,0.6723,high (2-3 yrs),"recent-climate (2021-2025 repeats), no extra warming"
14256,26.6986,-80.0304,5,4.314,11.11,0.5397,0.4,0.2,0.9793,2.6984,0.6723,high (2-3 yrs),"recent-climate (2021-2025 repeats), no extra warming"
14257,26.6988,-80.0308,5,4.314,11.11,0.5397,0.4,0.2,0.9793,2.6984,0.6723,high (2-3 yrs),"recent-climate (2021-2025 repeats), no extra warming"
14258,26.6988,-80.0176,5,4.314,11.11,0.5397,0.4,0.2,0.9793,2.6984,0.6723,high (2-3 yrs),"recent-climate (2021-2025 repeats), no extra warming"
14259,26.701,-80.0171,5,4.208,10.96,0.533,0.4,0.2,0.9778,2.6649,0.6723,high (2-3 yrs),"recent-climate (2021-2025 repeats), no extra warming"
14263,26.7056,-80.0165,5,4.208,10.96,0.533,0.4,0.2,0.9778,2.6649,0.6723,high (2-3 yrs),"recent-climate (2021-2025 repeats), no extra warming"
14269,26.7103,-80.0299,5,4.208,10.96,0.533,0.4,0.2,0.9778,2.6649,0.6723,high (2-3 yrs),"recent-climate (2021-2025 repeats), no extra warming"
14272,26.7134,-80.029,5,4.208,10.96,0.533,0.4,0.2,0.9778,2.6649,0.6723,high (2-3 yrs),"recent-climate (2021-2025 repeats), no extra warming"
14274,26.7162,-80.0292,5,4.208,10.96,0.533,0.4,0.2,0.9778,2.6649,0.6723,high (2-3 yrs),"recent-climate (2021-2025 repeats), no extra warming"
14275,26.7164,-80.0188,5,4.208,10.96,0.533,0.4,0.2,0.9778,2.6649,0.6723,high (2-3 yrs),"recent-climate (2021-2025 repeats), no extra warming"
14277,26.72,-80.0311,5,4.208,10.96,0.533,0.4,0.2,0.9778,2.6649,0.6723,high (2-3 yrs),"recent-climate (2021-2025 repeats), no extra warming"
14284,26.727,-80.0321,5,4.208,10.96,0.533,0.4,0.2,0.9778,2.6649,0.6723,high (2-3 yrs),"recent-climate (2021-2025 repeats), no extra warming"
14286,26.7363,-80.0188,5,4.208,10.96,0.533,0.4,0.2,0.9778,2.6649,0.6723,high (2-3 yrs),"recent-climate (2021-2025 repeats), no extra warming"
14293,27.1057,-80.1206,5,2.49,4.55,0.4547,0.2,0.0,0.9518,2.2736,0.0,high (2-3 yrs),"recent-climate (2021-2025 repeats), no extra warming"
14294,27.1058,-80.1282,5,2.49,4.55,0.4547,0.2,0.0,0.9518,2.2736,0.0,high (2-3 yrs),"recent-climate (2021-2025 repeats), no extra warming"
14298,27.1082,-80.1233,5,2.49,4.55,0.4547,0.2,0.0,0.9518,2.2736,0.0,high (2-3 yrs),"recent-climate (2021-2025 repeats), no extra warming"
14301,27.1118,-80.1231,5,2.49,4.55,0.4547,0.2,0.0,0.9518,2.2736,0.0,high (2-3 yrs),"recent-climate (2021-2025 repeats), no extra warming"
14308,27.1148,-80.1359,5,2.49,4.55,0.4547,0.2,0.0,0.9518,2.2736,0.0,high (2-3 yrs),"recent-climate (2021-2025 repeats), no extra warming"
14309,27.1157,-80.1288,5,2.49,4.55,0.4547,0.2,0.0,0.9518,2.2736,0.0,high (2-3 yrs),"recent-climate (2021-2025 repeats), no extra warming"
14313,27.1239,-80.1368,5,2.49,4.55,0.4547,0.2,0.0,0.9518,2.2736,0.0,high (2-3 yrs),"recent-climate (2021-2025 repeats), no extra warming"
14314,27.1263,-80.1366,5,2.49,4.55,0.4547,0.2,0.0,0.9518,2.2736,0.0,high (2-3 yrs),"recent-climate (2021-2025 repeats), no extra warming"
14316,27.1317,-80.134,5,2.49,4.55,0.4547,0.2,0.0,0.9518,2.2736,0.0,high (2-3 yrs),"recent-climate (2021-2025 repeats), no extra warming"
14319,27.1326,-80.1324,5,2.49,4.55,0.4547,0.2,0.0,0.9518,2.2736,0.0,high (2-3 yrs),"recent-climate (2021-2025 repeats), no extra warming"
14321,27.1419,-80.1357,5,2.49,4.55,0.4547,0.2,0.0,0.9518,2.2736,0.0,high (2-3 yrs),"recent-climate (2021-2025 repeats), no extra warming"
14322,27.1426,-80.1369,5,2.49,4.55,0.4547,0.2,0.0,0.9518,2.2736,0.0,high (2-3 yrs),"recent-climate (2021-2025 repeats), no extra warming"
14323,27.1518,-80.1422,5,2.666,4.86,0.4722,0.2,0.0,0.959,2.361,0.0,high (2-3 yrs),"recent-climate (2021-2025 repeats), no extra warming"
14324,27.1784,-80.1538,5,2.028,4.19,0.3953,0.2,0.0,0.9192,1.9766,0.0,moderate (1-2 yrs),"recent-climate (2021-2025 repeats), no extra warming"
15437,-8.676,115.5302,5,6.202,9.66,0.7044,0.8,0.4,0.9977,3.522,0.9222,very high (3+ yrs),"recent-climate (2021-2025 repeats), no extra warming"
15438,-8.6759,115.4395,5,6.21,11.35,0.6731,0.6,0.4,0.9963,3.3655,0.9222,very high (3+ yrs),"recent-climate (2021-2025 repeats), no extra warming"
15439,-8.6759,115.5331,5,6.202,9.66,0.7044,0.8,0.4,0.9977,3.522,0.9222,very high (3+ yrs),"recent-climate (2021-2025 repeats), no extra warming"
15440,-8.6751,115.5145,5,6.202,9.66,0.7044,0.8,0.4,0.9977,3.522,0.9222,very high (3+ yrs),"recent-climate (2021-2025 repeats), no extra warming"
15441,-8.6718,115.5031,5,6.202,9.66,0.7044,0.8,0.4,0.9977,3.522,0.9222,very high (3+ yrs),"recent-climate (2021-2025 repeats), no extra warming"
15442,-8.6646,115.468,5,6.5,10.79,0.705,0.6,0.4,0.9978,3.5252,0.9222,very high (3+ yrs),"recent-climate (2021-2025 repeats), no extra warming"
15443,-8.5601,119.6344,5,5.036,7.76,0.6777,0.8,0.0,0.9965,3.3887,0.0,very high (3+ yrs),"recent-climate (2021-2025 repeats), no extra warming"
15444,-8.5444,119.6462,5,5.68,8.49,0.7157,0.8,0.2,0.9981,3.5786,0.6723,very high (3+ yrs),"recent-climate (2021-2025 repeats), no extra warming"
15445,-8.5326,119.6438,5,5.68,8.49,0.7157,0.8,0.2,0.9981,3.5786,0.6723,very high (3+ yrs),"recent-climate (2021-2025 repeats), no extra warming"
15446,-8.3651,116.0844,5,4.012,5.96,0.606,0.4,0.0,0.9905,3.0299,0.0,very high (3+ yrs),"recent-climate (2021-2025 repeats), no extra warming"
15447,-8.3648,115.7007,5,4.5,7.62,0.613,0.8,0.0,0.9913,3.0649,0.0,very high (3+ yrs),"recent-climate (2021-2025 repeats), no extra warming"
15448,-8.3598,116.1316,5,3.848,5.73,0.5935,0.4,0.0,0.9889,2.9677,0.0,high (2-3 yrs),"recent-climate (2021-2025 repeats), no extra warming"
15449,-8.3514,116.0883,5,4.012,5.96,0.606,0.4,0.0,0.9905,3.0299,0.0,very high (3+ yrs),"recent-climate (2021-2025 repeats), no extra warming"
15450,-8.3507,116.0882,5,4.012,5.96,0.606,0.4,0.0,0.9905,3.0299,0.0,very high (3+ yrs),"recent-climate (2021-2025 repeats), no extra warming"
15451,-8.3505,116.0884,5,4.012,5.96,0.606,0.4,0.0,0.9905,3.0299,0.0,very high (3+ yrs),"recent-climate (2021-2025 repeats), no extra warming"
15452,-8.3503,115.6841,5,4.392,7.5,0.607,0.8,0.0,0.9906,3.0349,0.0,very high (3+ yrs),"recent-climate (2021-2025 repeats), no extra warming"
15453,-8.349,116.0439,5,4.13,6.24,0.612,0.4,0.0,0.9912,3.0602,0.0,very high (3+ yrs),"recent-climate (2021-2025 repeats), no extra warming"
15454,-8.3478,116.0503,5,4.006,6.17,0.6015,0.4,0.0,0.9899,3.0074,0.0,very high (3+ yrs),"recent-climate (2021-2025 repeats), no extra warming"
15455,-8.3478,116.085,5,4.006,6.17,0.6015,0.4,0.0,0.9899,3.0074,0.0,very high (3+ yrs),"recent-climate (2021-2025 repeats), no extra warming"
15456,-8.3473,116.0503,5,4.006,6.17,0.6015,0.4,0.0,0.9899,3.0074,0.0,very high (3+ yrs),"recent-climate (2021-2025 repeats), no extra warming"
15457,-8.3445,116.0629,5,4.006,6.17,0.6015,0.4,0.0,0.9899,3.0074,0.0,very high (3+ yrs),"recent-climate (2021-2025 repeats), no extra warming"
15458,-8.3439,116.0504,5,4.006,6.17,0.6015,0.4,0.0,0.9899,3.0074,0.0,very high (3+ yrs),"recent-climate (2021-2025 repeats), no extra warming"
15459,-8.343,116.0252,5,4.13,6.24,0.612,0.4,0.0,0.9912,3.0602,0.0,very high (3+ yrs),"recent-climate (2021-2025 repeats), no extra warming"
15460,-8.3426,116.0621,5,4.006,6.17,0.6015,0.4,0.0,0.9899,3.0074,0.0,very high (3+ yrs),"recent-climate (2021-2025 repeats), no extra warming"
15461,-8.3403,116.0275,5,4.13,6.24,0.612,0.4,0.0,0.9912,3.0602,0.0,very high (3+ yrs),"recent-climate (2021-2025 repeats), no extra warming"
15462,-8.3403,116.0286,5,4.13,6.24,0.612,0.4,0.0,0.9912,3.0602,0.0,very high (3+ yrs),"recent-climate (2021-2025 repeats), no extra warming"
15463,-8.3372,116.0381,5,4.13,6.24,0.612,0.4,0.0,0.9912,3.0602,0.0,very high (3+ yrs),"recent-climate (2021-2025 repeats), no extra warming"
15476,-18.4461,178.0563,5,4.182,5.98,0.6259,0.6,0.0,0.9927,3.1294,0.0,very high (3+ yrs),"recent-climate (2021-2025 repeats), no extra warming"
15477,-18.4397,178.1118,5,4.324,6.08,0.638,0.6,0.0,0.9938,3.1898,0.0,very high (3+ yrs),"recent-climate (2021-2025 repeats), no extra warming"
15478,-18.4212,178.1271,5,4.324,6.08,0.638,0.6,0.0,0.9938,3.1898,0.0,very high (3+ yrs),"recent-climate (2021-2025 repeats), no extra warming"
15479,-18.4135,178.0646,5,4.182,5.98,0.6259,0.6,0.0,0.9927,3.1294,0.0,very high (3+ yrs),"recent-climate (2021-2025 repeats), no extra warming"
15480,-18.4069,178.0658,5,4.182,5.98,0.6259,0.6,0.0,0.9927,3.1294,0.0,very high (3+ yrs),"recent-climate (2021-2025 repeats), no extra warming"
15481,-18.4063,178.1091,5,4.324,6.08,0.638,0.6,0.0,0.9938,3.1898,0.0,very high (3+ yrs),"recent-climate (2021-2025 repeats), no extra warming"
15482,-18.406,178.1088,5,4.324,6.08,0.638,0.6,0.0,0.9938,3.1898,0.0,very high (3+ yrs),"recent-climate (2021-2025 repeats), no extra warming"
15483,-18.4029,178.0995,5,4.182,5.98,0.6259,0.6,0.0,0.9927,3.1294,0.0,very high (3+ yrs),"recent-climate (2021-2025 repeats), no extra warming"
15484,-18.4021,178.1028,5,4.324,6.08,0.638,0.6,0.0,0.9938,3.1898,0.0,very high (3+ yrs),"recent-climate (2021-2025 repeats), no extra warming"
15485,-18.4019,178.0652,5,4.182,5.98,0.6259,0.6,0.0,0.9927,3.1294,0.0,very high (3+ yrs),"recent-climate (2021-2025 repeats), no extra warming"
15488,-17.9912,179.2103,5,5.2,8.12,0.6917,0.8,0.2,0.9972,3.4586,0.6723,very high (3+ yrs),"recent-climate (2021-2025 repeats), no extra warming"
15489,-17.291,178.4519,5,3.006,4.85,0.514,0.4,0.0,0.9729,2.57,0.0,high (2-3 yrs),"recent-climate (2021-2025 repeats), no extra warming"
15490,-17.1364,178.5204,5,3.878,6.66,0.5918,0.4,0.0,0.9887,2.9588,0.0,high (2-3 yrs),"recent-climate (2021-2025 repeats), no extra warming"
15491,-16.7948,179.8876,5,2.77,6.69,0.4432,0.2,0.0,0.9465,2.2158,0.0,high (2-3 yrs),"recent-climate (2021-2025 repeats), no extra warming"
15492,-16.7659,179.9498,5,2.704,6.52,0.4363,0.2,0.0,0.9431,2.1816,0.0,high (2-3 yrs),"recent-climate (2021-2025 repeats), no extra warming"
15493,-16.7659,179.9645,5,2.522,6.29,0.4197,0.2,0.0,0.9342,2.0984,0.0,high (2-3 yrs),"recent-climate (2021-2025 repeats), no extra warming"
15494,-13.3902,48.1885,5,5.164,14.29,0.5061,0.4,0.4,0.9706,2.5307,0.9222,high (2-3 yrs),"recent-climate (2021-2025 repeats), no extra warming"
15495,-13.3733,48.1804,5,5.164,14.29,0.5061,0.4,0.4,0.9706,2.5307,0.9222,high (2-3 yrs),"recent-climate (2021-2025 repeats), no extra warming"
15496,-13.3221,48.162,5,5.064,13.73,0.5024,0.4,0.4,0.9695,2.512,0.9222,high (2-3 yrs),"recent-climate (2021-2025 repeats), no extra warming"
15497,-13.3209,48.153,5,5.064,13.73,0.5024,0.4,0.4,0.9695,2.512,0.9222,high (2-3 yrs),"recent-climate (2021-2025 repeats), no extra warming"
15498,-13.3203,48.0309,5,4.838,13.42,0.4885,0.4,0.4,0.965,2.4425,0.9222,high (2-3 yrs),"recent-climate (2021-2025 repeats), no extra warming"
15499,-13.3065,48.1162,5,4.912,13.48,0.4953,0.4,0.4,0.9673,2.4766,0.9222,high (2-3 yrs),"recent-climate (2021-2025 repeats), no extra warming"
15500,-8.7948,115.5275,5,6.932,11.84,0.7165,0.6,0.4,0.9982,3.5824,0.9222,very high (3+ yrs),"recent-climate (2021-2025 repeats), no extra warming"
15501,-8.7495,115.8945,5,4.9,7.46,0.6389,0.6,0.0,0.9939,3.1944,0.0,very high (3+ yrs),"recent-climate (2021-2025 repeats), no extra warming"
15502,-8.7466,115.8924,5,4.9,7.46,0.6389,0.6,0.0,0.9939,3.1944,0.0,very high (3+ yrs),"recent-climate (2021-2025 repeats), no extra warming"
15503,-8.726,115.9101,5,4.946,7.58,0.6432,0.6,0.0,0.9942,3.2158,0.0,very high (3+ yrs),"recent-climate (2021-2025 repeats), no extra warming"
15504,-8.7116,115.9269,5,4.946,7.58,0.6432,0.6,0.0,0.9942,3.2158,0.0,very high (3+ yrs),"recent-climate (2021-2025 repeats), no extra warming"
15505,-8.7061,115.5861,5,6.652,10.36,0.7236,0.8,0.4,0.9984,3.6178,0.9222,very high (3+ yrs),"recent-climate (2021-2025 repeats), no extra warming"
15506,-8.6856,115.58,5,5.898,8.82,0.6918,0.8,0.4,0.9972,3.459,0.9222,very high (3+ yrs),"recent-climate (2021-2025 repeats), no extra warming"
15507,-8.6849,115.4656,5,6.5,10.79,0.705,0.6,0.4,0.9978,3.5252,0.9222,very high (3+ yrs),"recent-climate (2021-2025 repeats), no extra warming"
15508,-8.6847,115.4644,5,6.5,10.79,0.705,0.6,0.4,0.9978,3.5252,0.9222,very high (3+ yrs),"recent-climate (2021-2025 repeats), no extra warming"
15509,-8.6767,115.5283,5,6.202,9.66,0.7044,0.8,0.4,0.9977,3.522,0.9222,very high (3+ yrs),"recent-climate (2021-2025 repeats), no extra warming"
15510,-8.6764,115.53,5,6.202,9.66,0.7044,0.8,0.4,0.9977,3.522,0.9222,very high (3+ yrs),"recent-climate (2021-2025 repeats), no extra warming"
15511,-8.6763,115.524,5,6.202,9.66,0.7044,0.8,0.4,0.9977,3.522,0.9222,very high (3+ yrs),"recent-climate (2021-2025 repeats), no extra warming"
15512,-8.6763,115.4398,5,6.21,11.35,0.6731,0.6,0.4,0.9963,3.3655,0.9222,very high (3+ yrs),"recent-climate (2021-2025 repeats), no extra warming"
15513,-8.6762,115.5178,5,6.202,9.66,0.7044,0.8,0.4,0.9977,3.522,0.9222,very high (3+ yrs),"recent-climate (2021-2025 repeats), no extra warming"
15514,-8.6762,115.4398,5,6.21,11.35,0.6731,0.6,0.4,0.9963,3.3655,0.9222,very high (3+ yrs),"recent-climate (2021-2025 repeats), no extra warming"
15515,-8.6761,115.4398,5,6.21,11.35,0.6731,0.6,0.4,0.9963,3.3655,0.9222,very high (3+ yrs),"recent-climate (2021-2025 repeats), no extra warming"
15516,-8.676,115.4396,5,6.21,11.35,0.6731,0.6,0.4,0.9963,3.3655,0.9222,very high (3+ yrs),"recent-climate (2021-2025 repeats), no extra warming"
15517,-8.3372,116.0397,5,4.13,6.24,0.612,0.4,0.0,0.9912,3.0602,0.0,very high (3+ yrs),"recent-climate (2021-2025 repeats), no extra warming"
15518,-8.3356,115.6583,5,4.432,7.47,0.6102,0.8,0.0,0.991,3.0511,0.0,very high (3+ yrs),"recent-climate (2021-2025 repeats), no extra warming"
15519,-8.1522,115.4246,5,2.834,5.04,0.4777,0.4,0.0,0.9611,2.3886,0.0,high (2-3 yrs),"recent-climate (2021-2025 repeats), no extra warming"
15520,-8.129,115.3656,5,2.642,4.76,0.4562,0.4,0.0,0.9524,2.2809,0.0,high (2-3 yrs),"recent-climate (2021-2025 repeats), no extra warming"
15521,-8.125,115.3534,5,2.642,4.76,0.4562,0.4,0.0,0.9524,2.2809,0.0,high (2-3 yrs),"recent-climate (2021-2025 repeats), no extra warming"
15522,-4.6022,130.0494,5,6.742,8.98,0.7786,0.8,0.4,0.9995,3.8929,0.9222,very high (3+ yrs),"recent-climate (2021-2025 repeats), no extra warming"
15523,-4.5922,130.0292,5,6.388,8.36,0.7645,0.8,0.4,0.9993,3.8224,0.9222,very high (3+ yrs),"recent-climate (2021-2025 repeats), no extra warming"
15524,-4.5792,129.4553,5,6.858,7.8,0.7973,1.0,0.0,0.9997,3.9865,0.0,very high (3+ yrs),"recent-climate (2021-2025 repeats), no extra warming"
15525,-4.5633,129.87,5,5.486,6.9,0.7295,0.8,0.0,0.9986,3.6473,0.0,very high (3+ yrs),"recent-climate (2021-2025 repeats), no extra warming"
15526,-4.5542,129.8606,5,5.486,6.9,0.7295,0.8,0.0,0.9986,3.6473,0.0,very high (3+ yrs),"recent-climate (2021-2025 repeats), no extra warming"
15527,-4.5498,129.9559,5,5.59,7.36,0.7295,0.8,0.0,0.9986,3.6477,0.0,very high (3+ yrs),"recent-climate (2021-2025 repeats), no extra warming"
15528,-4.5442,129.9552,5,5.59,7.36,0.7295,0.8,0.0,0.9986,3.6477,0.0,very high (3+ yrs),"recent-climate (2021-2025 repeats), no extra warming"
15529,-4.5367,129.9538,5,5.59,7.36,0.7295,0.8,0.0,0.9986,3.6477,0.0,very high (3+ yrs),"recent-climate (2021-2025 repeats), no extra warming"
15530,-4.5281,129.9083,5,5.328,6.91,0.7195,0.8,0.0,0.9983,3.5973,0.0,very high (3+ yrs),"recent-climate (2021-2025 repeats), no extra warming"
15531,-4.528,129.7648,5,5.38,6.49,0.7268,0.8,0.0,0.9985,3.6338,0.0,very high (3+ yrs),"recent-climate (2021-2025 repeats), no extra warming"
15532,-4.5277,129.9508,5,5.59,7.36,0.7295,0.8,0.0,0.9986,3.6477,0.0,very high (3+ yrs),"recent-climate (2021-2025 repeats), no extra warming"
15533,-4.5256,129.9498,5,5.328,6.91,0.7195,0.8,0.0,0.9983,3.5973,0.0,very high (3+ yrs),"recent-climate (2021-2025 repeats), no extra warming"
15534,-4.5215,129.9453,5,5.328,6.91,0.7195,0.8,0.0,0.9983,3.5973,0.0,very high (3+ yrs),"recent-climate (2021-2025 repeats), no extra warming"
15535,-4.5175,129.9461,5,5.328,6.91,0.7195,0.8,0.0,0.9983,3.5973,0.0,very high (3+ yrs),"recent-climate (2021-2025 repeats), no extra warming"
15536,-4.5138,129.9447,5,5.328,6.91,0.7195,0.8,0.0,0.9983,3.5973,0.0,very high (3+ yrs),"recent-climate (2021-2025 repeats), no extra warming"
15537,-4.5021,129.8943,5,5.348,6.88,0.721,0.8,0.0,0.9983,3.6049,0.0,very high (3+ yrs),"recent-climate (2021-2025 repeats), no extra warming"
15538,-4.4589,130.0292,5,5.85,7.49,0.7401,0.8,0.0,0.9988,3.7005,0.0,very high (3+ yrs),"recent-climate (2021-2025 repeats), no extra warming"
15539,-4.3933,129.3458,5,6.674,8.04,0.7849,0.8,0.2,0.9995,3.9243,0.6723,very high (3+ yrs),"recent-climate (2021-2025 repeats), no extra warming"
15540,-4.3233,129.71,5,5.9,7.1,0.7488,0.8,0.0,0.999,3.744,0.0,very high (3+ yrs),"recent-climate (2021-2025 repeats), no extra warming"
15541,-0.5648,130.5193,5,7.356,9.42,0.7931,0.8,0.4,0.9996,3.9657,0.9222,very high (3+ yrs),"recent-climate (2021-2025 repeats), no extra warming"
15542,-0.5636,130.5188,5,7.356,9.42,0.7931,0.8,0.4,0.9996,3.9657,0.9222,very high (3+ yrs),"recent-climate (2021-2025 repeats), no extra warming"
15543,-0.5496,130.5248,5,8.074,10.43,0.8173,0.8,0.8,0.9998,4.0867,0.9997,very high (3+ yrs),"recent-climate (2021-2025 repeats), no extra warming"
15544,-0.548,130.5223,5,8.074,10.43,0.8173,0.8,0.8,0.9998,4.0867,0.9997,very high (3+ yrs),"recent-climate (2021-2025 repeats), no extra warming"
15545,2.4418,104.5095,5,0.988,4.34,0.222,0.2,0.0,0.715,1.11,0.0,moderate (1-2 yrs),"recent-climate (2021-2025 repeats), no extra warming"
15546,2.4728,104.508,5,1.134,4.32,0.2471,0.2,0.0,0.758,1.2354,0.0,moderate (1-2 yrs),"recent-climate (2021-2025 repeats), no extra warming"
15547,2.5163,103.9763,5,2.196,7.53,0.3436,0.2,0.0,0.8781,1.7179,0.0,moderate (1-2 yrs),"recent-climate (2021-2025 repeats), no extra warming"
15548,2.5176,103.9755,5,2.196,7.53,0.3436,0.2,0.0,0.8781,1.7179,0.0,moderate (1-2 yrs),"recent-climate (2021-2025 repeats), no extra warming"
15549,2.5194,103.9739,5,2.196,7.53,0.3436,0.2,0.0,0.8781,1.7179,0.0,moderate (1-2 yrs),"recent-climate (2021-2025 repeats), no extra warming"
15550,2.5196,103.9743,5,2.196,7.53,0.3436,0.2,0.0,0.8781,1.7179,0.0,moderate (1-2 yrs),"recent-climate (2021-2025 repeats), no extra warming"
15551,2.5232,103.9729,5,2.196,7.53,0.3436,0.2,0.0,0.8781,1.7179,0.0,moderate (1-2 yrs),"recent-climate (2021-2025 repeats), no extra warming"
15552,2.5244,103.9735,5,2.196,7.53,0.3436,0.2,0.0,0.8781,1.7179,0.0,moderate (1-2 yrs),"recent-climate (2021-2025 repeats), no extra warming"
15553,2.7261,104.2169,5,1.288,5.08,0.2568,0.2,0.0,0.7732,1.2838,0.0,moderate (1-2 yrs),"recent-climate (2021-2025 repeats), no extra warming"
15554,2.7586,104.2224,5,1.358,5.43,0.2608,0.2,0.0,0.7793,1.3039,0.0,moderate (1-2 yrs),"recent-climate (2021-2025 repeats), no extra warming"
15555,2.8127,104.2084,5,1.352,5.55,0.2576,0.2,0.0,0.7744,1.2879,0.0,moderate (1-2 yrs),"recent-climate (2021-2025 repeats), no extra warming"
15556,2.8322,104.1961,5,1.282,5.36,0.2501,0.2,0.0,0.7628,1.2504,0.0,moderate (1-2 yrs),"recent-climate (2021-2025 repeats), no extra warming"
15557,2.8481,104.1923,5,1.282,5.36,0.2501,0.2,0.0,0.7628,1.2504,0.0,moderate (1-2 yrs),"recent-climate (2021-2025 repeats), no extra warming"
15558,2.8594,104.189,5,1.468,5.69,0.2731,0.2,0.0,0.7971,1.3656,0.0,moderate (1-2 yrs),"recent-climate (2021-2025 repeats), no extra warming"
15559,2.8934,73.4032,5,1.29,5.42,0.2496,0.2,0.0,0.7621,1.2482,0.0,moderate (1-2 yrs),"recent-climate (2021-2025 repeats), no extra warming"
15560,3.3715,73.4404,5,1.15,5.45,0.2268,0.2,0.0,0.7237,1.1342,0.0,moderate (1-2 yrs),"recent-climate (2021-2025 repeats), no extra warming"
15561,3.4383,73.6004,5,1.396,5.91,0.2571,0.2,0.0,0.7737,1.2855,0.0,moderate (1-2 yrs),"recent-climate (2021-2025 repeats), no extra warming"
15562,3.447,73.5961,5,1.344,5.68,0.2538,0.2,0.0,0.7687,1.2692,0.0,moderate (1-2 yrs),"recent-climate (2021-2025 repeats), no extra warming"
15563,3.4659,73.6517,5,1.462,6.07,0.2638,0.2,0.0,0.7838,1.3191,0.0,moderate (1-2 yrs),"recent-climate (2021-2025 repeats), no extra warming"
15564,3.5133,72.9169,5,1.118,5.59,0.2191,0.2,0.0,0.7096,1.0953,0.0,moderate (1-2 yrs),"recent-climate (2021-2025 repeats), no extra warming"
15565,3.5278,72.9264,5,1.118,5.59,0.2191,0.2,0.0,0.7096,1.0953,0.0,moderate (1-2 yrs),"recent-climate (2021-2025 repeats), no extra warming"
15566,3.6048,73.5055,5,1.378,5.98,0.2515,0.2,0.0,0.7651,1.2577,0.0,moderate (1-2 yrs),"recent-climate (2021-2025 repeats), no extra warming"
15567,3.6079,72.9477,5,1.078,5.25,0.2195,0.2,0.0,0.7104,1.0976,0.0,moderate (1-2 yrs),"recent-climate (2021-2025 repeats), no extra warming"
15568,3.6196,73.3724,5,1.06,5.3,0.2159,0.2,0.0,0.7036,1.0795,0.0,moderate (1-2 yrs),"recent-climate (2021-2025 repeats), no extra warming"
15569,3.6329,73.387,5,1.06,5.3,0.2159,0.2,0.0,0.7036,1.0795,0.0,moderate (1-2 yrs),"recent-climate (2021-2025 repeats), no extra warming"
15570,3.6614,73.408,5,1.14,5.4,0.226,0.2,0.0,0.7223,1.1301,0.0,moderate (1-2 yrs),"recent-climate (2021-2025 repeats), no extra warming"
15571,3.6631,73.4203,5,1.14,5.4,0.226,0.2,0.0,0.7223,1.1301,0.0,moderate (1-2 yrs),"recent-climate (2021-2025 repeats), no extra warming"
15572,3.6654,72.8991,5,0.986,4.78,0.214,0.2,0.0,0.7,1.0701,0.0,moderate (1-2 yrs),"recent-climate (2021-2025 repeats), no extra warming"
15573,3.6776,73.4687,5,1.244,5.61,0.2383,0.2,0.0,0.7436,1.1914,0.0,moderate (1-2 yrs),"recent-climate (2021-2025 repeats), no extra warming"
15574,3.6832,73.4153,5,1.14,5.4,0.226,0.2,0.0,0.7223,1.1301,0.0,moderate (1-2 yrs),"recent-climate (2021-2025 repeats), no extra warming"
15575,3.7365,72.9818,5,1.08,5.25,0.2198,0.2,0.0,0.711,1.0992,0.0,moderate (1-2 yrs),"recent-climate (2021-2025 repeats), no extra warming"
15576,3.8367,73.3678,5,0.932,4.36,0.2126,0.2,0.0,0.6973,1.0629,0.0,moderate (1-2 yrs),"recent-climate (2021-2025 repeats), no extra warming"
15577,3.843,72.7364,5,1.064,5.02,0.2218,0.2,0.0,0.7147,1.1092,0.0,moderate (1-2 yrs),"recent-climate (2021-2025 repeats), no extra warming"
15578,3.8765,72.7049,5,1.036,5.03,0.2172,0.2,0.0,0.7061,1.0861,0.0,moderate (1-2 yrs),"recent-climate (2021-2025 repeats), no extra warming"
15579,3.8856,73.4686,5,1.01,4.61,0.2204,0.2,0.0,0.712,1.1019,0.0,moderate (1-2 yrs),"recent-climate (2021-2025 repeats), no extra warming"
15580,3.8886,73.469,5,1.01,4.61,0.2204,0.2,0.0,0.712,1.1019,0.0,moderate (1-2 yrs),"recent-climate (2021-2025 repeats), no extra warming"
15581,3.9001,73.4762,5,0.912,4.41,0.2088,0.2,0.0,0.69,1.0441,0.0,moderate (1-2 yrs),"recent-climate (2021-2025 repeats), no extra warming"
15582,3.9025,73.4418,5,0.864,4.18,0.205,0.2,0.0,0.6824,1.0249,0.0,moderate (1-2 yrs),"recent-climate (2021-2025 repeats), no extra warming"
15583,3.9037,73.4574,5,0.912,4.41,0.2088,0.2,0.0,0.69,1.0441,0.0,moderate (1-2 yrs),"recent-climate (2021-2025 repeats), no extra warming"
15584,3.9039,73.4448,5,0.864,4.18,0.205,0.2,0.0,0.6824,1.0249,0.0,moderate (1-2 yrs),"recent-climate (2021-2025 repeats), no extra warming"
15585,3.9154,72.9404,5,1.014,4.92,0.2158,0.2,0.0,0.7035,1.0792,0.0,moderate (1-2 yrs),"recent-climate (2021-2025 repeats), no extra warming"
15586,3.917,72.9333,5,1.014,4.92,0.2158,0.2,0.0,0.7035,1.0792,0.0,moderate (1-2 yrs),"recent-climate (2021-2025 repeats), no extra warming"
15587,3.9254,72.958,5,1.174,5.42,0.231,0.2,0.0,0.7311,1.155,0.0,moderate (1-2 yrs),"recent-climate (2021-2025 repeats), no extra warming"
15588,3.9262,72.9605,5,1.174,5.42,0.231,0.2,0.0,0.7311,1.155,0.0,moderate (1-2 yrs),"recent-climate (2021-2025 repeats), no extra warming"
15589,3.9337,72.9484,5,1.014,4.92,0.2158,0.2,0.0,0.7035,1.0792,0.0,moderate (1-2 yrs),"recent-climate (2021-2025 repeats), no extra warming"
15590,4.0572,72.954,5,1.274,5.77,0.2396,0.2,0.0,0.7457,1.1979,0.0,moderate (1-2 yrs),"recent-climate (2021-2025 repeats), no extra warming"
15591,4.0591,72.9422,5,1.208,5.75,0.2294,0.2,0.0,0.7282,1.1469,0.0,moderate (1-2 yrs),"recent-climate (2021-2025 repeats), no extra warming"
15592,4.1226,73.4231,5,0.668,3.34,0.1856,0.0,0.0,0.6416,0.9278,0.0,low (<1 yr),"recent-climate (2021-2025 repeats), no extra warming"
15593,4.1286,73.4564,5,0.762,3.81,0.1946,0.0,0.0,0.661,0.9728,0.0,low (<1 yr),"recent-climate (2021-2025 repeats), no extra warming"
15594,4.2016,118.6899,5,2.494,5.46,0.4391,0.2,0.0,0.9445,2.1956,0.0,high (2-3 yrs),"recent-climate (2021-2025 repeats), no extra warming"
15595,4.2181,118.6719,5,2.494,5.46,0.4391,0.2,0.0,0.9445,2.1956,0.0,high (2-3 yrs),"recent-climate (2021-2025 repeats), no extra warming"
15596,4.231,118.6349,5,2.734,6.48,0.4563,0.2,0.0,0.9525,2.2816,0.0,high (2-3 yrs),"recent-climate (2021-2025 repeats), no extra warming"
15597,4.233,73.6517,5,1.228,5.55,0.237,0.2,0.0,0.7415,1.1852,0.0,moderate (1-2 yrs),"recent-climate (2021-2025 repeats), no extra warming"
15598,4.2339,73.5324,5,0.916,4.44,0.209,0.2,0.0,0.6903,1.0448,0.0,moderate (1-2 yrs),"recent-climate (2021-2025 repeats), no extra warming"
15599,4.2348,118.6297,5,2.734,6.48,0.4563,0.2,0.0,0.9525,2.2816,0.0,high (2-3 yrs),"recent-climate (2021-2025 repeats), no extra warming"
15600,4.2422,118.6252,5,2.734,6.48,0.4563,0.2,0.0,0.9525,2.2816,0.0,high (2-3 yrs),"recent-climate (2021-2025 repeats), no extra warming"
15601,4.2487,118.6255,5,2.734,6.48,0.4563,0.2,0.0,0.9525,2.2816,0.0,high (2-3 yrs),"recent-climate (2021-2025 repeats), no extra warming"
15602,4.2497,118.6301,5,2.734,6.48,0.4563,0.2,0.0,0.9525,2.2816,0.0,high (2-3 yrs),"recent-climate (2021-2025 repeats), no extra warming"
15603,4.2656,73.0016,5,1.332,5.92,0.2458,0.2,0.0,0.756,1.229,0.0,moderate (1-2 yrs),"recent-climate (2021-2025 repeats), no extra warming"
15604,4.4886,118.8603,5,1.35,2.7,0.3027,0.0,0.0,0.8352,1.5137,0.0,moderate (1-2 yrs),"recent-climate (2021-2025 repeats), no extra warming"
15605,4.5905,118.8639,5,1.198,2.34,0.2803,0.0,0.0,0.8069,1.4014,0.0,moderate (1-2 yrs),"recent-climate (2021-2025 repeats), no extra warming"
15606,4.5941,118.8612,5,1.198,2.34,0.2803,0.0,0.0,0.8069,1.4014,0.0,moderate (1-2 yrs),"recent-climate (2021-2025 repeats), no extra warming"
15607,4.5955,118.8697,5,1.198,2.34,0.2803,0.0,0.0,0.8069,1.4014,0.0,moderate (1-2 yrs),"recent-climate (2021-2025 repeats), no extra warming"
15608,4.5962,118.8693,5,1.198,2.34,0.2803,0.0,0.0,0.8069,1.4014,0.0,moderate (1-2 yrs),"recent-climate (2021-2025 repeats), no extra warming"
15609,4.6038,118.8653,5,1.066,2.19,0.2609,0.0,0.0,0.7795,1.3047,0.0,moderate (1-2 yrs),"recent-climate (2021-2025 repeats), no extra warming"
15610,5.1912,115.1418,5,3.396,9.64,0.4532,0.4,0.2,0.9511,2.2662,0.6723,high (2-3 yrs),"recent-climate (2021-2025 repeats), no extra warming"
15611,5.7042,73.4129,5,1.174,5.71,0.2251,0.2,0.0,0.7206,1.1255,0.0,moderate (1-2 yrs),"recent-climate (2021-2025 repeats), no extra warming"
15612,5.7146,73.4019,5,1.174,5.71,0.2251,0.2,0.0,0.7206,1.1255,0.0,moderate (1-2 yrs),"recent-climate (2021-2025 repeats), no extra warming"
15613,5.7263,73.4046,5,1.174,5.71,0.2251,0.2,0.0,0.7206,1.1255,0.0,moderate (1-2 yrs),"recent-climate (2021-2025 repeats), no extra warming"
15614,5.7283,73.4171,5,1.174,5.71,0.2251,0.2,0.0,0.7206,1.1255,0.0,moderate (1-2 yrs),"recent-climate (2021-2025 repeats), no extra warming"
15615,5.7343,73.416,5,1.174,5.71,0.2251,0.2,0.0,0.7206,1.1255,0.0,moderate (1-2 yrs),"recent-climate (2021-2025 repeats), no extra warming"
15616,5.7357,73.4112,5,1.174,5.71,0.2251,0.2,0.0,0.7206,1.1255,0.0,moderate (1-2 yrs),"recent-climate (2021-2025 repeats), no extra warming"
15617,5.7944,102.8922,5,2.334,9.93,0.3032,0.2,0.2,0.8357,1.5161,0.6723,moderate (1-2 yrs),"recent-climate (2021-2025 repeats), no extra warming"
15618,5.7968,102.8996,5,2.334,9.93,0.3032,0.2,0.2,0.8357,1.5161,0.6723,moderate (1-2 yrs),"recent-climate (2021-2025 repeats), no extra warming"
15619,5.8177,103.0104,5,2.302,9.86,0.3004,0.2,0.2,0.8324,1.502,0.6723,moderate (1-2 yrs),"recent-climate (2021-2025 repeats), no extra warming"
15620,5.8851,102.7673,5,2.508,10.6,0.3115,0.2,0.2,0.8452,1.5573,0.6723,moderate (1-2 yrs),"recent-climate (2021-2025 repeats), no extra warming"
15621,5.8851,102.7648,5,2.508,10.6,0.3115,0.2,0.2,0.8452,1.5573,0.6723,moderate (1-2 yrs),"recent-climate (2021-2025 repeats), no extra warming"
15622,5.8861,102.7653,5,2.508,10.6,0.3115,0.2,0.2,0.8452,1.5573,0.6723,moderate (1-2 yrs),"recent-climate (2021-2025 repeats), no extra warming"
15623,6.5654,99.3472,5,2.016,8.5,0.2913,0.2,0.2,0.8212,1.4564,0.6723,moderate (1-2 yrs),"recent-climate (2021-2025 repeats), no extra warming"
15624,6.7076,116.3721,5,1.13,5.65,0.2197,0.2,0.0,0.7107,1.0984,0.0,moderate (1-2 yrs),"recent-climate (2021-2025 repeats), no extra warming"
15625,6.8123,117.3597,5,2.364,4.93,0.4197,0.2,0.0,0.9342,2.0984,0.0,high (2-3 yrs),"recent-climate (2021-2025 repeats), no extra warming"
15626,6.8204,117.4734,5,2.042,5.22,0.3721,0.2,0.0,0.9024,1.8607,0.0,moderate (1-2 yrs),"recent-climate (2021-2025 repeats), no extra warming"
15627,6.8234,116.8739,5,1.482,6.25,0.264,0.2,0.0,0.784,1.3198,0.0,moderate (1-2 yrs),"recent-climate (2021-2025 repeats), no extra warming"
15628,6.8556,116.8606,5,1.446,6.35,0.2552,0.2,0.0,0.7707,1.2758,0.0,moderate (1-2 yrs),"recent-climate (2021-2025 repeats), no extra warming"
15629,6.887,117.3798,5,1.81,3.77,0.3507,0.0,0.0,0.8846,1.7536,0.0,moderate (1-2 yrs),"recent-climate (2021-2025 repeats), no extra warming"
15630,6.9186,116.8485,5,1.31,6.11,0.238,0.2,0.0,0.7431,1.1899,0.0,moderate (1-2 yrs),"recent-climate (2021-2025 repeats), no extra warming"
15631,6.9318,117.3497,5,1.606,4.07,0.3216,0.2,0.0,0.8563,1.6081,0.0,moderate (1-2 yrs),"recent-climate (2021-2025 repeats), no extra warming"
15632,6.9409,117.0186,5,1.376,5.25,0.269,0.2,0.0,0.7912,1.3449,0.0,moderate (1-2 yrs),"recent-climate (2021-2025 repeats), no extra warming"
15633,6.9549,117.2784,5,1.392,4.34,0.2895,0.2,0.0,0.819,1.4476,0.0,moderate (1-2 yrs),"recent-climate (2021-2025 repeats), no extra warming"
15634,6.9558,117.01,5,1.338,5.36,0.2604,0.2,0.0,0.7787,1.3019,0.0,moderate (1-2 yrs),"recent-climate (2021-2025 repeats), no extra warming"
15635,6.9841,117.4986,5,1.376,3.12,0.2986,0.0,0.0,0.8303,1.4932,0.0,moderate (1-2 yrs),"recent-climate (2021-2025 repeats), no extra warming"
15636,7.0338,117.0735,5,1.228,4.68,0.2557,0.2,0.0,0.7716,1.2786,0.0,moderate (1-2 yrs),"recent-climate (2021-2025 repeats), no extra warming"
15637,7.0346,117.0031,5,1.254,5.37,0.2456,0.2,0.0,0.7557,1.2281,0.0,moderate (1-2 yrs),"recent-climate (2021-2025 repeats), no extra warming"
15638,7.0439,117.4652,5,1.344,3.31,0.2938,0.0,0.0,0.8244,1.4692,0.0,moderate (1-2 yrs),"recent-climate (2021-2025 repeats), no extra warming"
15639,7.052,117.3637,5,1.058,3.62,0.2459,0.0,0.0,0.7562,1.2297,0.0,moderate (1-2 yrs),"recent-climate (2021-2025 repeats), no extra warming"
15640,7.0813,117.2479,5,1.06,3.67,0.2455,0.0,0.0,0.7555,1.2276,0.0,moderate (1-2 yrs),"recent-climate (2021-2025 repeats), no extra warming"
15641,7.0815,117.0542,5,1.094,4.72,0.2322,0.2,0.0,0.7331,1.1608,0.0,moderate (1-2 yrs),"recent-climate (2021-2025 repeats), no extra warming"
15642,7.086,117.0609,5,1.094,4.72,0.2322,0.2,0.0,0.7331,1.1608,0.0,moderate (1-2 yrs),"recent-climate (2021-2025 repeats), no extra warming"
15643,7.0873,117.4705,5,1.278,3.35,0.2842,0.0,0.0,0.8121,1.4209,0.0,moderate (1-2 yrs),"recent-climate (2021-2025 repeats), no extra warming"
15644,7.0992,117.087,5,1.094,4.72,0.2322,0.2,0.0,0.7331,1.1608,0.0,moderate (1-2 yrs),"recent-climate (2021-2025 repeats), no extra warming"
15645,7.1162,117.3795,5,1.054,3.67,0.2445,0.0,0.0,0.7538,1.2224,0.0,moderate (1-2 yrs),"recent-climate (2021-2025 repeats), no extra warming"
15646,7.1192,117.5092,5,1.32,3.4,0.2912,0.0,0.0,0.821,1.4558,0.0,moderate (1-2 yrs),"recent-climate (2021-2025 repeats), no extra warming"
15647,7.1894,117.2883,5,1.138,3.83,0.2562,0.0,0.0,0.7724,1.2812,0.0,moderate (1-2 yrs),"recent-climate (2021-2025 repeats), no extra warming"
15648,7.1898,117.3702,5,1.11,3.68,0.2538,0.0,0.0,0.7686,1.269,0.0,moderate (1-2 yrs),"recent-climate (2021-2025 repeats), no extra warming"
15649,7.2088,117.4692,5,1.066,3.63,0.2471,0.0,0.0,0.7581,1.2356,0.0,moderate (1-2 yrs),"recent-climate (2021-2025 repeats), no extra warming"
15650,7.2351,117.3764,5,1.176,3.89,0.2615,0.0,0.0,0.7804,1.3076,0.0,moderate (1-2 yrs),"recent-climate (2021-2025 repeats), no extra warming"
15651,7.293,117.3683,5,1.086,3.92,0.2459,0.0,0.0,0.7561,1.2294,0.0,moderate (1-2 yrs),"recent-climate (2021-2025 repeats), no extra warming"
15652,7.3493,117.3517,5,1.004,3.97,0.2308,0.0,0.0,0.7308,1.1542,0.0,moderate (1-2 yrs),"recent-climate (2021-2025 repeats), no extra warming"
15653,7.353,117.1368,5,0.94,4.1,0.2182,0.2,0.0,0.7079,1.091,0.0,moderate (1-2 yrs),"recent-climate (2021-2025 repeats), no extra warming"
15654,7.3563,117.0547,5,1.034,4.57,0.2253,0.2,0.0,0.721,1.1267,0.0,moderate (1-2 yrs),"recent-climate (2021-2025 repeats), no extra warming"
15655,7.3574,116.9715,5,1.184,5.3,0.2353,0.2,0.0,0.7385,1.1764,0.0,moderate (1-2 yrs),"recent-climate (2021-2025 repeats), no extra warming"
15656,7.391,117.3585,5,0.916,3.83,0.2184,0.0,0.0,0.7082,1.0918,0.0,moderate (1-2 yrs),"recent-climate (2021-2025 repeats), no extra warming"
15657,10.0664,99.8415,5,2.056,7.81,0.317,0.2,0.0,0.8514,1.5851,0.0,moderate (1-2 yrs),"recent-climate (2021-2025 repeats), no extra warming"
15658,10.2556,166.2594,5,0.468,1.71,0.1629,0.0,0.0,0.5889,0.8143,0.0,low (<1 yr),"recent-climate (2021-2025 repeats), no extra warming"
15659,10.2675,166.2878,5,0.468,1.71,0.1629,0.0,0.0,0.5889,0.8143,0.0,low (<1 yr),"recent-climate (2021-2025 repeats), no extra warming"
15660,10.4262,119.1279,5,1.392,6.96,0.2309,0.2,0.0,0.7309,1.1546,0.0,moderate (1-2 yrs),"recent-climate (2021-2025 repeats), no extra warming"
15661,10.4422,119.1648,5,1.436,7.18,0.2324,0.2,0.0,0.7336,1.1622,0.0,moderate (1-2 yrs),"recent-climate (2021-2025 repeats), no extra warming"
15662,10.4437,119.1563,5,1.436,7.18,0.2324,0.2,0.0,0.7336,1.1622,0.0,moderate (1-2 yrs),"recent-climate (2021-2025 repeats), no extra warming"
15663,10.4505,119.1629,5,1.422,7.11,0.232,0.2,0.0,0.7328,1.1598,0.0,moderate (1-2 yrs),"recent-climate (2021-2025 repeats), no extra warming"
15664,10.4606,119.1556,5,1.422,7.11,0.232,0.2,0.0,0.7328,1.1598,0.0,moderate (1-2 yrs),"recent-climate (2021-2025 repeats), no extra warming"
15665,10.4638,119.0771,5,1.414,6.93,0.2349,0.2,0.0,0.7378,1.1744,0.0,moderate (1-2 yrs),"recent-climate (2021-2025 repeats), no extra warming"
15666,10.484,119.0797,5,1.414,6.93,0.2349,0.2,0.0,0.7378,1.1744,0.0,moderate (1-2 yrs),"recent-climate (2021-2025 repeats), no extra warming"
15667,10.4903,119.1511,5,1.422,7.11,0.232,0.2,0.0,0.7328,1.1598,0.0,moderate (1-2 yrs),"recent-climate (2021-2025 repeats), no extra warming"
15668,10.4933,119.1336,5,1.422,7.11,0.232,0.2,0.0,0.7328,1.1598,0.0,moderate (1-2 yrs),"recent-climate (2021-2025 repeats), no extra warming"
15669,10.5725,119.1648,5,1.282,6.12,0.2331,0.2,0.0,0.7348,1.1656,0.0,moderate (1-2 yrs),"recent-climate (2021-2025 repeats), no extra warming"
15670,10.5753,119.1761,5,1.282,6.12,0.2331,0.2,0.0,0.7348,1.1656,0.0,moderate (1-2 yrs),"recent-climate (2021-2025 repeats), no extra warming"
15671,10.5757,119.1752,5,1.282,6.12,0.2331,0.2,0.0,0.7348,1.1656,0.0,moderate (1-2 yrs),"recent-climate (2021-2025 repeats), no extra warming"
15672,10.6238,119.1629,5,1.202,5.87,0.2261,0.2,0.0,0.7223,1.1303,0.0,moderate (1-2 yrs),"recent-climate (2021-2025 repeats), no extra warming"
15673,10.7342,119.2782,5,1.152,5.76,0.2208,0.2,0.0,0.7128,1.104,0.0,moderate (1-2 yrs),"recent-climate (2021-2025 repeats), no extra warming"
15674,11.2489,-60.5504,5,11.96,21.62,0.8612,1.0,0.6,0.9999,4.3058,0.9898,very high (3+ yrs),"recent-climate (2021-2025 repeats), no extra warming"
15675,11.2554,-60.5373,5,11.986,21.67,0.8535,1.0,0.6,0.9999,4.2677,0.9898,very high (3+ yrs),"recent-climate (2021-2025 repeats), no extra warming"
15676,11.2911,-74.1937,5,9.244,15.94,0.7996,0.8,0.6,0.9997,3.9981,0.9898,very high (3+ yrs),"recent-climate (2021-2025 repeats), no extra warming"
15677,11.2943,-60.6714,5,10.848,21.65,0.8231,0.8,0.6,0.9998,4.1155,0.9898,very high (3+ yrs),"recent-climate (2021-2025 repeats), no extra warming"
15678,11.2979,-60.5089,5,11.986,21.67,0.8535,1.0,0.6,0.9999,4.2677,0.9898,very high (3+ yrs),"recent-climate (2021-2025 repeats), no extra warming"
15679,11.3003,-60.5211,5,11.956,21.71,0.8506,1.0,0.6,0.9999,4.253,0.9898,very high (3+ yrs),"recent-climate (2021-2025 repeats), no extra warming"
15680,11.301,-60.5077,5,11.956,21.71,0.8506,1.0,0.6,0.9999,4.253,0.9898,very high (3+ yrs),"recent-climate (2021-2025 repeats), no extra warming"
15681,11.3136,-74.1943,5,10.446,17.26,0.8402,1.0,0.6,0.9999,4.2012,0.9898,very high (3+ yrs),"recent-climate (2021-2025 repeats), no extra warming"
15682,11.3257,-60.5946,5,11.476,21.69,0.8396,1.0,0.6,0.9999,4.1978,0.9898,very high (3+ yrs),"recent-climate (2021-2025 repeats), no extra warming"
15683,11.3384,-60.55,5,11.956,21.71,0.8506,1.0,0.6,0.9999,4.253,0.9898,very high (3+ yrs),"recent-climate (2021-2025 repeats), no extra warming"
15684,11.3401,-60.5476,5,11.956,21.71,0.8506,1.0,0.6,0.9999,4.253,0.9898,very high (3+ yrs),"recent-climate (2021-2025 repeats), no extra warming"
15685,11.3476,124.1054,5,1.182,3.92,0.2611,0.0,0.0,0.7798,1.3055,0.0,moderate (1-2 yrs),"recent-climate (2021-2025 repeats), no extra warming"
15686,11.3515,124.1092,5,1.246,4.23,0.2659,0.2,0.0,0.7868,1.3295,0.0,moderate (1-2 yrs),"recent-climate (2021-2025 repeats), no extra warming"
15687,11.3542,-60.5276,5,12.074,21.87,0.8528,1.0,0.6,0.9999,4.2641,0.9898,very high (3+ yrs),"recent-climate (2021-2025 repeats), no extra warming"
15688,12.4506,-61.4944,5,11.706,22.03,0.8082,0.8,0.6,0.9997,4.0411,0.9898,very high (3+ yrs),"recent-climate (2021-2025 repeats), no extra warming"
15689,12.4858,-81.7024,5,12.276,21.0,0.8613,1.0,0.6,0.9999,4.3067,0.9898,very high (3+ yrs),"recent-climate (2021-2025 repeats), no extra warming"
15690,12.5052,-81.8148,5,12.464,21.07,0.8649,1.0,0.6,1.0,4.3246,0.9898,very high (3+ yrs),"recent-climate (2021-2025 repeats), no extra warming"
15691,12.5217,-81.7298,5,12.42,21.01,0.8636,1.0,0.6,1.0,4.3179,0.9898,very high (3+ yrs),"recent-climate (2021-2025 repeats), no extra warming"
15692,12.5372,-81.7359,5,12.42,21.01,0.8636,1.0,0.6,1.0,4.3179,0.9898,very high (3+ yrs),"recent-climate (2021-2025 repeats), no extra warming"
15693,12.5929,-81.7408,5,12.352,20.98,0.8614,1.0,0.6,0.9999,4.3072,0.9898,very high (3+ yrs),"recent-climate (2021-2025 repeats), no extra warming"
15694,13.3128,-81.3743,5,12.376,21.47,0.8397,0.8,0.6,0.9999,4.1984,0.9898,very high (3+ yrs),"recent-climate (2021-2025 repeats), no extra warming"
15695,13.3152,-81.3743,5,12.376,21.47,0.8397,0.8,0.6,0.9999,4.1984,0.9898,very high (3+ yrs),"recent-climate (2021-2025 repeats), no extra warming"
15696,13.3186,-81.4019,5,12.652,21.62,0.8533,0.8,0.6,0.9999,4.2667,0.9898,very high (3+ yrs),"recent-climate (2021-2025 repeats), no extra warming"
15697,13.3524,-81.4074,5,12.89,21.83,0.8543,0.8,0.8,0.9999,4.2716,0.9997,very high (3+ yrs),"recent-climate (2021-2025 repeats), no extra warming"
15698,13.9711,120.6128,5,2.278,7.88,0.3485,0.2,0.0,0.8826,1.7423,0.0,moderate (1-2 yrs),"recent-climate (2021-2025 repeats), no extra warming"
15699,13.9719,120.6116,5,2.278,7.88,0.3485,0.2,0.0,0.8826,1.7423,0.0,moderate (1-2 yrs),"recent-climate (2021-2025 repeats), no extra warming"
15700,13.9752,120.6156,5,2.278,7.88,0.3485,0.2,0.0,0.8826,1.7423,0.0,moderate (1-2 yrs),"recent-climate (2021-2025 repeats), no extra warming"
15701,13.9768,120.6077,5,2.278,7.88,0.3485,0.2,0.0,0.8826,1.7423,0.0,moderate (1-2 yrs),"recent-climate (2021-2025 repeats), no extra warming"
15702,13.9771,120.6165,5,2.278,7.88,0.3485,0.2,0.0,0.8826,1.7423,0.0,moderate (1-2 yrs),"recent-climate (2021-2025 repeats), no extra warming"
15703,13.9926,120.6187,5,2.278,7.88,0.3485,0.2,0.0,0.8826,1.7423,0.0,moderate (1-2 yrs),"recent-climate (2021-2025 repeats), no extra warming"
15704,13.9945,120.6194,5,2.278,7.88,0.3485,0.2,0.0,0.8826,1.7423,0.0,moderate (1-2 yrs),"recent-climate (2021-2025 repeats), no extra warming"
15705,14.0049,120.6161,5,2.328,8.27,0.3466,0.2,0.2,0.8809,1.7328,0.6723,moderate (1-2 yrs),"recent-climate (2021-2025 repeats), no extra warming"
15706,14.0171,120.6156,5,2.328,8.27,0.3466,0.2,0.2,0.8809,1.7328,0.6723,moderate (1-2 yrs),"recent-climate (2021-2025 repeats), no extra warming"
15707,14.457,-60.9219,5,11.75,21.38,0.7956,0.8,0.6,0.9996,3.9782,0.9898,very high (3+ yrs),"recent-climate (2021-2025 repeats), no extra warming"
15708,15.2068,-61.3492,5,11.706,20.41,0.7696,0.6,0.6,0.9994,3.8482,0.9898,very high (3+ yrs),"recent-climate (2021-2025 repeats), no extra warming"
15709,15.2349,-61.3666,5,11.57,20.43,0.7503,0.6,0.6,0.999,3.7517,0.9898,very high (3+ yrs),"recent-climate (2021-2025 repeats), no extra warming"
15710,15.2367,-61.3699,5,11.57,20.43,0.7503,0.6,0.6,0.999,3.7517,0.9898,very high (3+ yrs),"recent-climate (2021-2025 repeats), no extra warming"
15711,15.4392,-61.4458,5,11.256,20.09,0.738,0.6,0.6,0.9988,3.69,0.9898,very high (3+ yrs),"recent-climate (2021-2025 repeats), no extra warming"
15713,17.2125,-62.6548,5,10.636,20.99,0.7297,0.6,0.6,0.9986,3.6486,0.9898,very high (3+ yrs),"recent-climate (2021-2025 repeats), no extra warming"
15714,17.8935,-62.8551,5,11.042,21.42,0.761,0.8,0.6,0.9992,3.8052,0.9898,very high (3+ yrs),"recent-climate (2021-2025 repeats), no extra warming"
15715,17.9001,-62.8636,5,11.19,21.41,0.7709,0.8,0.6,0.9994,3.8546,0.9898,very high (3+ yrs),"recent-climate (2021-2025 repeats), no extra warming"
15716,18.1004,-73.9431,5,13.05,22.67,0.8541,1.0,0.6,0.9999,4.2707,0.9898,very high (3+ yrs),"recent-climate (2021-2025 repeats), no extra warming"
15717,18.4424,-69.6038,5,10.904,18.5,0.7596,0.6,0.6,0.9992,3.7979,0.9898,very high (3+ yrs),"recent-climate (2021-2025 repeats), no extra warming"
15719,18.4929,-66.3952,5,8.854,18.67,0.6601,0.6,0.6,0.9955,3.3003,0.9898,very high (3+ yrs),"recent-climate (2021-2025 repeats), no extra warming"
15724,19.7048,-156.0502,5,0.0,0.0,0.0864,0.0,0.0,0.3635,0.4319,0.0,low (<1 yr),"recent-climate (2021-2025 repeats), no extra warming"
15726,22.0854,121.5657,5,3.992,11.22,0.4937,0.4,0.2,0.9667,2.4683,0.6723,high (2-3 yrs),"recent-climate (2021-2025 repeats), no extra warming"
15727,22.6569,121.4738,5,5.778,15.19,0.5659,0.4,0.4,0.9846,2.8297,0.9222,high (2-3 yrs),"recent-climate (2021-2025 repeats), no extra warming"
15728,23.2522,119.6657,5,9.522,18.2,0.84,1.0,0.6,0.9999,4.2,0.9898,very high (3+ yrs),"recent-climate (2021-2025 repeats), no extra warming"
15729,23.2668,119.5087,5,6.776,13.85,0.7419,0.8,0.2,0.9989,3.7096,0.6723,very high (3+ yrs),"recent-climate (2021-2025 repeats), no extra warming"
15730,23.5117,119.5989,5,7.626,15.24,0.779,1.0,0.2,0.9995,3.8951,0.6723,very high (3+ yrs),"recent-climate (2021-2025 repeats), no extra warming"
15731,24.5985,54.4195,5,1.922,3.37,0.3808,0.0,0.0,0.909,1.9042,0.0,moderate (1-2 yrs),"recent-climate (2021-2025 repeats), no extra warming"
15732,25.1349,121.8267,5,6.118,15.73,0.5475,0.4,0.4,0.981,2.7375,0.9222,high (2-3 yrs),"recent-climate (2021-2025 repeats), no extra warming"
15733,25.1753,34.844,5,14.154,24.66,0.9026,1.0,0.6,1.0,4.5132,0.9898,very high (3+ yrs),"recent-climate (2021-2025 repeats), no extra warming"
15734,25.3341,34.7448,5,13.728,23.68,0.9026,1.0,0.6,1.0,4.513,0.9898,very high (3+ yrs),"recent-climate (2021-2025 repeats), no extra warming"
15735,27.922,34.3698,5,10.098,25.12,0.7658,0.8,0.6,0.9993,3.8291,0.9898,very high (3+ yrs),"recent-climate (2021-2025 repeats), no extra warming"
15736,28.477,34.5115,5,11.658,26.54,0.7923,0.8,0.6,0.9996,3.9615,0.9898,very high (3+ yrs),"recent-climate (2021-2025 repeats), no extra warming"
999410,22.3717,-73.1704,5,6.242,15.17,0.5609,0.4,0.4,0.9837,2.8044,0.9222,high (2-3 yrs),"recent-climate (2021-2025 repeats), no extra warming"
999412,22.4362,-73.0034,5,5.854,15.39,0.5334,0.4,0.4,0.9779,2.6669,0.9222,high (2-3 yrs),"recent-climate (2021-2025 repeats), no extra warming"
999413,22.4768,-73.138,5,5.998,15.45,0.5431,0.4,0.4,0.9801,2.7157,0.9222,high (2-3 yrs),"recent-climate (2021-2025 repeats), no extra warming"
999414,22.5829,-73.6324,5,6.398,15.18,0.5884,0.6,0.4,0.9882,2.9422,0.9222,high (2-3 yrs),"recent-climate (2021-2025 repeats), no extra warming"
999415,22.5846,-73.4687,5,6.322,15.77,0.5699,0.6,0.4,0.9853,2.8494,0.9222,high (2-3 yrs),"recent-climate (2021-2025 repeats), no extra warming"
999416,22.6113,-73.564,5,6.406,15.75,0.5825,0.6,0.4,0.9873,2.9126,0.9222,high (2-3 yrs),"recent-climate (2021-2025 repeats), no extra warming"
999417,22.6176,-73.6142,5,6.416,15.54,0.5876,0.6,0.4,0.9881,2.9381,0.9222,high (2-3 yrs),"recent-climate (2021-2025 repeats), no extra warming"
999418,22.6201,-73.5386,5,6.49,15.96,0.5853,0.6,0.4,0.9877,2.9264,0.9222,high (2-3 yrs),"recent-climate (2021-2025 repeats), no extra warming"
999419,22.6237,-73.6308,5,6.416,15.54,0.5876,0.6,0.4,0.9881,2.9381,0.9222,high (2-3 yrs),"recent-climate (2021-2025 repeats), no extra warming"
999420,22.6237,-73.6245,5,6.416,15.54,0.5876,0.6,0.4,0.9881,2.9381,0.9222,high (2-3 yrs),"recent-climate (2021-2025 repeats), no extra warming"
999421,22.7054,-73.8174,5,6.794,16.15,0.6105,0.6,0.4,0.991,3.0525,0.9222,very high (3+ yrs),"recent-climate (2021-2025 repeats), no extra warming"
999422,22.7537,-74.0558,5,6.166,15.75,0.5931,0.6,0.4,0.9888,2.9656,0.9222,high (2-3 yrs),"recent-climate (2021-2025 repeats), no extra warming"
999423,23.0586,-73.758,5,5.722,13.96,0.5897,0.6,0.4,0.9884,2.9487,0.9222,high (2-3 yrs),"recent-climate (2021-2025 repeats), no extra warming"
999424,23.0713,-73.7848,5,5.722,13.96,0.5897,0.6,0.4,0.9884,2.9487,0.9222,high (2-3 yrs),"recent-climate (2021-2025 repeats), no extra warming"
999425,23.0778,-73.6496,5,5.762,14.22,0.5883,0.6,0.4,0.9882,2.9414,0.9222,high (2-3 yrs),"recent-climate (2021-2025 repeats), no extra warming"
999426,23.0894,-73.8224,5,5.646,13.79,0.5866,0.6,0.4,0.9879,2.9329,0.9222,high (2-3 yrs),"recent-climate (2021-2025 repeats), no extra warming"
999427,23.0998,-73.6707,5,5.572,13.68,0.5834,0.6,0.4,0.9874,2.9169,0.9222,high (2-3 yrs),"recent-climate (2021-2025 repeats), no extra warming"
999428,23.1068,-73.7726,5,5.482,13.54,0.5761,0.6,0.2,0.9863,2.8806,0.6723,high (2-3 yrs),"recent-climate (2021-2025 repeats), no extra warming"
999483,26.5939,-78.4033,5,3.854,7.8,0.5571,0.6,0.0,0.983,2.7856,0.0,high (2-3 yrs),"recent-climate (2021-2025 repeats), no extra warming"
999485,26.5947,-78.3833,5,3.974,8.01,0.5646,0.6,0.2,0.9844,2.8232,0.6723,high (2-3 yrs),"recent-climate (2021-2025 repeats), no extra warming"
999487,26.5961,-78.3708,5,3.974,8.01,0.5646,0.6,0.2,0.9844,2.8232,0.6723,high (2-3 yrs),"recent-climate (2021-2025 repeats), no extra warming"
999488,26.5967,-78.3856,5,3.974,8.01,0.5646,0.6,0.2,0.9844,2.8232,0.6723,high (2-3 yrs),"recent-climate (2021-2025 repeats), no extra warming"
999490,26.5986,-78.3764,5,3.974,8.01,0.5646,0.6,0.2,0.9844,2.8232,0.6723,high (2-3 yrs),"recent-climate (2021-2025 repeats), no extra warming"
999506,25.3157,-78.0767,5,3.644,9.87,0.4882,0.4,0.2,0.9649,2.4412,0.6723,high (2-3 yrs),"recent-climate (2021-2025 repeats), no extra warming"
999514,25.2404,-78.0322,5,2.766,8.28,0.4066,0.2,0.2,0.9264,2.0329,0.6723,high (2-3 yrs),"recent-climate (2021-2025 repeats), no extra warming"
999530,25.357,-78.1059,5,4.366,11.17,0.55,0.4,0.2,0.9815,2.7498,0.6723,high (2-3 yrs),"recent-climate (2021-2025 repeats), no extra warming"
999531,17.8051,-77.0046,5,12.85,22.69,0.8202,0.8,0.6,0.9998,4.1008,0.9898,very high (3+ yrs),"recent-climate (2021-2025 repeats), no extra warming"
999532,17.7987,-77.004,5,12.672,22.56,0.8124,0.8,0.6,0.9998,4.0619,0.9898,very high (3+ yrs),"recent-climate (2021-2025 repeats), no extra warming"
999533,17.799,-77.0198,5,12.672,22.56,0.8124,0.8,0.6,0.9998,4.0619,0.9898,very high (3+ yrs),"recent-climate (2021-2025 repeats), no extra warming"
999535,25.3409,-78.0933,5,3.644,9.87,0.4882,0.4,0.2,0.9649,2.4412,0.6723,high (2-3 yrs),"recent-climate (2021-2025 repeats), no extra warming"
999546,25.2224,-78.0327,5,2.766,8.28,0.4066,0.2,0.2,0.9264,2.0329,0.6723,high (2-3 yrs),"recent-climate (2021-2025 repeats), no extra warming"
999721,25.2641,-78.0529,5,3.484,9.61,0.47,0.4,0.2,0.9582,2.3499,0.6723,high (2-3 yrs),"recent-climate (2021-2025 repeats), no extra warming"
999736,12.0264,-61.7644,5,12.104,22.68,0.8351,0.8,0.6,0.9999,4.1754,0.9898,very high (3+ yrs),"recent-climate (2021-2025 repeats), no extra warming"
999766,25.3138,-78.0829,5,3.644,9.87,0.4882,0.4,0.2,0.9649,2.4412,0.6723,high (2-3 yrs),"recent-climate (2021-2025 repeats), no extra warming"
999767,12.0222,-61.7897,5,12.104,22.68,0.8351,0.8,0.6,0.9999,4.1754,0.9898,very high (3+ yrs),"recent-climate (2021-2025 repeats), no extra warming"
999797,12.0338,-61.778,5,12.104,22.68,0.8351,0.8,0.6,0.9999,4.1754,0.9898,very high (3+ yrs),"recent-climate (2021-2025 repeats), no extra warming"
999820,12.0396,-61.7729,5,12.104,22.68,0.8351,0.8,0.6,0.9999,4.1754,0.9898,very high (3+ yrs),"recent-climate (2021-2025 repeats), no extra warming"
999824,25.2498,-78.0425,5,2.766,8.28,0.4066,0.2,0.2,0.9264,2.0329,0.6723,high (2-3 yrs),"recent-climate (2021-2025 repeats), no extra warming"
999845,12.0403,-61.769,5,12.104,22.68,0.8351,0.8,0.6,0.9999,4.1754,0.9898,very high (3+ yrs),"recent-climate (2021-2025 repeats), no extra warming"
999868,25.393,-78.1294,5,4.366,11.17,0.55,0.4,0.2,0.9815,2.7498,0.6723,high (2-3 yrs),"recent-climate (2021-2025 repeats), no extra warming"
999875,17.7965,-77.0695,5,13.33,23.08,0.8403,0.8,0.6,0.9999,4.2015,0.9898,very high (3+ yrs),"recent-climate (2021-2025 repeats), no extra warming"
999876,17.8016,-77.0748,5,13.52,23.18,0.8483,0.8,0.6,0.9999,4.2416,0.9898,very high (3+ yrs),"recent-climate (2021-2025 repeats), no extra warming"
999877,17.7947,-77.0772,5,13.33,23.08,0.8403,0.8,0.6,0.9999,4.2015,0.9898,very high (3+ yrs),"recent-climate (2021-2025 repeats), no extra warming"
999878,17.7994,-77.0432,5,12.672,22.56,0.8124,0.8,0.6,0.9998,4.0619,0.9898,very high (3+ yrs),"recent-climate (2021-2025 repeats), no extra warming"
999904,12.0282,-61.7831,5,12.104,22.68,0.8351,0.8,0.6,0.9999,4.1754,0.9898,very high (3+ yrs),"recent-climate (2021-2025 repeats), no extra warming"
999906,12.0456,-61.7649,5,12.104,22.68,0.8351,0.8,0.6,0.9999,4.1754,0.9898,very high (3+ yrs),"recent-climate (2021-2025 repeats), no extra warming"
999958,25.3075,-78.0787,5,3.644,9.87,0.4882,0.4,0.2,0.9649,2.4412,0.6723,high (2-3 yrs),"recent-climate (2021-2025 repeats), no extra warming"
999966,25.23,-78.0366,5,2.766,8.28,0.4066,0.2,0.2,0.9264,2.0329,0.6723,high (2-3 yrs),"recent-climate (2021-2025 repeats), no extra warming"
999975,17.8281,-76.9846,5,12.098,22.15,0.7801,0.6,0.6,0.9995,3.9005,0.9898,very high (3+ yrs),"recent-climate (2021-2025 repeats), no extra warming"
999977,25.2406,-78.0422,5,2.766,8.28,0.4066,0.2,0.2,0.9264,2.0329,0.6723,high (2-3 yrs),"recent-climate (2021-2025 repeats), no extra warming"
1000001,12.0414,-61.7709,5,12.104,22.68,0.8351,0.8,0.6,0.9999,4.1754,0.9898,very high (3+ yrs),"recent-climate (2021-2025 repeats), no extra warming"
1000028,17.8323,-76.9222,5,11.566,21.7,0.7483,0.6,0.6,0.999,3.7414,0.9898,very high (3+ yrs),"recent-climate (2021-2025 repeats), no extra warming"
1000052,-8.6781,115.4319,5,6.21,11.35,0.6731,0.6,0.4,0.9963,3.3655,0.9222,very high (3+ yrs),"recent-climate (2021-2025 repeats), no extra warming"
1000053,-8.6633,115.4669,5,6.5,10.79,0.705,0.6,0.4,0.9978,3.5252,0.9222,very high (3+ yrs),"recent-climate (2021-2025 repeats), no extra warming"
1000054,-8.7243,115.597,5,6.652,10.36,0.7236,0.8,0.4,0.9984,3.6178,0.9222,very high (3+ yrs),"recent-climate (2021-2025 repeats), no extra warming"
1000055,-8.673,115.5475,5,6.202,9.66,0.7044,0.8,0.4,0.9977,3.522,0.9222,very high (3+ yrs),"recent-climate (2021-2025 repeats), no extra warming"
1000056,-8.276,115.5932,5,4.134,6.89,0.5908,0.8,0.0,0.9885,2.9539,0.0,high (2-3 yrs),"recent-climate (2021-2025 repeats), no extra warming"
1000057,-8.3622,116.0882,5,4.012,5.96,0.606,0.4,0.0,0.9905,3.0299,0.0,very high (3+ yrs),"recent-climate (2021-2025 repeats), no extra warming"
1000058,-8.3437,116.0506,5,4.006,6.17,0.6015,0.4,0.0,0.9899,3.0074,0.0,very high (3+ yrs),"recent-climate (2021-2025 repeats), no extra warming"
1000059,-8.3625,116.0314,5,4.15,6.33,0.6157,0.4,0.0,0.9916,3.0786,0.0,very high (3+ yrs),"recent-climate (2021-2025 repeats), no extra warming"
1000060,-8.3571,116.124,5,3.848,5.73,0.5935,0.4,0.0,0.9889,2.9677,0.0,high (2-3 yrs),"recent-climate (2021-2025 repeats), no extra warming"
