SID,SEASON,BASIN,NAME,ISO_TIME,NATURE,LAT,LON,WMO_WIND,USA_WIND,USA_SSHS,TRACK_TYPE
1984361S12146,1985,SP,MONICA,1984-12-25 12:00:00,NR,-12.0,146.0, , ,-5,main
1984361S12146,1985,SP,MONICA,1984-12-25 15:00:00,NR,-12.2,146.2, , ,-5,main
1984361S12146,1985,SP,MONICA,1984-12-25 18:00:00,TS,-12.5,145.9, ,25,-1,main
1984361S12146,1985,SP,MONICA,1984-12-25 21:00:00,TS,-13.1,146.6,25,25,-1,main
1984361S12146,1985,SP,MONICA,1984-12-26 00:00:00,TS,-13.5,147.2,25,25,-1,main
1984361S12146,1985,SP,MONICA,1984-12-26 03:00:00,TS,-13.8,147.7, ,28,-1,main
1984361S12146,1985,SP,MONICA,1984-12-26 06:00:00,TS,-14.2,148.4,30,30,-1,main
1984361S12146,1985,SP,MONICA,1984-12-26 09:00:00,TS,-14.4,148.9, ,30,-1,main
1984361S12146,1985,SP,MONICA,1984-12-26 12:00:00,TS,-14.7,149.4,30,30,-1,main
1984361S12146,1985,SP,MONICA,1984-12-26 15:00:00,TS,-15.1,150.0, ,33,-1,main
1984361S12146,1985,SP,MONICA,1984-12-26 18:00:00,TS,-15.4,150.5,30,35,0,main
1984361S12146,1985,SP,MONICA,1984-12-26 21:00:00,TS,-15.8,151.0, ,38,0,main
1984361S12146,1985,SP,MONICA,1984-12-27 00:00:00,TS,-16.1,151.6,30,40,0,main
1984361S12146,1985,SP,MONICA,1984-12-27 03:00:00,TS,-16.4,152.0,40,45,0,main
1984361S12146,1985,SP,MONICA,1984-12-27 06:00:00,TS,-16.6,152.5,45,50,0,main
1984361S12146,1985,SP,MONICA,1984-12-27 09:00:00,TS,-16.9,152.9, ,53,0,main
1984361S12146,1985,SP,MONICA,1984-12-27 12:00:00,TS,-17.2,153.4,50,55,0,main
1984361S12146,1985,SP,MONICA,1984-12-27 15:00:00,TS,-17.5,154.0, ,60,0,main
1984361S12146,1985,SP,MONICA,1984-12-27 18:00:00,TS,-17.9,154.6,55,65,1,main
1984361S12146,1985,SP,MONICA,1984-12-27 21:00:00,TS,-18.4,155.3, ,68,1,main
1984361S12146,1985,SP,MONICA,1984-12-28 00:00:00,TS,-18.9,156.1,55,70,1,main
1984361S12146,1985,SP,MONICA,1984-12-28 03:00:00,TS,-19.3,157.0, ,68,1,main
1984361S12146,1985,SP,MONICA,1984-12-28 06:00:00,TS,-19.8,157.9,55,65,1,main
1984361S12146,1985,SP,MONICA,1984-12-28 09:00:00,TS,-20.2,158.6, ,63,0,main
1984361S12146,1985,SP,MONICA,1984-12-28 12:00:00,TS,-20.8,159.3,50,60,0,main
1984361S12146,1985,SP,MONICA,1984-12-28 15:00:00,TS,-21.3,160.1, ,58,0,main
1984361S12146,1985,SP,MONICA,1984-12-28 18:00:00,TS,-21.9,160.9,45,55,0,main
1984361S12146,1985,SP,MONICA,1984-12-28 21:00:00,TS,-22.6,161.7, ,53,0,main
1984361S12146,1985,SP,MONICA,1984-12-29 00:00:00,TS,-23.3,162.4,45,50,0,main
1984361S12146,1985,SP,MONICA,1984-12-29 03:00:00,TS,-24.3,163.1, ,45,0,main
1984361S12146,1985,SP,MONICA,1984-12-29 06:00:00,TS,-25.5,163.4, ,40,0,main
1984361S12146,1985,SP,MONICA,1984-12-29 09:00:00,NR,-26.9,163.1, , ,-5,main
1984361S12146,1985,SP,MONICA,1984-12-29 12:00:00,NR,-28.0,163.0,40, ,-5,main
1984361S12146,1985,SP,MONICA,1984-12-29 15:00:00,NR,-28.9,162.9, , ,-5,main
1984361S12146,1985,SP,MONICA,1984-12-29 18:00:00,NR,-29.7,162.7, , ,-5,main
1984361S12146,1985,SP,MONICA,1984-12-29 21:00:00,NR,-30.4,162.4, , ,-5,main
1984361S12146,1985,SP,MONICA,1984-12-30 00:00:00,NR,-31.0,162.0,50, ,-5,main
1984361S12146,1985,SP,MONICA,1984-12-30 03:00:00,NR,-31.4,161.6, , ,-5,main
1984361S12146,1985,SP,MONICA,1984-12-30 06:00:00,NR,-31.8,161.2, , ,-5,main
1984361S12146,1985,SP,MONICA,1984-12-30 09:00:00,NR,-32.1,160.8, , ,-5,main
1984361S12146,1985,SP,MONICA,1984-12-30 12:00:00,NR,-32.6,160.5,50, ,-5,main
1984361S12146,1985,SP,MONICA,1984-12-30 15:00:00,NR,-33.4,160.2, , ,-5,main
1984361S12146,1985,SP,MONICA,1984-12-30 18:00:00,NR,-34.3,160.0, , ,-5,main
1984361S12146,1985,SP,MONICA,1984-12-30 21:00:00,NR,-35.2,159.8, , ,-5,main
1984361S12146,1985,SP,MONICA,1984-12-31 00:00:00,NR,-36.0,159.6, , ,-5,main
1984361S12146,1985,SP,MONICA,1984-12-31 03:00:00,NR,-36.6,159.3, , ,-5,main
1984361S12146,1985,SP,MONICA,1984-12-31 06:00:00,NR,-37.0,158.9, , ,-5,main
1984361S12146,1985,SP,MONICA,1984-12-31 09:00:00,NR,-37.4,158.6, , ,-5,main
1984361S12146,1985,SP,MONICA,1984-12-31 12:00:00,NR,-37.7,158.3, , ,-5,main
1984361S12146,1985,SP,MONICA,1984-12-31 15:00:00,NR,-38.0,158.0, , ,-5,main
1984361S12146,1985,SP,MONICA,1984-12-31 18:00:00,NR,-38.2,157.8, , ,-5,main
1984361S12146,1985,SP,MONICA,1984-12-31 21:00:00,NR,-38.4,157.6, , ,-5,main
1984361S12146,1985,SP,MONICA,1985-01-01 00:00:00,NR,-38.7,157.5, , ,-5,main
1984361S12146,1985,SP,MONICA,1985-01-01 03:00:00,NR,-39.1,157.4, , ,-5,main
1984361S12146,1985,SP,MONICA,1985-01-01 06:00:00,NR,-39.5,157.3, , ,-5,main
1984361S12146,1985,SP,MONICA,1985-01-01 09:00:00,NR,-40.0,157.3, , ,-5,main
1984361S12146,1985,SP,MONICA,1985-01-01 12:00:00,NR,-40.5,157.5, , ,-5,main
1984361S12146,1985,SP,MONICA,1985-01-01 15:00:00,NR,-41.0,157.8, , ,-5,main
1984361S12146,1985,SP,MONICA,1985-01-01 18:00:00,NR,-41.5,158.3, , ,-5,main
1984361S12146,1985,SP,MONICA,1985-01-01 21:00:00,NR,-42.1,158.8, , ,-5,main
1984361S12146,1985,SP,MONICA,1985-01-02 00:00:00,NR,-42.7,159.5, , ,-5,main
1984361S12146,1985,SP,MONICA,1985-01-02 03:00:00,NR,-43.3,160.2, , ,-5,main
1984361S12146,1985,SP,MONICA,1985-01-02 06:00:00,NR,-44.0,160.9, , ,-5,main
1984361S12146,1985,SP,MONICA,1985-01-02 09:00:00,NR,-44.7,161.8, , ,-5,main
1984361S12146,1985,SP,MONICA,1985-01-02 12:00:00,NR,-45.6,162.7,30, ,-5,main
1984361S12146,1985,SP,MONICA,1985-01-02 15:00:00,NR,-46.6,163.7, , ,-5,main
1984361S12146,1985,SP,MONICA,1985-01-02 18:00:00,NR,-47.7,164.7, , ,-5,main
1984361S12146,1985,SP,MONICA,1985-01-02 21:00:00,NR,-48.8,165.8, , ,-5,main
1984361S12146,1985,SP,MONICA,1985-01-03 00:00:00,NR,-50.0,167.0,30, ,-5,main
1985017S15146,1985,SP,ODETTE,1985-01-16 12:00:00,TS,-14.8,145.8,25, ,-5,main
1985017S15146,1985,SP,ODETTE,1985-01-16 15:00:00,TS,-14.7,146.0, , ,-5,main
1985017S15146,1985,SP,ODETTE,1985-01-16 18:00:00,TS,-14.7,146.2,25,25,-1,main
1985017S15146,1985,SP,ODETTE,1985-01-16 21:00:00,TS,-14.6,146.7, ,30,-1,main
1985017S15146,1985,SP,ODETTE,1985-01-17 00:00:00,TS,-14.6,147.5,30,35,0,main
1985017S15146,1985,SP,ODETTE,1985-01-17 03:00:00,TS,-14.6,148.2, ,40,0,main
1985017S15146,1985,SP,ODETTE,1985-01-17 06:00:00,TS,-14.7,149.0,40,45,0,main
1985017S15146,1985,SP,ODETTE,1985-01-17 09:00:00,TS,-14.7,149.8, ,50,0,main
1985017S15146,1985,SP,ODETTE,1985-01-17 12:00:00,TS,-14.7,150.5,50,55,0,main
1985017S15146,1985,SP,ODETTE,1985-01-17 15:00:00,TS,-14.7,151.2, ,60,0,main
1985017S15146,1985,SP,ODETTE,1985-01-17 18:00:00,TS,-14.8,151.8,65,65,1,main
1985017S15146,1985,SP,ODETTE,1985-01-17 21:00:00,TS,-14.9,152.5, ,70,1,main
1985017S15146,1985,SP,ODETTE,1985-01-18 00:00:00,TS,-15.0,153.1,80,75,1,main
1985017S15146,1985,SP,ODETTE,1985-01-18 03:00:00,TS,-15.2,153.7, ,78,1,main
1985017S15146,1985,SP,ODETTE,1985-01-18 06:00:00,TS,-15.4,154.3,90,80,1,main
1985017S15146,1985,SP,ODETTE,1985-01-18 09:00:00,TS,-15.6,154.9, ,83,2,main
1985017S15146,1985,SP,ODETTE,1985-01-18 12:00:00,TS,-15.8,155.4,90,85,2,main
1985017S15146,1985,SP,ODETTE,1985-01-18 15:00:00,TS,-15.9,155.8, ,88,2,main
1985017S15146,1985,SP,ODETTE,1985-01-18 18:00:00,TS,-16.0,156.3,95,90,2,main
1985017S15146,1985,SP,ODETTE,1985-01-18 21:00:00,TS,-16.1,156.8, ,93,2,main
1985017S15146,1985,SP,ODETTE,1985-01-19 00:00:00,TS,-16.1,157.3,95,95,2,main
1985017S15146,1985,SP,ODETTE,1985-01-19 03:00:00,TS,-16.2,157.8, ,98,3,main
1985017S15146,1985,SP,ODETTE,1985-01-19 06:00:00,TS,-16.2,158.4,100,100,3,main
1985017S15146,1985,SP,ODETTE,1985-01-19 09:00:00,TS,-16.2,159.0, ,100,3,main
1985017S15146,1985,SP,ODETTE,1985-01-19 12:00:00,TS,-16.3,159.8,100,100,3,main
1985017S15146,1985,SP,ODETTE,1985-01-19 15:00:00,TS,-16.4,160.7, ,95,2,main
1985017S15146,1985,SP,ODETTE,1985-01-19 18:00:00,TS,-16.6,161.6, ,90,2,main
1985017S15146,1985,SP,ODETTE,1985-01-19 21:00:00,TS,-16.8,162.5, ,88,2,main
1985017S15146,1985,SP,ODETTE,1985-01-20 00:00:00,TS,-17.0,163.4,65,85,2,main
1985017S15146,1985,SP,ODETTE,1985-01-20 03:00:00,TS,-17.1,164.2, ,80,1,main
1985017S15146,1985,SP,ODETTE,1985-01-20 06:00:00,TS,-17.2,165.1, ,75,1,main
1985017S15146,1985,SP,ODETTE,1985-01-20 09:00:00,TS,-17.4,165.9, ,70,1,main
1985017S15146,1985,SP,ODETTE,1985-01-20 12:00:00,TS,-17.7,166.8,50,65,1,main
1985017S15146,1985,SP,ODETTE,1985-01-20 15:00:00,TS,-18.0,167.6, ,60,0,main
1985017S15146,1985,SP,ODETTE,1985-01-20 18:00:00,TS,-18.5,168.5, ,55,0,main
1985017S15146,1985,SP,ODETTE,1985-01-20 21:00:00,TS,-19.1,169.4, ,53,0,main
1985017S15146,1985,SP,ODETTE,1985-01-21 00:00:00,TS,-19.7,170.2,40,50,0,main
1985017S15146,1985,SP,ODETTE,1985-01-21 03:00:00,TS,-20.3,171.0, ,45,0,main
1985017S15146,1985,SP,ODETTE,1985-01-21 06:00:00,TS,-20.8,171.8, ,40,0,main
1985017S15146,1985,SP,ODETTE,1985-01-21 09:00:00,TS,-21.2,172.5, ,38,0,main
1985017S15146,1985,SP,ODETTE,1985-01-21 12:00:00,TS,-21.3,173.2,30,35,0,main
1985017S15146,1985,SP,ODETTE,1985-01-21 15:00:00,TS,-21.3,173.8, ,30,-1,main
1985017S15146,1985,SP,ODETTE,1985-01-21 18:00:00,TS,-21.2,174.4, ,25,-1,main
1985033S12157,1985,SP,UNNAMED,1985-02-02 00:00:00,TS,-11.5,156.7, ,30,-1,main
1985033S12157,1985,SP,UNNAMED,1985-02-02 03:00:00,TS,-12.1,156.7, ,33,-1,main
1985033S12157,1985,SP,UNNAMED,1985-02-02 06:00:00,TS,-12.6,156.6, ,35,0,main
1985033S12157,1985,SP,UNNAMED,1985-02-02 09:00:00,TS,-13.1,156.4, ,35,0,main
1985033S12157,1985,SP,UNNAMED,1985-02-02 12:00:00,TS,-13.4,156.0, ,35,0,main
1985033S12157,1985,SP,UNNAMED,1985-02-02 15:00:00,TS,-13.8,155.5, ,35,0,main
1985033S12157,1985,SP,UNNAMED,1985-02-02 18:00:00,TS,-14.0,154.9, ,35,0,main
1985033S12157,1985,SP,UNNAMED,1985-02-02 21:00:00,TS,-14.2,154.4, ,35,0,main
1985033S12157,1985,SP,UNNAMED,1985-02-03 00:00:00,TS,-14.3,153.8, ,35,0,main
1985033S12157,1985,SP,UNNAMED,1985-02-03 03:00:00,TS,-14.4,153.3, ,35,0,main
1985033S12157,1985,SP,UNNAMED,1985-02-03 06:00:00,TS,-14.3,152.8, ,35,0,main
1985033S12157,1985,SP,UNNAMED,1985-02-03 09:00:00,TS,-14.3,152.3, ,35,0,main
1985033S12157,1985,SP,UNNAMED,1985-02-03 12:00:00,TS,-14.1,151.8, ,35,0,main
1985033S12157,1985,SP,UNNAMED,1985-02-03 15:00:00,TS,-14.0,151.4, ,35,0,main
1985033S12157,1985,SP,UNNAMED,1985-02-03 18:00:00,TS,-13.7,150.9, ,35,0,main
1985033S12157,1985,SP,UNNAMED,1985-02-03 21:00:00,TS,-13.6,150.5, ,35,0,main
1985033S12157,1985,SP,UNNAMED,1985-02-04 00:00:00,TS,-13.4,150.1, ,35,0,main
1985033S12157,1985,SP,UNNAMED,1985-02-04 03:00:00,TS,-13.4,149.5, ,35,0,main
1985033S12157,1985,SP,UNNAMED,1985-02-04 06:00:00,TS,-13.3,148.8, ,35,0,main
1985033S12157,1985,SP,UNNAMED,1985-02-04 09:00:00,TS,-13.3,148.1, ,35,0,main
1985033S12157,1985,SP,UNNAMED,1985-02-04 12:00:00,TS,-13.3,147.5, ,35,0,main
1985033S12157,1985,SP,UNNAMED,1985-02-04 15:00:00,TS,-13.4,147.0, ,35,0,main
1985033S12157,1985,SP,UNNAMED,1985-02-04 18:00:00,TS,-13.4,146.5, ,35,0,main
1985033S12157,1985,SP,UNNAMED,1985-02-04 21:00:00,TS,-13.5,146.1, ,35,0,main
1985033S12157,1985,SP,UNNAMED,1985-02-05 00:00:00,TS,-13.5,145.8, ,35,0,main
1985033S12157,1985,SP,UNNAMED,1985-02-05 03:00:00,TS,-13.5,145.5, ,35,0,main
1985033S12157,1985,SP,UNNAMED,1985-02-05 06:00:00,TS,-13.4,145.3, ,35,0,main
1985033S12157,1985,SP,UNNAMED,1985-02-05 09:00:00,TS,-13.3,145.0, ,35,0,main
1985033S12157,1985,SP,UNNAMED,1985-02-05 12:00:00,TS,-13.2,144.7, ,35,0,main
1985033S12157,1985,SP,UNNAMED,1985-02-05 15:00:00,TS,-13.2,144.4, ,35,0,main
1985033S12157,1985,SP,UNNAMED,1985-02-05 18:00:00,TS,-13.2,144.2, ,35,0,main
1985033S12157,1985,SP,UNNAMED,1985-02-05 21:00:00,TS,-13.3,143.9, ,33,-1,main
1985033S12157,1985,SP,UNNAMED,1985-02-06 00:00:00,TS,-13.4,143.6, ,30,-1,main
1985033S12157,1985,SP,UNNAMED,1985-02-06 03:00:00,TS,-13.6,143.5, ,30,-1,main
1985033S12157,1985,SP,UNNAMED,1985-02-06 06:00:00,TS,-13.9,143.4, ,30,-1,main
1985033S12157,1985,SP,UNNAMED,1985-02-06 09:00:00,TS,-14.3,143.4, ,28,-1,main
1985033S12157,1985,SP,UNNAMED,1985-02-06 12:00:00,TS,-14.6,143.5, ,25,-1,main
1985049S12143,1985,SP,PIERRE,1985-02-18 06:00:00,TS,-11.5,143.4,25, ,-5,main
1985049S12143,1985,SP,PIERRE,1985-02-18 09:00:00,TS,-11.5,143.7, , ,-5,main
1985049S12143,1985,SP,PIERRE,1985-02-18 12:00:00,TS,-11.6,144.1,25, ,-5,main
1985049S12143,1985,SP,PIERRE,1985-02-18 15:00:00,TS,-11.6,144.4, , ,-5,main
1985049S12143,1985,SP,PIERRE,1985-02-18 18:00:00,TS,-11.7,144.7,25, ,-5,main
1985049S12143,1985,SP,PIERRE,1985-02-18 21:00:00,TS,-11.8,145.0, , ,-5,main
1985049S12143,1985,SP,PIERRE,1985-02-19 00:00:00,TS,-12.0,145.2,25, ,-5,main
1985049S12143,1985,SP,PIERRE,1985-02-19 03:00:00,TS,-12.2,145.4, , ,-5,main
1985049S12143,1985,SP,PIERRE,1985-02-19 06:00:00,TS,-12.5,145.5,25,25,-1,main
1985049S12143,1985,SP,PIERRE,1985-02-19 09:00:00,TS,-12.7,145.6, ,25,-1,main
1985049S12143,1985,SP,PIERRE,1985-02-19 12:00:00,TS,-13.0,145.7,25,25,-1,main
1985049S12143,1985,SP,PIERRE,1985-02-19 15:00:00,TS,-13.4,145.9, ,25,-1,main
1985049S12143,1985,SP,PIERRE,1985-02-19 18:00:00,TS,-13.8,146.1,25,25,-1,main
1985049S12143,1985,SP,PIERRE,1985-02-19 21:00:00,TS,-14.2,146.2, ,28,-1,main
1985049S12143,1985,SP,PIERRE,1985-02-20 00:00:00,TS,-14.5,146.4,30,30,-1,main
1985049S12143,1985,SP,PIERRE,1985-02-20 03:00:00,TS,-14.9,146.5, ,33,-1,main
1985049S12143,1985,SP,PIERRE,1985-02-20 06:00:00,TS,-15.3,146.7,35,35,0,main
1985049S12143,1985,SP,PIERRE,1985-02-20 09:00:00,TS,-15.8,147.0, ,38,0,main
1985049S12143,1985,SP,PIERRE,1985-02-20 12:00:00,TS,-16.4,147.3,35,40,0,main
1985049S12143,1985,SP,PIERRE,1985-02-20 15:00:00,TS,-16.9,147.6, ,43,0,main
1985049S12143,1985,SP,PIERRE,1985-02-20 18:00:00,TS,-17.4,147.9,45,45,0,main
1985049S12143,1985,SP,PIERRE,1985-02-20 21:00:00,TS,-18.0,148.3, ,45,0,main
1985049S12143,1985,SP,PIERRE,1985-02-21 00:00:00,TS,-18.7,148.8,50,45,0,main
1985049S12143,1985,SP,PIERRE,1985-02-21 03:00:00,TS,-19.5,149.2, ,43,0,main
1985049S12143,1985,SP,PIERRE,1985-02-21 06:00:00,TS,-20.3,149.6,50,40,0,main
1985049S12143,1985,SP,PIERRE,1985-02-21 09:00:00,TS,-21.0,150.0, ,40,0,main
1985049S12143,1985,SP,PIERRE,1985-02-21 12:00:00,TS,-21.6,150.3,45,40,0,main
1985049S12143,1985,SP,PIERRE,1985-02-21 15:00:00,TS,-22.1,150.5, ,38,0,main
1985049S12143,1985,SP,PIERRE,1985-02-21 18:00:00,TS,-22.4,150.7,35,35,0,main
1985049S12143,1985,SP,PIERRE,1985-02-21 21:00:00,TS,-22.7,150.9,30,35,0,main
1985049S12143,1985,SP,PIERRE,1985-02-22 00:00:00,TS,-22.9,151.2,25,35,0,main
1985049S12143,1985,SP,PIERRE,1985-02-22 03:00:00,TS,-23.1,151.6, ,33,-1,main
1985049S12143,1985,SP,PIERRE,1985-02-22 06:00:00,TS,-23.3,152.0,25,30,-1,main
1985049S12143,1985,SP,PIERRE,1985-02-22 09:00:00,TS,-23.5,152.5, ,30,-1,main
1985049S12143,1985,SP,PIERRE,1985-02-22 12:00:00,TS,-23.6,153.0,25,30,-1,main
1985049S12143,1985,SP,PIERRE,1985-02-22 15:00:00,TS,-23.7,153.5, ,28,-1,main
1985049S12143,1985,SP,PIERRE,1985-02-22 18:00:00,TS,-23.7,154.0,25,25,-1,main
1985049S12143,1985,SP,PIERRE,1985-02-22 21:00:00,TS,-23.7,154.5, ,25,-1,main
1985049S12143,1985,SP,PIERRE,1985-02-23 00:00:00,TS,-23.7,155.0,25,25,-1,main
1985049S12143,1985,SP,PIERRE,1985-02-23 03:00:00,TS,-23.7,155.5, ,23,-1,main
1985049S12143,1985,SP,PIERRE,1985-02-23 06:00:00,TS,-23.6,156.0,25,20,-1,main
1985049S12143,1985,SP,PIERRE,1985-02-23 09:00:00,TS,-23.5,156.5, , ,-5,main
1985049S12143,1985,SP,PIERRE,1985-02-23 12:00:00,TS,-23.5,156.9,25, ,-5,main
1985049S12143,1985,SP,PIERRE,1985-02-23 15:00:00,TS,-23.5,157.3, , ,-5,main
1985049S12143,1985,SP,PIERRE,1985-02-23 18:00:00,TS,-23.5,157.7,25, ,-5,main
1985049S12143,1985,SP,PIERRE,1985-02-23 21:00:00,TS,-23.4,158.1, , ,-5,main
1985049S12143,1985,SP,PIERRE,1985-02-24 00:00:00,TS,-23.5,158.5,25, ,-5,main
1985049S12143,1985,SP,PIERRE,1985-02-24 03:00:00,TS,-23.6,159.2, , ,-5,main
1985049S12143,1985,SP,PIERRE,1985-02-24 06:00:00,TS,-23.8,160.0,25, ,-5,main
1985051S11135,1985,SP,REBECCA,1985-02-20 03:00:00,TS,-11.0,135.4,25, ,-5,main
1985051S11135,1985,SP,REBECCA,1985-02-20 06:00:00,TS,-10.8,135.8,25, ,-5,main
1985051S11135,1985,SP,REBECCA,1985-02-20 09:00:00,TS,-10.5,136.2, , ,-5,main
1985051S11135,1985,SP,REBECCA,1985-02-20 12:00:00,TS,-10.3,136.5,25, ,-5,main
1985051S11135,1985,SP,REBECCA,1985-02-20 15:00:00,TS,-10.2,136.9, , ,-5,main
1985051S11135,1985,SP,REBECCA,1985-02-20 18:00:00,TS,-10.2,137.2,25, ,-5,main
1985051S11135,1985,SP,REBECCA,1985-02-20 21:00:00,TS,-10.2,137.6, , ,-5,main
1985051S11135,1985,SP,REBECCA,1985-02-21 00:00:00,TS,-10.2,138.0,25, ,-5,main
1985051S11135,1985,SP,REBECCA,1985-02-21 03:00:00,TS,-10.4,138.3, , ,-5,main
1985051S11135,1985,SP,REBECCA,1985-02-21 06:00:00,TS,-10.5,138.7,25, ,-5,main
1985051S11135,1985,SP,REBECCA,1985-02-21 09:00:00,TS,-10.7,139.0, , ,-5,main
1985051S11135,1985,SP,REBECCA,1985-02-21 12:00:00,TS,-10.9,139.3,25, ,-5,main
1985051S11135,1985,SP,REBECCA,1985-02-21 15:00:00,TS,-11.2,139.6, , ,-5,main
1985051S11135,1985,SP,REBECCA,1985-02-21 18:00:00,TS,-11.6,139.9,30, ,-5,main
1985051S11135,1985,SP,REBECCA,1985-02-21 21:00:00,TS,-11.8,140.2, , ,-5,main
1985051S11135,1985,SP,REBECCA,1985-02-22 00:00:00,TS,-12.1,140.5,40, ,-5,main
1985051S11135,1985,SP,REBECCA,1985-02-22 03:00:00,TS,-12.4,140.9, , ,-5,main
1985051S11135,1985,SP,REBECCA,1985-02-22 06:00:00,TS,-12.6,141.3,40, ,-5,main
1985051S11135,1985,SP,REBECCA,1985-02-22 09:00:00,TS,-12.7,141.7,40, ,-5,main
1985051S11135,1985,SP,REBECCA,1985-02-22 12:00:00,TS,-12.9,142.0,30, ,-5,main
1985051S11135,1985,SP,REBECCA,1985-02-22 15:00:00,TS,-13.2,142.4, , ,-5,main
1985051S11135,1985,SP,REBECCA,1985-02-22 18:00:00,TS,-13.4,142.7,25, ,-5,main
1985051S11135,1985,SP,REBECCA,1985-02-22 21:00:00,TS,-13.7,143.0, , ,-5,main
1985051S11135,1985,SP,REBECCA,1985-02-23 00:00:00,TS,-14.2,143.2,25, ,-5,main
1985051S11135,1985,SP,REBECCA,1985-02-23 03:00:00,TS,-14.6,143.4, , ,-5,main
1985051S11135,1985,SP,REBECCA,1985-02-23 06:00:00,TS,-15.1,143.6,25, ,-5,main
1985051S11135,1985,SP,REBECCA,1985-02-23 09:00:00,TS,-15.8,143.8, , ,-5,main
1985051S11135,1985,SP,REBECCA,1985-02-23 12:00:00,TS,-16.4,143.6,25, ,-5,main
1985051S11135,1985,SP,REBECCA,1985-02-23 15:00:00,TS,-16.9,143.0,20, ,-5,main
1985086S13152,1985,SP,TANYA,1985-03-27 06:00:00,TS,-13.2,151.5,25, ,-5,main
1985086S13152,1985,SP,TANYA,1985-03-27 09:00:00,TS,-13.1,151.5, , ,-5,main
1985086S13152,1985,SP,TANYA,1985-03-27 12:00:00,TS,-13.1,151.4,25, ,-5,main
1985086S13152,1985,SP,TANYA,1985-03-27 15:00:00,TS,-13.1,151.3, , ,-5,main
1985086S13152,1985,SP,TANYA,1985-03-27 18:00:00,TS,-13.0,151.2,25, ,-5,main
1985086S13152,1985,SP,TANYA,1985-03-27 21:00:00,TS,-12.9,151.1, , ,-5,main
1985086S13152,1985,SP,TANYA,1985-03-28 00:00:00,TS,-12.9,151.0,25, ,-5,main
1985086S13152,1985,SP,TANYA,1985-03-28 03:00:00,TS,-12.8,150.9, , ,-5,main
1985086S13152,1985,SP,TANYA,1985-03-28 06:00:00,TS,-12.8,150.8,25, ,-5,main
1985086S13152,1985,SP,TANYA,1985-03-28 09:00:00,TS,-12.8,150.7, , ,-5,main
1985086S13152,1985,SP,TANYA,1985-03-28 12:00:00,TS,-13.1,150.5,25,25,-1,main
1985086S13152,1985,SP,TANYA,1985-03-28 15:00:00,TS,-13.2,150.3, ,28,-1,main
1985086S13152,1985,SP,TANYA,1985-03-28 18:00:00,TS,-13.3,150.0,25,30,-1,main
1985086S13152,1985,SP,TANYA,1985-03-28 21:00:00,TS,-13.4,149.7, ,33,-1,main
1985086S13152,1985,SP,TANYA,1985-03-29 00:00:00,TS,-13.5,149.5,30,35,0,main
1985086S13152,1985,SP,TANYA,1985-03-29 03:00:00,TS,-13.6,149.2, ,38,0,main
1985086S13152,1985,SP,TANYA,1985-03-29 06:00:00,TS,-13.6,148.9,35,40,0,main
1985086S13152,1985,SP,TANYA,1985-03-29 09:00:00,TS,-13.7,148.7, ,43,0,main
1985086S13152,1985,SP,TANYA,1985-03-29 12:00:00,TS,-13.7,148.4,40,45,0,main
1985086S13152,1985,SP,TANYA,1985-03-29 15:00:00,TS,-13.7,148.2, ,48,0,main
1985086S13152,1985,SP,TANYA,1985-03-29 18:00:00,TS,-13.8,147.9,45,50,0,main
1985086S13152,1985,SP,TANYA,1985-03-29 21:00:00,TS,-13.8,147.7, ,53,0,main
1985086S13152,1985,SP,TANYA,1985-03-30 00:00:00,TS,-13.8,147.4,50,55,0,main
1985086S13152,1985,SP,TANYA,1985-03-30 03:00:00,TS,-13.7,147.2, ,58,0,main
1985086S13152,1985,SP,TANYA,1985-03-30 06:00:00,TS,-13.7,147.0,55,60,0,main
1985086S13152,1985,SP,TANYA,1985-03-30 09:00:00,TS,-13.7,146.7, ,60,0,main
1985086S13152,1985,SP,TANYA,1985-03-30 12:00:00,TS,-13.7,146.5,55,60,0,main
1985086S13152,1985,SP,TANYA,1985-03-30 15:00:00,TS,-13.7,146.2, ,60,0,main
1985086S13152,1985,SP,TANYA,1985-03-30 18:00:00,TS,-13.7,146.0,55,60,0,main
1985086S13152,1985,SP,TANYA,1985-03-30 21:00:00,TS,-13.6,145.7, ,60,0,main
1985086S13152,1985,SP,TANYA,1985-03-31 00:00:00,TS,-13.6,145.5,55,60,0,main
1985086S13152,1985,SP,TANYA,1985-03-31 03:00:00,TS,-13.6,145.2, ,60,0,main
1985086S13152,1985,SP,TANYA,1985-03-31 06:00:00,TS,-13.6,144.9,55,60,0,main
1985086S13152,1985,SP,TANYA,1985-03-31 09:00:00,TS,-13.6,144.7, ,58,0,main
1985086S13152,1985,SP,TANYA,1985-03-31 12:00:00,TS,-13.6,144.5,50,55,0,main
1985086S13152,1985,SP,TANYA,1985-03-31 15:00:00,TS,-13.6,144.2, ,53,0,main
1985086S13152,1985,SP,TANYA,1985-03-31 18:00:00,TS,-13.7,143.9,40,50,0,main
1985086S13152,1985,SP,TANYA,1985-03-31 21:00:00,TS,-13.8,143.7, ,48,0,main
1985086S13152,1985,SP,TANYA,1985-04-01 00:00:00,TS,-13.9,143.5,35,45,0,main
1985086S13152,1985,SP,TANYA,1985-04-01 03:00:00,TS,-14.1,143.3, ,43,0,main
1985086S13152,1985,SP,TANYA,1985-04-01 06:00:00,TS,-14.2,143.1,30,40,0,main
1985086S13152,1985,SP,TANYA,1985-04-01 09:00:00,TS,-14.3,142.9,20,35,0,main
1985086S13152,1985,SP,TANYA,1985-04-01 12:00:00,TS,-14.4,142.7,20,30,-1,main
1985086S13152,1985,SP,TANYA,1985-04-01 15:00:00,TS,-14.5,142.5, ,28,-1,main
1985086S13152,1985,SP,TANYA,1985-04-01 18:00:00,TS,-14.6,142.3,20,25,-1,main
1985086S13152,1985,SP,TANYA,1985-04-01 21:00:00,TS,-14.6,142.0, ,23,-1,main
1985086S13152,1985,SP,TANYA,1985-04-02 00:00:00,TS,-14.7,141.8, ,20,-1,main
1985086S13152,1985,SP,TANYA,1985-04-02 03:00:00,TS,-14.8,141.6, ,20,-1,main
1985086S13152,1985,SP,TANYA,1985-04-02 06:00:00,TS,-14.9,141.3, ,20,-1,main
1985086S13152,1985,SP,TANYA,1985-04-02 09:00:00,TS,-15.0,141.1, ,20,-1,main
1985086S13152,1985,SP,TANYA,1985-04-02 12:00:00,TS,-14.9,140.8, ,20,-1,main
1985086S13152,1985,SP,TANYA,1985-04-02 15:00:00,TS,-14.9,140.5, ,23,-1,main
1985086S13152,1985,SP,TANYA,1985-04-02 18:00:00,TS,-14.7,140.2, ,25,-1,main
1985086S13152,1985,SP,TANYA,1985-04-02 21:00:00,TS,-14.6,139.9, ,25,-1,main
1985086S13152,1985,SP,TANYA,1985-04-03 00:00:00,TS,-14.4,139.6, ,25,-1,main
1985086S13152,1985,SP,TANYA,1985-04-03 03:00:00,TS,-14.2,139.3, ,25,-1,main
1985086S13152,1985,SP,TANYA,1985-04-03 06:00:00,TS,-14.0,139.1, ,25,-1,main
1985086S13152,1985,SP,TANYA,1985-04-03 09:00:00,TS,-13.9,138.9, ,25,-1,main
1985086S13152,1985,SP,TANYA,1985-04-03 12:00:00,TS,-13.7,138.7, ,25,-1,main
1985086S13152,1985,SP,TANYA,1985-04-03 15:00:00,TS,-13.6,138.4, ,25,-1,main
1985086S13152,1985,SP,TANYA,1985-04-03 18:00:00,TS,-13.4,138.0, ,25,-1,main
1985086S13152,1985,SP,TANYA,1985-04-03 21:00:00,TS,-13.3,137.6, ,25,-1,main
1985086S13152,1985,SP,TANYA,1985-04-04 00:00:00,TS,-13.2,137.2, ,25,-1,main
1985086S13152,1985,SP,TANYA,1985-04-04 03:00:00,TS,-13.2,136.7, ,25,-1,main
1985086S13152,1985,SP,TANYA,1985-04-04 06:00:00,TS,-13.2,136.2, ,25,-1,main
1985086S13152,1985,SP,TANYA,1985-04-04 09:00:00,TS,-13.2,135.7, ,23,-1,main
1985086S13152,1985,SP,TANYA,1985-04-04 12:00:00,TS,-13.2,135.1, ,20,-1,main
1985346S12145,1986,SP,UNNAMED,1985-12-11 18:00:00,TS,-12.2,144.8, ,20,-1,main
1985346S12145,1986,SP,UNNAMED,1985-12-11 21:00:00,TS,-12.7,145.5, ,23,-1,main
1985346S12145,1986,SP,UNNAMED,1985-12-12 00:00:00,TS,-13.2,146.2, ,25,-1,main
1985346S12145,1986,SP,UNNAMED,1985-12-12 03:00:00,TS,-13.7,146.9, ,25,-1,main
1985346S12145,1986,SP,UNNAMED,1985-12-12 06:00:00,TS,-14.1,147.6, ,25,-1,main
1985346S12145,1986,SP,UNNAMED,1985-12-12 09:00:00,TS,-14.4,148.3, ,25,-1,main
1985346S12145,1986,SP,UNNAMED,1985-12-12 12:00:00,TS,-14.8,149.0, ,25,-1,main
1985346S12145,1986,SP,UNNAMED,1985-12-12 15:00:00,TS,-15.0,149.7, ,25,-1,main
1985346S12145,1986,SP,UNNAMED,1985-12-12 18:00:00,TS,-15.2,150.4, ,25,-1,main
1985346S12145,1986,SP,UNNAMED,1985-12-12 21:00:00,TS,-15.4,151.0, ,25,-1,main
1985346S12145,1986,SP,UNNAMED,1985-12-13 00:00:00,TS,-15.4,151.5, ,25,-1,main
1985346S12145,1986,SP,UNNAMED,1985-12-13 03:00:00,TS,-15.4,152.0, ,25,-1,main
1985346S12145,1986,SP,UNNAMED,1985-12-13 06:00:00,TS,-15.4,152.4, ,25,-1,main
1985346S12145,1986,SP,UNNAMED,1985-12-13 09:00:00,TS,-15.3,152.8, ,25,-1,main
1985346S12145,1986,SP,UNNAMED,1985-12-13 12:00:00,TS,-15.2,153.3, ,25,-1,main
1985346S12145,1986,SP,UNNAMED,1985-12-13 15:00:00,TS,-15.1,153.7, ,25,-1,main
1985346S12145,1986,SP,UNNAMED,1985-12-13 18:00:00,TS,-15.0,154.2, ,25,-1,main
1985346S12145,1986,SP,UNNAMED,1985-12-13 21:00:00,TS,-14.9,154.6, ,25,-1,main
1985346S12145,1986,SP,UNNAMED,1985-12-14 00:00:00,TS,-14.8,154.9, ,25,-1,main
1985346S12145,1986,SP,UNNAMED,1985-12-14 03:00:00,TS,-14.7,155.3, ,25,-1,main
1985346S12145,1986,SP,UNNAMED,1985-12-14 06:00:00,TS,-14.7,155.6, ,25,-1,main
1985346S12145,1986,SP,UNNAMED,1985-12-14 09:00:00,TS,-14.6,155.9, ,25,-1,main
1985346S12145,1986,SP,UNNAMED,1985-12-14 12:00:00,TS,-14.6,156.2, ,25,-1,main
1985346S12145,1986,SP,UNNAMED,1985-12-14 15:00:00,TS,-14.5,156.6, ,25,-1,main
1985346S12145,1986,SP,UNNAMED,1985-12-14 18:00:00,TS,-14.5,156.9, ,25,-1,main
1985346S12145,1986,SP,UNNAMED,1985-12-14 21:00:00,TS,-14.4,157.3, ,25,-1,main
1985346S12145,1986,SP,UNNAMED,1985-12-15 00:00:00,TS,-14.3,157.6, ,25,-1,main
1985346S12145,1986,SP,UNNAMED,1985-12-15 03:00:00,TS,-14.2,158.1, ,28,-1,main
1985346S12145,1986,SP,UNNAMED,1985-12-15 06:00:00,TS,-14.1,158.6, ,30,-1,main
1985346S12145,1986,SP,UNNAMED,1985-12-15 09:00:00,TS,-14.0,159.1, ,30,-1,main
1985346S12145,1986,SP,UNNAMED,1985-12-15 12:00:00,TS,-14.0,159.6, ,30,-1,main
1985346S12145,1986,SP,UNNAMED,1985-12-15 15:00:00,TS,-14.0,160.1, ,30,-1,main
1985346S12145,1986,SP,UNNAMED,1985-12-15 18:00:00,TS,-13.9,160.5, ,30,-1,main
1985346S12145,1986,SP,UNNAMED,1985-12-15 21:00:00,TS,-13.9,161.0, ,28,-1,main
1985346S12145,1986,SP,UNNAMED,1985-12-16 00:00:00,TS,-13.8,161.6, ,25,-1,main
1985346S12145,1986,SP,UNNAMED,1985-12-16 03:00:00,TS,-13.7,162.1, ,23,-1,main
1985346S12145,1986,SP,UNNAMED,1985-12-16 06:00:00,TS,-13.6,162.6, ,20,-1,main
1986021S16140,1986,SP,VERNON,1986-01-21 00:00:00,TS,-16.4,139.5,20, ,-5,main
1986021S16140,1986,SP,VERNON,1986-01-21 03:00:00,TS,-16.4,139.8, , ,-5,main
1986021S16140,1986,SP,VERNON,1986-01-21 06:00:00,TS,-16.4,140.1,25, ,-5,main
1986021S16140,1986,SP,VERNON,1986-01-21 09:00:00,TS,-16.5,140.5, , ,-5,main
1986021S16140,1986,SP,VERNON,1986-01-21 12:00:00,TS,-16.5,140.8,25, ,-5,main
1986021S16140,1986,SP,VERNON,1986-01-21 15:00:00,TS,-16.5,141.0, , ,-5,main
1986021S16140,1986,SP,VERNON,1986-01-21 18:00:00,TS,-16.6,141.2,30, ,-5,main
1986021S16140,1986,SP,VERNON,1986-01-21 21:00:00,TS,-16.6,141.5, , ,-5,main
1986021S16140,1986,SP,VERNON,1986-01-22 00:00:00,TS,-16.7,141.8,20, ,-5,main
1986021S16140,1986,SP,VERNON,1986-01-22 03:00:00,TS,-16.7,142.1, , ,-5,main
1986021S16140,1986,SP,VERNON,1986-01-22 06:00:00,TS,-16.7,142.5,25, ,-5,main
1986021S16140,1986,SP,VERNON,1986-01-22 09:00:00,TS,-16.7,142.8, , ,-5,main
1986021S16140,1986,SP,VERNON,1986-01-22 12:00:00,TS,-16.8,143.2,25, ,-5,main
1986021S16140,1986,SP,VERNON,1986-01-22 15:00:00,TS,-16.8,143.6, , ,-5,main
1986021S16140,1986,SP,VERNON,1986-01-22 18:00:00,TS,-16.9,143.9,20, ,-5,main
1986021S16140,1986,SP,VERNON,1986-01-22 21:00:00,TS,-16.9,144.4, , ,-5,main
1986021S16140,1986,SP,VERNON,1986-01-23 00:00:00,TS,-17.1,145.1,20, ,-5,main
1986021S16140,1986,SP,VERNON,1986-01-23 03:00:00,TS,-17.3,145.9, , ,-5,main
1986021S16140,1986,SP,VERNON,1986-01-23 06:00:00,TS,-17.5,146.8,30, ,-5,main
1986021S16140,1986,SP,VERNON,1986-01-23 09:00:00,TS,-17.7,147.6, , ,-5,main
1986021S16140,1986,SP,VERNON,1986-01-23 12:00:00,TS,-17.9,148.3,40,30,-1,main
1986021S16140,1986,SP,VERNON,1986-01-23 15:00:00,TS,-18.0,149.2, ,35,0,main
1986021S16140,1986,SP,VERNON,1986-01-23 18:00:00,TS,-18.3,150.1,40,40,0,main
1986021S16140,1986,SP,VERNON,1986-01-23 21:00:00,TS,-18.6,151.0, ,43,0,main
1986021S16140,1986,SP,VERNON,1986-01-24 00:00:00,TS,-19.0,152.1,45,45,0,main
1986021S16140,1986,SP,VERNON,1986-01-24 03:00:00,TS,-19.6,153.3, ,45,0,main
1986021S16140,1986,SP,VERNON,1986-01-24 06:00:00,TS,-20.2,154.5,40,45,0,main
1986021S16140,1986,SP,VERNON,1986-01-24 09:00:00,TS,-20.9,155.7, ,45,0,main
1986021S16140,1986,SP,VERNON,1986-01-24 12:00:00,TS,-21.5,157.0,35,45,0,main
1986021S16140,1986,SP,VERNON,1986-01-24 15:00:00,TS,-22.2,158.2, ,43,0,main
1986021S16140,1986,SP,VERNON,1986-01-24 18:00:00,TS,-22.9,159.6,30,40,0,main
1986021S16140,1986,SP,VERNON,1986-01-24 21:00:00,TS,-23.6,160.8, ,38,0,main
1986021S16140,1986,SP,VERNON,1986-01-25 00:00:00,TS,-24.3,162.1,30,35,0,main
1986021S16140,1986,SP,VERNON,1986-01-25 03:00:00,NR,-25.3,163.4, , ,-5,main
1986021S16140,1986,SP,VERNON,1986-01-25 06:00:00,NR,-26.0,165.0,30, ,-5,main
1986027S13145,1986,SP,WINIFRED,1986-01-27 00:00:00,TS,-12.5,144.5, , ,-5,main
1986027S13145,1986,SP,WINIFRED,1986-01-27 03:00:00,TS,-12.5,144.6, , ,-5,main
1986027S13145,1986,SP,WINIFRED,1986-01-27 06:00:00,TS,-12.6,144.7,25, ,-5,main
1986027S13145,1986,SP,WINIFRED,1986-01-27 09:00:00,TS,-12.6,144.8, , ,-5,main
1986027S13145,1986,SP,WINIFRED,1986-01-27 12:00:00,TS,-12.6,144.9,25, ,-5,main
1986027S13145,1986,SP,WINIFRED,1986-01-27 15:00:00,TS,-12.6,145.0, , ,-5,main
1986027S13145,1986,SP,WINIFRED,1986-01-27 18:00:00,TS,-12.6,145.1,25, ,-5,main
1986027S13145,1986,SP,WINIFRED,1986-01-27 21:00:00,TS,-12.6,145.3, , ,-5,main
1986027S13145,1986,SP,WINIFRED,1986-01-28 00:00:00,TS,-12.5,145.4,25, ,-5,main
1986027S13145,1986,SP,WINIFRED,1986-01-28 03:00:00,TS,-12.5,145.6, , ,-5,main
1986027S13145,1986,SP,WINIFRED,1986-01-28 06:00:00,TS,-12.5,145.7,25, ,-5,main
1986027S13145,1986,SP,WINIFRED,1986-01-28 09:00:00,TS,-12.5,145.9, , ,-5,main
1986027S13145,1986,SP,WINIFRED,1986-01-28 12:00:00,TS,-12.6,146.1,25, ,-5,main
1986027S13145,1986,SP,WINIFRED,1986-01-28 15:00:00,TS,-12.6,146.4, , ,-5,main
1986027S13145,1986,SP,WINIFRED,1986-01-28 18:00:00,TS,-12.7,146.5,25,25,-1,main
1986027S13145,1986,SP,WINIFRED,1986-01-28 21:00:00,TS,-12.8,146.6, ,25,-1,main
1986027S13145,1986,SP,WINIFRED,1986-01-29 00:00:00,TS,-12.9,146.6,25,25,-1,main
1986027S13145,1986,SP,WINIFRED,1986-01-29 03:00:00,TS,-13.1,146.6, ,28,-1,main
1986027S13145,1986,SP,WINIFRED,1986-01-29 06:00:00,TS,-13.3,146.6,30,30,-1,main
1986027S13145,1986,SP,WINIFRED,1986-01-29 09:00:00,TS,-13.5,146.6, ,30,-1,main
1986027S13145,1986,SP,WINIFRED,1986-01-29 12:00:00,TS,-13.7,146.6,30,30,-1,main
1986027S13145,1986,SP,WINIFRED,1986-01-29 15:00:00,TS,-13.8,146.6, ,33,-1,main
1986027S13145,1986,SP,WINIFRED,1986-01-29 18:00:00,TS,-14.0,146.6,35,35,0,main
1986027S13145,1986,SP,WINIFRED,1986-01-29 21:00:00,TS,-14.2,146.6, ,38,0,main
1986027S13145,1986,SP,WINIFRED,1986-01-30 00:00:00,TS,-14.4,146.6,40,40,0,main
1986027S13145,1986,SP,WINIFRED,1986-01-30 03:00:00,TS,-14.5,146.6, ,43,0,main
1986027S13145,1986,SP,WINIFRED,1986-01-30 06:00:00,TS,-14.7,146.7,45,45,0,main
1986027S13145,1986,SP,WINIFRED,1986-01-30 09:00:00,TS,-14.8,146.7, ,45,0,main
1986027S13145,1986,SP,WINIFRED,1986-01-30 12:00:00,TS,-14.9,146.8,50,45,0,main
1986027S13145,1986,SP,WINIFRED,1986-01-30 15:00:00,TS,-15.0,147.0, ,48,0,main
1986027S13145,1986,SP,WINIFRED,1986-01-30 18:00:00,TS,-15.1,147.1,50,50,0,main
1986027S13145,1986,SP,WINIFRED,1986-01-30 21:00:00,TS,-15.2,147.2, ,50,0,main
1986027S13145,1986,SP,WINIFRED,1986-01-31 00:00:00,TS,-15.3,147.4,55,50,0,main
1986027S13145,1986,SP,WINIFRED,1986-01-31 03:00:00,TS,-15.5,147.6, ,53,0,main
1986027S13145,1986,SP,WINIFRED,1986-01-31 06:00:00,TS,-15.7,147.7,60,55,0,main
1986027S13145,1986,SP,WINIFRED,1986-01-31 09:00:00,TS,-15.9,147.9, ,55,0,main
1986027S13145,1986,SP,WINIFRED,1986-01-31 12:00:00,TS,-16.1,147.9,65,55,0,main
1986027S13145,1986,SP,WINIFRED,1986-01-31 15:00:00,TS,-16.3,147.9, ,58,0,main
1986027S13145,1986,SP,WINIFRED,1986-01-31 18:00:00,TS,-16.5,147.8,65,60,0,main
1986027S13145,1986,SP,WINIFRED,1986-01-31 21:00:00,TS,-16.7,147.5, ,68,1,main
1986027S13145,1986,SP,WINIFRED,1986-02-01 00:00:00,TS,-16.9,147.2,75,75,1,main
1986027S13145,1986,SP,WINIFRED,1986-02-01 03:00:00,TS,-17.2,146.9, ,83,2,main
1986027S13145,1986,SP,WINIFRED,1986-02-01 06:00:00,TS,-17.4,146.5,80,90,2,main
1986027S13145,1986,SP,WINIFRED,1986-02-01 09:00:00,TS,-17.6,146.1,85,85,2,main
1986027S13145,1986,SP,WINIFRED,1986-02-01 12:00:00,TS,-17.8,145.7,50,80,1,main
1986027S13145,1986,SP,WINIFRED,1986-02-01 15:00:00,TS,-18.1,145.3, ,60,0,main
1986027S13145,1986,SP,WINIFRED,1986-02-01 18:00:00,TS,-18.4,144.9,45,40,0,main
1986027S13145,1986,SP,WINIFRED,1986-02-01 21:00:00,TS,-18.8,144.6, , ,-5,main
1986027S13145,1986,SP,WINIFRED,1986-02-02 00:00:00,TS,-19.2,144.3,30, ,-5,main
1986027S13145,1986,SP,WINIFRED,1986-02-02 03:00:00,TS,-19.7,144.0, , ,-5,main
1986027S13145,1986,SP,WINIFRED,1986-02-02 06:00:00,TS,-20.1,143.6,25, ,-5,main
1986027S13145,1986,SP,WINIFRED,1986-02-02 09:00:00,TS,-20.3,143.3, , ,-5,main
1986027S13145,1986,SP,WINIFRED,1986-02-02 12:00:00,TS,-20.5,143.0,20, ,-5,main
1986027S13145,1986,SP,WINIFRED,1986-02-02 15:00:00,TS,-20.6,142.7, , ,-5,main
1986027S13145,1986,SP,WINIFRED,1986-02-02 18:00:00,TS,-20.6,142.4,20, ,-5,main
1986027S13145,1986,SP,WINIFRED,1986-02-02 21:00:00,TS,-20.6,142.0, , ,-5,main
1986027S13145,1986,SP,WINIFRED,1986-02-03 00:00:00,TS,-20.7,141.8,20, ,-5,main
1986027S13145,1986,SP,WINIFRED,1986-02-03 03:00:00,TS,-20.8,141.5, , ,-5,main
1986027S13145,1986,SP,WINIFRED,1986-02-03 06:00:00,TS,-20.9,141.5,20, ,-5,main
1986027S13145,1986,SP,WINIFRED,1986-02-03 09:00:00,TS,-21.1,141.6, , ,-5,main
1986027S13145,1986,SP,WINIFRED,1986-02-03 12:00:00,TS,-21.3,141.8,15, ,-5,main
1986027S13145,1986,SP,WINIFRED,1986-02-03 15:00:00,TS,-21.4,142.0, , ,-5,main
1986027S13145,1986,SP,WINIFRED,1986-02-03 18:00:00,TS,-21.4,142.2,15, ,-5,main
1986027S13145,1986,SP,WINIFRED,1986-02-03 21:00:00,TS,-21.5,142.3, , ,-5,main
1986027S13145,1986,SP,WINIFRED,1986-02-04 00:00:00,TS,-21.6,142.5,10, ,-5,main
1986027S13145,1986,SP,WINIFRED,1986-02-04 03:00:00,TS,-21.7,142.7, , ,-5,main
1986027S13145,1986,SP,WINIFRED,1986-02-04 06:00:00,TS,-21.8,142.8,10, ,-5,main
1986027S13145,1986,SP,WINIFRED,1986-02-04 09:00:00,TS,-22.0,142.9, , ,-5,main
1986027S13145,1986,SP,WINIFRED,1986-02-04 12:00:00,TS,-22.1,142.9,10, ,-5,main
1986027S13145,1986,SP,WINIFRED,1986-02-04 15:00:00,TS,-22.2,143.0, , ,-5,main
1986027S13145,1986,SP,WINIFRED,1986-02-04 18:00:00,TS,-22.3,143.2,10, ,-5,main
1986027S13145,1986,SP,WINIFRED,1986-02-04 21:00:00,TS,-22.3,143.2, , ,-5,main
1986027S13145,1986,SP,WINIFRED,1986-02-05 00:00:00,TS,-22.3,143.3,10, ,-5,main
1986027S13145,1986,SP,WINIFRED,1986-02-05 03:00:00,TS,-22.2,143.4, , ,-5,main
1986027S13145,1986,SP,WINIFRED,1986-02-05 06:00:00,TS,-22.0,143.6,10, ,-5,main
1986027S13145,1986,SP,WINIFRED,1986-02-05 09:00:00,TS,-21.8,143.7, , ,-5,main
1986027S13145,1986,SP,WINIFRED,1986-02-05 12:00:00,TS,-21.5,143.9,10, ,-5,main
1986027S13145,1986,SP,WINIFRED,1986-02-05 15:00:00,TS,-21.2,144.1, , ,-5,main
1986027S13145,1986,SP,WINIFRED,1986-02-05 18:00:00,TS,-20.9,144.2,10, ,-5,main
1986036S16187,1986,SP,IMA,1986-02-05 00:00:00,TS,-16.3,-173.4, , ,-5,main
1986036S16187,1986,SP,IMA,1986-02-05 03:00:00,TS,-16.5,-172.9, , ,-5,main
1986036S16187,1986,SP,IMA,1986-02-05 06:00:00,TS,-16.7,-172.4, , ,-5,main
1986036S16187,1986,SP,IMA,1986-02-05 09:00:00,TS,-16.8,-171.9, , ,-5,main
1986036S16187,1986,SP,IMA,1986-02-05 12:00:00,TS,-17.0,-171.3,30, ,-5,main
1986036S16187,1986,SP,IMA,1986-02-05 15:00:00,TS,-17.2,-170.5, , ,-5,main
1986036S16187,1986,SP,IMA,1986-02-05 18:00:00,TS,-17.3,-169.6,30, ,-5,main
1986036S16187,1986,SP,IMA,1986-02-05 21:00:00,TS,-17.4,-168.7, , ,-5,main
1986036S16187,1986,SP,IMA,1986-02-06 00:00:00,TS,-17.5,-167.7,40, ,-5,main
1986036S16187,1986,SP,IMA,1986-02-06 03:00:00,TS,-17.6,-166.8, , ,-5,main
1986036S16187,1986,SP,IMA,1986-02-06 06:00:00,TS,-17.7,-165.9,55, ,-5,main
1986036S16187,1986,SP,IMA,1986-02-06 09:00:00,TS,-17.8,-164.9, , ,-5,main
1986036S16187,1986,SP,IMA,1986-02-06 12:00:00,TS,-17.8,-164.1,65,45,0,main
1986036S16187,1986,SP,IMA,1986-02-06 15:00:00,TS,-17.9,-163.3, ,48,0,main
1986036S16187,1986,SP,IMA,1986-02-06 18:00:00,TS,-18.0,-162.7,65,50,0,main
1986036S16187,1986,SP,IMA,1986-02-06 21:00:00,TS,-18.1,-162.0, ,53,0,main
1986036S16187,1986,SP,IMA,1986-02-07 00:00:00,TS,-18.3,-161.3,70,55,0,main
1986036S16187,1986,SP,IMA,1986-02-07 03:00:00,TS,-18.4,-160.6, ,58,0,main
1986036S16187,1986,SP,IMA,1986-02-07 06:00:00,TS,-18.5,-160.0,70,60,0,main
1986036S16187,1986,SP,IMA,1986-02-07 09:00:00,TS,-18.6,-159.4, ,63,0,main
1986036S16187,1986,SP,IMA,1986-02-07 12:00:00,TS,-18.8,-158.8,70,65,1,main
1986036S16187,1986,SP,IMA,1986-02-07 15:00:00,TS,-18.9,-158.1, ,68,1,main
1986036S16187,1986,SP,IMA,1986-02-07 18:00:00,TS,-19.0,-157.4,70,70,1,main
1986036S16187,1986,SP,IMA,1986-02-07 21:00:00,TS,-19.2,-156.7, ,73,1,main
1986036S16187,1986,SP,IMA,1986-02-08 00:00:00,TS,-19.3,-156.1,75,75,1,main
1986036S16187,1986,SP,IMA,1986-02-08 03:00:00,TS,-19.4,-155.5, ,75,1,main
1986036S16187,1986,SP,IMA,1986-02-08 06:00:00,TS,-19.4,-155.0,80,75,1,main
1986036S16187,1986,SP,IMA,1986-02-08 09:00:00,TS,-19.5,-154.5, ,75,1,main
1986036S16187,1986,SP,IMA,1986-02-08 12:00:00,TS,-19.6,-154.1,80,75,1,main
1986036S16187,1986,SP,IMA,1986-02-08 15:00:00,TS,-19.6,-153.8, ,75,1,main
1986036S16187,1986,SP,IMA,1986-02-08 18:00:00,TS,-19.6,-153.5,85,75,1,main
1986036S16187,1986,SP,IMA,1986-02-08 21:00:00,TS,-19.7,-153.2, ,75,1,main
1986036S16187,1986,SP,IMA,1986-02-09 00:00:00,TS,-19.7,-152.9,90,75,1,main
1986036S16187,1986,SP,IMA,1986-02-09 03:00:00,TS,-19.7,-152.5, ,75,1,main
1986036S16187,1986,SP,IMA,1986-02-09 06:00:00,TS,-19.8,-152.2,90,75,1,main
1986036S16187,1986,SP,IMA,1986-02-09 09:00:00,TS,-19.8,-151.8, ,75,1,main
1986036S16187,1986,SP,IMA,1986-02-09 12:00:00,TS,-19.8,-151.5,90,75,1,main
1986036S16187,1986,SP,IMA,1986-02-09 15:00:00,TS,-19.9,-151.1, ,73,1,main
1986036S16187,1986,SP,IMA,1986-02-09 18:00:00,TS,-19.9,-150.8,90,70,1,main
1986036S16187,1986,SP,IMA,1986-02-09 21:00:00,TS,-20.0,-150.5, ,68,1,main
1986036S16187,1986,SP,IMA,1986-02-10 00:00:00,TS,-20.1,-150.2,90,65,1,main
1986036S16187,1986,SP,IMA,1986-02-10 03:00:00,TS,-20.2,-149.9, ,65,1,main
1986036S16187,1986,SP,IMA,1986-02-10 06:00:00,TS,-20.3,-149.7,90,65,1,main
1986036S16187,1986,SP,IMA,1986-02-10 09:00:00,TS,-20.3,-149.6, ,65,1,main
1986036S16187,1986,SP,IMA,1986-02-10 12:00:00,TS,-20.4,-149.5,90,65,1,main
1986036S16187,1986,SP,IMA,1986-02-10 15:00:00,TS,-20.4,-149.4, ,65,1,main
1986036S16187,1986,SP,IMA,1986-02-10 18:00:00,TS,-20.4,-149.4,90,65,1,main
1986036S16187,1986,SP,IMA,1986-02-10 21:00:00,TS,-20.5,-149.4, ,65,1,main
1986036S16187,1986,SP,IMA,1986-02-11 00:00:00,TS,-20.5,-149.5,90,65,1,main
1986036S16187,1986,SP,IMA,1986-02-11 03:00:00,TS,-20.4,-149.7, ,65,1,main
1986036S16187,1986,SP,IMA,1986-02-11 06:00:00,TS,-20.4,-149.9,90,65,1,main
1986036S16187,1986,SP,IMA,1986-02-11 09:00:00,TS,-20.3,-150.2, ,65,1,main
1986036S16187,1986,SP,IMA,1986-02-11 12:00:00,TS,-20.2,-150.5,90,65,1,main
1986036S16187,1986,SP,IMA,1986-02-11 15:00:00,TS,-20.2,-150.8, ,63,0,main
1986036S16187,1986,SP,IMA,1986-02-11 18:00:00,TS,-20.1,-151.1,90,60,0,main
1986036S16187,1986,SP,IMA,1986-02-11 21:00:00,TS,-20.1,-151.4, ,58,0,main
1986036S16187,1986,SP,IMA,1986-02-12 00:00:00,TS,-20.1,-151.7,90,55,0,main
1986036S16187,1986,SP,IMA,1986-02-12 03:00:00,TS,-20.1,-151.9, ,55,0,main
1986036S16187,1986,SP,IMA,1986-02-12 06:00:00,TS,-20.2,-152.2,90,55,0,main
1986036S16187,1986,SP,IMA,1986-02-12 09:00:00,TS,-20.2,-152.5, ,55,0,main
1986036S16187,1986,SP,IMA,1986-02-12 12:00:00,TS,-20.3,-152.8,90,55,0,main
1986036S16187,1986,SP,IMA,1986-02-12 15:00:00,TS,-20.5,-153.0, ,55,0,main
1986036S16187,1986,SP,IMA,1986-02-12 18:00:00,TS,-20.6,-153.3,85,55,0,main
1986036S16187,1986,SP,IMA,1986-02-12 21:00:00,TS,-20.9,-153.5, ,55,0,main
1986036S16187,1986,SP,IMA,1986-02-13 00:00:00,TS,-21.2,-153.7,80,55,0,main
1986036S16187,1986,SP,IMA,1986-02-13 03:00:00,TS,-21.5,-153.9, ,53,0,main
1986036S16187,1986,SP,IMA,1986-02-13 06:00:00,TS,-21.8,-154.1,75,50,0,main
1986036S16187,1986,SP,IMA,1986-02-13 09:00:00,TS,-22.2,-154.2, ,48,0,main
1986036S16187,1986,SP,IMA,1986-02-13 12:00:00,TS,-22.6,-154.4,70,45,0,main
1986036S16187,1986,SP,IMA,1986-02-13 15:00:00,TS,-23.0,-154.4, ,45,0,main
1986036S16187,1986,SP,IMA,1986-02-13 18:00:00,TS,-23.5,-154.4,65,45,0,main
1986036S16187,1986,SP,IMA,1986-02-13 21:00:00,TS,-23.9,-154.3, ,45,0,main
1986036S16187,1986,SP,IMA,1986-02-14 00:00:00,TS,-24.4,-154.1,60,45,0,main
1986036S16187,1986,SP,IMA,1986-02-14 03:00:00,TS,-25.0,-153.9, ,43,0,main
1986036S16187,1986,SP,IMA,1986-02-14 06:00:00,TS,-25.6,-153.7,60,40,0,main
1986036S16187,1986,SP,IMA,1986-02-14 09:00:00,TS,-26.4,-153.4, ,38,0,main
1986036S16187,1986,SP,IMA,1986-02-14 12:00:00,TS,-27.2,-152.9,55,35,0,main
1986036S16187,1986,SP,IMA,1986-02-14 15:00:00,TS,-28.5,-152.1, , ,-5,main
1986036S16187,1986,SP,IMA,1986-02-14 18:00:00,TS,-29.5,-150.8,55, ,-5,main
1986036S16187,1986,SP,IMA,1986-02-14 21:00:00,TS,-30.4,-149.3, , ,-5,main
1986036S16187,1986,SP,IMA,1986-02-15 00:00:00,TS,-31.0,-148.0,50, ,-5,main
1986036S16187,1986,SP,IMA,1986-02-15 03:00:00,TS,-31.6,-147.0, , ,-5,main
1986036S16187,1986,SP,IMA,1986-02-15 06:00:00,TS,-32.1,-146.2,45, ,-5,main
1986036S16187,1986,SP,IMA,1986-02-15 09:00:00,TS,-32.5,-145.4, , ,-5,main
1986036S16187,1986,SP,IMA,1986-02-15 12:00:00,TS,-33.3,-144.3,40, ,-5,main
1986036S16187,1986,SP,IMA,1986-02-15 15:00:00,TS,-35.2,-142.5, , ,-5,main
1986036S16187,1986,SP,IMA,1986-02-15 18:00:00,TS,-37.5,-140.0,35, ,-5,main
1986036S16187,1986,SP,IMA,1986-02-15 21:00:00,TS,-39.4,-137.1, , ,-5,main
1986036S16187,1986,SP,IMA,1986-02-16 00:00:00,TS,-41.0,-134.0,30, ,-5,main
1986111S08156,1986,SP,MANU,1986-04-21 00:00:00,TS,-7.9,155.9,20, ,-5,main
1986111S08156,1986,SP,MANU,1986-04-21 03:00:00,TS,-8.1,155.9, , ,-5,main
1986111S08156,1986,SP,MANU,1986-04-21 06:00:00,TS,-8.2,156.0,20, ,-5,main
1986111S08156,1986,SP,MANU,1986-04-21 09:00:00,TS,-8.2,156.0, , ,-5,main
1986111S08156,1986,SP,MANU,1986-04-21 12:00:00,TS,-8.3,156.0,20, ,-5,main
1986111S08156,1986,SP,MANU,1986-04-21 15:00:00,TS,-8.4,156.0, , ,-5,main
1986111S08156,1986,SP,MANU,1986-04-21 18:00:00,TS,-8.5,156.0,20, ,-5,main
1986111S08156,1986,SP,MANU,1986-04-21 21:00:00,TS,-8.6,156.0, , ,-5,main
1986111S08156,1986,SP,MANU,1986-04-22 00:00:00,TS,-8.8,155.9,20, ,-5,main
1986111S08156,1986,SP,MANU,1986-04-22 03:00:00,TS,-9.0,155.9, , ,-5,main
1986111S08156,1986,SP,MANU,1986-04-22 06:00:00,TS,-9.2,155.7,20, ,-5,main
1986111S08156,1986,SP,MANU,1986-04-22 09:00:00,TS,-9.4,155.5, , ,-5,main
1986111S08156,1986,SP,MANU,1986-04-22 12:00:00,TS,-9.6,155.3,20, ,-5,main
1986111S08156,1986,SP,MANU,1986-04-22 15:00:00,TS,-9.8,155.2, , ,-5,main
1986111S08156,1986,SP,MANU,1986-04-22 18:00:00,TS,-10.0,155.0,25, ,-5,main
1986111S08156,1986,SP,MANU,1986-04-22 21:00:00,TS,-10.2,154.7, , ,-5,main
1986111S08156,1986,SP,MANU,1986-04-23 00:00:00,TS,-10.4,154.5,25, ,-5,main
1986111S08156,1986,SP,MANU,1986-04-23 03:00:00,TS,-10.7,154.2, , ,-5,main
1986111S08156,1986,SP,MANU,1986-04-23 06:00:00,TS,-11.0,153.8,30,35,0,main
1986111S08156,1986,SP,MANU,1986-04-23 09:00:00,TS,-11.4,153.5, ,40,0,main
1986111S08156,1986,SP,MANU,1986-04-23 12:00:00,TS,-11.7,153.0,40,45,0,main
1986111S08156,1986,SP,MANU,1986-04-23 15:00:00,TS,-11.9,152.6, ,50,0,main
1986111S08156,1986,SP,MANU,1986-04-23 18:00:00,TS,-12.2,152.1,50,55,0,main
1986111S08156,1986,SP,MANU,1986-04-23 21:00:00,TS,-12.5,151.5, ,58,0,main
1986111S08156,1986,SP,MANU,1986-04-24 00:00:00,TS,-12.7,151.0,55,60,0,main
1986111S08156,1986,SP,MANU,1986-04-24 03:00:00,TS,-13.0,150.6, ,63,0,main
1986111S08156,1986,SP,MANU,1986-04-24 06:00:00,TS,-13.1,150.2,65,65,1,main
1986111S08156,1986,SP,MANU,1986-04-24 09:00:00,TS,-13.3,149.8, ,68,1,main
1986111S08156,1986,SP,MANU,1986-04-24 12:00:00,TS,-13.5,149.5,70,70,1,main
1986111S08156,1986,SP,MANU,1986-04-24 15:00:00,TS,-13.6,149.2, ,70,1,main
1986111S08156,1986,SP,MANU,1986-04-24 18:00:00,TS,-13.8,148.9,70,70,1,main
1986111S08156,1986,SP,MANU,1986-04-24 21:00:00,TS,-14.0,148.6, ,70,1,main
1986111S08156,1986,SP,MANU,1986-04-25 00:00:00,TS,-14.1,148.3,65,70,1,main
1986111S08156,1986,SP,MANU,1986-04-25 03:00:00,TS,-14.3,148.0, ,68,1,main
1986111S08156,1986,SP,MANU,1986-04-25 06:00:00,TS,-14.4,147.7,65,65,1,main
1986111S08156,1986,SP,MANU,1986-04-25 09:00:00,TS,-14.6,147.5, ,65,1,main
1986111S08156,1986,SP,MANU,1986-04-25 12:00:00,TS,-14.8,147.2,55,65,1,main
1986111S08156,1986,SP,MANU,1986-04-25 15:00:00,TS,-14.9,146.9, ,63,0,main
1986111S08156,1986,SP,MANU,1986-04-25 18:00:00,TS,-15.1,146.7,50,60,0,main
1986111S08156,1986,SP,MANU,1986-04-25 21:00:00,TS,-15.2,146.4, ,58,0,main
1986111S08156,1986,SP,MANU,1986-04-26 00:00:00,TS,-15.3,146.0,35,55,0,main
1986111S08156,1986,SP,MANU,1986-04-26 03:00:00,TS,-15.4,145.8, ,53,0,main
1986111S08156,1986,SP,MANU,1986-04-26 06:00:00,TS,-15.4,145.5,30,50,0,main
1986111S08156,1986,SP,MANU,1986-04-26 09:00:00,TS,-15.5,145.3, , ,-5,main
1986111S08156,1986,SP,MANU,1986-04-26 12:00:00,TS,-15.6,145.2,25, ,-5,main
1986111S08156,1986,SP,MANU,1986-04-26 15:00:00,TS,-15.7,145.0, , ,-5,main
1986111S08156,1986,SP,MANU,1986-04-26 18:00:00,TS,-15.8,144.9,20, ,-5,main
1986111S08156,1986,SP,MANU,1986-04-26 21:00:00,TS,-15.9,144.7, , ,-5,main
1986111S08156,1986,SP,MANU,1986-04-27 00:00:00,TS,-16.0,144.6,20, ,-5,main
1988364S17148,1989,SP,DELILAH,1988-12-28 18:00:00,TS,-16.7,148.4,20, ,-5,main
1988364S17148,1989,SP,DELILAH,1988-12-28 21:00:00,TS,-16.7,148.5, , ,-5,main
1988364S17148,1989,SP,DELILAH,1988-12-29 00:00:00,TS,-16.8,148.7,20, ,-5,main
1988364S17148,1989,SP,DELILAH,1988-12-29 03:00:00,TS,-16.9,148.9, , ,-5,main
1988364S17148,1989,SP,DELILAH,1988-12-29 06:00:00,TS,-17.8,148.1,20,25,-1,main
1988364S17148,1989,SP,DELILAH,1988-12-29 09:00:00,TS,-18.1,147.9, ,25,-1,main
1988364S17148,1989,SP,DELILAH,1988-12-29 12:00:00,TS,-18.2,147.8,25,25,-1,main
1988364S17148,1989,SP,DELILAH,1988-12-29 15:00:00,TS,-18.3,147.8, ,25,-1,main
1988364S17148,1989,SP,DELILAH,1988-12-29 18:00:00,TS,-18.3,147.9,25,25,-1,main
1988364S17148,1989,SP,DELILAH,1988-12-29 21:00:00,TS,-18.3,148.0, ,25,-1,main
1988364S17148,1989,SP,DELILAH,1988-12-30 00:00:00,TS,-18.2,148.1,25,25,-1,main
1988364S17148,1989,SP,DELILAH,1988-12-30 03:00:00,TS,-18.1,148.1, ,28,-1,main
1988364S17148,1989,SP,DELILAH,1988-12-30 06:00:00,TS,-18.1,148.3,25,30,-1,main
1988364S17148,1989,SP,DELILAH,1988-12-30 09:00:00,TS,-18.1,148.5, ,30,-1,main
1988364S17148,1989,SP,DELILAH,1988-12-30 12:00:00,TS,-18.1,148.8,25,30,-1,main
1988364S17148,1989,SP,DELILAH,1988-12-30 15:00:00,TS,-18.1,149.1, ,30,-1,main
1988364S17148,1989,SP,DELILAH,1988-12-30 18:00:00,TS,-18.1,149.4,30,30,-1,main
1988364S17148,1989,SP,DELILAH,1988-12-30 21:00:00,TS,-18.0,149.7, ,30,-1,main
1988364S17148,1989,SP,DELILAH,1988-12-31 00:00:00,TS,-17.9,150.0,35,30,-1,main
1988364S17148,1989,SP,DELILAH,1988-12-31 03:00:00,TS,-17.9,150.5, ,30,-1,main
1988364S17148,1989,SP,DELILAH,1988-12-31 06:00:00,TS,-17.8,151.1,35,30,-1,main
1988364S17148,1989,SP,DELILAH,1988-12-31 09:00:00,TS,-17.7,151.7, ,30,-1,main
1988364S17148,1989,SP,DELILAH,1988-12-31 12:00:00,TS,-17.6,152.5,35,30,-1,main
1988364S17148,1989,SP,DELILAH,1988-12-31 15:00:00,TS,-17.6,153.3, ,30,-1,main
1988364S17148,1989,SP,DELILAH,1988-12-31 18:00:00,TS,-17.7,154.2,40,30,-1,main
1988364S17148,1989,SP,DELILAH,1988-12-31 21:00:00,TS,-17.7,155.1, ,33,-1,main
1988364S17148,1989,SP,DELILAH,1989-01-01 00:00:00,TS,-17.8,156.0,40,35,0,main
1988364S17148,1989,SP,DELILAH,1989-01-01 03:00:00,TS,-17.9,156.8, ,40,0,main
1988364S17148,1989,SP,DELILAH,1989-01-01 06:00:00,TS,-18.1,157.6,50,45,0,main
1988364S17148,1989,SP,DELILAH,1989-01-01 09:00:00,TS,-18.2,158.5, ,45,0,main
1988364S17148,1989,SP,DELILAH,1989-01-01 12:00:00,TS,-18.3,159.5,55,45,0,main
1988364S17148,1989,SP,DELILAH,1989-01-01 15:00:00,TS,-18.5,160.4, ,45,0,main
1988364S17148,1989,SP,DELILAH,1989-01-01 18:00:00,TS,-18.7,161.3,55,45,0,main
1988364S17148,1989,SP,DELILAH,1989-01-01 21:00:00,TS,-19.0,162.3, ,50,0,main
1988364S17148,1989,SP,DELILAH,1989-01-02 00:00:00,TS,-19.4,163.2,55,55,0,main
1988364S17148,1989,SP,DELILAH,1989-01-02 03:00:00,TS,-19.8,164.1, ,58,0,main
1988364S17148,1989,SP,DELILAH,1989-01-02 06:00:00,TS,-20.2,165.0,60,60,0,main
1988364S17148,1989,SP,DELILAH,1989-01-02 09:00:00,TS,-20.7,165.9, ,58,0,main
1988364S17148,1989,SP,DELILAH,1989-01-02 12:00:00,TS,-21.2,166.7,60,55,0,main
1988364S17148,1989,SP,DELILAH,1989-01-02 15:00:00,TS,-21.7,167.3, ,55,0,main
1988364S17148,1989,SP,DELILAH,1989-01-02 18:00:00,TS,-22.2,167.8,60,55,0,main
1988364S17148,1989,SP,DELILAH,1989-01-02 21:00:00,TS,-22.7,168.3, ,55,0,main
1988364S17148,1989,SP,DELILAH,1989-01-03 00:00:00,TS,-23.3,168.7,60,55,0,main
1988364S17148,1989,SP,DELILAH,1989-01-03 03:00:00,TS,-23.8,169.1, ,50,0,main
1988364S17148,1989,SP,DELILAH,1989-01-03 06:00:00,TS,-24.3,169.3,55,45,0,main
1988364S17148,1989,SP,DELILAH,1989-01-03 09:00:00,TS,-24.8,169.5, ,45,0,main
1988364S17148,1989,SP,DELILAH,1989-01-03 12:00:00,TS,-25.4,169.7,50,45,0,main
1988364S17148,1989,SP,DELILAH,1989-01-03 15:00:00,TS,-26.0,169.9, ,45,0,main
1988364S17148,1989,SP,DELILAH,1989-01-03 18:00:00,TS,-26.6,170.2,50,45,0,main
1988364S17148,1989,SP,DELILAH,1989-01-03 21:00:00,TS,-27.3,170.5, ,45,0,main
1988364S17148,1989,SP,DELILAH,1989-01-04 00:00:00,TS,-28.1,170.8,45,45,0,main
1988364S17148,1989,SP,DELILAH,1989-01-04 03:00:00,NR,-29.1,171.5, , ,-5,main
1988364S17148,1989,SP,DELILAH,1989-01-04 06:00:00,NR,-29.6,171.5,40, ,-5,main
1988364S17148,1989,SP,DELILAH,1989-01-04 09:00:00,NR,-30.1,171.5, , ,-5,main
1988364S17148,1989,SP,DELILAH,1989-01-04 12:00:00,NR,-30.5,171.5,40, ,-5,main
1988364S17148,1989,SP,DELILAH,1989-01-04 15:00:00,NR,-30.9,171.4, , ,-5,main
1988364S17148,1989,SP,DELILAH,1989-01-04 18:00:00,NR,-31.3,171.2,40, ,-5,main
1988364S17148,1989,SP,DELILAH,1989-01-04 21:00:00,NR,-31.7,170.9, , ,-5,main
1988364S17148,1989,SP,DELILAH,1989-01-05 00:00:00,NR,-32.1,170.5,40, ,-5,main
1988364S17148,1989,SP,DELILAH,1989-01-05 03:00:00,NR,-32.5,170.1, , ,-5,main
1988364S17148,1989,SP,DELILAH,1989-01-05 06:00:00,NR,-32.7,169.8,40, ,-5,main
1988364S17148,1989,SP,DELILAH,1989-01-05 09:00:00,NR,-32.8,169.6, , ,-5,main
1988364S17148,1989,SP,DELILAH,1989-01-05 12:00:00,NR,-32.7,169.5,40, ,-5,main
1988364S17148,1989,SP,DELILAH,1989-01-05 15:00:00,NR,-32.5,169.5, , ,-5,main
1988364S17148,1989,SP,DELILAH,1989-01-05 18:00:00,NR,-32.4,169.5,40, ,-5,main
1988364S17148,1989,SP,DELILAH,1989-01-05 21:00:00,NR,-32.3,169.7, , ,-5,main
1988364S17148,1989,SP,DELILAH,1989-01-06 00:00:00,NR,-32.4,169.8,35, ,-5,main
1988364S17148,1989,SP,DELILAH,1989-01-06 03:00:00,NR,-32.6,169.8, , ,-5,main
1988364S17148,1989,SP,DELILAH,1989-01-06 06:00:00,NR,-32.8,169.8,35, ,-5,main
1988364S17148,1989,SP,DELILAH,1989-01-06 09:00:00,NR,-33.0,169.7, , ,-5,main
1988364S17148,1989,SP,DELILAH,1989-01-06 12:00:00,NR,-33.1,169.5,30, ,-5,main
1988364S17148,1989,SP,DELILAH,1989-01-06 15:00:00,NR,-33.2,169.3, , ,-5,main
1988364S17148,1989,SP,DELILAH,1989-01-06 18:00:00,NR,-33.4,169.2, , ,-5,main
1988364S17148,1989,SP,DELILAH,1989-01-06 21:00:00,NR,-33.6,169.0, , ,-5,main
1988364S17148,1989,SP,DELILAH,1989-01-07 00:00:00,NR,-33.8,168.8,30, ,-5,main
1988364S17148,1989,SP,DELILAH,1989-01-07 03:00:00,NR,-34.1,168.5, , ,-5,main
1988364S17148,1989,SP,DELILAH,1989-01-07 06:00:00,NR,-34.4,168.3,30, ,-5,main
1988364S17148,1989,SP,DELILAH,1989-01-07 09:00:00,NR,-34.8,168.2, , ,-5,main
1988364S17148,1989,SP,DELILAH,1989-01-07 12:00:00,NR,-35.2,168.1,30, ,-5,main
1988364S17148,1989,SP,DELILAH,1989-01-07 15:00:00,NR,-35.7,168.1, , ,-5,main
1988364S17148,1989,SP,DELILAH,1989-01-07 18:00:00,NR,-36.2,168.1,30, ,-5,main
1988364S17148,1989,SP,DELILAH,1989-01-07 21:00:00,NR,-36.7,168.2, , ,-5,main
1988364S17148,1989,SP,DELILAH,1989-01-08 00:00:00,NR,-37.1,168.3,30, ,-5,main
1989053S14210,1989,SP,JUDY,1989-02-22 00:00:00,NR,-14.4,-150.5,30, ,-5,main
1989053S14210,1989,SP,JUDY,1989-02-22 03:00:00,NR,-14.9,-151.0, , ,-5,main
1989053S14210,1989,SP,JUDY,1989-02-22 06:00:00,NR,-15.5,-151.4, , ,-5,main
1989053S14210,1989,SP,JUDY,1989-02-22 09:00:00,NR,-16.0,-151.8, , ,-5,main
1989053S14210,1989,SP,JUDY,1989-02-22 12:00:00,NR,-16.6,-152.0,30, ,-5,main
1989053S14210,1989,SP,JUDY,1989-02-22 15:00:00,NR,-17.2,-152.1, , ,-5,main
1989053S14210,1989,SP,JUDY,1989-02-22 18:00:00,NR,-17.9,-152.1, , ,-5,main
1989053S14210,1989,SP,JUDY,1989-02-22 21:00:00,NR,-18.5,-152.0, , ,-5,main
1989053S14210,1989,SP,JUDY,1989-02-23 00:00:00,NR,-19.0,-152.0,35, ,-5,main
1989053S14210,1989,SP,JUDY,1989-02-23 03:00:00,NR,-19.4,-152.0, , ,-5,main
1989053S14210,1989,SP,JUDY,1989-02-23 06:00:00,NR,-19.8,-152.1, , ,-5,main
1989053S14210,1989,SP,JUDY,1989-02-23 09:00:00,NR,-20.1,-152.3, , ,-5,main
1989053S14210,1989,SP,JUDY,1989-02-23 12:00:00,NR,-20.5,-152.5,40, ,-5,main
1989053S14210,1989,SP,JUDY,1989-02-23 15:00:00,NR,-21.0,-152.8, , ,-5,main
1989053S14210,1989,SP,JUDY,1989-02-23 18:00:00,TS,-21.5,-153.5, ,35,0,main
1989053S14210,1989,SP,JUDY,1989-02-23 21:00:00,TS,-21.8,-153.9, ,35,0,main
1989053S14210,1989,SP,JUDY,1989-02-24 00:00:00,TS,-22.1,-154.1,45,35,0,main
1989053S14210,1989,SP,JUDY,1989-02-24 03:00:00,TS,-22.3,-154.1, ,40,0,main
1989053S14210,1989,SP,JUDY,1989-02-24 06:00:00,TS,-22.5,-154.1, ,45,0,main
1989053S14210,1989,SP,JUDY,1989-02-24 09:00:00,TS,-22.7,-154.2, ,50,0,main
1989053S14210,1989,SP,JUDY,1989-02-24 12:00:00,TS,-22.8,-154.3,50,55,0,main
1989053S14210,1989,SP,JUDY,1989-02-24 15:00:00,TS,-22.9,-154.5, ,60,0,main
1989053S14210,1989,SP,JUDY,1989-02-24 18:00:00,TS,-23.0,-154.7, ,65,1,main
1989053S14210,1989,SP,JUDY,1989-02-24 21:00:00,TS,-23.0,-154.9, ,68,1,main
1989053S14210,1989,SP,JUDY,1989-02-25 00:00:00,TS,-23.0,-155.2,55,70,1,main
1989053S14210,1989,SP,JUDY,1989-02-25 03:00:00,TS,-23.0,-155.4, ,73,1,main
1989053S14210,1989,SP,JUDY,1989-02-25 06:00:00,TS,-22.9,-155.7, ,75,1,main
1989053S14210,1989,SP,JUDY,1989-02-25 09:00:00,TS,-22.8,-155.9, ,78,1,main
1989053S14210,1989,SP,JUDY,1989-02-25 12:00:00,TS,-22.7,-156.2,60,80,1,main
1989053S14210,1989,SP,JUDY,1989-02-25 15:00:00,TS,-22.6,-156.4, ,83,2,main
1989053S14210,1989,SP,JUDY,1989-02-25 18:00:00,TS,-22.5,-156.7, ,85,2,main
1989053S14210,1989,SP,JUDY,1989-02-25 21:00:00,TS,-22.5,-157.0, ,88,2,main
1989053S14210,1989,SP,JUDY,1989-02-26 00:00:00,TS,-22.4,-157.3,65,90,2,main
1989053S14210,1989,SP,JUDY,1989-02-26 03:00:00,TS,-22.4,-157.5, ,88,2,main
1989053S14210,1989,SP,JUDY,1989-02-26 06:00:00,TS,-22.4,-157.8, ,85,2,main
1989053S14210,1989,SP,JUDY,1989-02-26 09:00:00,TS,-22.4,-158.0, ,83,2,main
1989053S14210,1989,SP,JUDY,1989-02-26 12:00:00,TS,-22.4,-158.3,70,80,1,main
1989053S14210,1989,SP,JUDY,1989-02-26 15:00:00,TS,-22.4,-158.6, ,78,1,main
1989053S14210,1989,SP,JUDY,1989-02-26 18:00:00,TS,-22.5,-158.9, ,75,1,main
1989053S14210,1989,SP,JUDY,1989-02-26 21:00:00,TS,-22.6,-159.3, ,75,1,main
1989053S14210,1989,SP,JUDY,1989-02-27 00:00:00,TS,-22.8,-159.6,60,75,1,main
1989053S14210,1989,SP,JUDY,1989-02-27 03:00:00,TS,-23.0,-159.9, ,68,1,main
1989053S14210,1989,SP,JUDY,1989-02-27 06:00:00,TS,-23.4,-160.1, ,60,0,main
1989053S14210,1989,SP,JUDY,1989-02-27 09:00:00,TS,-23.8,-160.4, ,53,0,main
1989053S14210,1989,SP,JUDY,1989-02-27 12:00:00,TS,-24.5,-160.5,45,45,0,main
1989053S14210,1989,SP,JUDY,1989-02-27 15:00:00,TS,-25.5,-160.5, ,38,0,main
1989053S14210,1989,SP,JUDY,1989-02-27 18:00:00,TS,-26.8,-160.5,40,30,-1,main
1989053S14210,1989,SP,JUDY,1989-02-27 21:00:00,NR,-28.0,-160.7, , ,-5,main
1989053S14210,1989,SP,JUDY,1989-02-28 00:00:00,NR,-29.2,-160.3,35, ,-5,main
1989122S09162,1989,SP,MEENA,1989-05-01 12:00:00,TS,-9.1,161.7, ,15,-1,main
1989122S09162,1989,SP,MEENA,1989-05-01 15:00:00,TS,-9.2,161.7, ,18,-1,main
1989122S09162,1989,SP,MEENA,1989-05-01 18:00:00,TS,-9.2,161.8, ,20,-1,main
1989122S09162,1989,SP,MEENA,1989-05-01 21:00:00,TS,-9.3,161.8, ,23,-1,main
1989122S09162,1989,SP,MEENA,1989-05-02 00:00:00,TS,-9.4,161.8, ,25,-1,main
1989122S09162,1989,SP,MEENA,1989-05-02 03:00:00,TS,-9.5,161.8, ,25,-1,main
1989122S09162,1989,SP,MEENA,1989-05-02 06:00:00,TS,-9.7,161.7, ,25,-1,main
1989122S09162,1989,SP,MEENA,1989-05-02 09:00:00,TS,-9.8,161.8, ,25,-1,main
1989122S09162,1989,SP,MEENA,1989-05-02 12:00:00,TS,-10.1,161.8, ,25,-1,main
1989122S09162,1989,SP,MEENA,1989-05-02 15:00:00,TS,-10.5,161.7, ,25,-1,main
1989122S09162,1989,SP,MEENA,1989-05-02 18:00:00,TS,-11.0,161.6, ,25,-1,main
1989122S09162,1989,SP,MEENA,1989-05-02 21:00:00,TS,-11.5,161.4, ,25,-1,main
1989122S09162,1989,SP,MEENA,1989-05-03 00:00:00,TS,-11.8,161.3, ,25,-1,main
1989122S09162,1989,SP,MEENA,1989-05-03 03:00:00,TS,-11.7,161.5, ,25,-1,main
1989122S09162,1989,SP,MEENA,1989-05-03 06:00:00,TS,-11.4,161.7, ,25,-1,main
1989122S09162,1989,SP,MEENA,1989-05-03 09:00:00,TS,-11.2,161.9, ,28,-1,main
1989122S09162,1989,SP,MEENA,1989-05-03 12:00:00,TS,-11.1,161.9,30,30,-1,main
1989122S09162,1989,SP,MEENA,1989-05-03 15:00:00,TS,-11.2,161.8, ,30,-1,main
1989122S09162,1989,SP,MEENA,1989-05-03 18:00:00,TS,-11.5,161.6,30,30,-1,main
1989122S09162,1989,SP,MEENA,1989-05-03 21:00:00,TS,-11.8,161.4, ,30,-1,main
1989122S09162,1989,SP,MEENA,1989-05-04 00:00:00,TS,-12.1,161.3,30,30,-1,main
1989122S09162,1989,SP,MEENA,1989-05-04 03:00:00,TS,-12.3,161.3, ,30,-1,main
1989122S09162,1989,SP,MEENA,1989-05-04 06:00:00,TS,-12.5,161.3,30,30,-1,main
1989122S09162,1989,SP,MEENA,1989-05-04 09:00:00,TS,-12.7,161.3, ,33,-1,main
1989122S09162,1989,SP,MEENA,1989-05-04 12:00:00,TS,-12.9,161.2,30,35,0,main
1989122S09162,1989,SP,MEENA,1989-05-04 15:00:00,TS,-13.1,161.0, ,38,0,main
1989122S09162,1989,SP,MEENA,1989-05-04 18:00:00,TS,-13.2,160.8,35,40,0,main
1989122S09162,1989,SP,MEENA,1989-05-04 21:00:00,TS,-13.4,160.5, ,43,0,main
1989122S09162,1989,SP,MEENA,1989-05-05 00:00:00,TS,-13.6,160.2,35,45,0,main
1989122S09162,1989,SP,MEENA,1989-05-05 03:00:00,TS,-13.8,159.9, ,45,0,main
1989122S09162,1989,SP,MEENA,1989-05-05 06:00:00,TS,-14.0,159.6,40,45,0,main
1989122S09162,1989,SP,MEENA,1989-05-05 09:00:00,TS,-14.3,159.3, ,45,0,main
1989122S09162,1989,SP,MEENA,1989-05-05 12:00:00,TS,-14.6,158.9,40,45,0,main
1989122S09162,1989,SP,MEENA,1989-05-05 15:00:00,TS,-15.0,158.5, ,45,0,main
1989122S09162,1989,SP,MEENA,1989-05-05 18:00:00,TS,-15.3,158.0,40,45,0,main
1989122S09162,1989,SP,MEENA,1989-05-05 21:00:00,TS,-15.4,157.4, ,45,0,main
1989122S09162,1989,SP,MEENA,1989-05-06 00:00:00,TS,-15.4,156.7,40,45,0,main
1989122S09162,1989,SP,MEENA,1989-05-06 03:00:00,TS,-15.2,156.2, ,48,0,main
1989122S09162,1989,SP,MEENA,1989-05-06 06:00:00,TS,-15.0,155.7,50,50,0,main
1989122S09162,1989,SP,MEENA,1989-05-06 09:00:00,TS,-14.7,155.2, ,48,0,main
1989122S09162,1989,SP,MEENA,1989-05-06 12:00:00,TS,-14.4,154.8,35,45,0,main
1989122S09162,1989,SP,MEENA,1989-05-06 15:00:00,TS,-14.2,154.3, ,43,0,main
1989122S09162,1989,SP,MEENA,1989-05-06 18:00:00,TS,-13.9,153.7,35,40,0,main
1989122S09162,1989,SP,MEENA,1989-05-06 21:00:00,TS,-13.6,152.9, ,40,0,main
1989122S09162,1989,SP,MEENA,1989-05-07 00:00:00,TS,-13.3,152.2,35,40,0,main
1989122S09162,1989,SP,MEENA,1989-05-07 03:00:00,TS,-13.0,151.6, ,38,0,main
1989122S09162,1989,SP,MEENA,1989-05-07 06:00:00,TS,-12.8,151.1,35,35,0,main
1989122S09162,1989,SP,MEENA,1989-05-07 09:00:00,TS,-12.6,150.6, ,35,0,main
1989122S09162,1989,SP,MEENA,1989-05-07 12:00:00,TS,-12.4,150.2,35,35,0,main
1989122S09162,1989,SP,MEENA,1989-05-07 15:00:00,TS,-12.5,149.7, ,35,0,main
1989122S09162,1989,SP,MEENA,1989-05-07 18:00:00,TS,-12.5,149.2,35,35,0,main
1989122S09162,1989,SP,MEENA,1989-05-07 21:00:00,TS,-12.5,148.8, ,35,0,main
1989122S09162,1989,SP,MEENA,1989-05-08 00:00:00,TS,-12.6,148.4,35,35,0,main
1989122S09162,1989,SP,MEENA,1989-05-08 03:00:00,TS,-12.6,148.0, ,35,0,main
1989122S09162,1989,SP,MEENA,1989-05-08 06:00:00,TS,-12.6,147.5,35,35,0,main
1989122S09162,1989,SP,MEENA,1989-05-08 09:00:00,TS,-12.5,147.0, ,35,0,main
1989122S09162,1989,SP,MEENA,1989-05-08 12:00:00,TS,-12.4,146.3,35,35,0,main
1989122S09162,1989,SP,MEENA,1989-05-08 15:00:00,TS,-12.4,145.6, ,33,-1,main
1989122S09162,1989,SP,MEENA,1989-05-08 18:00:00,TS,-12.3,144.8,35,30,-1,main
1989122S09162,1989,SP,MEENA,1989-05-08 21:00:00,TS,-12.4,144.0, ,30,-1,main
1989122S09162,1989,SP,MEENA,1989-05-09 00:00:00,TS,-12.4,143.4,35,30,-1,main
1989122S09162,1989,SP,MEENA,1989-05-09 03:00:00,TS,-12.5,142.9, ,28,-1,main
1989122S09162,1989,SP,MEENA,1989-05-09 06:00:00,TS,-12.5,142.6,25,25,-1,main
1989122S09162,1989,SP,MEENA,1989-05-09 09:00:00,TS,-12.5,142.2, ,23,-1,main
1989122S09162,1989,SP,MEENA,1989-05-09 12:00:00,TS,-12.4,141.7,20,20,-1,main
1989122S09162,1989,SP,MEENA,1989-05-09 15:00:00,TS,-12.2,141.0, ,23,-1,main
1989122S09162,1989,SP,MEENA,1989-05-09 18:00:00,TS,-11.9,140.3,20,25,-1,main
1989122S09162,1989,SP,MEENA,1989-05-09 21:00:00,TS,-11.7,139.5, ,25,-1,main
1989122S09162,1989,SP,MEENA,1989-05-10 00:00:00,TS,-11.5,138.7,15,25,-1,main
1989122S09162,1989,SP,MEENA,1989-05-10 03:00:00,TS,-11.5,138.1, ,25,-1,main
1989122S09162,1989,SP,MEENA,1989-05-10 06:00:00,TS,-11.6,137.7,15,25,-1,main
1989122S09162,1989,SP,MEENA,1989-05-10 09:00:00,TS,-11.5,137.3, ,25,-1,main
1989122S09162,1989,SP,MEENA,1989-05-10 12:00:00,TS,-11.4,136.9, ,25,-1,main
1989122S09162,1989,SP,MEENA,1989-05-10 15:00:00,TS,-11.3,136.5, ,25,-1,main
1989122S09162,1989,SP,MEENA,1989-05-10 18:00:00,TS,-11.2,136.0, ,25,-1,main
1989122S09162,1989,SP,MEENA,1989-05-10 21:00:00,TS,-11.1,135.6, ,25,-1,main
1989122S09162,1989,SP,MEENA,1989-05-11 00:00:00,TS,-11.0,135.1, ,25,-1,main
1989346S10133,1990,SI,FELICITY,1989-12-12 06:00:00,NR,-10.0,132.7, ,25,-1,main
1989346S10133,1990,SI,FELICITY,1989-12-12 09:00:00,NR,-10.3,132.8, ,25,-1,main
1989346S10133,1990,SI,FELICITY,1989-12-12 12:00:00,NR,-10.6,132.9, ,25,-1,main
1989346S10133,1990,SI,FELICITY,1989-12-12 15:00:00,NR,-10.8,133.0, ,25,-1,main
1989346S10133,1990,SI,FELICITY,1989-12-12 18:00:00,NR,-11.1,133.2, ,25,-1,main
1989346S10133,1990,SI,FELICITY,1989-12-12 21:00:00,NR,-11.4,133.4, ,25,-1,main
1989346S10133,1990,SI,FELICITY,1989-12-13 00:00:00,TS,-11.7,133.8,25,25,-1,main
1989346S10133,1990,SI,FELICITY,1989-12-13 03:00:00,TS,-12.0,134.0, ,25,-1,main
1989346S10133,1990,SI,FELICITY,1989-12-13 06:00:00,TS,-12.3,134.0,25,25,-1,main
1989346S10133,1990,SI,FELICITY,1989-12-13 09:00:00,TS,-12.6,134.1, ,25,-1,main
1989346S10133,1990,SI,FELICITY,1989-12-13 12:00:00,TS,-13.1,134.3,25,25,-1,main
1989346S10133,1990,SI,FELICITY,1989-12-13 15:00:00,TS,-13.5,134.5, ,25,-1,main
1989346S10133,1990,SI,FELICITY,1989-12-13 18:00:00,TS,-13.9,134.9,25,25,-1,main
1989346S10133,1990,SP,FELICITY,1989-12-13 21:00:00,TS,-14.2,135.1, ,25,-1,main
1989346S10133,1990,SP,FELICITY,1989-12-14 00:00:00,TS,-14.5,135.4,25,25,-1,main
1989346S10133,1990,SP,FELICITY,1989-12-14 03:00:00,TS,-14.6,135.8, ,25,-1,main
1989346S10133,1990,SP,FELICITY,1989-12-14 06:00:00,TS,-14.8,136.2,25,25,-1,main
1989346S10133,1990,SP,FELICITY,1989-12-14 09:00:00,TS,-15.0,136.6, ,25,-1,main
1989346S10133,1990,SP,FELICITY,1989-12-14 12:00:00,TS,-15.2,137.0,30,25,-1,main
1989346S10133,1990,SP,FELICITY,1989-12-14 15:00:00,TS,-15.4,137.5, ,28,-1,main
1989346S10133,1990,SP,FELICITY,1989-12-14 18:00:00,TS,-15.5,138.0,40,30,-1,main
1989346S10133,1990,SP,FELICITY,1989-12-14 21:00:00,TS,-15.7,138.5, ,40,0,main
1989346S10133,1990,SP,FELICITY,1989-12-15 00:00:00,TS,-15.8,139.1,50,50,0,main
1989346S10133,1990,SP,FELICITY,1989-12-15 03:00:00,TS,-16.0,139.8, ,55,0,main
1989346S10133,1990,SP,FELICITY,1989-12-15 06:00:00,TS,-16.2,140.5,65,60,0,main
1989346S10133,1990,SP,FELICITY,1989-12-15 09:00:00,TS,-16.5,141.1,75,60,0,main
1989346S10133,1990,SP,FELICITY,1989-12-15 10:30:00,TS,-16.6,141.4,75,60,0,main
1989346S10133,1990,SP,FELICITY,1989-12-15 12:00:00,TS,-16.7,141.6,65,60,0,main
1989346S10133,1990,SP,FELICITY,1989-12-15 15:00:00,TS,-16.9,142.2, ,53,0,main
1989346S10133,1990,SP,FELICITY,1989-12-15 18:00:00,TS,-17.2,142.7,40,45,0,main
1989346S10133,1990,SP,FELICITY,1989-12-15 21:00:00,TS,-17.3,143.3, ,38,0,main
1989346S10133,1990,SP,FELICITY,1989-12-16 00:00:00,TS,-17.3,144.0,25,30,-1,main
1989346S10133,1990,SP,FELICITY,1989-12-16 03:00:00,TS,-17.3,144.8, ,28,-1,main
1989346S10133,1990,SP,FELICITY,1989-12-16 06:00:00,TS,-17.3,145.6,25,25,-1,main
1989346S10133,1990,SP,FELICITY,1989-12-16 09:00:00,TS,-17.3,146.4, ,30,-1,main
1989346S10133,1990,SP,FELICITY,1989-12-16 12:00:00,TS,-17.3,147.1,45,35,0,main
1989346S10133,1990,SP,FELICITY,1989-12-16 15:00:00,TS,-17.2,147.9, ,38,0,main
1989346S10133,1990,SP,FELICITY,1989-12-16 18:00:00,TS,-17.1,148.5,45,40,0,main
1989346S10133,1990,SP,FELICITY,1989-12-16 21:00:00,TS,-16.9,148.9, ,43,0,main
1989346S10133,1990,SP,FELICITY,1989-12-17 00:00:00,TS,-16.8,149.3,60,45,0,main
1989346S10133,1990,SP,FELICITY,1989-12-17 03:00:00,TS,-16.6,149.7, ,48,0,main
1989346S10133,1990,SP,FELICITY,1989-12-17 06:00:00,TS,-16.3,150.2,60,50,0,main
1989346S10133,1990,SP,FELICITY,1989-12-17 09:00:00,TS,-16.2,150.6, ,53,0,main
1989346S10133,1990,SP,FELICITY,1989-12-17 12:00:00,TS,-16.0,151.0,55,55,0,main
1989346S10133,1990,SP,FELICITY,1989-12-17 15:00:00,TS,-15.8,151.5, ,53,0,main
1989346S10133,1990,SP,FELICITY,1989-12-17 18:00:00,TS,-15.6,152.2,55,50,0,main
1989346S10133,1990,SP,FELICITY,1989-12-17 21:00:00,TS,-15.4,152.9, ,48,0,main
1989346S10133,1990,SP,FELICITY,1989-12-18 00:00:00,TS,-15.4,153.6,50,45,0,main
1989346S10133,1990,SP,FELICITY,1989-12-18 03:00:00,TS,-15.5,154.4, ,43,0,main
1989346S10133,1990,SP,FELICITY,1989-12-18 06:00:00,TS,-15.8,155.1,35,40,0,main
1989346S10133,1990,SP,FELICITY,1989-12-18 09:00:00,TS,-16.0,155.7, ,38,0,main
1989346S10133,1990,SP,FELICITY,1989-12-18 12:00:00,TS,-16.3,156.3,30,35,0,main
1989346S10133,1990,SP,FELICITY,1989-12-18 15:00:00,TS,-16.6,156.9, ,33,-1,main
1989346S10133,1990,SP,FELICITY,1989-12-18 18:00:00,TS,-16.9,157.6,25,30,-1,main
1989346S10133,1990,SP,FELICITY,1989-12-18 21:00:00,TS,-17.2,158.2, ,30,-1,main
1989346S10133,1990,SP,FELICITY,1989-12-19 00:00:00,TS,-17.6,158.7,25,30,-1,main
1989346S10133,1990,SP,FELICITY,1989-12-19 03:00:00,TS,-18.2,159.1, ,30,-1,main
1989346S10133,1990,SP,FELICITY,1989-12-19 06:00:00,TS,-18.9,159.5,25,30,-1,main
1989346S10133,1990,SP,FELICITY,1989-12-19 09:00:00,TS,-19.4,159.9, ,30,-1,main
1989346S10133,1990,SP,FELICITY,1989-12-19 12:00:00,TS,-19.8,160.3,40,30,-1,main
1989346S10133,1990,SP,FELICITY,1989-12-19 15:00:00,NR,-20.4,160.7, ,28,-1,main
1989346S10133,1990,SP,FELICITY,1989-12-19 18:00:00,NR,-21.0,160.9,35,25,-1,main
1989346S10133,1990,SP,FELICITY,1989-12-19 21:00:00,NR,-21.6,161.1, ,25,-1,main
1989346S10133,1990,SP,FELICITY,1989-12-20 00:00:00,NR,-22.1,161.2,30,25,-1,main
1989346S10133,1990,SP,FELICITY,1989-12-20 03:00:00,NR,-22.7,161.2, , ,-5,main
1989346S10133,1990,SP,FELICITY,1989-12-20 06:00:00,NR,-23.1,161.5,30, ,-5,main
1989346S10133,1990,SP,FELICITY,1989-12-20 09:00:00,NR,-23.5,161.7, , ,-5,main
1989346S10133,1990,SP,FELICITY,1989-12-20 12:00:00,NR,-24.0,162.0,30, ,-5,main
1989346S10133,1990,SP,FELICITY,1989-12-20 15:00:00,NR,-24.6,162.3, , ,-5,main
1989346S10133,1990,SP,FELICITY,1989-12-20 18:00:00,NR,-25.3,162.7,30, ,-5,main
1989346S10133,1990,SP,FELICITY,1989-12-20 21:00:00,NR,-26.2,163.3, , ,-5,main
1989346S10133,1990,SP,FELICITY,1989-12-21 00:00:00,NR,-27.0,164.0,30, ,-5,main
1989346S10133,1990,SP,FELICITY,1989-12-21 03:00:00,NR,-27.6,164.6, , ,-5,main
1989346S10133,1990,SP,FELICITY,1989-12-21 06:00:00,NR,-28.0,165.1,30, ,-5,main
1989346S10133,1990,SP,FELICITY,1989-12-21 09:00:00,NR,-28.4,165.6, , ,-5,main
1989346S10133,1990,SP,FELICITY,1989-12-21 12:00:00,NR,-28.8,166.2,30, ,-5,main
1989346S10133,1990,SP,FELICITY,1989-12-21 15:00:00,NR,-29.3,166.8, , ,-5,main
1989346S10133,1990,SP,FELICITY,1989-12-21 18:00:00,NR,-29.7,167.5,30, ,-5,main
1989346S10133,1990,SP,FELICITY,1989-12-21 21:00:00,NR,-30.0,168.3, , ,-5,main
1989346S10133,1990,SP,FELICITY,1989-12-22 00:00:00,NR,-30.3,169.1,25, ,-5,main
1990073S13170,1990,SP,IVOR,1990-03-14 06:00:00,TS,-13.0,170.0, ,15,-1,main
1990073S13170,1990,SP,IVOR,1990-03-14 09:00:00,TS,-13.2,169.4, ,15,-1,main
1990073S13170,1990,SP,IVOR,1990-03-14 12:00:00,TS,-13.4,168.8, ,15,-1,main
1990073S13170,1990,SP,IVOR,1990-03-14 15:00:00,TS,-13.7,168.2, ,15,-1,main
1990073S13170,1990,SP,IVOR,1990-03-14 18:00:00,TS,-14.1,167.6, ,15,-1,main
1990073S13170,1990,SP,IVOR,1990-03-14 21:00:00,TS,-14.3,167.1, ,18,-1,main
1990073S13170,1990,SP,IVOR,1990-03-15 00:00:00,TS,-14.5,166.5, ,20,-1,main
1990073S13170,1990,SP,IVOR,1990-03-15 03:00:00,TS,-14.8,165.8, ,20,-1,main
1990073S13170,1990,SP,IVOR,1990-03-15 06:00:00,TS,-15.1,165.0, ,20,-1,main
1990073S13170,1990,SP,IVOR,1990-03-15 09:00:00,TS,-15.3,164.4, ,20,-1,main
1990073S13170,1990,SP,IVOR,1990-03-15 12:00:00,TS,-15.5,163.8, ,20,-1,main
1990073S13170,1990,SP,IVOR,1990-03-15 15:00:00,TS,-16.0,163.1, ,23,-1,main
1990073S13170,1990,SP,IVOR,1990-03-15 18:00:00,TS,-16.5,162.3, ,25,-1,main
1990073S13170,1990,SP,IVOR,1990-03-15 21:00:00,TS,-16.7,161.6, ,25,-1,main
1990073S13170,1990,SP,IVOR,1990-03-16 00:00:00,TS,-16.6,160.7, ,25,-1,main
1990073S13170,1990,SP,IVOR,1990-03-16 03:00:00,TS,-16.7,159.6, ,28,-1,main
1990073S13170,1990,SP,IVOR,1990-03-16 06:00:00,TS,-16.9,158.6,30,30,-1,main
1990073S13170,1990,SP,IVOR,1990-03-16 09:00:00,TS,-16.9,157.7, ,33,-1,main
1990073S13170,1990,SP,IVOR,1990-03-16 12:00:00,TS,-16.9,156.9,40,35,0,main
1990073S13170,1990,SP,IVOR,1990-03-16 15:00:00,TS,-16.8,156.0, ,38,0,main
1990073S13170,1990,SP,IVOR,1990-03-16 18:00:00,TS,-16.7,155.2,45,40,0,main
1990073S13170,1990,SP,IVOR,1990-03-16 21:00:00,TS,-16.5,154.3, ,43,0,main
1990073S13170,1990,SP,IVOR,1990-03-17 00:00:00,TS,-16.3,153.5,50,45,0,main
1990073S13170,1990,SP,IVOR,1990-03-17 03:00:00,TS,-16.0,152.7, ,48,0,main
1990073S13170,1990,SP,IVOR,1990-03-17 06:00:00,TS,-15.7,151.9,50,50,0,main
1990073S13170,1990,SP,IVOR,1990-03-17 09:00:00,TS,-15.2,151.3, ,53,0,main
1990073S13170,1990,SP,IVOR,1990-03-17 12:00:00,TS,-14.8,150.7,50,55,0,main
1990073S13170,1990,SP,IVOR,1990-03-17 15:00:00,TS,-14.5,150.2, ,55,0,main
1990073S13170,1990,SP,IVOR,1990-03-17 18:00:00,TS,-14.3,149.8,60,55,0,main
1990073S13170,1990,SP,IVOR,1990-03-17 21:00:00,TS,-14.2,149.3, ,60,0,main
1990073S13170,1990,SP,IVOR,1990-03-18 00:00:00,TS,-14.1,148.7,65,65,1,main
1990073S13170,1990,SP,IVOR,1990-03-18 03:00:00,TS,-14.0,148.3, ,70,1,main
1990073S13170,1990,SP,IVOR,1990-03-18 06:00:00,TS,-13.9,147.9,70,75,1,main
1990073S13170,1990,SP,IVOR,1990-03-18 09:00:00,TS,-13.8,147.6, ,75,1,main
1990073S13170,1990,SP,IVOR,1990-03-18 12:00:00,TS,-13.8,147.3,70,75,1,main
1990073S13170,1990,SP,IVOR,1990-03-18 15:00:00,TS,-13.8,146.9, ,75,1,main
1990073S13170,1990,SP,IVOR,1990-03-18 18:00:00,TS,-13.8,146.5,75,75,1,main
1990073S13170,1990,SP,IVOR,1990-03-18 21:00:00,TS,-13.9,146.1, ,73,1,main
1990073S13170,1990,SP,IVOR,1990-03-19 00:00:00,TS,-14.1,145.8,75,70,1,main
1990073S13170,1990,SP,IVOR,1990-03-19 03:00:00,TS,-14.1,145.3, ,65,1,main
1990073S13170,1990,SP,IVOR,1990-03-19 06:00:00,TS,-14.1,144.9,80,60,0,main
1990073S13170,1990,SP,IVOR,1990-03-19 09:00:00,TS,-14.1,144.4, ,55,0,main
1990073S13170,1990,SP,IVOR,1990-03-19 12:00:00,TS,-14.1,143.9,90,50,0,main
1990073S13170,1990,SP,IVOR,1990-03-19 15:00:00,TS,-14.1,143.5, ,50,0,main
1990073S13170,1990,SP,IVOR,1990-03-19 16:00:00,TS,-14.1,143.3,90,50,0,main
1990073S13170,1990,SP,IVOR,1990-03-19 18:00:00,TS,-14.1,143.1,55,50,0,main
1990073S13170,1990,SP,IVOR,1990-03-19 21:00:00,TS,-14.0,142.8, ,45,0,main
1990073S13170,1990,SP,IVOR,1990-03-20 00:00:00,TS,-14.0,142.5,50,40,0,main
1990073S13170,1990,SP,IVOR,1990-03-20 03:00:00,TS,-14.0,142.3, ,38,0,main
1990073S13170,1990,SP,IVOR,1990-03-20 06:00:00,TS,-14.0,142.1,45,35,0,main
1990073S13170,1990,SP,IVOR,1990-03-20 09:00:00,TS,-14.0,141.9, ,35,0,main
1990073S13170,1990,SP,IVOR,1990-03-20 12:00:00,TS,-14.0,141.7,45,35,0,main
1990073S13170,1990,SP,IVOR,1990-03-20 15:00:00,TS,-14.1,141.6, ,35,0,main
1990073S13170,1990,SP,IVOR,1990-03-20 18:00:00,TS,-14.1,141.6,50,35,0,main
1990073S13170,1990,SP,IVOR,1990-03-20 21:00:00,TS,-14.2,141.5, ,35,0,main
1990073S13170,1990,SP,IVOR,1990-03-21 00:00:00,TS,-14.3,141.5,50,35,0,main
1990073S13170,1990,SP,IVOR,1990-03-21 03:00:00,TS,-14.5,141.5, ,35,0,main
1990073S13170,1990,SP,IVOR,1990-03-21 06:00:00,TS,-14.7,141.6,45,35,0,main
1990073S13170,1990,SP,IVOR,1990-03-21 09:00:00,TS,-14.8,141.6, ,33,-1,main
1990073S13170,1990,SP,IVOR,1990-03-21 12:00:00,TS,-14.9,141.7,40,30,-1,main
1990073S13170,1990,SP,IVOR,1990-03-21 15:00:00,TS,-15.0,141.9, ,30,-1,main
1990073S13170,1990,SP,IVOR,1990-03-21 18:00:00,TS,-15.1,142.2,35,30,-1,main
1990073S13170,1990,SP,IVOR,1990-03-21 21:00:00,TS,-15.3,142.3, ,33,-1,main
1990073S13170,1990,SP,IVOR,1990-03-22 00:00:00,TS,-15.5,142.6,30,35,0,main
1990073S13170,1990,SP,IVOR,1990-03-22 03:00:00,TS,-15.7,143.0, ,35,0,main
1990073S13170,1990,SP,IVOR,1990-03-22 06:00:00,TS,-16.0,143.5,30,35,0,main
1990073S13170,1990,SP,IVOR,1990-03-22 09:00:00,TS,-16.1,143.9, ,35,0,main
1990073S13170,1990,SP,IVOR,1990-03-22 12:00:00,TS,-16.2,144.1,30,35,0,main
1990073S13170,1990,SP,IVOR,1990-03-22 15:00:00,TS,-16.4,144.4, ,33,-1,main
1990073S13170,1990,SP,IVOR,1990-03-22 18:00:00,TS,-16.6,144.7,30,30,-1,main
1990073S13170,1990,SP,IVOR,1990-03-22 21:00:00,TS,-16.8,144.9, ,30,-1,main
1990073S13170,1990,SP,IVOR,1990-03-23 00:00:00,TS,-16.9,145.1,25,30,-1,main
1990073S13170,1990,SP,IVOR,1990-03-23 03:00:00,TS,-17.0,145.2, ,28,-1,main
1990073S13170,1990,SP,IVOR,1990-03-23 06:00:00,TS,-17.0,145.3,25,25,-1,main
1990073S13170,1990,SP,IVOR,1990-03-23 09:00:00,TS,-17.1,145.5, , ,-5,main
1990073S13170,1990,SP,IVOR,1990-03-23 12:00:00,TS,-17.1,145.8,25, ,-5,main
1990073S13170,1990,SP,IVOR,1990-03-23 15:00:00,TS,-17.2,146.1, , ,-5,main
1990073S13170,1990,SP,IVOR,1990-03-23 18:00:00,TS,-17.4,146.3,25, ,-5,main
1990073S13170,1990,SP,IVOR,1990-03-23 21:00:00,TS,-17.7,146.4, , ,-5,main
1990073S13170,1990,SP,IVOR,1990-03-24 00:00:00,TS,-18.1,146.5,25, ,-5,main
1990073S13170,1990,SP,IVOR,1990-03-24 03:00:00,TS,-18.4,146.6, , ,-5,main
1990073S13170,1990,SP,IVOR,1990-03-24 06:00:00,TS,-18.8,146.8,25, ,-5,main
1990073S13170,1990,SP,IVOR,1990-03-24 09:00:00,TS,-19.2,147.0, , ,-5,main
1990073S13170,1990,SP,IVOR,1990-03-24 12:00:00,TS,-19.6,147.3,20, ,-5,main
1990073S13170,1990,SP,IVOR,1990-03-24 15:00:00,TS,-19.8,147.5, , ,-5,main
1990073S13170,1990,SP,IVOR,1990-03-24 18:00:00,TS,-20.1,147.8,20, ,-5,main
1990073S13170,1990,SP,IVOR,1990-03-24 21:00:00,TS,-20.4,148.0, , ,-5,main
1990073S13170,1990,SP,IVOR,1990-03-25 00:00:00,TS,-20.8,148.2,15, ,-5,main
1990073S13170,1990,SP,IVOR,1990-03-25 03:00:00,TS,-20.9,148.4, , ,-5,main
1990073S13170,1990,SP,IVOR,1990-03-25 06:00:00,TS,-20.9,148.8,15, ,-5,main
1990073S13170,1990,SP,IVOR,1990-03-25 09:00:00,TS,-20.7,149.2, , ,-5,main
1990073S13170,1990,SP,IVOR,1990-03-25 12:00:00,TS,-20.6,149.6,15, ,-5,main
1990073S13170,1990,SP,IVOR,1990-03-25 15:00:00,TS,-20.7,149.9, , ,-5,main
1990073S13170,1990,SP,IVOR,1990-03-25 18:00:00,TS,-21.0,149.9,15, ,-5,main
1990073S13170,1990,SP,IVOR,1990-03-25 21:00:00,TS,-21.3,149.7, , ,-5,main
1990073S13170,1990,SP,IVOR,1990-03-26 00:00:00,TS,-21.6,149.3,15, ,-5,main
1990073S13170,1990,SP,IVOR,1990-03-26 03:00:00,TS,-21.9,148.6, , ,-5,main
1990073S13170,1990,SP,IVOR,1990-03-26 06:00:00,TS,-22.0,147.9,15, ,-5,main
1990073S13170,1990,SP,IVOR,1990-03-26 09:00:00,TS,-22.0,147.3, , ,-5,main
1990073S13170,1990,SP,IVOR,1990-03-26 12:00:00,TS,-21.9,146.8,15, ,-5,main
1990350S11165,1991,SP,JOY,1990-12-15 18:00:00,NR,-10.5,164.7, ,20,-1,main
1990350S11165,1991,SP,JOY,1990-12-15 21:00:00,NR,-10.6,164.2, ,23,-1,main
1990350S11165,1991,SP,JOY,1990-12-16 00:00:00,NR,-10.7,163.7, ,25,-1,main
1990350S11165,1991,SP,JOY,1990-12-16 03:00:00,NR,-11.0,163.1, ,25,-1,main
1990350S11165,1991,SP,JOY,1990-12-16 06:00:00,NR,-11.2,162.5, ,25,-1,main
1990350S11165,1991,SP,JOY,1990-12-16 09:00:00,NR,-11.2,161.9, ,25,-1,main
1990350S11165,1991,SP,JOY,1990-12-16 12:00:00,NR,-11.1,161.4, ,25,-1,main
1990350S11165,1991,SP,JOY,1990-12-16 15:00:00,NR,-11.1,161.0, ,25,-1,main
1990350S11165,1991,SP,JOY,1990-12-16 18:00:00,NR,-11.1,160.7, ,25,-1,main
1990350S11165,1991,SP,JOY,1990-12-16 21:00:00,NR,-11.1,160.4, ,25,-1,main
1990350S11165,1991,SP,JOY,1990-12-17 00:00:00,NR,-10.9,160.2,25,25,-1,main
1990350S11165,1991,SP,JOY,1990-12-17 03:00:00,NR,-10.8,159.9, ,28,-1,main
1990350S11165,1991,SP,JOY,1990-12-17 06:00:00,NR,-10.8,159.7,25,30,-1,main
1990350S11165,1991,SP,JOY,1990-12-17 09:00:00,NR,-11.0,159.3, ,30,-1,main
1990350S11165,1991,SP,JOY,1990-12-17 12:00:00,NR,-11.2,159.0, ,30,-1,main
1990350S11165,1991,SP,JOY,1990-12-17 15:00:00,NR,-11.4,158.7, ,28,-1,main
1990350S11165,1991,SP,JOY,1990-12-17 18:00:00,NR,-11.7,158.4, ,25,-1,main
1990350S11165,1991,SP,JOY,1990-12-17 21:00:00,NR,-11.9,158.1, ,25,-1,main
1990350S11165,1991,SP,JOY,1990-12-18 00:00:00,TS,-12.0,157.8,35,25,-1,main
1990350S11165,1991,SP,JOY,1990-12-18 03:00:00,TS,-12.2,157.5, ,25,-1,main
1990350S11165,1991,SP,JOY,1990-12-18 06:00:00,TS,-12.3,157.2,35,25,-1,main
1990350S11165,1991,SP,JOY,1990-12-18 09:00:00,TS,-12.4,156.8, ,28,-1,main
1990350S11165,1991,SP,JOY,1990-12-18 12:00:00,TS,-12.5,156.3,35,30,-1,main
1990350S11165,1991,SP,JOY,1990-12-18 15:00:00,TS,-12.6,155.7, ,30,-1,main
1990350S11165,1991,SP,JOY,1990-12-18 18:00:00,TS,-12.7,155.0,35,30,-1,main
1990350S11165,1991,SP,JOY,1990-12-18 21:00:00,TS,-12.5,154.2, ,30,-1,main
1990350S11165,1991,SP,JOY,1990-12-19 00:00:00,TS,-12.4,153.5,35,30,-1,main
1990350S11165,1991,SP,JOY,1990-12-19 03:00:00,TS,-12.3,153.0, ,30,-1,main
1990350S11165,1991,SP,JOY,1990-12-19 06:00:00,TS,-12.4,152.7,40,30,-1,main
1990350S11165,1991,SP,JOY,1990-12-19 09:00:00,TS,-12.4,152.4, ,33,-1,main
1990350S11165,1991,SP,JOY,1990-12-19 12:00:00,TS,-12.5,152.1,40,35,0,main
1990350S11165,1991,SP,JOY,1990-12-19 15:00:00,TS,-12.5,151.7, ,38,0,main
1990350S11165,1991,SP,JOY,1990-12-19 18:00:00,TS,-12.5,151.4,40,40,0,main
1990350S11165,1991,SP,JOY,1990-12-19 21:00:00,TS,-12.4,151.1, ,43,0,main
1990350S11165,1991,SP,JOY,1990-12-20 00:00:00,TS,-12.5,150.9,50,45,0,main
1990350S11165,1991,SP,JOY,1990-12-20 03:00:00,TS,-12.5,150.6, ,48,0,main
1990350S11165,1991,SP,JOY,1990-12-20 06:00:00,TS,-12.5,150.4,60,50,0,main
1990350S11165,1991,SP,JOY,1990-12-20 09:00:00,TS,-12.6,150.1, ,53,0,main
1990350S11165,1991,SP,JOY,1990-12-20 12:00:00,TS,-12.8,149.9,60,55,0,main
1990350S11165,1991,SP,JOY,1990-12-20 15:00:00,TS,-12.9,149.7, ,55,0,main
1990350S11165,1991,SP,JOY,1990-12-20 18:00:00,TS,-13.1,149.4,60,55,0,main
1990350S11165,1991,SP,JOY,1990-12-20 21:00:00,TS,-13.2,149.2, ,55,0,main
1990350S11165,1991,SP,JOY,1990-12-21 00:00:00,TS,-13.5,149.0,60,55,0,main
1990350S11165,1991,SP,JOY,1990-12-21 03:00:00,TS,-13.7,148.8, ,55,0,main
1990350S11165,1991,SP,JOY,1990-12-21 06:00:00,TS,-13.9,148.6,65,55,0,main
1990350S11165,1991,SP,JOY,1990-12-21 09:00:00,TS,-14.1,148.4, ,55,0,main
1990350S11165,1991,SP,JOY,1990-12-21 12:00:00,TS,-14.4,148.2,70,55,0,main
1990350S11165,1991,SP,JOY,1990-12-21 15:00:00,TS,-14.5,148.1, ,58,0,main
1990350S11165,1991,SP,JOY,1990-12-21 18:00:00,TS,-14.7,147.9,70,60,0,main
1990350S11165,1991,SP,JOY,1990-12-21 21:00:00,TS,-14.9,147.7, ,63,0,main
1990350S11165,1991,SP,JOY,1990-12-22 00:00:00,TS,-15.0,147.5,75,65,1,main
1990350S11165,1991,SP,JOY,1990-12-22 03:00:00,TS,-15.2,147.4, ,68,1,main
1990350S11165,1991,SP,JOY,1990-12-22 06:00:00,TS,-15.3,147.3,80,70,1,main
1990350S11165,1991,SP,JOY,1990-12-22 09:00:00,TS,-15.5,147.2, ,73,1,main
1990350S11165,1991,SP,JOY,1990-12-22 12:00:00,TS,-15.7,147.1,85,75,1,main
1990350S11165,1991,SP,JOY,1990-12-22 15:00:00,TS,-15.8,146.9, ,80,1,main
1990350S11165,1991,SP,JOY,1990-12-22 18:00:00,TS,-16.0,146.8,85,85,2,main
1990350S11165,1991,SP,JOY,1990-12-22 21:00:00,TS,-16.0,146.7, ,88,2,main
1990350S11165,1991,SP,JOY,1990-12-23 00:00:00,TS,-16.1,146.7,90,90,2,main
1990350S11165,1991,SP,JOY,1990-12-23 03:00:00,TS,-16.1,146.6, ,90,2,main
1990350S11165,1991,SP,JOY,1990-12-23 06:00:00,TS,-16.2,146.7,90,90,2,main
1990350S11165,1991,SP,JOY,1990-12-23 09:00:00,TS,-16.2,146.6, ,90,2,main
1990350S11165,1991,SP,JOY,1990-12-23 12:00:00,TS,-16.2,146.7,90,90,2,main
1990350S11165,1991,SP,JOY,1990-12-23 15:00:00,TS,-16.3,146.7, ,90,2,main
1990350S11165,1991,SP,JOY,1990-12-23 18:00:00,TS,-16.4,146.7,90,90,2,main
1990350S11165,1991,SP,JOY,1990-12-23 21:00:00,TS,-16.5,146.7, ,88,2,main
1990350S11165,1991,SP,JOY,1990-12-24 00:00:00,TS,-16.6,146.8,85,85,2,main
1990350S11165,1991,SP,JOY,1990-12-24 03:00:00,TS,-16.7,146.8, ,83,2,main
1990350S11165,1991,SP,JOY,1990-12-24 06:00:00,TS,-16.7,147.0,85,80,1,main
1990350S11165,1991,SP,JOY,1990-12-24 09:00:00,TS,-16.7,147.1, ,78,1,main
1990350S11165,1991,SP,JOY,1990-12-24 12:00:00,TS,-16.7,147.2,80,75,1,main
1990350S11165,1991,SP,JOY,1990-12-24 15:00:00,TS,-16.8,147.2, ,73,1,main
1990350S11165,1991,SP,JOY,1990-12-24 18:00:00,TS,-16.9,147.3,65,70,1,main
1990350S11165,1991,SP,JOY,1990-12-24 21:00:00,TS,-17.0,147.4, ,68,1,main
1990350S11165,1991,SP,JOY,1990-12-25 00:00:00,TS,-17.1,147.6,55,65,1,main
1990350S11165,1991,SP,JOY,1990-12-25 03:00:00,TS,-17.1,147.7, ,60,0,main
1990350S11165,1991,SP,JOY,1990-12-25 06:00:00,TS,-17.2,147.8,50,55,0,main
1990350S11165,1991,SP,JOY,1990-12-25 09:00:00,TS,-17.3,147.9, ,50,0,main
1990350S11165,1991,SP,JOY,1990-12-25 12:00:00,TS,-17.4,147.9,50,45,0,main
1990350S11165,1991,SP,JOY,1990-12-25 15:00:00,TS,-17.6,147.9, ,45,0,main
1990350S11165,1991,SP,JOY,1990-12-25 18:00:00,TS,-17.9,147.9,50,45,0,main
1990350S11165,1991,SP,JOY,1990-12-25 21:00:00,TS,-18.2,147.9, ,45,0,main
1990350S11165,1991,SP,JOY,1990-12-26 00:00:00,TS,-18.5,147.8,50,45,0,main
1990350S11165,1991,SP,JOY,1990-12-26 03:00:00,TS,-18.9,147.7, ,45,0,main
1990350S11165,1991,SP,JOY,1990-12-26 06:00:00,TS,-19.2,147.6,45,45,0,main
1990350S11165,1991,SP,JOY,1990-12-26 09:00:00,TS,-19.2,147.4, ,43,0,main
1990350S11165,1991,SP,JOY,1990-12-26 12:00:00,TS,-19.3,147.2,40,40,0,main
1990350S11165,1991,SP,JOY,1990-12-26 15:00:00,TS,-19.3,147.0, ,38,0,main
1990350S11165,1991,SP,JOY,1990-12-26 18:00:00,TS,-19.5,146.8,40,35,0,main
1990350S11165,1991,SP,JOY,1990-12-26 21:00:00,TS,-19.7,146.7, ,33,-1,main
1990350S11165,1991,SP,JOY,1990-12-27 00:00:00,TS,-20.1,146.6, ,30,-1,main
1990350S11165,1991,SP,JOY,1990-12-27 01:00:00,TS,-20.2,146.4,30,29,-1,main
1990350S11165,1991,SP,JOY,1990-12-27 03:00:00,NR,-20.6,146.2, ,28,-1,main
1990350S11165,1991,SP,JOY,1990-12-27 06:00:00,NR,-21.0,146.2, ,25,-1,main
1991046S18150,1991,SP,DAPHNE,1991-02-15 00:00:00,TS,-17.5,150.0, ,15,-1,main
1991046S18150,1991,SP,DAPHNE,1991-02-15 03:00:00,TS,-17.5,149.8, ,15,-1,main
1991046S18150,1991,SP,DAPHNE,1991-02-15 06:00:00,TS,-17.5,149.5, ,15,-1,main
1991046S18150,1991,SP,DAPHNE,1991-02-15 09:00:00,TS,-17.5,149.3, ,18,-1,main
1991046S18150,1991,SP,DAPHNE,1991-02-15 12:00:00,TS,-17.5,149.0, ,20,-1,main
1991046S18150,1991,SP,DAPHNE,1991-02-15 15:00:00,TS,-17.5,148.8, ,20,-1,main
1991046S18150,1991,SP,DAPHNE,1991-02-15 18:00:00,TS,-17.5,148.5, ,20,-1,main
1991046S18150,1991,SP,DAPHNE,1991-02-15 21:00:00,TS,-17.5,148.2, ,20,-1,main
1991046S18150,1991,SP,DAPHNE,1991-02-16 00:00:00,TS,-17.5,148.0, ,20,-1,main
1991046S18150,1991,SP,DAPHNE,1991-02-16 03:00:00,TS,-17.5,147.8, ,23,-1,main
1991046S18150,1991,SP,DAPHNE,1991-02-16 06:00:00,TS,-17.6,147.5, ,25,-1,main
1991046S18150,1991,SP,DAPHNE,1991-02-16 09:00:00,TS,-17.6,147.2, ,25,-1,main
1991046S18150,1991,SP,DAPHNE,1991-02-16 12:00:00,TS,-17.7,147.0, ,25,-1,main
1991046S18150,1991,SP,DAPHNE,1991-02-16 15:00:00,TS,-17.9,146.8, ,25,-1,main
1991046S18150,1991,SP,DAPHNE,1991-02-16 18:00:00,TS,-18.0,146.5, ,25,-1,main
1991046S18150,1991,SP,DAPHNE,1991-02-16 21:00:00,TS,-18.0,146.3, ,28,-1,main
1991046S18150,1991,SP,DAPHNE,1991-02-17 00:00:00,TS,-18.0,146.0, ,30,-1,main
1991046S18150,1991,SP,DAPHNE,1991-02-17 03:00:00,TS,-18.0,145.7, ,30,-1,main
1991046S18150,1991,SP,DAPHNE,1991-02-17 06:00:00,TS,-18.1,145.4, ,30,-1,main
1991046S18150,1991,SP,DAPHNE,1991-02-17 09:00:00,TS,-18.2,145.1, ,30,-1,main
1991046S18150,1991,SP,DAPHNE,1991-02-17 12:00:00,TS,-18.3,144.8, ,30,-1,main
1991046S18150,1991,SP,DAPHNE,1991-02-17 15:00:00,TS,-18.3,144.5, ,28,-1,main
1991046S18150,1991,SP,DAPHNE,1991-02-17 18:00:00,TS,-18.4,144.0, ,25,-1,main
1991046S18150,1991,SP,DAPHNE,1991-02-17 21:00:00,TS,-18.5,143.4, ,23,-1,main
1991046S18150,1991,SP,DAPHNE,1991-02-18 00:00:00,TS,-18.6,142.7, ,20,-1,main
1991046S18150,1991,SP,DAPHNE,1991-02-18 03:00:00,TS,-18.6,142.0, ,20,-1,main
1991046S18150,1991,SP,DAPHNE,1991-02-18 06:00:00,TS,-18.6,141.2, ,20,-1,main
1991046S18150,1991,SP,DAPHNE,1991-02-18 09:00:00,TS,-18.6,140.4, ,18,-1,main
1991046S18150,1991,SP,DAPHNE,1991-02-18 12:00:00,TS,-18.6,139.6, ,15,-1,main
1991046S18150,1991,SP,DAPHNE,1991-02-18 15:00:00,TS,-18.6,138.8, ,15,-1,main
1991046S18150,1991,SP,DAPHNE,1991-02-18 18:00:00,TS,-18.6,138.1, ,15,-1,main
1991046S18150,1991,SP,DAPHNE,1991-02-18 21:00:00,TS,-18.6,137.4, ,15,-1,main
1991046S18150,1991,SP,DAPHNE,1991-02-19 00:00:00,TS,-18.6,136.8, ,15,-1,main
1991046S18150,1991,SP,DAPHNE,1991-02-19 03:00:00,TS,-18.6,136.2, ,15,-1,main
1991046S18150,1991,SP,DAPHNE,1991-02-19 06:00:00,TS,-18.6,135.6, ,15,-1,main
1991046S18150,1991,SI,DAPHNE,1991-02-19 09:00:00,TS,-18.6,135.0, ,15,-1,main
1991046S18150,1991,SI,DAPHNE,1991-02-19 12:00:00,TS,-18.6,134.3, ,15,-1,main
1991046S18150,1991,SI,DAPHNE,1991-02-19 15:00:00,TS,-18.6,133.6, ,15,-1,main
1991046S18150,1991,SI,DAPHNE,1991-02-19 18:00:00,TS,-18.6,133.0, ,15,-1,main
1991046S18150,1991,SI,DAPHNE,1991-02-19 21:00:00,TS,-18.6,132.4, ,18,-1,main
1991046S18150,1991,SI,DAPHNE,1991-02-20 00:00:00,TS,-18.6,131.8, ,20,-1,main
1991046S18150,1991,SI,DAPHNE,1991-02-20 03:00:00,TS,-18.6,131.2, ,20,-1,main
1991046S18150,1991,SI,DAPHNE,1991-02-20 06:00:00,TS,-18.6,130.6, ,20,-1,main
1991046S18150,1991,SI,DAPHNE,1991-02-20 09:00:00,TS,-18.6,130.0, ,20,-1,main
1991046S18150,1991,SI,DAPHNE,1991-02-20 12:00:00,TS,-18.6,129.5, ,20,-1,main
1991046S18150,1991,SI,DAPHNE,1991-02-20 15:00:00,TS,-18.6,129.0, ,20,-1,main
1991046S18150,1991,SI,DAPHNE,1991-02-20 18:00:00,TS,-18.6,128.4, ,20,-1,main
1991046S18150,1991,SI,DAPHNE,1991-02-20 21:00:00,TS,-18.6,127.9, ,20,-1,main
1991046S18150,1991,SI,DAPHNE,1991-02-21 00:00:00,TS,-18.5,127.4,20,20,-1,main
1991046S18150,1991,SI,DAPHNE,1991-02-21 03:00:00,TS,-18.5,126.8, ,23,-1,main
1991046S18150,1991,SI,DAPHNE,1991-02-21 06:00:00,TS,-18.5,126.2,20,25,-1,main
1991046S18150,1991,SI,DAPHNE,1991-02-21 09:00:00,TS,-18.5,125.6, ,25,-1,main
1991046S18150,1991,SI,DAPHNE,1991-02-21 12:00:00,TS,-18.5,124.9,20,25,-1,main
1991046S18150,1991,SI,DAPHNE,1991-02-21 15:00:00,TS,-18.5,124.1, ,25,-1,main
1991046S18150,1991,SI,DAPHNE,1991-02-21 18:00:00,TS,-18.5,123.4,25,25,-1,main
1991046S18150,1991,SI,DAPHNE,1991-02-21 21:00:00,TS,-18.5,122.8, ,28,-1,main
1991046S18150,1991,SI,DAPHNE,1991-02-22 00:00:00,TS,-18.6,122.2,30,30,-1,main
1991046S18150,1991,SI,DAPHNE,1991-02-22 03:00:00,TS,-18.7,121.6,35,30,-1,main
1991046S18150,1991,SI,DAPHNE,1991-02-22 06:00:00,TS,-18.8,121.0,40,30,-1,main
1991046S18150,1991,SI,DAPHNE,1991-02-22 09:00:00,TS,-19.0,120.4,45,33,-1,main
1991046S18150,1991,SI,DAPHNE,1991-02-22 12:00:00,TS,-19.2,119.9,45,35,0,main
1991046S18150,1991,SI,DAPHNE,1991-02-22 15:00:00,TS,-19.3,119.3,50,38,0,main
1991046S18150,1991,SI,DAPHNE,1991-02-22 18:00:00,TS,-19.4,118.6,50,40,0,main
1991046S18150,1991,SI,DAPHNE,1991-02-22 21:00:00,TS,-19.5,118.0,50,45,0,main
1991046S18150,1991,SI,DAPHNE,1991-02-23 00:00:00,TS,-19.6,117.4,55,50,0,main
1991046S18150,1991,SI,DAPHNE,1991-02-23 03:00:00,TS,-19.8,116.7,55,53,0,main
1991046S18150,1991,SI,DAPHNE,1991-02-23 06:00:00,TS,-20.1,116.0,60,55,0,main
1991046S18150,1991,SI,DAPHNE,1991-02-23 09:00:00,TS,-20.3,115.3,60,55,0,main
1991046S18150,1991,SI,DAPHNE,1991-02-23 12:00:00,TS,-20.3,114.7,60,55,0,main
1991046S18150,1991,SI,DAPHNE,1991-02-23 15:00:00,TS,-20.4,114.1,55,58,0,main
1991046S18150,1991,SI,DAPHNE,1991-02-23 18:00:00,TS,-20.5,113.6,50,60,0,main
1991046S18150,1991,SI,DAPHNE,1991-02-23 21:00:00,TS,-20.5,113.2,50,60,0,main
1991046S18150,1991,SI,DAPHNE,1991-02-24 00:00:00,TS,-20.5,112.9,45,60,0,main
1991046S18150,1991,SI,DAPHNE,1991-02-24 03:00:00,TS,-20.5,112.6, ,58,0,main
1991046S18150,1991,SI,DAPHNE,1991-02-24 06:00:00,TS,-20.5,112.4,40,55,0,main
1991046S18150,1991,SI,DAPHNE,1991-02-24 09:00:00,TS,-20.4,112.3, ,53,0,main
1991046S18150,1991,SI,DAPHNE,1991-02-24 12:00:00,TS,-20.4,112.2,40,50,0,main
1991046S18150,1991,SI,DAPHNE,1991-02-24 15:00:00,TS,-20.3,112.2, ,48,0,main
1991046S18150,1991,SI,DAPHNE,1991-02-24 18:00:00,TS,-20.2,112.2,35,45,0,main
1991046S18150,1991,SI,DAPHNE,1991-02-24 21:00:00,TS,-20.1,112.2, ,43,0,main
1991046S18150,1991,SI,DAPHNE,1991-02-25 00:00:00,TS,-20.1,112.3,35,40,0,main
1991046S18150,1991,SI,DAPHNE,1991-02-25 03:00:00,TS,-20.1,112.4, ,40,0,main
1991046S18150,1991,SI,DAPHNE,1991-02-25 06:00:00,TS,-20.2,112.5,35,40,0,main
1991046S18150,1991,SI,DAPHNE,1991-02-25 09:00:00,TS,-20.3,112.5, ,38,0,main
1991046S18150,1991,SI,DAPHNE,1991-02-25 12:00:00,TS,-20.5,112.4,35,35,0,main
1991046S18150,1991,SI,DAPHNE,1991-02-25 15:00:00,TS,-20.8,112.3, ,35,0,main
1991046S18150,1991,SI,DAPHNE,1991-02-25 18:00:00,TS,-21.0,112.1,35,35,0,main
1991046S18150,1991,SI,DAPHNE,1991-02-25 21:00:00,TS,-21.3,111.9, ,35,0,main
1991046S18150,1991,SI,DAPHNE,1991-02-26 00:00:00,TS,-21.6,111.6,30,35,0,main
1991046S18150,1991,SI,DAPHNE,1991-02-26 03:00:00,TS,-22.0,111.4, ,35,0,main
1991046S18150,1991,SI,DAPHNE,1991-02-26 06:00:00,TS,-22.4,111.2,30,35,0,main
1991046S18150,1991,SI,DAPHNE,1991-02-26 09:00:00,TS,-22.9,111.0, ,33,-1,main
1991046S18150,1991,SI,DAPHNE,1991-02-26 12:00:00,TS,-23.4,110.6,30,30,-1,main
1991046S18150,1991,SI,DAPHNE,1991-02-26 15:00:00,TS,-23.9,110.2, ,30,-1,main
1991046S18150,1991,SI,DAPHNE,1991-02-26 18:00:00,TS,-24.3,109.7,30,30,-1,main
1991046S18150,1991,SI,DAPHNE,1991-02-26 21:00:00,TS,-24.6,109.1, ,28,-1,main
1991046S18150,1991,SI,DAPHNE,1991-02-27 00:00:00,TS,-24.8,108.6,25,25,-1,main
1991046S18150,1991,SI,DAPHNE,1991-02-27 03:00:00,TS,-24.9,108.0, , ,-5,main
1991046S18150,1991,SI,DAPHNE,1991-02-27 06:00:00,TS,-25.2,107.4,25, ,-5,main
1991046S18150,1991,SI,DAPHNE,1991-02-27 09:00:00,TS,-25.5,106.8, , ,-5,main
1991046S18150,1991,SI,DAPHNE,1991-02-27 12:00:00,TS,-25.8,106.1,25, ,-5,main
1991046S18150,1991,SI,DAPHNE,1991-02-27 15:00:00,TS,-26.1,105.4, , ,-5,main
1991046S18150,1991,SI,DAPHNE,1991-02-27 18:00:00,TS,-26.4,104.7,25, ,-5,main
1991046S18150,1991,SI,DAPHNE,1991-02-27 21:00:00,TS,-26.7,104.0, , ,-5,main
1991046S18150,1991,SI,DAPHNE,1991-02-28 00:00:00,TS,-27.1,103.4,25, ,-5,main
1991046S18150,1991,SI,DAPHNE,1991-02-28 03:00:00,TS,-27.5,102.8, , ,-5,main
1991046S18150,1991,SI,DAPHNE,1991-02-28 06:00:00,TS,-27.9,102.2,25, ,-5,main
1991046S18150,1991,SI,DAPHNE,1991-02-28 09:00:00,TS,-28.4,101.8, , ,-5,main
1991046S18150,1991,SI,DAPHNE,1991-02-28 12:00:00,TS,-28.9,101.5,25, ,-5,main
1991055S12142,1991,SP,KELVIN,1991-02-24 06:00:00,TS,-11.7,141.9,30, ,-5,main
1991055S12142,1991,SP,KELVIN,1991-02-24 08:00:00,TS,-11.6,142.0,30, ,-5,main
1991055S12142,1991,SP,KELVIN,1991-02-24 09:00:00,TS,-11.6,142.7, , ,-5,main
1991055S12142,1991,SP,KELVIN,1991-02-24 10:00:00,TS,-11.8,143.4,30, ,-5,main
1991055S12142,1991,SP,KELVIN,1991-02-24 12:00:00,TS,-12.3,144.2,30,25,-1,main
1991055S12142,1991,SP,KELVIN,1991-02-24 15:00:00,TS,-12.9,144.9, ,25,-1,main
1991055S12142,1991,SP,KELVIN,1991-02-24 16:00:00,TS,-13.1,145.5,30,25,-1,main
1991055S12142,1991,SP,KELVIN,1991-02-24 18:00:00,TS,-13.6,146.6,30,25,-1,main
1991055S12142,1991,SP,KELVIN,1991-02-24 21:00:00,TS,-14.0,147.8, ,30,-1,main
1991055S12142,1991,SP,KELVIN,1991-02-25 00:00:00,TS,-14.4,148.5,30,35,0,main
1991055S12142,1991,SP,KELVIN,1991-02-25 03:00:00,TS,-15.0,148.8, ,40,0,main
1991055S12142,1991,SP,KELVIN,1991-02-25 04:00:00,TS,-15.2,148.9,30,42,0,main
1991055S12142,1991,SP,KELVIN,1991-02-25 06:00:00,TS,-15.4,149.3,40,45,0,main
1991055S12142,1991,SP,KELVIN,1991-02-25 07:00:00,TS,-15.5,149.5,40,45,0,main
1991055S12142,1991,SP,KELVIN,1991-02-25 09:00:00,TS,-15.9,149.9, ,45,0,main
1991055S12142,1991,SP,KELVIN,1991-02-25 10:00:00,TS,-16.1,150.1,55,45,0,main
1991055S12142,1991,SP,KELVIN,1991-02-25 12:00:00,TS,-16.3,150.3,60,45,0,main
1991055S12142,1991,SP,KELVIN,1991-02-25 13:00:00,TS,-16.4,150.4,60,47,0,main
1991055S12142,1991,SP,KELVIN,1991-02-25 15:00:00,TS,-16.4,150.5, ,50,0,main
1991055S12142,1991,SP,KELVIN,1991-02-25 17:00:00,TS,-16.4,150.6,55,53,0,main
1991055S12142,1991,SP,KELVIN,1991-02-25 18:00:00,TS,-16.5,150.7,55,55,0,main
1991055S12142,1991,SP,KELVIN,1991-02-25 20:00:00,TS,-16.7,150.8,55,52,0,main
1991055S12142,1991,SP,KELVIN,1991-02-25 21:00:00,TS,-16.7,150.8, ,50,0,main
1991055S12142,1991,SP,KELVIN,1991-02-25 23:00:00,TS,-16.8,150.9,55,47,0,main
1991055S12142,1991,SP,KELVIN,1991-02-26 00:00:00,TS,-16.9,151.0,55,45,0,main
1991055S12142,1991,SP,KELVIN,1991-02-26 03:00:00,TS,-17.2,151.1, ,45,0,main
1991055S12142,1991,SP,KELVIN,1991-02-26 05:00:00,TS,-17.4,151.2,55,45,0,main
1991055S12142,1991,SP,KELVIN,1991-02-26 06:00:00,TS,-17.5,151.2,55,45,0,main
1991055S12142,1991,SP,KELVIN,1991-02-26 08:00:00,TS,-17.4,151.0,55,45,0,main
1991055S12142,1991,SP,KELVIN,1991-02-26 09:00:00,TS,-17.4,150.9, ,45,0,main
1991055S12142,1991,SP,KELVIN,1991-02-26 12:00:00,TS,-17.2,150.6,55,45,0,main
1991055S12142,1991,SP,KELVIN,1991-02-26 14:00:00,TS,-17.2,150.5,55,47,0,main
1991055S12142,1991,SP,KELVIN,1991-02-26 15:00:00,TS,-17.2,150.4, ,48,0,main
1991055S12142,1991,SP,KELVIN,1991-02-26 17:00:00,TS,-17.3,150.3,55,49,0,main
1991055S12142,1991,SP,KELVIN,1991-02-26 18:00:00,TS,-17.2,150.2,55,50,0,main
1991055S12142,1991,SP,KELVIN,1991-02-26 20:00:00,TS,-16.9,150.0,55,50,0,main
1991055S12142,1991,SP,KELVIN,1991-02-26 21:00:00,TS,-16.7,149.9, ,50,0,main
1991055S12142,1991,SP,KELVIN,1991-02-27 00:00:00,TS,-16.3,150.1,55,50,0,main
1991055S12142,1991,SP,KELVIN,1991-02-27 03:00:00,TS,-16.1,150.2, ,48,0,main
1991055S12142,1991,SP,KELVIN,1991-02-27 06:00:00,TS,-16.0,150.4,55,45,0,main
1991055S12142,1991,SP,KELVIN,1991-02-27 09:00:00,TS,-15.8,150.4, ,45,0,main
1991055S12142,1991,SP,KELVIN,1991-02-27 12:00:00,TS,-15.6,150.4,55,45,0,main
1991055S12142,1991,SP,KELVIN,1991-02-27 14:00:00,TS,-15.4,150.4,50,45,0,main
1991055S12142,1991,SP,KELVIN,1991-02-27 15:00:00,TS,-15.4,150.4, ,45,0,main
1991055S12142,1991,SP,KELVIN,1991-02-27 18:00:00,TS,-15.3,150.6,50,45,0,main
1991055S12142,1991,SP,KELVIN,1991-02-27 20:00:00,TS,-15.2,150.6,50,45,0,main
1991055S12142,1991,SP,KELVIN,1991-02-27 21:00:00,TS,-15.2,150.6, ,45,0,main
1991055S12142,1991,SP,KELVIN,1991-02-28 00:00:00,TS,-15.3,150.7,50,45,0,main
1991055S12142,1991,SP,KELVIN,1991-02-28 03:00:00,TS,-15.4,150.5, ,45,0,main
1991055S12142,1991,SP,KELVIN,1991-02-28 06:00:00,TS,-15.5,150.3,50,45,0,main
1991055S12142,1991,SP,KELVIN,1991-02-28 09:00:00,TS,-15.5,150.3, ,45,0,main
1991055S12142,1991,SP,KELVIN,1991-02-28 12:00:00,TS,-15.5,150.3,50,45,0,main
1991055S12142,1991,SP,KELVIN,1991-02-28 15:00:00,TS,-15.4,150.2, ,40,0,main
1991055S12142,1991,SP,KELVIN,1991-02-28 18:00:00,TS,-15.5,150.1,50,35,0,main
1991055S12142,1991,SP,KELVIN,1991-02-28 21:00:00,TS,-15.5,150.1, ,35,0,main
1991055S12142,1991,SP,KELVIN,1991-03-01 00:00:00,TS,-15.6,150.1,50,35,0,main
1991055S12142,1991,SP,KELVIN,1991-03-01 02:00:00,TS,-15.5,150.0,50,35,0,main
1991055S12142,1991,SP,KELVIN,1991-03-01 03:00:00,TS,-15.5,149.9, ,35,0,main
1991055S12142,1991,SP,KELVIN,1991-03-01 06:00:00,TS,-15.3,149.7,45,35,0,main
1991055S12142,1991,SP,KELVIN,1991-03-01 09:00:00,TS,-15.2,149.5, ,35,0,main
1991055S12142,1991,SP,KELVIN,1991-03-01 12:00:00,TS,-15.2,149.5,40,35,0,main
1991055S12142,1991,SP,KELVIN,1991-03-01 15:00:00,TS,-15.1,149.6, ,35,0,main
1991055S12142,1991,SP,KELVIN,1991-03-01 18:00:00,TS,-15.1,149.8,40,35,0,main
1991055S12142,1991,SP,KELVIN,1991-03-01 21:00:00,TS,-15.1,150.0, ,35,0,main
1991055S12142,1991,SP,KELVIN,1991-03-02 00:00:00,TS,-15.2,150.1,40,35,0,main
1991055S12142,1991,SP,KELVIN,1991-03-02 03:00:00,TS,-15.2,150.1, ,38,0,main
1991055S12142,1991,SP,KELVIN,1991-03-02 06:00:00,TS,-15.2,150.1,40,40,0,main
1991055S12142,1991,SP,KELVIN,1991-03-02 09:00:00,TS,-15.2,150.1, ,40,0,main
1991055S12142,1991,SP,KELVIN,1991-03-02 12:00:00,TS,-15.2,150.0,40,40,0,main
1991055S12142,1991,SP,KELVIN,1991-03-02 15:00:00,TS,-15.1,150.0, ,40,0,main
1991055S12142,1991,SP,KELVIN,1991-03-02 18:00:00,TS,-15.0,150.0,40,40,0,main
1991055S12142,1991,SP,KELVIN,1991-03-02 20:00:00,TS,-15.0,150.1,45,42,0,main
1991055S12142,1991,SP,KELVIN,1991-03-02 21:00:00,TS,-14.9,150.1, ,43,0,main
1991055S12142,1991,SP,KELVIN,1991-03-03 00:00:00,TS,-14.7,150.2,45,45,0,main
1991055S12142,1991,SP,KELVIN,1991-03-03 02:00:00,TS,-14.6,150.2,50,45,0,main
1991055S12142,1991,SP,KELVIN,1991-03-03 03:00:00,TS,-14.6,150.2, ,45,0,main
1991055S12142,1991,SP,KELVIN,1991-03-03 06:00:00,TS,-14.5,150.3,55,45,0,main
1991055S12142,1991,SP,KELVIN,1991-03-03 08:00:00,TS,-14.4,150.3,55,45,0,main
1991055S12142,1991,SP,KELVIN,1991-03-03 09:00:00,TS,-14.4,150.3, ,45,0,main
1991055S12142,1991,SP,KELVIN,1991-03-03 12:00:00,TS,-14.4,150.4,55,45,0,main
1991055S12142,1991,SP,KELVIN,1991-03-03 15:00:00,TS,-14.4,150.4, ,45,0,main
1991055S12142,1991,SP,KELVIN,1991-03-03 18:00:00,TS,-14.3,150.3,55,45,0,main
1991055S12142,1991,SP,KELVIN,1991-03-03 21:00:00,TS,-14.2,150.3, ,45,0,main
1991055S12142,1991,SP,KELVIN,1991-03-04 00:00:00,TS,-14.2,150.2,55,45,0,main
1991055S12142,1991,SP,KELVIN,1991-03-04 03:00:00,TS,-14.2,150.1, ,45,0,main
1991055S12142,1991,SP,KELVIN,1991-03-04 06:00:00,TS,-14.3,150.0,55,45,0,main
1991055S12142,1991,SP,KELVIN,1991-03-04 09:00:00,TS,-14.1,149.9, ,45,0,main
1991055S12142,1991,SP,KELVIN,1991-03-04 12:00:00,TS,-13.9,149.8,55,45,0,main
1991055S12142,1991,SP,KELVIN,1991-03-04 15:00:00,TS,-13.9,149.7, ,40,0,main
1991055S12142,1991,SP,KELVIN,1991-03-04 18:00:00,TS,-13.9,149.7,45,35,0,main
1991055S12142,1991,SP,KELVIN,1991-03-04 21:00:00,TS,-13.8,149.7, ,35,0,main
1991055S12142,1991,SP,KELVIN,1991-03-05 00:00:00,TS,-13.7,149.6,45,35,0,main
1991055S12142,1991,SP,KELVIN,1991-03-05 03:00:00,TS,-13.6,149.5, ,35,0,main
1991055S12142,1991,SP,KELVIN,1991-03-05 06:00:00,TS,-13.6,149.5,45,35,0,main
1991055S12142,1991,SP,KELVIN,1991-03-05 09:00:00,TS,-13.6,149.5, ,35,0,main
1991055S12142,1991,SP,KELVIN,1991-03-05 12:00:00,TS,-13.7,149.7,40,35,0,main
1991055S12142,1991,SP,KELVIN,1991-03-05 15:00:00,TS,-13.6,149.8, ,35,0,main
1991055S12142,1991,SP,KELVIN,1991-03-05 18:00:00,TS,-13.5,149.9,40,35,0,main
1991055S12142,1991,SP,KELVIN,1991-03-05 21:00:00,TS,-13.5,150.0, ,33,-1,main
1991055S12142,1991,SP,KELVIN,1991-03-06 00:00:00,TS,-13.4,150.1,25,30,-1,main
1991055S12142,1991,SP,KELVIN,1991-03-06 03:00:00,TS,-13.2,150.4, ,30,-1,main
1991055S12142,1991,SP,KELVIN,1991-03-06 06:00:00,TS,-13.2,150.7, ,30,-1,main
1991055S12142,1991,SP,KELVIN,1991-03-06 09:00:00,TS,-13.0,150.8, ,28,-1,main
1991055S12142,1991,SP,KELVIN,1991-03-06 12:00:00,TS,-12.8,150.9, ,25,-1,main
1991339S10203,1992,SP,WASA,1991-12-05 00:00:00,TS,-10.0,-156.8, ,25,-1,main
1991339S10203,1992,SP,WASA,1991-12-05 03:00:00,TS,-10.2,-156.9, ,28,-1,main
1991339S10203,1992,SP,WASA,1991-12-05 06:00:00,TS,-10.4,-157.0, ,30,-1,main
1991339S10203,1992,SP,WASA,1991-12-05 09:00:00,TS,-10.6,-157.0, ,30,-1,main
1991339S10203,1992,SP,WASA,1991-12-05 12:00:00,TS,-10.8,-157.1, ,30,-1,main
1991339S10203,1992,SP,WASA,1991-12-05 15:00:00,TS,-11.0,-157.2, ,33,-1,main
1991339S10203,1992,SP,WASA,1991-12-05 18:00:00,TS,-11.2,-157.6,35,35,0,main
1991339S10203,1992,SP,WASA,1991-12-05 21:00:00,TS,-11.3,-157.8, ,38,0,main
1991339S10203,1992,SP,WASA,1991-12-06 00:00:00,TS,-11.4,-158.1,40,40,0,main
1991339S10203,1992,SP,WASA,1991-12-06 03:00:00,TS,-11.5,-158.2, ,43,0,main
1991339S10203,1992,SP,WASA,1991-12-06 06:00:00,TS,-11.7,-158.2,45,45,0,main
1991339S10203,1992,SP,WASA,1991-12-06 09:00:00,TS,-12.0,-158.3, ,50,0,main
1991339S10203,1992,SP,WASA,1991-12-06 12:00:00,TS,-12.3,-158.4,55,55,0,main
1991339S10203,1992,SP,WASA,1991-12-06 15:00:00,TS,-12.6,-158.6, ,60,0,main
1991339S10203,1992,SP,WASA,1991-12-06 18:00:00,TS,-12.8,-158.7,60,65,1,main
1991339S10203,1992,SP,WASA,1991-12-06 21:00:00,TS,-13.1,-158.7, ,70,1,main
1991339S10203,1992,SP,WASA,1991-12-07 00:00:00,TS,-13.2,-158.8,65,75,1,main
1991339S10203,1992,SP,WASA,1991-12-07 03:00:00,TS,-13.4,-158.9, ,83,2,main
1991339S10203,1992,SP,WASA,1991-12-07 06:00:00,TS,-13.5,-159.0,70,90,2,main
1991339S10203,1992,SP,WASA,1991-12-07 09:00:00,TS,-13.5,-159.1, ,93,2,main
1991339S10203,1992,SP,WASA,1991-12-07 12:00:00,TS,-13.4,-159.2,75,95,2,main
1991339S10203,1992,SP,WASA,1991-12-07 15:00:00,TS,-13.3,-159.2, ,98,3,main
1991339S10203,1992,SP,WASA,1991-12-07 18:00:00,TS,-13.3,-159.2,75,100,3,main
1991339S10203,1992,SP,WASA,1991-12-07 21:00:00,TS,-13.2,-159.2, ,103,3,main
1991339S10203,1992,SP,WASA,1991-12-08 00:00:00,TS,-13.2,-159.0,80,105,3,main
1991339S10203,1992,SP,WASA,1991-12-08 03:00:00,TS,-13.3,-158.9, ,105,3,main
1991339S10203,1992,SP,WASA,1991-12-08 06:00:00,TS,-13.3,-158.8,80,105,3,main
1991339S10203,1992,SP,WASA,1991-12-08 09:00:00,TS,-13.4,-158.6, ,105,3,main
1991339S10203,1992,SP,WASA,1991-12-08 12:00:00,TS,-13.4,-158.5,80,105,3,main
1991339S10203,1992,SP,WASA,1991-12-08 15:00:00,TS,-13.5,-158.4, ,103,3,main
1991339S10203,1992,SP,WASA,1991-12-08 18:00:00,TS,-13.6,-158.3,80,100,3,main
1991339S10203,1992,SP,WASA,1991-12-08 21:00:00,TS,-13.7,-158.1, ,100,3,main
1991339S10203,1992,SP,WASA,1991-12-09 00:00:00,TS,-13.8,-157.8,85,100,3,main
1991339S10203,1992,SP,WASA,1991-12-09 03:00:00,TS,-13.9,-157.5, ,100,3,main
1991339S10203,1992,SP,WASA,1991-12-09 06:00:00,TS,-14.1,-157.2,85,100,3,main
1991339S10203,1992,SP,WASA,1991-12-09 09:00:00,TS,-14.2,-156.9, ,98,3,main
1991339S10203,1992,SP,WASA,1991-12-09 12:00:00,TS,-14.3,-156.5,90,95,2,main
1991339S10203,1992,SP,WASA,1991-12-09 15:00:00,TS,-14.5,-156.1, ,93,2,main
1991339S10203,1992,SP,WASA,1991-12-09 18:00:00,TS,-14.6,-155.7,90,90,2,main
1991339S10203,1992,SP,WASA,1991-12-09 21:00:00,TS,-14.7,-155.4, ,90,2,main
1991339S10203,1992,SP,WASA,1991-12-10 00:00:00,TS,-14.9,-155.1,90,90,2,main
1991339S10203,1992,SP,WASA,1991-12-10 03:00:00,TS,-15.1,-154.8, ,90,2,main
1991339S10203,1992,SP,WASA,1991-12-10 06:00:00,TS,-15.3,-154.5,90,90,2,main
1991339S10203,1992,SP,WASA,1991-12-10 09:00:00,TS,-15.5,-154.3, ,90,2,main
1991339S10203,1992,SP,WASA,1991-12-10 12:00:00,TS,-15.8,-154.0,90,90,2,main
1991339S10203,1992,SP,WASA,1991-12-10 15:00:00,TS,-16.1,-153.7, ,90,2,main
1991339S10203,1992,SP,WASA,1991-12-10 18:00:00,TS,-16.6,-153.4,90,90,2,main
1991339S10203,1992,SP,WASA,1991-12-10 21:00:00,TS,-17.0,-153.1, ,88,2,main
1991339S10203,1992,SP,WASA,1991-12-11 00:00:00,TS,-17.5,-152.8,85,85,2,main
1991339S10203,1992,SP,WASA,1991-12-11 03:00:00,TS,-17.9,-152.6, ,85,2,main
1991339S10203,1992,SP,WASA,1991-12-11 06:00:00,TS,-18.3,-152.3,85,85,2,main
1991339S10203,1992,SP,WASA,1991-12-11 09:00:00,TS,-18.7,-152.1, ,83,2,main
1991339S10203,1992,SP,WASA,1991-12-11 12:00:00,TS,-19.2,-151.9,80,80,1,main
1991339S10203,1992,SP,WASA,1991-12-11 15:00:00,TS,-19.7,-151.8, ,78,1,main
1991339S10203,1992,SP,WASA,1991-12-11 18:00:00,TS,-20.3,-151.5,75,75,1,main
1991339S10203,1992,SP,WASA,1991-12-11 21:00:00,TS,-20.8,-151.2, ,75,1,main
1991339S10203,1992,SP,WASA,1991-12-12 00:00:00,TS,-21.4,-150.7,70,75,1,main
1991339S10203,1992,SP,WASA,1991-12-12 03:00:00,TS,-22.0,-150.4, ,73,1,main
1991339S10203,1992,SP,WASA,1991-12-12 06:00:00,TS,-22.6,-150.1,65,70,1,main
1991339S10203,1992,SP,WASA,1991-12-12 09:00:00,TS,-23.1,-149.6, ,65,1,main
1991339S10203,1992,SP,WASA,1991-12-12 12:00:00,TS,-23.6,-149.0,60,60,0,main
1991339S10203,1992,SP,WASA,1991-12-12 15:00:00,TS,-23.9,-148.3, ,55,0,main
1991339S10203,1992,SP,WASA,1991-12-12 18:00:00,TS,-24.1,-147.4,50,50,0,main
1991339S10203,1992,SP,WASA,1991-12-12 21:00:00,TS,-24.3,-146.7, ,45,0,main
1991339S10203,1992,SP,WASA,1991-12-13 00:00:00,TS,-24.3,-146.0,40,40,0,main
1991339S10203,1992,SP,WASA,1991-12-13 03:00:00,TS,-24.3,-144.9, ,35,0,main
1991339S10203,1992,SP,WASA,1991-12-13 06:00:00,TS,-24.1,-143.9,35,30,-1,main
1991339S10203,1992,SP,WASA,1991-12-13 09:00:00,TS,-23.8,-143.8, , ,-5,main
1991339S10203,1992,SP,WASA,1991-12-13 12:00:00,TS,-23.4,-143.8,35, ,-5,main
1992006S13134,1992,SI,MARK,1992-01-06 06:00:00,TS,-13.0,134.0, ,15,-1,main
1992006S13134,1992,SI,MARK,1992-01-06 09:00:00,TS,-13.1,134.2, ,18,-1,main
1992006S13134,1992,SI,MARK,1992-01-06 12:00:00,TS,-13.1,134.5, ,20,-1,main
1992006S13134,1992,SI,MARK,1992-01-06 15:00:00,TS,-13.1,134.8, ,20,-1,main
1992006S13134,1992,SP,MARK,1992-01-06 18:00:00,TS,-13.2,135.1, ,20,-1,main
1992006S13134,1992,SP,MARK,1992-01-06 21:00:00,TS,-13.3,135.5, ,20,-1,main
1992006S13134,1992,SP,MARK,1992-01-07 00:00:00,TS,-13.3,135.8,20,20,-1,main
1992006S13134,1992,SP,MARK,1992-01-07 03:00:00,TS,-13.3,136.1, ,23,-1,main
1992006S13134,1992,SP,MARK,1992-01-07 06:00:00,TS,-13.4,136.3,30,25,-1,main
1992006S13134,1992,SP,MARK,1992-01-07 09:00:00,TS,-13.4,136.4, ,25,-1,main
1992006S13134,1992,SP,MARK,1992-01-07 12:00:00,TS,-13.4,136.7,30,25,-1,main
1992006S13134,1992,SP,MARK,1992-01-07 15:00:00,TS,-13.6,136.9, ,25,-1,main
1992006S13134,1992,SP,MARK,1992-01-07 18:00:00,TS,-13.7,137.2,35,25,-1,main
1992006S13134,1992,SP,MARK,1992-01-07 21:00:00,TS,-13.8,137.5, ,28,-1,main
1992006S13134,1992,SP,MARK,1992-01-08 00:00:00,TS,-13.9,137.7,40,30,-1,main
1992006S13134,1992,SP,MARK,1992-01-08 03:00:00,TS,-14.0,137.9, ,30,-1,main
1992006S13134,1992,SP,MARK,1992-01-08 06:00:00,TS,-14.0,138.0,40,30,-1,main
1992006S13134,1992,SP,MARK,1992-01-08 09:00:00,TS,-14.0,138.2, ,33,-1,main
1992006S13134,1992,SP,MARK,1992-01-08 12:00:00,TS,-14.0,138.4,40,35,0,main
1992006S13134,1992,SP,MARK,1992-01-08 15:00:00,TS,-14.0,138.6, ,35,0,main
1992006S13134,1992,SP,MARK,1992-01-08 18:00:00,TS,-14.0,138.8,40,35,0,main
1992006S13134,1992,SP,MARK,1992-01-08 21:00:00,TS,-14.0,139.1, ,38,0,main
1992006S13134,1992,SP,MARK,1992-01-09 00:00:00,TS,-13.9,139.3,40,40,0,main
1992006S13134,1992,SP,MARK,1992-01-09 03:00:00,TS,-13.9,139.6, ,43,0,main
1992006S13134,1992,SP,MARK,1992-01-09 06:00:00,TS,-13.9,139.9,50,45,0,main
1992006S13134,1992,SP,MARK,1992-01-09 09:00:00,TS,-13.8,140.1, ,48,0,main
1992006S13134,1992,SP,MARK,1992-01-09 12:00:00,TS,-13.7,140.3,50,50,0,main
1992006S13134,1992,SP,MARK,1992-01-09 15:00:00,TS,-13.5,140.7, ,53,0,main
1992006S13134,1992,SP,MARK,1992-01-09 18:00:00,TS,-13.4,141.0,55,55,0,main
1992006S13134,1992,SP,MARK,1992-01-09 21:00:00,TS,-13.2,141.4, ,55,0,main
1992006S13134,1992,SP,MARK,1992-01-10 00:00:00,TS,-13.1,141.7,50,55,0,main
1992006S13134,1992,SP,MARK,1992-01-10 03:00:00,TS,-13.1,142.1, ,50,0,main
1992006S13134,1992,SP,MARK,1992-01-10 06:00:00,TS,-13.1,142.4,40,45,0,main
1992006S13134,1992,SP,MARK,1992-01-10 09:00:00,TS,-13.1,142.7, ,40,0,main
1992006S13134,1992,SP,MARK,1992-01-10 12:00:00,TS,-13.1,142.9,30,35,0,main
1992006S13134,1992,SP,MARK,1992-01-10 15:00:00,TS,-13.1,143.2, ,30,-1,main
1992006S13134,1992,SP,MARK,1992-01-10 18:00:00,TS,-13.2,143.5, ,25,-1,main
1992006S13134,1992,SP,MARK,1992-01-10 21:00:00,TS,-13.2,143.8, ,25,-1,main
1992006S13134,1992,SP,MARK,1992-01-11 00:00:00,TS,-13.3,144.0, ,25,-1,main
1992006S13134,1992,SP,MARK,1992-01-11 03:00:00,TS,-13.4,144.3, ,25,-1,main
1992006S13134,1992,SP,MARK,1992-01-11 06:00:00,TS,-13.5,144.5, ,25,-1,main
1992006S13134,1992,SP,MARK,1992-01-11 09:00:00,TS,-13.6,144.7, ,23,-1,main
1992006S13134,1992,SP,MARK,1992-01-11 12:00:00,TS,-13.7,145.0, ,20,-1,main
1992084S10212,1992,SP,HETTIE,1992-03-23 18:00:00,TS,-10.0,-148.1, ,20,-1,main
1992084S10212,1992,SP,HETTIE,1992-03-23 21:00:00,TS,-10.2,-148.2, ,20,-1,main
1992084S10212,1992,SP,HETTIE,1992-03-24 00:00:00,TS,-10.4,-148.3, ,20,-1,main
1992084S10212,1992,SP,HETTIE,1992-03-24 03:00:00,TS,-10.6,-148.4, ,20,-1,main
1992084S10212,1992,SP,HETTIE,1992-03-24 06:00:00,TS,-10.8,-148.5, ,20,-1,main
1992084S10212,1992,SP,HETTIE,1992-03-24 09:00:00,TS,-11.0,-148.6, ,23,-1,main
1992084S10212,1992,SP,HETTIE,1992-03-24 12:00:00,TS,-11.3,-148.7, ,25,-1,main
1992084S10212,1992,SP,HETTIE,1992-03-24 15:00:00,TS,-11.6,-148.8, ,25,-1,main
1992084S10212,1992,SP,HETTIE,1992-03-24 18:00:00,TS,-11.8,-149.0, ,25,-1,main
1992084S10212,1992,SP,HETTIE,1992-03-24 21:00:00,TS,-12.0,-149.1, ,25,-1,main
1992084S10212,1992,SP,HETTIE,1992-03-25 00:00:00,TS,-12.3,-149.2, ,25,-1,main
1992084S10212,1992,SP,HETTIE,1992-03-25 03:00:00,TS,-12.8,-149.2,30,25,-1,main
1992084S10212,1992,SP,HETTIE,1992-03-25 06:00:00,TS,-13.3,-149.3,30,25,-1,main
1992084S10212,1992,SP,HETTIE,1992-03-25 09:00:00,TS,-13.6,-149.5, ,28,-1,main
1992084S10212,1992,SP,HETTIE,1992-03-25 12:00:00,TS,-13.9,-149.6,35,30,-1,main
1992084S10212,1992,SP,HETTIE,1992-03-25 15:00:00,TS,-14.3,-149.6, ,30,-1,main
1992084S10212,1992,SP,HETTIE,1992-03-25 18:00:00,TS,-14.6,-149.5,35,30,-1,main
1992084S10212,1992,SP,HETTIE,1992-03-25 21:00:00,TS,-15.1,-149.3, ,33,-1,main
1992084S10212,1992,SP,HETTIE,1992-03-26 00:00:00,TS,-15.6,-149.1,40,35,0,main
1992084S10212,1992,SP,HETTIE,1992-03-26 03:00:00,TS,-16.2,-148.8, ,38,0,main
1992084S10212,1992,SP,HETTIE,1992-03-26 06:00:00,TS,-16.8,-148.6,40,40,0,main
1992084S10212,1992,SP,HETTIE,1992-03-26 09:00:00,TS,-17.5,-148.3, ,43,0,main
1992084S10212,1992,SP,HETTIE,1992-03-26 12:00:00,TS,-18.2,-148.0,40,45,0,main
1992084S10212,1992,SP,HETTIE,1992-03-26 15:00:00,TS,-18.9,-147.6, ,45,0,main
1992084S10212,1992,SP,HETTIE,1992-03-26 18:00:00,TS,-19.6,-147.2,40,45,0,main
1992084S10212,1992,SP,HETTIE,1992-03-26 21:00:00,TS,-20.3,-146.7, ,48,0,main
1992084S10212,1992,SP,HETTIE,1992-03-27 00:00:00,TS,-21.0,-146.3,45,50,0,main
1992084S10212,1992,SP,HETTIE,1992-03-27 03:00:00,TS,-21.7,-145.8, ,50,0,main
1992084S10212,1992,SP,HETTIE,1992-03-27 06:00:00,TS,-22.4,-145.3,45,50,0,main
1992084S10212,1992,SP,HETTIE,1992-03-27 09:00:00,TS,-22.9,-144.6, ,53,0,main
1992084S10212,1992,SP,HETTIE,1992-03-27 12:00:00,TS,-23.5,-143.8,45,55,0,main
1992084S10212,1992,SP,HETTIE,1992-03-27 15:00:00,TS,-24.0,-143.1, ,55,0,main
1992084S10212,1992,SP,HETTIE,1992-03-27 18:00:00,TS,-24.5,-142.3,45,55,0,main
1992084S10212,1992,SP,HETTIE,1992-03-27 21:00:00,TS,-24.9,-141.5, ,55,0,main
1992084S10212,1992,SP,HETTIE,1992-03-28 00:00:00,TS,-25.4,-140.6,40,55,0,main
1992084S10212,1992,SP,HETTIE,1992-03-28 03:00:00,TS,-25.9,-139.7, ,53,0,main
1992084S10212,1992,SP,HETTIE,1992-03-28 06:00:00,TS,-26.4,-138.7,40,50,0,main
1992084S10212,1992,SP,HETTIE,1992-03-28 09:00:00,TS,-26.9,-137.7, ,50,0,main
1992084S10212,1992,SP,HETTIE,1992-03-28 12:00:00,TS,-27.4,-136.6,40,50,0,main
1992084S10212,1992,SP,HETTIE,1992-03-28 15:00:00,TS,-27.9,-135.4, ,48,0,main
1992084S10212,1992,SP,HETTIE,1992-03-28 18:00:00,TS,-28.3,-134.1,40,45,0,main
1992084S10212,1992,SP,HETTIE,1992-03-28 21:00:00,TS,-28.7,-132.7, ,45,0,main
1992084S10212,1992,SP,HETTIE,1992-03-29 00:00:00,TS,-29.0,-131.2,40,45,0,main
1992084S10212,1992,SP,HETTIE,1992-03-29 03:00:00,TS,-29.2,-129.7, ,43,0,main
1992084S10212,1992,SP,HETTIE,1992-03-29 06:00:00,TS,-29.3,-128.1,35,40,0,main
1992357S13143,1993,SP,NINA,1992-12-21 12:00:00,TS,-12.7,142.7, ,20,-1,main
1992357S13143,1993,SP,NINA,1992-12-21 15:00:00,TS,-12.8,142.4, ,20,-1,main
1992357S13143,1993,SP,NINA,1992-12-21 18:00:00,TS,-12.9,142.2, ,20,-1,main
1992357S13143,1993,SP,NINA,1992-12-21 21:00:00,TS,-13.0,142.0, ,20,-1,main
1992357S13143,1993,SP,NINA,1992-12-22 00:00:00,TS,-13.1,141.7, ,20,-1,main
1992357S13143,1993,SP,NINA,1992-12-22 03:00:00,TS,-13.2,141.4, ,20,-1,main
1992357S13143,1993,SP,NINA,1992-12-22 06:00:00,TS,-13.3,141.1, ,20,-1,main
1992357S13143,1993,SP,NINA,1992-12-22 09:00:00,TS,-13.4,140.8, ,20,-1,main
1992357S13143,1993,SP,NINA,1992-12-22 12:00:00,TS,-13.3,140.6,25,20,-1,main
1992357S13143,1993,SP,NINA,1992-12-22 15:00:00,TS,-13.2,140.3, ,23,-1,main
1992357S13143,1993,SP,NINA,1992-12-22 18:00:00,TS,-13.1,140.1,25,25,-1,main
1992357S13143,1993,SP,NINA,1992-12-22 21:00:00,TS,-13.1,139.8, ,25,-1,main
1992357S13143,1993,SP,NINA,1992-12-23 00:00:00,TS,-13.0,139.6,30,25,-1,main
1992357S13143,1993,SP,NINA,1992-12-23 03:00:00,TS,-12.8,139.4, ,28,-1,main
1992357S13143,1993,SP,NINA,1992-12-23 06:00:00,TS,-12.5,139.3,30,30,-1,main
1992357S13143,1993,SP,NINA,1992-12-23 09:00:00,TS,-12.2,139.3, ,30,-1,main
1992357S13143,1993,SP,NINA,1992-12-23 12:00:00,TS,-12.0,139.5,40,30,-1,main
1992357S13143,1993,SP,NINA,1992-12-23 15:00:00,TS,-12.0,139.7, ,33,-1,main
1992357S13143,1993,SP,NINA,1992-12-23 18:00:00,TS,-12.0,140.0,45,35,0,main
1992357S13143,1993,SP,NINA,1992-12-23 21:00:00,TS,-12.1,140.1, ,35,0,main
1992357S13143,1993,SP,NINA,1992-12-24 00:00:00,TS,-12.3,140.3,45,35,0,main
1992357S13143,1993,SP,NINA,1992-12-24 03:00:00,TS,-12.4,140.4, ,38,0,main
1992357S13143,1993,SP,NINA,1992-12-24 06:00:00,TS,-12.6,140.5,50,40,0,main
1992357S13143,1993,SP,NINA,1992-12-24 09:00:00,TS,-12.7,140.6, ,43,0,main
1992357S13143,1993,SP,NINA,1992-12-24 12:00:00,TS,-12.9,140.8,60,45,0,main
1992357S13143,1993,SP,NINA,1992-12-24 15:00:00,TS,-13.2,140.9, ,48,0,main
1992357S13143,1993,SP,NINA,1992-12-24 18:00:00,TS,-13.5,141.1,70,50,0,main
1992357S13143,1993,SP,NINA,1992-12-24 21:00:00,TS,-13.8,141.2, ,53,0,main
1992357S13143,1993,SP,NINA,1992-12-25 00:00:00,TS,-14.0,141.3,80,55,0,main
1992357S13143,1993,SP,NINA,1992-12-25 03:00:00,TS,-14.2,141.4, ,58,0,main
1992357S13143,1993,SP,NINA,1992-12-25 06:00:00,TS,-14.2,141.5,80,60,0,main
1992357S13143,1993,SP,NINA,1992-12-25 09:00:00,TS,-14.3,141.6,80,58,0,main
1992357S13143,1993,SP,NINA,1992-12-25 12:00:00,TS,-14.3,141.7,70,55,0,main
1992357S13143,1993,SP,NINA,1992-12-25 15:00:00,TS,-14.4,141.9, ,50,0,main
1992357S13143,1993,SP,NINA,1992-12-25 18:00:00,TS,-14.4,142.0,50,45,0,main
1992357S13143,1993,SP,NINA,1992-12-25 21:00:00,TS,-14.4,142.2, ,43,0,main
1992357S13143,1993,SP,NINA,1992-12-26 00:00:00,TS,-14.4,142.3,45,40,0,main
1992357S13143,1993,SP,NINA,1992-12-26 03:00:00,TS,-14.4,142.5, ,38,0,main
1992357S13143,1993,SP,NINA,1992-12-26 06:00:00,TS,-14.4,142.7,45,35,0,main
1992357S13143,1993,SP,NINA,1992-12-26 09:00:00,TS,-14.4,142.8, ,35,0,main
1992357S13143,1993,SP,NINA,1992-12-26 12:00:00,TS,-14.4,143.0,40,35,0,main
1992357S13143,1993,SP,NINA,1992-12-26 15:00:00,TS,-14.3,143.0, ,33,-1,main
1992357S13143,1993,SP,NINA,1992-12-26 18:00:00,TS,-14.2,143.1,40,30,-1,main
1992357S13143,1993,SP,NINA,1992-12-26 21:00:00,TS,-14.0,143.2, ,30,-1,main
1992357S13143,1993,SP,NINA,1992-12-27 00:00:00,TS,-13.9,143.4,35,30,-1,main
1992357S13143,1993,SP,NINA,1992-12-27 03:00:00,TS,-13.8,143.6, ,33,-1,main
1992357S13143,1993,SP,NINA,1992-12-27 06:00:00,TS,-13.7,143.8,35,35,0,main
1992357S13143,1993,SP,NINA,1992-12-27 09:00:00,TS,-13.6,144.1, ,35,0,main
1992357S13143,1993,SP,NINA,1992-12-27 12:00:00,TS,-13.5,144.3,30,35,0,main
1992357S13143,1993,SP,NINA,1992-12-27 15:00:00,TS,-13.4,144.5, ,38,0,main
1992357S13143,1993,SP,NINA,1992-12-27 18:00:00,TS,-13.2,144.8,30,40,0,main
1992357S13143,1993,SP,NINA,1992-12-27 21:00:00,TS,-13.2,145.2, ,43,0,main
1992357S13143,1993,SP,NINA,1992-12-28 00:00:00,TS,-13.2,145.6,40,45,0,main
1992357S13143,1993,SP,NINA,1992-12-28 03:00:00,TS,-13.2,145.8, ,48,0,main
1992357S13143,1993,SP,NINA,1992-12-28 06:00:00,TS,-13.3,146.1,40,50,0,main
1992357S13143,1993,SP,NINA,1992-12-28 09:00:00,TS,-13.5,146.4, ,53,0,main
1992357S13143,1993,SP,NINA,1992-12-28 12:00:00,TS,-13.6,146.9,40,55,0,main
1992357S13143,1993,SP,NINA,1992-12-28 15:00:00,TS,-13.7,147.1, ,58,0,main
1992357S13143,1993,SP,NINA,1992-12-28 18:00:00,TS,-13.8,147.5,45,60,0,main
1992357S13143,1993,SP,NINA,1992-12-28 21:00:00,TS,-13.9,148.1, ,60,0,main
1992357S13143,1993,SP,NINA,1992-12-29 00:00:00,TS,-14.1,148.7,50,60,0,main
1992357S13143,1993,SP,NINA,1992-12-29 03:00:00,TS,-14.3,149.3, ,63,0,main
1992357S13143,1993,SP,NINA,1992-12-29 06:00:00,TS,-14.5,149.8,60,65,1,main
1992357S13143,1993,SP,NINA,1992-12-29 09:00:00,TS,-14.8,150.3, ,65,1,main
1992357S13143,1993,SP,NINA,1992-12-29 12:00:00,TS,-15.0,150.8,60,65,1,main
1992357S13143,1993,SP,NINA,1992-12-29 15:00:00,TS,-15.1,151.1, ,65,1,main
1992357S13143,1993,SP,NINA,1992-12-29 18:00:00,TS,-15.2,151.3,60,65,1,main
1992357S13143,1993,SP,NINA,1992-12-29 21:00:00,TS,-15.1,151.6, ,68,1,main
1992357S13143,1993,SP,NINA,1992-12-30 00:00:00,TS,-14.9,152.0,65,70,1,main
1992357S13143,1993,SP,NINA,1992-12-30 03:00:00,TS,-14.7,152.3, ,70,1,main
1992357S13143,1993,SP,NINA,1992-12-30 06:00:00,TS,-14.6,152.5,70,70,1,main
1992357S13143,1993,SP,NINA,1992-12-30 09:00:00,TS,-14.4,152.9, ,70,1,main
1992357S13143,1993,SP,NINA,1992-12-30 12:00:00,TS,-14.3,153.2,70,70,1,main
1992357S13143,1993,SP,NINA,1992-12-30 15:00:00,TS,-14.1,153.4, ,68,1,main
1992357S13143,1993,SP,NINA,1992-12-30 18:00:00,TS,-13.9,153.6,65,65,1,main
1992357S13143,1993,SP,NINA,1992-12-30 21:00:00,TS,-13.7,154.1, ,65,1,main
1992357S13143,1993,SP,NINA,1992-12-31 00:00:00,TS,-13.5,154.5,65,65,1,main
1992357S13143,1993,SP,NINA,1992-12-31 03:00:00,TS,-13.3,154.9, ,65,1,main
1992357S13143,1993,SP,NINA,1992-12-31 06:00:00,TS,-13.1,155.2,65,65,1,main
1992357S13143,1993,SP,NINA,1992-12-31 09:00:00,TS,-13.0,155.5, ,65,1,main
1992357S13143,1993,SP,NINA,1992-12-31 12:00:00,TS,-12.8,155.9,75,65,1,main
1992357S13143,1993,SP,NINA,1992-12-31 15:00:00,TS,-12.6,156.3, ,68,1,main
1992357S13143,1993,SP,NINA,1992-12-31 18:00:00,TS,-12.5,156.9,75,70,1,main
1992357S13143,1993,SP,NINA,1992-12-31 21:00:00,TS,-12.2,157.4, ,70,1,main
1992357S13143,1993,SP,NINA,1993-01-01 00:00:00,TS,-12.0,158.0,80,70,1,main
1992357S13143,1993,SP,NINA,1993-01-01 03:00:00,TS,-11.8,158.6, ,70,1,main
1992357S13143,1993,SP,NINA,1993-01-01 06:00:00,TS,-11.7,159.2,85,70,1,main
1992357S13143,1993,SP,NINA,1993-01-01 09:00:00,TS,-11.7,159.9, ,73,1,main
1992357S13143,1993,SP,NINA,1993-01-01 12:00:00,TS,-11.6,160.5, ,75,1,main
1992357S13143,1993,SP,NINA,1993-01-01 15:00:00,TS,-11.6,161.3, ,75,1,main
1992357S13143,1993,SP,NINA,1993-01-01 18:00:00,TS,-11.5,162.1, ,75,1,main
1992357S13143,1993,SP,NINA,1993-01-01 21:00:00,TS,-11.4,163.0, ,75,1,main
1992357S13143,1993,SP,NINA,1993-01-02 00:00:00,TS,-11.4,163.9, ,75,1,main
1992357S13143,1993,SP,NINA,1993-01-02 03:00:00,TS,-11.4,164.9, ,75,1,main
1992357S13143,1993,SP,NINA,1993-01-02 06:00:00,TS,-11.5,166.0, ,75,1,main
1992357S13143,1993,SP,NINA,1993-01-02 09:00:00,TS,-11.5,167.1, ,73,1,main
1992357S13143,1993,SP,NINA,1993-01-02 12:00:00,TS,-11.5,168.2, ,70,1,main
1992357S13143,1993,SP,NINA,1993-01-02 15:00:00,TS,-11.5,169.4, ,70,1,main
1992357S13143,1993,SP,NINA,1993-01-02 18:00:00,TS,-11.5,170.7, ,70,1,main
1992357S13143,1993,SP,NINA,1993-01-02 21:00:00,TS,-11.5,171.9, ,68,1,main
1992357S13143,1993,SP,NINA,1993-01-03 00:00:00,TS,-11.5,173.1, ,65,1,main
1992357S13143,1993,SP,NINA,1993-01-03 03:00:00,TS,-11.6,174.5, ,63,0,main
1992357S13143,1993,SP,NINA,1993-01-03 06:00:00,TS,-11.7,176.0, ,60,0,main
1992357S13143,1993,SP,NINA,1993-01-03 09:00:00,TS,-11.7,177.5, ,58,0,main
1992357S13143,1993,SP,NINA,1993-01-03 12:00:00,TS,-11.9,179.0, ,55,0,main
1992357S13143,1993,SP,NINA,1993-01-03 15:00:00,TS,-12.3,180.5, ,53,0,main
1992357S13143,1993,SP,NINA,1993-01-03 18:00:00,TS,-13.0,182.0, ,50,0,main
1992357S13143,1993,SP,NINA,1993-01-03 21:00:00,TS,-13.8,183.2, ,48,0,main
1992357S13143,1993,SP,NINA,1993-01-04 00:00:00,TS,-14.8,184.4, ,45,0,main
1992357S13143,1993,SP,NINA,1993-01-04 03:00:00,TS,-15.6,185.8, ,43,0,main
1992357S13143,1993,SP,NINA,1993-01-04 06:00:00,TS,-16.5,187.3, ,40,0,main
1992357S13143,1993,SP,NINA,1993-01-04 09:00:00,TS,-17.2,188.7, ,38,0,main
1992357S13143,1993,SP,NINA,1993-01-04 12:00:00,TS,-17.8,190.2, ,35,0,main
1992357S13143,1993,SP,NINA,1993-01-04 15:00:00,TS,-18.6,191.9, ,30,-1,main
1992357S13143,1993,SP,NINA,1993-01-04 18:00:00,TS,-19.6,193.6, ,25,-1,main
1992357S13143,1993,SP,NINA,1993-01-04 21:00:00,NR,-20.8,195.4, , ,-5,main
1992357S13143,1993,SP,NINA,1993-01-05 00:00:00,NR,-22.3,196.3, , ,-5,main
1992357S13143,1993,SP,NINA,1993-01-05 03:00:00,NR,-23.7,197.0, , ,-5,main
1992357S13143,1993,SP,NINA,1993-01-05 06:00:00,NR,-25.0,197.7, , ,-5,main
1993011S12214,1993,SP,UNNAMED,1993-01-10 18:00:00,TS,-12.3,-146.5, ,20,-1,main
1993011S12214,1993,SP,UNNAMED,1993-01-10 21:00:00,TS,-12.3,-146.8, ,23,-1,main
1993011S12214,1993,SP,UNNAMED,1993-01-11 00:00:00,TS,-12.3,-147.1, ,25,-1,main
1993011S12214,1993,SP,UNNAMED,1993-01-11 03:00:00,TS,-12.3,-147.4, ,25,-1,main
1993011S12214,1993,SP,UNNAMED,1993-01-11 06:00:00,TS,-12.3,-147.7, ,25,-1,main
1993011S12214,1993,SP,UNNAMED,1993-01-11 09:00:00,TS,-12.3,-148.1, ,28,-1,main
1993011S12214,1993,SP,UNNAMED,1993-01-11 12:00:00,TS,-12.2,-148.5, ,30,-1,main
1993011S12214,1993,SP,UNNAMED,1993-01-11 15:00:00,TS,-12.1,-148.9, ,30,-1,main
1993011S12214,1993,SP,UNNAMED,1993-01-11 18:00:00,TS,-12.0,-149.3, ,30,-1,main
1993011S12214,1993,SP,UNNAMED,1993-01-11 21:00:00,TS,-11.9,-149.8, ,30,-1,main
1993011S12214,1993,SP,UNNAMED,1993-01-12 00:00:00,TS,-11.7,-150.5, ,30,-1,main
1993011S12214,1993,SP,UNNAMED,1993-01-12 03:00:00,TS,-11.5,-151.3, ,30,-1,main
1993011S12214,1993,SP,UNNAMED,1993-01-12 06:00:00,TS,-11.4,-152.1, ,30,-1,main
1993011S12214,1993,SP,UNNAMED,1993-01-12 09:00:00,TS,-11.3,-152.9, ,30,-1,main
1993011S12214,1993,SP,UNNAMED,1993-01-12 12:00:00,TS,-11.5,-153.6, ,30,-1,main
1993011S12214,1993,SP,UNNAMED,1993-01-12 15:00:00,TS,-12.0,-154.1, ,30,-1,main
1993011S12214,1993,SP,UNNAMED,1993-01-12 18:00:00,TS,-12.6,-154.3, ,30,-1,main
1993011S12214,1993,SP,UNNAMED,1993-01-12 21:00:00,TS,-13.3,-154.3, ,28,-1,main
1993011S12214,1993,SP,UNNAMED,1993-01-13 00:00:00,TS,-14.0,-154.1, ,25,-1,main
1993011S12214,1993,SP,UNNAMED,1993-01-13 03:00:00,TS,-14.8,-153.9, ,25,-1,main
1993011S12214,1993,SP,UNNAMED,1993-01-13 06:00:00,TS,-15.6,-153.6, ,25,-1,main
1993011S12214,1993,SP,UNNAMED,1993-01-13 09:00:00,TS,-16.3,-153.3, ,25,-1,main
1993011S12214,1993,SP,UNNAMED,1993-01-13 12:00:00,TS,-17.1,-152.9, ,25,-1,main
1993011S12214,1993,SP,UNNAMED,1993-01-13 15:00:00,TS,-17.9,-152.4, ,25,-1,main
1993011S12214,1993,SP,UNNAMED,1993-01-13 18:00:00,TS,-18.7,-151.9, ,25,-1,main
1993011S12214,1993,SP,UNNAMED,1993-01-13 21:00:00,TS,-19.5,-151.3, ,23,-1,main
1993011S12214,1993,SP,UNNAMED,1993-01-14 00:00:00,TS,-20.2,-150.7, ,20,-1,main
1995106S09144,1995,SP,AGNES,1995-04-15 12:00:00,TS,-9.0,143.5, ,15,-1,main
1995106S09144,1995,SP,AGNES,1995-04-15 15:00:00,TS,-9.3,143.7, ,15,-1,main
1995106S09144,1995,SP,AGNES,1995-04-15 18:00:00,TS,-9.6,143.9, ,15,-1,main
1995106S09144,1995,SP,AGNES,1995-04-15 21:00:00,TS,-9.9,144.1, ,18,-1,main
1995106S09144,1995,SP,AGNES,1995-04-16 00:00:00,TS,-10.1,144.4, ,20,-1,main
1995106S09144,1995,SP,AGNES,1995-04-16 03:00:00,TS,-10.3,144.7, ,20,-1,main
1995106S09144,1995,SP,AGNES,1995-04-16 06:00:00,TS,-10.5,145.0, ,20,-1,main
1995106S09144,1995,SP,AGNES,1995-04-16 09:00:00,TS,-10.6,145.3, ,23,-1,main
1995106S09144,1995,SP,AGNES,1995-04-16 12:00:00,TS,-10.8,145.6, ,25,-1,main
1995106S09144,1995,SP,AGNES,1995-04-16 15:00:00,TS,-11.0,145.9, ,25,-1,main
1995106S09144,1995,SP,AGNES,1995-04-16 18:00:00,TS,-11.2,146.3,30,25,-1,main
1995106S09144,1995,SP,AGNES,1995-04-16 21:00:00,TS,-11.4,146.8, ,28,-1,main
1995106S09144,1995,SP,AGNES,1995-04-17 00:00:00,TS,-11.6,147.1,40,30,-1,main
1995106S09144,1995,SP,AGNES,1995-04-17 03:00:00,TS,-11.8,147.4, ,33,-1,main
1995106S09144,1995,SP,AGNES,1995-04-17 06:00:00,TS,-11.9,147.5,50,35,0,main
1995106S09144,1995,SP,AGNES,1995-04-17 09:00:00,TS,-12.0,147.7, ,38,0,main
1995106S09144,1995,SP,AGNES,1995-04-17 12:00:00,TS,-12.2,147.9,60,40,0,main
1995106S09144,1995,SP,AGNES,1995-04-17 15:00:00,TS,-12.3,147.9, ,45,0,main
1995106S09144,1995,SP,AGNES,1995-04-17 18:00:00,TS,-12.5,148.0,60,50,0,main
1995106S09144,1995,SP,AGNES,1995-04-17 21:00:00,TS,-12.6,148.0, ,55,0,main
1995106S09144,1995,SP,AGNES,1995-04-18 00:00:00,TS,-12.7,148.0,65,60,0,main
1995106S09144,1995,SP,AGNES,1995-04-18 03:00:00,TS,-12.8,148.0, ,68,1,main
1995106S09144,1995,SP,AGNES,1995-04-18 06:00:00,TS,-12.9,148.0,80,75,1,main
1995106S09144,1995,SP,AGNES,1995-04-18 09:00:00,TS,-12.9,147.9, ,83,2,main
1995106S09144,1995,SP,AGNES,1995-04-18 12:00:00,TS,-12.9,147.8,95,90,2,main
1995106S09144,1995,SP,AGNES,1995-04-18 15:00:00,TS,-12.9,147.8, ,98,3,main
1995106S09144,1995,SP,AGNES,1995-04-18 18:00:00,TS,-12.9,147.8,100,105,3,main
1995106S09144,1995,SP,AGNES,1995-04-18 21:00:00,TS,-12.9,147.7, ,108,3,main
1995106S09144,1995,SP,AGNES,1995-04-19 00:00:00,TS,-12.9,147.7,100,110,3,main
1995106S09144,1995,SP,AGNES,1995-04-19 03:00:00,TS,-12.9,147.7, ,108,3,main
1995106S09144,1995,SP,AGNES,1995-04-19 06:00:00,TS,-13.0,147.7,90,105,3,main
1995106S09144,1995,SP,AGNES,1995-04-19 09:00:00,TS,-13.0,147.6, ,103,3,main
1995106S09144,1995,SP,AGNES,1995-04-19 12:00:00,TS,-13.0,147.6,80,100,3,main
1995106S09144,1995,SP,AGNES,1995-04-19 15:00:00,TS,-13.0,147.6, ,98,3,main
1995106S09144,1995,SP,AGNES,1995-04-19 18:00:00,TS,-13.0,147.5,80,95,2,main
1995106S09144,1995,SP,AGNES,1995-04-19 21:00:00,TS,-13.0,147.5, ,93,2,main
1995106S09144,1995,SP,AGNES,1995-04-20 00:00:00,TS,-13.0,147.5,70,90,2,main
1995106S09144,1995,SP,AGNES,1995-04-20 03:00:00,TS,-13.0,147.5, ,88,2,main
1995106S09144,1995,SP,AGNES,1995-04-20 06:00:00,TS,-13.0,147.5,70,85,2,main
1995106S09144,1995,SP,AGNES,1995-04-20 09:00:00,TS,-13.0,147.5, ,80,1,main
1995106S09144,1995,SP,AGNES,1995-04-20 12:00:00,TS,-12.9,147.5,60,75,1,main
1995106S09144,1995,SP,AGNES,1995-04-20 15:00:00,TS,-12.8,147.6, ,70,1,main
1995106S09144,1995,SP,AGNES,1995-04-20 18:00:00,TS,-12.6,147.6,55,65,1,main
1995106S09144,1995,SP,AGNES,1995-04-20 21:00:00,TS,-12.4,147.7, ,63,0,main
1995106S09144,1995,SP,AGNES,1995-04-21 00:00:00,TS,-12.2,147.8,50,60,0,main
1995106S09144,1995,SP,AGNES,1995-04-21 03:00:00,TS,-12.0,147.9, ,58,0,main
1995106S09144,1995,SP,AGNES,1995-04-21 06:00:00,TS,-11.9,148.0,50,55,0,main
1995106S09144,1995,SP,AGNES,1995-04-21 09:00:00,TS,-11.7,148.1, ,53,0,main
1995106S09144,1995,SP,AGNES,1995-04-21 12:00:00,TS,-11.5,148.1,50,50,0,main
1995106S09144,1995,SP,AGNES,1995-04-21 15:00:00,TS,-11.3,148.1, ,48,0,main
1995106S09144,1995,SP,AGNES,1995-04-21 18:00:00,TS,-11.1,148.0,50,45,0,main
1995106S09144,1995,SP,AGNES,1995-04-21 21:00:00,TS,-10.9,147.9, ,43,0,main
1995106S09144,1995,SP,AGNES,1995-04-22 00:00:00,TS,-10.8,147.8,50,40,0,main
1995106S09144,1995,SP,AGNES,1995-04-22 03:00:00,TS,-10.6,147.7, ,38,0,main
1995106S09144,1995,SP,AGNES,1995-04-22 06:00:00,TS,-10.4,147.5,40,35,0,main
1995106S09144,1995,SP,AGNES,1995-04-22 09:00:00,TS,-10.2,147.3, ,33,-1,main
1995106S09144,1995,SP,AGNES,1995-04-22 12:00:00,TS,-10.0,147.1,30,30,-1,main
1995106S09144,1995,SP,AGNES,1995-04-22 15:00:00,TS,-9.8,146.9, ,30,-1,main
1995106S09144,1995,SP,AGNES,1995-04-22 18:00:00,TS,-9.6,146.6, ,30,-1,main
1995106S09144,1995,SP,AGNES,1995-04-22 21:00:00,TS,-9.4,146.4, ,28,-1,main
1995106S09144,1995,SP,AGNES,1995-04-23 00:00:00,TS,-9.2,146.2, ,25,-1,main
1995106S09144,1995,SP,AGNES,1995-04-23 03:00:00,TS,-9.0,146.0, ,25,-1,main
1995106S09144,1995,SP,AGNES,1995-04-23 06:00:00,TS,-8.9,145.8, ,25,-1,main
1995106S09144,1995,SP,AGNES,1995-04-23 09:00:00,TS,-8.8,145.6, ,23,-1,main
1995106S09144,1995,SP,AGNES,1995-04-23 12:00:00,TS,-8.6,145.5, ,20,-1,main
1996021S16152,1996,SP,CELESTE,1996-01-21 00:00:00,TS,-15.7,151.8, ,15,-1,main
1996021S16152,1996,SP,CELESTE,1996-01-21 03:00:00,TS,-15.6,151.6, ,15,-1,main
1996021S16152,1996,SP,CELESTE,1996-01-21 06:00:00,TS,-15.5,151.4, ,15,-1,main
1996021S16152,1996,SP,CELESTE,1996-01-21 09:00:00,TS,-15.4,151.3, ,15,-1,main
1996021S16152,1996,SP,CELESTE,1996-01-21 12:00:00,TS,-15.4,151.2, ,15,-1,main
1996021S16152,1996,SP,CELESTE,1996-01-21 15:00:00,TS,-15.3,151.1, ,15,-1,main
1996021S16152,1996,SP,CELESTE,1996-01-21 18:00:00,TS,-15.3,151.1, ,15,-1,main
1996021S16152,1996,SP,CELESTE,1996-01-21 21:00:00,TS,-15.3,151.0, ,15,-1,main
1996021S16152,1996,SP,CELESTE,1996-01-22 00:00:00,TS,-15.3,150.9, ,15,-1,main
1996021S16152,1996,SP,CELESTE,1996-01-22 03:00:00,TS,-15.3,150.8, ,15,-1,main
1996021S16152,1996,SP,CELESTE,1996-01-22 06:00:00,TS,-15.2,150.7, ,15,-1,main
1996021S16152,1996,SP,CELESTE,1996-01-22 09:00:00,TS,-15.2,150.6, ,15,-1,main
1996021S16152,1996,SP,CELESTE,1996-01-22 12:00:00,TS,-15.2,150.6, ,15,-1,main
1996021S16152,1996,SP,CELESTE,1996-01-22 15:00:00,TS,-15.1,150.6, ,15,-1,main
1996021S16152,1996,SP,CELESTE,1996-01-22 18:00:00,TS,-15.0,150.6, ,15,-1,main
1996021S16152,1996,SP,CELESTE,1996-01-22 21:00:00,TS,-15.0,150.5, ,18,-1,main
1996021S16152,1996,SP,CELESTE,1996-01-23 00:00:00,TS,-14.9,150.4, ,20,-1,main
1996021S16152,1996,SP,CELESTE,1996-01-23 03:00:00,TS,-14.8,150.4, ,20,-1,main
1996021S16152,1996,SP,CELESTE,1996-01-23 06:00:00,TS,-14.7,150.3, ,20,-1,main
1996021S16152,1996,SP,CELESTE,1996-01-23 09:00:00,TS,-14.6,150.2, ,20,-1,main
1996021S16152,1996,SP,CELESTE,1996-01-23 12:00:00,TS,-14.5,150.0, ,20,-1,main
1996021S16152,1996,SP,CELESTE,1996-01-23 15:00:00,TS,-14.5,149.8, ,23,-1,main
1996021S16152,1996,SP,CELESTE,1996-01-23 18:00:00,TS,-14.5,149.7, ,25,-1,main
1996021S16152,1996,SP,CELESTE,1996-01-23 21:00:00,TS,-14.6,149.6, ,23,-1,main
1996021S16152,1996,SP,CELESTE,1996-01-24 00:00:00,TS,-14.8,149.6, ,20,-1,main
1996021S16152,1996,SP,CELESTE,1996-01-24 03:00:00,TS,-15.0,149.6, ,20,-1,main
1996021S16152,1996,SP,CELESTE,1996-01-24 06:00:00,TS,-15.2,149.5, ,20,-1,main
1996021S16152,1996,SP,CELESTE,1996-01-24 09:00:00,TS,-15.5,149.4, ,20,-1,main
1996021S16152,1996,SP,CELESTE,1996-01-24 12:00:00,TS,-15.7,149.4, ,20,-1,main
1996021S16152,1996,SP,CELESTE,1996-01-24 15:00:00,TS,-15.9,149.5, ,20,-1,main
1996021S16152,1996,SP,CELESTE,1996-01-24 18:00:00,TS,-16.0,149.5, ,20,-1,main
1996021S16152,1996,SP,CELESTE,1996-01-24 21:00:00,TS,-16.2,149.4, ,20,-1,main
1996021S16152,1996,SP,CELESTE,1996-01-25 00:00:00,TS,-16.4,149.3, ,20,-1,main
1996021S16152,1996,SP,CELESTE,1996-01-25 03:00:00,TS,-16.5,149.2, ,23,-1,main
1996021S16152,1996,SP,CELESTE,1996-01-25 06:00:00,TS,-16.6,149.0, ,25,-1,main
1996021S16152,1996,SP,CELESTE,1996-01-25 09:00:00,TS,-16.8,148.8, ,25,-1,main
1996021S16152,1996,SP,CELESTE,1996-01-25 12:00:00,TS,-16.9,148.5, ,25,-1,main
1996021S16152,1996,SP,CELESTE,1996-01-25 15:00:00,TS,-17.0,148.2, ,25,-1,main
1996021S16152,1996,SP,CELESTE,1996-01-25 18:00:00,TS,-17.1,148.1,25,25,-1,main
1996021S16152,1996,SP,CELESTE,1996-01-25 21:00:00,TS,-17.3,147.9, ,25,-1,main
1996021S16152,1996,SP,CELESTE,1996-01-26 00:00:00,TS,-17.5,147.7,25,25,-1,main
1996021S16152,1996,SP,CELESTE,1996-01-26 03:00:00,TS,-17.6,147.3, ,25,-1,main
1996021S16152,1996,SP,CELESTE,1996-01-26 06:00:00,TS,-17.8,147.0,25,25,-1,main
1996021S16152,1996,SP,CELESTE,1996-01-26 09:00:00,TS,-18.0,146.8, ,30,-1,main
1996021S16152,1996,SP,CELESTE,1996-01-26 12:00:00,TS,-18.3,146.8,30,35,0,main
1996021S16152,1996,SP,CELESTE,1996-01-26 15:00:00,TS,-18.5,147.1, ,40,0,main
1996021S16152,1996,SP,CELESTE,1996-01-26 18:00:00,TS,-18.9,147.5,40,45,0,main
1996021S16152,1996,SP,CELESTE,1996-01-26 21:00:00,TS,-19.3,147.9, ,55,0,main
1996021S16152,1996,SP,CELESTE,1996-01-27 00:00:00,TS,-19.6,148.1,50,65,1,main
1996021S16152,1996,SP,CELESTE,1996-01-27 03:00:00,TS,-19.7,148.4, ,65,1,main
1996021S16152,1996,SP,CELESTE,1996-01-27 06:00:00,TS,-19.7,148.6,65,65,1,main
1996021S16152,1996,SP,CELESTE,1996-01-27 09:00:00,TS,-19.6,149.0, ,60,0,main
1996021S16152,1996,SP,CELESTE,1996-01-27 12:00:00,TS,-19.5,149.4,70,55,0,main
1996021S16152,1996,SP,CELESTE,1996-01-27 15:00:00,TS,-19.3,149.8, ,55,0,main
1996021S16152,1996,SP,CELESTE,1996-01-27 18:00:00,TS,-19.1,150.3,70,55,0,main
1996021S16152,1996,SP,CELESTE,1996-01-27 21:00:00,TS,-19.0,150.7, ,50,0,main
1996021S16152,1996,SP,CELESTE,1996-01-28 00:00:00,TS,-18.9,151.2,60,45,0,main
1996021S16152,1996,SP,CELESTE,1996-01-28 03:00:00,TS,-18.8,151.8, ,45,0,main
1996021S16152,1996,SP,CELESTE,1996-01-28 06:00:00,TS,-18.7,152.4,55,45,0,main
1996021S16152,1996,SP,CELESTE,1996-01-28 09:00:00,TS,-18.6,153.0, ,45,0,main
1996021S16152,1996,SP,CELESTE,1996-01-28 12:00:00,TS,-18.6,153.6,50,45,0,main
1996021S16152,1996,SP,CELESTE,1996-01-28 15:00:00,TS,-18.5,154.1, ,45,0,main
1996021S16152,1996,SP,CELESTE,1996-01-28 18:00:00,TS,-18.5,154.6,50,45,0,main
1996021S16152,1996,SP,CELESTE,1996-01-28 21:00:00,TS,-18.4,155.0, ,43,0,main
1996021S16152,1996,SP,CELESTE,1996-01-29 00:00:00,TS,-18.3,155.5,45,40,0,main
1996021S16152,1996,SP,CELESTE,1996-01-29 03:00:00,TS,-18.0,155.9, ,40,0,main
1996021S16152,1996,SP,CELESTE,1996-01-29 06:00:00,TS,-17.8,156.4,35,40,0,main
1996021S16152,1996,SP,CELESTE,1996-01-29 09:00:00,TS,-17.7,156.9, ,40,0,main
1996021S16152,1996,SP,CELESTE,1996-01-29 12:00:00,TS,-17.6,157.5,30,40,0,main
1996021S16152,1996,SP,CELESTE,1996-01-29 15:00:00,TS,-17.3,158.1, ,38,0,main
1996021S16152,1996,SP,CELESTE,1996-01-29 18:00:00,TS,-17.1,158.8, ,35,0,main
1996021S16152,1996,SP,CELESTE,1996-01-29 21:00:00,TS,-16.8,159.5, ,33,-1,main
1996021S16152,1996,SP,CELESTE,1996-01-30 00:00:00,TS,-16.7,160.3, ,30,-1,main
1996021S16152,1996,SP,CELESTE,1996-01-30 03:00:00,TS,-16.7,161.0, ,28,-1,main
1996021S16152,1996,SP,CELESTE,1996-01-30 06:00:00,TS,-16.9,161.6, ,25,-1,main
1996021S16152,1996,SP,CELESTE,1996-01-30 09:00:00,TS,-17.0,162.1, ,25,-1,main
1996021S16152,1996,SP,CELESTE,1996-01-30 12:00:00,TS,-17.3,162.7, ,25,-1,main
1996021S16152,1996,SP,CELESTE,1996-01-30 15:00:00,TS,-17.4,163.4, ,25,-1,main
1996021S16152,1996,SP,CELESTE,1996-01-30 18:00:00,TS,-17.6,164.2, ,25,-1,main
1996021S16152,1996,SP,CELESTE,1996-01-30 21:00:00,NR,-17.5,165.1, , ,-5,main
1996021S16152,1996,SP,CELESTE,1996-01-31 00:00:00,NR,-18.0,166.0, , ,-5,main
1996026S14143,1996,SP,JACOB,1996-01-25 12:00:00,TS,-14.0,142.7, ,15,-1,main
1996026S14143,1996,SP,JACOB,1996-01-25 15:00:00,TS,-14.0,142.6, ,15,-1,main
1996026S14143,1996,SP,JACOB,1996-01-25 18:00:00,TS,-14.0,142.4, ,15,-1,main
1996026S14143,1996,SP,JACOB,1996-01-25 21:00:00,TS,-14.0,142.2, ,15,-1,main
1996026S14143,1996,SP,JACOB,1996-01-26 00:00:00,TS,-14.0,142.0, ,15,-1,main
1996026S14143,1996,SP,JACOB,1996-01-26 03:00:00,TS,-14.0,141.7, ,18,-1,main
1996026S14143,1996,SP,JACOB,1996-01-26 06:00:00,TS,-14.0,141.3, ,20,-1,main
1996026S14143,1996,SP,JACOB,1996-01-26 09:00:00,TS,-14.0,141.1, ,20,-1,main
1996026S14143,1996,SP,JACOB,1996-01-26 12:00:00,TS,-14.0,140.9, ,20,-1,main
1996026S14143,1996,SP,JACOB,1996-01-26 15:00:00,TS,-14.0,140.7, ,20,-1,main
1996026S14143,1996,SP,JACOB,1996-01-26 18:00:00,TS,-14.0,140.5, ,20,-1,main
1996026S14143,1996,SP,JACOB,1996-01-26 21:00:00,TS,-14.0,140.4, ,20,-1,main
1996026S14143,1996,SP,JACOB,1996-01-27 00:00:00,TS,-14.0,140.2,25,20,-1,main
1996026S14143,1996,SP,JACOB,1996-01-27 03:00:00,TS,-14.1,140.0, ,20,-1,main
1996026S14143,1996,SP,JACOB,1996-01-27 06:00:00,TS,-14.2,139.7,25,20,-1,main
1996026S14143,1996,SP,JACOB,1996-01-27 09:00:00,TS,-14.4,139.4, ,23,-1,main
1996026S14143,1996,SP,JACOB,1996-01-27 12:00:00,TS,-14.7,139.0,30,25,-1,main
1996026S14143,1996,SP,JACOB,1996-01-27 15:00:00,TS,-14.9,138.6, ,28,-1,main
1996026S14143,1996,SP,JACOB,1996-01-27 18:00:00,TS,-15.0,138.3,35,30,-1,main
1996026S14143,1996,SP,JACOB,1996-01-27 21:00:00,TS,-15.2,138.0, ,35,0,main
1996026S14143,1996,SP,JACOB,1996-01-28 00:00:00,TS,-15.3,137.7,40,40,0,main
1996026S14143,1996,SP,JACOB,1996-01-28 03:00:00,TS,-15.5,137.4, ,45,0,main
1996026S14143,1996,SP,JACOB,1996-01-28 06:00:00,TS,-15.6,137.1,45,50,0,main
1996026S14143,1996,SP,JACOB,1996-01-28 09:00:00,TS,-15.7,136.8, ,50,0,main
1996026S14143,1996,SP,JACOB,1996-01-28 12:00:00,TS,-15.8,136.5,40,50,0,main
1996026S14143,1996,SP,JACOB,1996-01-28 15:00:00,TS,-16.0,136.3, ,45,0,main
1996026S14143,1996,SP,JACOB,1996-01-28 18:00:00,TS,-16.2,136.0,30,40,0,main
1996026S14143,1996,SP,JACOB,1996-01-28 21:00:00,TS,-16.4,135.5, ,38,0,main
1996026S14143,1996,SP,JACOB,1996-01-29 00:00:00,TS,-16.6,135.0,20,35,0,main
1996026S14143,1996,SI,JACOB,1996-01-29 03:00:00,TS,-16.7,134.4, ,33,-1,main
1996026S14143,1996,SI,JACOB,1996-01-29 06:00:00,TS,-16.7,133.9,15,30,-1,main
1996026S14143,1996,SI,JACOB,1996-01-29 09:00:00,TS,-16.7,133.6, ,30,-1,main
1996026S14143,1996,SI,JACOB,1996-01-29 12:00:00,TS,-16.8,133.3,15,30,-1,main
1996026S14143,1996,SI,JACOB,1996-01-29 15:00:00,TS,-16.8,133.0, ,30,-1,main
1996026S14143,1996,SI,JACOB,1996-01-29 18:00:00,TS,-16.9,132.7,15,30,-1,main
1996026S14143,1996,SI,JACOB,1996-01-29 21:00:00,TS,-17.0,132.3, ,30,-1,main
1996026S14143,1996,SI,JACOB,1996-01-30 00:00:00,TS,-17.0,131.8,15,30,-1,main
1996026S14143,1996,SI,JACOB,1996-01-30 03:00:00,TS,-17.0,131.4, ,28,-1,main
1996026S14143,1996,SI,JACOB,1996-01-30 06:00:00,TS,-16.9,131.1,15,25,-1,main
1996026S14143,1996,SI,JACOB,1996-01-30 09:00:00,TS,-16.8,130.7, ,25,-1,main
1996026S14143,1996,SI,JACOB,1996-01-30 12:00:00,TS,-16.7,130.4,15,25,-1,main
1996026S14143,1996,SI,JACOB,1996-01-30 15:00:00,TS,-16.5,130.2, ,25,-1,main
1996026S14143,1996,SI,JACOB,1996-01-30 18:00:00,TS,-16.4,130.1,15,25,-1,main
1996026S14143,1996,SI,JACOB,1996-01-30 21:00:00,TS,-16.3,130.0, ,25,-1,main
1996026S14143,1996,SI,JACOB,1996-01-31 00:00:00,TS,-16.2,129.9,15,25,-1,main
1996026S14143,1996,SI,JACOB,1996-01-31 03:00:00,TS,-16.1,129.7, ,25,-1,main
1996026S14143,1996,SI,JACOB,1996-01-31 06:00:00,TS,-16.0,129.5,15,25,-1,main
1996026S14143,1996,SI,JACOB,1996-01-31 09:00:00,TS,-15.9,129.3, ,25,-1,main
1996026S14143,1996,SI,JACOB,1996-01-31 12:00:00,TS,-15.7,129.1,15,25,-1,main
1996026S14143,1996,SI,JACOB,1996-01-31 15:00:00,TS,-15.5,128.8, ,25,-1,main
1996026S14143,1996,SI,JACOB,1996-01-31 18:00:00,TS,-15.3,128.5,15,25,-1,main
1996026S14143,1996,SI,JACOB,1996-01-31 21:00:00,TS,-15.0,128.3, ,25,-1,main
1996026S14143,1996,SI,JACOB,1996-02-01 00:00:00,TS,-14.8,128.0,20,25,-1,main
1996026S14143,1996,SI,JACOB,1996-02-01 03:00:00,TS,-14.6,127.7, ,25,-1,main
1996026S14143,1996,SI,JACOB,1996-02-01 06:00:00,TS,-14.4,127.4,20,25,-1,main
1996026S14143,1996,SI,JACOB,1996-02-01 09:00:00,TS,-14.2,127.0, ,28,-1,main
1996026S14143,1996,SI,JACOB,1996-02-01 12:00:00,TS,-14.0,126.5,30,30,-1,main
1996026S14143,1996,SI,JACOB,1996-02-01 13:00:00,TS,-14.0,126.3,30,30,-1,main
1996026S14143,1996,SI,JACOB,1996-02-01 15:00:00,TS,-14.0,125.9, ,30,-1,main
1996026S14143,1996,SI,JACOB,1996-02-01 16:00:00,TS,-14.0,125.6,30,30,-1,main
1996026S14143,1996,SI,JACOB,1996-02-01 18:00:00,TS,-14.1,125.3,35,30,-1,main
1996026S14143,1996,SI,JACOB,1996-02-01 19:00:00,TS,-14.2,125.1,35,31,-1,main
1996026S14143,1996,SI,JACOB,1996-02-01 21:00:00,TS,-14.4,124.7, ,33,-1,main
1996026S14143,1996,SI,JACOB,1996-02-01 22:00:00,TS,-14.5,124.6,35,33,-1,main
1996026S14143,1996,SI,JACOB,1996-02-02 00:00:00,TS,-14.7,124.2,40,35,0,main
1996026S14143,1996,SI,JACOB,1996-02-02 01:00:00,TS,-14.8,124.1,40,36,0,main
1996026S14143,1996,SI,JACOB,1996-02-02 03:00:00,TS,-15.0,123.6, ,38,0,main
1996026S14143,1996,SI,JACOB,1996-02-02 04:00:00,TS,-15.1,123.4,40,38,0,main
1996026S14143,1996,SI,JACOB,1996-02-02 06:00:00,TS,-15.4,123.2,50,40,0,main
1996026S14143,1996,SI,JACOB,1996-02-02 07:00:00,TS,-15.5,123.1,50,41,0,main
1996026S14143,1996,SI,JACOB,1996-02-02 09:00:00,TS,-15.7,122.7, ,43,0,main
1996026S14143,1996,SI,JACOB,1996-02-02 10:00:00,TS,-15.8,122.6,55,43,0,main
1996026S14143,1996,SI,JACOB,1996-02-02 12:00:00,TS,-16.0,122.2,60,45,0,main
1996026S14143,1996,SI,JACOB,1996-02-02 13:00:00,TS,-16.1,122.0,60,45,0,main
1996026S14143,1996,SI,JACOB,1996-02-02 15:00:00,TS,-16.3,121.6, ,45,0,main
1996026S14143,1996,SI,JACOB,1996-02-02 16:00:00,TS,-16.4,121.4,65,45,0,main
1996026S14143,1996,SI,JACOB,1996-02-02 18:00:00,TS,-16.5,121.0,65,45,0,main
1996026S14143,1996,SI,JACOB,1996-02-02 19:00:00,TS,-16.6,120.8,65,47,0,main
1996026S14143,1996,SI,JACOB,1996-02-02 21:00:00,TS,-16.8,120.4, ,50,0,main
1996026S14143,1996,SI,JACOB,1996-02-02 22:00:00,TS,-16.8,120.2,70,52,0,main
1996026S14143,1996,SI,JACOB,1996-02-03 00:00:00,TS,-16.9,119.9,70,55,0,main
1996026S14143,1996,SI,JACOB,1996-02-03 01:00:00,TS,-17.0,119.7,70,57,0,main
1996026S14143,1996,SI,JACOB,1996-02-03 03:00:00,TS,-17.1,119.4, ,60,0,main
1996026S14143,1996,SI,JACOB,1996-02-03 04:00:00,TS,-17.2,119.2,70,62,0,main
1996026S14143,1996,SI,JACOB,1996-02-03 06:00:00,TS,-17.3,118.9,70,65,1,main
1996026S14143,1996,SI,JACOB,1996-02-03 07:00:00,TS,-17.3,118.7,70,67,1,main
1996026S14143,1996,SI,JACOB,1996-02-03 09:00:00,TS,-17.4,118.4, ,70,1,main
1996026S14143,1996,SI,JACOB,1996-02-03 10:00:00,TS,-17.5,118.3,70,72,1,main
1996026S14143,1996,SI,JACOB,1996-02-03 12:00:00,TS,-17.6,118.1,70,75,1,main
1996026S14143,1996,SI,JACOB,1996-02-03 13:00:00,TS,-17.7,118.0,70,78,1,main
1996026S14143,1996,SI,JACOB,1996-02-03 15:00:00,TS,-17.8,117.7, ,83,2,main
1996026S14143,1996,SI,JACOB,1996-02-03 16:00:00,TS,-17.8,117.6,70,85,2,main
1996026S14143,1996,SI,JACOB,1996-02-03 18:00:00,TS,-17.9,117.4,75,90,2,main
1996026S14143,1996,SI,JACOB,1996-02-03 19:00:00,TS,-18.0,117.3,75,90,2,main
1996026S14143,1996,SI,JACOB,1996-02-03 21:00:00,TS,-18.1,117.1, ,90,2,main
1996026S14143,1996,SI,JACOB,1996-02-03 22:00:00,TS,-18.2,117.0,80,90,2,main
1996026S14143,1996,SI,JACOB,1996-02-04 00:00:00,TS,-18.3,116.8,80,90,2,main
1996026S14143,1996,SI,JACOB,1996-02-04 01:00:00,TS,-18.4,116.7,80,90,2,main
1996026S14143,1996,SI,JACOB,1996-02-04 03:00:00,TS,-18.5,116.5, ,90,2,main
1996026S14143,1996,SI,JACOB,1996-02-04 04:00:00,TS,-18.6,116.3,80,90,2,main
1996026S14143,1996,SI,JACOB,1996-02-04 06:00:00,TS,-18.8,116.1,80,90,2,main
1996026S14143,1996,SI,JACOB,1996-02-04 07:00:00,TS,-18.8,116.0,80,90,2,main
1996026S14143,1996,SI,JACOB,1996-02-04 09:00:00,TS,-19.0,115.7, ,90,2,main
1996026S14143,1996,SI,JACOB,1996-02-04 10:00:00,TS,-19.1,115.6,80,90,2,main
1996026S14143,1996,SI,JACOB,1996-02-04 12:00:00,TS,-19.3,115.3,80,90,2,main
1996026S14143,1996,SI,JACOB,1996-02-04 13:00:00,TS,-19.4,115.2,80,90,2,main
1996026S14143,1996,SI,JACOB,1996-02-04 15:00:00,TS,-19.6,114.8, ,90,2,main
1996026S14143,1996,SI,JACOB,1996-02-04 16:00:00,TS,-19.7,114.7,80,90,2,main
1996026S14143,1996,SI,JACOB,1996-02-04 18:00:00,TS,-19.9,114.3,80,90,2,main
1996026S14143,1996,SI,JACOB,1996-02-04 19:00:00,TS,-20.1,114.1,80,90,2,main
1996026S14143,1996,SI,JACOB,1996-02-04 21:00:00,TS,-20.3,113.8, ,90,2,main
1996026S14143,1996,SI,JACOB,1996-02-04 22:00:00,TS,-20.5,113.6,85,90,2,main
1996026S14143,1996,SI,JACOB,1996-02-05 00:00:00,TS,-20.8,113.3,85,90,2,main
1996026S14143,1996,SI,JACOB,1996-02-05 01:00:00,TS,-21.0,113.1,85,90,2,main
1996026S14143,1996,SI,JACOB,1996-02-05 03:00:00,TS,-21.4,112.7, ,90,2,main
1996026S14143,1996,SI,JACOB,1996-02-05 04:00:00,TS,-21.5,112.5,85,90,2,main
1996026S14143,1996,SI,JACOB,1996-02-05 06:00:00,TS,-21.8,112.1,85,90,2,main
1996026S14143,1996,SI,JACOB,1996-02-05 07:00:00,TS,-21.9,111.9,85,90,2,main
1996026S14143,1996,SI,JACOB,1996-02-05 09:00:00,TS,-22.1,111.6, ,90,2,main
1996026S14143,1996,SI,JACOB,1996-02-05 10:00:00,TS,-22.2,111.5,85,90,2,main
1996026S14143,1996,SI,JACOB,1996-02-05 12:00:00,TS,-22.4,111.2,85,90,2,main
1996026S14143,1996,SI,JACOB,1996-02-05 13:00:00,TS,-22.4,111.0,85,89,2,main
1996026S14143,1996,SI,JACOB,1996-02-05 15:00:00,TS,-22.6,110.8, ,88,2,main
1996026S14143,1996,SI,JACOB,1996-02-05 16:00:00,TS,-22.6,110.6,85,87,2,main
1996026S14143,1996,SI,JACOB,1996-02-05 18:00:00,TS,-22.7,110.4,75,85,2,main
1996026S14143,1996,SI,JACOB,1996-02-05 19:00:00,TS,-22.7,110.3,75,84,2,main
1996026S14143,1996,SI,JACOB,1996-02-05 21:00:00,TS,-22.8,110.1, ,83,2,main
1996026S14143,1996,SI,JACOB,1996-02-05 22:00:00,TS,-22.8,110.0,60,82,1,main
1996026S14143,1996,SI,JACOB,1996-02-06 00:00:00,TS,-22.9,109.8,55,80,1,main
1996026S14143,1996,SI,JACOB,1996-02-06 01:00:00,TS,-22.9,109.7,55,77,1,main
1996026S14143,1996,SI,JACOB,1996-02-06 03:00:00,TS,-23.0,109.6, ,70,1,main
1996026S14143,1996,SI,JACOB,1996-02-06 04:00:00,TS,-23.0,109.6,50,67,1,main
1996026S14143,1996,SI,JACOB,1996-02-06 06:00:00,TS,-23.1,109.5,50,60,0,main
1996026S14143,1996,SI,JACOB,1996-02-06 07:00:00,TS,-23.2,109.5,50,58,0,main
1996026S14143,1996,SI,JACOB,1996-02-06 09:00:00,TS,-23.3,109.5, ,55,0,main
1996026S14143,1996,SI,JACOB,1996-02-06 10:00:00,TS,-23.4,109.4,40,53,0,main
1996026S14143,1996,SI,JACOB,1996-02-06 12:00:00,TS,-23.5,109.4,40,50,0,main
1996026S14143,1996,SI,JACOB,1996-02-06 13:00:00,TS,-23.6,109.3,40,49,0,main
1996026S14143,1996,SI,JACOB,1996-02-06 15:00:00,TS,-23.7,109.2, ,48,0,main
1996026S14143,1996,SI,JACOB,1996-02-06 16:00:00,TS,-23.8,109.1,40,47,0,main
1996026S14143,1996,SI,JACOB,1996-02-06 18:00:00,TS,-24.0,109.0,35,45,0,main
1996026S14143,1996,SI,JACOB,1996-02-06 19:00:00,TS,-24.0,108.9,35,43,0,main
1996026S14143,1996,SI,JACOB,1996-02-06 21:00:00,TS,-24.1,108.7, ,40,0,main
1996026S14143,1996,SI,JACOB,1996-02-06 22:00:00,TS,-24.2,108.7,35,38,0,main
1996026S14143,1996,SI,JACOB,1996-02-07 00:00:00,TS,-24.2,108.5,35,35,0,main
1996026S14143,1996,SI,JACOB,1996-02-07 01:00:00,TS,-24.2,108.4,35,34,0,main
1996026S14143,1996,SI,JACOB,1996-02-07 03:00:00,TS,-24.2,108.2, ,33,-1,main
1996026S14143,1996,SI,JACOB,1996-02-07 04:00:00,TS,-24.2,108.1,35,32,-1,main
1996026S14143,1996,SI,JACOB,1996-02-07 06:00:00,TS,-24.3,107.9,30,30,-1,main
1996026S14143,1996,SI,JACOB,1996-02-07 07:00:00,TS,-24.3,107.8,30,29,-1,main
1996026S14143,1996,SI,JACOB,1996-02-07 09:00:00,TS,-24.3,107.6, ,28,-1,main
1996026S14143,1996,SI,JACOB,1996-02-07 10:00:00,TS,-24.4,107.5,25,27,-1,main
1996026S14143,1996,SI,JACOB,1996-02-07 12:00:00,TS,-24.5,107.3,20,25,-1,main
1996026S14143,1996,SI,JACOB,1996-02-07 13:00:00,TS,-24.5,107.2,20,25,-1,main
1996026S14143,1996,SI,JACOB,1996-02-07 15:00:00,TS,-24.6,107.1, ,25,-1,main
1996026S14143,1996,SI,JACOB,1996-02-07 16:00:00,TS,-24.6,107.0,20,25,-1,main
1996026S14143,1996,SI,JACOB,1996-02-07 18:00:00,TS,-24.7,106.9,20,25,-1,main
1996026S14143,1996,SI,JACOB,1996-02-07 19:00:00,TS,-24.7,106.8,20,25,-1,main
1996026S14143,1996,SI,JACOB,1996-02-07 21:00:00,TS,-24.8,106.7, ,25,-1,main
1996026S14143,1996,SI,JACOB,1996-02-07 22:00:00,TS,-24.8,106.7,20,25,-1,main
1996026S14143,1996,SI,JACOB,1996-02-08 00:00:00,TS,-24.9,106.6,20,25,-1,main
1996026S14143,1996,SI,JACOB,1996-02-08 01:00:00,TS,-25.0,106.5,20,24,-1,main
1996026S14143,1996,SI,JACOB,1996-02-08 03:00:00,TS,-25.1,106.2, ,23,-1,main
1996026S14143,1996,SI,JACOB,1996-02-08 04:00:00,TS,-25.2,106.1,20,22,-1,main
1996026S14143,1996,SI,JACOB,1996-02-08 06:00:00,TS,-25.4,105.9,20,20,-1,main
1996026S14143,1996,SI,JACOB,1996-02-08 07:00:00,TS,-25.5,105.8,20,20,-1,main
1996026S14143,1996,SI,JACOB,1996-02-08 09:00:00,TS,-25.6,105.6, ,20,-1,main
1996026S14143,1996,SI,JACOB,1996-02-08 12:00:00,TS,-25.7,105.4, ,20,-1,main
1996042S13139,1996,SP,DENNIS,1996-02-10 18:00:00,TS,-13.3,139.2, ,20,-1,main
1996042S13139,1996,SP,DENNIS,1996-02-10 21:00:00,TS,-13.3,139.3, ,20,-1,main
1996042S13139,1996,SP,DENNIS,1996-02-11 00:00:00,TS,-13.3,139.3, ,20,-1,main
1996042S13139,1996,SP,DENNIS,1996-02-11 03:00:00,TS,-13.3,139.4, ,23,-1,main
1996042S13139,1996,SP,DENNIS,1996-02-11 06:00:00,TS,-13.4,139.4, ,25,-1,main
1996042S13139,1996,SP,DENNIS,1996-02-11 09:00:00,TS,-13.4,139.5, ,25,-1,main
1996042S13139,1996,SP,DENNIS,1996-02-11 12:00:00,TS,-13.5,139.5, ,25,-1,main
1996042S13139,1996,SP,DENNIS,1996-02-11 15:00:00,TS,-13.5,139.6, ,25,-1,main
1996042S13139,1996,SP,DENNIS,1996-02-11 18:00:00,TS,-13.6,139.6, ,25,-1,main
1996042S13139,1996,SP,DENNIS,1996-02-11 21:00:00,TS,-13.7,139.7, ,25,-1,main
1996042S13139,1996,SP,DENNIS,1996-02-12 00:00:00,TS,-13.8,139.7, ,25,-1,main
1996042S13139,1996,SP,DENNIS,1996-02-12 03:00:00,TS,-13.9,139.7, ,25,-1,main
1996042S13139,1996,SP,DENNIS,1996-02-12 06:00:00,TS,-14.0,139.8, ,25,-1,main
1996042S13139,1996,SP,DENNIS,1996-02-12 09:00:00,TS,-14.1,139.9, ,28,-1,main
1996042S13139,1996,SP,DENNIS,1996-02-12 12:00:00,TS,-14.2,140.0, ,30,-1,main
1996042S13139,1996,SP,DENNIS,1996-02-12 15:00:00,TS,-14.2,140.1, ,30,-1,main
1996042S13139,1996,SP,DENNIS,1996-02-12 18:00:00,TS,-14.2,140.1, ,30,-1,main
1996042S13139,1996,SP,DENNIS,1996-02-12 21:00:00,TS,-14.1,140.2, ,33,-1,main
1996042S13139,1996,SP,DENNIS,1996-02-13 00:00:00,TS,-14.0,140.2,25,35,0,main
1996042S13139,1996,SP,DENNIS,1996-02-13 03:00:00,TS,-13.8,140.2, ,35,0,main
1996042S13139,1996,SP,DENNIS,1996-02-13 06:00:00,TS,-13.6,140.1,25,35,0,main
1996042S13139,1996,SP,DENNIS,1996-02-13 09:00:00,TS,-13.4,140.0, ,35,0,main
1996042S13139,1996,SP,DENNIS,1996-02-13 12:00:00,TS,-13.3,140.0,25,35,0,main
1996042S13139,1996,SP,DENNIS,1996-02-13 15:00:00,TS,-13.2,140.0, ,35,0,main
1996042S13139,1996,SP,DENNIS,1996-02-13 18:00:00,TS,-13.1,140.0,30,35,0,main
1996042S13139,1996,SP,DENNIS,1996-02-13 21:00:00,TS,-13.0,140.0, ,35,0,main
1996042S13139,1996,SP,DENNIS,1996-02-14 00:00:00,TS,-12.9,140.0,35,35,0,main
1996042S13139,1996,SP,DENNIS,1996-02-14 03:00:00,TS,-12.8,140.0, ,35,0,main
1996042S13139,1996,SP,DENNIS,1996-02-14 06:00:00,TS,-12.7,140.0,35,35,0,main
1996042S13139,1996,SP,DENNIS,1996-02-14 09:00:00,TS,-12.6,140.0, ,35,0,main
1996042S13139,1996,SP,DENNIS,1996-02-14 12:00:00,TS,-12.5,140.1,35,35,0,main
1996042S13139,1996,SP,DENNIS,1996-02-14 15:00:00,TS,-12.4,140.2, ,35,0,main
1996042S13139,1996,SP,DENNIS,1996-02-14 18:00:00,TS,-12.3,140.3,30,35,0,main
1996042S13139,1996,SP,DENNIS,1996-02-14 21:00:00,TS,-12.2,140.3, ,33,-1,main
1996042S13139,1996,SP,DENNIS,1996-02-15 00:00:00,TS,-12.2,140.5,30,30,-1,main
1996042S13139,1996,SP,DENNIS,1996-02-15 03:00:00,TS,-12.1,140.8, ,33,-1,main
1996042S13139,1996,SP,DENNIS,1996-02-15 06:00:00,TS,-12.1,141.3,30,35,0,main
1996042S13139,1996,SP,DENNIS,1996-02-15 09:00:00,TS,-12.1,141.7, ,35,0,main
1996042S13139,1996,SP,DENNIS,1996-02-15 12:00:00,TS,-12.2,142.1,30,35,0,main
1996042S13139,1996,SP,DENNIS,1996-02-15 15:00:00,TS,-12.3,142.7, ,35,0,main
1996042S13139,1996,SP,DENNIS,1996-02-15 18:00:00,TS,-12.4,143.3,40,35,0,main
1996042S13139,1996,SP,DENNIS,1996-02-15 21:00:00,TS,-12.5,144.0, ,38,0,main
1996042S13139,1996,SP,DENNIS,1996-02-16 00:00:00,TS,-12.7,144.7,40,40,0,main
1996042S13139,1996,SP,DENNIS,1996-02-16 03:00:00,TS,-12.9,145.5, ,43,0,main
1996042S13139,1996,SP,DENNIS,1996-02-16 06:00:00,TS,-13.1,146.2,40,45,0,main
1996042S13139,1996,SP,DENNIS,1996-02-16 09:00:00,TS,-13.2,146.9, ,45,0,main
1996042S13139,1996,SP,DENNIS,1996-02-16 12:00:00,TS,-13.4,147.7,40,45,0,main
1996042S13139,1996,SP,DENNIS,1996-02-16 15:00:00,TS,-13.5,148.2, ,45,0,main
1996042S13139,1996,SP,DENNIS,1996-02-16 18:00:00,TS,-13.7,148.6,35,45,0,main
1996042S13139,1996,SP,DENNIS,1996-02-16 21:00:00,TS,-13.7,149.1, ,45,0,main
1996042S13139,1996,SP,DENNIS,1996-02-17 00:00:00,TS,-13.8,149.5,35,45,0,main
1996042S13139,1996,SP,DENNIS,1996-02-17 03:00:00,TS,-13.9,149.8, ,43,0,main
1996042S13139,1996,SP,DENNIS,1996-02-17 06:00:00,TS,-14.0,150.1,35,40,0,main
1996042S13139,1996,SP,DENNIS,1996-02-17 09:00:00,TS,-14.0,150.4, ,40,0,main
1996042S13139,1996,SP,DENNIS,1996-02-17 12:00:00,TS,-14.1,150.7,35,40,0,main
1996042S13139,1996,SP,DENNIS,1996-02-17 15:00:00,TS,-14.2,150.9, ,38,0,main
1996042S13139,1996,SP,DENNIS,1996-02-17 18:00:00,TS,-14.3,151.0,35,35,0,main
1996042S13139,1996,SP,DENNIS,1996-02-17 21:00:00,TS,-14.4,151.1, ,33,-1,main
1996042S13139,1996,SP,DENNIS,1996-02-18 00:00:00,TS,-14.5,151.1,30,30,-1,main
1996042S13139,1996,SP,DENNIS,1996-02-18 03:00:00,TS,-14.6,151.3, ,30,-1,main
1996042S13139,1996,SP,DENNIS,1996-02-18 06:00:00,TS,-14.7,151.5,25,30,-1,main
1996042S13139,1996,SP,DENNIS,1996-02-18 09:00:00,TS,-14.7,151.8, ,28,-1,main
1996042S13139,1996,SP,DENNIS,1996-02-18 12:00:00,TS,-14.7,152.0, ,25,-1,main
1996042S13139,1996,SP,DENNIS,1996-02-18 15:00:00,TS,-14.8,152.1, ,25,-1,main
1996042S13139,1996,SP,DENNIS,1996-02-18 18:00:00,TS,-14.9,152.1, ,25,-1,main
1996042S13139,1996,SP,DENNIS,1996-02-18 21:00:00,TS,-15.1,152.0, ,25,-1,main
1996042S13139,1996,SP,DENNIS,1996-02-19 00:00:00,TS,-15.2,151.8, ,25,-1,main
1996042S13139,1996,SP,DENNIS,1996-02-19 03:00:00,TS,-15.3,151.5, ,25,-1,main
1996042S13139,1996,SP,DENNIS,1996-02-19 06:00:00,TS,-15.4,151.2, ,25,-1,main
1996042S13139,1996,SP,DENNIS,1996-02-19 09:00:00,TS,-15.5,150.9, ,25,-1,main
1996042S13139,1996,SP,DENNIS,1996-02-19 12:00:00,TS,-15.5,150.5, ,25,-1,main
1996042S13139,1996,SP,DENNIS,1996-02-19 15:00:00,TS,-15.5,150.2, ,25,-1,main
1996042S13139,1996,SP,DENNIS,1996-02-19 18:00:00,TS,-15.4,149.8, ,25,-1,main
1996042S13139,1996,SP,DENNIS,1996-02-19 21:00:00,TS,-15.3,149.4, ,23,-1,main
1996042S13139,1996,SP,DENNIS,1996-02-20 00:00:00,TS,-15.1,149.1, ,20,-1,main
1996067S16138,1996,SP,ETHEL,1996-03-07 06:00:00,TS,-15.6,137.5, ,15,-1,main
1996067S16138,1996,SP,ETHEL,1996-03-07 09:00:00,TS,-15.5,137.8, ,18,-1,main
1996067S16138,1996,SP,ETHEL,1996-03-07 12:00:00,TS,-15.4,138.0,25,20,-1,main
1996067S16138,1996,SP,ETHEL,1996-03-07 15:00:00,TS,-15.3,138.2, ,20,-1,main
1996067S16138,1996,SP,ETHEL,1996-03-07 18:00:00,TS,-15.3,138.4,25,20,-1,main
1996067S16138,1996,SP,ETHEL,1996-03-07 21:00:00,TS,-15.4,138.6, ,20,-1,main
1996067S16138,1996,SP,ETHEL,1996-03-08 00:00:00,TS,-15.4,138.8,25,20,-1,main
1996067S16138,1996,SP,ETHEL,1996-03-08 03:00:00,TS,-15.3,138.9, ,23,-1,main
1996067S16138,1996,SP,ETHEL,1996-03-08 06:00:00,TS,-15.2,139.1,30,25,-1,main
1996067S16138,1996,SP,ETHEL,1996-03-08 09:00:00,TS,-15.0,139.5, ,28,-1,main
1996067S16138,1996,SP,ETHEL,1996-03-08 12:00:00,TS,-14.8,139.8,35,30,-1,main
1996067S16138,1996,SP,ETHEL,1996-03-08 15:00:00,TS,-14.5,140.0, ,33,-1,main
1996067S16138,1996,SP,ETHEL,1996-03-08 18:00:00,TS,-14.1,140.1,45,35,0,main
1996067S16138,1996,SP,ETHEL,1996-03-08 21:00:00,TS,-13.8,140.2, ,38,0,main
1996067S16138,1996,SP,ETHEL,1996-03-09 00:00:00,TS,-13.5,140.2,45,40,0,main
1996067S16138,1996,SP,ETHEL,1996-03-09 03:00:00,TS,-13.3,140.4, ,40,0,main
1996067S16138,1996,SP,ETHEL,1996-03-09 06:00:00,TS,-13.1,140.7,45,40,0,main
1996067S16138,1996,SP,ETHEL,1996-03-09 09:00:00,TS,-12.9,141.0, ,40,0,main
1996067S16138,1996,SP,ETHEL,1996-03-09 12:00:00,TS,-12.8,141.3,50,40,0,main
1996067S16138,1996,SP,ETHEL,1996-03-09 15:00:00,TS,-12.7,141.6, ,43,0,main
1996067S16138,1996,SP,ETHEL,1996-03-09 18:00:00,TS,-12.5,141.9,60,45,0,main
1996067S16138,1996,SP,ETHEL,1996-03-09 21:00:00,TS,-12.4,142.3, ,45,0,main
1996067S16138,1996,SP,ETHEL,1996-03-10 00:00:00,TS,-12.4,142.7,30,45,0,main
1996067S16138,1996,SP,ETHEL,1996-03-10 03:00:00,TS,-12.5,143.3, ,45,0,main
1996067S16138,1996,SP,ETHEL,1996-03-10 06:00:00,TS,-12.6,143.8,30,45,0,main
1996067S16138,1996,SP,ETHEL,1996-03-10 09:00:00,TS,-12.7,144.3, ,45,0,main
1996067S16138,1996,SP,ETHEL,1996-03-10 12:00:00,TS,-12.9,144.6,40,45,0,main
1996067S16138,1996,SP,ETHEL,1996-03-10 15:00:00,TS,-13.0,144.9, ,45,0,main
1996067S16138,1996,SP,ETHEL,1996-03-10 18:00:00,TS,-13.1,145.2,40,45,0,main
1996067S16138,1996,SP,ETHEL,1996-03-10 21:00:00,TS,-13.1,145.4, ,45,0,main
1996067S16138,1996,SP,ETHEL,1996-03-11 00:00:00,TS,-13.2,145.5,40,45,0,main
1996067S16138,1996,SP,ETHEL,1996-03-11 03:00:00,TS,-13.5,145.8, ,45,0,main
1996067S16138,1996,SP,ETHEL,1996-03-11 06:00:00,TS,-13.8,145.9,40,45,0,main
1996067S16138,1996,SP,ETHEL,1996-03-11 09:00:00,TS,-14.1,145.9, ,45,0,main
1996067S16138,1996,SP,ETHEL,1996-03-11 12:00:00,TS,-14.3,145.8,45,45,0,main
1996067S16138,1996,SP,ETHEL,1996-03-11 15:00:00,TS,-14.4,145.7, ,45,0,main
1996067S16138,1996,SP,ETHEL,1996-03-11 18:00:00,TS,-14.5,145.3,55,45,0,main
1996067S16138,1996,SP,ETHEL,1996-03-11 21:00:00,TS,-14.5,144.5, ,45,0,main
1996067S16138,1996,SP,ETHEL,1996-03-12 00:00:00,TS,-14.6,143.6,40,45,0,main
1996067S16138,1996,SP,ETHEL,1996-03-12 03:00:00,TS,-14.6,143.1, ,45,0,main
1996067S16138,1996,SP,ETHEL,1996-03-12 06:00:00,TS,-14.7,142.5,30,45,0,main
1996067S16138,1996,SP,ETHEL,1996-03-12 09:00:00,TS,-14.8,141.9, ,45,0,main
1996067S16138,1996,SP,ETHEL,1996-03-12 12:00:00,TS,-14.8,141.1,40,45,0,main
1996067S16138,1996,SP,ETHEL,1996-03-12 15:00:00,TS,-15.0,140.3, ,45,0,main
1996067S16138,1996,SP,ETHEL,1996-03-12 18:00:00,TS,-15.2,139.5,40,45,0,main
1996067S16138,1996,SP,ETHEL,1996-03-12 21:00:00,TS,-15.6,138.7, ,45,0,main
1996067S16138,1996,SP,ETHEL,1996-03-13 00:00:00,TS,-16.0,137.9,45,45,0,main
1996067S16138,1996,SP,ETHEL,1996-03-13 03:00:00,TS,-16.5,136.9, ,40,0,main
1996067S16138,1996,SP,ETHEL,1996-03-13 06:00:00,TS,-16.9,136.1,35,35,0,main
1996067S16138,1996,SP,ETHEL,1996-03-13 09:00:00,TS,-17.3,135.3, ,35,0,main
1996067S16138,1996,SI,ETHEL,1996-03-13 12:00:00,TS,-17.8,134.5,30,35,0,main
1996067S16138,1996,SI,ETHEL,1996-03-13 15:00:00,TS,-18.5,133.8, ,35,0,main
1996067S16138,1996,SI,ETHEL,1996-03-13 18:00:00,TS,-19.2,133.5, ,35,0,main
1996067S16138,1996,SI,ETHEL,1996-03-13 21:00:00,TS,-19.9,133.4, ,33,-1,main
1996067S16138,1996,SI,ETHEL,1996-03-14 00:00:00,TS,-20.6,133.4, ,30,-1,main
1996067S16138,1996,SI,ETHEL,1996-03-14 03:00:00,TS,-21.4,133.5, ,28,-1,main
1996067S16138,1996,SI,ETHEL,1996-03-14 06:00:00,TS,-22.2,133.8, ,25,-1,main
1996067S16138,1996,SI,ETHEL,1996-03-14 09:00:00,TS,-22.9,134.5, ,25,-1,main
1996067S16138,1996,SP,ETHEL,1996-03-14 12:00:00,TS,-23.4,135.3, ,25,-1,main
1996067S16138,1996,SP,ETHEL,1996-03-14 15:00:00,TS,-23.8,136.1, ,25,-1,main
1996067S16138,1996,SP,ETHEL,1996-03-14 18:00:00,TS,-24.1,137.0, ,25,-1,main
1996067S16138,1996,SP,ETHEL,1996-03-14 21:00:00,TS,-24.3,137.8, ,25,-1,main
1996067S16138,1996,SP,ETHEL,1996-03-15 00:00:00,TS,-24.5,138.6, ,25,-1,main
1996067S16138,1996,SP,ETHEL,1996-03-15 03:00:00,TS,-24.7,139.4, ,25,-1,main
1996067S16138,1996,SP,ETHEL,1996-03-15 06:00:00,TS,-24.9,140.2, ,25,-1,main
1996067S16138,1996,SP,ETHEL,1996-03-15 09:00:00,TS,-25.0,141.2, ,25,-1,main
1996067S16138,1996,SP,ETHEL,1996-03-15 12:00:00,TS,-24.9,142.3, ,25,-1,main
1996067S16138,1996,SP,ETHEL,1996-03-15 15:00:00,TS,-24.8,143.3, ,25,-1,main
1996067S16138,1996,SP,ETHEL,1996-03-15 18:00:00,TS,-24.6,144.3, ,25,-1,main
1996067S16138,1996,SP,ETHEL,1996-03-15 21:00:00,TS,-24.3,145.3, ,23,-1,main
1996067S16138,1996,SP,ETHEL,1996-03-16 00:00:00,TS,-23.9,146.1, ,20,-1,main
1996067S16138,1996,SP,ETHEL,1996-03-16 03:00:00,TS,-23.6,146.8, ,20,-1,main
1996067S16138,1996,SP,ETHEL,1996-03-16 06:00:00,TS,-23.2,147.4, ,20,-1,main
1996067S16138,1996,SP,ETHEL,1996-03-16 09:00:00,TS,-22.8,148.0, ,18,-1,main
1996067S16138,1996,SP,ETHEL,1996-03-16 12:00:00,TS,-22.3,148.6, ,15,-1,main
1996067S16138,1996,SP,ETHEL,1996-03-16 15:00:00,TS,-21.7,149.4, ,15,-1,main
1996067S16138,1996,SP,ETHEL,1996-03-16 18:00:00,TS,-21.1,150.2, ,15,-1,main
1996067S16138,1996,SP,ETHEL,1996-03-16 21:00:00,TS,-20.5,151.1, ,15,-1,main
1996067S16138,1996,SP,ETHEL,1996-03-17 00:00:00,TS,-19.8,152.0, ,15,-1,main
1997053S12142,1997,SP,ITA,1997-02-22 06:00:00,TS,-12.0,142.0, ,15,-1,main
1997053S12142,1997,SP,ITA,1997-02-22 09:00:00,TS,-12.1,142.5, ,15,-1,main
1997053S12142,1997,SP,ITA,1997-02-22 12:00:00,TS,-12.3,143.0, ,15,-1,main
1997053S12142,1997,SP,ITA,1997-02-22 15:00:00,TS,-12.5,143.5, ,18,-1,main
1997053S12142,1997,SP,ITA,1997-02-22 18:00:00,TS,-12.7,144.0, ,20,-1,main
1997053S12142,1997,SP,ITA,1997-02-22 21:00:00,TS,-12.9,144.6, ,20,-1,main
1997053S12142,1997,SP,ITA,1997-02-23 00:00:00,TS,-13.3,145.5,25,20,-1,main
1997053S12142,1997,SP,ITA,1997-02-23 03:00:00,TS,-13.6,146.2, ,23,-1,main
1997053S12142,1997,SP,ITA,1997-02-23 06:00:00,TS,-14.0,147.0,25,25,-1,main
1997053S12142,1997,SP,ITA,1997-02-23 09:00:00,TS,-14.4,147.5, ,25,-1,main
1997053S12142,1997,SP,ITA,1997-02-23 12:00:00,TS,-14.9,147.9,30,25,-1,main
1997053S12142,1997,SP,ITA,1997-02-23 15:00:00,TS,-15.5,148.4, ,28,-1,main
1997053S12142,1997,SP,ITA,1997-02-23 18:00:00,TS,-16.1,148.6,40,30,-1,main
1997053S12142,1997,SP,ITA,1997-02-23 21:00:00,TS,-16.7,148.8, ,33,-1,main
1997053S12142,1997,SP,ITA,1997-02-24 00:00:00,TS,-17.3,148.7,45,35,0,main
1997053S12142,1997,SP,ITA,1997-02-24 03:00:00,TS,-17.9,148.5, ,35,0,main
1997053S12142,1997,SP,ITA,1997-02-24 06:00:00,TS,-18.5,148.1,40,35,0,main
1997053S12142,1997,SP,ITA,1997-02-24 09:00:00,TS,-19.1,147.7, ,35,0,main
1997053S12142,1997,SP,ITA,1997-02-24 12:00:00,TS,-19.8,147.4,40,35,0,main
1997053S12142,1997,SP,ITA,1997-02-24 15:00:00,TS,-20.4,147.2, ,33,-1,main
1997053S12142,1997,SP,ITA,1997-02-24 18:00:00,TS,-21.1,147.0,25,30,-1,main
1997053S12142,1997,SP,ITA,1997-02-24 21:00:00,TS,-22.1,146.9, ,28,-1,main
1997053S12142,1997,SP,ITA,1997-02-25 00:00:00,TS,-22.9,146.8,25,25,-1,main
1997062S16158,1997,SP,JUSTIN,1997-03-03 06:00:00,NR,-16.2,158.0, ,25,-1,main
1997062S16158,1997,SP,JUSTIN,1997-03-03 09:00:00,NR,-16.2,158.0, ,25,-1,main
1997062S16158,1997,SP,JUSTIN,1997-03-03 12:00:00,NR,-16.2,157.9, ,25,-1,main
1997062S16158,1997,SP,JUSTIN,1997-03-03 15:00:00,NR,-16.2,157.9, ,25,-1,main
1997062S16158,1997,SP,JUSTIN,1997-03-03 18:00:00,NR,-16.2,157.8, ,25,-1,main
1997062S16158,1997,SP,JUSTIN,1997-03-03 21:00:00,NR,-16.2,157.8, ,25,-1,main
1997062S16158,1997,SP,JUSTIN,1997-03-04 00:00:00,NR,-16.2,157.7, ,25,-1,main
1997062S16158,1997,SP,JUSTIN,1997-03-04 03:00:00,NR,-16.2,157.7, ,25,-1,main
1997062S16158,1997,SP,JUSTIN,1997-03-04 06:00:00,NR,-16.2,157.6, ,25,-1,main
1997062S16158,1997,SP,JUSTIN,1997-03-04 09:00:00,NR,-16.2,157.6, ,25,-1,main
1997062S16158,1997,SP,JUSTIN,1997-03-04 12:00:00,NR,-16.3,157.5, ,25,-1,main
1997062S16158,1997,SP,JUSTIN,1997-03-04 15:00:00,NR,-16.3,157.4, ,25,-1,main
1997062S16158,1997,SP,JUSTIN,1997-03-04 18:00:00,NR,-16.4,157.4, ,25,-1,main
1997062S16158,1997,SP,JUSTIN,1997-03-04 21:00:00,NR,-16.5,157.4, ,25,-1,main
1997062S16158,1997,SP,JUSTIN,1997-03-05 00:00:00,NR,-16.6,157.4, ,25,-1,main
1997062S16158,1997,SP,JUSTIN,1997-03-05 03:00:00,NR,-16.7,157.4, ,25,-1,main
1997062S16158,1997,SP,JUSTIN,1997-03-05 06:00:00,NR,-16.8,157.3, ,25,-1,main
1997062S16158,1997,SP,JUSTIN,1997-03-05 09:00:00,NR,-16.8,157.2, ,25,-1,main
1997062S16158,1997,SP,JUSTIN,1997-03-05 12:00:00,NR,-16.9,157.1, ,25,-1,main
1997062S16158,1997,SP,JUSTIN,1997-03-05 15:00:00,NR,-17.0,157.0, ,25,-1,main
1997062S16158,1997,SP,JUSTIN,1997-03-05 18:00:00,NR,-17.1,156.8, ,25,-1,main
1997062S16158,1997,SP,JUSTIN,1997-03-05 21:00:00,NR,-17.2,156.5, ,28,-1,main
1997062S16158,1997,SP,JUSTIN,1997-03-06 00:00:00,TS,-17.2,156.0,25,30,-1,main
1997062S16158,1997,SP,JUSTIN,1997-03-06 03:00:00,TS,-17.2,155.6, ,30,-1,main
1997062S16158,1997,SP,JUSTIN,1997-03-06 06:00:00,TS,-17.2,155.2,30,30,-1,main
1997062S16158,1997,SP,JUSTIN,1997-03-06 09:00:00,TS,-17.2,154.8, ,33,-1,main
1997062S16158,1997,SP,JUSTIN,1997-03-06 12:00:00,TS,-17.1,154.4,40,35,0,main
1997062S16158,1997,SP,JUSTIN,1997-03-06 15:00:00,TS,-17.1,154.1, ,38,0,main
1997062S16158,1997,SP,JUSTIN,1997-03-06 18:00:00,TS,-17.0,153.8,45,40,0,main
1997062S16158,1997,SP,JUSTIN,1997-03-06 21:00:00,TS,-16.8,153.4, ,43,0,main
1997062S16158,1997,SP,JUSTIN,1997-03-07 00:00:00,TS,-16.7,153.0,45,45,0,main
1997062S16158,1997,SP,JUSTIN,1997-03-07 03:00:00,TS,-16.6,152.8, ,48,0,main
1997062S16158,1997,SP,JUSTIN,1997-03-07 06:00:00,TS,-16.6,152.7,45,50,0,main
1997062S16158,1997,SP,JUSTIN,1997-03-07 09:00:00,TS,-16.6,152.7, ,50,0,main
1997062S16158,1997,SP,JUSTIN,1997-03-07 12:00:00,TS,-16.6,152.6,45,50,0,main
1997062S16158,1997,SP,JUSTIN,1997-03-07 15:00:00,TS,-16.6,152.4, ,50,0,main
1997062S16158,1997,SP,JUSTIN,1997-03-07 18:00:00,TS,-16.7,152.2,51,50,0,main
1997062S16158,1997,SP,JUSTIN,1997-03-07 21:00:00,TS,-16.7,152.1, ,50,0,main
1997062S16158,1997,SP,JUSTIN,1997-03-08 00:00:00,TS,-16.7,152.0,51,50,0,main
1997062S16158,1997,SP,JUSTIN,1997-03-08 03:00:00,TS,-16.8,152.1, ,50,0,main
1997062S16158,1997,SP,JUSTIN,1997-03-08 06:00:00,TS,-17.0,152.1,51,50,0,main
1997062S16158,1997,SP,JUSTIN,1997-03-08 09:00:00,TS,-17.2,152.1, ,50,0,main
1997062S16158,1997,SP,JUSTIN,1997-03-08 12:00:00,TS,-17.3,151.9,51,50,0,main
1997062S16158,1997,SP,JUSTIN,1997-03-08 15:00:00,TS,-17.3,151.7, ,50,0,main
1997062S16158,1997,SP,JUSTIN,1997-03-08 18:00:00,TS,-17.3,151.4,55,50,0,main
1997062S16158,1997,SP,JUSTIN,1997-03-08 21:00:00,TS,-17.3,151.3, ,50,0,main
1997062S16158,1997,SP,JUSTIN,1997-03-09 00:00:00,TS,-17.4,151.3,60,50,0,main
1997062S16158,1997,SP,JUSTIN,1997-03-09 03:00:00,TS,-17.3,151.2, ,53,0,main
1997062S16158,1997,SP,JUSTIN,1997-03-09 06:00:00,TS,-17.2,151.2,60,55,0,main
1997062S16158,1997,SP,JUSTIN,1997-03-09 09:00:00,TS,-17.1,151.2, ,55,0,main
1997062S16158,1997,SP,JUSTIN,1997-03-09 12:00:00,TS,-17.0,151.3,60,55,0,main
1997062S16158,1997,SP,JUSTIN,1997-03-09 15:00:00,TS,-16.9,151.3, ,55,0,main
1997062S16158,1997,SP,JUSTIN,1997-03-09 18:00:00,TS,-16.8,151.3,60,55,0,main
1997062S16158,1997,SP,JUSTIN,1997-03-09 21:00:00,TS,-16.8,151.3, ,55,0,main
1997062S16158,1997,SP,JUSTIN,1997-03-10 00:00:00,TS,-16.7,151.4,60,55,0,main
1997062S16158,1997,SP,JUSTIN,1997-03-10 03:00:00,TS,-16.7,151.4, ,55,0,main
1997062S16158,1997,SP,JUSTIN,1997-03-10 06:00:00,TS,-16.6,151.4,60,55,0,main
1997062S16158,1997,SP,JUSTIN,1997-03-10 09:00:00,TS,-16.7,151.5, ,55,0,main
1997062S16158,1997,SP,JUSTIN,1997-03-10 12:00:00,TS,-16.7,151.5,60,55,0,main
1997062S16158,1997,SP,JUSTIN,1997-03-10 15:00:00,TS,-16.7,151.6, ,55,0,main
1997062S16158,1997,SP,JUSTIN,1997-03-10 18:00:00,TS,-16.7,151.6,60,55,0,main
1997062S16158,1997,SP,JUSTIN,1997-03-10 21:00:00,TS,-16.7,151.6, ,55,0,main
1997062S16158,1997,SP,JUSTIN,1997-03-11 00:00:00,TS,-16.7,151.6,51,55,0,main
1997062S16158,1997,SP,JUSTIN,1997-03-11 03:00:00,TS,-16.6,151.7, ,55,0,main
1997062S16158,1997,SP,JUSTIN,1997-03-11 06:00:00,TS,-16.6,151.7,51,55,0,main
1997062S16158,1997,SP,JUSTIN,1997-03-11 09:00:00,TS,-16.6,151.7, ,55,0,main
1997062S16158,1997,SP,JUSTIN,1997-03-11 12:00:00,TS,-16.5,151.7,51,55,0,main
1997062S16158,1997,SP,JUSTIN,1997-03-11 15:00:00,TS,-16.5,151.7, ,53,0,main
1997062S16158,1997,SP,JUSTIN,1997-03-11 18:00:00,TS,-16.4,151.7,51,50,0,main
1997062S16158,1997,SP,JUSTIN,1997-03-11 21:00:00,TS,-16.4,151.7, ,48,0,main
1997062S16158,1997,SP,JUSTIN,1997-03-12 00:00:00,TS,-16.3,151.7,45,45,0,main
1997062S16158,1997,SP,JUSTIN,1997-03-12 03:00:00,TS,-16.3,151.7, ,45,0,main
1997062S16158,1997,SP,JUSTIN,1997-03-12 06:00:00,TS,-16.2,151.7,35,45,0,main
1997062S16158,1997,SP,JUSTIN,1997-03-12 09:00:00,TS,-16.1,151.7, ,45,0,main
1997062S16158,1997,SP,JUSTIN,1997-03-12 12:00:00,TS,-15.9,151.8,40,45,0,main
1997062S16158,1997,SP,JUSTIN,1997-03-12 15:00:00,TS,-15.7,151.8, ,45,0,main
1997062S16158,1997,SP,JUSTIN,1997-03-12 18:00:00,TS,-15.5,151.9,40,45,0,main
1997062S16158,1997,SP,JUSTIN,1997-03-12 21:00:00,TS,-15.4,152.0, ,45,0,main
1997062S16158,1997,SP,JUSTIN,1997-03-13 00:00:00,TS,-15.3,152.1,35,45,0,main
1997062S16158,1997,SP,JUSTIN,1997-03-13 03:00:00,TS,-15.1,152.2, ,43,0,main
1997062S16158,1997,SP,JUSTIN,1997-03-13 06:00:00,TS,-14.9,152.3,35,40,0,main
1997062S16158,1997,SP,JUSTIN,1997-03-13 09:00:00,TS,-14.6,152.3, ,40,0,main
1997062S16158,1997,SP,JUSTIN,1997-03-13 12:00:00,TS,-14.4,152.3,35,40,0,main
1997062S16158,1997,SP,JUSTIN,1997-03-13 15:00:00,TS,-14.1,152.2, ,40,0,main
1997062S16158,1997,SP,JUSTIN,1997-03-13 18:00:00,TS,-13.9,152.2,40,40,0,main
1997062S16158,1997,SP,JUSTIN,1997-03-13 21:00:00,TS,-13.6,152.2, ,38,0,main
1997062S16158,1997,SP,JUSTIN,1997-03-14 00:00:00,TS,-13.3,152.3,45,35,0,main
1997062S16158,1997,SP,JUSTIN,1997-03-14 03:00:00,TS,-13.1,152.4, ,35,0,main
1997062S16158,1997,SP,JUSTIN,1997-03-14 06:00:00,TS,-12.8,152.6,45,35,0,main
1997062S16158,1997,SP,JUSTIN,1997-03-14 09:00:00,TS,-12.7,152.9, ,40,0,main
1997062S16158,1997,SP,JUSTIN,1997-03-14 12:00:00,TS,-12.6,153.1,45,45,0,main
1997062S16158,1997,SP,JUSTIN,1997-03-14 15:00:00,TS,-12.5,153.3, ,45,0,main
1997062S16158,1997,SP,JUSTIN,1997-03-14 18:00:00,TS,-12.4,153.5,45,45,0,main
1997062S16158,1997,SP,JUSTIN,1997-03-14 21:00:00,TS,-12.3,153.8, ,45,0,main
1997062S16158,1997,SP,JUSTIN,1997-03-15 00:00:00,TS,-12.1,154.0,50,45,0,main
1997062S16158,1997,SP,JUSTIN,1997-03-15 03:00:00,TS,-11.8,154.4, ,48,0,main
1997062S16158,1997,SP,JUSTIN,1997-03-15 06:00:00,TS,-11.6,154.7,50,50,0,main
1997062S16158,1997,SP,JUSTIN,1997-03-15 09:00:00,TS,-11.5,154.9, ,53,0,main
1997062S16158,1997,SP,JUSTIN,1997-03-15 12:00:00,TS,-11.5,155.2,50,55,0,main
1997062S16158,1997,SP,JUSTIN,1997-03-15 15:00:00,TS,-11.6,155.5, ,60,0,main
1997062S16158,1997,SP,JUSTIN,1997-03-15 18:00:00,TS,-11.7,155.8,50,65,1,main
1997062S16158,1997,SP,JUSTIN,1997-03-15 21:00:00,TS,-11.9,155.9, ,65,1,main
1997062S16158,1997,SP,JUSTIN,1997-03-16 00:00:00,TS,-12.1,155.9,50,65,1,main
1997062S16158,1997,SP,JUSTIN,1997-03-16 03:00:00,TS,-12.1,155.9, ,65,1,main
1997062S16158,1997,SP,JUSTIN,1997-03-16 06:00:00,TS,-12.2,155.9,55,65,1,main
1997062S16158,1997,SP,JUSTIN,1997-03-16 09:00:00,TS,-12.3,155.9, ,68,1,main
1997062S16158,1997,SP,JUSTIN,1997-03-16 12:00:00,TS,-12.5,155.9,60,70,1,main
1997062S16158,1997,SP,JUSTIN,1997-03-16 15:00:00,TS,-12.7,155.8, ,73,1,main
1997062S16158,1997,SP,JUSTIN,1997-03-16 18:00:00,TS,-12.9,155.7,65,75,1,main
1997062S16158,1997,SP,JUSTIN,1997-03-16 21:00:00,TS,-12.7,155.6, ,73,1,main
1997062S16158,1997,SP,JUSTIN,1997-03-17 00:00:00,TS,-12.5,155.6,65,70,1,main
1997062S16158,1997,SP,JUSTIN,1997-03-17 03:00:00,TS,-12.4,155.5, ,70,1,main
1997062S16158,1997,SP,JUSTIN,1997-03-17 06:00:00,TS,-12.4,155.5,65,70,1,main
1997062S16158,1997,SP,JUSTIN,1997-03-17 09:00:00,TS,-12.6,155.4, ,73,1,main
1997062S16158,1997,SP,JUSTIN,1997-03-17 12:00:00,TS,-12.6,155.3,70,75,1,main
1997062S16158,1997,SP,JUSTIN,1997-03-17 15:00:00,TS,-12.4,155.2, ,83,2,main
1997062S16158,1997,SP,JUSTIN,1997-03-17 18:00:00,TS,-12.2,155.1,80,90,2,main
1997062S16158,1997,SP,JUSTIN,1997-03-17 21:00:00,TS,-12.0,155.3, ,90,2,main
1997062S16158,1997,SP,JUSTIN,1997-03-18 00:00:00,TS,-11.9,155.4,80,90,2,main
1997062S16158,1997,SP,JUSTIN,1997-03-18 03:00:00,TS,-11.9,155.4, ,90,2,main
1997062S16158,1997,SP,JUSTIN,1997-03-18 06:00:00,TS,-11.9,155.2,80,90,2,main
1997062S16158,1997,SP,JUSTIN,1997-03-18 09:00:00,TS,-12.0,155.0, ,90,2,main
1997062S16158,1997,SP,JUSTIN,1997-03-18 12:00:00,TS,-12.0,154.8,80,90,2,main
1997062S16158,1997,SP,JUSTIN,1997-03-18 15:00:00,TS,-12.1,154.5, ,90,2,main
1997062S16158,1997,SP,JUSTIN,1997-03-18 18:00:00,TS,-12.2,154.3,80,90,2,main
1997062S16158,1997,SP,JUSTIN,1997-03-18 21:00:00,TS,-12.3,154.0, ,90,2,main
1997062S16158,1997,SP,JUSTIN,1997-03-19 00:00:00,TS,-12.3,153.8,80,90,2,main
1997062S16158,1997,SP,JUSTIN,1997-03-19 03:00:00,TS,-12.4,153.6, ,88,2,main
1997062S16158,1997,SP,JUSTIN,1997-03-19 06:00:00,TS,-12.6,153.3,70,85,2,main
1997062S16158,1997,SP,JUSTIN,1997-03-19 09:00:00,TS,-12.8,153.0, ,80,1,main
1997062S16158,1997,SP,JUSTIN,1997-03-19 12:00:00,TS,-13.1,152.7,60,75,1,main
1997062S16158,1997,SP,JUSTIN,1997-03-19 15:00:00,TS,-13.3,152.4, ,70,1,main
1997062S16158,1997,SP,JUSTIN,1997-03-19 18:00:00,TS,-13.6,152.1,55,65,1,main
1997062S16158,1997,SP,JUSTIN,1997-03-19 21:00:00,TS,-13.8,151.8, ,60,0,main
1997062S16158,1997,SP,JUSTIN,1997-03-20 00:00:00,TS,-14.1,151.4,50,55,0,main
1997062S16158,1997,SP,JUSTIN,1997-03-20 03:00:00,TS,-14.4,151.0, ,55,0,main
1997062S16158,1997,SP,JUSTIN,1997-03-20 06:00:00,TS,-14.6,150.6,50,55,0,main
1997062S16158,1997,SP,JUSTIN,1997-03-20 09:00:00,TS,-14.8,150.2, ,53,0,main
1997062S16158,1997,SP,JUSTIN,1997-03-20 12:00:00,TS,-14.9,149.8,45,50,0,main
1997062S16158,1997,SP,JUSTIN,1997-03-20 15:00:00,TS,-15.1,149.4, ,50,0,main
1997062S16158,1997,SP,JUSTIN,1997-03-20 18:00:00,TS,-15.2,149.0,35,50,0,main
1997062S16158,1997,SP,JUSTIN,1997-03-20 21:00:00,TS,-15.3,148.6, ,50,0,main
1997062S16158,1997,SP,JUSTIN,1997-03-21 00:00:00,TS,-15.4,148.2,35,50,0,main
1997062S16158,1997,SP,JUSTIN,1997-03-21 03:00:00,TS,-15.5,147.8, ,50,0,main
1997062S16158,1997,SP,JUSTIN,1997-03-21 06:00:00,TS,-15.6,147.5,35,50,0,main
1997062S16158,1997,SP,JUSTIN,1997-03-21 09:00:00,TS,-15.7,147.3, ,50,0,main
1997062S16158,1997,SP,JUSTIN,1997-03-21 12:00:00,TS,-15.9,147.2,45,50,0,main
1997062S16158,1997,SP,JUSTIN,1997-03-21 15:00:00,TS,-16.1,147.0, ,50,0,main
1997062S16158,1997,SP,JUSTIN,1997-03-21 18:00:00,TS,-16.4,146.7,50,50,0,main
1997062S16158,1997,SP,JUSTIN,1997-03-21 21:00:00,TS,-16.6,146.3, ,53,0,main
1997062S16158,1997,SP,JUSTIN,1997-03-22 00:00:00,TS,-16.8,146.0,55,55,0,main
1997062S16158,1997,SP,JUSTIN,1997-03-22 03:00:00,TS,-16.9,145.6, ,53,0,main
1997062S16158,1997,SP,JUSTIN,1997-03-22 03:30:00,TS,-16.9,145.5,55,52,0,main
1997062S16158,1997,SP,JUSTIN,1997-03-22 06:00:00,TS,-16.9,145.3,40,50,0,main
1997062S16158,1997,SP,JUSTIN,1997-03-22 09:00:00,TS,-17.0,145.1, ,48,0,main
1997062S16158,1997,SP,JUSTIN,1997-03-22 12:00:00,TS,-17.0,145.0,35,45,0,main
1997062S16158,1997,SP,JUSTIN,1997-03-22 15:00:00,TS,-17.2,144.8, ,43,0,main
1997062S16158,1997,SP,JUSTIN,1997-03-22 18:00:00,TS,-17.4,144.8,35,40,0,main
1997062S16158,1997,SP,JUSTIN,1997-03-22 21:00:00,TS,-17.6,144.8, ,40,0,main
1997062S16158,1997,SP,JUSTIN,1997-03-23 00:00:00,TS,-17.7,144.9,35,40,0,main
1997062S16158,1997,SP,JUSTIN,1997-03-23 03:00:00,TS,-17.9,145.1, ,40,0,main
1997062S16158,1997,SP,JUSTIN,1997-03-23 06:00:00,TS,-18.2,145.4,35,40,0,main
1997062S16158,1997,SP,JUSTIN,1997-03-23 09:00:00,TS,-18.4,145.7, ,43,0,main
1997062S16158,1997,SP,JUSTIN,1997-03-23 12:00:00,TS,-18.6,146.0,40,45,0,main
1997062S16158,1997,SP,JUSTIN,1997-03-23 15:00:00,TS,-18.8,146.4, ,45,0,main
1997062S16158,1997,SP,JUSTIN,1997-03-23 18:00:00,TS,-19.0,146.8,45,45,0,main
1997062S16158,1997,SP,JUSTIN,1997-03-23 21:00:00,TS,-19.1,147.2, ,45,0,main
1997062S16158,1997,SP,JUSTIN,1997-03-23 23:00:00,TS,-19.2,147.5,40,45,0,main
1997062S16158,1997,SP,JUSTIN,1997-03-24 00:00:00,TS,-19.3,147.6,40,45,0,main
1997062S16158,1997,SP,JUSTIN,1997-03-24 03:00:00,TS,-19.5,148.0, ,45,0,main
1997062S16158,1997,SP,JUSTIN,1997-03-24 06:00:00,TS,-19.7,148.3,40,45,0,main
1997062S16158,1997,SP,JUSTIN,1997-03-24 09:00:00,TS,-19.9,148.7, ,40,0,main
1997062S16158,1997,SP,JUSTIN,1997-03-24 12:00:00,TS,-20.1,149.1,35,35,0,main
1997062S16158,1997,SP,JUSTIN,1997-03-24 15:00:00,TS,-20.2,149.4, ,35,0,main
1997062S16158,1997,SP,JUSTIN,1997-03-24 18:00:00,TS,-20.3,149.7,30,35,0,main
1997062S16158,1997,SP,JUSTIN,1997-03-24 21:00:00,TS,-20.4,150.1, ,35,0,main
1997062S16158,1997,SP,JUSTIN,1997-03-25 00:00:00,TS,-20.5,150.6,30,35,0,main
1997062S16158,1997,SP,JUSTIN,1997-03-25 03:00:00,TS,-20.6,151.0, ,35,0,main
1997062S16158,1997,SP,JUSTIN,1997-03-25 06:00:00,TS,-20.7,151.5,25,35,0,main
1997062S16158,1997,SP,JUSTIN,1997-03-25 09:00:00,NR,-20.8,151.9, ,35,0,main
1997062S16158,1997,SP,JUSTIN,1997-03-25 12:00:00,NR,-20.8,152.3, ,35,0,main
1997062S16158,1997,SP,JUSTIN,1997-03-25 15:00:00,NR,-20.8,152.4, ,35,0,main
1997062S16158,1997,SP,JUSTIN,1997-03-25 18:00:00,NR,-20.8,152.4, ,35,0,main
1997062S16158,1997,SP,JUSTIN,1997-03-25 21:00:00,NR,-20.6,152.4, ,33,-1,main
1997062S16158,1997,SP,JUSTIN,1997-03-26 00:00:00,NR,-20.5,152.4, ,30,-1,main
1997062S16158,1997,SP,JUSTIN,1997-03-26 03:00:00,NR,-20.3,152.4, ,30,-1,main
1997062S16158,1997,SP,JUSTIN,1997-03-26 06:00:00,NR,-20.1,152.4, ,30,-1,main
1997062S16158,1997,SP,JUSTIN,1997-03-26 09:00:00,NR,-19.9,152.3, ,30,-1,main
1997062S16158,1997,SP,JUSTIN,1997-03-26 12:00:00,NR,-19.8,152.1, ,30,-1,main
1997062S16158,1997,SP,JUSTIN,1997-03-26 15:00:00,NR,-19.6,151.9, ,30,-1,main
1997062S16158,1997,SP,JUSTIN,1997-03-26 18:00:00,NR,-19.4,151.7, ,30,-1,main
1997062S16158,1997,SP,JUSTIN,1997-03-26 21:00:00,NR,-19.3,151.5, ,30,-1,main
1997062S16158,1997,SP,JUSTIN,1997-03-27 00:00:00,NR,-19.1,151.3, ,30,-1,main
1997062S16158,1997,SP,JUSTIN,1997-03-27 03:00:00,NR,-18.7,151.1, ,30,-1,main
1997062S16158,1997,SP,JUSTIN,1997-03-27 06:00:00,NR,-18.3,151.0, ,30,-1,main
1997062S16158,1997,SP,JUSTIN,1997-03-27 09:00:00,NR,-17.9,150.8, ,30,-1,main
1997062S16158,1997,SP,JUSTIN,1997-03-27 12:00:00,NR,-17.4,150.6, ,30,-1,main
1997062S16158,1997,SP,JUSTIN,1997-03-27 15:00:00,NR,-16.9,150.3, ,30,-1,main
1997062S16158,1997,SP,JUSTIN,1997-03-27 18:00:00,NR,-16.4,150.1, ,30,-1,main
1997062S16158,1997,SP,JUSTIN,1997-03-27 21:00:00,NR,-16.0,149.8, ,28,-1,main
1997062S16158,1997,SP,JUSTIN,1997-03-28 00:00:00,NR,-15.6,149.6, ,25,-1,main
1997062S16158,1997,SP,JUSTIN,1997-03-28 03:00:00,NR,-15.1,149.3, ,25,-1,main
1997062S16158,1997,SP,JUSTIN,1997-03-28 06:00:00,NR,-14.7,149.0, ,25,-1,main
1997062S16158,1997,SP,JUSTIN,1997-03-28 09:00:00,NR,-14.2,148.8, ,25,-1,main
1997062S16158,1997,SP,JUSTIN,1997-03-28 12:00:00,NR,-13.8,148.7, ,25,-1,main
1997062S16158,1997,SP,JUSTIN,1997-03-28 15:00:00,NR,-13.2,148.4, ,23,-1,main
1997062S16158,1997,SP,JUSTIN,1997-03-28 18:00:00,NR,-12.7,148.2, ,20,-1,main
1997062S16158,1997,SP,JUSTIN,1997-03-28 21:00:00,NR,-12.2,147.9, ,20,-1,main
1997062S16158,1997,SP,JUSTIN,1997-03-29 00:00:00,NR,-11.8,147.5, ,20,-1,main
1997062S16158,1997,SP,JUSTIN,1997-03-29 03:00:00,NR,-11.5,147.1, ,18,-1,main
1997062S16158,1997,SP,JUSTIN,1997-03-29 06:00:00,NR,-11.3,146.5, ,15,-1,main
1997062S16158,1997,SP,JUSTIN,1997-03-29 09:00:00,NR,-11.1,145.9, ,20,-1,main
1997062S16158,1997,SP,JUSTIN,1997-03-29 12:00:00,NR,-10.9,145.3, ,25,-1,main
1997302S08199,1998,SP,MARTIN,1997-10-28 18:00:00,TS,-7.5,-161.1, ,25,-1,main
1997302S08199,1998,SP,MARTIN,1997-10-28 21:00:00,TS,-7.6,-161.3, ,25,-1,main
1997302S08199,1998,SP,MARTIN,1997-10-29 00:00:00,TS,-7.7,-161.6, ,25,-1,main
1997302S08199,1998,SP,MARTIN,1997-10-29 03:00:00,TS,-7.8,-161.9, ,25,-1,main
1997302S08199,1998,SP,MARTIN,1997-10-29 06:00:00,TS,-7.9,-162.2, ,25,-1,main
1997302S08199,1998,SP,MARTIN,1997-10-29 09:00:00,TS,-8.0,-162.6, ,28,-1,main
1997302S08199,1998,SP,MARTIN,1997-10-29 12:00:00,TS,-8.2,-163.0, ,30,-1,main
1997302S08199,1998,SP,MARTIN,1997-10-29 15:00:00,TS,-8.3,-163.5, ,30,-1,main
1997302S08199,1998,SP,MARTIN,1997-10-29 18:00:00,TS,-8.4,-163.9, ,30,-1,main
1997302S08199,1998,SP,MARTIN,1997-10-29 21:00:00,TS,-8.5,-164.2, ,30,-1,main
1997302S08199,1998,SP,MARTIN,1997-10-30 00:00:00,TS,-8.7,-164.5, ,30,-1,main
1997302S08199,1998,SP,MARTIN,1997-10-30 03:00:00,TS,-8.8,-164.8, ,30,-1,main
1997302S08199,1998,SP,MARTIN,1997-10-30 06:00:00,TS,-8.9,-165.0, ,30,-1,main
1997302S08199,1998,SP,MARTIN,1997-10-30 09:00:00,TS,-9.0,-165.2, ,30,-1,main
1997302S08199,1998,SP,MARTIN,1997-10-30 12:00:00,TS,-9.0,-165.3, ,30,-1,main
1997302S08199,1998,SP,MARTIN,1997-10-30 15:00:00,TS,-9.0,-165.3, ,33,-1,main
1997302S08199,1998,SP,MARTIN,1997-10-30 18:00:00,TS,-9.1,-165.3, ,35,0,main
1997302S08199,1998,SP,MARTIN,1997-10-30 21:00:00,TS,-9.2,-165.3, ,38,0,main
1997302S08199,1998,SP,MARTIN,1997-10-31 00:00:00,TS,-9.4,-165.5, ,40,0,main
1997302S08199,1998,SP,MARTIN,1997-10-31 03:00:00,TS,-9.6,-165.6, ,43,0,main
1997302S08199,1998,SP,MARTIN,1997-10-31 06:00:00,TS,-9.8,-165.7, ,45,0,main
1997302S08199,1998,SP,MARTIN,1997-10-31 09:00:00,TS,-10.0,-165.7, ,48,0,main
1997302S08199,1998,SP,MARTIN,1997-10-31 12:00:00,TS,-10.2,-165.7, ,50,0,main
1997302S08199,1998,SP,MARTIN,1997-10-31 15:00:00,TS,-10.3,-165.6,35,53,0,main
1997302S08199,1998,SP,MARTIN,1997-10-31 18:00:00,TS,-10.5,-165.4,45,55,0,main
1997302S08199,1998,SP,MARTIN,1997-10-31 21:00:00,TS,-10.6,-165.3, ,58,0,main
1997302S08199,1998,SP,MARTIN,1997-11-01 00:00:00,TS,-10.7,-165.1,50,60,0,main
1997302S08199,1998,SP,MARTIN,1997-11-01 03:00:00,TS,-10.8,-164.9, ,63,0,main
1997302S08199,1998,SP,MARTIN,1997-11-01 06:00:00,TS,-10.9,-164.6,55,65,1,main
1997302S08199,1998,SP,MARTIN,1997-11-01 09:00:00,TS,-10.9,-164.1, ,68,1,main
1997302S08199,1998,SP,MARTIN,1997-11-01 12:00:00,TS,-10.9,-163.7,60,70,1,main
1997302S08199,1998,SP,MARTIN,1997-11-01 15:00:00,TS,-10.8,-163.4, ,73,1,main
1997302S08199,1998,SP,MARTIN,1997-11-01 18:00:00,TS,-10.9,-163.0,65,75,1,main
1997302S08199,1998,SP,MARTIN,1997-11-01 21:00:00,TS,-11.0,-162.6, ,75,1,main
1997302S08199,1998,SP,MARTIN,1997-11-02 00:00:00,TS,-11.2,-162.2,70,75,1,main
1997302S08199,1998,SP,MARTIN,1997-11-02 03:00:00,TS,-11.3,-161.7, ,78,1,main
1997302S08199,1998,SP,MARTIN,1997-11-02 06:00:00,TS,-11.4,-161.2,70,80,1,main
1997302S08199,1998,SP,MARTIN,1997-11-02 09:00:00,TS,-11.6,-160.6, ,83,2,main
1997302S08199,1998,SP,MARTIN,1997-11-02 12:00:00,TS,-11.9,-160.0,75,85,2,main
1997302S08199,1998,SP,MARTIN,1997-11-02 15:00:00,TS,-12.2,-159.5, ,88,2,main
1997302S08199,1998,SP,MARTIN,1997-11-02 18:00:00,TS,-12.7,-158.9,80,90,2,main
1997302S08199,1998,SP,MARTIN,1997-11-02 21:00:00,TS,-13.1,-158.1, ,93,2,main
1997302S08199,1998,SP,MARTIN,1997-11-03 00:00:00,TS,-13.7,-157.3,80,95,2,main
1997302S08199,1998,SP,MARTIN,1997-11-03 03:00:00,TS,-14.3,-156.5, ,95,2,main
1997302S08199,1998,SP,MARTIN,1997-11-03 06:00:00,TS,-15.0,-155.7,85,95,2,main
1997302S08199,1998,SP,MARTIN,1997-11-03 09:00:00,TS,-15.7,-155.0, ,98,3,main
1997302S08199,1998,SP,MARTIN,1997-11-03 12:00:00,TS,-16.5,-154.3,85,100,3,main
1997302S08199,1998,SP,MARTIN,1997-11-03 15:00:00,TS,-17.2,-153.4, ,100,3,main
1997302S08199,1998,SP,MARTIN,1997-11-03 18:00:00,TS,-17.9,-152.6,80,100,3,main
1997302S08199,1998,SP,MARTIN,1997-11-03 21:00:00,TS,-18.7,-151.8, ,95,2,main
1997302S08199,1998,SP,MARTIN,1997-11-04 00:00:00,TS,-19.6,-150.9,80,90,2,main
1997302S08199,1998,SP,MARTIN,1997-11-04 03:00:00,TS,-20.5,-149.8, ,83,2,main
1997302S08199,1998,SP,MARTIN,1997-11-04 06:00:00,TS,-21.3,-148.8,75,75,1,main
1997302S08199,1998,SP,MARTIN,1997-11-04 09:00:00,TS,-22.0,-148.0, ,63,0,main
1997302S08199,1998,SP,MARTIN,1997-11-04 12:00:00,TS,-22.5,-147.3,65,50,0,main
1997302S08199,1998,SP,MARTIN,1997-11-04 15:00:00,TS,-23.0,-146.4, ,40,0,main
1997302S08199,1998,SP,MARTIN,1997-11-04 18:00:00,TS,-23.3,-145.6,55,30,-1,main
1997302S08199,1998,SP,MARTIN,1997-11-04 21:00:00,NR,-23.5,-144.9, , ,-5,main
1997302S08199,1998,SP,MARTIN,1997-11-05 00:00:00,NR,-24.1,-144.3,40, ,-5,main
1997302S08199,1998,SP,MARTIN,1997-11-05 03:00:00,NR,-24.5,-143.7, , ,-5,main
1997302S08199,1998,SP,MARTIN,1997-11-05 06:00:00,NR,-25.0,-143.0,35, ,-5,main
1997302S08199,1998,SP,MARTIN,1997-11-05 09:00:00,NR,-25.5,-142.3, , ,-5,main
1997302S08199,1998,SP,MARTIN,1997-11-05 12:00:00,NR,-26.0,-141.3,35, ,-5,main
1997302S08199,1998,SP,MARTIN,1997-11-05 15:00:00,NR,-26.0,-139.2, , ,-5,main
1997302S08199,1998,SP,MARTIN,1997-11-05 18:00:00,NR,-26.0,-137.0,30, ,-5,main
1997302S08199,1998,SP,MARTIN,1997-11-05 21:00:00,NR,-26.2,-135.7, , ,-5,main
1997302S08199,1998,SP,MARTIN,1997-11-06 00:00:00,NR,-26.5,-134.8,25, ,-5,main
1997302S08199,1998,SP,MARTIN,1997-11-06 03:00:00,NR,-26.7,-133.8, , ,-5,main
1997302S08199,1998,SP,MARTIN,1997-11-06 06:00:00,NR,-27.0,-133.0,25, ,-5,main
1997302S08199,1998,SP,MARTIN,1997-11-06 09:00:00,NR,-27.3,-132.3, , ,-5,main
1997302S08199,1998,SP,MARTIN,1997-11-06 12:00:00,NR,-27.6,-131.5,25, ,-5,main
1997302S08199,1998,SP,MARTIN,1997-11-06 15:00:00,NR,-28.0,-130.1, , ,-5,main
1997302S08199,1998,SP,MARTIN,1997-11-06 18:00:00,NR,-28.5,-128.5,25, ,-5,main
1997302S08199,1998,SP,MARTIN,1997-11-06 21:00:00,NR,-29.0,-127.3, , ,-5,main
1997302S08199,1998,SP,MARTIN,1997-11-07 00:00:00,NR,-29.5,-126.0,25, ,-5,main
1997302S08199,1998,SP,MARTIN,1997-11-07 03:00:00,NR,-29.8,-124.3, , ,-5,main
1997302S08199,1998,SP,MARTIN,1997-11-07 06:00:00,NR,-30.0,-122.5,25, ,-5,main
1997302S08199,1998,SP,MARTIN,1997-11-07 09:00:00,NR,-30.4,-120.7, , ,-5,main
1997302S08199,1998,SP,MARTIN,1997-11-07 12:00:00,NR,-30.7,-119.0, , ,-5,main
1997302S08199,1998,SP,MARTIN,1997-11-07 15:00:00,NR,-30.9,-117.4, , ,-5,main
1997302S08199,1998,SP,MARTIN,1997-11-07 18:00:00,NR,-31.1,-115.8, , ,-5,main
1997302S08199,1998,SP,MARTIN,1997-11-07 21:00:00,NR,-31.3,-114.2, , ,-5,main
1997302S08199,1998,SP,MARTIN,1997-11-08 00:00:00,NR,-31.5,-112.5, , ,-5,main
1997326S09203,1998,SP,OSEA,1997-11-21 18:00:00,TS,-9.2,-156.7, ,20,-1,main
1997326S09203,1998,SP,OSEA,1997-11-21 21:00:00,TS,-9.4,-156.6, ,25,-1,main
1997326S09203,1998,SP,OSEA,1997-11-22 00:00:00,TS,-9.5,-156.6,15,30,-1,main
1997326S09203,1998,SP,OSEA,1997-11-22 03:00:00,TS,-9.6,-156.5, ,30,-1,main
1997326S09203,1998,SP,OSEA,1997-11-22 06:00:00,TS,-9.7,-156.4,15,30,-1,main
1997326S09203,1998,SP,OSEA,1997-11-22 09:00:00,TS,-9.7,-156.5, ,30,-1,main
1997326S09203,1998,SP,OSEA,1997-11-22 12:00:00,TS,-9.8,-156.7,15,30,-1,main
1997326S09203,1998,SP,OSEA,1997-11-22 15:00:00,TS,-9.9,-156.8, ,30,-1,main
1997326S09203,1998,SP,OSEA,1997-11-22 18:00:00,TS,-9.9,-157.0,15,30,-1,main
1997326S09203,1998,SP,OSEA,1997-11-22 21:00:00,TS,-9.9,-157.1, ,30,-1,main
1997326S09203,1998,SP,OSEA,1997-11-23 00:00:00,TS,-9.9,-157.2,20,30,-1,main
1997326S09203,1998,SP,OSEA,1997-11-23 03:00:00,TS,-9.9,-157.3, ,30,-1,main
1997326S09203,1998,SP,OSEA,1997-11-23 06:00:00,TS,-10.0,-157.4,20,30,-1,main
1997326S09203,1998,SP,OSEA,1997-11-23 09:00:00,TS,-10.0,-157.4, ,33,-1,main
1997326S09203,1998,SP,OSEA,1997-11-23 12:00:00,TS,-10.1,-157.5,20,35,0,main
1997326S09203,1998,SP,OSEA,1997-11-23 15:00:00,TS,-10.5,-157.6, ,35,0,main
1997326S09203,1998,SP,OSEA,1997-11-23 18:00:00,TS,-11.0,-157.8,25,35,0,main
1997326S09203,1998,SP,OSEA,1997-11-23 21:00:00,TS,-11.4,-157.8, ,35,0,main
1997326S09203,1998,SP,OSEA,1997-11-24 00:00:00,TS,-12.0,-157.8,35,35,0,main
1997326S09203,1998,SP,OSEA,1997-11-24 03:00:00,TS,-12.5,-157.7, ,35,0,main
1997326S09203,1998,SP,OSEA,1997-11-24 06:00:00,TS,-13.0,-157.6,40,35,0,main
1997326S09203,1998,SP,OSEA,1997-11-24 09:00:00,TS,-13.2,-157.4, ,45,0,main
1997326S09203,1998,SP,OSEA,1997-11-24 12:00:00,TS,-13.5,-157.1,45,55,0,main
1997326S09203,1998,SP,OSEA,1997-11-24 15:00:00,TS,-13.7,-156.7, ,55,0,main
1997326S09203,1998,SP,OSEA,1997-11-24 18:00:00,TS,-13.9,-156.4,50,55,0,main
1997326S09203,1998,SP,OSEA,1997-11-24 21:00:00,TS,-13.9,-156.0, ,55,0,main
1997326S09203,1998,SP,OSEA,1997-11-25 00:00:00,TS,-14.0,-155.6,55,55,0,main
1997326S09203,1998,SP,OSEA,1997-11-25 03:00:00,TS,-14.1,-155.2, ,60,0,main
1997326S09203,1998,SP,OSEA,1997-11-25 06:00:00,TS,-14.3,-154.8,60,65,1,main
1997326S09203,1998,SP,OSEA,1997-11-25 09:00:00,TS,-14.5,-154.4, ,65,1,main
1997326S09203,1998,SP,OSEA,1997-11-25 12:00:00,TS,-14.8,-154.0,65,65,1,main
1997326S09203,1998,SP,OSEA,1997-11-25 15:00:00,TS,-15.0,-153.6, ,70,1,main
1997326S09203,1998,SP,OSEA,1997-11-25 18:00:00,TS,-15.3,-153.3,75,75,1,main
1997326S09203,1998,SP,OSEA,1997-11-25 21:00:00,TS,-15.7,-152.9, ,75,1,main
1997326S09203,1998,SP,OSEA,1997-11-26 00:00:00,TS,-16.2,-152.6,80,75,1,main
1997326S09203,1998,SP,OSEA,1997-11-26 03:00:00,TS,-16.6,-152.3, ,83,2,main
1997326S09203,1998,SP,OSEA,1997-11-26 06:00:00,TS,-17.2,-152.0,80,90,2,main
1997326S09203,1998,SP,OSEA,1997-11-26 09:00:00,TS,-17.7,-151.7, ,90,2,main
1997326S09203,1998,SP,OSEA,1997-11-26 12:00:00,TS,-18.2,-151.4,80,90,2,main
1997326S09203,1998,SP,OSEA,1997-11-26 15:00:00,TS,-18.6,-151.2, ,83,2,main
1997326S09203,1998,SP,OSEA,1997-11-26 18:00:00,TS,-18.8,-151.0,70,75,1,main
1997326S09203,1998,SP,OSEA,1997-11-26 21:00:00,TS,-19.2,-150.7, ,65,1,main
1997326S09203,1998,SP,OSEA,1997-11-27 00:00:00,TS,-19.4,-150.5,60,55,0,main
1997326S09203,1998,SP,OSEA,1997-11-27 03:00:00,TS,-19.7,-150.4, ,45,0,main
1997326S09203,1998,SP,OSEA,1997-11-27 06:00:00,TS,-19.9,-150.4,55,35,0,main
1997326S09203,1998,SP,OSEA,1997-11-27 09:00:00,NR,-20.1,-150.6, , ,-5,main
1997326S09203,1998,SP,OSEA,1997-11-27 12:00:00,NR,-20.4,-150.6,50, ,-5,main
1997326S09203,1998,SP,OSEA,1997-11-27 15:00:00,NR,-20.6,-150.5, , ,-5,main
1997326S09203,1998,SP,OSEA,1997-11-27 18:00:00,NR,-20.7,-150.3,45, ,-5,main
1997326S09203,1998,SP,OSEA,1997-11-27 21:00:00,NR,-21.0,-149.8, , ,-5,main
1997326S09203,1998,SP,OSEA,1997-11-28 00:00:00,NR,-21.2,-149.2,35, ,-5,main
1997326S09203,1998,SP,OSEA,1997-11-28 03:00:00,NR,-21.3,-148.6, , ,-5,main
1997326S09203,1998,SP,OSEA,1997-11-28 06:00:00,NR,-21.4,-148.0,30, ,-5,main
1997326S09203,1998,SP,OSEA,1997-11-28 09:00:00,NR,-21.5,-147.5, , ,-5,main
1997326S09203,1998,SP,OSEA,1997-11-28 12:00:00,NR,-21.5,-147.1,25, ,-5,main
1998002S14151,1998,SP,KATRINA,1998-01-01 12:00:00,DS,-14.5,150.9,25,20,-1,main
1998002S14151,1998,SP,KATRINA,1998-01-01 15:00:00,DS,-14.6,151.1, ,20,-1,main
1998002S14151,1998,SP,KATRINA,1998-01-01 18:00:00,DS,-14.8,151.4,30,20,-1,main
1998002S14151,1998,SP,KATRINA,1998-01-01 21:00:00,DS,-14.9,151.5, ,23,-1,main
1998002S14151,1998,SP,KATRINA,1998-01-02 00:00:00,MX,-15.0,151.8,30,25,-1,main
1998002S14151,1998,SP,KATRINA,1998-01-02 03:00:00,MX,-15.2,152.1, ,25,-1,main
1998002S14151,1998,SP,KATRINA,1998-01-02 06:00:00,MX,-15.4,152.4,30,25,-1,main
1998002S14151,1998,SP,KATRINA,1998-01-02 09:00:00,MX,-15.6,152.8, ,28,-1,main
1998002S14151,1998,SP,KATRINA,1998-01-02 12:00:00,MX,-15.9,153.1,30,30,-1,main
1998002S14151,1998,SP,KATRINA,1998-01-02 15:00:00,MX,-16.1,153.2, ,33,-1,main
1998002S14151,1998,SP,KATRINA,1998-01-02 18:00:00,TS,-16.4,153.1,40,35,0,main
1998002S14151,1998,SP,KATRINA,1998-01-02 21:00:00,TS,-16.5,152.8, ,38,0,main
1998002S14151,1998,SP,KATRINA,1998-01-03 00:00:00,TS,-16.6,152.5,40,40,0,main
1998002S14151,1998,SP,KATRINA,1998-01-03 03:00:00,TS,-16.5,152.3, ,40,0,main
1998002S14151,1998,SP,KATRINA,1998-01-03 06:00:00,TS,-16.3,152.3,40,40,0,main
1998002S14151,1998,SP,KATRINA,1998-01-03 09:00:00,TS,-16.0,152.2, ,43,0,main
1998002S14151,1998,SP,KATRINA,1998-01-03 12:00:00,TS,-15.7,152.3,40,45,0,main
1998002S14151,1998,SP,KATRINA,1998-01-03 15:00:00,TS,-15.5,152.6, ,50,0,main
1998002S14151,1998,SP,KATRINA,1998-01-03 18:00:00,TS,-15.4,152.9,45,55,0,main
1998002S14151,1998,SP,KATRINA,1998-01-03 21:00:00,TS,-15.2,153.3, ,55,0,main
1998002S14151,1998,SP,KATRINA,1998-01-04 00:00:00,TS,-15.1,153.5,45,55,0,main
1998002S14151,1998,SP,KATRINA,1998-01-04 03:00:00,TS,-15.1,153.5, ,55,0,main
1998002S14151,1998,SP,KATRINA,1998-01-04 06:00:00,TS,-15.1,153.5,45,55,0,main
1998002S14151,1998,SP,KATRINA,1998-01-04 09:00:00,TS,-15.2,153.7, ,53,0,main
1998002S14151,1998,SP,KATRINA,1998-01-04 12:00:00,TS,-15.2,154.0,45,50,0,main
1998002S14151,1998,SP,KATRINA,1998-01-04 15:00:00,TS,-15.2,154.1, ,50,0,main
1998002S14151,1998,SP,KATRINA,1998-01-04 18:00:00,TS,-15.1,154.2,45,50,0,main
1998002S14151,1998,SP,KATRINA,1998-01-04 21:00:00,TS,-15.1,154.3, ,50,0,main
1998002S14151,1998,SP,KATRINA,1998-01-05 00:00:00,TS,-15.2,154.6,45,50,0,main
1998002S14151,1998,SP,KATRINA,1998-01-05 03:00:00,TS,-15.2,155.0, ,50,0,main
1998002S14151,1998,SP,KATRINA,1998-01-05 06:00:00,TS,-15.2,155.3,45,50,0,main
1998002S14151,1998,SP,KATRINA,1998-01-05 09:00:00,TS,-15.2,155.5, ,50,0,main
1998002S14151,1998,SP,KATRINA,1998-01-05 12:00:00,TS,-15.1,155.6,45,50,0,main
1998002S14151,1998,SP,KATRINA,1998-01-05 15:00:00,TS,-15.0,155.8, ,50,0,main
1998002S14151,1998,SP,KATRINA,1998-01-05 18:00:00,TS,-14.8,156.0,45,50,0,main
1998002S14151,1998,SP,KATRINA,1998-01-05 21:00:00,TS,-14.6,156.4, ,45,0,main
1998002S14151,1998,SP,KATRINA,1998-01-06 00:00:00,TS,-14.4,156.9,45,40,0,main
1998002S14151,1998,SP,KATRINA,1998-01-06 03:00:00,TS,-14.3,157.2, ,40,0,main
1998002S14151,1998,SP,KATRINA,1998-01-06 06:00:00,TS,-14.2,157.6,50,40,0,main
1998002S14151,1998,SP,KATRINA,1998-01-06 09:00:00,TS,-14.1,157.9, ,40,0,main
1998002S14151,1998,SP,KATRINA,1998-01-06 12:00:00,TS,-13.9,158.2,50,40,0,main
1998002S14151,1998,SP,KATRINA,1998-01-06 15:00:00,TS,-13.7,158.4, ,40,0,main
1998002S14151,1998,SP,KATRINA,1998-01-06 18:00:00,TS,-13.4,158.6,50,40,0,main
1998002S14151,1998,SP,KATRINA,1998-01-06 21:00:00,TS,-13.0,159.1, ,43,0,main
1998002S14151,1998,SP,KATRINA,1998-01-07 00:00:00,TS,-12.7,159.7,55,45,0,main
1998002S14151,1998,SP,KATRINA,1998-01-07 03:00:00,TS,-12.6,160.3, ,45,0,main
1998002S14151,1998,SP,KATRINA,1998-01-07 06:00:00,TS,-12.5,160.8,50,45,0,main
1998002S14151,1998,SP,KATRINA,1998-01-07 09:00:00,TS,-12.5,161.3, ,50,0,main
1998002S14151,1998,SP,KATRINA,1998-01-07 12:00:00,TS,-12.6,161.7,55,55,0,main
1998002S14151,1998,SP,KATRINA,1998-01-07 15:00:00,TS,-12.8,162.0, ,55,0,main
1998002S14151,1998,SP,KATRINA,1998-01-07 18:00:00,TS,-13.0,162.3,55,55,0,main
1998002S14151,1998,SP,KATRINA,1998-01-07 21:00:00,TS,-13.3,162.7, ,60,0,main
1998002S14151,1998,SP,KATRINA,1998-01-08 00:00:00,TS,-13.5,163.0,60,65,1,main
1998002S14151,1998,SP,KATRINA,1998-01-08 03:00:00,TS,-13.8,163.4, ,65,1,main
1998002S14151,1998,SP,KATRINA,1998-01-08 06:00:00,TS,-14.1,163.7,60,65,1,main
1998002S14151,1998,SP,KATRINA,1998-01-08 09:00:00,TS,-14.4,164.0, ,70,1,main
1998002S14151,1998,SP,KATRINA,1998-01-08 12:00:00,TS,-14.5,164.3,60,75,1,main
1998002S14151,1998,SP,KATRINA,1998-01-08 15:00:00,TS,-14.7,164.4, ,78,1,main
1998002S14151,1998,SP,KATRINA,1998-01-08 18:00:00,TS,-14.9,164.4,65,80,1,main
1998002S14151,1998,SP,KATRINA,1998-01-08 21:00:00,TS,-15.0,164.5, ,80,1,main
1998002S14151,1998,SP,KATRINA,1998-01-09 00:00:00,TS,-15.2,164.7,70,80,1,main
1998002S14151,1998,SP,KATRINA,1998-01-09 03:00:00,TS,-15.4,164.8, ,83,2,main
1998002S14151,1998,SP,KATRINA,1998-01-09 06:00:00,TS,-15.6,164.9,75,85,2,main
1998002S14151,1998,SP,KATRINA,1998-01-09 09:00:00,TS,-15.7,165.0, ,85,2,main
1998002S14151,1998,SP,KATRINA,1998-01-09 12:00:00,TS,-15.7,165.0,75,85,2,main
1998002S14151,1998,SP,KATRINA,1998-01-09 15:00:00,TS,-15.7,164.9, ,88,2,main
1998002S14151,1998,SP,KATRINA,1998-01-09 18:00:00,TS,-15.7,164.7,80,90,2,main
1998002S14151,1998,SP,KATRINA,1998-01-09 21:00:00,TS,-15.7,164.6, ,90,2,main
1998002S14151,1998,SP,KATRINA,1998-01-10 00:00:00,TS,-15.7,164.4,80,90,2,main
1998002S14151,1998,SP,KATRINA,1998-01-10 03:00:00,TS,-15.6,164.3, ,90,2,main
1998002S14151,1998,SP,KATRINA,1998-01-10 06:00:00,TS,-15.6,164.0,80,90,2,main
1998002S14151,1998,SP,KATRINA,1998-01-10 09:00:00,TS,-15.5,163.6, ,90,2,main
1998002S14151,1998,SP,KATRINA,1998-01-10 12:00:00,TS,-15.4,163.2,80,90,2,main
1998002S14151,1998,SP,KATRINA,1998-01-10 15:00:00,TS,-15.2,162.9, ,90,2,main
1998002S14151,1998,SP,KATRINA,1998-01-10 18:00:00,TS,-15.0,162.5,80,90,2,main
1998002S14151,1998,SP,KATRINA,1998-01-10 21:00:00,TS,-14.9,162.2, ,90,2,main
1998002S14151,1998,SP,KATRINA,1998-01-11 00:00:00,TS,-14.8,161.9,75,90,2,main
1998002S14151,1998,SP,KATRINA,1998-01-11 03:00:00,TS,-14.7,161.5, ,88,2,main
1998002S14151,1998,SP,KATRINA,1998-01-11 06:00:00,TS,-14.6,161.0,70,85,2,main
1998002S14151,1998,SP,KATRINA,1998-01-11 09:00:00,TS,-14.4,160.7, ,83,2,main
1998002S14151,1998,SP,KATRINA,1998-01-11 12:00:00,TS,-14.2,160.4,65,80,1,main
1998002S14151,1998,SP,KATRINA,1998-01-11 15:00:00,TS,-14.0,160.1, ,80,1,main
1998002S14151,1998,SP,KATRINA,1998-01-11 18:00:00,TS,-13.9,159.9,65,80,1,main
1998002S14151,1998,SP,KATRINA,1998-01-11 21:00:00,TS,-13.7,159.8, ,80,1,main
1998002S14151,1998,SP,KATRINA,1998-01-12 00:00:00,TS,-13.4,159.8,65,80,1,main
1998002S14151,1998,SP,KATRINA,1998-01-12 03:00:00,TS,-13.3,159.7, ,80,1,main
1998002S14151,1998,SP,KATRINA,1998-01-12 06:00:00,TS,-13.3,159.5,65,80,1,main
1998002S14151,1998,SP,KATRINA,1998-01-12 09:00:00,TS,-13.1,159.1, ,75,1,main
1998002S14151,1998,SP,KATRINA,1998-01-12 12:00:00,TS,-13.1,158.7,65,70,1,main
1998002S14151,1998,SP,KATRINA,1998-01-12 15:00:00,TS,-13.1,158.5, ,68,1,main
1998002S14151,1998,SP,KATRINA,1998-01-12 18:00:00,TS,-13.2,158.3,65,65,1,main
1998002S14151,1998,SP,KATRINA,1998-01-12 21:00:00,TS,-13.5,157.8, ,65,1,main
1998002S14151,1998,SP,KATRINA,1998-01-13 00:00:00,TS,-13.7,157.3,65,65,1,main
1998002S14151,1998,SP,KATRINA,1998-01-13 03:00:00,TS,-13.8,156.8, ,65,1,main
1998002S14151,1998,SP,KATRINA,1998-01-13 06:00:00,TS,-13.9,156.2,65,65,1,main
1998002S14151,1998,SP,KATRINA,1998-01-13 09:00:00,TS,-13.8,155.7, ,65,1,main
1998002S14151,1998,SP,KATRINA,1998-01-13 12:00:00,TS,-13.8,155.1,65,65,1,main
1998002S14151,1998,SP,KATRINA,1998-01-13 15:00:00,TS,-13.7,154.6, ,65,1,main
1998002S14151,1998,SP,KATRINA,1998-01-13 18:00:00,TS,-13.7,154.1,65,65,1,main
1998002S14151,1998,SP,KATRINA,1998-01-13 21:00:00,TS,-13.7,153.7, ,65,1,main
1998002S14151,1998,SP,KATRINA,1998-01-14 00:00:00,TS,-13.6,153.3,65,65,1,main
1998002S14151,1998,SP,KATRINA,1998-01-14 03:00:00,TS,-13.6,152.8, ,68,1,main
1998002S14151,1998,SP,KATRINA,1998-01-14 06:00:00,TS,-13.6,152.3,65,70,1,main
1998002S14151,1998,SP,KATRINA,1998-01-14 09:00:00,TS,-13.6,151.9, ,70,1,main
1998002S14151,1998,SP,KATRINA,1998-01-14 12:00:00,TS,-13.6,151.6,70,70,1,main
1998002S14151,1998,SP,KATRINA,1998-01-14 15:00:00,TS,-13.6,151.0, ,70,1,main
1998002S14151,1998,SP,KATRINA,1998-01-14 18:00:00,TS,-13.6,150.5,80,70,1,main
1998002S14151,1998,SP,KATRINA,1998-01-14 21:00:00,TS,-13.6,150.3, ,73,1,main
1998002S14151,1998,SP,KATRINA,1998-01-15 00:00:00,TS,-13.7,150.2,80,75,1,main
1998002S14151,1998,SP,KATRINA,1998-01-15 03:00:00,TS,-13.6,150.1, ,83,2,main
1998002S14151,1998,SP,KATRINA,1998-01-15 06:00:00,TS,-13.7,150.0,85,90,2,main
1998002S14151,1998,SP,KATRINA,1998-01-15 09:00:00,TS,-13.8,149.9, ,90,2,main
1998002S14151,1998,SP,KATRINA,1998-01-15 12:00:00,TS,-14.0,149.7,90,90,2,main
1998002S14151,1998,SP,KATRINA,1998-01-15 15:00:00,TS,-14.2,149.6, ,88,2,main
1998002S14151,1998,SP,KATRINA,1998-01-15 18:00:00,TS,-14.5,149.4,90,85,2,main
1998002S14151,1998,SP,KATRINA,1998-01-15 21:00:00,TS,-14.8,149.3, ,85,2,main
1998002S14151,1998,SP,KATRINA,1998-01-16 00:00:00,TS,-15.0,149.2,90,85,2,main
1998002S14151,1998,SP,KATRINA,1998-01-16 03:00:00,TS,-15.2,149.2, ,85,2,main
1998002S14151,1998,SP,KATRINA,1998-01-16 06:00:00,TS,-15.3,149.2,80,85,2,main
1998002S14151,1998,SP,KATRINA,1998-01-16 09:00:00,TS,-15.5,149.1, ,85,2,main
1998002S14151,1998,SP,KATRINA,1998-01-16 12:00:00,TS,-15.7,149.0,80,85,2,main
1998002S14151,1998,SP,KATRINA,1998-01-16 15:00:00,TS,-15.7,149.0, ,85,2,main
1998002S14151,1998,SP,KATRINA,1998-01-16 18:00:00,TS,-15.8,149.0,75,85,2,main
1998002S14151,1998,SP,KATRINA,1998-01-16 21:00:00,TS,-15.9,149.0, ,80,1,main
1998002S14151,1998,SP,KATRINA,1998-01-17 00:00:00,TS,-16.1,148.9,65,75,1,main
1998002S14151,1998,SP,KATRINA,1998-01-17 03:00:00,TS,-16.2,148.8, ,73,1,main
1998002S14151,1998,SP,KATRINA,1998-01-17 06:00:00,TS,-16.4,148.6,55,70,1,main
1998002S14151,1998,SP,KATRINA,1998-01-17 09:00:00,TS,-16.5,148.5, ,68,1,main
1998002S14151,1998,SP,KATRINA,1998-01-17 12:00:00,TS,-16.5,148.3,55,65,1,main
1998002S14151,1998,SP,KATRINA,1998-01-17 15:00:00,TS,-16.4,148.3, ,60,0,main
1998002S14151,1998,SP,KATRINA,1998-01-17 18:00:00,TS,-16.3,148.4,55,55,0,main
1998002S14151,1998,SP,KATRINA,1998-01-17 21:00:00,TS,-16.5,148.6, ,55,0,main
1998002S14151,1998,SP,KATRINA,1998-01-18 00:00:00,TS,-16.6,148.9,55,55,0,main
1998002S14151,1998,SP,KATRINA,1998-01-18 03:00:00,TS,-16.7,149.0, ,55,0,main
1998002S14151,1998,SP,KATRINA,1998-01-18 06:00:00,TS,-16.7,149.2,55,55,0,main
1998002S14151,1998,SP,KATRINA,1998-01-18 09:00:00,TS,-16.7,149.4, ,55,0,main
1998002S14151,1998,SP,KATRINA,1998-01-18 12:00:00,TS,-16.7,149.6,50,55,0,main
1998002S14151,1998,SP,KATRINA,1998-01-18 15:00:00,TS,-16.7,149.7, ,55,0,main
1998002S14151,1998,SP,KATRINA,1998-01-18 18:00:00,TS,-16.8,149.8,50,55,0,main
1998002S14151,1998,SP,KATRINA,1998-01-18 21:00:00,TS,-16.9,149.9, ,55,0,main
1998002S14151,1998,SP,KATRINA,1998-01-19 00:00:00,TS,-17.1,150.1,50,55,0,main
1998002S14151,1998,SP,KATRINA,1998-01-19 03:00:00,TS,-17.2,150.4, ,55,0,main
1998002S14151,1998,SP,KATRINA,1998-01-19 06:00:00,TS,-17.3,150.8,45,55,0,main
1998002S14151,1998,SP,KATRINA,1998-01-19 09:00:00,TS,-17.5,151.1, ,55,0,main
1998002S14151,1998,SP,KATRINA,1998-01-19 12:00:00,TS,-17.6,151.5,50,55,0,main
1998002S14151,1998,SP,KATRINA,1998-01-19 15:00:00,TS,-17.8,151.8, ,58,0,main
1998002S14151,1998,SP,KATRINA,1998-01-19 18:00:00,TS,-18.0,152.1,55,60,0,main
1998002S14151,1998,SP,KATRINA,1998-01-19 21:00:00,TS,-18.2,152.4, ,63,0,main
1998002S14151,1998,SP,KATRINA,1998-01-20 00:00:00,TS,-18.5,152.7,55,65,1,main
1998002S14151,1998,SP,KATRINA,1998-01-20 03:00:00,TS,-18.9,152.9, ,65,1,main
1998002S14151,1998,SP,KATRINA,1998-01-20 06:00:00,TS,-19.4,153.1,50,65,1,main
1998002S14151,1998,SP,KATRINA,1998-01-20 09:00:00,TS,-19.8,153.6, ,65,1,main
1998002S14151,1998,SP,KATRINA,1998-01-20 12:00:00,TS,-20.1,154.0,50,65,1,main
1998002S14151,1998,SP,KATRINA,1998-01-20 15:00:00,TS,-20.3,154.0, ,60,0,main
1998002S14151,1998,SP,KATRINA,1998-01-20 18:00:00,TS,-20.5,154.0,50,55,0,main
1998002S14151,1998,SP,KATRINA,1998-01-20 21:00:00,TS,-20.7,154.0, ,53,0,main
1998002S14151,1998,SP,KATRINA,1998-01-21 00:00:00,TS,-20.9,154.1,50,50,0,main
1998002S14151,1998,SP,KATRINA,1998-01-21 03:00:00,TS,-21.2,154.3, ,50,0,main
1998002S14151,1998,SP,KATRINA,1998-01-21 06:00:00,TS,-21.4,154.5,45,50,0,main
1998002S14151,1998,SP,KATRINA,1998-01-21 09:00:00,TS,-21.6,154.6, ,48,0,main
1998002S14151,1998,SP,KATRINA,1998-01-21 12:00:00,TS,-21.8,154.8,45,45,0,main
1998002S14151,1998,SP,KATRINA,1998-01-21 15:00:00,TS,-21.8,155.0, ,45,0,main
1998002S14151,1998,SP,KATRINA,1998-01-21 18:00:00,TS,-21.9,155.1,45,45,0,main
1998002S14151,1998,SP,KATRINA,1998-01-21 21:00:00,TS,-21.9,155.2, ,45,0,main
1998002S14151,1998,SP,KATRINA,1998-01-22 00:00:00,TS,-22.0,155.3,45,45,0,main
1998002S14151,1998,SP,KATRINA,1998-01-22 03:00:00,TS,-21.9,155.6, ,43,0,main
1998002S14151,1998,SP,KATRINA,1998-01-22 06:00:00,TS,-21.8,155.8,45,40,0,main
1998002S14151,1998,SP,KATRINA,1998-01-22 09:00:00,TS,-21.7,155.9, ,40,0,main
1998002S14151,1998,SP,KATRINA,1998-01-22 12:00:00,TS,-21.6,156.0,45,40,0,main
1998002S14151,1998,SP,KATRINA,1998-01-22 15:00:00,TS,-21.3,156.1, ,40,0,main
1998002S14151,1998,SP,KATRINA,1998-01-22 18:00:00,TS,-21.0,156.1,45,40,0,main
1998002S14151,1998,SP,KATRINA,1998-01-22 21:00:00,TS,-20.7,156.1, ,40,0,main
1998002S14151,1998,SP,KATRINA,1998-01-23 00:00:00,TS,-20.4,156.0,45,40,0,main
1998002S14151,1998,SP,KATRINA,1998-01-23 03:00:00,TS,-20.0,155.7, ,40,0,main
1998002S14151,1998,SP,KATRINA,1998-01-23 06:00:00,TS,-19.7,155.3,40,40,0,main
1998002S14151,1998,SP,KATRINA,1998-01-23 09:00:00,TS,-19.3,155.1, ,38,0,main
1998002S14151,1998,SP,KATRINA,1998-01-23 12:00:00,TS,-18.9,154.9,40,35,0,main
1998002S14151,1998,SP,KATRINA,1998-01-23 15:00:00,TS,-18.7,154.7, ,35,0,main
1998002S14151,1998,SP,KATRINA,1998-01-23 18:00:00,TS,-18.5,154.4,40,35,0,main
1998002S14151,1998,SP,KATRINA,1998-01-23 21:00:00,TS,-18.3,154.2, ,35,0,main
1998002S14151,1998,SP,KATRINA,1998-01-24 00:00:00,TS,-18.1,153.8,40,35,0,main
1998002S14151,1998,SP,KATRINA,1998-01-24 03:00:00,TS,-18.1,153.5, ,33,-1,main
1998002S14151,1998,SP,KATRINA,1998-01-24 06:00:00,TS,-18.1,153.1,40,30,-1,main
1998002S14151,1998,SP,KATRINA,1998-01-24 09:00:00,TS,-18.1,152.9, ,30,-1,main
1998002S14151,1998,SP,KATRINA,1998-01-24 12:00:00,TS,-18.1,152.7,35,30,-1,main
1998002S14151,1998,SP,KATRINA,1998-01-24 15:00:00,TS,-18.1,152.6, ,30,-1,main
1998002S14151,1998,SP,KATRINA,1998-01-24 18:00:00,TS,-18.1,152.4,30,30,-1,main
1998002S14151,1998,SP,KATRINA,1998-01-24 21:00:00,TS,-18.2,152.3, ,28,-1,main
1998002S14151,1998,SP,KATRINA,1998-01-25 00:00:00,TS,-18.2,152.2,30,25,-1,main
1998002S14151,1998,SP,KATRINA,1998-01-25 03:00:00,TS,-18.2,152.0, ,25,-1,main
1998002S14151,1998,SP,KATRINA,1998-01-25 06:00:00,TS,-18.2,151.9,30,25,-1,main
1998002S14151,1998,SP,KATRINA,1998-01-25 09:00:00,NR,-18.2,151.8, ,25,-1,main
1998002S14151,1998,SP,KATRINA,1998-01-25 12:00:00,NR,-18.3,151.7, ,25,-1,main
1998002S14151,1998,SP,KATRINA,1998-01-25 15:00:00,NR,-18.3,151.6, ,25,-1,main
1998002S14151,1998,SP,KATRINA,1998-01-25 18:00:00,NR,-18.3,151.6, ,25,-1,main
1998002S14151,1998,SP,KATRINA,1998-01-25 21:00:00,NR,-18.2,151.6, ,25,-1,main
1998002S14151,1998,SP,KATRINA,1998-01-26 00:00:00,NR,-18.2,151.5, ,25,-1,main
1998002S14151,1998,SP,KATRINA,1998-01-26 03:00:00,NR,-18.2,151.4, ,25,-1,main
1998002S14151,1998,SP,KATRINA,1998-01-26 06:00:00,NR,-18.2,151.3, ,25,-1,main
1998002S14151,1998,SP,KATRINA,1998-01-26 09:00:00,NR,-18.3,151.2, ,25,-1,main
1998002S14151,1998,SP,KATRINA,1998-01-26 12:00:00,NR,-18.3,151.1, ,25,-1,main
1998002S14151,1998,SP,KATRINA,1998-01-26 15:00:00,NR,-18.4,151.0, ,25,-1,main
1998002S14151,1998,SP,KATRINA,1998-01-26 18:00:00,NR,-18.4,150.9, ,25,-1,main
1998002S14151,1998,SP,KATRINA,1998-01-26 21:00:00,NR,-18.4,150.8, ,25,-1,main
1998002S14151,1998,SP,KATRINA,1998-01-27 00:00:00,NR,-18.5,150.7, ,25,-1,main
1998002S14151,1998,SP,KATRINA,1998-01-27 03:00:00,NR,-18.6,150.6, ,25,-1,main
1998002S14151,1998,SP,KATRINA,1998-01-27 06:00:00,NR,-18.6,150.4, ,25,-1,main
1998002S14151,1998,SP,KATRINA,1998-01-27 09:00:00,NR,-18.7,150.2, ,25,-1,main
1998002S14151,1998,SP,KATRINA,1998-01-27 12:00:00,NR,-18.7,150.1, ,25,-1,main
1998002S14151,1998,SP,KATRINA,1998-01-27 15:00:00,NR,-18.7,150.0, ,25,-1,main
1998002S14151,1998,SP,KATRINA,1998-01-27 18:00:00,NR,-18.8,149.9, ,25,-1,main
1998002S14151,1998,SP,KATRINA,1998-01-27 21:00:00,NR,-18.9,149.8, ,25,-1,main
1998002S14151,1998,SP,KATRINA,1998-01-28 00:00:00,NR,-18.9,149.6, ,25,-1,main
1998002S14151,1998,SP,KATRINA,1998-01-28 03:00:00,NR,-18.9,149.5, ,25,-1,main
1998002S14151,1998,SP,KATRINA,1998-01-28 06:00:00,NR,-18.9,149.3, ,25,-1,main
1998002S14151,1998,SP,KATRINA,1998-01-28 09:00:00,NR,-18.8,149.1, ,25,-1,main
1998002S14151,1998,SP,KATRINA,1998-01-28 12:00:00,NR,-18.6,148.9, ,25,-1,main
1998002S14151,1998,SP,KATRINA,1998-01-28 15:00:00,NR,-18.4,148.6, ,25,-1,main
1998002S14151,1998,SP,KATRINA,1998-01-28 18:00:00,NR,-18.1,148.4, ,25,-1,main
1998002S14151,1998,SP,KATRINA,1998-01-28 21:00:00,NR,-17.9,148.2, ,25,-1,main
1998002S14151,1998,SP,KATRINA,1998-01-29 00:00:00,NR,-17.6,148.0, ,25,-1,main
1998002S14151,1998,SP,KATRINA,1998-01-29 03:00:00,NR,-17.2,147.6, ,25,-1,main
1998002S14151,1998,SP,KATRINA,1998-01-29 06:00:00,NR,-16.8,147.3, ,25,-1,main
1998002S14151,1998,SP,KATRINA,1998-01-29 09:00:00,NR,-16.4,147.2, ,25,-1,main
1998002S14151,1998,SP,KATRINA,1998-01-29 12:00:00,NR,-16.1,147.2, ,25,-1,main
1998002S14151,1998,SP,KATRINA,1998-01-29 15:00:00,NR,-15.7,147.2, ,25,-1,main
1998002S14151,1998,SP,KATRINA,1998-01-29 18:00:00,NR,-15.3,147.3, ,25,-1,main
1998002S14151,1998,SP,KATRINA,1998-01-29 21:00:00,NR,-15.0,147.3, ,25,-1,main
1998002S14151,1998,SP,KATRINA,1998-01-30 00:00:00,NR,-14.7,147.3, ,25,-1,main
1998002S14151,1998,SP,KATRINA,1998-01-30 03:00:00,NR,-14.4,147.2, ,25,-1,main
1998002S14151,1998,SP,KATRINA,1998-01-30 06:00:00,NR,-14.2,147.1, ,25,-1,main
1998002S14151,1998,SP,KATRINA,1998-01-30 09:00:00,NR,-14.0,147.0, ,25,-1,main
1998002S14151,1998,SP,KATRINA,1998-01-30 12:00:00,NR,-13.9,147.0, ,25,-1,main
1998002S14151,1998,SP,KATRINA,1998-01-30 15:00:00,NR,-13.7,147.0, ,25,-1,main
1998002S14151,1998,SP,KATRINA,1998-01-30 18:00:00,NR,-13.6,146.9, ,25,-1,main
1998002S14151,1998,SP,KATRINA,1998-01-30 21:00:00,NR,-13.5,146.8, ,25,-1,main
1998002S14151,1998,SP,KATRINA,1998-01-31 00:00:00,NR,-13.4,146.7, ,25,-1,main
1998002S14151,1998,SP,KATRINA,1998-01-31 03:00:00,NR,-13.3,146.6, ,25,-1,main
1998002S14151,1998,SP,KATRINA,1998-01-31 06:00:00,NR,-13.1,146.4, ,25,-1,main
1998002S14151,1998,SP,KATRINA,1998-01-31 09:00:00,NR,-13.0,146.3, ,25,-1,main
1998002S14151,1998,SP,KATRINA,1998-01-31 12:00:00,NR,-12.9,146.1, ,25,-1,main
1998002S14151,1998,SP,KATRINA,1998-01-31 15:00:00,NR,-12.8,146.0, ,25,-1,main
1998002S14151,1998,SP,KATRINA,1998-01-31 18:00:00,NR,-12.7,145.8, ,25,-1,main
1998002S14151,1998,SP,KATRINA,1998-01-31 21:00:00,NR,-12.6,145.6, ,23,-1,main
1998002S14151,1998,SP,KATRINA,1998-02-01 00:00:00,NR,-12.5,145.3, ,20,-1,main
1998002S14151,1998,SP,KATRINA,1998-02-01 03:00:00,NR,-12.4,145.1, ,20,-1,main
1998002S14151,1998,SP,KATRINA,1998-02-01 06:00:00,NR,-12.4,144.9, ,20,-1,main
1998002S14151,1998,SP,KATRINA,1998-02-01 09:00:00,NR,-12.4,144.7, ,20,-1,main
1998002S14151,1998,SP,KATRINA,1998-02-01 12:00:00,NR,-12.3,144.5, ,20,-1,main
1998002S14151,1998,SP,KATRINA,1998-02-01 15:00:00,NR,-12.2,144.3, ,20,-1,main
1998002S14151,1998,SP,KATRINA,1998-02-01 18:00:00,NR,-12.2,144.2, ,20,-1,main
1998002S14151,1998,SP,KATRINA,1998-02-01 21:00:00,NR,-12.2,144.1, ,20,-1,main
1998002S14151,1998,SP,KATRINA,1998-02-02 00:00:00,NR,-12.2,143.9, ,20,-1,main
1998002S14151,1998,SP,KATRINA,1998-02-02 03:00:00,NR,-12.2,143.8, ,20,-1,main
1998002S14151,1998,SP,KATRINA,1998-02-02 06:00:00,NR,-12.2,143.6, ,20,-1,main
1998022S15143,1998,SP,LES,1998-01-21 18:00:00,NR,-14.9,143.0, ,15,-1,main
1998022S15143,1998,SP,LES,1998-01-21 21:00:00,NR,-14.8,142.9, ,18,-1,main
1998022S15143,1998,SP,LES,1998-01-22 00:00:00,TS,-15.0,142.6,25,20,-1,main
1998022S15143,1998,SP,LES,1998-01-22 03:00:00,TS,-15.0,142.5, ,20,-1,main
1998022S15143,1998,SP,LES,1998-01-22 06:00:00,TS,-15.0,142.5,25,20,-1,main
1998022S15143,1998,SP,LES,1998-01-22 09:00:00,TS,-14.9,142.5, ,20,-1,main
1998022S15143,1998,SP,LES,1998-01-22 12:00:00,TS,-14.7,142.6,25,20,-1,main
1998022S15143,1998,SP,LES,1998-01-22 15:00:00,TS,-14.4,142.5, ,20,-1,main
1998022S15143,1998,SP,LES,1998-01-22 18:00:00,TS,-14.1,142.5,25,20,-1,main
1998022S15143,1998,SP,LES,1998-01-22 21:00:00,TS,-13.9,142.4, ,20,-1,main
1998022S15143,1998,SP,LES,1998-01-23 00:00:00,TS,-13.9,142.4,25,20,-1,main
1998022S15143,1998,SP,LES,1998-01-23 03:00:00,TS,-14.0,142.2, ,20,-1,main
1998022S15143,1998,SP,LES,1998-01-23 06:00:00,TS,-14.2,141.8,25,20,-1,main
1998022S15143,1998,SP,LES,1998-01-23 09:00:00,TS,-14.3,141.5, ,23,-1,main
1998022S15143,1998,SP,LES,1998-01-23 12:00:00,TS,-14.3,141.0,30,25,-1,main
1998022S15143,1998,SP,LES,1998-01-23 15:00:00,TS,-14.2,140.5,30,28,-1,main
1998022S15143,1998,SP,LES,1998-01-23 18:00:00,TS,-14.1,139.9,40,30,-1,main
1998022S15143,1998,SP,LES,1998-01-23 21:00:00,TS,-14.0,139.4, ,33,-1,main
1998022S15143,1998,SP,LES,1998-01-24 00:00:00,TS,-13.8,139.0,45,35,0,main
1998022S15143,1998,SP,LES,1998-01-24 03:00:00,TS,-13.8,138.7, ,35,0,main
1998022S15143,1998,SP,LES,1998-01-24 06:00:00,TS,-13.8,138.4,50,35,0,main
1998022S15143,1998,SP,LES,1998-01-24 09:00:00,TS,-13.9,138.0, ,38,0,main
1998022S15143,1998,SP,LES,1998-01-24 12:00:00,TS,-14.0,137.5,50,40,0,main
1998022S15143,1998,SP,LES,1998-01-24 15:00:00,TS,-14.1,137.1, ,43,0,main
1998022S15143,1998,SP,LES,1998-01-24 18:00:00,TS,-14.3,136.6,55,45,0,main
1998022S15143,1998,SP,LES,1998-01-24 19:30:00,TS,-14.3,136.4,60,46,0,main
1998022S15143,1998,SP,LES,1998-01-24 21:00:00,TS,-14.3,136.2,60,48,0,main
1998022S15143,1998,SP,LES,1998-01-25 00:00:00,TS,-14.3,135.7,45,50,0,main
1998022S15143,1998,SP,LES,1998-01-25 03:00:00,TS,-14.4,135.3, ,48,0,main
1998022S15143,1998,SI,LES,1998-01-25 06:00:00,TS,-14.5,135.0,35,45,0,main
1998022S15143,1998,SI,LES,1998-01-25 09:00:00,TS,-14.5,134.6, ,40,0,main
1998022S15143,1998,SI,LES,1998-01-25 12:00:00,TS,-14.6,134.4,25,35,0,main
1998022S15143,1998,SI,LES,1998-01-25 15:00:00,TS,-14.6,134.2, ,33,-1,main
1998022S15143,1998,SI,LES,1998-01-25 18:00:00,TS,-14.7,134.0,20,30,-1,main
1998022S15143,1998,SI,LES,1998-01-25 21:00:00,TS,-14.8,133.7, ,30,-1,main
1998022S15143,1998,SI,LES,1998-01-26 00:00:00,TS,-14.9,133.4,15,30,-1,main
1998022S15143,1998,SI,LES,1998-01-26 03:00:00,TS,-15.1,133.2, ,28,-1,main
1998022S15143,1998,SI,LES,1998-01-26 06:00:00,TS,-15.3,133.1,15,25,-1,main
1998022S15143,1998,SI,LES,1998-01-26 09:00:00,TS,-15.4,133.0, ,25,-1,main
1998022S15143,1998,SI,LES,1998-01-26 12:00:00,TS,-15.4,132.9,15,25,-1,main
1998022S15143,1998,SI,LES,1998-01-26 15:00:00,TS,-15.5,132.9, ,25,-1,main
1998022S15143,1998,SI,LES,1998-01-26 18:00:00,TS,-15.6,132.8,15,25,-1,main
1998022S15143,1998,SI,LES,1998-01-26 21:00:00,TS,-15.6,132.7, ,23,-1,main
1998022S15143,1998,SI,LES,1998-01-27 00:00:00,TS,-15.6,132.6,15,20,-1,main
1998022S15143,1998,SI,LES,1998-01-27 03:00:00,TS,-15.7,132.4, ,20,-1,main
1998022S15143,1998,SI,LES,1998-01-27 06:00:00,TS,-15.8,132.1,15,20,-1,main
1998022S15143,1998,SI,LES,1998-01-27 09:00:00,TS,-15.7,131.7, ,20,-1,main
1998022S15143,1998,SI,LES,1998-01-27 12:00:00,TS,-15.5,131.4,15,20,-1,main
1998022S15143,1998,SI,LES,1998-01-27 15:00:00,TS,-15.4,131.1, ,20,-1,main
1998022S15143,1998,SI,LES,1998-01-27 18:00:00,TS,-15.2,130.8,20,20,-1,main
1998022S15143,1998,SI,LES,1998-01-27 21:00:00,TS,-15.0,130.6, ,23,-1,main
1998022S15143,1998,SI,LES,1998-01-28 00:00:00,TS,-14.9,130.4,20,25,-1,main
1998022S15143,1998,SI,LES,1998-01-28 03:00:00,TS,-14.7,130.2, ,25,-1,main
1998022S15143,1998,SI,LES,1998-01-28 06:00:00,TS,-14.5,130.0,25,25,-1,main
1998022S15143,1998,SI,LES,1998-01-28 09:00:00,TS,-14.3,129.9, ,25,-1,main
1998022S15143,1998,SI,LES,1998-01-28 12:00:00,TS,-14.2,129.8,35,25,-1,main
1998022S15143,1998,SI,LES,1998-01-28 15:00:00,TS,-14.1,129.6, ,30,-1,main
1998022S15143,1998,SI,LES,1998-01-28 18:00:00,TS,-14.1,129.3,40,35,0,main
1998022S15143,1998,SI,LES,1998-01-28 21:00:00,TS,-14.2,129.0, ,35,0,main
1998022S15143,1998,SI,LES,1998-01-29 00:00:00,TS,-14.2,128.7,40,35,0,main
1998022S15143,1998,SI,LES,1998-01-29 03:00:00,TS,-14.3,128.3, ,35,0,main
1998022S15143,1998,SI,LES,1998-01-29 06:00:00,TS,-14.3,127.9,40,35,0,main
1998022S15143,1998,SI,LES,1998-01-29 09:00:00,TS,-14.4,127.7, ,38,0,main
1998022S15143,1998,SI,LES,1998-01-29 12:00:00,TS,-14.6,127.5,35,40,0,main
1998022S15143,1998,SI,LES,1998-01-29 15:00:00,TS,-14.7,127.3, ,40,0,main
1998022S15143,1998,SI,LES,1998-01-29 18:00:00,TS,-14.8,127.1,35,40,0,main
1998022S15143,1998,SI,LES,1998-01-29 21:00:00,TS,-14.9,126.8, ,38,0,main
1998022S15143,1998,SI,LES,1998-01-30 00:00:00,TS,-15.1,126.5,35,35,0,main
1998022S15143,1998,SI,LES,1998-01-30 03:00:00,TS,-15.2,126.3, ,35,0,main
1998022S15143,1998,SI,LES,1998-01-30 06:00:00,TS,-15.4,126.1,35,35,0,main
1998022S15143,1998,SI,LES,1998-01-30 09:00:00,TS,-15.6,125.6, ,35,0,main
1998022S15143,1998,SI,LES,1998-01-30 12:00:00,TS,-15.9,125.1,35,35,0,main
1998022S15143,1998,SI,LES,1998-01-30 15:00:00,TS,-16.1,124.7, ,35,0,main
1998022S15143,1998,SI,LES,1998-01-30 18:00:00,TS,-16.2,124.3,35,35,0,main
1998022S15143,1998,SI,LES,1998-01-30 21:00:00,TS,-16.4,124.0, ,38,0,main
1998022S15143,1998,SI,LES,1998-01-31 00:00:00,TS,-16.6,123.7,35,40,0,main
1998022S15143,1998,SI,LES,1998-01-31 03:00:00,TS,-16.8,123.4, ,43,0,main
1998022S15143,1998,SI,LES,1998-01-31 06:00:00,TS,-16.9,123.3,35,45,0,main
1998022S15143,1998,SI,LES,1998-01-31 09:00:00,TS,-17.1,123.1, ,45,0,main
1998022S15143,1998,SI,LES,1998-01-31 12:00:00,TS,-17.3,122.9,30,45,0,main
1998022S15143,1998,SI,LES,1998-01-31 15:00:00,TS,-17.7,122.8, ,43,0,main
1998022S15143,1998,SI,LES,1998-01-31 18:00:00,TS,-18.2,122.7,30,40,0,main
1998022S15143,1998,SI,LES,1998-01-31 21:00:00,TS,-18.6,122.6, ,38,0,main
1998022S15143,1998,SI,LES,1998-02-01 00:00:00,TS,-18.9,122.6,30,35,0,main
1998022S15143,1998,SI,LES,1998-02-01 03:00:00,NR,-19.2,122.4, ,35,0,main
1998022S15143,1998,SI,LES,1998-02-01 06:00:00,NR,-19.6,122.3, ,35,0,main
1998022S15143,1998,SI,LES,1998-02-01 09:00:00,NR,-20.0,122.3, ,35,0,main
1998022S15143,1998,SI,LES,1998-02-01 12:00:00,NR,-20.3,122.4, ,35,0,main
1998022S15143,1998,SI,LES,1998-02-01 15:00:00,NR,-20.6,122.6, ,33,-1,main
1998022S15143,1998,SI,LES,1998-02-01 18:00:00,NR,-20.9,122.7, ,30,-1,main
1998022S15143,1998,SI,LES,1998-02-01 21:00:00,NR,-21.1,122.7, ,30,-1,main
1998022S15143,1998,SI,LES,1998-02-02 00:00:00,NR,-21.3,122.7, ,30,-1,main
1998022S15143,1998,SI,LES,1998-02-02 03:00:00,NR,-21.5,122.7, ,28,-1,main
1998022S15143,1998,SI,LES,1998-02-02 06:00:00,NR,-21.7,122.7, ,25,-1,main
1998030S13194,1998,SP,VELI,1998-01-30 06:00:00,NR,-13.1,-165.8,25, ,-5,main
1998030S13194,1998,SP,VELI,1998-01-30 09:00:00,NR,-13.1,-165.2, , ,-5,main
1998030S13194,1998,SP,VELI,1998-01-30 12:00:00,NR,-13.1,-164.5,25, ,-5,main
1998030S13194,1998,SP,VELI,1998-01-30 15:00:00,NR,-13.0,-163.8, , ,-5,main
1998030S13194,1998,SP,VELI,1998-01-30 18:00:00,NR,-12.9,-163.0,25, ,-5,main
1998030S13194,1998,SP,VELI,1998-01-30 21:00:00,NR,-12.7,-162.2, , ,-5,main
1998030S13194,1998,SP,VELI,1998-01-31 00:00:00,NR,-12.5,-161.4,30, ,-5,main
1998030S13194,1998,SP,VELI,1998-01-31 03:00:00,NR,-12.4,-160.7, , ,-5,main
1998030S13194,1998,SP,VELI,1998-01-31 06:00:00,NR,-12.3,-159.9,30, ,-5,main
1998030S13194,1998,SP,VELI,1998-01-31 09:00:00,NR,-12.1,-158.5, , ,-5,main
1998030S13194,1998,SP,VELI,1998-01-31 12:00:00,TS,-12.1,-156.8,30,25,-1,main
1998030S13194,1998,SP,VELI,1998-01-31 15:00:00,TS,-12.3,-155.6, ,28,-1,main
1998030S13194,1998,SP,VELI,1998-01-31 18:00:00,TS,-12.8,-154.5,30,30,-1,main
1998030S13194,1998,SP,VELI,1998-01-31 21:00:00,TS,-13.3,-153.4, ,35,0,main
1998030S13194,1998,SP,VELI,1998-02-01 00:00:00,TS,-13.9,-152.4,35,40,0,main
1998030S13194,1998,SP,VELI,1998-02-01 03:00:00,TS,-14.4,-151.3, ,45,0,main
1998030S13194,1998,SP,VELI,1998-02-01 06:00:00,TS,-14.9,-150.4,40,50,0,main
1998030S13194,1998,SP,VELI,1998-02-01 09:00:00,TS,-15.4,-149.4, ,58,0,main
1998030S13194,1998,SP,VELI,1998-02-01 12:00:00,TS,-15.9,-148.7,40,65,1,main
1998030S13194,1998,SP,VELI,1998-02-01 15:00:00,TS,-16.4,-148.0, ,68,1,main
1998030S13194,1998,SP,VELI,1998-02-01 18:00:00,TS,-17.0,-147.5,45,70,1,main
1998030S13194,1998,SP,VELI,1998-02-01 21:00:00,TS,-17.6,-147.0, ,73,1,main
1998030S13194,1998,SP,VELI,1998-02-02 00:00:00,TS,-18.1,-146.7,50,75,1,main
1998030S13194,1998,SP,VELI,1998-02-02 03:00:00,TS,-18.6,-146.2, ,75,1,main
1998030S13194,1998,SP,VELI,1998-02-02 06:00:00,TS,-19.1,-145.8,55,75,1,main
1998030S13194,1998,SP,VELI,1998-02-02 09:00:00,TS,-19.4,-145.4, ,73,1,main
1998030S13194,1998,SP,VELI,1998-02-02 12:00:00,TS,-19.8,-145.1,55,70,1,main
1998030S13194,1998,SP,VELI,1998-02-02 15:00:00,TS,-20.1,-144.7, ,65,1,main
1998030S13194,1998,SP,VELI,1998-02-02 18:00:00,TS,-20.5,-144.4,50,60,0,main
1998030S13194,1998,SP,VELI,1998-02-02 21:00:00,TS,-20.8,-144.1, ,58,0,main
1998030S13194,1998,SP,VELI,1998-02-03 00:00:00,TS,-21.1,-144.0,45,55,0,main
1998030S13194,1998,SP,VELI,1998-02-03 03:00:00,TS,-21.4,-143.8, ,53,0,main
1998030S13194,1998,SP,VELI,1998-02-03 06:00:00,TS,-21.7,-143.7,40,50,0,main
1998030S13194,1998,SP,VELI,1998-02-03 09:00:00,TS,-22.0,-143.5, ,48,0,main
1998030S13194,1998,SP,VELI,1998-02-03 12:00:00,TS,-22.3,-143.4,35,45,0,main
1998030S13194,1998,SP,VELI,1998-02-03 15:00:00,TS,-22.7,-143.3, ,43,0,main
1998030S13194,1998,SP,VELI,1998-02-03 18:00:00,TS,-23.1,-143.2,30,40,0,main
1998030S13194,1998,SP,VELI,1998-02-03 21:00:00,TS,-23.5,-143.1, ,35,0,main
1998030S13194,1998,SP,VELI,1998-02-04 00:00:00,TS,-23.8,-143.0, ,30,-1,main
1998030S13194,1998,SP,VELI,1998-02-04 03:00:00,TS,-24.2,-142.6, ,28,-1,main
1998030S13194,1998,SP,VELI,1998-02-04 06:00:00,TS,-24.6,-142.4, ,25,-1,main
1998030S14208,1998,SP,URSULA,1998-01-29 18:00:00,NR,-14.1,-152.0,35, ,-5,main
1998030S14208,1998,SP,URSULA,1998-01-29 21:00:00,NR,-14.1,-151.6, , ,-5,main
1998030S14208,1998,SP,URSULA,1998-01-30 00:00:00,NR,-14.2,-151.2,35, ,-5,main
1998030S14208,1998,SP,URSULA,1998-01-30 03:00:00,NR,-14.7,-151.0, , ,-5,main
1998030S14208,1998,SP,URSULA,1998-01-30 06:00:00,NR,-15.2,-150.7,35, ,-5,main
1998030S14208,1998,SP,URSULA,1998-01-30 09:00:00,NR,-15.6,-150.3, , ,-5,main
1998030S14208,1998,SP,URSULA,1998-01-30 12:00:00,NR,-15.8,-149.6,35, ,-5,main
1998030S14208,1998,SP,URSULA,1998-01-30 15:00:00,NR,-15.9,-148.7, , ,-5,main
1998030S14208,1998,SP,URSULA,1998-01-30 18:00:00,NR,-16.1,-147.7,35, ,-5,main
1998030S14208,1998,SP,URSULA,1998-01-30 21:00:00,NR,-16.4,-146.6, , ,-5,main
1998030S14208,1998,SP,URSULA,1998-01-31 00:00:00,NR,-16.8,-145.6,40, ,-5,main
1998030S14208,1998,SP,URSULA,1998-01-31 03:00:00,NR,-17.2,-144.6, , ,-5,main
1998030S14208,1998,SP,URSULA,1998-01-31 06:00:00,TS,-17.8,-143.7,45,45,0,main
1998030S14208,1998,SP,URSULA,1998-01-31 09:00:00,TS,-18.7,-142.9, ,45,0,main
1998030S14208,1998,SP,URSULA,1998-01-31 12:00:00,TS,-19.6,-142.1,50,45,0,main
1998030S14208,1998,SP,URSULA,1998-01-31 15:00:00,TS,-20.5,-141.1, ,50,0,main
1998030S14208,1998,SP,URSULA,1998-01-31 18:00:00,TS,-21.4,-140.1,55,55,0,main
1998030S14208,1998,SP,URSULA,1998-01-31 21:00:00,TS,-22.4,-138.8, ,60,0,main
1998030S14208,1998,SP,URSULA,1998-02-01 00:00:00,TS,-23.4,-137.5,60,65,1,main
1998030S14208,1998,SP,URSULA,1998-02-01 03:00:00,TS,-24.5,-136.3, ,65,1,main
1998030S14208,1998,SP,URSULA,1998-02-01 06:00:00,TS,-25.4,-135.2,60,65,1,main
1998030S14208,1998,SP,URSULA,1998-02-01 09:00:00,TS,-26.0,-133.9, ,63,0,main
1998030S14208,1998,SP,URSULA,1998-02-01 12:00:00,TS,-26.6,-132.6,55,60,0,main
1998030S14208,1998,SP,URSULA,1998-02-01 15:00:00,TS,-27.3,-131.1, ,48,0,main
1998030S14208,1998,SP,URSULA,1998-02-01 18:00:00,TS,-28.0,-129.8,50,35,0,main
1998030S14208,1998,SP,URSULA,1998-02-01 21:00:00,TS,-28.7,-128.9, ,30,-1,main
1998030S14208,1998,SP,URSULA,1998-02-02 00:00:00,TS,-29.5,-128.4,45,25,-1,main
1998030S14208,1998,SP,URSULA,1998-02-02 03:00:00,NR,-31.0,-128.6, , ,-5,main
1998030S14208,1998,SP,URSULA,1998-02-02 06:00:00,NR,-32.0,-127.0,40, ,-5,main
1998030S14208,1998,SP,URSULA,1998-02-02 09:00:00,NR,-32.6,-125.7, , ,-5,main
1998030S14208,1998,SP,URSULA,1998-02-02 12:00:00,NR,-33.0,-124.5,40, ,-5,main
1998030S14208,1998,SP,URSULA,1998-02-02 15:00:00,NR,-33.5,-123.5, , ,-5,main
1998030S14208,1998,SP,URSULA,1998-02-02 18:00:00,NR,-34.0,-122.5,35, ,-5,main
1998030S14208,1998,SP,URSULA,1998-02-02 21:00:00,NR,-34.5,-121.2, , ,-5,main
1998030S14208,1998,SP,URSULA,1998-02-03 00:00:00,NR,-35.0,-120.0,30, ,-5,main
1998030S14208,1998,SP,URSULA,1998-02-03 03:00:00,NR,-35.5,-118.9, , ,-5,main
1998030S14208,1998,SP,URSULA,1998-02-03 06:00:00,NR,-36.0,-118.0, , ,-5,main
1998030S14208,1998,SP,URSULA,1998-02-03 09:00:00,NR,-36.4,-117.3, , ,-5,main
1998030S14208,1998,SP,URSULA,1998-02-03 12:00:00,NR,-36.7,-116.8, , ,-5,main
1998030S14208,1998,SP,URSULA,1998-02-03 15:00:00,NR,-36.8,-116.3, , ,-5,main
1998030S14208,1998,SP,URSULA,1998-02-03 18:00:00,NR,-36.9,-115.9, , ,-5,main
1998030S14208,1998,SP,URSULA,1998-02-03 21:00:00,NR,-37.0,-115.4, , ,-5,main
1998030S14208,1998,SP,URSULA,1998-02-04 00:00:00,NR,-37.1,-114.8, , ,-5,main
1998030S14208,1998,SP,URSULA,1998-02-04 03:00:00,NR,-37.3,-114.1, , ,-5,main
1998030S14208,1998,SP,URSULA,1998-02-04 06:00:00,NR,-37.4,-113.5, , ,-5,main
1998030S14208,1998,SP,URSULA,1998-02-04 09:00:00,NR,-37.5,-113.1, , ,-5,main
1998030S14208,1998,SP,URSULA,1998-02-04 12:00:00,NR,-37.6,-112.8, , ,-5,main
1998030S14208,1998,SP,URSULA,1998-02-04 15:00:00,NR,-37.6,-112.5, , ,-5,main
1998030S14208,1998,SP,URSULA,1998-02-04 18:00:00,NR,-37.7,-112.0, , ,-5,main
1998030S14208,1998,SP,URSULA,1998-02-04 21:00:00,NR,-37.8,-111.1, , ,-5,main
1998030S14208,1998,SP,URSULA,1998-02-05 00:00:00,NR,-38.0,-110.0, , ,-5,main
1998079S10145,1998,SP,NATHAN,1998-03-19 12:00:00,TS,-9.8,145.3, ,20,-1,main
1998079S10145,1998,SP,NATHAN,1998-03-19 15:00:00,TS,-10.1,145.0, ,23,-1,main
1998079S10145,1998,SP,NATHAN,1998-03-19 18:00:00,TS,-10.3,144.8, ,25,-1,main
1998079S10145,1998,SP,NATHAN,1998-03-19 21:00:00,TS,-10.5,144.6, ,25,-1,main
1998079S10145,1998,SP,NATHAN,1998-03-20 00:00:00,TS,-10.6,144.5, ,25,-1,main
1998079S10145,1998,SP,NATHAN,1998-03-20 03:00:00,TS,-10.7,144.3, ,25,-1,main
1998079S10145,1998,SP,NATHAN,1998-03-20 06:00:00,TS,-10.8,144.2,30,25,-1,main
1998079S10145,1998,SP,NATHAN,1998-03-20 09:00:00,TS,-10.9,144.0, ,25,-1,main
1998079S10145,1998,SP,NATHAN,1998-03-20 12:00:00,TS,-11.0,143.8,30,25,-1,main
1998079S10145,1998,SP,NATHAN,1998-03-20 15:00:00,TS,-11.1,143.7, ,25,-1,main
1998079S10145,1998,SP,NATHAN,1998-03-20 18:00:00,TS,-11.2,143.6,40,25,-1,main
1998079S10145,1998,SP,NATHAN,1998-03-20 21:00:00,TS,-11.3,143.6, ,30,-1,main
1998079S10145,1998,SP,NATHAN,1998-03-21 00:00:00,TS,-11.4,143.8,40,35,0,main
1998079S10145,1998,SP,NATHAN,1998-03-21 03:00:00,TS,-11.4,143.9, ,35,0,main
1998079S10145,1998,SP,NATHAN,1998-03-21 06:00:00,TS,-11.5,144.0,50,35,0,main
1998079S10145,1998,SP,NATHAN,1998-03-21 09:00:00,TS,-11.5,144.2, ,38,0,main
1998079S10145,1998,SP,NATHAN,1998-03-21 12:00:00,TS,-11.5,144.4,50,40,0,main
1998079S10145,1998,SP,NATHAN,1998-03-21 15:00:00,TS,-11.5,144.5, ,40,0,main
1998079S10145,1998,SP,NATHAN,1998-03-21 18:00:00,TS,-11.6,144.7,50,40,0,main
1998079S10145,1998,SP,NATHAN,1998-03-21 21:00:00,TS,-11.6,144.8, ,40,0,main
1998079S10145,1998,SP,NATHAN,1998-03-22 00:00:00,TS,-11.7,144.9,50,40,0,main
1998079S10145,1998,SP,NATHAN,1998-03-22 03:00:00,TS,-11.8,145.1, ,40,0,main
1998079S10145,1998,SP,NATHAN,1998-03-22 06:00:00,TS,-12.0,145.2,40,40,0,main
1998079S10145,1998,SP,NATHAN,1998-03-22 09:00:00,TS,-12.3,145.3, ,40,0,main
1998079S10145,1998,SP,NATHAN,1998-03-22 12:00:00,TS,-12.5,145.4,40,40,0,main
1998079S10145,1998,SP,NATHAN,1998-03-22 15:00:00,TS,-12.8,145.4, ,40,0,main
1998079S10145,1998,SP,NATHAN,1998-03-22 18:00:00,TS,-13.0,145.5,40,40,0,main
1998079S10145,1998,SP,NATHAN,1998-03-22 21:00:00,TS,-13.2,145.6, ,48,0,main
1998079S10145,1998,SP,NATHAN,1998-03-23 00:00:00,TS,-13.5,145.7,40,55,0,main
1998079S10145,1998,SP,NATHAN,1998-03-23 03:00:00,TS,-13.7,145.7, ,55,0,main
1998079S10145,1998,SP,NATHAN,1998-03-23 06:00:00,TS,-13.9,145.7,40,55,0,main
1998079S10145,1998,SP,NATHAN,1998-03-23 09:00:00,TS,-14.1,145.8, ,60,0,main
1998079S10145,1998,SP,NATHAN,1998-03-23 12:00:00,TS,-14.3,146.0,45,65,1,main
1998079S10145,1998,SP,NATHAN,1998-03-23 15:00:00,TS,-14.3,146.1, ,65,1,main
1998079S10145,1998,SP,NATHAN,1998-03-23 18:00:00,TS,-14.3,146.4,45,65,1,main
1998079S10145,1998,SP,NATHAN,1998-03-23 21:00:00,TS,-14.3,146.7, ,63,0,main
1998079S10145,1998,SP,NATHAN,1998-03-24 00:00:00,TS,-14.2,147.1,45,60,0,main
1998079S10145,1998,SP,NATHAN,1998-03-24 03:00:00,TS,-14.1,147.4, ,58,0,main
1998079S10145,1998,SP,NATHAN,1998-03-24 06:00:00,TS,-14.0,147.9,45,55,0,main
1998079S10145,1998,SP,NATHAN,1998-03-24 09:00:00,TS,-13.8,148.2, ,55,0,main
1998079S10145,1998,SP,NATHAN,1998-03-24 12:00:00,TS,-13.7,148.6,45,55,0,main
1998079S10145,1998,SP,NATHAN,1998-03-24 15:00:00,TS,-13.5,149.1, ,55,0,main
1998079S10145,1998,SP,NATHAN,1998-03-24 18:00:00,TS,-13.4,149.9,45,55,0,main
1998079S10145,1998,SP,NATHAN,1998-03-24 21:00:00,TS,-13.2,150.7, ,53,0,main
1998079S10145,1998,SP,NATHAN,1998-03-25 00:00:00,TS,-13.1,151.7,45,50,0,main
1998079S10145,1998,SP,NATHAN,1998-03-25 03:00:00,TS,-13.0,152.5, ,50,0,main
1998079S10145,1998,SP,NATHAN,1998-03-25 06:00:00,TS,-13.0,153.4,40,50,0,main
1998079S10145,1998,SP,NATHAN,1998-03-25 09:00:00,TS,-13.0,154.2, ,50,0,main
1998079S10145,1998,SP,NATHAN,1998-03-25 12:00:00,TS,-13.0,154.9,40,50,0,main
1998079S10145,1998,SP,NATHAN,1998-03-25 15:00:00,TS,-13.0,155.5, ,50,0,main
1998079S10145,1998,SP,NATHAN,1998-03-25 18:00:00,TS,-13.1,156.0,40,50,0,main
1998079S10145,1998,SP,NATHAN,1998-03-25 21:00:00,TS,-13.2,156.3, ,48,0,main
1998079S10145,1998,SP,NATHAN,1998-03-26 00:00:00,TS,-13.3,156.7,40,45,0,main
1998079S10145,1998,SP,NATHAN,1998-03-26 03:00:00,TS,-13.4,157.1, ,43,0,main
1998079S10145,1998,SP,NATHAN,1998-03-26 06:00:00,TS,-13.6,157.5,40,40,0,main
1998079S10145,1998,SP,NATHAN,1998-03-26 09:00:00,TS,-13.8,157.9, ,40,0,main
1998079S10145,1998,SP,NATHAN,1998-03-26 12:00:00,TS,-14.0,158.2,40,40,0,main
1998079S10145,1998,SP,NATHAN,1998-03-26 15:00:00,TS,-14.2,158.4, ,40,0,main
1998079S10145,1998,SP,NATHAN,1998-03-26 18:00:00,TS,-14.5,158.5,40,40,0,main
1998079S10145,1998,SP,NATHAN,1998-03-26 21:00:00,TS,-14.7,158.6, ,40,0,main
1998079S10145,1998,SP,NATHAN,1998-03-27 00:00:00,TS,-14.9,158.7,30,40,0,main
1998079S10145,1998,SP,NATHAN,1998-03-27 03:00:00,TS,-15.1,158.7, ,40,0,main
1998079S10145,1998,SP,NATHAN,1998-03-27 06:00:00,TS,-15.2,158.7,30,40,0,main
1998079S10145,1998,SP,NATHAN,1998-03-27 09:00:00,TS,-15.4,158.6, ,40,0,main
1998079S10145,1998,SP,NATHAN,1998-03-27 12:00:00,TS,-15.6,158.5,30,40,0,main
1998079S10145,1998,SP,NATHAN,1998-03-27 15:00:00,TS,-15.7,158.4, ,40,0,main
1998079S10145,1998,SP,NATHAN,1998-03-27 18:00:00,TS,-15.8,158.2,30,40,0,main
1998079S10145,1998,SP,NATHAN,1998-03-27 21:00:00,TS,-16.0,158.0, ,40,0,main
1998079S10145,1998,SP,NATHAN,1998-03-28 00:00:00,TS,-16.2,157.7,30,40,0,main
1998079S10145,1998,SP,NATHAN,1998-03-28 03:00:00,TS,-16.2,157.5, ,40,0,main
1998079S10145,1998,SP,NATHAN,1998-03-28 06:00:00,TS,-16.3,157.3,30,40,0,main
1998079S10145,1998,SP,NATHAN,1998-03-28 09:00:00,TS,-16.3,157.1, ,40,0,main
1998079S10145,1998,SP,NATHAN,1998-03-28 12:00:00,TS,-16.3,156.8,30,40,0,main
1998079S10145,1998,SP,NATHAN,1998-03-28 15:00:00,TS,-16.2,156.4, ,40,0,main
1998079S10145,1998,SP,NATHAN,1998-03-28 18:00:00,TS,-16.2,155.9,30,40,0,main
1998079S10145,1998,SP,NATHAN,1998-03-28 21:00:00,TS,-16.1,155.5, ,40,0,main
1998079S10145,1998,SP,NATHAN,1998-03-29 00:00:00,TS,-16.0,154.9,30,40,0,main
1998079S10145,1998,SP,NATHAN,1998-03-29 03:00:00,TS,-15.9,154.4, ,40,0,main
1998079S10145,1998,SP,NATHAN,1998-03-29 06:00:00,TS,-15.7,153.8, ,40,0,main
1998079S10145,1998,SP,NATHAN,1998-03-29 09:00:00,TS,-15.5,153.3, ,40,0,main
1998079S10145,1998,SP,NATHAN,1998-03-29 12:00:00,TS,-15.4,152.8, ,40,0,main
1998079S10145,1998,SP,NATHAN,1998-03-29 15:00:00,TS,-15.3,152.3, ,38,0,main
1998079S10145,1998,SP,NATHAN,1998-03-29 18:00:00,TS,-15.3,151.8, ,35,0,main
1998079S10145,1998,SP,NATHAN,1998-03-29 21:00:00,TS,-15.2,151.3, ,35,0,main
1998079S10145,1998,SP,NATHAN,1998-03-30 00:00:00,TS,-15.2,150.8, ,35,0,main
1998079S10145,1998,SP,NATHAN,1998-03-30 03:00:00,TS,-15.1,150.2, ,35,0,main
1998079S10145,1998,SP,NATHAN,1998-03-30 06:00:00,TS,-15.0,149.5, ,35,0,main
1998079S10145,1998,SP,NATHAN,1998-03-30 09:00:00,TS,-14.9,148.9, ,35,0,main
1998079S10145,1998,SP,NATHAN,1998-03-30 12:00:00,TS,-14.9,148.2, ,35,0,main
1998079S10145,1998,SP,NATHAN,1998-03-30 15:00:00,TS,-14.8,147.5, ,35,0,main
1998079S10145,1998,SP,NATHAN,1998-03-30 18:00:00,TS,-14.5,146.8, ,35,0,main
1998079S10145,1998,SP,NATHAN,1998-03-30 21:00:00,TS,-14.1,145.9, ,33,-1,main
1998079S10145,1998,SP,NATHAN,1998-03-31 00:00:00,TS,-13.6,144.9, ,30,-1,main
1998108S10203,1998,SP,ALAN,1998-04-18 00:00:00,NR,-10.0,-157.0,25, ,-5,main
1998108S10203,1998,SP,ALAN,1998-04-18 03:00:00,NR,-10.7,-157.2, , ,-5,main
1998108S10203,1998,SP,ALAN,1998-04-18 06:00:00,NR,-11.3,-157.3,25, ,-5,main
1998108S10203,1998,SP,ALAN,1998-04-18 09:00:00,NR,-11.9,-157.4, , ,-5,main
1998108S10203,1998,SP,ALAN,1998-04-18 12:00:00,NR,-12.4,-157.4,25, ,-5,main
1998108S10203,1998,SP,ALAN,1998-04-18 15:00:00,NR,-12.9,-157.5, , ,-5,main
1998108S10203,1998,SP,ALAN,1998-04-18 18:00:00,NR,-13.3,-157.5,25, ,-5,main
1998108S10203,1998,SP,ALAN,1998-04-18 21:00:00,NR,-13.7,-157.5, , ,-5,main
1998108S10203,1998,SP,ALAN,1998-04-19 00:00:00,NR,-14.1,-157.6,30, ,-5,main
1998108S10203,1998,SP,ALAN,1998-04-19 03:00:00,NR,-14.5,-157.7, , ,-5,main
1998108S10203,1998,SP,ALAN,1998-04-19 06:00:00,NR,-14.7,-157.8,30, ,-5,main
1998108S10203,1998,SP,ALAN,1998-04-19 09:00:00,NR,-14.8,-158.0, , ,-5,main
1998108S10203,1998,SP,ALAN,1998-04-19 12:00:00,NR,-14.8,-158.3,30, ,-5,main
1998108S10203,1998,SP,ALAN,1998-04-19 15:00:00,NR,-14.6,-158.4, , ,-5,main
1998108S10203,1998,SP,ALAN,1998-04-19 18:00:00,NR,-14.3,-158.5,30, ,-5,main
1998108S10203,1998,SP,ALAN,1998-04-19 21:00:00,NR,-14.1,-158.4, , ,-5,main
1998108S10203,1998,SP,ALAN,1998-04-20 00:00:00,TS,-13.9,-158.3,30,25,-1,main
1998108S10203,1998,SP,ALAN,1998-04-20 03:00:00,TS,-13.6,-158.4, ,25,-1,main
1998108S10203,1998,SP,ALAN,1998-04-20 06:00:00,TS,-13.4,-158.5,30,25,-1,main
1998108S10203,1998,SP,ALAN,1998-04-20 09:00:00,TS,-13.2,-158.7, ,25,-1,main
1998108S10203,1998,SP,ALAN,1998-04-20 12:00:00,TS,-13.0,-158.9,30,25,-1,main
1998108S10203,1998,SP,ALAN,1998-04-20 15:00:00,TS,-12.7,-159.0, ,25,-1,main
1998108S10203,1998,SP,ALAN,1998-04-20 18:00:00,TS,-12.5,-159.2,30,25,-1,main
1998108S10203,1998,SP,ALAN,1998-04-20 21:00:00,TS,-12.2,-159.3, ,25,-1,main
1998108S10203,1998,SP,ALAN,1998-04-21 00:00:00,TS,-12.0,-159.4,30,25,-1,main
1998108S10203,1998,SP,ALAN,1998-04-21 03:00:00,TS,-11.7,-159.4, ,25,-1,main
1998108S10203,1998,SP,ALAN,1998-04-21 06:00:00,TS,-11.6,-159.4,35,25,-1,main
1998108S10203,1998,SP,ALAN,1998-04-21 09:00:00,TS,-11.3,-159.3, ,30,-1,main
1998108S10203,1998,SP,ALAN,1998-04-21 12:00:00,TS,-11.2,-159.3,35,35,0,main
1998108S10203,1998,SP,ALAN,1998-04-21 15:00:00,TS,-11.0,-159.2, ,35,0,main
1998108S10203,1998,SP,ALAN,1998-04-21 18:00:00,TS,-10.9,-159.2,35,35,0,main
1998108S10203,1998,SP,ALAN,1998-04-21 21:00:00,TS,-10.7,-159.2, ,35,0,main
1998108S10203,1998,SP,ALAN,1998-04-22 00:00:00,TS,-10.7,-159.2,35,35,0,main
1998108S10203,1998,SP,ALAN,1998-04-22 03:00:00,TS,-10.6,-159.2, ,38,0,main
1998108S10203,1998,SP,ALAN,1998-04-22 06:00:00,TS,-10.7,-159.1, ,40,0,main
1998108S10203,1998,SP,ALAN,1998-04-22 09:00:00,TS,-10.7,-159.1, ,43,0,main
1998108S10203,1998,SP,ALAN,1998-04-22 12:00:00,TS,-10.8,-159.2, ,45,0,main
1998108S10203,1998,SP,ALAN,1998-04-22 15:00:00,TS,-10.9,-159.2, ,45,0,main
1998108S10203,1998,SP,ALAN,1998-04-22 18:00:00,TS,-11.0,-159.3, ,45,0,main
1998108S10203,1998,SP,ALAN,1998-04-22 21:00:00,TS,-11.1,-159.3, ,45,0,main
1998108S10203,1998,SP,ALAN,1998-04-23 00:00:00,TS,-11.2,-159.4, ,45,0,main
1998108S10203,1998,SP,ALAN,1998-04-23 03:00:00,TS,-11.3,-159.4, ,45,0,main
1998108S10203,1998,SP,ALAN,1998-04-23 06:00:00,TS,-11.4,-159.4, ,45,0,main
1998108S10203,1998,SP,ALAN,1998-04-23 09:00:00,TS,-11.6,-159.2, ,45,0,main
1998108S10203,1998,SP,ALAN,1998-04-23 12:00:00,TS,-11.8,-158.9, ,45,0,main
1998108S10203,1998,SP,ALAN,1998-04-23 15:00:00,TS,-12.0,-158.7, ,45,0,main
1998108S10203,1998,SP,ALAN,1998-04-23 18:00:00,TS,-12.3,-158.3, ,45,0,main
1998108S10203,1998,SP,ALAN,1998-04-23 21:00:00,TS,-12.6,-157.9, ,45,0,main
1998108S10203,1998,SP,ALAN,1998-04-24 00:00:00,TS,-13.0,-157.3, ,45,0,main
1998108S10203,1998,SP,ALAN,1998-04-24 03:00:00,TS,-13.4,-156.8, ,45,0,main
1998108S10203,1998,SP,ALAN,1998-04-24 06:00:00,TS,-13.8,-156.3, ,45,0,main
1998108S10203,1998,SP,ALAN,1998-04-24 09:00:00,TS,-14.2,-155.9, ,45,0,main
1998108S10203,1998,SP,ALAN,1998-04-24 12:00:00,TS,-14.5,-155.4, ,45,0,main
1998108S10203,1998,SP,ALAN,1998-04-24 15:00:00,TS,-14.9,-155.1, ,45,0,main
1998108S10203,1998,SP,ALAN,1998-04-24 18:00:00,TS,-15.2,-154.7, ,45,0,main
1998108S10203,1998,SP,ALAN,1998-04-24 21:00:00,TS,-15.5,-154.3, ,45,0,main
1998108S10203,1998,SP,ALAN,1998-04-25 00:00:00,TS,-15.7,-153.9, ,45,0,main
1998108S10203,1998,SP,ALAN,1998-04-25 03:00:00,TS,-15.8,-153.6, ,45,0,main
1998108S10203,1998,SP,ALAN,1998-04-25 06:00:00,TS,-15.9,-153.2, ,45,0,main
1998108S10203,1998,SP,ALAN,1998-04-25 09:00:00,TS,-16.0,-152.9, ,45,0,main
1998108S10203,1998,SP,ALAN,1998-04-25 12:00:00,TS,-16.0,-152.7, ,45,0,main
1998108S10203,1998,SP,ALAN,1998-04-25 15:00:00,TS,-16.0,-152.5, ,45,0,main
1998108S10203,1998,SP,ALAN,1998-04-25 18:00:00,TS,-16.1,-152.4, ,45,0,main
1998108S10203,1998,SP,ALAN,1998-04-25 21:00:00,TS,-16.2,-152.3, ,40,0,main
1998108S10203,1998,SP,ALAN,1998-04-26 00:00:00,TS,-16.3,-152.3, ,35,0,main
1998108S10203,1998,SP,ALAN,1998-04-26 03:00:00,TS,-16.4,-152.2, ,33,-1,main
1998108S10203,1998,SP,ALAN,1998-04-26 06:00:00,TS,-16.5,-152.1, ,30,-1,main
1998108S10203,1998,SP,ALAN,1998-04-26 09:00:00,TS,-16.6,-152.0, ,30,-1,main
1998108S10203,1998,SP,ALAN,1998-04-26 12:00:00,TS,-16.7,-151.8, ,30,-1,main
1998108S10203,1998,SP,ALAN,1998-04-26 15:00:00,TS,-16.8,-151.6, ,28,-1,main
1998108S10203,1998,SP,ALAN,1998-04-26 18:00:00,TS,-16.9,-151.3, ,25,-1,main
1998355S20210,1999,SP,UNNAMED,1998-12-21 00:00:00,TS,-20.4,-150.1, ,25,-1,main
1998355S20210,1999,SP,UNNAMED,1998-12-21 03:00:00,TS,-20.6,-150.4, ,25,-1,main
1998355S20210,1999,SP,UNNAMED,1998-12-21 06:00:00,TS,-20.7,-150.6, ,25,-1,main
1998355S20210,1999,SP,UNNAMED,1998-12-21 09:00:00,TS,-20.8,-150.8, ,26,-1,main
1998355S20210,1999,SP,UNNAMED,1998-12-21 12:00:00,TS,-20.9,-150.9, ,28,-1,main
1998355S20210,1999,SP,UNNAMED,1998-12-21 15:00:00,TS,-21.0,-151.1, ,29,-1,main
1998355S20210,1999,SP,UNNAMED,1998-12-21 18:00:00,TS,-21.2,-151.3, ,30,-1,main
1998355S20210,1999,SP,UNNAMED,1998-12-21 21:00:00,TS,-21.6,-151.6, ,33,-1,main
1998355S20210,1999,SP,UNNAMED,1998-12-22 00:00:00,TS,-22.1,-151.8, ,35,0,main
1998355S20210,1999,SP,UNNAMED,1998-12-22 03:00:00,TS,-22.7,-151.8, ,35,0,main
1998355S20210,1999,SP,UNNAMED,1998-12-22 06:00:00,TS,-23.3,-151.6, ,35,0,main
1998355S20210,1999,SP,UNNAMED,1998-12-22 09:00:00,TS,-23.9,-151.4, ,35,0,main
1998355S20210,1999,SP,UNNAMED,1998-12-22 12:00:00,TS,-24.6,-151.0, ,35,0,main
1998355S20210,1999,SP,UNNAMED,1998-12-22 15:00:00,TS,-25.2,-150.6, ,38,0,main
1998355S20210,1999,SP,UNNAMED,1998-12-22 18:00:00,TS,-25.8,-150.1, ,40,0,main
1998355S20210,1999,SP,UNNAMED,1998-12-22 21:00:00,TS,-26.7,-149.3, ,43,0,main
1998355S20210,1999,SP,UNNAMED,1998-12-23 00:00:00,TS,-27.7,-148.3, ,45,0,main
1998355S20210,1999,SP,UNNAMED,1998-12-23 03:00:00,TS,-28.7,-147.6, ,45,0,main
1998355S20210,1999,SP,UNNAMED,1998-12-23 06:00:00,TS,-29.9,-146.7, ,45,0,main
1998355S20210,1999,SP,UNNAMED,1998-12-23 09:00:00,TS,-31.5,-145.3, ,48,0,main
1998355S20210,1999,SP,UNNAMED,1998-12-23 12:00:00,TS,-33.3,-143.5, ,50,0,main
1998355S20210,1999,SP,UNNAMED,1998-12-23 15:00:00,TS,-35.1,-141.8, ,43,0,main
1998355S20210,1999,SP,UNNAMED,1998-12-23 18:00:00,TS,-36.8,-139.7, ,35,0,main
1998355S20210,1999,SP,UNNAMED,1998-12-23 21:00:00,TS,-38.4,-137.1, ,33,-1,main
1998355S20210,1999,SP,UNNAMED,1998-12-24 00:00:00,TS,-39.9,-134.0, ,30,-1,main
1999021S15149,1999,SP,PETE,1999-01-21 00:00:00,TS,-15.0,149.0,30, ,-5,main
1999021S15149,1999,SP,PETE,1999-01-21 03:00:00,TS,-15.0,149.0, , ,-5,main
1999021S15149,1999,SP,PETE,1999-01-21 06:00:00,TS,-15.0,149.5,30, ,-5,main
1999021S15149,1999,SP,PETE,1999-01-21 09:00:00,TS,-15.0,150.6, , ,-5,main
1999021S15149,1999,SP,PETE,1999-01-21 12:00:00,TS,-14.9,151.4,30,30,-1,main
1999021S15149,1999,SP,PETE,1999-01-21 15:00:00,TS,-14.9,151.5, ,30,-1,main
1999021S15149,1999,SP,PETE,1999-01-21 18:00:00,TS,-15.0,151.6,35,30,-1,main
1999021S15149,1999,SP,PETE,1999-01-21 21:00:00,TS,-15.2,151.9, ,30,-1,main
1999021S15149,1999,SP,PETE,1999-01-22 00:00:00,TS,-15.4,152.2,35,30,-1,main
1999021S15149,1999,SP,PETE,1999-01-22 03:00:00,TS,-15.7,152.5, ,33,-1,main
1999021S15149,1999,SP,PETE,1999-01-22 06:00:00,TS,-16.0,152.9,40,35,0,main
1999021S15149,1999,SP,PETE,1999-01-22 09:00:00,TS,-16.5,153.2, ,35,0,main
1999021S15149,1999,SP,PETE,1999-01-22 12:00:00,TS,-17.1,153.6,40,35,0,main
1999021S15149,1999,SP,PETE,1999-01-22 15:00:00,TS,-17.7,154.1, ,38,0,main
1999021S15149,1999,SP,PETE,1999-01-22 18:00:00,TS,-18.5,154.8,40,40,0,main
1999021S15149,1999,SP,PETE,1999-01-22 21:00:00,TS,-19.1,155.4, ,43,0,main
1999021S15149,1999,SP,PETE,1999-01-23 00:00:00,TS,-19.8,156.0,45,45,0,main
1999021S15149,1999,SP,PETE,1999-01-23 03:00:00,TS,-20.4,156.7, ,45,0,main
1999021S15149,1999,SP,PETE,1999-01-23 06:00:00,TS,-20.9,157.4,50,45,0,main
1999021S15149,1999,SP,PETE,1999-01-23 09:00:00,TS,-21.5,158.1, ,45,0,main
1999021S15149,1999,SP,PETE,1999-01-23 12:00:00,TS,-22.0,158.7,50,45,0,main
1999021S15149,1999,SP,PETE,1999-01-23 15:00:00,TS,-22.5,159.3, ,50,0,main
1999021S15149,1999,SP,PETE,1999-01-23 18:00:00,TS,-22.9,159.8,50,55,0,main
1999021S15149,1999,SP,PETE,1999-01-23 21:00:00,TS,-23.5,160.4, ,55,0,main
1999021S15149,1999,SP,PETE,1999-01-24 00:00:00,TS,-24.0,161.0,50,55,0,main
1999021S15149,1999,SP,PETE,1999-01-24 03:00:00,TS,-24.2,161.6, ,55,0,main
1999021S15149,1999,SP,PETE,1999-01-24 06:00:00,TS,-24.4,162.3,50,55,0,main
1999021S15149,1999,SP,PETE,1999-01-24 09:00:00,TS,-24.6,163.0, ,53,0,main
1999021S15149,1999,SP,PETE,1999-01-24 12:00:00,TS,-24.7,163.7,50,50,0,main
1999021S15149,1999,SP,PETE,1999-01-24 15:00:00,TS,-24.7,164.2, ,48,0,main
1999021S15149,1999,SP,PETE,1999-01-24 18:00:00,TS,-24.7,164.6,50,45,0,main
1999021S15149,1999,SP,PETE,1999-01-24 21:00:00,TS,-24.7,165.0, ,45,0,main
1999021S15149,1999,SP,PETE,1999-01-25 00:00:00,TS,-24.7,165.3,45,45,0,main
1999021S15149,1999,SP,PETE,1999-01-25 03:00:00,TS,-24.6,165.5, ,43,0,main
1999021S15149,1999,SP,PETE,1999-01-25 06:00:00,TS,-24.6,165.8,40,40,0,main
1999021S15149,1999,SP,PETE,1999-01-25 09:00:00,TS,-24.6,166.1, ,40,0,main
1999021S15149,1999,SP,PETE,1999-01-25 12:00:00,TS,-24.6,166.4,40,40,0,main
1999021S15149,1999,SP,PETE,1999-01-25 15:00:00,TS,-24.6,166.8, ,38,0,main
1999021S15149,1999,SP,PETE,1999-01-25 18:00:00,TS,-24.6,167.2,35,35,0,main
1999021S15149,1999,SP,PETE,1999-01-25 21:00:00,TS,-24.6,167.5, ,33,-1,main
1999021S15149,1999,SP,PETE,1999-01-26 00:00:00,TS,-24.6,167.8,35,30,-1,main
1999021S15149,1999,SP,PETE,1999-01-26 03:00:00,TS,-24.6,168.1, ,28,-1,main
1999021S15149,1999,SP,PETE,1999-01-26 06:00:00,TS,-24.5,168.4,30,25,-1,main
1999021S15149,1999,SP,PETE,1999-01-26 09:00:00,TS,-24.5,168.6, ,25,-1,main
1999021S15149,1999,SP,PETE,1999-01-26 12:00:00,TS,-24.5,168.8, ,25,-1,main
1999021S15149,1999,SP,PETE,1999-01-26 15:00:00,TS,-24.4,169.0, ,25,-1,main
1999021S15149,1999,SP,PETE,1999-01-26 18:00:00,TS,-24.4,169.2, ,25,-1,main
1999021S15149,1999,SP,PETE,1999-01-26 21:00:00,TS,-24.4,169.4, ,25,-1,main
1999021S15149,1999,SP,PETE,1999-01-27 00:00:00,TS,-24.4,169.5, ,25,-1,main
1999021S15149,1999,SP,PETE,1999-01-27 03:00:00,TS,-24.3,169.6, ,25,-1,main
1999021S15149,1999,SP,PETE,1999-01-27 06:00:00,TS,-24.2,169.6, ,25,-1,main
1999021S15149,1999,SP,PETE,1999-01-27 09:00:00,TS,-24.1,169.7, ,25,-1,main
1999021S15149,1999,SP,PETE,1999-01-27 12:00:00,TS,-24.0,169.7, ,25,-1,main
1999021S15149,1999,SP,PETE,1999-01-27 15:00:00,NR,-24.0,169.5, ,25,-1,main
1999021S15149,1999,SP,PETE,1999-01-27 18:00:00,NR,-24.1,169.3, ,25,-1,main
1999021S15149,1999,SP,PETE,1999-01-27 21:00:00,NR,-24.3,169.2, ,25,-1,main
1999021S15149,1999,SP,PETE,1999-01-28 00:00:00,NR,-24.5,169.2, ,25,-1,main
1999021S15149,1999,SP,PETE,1999-01-28 03:00:00,NR,-24.6,169.1, ,25,-1,main
1999021S15149,1999,SP,PETE,1999-01-28 06:00:00,NR,-24.7,169.0, ,25,-1,main
1999021S15149,1999,SP,PETE,1999-01-28 09:00:00,NR,-24.9,168.8, ,25,-1,main
1999021S15149,1999,SP,PETE,1999-01-28 12:00:00,NR,-25.1,168.8,25,25,-1,main
1999021S15149,1999,SP,PETE,1999-01-28 15:00:00,NR,-25.3,168.7, ,25,-1,main
1999021S15149,1999,SP,PETE,1999-01-28 18:00:00,NR,-25.5,168.6,25,25,-1,main
1999021S15149,1999,SP,PETE,1999-01-28 21:00:00,NR,-25.8,168.5, ,25,-1,main
1999021S15149,1999,SP,PETE,1999-01-29 00:00:00,NR,-26.1,168.5,25,25,-1,main
1999021S15149,1999,SP,PETE,1999-01-29 03:00:00,NR,-26.6,168.4, , ,-5,main
1999021S15149,1999,SP,PETE,1999-01-29 06:00:00,NR,-27.0,168.4,25, ,-5,main
1999021S15149,1999,SP,PETE,1999-01-29 09:00:00,NR,-27.3,168.4, , ,-5,main
1999021S15149,1999,SP,PETE,1999-01-29 12:00:00,NR,-27.7,168.3,25, ,-5,main
1999021S15149,1999,SP,PETE,1999-01-29 15:00:00,NR,-28.3,168.1, , ,-5,main
1999021S15149,1999,SP,PETE,1999-01-29 18:00:00,NR,-29.0,168.0,25, ,-5,main
1999021S15149,1999,SP,PETE,1999-01-29 21:00:00,NR,-29.8,167.9, , ,-5,main
1999021S15149,1999,SP,PETE,1999-01-30 00:00:00,NR,-30.5,168.1,25, ,-5,main
1999021S15149,1999,SP,PETE,1999-01-30 03:00:00,NR,-31.1,168.6, , ,-5,main
1999021S15149,1999,SP,PETE,1999-01-30 06:00:00,NR,-31.6,169.2,25, ,-5,main
1999040S15147,1999,SP,RONA,1999-02-09 11:00:00,TS,-15.2,146.8,25, ,-5,main
1999040S15147,1999,SP,RONA,1999-02-09 12:00:00,TS,-15.2,146.8, , ,-5,main
1999040S15147,1999,SP,RONA,1999-02-09 15:00:00,TS,-15.2,146.8, , ,-5,main
1999040S15147,1999,SP,RONA,1999-02-09 18:00:00,TS,-15.2,147.0,25, ,-5,main
1999040S15147,1999,SP,RONA,1999-02-09 21:00:00,TS,-15.1,147.5, , ,-5,main
1999040S15147,1999,SP,RONA,1999-02-09 23:00:00,TS,-15.0,147.7,25, ,-5,main
1999040S15147,1999,SP,RONA,1999-02-10 00:00:00,TS,-15.2,147.8,25,20,-1,main
1999040S15147,1999,SP,RONA,1999-02-10 03:00:00,TS,-15.3,148.0, ,23,-1,main
1999040S15147,1999,SP,RONA,1999-02-10 06:00:00,TS,-15.4,148.3,30,25,-1,main
1999040S15147,1999,SP,RONA,1999-02-10 09:00:00,TS,-15.6,148.5, ,25,-1,main
1999040S15147,1999,SP,RONA,1999-02-10 12:00:00,TS,-15.9,148.7,35,25,-1,main
1999040S15147,1999,SP,RONA,1999-02-10 15:00:00,TS,-16.1,148.5, ,30,-1,main
1999040S15147,1999,SP,RONA,1999-02-10 18:00:00,TS,-16.4,148.3,40,35,0,main
1999040S15147,1999,SP,RONA,1999-02-10 21:00:00,TS,-16.5,148.0, ,35,0,main
1999040S15147,1999,SP,RONA,1999-02-11 00:00:00,TS,-16.6,147.7,50,35,0,main
1999040S15147,1999,SP,RONA,1999-02-11 03:00:00,TS,-16.7,147.3, ,40,0,main
1999040S15147,1999,SP,RONA,1999-02-11 06:00:00,TS,-16.7,146.9,60,45,0,main
1999040S15147,1999,SP,RONA,1999-02-11 09:00:00,TS,-16.5,146.3, ,50,0,main
1999040S15147,1999,SP,RONA,1999-02-11 12:00:00,TS,-16.4,145.7,75,55,0,main
1999040S15147,1999,SP,RONA,1999-02-11 15:00:00,TS,-16.3,145.1, ,50,0,main
1999040S15147,1999,SP,RONA,1999-02-11 18:00:00,TS,-16.2,144.7,45,45,0,main
1999040S15147,1999,SP,RONA,1999-02-11 21:00:00,TS,-16.1,144.3, ,40,0,main
1999040S15147,1999,SP,RONA,1999-02-11 23:00:00,TS,-16.0,144.2,45,37,0,main
1999040S15147,1999,SP,RONA,1999-02-12 00:00:00,TS,-16.0,144.1,40,35,0,main
1999040S15147,1999,SP,RONA,1999-02-12 03:00:00,TS,-15.9,143.9, ,35,0,main
1999040S15147,1999,SP,RONA,1999-02-12 05:00:00,TS,-15.9,143.8,35,35,0,main
1999040S15147,1999,SP,RONA,1999-02-12 06:00:00,TS,-15.9,143.7,35,35,0,main
1999040S15147,1999,SP,RONA,1999-02-12 09:00:00,TS,-16.1,143.3, ,33,-1,main
1999040S15147,1999,SP,RONA,1999-02-12 11:00:00,TS,-16.1,142.9,35,31,-1,main
1999040S15147,1999,SP,RONA,1999-02-12 12:00:00,TS,-16.2,142.3,35,30,-1,main
1999040S15147,1999,SP,RONA,1999-02-12 15:00:00,TS,-16.4,141.7, ,30,-1,main
1999040S15147,1999,SP,RONA,1999-02-12 18:00:00,TS,-16.6,141.4, ,30,-1,main
1999040S15147,1999,SP,RONA,1999-02-12 21:00:00,TS,-16.8,141.1, ,28,-1,main
1999040S15147,1999,SP,RONA,1999-02-13 00:00:00,TS,-16.9,140.9, ,25,-1,main
1999040S15147,1999,SP,RONA,1999-02-13 03:00:00,TS,-17.0,140.7, ,25,-1,main
1999040S15147,1999,SP,RONA,1999-02-13 06:00:00,TS,-17.1,140.4, ,25,-1,main
1999040S15147,1999,SP,RONA,1999-02-13 09:00:00,TS,-17.0,140.0, ,23,-1,main
1999040S15147,1999,SP,RONA,1999-02-13 12:00:00,TS,-16.8,139.7, ,20,-1,main
1999040S15147,1999,SP,RONA,1999-02-13 15:00:00,TS,-16.4,139.5, ,20,-1,main
1999040S15147,1999,SP,RONA,1999-02-13 18:00:00,TS,-16.0,139.3, ,20,-1,main
2000056S17152,2000,SP,STEVE,2000-02-25 00:00:00,TS,-16.9,152.4,25, ,-5,main
2000056S17152,2000,SP,STEVE,2000-02-25 03:00:00,TS,-16.7,152.0, , ,-5,main
2000056S17152,2000,SP,STEVE,2000-02-25 06:00:00,TS,-16.5,151.4,25,25,-1,main
2000056S17152,2000,SP,STEVE,2000-02-25 09:00:00,TS,-16.5,151.0, ,25,-1,main
2000056S17152,2000,SP,STEVE,2000-02-25 12:00:00,TS,-16.4,150.7,25,25,-1,main
2000056S17152,2000,SP,STEVE,2000-02-25 15:00:00,TS,-16.5,150.5, ,25,-1,main
2000056S17152,2000,SP,STEVE,2000-02-25 18:00:00,TS,-16.5,150.2,30,25,-1,main
2000056S17152,2000,SP,STEVE,2000-02-25 21:00:00,TS,-16.5,150.0, ,25,-1,main
2000056S17152,2000,SP,STEVE,2000-02-26 00:00:00,TS,-16.5,149.7,30,25,-1,main
2000056S17152,2000,SP,STEVE,2000-02-26 03:00:00,TS,-16.5,149.4, ,25,-1,main
2000056S17152,2000,SP,STEVE,2000-02-26 06:00:00,TS,-16.5,149.1,30,25,-1,main
2000056S17152,2000,SP,STEVE,2000-02-26 09:00:00,TS,-16.5,148.8, ,28,-1,main
2000056S17152,2000,SP,STEVE,2000-02-26 12:00:00,TS,-16.5,148.5,30,30,-1,main
2000056S17152,2000,SP,STEVE,2000-02-26 15:00:00,TS,-16.5,148.2, ,33,-1,main
2000056S17152,2000,SP,STEVE,2000-02-26 18:00:00,TS,-16.5,147.8,30,35,0,main
2000056S17152,2000,SP,STEVE,2000-02-26 21:00:00,TS,-16.5,147.4,35,38,0,main
2000056S17152,2000,SP,STEVE,2000-02-27 00:00:00,TS,-16.5,147.1,40,40,0,main
2000056S17152,2000,SP,STEVE,2000-02-27 03:00:00,TS,-16.5,146.6, ,40,0,main
2000056S17152,2000,SP,STEVE,2000-02-27 06:00:00,TS,-16.6,146.1,50,40,0,main
2000056S17152,2000,SP,STEVE,2000-02-27 09:00:00,TS,-16.7,145.5,60,38,0,main
2000056S17152,2000,SP,STEVE,2000-02-27 09:30:00,TS,-16.7,145.4,60,37,0,main
2000056S17152,2000,SP,STEVE,2000-02-27 12:00:00,TS,-16.8,144.9,40,35,0,main
2000056S17152,2000,SP,STEVE,2000-02-27 15:00:00,TS,-17.0,144.3,30,33,-1,main
2000056S17152,2000,SP,STEVE,2000-02-27 18:00:00,TS,-17.2,143.6,30,30,-1,main
2000056S17152,2000,SP,STEVE,2000-02-27 21:00:00,TS,-17.3,143.1, ,28,-1,main
2000056S17152,2000,SP,STEVE,2000-02-28 00:00:00,TS,-17.4,142.7,30,25,-1,main
2000056S17152,2000,SP,STEVE,2000-02-28 03:00:00,TS,-17.5,142.1, ,25,-1,main
2000056S17152,2000,SP,STEVE,2000-02-28 06:00:00,TS,-17.6,141.6,30,25,-1,main
2000056S17152,2000,SP,STEVE,2000-02-28 09:00:00,TS,-17.4,141.1, ,25,-1,main
2000056S17152,2000,SP,STEVE,2000-02-28 12:00:00,TS,-17.2,140.5,35,25,-1,main
2000056S17152,2000,SP,STEVE,2000-02-28 15:00:00,TS,-17.0,140.1, ,25,-1,main
2000056S17152,2000,SP,STEVE,2000-02-28 18:00:00,TS,-16.8,139.8,35,25,-1,main
2000056S17152,2000,SP,STEVE,2000-02-28 21:00:00,TS,-16.6,139.4, ,28,-1,main
2000056S17152,2000,SP,STEVE,2000-02-29 00:00:00,TS,-16.5,139.2,40,30,-1,main
2000056S17152,2000,SP,STEVE,2000-02-29 03:00:00,TS,-16.3,138.8, ,33,-1,main
2000056S17152,2000,SP,STEVE,2000-02-29 06:00:00,TS,-16.2,138.5,40,35,0,main
2000056S17152,2000,SP,STEVE,2000-02-29 09:00:00,TS,-16.0,138.2, ,38,0,main
2000056S17152,2000,SP,STEVE,2000-02-29 12:00:00,TS,-15.9,137.9, ,40,0,main
2000056S17152,2000,SP,STEVE,2000-02-29 13:00:00,TS,-15.8,137.8,40,41,0,main
2000056S17152,2000,SP,STEVE,2000-02-29 15:00:00,TS,-15.8,137.5, ,43,0,main
2000056S17152,2000,SP,STEVE,2000-02-29 18:00:00,TS,-15.7,137.1,40,45,0,main
2000056S17152,2000,SP,STEVE,2000-02-29 21:00:00,TS,-15.7,136.7,40,40,0,main
2000056S17152,2000,SP,STEVE,2000-02-29 22:00:00,TS,-15.7,136.6,40,38,0,main
2000056S17152,2000,SP,STEVE,2000-03-01 00:00:00,TS,-15.7,136.3,40,35,0,main
2000056S17152,2000,SP,STEVE,2000-03-01 03:00:00,TS,-15.7,135.9,35,33,-1,main
2000056S17152,2000,SP,STEVE,2000-03-01 06:00:00,TS,-15.6,135.4,30,30,-1,main
2000056S17152,2000,SI,STEVE,2000-03-01 09:00:00,TS,-15.4,135.0, ,28,-1,main
2000056S17152,2000,SI,STEVE,2000-03-01 12:00:00,TS,-15.2,134.6,30,25,-1,main
2000056S17152,2000,SI,STEVE,2000-03-01 15:00:00,TS,-15.0,134.2, ,25,-1,main
2000056S17152,2000,SI,STEVE,2000-03-01 18:00:00,TS,-14.9,133.8,30,25,-1,main
2000056S17152,2000,SI,STEVE,2000-03-01 21:00:00,TS,-14.8,133.5, ,25,-1,main
2000056S17152,2000,SI,STEVE,2000-03-02 00:00:00,TS,-14.8,133.2,30,25,-1,main
2000056S17152,2000,SI,STEVE,2000-03-02 03:00:00,TS,-14.8,132.7, ,25,-1,main
2000056S17152,2000,SI,STEVE,2000-03-02 06:00:00,TS,-14.8,132.1,30,25,-1,main
2000056S17152,2000,SI,STEVE,2000-03-02 09:00:00,TS,-14.8,131.6, ,25,-1,main
2000056S17152,2000,SI,STEVE,2000-03-02 12:00:00,TS,-14.7,131.2,30,25,-1,main
2000056S17152,2000,SI,STEVE,2000-03-02 15:00:00,TS,-14.7,130.8, ,25,-1,main
2000056S17152,2000,SI,STEVE,2000-03-02 18:00:00,TS,-14.7,130.5,30,25,-1,main
2000056S17152,2000,SI,STEVE,2000-03-02 21:00:00,TS,-14.8,130.1, ,25,-1,main
2000056S17152,2000,SI,STEVE,2000-03-03 00:00:00,TS,-15.0,129.7,30,25,-1,main
2000056S17152,2000,SI,STEVE,2000-03-03 03:00:00,TS,-15.2,129.3, ,25,-1,main
2000056S17152,2000,SI,STEVE,2000-03-03 06:00:00,TS,-15.5,128.9,30,25,-1,main
2000056S17152,2000,SI,STEVE,2000-03-03 09:00:00,TS,-15.6,128.3, ,25,-1,main
2000056S17152,2000,SI,STEVE,2000-03-03 12:00:00,TS,-15.8,127.7,30,25,-1,main
2000056S17152,2000,SI,STEVE,2000-03-03 15:00:00,TS,-15.9,127.0, ,28,-1,main
2000056S17152,2000,SI,STEVE,2000-03-03 18:00:00,TS,-16.1,126.2,30,30,-1,main
2000056S17152,2000,SI,STEVE,2000-03-03 21:00:00,TS,-16.3,125.6, ,30,-1,main
2000056S17152,2000,SI,STEVE,2000-03-04 00:00:00,TS,-16.5,124.9,30,30,-1,main
2000056S17152,2000,SI,STEVE,2000-03-04 03:00:00,TS,-16.9,124.3, ,30,-1,main
2000056S17152,2000,SI,STEVE,2000-03-04 04:00:00,TS,-17.0,124.0,30,30,-1,main
2000056S17152,2000,SI,STEVE,2000-03-04 06:00:00,TS,-17.1,123.7, ,30,-1,main
2000056S17152,2000,SI,STEVE,2000-03-04 09:00:00,TS,-17.3,123.2, ,30,-1,main
2000056S17152,2000,SI,STEVE,2000-03-04 10:00:00,TS,-17.3,123.1,30,30,-1,main
2000056S17152,2000,SI,STEVE,2000-03-04 12:00:00,TS,-17.5,122.8, ,30,-1,main
2000056S17152,2000,SI,STEVE,2000-03-04 15:00:00,TS,-17.6,122.3, ,30,-1,main
2000056S17152,2000,SI,STEVE,2000-03-04 16:00:00,TS,-17.7,122.2,30,30,-1,main
2000056S17152,2000,SI,STEVE,2000-03-04 18:00:00,TS,-17.8,121.9, ,30,-1,main
2000056S17152,2000,SI,STEVE,2000-03-04 21:00:00,TS,-18.0,121.5, ,33,-1,main
2000056S17152,2000,SI,STEVE,2000-03-04 22:00:00,TS,-18.0,121.3,40,33,-1,main
2000056S17152,2000,SI,STEVE,2000-03-05 00:00:00,TS,-18.2,121.0, ,35,0,main
2000056S17152,2000,SI,STEVE,2000-03-05 03:00:00,TS,-18.4,120.6, ,38,0,main
2000056S17152,2000,SI,STEVE,2000-03-05 04:00:00,TS,-18.5,120.5,50,38,0,main
2000056S17152,2000,SI,STEVE,2000-03-05 06:00:00,TS,-18.7,120.2, ,40,0,main
2000056S17152,2000,SI,STEVE,2000-03-05 09:00:00,TS,-18.9,119.8, ,43,0,main
2000056S17152,2000,SI,STEVE,2000-03-05 10:00:00,TS,-19.0,119.7,50,43,0,main
2000056S17152,2000,SI,STEVE,2000-03-05 12:00:00,TS,-19.1,119.4, ,45,0,main
2000056S17152,2000,SI,STEVE,2000-03-05 13:00:00,TS,-19.2,119.3,50,47,0,main
2000056S17152,2000,SI,STEVE,2000-03-05 15:00:00,TS,-19.5,119.0, ,50,0,main
2000056S17152,2000,SI,STEVE,2000-03-05 16:00:00,TS,-19.6,118.9,50,52,0,main
2000056S17152,2000,SI,STEVE,2000-03-05 18:00:00,TS,-19.8,118.6, ,55,0,main
2000056S17152,2000,SI,STEVE,2000-03-05 19:00:00,TS,-19.8,118.5,55,55,0,main
2000056S17152,2000,SI,STEVE,2000-03-05 21:00:00,TS,-19.9,118.3, ,55,0,main
2000056S17152,2000,SI,STEVE,2000-03-05 22:00:00,TS,-20.0,118.1,60,55,0,main
2000056S17152,2000,SI,STEVE,2000-03-06 00:00:00,TS,-20.0,117.8, ,55,0,main
2000056S17152,2000,SI,STEVE,2000-03-06 01:00:00,TS,-20.1,117.6,60,57,0,main
2000056S17152,2000,SI,STEVE,2000-03-06 03:00:00,TS,-20.2,117.3, ,60,0,main
2000056S17152,2000,SI,STEVE,2000-03-06 04:00:00,TS,-20.2,117.1,60,62,0,main
2000056S17152,2000,SI,STEVE,2000-03-06 06:00:00,TS,-20.3,116.9, ,65,1,main
2000056S17152,2000,SI,STEVE,2000-03-06 07:00:00,TS,-20.4,116.8,60,65,1,main
2000056S17152,2000,SI,STEVE,2000-03-06 09:00:00,TS,-20.5,116.6, ,65,1,main
2000056S17152,2000,SI,STEVE,2000-03-06 10:00:00,TS,-20.6,116.5,60,65,1,main
2000056S17152,2000,SI,STEVE,2000-03-06 12:00:00,TS,-20.8,116.2, ,65,1,main
2000056S17152,2000,SI,STEVE,2000-03-06 13:00:00,TS,-20.9,116.1,60,63,0,main
2000056S17152,2000,SI,STEVE,2000-03-06 15:00:00,TS,-21.1,115.9, ,60,0,main
2000056S17152,2000,SI,STEVE,2000-03-06 16:00:00,TS,-21.3,115.8,55,58,0,main
2000056S17152,2000,SI,STEVE,2000-03-06 18:00:00,TS,-21.5,115.6, ,55,0,main
2000056S17152,2000,SI,STEVE,2000-03-06 19:00:00,TS,-21.6,115.5,55,55,0,main
2000056S17152,2000,SI,STEVE,2000-03-06 21:00:00,TS,-21.9,115.4, ,55,0,main
2000056S17152,2000,SI,STEVE,2000-03-06 22:00:00,TS,-22.0,115.3,55,55,0,main
2000056S17152,2000,SI,STEVE,2000-03-07 00:00:00,TS,-22.3,115.2, ,55,0,main
2000056S17152,2000,SI,STEVE,2000-03-07 01:00:00,TS,-22.4,115.1,50,55,0,main
2000056S17152,2000,SI,STEVE,2000-03-07 03:00:00,TS,-22.5,114.8, ,55,0,main
2000056S17152,2000,SI,STEVE,2000-03-07 04:00:00,TS,-22.6,114.7,45,55,0,main
2000056S17152,2000,SI,STEVE,2000-03-07 06:00:00,TS,-22.7,114.5, ,55,0,main
2000056S17152,2000,SI,STEVE,2000-03-07 07:00:00,TS,-22.8,114.4,45,55,0,main
2000056S17152,2000,SI,STEVE,2000-03-07 09:00:00,TS,-22.9,114.2, ,55,0,main
2000056S17152,2000,SI,STEVE,2000-03-07 10:00:00,TS,-22.9,114.1,45,55,0,main
2000056S17152,2000,SI,STEVE,2000-03-07 12:00:00,TS,-23.0,114.0, ,55,0,main
2000056S17152,2000,SI,STEVE,2000-03-07 13:00:00,TS,-23.1,113.9,45,55,0,main
2000056S17152,2000,SI,STEVE,2000-03-07 15:00:00,TS,-23.3,113.8, ,55,0,main
2000056S17152,2000,SI,STEVE,2000-03-07 16:00:00,TS,-23.4,113.8,45,55,0,main
2000056S17152,2000,SI,STEVE,2000-03-07 18:00:00,TS,-23.5,113.7, ,55,0,main
2000056S17152,2000,SI,STEVE,2000-03-07 19:00:00,TS,-23.6,113.6,50,55,0,main
2000056S17152,2000,SI,STEVE,2000-03-07 21:00:00,TS,-23.8,113.5, ,55,0,main
2000056S17152,2000,SI,STEVE,2000-03-07 22:00:00,TS,-23.9,113.4,50,55,0,main
2000056S17152,2000,SI,STEVE,2000-03-08 00:00:00,TS,-24.0,113.4, ,55,0,main
2000056S17152,2000,SI,STEVE,2000-03-08 01:00:00,TS,-24.1,113.3,50,54,0,main
2000056S17152,2000,SI,STEVE,2000-03-08 03:00:00,TS,-24.2,113.3, ,53,0,main
2000056S17152,2000,SI,STEVE,2000-03-08 04:00:00,TS,-24.3,113.2,50,52,0,main
2000056S17152,2000,SI,STEVE,2000-03-08 06:00:00,TS,-24.5,113.2, ,50,0,main
2000056S17152,2000,SI,STEVE,2000-03-08 07:00:00,TS,-24.6,113.1,50,50,0,main
2000056S17152,2000,SI,STEVE,2000-03-08 09:00:00,TS,-24.7,113.1, ,50,0,main
2000056S17152,2000,SI,STEVE,2000-03-08 10:00:00,TS,-24.7,113.1,50,50,0,main
2000056S17152,2000,SI,STEVE,2000-03-08 12:00:00,TS,-24.9,113.1, ,50,0,main
2000056S17152,2000,SI,STEVE,2000-03-08 13:00:00,TS,-24.9,113.1,50,50,0,main
2000056S17152,2000,SI,STEVE,2000-03-08 15:00:00,TS,-25.0,113.2, ,50,0,main
2000056S17152,2000,SI,STEVE,2000-03-08 16:00:00,TS,-25.1,113.2,50,50,0,main
2000056S17152,2000,SI,STEVE,2000-03-08 18:00:00,TS,-25.2,113.3, ,50,0,main
2000056S17152,2000,SI,STEVE,2000-03-08 19:00:00,TS,-25.2,113.3,50,49,0,main
2000056S17152,2000,SI,STEVE,2000-03-08 21:00:00,TS,-25.3,113.4, ,48,0,main
2000056S17152,2000,SI,STEVE,2000-03-08 22:00:00,TS,-25.3,113.5,50,47,0,main
2000056S17152,2000,SI,STEVE,2000-03-09 00:00:00,TS,-25.4,113.6, ,45,0,main
2000056S17152,2000,SI,STEVE,2000-03-09 01:00:00,TS,-25.4,113.6,45,45,0,main
2000056S17152,2000,SI,STEVE,2000-03-09 03:00:00,TS,-25.5,113.7, ,45,0,main
2000056S17152,2000,SI,STEVE,2000-03-09 04:00:00,TS,-25.6,113.7,40,45,0,main
2000056S17152,2000,SI,STEVE,2000-03-09 06:00:00,TS,-25.7,113.8, ,45,0,main
2000056S17152,2000,SI,STEVE,2000-03-09 07:00:00,TS,-25.7,113.9,35,46,0,main
2000056S17152,2000,SI,STEVE,2000-03-09 09:00:00,TS,-25.8,114.0, ,48,0,main
2000056S17152,2000,SI,STEVE,2000-03-09 10:00:00,TS,-25.8,114.1,35,48,0,main
2000056S17152,2000,SI,STEVE,2000-03-09 12:00:00,TS,-25.9,114.3, ,50,0,main
2000056S17152,2000,SI,STEVE,2000-03-09 13:00:00,TS,-25.9,114.4,35,48,0,main
2000056S17152,2000,SI,STEVE,2000-03-09 15:00:00,TS,-26.0,114.6, ,45,0,main
2000056S17152,2000,SI,STEVE,2000-03-09 16:00:00,TS,-26.1,114.7,35,43,0,main
2000056S17152,2000,SI,STEVE,2000-03-09 18:00:00,TS,-26.3,114.9, ,40,0,main
2000056S17152,2000,SI,STEVE,2000-03-09 21:00:00,TS,-26.7,115.4, ,38,0,main
2000056S17152,2000,SI,STEVE,2000-03-09 22:00:00,TS,-26.8,115.6,35,37,0,main
2000056S17152,2000,SI,STEVE,2000-03-10 00:00:00,TS,-27.1,116.0, ,35,0,main
2000056S17152,2000,SI,STEVE,2000-03-10 03:00:00,TS,-27.5,116.6, ,35,0,main
2000056S17152,2000,SI,STEVE,2000-03-10 04:00:00,TS,-27.6,116.8,35,35,0,main
2000056S17152,2000,SI,STEVE,2000-03-10 06:00:00,TS,-28.0,117.3, ,35,0,main
2000056S17152,2000,SI,STEVE,2000-03-10 09:00:00,TS,-28.4,118.1, ,33,-1,main
2000056S17152,2000,SI,STEVE,2000-03-10 10:00:00,TS,-28.6,118.3,40,32,-1,main
2000056S17152,2000,SI,STEVE,2000-03-10 12:00:00,TS,-29.0,118.8, ,30,-1,main
2000056S17152,2000,SI,STEVE,2000-03-10 15:00:00,TS,-29.5,119.5, ,28,-1,main
2000056S17152,2000,SI,STEVE,2000-03-10 16:00:00,TS,-29.7,119.7,40,27,-1,main
2000056S17152,2000,SI,STEVE,2000-03-10 18:00:00,TS,-30.2,120.1, ,25,-1,main
2000056S17152,2000,SI,STEVE,2000-03-10 21:00:00,TS,-31.0,120.8, ,23,-1,main
2000056S17152,2000,SI,STEVE,2000-03-10 22:00:00,TS,-31.3,121.1,40,22,-1,main
2000056S17152,2000,SI,STEVE,2000-03-11 00:00:00,TS,-31.8,121.7, ,20,-1,main
2000056S17152,2000,SI,STEVE,2000-03-11 03:00:00,TS,-32.3,122.8, , ,-5,main
2000056S17152,2000,SI,STEVE,2000-03-11 04:00:00,TS,-32.5,123.1,40, ,-5,main
2000056S17152,2000,SI,STEVE,2000-03-11 06:00:00,TS,-33.0,123.7, , ,-5,main
2000056S17152,2000,SI,STEVE,2000-03-11 09:00:00,TS,-33.7,124.5, , ,-5,main
2000056S17152,2000,SI,STEVE,2000-03-11 10:00:00,ET,-33.9,124.7,40, ,-5,main
2000056S17152,2000,SI,STEVE,2000-03-11 12:00:00,ET,-34.3,125.1, , ,-5,main
2000056S17152,2000,SI,STEVE,2000-03-11 15:00:00,ET,-34.9,125.8, , ,-5,main
2000056S17152,2000,SI,STEVE,2000-03-11 16:00:00,ET,-35.1,126.0,40, ,-5,main
2000056S17152,2000,SI,STEVE,2000-03-11 18:00:00,ET,-35.7,126.5, , ,-5,main
2000056S17152,2000,SI,STEVE,2000-03-11 21:00:00,ET,-36.7,127.2, , ,-5,main
2000056S17152,2000,SI,STEVE,2000-03-11 22:00:00,ET,-37.0,127.5,35, ,-5,main
2000064S19209,2000,SP,LEO,2000-03-04 00:00:00,TS,-18.8,-150.8,15,20,-1,main
2000064S19209,2000,SP,LEO,2000-03-04 03:00:00,TS,-18.9,-151.1, ,20,-1,main
2000064S19209,2000,SP,LEO,2000-03-04 06:00:00,TS,-19.1,-151.5,15,20,-1,main
2000064S19209,2000,SP,LEO,2000-03-04 09:00:00,TS,-19.3,-151.8, ,20,-1,main
2000064S19209,2000,SP,LEO,2000-03-04 12:00:00,TS,-19.5,-152.2,15,20,-1,main
2000064S19209,2000,SP,LEO,2000-03-04 15:00:00,TS,-19.7,-152.6, ,23,-1,main
2000064S19209,2000,SP,LEO,2000-03-04 18:00:00,TS,-19.9,-153.0,20,25,-1,main
2000064S19209,2000,SP,LEO,2000-03-04 21:00:00,TS,-20.1,-153.4, ,25,-1,main
2000064S19209,2000,SP,LEO,2000-03-05 00:00:00,TS,-20.3,-154.0,20,25,-1,main
2000064S19209,2000,SP,LEO,2000-03-05 03:00:00,TS,-20.5,-154.6, ,25,-1,main
2000064S19209,2000,SP,LEO,2000-03-05 06:00:00,TS,-20.8,-155.8,25,25,-1,main
2000064S19209,2000,SP,LEO,2000-03-05 09:00:00,TS,-21.1,-156.6, ,25,-1,main
2000064S19209,2000,SP,LEO,2000-03-05 12:00:00,TS,-21.4,-157.4,25,25,-1,main
2000064S19209,2000,SP,LEO,2000-03-05 15:00:00,TS,-21.7,-158.3, ,25,-1,main
2000064S19209,2000,SP,LEO,2000-03-05 18:00:00,TS,-22.2,-159.2,25,25,-1,main
2000064S19209,2000,SP,LEO,2000-03-05 21:00:00,TS,-22.6,-160.1, ,25,-1,main
2000064S19209,2000,SP,LEO,2000-03-06 00:00:00,TS,-23.1,-160.9,25,25,-1,main
2000064S19209,2000,SP,LEO,2000-03-06 03:00:00,TS,-23.5,-161.6, ,25,-1,main
2000064S19209,2000,SP,LEO,2000-03-06 06:00:00,TS,-24.0,-162.3,30,25,-1,main
2000064S19209,2000,SP,LEO,2000-03-06 09:00:00,TS,-24.3,-162.8, ,25,-1,main
2000064S19209,2000,SP,LEO,2000-03-06 12:00:00,TS,-24.6,-163.4,35,25,-1,main
2000064S19209,2000,SP,LEO,2000-03-06 15:00:00,TS,-25.0,-164.2, ,40,0,main
2000064S19209,2000,SP,LEO,2000-03-06 18:00:00,TS,-25.6,-164.9,40,55,0,main
2000064S19209,2000,SP,LEO,2000-03-06 21:00:00,TS,-26.3,-165.4, ,55,0,main
2000064S19209,2000,SP,LEO,2000-03-07 00:00:00,TS,-27.2,-165.7,50,55,0,main
2000064S19209,2000,SP,LEO,2000-03-07 03:00:00,TS,-28.3,-165.9, ,43,0,main
2000064S19209,2000,SP,LEO,2000-03-07 06:00:00,TS,-29.5,-165.9,50,30,-1,main
2000064S19209,2000,SP,LEO,2000-03-07 09:00:00,TS,-30.5,-166.1, ,33,-1,main
2000064S19209,2000,SP,LEO,2000-03-07 12:00:00,TS,-31.4,-166.4,50,35,0,main
2000064S19209,2000,SP,LEO,2000-03-07 15:00:00,TS,-32.4,-166.6, ,35,0,main
2000064S19209,2000,SP,LEO,2000-03-07 18:00:00,TS,-33.5,-166.6,50,35,0,main
2000064S19209,2000,SP,LEO,2000-03-07 21:00:00,TS,-34.9,-166.5, ,33,-1,main
2000064S19209,2000,SP,LEO,2000-03-08 00:00:00,TS,-36.4,-166.2,45,30,-1,main
2000064S19209,2000,SP,LEO,2000-03-08 03:00:00,TS,-38.0,-165.5, ,30,-1,main
2000064S19209,2000,SP,LEO,2000-03-08 06:00:00,TS,-39.6,-164.6,40,30,-1,main
2000064S19209,2000,SP,LEO,2000-03-08 09:00:00,NR,-40.8,-163.5, , ,-5,main
2000064S19209,2000,SP,LEO,2000-03-08 12:00:00,NR,-42.0,-161.9,40, ,-5,main
2000064S19209,2000,SP,LEO,2000-03-08 15:00:00,NR,-43.2,-160.3, , ,-5,main
2000064S19209,2000,SP,LEO,2000-03-08 18:00:00,NR,-44.3,-158.8,40, ,-5,main
2000064S19209,2000,SP,LEO,2000-03-08 21:00:00,NR,-45.4,-157.7, , ,-5,main
2000064S19209,2000,SP,LEO,2000-03-09 00:00:00,NR,-46.5,-156.5,40, ,-5,main
2000064S19209,2000,SP,LEO,2000-03-09 03:00:00,NR,-47.8,-154.7, , ,-5,main
2000064S19209,2000,SP,LEO,2000-03-09 06:00:00,NR,-49.0,-152.5,40, ,-5,main
2000064S19209,2000,SP,LEO,2000-03-09 09:00:00,NR,-50.0,-150.0, , ,-5,main
2000064S19209,2000,SP,LEO,2000-03-09 12:00:00,NR,-51.0,-147.0,40, ,-5,main
2000064S19209,2000,SP,LEO,2000-03-09 15:00:00,NR,-52.0,-143.0, , ,-5,main
2000064S19209,2000,SP,LEO,2000-03-09 18:00:00,NR,-53.0,-139.0,40, ,-5,main
2000064S19209,2000,SP,LEO,2000-03-09 21:00:00,NR,-54.0,-136.1, , ,-5,main
2000064S19209,2000,SP,LEO,2000-03-10 00:00:00,NR,-55.0,-134.0,40, ,-5,main
2000089S20168,2000,SP,VAUGHAN,2000-03-28 23:00:00,NR,-20.0,168.0, , ,-5,main
2000089S20168,2000,SP,VAUGHAN,2000-03-29 00:00:00,NR,-20.0,168.0, , ,-5,main
2000089S20168,2000,SP,VAUGHAN,2000-03-29 03:00:00,NR,-19.8,168.0, , ,-5,main
2000089S20168,2000,SP,VAUGHAN,2000-03-29 06:00:00,NR,-19.7,168.0, , ,-5,main
2000089S20168,2000,SP,VAUGHAN,2000-03-29 09:00:00,NR,-19.6,168.0, , ,-5,main
2000089S20168,2000,SP,VAUGHAN,2000-03-29 12:00:00,NR,-19.6,167.9, , ,-5,main
2000089S20168,2000,SP,VAUGHAN,2000-03-29 15:00:00,NR,-19.7,167.9, , ,-5,main
2000089S20168,2000,SP,VAUGHAN,2000-03-29 18:00:00,NR,-19.8,167.8, , ,-5,main
2000089S20168,2000,SP,VAUGHAN,2000-03-29 21:00:00,NR,-20.1,167.7, , ,-5,main
2000089S20168,2000,SP,VAUGHAN,2000-03-29 23:00:00,NR,-20.3,167.6, , ,-5,main
2000089S20168,2000,SP,VAUGHAN,2000-03-30 00:00:00,NR,-20.4,167.6, , ,-5,main
2000089S20168,2000,SP,VAUGHAN,2000-03-30 03:00:00,NR,-20.9,167.4, , ,-5,main
2000089S20168,2000,SP,VAUGHAN,2000-03-30 06:00:00,NR,-21.1,167.3, , ,-5,main
2000089S20168,2000,SP,VAUGHAN,2000-03-30 09:00:00,NR,-21.0,167.3, , ,-5,main
2000089S20168,2000,SP,VAUGHAN,2000-03-30 12:00:00,NR,-20.7,167.3, , ,-5,main
2000089S20168,2000,SP,VAUGHAN,2000-03-30 15:00:00,NR,-20.6,167.3, , ,-5,main
2000089S20168,2000,SP,VAUGHAN,2000-03-30 18:00:00,NR,-20.5,167.4, , ,-5,main
2000089S20168,2000,SP,VAUGHAN,2000-03-30 21:00:00,NR,-20.3,167.5, , ,-5,main
2000089S20168,2000,SP,VAUGHAN,2000-03-30 23:00:00,NR,-20.1,167.5, , ,-5,main
2000089S20168,2000,SP,VAUGHAN,2000-03-31 00:00:00,TS,-20.2,167.6, ,25,-1,main
2000089S20168,2000,SP,VAUGHAN,2000-03-31 03:00:00,TS,-20.1,167.5, ,25,-1,main
2000089S20168,2000,SP,VAUGHAN,2000-03-31 06:00:00,TS,-20.0,167.3, ,25,-1,main
2000089S20168,2000,SP,VAUGHAN,2000-03-31 09:00:00,TS,-19.9,167.2, ,25,-1,main
2000089S20168,2000,SP,VAUGHAN,2000-03-31 12:00:00,TS,-19.8,167.2, ,25,-1,main
2000089S20168,2000,SP,VAUGHAN,2000-03-31 15:00:00,TS,-19.7,167.2, ,25,-1,main
2000089S20168,2000,SP,VAUGHAN,2000-03-31 18:00:00,TS,-19.5,167.2, ,25,-1,main
2000089S20168,2000,SP,VAUGHAN,2000-03-31 21:00:00,TS,-18.9,166.9, ,25,-1,main
2000089S20168,2000,SP,VAUGHAN,2000-04-01 00:00:00,TS,-18.3,166.5, ,25,-1,main
2000089S20168,2000,SP,VAUGHAN,2000-04-01 03:00:00,TS,-18.1,166.3, ,25,-1,main
2000089S20168,2000,SP,VAUGHAN,2000-04-01 06:00:00,TS,-18.0,166.1, ,25,-1,main
2000089S20168,2000,SP,VAUGHAN,2000-04-01 09:00:00,TS,-17.9,165.7, ,25,-1,main
2000089S20168,2000,SP,VAUGHAN,2000-04-01 12:00:00,TS,-17.8,165.3, ,25,-1,main
2000089S20168,2000,SP,VAUGHAN,2000-04-01 15:00:00,TS,-17.6,164.7, ,25,-1,main
2000089S20168,2000,SP,VAUGHAN,2000-04-01 18:00:00,TS,-17.4,164.1, ,25,-1,main
2000089S20168,2000,SP,VAUGHAN,2000-04-01 21:00:00,TS,-17.3,163.4, ,25,-1,main
2000089S20168,2000,SP,VAUGHAN,2000-04-02 00:00:00,TS,-17.2,162.8, ,25,-1,main
2000089S20168,2000,SP,VAUGHAN,2000-04-02 03:00:00,TS,-16.9,162.3, ,25,-1,main
2000089S20168,2000,SP,VAUGHAN,2000-04-02 06:00:00,TS,-16.7,161.8, ,25,-1,main
2000089S20168,2000,SP,VAUGHAN,2000-04-02 09:00:00,TS,-16.5,161.3, ,25,-1,main
2000089S20168,2000,SP,VAUGHAN,2000-04-02 12:00:00,TS,-16.3,160.8, ,25,-1,main
2000089S20168,2000,SP,VAUGHAN,2000-04-02 15:00:00,TS,-15.9,160.5, ,25,-1,main
2000089S20168,2000,SP,VAUGHAN,2000-04-02 18:00:00,TS,-15.5,160.3, ,25,-1,main
2000089S20168,2000,SP,VAUGHAN,2000-04-02 21:00:00,TS,-15.1,160.0, ,30,-1,main
2000089S20168,2000,SP,VAUGHAN,2000-04-03 00:00:00,TS,-14.8,159.5,30,35,0,main
2000089S20168,2000,SP,VAUGHAN,2000-04-03 03:00:00,TS,-14.6,159.0, ,35,0,main
2000089S20168,2000,SP,VAUGHAN,2000-04-03 06:00:00,TS,-14.5,158.4,30,35,0,main
2000089S20168,2000,SP,VAUGHAN,2000-04-03 09:00:00,TS,-14.3,157.8, ,35,0,main
2000089S20168,2000,SP,VAUGHAN,2000-04-03 12:00:00,TS,-14.2,157.3,40,35,0,main
2000089S20168,2000,SP,VAUGHAN,2000-04-03 15:00:00,TS,-14.0,156.7, ,40,0,main
2000089S20168,2000,SP,VAUGHAN,2000-04-03 18:00:00,TS,-13.8,156.1,50,45,0,main
2000089S20168,2000,SP,VAUGHAN,2000-04-03 21:00:00,TS,-13.7,155.6, ,48,0,main
2000089S20168,2000,SP,VAUGHAN,2000-04-04 00:00:00,TS,-13.7,155.1,60,50,0,main
2000089S20168,2000,SP,VAUGHAN,2000-04-04 03:00:00,TS,-13.6,154.5, ,48,0,main
2000089S20168,2000,SP,VAUGHAN,2000-04-04 06:00:00,TS,-13.5,153.9,55,45,0,main
2000089S20168,2000,SP,VAUGHAN,2000-04-04 09:00:00,TS,-13.4,153.3, ,45,0,main
2000089S20168,2000,SP,VAUGHAN,2000-04-04 12:00:00,TS,-13.4,152.8,50,45,0,main
2000089S20168,2000,SP,VAUGHAN,2000-04-04 15:00:00,TS,-13.5,152.4, ,45,0,main
2000089S20168,2000,SP,VAUGHAN,2000-04-04 18:00:00,TS,-13.6,152.0,50,45,0,main
2000089S20168,2000,SP,VAUGHAN,2000-04-04 21:00:00,TS,-13.9,151.7, ,43,0,main
2000089S20168,2000,SP,VAUGHAN,2000-04-05 00:00:00,TS,-14.2,151.3,50,40,0,main
2000089S20168,2000,SP,VAUGHAN,2000-04-05 03:00:00,TS,-14.4,150.9, ,38,0,main
2000089S20168,2000,SP,VAUGHAN,2000-04-05 06:00:00,TS,-14.7,150.4,45,35,0,main
2000089S20168,2000,SP,VAUGHAN,2000-04-05 09:00:00,TS,-14.8,150.0, ,35,0,main
2000089S20168,2000,SP,VAUGHAN,2000-04-05 12:00:00,TS,-14.9,149.6,40,35,0,main
2000089S20168,2000,SP,VAUGHAN,2000-04-05 15:00:00,TS,-15.0,149.1, ,35,0,main
2000089S20168,2000,SP,VAUGHAN,2000-04-05 18:00:00,TS,-15.1,148.7,50,35,0,main
2000089S20168,2000,SP,VAUGHAN,2000-04-05 21:00:00,TS,-15.2,148.1, ,38,0,main
2000089S20168,2000,SP,VAUGHAN,2000-04-06 00:00:00,TS,-15.3,147.5,45,40,0,main
2000089S20168,2000,SP,VAUGHAN,2000-04-06 03:00:00,TS,-15.3,147.1, ,40,0,main
2000089S20168,2000,SP,VAUGHAN,2000-04-06 06:00:00,TS,-15.4,146.8,35,40,0,main
2000089S20168,2000,SP,VAUGHAN,2000-04-06 09:00:00,TS,-15.4,146.6, ,35,0,main
2000089S20168,2000,SP,VAUGHAN,2000-04-06 12:00:00,TS,-15.6,146.5,25,30,-1,main
2000089S20168,2000,SP,VAUGHAN,2000-04-06 15:00:00,TS,-15.6,146.4, ,28,-1,main
2000089S20168,2000,SP,VAUGHAN,2000-04-06 18:00:00,TS,-15.6,146.2, ,25,-1,main
2000089S20168,2000,SP,VAUGHAN,2000-04-06 21:00:00,TS,-15.7,146.1, ,20,-1,main
2000089S20168,2000,SP,VAUGHAN,2000-04-07 00:00:00,TS,-15.7,145.9,25,15,-1,main
2000091S14156,2000,SP,TESSI,2000-03-31 00:00:00,TS,-14.4,155.7,25,20,-1,main
2000091S14156,2000,SP,TESSI,2000-03-31 03:00:00,TS,-14.5,155.5, ,20,-1,main
2000091S14156,2000,SP,TESSI,2000-03-31 06:00:00,TS,-14.7,155.2,30,20,-1,main
2000091S14156,2000,SP,TESSI,2000-03-31 09:00:00,TS,-14.9,154.9, ,23,-1,main
2000091S14156,2000,SP,TESSI,2000-03-31 12:00:00,TS,-15.2,154.5,30,25,-1,main
2000091S14156,2000,SP,TESSI,2000-03-31 15:00:00,TS,-15.3,154.2, ,25,-1,main
2000091S14156,2000,SP,TESSI,2000-03-31 18:00:00,TS,-15.4,153.8,35,25,-1,main
2000091S14156,2000,SP,TESSI,2000-03-31 21:00:00,TS,-15.5,153.5, ,30,-1,main
2000091S14156,2000,SP,TESSI,2000-04-01 00:00:00,TS,-15.6,153.2,40,35,0,main
2000091S14156,2000,SP,TESSI,2000-04-01 03:00:00,TS,-15.8,152.9, ,35,0,main
2000091S14156,2000,SP,TESSI,2000-04-01 06:00:00,TS,-16.0,152.5,40,35,0,main
2000091S14156,2000,SP,TESSI,2000-04-01 09:00:00,TS,-16.2,152.2, ,38,0,main
2000091S14156,2000,SP,TESSI,2000-04-01 12:00:00,TS,-16.5,151.9,40,40,0,main
2000091S14156,2000,SP,TESSI,2000-04-01 15:00:00,TS,-16.8,151.3, ,43,0,main
2000091S14156,2000,SP,TESSI,2000-04-01 18:00:00,TS,-17.2,150.8,45,45,0,main
2000091S14156,2000,SP,TESSI,2000-04-01 21:00:00,TS,-17.5,150.3, ,45,0,main
2000091S14156,2000,SP,TESSI,2000-04-02 00:00:00,TS,-17.8,149.8,45,45,0,main
2000091S14156,2000,SP,TESSI,2000-04-02 03:00:00,TS,-18.1,149.3, ,45,0,main
2000091S14156,2000,SP,TESSI,2000-04-02 06:00:00,TS,-18.3,148.8,50,45,0,main
2000091S14156,2000,SP,TESSI,2000-04-02 09:00:00,TS,-18.6,148.2, ,48,0,main
2000091S14156,2000,SP,TESSI,2000-04-02 12:00:00,TS,-18.8,147.6,55,50,0,main
2000091S14156,2000,SP,TESSI,2000-04-02 14:00:00,TS,-18.8,147.1, ,50,0,main
2000091S14156,2000,SP,TESSI,2000-04-02 15:00:00,TS,-18.9,147.0,60,50,0,main
2000091S14156,2000,SP,TESSI,2000-04-02 16:00:00,TS,-18.9,146.8, ,50,0,main
2000091S14156,2000,SP,TESSI,2000-04-02 17:00:00,TS,-18.9,146.6, ,50,0,main
2000091S14156,2000,SP,TESSI,2000-04-02 18:00:00,TS,-18.8,146.5,70,50,0,main
2000091S14156,2000,SP,TESSI,2000-04-02 20:00:00,TS,-18.8,146.4,70,43,0,main
2000091S14156,2000,SP,TESSI,2000-04-02 21:00:00,TS,-18.8,146.3,65,40,0,main
2000091S14156,2000,SP,TESSI,2000-04-02 22:00:00,TS,-18.8,146.2,50,37,0,main
2000091S14156,2000,SP,TESSI,2000-04-03 00:00:00,TS,-18.8,145.9,40,30,-1,main
2000091S14156,2000,SP,TESSI,2000-04-03 03:00:00,TS,-18.6,145.4, ,28,-1,main
2000091S14156,2000,SP,TESSI,2000-04-03 06:00:00,TS,-18.4,145.0,30,25,-1,main
2000091S14156,2000,SP,TESSI,2000-04-03 09:00:00,NR,-17.8,144.1, , ,-5,main
2000091S14156,2000,SP,TESSI,2000-04-03 12:00:00,NR,-17.5,143.5, , ,-5,main
2001054S15155,2001,SP,ABIGAIL,2001-02-23 00:00:00,TS,-15.5,154.9,30,25,-1,main
2001054S15155,2001,SP,ABIGAIL,2001-02-23 03:00:00,TS,-15.9,153.8, ,28,-1,main
2001054S15155,2001,SP,ABIGAIL,2001-02-23 06:00:00,TS,-16.2,152.7,30,30,-1,main
2001054S15155,2001,SP,ABIGAIL,2001-02-23 09:00:00,TS,-16.5,151.6, ,30,-1,main
2001054S15155,2001,SP,ABIGAIL,2001-02-23 12:00:00,TS,-16.6,150.5,30,30,-1,main
2001054S15155,2001,SP,ABIGAIL,2001-02-23 15:00:00,TS,-16.6,149.5, ,30,-1,main
2001054S15155,2001,SP,ABIGAIL,2001-02-23 18:00:00,TS,-16.6,148.7,35,30,-1,main
2001054S15155,2001,SP,ABIGAIL,2001-02-23 21:00:00,TS,-16.6,147.8, ,30,-1,main
2001054S15155,2001,SP,ABIGAIL,2001-02-24 00:00:00,TS,-16.6,147.0,40,30,-1,main
2001054S15155,2001,SP,ABIGAIL,2001-02-24 02:00:00,TS,-16.6,146.4,40,30,-1,main
2001054S15155,2001,SP,ABIGAIL,2001-02-24 03:00:00,TS,-16.6,146.1, ,30,-1,main
2001054S15155,2001,SP,ABIGAIL,2001-02-24 06:00:00,TS,-16.5,145.4,30,30,-1,main
2001054S15155,2001,SP,ABIGAIL,2001-02-24 09:00:00,TS,-16.5,144.7, ,30,-1,main
2001054S15155,2001,SP,ABIGAIL,2001-02-24 12:00:00,TS,-16.4,144.1,20,30,-1,main
2001054S15155,2001,SP,ABIGAIL,2001-02-24 15:00:00,TS,-16.3,143.5, ,30,-1,main
2001054S15155,2001,SP,ABIGAIL,2001-02-24 18:00:00,TS,-16.2,142.9,20,30,-1,main
2001054S15155,2001,SP,ABIGAIL,2001-02-24 21:00:00,TS,-16.2,142.4, ,30,-1,main
2001054S15155,2001,SP,ABIGAIL,2001-02-25 00:00:00,TS,-16.3,141.9,30,30,-1,main
2001054S15155,2001,SP,ABIGAIL,2001-02-25 03:00:00,TS,-16.5,141.4, ,30,-1,main
2001054S15155,2001,SP,ABIGAIL,2001-02-25 06:00:00,TS,-16.7,141.0,30,30,-1,main
2001054S15155,2001,SP,ABIGAIL,2001-02-25 09:00:00,TS,-16.5,140.6, ,33,-1,main
2001054S15155,2001,SP,ABIGAIL,2001-02-25 12:00:00,TS,-16.2,140.3,35,35,0,main
2001054S15155,2001,SP,ABIGAIL,2001-02-25 15:00:00,TS,-16.1,140.1, ,38,0,main
2001054S15155,2001,SP,ABIGAIL,2001-02-25 18:00:00,TS,-16.1,140.0,45,40,0,main
2001054S15155,2001,SP,ABIGAIL,2001-02-25 21:00:00,TS,-16.1,139.8, ,45,0,main
2001054S15155,2001,SP,ABIGAIL,2001-02-26 00:00:00,TS,-16.1,139.6,50,50,0,main
2001054S15155,2001,SP,ABIGAIL,2001-02-26 03:00:00,TS,-16.3,139.5, ,53,0,main
2001054S15155,2001,SP,ABIGAIL,2001-02-26 06:00:00,TS,-16.4,139.3,60,55,0,main
2001054S15155,2001,SP,ABIGAIL,2001-02-26 09:00:00,TS,-16.6,138.9,65,58,0,main
2001054S15155,2001,SP,ABIGAIL,2001-02-26 12:00:00,TS,-16.7,138.5,65,60,0,main
2001054S15155,2001,SP,ABIGAIL,2001-02-26 15:00:00,TS,-16.8,138.1,65,60,0,main
2001054S15155,2001,SP,ABIGAIL,2001-02-26 18:00:00,TS,-16.8,137.8,60,60,0,main
2001054S15155,2001,SP,ABIGAIL,2001-02-26 21:00:00,TS,-16.9,137.4, ,58,0,main
2001054S15155,2001,SP,ABIGAIL,2001-02-27 00:00:00,TS,-17.0,136.9,40,55,0,main
2001054S15155,2001,SP,ABIGAIL,2001-02-27 03:00:00,TS,-17.0,136.5, ,50,0,main
2001054S15155,2001,SP,ABIGAIL,2001-02-27 06:00:00,TS,-17.1,136.1,30,45,0,main
2001054S15155,2001,SP,ABIGAIL,2001-02-27 09:00:00,TS,-17.4,135.7, ,43,0,main
2001054S15155,2001,SP,ABIGAIL,2001-02-27 12:00:00,TS,-17.6,135.4,30,40,0,main
2001054S15155,2001,SI,ABIGAIL,2001-02-27 15:00:00,TS,-17.6,135.0, ,38,0,main
2001054S15155,2001,SI,ABIGAIL,2001-02-27 18:00:00,TS,-17.6,134.6,30,35,0,main
2001054S15155,2001,SI,ABIGAIL,2001-02-27 21:00:00,TS,-17.6,134.2, ,33,-1,main
2001054S15155,2001,SI,ABIGAIL,2001-02-28 00:00:00,TS,-17.6,133.7,30,30,-1,main
2001054S15155,2001,SI,ABIGAIL,2001-02-28 03:00:00,TS,-17.5,133.3, ,28,-1,main
2001054S15155,2001,SI,ABIGAIL,2001-02-28 06:00:00,TS,-17.5,132.9,30,25,-1,main
2001054S15155,2001,SI,ABIGAIL,2001-02-28 09:00:00,TS,-17.4,132.5, ,25,-1,main
2001054S15155,2001,SI,ABIGAIL,2001-02-28 12:00:00,TS,-17.4,132.1,30,25,-1,main
2001054S15155,2001,SI,ABIGAIL,2001-02-28 15:00:00,TS,-17.4,131.7, ,25,-1,main
2001054S15155,2001,SI,ABIGAIL,2001-02-28 18:00:00,TS,-17.4,131.2,30,25,-1,main
2001054S15155,2001,SI,ABIGAIL,2001-02-28 21:00:00,TS,-17.5,130.8, ,25,-1,main
2001054S15155,2001,SI,ABIGAIL,2001-03-01 00:00:00,TS,-17.5,130.4,30,25,-1,main
2001054S15155,2001,SI,ABIGAIL,2001-03-01 03:00:00,TS,-17.5,129.9, ,25,-1,main
2001054S15155,2001,SI,ABIGAIL,2001-03-01 06:00:00,TS,-17.6,129.4,30,25,-1,main
2001054S15155,2001,SI,ABIGAIL,2001-03-01 09:00:00,TS,-17.6,128.9, ,25,-1,main
2001054S15155,2001,SI,ABIGAIL,2001-03-01 12:00:00,TS,-17.7,128.5,30,25,-1,main
2001054S15155,2001,SI,ABIGAIL,2001-03-01 15:00:00,TS,-17.8,128.1, ,25,-1,main
2001054S15155,2001,SI,ABIGAIL,2001-03-01 18:00:00,TS,-18.0,127.8,30,25,-1,main
2001054S15155,2001,SI,ABIGAIL,2001-03-01 21:00:00,TS,-18.2,127.5, ,25,-1,main
2001054S15155,2001,SI,ABIGAIL,2001-03-02 00:00:00,TS,-18.4,127.2,30,25,-1,main
2001054S15155,2001,SI,ABIGAIL,2001-03-02 03:00:00,TS,-18.6,126.9, ,25,-1,main
2001054S15155,2001,SI,ABIGAIL,2001-03-02 06:00:00,TS,-18.8,126.7,25,25,-1,main
2001054S15155,2001,SI,ABIGAIL,2001-03-02 09:00:00,TS,-19.1,126.4, ,25,-1,main
2001054S15155,2001,SI,ABIGAIL,2001-03-02 12:00:00,TS,-19.3,126.1,25,25,-1,main
2001054S15155,2001,SI,ABIGAIL,2001-03-02 15:00:00,TS,-19.5,125.7, ,25,-1,main
2001054S15155,2001,SI,ABIGAIL,2001-03-02 18:00:00,TS,-19.5,125.4,25,25,-1,main
2001054S15155,2001,SI,ABIGAIL,2001-03-02 21:00:00,TS,-19.6,125.1, ,25,-1,main
2001054S15155,2001,SI,ABIGAIL,2001-03-03 00:00:00,TS,-19.7,124.8,25,25,-1,main
2001054S15155,2001,SI,ABIGAIL,2001-03-03 03:00:00,TS,-19.7,124.6, ,25,-1,main
2001054S15155,2001,SI,ABIGAIL,2001-03-03 06:00:00,TS,-19.8,124.5,25,25,-1,main
2001054S15155,2001,SI,ABIGAIL,2001-03-03 09:00:00,TS,-19.9,124.4, ,25,-1,main
2001054S15155,2001,SI,ABIGAIL,2001-03-03 12:00:00,TS,-19.9,124.3,25,25,-1,main
2001054S15155,2001,SI,ABIGAIL,2001-03-03 15:00:00,TS,-20.0,124.3, ,25,-1,main
2001054S15155,2001,SI,ABIGAIL,2001-03-03 18:00:00,TS,-20.0,124.2,25,25,-1,main
2001054S15155,2001,SI,ABIGAIL,2001-03-03 21:00:00,TS,-20.2,124.2, ,25,-1,main
2001054S15155,2001,SI,ABIGAIL,2001-03-04 00:00:00,TS,-20.4,124.3,25,25,-1,main
2001054S15155,2001,SI,ABIGAIL,2001-03-04 03:00:00,TS,-20.7,124.4, , ,-5,main
2001054S15155,2001,SI,ABIGAIL,2001-03-04 06:00:00,TS,-21.0,124.4,25, ,-5,main
2001054S15155,2001,SI,ABIGAIL,2001-03-04 09:00:00,TS,-21.2,124.4, , ,-5,main
2001054S15155,2001,SI,ABIGAIL,2001-03-04 12:00:00,TS,-21.5,124.3,20, ,-5,main
2001054S15155,2001,SI,ABIGAIL,2001-03-04 15:00:00,TS,-21.8,124.2, , ,-5,main
2001054S15155,2001,SI,ABIGAIL,2001-03-04 18:00:00,TS,-22.0,124.2,20, ,-5,main
2001054S15155,2001,SI,ABIGAIL,2001-03-04 21:00:00,TS,-22.2,124.2, , ,-5,main
2001054S15155,2001,SI,ABIGAIL,2001-03-05 00:00:00,TS,-22.4,124.2,20, ,-5,main
2001054S15155,2001,SI,ABIGAIL,2001-03-05 03:00:00,TS,-22.5,124.2, , ,-5,main
2001054S15155,2001,SI,ABIGAIL,2001-03-05 06:00:00,TS,-22.6,124.3,20, ,-5,main
2001054S15155,2001,SI,ABIGAIL,2001-03-05 09:00:00,TS,-22.8,124.6, , ,-5,main
2001054S15155,2001,SI,ABIGAIL,2001-03-05 12:00:00,TS,-23.0,125.0,20, ,-5,main
2001054S15155,2001,SI,ABIGAIL,2001-03-05 15:00:00,TS,-23.3,125.5, , ,-5,main
2001054S15155,2001,SI,ABIGAIL,2001-03-05 18:00:00,TS,-23.7,125.9,20, ,-5,main
2001054S15155,2001,SI,ABIGAIL,2001-03-05 21:00:00,TS,-24.0,126.3, , ,-5,main
2001054S15155,2001,SI,ABIGAIL,2001-03-06 00:00:00,TS,-24.3,126.5,20, ,-5,main
2001054S15155,2001,SI,ABIGAIL,2001-03-06 03:00:00,TS,-24.5,126.7, , ,-5,main
2001054S15155,2001,SI,ABIGAIL,2001-03-06 06:00:00,TS,-24.7,126.7,20, ,-5,main
2001054S15155,2001,SI,ABIGAIL,2001-03-06 09:00:00,TS,-24.9,126.6, , ,-5,main
2001054S15155,2001,SI,ABIGAIL,2001-03-06 12:00:00,TS,-25.0,126.5,20, ,-5,main
2001054S15155,2001,SI,ABIGAIL,2001-03-06 15:00:00,TS,-25.1,126.3, , ,-5,main
2001054S15155,2001,SI,ABIGAIL,2001-03-06 18:00:00,TS,-25.2,126.2,20, ,-5,main
2001054S15155,2001,SI,ABIGAIL,2001-03-06 21:00:00,TS,-25.4,126.1, , ,-5,main
2001054S15155,2001,SI,ABIGAIL,2001-03-07 00:00:00,TS,-25.5,126.0,20, ,-5,main
2001054S15155,2001,SI,ABIGAIL,2001-03-07 03:00:00,TS,-25.6,125.8, , ,-5,main
2001054S15155,2001,SI,ABIGAIL,2001-03-07 06:00:00,TS,-25.6,125.7,20, ,-5,main
2001054S15155,2001,SI,ABIGAIL,2001-03-07 09:00:00,TS,-25.6,125.6, , ,-5,main
2001054S15155,2001,SI,ABIGAIL,2001-03-07 12:00:00,TS,-25.7,125.5,20, ,-5,main
2001054S15155,2001,SI,ABIGAIL,2001-03-07 15:00:00,TS,-25.8,125.3, , ,-5,main
2001054S15155,2001,SI,ABIGAIL,2001-03-07 18:00:00,TS,-26.0,125.0,15, ,-5,main
2001054S15155,2001,SI,ABIGAIL,2001-03-07 21:00:00,TS,-26.2,124.7, , ,-5,main
2001054S15155,2001,SI,ABIGAIL,2001-03-08 00:00:00,TS,-26.5,124.5,15, ,-5,main
2004041S14147,2004,SP,FRITZ,2004-02-10 06:00:00,TS,-13.8,146.7,30, ,-5,main
2004041S14147,2004,SP,FRITZ,2004-02-10 09:00:00,TS,-14.1,146.0, , ,-5,main
2004041S14147,2004,SP,FRITZ,2004-02-10 12:00:00,TS,-14.2,145.5,35,20,-1,main
2004041S14147,2004,SP,FRITZ,2004-02-10 15:00:00,TS,-14.3,144.9, ,20,-1,main
2004041S14147,2004,SP,FRITZ,2004-02-10 18:00:00,TS,-14.6,144.3,35,20,-1,main
2004041S14147,2004,SP,FRITZ,2004-02-10 21:00:00,TS,-14.9,143.8, ,20,-1,main
2004041S14147,2004,SP,FRITZ,2004-02-11 00:00:00,TS,-15.4,143.4,25,20,-1,main
2004041S14147,2004,SP,FRITZ,2004-02-11 03:00:00,TS,-15.8,142.8, ,20,-1,main
2004041S14147,2004,SP,FRITZ,2004-02-11 06:00:00,TS,-16.1,142.3,25,20,-1,main
2004041S14147,2004,SP,FRITZ,2004-02-11 09:00:00,TS,-16.2,141.7, ,23,-1,main
2004041S14147,2004,SP,FRITZ,2004-02-11 12:00:00,TS,-16.3,141.3,30,25,-1,main
2004041S14147,2004,SP,FRITZ,2004-02-11 15:00:00,TS,-16.4,140.9, ,28,-1,main
2004041S14147,2004,SP,FRITZ,2004-02-11 18:00:00,TS,-16.6,140.6,40,30,-1,main
2004041S14147,2004,SP,FRITZ,2004-02-11 21:00:00,TS,-16.6,140.2, ,33,-1,main
2004041S14147,2004,SP,FRITZ,2004-02-12 00:00:00,TS,-16.7,139.9,50,35,0,main
2004041S14147,2004,SP,FRITZ,2004-02-12 03:00:00,TS,-16.7,139.4, ,35,0,main
2004041S14147,2004,SP,FRITZ,2004-02-12 06:00:00,TS,-16.7,139.0,40,35,0,main
2004041S14147,2004,SP,FRITZ,2004-02-12 09:00:00,TS,-16.7,138.8, ,30,-1,main
2004041S14147,2004,SP,FRITZ,2004-02-12 12:00:00,TS,-16.9,138.5,40,25,-1,main
2004041S14147,2004,SP,FRITZ,2004-02-12 15:00:00,TS,-17.0,137.9, ,25,-1,main
2004041S14147,2004,SP,FRITZ,2004-02-12 18:00:00,TS,-17.0,137.2,30,25,-1,main
2004041S14147,2004,SP,FRITZ,2004-02-12 21:00:00,NR,-17.0,136.7, , ,-5,main
2004041S14147,2004,SP,FRITZ,2004-02-13 00:00:00,NR,-17.1,136.3,25, ,-5,main
2004041S14147,2004,SP,FRITZ,2004-02-13 03:00:00,NR,-17.3,136.0, , ,-5,main
2004041S14147,2004,SP,FRITZ,2004-02-13 06:00:00,NR,-17.6,135.6,25, ,-5,main
2004041S14147,2004,SI,FRITZ,2004-02-13 09:00:00,NR,-17.8,134.9, , ,-5,main
2004041S14147,2004,SI,FRITZ,2004-02-13 12:00:00,NR,-18.0,134.1,25, ,-5,main
2004041S14147,2004,SI,FRITZ,2004-02-13 15:00:00,NR,-18.2,133.3, , ,-5,main
2004041S14147,2004,SI,FRITZ,2004-02-13 18:00:00,NR,-18.4,132.5,25, ,-5,main
2004041S14147,2004,SI,FRITZ,2004-02-13 21:00:00,NR,-18.7,131.9, , ,-5,main
2004041S14147,2004,SI,FRITZ,2004-02-14 00:00:00,NR,-19.1,131.3,25, ,-5,main
2004041S14147,2004,SI,FRITZ,2004-02-14 03:00:00,NR,-19.4,130.7, , ,-5,main
2004041S14147,2004,SI,FRITZ,2004-02-14 06:00:00,NR,-19.7,130.1,25, ,-5,main
2004041S14147,2004,SI,FRITZ,2004-02-14 09:00:00,NR,-19.7,129.5, , ,-5,main
2004041S14147,2004,SI,FRITZ,2004-02-14 12:00:00,NR,-19.8,128.9,25, ,-5,main
2004041S14147,2004,SI,FRITZ,2004-02-14 15:00:00,NR,-20.0,128.3, , ,-5,main
2004041S14147,2004,SI,FRITZ,2004-02-14 18:00:00,NR,-20.4,127.7,20, ,-5,main
2004041S14147,2004,SI,FRITZ,2004-02-14 21:00:00,NR,-20.8,127.0, , ,-5,main
2004041S14147,2004,SI,FRITZ,2004-02-15 00:00:00,NR,-21.2,126.3,20, ,-5,main
2004081S15148,2004,SP,GRACE,2004-03-20 12:00:00,TS,-15.3,147.7, ,25,-1,main
2004081S15148,2004,SP,GRACE,2004-03-20 15:00:00,TS,-15.0,148.3, ,25,-1,main
2004081S15148,2004,SP,GRACE,2004-03-20 18:00:00,TS,-15.5,149.0,35,25,-1,main
2004081S15148,2004,SP,GRACE,2004-03-20 21:00:00,TS,-15.7,149.7, ,25,-1,main
2004081S15148,2004,SP,GRACE,2004-03-21 00:00:00,TS,-16.1,150.4,35,25,-1,main
2004081S15148,2004,SP,GRACE,2004-03-21 03:00:00,TS,-16.6,151.2, ,25,-1,main
2004081S15148,2004,SP,GRACE,2004-03-21 06:00:00,TS,-17.2,152.1,35,25,-1,main
2004081S15148,2004,SP,GRACE,2004-03-21 09:00:00,TS,-17.8,153.0, ,28,-1,main
2004081S15148,2004,SP,GRACE,2004-03-21 12:00:00,TS,-18.4,153.7,40,30,-1,main
2004081S15148,2004,SP,GRACE,2004-03-21 15:00:00,TS,-19.2,154.1, ,33,-1,main
2004081S15148,2004,SP,GRACE,2004-03-21 18:00:00,TS,-19.9,154.5,45,35,0,main
2004081S15148,2004,SP,GRACE,2004-03-21 21:00:00,TS,-20.1,154.9, ,35,0,main
2004081S15148,2004,SP,GRACE,2004-03-22 00:00:00,TS,-20.3,155.5,50,35,0,main
2004081S15148,2004,SP,GRACE,2004-03-22 03:00:00,TS,-20.6,156.1, ,33,-1,main
2004081S15148,2004,SP,GRACE,2004-03-22 06:00:00,TS,-21.0,156.7,50,30,-1,main
2004081S15148,2004,SP,GRACE,2004-03-22 09:00:00,TS,-21.3,157.3, ,28,-1,main
2004081S15148,2004,SP,GRACE,2004-03-22 12:00:00,TS,-21.6,157.8,50,25,-1,main
2004081S15148,2004,SP,GRACE,2004-03-22 15:00:00,TS,-21.8,158.4, ,25,-1,main
2004081S15148,2004,SP,GRACE,2004-03-22 18:00:00,MX,-22.1,158.9,50,25,-1,main
2004081S15148,2004,SP,GRACE,2004-03-22 21:00:00,MX,-22.3,159.5, ,25,-1,main
2004081S15148,2004,SP,GRACE,2004-03-23 00:00:00,MX,-22.5,159.9,50,25,-1,main
2004081S15148,2004,SP,GRACE,2004-03-23 03:00:00,NR,-22.7,160.3, , ,-5,main
2004081S15148,2004,SP,GRACE,2004-03-23 06:00:00,NR,-22.8,160.6,50, ,-5,main
2004081S15148,2004,SP,GRACE,2004-03-23 09:00:00,NR,-22.8,161.0, , ,-5,main
2004081S15148,2004,SP,GRACE,2004-03-23 12:00:00,NR,-22.8,161.4,45, ,-5,main
2004081S15148,2004,SP,GRACE,2004-03-23 15:00:00,NR,-22.8,161.6, , ,-5,main
2004081S15148,2004,SP,GRACE,2004-03-23 18:00:00,NR,-22.9,161.8,45, ,-5,main
2004081S15148,2004,SP,GRACE,2004-03-23 21:00:00,NR,-22.9,162.2, , ,-5,main
2004081S15148,2004,SP,GRACE,2004-03-24 00:00:00,NR,-22.9,162.6,45, ,-5,main
2004081S15148,2004,SP,GRACE,2004-03-24 03:00:00,NR,-22.8,162.8, , ,-5,main
2004081S15148,2004,SP,GRACE,2004-03-24 06:00:00,NR,-22.7,163.0,45, ,-5,main
2004081S15148,2004,SP,GRACE,2004-03-24 09:00:00,NR,-22.6,163.4, , ,-5,main
2004081S15148,2004,SP,GRACE,2004-03-24 12:00:00,NR,-22.5,164.0,40, ,-5,main
2004081S15148,2004,SP,GRACE,2004-03-24 15:00:00,NR,-22.3,164.9, , ,-5,main
2004081S15148,2004,SP,GRACE,2004-03-24 18:00:00,NR,-22.2,165.9,30, ,-5,main
2004081S15148,2004,SP,GRACE,2004-03-24 21:00:00,NR,-22.4,166.5, , ,-5,main
2004081S15148,2004,SP,GRACE,2004-03-25 00:00:00,NR,-22.8,167.0,25, ,-5,main
2004081S15148,2004,SP,GRACE,2004-03-25 03:00:00,NR,-22.9,167.5, , ,-5,main
2004081S15148,2004,SP,GRACE,2004-03-25 06:00:00,NR,-23.0,168.0,25, ,-5,main
2004081S15148,2004,SP,GRACE,2004-03-25 09:00:00,NR,-23.0,168.8, , ,-5,main
2004081S15148,2004,SP,GRACE,2004-03-25 12:00:00,NR,-23.0,169.5,20, ,-5,main
2004081S15148,2004,SP,GRACE,2004-03-25 15:00:00,NR,-23.0,170.1, , ,-5,main
2004081S15148,2004,SP,GRACE,2004-03-25 18:00:00,NR,-23.0,170.5,20, ,-5,main
2004081S15148,2004,SP,GRACE,2004-03-25 21:00:00,NR,-23.0,170.8, , ,-5,main
2004081S15148,2004,SP,GRACE,2004-03-26 00:00:00,NR,-23.0,171.0,20, ,-5,main
2004357S16216,2005,SP,JUDY,2004-12-21 12:00:00,NR,-16.0,-144.2,15, ,-5,main
2004357S16216,2005,SP,JUDY,2004-12-21 15:00:00,NR,-16.1,-144.3, , ,-5,main
2004357S16216,2005,SP,JUDY,2004-12-21 18:00:00,NR,-16.3,-144.5,15, ,-5,main
2004357S16216,2005,SP,JUDY,2004-12-21 21:00:00,NR,-16.5,-144.7, , ,-5,main
2004357S16216,2005,SP,JUDY,2004-12-22 00:00:00,NR,-16.6,-144.8,20, ,-5,main
2004357S16216,2005,SP,JUDY,2004-12-22 03:00:00,NR,-16.7,-145.0, , ,-5,main
2004357S16216,2005,SP,JUDY,2004-12-22 06:00:00,NR,-16.6,-145.3,20, ,-5,main
2004357S16216,2005,SP,JUDY,2004-12-22 09:00:00,NR,-16.6,-145.7, , ,-5,main
2004357S16216,2005,SP,JUDY,2004-12-22 12:00:00,NR,-16.7,-146.1,20, ,-5,main
2004357S16216,2005,SP,JUDY,2004-12-22 15:00:00,NR,-16.9,-146.4, , ,-5,main
2004357S16216,2005,SP,JUDY,2004-12-22 18:00:00,NR,-17.2,-146.6,20, ,-5,main
2004357S16216,2005,SP,JUDY,2004-12-22 21:00:00,NR,-17.4,-146.7, , ,-5,main
2004357S16216,2005,SP,JUDY,2004-12-23 00:00:00,NR,-17.5,-146.7,20, ,-5,main
2004357S16216,2005,SP,JUDY,2004-12-23 03:00:00,NR,-17.4,-146.7, , ,-5,main
2004357S16216,2005,SP,JUDY,2004-12-23 06:00:00,NR,-17.4,-146.6,25, ,-5,main
2004357S16216,2005,SP,JUDY,2004-12-23 09:00:00,NR,-17.5,-146.2, , ,-5,main
2004357S16216,2005,SP,JUDY,2004-12-23 12:00:00,NR,-17.6,-145.8,25, ,-5,main
2004357S16216,2005,SP,JUDY,2004-12-23 15:00:00,NR,-17.7,-145.5, , ,-5,main
2004357S16216,2005,SP,JUDY,2004-12-23 18:00:00,NR,-17.8,-145.4,25, ,-5,main
2004357S16216,2005,SP,JUDY,2004-12-23 21:00:00,NR,-18.0,-145.2, , ,-5,main
2004357S16216,2005,SP,JUDY,2004-12-24 00:00:00,NR,-18.2,-145.1,30, ,-5,main
2004357S16216,2005,SP,JUDY,2004-12-24 03:00:00,NR,-18.3,-145.0, , ,-5,main
2004357S16216,2005,SP,JUDY,2004-12-24 06:00:00,NR,-18.5,-145.1,30, ,-5,main
2004357S16216,2005,SP,JUDY,2004-12-24 09:00:00,NR,-18.7,-145.1, , ,-5,main
2004357S16216,2005,SP,JUDY,2004-12-24 12:00:00,NR,-19.0,-145.2,30, ,-5,main
2004357S16216,2005,SP,JUDY,2004-12-24 15:00:00,NR,-19.2,-145.2, , ,-5,main
2004357S16216,2005,SP,JUDY,2004-12-24 18:00:00,TS,-19.5,-145.3,35, ,-5,main
2004357S16216,2005,SP,JUDY,2004-12-24 21:00:00,TS,-19.9,-145.4, , ,-5,main
2004357S16216,2005,SP,JUDY,2004-12-25 00:00:00,TS,-20.3,-145.6,35, ,-5,main
2004357S16216,2005,SP,JUDY,2004-12-25 03:00:00,TS,-20.5,-145.6, , ,-5,main
2004357S16216,2005,SP,JUDY,2004-12-25 06:00:00,TS,-20.9,-145.8,40, ,-5,main
2004357S16216,2005,SP,JUDY,2004-12-25 09:00:00,TS,-21.3,-146.0, , ,-5,main
2004357S16216,2005,SP,JUDY,2004-12-25 12:00:00,TS,-21.7,-146.3,45, ,-5,main
2004357S16216,2005,SP,JUDY,2004-12-25 15:00:00,TS,-22.1,-146.5, , ,-5,main
2004357S16216,2005,SP,JUDY,2004-12-25 18:00:00,TS,-22.5,-146.7,45, ,-5,main
2004357S16216,2005,SP,JUDY,2004-12-25 21:00:00,TS,-23.0,-147.0, , ,-5,main
2004357S16216,2005,SP,JUDY,2004-12-26 00:00:00,TS,-23.6,-147.2,45, ,-5,main
2004357S16216,2005,SP,JUDY,2004-12-26 03:00:00,TS,-24.1,-147.2, , ,-5,main
2004357S16216,2005,SP,JUDY,2004-12-26 06:00:00,TS,-24.5,-147.1,40, ,-5,main
2004357S16216,2005,SP,JUDY,2004-12-26 09:00:00,TS,-24.6,-147.0, , ,-5,main
2004357S16216,2005,SP,JUDY,2004-12-26 12:00:00,NR,-25.0,-147.0,40, ,-5,main
2004357S16216,2005,SP,JUDY,2004-12-26 15:00:00,NR,-25.9,-147.2, , ,-5,main
2004357S16216,2005,SP,JUDY,2004-12-26 18:00:00,NR,-27.0,-147.3,40, ,-5,main
2004357S16216,2005,SP,JUDY,2004-12-26 21:00:00,NR,-27.8,-147.0, , ,-5,main
2004357S16216,2005,SP,JUDY,2004-12-27 00:00:00,NR,-28.5,-146.5,35, ,-5,main
2004357S16216,2005,SP,JUDY,2004-12-27 03:00:00,NR,-29.0,-146.1, , ,-5,main
2004357S16216,2005,SP,JUDY,2004-12-27 06:00:00,NR,-29.5,-145.7,30, ,-5,main
2004357S16216,2005,SP,JUDY,2004-12-27 09:00:00,NR,-30.0,-145.1, , ,-5,main
2004357S16216,2005,SP,JUDY,2004-12-27 12:00:00,NR,-30.5,-144.5,30, ,-5,main
2005063S12141,2005,SP,INGRID,2005-03-03 23:00:00,NR,-11.6,140.7, , ,-5,main
2005063S12141,2005,SP,INGRID,2005-03-04 00:00:00,MX,-11.4,140.5,20,15,-3,main
2005063S12141,2005,SP,INGRID,2005-03-04 03:00:00,MX,-11.5,140.8, ,15,-3,main
2005063S12141,2005,SP,INGRID,2005-03-04 06:00:00,MX,-11.6,141.1,20,15,-3,main
2005063S12141,2005,SP,INGRID,2005-03-04 09:00:00,MX,-11.7,141.5, ,15,-3,main
2005063S12141,2005,SP,INGRID,2005-03-04 11:00:00,MX,-11.7,141.8, ,15,-3,main
2005063S12141,2005,SP,INGRID,2005-03-04 12:00:00,MX,-11.7,141.9,25,15,-3,main
2005063S12141,2005,SP,INGRID,2005-03-04 15:00:00,MX,-11.7,142.4, ,15,-3,main
2005063S12141,2005,SP,INGRID,2005-03-04 18:00:00,MX,-11.7,143.0,25,15,-3,main
2005063S12141,2005,SP,INGRID,2005-03-04 21:00:00,MX,-11.6,143.6, ,18,-3,main
2005063S12141,2005,SP,INGRID,2005-03-04 23:00:00,MX,-11.6,144.0, ,19,-3,main
2005063S12141,2005,SP,INGRID,2005-03-05 00:00:00,MX,-11.7,144.2,30,20,-3,main
2005063S12141,2005,SP,INGRID,2005-03-05 03:00:00,MX,-11.8,144.7, ,23,-3,main
2005063S12141,2005,SP,INGRID,2005-03-05 05:00:00,MX,-11.9,145.1, ,24,-3,main
2005063S12141,2005,SP,INGRID,2005-03-05 06:00:00,TS,-12.0,145.3,30,25,-1,main
2005063S12141,2005,SP,INGRID,2005-03-05 09:00:00,TS,-12.1,145.8, ,25,-1,main
2005063S12141,2005,SP,INGRID,2005-03-05 11:00:00,TS,-12.1,146.2, ,25,-1,main
2005063S12141,2005,SP,INGRID,2005-03-05 12:00:00,TS,-12.2,146.3,35,25,-1,main
2005063S12141,2005,SP,INGRID,2005-03-05 15:00:00,TS,-12.3,146.9, ,28,-1,main
2005063S12141,2005,SP,INGRID,2005-03-05 18:00:00,TS,-12.4,147.4,35,30,-1,main
2005063S12141,2005,SP,INGRID,2005-03-05 21:00:00,TS,-12.5,147.7, ,30,-1,main
2005063S12141,2005,SP,INGRID,2005-03-06 00:00:00,TS,-12.7,147.9,40,30,-1,main
2005063S12141,2005,SP,INGRID,2005-03-06 02:00:00,TS,-12.8,148.1, ,35,0,main
2005063S12141,2005,SP,INGRID,2005-03-06 03:00:00,TS,-12.9,148.1,45,38,0,main
2005063S12141,2005,SP,INGRID,2005-03-06 06:00:00,TS,-13.2,148.3,50,45,0,main
2005063S12141,2005,SP,INGRID,2005-03-06 09:00:00,TS,-13.4,148.6, ,55,0,main
2005063S12141,2005,SP,INGRID,2005-03-06 12:00:00,TS,-13.6,148.8,70,65,1,main
2005063S12141,2005,SP,INGRID,2005-03-06 15:00:00,TS,-13.7,148.9, ,70,1,main
2005063S12141,2005,SP,INGRID,2005-03-06 18:00:00,TS,-13.8,149.0,80,75,1,main
2005063S12141,2005,SP,INGRID,2005-03-06 21:00:00,TS,-14.0,148.9, ,80,1,main
2005063S12141,2005,SP,INGRID,2005-03-07 00:00:00,TS,-14.1,148.8,85,85,2,main
2005063S12141,2005,SP,INGRID,2005-03-07 03:00:00,TS,-14.2,148.7, ,103,3,main
2005063S12141,2005,SP,INGRID,2005-03-07 06:00:00,TS,-14.3,148.6,100,120,4,main
2005063S12141,2005,SP,INGRID,2005-03-07 09:00:00,TS,-14.3,148.5, ,120,4,main
2005063S12141,2005,SP,INGRID,2005-03-07 12:00:00,TS,-14.2,148.3,100,120,4,main
2005063S12141,2005,SP,INGRID,2005-03-07 15:00:00,TS,-14.1,148.1, ,125,4,main
2005063S12141,2005,SP,INGRID,2005-03-07 18:00:00,TS,-14.0,147.9,110,130,4,main
2005063S12141,2005,SP,INGRID,2005-03-07 21:00:00,TS,-13.9,147.6, ,130,4,main
2005063S12141,2005,SP,INGRID,2005-03-08 00:00:00,TS,-13.9,147.4,115,130,4,main
2005063S12141,2005,SP,INGRID,2005-03-08 03:00:00,TS,-13.9,147.1, ,130,4,main
2005063S12141,2005,SP,INGRID,2005-03-08 06:00:00,TS,-13.9,146.9,120,130,4,main
2005063S12141,2005,SP,INGRID,2005-03-08 09:00:00,TS,-14.0,146.7, ,130,4,main
2005063S12141,2005,SP,INGRID,2005-03-08 12:00:00,TS,-13.9,146.5,115,130,4,main
2005063S12141,2005,SP,INGRID,2005-03-08 15:00:00,TS,-13.8,146.3, ,118,4,main
2005063S12141,2005,SP,INGRID,2005-03-08 18:00:00,TS,-13.7,146.1,110,105,3,main
2005063S12141,2005,SP,INGRID,2005-03-08 21:00:00,TS,-13.6,145.8, ,105,3,main
2005063S12141,2005,SP,INGRID,2005-03-09 00:00:00,TS,-13.6,145.5,110,105,3,main
2005063S12141,2005,SP,INGRID,2005-03-09 03:00:00,TS,-13.5,145.3, ,105,3,main
2005063S12141,2005,SP,INGRID,2005-03-09 06:00:00,TS,-13.5,145.0,100,105,3,main
2005063S12141,2005,SP,INGRID,2005-03-09 09:00:00,TS,-13.4,144.7, ,103,3,main
2005063S12141,2005,SP,INGRID,2005-03-09 12:00:00,TS,-13.4,144.4,90,100,3,main
2005063S12141,2005,SP,INGRID,2005-03-09 15:00:00,TS,-13.3,144.0,90,100,3,main
2005063S12141,2005,SP,INGRID,2005-03-09 16:00:00,TS,-13.3,143.9,90,100,3,main
2005063S12141,2005,SP,INGRID,2005-03-09 18:00:00,TS,-13.3,143.7,95,100,3,main
2005063S12141,2005,SP,INGRID,2005-03-09 19:00:00,TS,-13.2,143.6,95,96,3,main
2005063S12141,2005,SP,INGRID,2005-03-09 20:00:00,TS,-13.2,143.4,95,92,2,main
2005063S12141,2005,SP,INGRID,2005-03-09 21:00:00,TS,-13.2,143.3,85,88,2,main
2005063S12141,2005,SP,INGRID,2005-03-10 00:00:00,TS,-13.2,142.8,60,75,1,main
2005063S12141,2005,SP,INGRID,2005-03-10 03:00:00,TS,-13.3,142.3, ,70,1,main
2005063S12141,2005,SP,INGRID,2005-03-10 06:00:00,TS,-13.4,142.0,40,65,1,main
2005063S12141,2005,SP,INGRID,2005-03-10 09:00:00,TS,-13.3,141.6, ,60,0,main
2005063S12141,2005,SP,INGRID,2005-03-10 12:00:00,TS,-13.2,141.3,40,55,0,main
2005063S12141,2005,SP,INGRID,2005-03-10 15:00:00,TS,-13.1,140.8, ,58,0,main
2005063S12141,2005,SP,INGRID,2005-03-10 18:00:00,TS,-12.9,140.3,60,60,0,main
2005063S12141,2005,SP,INGRID,2005-03-10 21:00:00,TS,-12.7,139.8, ,63,0,main
2005063S12141,2005,SP,INGRID,2005-03-11 00:00:00,TS,-12.5,139.5,70,65,1,main
2005063S12141,2005,SP,INGRID,2005-03-11 03:00:00,TS,-12.4,139.1,80,73,1,main
2005063S12141,2005,SP,INGRID,2005-03-11 06:00:00,TS,-12.3,138.7,85,80,1,main
2005063S12141,2005,SP,INGRID,2005-03-11 09:00:00,TS,-12.2,138.2,90,100,3,main
2005063S12141,2005,SP,INGRID,2005-03-11 12:00:00,TS,-12.2,137.8,100,120,4,main
2005063S12141,2005,SP,INGRID,2005-03-11 15:00:00,TS,-12.1,137.3,115,120,4,main
2005063S12141,2005,SP,INGRID,2005-03-11 18:00:00,TS,-12.0,136.8,125,120,4,main
2005063S12141,2005,SP,INGRID,2005-03-11 21:00:00,TS,-11.8,136.3,125,123,4,main
2005063S12141,2005,SP,INGRID,2005-03-12 00:00:00,TS,-11.7,135.9,125,125,4,main
2005063S12141,2005,SP,INGRID,2005-03-12 03:00:00,TS,-11.6,135.3,125,130,4,main
2005063S12141,2005,SI,INGRID,2005-03-12 06:00:00,TS,-11.5,134.9,125,135,4,main
2005063S12141,2005,SI,INGRID,2005-03-12 09:00:00,TS,-11.4,134.4,125,135,4,main
2005063S12141,2005,SI,INGRID,2005-03-12 12:00:00,TS,-11.3,133.9,125,135,4,main
2005063S12141,2005,SI,INGRID,2005-03-12 15:00:00,TS,-11.3,133.3,115,128,4,main
2005063S12141,2005,SI,INGRID,2005-03-12 18:00:00,TS,-11.2,132.8,100,120,4,main
2005063S12141,2005,SI,INGRID,2005-03-12 21:00:00,TS,-11.2,132.3,90,120,4,main
2005063S12141,2005,SI,INGRID,2005-03-13 00:00:00,TS,-11.2,131.8,90,120,4,main
2005063S12141,2005,SI,INGRID,2005-03-13 03:00:00,TS,-11.2,131.5,80,110,3,main
2005063S12141,2005,SI,INGRID,2005-03-13 06:00:00,TS,-11.2,131.3,80,100,3,main
2005063S12141,2005,SI,INGRID,2005-03-13 09:00:00,TS,-11.2,131.0,70,100,3,main
2005063S12141,2005,SI,INGRID,2005-03-13 12:00:00,TS,-11.3,130.8,70,100,3,main
2005063S12141,2005,SI,INGRID,2005-03-13 15:00:00,TS,-11.3,130.5,70,100,3,main
2005063S12141,2005,SI,INGRID,2005-03-13 18:00:00,TS,-11.5,130.3,60,100,3,main
2005063S12141,2005,SI,INGRID,2005-03-13 21:00:00,TS,-11.5,130.0,60,100,3,main
2005063S12141,2005,SI,INGRID,2005-03-14 00:00:00,TS,-11.5,129.8,70,100,3,main
2005063S12141,2005,SI,INGRID,2005-03-14 03:00:00,TS,-11.6,129.5,70,100,3,main
2005063S12141,2005,SI,INGRID,2005-03-14 06:00:00,TS,-11.8,129.3,70,100,3,main
2005063S12141,2005,SI,INGRID,2005-03-14 09:00:00,TS,-11.9,129.0,80,108,3,main
2005063S12141,2005,SI,INGRID,2005-03-14 12:00:00,TS,-12.0,128.7,90,115,4,main
2005063S12141,2005,SI,INGRID,2005-03-14 15:00:00,TS,-12.1,128.5,90,115,4,main
2005063S12141,2005,SI,INGRID,2005-03-14 18:00:00,TS,-12.2,128.3,90,115,4,main
2005063S12141,2005,SI,INGRID,2005-03-14 21:00:00,TS,-12.5,128.2,100,115,4,main
2005063S12141,2005,SI,INGRID,2005-03-15 00:00:00,TS,-12.8,127.9,100,115,4,main
2005063S12141,2005,SI,INGRID,2005-03-15 03:00:00,TS,-13.0,127.7,100,123,4,main
2005063S12141,2005,SI,INGRID,2005-03-15 06:00:00,TS,-13.3,127.5,100,130,4,main
2005063S12141,2005,SI,INGRID,2005-03-15 09:00:00,TS,-13.5,127.3,100,128,4,main
2005063S12141,2005,SI,INGRID,2005-03-15 12:00:00,TS,-13.8,127.1,100,125,4,main
2005063S12141,2005,SI,INGRID,2005-03-15 12:30:00,TS,-13.8,127.1,100,122,4,main
2005063S12141,2005,SI,INGRID,2005-03-15 15:00:00,TS,-14.0,126.9,80,108,3,main
2005063S12141,2005,SI,INGRID,2005-03-15 18:00:00,TS,-14.2,126.7,70,90,2,main
2005063S12141,2005,SI,INGRID,2005-03-15 21:00:00,TS,-14.3,126.6,60,90,2,main
2005063S12141,2005,SI,INGRID,2005-03-16 00:00:00,TS,-14.4,126.6,55,90,2,main
2005063S12141,2005,SI,INGRID,2005-03-16 03:00:00,TS,-14.6,126.7,50,83,2,main
2005063S12141,2005,SI,INGRID,2005-03-16 06:00:00,TS,-14.8,126.9,45,75,1,main
2005063S12141,2005,SI,INGRID,2005-03-16 09:00:00,TS,-15.0,127.0,40,70,1,main
2005063S12141,2005,SI,INGRID,2005-03-16 12:00:00,TS,-15.1,127.3,40,65,1,main
2005063S12141,2005,SI,INGRID,2005-03-16 15:00:00,TS,-15.4,127.6,35,65,1,main
2005063S12141,2005,SI,INGRID,2005-03-16 18:00:00,TS,-15.8,127.9,35,65,1,main
2005063S12141,2005,SI,INGRID,2005-03-16 21:00:00,TS,-16.1,128.1,30,65,1,main
2005063S12141,2005,SI,INGRID,2005-03-17 00:00:00,TS,-16.5,128.3, ,65,1,main
2005063S12141,2005,SI,INGRID,2005-03-17 03:00:00,TS,-17.0,128.7, ,65,1,main
2005063S12141,2005,SI,INGRID,2005-03-17 06:00:00,TS,-17.5,129.1, ,65,1,main
2006025S18147,2006,SP,JIM,2006-01-25 00:00:00,TS,-17.7,146.7,15, ,-5,main
2006025S18147,2006,SP,JIM,2006-01-25 03:00:00,TS,-17.7,146.7, , ,-5,main
2006025S18147,2006,SP,JIM,2006-01-25 06:00:00,TS,-17.7,146.8,15, ,-5,main
2006025S18147,2006,SP,JIM,2006-01-25 09:00:00,TS,-17.7,146.9, , ,-5,main
2006025S18147,2006,SP,JIM,2006-01-25 12:00:00,TS,-17.6,147.0,15, ,-5,main
2006025S18147,2006,SP,JIM,2006-01-25 15:00:00,TS,-17.6,147.0, , ,-5,main
2006025S18147,2006,SP,JIM,2006-01-25 18:00:00,TS,-17.6,147.0,15, ,-5,main
2006025S18147,2006,SP,JIM,2006-01-25 21:00:00,TS,-17.6,147.0, , ,-5,main
2006025S18147,2006,SP,JIM,2006-01-26 00:00:00,TS,-17.7,146.9,20, ,-5,main
2006025S18147,2006,SP,JIM,2006-01-26 03:00:00,TS,-17.8,147.0, , ,-5,main
2006025S18147,2006,SP,JIM,2006-01-26 06:00:00,TS,-17.9,147.0,20, ,-5,main
2006025S18147,2006,SP,JIM,2006-01-26 09:00:00,TS,-18.0,147.2, , ,-5,main
2006025S18147,2006,SP,JIM,2006-01-26 12:00:00,TS,-18.0,147.2,25, ,-5,main
2006025S18147,2006,SP,JIM,2006-01-26 15:00:00,TS,-18.1,147.3, , ,-5,main
2006025S18147,2006,SP,JIM,2006-01-26 18:00:00,TS,-18.2,147.3,30, ,-5,main
2006025S18147,2006,SP,JIM,2006-01-26 21:00:00,TS,-18.2,147.3, , ,-5,main
2006025S18147,2006,SP,JIM,2006-01-27 00:00:00,MX,-18.2,147.4,30,15,-3,main
2006025S18147,2006,SP,JIM,2006-01-27 03:00:00,MX,-18.1,147.8, ,18,-3,main
2006025S18147,2006,SP,JIM,2006-01-27 06:00:00,MX,-18.0,148.2,30,20,-3,main
2006025S18147,2006,SP,JIM,2006-01-27 09:00:00,MX,-17.9,148.6, ,23,-3,main
2006025S18147,2006,SP,JIM,2006-01-27 12:00:00,TS,-17.8,148.9,30,25,-1,main
2006025S18147,2006,SP,JIM,2006-01-27 15:00:00,TS,-17.7,149.1, ,25,-1,main
2006025S18147,2006,SP,JIM,2006-01-27 18:00:00,TS,-17.6,149.2,35,25,-1,main
2006025S18147,2006,SP,JIM,2006-01-27 21:00:00,TS,-17.5,149.4, ,28,-1,main
2006025S18147,2006,SP,JIM,2006-01-28 00:00:00,TS,-17.3,149.7,40,30,-1,main
2006025S18147,2006,SP,JIM,2006-01-28 03:00:00,TS,-17.2,150.3, ,35,0,main
2006025S18147,2006,SP,JIM,2006-01-28 06:00:00,TS,-17.1,151.1,50,40,0,main
2006025S18147,2006,SP,JIM,2006-01-28 09:00:00,TS,-16.9,151.8, ,40,0,main
2006025S18147,2006,SP,JIM,2006-01-28 12:00:00,TS,-16.8,152.5,50,40,0,main
2006025S18147,2006,SP,JIM,2006-01-28 15:00:00,TS,-16.8,153.0, ,43,0,main
2006025S18147,2006,SP,JIM,2006-01-28 18:00:00,TS,-16.8,153.5,50,45,0,main
2006025S18147,2006,SP,JIM,2006-01-28 21:00:00,TS,-16.6,154.0, ,48,0,main
2006025S18147,2006,SP,JIM,2006-01-29 00:00:00,TS,-16.5,154.5,50,50,0,main
2006025S18147,2006,SP,JIM,2006-01-29 03:00:00,TS,-16.3,155.1, ,53,0,main
2006025S18147,2006,SP,JIM,2006-01-29 06:00:00,TS,-16.2,155.7,60,55,0,main
2006025S18147,2006,SP,JIM,2006-01-29 09:00:00,TS,-16.1,156.2, ,55,0,main
2006025S18147,2006,SP,JIM,2006-01-29 12:00:00,TS,-16.1,156.7,60,55,0,main
2006025S18147,2006,SP,JIM,2006-01-29 15:00:00,TS,-16.1,157.6, ,60,0,main
2006025S18147,2006,SP,JIM,2006-01-29 18:00:00,TS,-16.2,158.6,65,65,1,main
2006025S18147,2006,SP,JIM,2006-01-29 21:00:00,TS,-16.5,159.5, ,65,1,main
2006025S18147,2006,SP,JIM,2006-01-30 00:00:00,TS,-16.8,160.3,65,65,1,main
2006025S18147,2006,SP,JIM,2006-01-30 03:00:00,TS,-17.2,160.9, ,65,1,main
2006025S18147,2006,SP,JIM,2006-01-30 06:00:00,TS,-17.6,161.6,70,65,1,main
2006025S18147,2006,SP,JIM,2006-01-30 09:00:00,TS,-17.9,162.6, ,68,1,main
2006025S18147,2006,SP,JIM,2006-01-30 12:00:00,TS,-18.1,163.6,80,70,1,main
2006025S18147,2006,SP,JIM,2006-01-30 15:00:00,TS,-18.4,164.6, ,75,1,main
2006025S18147,2006,SP,JIM,2006-01-30 18:00:00,TS,-18.8,165.5,80,80,1,main
2006025S18147,2006,SP,JIM,2006-01-30 21:00:00,TS,-19.6,166.1, ,78,1,main
2006025S18147,2006,SP,JIM,2006-01-31 00:00:00,TS,-20.6,166.9,80,75,1,main
2006025S18147,2006,SP,JIM,2006-01-31 03:00:00,TS,-21.2,167.9, ,70,1,main
2006025S18147,2006,SP,JIM,2006-01-31 06:00:00,TS,-21.8,168.9,80,65,1,main
2006025S18147,2006,SP,JIM,2006-01-31 09:00:00,TS,-22.4,169.7, ,63,0,main
2006025S18147,2006,SP,JIM,2006-01-31 12:00:00,TS,-23.0,170.4,70,60,0,main
2006025S18147,2006,SP,JIM,2006-01-31 15:00:00,TS,-23.4,170.9, ,55,0,main
2006025S18147,2006,SP,JIM,2006-01-31 18:00:00,TS,-24.1,171.6,55,50,0,main
2006025S18147,2006,SP,JIM,2006-01-31 21:00:00,TS,-25.2,172.6, ,48,0,main
2006025S18147,2006,SP,JIM,2006-02-01 00:00:00,TS,-26.3,173.5,45,45,0,main
2006025S18147,2006,SP,JIM,2006-02-01 03:00:00,TS,-27.5,174.1, ,40,0,main
2006025S18147,2006,SP,JIM,2006-02-01 06:00:00,TS,-28.6,174.5,45,35,0,main
2006025S18147,2006,SP,JIM,2006-02-01 09:00:00,TS,-29.7,174.8, ,35,0,main
2006025S18147,2006,SP,JIM,2006-02-01 12:00:00,TS,-30.5,174.9, ,35,0,main
2006025S18147,2006,SP,JIM,2006-02-01 15:00:00,TS,-31.0,174.7, ,33,-1,main
2006025S18147,2006,SP,JIM,2006-02-01 18:00:00,MX,-31.1,174.4, ,30,-4,main
2006025S18147,2006,SP,JIM,2006-02-01 21:00:00,MX,-31.1,174.1, ,30,-4,main
2006025S18147,2006,SP,JIM,2006-02-02 00:00:00,MX,-31.0,173.9, ,30,-4,main
2006025S18147,2006,SP,JIM,2006-02-02 03:00:00,MX,-30.9,173.6, ,28,-4,main
2006025S18147,2006,SP,JIM,2006-02-02 06:00:00,MX,-30.7,173.4, ,25,-4,main
2006025S18147,2006,SP,JIM,2006-02-02 09:00:00,MX,-30.3,173.3, ,23,-4,main
2006025S18147,2006,SP,JIM,2006-02-02 12:00:00,MX,-29.8,173.2, ,20,-4,main
2006025S18147,2006,SP,JIM,2006-02-02 15:00:00,MX,-29.3,172.8, ,20,-4,main
2006025S18147,2006,SP,JIM,2006-02-02 18:00:00,MX,-28.8,172.3, ,20,-4,main
2006025S18147,2006,SP,JIM,2006-02-02 21:00:00,NR,-28.2,171.8, , ,-4,main
2006025S18147,2006,SP,JIM,2006-02-03 00:00:00,NR,-27.7,171.8, , ,-5,main
2006053S11144,2006,SP,KATE,2006-02-22 00:00:00,TS,-10.7,143.5,30, ,-5,main
2006053S11144,2006,SP,KATE,2006-02-22 03:00:00,TS,-10.9,143.9, , ,-5,main
2006053S11144,2006,SP,KATE,2006-02-22 06:00:00,MX,-11.0,144.3,30,20,-3,main
2006053S11144,2006,SP,KATE,2006-02-22 09:00:00,MX,-11.0,144.5, ,25,-3,main
2006053S11144,2006,SP,KATE,2006-02-22 12:00:00,TS,-10.9,144.7,30,30,-1,main
2006053S11144,2006,SP,KATE,2006-02-22 15:00:00,TS,-10.9,144.9, ,30,-1,main
2006053S11144,2006,SP,KATE,2006-02-22 18:00:00,TS,-11.0,145.2,45,30,-1,main
2006053S11144,2006,SP,KATE,2006-02-22 21:00:00,TS,-11.0,145.6, ,33,-1,main
2006053S11144,2006,SP,KATE,2006-02-23 00:00:00,TS,-11.1,145.9,50,35,0,main
2006053S11144,2006,SP,KATE,2006-02-23 03:00:00,TS,-11.2,146.3,50,40,0,main
2006053S11144,2006,SP,KATE,2006-02-23 06:00:00,TS,-11.2,146.6,50,45,0,main
2006053S11144,2006,SP,KATE,2006-02-23 09:00:00,TS,-11.3,146.7, ,43,0,main
2006053S11144,2006,SP,KATE,2006-02-23 12:00:00,TS,-11.3,146.8,35,40,0,main
2006053S11144,2006,SP,KATE,2006-02-23 15:00:00,TS,-11.4,146.8, ,40,0,main
2006053S11144,2006,SP,KATE,2006-02-23 18:00:00,TS,-11.4,146.8,30,40,0,main
2006053S11144,2006,SP,KATE,2006-02-23 21:00:00,TS,-11.4,146.7, ,35,0,main
2006053S11144,2006,SP,KATE,2006-02-24 00:00:00,TS,-11.4,146.5,25,30,-1,main
2006074S13158,2006,SP,LARRY,2006-03-14 12:00:00,TS,-12.5,158.0,25, ,-5,main
2006074S13158,2006,SP,LARRY,2006-03-14 15:00:00,TS,-12.5,158.0, , ,-5,main
2006074S13158,2006,SP,LARRY,2006-03-14 18:00:00,TS,-12.5,158.0,25, ,-5,main
2006074S13158,2006,SP,LARRY,2006-03-14 21:00:00,TS,-12.5,157.9, , ,-5,main
2006074S13158,2006,SP,LARRY,2006-03-15 00:00:00,TS,-12.5,158.0,25, ,-5,main
2006074S13158,2006,SP,LARRY,2006-03-15 03:00:00,TS,-12.5,158.3, , ,-5,main
2006074S13158,2006,SP,LARRY,2006-03-15 06:00:00,TS,-12.5,158.7,25, ,-5,main
2006074S13158,2006,SP,LARRY,2006-03-15 09:00:00,TS,-12.4,159.1, , ,-5,main
2006074S13158,2006,SP,LARRY,2006-03-15 12:00:00,TS,-12.5,159.4,25, ,-5,main
2006074S13158,2006,SP,LARRY,2006-03-15 15:00:00,TS,-12.9,159.4, , ,-5,main
2006074S13158,2006,SP,LARRY,2006-03-15 18:00:00,TS,-13.4,159.4,25, ,-5,main
2006074S13158,2006,SP,LARRY,2006-03-15 21:00:00,TS,-13.8,159.5, , ,-5,main
2006074S13158,2006,SP,LARRY,2006-03-16 00:00:00,TS,-14.1,159.7,25, ,-5,main
2006074S13158,2006,SP,LARRY,2006-03-16 03:00:00,TS,-14.3,159.9, , ,-5,main
2006074S13158,2006,SP,LARRY,2006-03-16 06:00:00,TS,-14.4,160.0,30, ,-5,main
2006074S13158,2006,SP,LARRY,2006-03-16 09:00:00,TS,-14.5,160.0, , ,-5,main
2006074S13158,2006,SP,LARRY,2006-03-16 12:00:00,TS,-14.1,159.8,30,20,-1,main
2006074S13158,2006,SP,LARRY,2006-03-16 15:00:00,TS,-14.1,159.8, ,23,-1,main
2006074S13158,2006,SP,LARRY,2006-03-16 18:00:00,TS,-14.2,159.9,30,25,-1,main
2006074S13158,2006,SP,LARRY,2006-03-16 21:00:00,TS,-14.3,159.9, ,25,-1,main
2006074S13158,2006,SP,LARRY,2006-03-17 00:00:00,TS,-14.5,160.0,30,25,-1,main
2006074S13158,2006,SP,LARRY,2006-03-17 03:00:00,TS,-14.9,160.0, ,28,-1,main
2006074S13158,2006,SP,LARRY,2006-03-17 06:00:00,TS,-15.4,159.9,30,30,-1,main
2006074S13158,2006,SP,LARRY,2006-03-17 09:00:00,TS,-15.7,159.5, ,30,-1,main
2006074S13158,2006,SP,LARRY,2006-03-17 12:00:00,TS,-15.9,158.9,30,30,-1,main
2006074S13158,2006,SP,LARRY,2006-03-17 15:00:00,TS,-16.2,158.5, ,30,-1,main
2006074S13158,2006,SP,LARRY,2006-03-17 18:00:00,TS,-16.4,157.9,40,30,-1,main
2006074S13158,2006,SP,LARRY,2006-03-17 21:00:00,TS,-16.8,157.3, ,33,-1,main
2006074S13158,2006,SP,LARRY,2006-03-18 00:00:00,TS,-17.1,156.7,50,35,0,main
2006074S13158,2006,SP,LARRY,2006-03-18 03:00:00,TS,-17.2,156.1, ,40,0,main
2006074S13158,2006,SP,LARRY,2006-03-18 06:00:00,TS,-17.2,155.5,60,45,0,main
2006074S13158,2006,SP,LARRY,2006-03-18 09:00:00,TS,-17.2,155.0, ,53,0,main
2006074S13158,2006,SP,LARRY,2006-03-18 12:00:00,TS,-17.3,154.4,65,60,0,main
2006074S13158,2006,SP,LARRY,2006-03-18 15:00:00,TS,-17.5,153.6, ,63,0,main
2006074S13158,2006,SP,LARRY,2006-03-18 18:00:00,TS,-17.6,152.8,70,65,1,main
2006074S13158,2006,SP,LARRY,2006-03-18 21:00:00,TS,-17.7,152.0, ,65,1,main
2006074S13158,2006,SP,LARRY,2006-03-19 00:00:00,TS,-17.7,151.2,90,65,1,main
2006074S13158,2006,SP,LARRY,2006-03-19 03:00:00,TS,-17.7,150.5, ,70,1,main
2006074S13158,2006,SP,LARRY,2006-03-19 06:00:00,TS,-17.7,149.8,90,75,1,main
2006074S13158,2006,SP,LARRY,2006-03-19 09:00:00,TS,-17.6,149.0,95,85,2,main
2006074S13158,2006,SP,LARRY,2006-03-19 12:00:00,TS,-17.6,148.3,100,95,2,main
2006074S13158,2006,SP,LARRY,2006-03-19 15:00:00,TS,-17.5,147.6,100,105,3,main
2006074S13158,2006,SP,LARRY,2006-03-19 17:00:00,TS,-17.5,147.1, ,112,3,main
2006074S13158,2006,SP,LARRY,2006-03-19 18:00:00,TS,-17.5,146.8,100,115,4,main
2006074S13158,2006,SP,LARRY,2006-03-19 19:00:00,TS,-17.5,146.6, ,112,3,main
2006074S13158,2006,SP,LARRY,2006-03-19 20:00:00,TS,-17.5,146.4, ,110,3,main
2006074S13158,2006,SP,LARRY,2006-03-19 21:00:00,TS,-17.5,146.1,100,108,3,main
2006074S13158,2006,SP,LARRY,2006-03-19 22:00:00,TS,-17.5,145.8,100,105,3,main
2006074S13158,2006,SP,LARRY,2006-03-19 23:00:00,TS,-17.5,145.6,95,102,3,main
2006074S13158,2006,SP,LARRY,2006-03-20 00:00:00,TS,-17.6,145.4,85,100,3,main
2006074S13158,2006,SP,LARRY,2006-03-20 03:00:00,TS,-17.7,144.6, ,88,2,main
2006074S13158,2006,SP,LARRY,2006-03-20 06:00:00,TS,-17.9,143.8,55,75,1,main
2006074S13158,2006,SP,LARRY,2006-03-20 09:00:00,TS,-18.2,142.9, ,58,0,main
2006074S13158,2006,SP,LARRY,2006-03-20 12:00:00,TS,-18.6,142.1,40,40,0,main
2006074S13158,2006,SP,LARRY,2006-03-20 15:00:00,TS,-18.9,141.3,30,33,-1,main
2006074S13158,2006,SP,LARRY,2006-03-20 18:00:00,MX,-19.1,140.7,30,25,-4,main
2006074S13158,2006,SP,LARRY,2006-03-20 21:00:00,MX,-19.3,140.2, ,23,-4,main
2006074S13158,2006,SP,LARRY,2006-03-21 00:00:00,MX,-19.5,139.7,25,20,-4,main
2006074S13158,2006,SP,LARRY,2006-03-21 03:00:00,MX,-19.6,139.3, ,20,-4,main
2006074S13158,2006,SP,LARRY,2006-03-21 06:00:00,MX,-19.7,138.9,25,20,-4,main
2006074S13158,2006,SP,LARRY,2006-03-21 09:00:00,NR,-19.7,138.7, , ,-4,main
2006074S13158,2006,SP,LARRY,2006-03-21 12:00:00,TS,-19.7,138.7,20, ,-5,main
2006106S10153,2006,SP,MONICA,2006-04-16 00:00:00,TS,-9.5,152.5,25, ,-5,main
2006106S10153,2006,SP,MONICA,2006-04-16 03:00:00,TS,-10.4,151.8, , ,-5,main
2006106S10153,2006,SP,MONICA,2006-04-16 06:00:00,TS,-11.1,151.3,25, ,-5,main
2006106S10153,2006,SP,MONICA,2006-04-16 09:00:00,TS,-11.4,151.1, , ,-5,main
2006106S10153,2006,SP,MONICA,2006-04-16 12:00:00,TS,-11.5,151.0,25, ,-5,main
2006106S10153,2006,SP,MONICA,2006-04-16 15:00:00,TS,-11.5,151.0, , ,-5,main
2006106S10153,2006,SP,MONICA,2006-04-16 18:00:00,TS,-11.4,150.9,35,25,-1,main
2006106S10153,2006,SP,MONICA,2006-04-16 21:00:00,TS,-11.6,150.6, ,28,-1,main
2006106S10153,2006,SP,MONICA,2006-04-17 00:00:00,TS,-11.9,150.3,40,30,-1,main
2006106S10153,2006,SP,MONICA,2006-04-17 03:00:00,TS,-12.2,150.0, ,35,0,main
2006106S10153,2006,SP,MONICA,2006-04-17 06:00:00,TS,-12.4,149.7,40,40,0,main
2006106S10153,2006,SP,MONICA,2006-04-17 09:00:00,TS,-12.6,149.5, ,43,0,main
2006106S10153,2006,SP,MONICA,2006-04-17 12:00:00,TS,-12.7,149.2,45,45,0,main
2006106S10153,2006,SP,MONICA,2006-04-17 15:00:00,TS,-12.8,148.8, ,48,0,main
2006106S10153,2006,SP,MONICA,2006-04-17 18:00:00,TS,-12.8,148.4,50,50,0,main
2006106S10153,2006,SP,MONICA,2006-04-17 21:00:00,TS,-12.9,148.0, ,50,0,main
2006106S10153,2006,SP,MONICA,2006-04-18 00:00:00,TS,-12.9,147.5,60,50,0,main
2006106S10153,2006,SP,MONICA,2006-04-18 03:00:00,TS,-13.0,147.0, ,53,0,main
2006106S10153,2006,SP,MONICA,2006-04-18 06:00:00,TS,-13.0,146.6,65,55,0,main
2006106S10153,2006,SP,MONICA,2006-04-18 09:00:00,TS,-13.0,146.1, ,58,0,main
2006106S10153,2006,SP,MONICA,2006-04-18 12:00:00,TS,-12.9,145.6,70,60,0,main
2006106S10153,2006,SP,MONICA,2006-04-18 15:00:00,TS,-12.9,145.2, ,65,1,main
2006106S10153,2006,SP,MONICA,2006-04-18 18:00:00,TS,-12.8,144.9,75,70,1,main
2006106S10153,2006,SP,MONICA,2006-04-18 21:00:00,TS,-12.9,144.5, ,80,1,main
2006106S10153,2006,SP,MONICA,2006-04-19 00:00:00,TS,-12.9,144.2,75,90,2,main
2006106S10153,2006,SP,MONICA,2006-04-19 03:00:00,TS,-13.1,143.8, ,88,2,main
2006106S10153,2006,SP,MONICA,2006-04-19 06:00:00,TS,-13.3,143.4,75,85,2,main
2006106S10153,2006,SP,MONICA,2006-04-19 09:00:00,TS,-13.5,143.0, ,78,1,main
2006106S10153,2006,SP,MONICA,2006-04-19 12:00:00,TS,-13.6,142.7,60,70,1,main
2006106S10153,2006,SP,MONICA,2006-04-19 15:00:00,TS,-13.7,142.3, ,65,1,main
2006106S10153,2006,SP,MONICA,2006-04-19 18:00:00,TS,-13.7,142.0,40,60,0,main
2006106S10153,2006,SP,MONICA,2006-04-19 21:00:00,TS,-13.8,141.6, ,60,0,main
2006106S10153,2006,SP,MONICA,2006-04-20 00:00:00,TS,-13.9,141.3,40,60,0,main
2006106S10153,2006,SP,MONICA,2006-04-20 03:00:00,TS,-14.0,141.0, ,60,0,main
2006106S10153,2006,SP,MONICA,2006-04-20 06:00:00,TS,-14.2,140.7,40,60,0,main
2006106S10153,2006,SP,MONICA,2006-04-20 09:00:00,TS,-14.1,140.5, ,63,0,main
2006106S10153,2006,SP,MONICA,2006-04-20 12:00:00,TS,-13.9,140.4,50,65,1,main
2006106S10153,2006,SP,MONICA,2006-04-20 15:00:00,TS,-13.8,140.3, ,68,1,main
2006106S10153,2006,SP,MONICA,2006-04-20 18:00:00,TS,-13.7,140.1,55,70,1,main
2006106S10153,2006,SP,MONICA,2006-04-20 21:00:00,TS,-13.6,140.1, ,75,1,main
2006106S10153,2006,SP,MONICA,2006-04-21 00:00:00,TS,-13.5,140.0,65,80,1,main
2006106S10153,2006,SP,MONICA,2006-04-21 03:00:00,TS,-13.4,139.9, ,85,2,main
2006106S10153,2006,SP,MONICA,2006-04-21 06:00:00,TS,-13.4,139.8,80,90,2,main
2006106S10153,2006,SP,MONICA,2006-04-21 09:00:00,TS,-13.2,139.8, ,95,2,main
2006106S10153,2006,SP,MONICA,2006-04-21 12:00:00,TS,-13.1,139.7,90,100,3,main
2006106S10153,2006,SP,MONICA,2006-04-21 15:00:00,TS,-13.0,139.6, ,105,3,main
2006106S10153,2006,SP,MONICA,2006-04-21 18:00:00,TS,-12.9,139.5,90,110,3,main
2006106S10153,2006,SP,MONICA,2006-04-21 21:00:00,TS,-12.8,139.4, ,113,4,main
2006106S10153,2006,SP,MONICA,2006-04-22 00:00:00,TS,-12.7,139.3,100,115,4,main
2006106S10153,2006,SP,MONICA,2006-04-22 03:00:00,TS,-12.6,139.2, ,120,4,main
2006106S10153,2006,SP,MONICA,2006-04-22 06:00:00,TS,-12.5,139.1,110,125,4,main
2006106S10153,2006,SP,MONICA,2006-04-22 09:00:00,TS,-12.3,138.9, ,125,4,main
2006106S10153,2006,SP,MONICA,2006-04-22 12:00:00,TS,-12.1,138.7,125,125,4,main
2006106S10153,2006,SP,MONICA,2006-04-22 15:00:00,TS,-11.9,138.6, ,128,4,main
2006106S10153,2006,SP,MONICA,2006-04-22 18:00:00,TS,-11.7,138.4,125,130,4,main
2006106S10153,2006,SP,MONICA,2006-04-22 21:00:00,TS,-11.5,138.2, ,135,4,main
2006106S10153,2006,SP,MONICA,2006-04-23 00:00:00,TS,-11.4,138.0,125,140,5,main
2006106S10153,2006,SP,MONICA,2006-04-23 03:00:00,TS,-11.4,137.7, ,145,5,main
2006106S10153,2006,SP,MONICA,2006-04-23 06:00:00,TS,-11.4,137.4,135,150,5,main
2006106S10153,2006,SP,MONICA,2006-04-23 09:00:00,TS,-11.3,137.1, ,153,5,main
2006106S10153,2006,SP,MONICA,2006-04-23 12:00:00,TS,-11.3,136.7,135,155,5,main
2006106S10153,2006,SP,MONICA,2006-04-23 15:00:00,TS,-11.3,136.3, ,155,5,main
2006106S10153,2006,SP,MONICA,2006-04-23 18:00:00,TS,-11.3,135.8,135,155,5,main
2006106S10153,2006,SP,MONICA,2006-04-23 21:00:00,TS,-11.4,135.5, ,155,5,main
2006106S10153,2006,SP,MONICA,2006-04-24 00:00:00,TS,-11.5,135.1,135,155,5,main
2006106S10153,2006,SI,MONICA,2006-04-24 03:00:00,TS,-11.6,134.8, ,155,5,main
2006106S10153,2006,SI,MONICA,2006-04-24 06:00:00,TS,-11.7,134.4,135,155,5,main
2006106S10153,2006,SI,MONICA,2006-04-24 09:00:00,TS,-11.9,134.0,135,135,4,main
2006106S10153,2006,SI,MONICA,2006-04-24 10:15:00,TS,-11.9,133.9,135,127,4,main
2006106S10153,2006,SI,MONICA,2006-04-24 12:00:00,TS,-12.1,133.7,90,115,4,main
2006106S10153,2006,SI,MONICA,2006-04-24 15:00:00,TS,-12.4,133.3, ,85,2,main
2006106S10153,2006,SI,MONICA,2006-04-24 18:00:00,TS,-12.6,132.8,50,55,0,main
2006106S10153,2006,SI,MONICA,2006-04-24 21:00:00,TS,-12.6,132.1,30,48,0,main
2006106S10153,2006,SI,MONICA,2006-04-25 00:00:00,TS,-12.5,131.5,25,40,0,main
2006106S10153,2006,SI,MONICA,2006-04-25 03:00:00,TS,-12.3,131.1, ,35,0,main
2006106S10153,2006,SI,MONICA,2006-04-25 06:00:00,TS,-12.2,130.7,25,30,-1,main
2006106S10153,2006,SI,MONICA,2006-04-25 09:00:00,TS,-12.3,130.5, ,30,-1,main
2006106S10153,2006,SI,MONICA,2006-04-25 12:00:00,TS,-12.4,130.3,30,30,-1,main
2006106S10153,2006,SI,MONICA,2006-04-25 15:00:00,TS,-12.6,130.2, ,30,-1,main
2006106S10153,2006,SI,MONICA,2006-04-25 18:00:00,TS,-12.8,130.1,30,30,-1,main
2006106S10153,2006,SI,MONICA,2006-04-25 21:00:00,TS,-13.1,129.9, ,28,-1,main
2006106S10153,2006,SI,MONICA,2006-04-26 00:00:00,TS,-13.3,129.8,30,25,-1,main
2006106S10153,2006,SI,MONICA,2006-04-26 03:00:00,TS,-13.4,129.6, ,25,-1,main
2006106S10153,2006,SI,MONICA,2006-04-26 06:00:00,TS,-13.6,129.5,30,25,-1,main
2006106S10153,2006,SI,MONICA,2006-04-26 09:00:00,TS,-13.8,129.6, ,25,-1,main
2006106S10153,2006,SI,MONICA,2006-04-26 12:00:00,TS,-13.9,129.8,20,25,-1,main
2006106S10153,2006,SI,MONICA,2006-04-26 15:00:00,TS,-14.1,130.0, ,25,-1,main
2006106S10153,2006,SI,MONICA,2006-04-26 18:00:00,TS,-14.4,130.2,20,25,-1,main
2006106S10153,2006,SI,MONICA,2006-04-26 21:00:00,TS,-14.9,130.5, , ,-5,main
2006106S10153,2006,SI,MONICA,2006-04-27 00:00:00,TS,-15.4,130.8,20, ,-5,main
2006106S10153,2006,SI,MONICA,2006-04-27 03:00:00,TS,-16.3,131.1, , ,-5,main
2006106S10153,2006,SI,MONICA,2006-04-27 06:00:00,TS,-17.1,131.4,20, ,-5,main
2006106S10153,2006,SI,MONICA,2006-04-27 09:00:00,TS,-17.4,131.6, , ,-5,main
2006106S10153,2006,SI,MONICA,2006-04-27 12:00:00,TS,-17.5,131.9,20, ,-5,main
2006106S10153,2006,SI,MONICA,2006-04-27 15:00:00,TS,-17.6,132.2, , ,-5,main
2006106S10153,2006,SI,MONICA,2006-04-27 18:00:00,TS,-17.8,132.6,20, ,-5,main
2007021S12195,2007,SP,ZITA,2007-01-20 18:00:00,NR,-11.5,-165.5,15, ,-5,main
2007021S12195,2007,SP,ZITA,2007-01-20 21:00:00,NR,-11.5,-165.2, , ,-5,main
2007021S12195,2007,SP,ZITA,2007-01-21 00:00:00,NR,-11.5,-165.0,15, ,-5,main
2007021S12195,2007,SP,ZITA,2007-01-21 03:00:00,NR,-11.5,-164.8, , ,-5,main
2007021S12195,2007,SP,ZITA,2007-01-21 06:00:00,MX,-11.6,-164.6,20,20,-3,main
2007021S12195,2007,SP,ZITA,2007-01-21 09:00:00,MX,-11.7,-164.1, ,20,-3,main
2007021S12195,2007,SP,ZITA,2007-01-21 12:00:00,MX,-11.7,-163.6,25,20,-3,main
2007021S12195,2007,SP,ZITA,2007-01-21 15:00:00,MX,-11.8,-163.2, ,20,-3,main
2007021S12195,2007,SP,ZITA,2007-01-21 18:00:00,MX,-11.9,-162.8,25,20,-3,main
2007021S12195,2007,SP,ZITA,2007-01-21 21:00:00,MX,-12.1,-162.0, ,23,-3,main
2007021S12195,2007,SP,ZITA,2007-01-22 00:00:00,TS,-12.3,-161.3,25,25,-1,main
2007021S12195,2007,SP,ZITA,2007-01-22 03:00:00,TS,-12.5,-160.6, ,25,-1,main
2007021S12195,2007,SP,ZITA,2007-01-22 06:00:00,TS,-12.8,-160.0,25,25,-1,main
2007021S12195,2007,SP,ZITA,2007-01-22 09:00:00,TS,-13.1,-159.4, ,28,-1,main
2007021S12195,2007,SP,ZITA,2007-01-22 12:00:00,TS,-13.5,-158.8,25,30,-1,main
2007021S12195,2007,SP,ZITA,2007-01-22 15:00:00,TS,-13.8,-158.1, ,35,0,main
2007021S12195,2007,SP,ZITA,2007-01-22 18:00:00,TS,-14.1,-157.3,35,40,0,main
2007021S12195,2007,SP,ZITA,2007-01-22 21:00:00,TS,-14.5,-156.5,40,45,0,main
2007021S12195,2007,SP,ZITA,2007-01-23 00:00:00,TS,-15.0,-155.8,45,50,0,main
2007021S12195,2007,SP,ZITA,2007-01-23 03:00:00,TS,-15.5,-155.1, ,50,0,main
2007021S12195,2007,SP,ZITA,2007-01-23 06:00:00,TS,-16.1,-154.6,55,50,0,main
2007021S12195,2007,SP,ZITA,2007-01-23 09:00:00,TS,-16.8,-153.9, ,55,0,main
2007021S12195,2007,SP,ZITA,2007-01-23 12:00:00,TS,-17.7,-153.4,60,60,0,main
2007021S12195,2007,SP,ZITA,2007-01-23 15:00:00,TS,-18.6,-152.7, ,55,0,main
2007021S12195,2007,SP,ZITA,2007-01-23 18:00:00,TS,-19.7,-152.2,60,50,0,main
2007021S12195,2007,SP,ZITA,2007-01-23 21:00:00,TS,-20.7,-151.9, ,48,0,main
2007021S12195,2007,SP,ZITA,2007-01-24 00:00:00,TS,-21.8,-151.6,50,45,0,main
2007021S12195,2007,SP,ZITA,2007-01-24 03:00:00,TS,-22.8,-151.3, ,40,0,main
2007021S12195,2007,SP,ZITA,2007-01-24 06:00:00,TS,-23.8,-150.9,45,35,0,main
2007021S12195,2007,SP,ZITA,2007-01-24 09:00:00,TS,-24.8,-150.4, ,33,-1,main
2007021S12195,2007,SP,ZITA,2007-01-24 11:00:00,TS,-25.4,-150.1,45,31,-1,main
2007021S12195,2007,SP,ZITA,2007-01-24 12:00:00,MX,-25.8,-150.0, ,30,-4,main
2007021S12195,2007,SP,ZITA,2007-01-24 15:00:00,TS,-27.1,-149.6, , ,-4,main
2007021S12195,2007,SP,ZITA,2007-01-24 17:00:00,TS,-28.1,-149.4,35, ,-4,main
2007021S12195,2007,SP,ZITA,2007-01-24 18:00:00,TS,-28.7,-149.3, , ,-5,main
2007021S12195,2007,SP,ZITA,2007-01-24 21:00:00,TS,-30.1,-149.1, , ,-5,main
2007021S12195,2007,SP,ZITA,2007-01-24 23:00:00,TS,-30.8,-149.1,35, ,-5,main
2007021S12195,2007,SP,ZITA,2007-01-25 00:00:00,NR,-31.1,-149.1, , ,-5,main
2007021S12195,2007,SP,ZITA,2007-01-25 03:00:00,NR,-31.6,-149.5, , ,-5,main
2007021S12195,2007,SP,ZITA,2007-01-25 05:00:00,NR,-31.8,-149.7,35, ,-5,main
2007021S12195,2007,SP,ZITA,2007-01-25 06:00:00,NR,-32.0,-149.8, , ,-5,main
2007021S12195,2007,SP,ZITA,2007-01-25 09:00:00,NR,-32.8,-149.9, , ,-5,main
2007021S12195,2007,SP,ZITA,2007-01-25 11:00:00,NR,-33.4,-149.9,35, ,-5,main
2007021S12195,2007,SP,ZITA,2007-01-25 12:00:00,NR,-33.6,-149.9, , ,-5,main
2007021S12195,2007,SP,ZITA,2007-01-25 15:00:00,NR,-34.5,-149.9, , ,-5,main
2007021S12195,2007,SP,ZITA,2007-01-25 17:00:00,NR,-35.0,-150.0, , ,-5,main
2007021S12195,2007,SP,ZITA,2007-01-25 18:00:00,NR,-35.2,-150.0, , ,-5,main
2007032S11137,2007,SP,NELSON,2007-01-31 15:00:00,TS,-11.1,137.0,20, ,-5,main
2007032S11137,2007,SP,NELSON,2007-01-31 18:00:00,TS,-11.1,137.1,20, ,-5,main
2007032S11137,2007,SP,NELSON,2007-01-31 21:00:00,TS,-11.2,137.1,20, ,-5,main
2007032S11137,2007,SP,NELSON,2007-02-01 00:00:00,TS,-11.1,137.4,25, ,-5,main
2007032S11137,2007,SP,NELSON,2007-02-01 03:00:00,TS,-11.2,137.8,25, ,-5,main
2007032S11137,2007,SP,NELSON,2007-02-01 06:00:00,TS,-11.4,138.2,30, ,-5,main
2007032S11137,2007,SP,NELSON,2007-02-01 09:00:00,TS,-11.6,138.7,30, ,-5,main
2007032S11137,2007,SP,NELSON,2007-02-01 12:00:00,TS,-11.7,139.1,30, ,-5,main
2007032S11137,2007,SP,NELSON,2007-02-01 15:00:00,TS,-12.0,139.3,25, ,-5,main
2007032S11137,2007,SP,NELSON,2007-02-01 18:00:00,TS,-12.5,139.4,25, ,-5,main
2007032S11137,2007,SP,NELSON,2007-02-01 21:00:00,TS,-12.9,139.1,25, ,-5,main
2007032S11137,2007,SP,NELSON,2007-02-02 00:00:00,TS,-13.3,138.8,30, ,-5,main
2007032S11137,2007,SP,NELSON,2007-02-02 03:00:00,TS,-13.6,138.4,30, ,-5,main
2007032S11137,2007,SP,NELSON,2007-02-02 06:00:00,TS,-13.8,138.3,25, ,-5,main
2007032S11137,2007,SP,NELSON,2007-02-02 09:00:00,TS,-14.0,138.2,25, ,-5,main
2007032S11137,2007,SP,NELSON,2007-02-02 12:00:00,TS,-14.1,138.1,25, ,-5,main
2007032S11137,2007,SP,NELSON,2007-02-02 15:00:00,TS,-14.2,138.1,25, ,-5,main
2007032S11137,2007,SP,NELSON,2007-02-02 18:00:00,TS,-14.6,138.2,25,30,-1,main
2007032S11137,2007,SP,NELSON,2007-02-02 21:00:00,TS,-14.7,138.1,25,30,-1,main
2007032S11137,2007,SP,NELSON,2007-02-03 00:00:00,TS,-14.8,138.0,25,30,-1,main
2007032S11137,2007,SP,NELSON,2007-02-03 03:00:00,TS,-14.9,137.9,25,28,-1,main
2007032S11137,2007,SP,NELSON,2007-02-03 06:00:00,TS,-15.0,137.8,25,25,-1,main
2007032S11137,2007,SP,NELSON,2007-02-03 09:00:00,TS,-15.0,137.7,25,25,-1,main
2007032S11137,2007,SP,NELSON,2007-02-03 12:00:00,TS,-15.1,137.7,25,25,-1,main
2007032S11137,2007,SP,NELSON,2007-02-03 15:00:00,TS,-15.2,137.6,25,25,-1,main
2007032S11137,2007,SP,NELSON,2007-02-03 18:00:00,TS,-15.3,137.6,25,25,-1,main
2007032S11137,2007,SP,NELSON,2007-02-03 21:00:00,TS,-15.4,137.5,25,25,-1,main
2007032S11137,2007,SP,NELSON,2007-02-04 00:00:00,TS,-15.5,137.5,25,25,-1,main
2007032S11137,2007,SP,NELSON,2007-02-04 03:00:00,TS,-15.6,137.4,25,25,-1,main
2007032S11137,2007,SP,NELSON,2007-02-04 06:00:00,TS,-15.7,137.4,25,25,-1,main
2007032S11137,2007,SP,NELSON,2007-02-04 09:00:00,TS,-15.7,137.4,25,25,-1,main
2007032S11137,2007,SP,NELSON,2007-02-04 12:00:00,TS,-15.8,137.4,25,25,-1,main
2007032S11137,2007,SP,NELSON,2007-02-04 15:00:00,TS,-15.8,137.4,25,25,-1,main
2007032S11137,2007,SP,NELSON,2007-02-04 18:00:00,TS,-15.9,137.4,25,25,-1,main
2007032S11137,2007,SP,NELSON,2007-02-04 21:00:00,TS,-16.0,137.5,25,25,-1,main
2007032S11137,2007,SP,NELSON,2007-02-05 00:00:00,TS,-16.1,137.6,25,25,-1,main
2007032S11137,2007,SP,NELSON,2007-02-05 03:00:00,TS,-16.0,137.8,25,25,-1,main
2007032S11137,2007,SP,NELSON,2007-02-05 06:00:00,TS,-16.0,137.9,25,25,-1,main
2007032S11137,2007,SP,NELSON,2007-02-05 09:00:00,TS,-16.0,138.1,25,25,-1,main
2007032S11137,2007,SP,NELSON,2007-02-05 12:00:00,TS,-15.9,138.4,25,25,-1,main
2007032S11137,2007,SP,NELSON,2007-02-05 15:00:00,TS,-15.9,138.6,30,28,-1,main
2007032S11137,2007,SP,NELSON,2007-02-05 18:00:00,TS,-15.9,138.9,35,30,-1,main
2007032S11137,2007,SP,NELSON,2007-02-05 21:00:00,TS,-15.8,139.1,35,33,-1,main
2007032S11137,2007,SP,NELSON,2007-02-06 00:00:00,TS,-15.8,139.4,35,35,0,main
2007032S11137,2007,SP,NELSON,2007-02-06 03:00:00,TS,-15.9,139.9,40,35,0,main
2007032S11137,2007,SP,NELSON,2007-02-06 06:00:00,TS,-16.0,140.3,45,35,0,main
2007032S11137,2007,SP,NELSON,2007-02-06 09:00:00,TS,-16.1,140.7,50,40,0,main
2007032S11137,2007,SP,NELSON,2007-02-06 12:00:00,TS,-16.2,140.9,50,45,0,main
2007032S11137,2007,SP,NELSON,2007-02-06 15:00:00,TS,-16.3,141.1,50,48,0,main
2007032S11137,2007,SP,NELSON,2007-02-06 18:00:00,TS,-16.3,141.3,50,50,0,main
2007032S11137,2007,SP,NELSON,2007-02-06 21:00:00,TS,-16.4,141.5,45,43,0,main
2007032S11137,2007,SP,NELSON,2007-02-07 00:00:00,TS,-16.4,141.7,35,35,0,main
2007032S11137,2007,SP,NELSON,2007-02-07 03:00:00,TS,-16.4,141.9,30,30,-1,main
2007032S11137,2007,SP,NELSON,2007-02-07 06:00:00,TS,-16.3,142.3,30,25,-1,main
2007032S11137,2007,SP,NELSON,2007-02-07 09:00:00,TS,-16.0,143.1,20, ,-5,main
2007032S11137,2007,SP,NELSON,2007-02-07 12:00:00,TS,-15.9,143.7,15, ,-5,main
2007136S10158,2007,SP,PIERRE,2007-05-15 12:00:00,MX,-10.1,157.7,30,15,-3,main
2007136S10158,2007,SP,PIERRE,2007-05-15 15:00:00,MX,-10.2,157.7, ,18,-3,main
2007136S10158,2007,SP,PIERRE,2007-05-15 18:00:00,MX,-10.3,157.7,30,20,-3,main
2007136S10158,2007,SP,PIERRE,2007-05-15 21:00:00,MX,-10.5,157.7, ,23,-3,main
2007136S10158,2007,SP,PIERRE,2007-05-16 00:00:00,TS,-10.8,157.6,35,25,-1,main
2007136S10158,2007,SP,PIERRE,2007-05-16 03:00:00,TS,-10.9,157.5, ,28,-1,main
2007136S10158,2007,SP,PIERRE,2007-05-16 06:00:00,TS,-11.1,157.4,35,30,-1,main
2007136S10158,2007,SP,PIERRE,2007-05-16 09:00:00,TS,-11.1,157.2, ,30,-1,main
2007136S10158,2007,SP,PIERRE,2007-05-16 12:00:00,TS,-11.1,156.9,40,30,-1,main
2007136S10158,2007,SP,PIERRE,2007-05-16 15:00:00,TS,-11.0,156.8, ,30,-1,main
2007136S10158,2007,SP,PIERRE,2007-05-16 18:00:00,TS,-10.9,156.6,40,30,-1,main
2007136S10158,2007,SP,PIERRE,2007-05-16 21:00:00,TS,-10.8,156.5, ,30,-1,main
2007136S10158,2007,SP,PIERRE,2007-05-17 00:00:00,TS,-10.7,156.4,40,30,-1,main
2007136S10158,2007,SP,PIERRE,2007-05-17 03:00:00,TS,-10.6,156.2, ,30,-1,main
2007136S10158,2007,SP,PIERRE,2007-05-17 06:00:00,TS,-10.5,155.9,35,30,-1,main
2007136S10158,2007,SP,PIERRE,2007-05-17 09:00:00,TS,-10.5,155.6, ,30,-1,main
2007136S10158,2007,SP,PIERRE,2007-05-17 12:00:00,TS,-10.6,155.2,35,30,-1,main
2007136S10158,2007,SP,PIERRE,2007-05-17 15:00:00,TS,-10.6,154.8, ,30,-1,main
2007136S10158,2007,SP,PIERRE,2007-05-17 18:00:00,TS,-10.7,154.4,30,30,-1,main
2007136S10158,2007,SP,PIERRE,2007-05-17 21:00:00,TS,-10.8,154.0, ,30,-1,main
2007136S10158,2007,SP,PIERRE,2007-05-18 00:00:00,TS,-10.8,153.7,30,30,-1,main
2007136S10158,2007,SP,PIERRE,2007-05-18 03:00:00,TS,-10.7,153.3, ,30,-1,main
2007136S10158,2007,SP,PIERRE,2007-05-18 06:00:00,TS,-10.5,152.9,30,30,-1,main
2007136S10158,2007,SP,PIERRE,2007-05-18 09:00:00,TS,-10.3,152.6, ,30,-1,main
2007136S10158,2007,SP,PIERRE,2007-05-18 12:00:00,TS,-10.1,152.4,25,30,-1,main
2007136S10158,2007,SP,PIERRE,2007-05-18 15:00:00,TS,-9.8,152.2, ,30,-1,main
2007136S10158,2007,SP,PIERRE,2007-05-18 18:00:00,TS,-9.5,152.1,25,30,-1,main
2007136S10158,2007,SP,PIERRE,2007-05-18 21:00:00,TS,-9.3,151.9, ,30,-1,main
2007136S10158,2007,SP,PIERRE,2007-05-19 00:00:00,TS,-9.1,151.6,20,30,-1,main
2007136S10158,2007,SP,PIERRE,2007-05-19 03:00:00,TS,-9.0,151.4, ,28,-1,main
2007136S10158,2007,SP,PIERRE,2007-05-19 06:00:00,TS,-8.9,151.2,20,25,-1,main
2007136S10158,2007,SP,PIERRE,2007-05-19 09:00:00,TS,-8.8,151.0, ,23,-1,main
2007136S10158,2007,SP,PIERRE,2007-05-19 12:00:00,MX,-8.8,150.7,20,20,-3,main
2007136S10158,2007,SP,PIERRE,2007-05-19 15:00:00,MX,-8.9,150.5, ,20,-3,main
2007136S10158,2007,SP,PIERRE,2007-05-19 18:00:00,MX,-9.0,150.2,25,20,-3,main
2007136S10158,2007,SP,PIERRE,2007-05-19 21:00:00,MX,-9.1,150.0, ,20,-3,main
2007136S10158,2007,SP,PIERRE,2007-05-20 00:00:00,MX,-9.3,149.7,30,20,-3,main
2007136S10158,2007,SP,PIERRE,2007-05-20 03:00:00,MX,-9.5,149.3, ,20,-3,main
2007136S10158,2007,SP,PIERRE,2007-05-20 06:00:00,MX,-9.8,148.7,25,20,-3,main
2007136S10158,2007,SP,PIERRE,2007-05-20 09:00:00,MX,-10.1,148.1, ,18,-3,main
2007136S10158,2007,SP,PIERRE,2007-05-20 12:00:00,MX,-10.4,147.5,25,15,-3,main
2007136S10158,2007,SP,PIERRE,2007-05-20 15:00:00,MX,-10.6,147.0, ,15,-3,main
2007136S10158,2007,SP,PIERRE,2007-05-20 18:00:00,MX,-10.7,146.6,30,15,-3,main
2007136S10158,2007,SP,PIERRE,2007-05-20 21:00:00,MX,-10.9,146.2, ,15,-3,main
2007136S10158,2007,SP,PIERRE,2007-05-21 00:00:00,MX,-11.0,145.8,30,15,-3,main
2007136S10158,2007,SP,PIERRE,2007-05-21 03:00:00,MX,-11.1,145.4, ,15,-3,main
2007136S10158,2007,SP,PIERRE,2007-05-21 06:00:00,MX,-11.2,145.0,25,15,-3,main
2007136S10158,2007,SP,PIERRE,2007-05-21 09:00:00,MX,-11.1,144.7, ,15,-3,main
2007136S10158,2007,SP,PIERRE,2007-05-21 12:00:00,MX,-11.0,144.4,25,15,-3,main
2007136S10158,2007,SP,PIERRE,2007-05-21 15:00:00,MX,-10.9,144.0, ,15,-3,main
2007136S10158,2007,SP,PIERRE,2007-05-21 18:00:00,MX,-10.8,143.6,20,15,-3,main
2007136S10158,2007,SP,PIERRE,2007-05-21 21:00:00,MX,-10.7,143.1, ,15,-3,main
2007136S10158,2007,SP,PIERRE,2007-05-22 00:00:00,MX,-10.6,142.7,15,15,-3,main
2007136S10158,2007,SP,PIERRE,2007-05-22 03:00:00,MX,-10.4,142.4, ,15,-3,main
2007136S10158,2007,SP,PIERRE,2007-05-22 06:00:00,MX,-10.3,142.1,15,15,-3,main
2007136S10158,2007,SP,PIERRE,2007-05-22 09:00:00,MX,-10.2,141.6, ,15,-3,main
2007136S10158,2007,SP,PIERRE,2007-05-22 12:00:00,MX,-10.2,141.0,15,15,-3,main
2007136S10158,2007,SP,PIERRE,2007-05-22 15:00:00,MX,-10.2,140.4, ,15,-3,main
2007136S10158,2007,SP,PIERRE,2007-05-22 18:00:00,MX,-10.3,139.8,20,15,-3,main
2007136S10158,2007,SP,PIERRE,2007-05-22 21:00:00,MX,-10.3,139.3, ,15,-3,main
2007136S10158,2007,SP,PIERRE,2007-05-23 00:00:00,MX,-10.3,138.8,25,15,-3,main
2007136S10158,2007,SP,PIERRE,2007-05-23 03:00:00,TS,-10.0,138.5, , ,-3,main
2007136S10158,2007,SP,PIERRE,2007-05-23 06:00:00,TS,-10.0,138.0,20, ,-5,main
2007317S10150,2008,SP,GUBA,2007-11-13 00:00:00,TS,-10.0,149.6,15,25,-1,main
2007317S10150,2008,SP,GUBA,2007-11-13 03:00:00,TS,-10.2,149.3, ,25,-1,main
2007317S10150,2008,SP,GUBA,2007-11-13 06:00:00,TS,-10.3,149.0,15,25,-1,main
2007317S10150,2008,SP,GUBA,2007-11-13 09:00:00,TS,-10.4,148.7, ,28,-1,main
2007317S10150,2008,SP,GUBA,2007-11-13 12:00:00,TS,-10.5,148.4,15,30,-1,main
2007317S10150,2008,SP,GUBA,2007-11-13 15:00:00,TS,-10.5,148.0, ,33,-1,main
2007317S10150,2008,SP,GUBA,2007-11-13 18:00:00,TS,-10.5,147.7,25,35,0,main
2007317S10150,2008,SP,GUBA,2007-11-13 21:00:00,TS,-10.5,147.4, ,35,0,main
2007317S10150,2008,SP,GUBA,2007-11-14 00:00:00,TS,-10.5,147.2,30,35,0,main
2007317S10150,2008,SP,GUBA,2007-11-14 03:00:00,TS,-10.5,147.0, ,35,0,main
2007317S10150,2008,SP,GUBA,2007-11-14 06:00:00,TS,-10.5,146.8,35,35,0,main
2007317S10150,2008,SP,GUBA,2007-11-14 09:00:00,TS,-10.5,146.6, ,35,0,main
2007317S10150,2008,SP,GUBA,2007-11-14 12:00:00,TS,-10.5,146.4,35,35,0,main
2007317S10150,2008,SP,GUBA,2007-11-14 15:00:00,TS,-10.5,146.1, ,35,0,main
2007317S10150,2008,SP,GUBA,2007-11-14 18:00:00,TS,-10.5,146.0,35,35,0,main
2007317S10150,2008,SP,GUBA,2007-11-14 21:00:00,TS,-10.5,145.9, ,38,0,main
2007317S10150,2008,SP,GUBA,2007-11-15 00:00:00,TS,-10.5,145.9,40,40,0,main
2007317S10150,2008,SP,GUBA,2007-11-15 03:00:00,TS,-10.5,146.0, ,43,0,main
2007317S10150,2008,SP,GUBA,2007-11-15 06:00:00,TS,-10.6,146.2,45,45,0,main
2007317S10150,2008,SP,GUBA,2007-11-15 09:00:00,TS,-10.6,146.3, ,45,0,main
2007317S10150,2008,SP,GUBA,2007-11-15 12:00:00,TS,-10.7,146.4,60,45,0,main
2007317S10150,2008,SP,GUBA,2007-11-15 15:00:00,TS,-10.8,146.5, ,48,0,main
2007317S10150,2008,SP,GUBA,2007-11-15 18:00:00,TS,-10.9,146.5,65,50,0,main
2007317S10150,2008,SP,GUBA,2007-11-15 21:00:00,TS,-11.0,146.6, ,55,0,main
2007317S10150,2008,SP,GUBA,2007-11-16 00:00:00,TS,-11.2,146.7,65,60,0,main
2007317S10150,2008,SP,GUBA,2007-11-16 03:00:00,TS,-11.3,146.8, ,65,1,main
2007317S10150,2008,SP,GUBA,2007-11-16 06:00:00,TS,-11.4,146.9,65,70,1,main
2007317S10150,2008,SP,GUBA,2007-11-16 09:00:00,TS,-11.4,147.0, ,73,1,main
2007317S10150,2008,SP,GUBA,2007-11-16 12:00:00,TS,-11.4,147.1,65,75,1,main
2007317S10150,2008,SP,GUBA,2007-11-16 15:00:00,TS,-11.4,147.2, ,70,1,main
2007317S10150,2008,SP,GUBA,2007-11-16 18:00:00,TS,-11.4,147.3,65,65,1,main
2007317S10150,2008,SP,GUBA,2007-11-16 21:00:00,TS,-11.4,147.3, ,60,0,main
2007317S10150,2008,SP,GUBA,2007-11-17 00:00:00,TS,-11.4,147.4,65,55,0,main
2007317S10150,2008,SP,GUBA,2007-11-17 03:00:00,TS,-11.4,147.5, ,55,0,main
2007317S10150,2008,SP,GUBA,2007-11-17 06:00:00,TS,-11.5,147.5,60,55,0,main
2007317S10150,2008,SP,GUBA,2007-11-17 09:00:00,TS,-11.7,147.4, ,53,0,main
2007317S10150,2008,SP,GUBA,2007-11-17 12:00:00,TS,-11.8,147.3,50,50,0,main
2007317S10150,2008,SP,GUBA,2007-11-17 15:00:00,TS,-12.0,147.2, ,48,0,main
2007317S10150,2008,SP,GUBA,2007-11-17 18:00:00,TS,-12.2,147.0,45,45,0,main
2007317S10150,2008,SP,GUBA,2007-11-17 21:00:00,TS,-12.3,146.9, ,45,0,main
2007317S10150,2008,SP,GUBA,2007-11-18 00:00:00,TS,-12.4,146.8,40,45,0,main
2007317S10150,2008,SP,GUBA,2007-11-18 03:00:00,TS,-12.5,146.7, ,45,0,main
2007317S10150,2008,SP,GUBA,2007-11-18 06:00:00,TS,-12.6,146.5,35,45,0,main
2007317S10150,2008,SP,GUBA,2007-11-18 09:00:00,TS,-12.7,146.3, ,43,0,main
2007317S10150,2008,SP,GUBA,2007-11-18 12:00:00,TS,-12.7,146.1,35,40,0,main
2007317S10150,2008,SP,GUBA,2007-11-18 15:00:00,TS,-12.6,145.6, ,38,0,main
2007317S10150,2008,SP,GUBA,2007-11-18 18:00:00,TS,-12.5,145.2,35,35,0,main
2007317S10150,2008,SP,GUBA,2007-11-18 21:00:00,TS,-12.3,144.9, ,35,0,main
2007317S10150,2008,SP,GUBA,2007-11-19 00:00:00,TS,-12.0,144.7,35,35,0,main
2007317S10150,2008,SP,GUBA,2007-11-19 03:00:00,TS,-11.5,144.6, ,33,-1,main
2007317S10150,2008,SP,GUBA,2007-11-19 06:00:00,TS,-11.0,144.7,35,30,-1,main
2007317S10150,2008,SP,GUBA,2007-11-19 09:00:00,TS,-10.6,144.8, ,28,-1,main
2007317S10150,2008,SP,GUBA,2007-11-19 12:00:00,TS,-10.3,144.9,30,25,-1,main
2007365S15134,2008,SI,HELEN,2007-12-30 18:00:00,DS,-14.6,134.4, ,25,-3,main
2007365S15134,2008,SI,HELEN,2007-12-30 21:00:00,DS,-14.8,134.6, ,25,-3,main
2007365S15134,2008,SI,HELEN,2007-12-31 00:00:00,MX,-14.8,134.8,15,25,-3,main
2007365S15134,2008,SI,HELEN,2007-12-31 03:00:00,MX,-15.0,134.9, ,25,-3,main
2007365S15134,2008,SP,HELEN,2007-12-31 06:00:00,MX,-15.2,135.0,15,25,-3,main
2007365S15134,2008,SP,HELEN,2007-12-31 09:00:00,MX,-15.4,135.0, ,25,-3,main
2007365S15134,2008,SI,HELEN,2007-12-31 12:00:00,MX,-15.6,135.0,15,25,-3,main
2007365S15134,2008,SI,HELEN,2007-12-31 15:00:00,MX,-15.8,134.8, ,25,-3,main
2007365S15134,2008,SI,HELEN,2007-12-31 18:00:00,MX,-15.9,134.7,15,25,-3,main
2007365S15134,2008,SI,HELEN,2007-12-31 21:00:00,MX,-15.9,134.5, ,23,-3,main
2007365S15134,2008,SI,HELEN,2008-01-01 00:00:00,MX,-16.0,134.3,15,20,-3,main
2007365S15134,2008,SI,HELEN,2008-01-01 03:00:00,MX,-15.9,134.1, ,20,-3,main
2007365S15134,2008,SI,HELEN,2008-01-01 06:00:00,MX,-15.9,133.7,15,20,-3,main
2007365S15134,2008,SI,HELEN,2008-01-01 09:00:00,MX,-15.8,133.2, ,20,-3,main
2007365S15134,2008,SI,HELEN,2008-01-01 12:00:00,MX,-15.7,132.7,15,20,-3,main
2007365S15134,2008,SI,HELEN,2008-01-01 15:00:00,MX,-15.6,132.0, ,20,-3,main
2007365S15134,2008,SI,HELEN,2008-01-01 18:00:00,MX,-15.5,131.5,15,20,-3,main
2007365S15134,2008,SI,HELEN,2008-01-01 21:00:00,MX,-15.2,130.9, ,20,-3,main
2007365S15134,2008,SI,HELEN,2008-01-02 00:00:00,MX,-14.9,130.5,15,20,-3,main
2007365S15134,2008,SI,HELEN,2008-01-02 03:00:00,MX,-14.6,130.1, ,20,-3,main
2007365S15134,2008,SI,HELEN,2008-01-02 06:00:00,MX,-14.5,129.9,15,20,-3,main
2007365S15134,2008,SI,HELEN,2008-01-02 09:00:00,MX,-14.3,129.6, ,23,-3,main
2007365S15134,2008,SI,HELEN,2008-01-02 12:00:00,MX,-14.2,129.3,20,25,-3,main
2007365S15134,2008,SI,HELEN,2008-01-02 15:00:00,MX,-14.1,129.0, ,25,-3,main
2007365S15134,2008,SI,HELEN,2008-01-02 18:00:00,TS,-14.1,128.8,25,25,-1,main
2007365S15134,2008,SI,HELEN,2008-01-02 21:00:00,TS,-14.1,128.5, ,25,-1,main
2007365S15134,2008,SI,HELEN,2008-01-03 00:00:00,TS,-14.2,128.3,25,25,-1,main
2007365S15134,2008,SI,HELEN,2008-01-03 03:00:00,TS,-14.2,128.1, ,28,-1,main
2007365S15134,2008,SI,HELEN,2008-01-03 06:00:00,TS,-14.2,127.9,25,30,-1,main
2007365S15134,2008,SI,HELEN,2008-01-03 09:00:00,TS,-14.2,127.8, ,33,-1,main
2007365S15134,2008,SI,HELEN,2008-01-03 12:00:00,TS,-14.2,127.8,30,35,0,main
2007365S15134,2008,SI,HELEN,2008-01-03 15:00:00,TS,-14.1,127.7, ,35,0,main
2007365S15134,2008,SI,HELEN,2008-01-03 18:00:00,TS,-14.0,127.7,30,35,0,main
2007365S15134,2008,SI,HELEN,2008-01-03 21:00:00,TS,-13.7,127.8, ,35,0,main
2007365S15134,2008,SI,HELEN,2008-01-04 00:00:00,TS,-13.4,128.1,35,35,0,main
2007365S15134,2008,SI,HELEN,2008-01-04 03:00:00,TS,-13.3,128.5,40,40,0,main
2007365S15134,2008,SI,HELEN,2008-01-04 06:00:00,TS,-13.3,128.9,45,45,0,main
2007365S15134,2008,SI,HELEN,2008-01-04 09:00:00,TS,-13.2,129.4,50,48,0,main
2007365S15134,2008,SI,HELEN,2008-01-04 12:00:00,TS,-13.2,129.9,50,50,0,main
2007365S15134,2008,SI,HELEN,2008-01-04 15:00:00,TS,-13.2,130.4,50,48,0,main
2007365S15134,2008,SI,HELEN,2008-01-04 18:00:00,TS,-13.3,131.0,45,45,0,main
2007365S15134,2008,SI,HELEN,2008-01-04 21:00:00,TS,-13.3,131.5,35,43,0,main
2007365S15134,2008,SI,HELEN,2008-01-05 00:00:00,TS,-13.4,132.2,30,40,0,main
2007365S15134,2008,SI,HELEN,2008-01-05 03:00:00,TS,-13.3,132.9, ,35,0,main
2007365S15134,2008,SI,HELEN,2008-01-05 06:00:00,TS,-13.3,133.7,25,30,-1,main
2007365S15134,2008,SI,HELEN,2008-01-05 09:00:00,TS,-13.4,134.4, ,30,-1,main
2007365S15134,2008,SP,HELEN,2008-01-05 12:00:00,TS,-13.5,135.2,25,30,-1,main
2007365S15134,2008,SP,HELEN,2008-01-05 15:00:00,TS,-13.5,135.9, ,30,-1,main
2007365S15134,2008,SP,HELEN,2008-01-05 18:00:00,TS,-13.6,136.7,25,30,-1,main
2007365S15134,2008,SP,HELEN,2008-01-05 21:00:00,TS,-13.6,137.6, ,30,-1,main
2007365S15134,2008,SP,HELEN,2008-01-06 00:00:00,TS,-13.8,138.5,25,30,-1,main
2007365S15134,2008,SP,HELEN,2008-01-06 03:00:00,TS,-14.0,139.4, ,30,-1,main
2007365S15134,2008,SP,HELEN,2008-01-06 06:00:00,TS,-14.2,140.3,25,30,-1,main
2007365S15134,2008,SP,HELEN,2008-01-06 09:00:00,TS,-14.3,140.9, ,28,-1,main
2007365S15134,2008,SP,HELEN,2008-01-06 12:00:00,TS,-14.3,141.4, ,25,-1,main
2007365S15134,2008,SP,HELEN,2008-01-06 15:00:00,TS,-14.3,141.7, ,25,-1,main
2007365S15134,2008,SP,HELEN,2008-01-06 18:00:00,TS,-14.4,142.0, ,25,-1,main
2007365S15134,2008,SP,HELEN,2008-01-06 21:00:00,TS,-14.5,142.3, ,23,-1,main
2007365S15134,2008,SP,HELEN,2008-01-07 00:00:00,TS,-14.6,142.6, ,20,-1,main
2007365S15134,2008,SP,HELEN,2008-01-07 03:00:00,TS,-14.7,143.0, ,20,-1,main
2007365S15134,2008,SP,HELEN,2008-01-07 06:00:00,TS,-14.9,143.4, ,20,-1,main
2009031S16147,2009,SP,ELLIE,2009-01-30 12:00:00,DS,-16.2,146.5, ,20,-3,main
2009031S16147,2009,SP,ELLIE,2009-01-30 15:00:00,DS,-16.2,146.6, ,23,-3,main
2009031S16147,2009,SP,ELLIE,2009-01-30 18:00:00,DS,-16.1,146.8, ,25,-3,main
2009031S16147,2009,SP,ELLIE,2009-01-30 21:00:00,DS,-15.9,147.1, ,25,-3,main
2009031S16147,2009,SP,ELLIE,2009-01-31 00:00:00,MX,-16.0,147.7,25,25,-3,main
2009031S16147,2009,SP,ELLIE,2009-01-31 03:00:00,MX,-16.2,148.0, ,25,-3,main
2009031S16147,2009,SP,ELLIE,2009-01-31 06:00:00,TS,-16.4,148.1,30,25,-1,main
2009031S16147,2009,SP,ELLIE,2009-01-31 09:00:00,TS,-16.5,148.0, ,28,-1,main
2009031S16147,2009,SP,ELLIE,2009-01-31 12:00:00,TS,-16.5,147.9,35,30,-1,main
2009031S16147,2009,SP,ELLIE,2009-01-31 15:00:00,TS,-16.5,147.7, ,33,-1,main
2009031S16147,2009,SP,ELLIE,2009-01-31 18:00:00,TS,-16.6,147.6,40,35,0,main
2009031S16147,2009,SP,ELLIE,2009-01-31 21:00:00,TS,-16.8,147.3, ,35,0,main
2009031S16147,2009,SP,ELLIE,2009-02-01 00:00:00,TS,-17.1,147.1,40,35,0,main
2009031S16147,2009,SP,ELLIE,2009-02-01 03:00:00,TS,-17.4,146.9, ,35,0,main
2009031S16147,2009,SP,ELLIE,2009-02-01 06:00:00,TS,-17.7,146.8,40,35,0,main
2009031S16147,2009,SP,ELLIE,2009-02-01 09:00:00,TS,-17.9,146.6, ,35,0,main
2009031S16147,2009,SP,ELLIE,2009-02-01 12:00:00,TS,-17.9,146.2,35,35,0,main
2009031S16147,2009,SP,ELLIE,2009-02-01 13:00:00,TS,-18.0,146.1,35,34,0,main
2009031S16147,2009,SP,ELLIE,2009-02-01 15:00:00,TS,-18.1,145.9, ,33,-1,main
2009031S16147,2009,SP,ELLIE,2009-02-01 18:00:00,TS,-18.3,145.7,30,30,-1,main
2009031S16147,2009,SP,ELLIE,2009-02-01 21:00:00,TS,-18.6,145.6, ,28,-1,main
2009031S16147,2009,SP,ELLIE,2009-02-02 00:00:00,TS,-18.8,145.5, ,25,-1,main
2009031S16147,2009,SP,ELLIE,2009-02-02 03:00:00,TS,-18.9,145.3, ,23,-1,main
2009031S16147,2009,SP,ELLIE,2009-02-02 06:00:00,DS,-19.0,145.1, ,20,-3,main
2009031S16147,2009,SP,ELLIE,2009-02-02 09:00:00,DS,-19.1,145.0, ,18,-3,main
2009031S16147,2009,SP,ELLIE,2009-02-02 12:00:00,DS,-19.3,144.9, ,15,-3,main
2009064S13148,2009,SP,HAMISH,2009-03-04 18:00:00,DS,-12.6,148.2, ,15,-3,main
2009064S13148,2009,SP,HAMISH,2009-03-04 21:00:00,DS,-12.8,148.0, ,18,-3,main
2009064S13148,2009,SP,HAMISH,2009-03-05 00:00:00,MX,-13.0,147.7,30,20,-3,main
2009064S13148,2009,SP,HAMISH,2009-03-05 03:00:00,MX,-13.1,147.5, ,23,-3,main
2009064S13148,2009,SP,HAMISH,2009-03-05 06:00:00,TS,-13.2,147.3,35,25,-1,main
2009064S13148,2009,SP,HAMISH,2009-03-05 09:00:00,TS,-13.3,147.1, ,30,-1,main
2009064S13148,2009,SP,HAMISH,2009-03-05 12:00:00,TS,-13.4,147.1,50,35,0,main
2009064S13148,2009,SP,HAMISH,2009-03-05 15:00:00,TS,-13.7,147.0, ,43,0,main
2009064S13148,2009,SP,HAMISH,2009-03-05 18:00:00,TS,-14.0,146.9,55,50,0,main
2009064S13148,2009,SP,HAMISH,2009-03-05 21:00:00,TS,-14.3,146.9, ,55,0,main
2009064S13148,2009,SP,HAMISH,2009-03-06 00:00:00,TS,-14.5,146.9,60,60,0,main
2009064S13148,2009,SP,HAMISH,2009-03-06 03:00:00,TS,-14.7,146.8, ,63,0,main
2009064S13148,2009,SP,HAMISH,2009-03-06 06:00:00,TS,-14.9,146.8,65,65,1,main
2009064S13148,2009,SP,HAMISH,2009-03-06 09:00:00,TS,-15.2,147.0, ,70,1,main
2009064S13148,2009,SP,HAMISH,2009-03-06 12:00:00,TS,-15.5,147.3,80,75,1,main
2009064S13148,2009,SP,HAMISH,2009-03-06 15:00:00,TS,-15.9,147.5, ,83,2,main
2009064S13148,2009,SP,HAMISH,2009-03-06 18:00:00,TS,-16.3,147.8,90,90,2,main
2009064S13148,2009,SP,HAMISH,2009-03-06 21:00:00,TS,-16.7,148.0, ,95,2,main
2009064S13148,2009,SP,HAMISH,2009-03-07 00:00:00,TS,-17.1,148.3,100,100,3,main
2009064S13148,2009,SP,HAMISH,2009-03-07 03:00:00,TS,-17.5,148.5, ,110,3,main
2009064S13148,2009,SP,HAMISH,2009-03-07 06:00:00,TS,-17.9,148.8,110,120,4,main
2009064S13148,2009,SP,HAMISH,2009-03-07 09:00:00,TS,-18.3,149.1, ,125,4,main
2009064S13148,2009,SP,HAMISH,2009-03-07 12:00:00,TS,-18.6,149.4,115,130,4,main
2009064S13148,2009,SP,HAMISH,2009-03-07 15:00:00,TS,-18.9,149.7, ,133,4,main
2009064S13148,2009,SP,HAMISH,2009-03-07 18:00:00,TS,-19.2,150.0,115,135,4,main
2009064S13148,2009,SP,HAMISH,2009-03-07 21:00:00,TS,-19.6,150.3, ,135,4,main
2009064S13148,2009,SP,HAMISH,2009-03-08 00:00:00,TS,-20.0,150.5,115,135,4,main
2009064S13148,2009,SP,HAMISH,2009-03-08 03:00:00,TS,-20.4,150.8, ,133,4,main
2009064S13148,2009,SP,HAMISH,2009-03-08 06:00:00,TS,-20.7,151.0,115,130,4,main
2009064S13148,2009,SP,HAMISH,2009-03-08 09:00:00,TS,-21.0,151.3, ,125,4,main
2009064S13148,2009,SP,HAMISH,2009-03-08 12:00:00,TS,-21.2,151.5,115,120,4,main
2009064S13148,2009,SP,HAMISH,2009-03-08 15:00:00,TS,-21.4,151.8, ,118,4,main
2009064S13148,2009,SP,HAMISH,2009-03-08 18:00:00,TS,-21.6,152.1,115,115,4,main
2009064S13148,2009,SP,HAMISH,2009-03-08 21:00:00,TS,-21.8,152.4, ,115,4,main
2009064S13148,2009,SP,HAMISH,2009-03-09 00:00:00,TS,-22.1,152.7,95,115,4,main
2009064S13148,2009,SP,HAMISH,2009-03-09 03:00:00,TS,-22.5,153.0, ,115,4,main
2009064S13148,2009,SP,HAMISH,2009-03-09 06:00:00,TS,-22.8,153.3,95,115,4,main
2009064S13148,2009,SP,HAMISH,2009-03-09 09:00:00,TS,-23.0,153.5, ,115,4,main
2009064S13148,2009,SP,HAMISH,2009-03-09 12:00:00,TS,-23.2,153.8,90,115,4,main
2009064S13148,2009,SP,HAMISH,2009-03-09 15:00:00,TS,-23.5,154.0, ,113,4,main
2009064S13148,2009,SP,HAMISH,2009-03-09 18:00:00,TS,-23.8,154.2,90,110,3,main
2009064S13148,2009,SP,HAMISH,2009-03-09 21:00:00,TS,-24.0,154.5, ,105,3,main
2009064S13148,2009,SP,HAMISH,2009-03-10 00:00:00,TS,-24.2,154.8,90,100,3,main
2009064S13148,2009,SP,HAMISH,2009-03-10 03:00:00,TS,-24.5,155.2, ,95,2,main
2009064S13148,2009,SP,HAMISH,2009-03-10 06:00:00,TS,-24.7,155.6,90,90,2,main
2009064S13148,2009,SP,HAMISH,2009-03-10 09:00:00,TS,-24.7,155.9, ,88,2,main
2009064S13148,2009,SP,HAMISH,2009-03-10 12:00:00,TS,-24.7,156.0,80,85,2,main
2009064S13148,2009,SP,HAMISH,2009-03-10 15:00:00,TS,-24.7,155.9, ,83,2,main
2009064S13148,2009,SP,HAMISH,2009-03-10 18:00:00,TS,-24.7,155.6,70,80,1,main
2009064S13148,2009,SP,HAMISH,2009-03-10 21:00:00,TS,-24.5,155.3, ,70,1,main
2009064S13148,2009,SP,HAMISH,2009-03-11 00:00:00,TS,-24.3,155.1,60,60,0,main
2009064S13148,2009,SP,HAMISH,2009-03-11 03:00:00,TS,-23.9,155.0, ,55,0,main
2009064S13148,2009,SP,HAMISH,2009-03-11 06:00:00,TS,-23.4,154.9,60,50,0,main
2009064S13148,2009,SP,HAMISH,2009-03-11 09:00:00,TS,-23.0,154.7, ,50,0,main
2009064S13148,2009,SP,HAMISH,2009-03-11 12:00:00,TS,-22.6,154.5,45,50,0,main
2009064S13148,2009,SP,HAMISH,2009-03-11 15:00:00,TS,-22.3,154.1, ,43,0,main
2009064S13148,2009,SP,HAMISH,2009-03-11 18:00:00,TS,-22.0,153.7,30,35,0,main
2009064S13148,2009,SP,HAMISH,2009-03-11 21:00:00,TS,-21.8,153.2, ,30,-1,main
2009064S13148,2009,SP,HAMISH,2009-03-12 00:00:00,TS,-21.8,152.7, ,25,-1,main
2009064S13148,2009,SP,HAMISH,2009-03-12 03:00:00,TS,-21.6,152.3, ,25,-1,main
2009064S13148,2009,SP,HAMISH,2009-03-12 06:00:00,TS,-21.4,151.9, ,25,-1,main
2009064S13148,2009,SP,HAMISH,2009-03-12 09:00:00,TS,-21.1,151.6, ,25,-1,main
2009064S13148,2009,SP,HAMISH,2009-03-12 12:00:00,TS,-20.8,151.4, ,25,-1,main
2009064S13148,2009,SP,HAMISH,2009-03-12 15:00:00,TS,-20.6,151.2, ,25,-1,main
2009064S13148,2009,SP,HAMISH,2009-03-12 18:00:00,TS,-20.4,151.0, ,25,-1,main
2009064S13148,2009,SP,HAMISH,2009-03-12 21:00:00,TS,-20.2,150.9, ,25,-1,main
2009064S13148,2009,SP,HAMISH,2009-03-13 00:00:00,TS,-20.1,150.9, ,25,-1,main
2009064S13148,2009,SP,HAMISH,2009-03-13 03:00:00,TS,-20.0,150.8, ,23,-1,main
2009064S13148,2009,SP,HAMISH,2009-03-13 06:00:00,DS,-19.8,150.7, ,20,-3,main
2009064S13148,2009,SP,HAMISH,2009-03-13 09:00:00,DS,-19.6,150.6, ,20,-3,main
2009064S13148,2009,SP,HAMISH,2009-03-13 12:00:00,DS,-19.3,150.4, ,20,-3,main
2009064S13148,2009,SP,HAMISH,2009-03-13 15:00:00,DS,-19.1,150.0, ,20,-3,main
2009064S13148,2009,SP,HAMISH,2009-03-13 18:00:00,DS,-18.8,149.6, ,20,-3,main
2009064S13148,2009,SP,HAMISH,2009-03-13 21:00:00,DS,-18.3,149.3, ,20,-3,main
2009064S13148,2009,SP,HAMISH,2009-03-14 00:00:00,DS,-17.7,149.1, ,20,-3,main
2010020S08163,2010,SP,OLGA,2010-01-20 00:00:00,DS,-8.3,163.0,20, ,-5,main
2010020S08163,2010,SP,OLGA,2010-01-20 03:00:00,DS,-8.7,162.7, , ,-5,main
2010020S08163,2010,SP,OLGA,2010-01-20 06:00:00,DS,-9.0,162.5,20, ,-5,main
2010020S08163,2010,SP,OLGA,2010-01-20 09:00:00,DS,-9.1,162.3, , ,-5,main
2010020S08163,2010,SP,OLGA,2010-01-20 12:00:00,DS,-9.2,162.0,20, ,-5,main
2010020S08163,2010,SP,OLGA,2010-01-20 15:00:00,DS,-9.3,161.7, , ,-5,main
2010020S08163,2010,SP,OLGA,2010-01-20 18:00:00,DS,-9.4,161.5,25, ,-5,main
2010020S08163,2010,SP,OLGA,2010-01-20 21:00:00,DS,-9.5,161.2, , ,-5,main
2010020S08163,2010,SP,OLGA,2010-01-21 00:00:00,TS,-9.6,160.9,25, ,-5,main
2010020S08163,2010,SP,OLGA,2010-01-21 03:00:00,TS,-9.7,160.7, , ,-5,main
2010020S08163,2010,SP,OLGA,2010-01-21 06:00:00,TS,-10.0,160.5,25, ,-5,main
2010020S08163,2010,SP,OLGA,2010-01-21 09:00:00,TS,-10.5,160.3, , ,-5,main
2010020S08163,2010,SP,OLGA,2010-01-21 12:00:00,TS,-11.0,160.0,25, ,-5,main
2010020S08163,2010,SP,OLGA,2010-01-21 15:00:00,TS,-11.4,159.6, , ,-5,main
2010020S08163,2010,SP,OLGA,2010-01-21 18:00:00,TS,-11.9,159.0,25, ,-5,main
2010020S08163,2010,SP,OLGA,2010-01-21 21:00:00,TS,-12.5,158.2, , ,-5,main
2010020S08163,2010,SP,OLGA,2010-01-22 00:00:00,MX,-13.5,156.9,25,20,-3,main
2010020S08163,2010,SP,OLGA,2010-01-22 03:00:00,MX,-14.3,155.8, ,23,-3,main
2010020S08163,2010,SP,OLGA,2010-01-22 06:00:00,TS,-15.0,154.9,25,25,-1,main
2010020S08163,2010,SP,OLGA,2010-01-22 09:00:00,TS,-15.5,154.1, ,28,-1,main
2010020S08163,2010,SP,OLGA,2010-01-22 12:00:00,TS,-15.9,153.3,30,30,-1,main
2010020S08163,2010,SP,OLGA,2010-01-22 15:00:00,TS,-16.2,152.5, ,33,-1,main
2010020S08163,2010,SP,OLGA,2010-01-22 18:00:00,TS,-16.4,151.8,35,35,0,main
2010020S08163,2010,SP,OLGA,2010-01-22 21:00:00,TS,-16.5,151.0, ,38,0,main
2010020S08163,2010,SP,OLGA,2010-01-23 00:00:00,TS,-16.5,150.4,35,40,0,main
2010020S08163,2010,SP,OLGA,2010-01-23 03:00:00,TS,-16.5,149.7, ,43,0,main
2010020S08163,2010,SP,OLGA,2010-01-23 06:00:00,TS,-16.5,149.2,40,45,0,main
2010020S08163,2010,SP,OLGA,2010-01-23 09:00:00,TS,-16.3,148.6, ,45,0,main
2010020S08163,2010,SP,OLGA,2010-01-23 12:00:00,TS,-16.0,148.1,50,45,0,main
2010020S08163,2010,SP,OLGA,2010-01-23 15:00:00,TS,-15.8,147.6, ,45,0,main
2010020S08163,2010,SP,OLGA,2010-01-23 18:00:00,TS,-15.7,147.2,50,45,0,main
2010020S08163,2010,SP,OLGA,2010-01-23 21:00:00,TS,-15.7,146.9, ,45,0,main
2010020S08163,2010,SP,OLGA,2010-01-24 00:00:00,TS,-15.9,146.7,50,45,0,main
2010020S08163,2010,SP,OLGA,2010-01-24 03:00:00,TS,-16.0,146.5, ,43,0,main
2010020S08163,2010,SP,OLGA,2010-01-24 06:00:00,TS,-16.3,146.3,40,40,0,main
2010020S08163,2010,SP,OLGA,2010-01-24 09:00:00,TS,-16.5,146.3, ,38,0,main
2010020S08163,2010,SP,OLGA,2010-01-24 12:00:00,TS,-16.9,146.2,30,35,0,main
2010020S08163,2010,SP,OLGA,2010-01-24 15:00:00,TS,-17.2,146.1, ,30,-1,main
2010020S08163,2010,SP,OLGA,2010-01-24 18:00:00,TS,-17.6,145.8,30,25,-1,main
2010020S08163,2010,SP,OLGA,2010-01-24 21:00:00,TS,-18.0,145.2, ,25,-1,main
2010020S08163,2010,SP,OLGA,2010-01-25 00:00:00,TS,-18.3,144.4,20,25,-1,main
2010020S08163,2010,SP,OLGA,2010-01-25 03:00:00,TS,-18.4,143.6, ,25,-1,main
2010020S08163,2010,SP,OLGA,2010-01-25 06:00:00,TS,-18.4,142.8,15,25,-1,main
2010020S08163,2010,SP,OLGA,2010-01-25 09:00:00,TS,-18.4,142.2, ,25,-1,main
2010020S08163,2010,SP,OLGA,2010-01-25 12:00:00,TS,-18.4,141.7,15,25,-1,main
2010020S08163,2010,SP,OLGA,2010-01-25 15:00:00,TS,-18.4,141.3, ,25,-1,main
2010020S08163,2010,SP,OLGA,2010-01-25 18:00:00,TS,-18.3,140.9,15,25,-1,main
2010020S08163,2010,SP,OLGA,2010-01-25 21:00:00,TS,-18.2,140.4, ,28,-1,main
2010020S08163,2010,SP,OLGA,2010-01-26 00:00:00,TS,-18.0,140.0,20,30,-1,main
2010020S08163,2010,SP,OLGA,2010-01-26 03:00:00,TS,-17.8,139.4, ,30,-1,main
2010020S08163,2010,SP,OLGA,2010-01-26 06:00:00,TS,-17.5,138.9,25,30,-1,main
2010020S08163,2010,SP,OLGA,2010-01-26 09:00:00,TS,-17.1,138.4, ,30,-1,main
2010020S08163,2010,SP,OLGA,2010-01-26 12:00:00,TS,-16.8,138.0,25,30,-1,main
2010020S08163,2010,SP,OLGA,2010-01-26 15:00:00,TS,-16.6,137.7, ,33,-1,main
2010020S08163,2010,SP,OLGA,2010-01-26 18:00:00,TS,-16.5,137.6,25,35,0,main
2010020S08163,2010,SP,OLGA,2010-01-26 21:00:00,TS,-16.3,137.5, ,35,0,main
2010020S08163,2010,SP,OLGA,2010-01-27 00:00:00,TS,-16.3,137.3,25,35,0,main
2010020S08163,2010,SP,OLGA,2010-01-27 03:00:00,TS,-16.4,137.1, ,35,0,main
2010020S08163,2010,SP,OLGA,2010-01-27 06:00:00,TS,-16.4,136.9,30,35,0,main
2010020S08163,2010,SP,OLGA,2010-01-27 09:00:00,TS,-16.3,136.7, ,35,0,main
2010020S08163,2010,SP,OLGA,2010-01-27 12:00:00,TS,-16.2,136.5,30,35,0,main
2010020S08163,2010,SP,OLGA,2010-01-27 15:00:00,TS,-16.1,136.3, ,35,0,main
2010020S08163,2010,SP,OLGA,2010-01-27 18:00:00,TS,-16.1,136.2,30,35,0,main
2010020S08163,2010,SP,OLGA,2010-01-27 21:00:00,TS,-16.1,136.1, ,33,-1,main
2010020S08163,2010,SP,OLGA,2010-01-28 00:00:00,TS,-16.2,136.0,30,30,-1,main
2010020S08163,2010,SP,OLGA,2010-01-28 03:00:00,TS,-16.2,135.8, ,30,-1,main
2010020S08163,2010,SP,OLGA,2010-01-28 06:00:00,TS,-16.2,135.7,30,30,-1,main
2010020S08163,2010,SP,OLGA,2010-01-28 09:00:00,TS,-16.1,135.7, ,30,-1,main
2010020S08163,2010,SP,OLGA,2010-01-28 12:00:00,TS,-16.1,135.8,30,30,-1,main
2010020S08163,2010,SP,OLGA,2010-01-28 15:00:00,TS,-16.0,135.9, ,30,-1,main
2010020S08163,2010,SP,OLGA,2010-01-28 18:00:00,TS,-16.0,136.1,30,30,-1,main
2010020S08163,2010,SP,OLGA,2010-01-28 21:00:00,TS,-16.0,136.3, ,30,-1,main
2010020S08163,2010,SP,OLGA,2010-01-29 00:00:00,TS,-15.9,136.6,35,30,-1,main
2010020S08163,2010,SP,OLGA,2010-01-29 03:00:00,TS,-15.8,137.0, ,30,-1,main
2010020S08163,2010,SP,OLGA,2010-01-29 06:00:00,TS,-15.8,137.5,35,30,-1,main
2010020S08163,2010,SP,OLGA,2010-01-29 09:00:00,TS,-16.0,138.2, ,33,-1,main
2010020S08163,2010,SP,OLGA,2010-01-29 11:00:00,TS,-16.1,138.7,35,34,0,main
2010020S08163,2010,SP,OLGA,2010-01-29 12:00:00,TS,-16.2,139.0,35,35,0,main
2010020S08163,2010,SP,OLGA,2010-01-29 15:00:00,TS,-16.7,139.7, ,38,0,main
2010020S08163,2010,SP,OLGA,2010-01-29 18:00:00,TS,-17.4,140.3,35,40,0,main
2010020S08163,2010,SP,OLGA,2010-01-29 21:00:00,TS,-17.9,140.8,35,38,0,main
2010020S08163,2010,SP,OLGA,2010-01-30 00:00:00,TS,-18.5,141.3,30,35,0,main
2010020S08163,2010,SP,OLGA,2010-01-30 03:00:00,TS,-18.8,141.9, ,33,-1,main
2010020S08163,2010,SP,OLGA,2010-01-30 06:00:00,TS,-19.1,142.6,25,30,-1,main
2010020S08163,2010,SP,OLGA,2010-01-30 09:00:00,TS,-19.8,143.1, ,28,-1,main
2010020S08163,2010,SP,OLGA,2010-01-30 12:00:00,TS,-20.5,143.5,25,25,-1,main
2010020S08163,2010,SP,OLGA,2010-01-30 15:00:00,TS,-21.0,143.5, , ,-5,main
2010020S08163,2010,SP,OLGA,2010-01-30 18:00:00,TS,-21.5,144.0,20, ,-5,main
2010020S08163,2010,SP,OLGA,2010-01-30 21:00:00,TS,-22.0,144.3, , ,-5,main
2010020S08163,2010,SP,OLGA,2010-01-31 00:00:00,TS,-22.5,144.5,20, ,-5,main
2010020S14147,2010,SP,NEVILLE,2010-01-19 12:00:00,TS,-14.1,146.6,20, ,-5,main
2010020S14147,2010,SP,NEVILLE,2010-01-19 15:00:00,TS,-14.1,147.0, , ,-5,main
2010020S14147,2010,SP,NEVILLE,2010-01-19 18:00:00,TS,-14.1,147.3,30, ,-5,main
2010020S14147,2010,SP,NEVILLE,2010-01-19 21:00:00,TS,-14.3,147.6, , ,-5,main
2010020S14147,2010,SP,NEVILLE,2010-01-20 00:00:00,TS,-14.5,147.8,35, ,-5,main
2010020S14147,2010,SP,NEVILLE,2010-01-20 03:00:00,TS,-14.6,147.7, , ,-5,main
2010020S14147,2010,SP,NEVILLE,2010-01-20 06:00:00,TS,-14.7,147.6,35, ,-5,main
2010020S14147,2010,SP,NEVILLE,2010-01-20 09:00:00,TS,-14.7,147.4, , ,-5,main
2010020S14147,2010,SP,NEVILLE,2010-01-20 12:00:00,TS,-14.7,147.3,35, ,-5,main
2010020S14147,2010,SP,NEVILLE,2010-01-20 15:00:00,TS,-14.6,147.2, , ,-5,main
2010020S14147,2010,SP,NEVILLE,2010-01-20 18:00:00,TS,-14.6,147.2,35, ,-5,main
2010020S14147,2010,SP,NEVILLE,2010-01-20 21:00:00,TS,-14.6,147.3, , ,-5,main
2010020S14147,2010,SP,NEVILLE,2010-01-21 00:00:00,TS,-14.6,147.4,35, ,-5,main
2010020S14147,2010,SP,NEVILLE,2010-01-21 03:00:00,TS,-14.5,147.3, , ,-5,main
2010020S14147,2010,SP,NEVILLE,2010-01-21 06:00:00,TS,-14.4,147.2,30, ,-5,main
2010020S14147,2010,SP,NEVILLE,2010-01-21 09:00:00,TS,-14.3,147.3, , ,-5,main
2010020S14147,2010,SP,NEVILLE,2010-01-21 12:00:00,TS,-14.2,147.4,25, ,-5,main
2010020S14147,2010,SP,NEVILLE,2010-01-21 15:00:00,TS,-14.2,147.4, , ,-5,main
2010020S14147,2010,SP,NEVILLE,2010-01-21 18:00:00,TS,-14.3,147.3,25, ,-5,main
2010020S14147,2010,SP,NEVILLE,2010-01-21 21:00:00,TS,-14.4,147.2, , ,-5,main
2010020S14147,2010,SP,NEVILLE,2010-01-22 00:00:00,TS,-14.4,147.1,25, ,-5,main
2010020S14147,2010,SP,NEVILLE,2010-01-22 03:00:00,TS,-14.4,147.1, , ,-5,main
2010020S14147,2010,SP,NEVILLE,2010-01-22 06:00:00,TS,-14.4,147.1,25, ,-5,main
2010020S14147,2010,SP,NEVILLE,2010-01-22 09:00:00,TS,-14.5,147.0, , ,-5,main
2010020S14147,2010,SP,NEVILLE,2010-01-22 12:00:00,TS,-14.6,146.8,25, ,-5,main
2010020S14147,2010,SP,NEVILLE,2010-01-22 15:00:00,TS,-14.7,146.8, , ,-5,main
2010020S14147,2010,SP,NEVILLE,2010-01-22 18:00:00,TS,-14.7,146.7,25, ,-5,main
2010020S14147,2010,SP,NEVILLE,2010-01-22 21:00:00,TS,-14.2,146.5, , ,-5,main
2010020S14147,2010,SP,NEVILLE,2010-01-23 00:00:00,TS,-13.7,146.3,25, ,-5,main
2010020S14147,2010,SP,NEVILLE,2010-01-23 03:00:00,TS,-13.6,146.3, , ,-5,main
2010020S14147,2010,SP,NEVILLE,2010-01-23 06:00:00,TS,-13.6,146.7,25, ,-5,main
2010020S14147,2010,SP,NEVILLE,2010-01-23 09:00:00,TS,-13.6,147.6, , ,-5,main
2010020S14147,2010,SP,NEVILLE,2010-01-23 12:00:00,TS,-13.6,148.7,20, ,-5,main
2010029S12177,2010,SP,OLI,2010-01-29 06:00:00,NR,-12.0,176.5,20, ,-5,main
2010029S12177,2010,SP,OLI,2010-01-29 09:00:00,NR,-12.2,177.0, , ,-5,main
2010029S12177,2010,SP,OLI,2010-01-29 12:00:00,NR,-12.3,177.5,20, ,-5,main
2010029S12177,2010,SP,OLI,2010-01-29 15:00:00,NR,-12.2,178.1, , ,-5,main
2010029S12177,2010,SP,OLI,2010-01-29 18:00:00,NR,-12.0,178.8,20, ,-5,main
2010029S12177,2010,SP,OLI,2010-01-29 21:00:00,NR,-11.9,179.4, , ,-5,main
2010029S12177,2010,SP,OLI,2010-01-30 00:00:00,NR,-11.9,180.0,20, ,-5,main
2010029S12177,2010,SP,OLI,2010-01-30 03:00:00,NR,-11.8,180.4, , ,-5,main
2010029S12177,2010,SP,OLI,2010-01-30 06:00:00,TS,-11.6,181.4,25,20,-1,main
2010029S12177,2010,SP,OLI,2010-01-30 09:00:00,TS,-11.5,182.6, ,23,-1,main
2010029S12177,2010,SP,OLI,2010-01-30 12:00:00,TS,-11.4,183.7,25,25,-1,main
2010029S12177,2010,SP,OLI,2010-01-30 15:00:00,TS,-11.2,184.5, ,28,-1,main
2010029S12177,2010,SP,OLI,2010-01-30 18:00:00,TS,-11.2,185.3,25,30,-1,main
2010029S12177,2010,SP,OLI,2010-01-30 21:00:00,TS,-11.0,186.1, ,30,-1,main
2010029S12177,2010,SP,OLI,2010-01-31 00:00:00,TS,-11.0,187.0,25,30,-1,main
2010029S12177,2010,SP,OLI,2010-01-31 03:00:00,TS,-10.9,187.8, ,30,-1,main
2010029S12177,2010,SP,OLI,2010-01-31 06:00:00,TS,-10.8,188.7,25,30,-1,main
2010029S12177,2010,SP,OLI,2010-01-31 09:00:00,TS,-10.8,189.4, ,30,-1,main
2010029S12177,2010,SP,OLI,2010-01-31 12:00:00,TS,-10.9,190.2,30,30,-1,main
2010029S12177,2010,SP,OLI,2010-01-31 15:00:00,TS,-11.0,191.0, ,30,-1,main
2010029S12177,2010,SP,OLI,2010-01-31 18:00:00,TS,-11.2,191.8,30,30,-1,main
2010029S12177,2010,SP,OLI,2010-01-31 21:00:00,TS,-11.3,192.5, ,33,-1,main
2010029S12177,2010,SP,OLI,2010-02-01 00:00:00,TS,-11.5,193.4,30,35,0,main
2010029S12177,2010,SP,OLI,2010-02-01 03:00:00,TS,-11.8,194.3, ,40,0,main
2010029S12177,2010,SP,OLI,2010-02-01 06:00:00,TS,-12.2,195.3,35,45,0,main
2010029S12177,2010,SP,OLI,2010-02-01 09:00:00,TS,-12.6,196.1, ,48,0,main
2010029S12177,2010,SP,OLI,2010-02-01 12:00:00,TS,-13.1,196.8,40,50,0,main
2010029S12177,2010,SP,OLI,2010-02-01 15:00:00,TS,-13.4,197.4, ,50,0,main
2010029S12177,2010,SP,OLI,2010-02-01 18:00:00,TS,-13.7,197.9,50,50,0,main
2010029S12177,2010,SP,OLI,2010-02-01 21:00:00,TS,-13.8,198.3, ,50,0,main
2010029S12177,2010,SP,OLI,2010-02-02 00:00:00,TS,-14.0,198.7,50,50,0,main
2010029S12177,2010,SP,OLI,2010-02-02 03:00:00,TS,-14.0,199.0, ,50,0,main
2010029S12177,2010,SP,OLI,2010-02-02 06:00:00,TS,-14.2,199.4,45,50,0,main
2010029S12177,2010,SP,OLI,2010-02-02 09:00:00,TS,-14.3,199.9, ,50,0,main
2010029S12177,2010,SP,OLI,2010-02-02 12:00:00,TS,-14.6,200.4,45,50,0,main
2010029S12177,2010,SP,OLI,2010-02-02 15:00:00,TS,-14.8,200.8, ,50,0,main
2010029S12177,2010,SP,OLI,2010-02-02 18:00:00,TS,-15.0,201.4,40,50,0,main
2010029S12177,2010,SP,OLI,2010-02-02 21:00:00,TS,-15.1,201.9, ,53,0,main
2010029S12177,2010,SP,OLI,2010-02-03 00:00:00,TS,-15.3,202.5,45,55,0,main
2010029S12177,2010,SP,OLI,2010-02-03 03:00:00,TS,-15.4,203.0, ,58,0,main
2010029S12177,2010,SP,OLI,2010-02-03 06:00:00,TS,-15.5,203.5,50,60,0,main
2010029S12177,2010,SP,OLI,2010-02-03 09:00:00,TS,-15.7,204.1, ,63,0,main
2010029S12177,2010,SP,OLI,2010-02-03 12:00:00,TS,-15.9,204.7,60,65,1,main
2010029S12177,2010,SP,OLI,2010-02-03 15:00:00,TS,-16.1,205.2, ,70,1,main
2010029S12177,2010,SP,OLI,2010-02-03 18:00:00,TS,-16.3,205.7,60,75,1,main
2010029S12177,2010,SP,OLI,2010-02-03 21:00:00,TS,-16.7,206.1, ,80,1,main
2010029S12177,2010,SP,OLI,2010-02-04 00:00:00,TS,-17.1,206.5,65,85,2,main
2010029S12177,2010,SP,OLI,2010-02-04 03:00:00,TS,-17.4,206.9, ,90,2,main
2010029S12177,2010,SP,OLI,2010-02-04 06:00:00,TS,-17.8,207.2,80,95,2,main
2010029S12177,2010,SP,OLI,2010-02-04 09:00:00,TS,-18.2,207.5, ,105,3,main
2010029S12177,2010,SP,OLI,2010-02-04 12:00:00,TS,-18.6,207.7,100,115,4,main
2010029S12177,2010,SP,OLI,2010-02-04 15:00:00,TS,-19.0,207.9, ,115,4,main
2010029S12177,2010,SP,OLI,2010-02-04 18:00:00,TS,-19.5,208.2,100,115,4,main
2010029S12177,2010,SP,OLI,2010-02-04 21:00:00,TS,-20.0,208.5, ,115,4,main
2010029S12177,2010,SP,OLI,2010-02-05 00:00:00,TS,-20.5,208.8,100,115,4,main
2010029S12177,2010,SP,OLI,2010-02-05 03:00:00,TS,-21.0,209.0, ,113,4,main
2010029S12177,2010,SP,OLI,2010-02-05 06:00:00,TS,-21.5,209.4,100,110,3,main
2010029S12177,2010,SP,OLI,2010-02-05 09:00:00,TS,-22.1,209.7, ,108,3,main
2010029S12177,2010,SP,OLI,2010-02-05 12:00:00,TS,-22.7,210.2,90,105,3,main
2010029S12177,2010,SP,OLI,2010-02-05 15:00:00,TS,-23.4,210.6, ,98,3,main
2010029S12177,2010,SP,OLI,2010-02-05 18:00:00,TS,-24.1,211.1,80,90,2,main
2010029S12177,2010,SP,OLI,2010-02-05 21:00:00,TS,-24.8,211.5, ,85,2,main
2010029S12177,2010,SP,OLI,2010-02-06 00:00:00,TS,-25.5,212.0,70,80,1,main
2010029S12177,2010,SP,OLI,2010-02-06 03:00:00,TS,-26.3,212.7, ,73,1,main
2010029S12177,2010,SP,OLI,2010-02-06 06:00:00,TS,-27.1,213.5,60,65,1,main
2010029S12177,2010,SP,OLI,2010-02-06 09:00:00,TS,-27.8,214.0, ,60,0,main
2010029S12177,2010,SP,OLI,2010-02-06 12:00:00,TS,-28.4,214.5,55,55,0,main
2010029S12177,2010,SP,OLI,2010-02-06 15:00:00,TS,-29.1,215.1, ,53,0,main
2010029S12177,2010,SP,OLI,2010-02-06 18:00:00,ET,-29.7,215.9,40,50,-4,main
2010029S12177,2010,SP,OLI,2010-02-06 21:00:00,ET,-30.2,217.0, ,45,-4,main
2010029S12177,2010,SP,OLI,2010-02-07 00:00:00,ET,-30.9,218.4,40,40,-4,main
2010029S12177,2010,SP,OLI,2010-02-07 03:00:00,NR,-31.8,220.4, , ,-4,main
2010029S12177,2010,SP,OLI,2010-02-07 06:00:00,NR,-32.7,222.4,50, ,-5,main
2010029S12177,2010,SP,OLI,2010-02-07 09:00:00,NR,-33.1,223.8, , ,-5,main
2010029S12177,2010,SP,OLI,2010-02-07 12:00:00,NR,-33.5,225.1,50, ,-5,main
2010029S12177,2010,SP,OLI,2010-02-07 15:00:00,NR,-34.1,226.9, , ,-5,main
2010029S12177,2010,SP,OLI,2010-02-07 18:00:00,NR,-35.0,228.9,40, ,-5,main
2010029S12177,2010,SP,OLI,2010-02-07 21:00:00,NR,-36.2,230.7, , ,-5,main
2010029S12177,2010,SP,OLI,2010-02-08 00:00:00,NR,-37.3,232.4,35, ,-5,main
2010029S12177,2010,SP,OLI,2010-02-08 03:00:00,NR,-38.1,233.8, , ,-5,main
2010029S12177,2010,SP,OLI,2010-02-08 06:00:00,NR,-38.6,235.3,40, ,-5,main
2010029S12177,2010,SP,OLI,2010-02-08 09:00:00,NR,-39.0,237.1, , ,-5,main
2010029S12177,2010,SP,OLI,2010-02-08 12:00:00,NR,-39.4,239.0,40, ,-5,main
2010029S12177,2010,SP,OLI,2010-02-08 15:00:00,NR,-39.8,240.6, , ,-5,main
2010029S12177,2010,SP,OLI,2010-02-08 18:00:00,NR,-40.2,242.0, , ,-5,main
2010358S13152,2011,SP,TASHA,2010-12-23 12:00:00,DS,-13.1,152.4, ,15,-3,main
2010358S13152,2011,SP,TASHA,2010-12-23 15:00:00,DS,-13.5,151.8, ,18,-3,main
2010358S13152,2011,SP,TASHA,2010-12-23 18:00:00,TS,-13.8,151.2, ,20,-1,main
2010358S13152,2011,SP,TASHA,2010-12-23 21:00:00,TS,-14.1,150.5, ,23,-1,main
2010358S13152,2011,SP,TASHA,2010-12-24 00:00:00,TS,-14.5,149.9,25,25,-1,main
2010358S13152,2011,SP,TASHA,2010-12-24 03:00:00,TS,-15.0,149.3,25,28,-1,main
2010358S13152,2011,SP,TASHA,2010-12-24 06:00:00,TS,-15.4,148.7,30,30,-1,main
2010358S13152,2011,SP,TASHA,2010-12-24 09:00:00,TS,-15.9,148.2,30,33,-1,main
2010358S13152,2011,SP,TASHA,2010-12-24 12:00:00,TS,-16.4,147.6,35,35,0,main
2010358S13152,2011,SP,TASHA,2010-12-24 15:00:00,TS,-16.6,146.8,35,38,0,main
2010358S13152,2011,SP,TASHA,2010-12-24 18:00:00,TS,-17.0,146.3,40,40,0,main
2010358S13152,2011,SP,TASHA,2010-12-24 19:30:00,TS,-17.2,146.0,40,40,0,main
2010358S13152,2011,SP,TASHA,2010-12-24 21:00:00,TS,-17.3,145.6,25,40,0,main
2010358S13152,2011,SP,TASHA,2010-12-25 00:00:00,TS,-17.7,145.2,25,40,0,main
2010358S13152,2011,SP,TASHA,2010-12-25 03:00:00,TS,-18.2,144.9, ,35,0,main
2010358S13152,2011,SP,TASHA,2010-12-25 06:00:00,TS,-18.7,144.6, ,30,-1,main
2010358S13152,2011,SP,TASHA,2010-12-25 09:00:00,TS,-19.1,144.4, ,25,-1,main
2010358S13152,2011,SP,TASHA,2010-12-25 12:00:00,DS,-19.6,144.1, ,20,-3,main
2010358S13152,2011,SP,TASHA,2010-12-25 15:00:00,DS,-20.1,143.8, ,20,-3,main
2010358S13152,2011,SP,TASHA,2010-12-25 18:00:00,DS,-20.6,143.4, ,20,-3,main
2010358S13152,2011,SP,TASHA,2010-12-25 21:00:00,DS,-21.1,143.0, ,20,-3,main
2010358S13152,2011,SP,TASHA,2010-12-26 00:00:00,DS,-21.5,142.5, ,20,-3,main
2011022S16146,2011,SP,ANTHONY,2011-01-22 00:00:00,TS,-16.1,146.2,20, ,-5,main
2011022S16146,2011,SP,ANTHONY,2011-01-22 03:00:00,TS,-15.9,146.4, , ,-5,main
2011022S16146,2011,SP,ANTHONY,2011-01-22 06:00:00,TS,-15.7,146.7,20, ,-5,main
2011022S16146,2011,SP,ANTHONY,2011-01-22 09:00:00,TS,-15.6,146.8, , ,-5,main
2011022S16146,2011,SP,ANTHONY,2011-01-22 12:00:00,MX,-15.5,147.0,30,25,-3,main
2011022S16146,2011,SP,ANTHONY,2011-01-22 15:00:00,MX,-15.5,147.4, ,25,-3,main
2011022S16146,2011,SP,ANTHONY,2011-01-22 18:00:00,TS,-15.4,147.9,30,25,-1,main
2011022S16146,2011,SP,ANTHONY,2011-01-22 21:00:00,TS,-15.4,148.4, ,30,-1,main
2011022S16146,2011,SP,ANTHONY,2011-01-23 00:00:00,TS,-15.4,149.0,35,35,0,main
2011022S16146,2011,SP,ANTHONY,2011-01-23 03:00:00,TS,-15.5,149.9, ,38,0,main
2011022S16146,2011,SP,ANTHONY,2011-01-23 06:00:00,TS,-15.8,151.0,40,40,0,main
2011022S16146,2011,SP,ANTHONY,2011-01-23 09:00:00,TS,-16.1,152.1, ,40,0,main
2011022S16146,2011,SP,ANTHONY,2011-01-23 12:00:00,TS,-16.4,153.2,45,40,0,main
2011022S16146,2011,SP,ANTHONY,2011-01-23 15:00:00,TS,-16.7,154.2, ,40,0,main
2011022S16146,2011,SP,ANTHONY,2011-01-23 18:00:00,TS,-17.0,155.1,40,40,0,main
2011022S16146,2011,SP,ANTHONY,2011-01-23 21:00:00,TS,-17.2,155.9, ,40,0,main
2011022S16146,2011,SP,ANTHONY,2011-01-24 00:00:00,TS,-17.6,156.6,35,40,0,main
2011022S16146,2011,SP,ANTHONY,2011-01-24 03:00:00,TS,-18.0,157.6, ,40,0,main
2011022S16146,2011,SP,ANTHONY,2011-01-24 06:00:00,TS,-18.4,158.6,40,40,0,main
2011022S16146,2011,SP,ANTHONY,2011-01-24 09:00:00,TS,-18.6,159.2, ,40,0,main
2011022S16146,2011,SP,ANTHONY,2011-01-24 12:00:00,TS,-18.7,159.8,45,40,0,main
2011022S16146,2011,SP,ANTHONY,2011-01-24 15:00:00,TS,-18.9,160.2, ,40,0,main
2011022S16146,2011,SP,ANTHONY,2011-01-24 18:00:00,TS,-19.1,160.6,35,40,0,main
2011022S16146,2011,SP,ANTHONY,2011-01-24 21:00:00,TS,-19.3,160.8, ,38,0,main
2011022S16146,2011,SP,ANTHONY,2011-01-25 00:00:00,TS,-19.5,160.8,35,35,0,main
2011022S16146,2011,SP,ANTHONY,2011-01-25 03:00:00,TS,-19.6,160.8, ,33,-1,main
2011022S16146,2011,SP,ANTHONY,2011-01-25 06:00:00,TS,-19.6,160.6,30,30,-1,main
2011022S16146,2011,SP,ANTHONY,2011-01-25 09:00:00,TS,-19.5,160.4, ,30,-1,main
2011022S16146,2011,SP,ANTHONY,2011-01-25 12:00:00,TS,-19.4,160.1,25,30,-1,main
2011022S16146,2011,SP,ANTHONY,2011-01-25 15:00:00,TS,-19.3,160.0, ,30,-1,main
2011022S16146,2011,SP,ANTHONY,2011-01-25 18:00:00,TS,-19.2,159.9,30,30,-1,main
2011022S16146,2011,SP,ANTHONY,2011-01-25 21:00:00,TS,-19.2,159.7, ,30,-1,main
2011022S16146,2011,SP,ANTHONY,2011-01-26 00:00:00,TS,-19.2,159.6,30,30,-1,main
2011022S16146,2011,SP,ANTHONY,2011-01-26 03:00:00,TS,-19.0,159.1, ,28,-1,main
2011022S16146,2011,SP,ANTHONY,2011-01-26 06:00:00,TS,-18.9,158.6,35,25,-1,main
2011022S16146,2011,SP,ANTHONY,2011-01-26 09:00:00,TS,-18.8,158.2, ,25,-1,main
2011022S16146,2011,SP,ANTHONY,2011-01-26 12:00:00,TS,-18.7,157.8,40,25,-1,main
2011022S16146,2011,SP,ANTHONY,2011-01-26 15:00:00,TS,-18.5,157.2, ,25,-1,main
2011022S16146,2011,SP,ANTHONY,2011-01-26 18:00:00,TS,-18.3,156.7,30,25,-1,main
2011022S16146,2011,SP,ANTHONY,2011-01-26 21:00:00,TS,-18.1,156.1, ,25,-1,main
2011022S16146,2011,SP,ANTHONY,2011-01-27 00:00:00,TS,-17.9,155.6,30,25,-1,main
2011022S16146,2011,SP,ANTHONY,2011-01-27 03:00:00,TS,-17.7,155.3, ,25,-1,main
2011022S16146,2011,SP,ANTHONY,2011-01-27 06:00:00,TS,-17.5,155.1,25,25,-1,main
2011022S16146,2011,SP,ANTHONY,2011-01-27 09:00:00,TS,-17.1,154.8, ,25,-1,main
2011022S16146,2011,SP,ANTHONY,2011-01-27 12:00:00,TS,-16.7,154.8,30,25,-1,main
2011022S16146,2011,SP,ANTHONY,2011-01-27 15:00:00,TS,-16.5,155.2, ,25,-1,main
2011022S16146,2011,SP,ANTHONY,2011-01-27 18:00:00,TS,-16.3,155.6,35,25,-1,main
2011022S16146,2011,SP,ANTHONY,2011-01-27 21:00:00,TS,-16.2,155.6, ,28,-1,main
2011022S16146,2011,SP,ANTHONY,2011-01-28 00:00:00,TS,-16.1,155.5,40,30,-1,main
2011022S16146,2011,SP,ANTHONY,2011-01-28 03:00:00,TS,-16.0,155.4, ,30,-1,main
2011022S16146,2011,SP,ANTHONY,2011-01-28 06:00:00,TS,-15.9,155.3,35,30,-1,main
2011022S16146,2011,SP,ANTHONY,2011-01-28 09:00:00,TS,-15.7,155.1, ,30,-1,main
2011022S16146,2011,SP,ANTHONY,2011-01-28 12:00:00,TS,-15.5,155.0,30,30,-1,main
2011022S16146,2011,SP,ANTHONY,2011-01-28 15:00:00,TS,-15.4,154.9, ,30,-1,main
2011022S16146,2011,SP,ANTHONY,2011-01-28 18:00:00,TS,-15.3,154.7,25,30,-1,main
2011022S16146,2011,SP,ANTHONY,2011-01-28 21:00:00,TS,-15.2,154.5, ,28,-1,main
2011022S16146,2011,SP,ANTHONY,2011-01-29 00:00:00,TS,-15.2,154.3,25,25,-1,main
2011022S16146,2011,SP,ANTHONY,2011-01-29 03:00:00,TS,-15.3,154.1, ,25,-1,main
2011022S16146,2011,SP,ANTHONY,2011-01-29 06:00:00,TS,-15.5,153.8,30,25,-1,main
2011022S16146,2011,SP,ANTHONY,2011-01-29 09:00:00,TS,-15.8,153.6, ,28,-1,main
2011022S16146,2011,SP,ANTHONY,2011-01-29 12:00:00,TS,-16.2,153.4,30,30,-1,main
2011022S16146,2011,SP,ANTHONY,2011-01-29 15:00:00,TS,-16.6,153.0, ,33,-1,main
2011022S16146,2011,SP,ANTHONY,2011-01-29 18:00:00,TS,-17.2,152.5,35,35,0,main
2011022S16146,2011,SP,ANTHONY,2011-01-29 21:00:00,TS,-17.7,151.8, ,38,0,main
2011022S16146,2011,SP,ANTHONY,2011-01-30 00:00:00,TS,-18.3,151.1,40,40,0,main
2011022S16146,2011,SP,ANTHONY,2011-01-30 03:00:00,TS,-18.8,150.3, ,45,0,main
2011022S16146,2011,SP,ANTHONY,2011-01-30 06:00:00,TS,-19.3,149.5,50,50,0,main
2011022S16146,2011,SP,ANTHONY,2011-01-30 09:00:00,TS,-19.6,148.8, ,53,0,main
2011022S16146,2011,SP,ANTHONY,2011-01-30 12:00:00,TS,-20.0,148.2,50,55,0,main
2011022S16146,2011,SP,ANTHONY,2011-01-30 13:00:00,TS,-20.1,147.9,50,52,0,main
2011022S16146,2011,SP,ANTHONY,2011-01-30 15:00:00,TS,-20.6,147.4, ,48,0,main
2011022S16146,2011,SP,ANTHONY,2011-01-30 18:00:00,TS,-21.3,146.7,25,40,0,main
2011022S16146,2011,SP,ANTHONY,2011-01-30 21:00:00,TS,-22.0,145.8, ,35,0,main
2011022S16146,2011,SP,ANTHONY,2011-01-31 00:00:00,TS,-22.5,144.9,20,30,-1,main
2011028S13180,2011,SP,YASI,2011-01-28 00:00:00,NR,-13.2,179.7,20, ,-5,main
2011028S13180,2011,SP,YASI,2011-01-28 03:00:00,NR,-13.0,179.5, , ,-5,main
2011028S13180,2011,SP,YASI,2011-01-28 06:00:00,NR,-13.0,179.1,25, ,-5,main
2011028S13180,2011,SP,YASI,2011-01-28 09:00:00,NR,-13.3,178.2, , ,-5,main
2011028S13180,2011,SP,YASI,2011-01-28 12:00:00,NR,-13.8,177.0,25, ,-5,main
2011028S13180,2011,SP,YASI,2011-01-28 15:00:00,NR,-14.2,175.4, , ,-5,main
2011028S13180,2011,SP,YASI,2011-01-28 18:00:00,NR,-14.5,174.1,25, ,-5,main
2011028S13180,2011,SP,YASI,2011-01-28 21:00:00,NR,-14.4,173.7, , ,-5,main
2011028S13180,2011,SP,YASI,2011-01-29 00:00:00,TS,-14.3,173.7,25,20,-1,main
2011028S13180,2011,SP,YASI,2011-01-29 03:00:00,TS,-14.4,173.4, ,23,-1,main
2011028S13180,2011,SP,YASI,2011-01-29 06:00:00,TS,-14.3,172.9,25,25,-1,main
2011028S13180,2011,SP,YASI,2011-01-29 09:00:00,TS,-14.1,172.2, ,28,-1,main
2011028S13180,2011,SP,YASI,2011-01-29 12:00:00,TS,-13.8,171.6,25,30,-1,main
2011028S13180,2011,SP,YASI,2011-01-29 15:00:00,TS,-13.6,171.3, ,30,-1,main
2011028S13180,2011,SP,YASI,2011-01-29 18:00:00,TS,-13.4,171.1,30,30,-1,main
2011028S13180,2011,SP,YASI,2011-01-29 21:00:00,TS,-13.3,170.7, ,35,0,main
2011028S13180,2011,SP,YASI,2011-01-30 00:00:00,TS,-13.2,170.2,30,40,0,main
2011028S13180,2011,SP,YASI,2011-01-30 03:00:00,TS,-13.2,169.7, ,43,0,main
2011028S13180,2011,SP,YASI,2011-01-30 06:00:00,TS,-13.3,169.1,35,45,0,main
2011028S13180,2011,SP,YASI,2011-01-30 09:00:00,TS,-13.4,168.4, ,48,0,main
2011028S13180,2011,SP,YASI,2011-01-30 12:00:00,TS,-13.5,167.6,45,50,0,main
2011028S13180,2011,SP,YASI,2011-01-30 15:00:00,TS,-13.6,166.8, ,55,0,main
2011028S13180,2011,SP,YASI,2011-01-30 18:00:00,TS,-13.6,166.0,45,60,0,main
2011028S13180,2011,SP,YASI,2011-01-30 21:00:00,TS,-13.7,165.1, ,63,0,main
2011028S13180,2011,SP,YASI,2011-01-31 00:00:00,TS,-13.7,164.3,55,65,1,main
2011028S13180,2011,SP,YASI,2011-01-31 03:00:00,TS,-13.7,163.4, ,70,1,main
2011028S13180,2011,SP,YASI,2011-01-31 06:00:00,TS,-13.6,162.4,65,75,1,main
2011028S13180,2011,SP,YASI,2011-01-31 09:00:00,TS,-13.6,161.7, ,83,2,main
2011028S13180,2011,SP,YASI,2011-01-31 12:00:00,TS,-13.5,160.7,80,90,2,main
2011028S13180,2011,SP,YASI,2011-01-31 14:00:00,TS,-13.6,159.9, ,90,2,main
2011028S13180,2011,SP,YASI,2011-01-31 15:00:00,TS,-13.6,159.5, ,90,2,main
2011028S13180,2011,SP,YASI,2011-01-31 18:00:00,TS,-13.7,158.6,75,90,2,main
2011028S13180,2011,SP,YASI,2011-01-31 21:00:00,TS,-13.9,157.6, ,93,2,main
2011028S13180,2011,SP,YASI,2011-02-01 00:00:00,TS,-14.1,156.7,80,95,2,main
2011028S13180,2011,SP,YASI,2011-02-01 03:00:00,TS,-14.2,155.8, ,98,3,main
2011028S13180,2011,SP,YASI,2011-02-01 06:00:00,TS,-14.4,155.0,90,100,3,main
2011028S13180,2011,SP,YASI,2011-02-01 09:00:00,TS,-14.6,154.1, ,110,3,main
2011028S13180,2011,SP,YASI,2011-02-01 12:00:00,TS,-15.0,153.3,105,120,4,main
2011028S13180,2011,SP,YASI,2011-02-01 15:00:00,TS,-15.3,152.5, ,123,4,main
2011028S13180,2011,SP,YASI,2011-02-01 18:00:00,TS,-15.8,151.7,105,125,4,main
2011028S13180,2011,SP,YASI,2011-02-01 21:00:00,TS,-16.1,150.7, ,128,4,main
2011028S13180,2011,SP,YASI,2011-02-02 00:00:00,TS,-16.5,149.8,105,130,4,main
2011028S13180,2011,SP,YASI,2011-02-02 03:00:00,TS,-16.8,148.9, ,133,4,main
2011028S13180,2011,SP,YASI,2011-02-02 06:00:00,TS,-17.1,148.1,110,135,4,main
2011028S13180,2011,SP,YASI,2011-02-02 09:00:00,TS,-17.2,147.5, ,135,4,main
2011028S13180,2011,SP,YASI,2011-02-02 12:00:00,TS,-17.5,146.9,110,135,4,main
2011028S13180,2011,SP,YASI,2011-02-02 14:30:00,TS,-17.9,146.1,110,125,4,main
2011028S13180,2011,SP,YASI,2011-02-02 15:00:00,TS,-17.9,146.0, ,123,4,main
2011028S13180,2011,SP,YASI,2011-02-02 18:00:00,TS,-18.4,145.1,85,110,3,main
2011028S13180,2011,SP,YASI,2011-02-02 21:00:00,TS,-18.9,144.1, ,95,2,main
2011028S13180,2011,SP,YASI,2011-02-03 00:00:00,TS,-19.3,143.2,50,80,1,main
2011028S13180,2011,SP,YASI,2011-02-03 03:00:00,TS,-19.7,142.3, ,65,1,main
2011028S13180,2011,SP,YASI,2011-02-03 06:00:00,TS,-19.9,141.6,35,50,0,main
2011028S13180,2011,SP,YASI,2011-02-03 09:00:00,TS,-20.2,141.0, ,45,0,main
2011028S13180,2011,SP,YASI,2011-02-03 12:00:00,TS,-20.4,140.4,30,40,0,main
2011028S13180,2011,SP,YASI,2011-02-03 15:00:00,TS,-20.7,139.9, ,35,0,main
2011028S13180,2011,SP,YASI,2011-02-03 18:00:00,TS,-21.0,139.4, ,30,-1,main
2011028S13180,2011,SP,YASI,2011-02-03 21:00:00,TS,-21.3,138.9, ,30,-1,main
2011028S13180,2011,SP,YASI,2011-02-04 00:00:00,TS,-21.6,138.5, ,30,-1,main
2011028S13180,2011,SP,YASI,2011-02-04 03:00:00,TS,-22.0,138.1, ,28,-1,main
2011028S13180,2011,SP,YASI,2011-02-04 06:00:00,TS,-22.4,137.8, ,25,-1,main
2011028S13180,2011,SP,YASI,2011-02-04 09:00:00,TS,-22.8,137.4, ,25,-1,main
2011028S13180,2011,SP,YASI,2011-02-04 12:00:00,TS,-23.2,137.0, ,25,-1,main
2011028S13180,2011,SP,YASI,2011-02-04 15:00:00,TS,-23.7,136.7, ,25,-1,main
2011028S13180,2011,SP,YASI,2011-02-04 18:00:00,TS,-24.2,136.4, ,25,-1,main
2011028S13180,2011,SP,YASI,2011-02-04 21:00:00,TS,-24.6,135.9, ,25,-1,main
2011028S13180,2011,SP,YASI,2011-02-05 00:00:00,TS,-24.9,135.4, ,25,-1,main
2011028S13180,2011,SP,YASI,2011-02-05 03:00:00,TS,-25.2,135.2, ,25,-1,main
2011028S13180,2011,SP,YASI,2011-02-05 06:00:00,TS,-25.3,135.1, ,25,-1,main
2011028S13180,2011,SI,YASI,2011-02-05 09:00:00,TS,-25.3,134.8, ,25,-1,main
2011028S13180,2011,SI,YASI,2011-02-05 12:00:00,TS,-25.3,134.5, ,25,-1,main
2011028S13180,2011,SI,YASI,2011-02-05 15:00:00,TS,-25.2,134.2, ,25,-1,main
2011028S13180,2011,SI,YASI,2011-02-05 18:00:00,TS,-25.1,133.8, ,25,-1,main
2011028S13180,2011,SI,YASI,2011-02-05 21:00:00,TS,-25.0,133.3, ,25,-1,main
2011028S13180,2011,SI,YASI,2011-02-06 00:00:00,TS,-25.0,132.8, ,25,-1,main
2011028S13180,2011,SI,YASI,2011-02-06 03:00:00,TS,-24.9,132.2, ,25,-1,main
2011028S13180,2011,SI,YASI,2011-02-06 06:00:00,TS,-24.8,131.6, ,25,-1,main
2011028S13180,2011,SI,YASI,2011-02-06 09:00:00,TS,-24.7,131.2, ,25,-1,main
2011028S13180,2011,SI,YASI,2011-02-06 12:00:00,TS,-24.7,130.9, ,25,-1,main
2011028S13180,2011,SI,YASI,2011-02-06 15:00:00,TS,-24.7,130.4, ,25,-1,main
2011028S13180,2011,SI,YASI,2011-02-06 18:00:00,TS,-24.7,129.8, ,25,-1,main
2012032S15141,2012,SP,JASMINE,2012-01-31 18:00:00,TS,-15.3,140.9,20, ,-5,main
2012032S15141,2012,SP,JASMINE,2012-01-31 21:00:00,TS,-15.2,140.7, , ,-5,main
2012032S15141,2012,SP,JASMINE,2012-02-01 00:00:00,TS,-15.2,140.6,25, ,-5,main
2012032S15141,2012,SP,JASMINE,2012-02-01 03:00:00,TS,-15.3,140.7, , ,-5,main
2012032S15141,2012,SP,JASMINE,2012-02-01 06:00:00,TS,-15.4,140.8,25, ,-5,main
2012032S15141,2012,SP,JASMINE,2012-02-01 09:00:00,TS,-15.5,140.8, , ,-5,main
2012032S15141,2012,SP,JASMINE,2012-02-01 12:00:00,TS,-15.5,140.8,25, ,-5,main
2012032S15141,2012,SP,JASMINE,2012-02-01 15:00:00,TS,-15.3,141.0, , ,-5,main
2012032S15141,2012,SP,JASMINE,2012-02-01 18:00:00,TS,-15.1,141.3,25, ,-5,main
2012032S15141,2012,SP,JASMINE,2012-02-01 21:00:00,TS,-14.9,141.6, , ,-5,main
2012032S15141,2012,SP,JASMINE,2012-02-02 00:00:00,TS,-14.8,142.0,25, ,-5,main
2012032S15141,2012,SP,JASMINE,2012-02-02 03:00:00,TS,-14.9,142.4, , ,-5,main
2012032S15141,2012,SP,JASMINE,2012-02-02 06:00:00,TS,-15.1,142.9,25, ,-5,main
2012032S15141,2012,SP,JASMINE,2012-02-02 09:00:00,TS,-15.2,143.2, , ,-5,main
2012032S15141,2012,SP,JASMINE,2012-02-02 12:00:00,TS,-15.2,143.7,20, ,-5,main
2012032S15141,2012,SP,JASMINE,2012-02-02 15:00:00,TS,-15.2,144.4, , ,-5,main
2012032S15141,2012,SP,JASMINE,2012-02-02 18:00:00,MX,-15.2,145.5,25,20,-3,main
2012032S15141,2012,SP,JASMINE,2012-02-02 21:00:00,MX,-15.5,146.5, ,20,-3,main
2012032S15141,2012,SP,JASMINE,2012-02-03 00:00:00,MX,-15.8,147.4,25,20,-3,main
2012032S15141,2012,SP,JASMINE,2012-02-03 03:00:00,MX,-16.2,147.9, ,23,-3,main
2012032S15141,2012,SP,JASMINE,2012-02-03 06:00:00,TS,-16.6,148.4,25,25,-1,main
2012032S15141,2012,SP,JASMINE,2012-02-03 09:00:00,TS,-16.8,148.9, ,25,-1,main
2012032S15141,2012,SP,JASMINE,2012-02-03 12:00:00,TS,-17.0,149.3,30,25,-1,main
2012032S15141,2012,SP,JASMINE,2012-02-03 15:00:00,TS,-17.1,149.6, ,25,-1,main
2012032S15141,2012,SP,JASMINE,2012-02-03 18:00:00,TS,-17.2,149.8,35,25,-1,main
2012032S15141,2012,SP,JASMINE,2012-02-03 21:00:00,TS,-17.2,149.9, ,28,-1,main
2012032S15141,2012,SP,JASMINE,2012-02-04 00:00:00,TS,-17.3,150.0,40,30,-1,main
2012032S15141,2012,SP,JASMINE,2012-02-04 03:00:00,TS,-17.3,150.1, ,33,-1,main
2012032S15141,2012,SP,JASMINE,2012-02-04 06:00:00,TS,-17.3,150.3,40,35,0,main
2012032S15141,2012,SP,JASMINE,2012-02-04 09:00:00,TS,-17.2,150.4, ,40,0,main
2012032S15141,2012,SP,JASMINE,2012-02-04 12:00:00,TS,-17.1,150.7,40,45,0,main
2012032S15141,2012,SP,JASMINE,2012-02-04 15:00:00,TS,-17.0,151.0, ,45,0,main
2012032S15141,2012,SP,JASMINE,2012-02-04 18:00:00,TS,-17.0,151.5,40,45,0,main
2012032S15141,2012,SP,JASMINE,2012-02-04 21:00:00,TS,-17.0,152.0, ,45,0,main
2012032S15141,2012,SP,JASMINE,2012-02-05 00:00:00,TS,-17.1,152.6,40,45,0,main
2012032S15141,2012,SP,JASMINE,2012-02-05 03:00:00,TS,-17.2,153.2, ,45,0,main
2012032S15141,2012,SP,JASMINE,2012-02-05 06:00:00,TS,-17.3,153.9,40,45,0,main
2012032S15141,2012,SP,JASMINE,2012-02-05 09:00:00,TS,-17.3,154.5, ,48,0,main
2012032S15141,2012,SP,JASMINE,2012-02-05 12:00:00,TS,-17.2,155.2,40,50,0,main
2012032S15141,2012,SP,JASMINE,2012-02-05 15:00:00,TS,-17.0,155.7, ,50,0,main
2012032S15141,2012,SP,JASMINE,2012-02-05 18:00:00,TS,-16.9,156.3,45,50,0,main
2012032S15141,2012,SP,JASMINE,2012-02-05 21:00:00,TS,-16.9,157.0, ,53,0,main
2012032S15141,2012,SP,JASMINE,2012-02-06 00:00:00,TS,-17.0,157.8,50,55,0,main
2012032S15141,2012,SP,JASMINE,2012-02-06 03:00:00,TS,-17.0,158.3, ,58,0,main
2012032S15141,2012,SP,JASMINE,2012-02-06 06:00:00,TS,-17.0,158.9,60,60,0,main
2012032S15141,2012,SP,JASMINE,2012-02-06 09:00:00,TS,-17.1,159.6, ,60,0,main
2012032S15141,2012,SP,JASMINE,2012-02-06 12:00:00,TS,-17.2,160.2,60,60,0,main
2012032S15141,2012,SP,JASMINE,2012-02-06 15:00:00,TS,-17.3,161.0, ,65,1,main
2012032S15141,2012,SP,JASMINE,2012-02-06 18:00:00,TS,-17.5,161.7,65,70,1,main
2012032S15141,2012,SP,JASMINE,2012-02-06 21:00:00,TS,-17.8,162.5, ,78,1,main
2012032S15141,2012,SP,JASMINE,2012-02-07 00:00:00,TS,-18.1,163.2,70,85,2,main
2012032S15141,2012,SP,JASMINE,2012-02-07 03:00:00,TS,-18.3,163.9, ,93,2,main
2012032S15141,2012,SP,JASMINE,2012-02-07 06:00:00,TS,-18.6,164.6,90,100,3,main
2012032S15141,2012,SP,JASMINE,2012-02-07 09:00:00,TS,-18.7,165.2, ,103,3,main
2012032S15141,2012,SP,JASMINE,2012-02-07 12:00:00,TS,-18.8,165.8,100,105,3,main
2012032S15141,2012,SP,JASMINE,2012-02-07 15:00:00,TS,-19.0,166.5, ,105,3,main
2012032S15141,2012,SP,JASMINE,2012-02-07 18:00:00,TS,-19.3,167.1,105,105,3,main
2012032S15141,2012,SP,JASMINE,2012-02-07 21:00:00,TS,-19.5,167.7, ,108,3,main
2012032S15141,2012,SP,JASMINE,2012-02-08 00:00:00,TS,-19.8,168.3,105,110,3,main
2012032S15141,2012,SP,JASMINE,2012-02-08 03:00:00,TS,-20.2,168.8, ,110,3,main
2012032S15141,2012,SP,JASMINE,2012-02-08 06:00:00,TS,-20.6,169.4,105,110,3,main
2012032S15141,2012,SP,JASMINE,2012-02-08 09:00:00,TS,-20.9,169.7, ,113,4,main
2012032S15141,2012,SP,JASMINE,2012-02-08 12:00:00,TS,-21.1,170.0,105,115,4,main
2012032S15141,2012,SP,JASMINE,2012-02-08 15:00:00,TS,-21.4,170.3, ,115,4,main
2012032S15141,2012,SP,JASMINE,2012-02-08 18:00:00,TS,-21.8,170.6,100,115,4,main
2012032S15141,2012,SP,JASMINE,2012-02-08 21:00:00,TS,-22.1,170.7, ,113,4,main
2012032S15141,2012,SP,JASMINE,2012-02-09 00:00:00,TS,-22.5,170.9,100,110,3,main
2012032S15141,2012,SP,JASMINE,2012-02-09 03:00:00,TS,-22.9,171.0, ,105,3,main
2012032S15141,2012,SP,JASMINE,2012-02-09 06:00:00,TS,-23.3,171.1,95,100,3,main
2012032S15141,2012,SP,JASMINE,2012-02-09 09:00:00,TS,-23.6,171.2, ,98,3,main
2012032S15141,2012,SP,JASMINE,2012-02-09 12:00:00,TS,-23.9,171.3,90,95,2,main
2012032S15141,2012,SP,JASMINE,2012-02-09 15:00:00,TS,-24.2,171.5, ,93,2,main
2012032S15141,2012,SP,JASMINE,2012-02-09 18:00:00,TS,-24.6,171.7,80,90,2,main
2012032S15141,2012,SP,JASMINE,2012-02-09 21:00:00,TS,-25.0,171.9, ,85,2,main
2012032S15141,2012,SP,JASMINE,2012-02-10 00:00:00,TS,-25.3,172.2,70,80,1,main
2012032S15141,2012,SP,JASMINE,2012-02-10 03:00:00,TS,-25.5,172.5, ,80,1,main
2012032S15141,2012,SP,JASMINE,2012-02-10 06:00:00,TS,-25.7,172.8,70,80,1,main
2012032S15141,2012,SP,JASMINE,2012-02-10 09:00:00,TS,-25.9,173.1, ,78,1,main
2012032S15141,2012,SP,JASMINE,2012-02-10 12:00:00,TS,-26.1,173.6,70,75,1,main
2012032S15141,2012,SP,JASMINE,2012-02-10 15:00:00,TS,-26.2,174.0, ,75,1,main
2012032S15141,2012,SP,JASMINE,2012-02-10 18:00:00,TS,-26.3,174.5,70,75,1,main
2012032S15141,2012,SP,JASMINE,2012-02-10 21:00:00,TS,-26.3,175.0, ,75,1,main
2012032S15141,2012,SP,JASMINE,2012-02-11 00:00:00,TS,-26.3,175.6,65,75,1,main
2012032S15141,2012,SP,JASMINE,2012-02-11 03:00:00,TS,-26.3,176.0, ,75,1,main
2012032S15141,2012,SP,JASMINE,2012-02-11 06:00:00,TS,-26.3,176.6,65,75,1,main
2012032S15141,2012,SP,JASMINE,2012-02-11 09:00:00,TS,-26.2,177.1, ,70,1,main
2012032S15141,2012,SP,JASMINE,2012-02-11 12:00:00,TS,-26.1,177.6,60,65,1,main
2012032S15141,2012,SP,JASMINE,2012-02-11 15:00:00,TS,-26.0,178.0, ,55,0,main
2012032S15141,2012,SP,JASMINE,2012-02-11 18:00:00,TS,-25.9,178.5,50,45,0,main
2012032S15141,2012,SP,JASMINE,2012-02-11 21:00:00,TS,-25.7,178.9, ,45,0,main
2012032S15141,2012,SP,JASMINE,2012-02-12 00:00:00,TS,-25.4,179.4,45,45,0,main
2012032S15141,2012,SP,JASMINE,2012-02-12 03:00:00,TS,-25.1,179.9, ,40,0,main
2012032S15141,2012,SP,JASMINE,2012-02-12 06:00:00,TS,-24.8,180.5,45,35,0,main
2012032S15141,2012,SP,JASMINE,2012-02-12 09:00:00,TS,-24.5,181.1, ,35,0,main
2012032S15141,2012,SP,JASMINE,2012-02-12 12:00:00,TS,-24.2,181.6,40,35,0,main
2012032S15141,2012,SP,JASMINE,2012-02-12 15:00:00,TS,-23.7,182.0, ,35,0,main
2012032S15141,2012,SP,JASMINE,2012-02-12 18:00:00,TS,-23.3,182.4,40,35,0,main
2012032S15141,2012,SP,JASMINE,2012-02-12 21:00:00,TS,-23.1,182.6, ,35,0,main
2012032S15141,2012,SP,JASMINE,2012-02-13 00:00:00,TS,-23.0,182.9,35,35,0,main
2012032S15141,2012,SP,JASMINE,2012-02-13 03:00:00,TS,-22.8,183.2, ,35,0,main
2012032S15141,2012,SP,JASMINE,2012-02-13 06:00:00,TS,-22.6,183.5,35,35,0,main
2012032S15141,2012,SP,JASMINE,2012-02-13 09:00:00,TS,-22.3,183.6, ,35,0,main
2012032S15141,2012,SP,JASMINE,2012-02-13 12:00:00,TS,-22.0,183.8,35,35,0,main
2012032S15141,2012,SP,JASMINE,2012-02-13 15:00:00,TS,-21.7,183.8, ,35,0,main
2012032S15141,2012,SP,JASMINE,2012-02-13 18:00:00,TS,-21.6,183.9,35,35,0,main
2012032S15141,2012,SP,JASMINE,2012-02-13 21:00:00,TS,-21.4,183.9, ,35,0,main
2012032S15141,2012,SP,JASMINE,2012-02-14 00:00:00,TS,-21.4,184.0,35,35,0,main
2012032S15141,2012,SP,JASMINE,2012-02-14 03:00:00,TS,-21.3,184.0, ,35,0,main
2012032S15141,2012,SP,JASMINE,2012-02-14 06:00:00,TS,-21.2,184.0,45,35,0,main
2012032S15141,2012,SP,JASMINE,2012-02-14 09:00:00,TS,-21.1,184.0, ,35,0,main
2012032S15141,2012,SP,JASMINE,2012-02-14 12:00:00,TS,-21.1,184.0,45,35,0,main
2012032S15141,2012,SP,JASMINE,2012-02-14 15:00:00,TS,-21.1,183.8, ,35,0,main
2012032S15141,2012,SP,JASMINE,2012-02-14 18:00:00,TS,-21.1,183.6,45,35,0,main
2012032S15141,2012,SP,JASMINE,2012-02-14 21:00:00,TS,-21.1,183.4, ,33,-1,main
2012032S15141,2012,SP,JASMINE,2012-02-15 00:00:00,TS,-21.2,183.3,40,30,-1,main
2012032S15141,2012,SP,JASMINE,2012-02-15 03:00:00,TS,-21.2,183.1, ,30,-1,main
2012032S15141,2012,SP,JASMINE,2012-02-15 06:00:00,TS,-21.3,183.0,40,30,-1,main
2012032S15141,2012,SP,JASMINE,2012-02-15 09:00:00,TS,-21.5,182.9, ,33,-1,main
2012032S15141,2012,SP,JASMINE,2012-02-15 12:00:00,TS,-21.7,182.9,40,35,0,main
2012032S15141,2012,SP,JASMINE,2012-02-15 15:00:00,TS,-21.9,182.8, ,35,0,main
2012032S15141,2012,SP,JASMINE,2012-02-15 18:00:00,TS,-22.3,182.9,40,35,0,main
2012032S15141,2012,SP,JASMINE,2012-02-15 21:00:00,TS,-22.6,183.2, ,35,0,main
2012032S15141,2012,SP,JASMINE,2012-02-16 00:00:00,TS,-23.0,183.5,35,35,0,main
2012032S15141,2012,SP,JASMINE,2012-02-16 03:00:00,TS,-23.3,183.6, ,35,0,main
2012032S15141,2012,SP,JASMINE,2012-02-16 06:00:00,TS,-23.7,183.9,35,35,0,main
2012032S15141,2012,SP,JASMINE,2012-02-16 09:00:00,TS,-24.2,184.2, ,33,-1,main
2012032S15141,2012,SP,JASMINE,2012-02-16 12:00:00,TS,-24.7,184.4,30,30,-1,main
2012032S15141,2012,SP,JASMINE,2012-02-16 15:00:00,TS,-25.0,184.5, ,28,-1,main
2012032S15141,2012,SP,JASMINE,2012-02-16 18:00:00,DS,-25.3,184.3, ,25,-3,main
2013020S16137,2013,SP,OSWALD,2013-01-20 00:00:00,TS,-16.3,136.8,20, ,-5,main
2013020S16137,2013,SP,OSWALD,2013-01-20 03:00:00,TS,-16.3,136.9, , ,-5,main
2013020S16137,2013,SP,OSWALD,2013-01-20 06:00:00,TS,-16.3,137.0,20, ,-5,main
2013020S16137,2013,SP,OSWALD,2013-01-20 09:00:00,TS,-16.3,137.0, , ,-5,main
2013020S16137,2013,SP,OSWALD,2013-01-20 12:00:00,TS,-16.3,137.3,25,25,-1,main
2013020S16137,2013,SP,OSWALD,2013-01-20 15:00:00,TS,-16.0,138.1, ,25,-1,main
2013020S16137,2013,SP,OSWALD,2013-01-20 18:00:00,TS,-15.7,139.0,30,25,-1,main
2013020S16137,2013,SP,OSWALD,2013-01-20 21:00:00,TS,-15.7,139.6, ,28,-1,main
2013020S16137,2013,SP,OSWALD,2013-01-21 00:00:00,TS,-15.9,140.1,30,30,-1,main
2013020S16137,2013,SP,OSWALD,2013-01-21 03:00:00,TS,-15.9,140.5, ,35,0,main
2013020S16137,2013,SP,OSWALD,2013-01-21 06:00:00,TS,-15.8,140.9,35,40,0,main
2013020S16137,2013,SP,OSWALD,2013-01-21 09:00:00,TS,-15.7,141.2, ,43,0,main
2013020S16137,2013,SP,OSWALD,2013-01-21 12:00:00,TS,-15.5,141.4,40,45,0,main
2013020S16137,2013,SP,OSWALD,2013-01-21 15:00:00,TS,-15.3,141.6, ,40,0,main
2013020S16137,2013,SP,OSWALD,2013-01-21 18:00:00,TS,-15.1,141.8,40,35,0,main
2013020S16137,2013,SP,OSWALD,2013-01-21 21:00:00,TS,-14.7,141.8, ,33,-1,main
2013020S16137,2013,SP,OSWALD,2013-01-22 00:00:00,TS,-14.5,142.1,30,30,-1,main
2013020S16137,2013,SP,OSWALD,2013-01-22 03:00:00,TS,-14.2,142.6, ,30,-1,main
2013020S16137,2013,SP,OSWALD,2013-01-22 06:00:00,TS,-14.1,143.2,30,30,-1,main
2013020S16137,2013,SP,OSWALD,2013-01-22 09:00:00,TS,-14.2,143.8, ,30,-1,main
2013020S16137,2013,SP,OSWALD,2013-01-22 12:00:00,TS,-14.6,144.4,30,30,-1,main
2013020S16137,2013,SP,OSWALD,2013-01-22 15:00:00,TS,-15.1,144.6, ,30,-1,main
2013020S16137,2013,SP,OSWALD,2013-01-22 18:00:00,TS,-15.5,144.7,30,30,-1,main
2013020S16137,2013,SP,OSWALD,2013-01-22 21:00:00,TS,-15.7,144.7, ,28,-1,main
2013020S16137,2013,SP,OSWALD,2013-01-23 00:00:00,TS,-15.9,144.7,30,25,-1,main
2013020S16137,2013,SP,OSWALD,2013-01-23 03:00:00,TS,-16.1,144.7, ,25,-1,main
2013020S16137,2013,SP,OSWALD,2013-01-23 06:00:00,TS,-16.4,144.7,30,25,-1,main
2013020S16137,2013,SP,OSWALD,2013-01-23 09:00:00,TS,-16.7,144.7, ,23,-1,main
2013020S16137,2013,SP,OSWALD,2013-01-23 12:00:00,MX,-17.0,144.8,30,20,-3,main
2013020S16137,2013,SP,OSWALD,2013-01-23 15:00:00,MX,-17.4,144.8, ,20,-3,main
2013020S16137,2013,SP,OSWALD,2013-01-23 18:00:00,MX,-17.8,145.0,30,20,-3,main
2013020S16137,2013,SP,OSWALD,2013-01-23 21:00:00,TS,-18.3,145.2, , ,-3,main
2013020S16137,2013,SP,OSWALD,2013-01-24 00:00:00,TS,-18.8,145.6,30, ,-5,main
2013020S16137,2013,SP,OSWALD,2013-01-24 03:00:00,TS,-19.3,146.2, , ,-5,main
2013020S16137,2013,SP,OSWALD,2013-01-24 06:00:00,TS,-19.9,146.9,30, ,-5,main
2013020S16137,2013,SP,OSWALD,2013-01-24 09:00:00,TS,-20.6,147.4, , ,-5,main
2013020S16137,2013,SP,OSWALD,2013-01-24 12:00:00,TS,-21.2,147.7,30, ,-5,main
2013020S16137,2013,SP,OSWALD,2013-01-24 15:00:00,TS,-21.4,148.0, , ,-5,main
2013020S16137,2013,SP,OSWALD,2013-01-24 18:00:00,TS,-21.5,148.2,30, ,-5,main
2013020S16137,2013,SP,OSWALD,2013-01-24 21:00:00,TS,-21.9,148.4, , ,-5,main
2013020S16137,2013,SP,OSWALD,2013-01-25 00:00:00,TS,-22.4,148.6,30, ,-5,main
2013020S16137,2013,SP,OSWALD,2013-01-25 03:00:00,TS,-22.7,149.0, , ,-5,main
2013020S16137,2013,SP,OSWALD,2013-01-25 06:00:00,TS,-22.9,149.3,30, ,-5,main
2013020S16137,2013,SP,OSWALD,2013-01-25 09:00:00,TS,-23.0,149.4, , ,-5,main
2013020S16137,2013,SP,OSWALD,2013-01-25 12:00:00,TS,-23.0,149.3,30, ,-5,main
2013020S16137,2013,SP,OSWALD,2013-01-25 15:00:00,TS,-23.1,149.2, , ,-5,main
2013020S16137,2013,SP,OSWALD,2013-01-25 18:00:00,TS,-23.2,149.1,30, ,-5,main
2013020S16137,2013,SP,OSWALD,2013-01-25 21:00:00,TS,-23.2,148.8, , ,-5,main
2013020S16137,2013,SP,OSWALD,2013-01-26 00:00:00,TS,-23.3,148.6,30, ,-5,main
2013020S16137,2013,SP,OSWALD,2013-01-26 03:00:00,TS,-23.4,148.4, , ,-5,main
2013020S16137,2013,SP,OSWALD,2013-01-26 06:00:00,TS,-23.6,148.5,30, ,-5,main
2013020S16137,2013,SP,OSWALD,2013-01-26 09:00:00,TS,-23.8,148.9, , ,-5,main
2013020S16137,2013,SP,OSWALD,2013-01-26 12:00:00,TS,-24.0,149.4,30, ,-5,main
2013020S16137,2013,SP,OSWALD,2013-01-26 15:00:00,TS,-24.3,149.8, , ,-5,main
2013020S16137,2013,SP,OSWALD,2013-01-26 18:00:00,TS,-24.6,150.0,20, ,-5,main
2013020S16137,2013,SP,OSWALD,2013-01-26 21:00:00,TS,-25.0,150.1, , ,-5,main
2013020S16137,2013,SP,OSWALD,2013-01-27 00:00:00,TS,-25.5,150.1,20, ,-5,main
2013020S16137,2013,SP,OSWALD,2013-01-27 03:00:00,TS,-26.0,150.2, , ,-5,main
2013020S16137,2013,SP,OSWALD,2013-01-27 06:00:00,TS,-26.4,150.4,20, ,-5,main
2013020S16137,2013,SP,OSWALD,2013-01-27 09:00:00,TS,-26.7,150.7, , ,-5,main
2013020S16137,2013,SP,OSWALD,2013-01-27 12:00:00,TS,-26.9,150.9,20, ,-5,main
2013020S16137,2013,SP,OSWALD,2013-01-27 15:00:00,TS,-27.0,151.0, , ,-5,main
2013020S16137,2013,SP,OSWALD,2013-01-27 18:00:00,TS,-27.0,151.0,20, ,-5,main
2013020S16137,2013,SP,OSWALD,2013-01-27 21:00:00,TS,-27.0,151.1, , ,-5,main
2013020S16137,2013,SP,OSWALD,2013-01-28 00:00:00,TS,-27.3,151.1,20, ,-5,main
2013020S16137,2013,SP,OSWALD,2013-01-28 03:00:00,TS,-28.0,151.0, , ,-5,main
2013020S16137,2013,SP,OSWALD,2013-01-28 06:00:00,TS,-28.9,150.9,20, ,-5,main
2013020S16137,2013,SP,OSWALD,2013-01-28 09:00:00,TS,-30.0,151.0, , ,-5,main
2013020S16137,2013,SP,OSWALD,2013-01-28 12:00:00,TS,-31.1,151.1,20, ,-5,main
2013072S12140,2013,SP,TIM,2013-03-12 12:00:00,DS,-11.7,140.2,20, ,-5,main
2013072S12140,2013,SP,TIM,2013-03-12 15:00:00,DS,-11.5,140.6, , ,-5,main
2013072S12140,2013,SP,TIM,2013-03-12 18:00:00,DS,-11.4,141.2,20, ,-5,main
2013072S12140,2013,SP,TIM,2013-03-12 21:00:00,DS,-11.4,142.3, , ,-5,main
2013072S12140,2013,SP,TIM,2013-03-13 00:00:00,TS,-11.5,143.4,35, ,-5,main
2013072S12140,2013,SP,TIM,2013-03-13 03:00:00,TS,-11.7,143.9, , ,-5,main
2013072S12140,2013,SP,TIM,2013-03-13 06:00:00,MX,-11.8,144.4,35,20,-3,main
2013072S12140,2013,SP,TIM,2013-03-13 09:00:00,MX,-11.9,145.3, ,23,-3,main
2013072S12140,2013,SP,TIM,2013-03-13 12:00:00,TS,-12.1,146.2,35,25,-1,main
2013072S12140,2013,SP,TIM,2013-03-13 15:00:00,TS,-12.8,146.8, ,30,-1,main
2013072S12140,2013,SP,TIM,2013-03-13 18:00:00,TS,-13.4,147.3,35,35,0,main
2013072S12140,2013,SP,TIM,2013-03-13 21:00:00,TS,-13.8,147.9,35,40,0,main
2013072S12140,2013,SP,TIM,2013-03-14 00:00:00,TS,-14.3,148.6,45,45,0,main
2013072S12140,2013,SP,TIM,2013-03-14 03:00:00,TS,-14.6,149.2,50,45,0,main
2013072S12140,2013,SP,TIM,2013-03-14 06:00:00,TS,-14.9,149.8,50,45,0,main
2013072S12140,2013,SP,TIM,2013-03-14 09:00:00,TS,-15.1,150.5, ,48,0,main
2013072S12140,2013,SP,TIM,2013-03-14 12:00:00,TS,-15.3,151.2,50,50,0,main
2013072S12140,2013,SP,TIM,2013-03-14 15:00:00,TS,-15.3,151.7, ,50,0,main
2013072S12140,2013,SP,TIM,2013-03-14 18:00:00,TS,-15.3,152.3,50,50,0,main
2013072S12140,2013,SP,TIM,2013-03-14 21:00:00,TS,-15.4,152.8, ,48,0,main
2013072S12140,2013,SP,TIM,2013-03-15 00:00:00,TS,-15.6,153.3,50,45,0,main
2013072S12140,2013,SP,TIM,2013-03-15 03:00:00,TS,-15.7,153.7, ,45,0,main
2013072S12140,2013,SP,TIM,2013-03-15 06:00:00,TS,-16.0,154.0,45,45,0,main
2013072S12140,2013,SP,TIM,2013-03-15 09:00:00,TS,-16.2,154.2, ,45,0,main
2013072S12140,2013,SP,TIM,2013-03-15 12:00:00,TS,-16.3,154.3,40,45,0,main
2013072S12140,2013,SP,TIM,2013-03-15 15:00:00,TS,-16.5,154.2, ,43,0,main
2013072S12140,2013,SP,TIM,2013-03-15 18:00:00,TS,-16.7,154.2,40,40,0,main
2013072S12140,2013,SP,TIM,2013-03-15 21:00:00,TS,-16.8,154.2, ,40,0,main
2013072S12140,2013,SP,TIM,2013-03-16 00:00:00,TS,-17.0,154.1,35,40,0,main
2013072S12140,2013,SP,TIM,2013-03-16 03:00:00,TS,-17.1,154.0, ,38,0,main
2013072S12140,2013,SP,TIM,2013-03-16 06:00:00,TS,-17.3,154.0,40,35,0,main
2013072S12140,2013,SP,TIM,2013-03-16 09:00:00,TS,-17.5,153.8, ,35,0,main
2013072S12140,2013,SP,TIM,2013-03-16 12:00:00,TS,-17.7,153.7,40,35,0,main
2013072S12140,2013,SP,TIM,2013-03-16 15:00:00,TS,-17.9,153.5, ,35,0,main
2013072S12140,2013,SP,TIM,2013-03-16 18:00:00,TS,-18.2,153.5,40,35,0,main
2013072S12140,2013,SP,TIM,2013-03-16 21:00:00,TS,-18.4,153.4, ,35,0,main
2013072S12140,2013,SP,TIM,2013-03-17 00:00:00,TS,-18.6,153.3,35,35,0,main
2013072S12140,2013,SP,TIM,2013-03-17 03:00:00,TS,-18.7,153.2, ,35,0,main
2013072S12140,2013,SP,TIM,2013-03-17 06:00:00,MX,-18.8,153.0,30,35,0,main
2013072S12140,2013,SP,TIM,2013-03-17 09:00:00,MX,-18.9,152.8, ,35,0,main
2013072S12140,2013,SP,TIM,2013-03-17 12:00:00,MX,-19.0,152.7, ,35,0,main
2013072S12140,2013,SP,TIM,2013-03-17 15:00:00,MX,-19.1,152.5, ,33,-1,main
2013072S12140,2013,SP,TIM,2013-03-17 18:00:00,MX,-19.2,152.4, ,30,-1,main
2013072S12140,2013,SP,TIM,2013-03-17 21:00:00,MX,-19.3,152.3, ,30,-1,main
2013072S12140,2013,SP,TIM,2013-03-18 00:00:00,MX,-19.3,152.1, ,30,-1,main
2013072S12140,2013,SP,TIM,2013-03-18 03:00:00,MX,-19.3,152.0, ,28,-1,main
2013072S12140,2013,SP,TIM,2013-03-18 06:00:00,MX,-19.3,151.8,25,25,-1,main
2013072S12140,2013,SP,TIM,2013-03-18 09:00:00,MX,-19.3,151.6, ,25,-1,main
2013072S12140,2013,SP,TIM,2013-03-18 12:00:00,MX,-19.3,151.5, ,25,-1,main
2013072S12140,2013,SP,TIM,2013-03-18 15:00:00,MX,-19.4,151.3, ,25,-1,main
2013072S12140,2013,SP,TIM,2013-03-18 18:00:00,MX,-19.5,151.2, ,25,-1,main
2013072S12140,2013,SP,TIM,2013-03-18 21:00:00,DS,-19.6,151.1, , ,-5,main
2013072S12140,2013,SP,TIM,2013-03-19 00:00:00,DS,-19.7,150.9, , ,-5,main
2013072S12140,2013,SP,TIM,2013-03-19 03:00:00,DS,-19.6,150.7, , ,-5,main
2013072S12140,2013,SP,TIM,2013-03-19 06:00:00,DS,-19.6,150.5,20, ,-5,main
2013072S12140,2013,SP,TIM,2013-03-19 09:00:00,DS,-19.5,150.2, , ,-5,main
2013072S12140,2013,SP,TIM,2013-03-19 12:00:00,DS,-19.4,150.0, , ,-5,main
2013072S12140,2013,SP,TIM,2013-03-19 15:00:00,DS,-19.2,149.7, , ,-5,main
2013072S12140,2013,SP,TIM,2013-03-19 18:00:00,DS,-19.1,149.3, , ,-5,main
2013072S12140,2013,SP,TIM,2013-03-19 21:00:00,DS,-18.9,149.0, , ,-5,main
2013072S12140,2013,SP,TIM,2013-03-20 00:00:00,DS,-18.7,148.7, , ,-5,main
2013072S12140,2013,SP,TIM,2013-03-20 03:00:00,DS,-18.4,148.3, , ,-5,main
2013072S12140,2013,SP,TIM,2013-03-20 06:00:00,DS,-18.2,148.0,20, ,-5,main
2013117S10155,2013,SP,ZANE,2013-04-26 12:00:00,DS,-10.0,154.5, ,20,-3,main
2013117S10155,2013,SP,ZANE,2013-04-26 15:00:00,DS,-10.1,154.7, ,20,-3,main
2013117S10155,2013,SP,ZANE,2013-04-26 18:00:00,DS,-10.3,154.9, ,20,-3,main
2013117S10155,2013,SP,ZANE,2013-04-26 21:00:00,DS,-10.5,155.0, ,20,-3,main
2013117S10155,2013,SP,ZANE,2013-04-27 00:00:00,DS,-10.8,155.0, ,20,-3,main
2013117S10155,2013,SP,ZANE,2013-04-27 03:00:00,DS,-11.0,155.2, ,23,-3,main
2013117S10155,2013,SP,ZANE,2013-04-27 06:00:00,TS,-11.1,155.4, ,25,-1,main
2013117S10155,2013,SP,ZANE,2013-04-27 09:00:00,TS,-11.2,155.4, ,25,-1,main
2013117S10155,2013,SP,ZANE,2013-04-27 12:00:00,TS,-11.4,155.3, ,25,-1,main
2013117S10155,2013,SP,ZANE,2013-04-27 15:00:00,TS,-11.6,155.1, ,25,-1,main
2013117S10155,2013,SP,ZANE,2013-04-27 18:00:00,TS,-11.7,154.9, ,25,-1,main
2013117S10155,2013,SP,ZANE,2013-04-27 21:00:00,TS,-11.8,154.7, ,25,-1,main
2013117S10155,2013,SP,ZANE,2013-04-28 00:00:00,TS,-12.0,154.5, ,25,-1,main
2013117S10155,2013,SP,ZANE,2013-04-28 03:00:00,TS,-12.2,154.2, ,25,-1,main
2013117S10155,2013,SP,ZANE,2013-04-28 06:00:00,TS,-12.3,154.0, ,25,-1,main
2013117S10155,2013,SP,ZANE,2013-04-28 09:00:00,TS,-12.4,153.9, ,25,-1,main
2013117S10155,2013,SP,ZANE,2013-04-28 12:00:00,TS,-12.4,153.8,20,25,-1,main
2013117S10155,2013,SP,ZANE,2013-04-28 15:00:00,TS,-12.4,153.7, ,28,-1,main
2013117S10155,2013,SP,ZANE,2013-04-28 18:00:00,TS,-12.4,153.6,20,30,-1,main
2013117S10155,2013,SP,ZANE,2013-04-28 21:00:00,TS,-12.5,153.4, ,30,-1,main
2013117S10155,2013,SP,ZANE,2013-04-29 00:00:00,TS,-12.6,153.3,25,30,-1,main
2013117S10155,2013,SP,ZANE,2013-04-29 03:00:00,TS,-12.7,153.1, ,30,-1,main
2013117S10155,2013,SP,ZANE,2013-04-29 06:00:00,TS,-12.8,152.8,25,30,-1,main
2013117S10155,2013,SP,ZANE,2013-04-29 09:00:00,TS,-13.0,152.5, ,30,-1,main
2013117S10155,2013,SP,ZANE,2013-04-29 12:00:00,TS,-13.3,152.1,30,30,-1,main
2013117S10155,2013,SP,ZANE,2013-04-29 15:00:00,TS,-13.4,151.6, ,33,-1,main
2013117S10155,2013,SP,ZANE,2013-04-29 18:00:00,TS,-13.6,151.1,40,35,0,main
2013117S10155,2013,SP,ZANE,2013-04-29 21:00:00,TS,-13.7,150.7, ,40,0,main
2013117S10155,2013,SP,ZANE,2013-04-30 00:00:00,TS,-13.8,150.3,50,45,0,main
2013117S10155,2013,SP,ZANE,2013-04-30 03:00:00,TS,-14.0,149.9, ,50,0,main
2013117S10155,2013,SP,ZANE,2013-04-30 06:00:00,TS,-14.1,149.5,60,55,0,main
2013117S10155,2013,SP,ZANE,2013-04-30 09:00:00,TS,-14.1,149.2, ,60,0,main
2013117S10155,2013,SP,ZANE,2013-04-30 12:00:00,TS,-14.1,148.9,65,65,1,main
2013117S10155,2013,SP,ZANE,2013-04-30 15:00:00,TS,-14.1,148.5, ,63,0,main
2013117S10155,2013,SP,ZANE,2013-04-30 18:00:00,TS,-14.1,148.2,65,60,0,main
2013117S10155,2013,SP,ZANE,2013-04-30 21:00:00,TS,-14.0,147.9, ,60,0,main
2013117S10155,2013,SP,ZANE,2013-05-01 00:00:00,TS,-13.9,147.5,55,60,0,main
2013117S10155,2013,SP,ZANE,2013-05-01 03:00:00,TS,-13.8,147.1, ,55,0,main
2013117S10155,2013,SP,ZANE,2013-05-01 06:00:00,TS,-13.7,146.6,50,50,0,main
2013117S10155,2013,SP,ZANE,2013-05-01 09:00:00,TS,-13.4,146.0, ,43,0,main
2013117S10155,2013,SP,ZANE,2013-05-01 12:00:00,TS,-13.2,145.5,35,35,0,main
2013117S10155,2013,SP,ZANE,2013-05-01 15:00:00,TS,-12.8,145.0, ,30,-1,main
2013117S10155,2013,SP,ZANE,2013-05-01 18:00:00,TS,-12.5,144.5,30,25,-1,main
2013117S10155,2013,SP,ZANE,2013-05-01 21:00:00,TS,-12.1,143.7, ,23,-1,main
2013117S10155,2013,SP,ZANE,2013-05-02 00:00:00,MX,-11.7,142.9,25,20,-3,main
2014092S11159,2014,SP,ITA,2014-04-02 00:00:00,TS,-10.6,158.9,25, ,-5,main
2014092S11159,2014,SP,ITA,2014-04-02 03:00:00,TS,-10.5,159.0, , ,-5,main
2014092S11159,2014,SP,ITA,2014-04-02 06:00:00,TS,-10.4,159.0,25, ,-5,main
2014092S11159,2014,SP,ITA,2014-04-02 09:00:00,TS,-10.3,158.9, , ,-5,main
2014092S11159,2014,SP,ITA,2014-04-02 12:00:00,TS,-10.3,158.7,25, ,-5,main
2014092S11159,2014,SP,ITA,2014-04-02 15:00:00,TS,-10.3,158.6, , ,-5,main
2014092S11159,2014,SP,ITA,2014-04-02 18:00:00,TS,-10.3,158.6,25, ,-5,main
2014092S11159,2014,SP,ITA,2014-04-02 21:00:00,TS,-10.5,158.7, , ,-5,main
2014092S11159,2014,SP,ITA,2014-04-03 00:00:00,TS,-10.7,158.8,25, ,-5,main
2014092S11159,2014,SP,ITA,2014-04-03 03:00:00,TS,-10.8,158.8, , ,-5,main
2014092S11159,2014,SP,ITA,2014-04-03 06:00:00,TS,-10.8,158.7,25, ,-5,main
2014092S11159,2014,SP,ITA,2014-04-03 09:00:00,TS,-10.8,158.6, , ,-5,main
2014092S11159,2014,SP,ITA,2014-04-03 12:00:00,TS,-10.8,158.5,30, ,-5,main
2014092S11159,2014,SP,ITA,2014-04-03 15:00:00,TS,-10.8,158.4, , ,-5,main
2014092S11159,2014,SP,ITA,2014-04-03 18:00:00,TS,-10.8,158.3,30, ,-5,main
2014092S11159,2014,SP,ITA,2014-04-03 21:00:00,TS,-10.9,158.3, , ,-5,main
2014092S11159,2014,SP,ITA,2014-04-04 00:00:00,MX,-11.0,158.0,30,20,-3,main
2014092S11159,2014,SP,ITA,2014-04-04 03:00:00,MX,-11.2,157.5, ,23,-3,main
2014092S11159,2014,SP,ITA,2014-04-04 06:00:00,TS,-11.3,157.0,30,25,-1,main
2014092S11159,2014,SP,ITA,2014-04-04 09:00:00,TS,-11.4,156.8, ,28,-1,main
2014092S11159,2014,SP,ITA,2014-04-04 12:00:00,TS,-11.5,156.7,30,30,-1,main
2014092S11159,2014,SP,ITA,2014-04-04 15:00:00,TS,-11.5,156.5, ,33,-1,main
2014092S11159,2014,SP,ITA,2014-04-04 18:00:00,TS,-11.6,156.5,30,35,0,main
2014092S11159,2014,SP,ITA,2014-04-04 21:00:00,TS,-11.7,156.4, ,38,0,main
2014092S11159,2014,SP,ITA,2014-04-05 00:00:00,TS,-11.8,156.3,35,40,0,main
2014092S11159,2014,SP,ITA,2014-04-05 03:00:00,TS,-11.8,156.1, ,40,0,main
2014092S11159,2014,SP,ITA,2014-04-05 06:00:00,TS,-11.9,156.0,35,40,0,main
2014092S11159,2014,SP,ITA,2014-04-05 09:00:00,TS,-11.9,155.8, ,40,0,main
2014092S11159,2014,SP,ITA,2014-04-05 12:00:00,TS,-12.0,155.6,35,40,0,main
2014092S11159,2014,SP,ITA,2014-04-05 15:00:00,TS,-12.1,155.3, ,40,0,main
2014092S11159,2014,SP,ITA,2014-04-05 18:00:00,TS,-12.2,155.0,35,40,0,main
2014092S11159,2014,SP,ITA,2014-04-05 21:00:00,TS,-12.2,154.5, ,40,0,main
2014092S11159,2014,SP,ITA,2014-04-06 00:00:00,TS,-12.2,154.2,35,40,0,main
2014092S11159,2014,SP,ITA,2014-04-06 03:00:00,TS,-12.1,154.1, ,43,0,main
2014092S11159,2014,SP,ITA,2014-04-06 06:00:00,TS,-12.2,154.1,30,45,0,main
2014092S11159,2014,SP,ITA,2014-04-06 09:00:00,TS,-12.2,154.0, ,45,0,main
2014092S11159,2014,SP,ITA,2014-04-06 12:00:00,TS,-12.2,153.9,30,45,0,main
2014092S11159,2014,SP,ITA,2014-04-06 15:00:00,TS,-12.3,153.7, ,45,0,main
2014092S11159,2014,SP,ITA,2014-04-06 18:00:00,TS,-12.3,153.7,35,45,0,main
2014092S11159,2014,SP,ITA,2014-04-06 21:00:00,TS,-12.3,153.6, ,45,0,main
2014092S11159,2014,SP,ITA,2014-04-07 00:00:00,TS,-12.2,153.5,40,45,0,main
2014092S11159,2014,SP,ITA,2014-04-07 03:00:00,TS,-12.0,153.5, ,45,0,main
2014092S11159,2014,SP,ITA,2014-04-07 06:00:00,TS,-11.9,153.6,45,50,0,main
2014092S11159,2014,SP,ITA,2014-04-07 09:00:00,TS,-12.0,153.6, ,55,0,main
2014092S11159,2014,SP,ITA,2014-04-07 12:00:00,TS,-11.9,153.5,50,55,0,main
2014092S11159,2014,SP,ITA,2014-04-07 15:00:00,TS,-11.8,153.4, ,58,0,main
2014092S11159,2014,SP,ITA,2014-04-07 18:00:00,TS,-11.8,153.2,55,60,0,main
2014092S11159,2014,SP,ITA,2014-04-07 21:00:00,TS,-11.7,153.0, ,63,0,main
2014092S11159,2014,SP,ITA,2014-04-08 00:00:00,TS,-11.7,152.9,55,65,1,main
2014092S11159,2014,SP,ITA,2014-04-08 03:00:00,TS,-11.6,152.8, ,65,1,main
2014092S11159,2014,SP,ITA,2014-04-08 06:00:00,TS,-11.5,152.7,55,65,1,main
2014092S11159,2014,SP,ITA,2014-04-08 09:00:00,TS,-11.4,152.5, ,65,1,main
2014092S11159,2014,SP,ITA,2014-04-08 12:00:00,TS,-11.4,152.4,55,65,1,main
2014092S11159,2014,SP,ITA,2014-04-08 15:00:00,TS,-11.4,152.2, ,68,1,main
2014092S11159,2014,SP,ITA,2014-04-08 18:00:00,TS,-11.4,152.0,60,70,1,main
2014092S11159,2014,SP,ITA,2014-04-08 21:00:00,TS,-11.4,151.6, ,73,1,main
2014092S11159,2014,SP,ITA,2014-04-09 00:00:00,TS,-11.4,151.1,60,75,1,main
2014092S11159,2014,SP,ITA,2014-04-09 03:00:00,TS,-11.3,150.7, ,78,1,main
2014092S11159,2014,SP,ITA,2014-04-09 06:00:00,TS,-11.3,150.4,65,80,1,main
2014092S11159,2014,SP,ITA,2014-04-09 09:00:00,TS,-11.4,149.9, ,85,2,main
2014092S11159,2014,SP,ITA,2014-04-09 12:00:00,TS,-11.5,149.5,65,90,2,main
2014092S11159,2014,SP,ITA,2014-04-09 15:00:00,TS,-11.5,149.0, ,93,2,main
2014092S11159,2014,SP,ITA,2014-04-09 18:00:00,TS,-11.7,148.7,70,95,2,main
2014092S11159,2014,SP,ITA,2014-04-09 21:00:00,TS,-11.9,148.3, ,100,3,main
2014092S11159,2014,SP,ITA,2014-04-10 00:00:00,TS,-12.1,147.9,90,105,3,main
2014092S11159,2014,SP,ITA,2014-04-10 03:00:00,TS,-12.3,147.5, ,113,4,main
2014092S11159,2014,SP,ITA,2014-04-10 06:00:00,TS,-12.6,147.1,110,120,4,main
2014092S11159,2014,SP,ITA,2014-04-10 09:00:00,TS,-12.7,146.7, ,130,4,main
2014092S11159,2014,SP,ITA,2014-04-10 12:00:00,TS,-12.8,146.5,120,140,5,main
2014092S11159,2014,SP,ITA,2014-04-10 15:00:00,TS,-13.0,146.2, ,140,5,main
2014092S11159,2014,SP,ITA,2014-04-10 18:00:00,TS,-13.3,146.1,120,140,5,main
2014092S11159,2014,SP,ITA,2014-04-10 21:00:00,TS,-13.5,145.9, ,138,5,main
2014092S11159,2014,SP,ITA,2014-04-11 00:00:00,TS,-13.8,145.7,110,135,4,main
2014092S11159,2014,SP,ITA,2014-04-11 03:00:00,TS,-14.1,145.5, ,130,4,main
2014092S11159,2014,SP,ITA,2014-04-11 06:00:00,TS,-14.4,145.4,95,125,4,main
2014092S11159,2014,SP,ITA,2014-04-11 09:00:00,TS,-14.7,145.3,95,108,3,main
2014092S11159,2014,SP,ITA,2014-04-11 12:00:00,TS,-14.9,145.2,90,90,2,main
2014092S11159,2014,SP,ITA,2014-04-11 15:00:00,TS,-15.2,145.1,65,83,2,main
2014092S11159,2014,SP,ITA,2014-04-11 18:00:00,TS,-15.5,145.0,55,75,1,main
2014092S11159,2014,SP,ITA,2014-04-11 21:00:00,TS,-15.8,145.0, ,70,1,main
2014092S11159,2014,SP,ITA,2014-04-12 00:00:00,TS,-16.1,145.0,45,65,1,main
2014092S11159,2014,SP,ITA,2014-04-12 03:00:00,TS,-16.3,145.1, ,58,0,main
2014092S11159,2014,SP,ITA,2014-04-12 06:00:00,TS,-16.6,145.3,35,50,0,main
2014092S11159,2014,SP,ITA,2014-04-12 09:00:00,TS,-16.9,145.5, ,48,0,main
2014092S11159,2014,SP,ITA,2014-04-12 12:00:00,TS,-17.3,145.7,35,45,0,main
2014092S11159,2014,SP,ITA,2014-04-12 15:00:00,TS,-17.6,145.9, ,45,0,main
2014092S11159,2014,SP,ITA,2014-04-12 18:00:00,TS,-18.1,146.1,35,45,0,main
2014092S11159,2014,SP,ITA,2014-04-12 21:00:00,TS,-18.5,146.5, ,45,0,main
2014092S11159,2014,SP,ITA,2014-04-13 00:00:00,TS,-19.1,147.0,35,45,0,main
2014092S11159,2014,SP,ITA,2014-04-13 03:00:00,TS,-19.6,147.6, ,45,0,main
2014092S11159,2014,SP,ITA,2014-04-13 06:00:00,TS,-20.1,148.4,35,45,0,main
2014092S11159,2014,SP,ITA,2014-04-13 09:00:00,TS,-20.4,149.2,35,45,0,main
2014092S11159,2014,SP,ITA,2014-04-13 12:00:00,TS,-20.8,150.1,45,45,0,main
2014092S11159,2014,SP,ITA,2014-04-13 15:00:00,TS,-21.3,150.8, ,45,0,main
2014092S11159,2014,SP,ITA,2014-04-13 18:00:00,MX,-21.8,151.5,40,45,0,main
2014092S11159,2014,SP,ITA,2014-04-13 21:00:00,MX,-22.2,152.2, ,45,0,main
2014092S11159,2014,SP,ITA,2014-04-14 00:00:00,MX,-22.6,153.1,40,45,0,main
2014092S11159,2014,SP,ITA,2014-04-14 03:00:00,MX,-23.1,154.1, ,45,0,main
2014092S11159,2014,SP,ITA,2014-04-14 06:00:00,MX,-23.6,155.1,45,45,0,main
2014092S11159,2014,SP,ITA,2014-04-14 09:00:00,MX,-24.1,156.0, ,45,0,main
2014092S11159,2014,SP,ITA,2014-04-14 12:00:00,MX,-24.6,156.8,50,45,0,main
2014092S11159,2014,SP,ITA,2014-04-14 15:00:00,MX,-24.9,157.4, ,43,0,main
2014092S11159,2014,SP,ITA,2014-04-14 18:00:00,MX,-25.3,157.9,45,40,-4,main
2014092S11159,2014,SP,ITA,2014-04-14 21:00:00,MX,-25.6,158.3, ,38,-4,main
2014092S11159,2014,SP,ITA,2014-04-15 00:00:00,MX,-25.9,158.8,35,35,-4,main
2014092S11159,2014,SP,ITA,2014-04-15 03:00:00,MX,-26.1,159.3, ,33,-4,main
2014092S11159,2014,SP,ITA,2014-04-15 06:00:00,MX,-26.2,159.8,25,30,-4,main
2014092S11159,2014,SP,ITA,2014-04-15 09:00:00,MX,-26.4,160.4, ,28,-4,main
2014092S11159,2014,SP,ITA,2014-04-15 12:00:00,MX,-26.6,161.2,35,25,-4,main
2014092S11159,2014,SP,ITA,2014-04-15 15:00:00,NR,-27.0,162.1, , ,-4,main
2014092S11159,2014,SP,ITA,2014-04-15 18:00:00,NR,-27.3,162.6,35, ,-5,main
2014092S11159,2014,SP,ITA,2014-04-15 21:00:00,NR,-27.5,163.2, , ,-5,main
2014092S11159,2014,SP,ITA,2014-04-16 00:00:00,NR,-28.0,164.0,35, ,-5,main
2014092S11159,2014,SP,ITA,2014-04-16 03:00:00,NR,-29.3,165.4, , ,-5,main
2014092S11159,2014,SP,ITA,2014-04-16 06:00:00,NR,-31.0,167.0,35, ,-5,main
2014092S11159,2014,SP,ITA,2014-04-16 09:00:00,NR,-33.1,168.2, , ,-5,main
2014092S11159,2014,SP,ITA,2014-04-16 12:00:00,NR,-35.0,169.0,40, ,-5,main
2014092S11159,2014,SP,ITA,2014-04-16 15:00:00,NR,-36.0,169.4, , ,-5,main
2014092S11159,2014,SP,ITA,2014-04-16 18:00:00,NR,-36.5,169.5,60, ,-5,main
2014092S11159,2014,SP,ITA,2014-04-16 21:00:00,NR,-37.0,169.3, , ,-5,main
2014092S11159,2014,SP,ITA,2014-04-17 00:00:00,NR,-37.3,169.1,65, ,-5,main
2014092S11159,2014,SP,ITA,2014-04-17 03:00:00,NR,-37.6,169.3, , ,-5,main
2014092S11159,2014,SP,ITA,2014-04-17 06:00:00,NR,-38.0,169.6,65, ,-5,main
2014092S11159,2014,SP,ITA,2014-04-17 09:00:00,NR,-38.5,169.5, , ,-5,main
2014092S11159,2014,SP,ITA,2014-04-17 12:00:00,NR,-39.1,169.2,60, ,-5,main
2014092S11159,2014,SP,ITA,2014-04-17 15:00:00,NR,-39.5,168.8, , ,-5,main
2014092S11159,2014,SP,ITA,2014-04-17 18:00:00,NR,-39.8,168.2,40, ,-5,main
2014092S11159,2014,SP,ITA,2014-04-17 21:00:00,NR,-40.1,167.3, , ,-5,main
2014092S11159,2014,SP,ITA,2014-04-18 00:00:00,NR,-40.5,166.5,40, ,-5,main
2014092S11159,2014,SP,ITA,2014-04-18 03:00:00,NR,-40.9,166.0, , ,-5,main
2014092S11159,2014,SP,ITA,2014-04-18 06:00:00,NR,-41.4,165.7,40, ,-5,main
2014092S11159,2014,SP,ITA,2014-04-18 09:00:00,NR,-41.8,165.5, , ,-5,main
2014092S11159,2014,SP,ITA,2014-04-18 12:00:00,NR,-42.3,165.4,40, ,-5,main
2014092S11159,2014,SP,ITA,2014-04-18 15:00:00,NR,-42.8,165.4, , ,-5,main
2014092S11159,2014,SP,ITA,2014-04-18 18:00:00,NR,-43.4,165.4,40, ,-5,main
2015020S12208,2015,SP,NIKO,2015-01-20 00:00:00,TS,-12.2,-151.6, ,30,-1,main
2015020S12208,2015,SP,NIKO,2015-01-20 03:00:00,TS,-12.4,-151.4, ,35,0,main
2015020S12208,2015,SP,NIKO,2015-01-20 06:00:00,TS,-12.6,-151.2, ,40,0,main
2015020S12208,2015,SP,NIKO,2015-01-20 09:00:00,TS,-12.9,-151.1, ,40,0,main
2015020S12208,2015,SP,NIKO,2015-01-20 12:00:00,TS,-13.2,-151.0, ,40,0,main
2015020S12208,2015,SP,NIKO,2015-01-20 15:00:00,TS,-13.4,-150.8, ,40,0,main
2015020S12208,2015,SP,NIKO,2015-01-20 18:00:00,TS,-13.7,-150.6,30,40,0,main
2015020S12208,2015,SP,NIKO,2015-01-20 21:00:00,TS,-14.0,-150.4,35,43,0,main
2015020S12208,2015,SP,NIKO,2015-01-21 00:00:00,TS,-14.4,-150.1,35,45,0,main
2015020S12208,2015,SP,NIKO,2015-01-21 03:00:00,TS,-14.7,-150.0, ,45,0,main
2015020S12208,2015,SP,NIKO,2015-01-21 06:00:00,TS,-15.0,-149.8,40,45,0,main
2015020S12208,2015,SP,NIKO,2015-01-21 09:00:00,TS,-15.3,-149.5, ,45,0,main
2015020S12208,2015,SP,NIKO,2015-01-21 12:00:00,TS,-15.6,-149.3,40,45,0,main
2015020S12208,2015,SP,NIKO,2015-01-21 15:00:00,TS,-15.9,-149.0, ,45,0,main
2015020S12208,2015,SP,NIKO,2015-01-21 18:00:00,TS,-16.3,-148.8,40,45,0,main
2015020S12208,2015,SP,NIKO,2015-01-21 21:00:00,TS,-16.7,-148.6, ,48,0,main
2015020S12208,2015,SP,NIKO,2015-01-22 00:00:00,TS,-17.2,-148.4,45,50,0,main
2015020S12208,2015,SP,NIKO,2015-01-22 03:00:00,TS,-17.7,-147.9, ,50,0,main
2015020S12208,2015,SP,NIKO,2015-01-22 06:00:00,TS,-18.2,-147.4,45,50,0,main
2015020S12208,2015,SP,NIKO,2015-01-22 09:00:00,TS,-18.7,-147.0, ,50,0,main
2015020S12208,2015,SP,NIKO,2015-01-22 12:00:00,TS,-19.3,-146.6,45,50,0,main
2015020S12208,2015,SP,NIKO,2015-01-22 15:00:00,TS,-20.0,-146.3, ,53,0,main
2015020S12208,2015,SP,NIKO,2015-01-22 18:00:00,TS,-20.6,-146.2,50,55,0,main
2015020S12208,2015,SP,NIKO,2015-01-22 21:00:00,TS,-21.1,-145.9, ,55,0,main
2015020S12208,2015,SP,NIKO,2015-01-23 00:00:00,TS,-21.7,-145.8,55,55,0,main
2015020S12208,2015,SP,NIKO,2015-01-23 03:00:00,TS,-22.2,-145.8, ,53,0,main
2015020S12208,2015,SP,NIKO,2015-01-23 06:00:00,TS,-22.8,-145.8,45,50,0,main
2015020S12208,2015,SP,NIKO,2015-01-23 09:00:00,TS,-23.3,-145.7, ,48,0,main
2015020S12208,2015,SP,NIKO,2015-01-23 12:00:00,TS,-23.8,-145.7,35,45,0,main
2015020S12208,2015,SP,NIKO,2015-01-23 15:00:00,TS,-24.4,-145.8, ,43,0,main
2015020S12208,2015,SP,NIKO,2015-01-23 18:00:00,TS,-25.1,-145.9,35,40,0,main
2015020S12208,2015,SP,NIKO,2015-01-23 21:00:00,TS,-25.7,-146.1, ,38,0,main
2015020S12208,2015,SP,NIKO,2015-01-24 00:00:00,TS,-26.2,-146.5,30,35,0,main
2015020S12208,2015,SP,NIKO,2015-01-24 03:00:00,TS,-26.8,-146.8, ,33,-1,main
2015020S12208,2015,SP,NIKO,2015-01-24 06:00:00,TS,-27.5,-147.1, ,30,-1,main
2015020S12208,2015,SP,NIKO,2015-01-24 09:00:00,TS,-28.1,-147.4, ,30,-1,main
2015020S12208,2015,SP,NIKO,2015-01-24 12:00:00,TS,-28.8,-147.8, ,30,-1,main
2015020S12208,2015,SP,NIKO,2015-01-24 15:00:00,TS,-29.5,-148.2, ,30,-1,main
2015020S12208,2015,SP,NIKO,2015-01-24 18:00:00,SS,-30.2,-148.6, ,30,-2,main
2015020S12208,2015,SP,NIKO,2015-01-24 21:00:00,SS,-30.9,-149.0, ,25,-2,main
2015020S12208,2015,SP,NIKO,2015-01-25 00:00:00,SS,-31.7,-149.4, ,20,-2,main
2015068S12151,2015,SP,NATHAN,2015-03-09 00:00:00,DS,-12.4,151.3,20, ,-5,main
2015068S12151,2015,SP,NATHAN,2015-03-09 03:00:00,DS,-12.4,151.1, , ,-5,main
2015068S12151,2015,SP,NATHAN,2015-03-09 06:00:00,TS,-12.4,150.9,30, ,-5,main
2015068S12151,2015,SP,NATHAN,2015-03-09 09:00:00,TS,-12.4,150.7, , ,-5,main
2015068S12151,2015,SP,NATHAN,2015-03-09 12:00:00,TS,-12.5,150.6,30,25,-1,main
2015068S12151,2015,SP,NATHAN,2015-03-09 15:00:00,TS,-12.5,150.3, ,28,-1,main
2015068S12151,2015,SP,NATHAN,2015-03-09 18:00:00,TS,-12.6,150.1,30,30,-1,main
2015068S12151,2015,SP,NATHAN,2015-03-09 21:00:00,TS,-12.7,149.8, ,33,-1,main
2015068S12151,2015,SP,NATHAN,2015-03-10 00:00:00,TS,-12.8,149.6,30,35,0,main
2015068S12151,2015,SP,NATHAN,2015-03-10 03:00:00,TS,-12.9,149.3, ,35,0,main
2015068S12151,2015,SP,NATHAN,2015-03-10 06:00:00,TS,-13.1,148.9,35,35,0,main
2015068S12151,2015,SP,NATHAN,2015-03-10 09:00:00,TS,-13.2,148.5, ,38,0,main
2015068S12151,2015,SP,NATHAN,2015-03-10 12:00:00,TS,-13.3,148.2,45,40,0,main
2015068S12151,2015,SP,NATHAN,2015-03-10 15:00:00,TS,-13.4,147.9, ,43,0,main
2015068S12151,2015,SP,NATHAN,2015-03-10 18:00:00,TS,-13.6,147.5,45,45,0,main
2015068S12151,2015,SP,NATHAN,2015-03-10 21:00:00,TS,-13.7,147.1, ,45,0,main
2015068S12151,2015,SP,NATHAN,2015-03-11 00:00:00,TS,-13.8,146.8,50,45,0,main
2015068S12151,2015,SP,NATHAN,2015-03-11 03:00:00,TS,-13.8,146.6, ,45,0,main
2015068S12151,2015,SP,NATHAN,2015-03-11 06:00:00,TS,-13.8,146.4,50,45,0,main
2015068S12151,2015,SP,NATHAN,2015-03-11 09:00:00,TS,-13.8,146.2, ,48,0,main
2015068S12151,2015,SP,NATHAN,2015-03-11 12:00:00,TS,-13.8,146.0,50,50,0,main
2015068S12151,2015,SP,NATHAN,2015-03-11 15:00:00,TS,-13.8,145.9, ,53,0,main
2015068S12151,2015,SP,NATHAN,2015-03-11 18:00:00,TS,-13.8,145.8,50,55,0,main
2015068S12151,2015,SP,NATHAN,2015-03-11 21:00:00,TS,-13.9,145.6, ,55,0,main
2015068S12151,2015,SP,NATHAN,2015-03-12 00:00:00,TS,-14.0,145.4,55,55,0,main
2015068S12151,2015,SP,NATHAN,2015-03-12 03:00:00,TS,-13.9,145.2, ,55,0,main
2015068S12151,2015,SP,NATHAN,2015-03-12 06:00:00,TS,-13.9,145.1,55,55,0,main
2015068S12151,2015,SP,NATHAN,2015-03-12 09:00:00,TS,-13.8,145.0, ,55,0,main
2015068S12151,2015,SP,NATHAN,2015-03-12 12:00:00,TS,-13.7,145.0,55,55,0,main
2015068S12151,2015,SP,NATHAN,2015-03-12 15:00:00,TS,-13.6,145.0, ,55,0,main
2015068S12151,2015,SP,NATHAN,2015-03-12 18:00:00,TS,-13.5,145.1,50,55,0,main
2015068S12151,2015,SP,NATHAN,2015-03-12 21:00:00,TS,-13.4,145.1, ,55,0,main
2015068S12151,2015,SP,NATHAN,2015-03-13 00:00:00,TS,-13.4,145.2,50,55,0,main
2015068S12151,2015,SP,NATHAN,2015-03-13 03:00:00,TS,-13.3,145.2, ,55,0,main
2015068S12151,2015,SP,NATHAN,2015-03-13 06:00:00,TS,-13.3,145.2,50,55,0,main
2015068S12151,2015,SP,NATHAN,2015-03-13 09:00:00,TS,-13.2,145.1, ,55,0,main
2015068S12151,2015,SP,NATHAN,2015-03-13 12:00:00,TS,-13.2,145.1,45,55,0,main
2015068S12151,2015,SP,NATHAN,2015-03-13 15:00:00,TS,-13.1,145.1, ,53,0,main
2015068S12151,2015,SP,NATHAN,2015-03-13 18:00:00,TS,-13.1,145.2,45,50,0,main
2015068S12151,2015,SP,NATHAN,2015-03-13 21:00:00,TS,-13.2,145.3, ,48,0,main
2015068S12151,2015,SP,NATHAN,2015-03-14 00:00:00,TS,-13.2,145.5,45,45,0,main
2015068S12151,2015,SP,NATHAN,2015-03-14 03:00:00,TS,-13.1,145.7, ,45,0,main
2015068S12151,2015,SP,NATHAN,2015-03-14 06:00:00,TS,-13.1,146.0,40,45,0,main
2015068S12151,2015,SP,NATHAN,2015-03-14 09:00:00,TS,-13.2,146.4, ,43,0,main
2015068S12151,2015,SP,NATHAN,2015-03-14 12:00:00,TS,-13.3,146.9,40,40,0,main
2015068S12151,2015,SP,NATHAN,2015-03-14 15:00:00,TS,-13.3,147.2, ,40,0,main
2015068S12151,2015,SP,NATHAN,2015-03-14 18:00:00,TS,-13.3,147.6,40,40,0,main
2015068S12151,2015,SP,NATHAN,2015-03-14 21:00:00,TS,-13.3,148.1, ,43,0,main
2015068S12151,2015,SP,NATHAN,2015-03-15 00:00:00,TS,-13.4,148.5,40,45,0,main
2015068S12151,2015,SP,NATHAN,2015-03-15 03:00:00,TS,-13.4,148.8, ,45,0,main
2015068S12151,2015,SP,NATHAN,2015-03-15 06:00:00,TS,-13.5,149.0,45,45,0,main
2015068S12151,2015,SP,NATHAN,2015-03-15 09:00:00,TS,-13.5,149.2, ,45,0,main
2015068S12151,2015,SP,NATHAN,2015-03-15 12:00:00,TS,-13.6,149.5,50,45,0,main
2015068S12151,2015,SP,NATHAN,2015-03-15 15:00:00,TS,-13.6,149.7, ,48,0,main
2015068S12151,2015,SP,NATHAN,2015-03-15 18:00:00,TS,-13.8,149.8,50,50,0,main
2015068S12151,2015,SP,NATHAN,2015-03-15 21:00:00,TS,-13.8,149.8, ,53,0,main
2015068S12151,2015,SP,NATHAN,2015-03-16 00:00:00,TS,-13.9,149.9,55,55,0,main
2015068S12151,2015,SP,NATHAN,2015-03-16 03:00:00,TS,-14.0,149.9, ,53,0,main
2015068S12151,2015,SP,NATHAN,2015-03-16 06:00:00,TS,-14.1,150.0,55,50,0,main
2015068S12151,2015,SP,NATHAN,2015-03-16 09:00:00,TS,-14.1,149.9, ,50,0,main
2015068S12151,2015,SP,NATHAN,2015-03-16 12:00:00,TS,-14.2,149.8,50,45,0,main
2015068S12151,2015,SP,NATHAN,2015-03-16 15:00:00,TS,-14.2,149.7, ,45,0,main
2015068S12151,2015,SP,NATHAN,2015-03-16 18:00:00,TS,-14.3,149.7,45,45,0,main
2015068S12151,2015,SP,NATHAN,2015-03-16 21:00:00,TS,-14.3,149.7, ,45,0,main
2015068S12151,2015,SP,NATHAN,2015-03-17 00:00:00,TS,-14.4,149.7,40,45,0,main
2015068S12151,2015,SP,NATHAN,2015-03-17 03:00:00,TS,-14.5,149.7, ,43,0,main
2015068S12151,2015,SP,NATHAN,2015-03-17 06:00:00,TS,-14.7,149.7,40,40,0,main
2015068S12151,2015,SP,NATHAN,2015-03-17 09:00:00,TS,-14.8,149.7, ,40,0,main
2015068S12151,2015,SP,NATHAN,2015-03-17 12:00:00,TS,-14.9,149.7,35,40,0,main
2015068S12151,2015,SP,NATHAN,2015-03-17 15:00:00,TS,-15.0,149.6, ,43,0,main
2015068S12151,2015,SP,NATHAN,2015-03-17 18:00:00,TS,-15.0,149.4,40,45,0,main
2015068S12151,2015,SP,NATHAN,2015-03-17 21:00:00,TS,-15.0,149.3, ,48,0,main
2015068S12151,2015,SP,NATHAN,2015-03-18 00:00:00,TS,-15.0,149.2,50,50,0,main
2015068S12151,2015,SP,NATHAN,2015-03-18 03:00:00,TS,-15.0,149.1, ,58,0,main
2015068S12151,2015,SP,NATHAN,2015-03-18 06:00:00,TS,-15.0,149.1,65,65,1,main
2015068S12151,2015,SP,NATHAN,2015-03-18 09:00:00,TS,-14.9,148.9, ,70,1,main
2015068S12151,2015,SP,NATHAN,2015-03-18 12:00:00,TS,-14.8,148.8,75,75,1,main
2015068S12151,2015,SP,NATHAN,2015-03-18 15:00:00,TS,-14.7,148.5, ,78,1,main
2015068S12151,2015,SP,NATHAN,2015-03-18 18:00:00,TS,-14.7,148.2,75,80,1,main
2015068S12151,2015,SP,NATHAN,2015-03-18 21:00:00,TS,-14.7,147.8, ,83,2,main
2015068S12151,2015,SP,NATHAN,2015-03-19 00:00:00,TS,-14.7,147.5,70,85,2,main
2015068S12151,2015,SP,NATHAN,2015-03-19 03:00:00,TS,-14.7,147.2, ,88,2,main
2015068S12151,2015,SP,NATHAN,2015-03-19 06:00:00,TS,-14.7,146.9,75,90,2,main
2015068S12151,2015,SP,NATHAN,2015-03-19 09:00:00,TS,-14.7,146.5, ,93,2,main
2015068S12151,2015,SP,NATHAN,2015-03-19 12:00:00,TS,-14.8,146.0,80,95,2,main
2015068S12151,2015,SP,NATHAN,2015-03-19 15:00:00,TS,-14.8,145.5, ,98,3,main
2015068S12151,2015,SP,NATHAN,2015-03-19 18:00:00,TS,-14.7,145.1,80,100,3,main
2015068S12151,2015,SP,NATHAN,2015-03-19 18:30:00,TS,-14.7,145.0,80,98,3,main
2015068S12151,2015,SP,NATHAN,2015-03-19 21:00:00,TS,-14.6,144.6,65,90,2,main
2015068S12151,2015,SP,NATHAN,2015-03-20 00:00:00,TS,-14.5,144.2,55,80,1,main
2015068S12151,2015,SP,NATHAN,2015-03-20 03:00:00,TS,-14.5,143.7, ,73,1,main
2015068S12151,2015,SP,NATHAN,2015-03-20 06:00:00,TS,-14.4,143.2,45,65,1,main
2015068S12151,2015,SP,NATHAN,2015-03-20 09:00:00,TS,-14.4,142.7, ,58,0,main
2015068S12151,2015,SP,NATHAN,2015-03-20 12:00:00,TS,-14.4,142.3,35,50,0,main
2015068S12151,2015,SP,NATHAN,2015-03-20 15:00:00,TS,-14.2,141.8, ,45,0,main
2015068S12151,2015,SP,NATHAN,2015-03-20 18:00:00,TS,-14.0,141.3,30,40,0,main
2015068S12151,2015,SP,NATHAN,2015-03-20 21:00:00,TS,-13.8,140.7, ,43,0,main
2015068S12151,2015,SP,NATHAN,2015-03-21 00:00:00,TS,-13.7,140.2,40,45,0,main
2015068S12151,2015,SP,NATHAN,2015-03-21 03:00:00,TS,-13.7,139.7, ,48,0,main
2015068S12151,2015,SP,NATHAN,2015-03-21 06:00:00,TS,-13.7,139.3,40,50,0,main
2015068S12151,2015,SP,NATHAN,2015-03-21 09:00:00,TS,-13.6,138.8, ,53,0,main
2015068S12151,2015,SP,NATHAN,2015-03-21 12:00:00,TS,-13.4,138.4,50,55,0,main
2015068S12151,2015,SP,NATHAN,2015-03-21 15:00:00,TS,-13.2,137.9, ,58,0,main
2015068S12151,2015,SP,NATHAN,2015-03-21 18:00:00,TS,-13.0,137.6,60,60,0,main
2015068S12151,2015,SP,NATHAN,2015-03-21 21:00:00,TS,-12.8,137.2,60,63,0,main
2015068S12151,2015,SP,NATHAN,2015-03-22 00:00:00,TS,-12.7,136.8,70,65,1,main
2015068S12151,2015,SP,NATHAN,2015-03-22 03:00:00,TS,-12.4,136.4,55,65,1,main
2015068S12151,2015,SP,NATHAN,2015-03-22 06:00:00,TS,-12.2,136.1,55,65,1,main
2015068S12151,2015,SP,NATHAN,2015-03-22 09:00:00,TS,-11.9,135.9,50,63,0,main
2015068S12151,2015,SP,NATHAN,2015-03-22 12:00:00,TS,-11.8,135.7,55,60,0,main
2015068S12151,2015,SP,NATHAN,2015-03-22 15:00:00,TS,-11.7,135.5,60,65,1,main
2015068S12151,2015,SP,NATHAN,2015-03-22 18:00:00,TS,-11.7,135.2,60,65,1,main
2015068S12151,2015,SI,NATHAN,2015-03-22 21:00:00,TS,-11.7,134.9,60,65,1,main
2015068S12151,2015,SI,NATHAN,2015-03-23 00:00:00,TS,-11.6,134.7,55,65,1,main
2015068S12151,2015,SI,NATHAN,2015-03-23 03:00:00,TS,-11.5,134.5,55,65,1,main
2015068S12151,2015,SI,NATHAN,2015-03-23 06:00:00,TS,-11.5,134.4,55,65,1,main
2015068S12151,2015,SI,NATHAN,2015-03-23 09:00:00,TS,-11.4,134.2,50,60,0,main
2015068S12151,2015,SI,NATHAN,2015-03-23 12:00:00,TS,-11.5,134.0,50,55,0,main
2015068S12151,2015,SI,NATHAN,2015-03-23 15:00:00,TS,-11.6,133.8,50,53,0,main
2015068S12151,2015,SI,NATHAN,2015-03-23 18:00:00,TS,-11.7,133.7,45,50,0,main
2015068S12151,2015,SI,NATHAN,2015-03-23 21:00:00,TS,-11.9,133.5,35,43,0,main
2015068S12151,2015,SI,NATHAN,2015-03-24 00:00:00,TS,-12.2,133.2,30,35,0,main
2015068S12151,2015,SI,NATHAN,2015-03-24 03:00:00,TS,-12.4,133.0, ,33,-1,main
2015068S12151,2015,SI,NATHAN,2015-03-24 06:00:00,TS,-12.5,132.7,25,30,-1,main
2015068S12151,2015,SI,NATHAN,2015-03-24 09:00:00,TS,-12.5,132.5, , ,-5,main
2015068S12151,2015,SI,NATHAN,2015-03-24 12:00:00,TS,-12.5,132.3,20, ,-5,main
2015068S12151,2015,SI,NATHAN,2015-03-24 15:00:00,TS,-12.5,132.1, , ,-5,main
2015068S12151,2015,SI,NATHAN,2015-03-24 18:00:00,TS,-12.5,132.0,20, ,-5,main
2015068S12151,2015,SI,NATHAN,2015-03-24 21:00:00,TS,-12.6,131.9, , ,-5,main
2015068S12151,2015,SI,NATHAN,2015-03-25 00:00:00,TS,-12.8,131.7,20, ,-5,main
2015068S12151,2015,SI,NATHAN,2015-03-25 03:00:00,TS,-12.9,131.2, , ,-5,main
2015068S12151,2015,SI,NATHAN,2015-03-25 06:00:00,TS,-13.0,130.6,20, ,-5,main
2015068S12151,2015,SI,NATHAN,2015-03-25 09:00:00,TS,-13.3,130.3, , ,-5,main
2015068S12151,2015,SI,NATHAN,2015-03-25 12:00:00,TS,-13.5,130.1,20, ,-5,main
2015068S12151,2015,SI,NATHAN,2015-03-25 15:00:00,TS,-13.5,129.9, , ,-5,main
2015068S12151,2015,SI,NATHAN,2015-03-25 18:00:00,TS,-13.5,129.6,20, ,-5,main
2015068S12151,2015,SI,NATHAN,2015-03-25 21:00:00,TS,-13.4,129.4, , ,-5,main
2015068S12151,2015,SI,NATHAN,2015-03-26 00:00:00,TS,-13.4,129.2,20, ,-5,main
2015068S12151,2015,SI,NATHAN,2015-03-26 03:00:00,TS,-13.4,129.0, , ,-5,main
2015068S12151,2015,SI,NATHAN,2015-03-26 06:00:00,TS,-13.4,128.7,20, ,-5,main
2015068S12151,2015,SI,NATHAN,2015-03-26 09:00:00,TS,-13.4,128.4, , ,-5,main
2015068S12151,2015,SI,NATHAN,2015-03-26 12:00:00,TS,-13.5,128.0,20, ,-5,main
2015068S12151,2015,SI,NATHAN,2015-03-26 15:00:00,TS,-13.5,127.4, , ,-5,main
2015068S12151,2015,SI,NATHAN,2015-03-26 18:00:00,TS,-13.4,126.9,20, ,-5,main
2015068S12151,2015,SI,NATHAN,2015-03-26 21:00:00,TS,-13.3,126.5, , ,-5,main
2015068S12151,2015,SI,NATHAN,2015-03-27 00:00:00,TS,-13.3,126.2,20, ,-5,main
2018079S08137,2018,SP,NORA,2018-03-20 00:00:00,TS,-7.6,137.2,15, ,-5,main
2018079S08137,2018,SP,NORA,2018-03-20 03:00:00,TS,-7.7,137.0, , ,-5,main
2018079S08137,2018,SP,NORA,2018-03-20 06:00:00,TS,-7.8,136.8,15, ,-5,main
2018079S08137,2018,SP,NORA,2018-03-20 09:00:00,TS,-8.0,136.8, , ,-5,main
2018079S08137,2018,SP,NORA,2018-03-20 12:00:00,TS,-8.3,136.9,15, ,-5,main
2018079S08137,2018,SP,NORA,2018-03-20 15:00:00,TS,-8.5,136.9, , ,-5,main
2018079S08137,2018,SP,NORA,2018-03-20 18:00:00,TS,-8.8,136.9,15, ,-5,main
2018079S08137,2018,SP,NORA,2018-03-20 21:00:00,TS,-9.0,136.8, , ,-5,main
2018079S08137,2018,SP,NORA,2018-03-21 00:00:00,TS,-9.2,136.6,20, ,-5,main
2018079S08137,2018,SP,NORA,2018-03-21 03:00:00,TS,-9.4,136.4, , ,-5,main
2018079S08137,2018,SP,NORA,2018-03-21 06:00:00,TS,-9.5,136.2,20, ,-5,main
2018079S08137,2018,SP,NORA,2018-03-21 09:00:00,TS,-9.7,136.1, , ,-5,main
2018079S08137,2018,SP,NORA,2018-03-21 12:00:00,TS,-9.8,136.0,20, ,-5,main
2018079S08137,2018,SP,NORA,2018-03-21 15:00:00,TS,-9.8,136.0, , ,-5,main
2018079S08137,2018,SP,NORA,2018-03-21 18:00:00,TS,-9.8,136.1,25, ,-5,main
2018079S08137,2018,SP,NORA,2018-03-21 21:00:00,TS,-9.8,136.1, , ,-5,main
2018079S08137,2018,SP,NORA,2018-03-22 00:00:00,TS,-9.9,136.1,35,30,-1,main
2018079S08137,2018,SP,NORA,2018-03-22 03:00:00,TS,-9.9,136.2, ,33,-1,main
2018079S08137,2018,SP,NORA,2018-03-22 06:00:00,TS,-9.8,136.4,35,35,0,main
2018079S08137,2018,SP,NORA,2018-03-22 09:00:00,TS,-9.8,136.4, ,35,0,main
2018079S08137,2018,SP,NORA,2018-03-22 12:00:00,TS,-9.8,136.5,35,35,0,main
2018079S08137,2018,SP,NORA,2018-03-22 15:00:00,TS,-9.8,136.5, ,40,0,main
2018079S08137,2018,SP,NORA,2018-03-22 18:00:00,TS,-9.8,136.6,40,45,0,main
2018079S08137,2018,SP,NORA,2018-03-22 21:00:00,TS,-9.8,136.8, ,48,0,main
2018079S08137,2018,SP,NORA,2018-03-23 00:00:00,TS,-9.9,137.1,50,50,0,main
2018079S08137,2018,SP,NORA,2018-03-23 03:00:00,TS,-10.1,137.5, ,60,0,main
2018079S08137,2018,SP,NORA,2018-03-23 06:00:00,TS,-10.5,138.0,60,70,1,main
2018079S08137,2018,SP,NORA,2018-03-23 09:00:00,TS,-10.8,138.4, ,83,2,main
2018079S08137,2018,SP,NORA,2018-03-23 12:00:00,TS,-11.2,138.7,85,95,2,main
2018079S08137,2018,SP,NORA,2018-03-23 15:00:00,TS,-11.6,139.1, ,98,3,main
2018079S08137,2018,SP,NORA,2018-03-23 18:00:00,TS,-12.0,139.5,85,100,3,main
2018079S08137,2018,SP,NORA,2018-03-23 21:00:00,TS,-12.3,139.8, ,100,3,main
2018079S08137,2018,SP,NORA,2018-03-24 00:00:00,TS,-12.6,140.2,80,100,3,main
2018079S08137,2018,SP,NORA,2018-03-24 03:00:00,TS,-13.0,140.6,70,95,2,main
2018079S08137,2018,SP,NORA,2018-03-24 06:00:00,TS,-13.5,141.0,70,90,2,main
2018079S08137,2018,SP,NORA,2018-03-24 09:00:00,TS,-13.9,141.2,75,85,2,main
2018079S08137,2018,SP,NORA,2018-03-24 12:00:00,TS,-14.4,141.5,75,80,1,main
2018079S08137,2018,SP,NORA,2018-03-24 15:00:00,TS,-14.9,141.6,65,73,1,main
2018079S08137,2018,SP,NORA,2018-03-24 18:00:00,TS,-15.4,141.6,55,65,1,main
2018079S08137,2018,SP,NORA,2018-03-24 21:00:00,TS,-15.8,141.5,50,58,0,main
2018079S08137,2018,SP,NORA,2018-03-25 00:00:00,TS,-16.2,141.5,40,50,0,main
2018079S08137,2018,SP,NORA,2018-03-25 03:00:00,TS,-16.5,141.5,35,40,0,main
2018079S08137,2018,SP,NORA,2018-03-25 06:00:00,TS,-16.7,141.6,30,30,-1,main
2018079S08137,2018,SP,NORA,2018-03-25 09:00:00,TS,-16.8,141.7, ,28,-1,main
2018079S08137,2018,SP,NORA,2018-03-25 12:00:00,TS,-16.9,141.8,30,25,-1,main
2018079S08137,2018,SP,NORA,2018-03-25 15:00:00,TS,-17.0,141.8, ,25,-1,main
2018079S08137,2018,SP,NORA,2018-03-25 18:00:00,TS,-17.0,141.8,25,25,-1,main
2018079S08137,2018,SP,NORA,2018-03-25 21:00:00,TS,-17.0,141.7, ,25,-1,main
2018079S08137,2018,SP,NORA,2018-03-26 00:00:00,TS,-16.9,141.7,25,25,-1,main
2018079S08137,2018,SP,NORA,2018-03-26 03:00:00,TS,-16.9,141.9, ,25,-1,main
2018079S08137,2018,SP,NORA,2018-03-26 06:00:00,TS,-16.9,142.1,20,25,-1,main
2018079S08137,2018,SP,NORA,2018-03-26 09:00:00,TS,-16.9,142.3, , ,-5,main
2018079S08137,2018,SP,NORA,2018-03-26 12:00:00,TS,-16.8,142.4,20, ,-5,main
2018079S08137,2018,SP,NORA,2018-03-26 15:00:00,TS,-16.7,142.6, , ,-5,main
2018079S08137,2018,SP,NORA,2018-03-26 18:00:00,TS,-16.7,142.8,20, ,-5,main
2018079S08137,2018,SP,NORA,2018-03-26 21:00:00,TS,-16.6,143.0, , ,-5,main
2018079S08137,2018,SP,NORA,2018-03-27 00:00:00,TS,-16.6,143.1,20, ,-5,main
2018079S08137,2018,SP,NORA,2018-03-27 03:00:00,TS,-16.6,142.9, , ,-5,main
2018079S08137,2018,SP,NORA,2018-03-27 06:00:00,TS,-16.7,142.6,20, ,-5,main
2018079S08137,2018,SP,NORA,2018-03-27 09:00:00,TS,-16.7,142.2, , ,-5,main
2018079S08137,2018,SP,NORA,2018-03-27 12:00:00,TS,-16.7,141.8,20, ,-5,main
2018079S08137,2018,SP,NORA,2018-03-27 15:00:00,TS,-16.7,141.4, , ,-5,main
2018079S08137,2018,SP,NORA,2018-03-27 18:00:00,TS,-16.8,141.0,20, ,-5,main
2018079S08137,2018,SP,NORA,2018-03-27 21:00:00,TS,-16.8,140.6, , ,-5,main
2018079S08137,2018,SP,NORA,2018-03-28 00:00:00,TS,-16.8,140.2,20, ,-5,main
2018082S12164,2018,SP,IRIS,2018-03-22 18:00:00,DS,-12.3,164.0, ,25,-3,main
2018082S12164,2018,SP,IRIS,2018-03-22 21:00:00,DS,-12.5,163.8, ,25,-3,main
2018082S12164,2018,SP,IRIS,2018-03-23 00:00:00,DS,-12.8,163.5, ,25,-3,main
2018082S12164,2018,SP,IRIS,2018-03-23 03:00:00,DS,-13.1,163.2, ,25,-3,main
2018082S12164,2018,SP,IRIS,2018-03-23 06:00:00,TS,-13.3,162.9, ,25,-1,main
2018082S12164,2018,SP,IRIS,2018-03-23 09:00:00,TS,-13.4,162.5, ,25,-1,main
2018082S12164,2018,SP,IRIS,2018-03-23 12:00:00,TS,-13.5,162.2,25,25,-1,main
2018082S12164,2018,SP,IRIS,2018-03-23 15:00:00,TS,-13.6,161.7, ,28,-1,main
2018082S12164,2018,SP,IRIS,2018-03-23 18:00:00,TS,-13.8,161.4,40,30,-1,main
2018082S12164,2018,SP,IRIS,2018-03-23 21:00:00,TS,-13.9,160.9, ,30,-1,main
2018082S12164,2018,SP,IRIS,2018-03-24 00:00:00,TS,-14.0,160.5,35,30,-1,main
2018082S12164,2018,SP,IRIS,2018-03-24 03:00:00,TS,-14.2,160.1, ,30,-1,main
2018082S12164,2018,SP,IRIS,2018-03-24 06:00:00,TS,-14.3,159.9,30,30,-1,main
2018082S12164,2018,SP,IRIS,2018-03-24 09:00:00,TS,-14.4,159.7, ,30,-1,main
2018082S12164,2018,SP,IRIS,2018-03-24 12:00:00,TS,-14.4,159.5,30,30,-1,main
2018082S12164,2018,SP,IRIS,2018-03-24 15:00:00,TS,-14.5,159.2, ,30,-1,main
2018082S12164,2018,SP,IRIS,2018-03-24 18:00:00,TS,-14.5,159.0,30,30,-1,main
2018082S12164,2018,SP,IRIS,2018-03-24 21:00:00,TS,-14.5,158.9, ,30,-1,main
2018082S12164,2018,SP,IRIS,2018-03-25 00:00:00,TS,-14.5,159.0,30,30,-1,main
2018082S12164,2018,SP,IRIS,2018-03-25 03:00:00,TS,-14.6,158.9, ,30,-1,main
2018082S12164,2018,SP,IRIS,2018-03-25 06:00:00,TS,-14.8,158.9,25,30,-1,main
2018082S12164,2018,SP,IRIS,2018-03-25 09:00:00,TS,-15.1,158.7, ,30,-1,main
2018082S12164,2018,SP,IRIS,2018-03-25 12:00:00,TS,-15.4,158.5,25,30,-1,main
2018082S12164,2018,SP,IRIS,2018-03-25 15:00:00,TS,-15.7,158.4, ,30,-1,main
2018082S12164,2018,SP,IRIS,2018-03-25 18:00:00,TS,-16.0,158.4,25,30,-1,main
2018082S12164,2018,SP,IRIS,2018-03-25 21:00:00,TS,-16.2,158.3, ,30,-1,main
2018082S12164,2018,SP,IRIS,2018-03-26 00:00:00,TS,-16.5,158.2,25,30,-1,main
2018082S12164,2018,SP,IRIS,2018-03-26 03:00:00,TS,-16.8,158.1, ,30,-1,main
2018082S12164,2018,SP,IRIS,2018-03-26 06:00:00,TS,-17.2,158.0,25,30,-1,main
2018082S12164,2018,SP,IRIS,2018-03-26 09:00:00,TS,-17.5,158.0, ,30,-1,main
2018082S12164,2018,SP,IRIS,2018-03-26 12:00:00,TS,-17.8,158.0,25,30,-1,main
2018082S12164,2018,SP,IRIS,2018-03-26 15:00:00,TS,-18.1,158.0, ,28,-1,main
2018082S12164,2018,SP,IRIS,2018-03-26 18:00:00,TS,-18.5,158.0,25,25,-1,main
2018082S12164,2018,SP,IRIS,2018-03-26 21:00:00,TS,-18.9,158.0, ,25,-1,main
2018082S12164,2018,SP,IRIS,2018-03-27 00:00:00,TS,-19.3,158.0,25,25,-1,main
2018082S12164,2018,SP,IRIS,2018-03-27 03:00:00,TS,-19.8,158.1, ,25,-1,main
2018082S12164,2018,SP,IRIS,2018-03-27 06:00:00,TS,-20.2,158.2,25,25,-1,main
2018082S12164,2018,SP,IRIS,2018-03-27 09:00:00,TS,-20.3,158.3, ,25,-1,main
2018082S12164,2018,SP,IRIS,2018-03-27 12:00:00,TS,-20.6,158.4,25,25,-1,main
2018082S12164,2018,SP,IRIS,2018-03-27 15:00:00,TS,-21.0,158.6, ,25,-1,main
2018082S12164,2018,SP,IRIS,2018-03-27 18:00:00,TS,-21.5,158.9,25,25,-1,main
2018082S12164,2018,SP,IRIS,2018-03-27 21:00:00,TS,-22.0,159.0, ,25,-1,main
2018082S12164,2018,SP,IRIS,2018-03-28 00:00:00,TS,-22.4,159.2,25,25,-1,main
2018082S12164,2018,SP,IRIS,2018-03-28 03:00:00,TS,-22.6,159.2, ,25,-1,main
2018082S12164,2018,SP,IRIS,2018-03-28 06:00:00,TS,-22.7,159.2,25,25,-1,main
2018082S12164,2018,SP,IRIS,2018-03-28 09:00:00,TS,-22.6,159.2, ,28,-1,main
2018082S12164,2018,SP,IRIS,2018-03-28 12:00:00,TS,-22.6,159.2,25,30,-1,main
2018082S12164,2018,SP,IRIS,2018-03-28 15:00:00,TS,-22.6,159.0, ,33,-1,main
2018082S12164,2018,SP,IRIS,2018-03-28 18:00:00,TS,-22.7,158.5,25,35,0,main
2018082S12164,2018,SP,IRIS,2018-03-28 21:00:00,TS,-22.5,157.5, ,38,0,main
2018082S12164,2018,SP,IRIS,2018-03-29 00:00:00,MX,-22.2,156.4,30,40,-2,main
2018082S12164,2018,SP,IRIS,2018-03-29 03:00:00,MX,-21.8,155.6, ,40,-2,main
2018082S12164,2018,SP,IRIS,2018-03-29 06:00:00,MX,-21.2,155.4,30,35,-2,main
2018082S12164,2018,SP,IRIS,2018-03-29 09:00:00,MX,-20.7,155.4, ,33,-2,main
2018082S12164,2018,SP,IRIS,2018-03-29 12:00:00,MX,-20.3,155.4,30,30,-2,main
2018082S12164,2018,SP,IRIS,2018-03-29 15:00:00,MX,-19.9,155.2, ,30,-2,main
2018082S12164,2018,SP,IRIS,2018-03-29 18:00:00,MX,-19.7,154.9,30,30,-2,main
2018082S12164,2018,SP,IRIS,2018-03-29 21:00:00,MX,-19.5,154.6, ,30,-2,main
2018082S12164,2018,SP,IRIS,2018-03-30 00:00:00,MX,-19.2,154.2,30,30,-2,main
2018082S12164,2018,SP,IRIS,2018-03-30 03:00:00,MX,-18.8,153.9, ,30,-2,main
2018082S12164,2018,SP,IRIS,2018-03-30 06:00:00,MX,-18.4,153.6,30,30,-2,main
2018082S12164,2018,SP,IRIS,2018-03-30 09:00:00,MX,-18.0,153.3, ,30,-2,main
2018082S12164,2018,SP,IRIS,2018-03-30 12:00:00,MX,-17.6,153.0,30,30,-2,main
2018082S12164,2018,SP,IRIS,2018-03-30 15:00:00,MX,-17.2,152.4, ,30,-2,main
2018082S12164,2018,SP,IRIS,2018-03-30 18:00:00,TS,-16.8,151.8,30,30,-1,main
2018082S12164,2018,SP,IRIS,2018-03-30 21:00:00,TS,-16.5,151.3, ,28,-1,main
2018082S12164,2018,SP,IRIS,2018-03-31 00:00:00,TS,-16.2,150.9,25,25,-1,main
2018082S12164,2018,SP,IRIS,2018-03-31 03:00:00,TS,-15.8,150.5, ,25,-1,main
2018082S12164,2018,SP,IRIS,2018-03-31 06:00:00,TS,-15.6,150.2,25,25,-1,main
2018082S12164,2018,SP,IRIS,2018-03-31 09:00:00,TS,-15.3,149.9, ,25,-1,main
2018082S12164,2018,SP,IRIS,2018-03-31 12:00:00,TS,-15.2,149.8,25,25,-1,main
2018082S12164,2018,SP,IRIS,2018-03-31 15:00:00,TS,-15.0,149.6, ,25,-1,main
2018082S12164,2018,SP,IRIS,2018-03-31 18:00:00,TS,-15.0,149.4,30,25,-1,main
2018082S12164,2018,SP,IRIS,2018-03-31 21:00:00,TS,-15.1,149.2, ,25,-1,main
2018082S12164,2018,SP,IRIS,2018-04-01 00:00:00,TS,-15.3,149.2,30,25,-1,main
2018082S12164,2018,SP,IRIS,2018-04-01 03:00:00,TS,-15.4,149.1, ,25,-1,main
2018082S12164,2018,SP,IRIS,2018-04-01 06:00:00,TS,-15.5,149.1,30,25,-1,main
2018082S12164,2018,SP,IRIS,2018-04-01 09:00:00,TS,-15.7,149.1, ,25,-1,main
2018082S12164,2018,SP,IRIS,2018-04-01 12:00:00,TS,-15.9,149.0,30,30,-1,main
2018082S12164,2018,SP,IRIS,2018-04-01 15:00:00,TS,-16.2,148.9, ,33,-1,main
2018082S12164,2018,SP,IRIS,2018-04-01 18:00:00,TS,-16.6,148.8,35,35,0,main
2018082S12164,2018,SP,IRIS,2018-04-01 21:00:00,TS,-16.7,148.7, ,35,0,main
2018082S12164,2018,SP,IRIS,2018-04-02 00:00:00,TS,-16.8,148.6,40,35,0,main
2018082S12164,2018,SP,IRIS,2018-04-02 03:00:00,TS,-16.9,148.7, ,38,0,main
2018082S12164,2018,SP,IRIS,2018-04-02 06:00:00,TS,-16.9,148.8,40,40,0,main
2018082S12164,2018,SP,IRIS,2018-04-02 09:00:00,TS,-16.9,148.8, ,40,0,main
2018082S12164,2018,SP,IRIS,2018-04-02 12:00:00,TS,-16.9,148.9,45,40,0,main
2018082S12164,2018,SP,IRIS,2018-04-02 15:00:00,TS,-16.9,148.8, ,43,0,main
2018082S12164,2018,SP,IRIS,2018-04-02 18:00:00,TS,-17.0,148.9,55,45,0,main
2018082S12164,2018,SP,IRIS,2018-04-02 21:00:00,TS,-16.9,148.9, ,45,0,main
2018082S12164,2018,SP,IRIS,2018-04-03 00:00:00,TS,-17.1,149.0,55,45,0,main
2018082S12164,2018,SP,IRIS,2018-04-03 03:00:00,TS,-17.4,149.3, ,45,0,main
2018082S12164,2018,SP,IRIS,2018-04-03 06:00:00,TS,-17.9,149.6,50,45,0,main
2018082S12164,2018,SP,IRIS,2018-04-03 09:00:00,TS,-18.2,149.7, ,48,0,main
2018082S12164,2018,SP,IRIS,2018-04-03 12:00:00,TS,-18.4,149.9,50,50,0,main
2018082S12164,2018,SP,IRIS,2018-04-03 15:00:00,TS,-18.7,150.1, ,53,0,main
2018082S12164,2018,SP,IRIS,2018-04-03 18:00:00,TS,-19.0,150.3,50,55,0,main
2018082S12164,2018,SP,IRIS,2018-04-03 21:00:00,TS,-19.1,150.4, ,55,0,main
2018082S12164,2018,SP,IRIS,2018-04-04 00:00:00,TS,-19.1,150.5,50,55,0,main
2018082S12164,2018,SP,IRIS,2018-04-04 03:00:00,TS,-19.2,150.7, ,53,0,main
2018082S12164,2018,SP,IRIS,2018-04-04 06:00:00,TS,-19.3,151.0,45,50,0,main
2018082S12164,2018,SP,IRIS,2018-04-04 09:00:00,TS,-19.3,151.2, ,48,0,main
2018082S12164,2018,SP,IRIS,2018-04-04 12:00:00,TS,-19.4,151.5,40,45,0,main
2018082S12164,2018,SP,IRIS,2018-04-04 15:00:00,TS,-19.4,151.7, ,45,0,main
2018082S12164,2018,SP,IRIS,2018-04-04 18:00:00,TS,-19.5,151.8,40,45,0,main
2018082S12164,2018,SP,IRIS,2018-04-04 21:00:00,TS,-19.5,152.1, ,43,0,main
2018082S12164,2018,SP,IRIS,2018-04-05 00:00:00,TS,-19.6,152.4,40,40,0,main
2018082S12164,2018,SP,IRIS,2018-04-05 03:00:00,TS,-19.8,152.6, ,40,0,main
2018082S12164,2018,SP,IRIS,2018-04-05 06:00:00,TS,-20.0,152.9,40,40,0,main
2018082S12164,2018,SP,IRIS,2018-04-05 09:00:00,TS,-20.2,153.1, ,40,0,main
2018082S12164,2018,SP,IRIS,2018-04-05 12:00:00,TS,-20.4,153.3,40,40,0,main
2018082S12164,2018,SP,IRIS,2018-04-05 15:00:00,TS,-20.2,153.2, ,40,0,main
2018082S12164,2018,SP,IRIS,2018-04-05 18:00:00,TS,-19.8,153.2,30,40,0,main
2018082S12164,2018,SP,IRIS,2018-04-05 21:00:00,TS,-19.7,153.4, ,40,0,main
2018082S12164,2018,SP,IRIS,2018-04-06 00:00:00,TS,-19.5,153.7,30,40,0,main
2018082S12164,2018,SP,IRIS,2018-04-06 03:00:00,TS,-19.4,153.8, ,38,0,main
2018082S12164,2018,SP,IRIS,2018-04-06 06:00:00,TS,-19.2,153.7,25,35,0,main
2018082S12164,2018,SP,IRIS,2018-04-06 09:00:00,TS,-19.0,153.5, ,33,-1,main
2018082S12164,2018,SP,IRIS,2018-04-06 12:00:00,TS,-18.8,153.3,25,30,-1,main
2018082S12164,2018,SP,IRIS,2018-04-06 15:00:00,TS,-18.6,153.2, ,28,-1,main
2018082S12164,2018,SP,IRIS,2018-04-06 18:00:00,TS,-18.3,153.2,25,25,-1,main
2018082S12164,2018,SP,IRIS,2018-04-06 21:00:00,TS,-18.0,153.1, ,23,-1,main
2018082S12164,2018,SP,IRIS,2018-04-07 00:00:00,MX,-17.7,153.1,25,20,-3,main
2018082S12164,2018,SP,IRIS,2018-04-07 03:00:00,MX,-17.4,153.0, ,20,-3,main
2018082S12164,2018,SP,IRIS,2018-04-07 06:00:00,MX,-17.1,153.1,25,20,-3,main
2018082S12164,2018,SP,IRIS,2018-04-07 09:00:00,MX,-16.8,153.2, ,20,-3,main
2018082S12164,2018,SP,IRIS,2018-04-07 12:00:00,MX,-16.6,153.4,25,20,-3,main
2018082S12164,2018,SP,IRIS,2018-04-07 15:00:00,MX,-16.4,153.5, ,20,-3,main
2018082S12164,2018,SP,IRIS,2018-04-07 18:00:00,MX,-16.3,153.6,25,20,-3,main
2018082S12164,2018,SP,IRIS,2018-04-07 21:00:00,MX,-16.2,153.7, ,20,-3,main
2018082S12164,2018,SP,IRIS,2018-04-08 00:00:00,MX,-16.1,153.9,25,20,-3,main
2018082S12164,2018,SP,IRIS,2018-04-08 03:00:00,MX,-15.9,154.1, ,20,-3,main
2018082S12164,2018,SP,IRIS,2018-04-08 06:00:00,MX,-15.6,154.2,25,20,-3,main
2018082S12164,2018,SP,IRIS,2018-04-08 09:00:00,MX,-15.3,154.3, ,20,-3,main
2018082S12164,2018,SP,IRIS,2018-04-08 12:00:00,MX,-15.0,154.3,25,20,-3,main
2018082S12164,2018,SP,IRIS,2018-04-08 15:00:00,TS,-14.7,154.3, , ,-3,main
2018082S12164,2018,SP,IRIS,2018-04-08 18:00:00,TS,-14.5,154.3,20, ,-5,main
2018082S12164,2018,SP,IRIS,2018-04-08 21:00:00,TS,-14.3,154.3, , ,-5,main
2018082S12164,2018,SP,IRIS,2018-04-09 00:00:00,TS,-14.1,154.3,20, ,-5,main
2018082S12164,2018,SP,IRIS,2018-04-09 03:00:00,TS,-13.8,154.3, , ,-5,main
2018082S12164,2018,SP,IRIS,2018-04-09 06:00:00,TS,-13.6,154.3,20, ,-5,main
2018082S12164,2018,SP,IRIS,2018-04-09 09:00:00,TS,-13.4,154.3, , ,-5,main
2018082S12164,2018,SP,IRIS,2018-04-09 12:00:00,TS,-13.3,154.4,20, ,-5,main
2018082S12164,2018,SP,IRIS,2018-04-09 15:00:00,TS,-13.2,154.5, , ,-5,main
2018082S12164,2018,SP,IRIS,2018-04-09 18:00:00,TS,-13.0,154.6,20, ,-5,main
2018334S09156,2019,SP,OWEN,2018-11-30 00:00:00,MX,-8.8,155.6,15,20,-3,main
2018334S09156,2019,SP,OWEN,2018-11-30 03:00:00,MX,-9.3,155.5, ,20,-3,main
2018334S09156,2019,SP,OWEN,2018-11-30 06:00:00,MX,-9.8,155.4,15,20,-3,main
2018334S09156,2019,SP,OWEN,2018-11-30 09:00:00,MX,-10.2,155.2, ,23,-3,main
2018334S09156,2019,SP,OWEN,2018-11-30 12:00:00,TS,-10.5,154.9,15,25,-1,main
2018334S09156,2019,SP,OWEN,2018-11-30 15:00:00,TS,-10.8,154.7, ,25,-1,main
2018334S09156,2019,SP,OWEN,2018-11-30 18:00:00,TS,-11.1,154.5,15,25,-1,main
2018334S09156,2019,SP,OWEN,2018-11-30 21:00:00,TS,-11.3,154.4, ,28,-1,main
2018334S09156,2019,SP,OWEN,2018-12-01 00:00:00,TS,-11.6,154.4,15,30,-1,main
2018334S09156,2019,SP,OWEN,2018-12-01 03:00:00,TS,-11.8,154.4, ,30,-1,main
2018334S09156,2019,SP,OWEN,2018-12-01 06:00:00,TS,-11.9,154.4,15,30,-1,main
2018334S09156,2019,SP,OWEN,2018-12-01 09:00:00,TS,-12.2,154.4, ,30,-1,main
2018334S09156,2019,SP,OWEN,2018-12-01 12:00:00,TS,-12.4,154.4,15,30,-1,main
2018334S09156,2019,SP,OWEN,2018-12-01 15:00:00,TS,-12.7,154.4, ,30,-1,main
2018334S09156,2019,SP,OWEN,2018-12-01 18:00:00,TS,-13.1,154.3,25,30,-1,main
2018334S09156,2019,SP,OWEN,2018-12-01 21:00:00,TS,-13.5,154.3, ,33,-1,main
2018334S09156,2019,SP,OWEN,2018-12-02 00:00:00,TS,-13.9,154.3,35,35,0,main
2018334S09156,2019,SP,OWEN,2018-12-02 03:00:00,TS,-14.0,154.4, ,38,0,main
2018334S09156,2019,SP,OWEN,2018-12-02 06:00:00,TS,-14.1,154.6,35,40,0,main
2018334S09156,2019,SP,OWEN,2018-12-02 09:00:00,TS,-14.3,154.7, ,43,0,main
2018334S09156,2019,SP,OWEN,2018-12-02 12:00:00,TS,-14.6,154.8,40,45,0,main
2018334S09156,2019,SP,OWEN,2018-12-02 15:00:00,TS,-14.9,154.8, ,45,0,main
2018334S09156,2019,SP,OWEN,2018-12-02 18:00:00,TS,-15.2,154.9,45,45,0,main
2018334S09156,2019,SP,OWEN,2018-12-02 21:00:00,TS,-15.4,155.0, ,45,0,main
2018334S09156,2019,SP,OWEN,2018-12-03 00:00:00,TS,-15.6,155.1,45,45,0,main
2018334S09156,2019,SP,OWEN,2018-12-03 03:00:00,TS,-15.7,155.2, ,50,0,main
2018334S09156,2019,SP,OWEN,2018-12-03 06:00:00,TS,-15.8,155.4,40,55,0,main
2018334S09156,2019,SP,OWEN,2018-12-03 09:00:00,TS,-15.8,155.6, ,55,0,main
2018334S09156,2019,SP,OWEN,2018-12-03 12:00:00,TS,-15.9,155.9,40,55,0,main
2018334S09156,2019,SP,OWEN,2018-12-03 15:00:00,TS,-15.9,156.1, ,50,0,main
2018334S09156,2019,SP,OWEN,2018-12-03 18:00:00,TS,-16.0,156.3,40,45,0,main
2018334S09156,2019,SP,OWEN,2018-12-03 21:00:00,TS,-16.0,156.5, ,43,0,main
2018334S09156,2019,SP,OWEN,2018-12-04 00:00:00,TS,-16.0,156.5,35,40,0,main
2018334S09156,2019,SP,OWEN,2018-12-04 03:00:00,TS,-16.1,156.2, ,38,0,main
2018334S09156,2019,SP,OWEN,2018-12-04 06:00:00,TS,-16.3,155.8,30,35,0,main
2018334S09156,2019,SP,OWEN,2018-12-04 09:00:00,TS,-16.4,155.5, ,33,-1,main
2018334S09156,2019,SP,OWEN,2018-12-04 12:00:00,TS,-16.5,155.2,30,30,-1,main
2018334S09156,2019,SP,OWEN,2018-12-04 15:00:00,TS,-16.6,154.9, ,28,-1,main
2018334S09156,2019,SP,OWEN,2018-12-04 18:00:00,TS,-16.8,154.7,25,25,-1,main
2018334S09156,2019,SP,OWEN,2018-12-04 21:00:00,TS,-17.0,154.6, ,23,-1,main
2018334S09156,2019,SP,OWEN,2018-12-05 00:00:00,MX,-17.2,154.5,25,20,-3,main
2018334S09156,2019,SP,OWEN,2018-12-05 03:00:00,MX,-17.2,154.3, ,23,-3,main
2018334S09156,2019,SP,OWEN,2018-12-05 06:00:00,TS,-17.3,154.2,25,25,-1,main
2018334S09156,2019,SP,OWEN,2018-12-05 09:00:00,TS,-17.2,153.8, ,23,-1,main
2018334S09156,2019,SP,OWEN,2018-12-05 12:00:00,MX,-17.2,153.5,25,20,-3,main
2018334S09156,2019,SP,OWEN,2018-12-05 15:00:00,MX,-17.2,153.0, ,20,-3,main
2018334S09156,2019,SP,OWEN,2018-12-05 18:00:00,MX,-17.1,152.6,25,20,-3,main
2018334S09156,2019,SP,OWEN,2018-12-05 21:00:00,MX,-16.9,152.1, ,20,-3,main
2018334S09156,2019,SP,OWEN,2018-12-06 00:00:00,MX,-16.7,151.8,25,20,-3,main
2018334S09156,2019,SP,OWEN,2018-12-06 03:00:00,MX,-16.4,151.4, ,20,-3,main
2018334S09156,2019,SP,OWEN,2018-12-06 06:00:00,MX,-16.1,151.3,25,20,-3,main
2018334S09156,2019,SP,OWEN,2018-12-06 09:00:00,MX,-15.8,151.2, ,20,-3,main
2018334S09156,2019,SP,OWEN,2018-12-06 12:00:00,MX,-15.6,151.1,25,20,-3,main
2018334S09156,2019,SP,OWEN,2018-12-06 15:00:00,MX,-15.5,151.0, ,20,-3,main
2018334S09156,2019,SP,OWEN,2018-12-06 18:00:00,MX,-15.6,150.9,25,20,-3,main
2018334S09156,2019,SP,OWEN,2018-12-06 21:00:00,MX,-15.7,150.8, ,20,-3,main
2018334S09156,2019,SP,OWEN,2018-12-07 00:00:00,MX,-15.8,150.7,30,20,-3,main
2018334S09156,2019,SP,OWEN,2018-12-07 03:00:00,MX,-15.8,150.7, ,20,-3,main
2018334S09156,2019,SP,OWEN,2018-12-07 06:00:00,MX,-15.7,150.7,30,20,-3,main
2018334S09156,2019,SP,OWEN,2018-12-07 09:00:00,MX,-15.6,150.6, ,20,-3,main
2018334S09156,2019,SP,OWEN,2018-12-07 12:00:00,MX,-15.5,150.5,30,20,-3,main
2018334S09156,2019,SP,OWEN,2018-12-07 15:00:00,MX,-15.5,150.4, ,20,-3,main
2018334S09156,2019,SP,OWEN,2018-12-07 18:00:00,MX,-15.6,150.3,30,20,-3,main
2018334S09156,2019,SP,OWEN,2018-12-07 21:00:00,MX,-15.6,150.1, ,20,-3,main
2018334S09156,2019,SP,OWEN,2018-12-08 00:00:00,MX,-15.8,149.9,30,20,-3,main
2018334S09156,2019,SP,OWEN,2018-12-08 03:00:00,MX,-15.9,149.6, ,20,-3,main
2018334S09156,2019,SP,OWEN,2018-12-08 06:00:00,MX,-16.2,149.4,30,20,-3,main
2018334S09156,2019,SP,OWEN,2018-12-08 09:00:00,MX,-16.3,149.0, ,23,-3,main
2018334S09156,2019,SP,OWEN,2018-12-08 12:00:00,TS,-16.3,148.6,30,25,-1,main
2018334S09156,2019,SP,OWEN,2018-12-08 15:00:00,TS,-16.4,148.1, ,25,-1,main
2018334S09156,2019,SP,OWEN,2018-12-08 18:00:00,TS,-16.4,147.8,30,25,-1,main
2018334S09156,2019,SP,OWEN,2018-12-08 21:00:00,TS,-16.3,147.5, ,28,-1,main
2018334S09156,2019,SP,OWEN,2018-12-09 00:00:00,TS,-16.3,147.4,30,30,-1,main
2018334S09156,2019,SP,OWEN,2018-12-09 03:00:00,TS,-16.2,147.2, ,30,-1,main
2018334S09156,2019,SP,OWEN,2018-12-09 06:00:00,TS,-16.2,147.0,30,30,-1,main
2018334S09156,2019,SP,OWEN,2018-12-09 09:00:00,TS,-16.1,146.7, ,30,-1,main
2018334S09156,2019,SP,OWEN,2018-12-09 12:00:00,TS,-16.1,146.4,35,30,-1,main
2018334S09156,2019,SP,OWEN,2018-12-09 15:00:00,TS,-16.2,145.9, ,40,0,main
2018334S09156,2019,SP,OWEN,2018-12-09 18:00:00,TS,-16.3,145.4,35,35,0,main
2018334S09156,2019,SP,OWEN,2018-12-09 21:00:00,TS,-16.2,144.8, ,33,-1,main
2018334S09156,2019,SP,OWEN,2018-12-10 00:00:00,TS,-16.1,144.1,20,30,-1,main
2018334S09156,2019,SP,OWEN,2018-12-10 03:00:00,TS,-16.0,143.5, ,28,-1,main
2018334S09156,2019,SP,OWEN,2018-12-10 06:00:00,TS,-15.9,142.9,20,25,-1,main
2018334S09156,2019,SP,OWEN,2018-12-10 09:00:00,TS,-15.7,142.3, ,23,-1,main
2018334S09156,2019,SP,OWEN,2018-12-10 12:00:00,MX,-15.7,141.7,20,20,-3,main
2018334S09156,2019,SP,OWEN,2018-12-10 15:00:00,MX,-15.5,141.2, ,25,-3,main
2018334S09156,2019,SP,OWEN,2018-12-10 18:00:00,TS,-15.4,140.8,25,30,-1,main
2018334S09156,2019,SP,OWEN,2018-12-10 21:00:00,TS,-15.4,140.4, ,33,-1,main
2018334S09156,2019,SP,OWEN,2018-12-11 00:00:00,TS,-15.4,140.1,30,35,0,main
2018334S09156,2019,SP,OWEN,2018-12-11 03:00:00,TS,-15.3,139.6, ,35,0,main
2018334S09156,2019,SP,OWEN,2018-12-11 06:00:00,TS,-15.2,139.3,35,35,0,main
2018334S09156,2019,SP,OWEN,2018-12-11 09:00:00,TS,-15.0,139.0, ,40,0,main
2018334S09156,2019,SP,OWEN,2018-12-11 12:00:00,TS,-14.9,138.8,40,45,0,main
2018334S09156,2019,SP,OWEN,2018-12-11 15:00:00,TS,-14.8,138.3, ,48,0,main
2018334S09156,2019,SP,OWEN,2018-12-11 18:00:00,TS,-14.8,138.0,40,50,0,main
2018334S09156,2019,SP,OWEN,2018-12-11 21:00:00,TS,-14.8,137.7, ,53,0,main
2018334S09156,2019,SP,OWEN,2018-12-12 00:00:00,TS,-14.8,137.6,50,55,0,main
2018334S09156,2019,SP,OWEN,2018-12-12 03:00:00,TS,-14.8,137.3, ,58,0,main
2018334S09156,2019,SP,OWEN,2018-12-12 06:00:00,TS,-14.9,137.1,55,60,0,main
2018334S09156,2019,SP,OWEN,2018-12-12 09:00:00,TS,-14.8,136.8, ,63,0,main
2018334S09156,2019,SP,OWEN,2018-12-12 12:00:00,TS,-14.9,136.6,60,65,1,main
2018334S09156,2019,SP,OWEN,2018-12-12 15:00:00,TS,-14.9,136.4, ,68,1,main
2018334S09156,2019,SP,OWEN,2018-12-12 18:00:00,TS,-15.1,136.2,70,70,1,main
2018334S09156,2019,SP,OWEN,2018-12-12 21:00:00,TS,-15.3,136.0,85,85,2,main
2018334S09156,2019,SP,OWEN,2018-12-13 00:00:00,TS,-15.3,135.9,85,85,2,main
2018334S09156,2019,SP,OWEN,2018-12-13 03:00:00,TS,-15.2,136.0,80,80,1,main
2018334S09156,2019,SP,OWEN,2018-12-13 06:00:00,TS,-15.1,136.3,80,80,1,main
2018334S09156,2019,SP,OWEN,2018-12-13 09:00:00,TS,-15.1,136.6, ,78,1,main
2018334S09156,2019,SP,OWEN,2018-12-13 12:00:00,TS,-15.1,136.9,80,75,1,main
2018334S09156,2019,SP,OWEN,2018-12-13 15:00:00,TS,-15.2,137.1, ,78,1,main
2018334S09156,2019,SP,OWEN,2018-12-13 18:00:00,TS,-15.3,137.3,75,80,1,main
2018334S09156,2019,SP,OWEN,2018-12-13 21:00:00,TS,-15.2,137.6, ,80,1,main
2018334S09156,2019,SP,OWEN,2018-12-14 00:00:00,TS,-15.1,138.0,75,80,1,main
2018334S09156,2019,SP,OWEN,2018-12-14 03:00:00,TS,-15.1,138.4, ,78,1,main
2018334S09156,2019,SP,OWEN,2018-12-14 06:00:00,TS,-15.1,139.1,75,75,1,main
2018334S09156,2019,SP,OWEN,2018-12-14 09:00:00,TS,-15.1,139.8, ,73,1,main
2018334S09156,2019,SP,OWEN,2018-12-14 12:00:00,TS,-15.3,140.5,65,70,1,main
2018334S09156,2019,SP,OWEN,2018-12-14 15:00:00,TS,-15.8,141.0, ,65,1,main
2018334S09156,2019,SP,OWEN,2018-12-14 17:00:00,TS,-16.1,141.4,65,62,0,main
2018334S09156,2019,SP,OWEN,2018-12-14 18:00:00,TS,-16.3,141.6,55,60,0,main
2018334S09156,2019,SP,OWEN,2018-12-14 21:00:00,TS,-16.7,142.1,50,53,0,main
2018334S09156,2019,SP,OWEN,2018-12-15 00:00:00,TS,-17.0,142.7,45,45,0,main
2018334S09156,2019,SP,OWEN,2018-12-15 03:00:00,TS,-17.4,143.3, ,40,0,main
2018334S09156,2019,SP,OWEN,2018-12-15 06:00:00,TS,-17.8,144.0,30,35,0,main
2018334S09156,2019,SP,OWEN,2018-12-15 09:00:00,TS,-17.9,144.7, ,33,-1,main
2018334S09156,2019,SP,OWEN,2018-12-15 12:00:00,TS,-18.0,145.4,30,30,-1,main
2018334S09156,2019,SP,OWEN,2018-12-15 15:00:00,TS,-18.1,146.0, ,30,-1,main
2018334S09156,2019,SP,OWEN,2018-12-15 16:00:00,TS,-18.1,146.2,30,30,-1,main
2018334S09156,2019,SP,OWEN,2018-12-15 18:00:00,TS,-18.3,146.7,30,30,-1,main
2018334S09156,2019,SP,OWEN,2018-12-15 21:00:00,TS,-18.5,147.3, ,30,-1,main
2018334S09156,2019,SP,OWEN,2018-12-16 00:00:00,TS,-18.8,148.0,30,30,-1,main
2018334S09156,2019,SP,OWEN,2018-12-16 03:00:00,TS,-19.0,148.6, ,30,-1,main
2018334S09156,2019,SP,OWEN,2018-12-16 06:00:00,MX,-19.2,149.2,25,30,-2,main
2018334S09156,2019,SP,OWEN,2018-12-16 09:00:00,MX,-19.3,149.5, ,28,-2,main
2018334S09156,2019,SP,OWEN,2018-12-16 12:00:00,MX,-19.5,149.7,25,25,-2,main
2018334S09156,2019,SP,OWEN,2018-12-16 15:00:00,MX,-19.7,149.8, ,25,-2,main
2018334S09156,2019,SP,OWEN,2018-12-16 18:00:00,MX,-20.0,150.0,25,25,-2,main
2018334S09156,2019,SP,OWEN,2018-12-16 21:00:00,MX,-20.4,150.2, ,28,-2,main
2018334S09156,2019,SP,OWEN,2018-12-17 00:00:00,MX,-20.8,150.4,25,30,-2,main
2018334S09156,2019,SP,OWEN,2018-12-17 03:00:00,MX,-20.8,150.6, ,30,-2,main
2018334S09156,2019,SP,OWEN,2018-12-17 06:00:00,MX,-20.7,150.9,25,30,-2,main
2018334S09156,2019,SP,OWEN,2018-12-17 09:00:00,MX,-20.5,151.1, ,30,-2,main
2018334S09156,2019,SP,OWEN,2018-12-17 12:00:00,MX,-20.4,151.4,25,30,-2,main
2018334S09156,2019,SP,OWEN,2018-12-17 15:00:00,MX,-20.2,151.6, ,28,-2,main
2018334S09156,2019,SP,OWEN,2018-12-17 18:00:00,MX,-20.1,151.9,25,25,-2,main
2018334S09156,2019,SP,OWEN,2018-12-17 21:00:00,MX,-19.9,152.2, ,25,-2,main
2018334S09156,2019,SP,OWEN,2018-12-18 00:00:00,MX,-19.8,152.6,25,25,-2,main
2018334S09156,2019,SP,OWEN,2018-12-18 03:00:00,MX,-19.8,152.8, ,25,-2,main
2018334S09156,2019,SP,OWEN,2018-12-18 06:00:00,MX,-20.0,153.0,25,25,-2,main
2018334S09156,2019,SP,OWEN,2018-12-18 09:00:00,MX,-20.1,153.1, ,25,-2,main
2018334S09156,2019,SP,OWEN,2018-12-18 12:00:00,MX,-20.1,153.2,20,25,-2,main
2018334S09156,2019,SP,OWEN,2018-12-18 15:00:00,MX,-20.0,153.3, ,25,-2,main
2018334S09156,2019,SP,OWEN,2018-12-18 18:00:00,MX,-19.8,153.1,20,25,-2,main
2018334S09156,2019,SP,OWEN,2018-12-18 21:00:00,MX,-19.8,152.8, ,23,-2,main
2018334S09156,2019,SP,OWEN,2018-12-19 00:00:00,MX,-19.8,152.5,20,20,-2,main
2018334S09156,2019,SP,OWEN,2018-12-19 03:00:00,MX,-19.6,152.1, ,20,-2,main
2018334S09156,2019,SP,OWEN,2018-12-19 06:00:00,MX,-19.3,151.8,20,20,-2,main
2018334S09156,2019,SP,OWEN,2018-12-19 09:00:00,MX,-18.8,151.6, ,20,-2,main
2018334S09156,2019,SP,OWEN,2018-12-19 12:00:00,MX,-18.3,151.5,20,20,-2,main
2018334S09156,2019,SP,OWEN,2018-12-19 15:00:00,MX,-18.0,151.3, ,20,-2,main
2018334S09156,2019,SP,OWEN,2018-12-19 18:00:00,MX,-17.8,151.0,20,20,-2,main
2018334S09156,2019,SP,OWEN,2018-12-19 21:00:00,MX,-17.5,150.8, ,20,-2,main
2018334S09156,2019,SP,OWEN,2018-12-20 00:00:00,MX,-17.3,150.6,20,20,-2,main
2018334S09156,2019,SP,OWEN,2018-12-20 03:00:00,MX,-17.0,150.3, ,20,-2,main
2018334S09156,2019,SP,OWEN,2018-12-20 06:00:00,MX,-16.8,150.1,20,20,-2,main
2018334S09156,2019,SP,OWEN,2018-12-20 09:00:00,MX,-16.6,150.0, ,20,-2,main
2018334S09156,2019,SP,OWEN,2018-12-20 12:00:00,MX,-16.5,149.9,15,20,-3,main
2018334S09156,2019,SP,OWEN,2018-12-20 15:00:00,MX,-16.5,149.7, ,20,-3,main
2018334S09156,2019,SP,OWEN,2018-12-20 18:00:00,MX,-16.5,149.6,15,20,-3,main
2018334S09156,2019,SP,OWEN,2018-12-20 21:00:00,MX,-16.5,149.5, ,18,-3,main
2018334S09156,2019,SP,OWEN,2018-12-21 00:00:00,MX,-16.6,149.3,15,15,-3,main
2018334S09156,2019,SP,OWEN,2018-12-21 03:00:00,DS,-16.9,149.2, ,15,-3,main
2018334S09156,2019,SP,OWEN,2018-12-21 06:00:00,DS,-17.2,149.0, ,15,-3,main
2018334S09156,2019,SP,OWEN,2018-12-21 09:00:00,DS,-17.4,148.6, ,15,-3,main
2018334S09156,2019,SP,OWEN,2018-12-21 12:00:00,DS,-17.6,148.2, ,15,-3,main
2018334S09156,2019,SP,OWEN,2018-12-21 15:00:00,DS,-17.8,147.9, ,15,-3,main
2018334S09156,2019,SP,OWEN,2018-12-21 18:00:00,DS,-18.0,147.7, ,15,-3,main
2018334S09156,2019,SP,OWEN,2018-12-21 21:00:00,DS,-18.1,147.5, ,15,-3,main
2018334S09156,2019,SP,OWEN,2018-12-22 00:00:00,DS,-18.2,147.2, ,15,-3,main
2018363S12145,2019,SP,PENNY,2018-12-28 12:00:00,MX,-11.6,144.9,15,15,-3,main
2018363S12145,2019,SP,PENNY,2018-12-28 15:00:00,MX,-11.7,144.7, ,20,-3,main
2018363S12145,2019,SP,PENNY,2018-12-28 18:00:00,TS,-11.9,144.6,15,25,-1,main
2018363S12145,2019,SP,PENNY,2018-12-28 21:00:00,TS,-12.0,144.5, ,25,-1,main
2018363S12145,2019,SP,PENNY,2018-12-29 00:00:00,TS,-12.2,144.4,20,25,-1,main
2018363S12145,2019,SP,PENNY,2018-12-29 03:00:00,TS,-12.3,144.3, ,20,-1,main
2018363S12145,2019,SP,PENNY,2018-12-29 06:00:00,MX,-12.5,144.2,20,15,-3,main
2018363S12145,2019,SP,PENNY,2018-12-29 09:00:00,MX,-12.7,144.1, ,20,-3,main
2018363S12145,2019,SP,PENNY,2018-12-29 12:00:00,TS,-12.9,144.1,20,25,-1,main
2018363S12145,2019,SP,PENNY,2018-12-29 15:00:00,TS,-13.0,144.1, ,25,-1,main
2018363S12145,2019,SP,PENNY,2018-12-29 18:00:00,TS,-13.2,144.0,20,25,-1,main
2018363S12145,2019,SP,PENNY,2018-12-29 21:00:00,TS,-13.3,143.9, ,25,-1,main
2018363S12145,2019,SP,PENNY,2018-12-30 00:00:00,TS,-13.4,143.7,20,25,-1,main
2018363S12145,2019,SP,PENNY,2018-12-30 03:00:00,TS,-13.3,143.3, ,25,-1,main
2018363S12145,2019,SP,PENNY,2018-12-30 06:00:00,TS,-13.2,142.9,15,25,-1,main
2018363S12145,2019,SP,PENNY,2018-12-30 09:00:00,TS,-13.1,142.3, ,25,-1,main
2018363S12145,2019,SP,PENNY,2018-12-30 12:00:00,TS,-13.1,141.8,20,25,-1,main
2018363S12145,2019,SP,PENNY,2018-12-30 15:00:00,TS,-13.0,141.2, ,28,-1,main
2018363S12145,2019,SP,PENNY,2018-12-30 18:00:00,TS,-13.0,140.7,25,30,-1,main
2018363S12145,2019,SP,PENNY,2018-12-30 21:00:00,TS,-13.0,140.1, ,30,-1,main
2018363S12145,2019,SP,PENNY,2018-12-31 00:00:00,TS,-12.9,139.7,25,30,-1,main
2018363S12145,2019,SP,PENNY,2018-12-31 03:00:00,TS,-12.7,139.5, ,35,0,main
2018363S12145,2019,SP,PENNY,2018-12-31 06:00:00,TS,-12.5,139.6,30,40,0,main
2018363S12145,2019,SP,PENNY,2018-12-31 09:00:00,TS,-12.5,139.9, ,40,0,main
2018363S12145,2019,SP,PENNY,2018-12-31 12:00:00,TS,-12.7,140.3,30,40,0,main
2018363S12145,2019,SP,PENNY,2018-12-31 15:00:00,TS,-12.7,140.4, ,40,0,main
2018363S12145,2019,SP,PENNY,2018-12-31 18:00:00,TS,-12.7,140.6,30,40,0,main
2018363S12145,2019,SP,PENNY,2018-12-31 21:00:00,TS,-12.7,140.8, ,43,0,main
2018363S12145,2019,SP,PENNY,2019-01-01 00:00:00,TS,-12.7,141.2,40,45,0,main
2018363S12145,2019,SP,PENNY,2019-01-01 03:00:00,TS,-12.7,141.5, ,45,0,main
2018363S12145,2019,SP,PENNY,2019-01-01 06:00:00,TS,-12.8,142.0,40,45,0,main
2018363S12145,2019,SP,PENNY,2019-01-01 09:00:00,TS,-12.8,142.4, ,43,0,main
2018363S12145,2019,SP,PENNY,2019-01-01 12:00:00,TS,-12.8,142.8,35,40,0,main
2018363S12145,2019,SP,PENNY,2019-01-01 15:00:00,TS,-12.8,143.2, ,35,0,main
2018363S12145,2019,SP,PENNY,2019-01-01 18:00:00,TS,-12.9,143.7,35,30,-1,main
2018363S12145,2019,SP,PENNY,2019-01-01 21:00:00,TS,-12.9,144.1, ,35,0,main
2018363S12145,2019,SP,PENNY,2019-01-02 00:00:00,TS,-12.9,144.7,30,40,0,main
2018363S12145,2019,SP,PENNY,2019-01-02 03:00:00,TS,-13.0,145.3, ,40,0,main
2018363S12145,2019,SP,PENNY,2019-01-02 06:00:00,TS,-13.1,146.1,40,40,0,main
2018363S12145,2019,SP,PENNY,2019-01-02 09:00:00,TS,-13.1,146.9, ,43,0,main
2018363S12145,2019,SP,PENNY,2019-01-02 12:00:00,TS,-13.2,147.9,50,45,0,main
2018363S12145,2019,SP,PENNY,2019-01-02 15:00:00,TS,-13.3,149.0, ,45,0,main
2018363S12145,2019,SP,PENNY,2019-01-02 18:00:00,TS,-13.6,150.1,50,45,0,main
2018363S12145,2019,SP,PENNY,2019-01-02 21:00:00,TS,-13.9,151.3, ,45,0,main
2018363S12145,2019,SP,PENNY,2019-01-03 00:00:00,TS,-14.3,152.4,50,45,0,main
2018363S12145,2019,SP,PENNY,2019-01-03 03:00:00,TS,-14.6,153.1, ,45,0,main
2018363S12145,2019,SP,PENNY,2019-01-03 06:00:00,TS,-14.9,153.7,55,45,0,main
2018363S12145,2019,SP,PENNY,2019-01-03 09:00:00,TS,-15.1,154.3, ,48,0,main
2018363S12145,2019,SP,PENNY,2019-01-03 12:00:00,TS,-15.3,154.9,55,50,0,main
2018363S12145,2019,SP,PENNY,2019-01-03 15:00:00,TS,-15.5,155.2, ,53,0,main
2018363S12145,2019,SP,PENNY,2019-01-03 18:00:00,TS,-15.7,155.5,50,55,0,main
2018363S12145,2019,SP,PENNY,2019-01-03 21:00:00,TS,-15.8,155.7, ,55,0,main
2018363S12145,2019,SP,PENNY,2019-01-04 00:00:00,TS,-16.0,155.9,50,55,0,main
2018363S12145,2019,SP,PENNY,2019-01-04 03:00:00,TS,-16.0,155.9, ,53,0,main
2018363S12145,2019,SP,PENNY,2019-01-04 06:00:00,TS,-16.0,156.0,50,50,0,main
2018363S12145,2019,SP,PENNY,2019-01-04 09:00:00,TS,-16.0,155.9, ,48,0,main
2018363S12145,2019,SP,PENNY,2019-01-04 12:00:00,TS,-16.1,155.9,45,45,0,main
2018363S12145,2019,SP,PENNY,2019-01-04 15:00:00,TS,-16.0,155.9, ,45,0,main
2018363S12145,2019,SP,PENNY,2019-01-04 18:00:00,TS,-15.9,155.9,45,45,0,main
2018363S12145,2019,SP,PENNY,2019-01-04 21:00:00,TS,-15.8,155.8, ,43,0,main
2018363S12145,2019,SP,PENNY,2019-01-05 00:00:00,TS,-15.8,155.8,40,40,0,main
2018363S12145,2019,SP,PENNY,2019-01-05 03:00:00,TS,-15.8,155.9, ,40,0,main
2018363S12145,2019,SP,PENNY,2019-01-05 06:00:00,TS,-15.8,156.0,40,40,0,main
2018363S12145,2019,SP,PENNY,2019-01-05 09:00:00,TS,-15.8,156.1, ,40,0,main
2018363S12145,2019,SP,PENNY,2019-01-05 12:00:00,TS,-15.9,156.1,35,40,0,main
2018363S12145,2019,SP,PENNY,2019-01-05 15:00:00,TS,-16.1,156.1, ,43,0,main
2018363S12145,2019,SP,PENNY,2019-01-05 18:00:00,TS,-16.4,156.0,35,45,0,main
2018363S12145,2019,SP,PENNY,2019-01-05 21:00:00,TS,-16.7,155.6, ,45,0,main
2018363S12145,2019,SP,PENNY,2019-01-06 00:00:00,TS,-17.0,155.2,40,45,0,main
2018363S12145,2019,SP,PENNY,2019-01-06 03:00:00,TS,-17.0,154.9, ,43,0,main
2018363S12145,2019,SP,PENNY,2019-01-06 06:00:00,TS,-17.0,154.7,35,40,0,main
2018363S12145,2019,SP,PENNY,2019-01-06 09:00:00,TS,-17.0,154.6, ,38,0,main
2018363S12145,2019,SP,PENNY,2019-01-06 12:00:00,TS,-17.0,154.5,30,35,0,main
2018363S12145,2019,SP,PENNY,2019-01-06 15:00:00,TS,-17.2,154.4, ,35,0,main
2018363S12145,2019,SP,PENNY,2019-01-06 18:00:00,TS,-17.4,154.1,35,35,0,main
2018363S12145,2019,SP,PENNY,2019-01-06 21:00:00,TS,-17.6,153.7, ,35,0,main
2018363S12145,2019,SP,PENNY,2019-01-07 00:00:00,TS,-17.8,153.2,35,35,0,main
2018363S12145,2019,SP,PENNY,2019-01-07 03:00:00,TS,-18.0,152.8, ,38,0,main
2018363S12145,2019,SP,PENNY,2019-01-07 06:00:00,TS,-18.2,152.5,35,40,0,main
2018363S12145,2019,SP,PENNY,2019-01-07 09:00:00,TS,-18.3,152.2, ,38,0,main
2018363S12145,2019,SP,PENNY,2019-01-07 12:00:00,TS,-18.5,151.9,35,35,0,main
2018363S12145,2019,SP,PENNY,2019-01-07 15:00:00,TS,-18.7,151.6, ,35,0,main
2018363S12145,2019,SP,PENNY,2019-01-07 18:00:00,TS,-18.9,151.3,35,35,0,main
2018363S12145,2019,SP,PENNY,2019-01-07 21:00:00,TS,-19.1,151.0, ,33,-1,main
2018363S12145,2019,SP,PENNY,2019-01-08 00:00:00,TS,-19.3,150.8,30,30,-1,main
2018363S12145,2019,SP,PENNY,2019-01-08 03:00:00,TS,-19.6,150.5, ,28,-1,main
2018363S12145,2019,SP,PENNY,2019-01-08 06:00:00,TS,-19.8,150.1,30,25,-1,main
2018363S12145,2019,SP,PENNY,2019-01-08 09:00:00,TS,-19.9,149.8, ,25,-1,main
2018363S12145,2019,SP,PENNY,2019-01-08 12:00:00,TS,-19.8,149.6,30,25,-1,main
2018363S12145,2019,SP,PENNY,2019-01-08 15:00:00,TS,-19.9,149.3, ,25,-1,main
2018363S12145,2019,SP,PENNY,2019-01-08 18:00:00,TS,-20.0,149.0,30,25,-1,main
2018363S12145,2019,SP,PENNY,2019-01-08 21:00:00,TS,-20.0,148.7, ,25,-1,main
2018363S12145,2019,SP,PENNY,2019-01-09 00:00:00,TS,-20.0,148.5,25,25,-1,main
2018363S12145,2019,SP,PENNY,2019-01-09 03:00:00,TS,-20.1,148.4, ,25,-1,main
2018363S12145,2019,SP,PENNY,2019-01-09 06:00:00,TS,-20.2,148.2, ,25,-1,main
2018363S12145,2019,SP,PENNY,2019-01-09 09:00:00,TS,-20.3,147.9, ,23,-1,main
2018363S12145,2019,SP,PENNY,2019-01-09 12:00:00,DS,-20.4,147.6, ,20,-3,main
2019074S08151,2019,SP,TREVOR,2019-03-14 18:00:00,TS,-8.1,151.0, ,25,-1,main
2019074S08151,2019,SP,TREVOR,2019-03-14 21:00:00,TS,-8.2,150.9, ,28,-1,main
2019074S08151,2019,SP,TREVOR,2019-03-15 00:00:00,TS,-8.3,150.8, ,30,-1,main
2019074S08151,2019,SP,TREVOR,2019-03-15 03:00:00,TS,-8.4,150.7, ,30,-1,main
2019074S08151,2019,SP,TREVOR,2019-03-15 06:00:00,TS,-8.6,150.7, ,30,-1,main
2019074S08151,2019,SP,TREVOR,2019-03-15 09:00:00,TS,-8.7,150.7, ,30,-1,main
2019074S08151,2019,SP,TREVOR,2019-03-15 12:00:00,TS,-8.8,150.6, ,30,-1,main
2019074S08151,2019,SP,TREVOR,2019-03-15 15:00:00,TS,-8.9,150.5, ,33,-1,main
2019074S08151,2019,SP,TREVOR,2019-03-15 18:00:00,TS,-9.1,150.3, ,35,0,main
2019074S08151,2019,SP,TREVOR,2019-03-15 21:00:00,TS,-9.3,150.1, ,35,0,main
2019074S08151,2019,SP,TREVOR,2019-03-16 00:00:00,TS,-9.4,149.9, ,35,0,main
2019074S08151,2019,SP,TREVOR,2019-03-16 03:00:00,TS,-9.5,149.8, ,35,0,main
2019074S08151,2019,SP,TREVOR,2019-03-16 06:00:00,TS,-9.7,149.6, ,35,0,main
2019074S08151,2019,SP,TREVOR,2019-03-16 09:00:00,TS,-9.8,149.4, ,30,-1,main
2019074S08151,2019,SP,TREVOR,2019-03-16 12:00:00,TS,-10.0,149.0, ,25,-1,main
2019074S08151,2019,SP,TREVOR,2019-03-16 15:00:00,TS,-10.2,148.5, ,25,-1,main
2019074S08151,2019,SP,TREVOR,2019-03-16 18:00:00,TS,-10.5,147.9, ,25,-1,main
2019074S08151,2019,SP,TREVOR,2019-03-16 21:00:00,TS,-10.7,147.3, ,28,-1,main
2019074S08151,2019,SP,TREVOR,2019-03-17 00:00:00,TS,-10.9,146.8,25,30,-1,main
2019074S08151,2019,SP,TREVOR,2019-03-17 03:00:00,TS,-11.3,146.8, ,30,-1,main
2019074S08151,2019,SP,TREVOR,2019-03-17 06:00:00,TS,-11.6,146.8,25,30,-1,main
2019074S08151,2019,SP,TREVOR,2019-03-17 09:00:00,TS,-12.0,146.7, ,30,-1,main
2019074S08151,2019,SP,TREVOR,2019-03-17 12:00:00,TS,-12.3,146.6,30,30,-1,main
2019074S08151,2019,SP,TREVOR,2019-03-17 15:00:00,TS,-12.3,146.3, ,33,-1,main
2019074S08151,2019,SP,TREVOR,2019-03-17 18:00:00,TS,-12.3,146.0,30,35,0,main
2019074S08151,2019,SP,TREVOR,2019-03-17 21:00:00,TS,-12.3,145.8, ,40,0,main
2019074S08151,2019,SP,TREVOR,2019-03-18 00:00:00,TS,-12.3,145.6,35,45,0,main
2019074S08151,2019,SP,TREVOR,2019-03-18 03:00:00,TS,-12.4,145.4, ,50,0,main
2019074S08151,2019,SP,TREVOR,2019-03-18 06:00:00,TS,-12.5,145.3,45,55,0,main
2019074S08151,2019,SP,TREVOR,2019-03-18 09:00:00,TS,-12.6,145.2, ,60,0,main
2019074S08151,2019,SP,TREVOR,2019-03-18 12:00:00,TS,-12.8,145.0,55,65,1,main
2019074S08151,2019,SP,TREVOR,2019-03-18 15:00:00,TS,-12.8,144.8, ,78,1,main
2019074S08151,2019,SP,TREVOR,2019-03-18 18:00:00,TS,-12.9,144.6,80,90,2,main
2019074S08151,2019,SP,TREVOR,2019-03-18 21:00:00,TS,-13.0,144.4, ,93,2,main
2019074S08151,2019,SP,TREVOR,2019-03-19 00:00:00,TS,-13.0,144.1,85,95,2,main
2019074S08151,2019,SP,TREVOR,2019-03-19 03:00:00,TS,-13.0,143.9, ,100,3,main
2019074S08151,2019,SP,TREVOR,2019-03-19 06:00:00,TS,-13.0,143.7,90,105,3,main
2019074S08151,2019,SP,TREVOR,2019-03-19 08:00:00,TS,-12.9,143.5,90,100,3,main
2019074S08151,2019,SP,TREVOR,2019-03-19 09:00:00,TS,-12.9,143.4, ,98,3,main
2019074S08151,2019,SP,TREVOR,2019-03-19 12:00:00,TS,-13.0,143.2,70,90,2,main
2019074S08151,2019,SP,TREVOR,2019-03-19 15:00:00,TS,-13.1,142.9, ,85,2,main
2019074S08151,2019,SP,TREVOR,2019-03-19 18:00:00,TS,-13.2,142.7,50,80,1,main
2019074S08151,2019,SP,TREVOR,2019-03-19 21:00:00,TS,-13.1,142.4, ,73,1,main
2019074S08151,2019,SP,TREVOR,2019-03-20 00:00:00,TS,-13.1,142.2,35,65,1,main
2019074S08151,2019,SP,TREVOR,2019-03-20 03:00:00,TS,-13.1,142.0, ,63,0,main
2019074S08151,2019,SP,TREVOR,2019-03-20 06:00:00,TS,-13.0,142.0,35,60,0,main
2019074S08151,2019,SP,TREVOR,2019-03-20 09:00:00,TS,-12.9,141.9, ,53,0,main
2019074S08151,2019,SP,TREVOR,2019-03-20 12:00:00,TS,-12.9,141.8,35,45,0,main
2019074S08151,2019,SP,TREVOR,2019-03-20 15:00:00,TS,-12.9,141.7, ,48,0,main
2019074S08151,2019,SP,TREVOR,2019-03-20 18:00:00,TS,-12.9,141.6,35,50,0,main
2019074S08151,2019,SP,TREVOR,2019-03-20 21:00:00,TS,-12.9,141.5, ,50,0,main
2019074S08151,2019,SP,TREVOR,2019-03-21 00:00:00,TS,-13.0,141.5,40,50,0,main
2019074S08151,2019,SP,TREVOR,2019-03-21 03:00:00,TS,-13.1,141.4, ,53,0,main
2019074S08151,2019,SP,TREVOR,2019-03-21 06:00:00,TS,-13.3,141.3,50,55,0,main
2019074S08151,2019,SP,TREVOR,2019-03-21 09:00:00,TS,-13.5,141.2, ,60,0,main
2019074S08151,2019,SP,TREVOR,2019-03-21 12:00:00,TS,-13.8,141.1,50,65,1,main
2019074S08151,2019,SP,TREVOR,2019-03-21 15:00:00,TS,-13.9,140.7, ,68,1,main
2019074S08151,2019,SP,TREVOR,2019-03-21 18:00:00,TS,-14.1,140.3,60,70,1,main
2019074S08151,2019,SP,TREVOR,2019-03-21 21:00:00,TS,-14.2,140.0, ,75,1,main
2019074S08151,2019,SP,TREVOR,2019-03-22 00:00:00,TS,-14.4,139.8,70,80,1,main
2019074S08151,2019,SP,TREVOR,2019-03-22 03:00:00,TS,-14.5,139.5, ,85,2,main
2019074S08151,2019,SP,TREVOR,2019-03-22 06:00:00,TS,-14.7,139.3,75,90,2,main
2019074S08151,2019,SP,TREVOR,2019-03-22 09:00:00,TS,-14.9,139.0, ,93,2,main
2019074S08151,2019,SP,TREVOR,2019-03-22 12:00:00,TS,-15.1,138.8,95,95,2,main
2019074S08151,2019,SP,TREVOR,2019-03-22 15:00:00,TS,-15.3,138.5, ,103,3,main
2019074S08151,2019,SP,TREVOR,2019-03-22 18:00:00,TS,-15.6,138.2,100,110,3,main
2019074S08151,2019,SP,TREVOR,2019-03-22 21:00:00,TS,-15.7,137.9, ,108,3,main
2019074S08151,2019,SP,TREVOR,2019-03-23 00:00:00,TS,-16.0,137.6,100,105,3,main
2019074S08151,2019,SP,TREVOR,2019-03-23 01:10:00,TS,-16.2,137.3,100,103,3,main
2019074S08151,2019,SP,TREVOR,2019-03-23 03:00:00,TS,-16.4,137.0, ,100,3,main
2019074S08151,2019,SP,TREVOR,2019-03-23 06:00:00,TS,-16.7,136.7,65,95,2,main
2019074S08151,2019,SP,TREVOR,2019-03-23 09:00:00,TS,-17.0,136.3, ,85,2,main
2019074S08151,2019,SP,TREVOR,2019-03-23 12:00:00,TS,-17.4,135.9,45,75,1,main
2019074S08151,2019,SP,TREVOR,2019-03-23 15:00:00,TS,-17.9,135.5, ,68,1,main
2019074S08151,2019,SP,TREVOR,2019-03-23 18:00:00,TS,-18.3,135.2,30,60,0,main
2019074S08151,2019,SP,TREVOR,2019-03-23 21:00:00,TS,-18.7,135.1, ,55,0,main
2019074S08151,2019,SP,TREVOR,2019-03-24 00:00:00,TS,-19.1,135.1,30,50,0,main
2019074S08151,2019,SP,TREVOR,2019-03-24 03:00:00,TS,-19.6,135.0, ,48,0,main
2019074S08151,2019,SP,TREVOR,2019-03-24 06:00:00,TS,-20.0,135.1,30,45,0,main
2019074S08151,2019,SP,TREVOR,2019-03-24 09:00:00,TS,-20.3,135.1, ,40,0,main
2019074S08151,2019,SP,TREVOR,2019-03-24 12:00:00,TS,-20.4,135.2,30,35,0,main
2019074S08151,2019,SP,TREVOR,2019-03-24 15:00:00,TS,-20.6,135.3, ,33,-1,main
2019074S08151,2019,SP,TREVOR,2019-03-24 18:00:00,TS,-20.8,135.5,30,30,-1,main
2019074S08151,2019,SP,TREVOR,2019-03-24 21:00:00,TS,-20.9,135.8, ,30,-1,main
2019074S08151,2019,SP,TREVOR,2019-03-25 00:00:00,TS,-21.1,136.2,25,30,-1,main
2019074S08151,2019,SP,TREVOR,2019-03-25 03:00:00,TS,-21.2,136.5, ,25,-1,main
2019074S08151,2019,SP,TREVOR,2019-03-25 06:00:00,MX,-21.3,136.9,25,20,-3,main
2019074S08151,2019,SP,TREVOR,2019-03-25 09:00:00,MX,-21.4,137.0, ,20,-3,main
2019074S08151,2019,SP,TREVOR,2019-03-25 12:00:00,MX,-21.4,137.2,25,20,-3,main
2019074S08151,2019,SP,TREVOR,2019-03-25 15:00:00,MX,-21.3,137.4, ,20,-3,main
2019074S08151,2019,SP,TREVOR,2019-03-25 18:00:00,MX,-21.1,137.6,25,20,-3,main
2019074S08151,2019,SP,TREVOR,2019-03-25 21:00:00,TS,-21.0,138.0, , ,-3,main
2019074S08151,2019,SP,TREVOR,2019-03-26 00:00:00,TS,-21.0,138.5,25, ,-5,main
2019074S08151,2019,SP,TREVOR,2019-03-26 03:00:00,TS,-21.0,138.8, , ,-5,main
2019074S08151,2019,SP,TREVOR,2019-03-26 06:00:00,TS,-21.0,139.0,20, ,-5,main
2019074S08151,2019,SP,TREVOR,2019-03-26 09:00:00,TS,-20.8,139.3, , ,-5,main
2019074S08151,2019,SP,TREVOR,2019-03-26 12:00:00,TS,-20.6,139.5,20, ,-5,main
2019074S08151,2019,SP,TREVOR,2019-03-26 15:00:00,TS,-20.5,139.7, , ,-5,main
2019074S08151,2019,SP,TREVOR,2019-03-26 18:00:00,TS,-20.5,140.0,20, ,-5,main
2019074S08151,2019,SP,TREVOR,2019-03-26 21:00:00,TS,-20.7,140.4, , ,-5,main
2019074S08151,2019,SP,TREVOR,2019-03-27 00:00:00,TS,-21.0,141.0,20, ,-5,main
2019074S08151,2019,SP,TREVOR,2019-03-27 03:00:00,TS,-21.1,141.8, , ,-5,main
2019074S08151,2019,SP,TREVOR,2019-03-27 06:00:00,TS,-21.0,142.5,20, ,-5,main
2019074S08151,2019,SP,TREVOR,2019-03-27 09:00:00,TS,-20.7,142.9, , ,-5,main
2019074S08151,2019,SP,TREVOR,2019-03-27 12:00:00,TS,-20.5,143.0,20, ,-5,main
2019074S08151,2019,SP,TREVOR,2019-03-27 15:00:00,TS,-20.5,143.0, , ,-5,main
2019074S08151,2019,SP,TREVOR,2019-03-27 18:00:00,TS,-20.7,143.0,20, ,-5,main
2019129S10160,2019,SP,ANN,2019-05-09 00:00:00,TS,-10.1,160.2,15, ,-5,main
2019129S10160,2019,SP,ANN,2019-05-09 03:00:00,TS,-10.5,160.1, , ,-5,main
2019129S10160,2019,SP,ANN,2019-05-09 06:00:00,TS,-10.8,160.1,15, ,-5,main
2019129S10160,2019,SP,ANN,2019-05-09 09:00:00,TS,-11.1,160.1, , ,-5,main
2019129S10160,2019,SP,ANN,2019-05-09 12:00:00,TS,-11.3,160.1,15, ,-5,main
2019129S10160,2019,SP,ANN,2019-05-09 15:00:00,TS,-11.6,160.1, , ,-5,main
2019129S10160,2019,SP,ANN,2019-05-09 18:00:00,TS,-11.8,160.0,15, ,-5,main
2019129S10160,2019,SP,ANN,2019-05-09 21:00:00,TS,-12.0,159.9, , ,-5,main
2019129S10160,2019,SP,ANN,2019-05-10 00:00:00,TS,-12.2,159.9,15, ,-5,main
2019129S10160,2019,SP,ANN,2019-05-10 03:00:00,TS,-12.6,159.9, , ,-5,main
2019129S10160,2019,SP,ANN,2019-05-10 06:00:00,TS,-13.0,159.9,20, ,-5,main
2019129S10160,2019,SP,ANN,2019-05-10 09:00:00,TS,-13.5,159.9, , ,-5,main
2019129S10160,2019,SP,ANN,2019-05-10 12:00:00,MX,-14.0,159.7,20,15,-3,main
2019129S10160,2019,SP,ANN,2019-05-10 15:00:00,MX,-14.4,159.6, ,18,-3,main
2019129S10160,2019,SP,ANN,2019-05-10 18:00:00,MX,-14.7,159.6,25,20,-3,main
2019129S10160,2019,SP,ANN,2019-05-10 21:00:00,MX,-15.0,159.6, ,23,-3,main
2019129S10160,2019,SP,ANN,2019-05-11 00:00:00,TS,-15.2,159.6,30,25,-1,main
2019129S10160,2019,SP,ANN,2019-05-11 03:00:00,TS,-15.5,159.7, ,28,-1,main
2019129S10160,2019,SP,ANN,2019-05-11 06:00:00,TS,-15.7,159.7,35,30,-1,main
2019129S10160,2019,SP,ANN,2019-05-11 09:00:00,TS,-15.9,159.6, ,33,-1,main
2019129S10160,2019,SP,ANN,2019-05-11 12:00:00,TS,-16.1,159.5,40,35,0,main
2019129S10160,2019,SP,ANN,2019-05-11 15:00:00,TS,-16.2,159.3, ,38,0,main
2019129S10160,2019,SP,ANN,2019-05-11 18:00:00,TS,-16.3,159.1,40,40,0,main
2019129S10160,2019,SP,ANN,2019-05-11 21:00:00,TS,-16.2,158.8, ,43,0,main
2019129S10160,2019,SP,ANN,2019-05-12 00:00:00,TS,-16.2,158.5,45,45,0,main
2019129S10160,2019,SP,ANN,2019-05-12 03:00:00,TS,-16.2,158.2, ,50,0,main
2019129S10160,2019,SP,ANN,2019-05-12 06:00:00,TS,-16.1,157.9,45,55,0,main
2019129S10160,2019,SP,ANN,2019-05-12 09:00:00,TS,-16.0,157.4, ,55,0,main
2019129S10160,2019,SP,ANN,2019-05-12 12:00:00,TS,-16.0,157.0,50,55,0,main
2019129S10160,2019,SP,ANN,2019-05-12 15:00:00,TS,-16.0,156.4, ,58,0,main
2019129S10160,2019,SP,ANN,2019-05-12 18:00:00,TS,-15.9,155.7,55,60,0,main
2019129S10160,2019,SP,ANN,2019-05-12 21:00:00,TS,-15.8,155.0, ,58,0,main
2019129S10160,2019,SP,ANN,2019-05-13 00:00:00,TS,-15.6,154.3,50,55,0,main
2019129S10160,2019,SP,ANN,2019-05-13 03:00:00,TS,-15.5,153.6, ,53,0,main
2019129S10160,2019,SP,ANN,2019-05-13 06:00:00,TS,-15.5,152.9,45,50,0,main
2019129S10160,2019,SP,ANN,2019-05-13 09:00:00,TS,-15.3,152.2, ,48,0,main
2019129S10160,2019,SP,ANN,2019-05-13 12:00:00,TS,-15.2,151.5,45,45,0,main
2019129S10160,2019,SP,ANN,2019-05-13 15:00:00,TS,-15.1,150.9, ,45,0,main
2019129S10160,2019,SP,ANN,2019-05-13 18:00:00,TS,-15.0,150.3,40,45,0,main
2019129S10160,2019,SP,ANN,2019-05-13 21:00:00,TS,-14.8,149.7, ,43,0,main
2019129S10160,2019,SP,ANN,2019-05-14 00:00:00,TS,-14.7,149.1,35,40,0,main
2019129S10160,2019,SP,ANN,2019-05-14 03:00:00,TS,-14.6,148.3, ,38,0,main
2019129S10160,2019,SP,ANN,2019-05-14 06:00:00,TS,-14.5,147.6,35,35,0,main
2019129S10160,2019,SP,ANN,2019-05-14 09:00:00,TS,-14.2,146.9, ,33,-1,main
2019129S10160,2019,SP,ANN,2019-05-14 12:00:00,TS,-13.9,146.3,30,30,-1,main
2019129S10160,2019,SP,ANN,2019-05-14 15:00:00,TS,-13.6,145.7, ,33,-1,main
2019129S10160,2019,SP,ANN,2019-05-14 18:00:00,TS,-13.3,145.1,30,35,0,main
2019129S10160,2019,SP,ANN,2019-05-14 21:00:00,TS,-13.0,144.5, ,33,-1,main
2019129S10160,2019,SP,ANN,2019-05-15 00:00:00,TS,-12.8,143.8,25,30,-1,main
2019129S10160,2019,SP,ANN,2019-05-15 03:00:00,TS,-12.7,143.1, ,28,-1,main
2019129S10160,2019,SP,ANN,2019-05-15 06:00:00,TS,-12.6,142.4,25,25,-1,main
2019129S10160,2019,SP,ANN,2019-05-15 09:00:00,TS,-12.4,141.7, ,25,-1,main
2019129S10160,2019,SP,ANN,2019-05-15 12:00:00,TS,-12.2,141.0,25,25,-1,main
2019129S10160,2019,SP,ANN,2019-05-15 15:00:00,TS,-11.9,140.3, ,25,-1,main
2019129S10160,2019,SP,ANN,2019-05-15 18:00:00,TS,-11.7,139.6,25,25,-1,main
2019129S10160,2019,SP,ANN,2019-05-15 21:00:00,TS,-11.4,139.0, ,25,-1,main
2019129S10160,2019,SP,ANN,2019-05-16 00:00:00,TS,-11.2,138.5,25,25,-1,main
2019129S10160,2019,SP,ANN,2019-05-16 03:00:00,TS,-11.1,137.9, ,23,-1,main
2019129S10160,2019,SP,ANN,2019-05-16 06:00:00,MX,-11.1,137.3,25,20,-3,main
2019129S10160,2019,SP,ANN,2019-05-16 09:00:00,MX,-11.0,136.7, ,20,-3,main
2019129S10160,2019,SP,ANN,2019-05-16 12:00:00,MX,-10.9,136.2,25,20,-3,main
2019129S10160,2019,SP,ANN,2019-05-16 15:00:00,MX,-10.6,135.7, ,23,-3,main
2019129S10160,2019,SP,ANN,2019-05-16 18:00:00,TS,-10.3,135.2,25,25,-1,main
2019129S10160,2019,SI,ANN,2019-05-16 21:00:00,TS,-10.1,134.6, ,25,-1,main
2019129S10160,2019,SI,ANN,2019-05-17 00:00:00,TS,-9.9,134.0,25,25,-1,main
2019129S10160,2019,SI,ANN,2019-05-17 03:00:00,TS,-9.8,133.3, ,23,-1,main
2019129S10160,2019,SI,ANN,2019-05-17 06:00:00,MX,-9.6,132.7,25,20,-3,main
2019129S10160,2019,SI,ANN,2019-05-17 09:00:00,MX,-9.2,132.2, ,20,-3,main
2019129S10160,2019,SI,ANN,2019-05-17 12:00:00,MX,-8.8,131.8,25,20,-3,main
2019129S10160,2019,SI,ANN,2019-05-17 15:00:00,MX,-8.5,131.3, ,20,-3,main
2019129S10160,2019,SI,ANN,2019-05-17 18:00:00,MX,-8.3,130.8,20,20,-3,main
2019129S10160,2019,SI,ANN,2019-05-17 21:00:00,MX,-8.0,130.3, ,18,-3,main
2019129S10160,2019,SI,ANN,2019-05-18 00:00:00,MX,-7.7,129.9,20,15,-3,main
2019129S10160,2019,SI,ANN,2019-05-18 03:00:00,TS,-7.5,129.5, , ,-3,main
2019129S10160,2019,SI,ANN,2019-05-18 06:00:00,TS,-7.4,129.0,20, ,-5,main
2019129S10160,2019,SI,ANN,2019-05-18 09:00:00,TS,-7.2,128.5, , ,-5,main
2019129S10160,2019,SI,ANN,2019-05-18 12:00:00,TS,-7.0,128.1,20, ,-5,main
2020073S14149,2020,SP,GRETEL,2020-03-13 00:00:00,TS,-14.1,149.1,15, ,-5,main
2020073S14149,2020,SP,GRETEL,2020-03-13 03:00:00,TS,-14.5,150.5, , ,-5,main
2020073S14149,2020,SP,GRETEL,2020-03-13 06:00:00,TS,-14.9,151.7,15, ,-5,main
2020073S14149,2020,SP,GRETEL,2020-03-13 09:00:00,TS,-15.5,152.5, , ,-5,main
2020073S14149,2020,SP,GRETEL,2020-03-13 12:00:00,MX,-16.1,153.0,15,30,-3,main
2020073S14149,2020,SP,GRETEL,2020-03-13 15:00:00,MX,-16.3,153.4, ,33,-3,main
2020073S14149,2020,SP,GRETEL,2020-03-13 18:00:00,MX,-16.4,153.7,20,35,-3,main
2020073S14149,2020,SP,GRETEL,2020-03-13 21:00:00,MX,-16.6,154.2, ,35,-3,main
2020073S14149,2020,SP,GRETEL,2020-03-14 00:00:00,TS,-16.8,154.8,20,35,0,main
2020073S14149,2020,SP,GRETEL,2020-03-14 03:00:00,TS,-16.9,155.6, ,35,0,main
2020073S14149,2020,SP,GRETEL,2020-03-14 06:00:00,TS,-17.1,156.6,25,35,0,main
2020073S14149,2020,SP,GRETEL,2020-03-14 09:00:00,TS,-17.5,157.5, ,38,0,main
2020073S14149,2020,SP,GRETEL,2020-03-14 12:00:00,TS,-17.9,158.3,35,40,0,main
2020073S14149,2020,SP,GRETEL,2020-03-14 15:00:00,TS,-18.3,159.2, ,43,0,main
2020073S14149,2020,SP,GRETEL,2020-03-14 18:00:00,TS,-18.8,160.0,40,45,0,main
2020073S14149,2020,SP,GRETEL,2020-03-14 21:00:00,TS,-19.4,160.8, ,50,0,main
2020073S14149,2020,SP,GRETEL,2020-03-15 00:00:00,TS,-20.1,161.5,50,55,0,main
2020073S14149,2020,SP,GRETEL,2020-03-15 03:00:00,TS,-20.9,162.5, ,60,0,main
2020073S14149,2020,SP,GRETEL,2020-03-15 06:00:00,TS,-21.6,163.5,55,65,1,main
2020073S14149,2020,SP,GRETEL,2020-03-15 09:00:00,TS,-22.4,164.4, ,63,0,main
2020073S14149,2020,SP,GRETEL,2020-03-15 12:00:00,TS,-23.2,165.5,55,60,0,main
2020073S14149,2020,SP,GRETEL,2020-03-15 15:00:00,TS,-24.1,166.7, ,58,0,main
2020073S14149,2020,SP,GRETEL,2020-03-15 18:00:00,TS,-25.0,168.0,50,55,0,main
2020073S14149,2020,SP,GRETEL,2020-03-15 21:00:00,TS,-25.9,168.8, ,53,0,main
2020073S14149,2020,SP,GRETEL,2020-03-16 00:00:00,TS,-26.8,169.9,40,50,0,main
2020073S14149,2020,SP,GRETEL,2020-03-16 03:00:00,TS,-27.6,171.3, ,53,0,main
2020073S14149,2020,SP,GRETEL,2020-03-16 06:00:00,TS,-28.4,172.8,40,55,0,main
2020073S14149,2020,SP,GRETEL,2020-03-16 09:00:00,TS,-29.4,174.1, ,55,0,main
2020073S14149,2020,SP,GRETEL,2020-03-16 12:00:00,SS,-30.3,175.4, ,55,-2,main
2020073S14149,2020,SP,GRETEL,2020-03-16 15:00:00,SS,-30.9,176.8, ,55,-2,main
2020073S14149,2020,SP,GRETEL,2020-03-16 18:00:00,SS,-31.2,178.1, ,55,-2,main
2020073S14149,2020,SP,GRETEL,2020-03-16 21:00:00,NR,-31.3,179.1, , ,-2,main
2020073S14149,2020,SP,GRETEL,2020-03-17 00:00:00,NR,-31.5,179.9, , ,-5,main
2020073S14149,2020,SP,GRETEL,2020-03-17 03:00:00,NR,-31.9,181.1, , ,-5,main
2020073S14149,2020,SP,GRETEL,2020-03-17 06:00:00,NR,-32.5,182.5, , ,-5,main
2020073S14149,2020,SP,GRETEL,2020-03-17 09:00:00,NR,-33.1,183.9, , ,-5,main
2020073S14149,2020,SP,GRETEL,2020-03-17 12:00:00,NR,-33.8,185.5, , ,-5,main
2020073S14149,2020,SP,GRETEL,2020-03-17 15:00:00,NR,-34.8,187.8, , ,-5,main
2020073S14149,2020,SP,GRETEL,2020-03-17 18:00:00,NR,-35.7,190.0, , ,-5,main
2020073S14149,2020,SP,GRETEL,2020-03-17 21:00:00,NR,-36.0,191.1, , ,-5,main
2020073S14149,2020,SP,GRETEL,2020-03-18 00:00:00,NR,-36.0,192.0, , ,-5,main
2020073S14149,2020,SP,GRETEL,2020-03-18 03:00:00,NR,-35.9,193.6, , ,-5,main
2020073S14149,2020,SP,GRETEL,2020-03-18 06:00:00,NR,-36.0,195.1, , ,-5,main
2020073S14149,2020,SP,GRETEL,2020-03-18 09:00:00,NR,-36.5,195.9, , ,-5,main
2020073S14149,2020,SP,GRETEL,2020-03-18 12:00:00,NR,-37.3,196.5, , ,-5,main
2020073S14149,2020,SP,GRETEL,2020-03-18 15:00:00,NR,-38.1,197.6, , ,-5,main
2020073S14149,2020,SP,GRETEL,2020-03-18 18:00:00,NR,-38.7,198.7, , ,-5,main
2020073S14149,2020,SP,GRETEL,2020-03-18 21:00:00,NR,-39.1,199.5, , ,-5,main
2020073S14149,2020,SP,GRETEL,2020-03-19 00:00:00,NR,-39.3,200.0, , ,-5,main
2021015S14147,2021,SP,KIMI,2021-01-15 06:00:00,TS,-13.5,146.5,25, ,-5,main
2021015S14147,2021,SP,KIMI,2021-01-15 09:00:00,TS,-13.5,146.4, , ,-5,main
2021015S14147,2021,SP,KIMI,2021-01-15 12:00:00,TS,-13.6,146.4,30, ,-5,main
2021015S14147,2021,SP,KIMI,2021-01-15 15:00:00,TS,-13.6,146.2, , ,-5,main
2021015S14147,2021,SP,KIMI,2021-01-15 18:00:00,MX,-13.8,146.2,30,20,-3,main
2021015S14147,2021,SP,KIMI,2021-01-15 21:00:00,MX,-13.9,146.1, ,20,-3,main
2021015S14147,2021,SP,KIMI,2021-01-16 00:00:00,MX,-14.0,146.1,35,20,-3,main
2021015S14147,2021,SP,KIMI,2021-01-16 03:00:00,MX,-14.2,146.2, ,23,-3,main
2021015S14147,2021,SP,KIMI,2021-01-16 06:00:00,TS,-14.4,146.3,35,25,-1,main
2021015S14147,2021,SP,KIMI,2021-01-16 09:00:00,TS,-14.4,146.3, ,28,-1,main
2021015S14147,2021,SP,KIMI,2021-01-16 12:00:00,TS,-14.4,146.4,35,30,-1,main
2021015S14147,2021,SP,KIMI,2021-01-16 15:00:00,TS,-14.6,146.4, ,35,0,main
2021015S14147,2021,SP,KIMI,2021-01-16 18:00:00,TS,-14.9,146.4,35,40,0,main
2021015S14147,2021,SP,KIMI,2021-01-16 21:00:00,TS,-15.0,146.5, ,43,0,main
2021015S14147,2021,SP,KIMI,2021-01-17 00:00:00,TS,-15.1,146.5,40,45,0,main
2021015S14147,2021,SP,KIMI,2021-01-17 03:00:00,TS,-15.2,146.5, ,45,0,main
2021015S14147,2021,SP,KIMI,2021-01-17 06:00:00,TS,-15.4,146.5,40,45,0,main
2021015S14147,2021,SP,KIMI,2021-01-17 09:00:00,TS,-15.6,146.5, ,50,0,main
2021015S14147,2021,SP,KIMI,2021-01-17 12:00:00,TS,-15.8,146.5,45,55,0,main
2021015S14147,2021,SP,KIMI,2021-01-17 15:00:00,TS,-16.0,146.5, ,55,0,main
2021015S14147,2021,SP,KIMI,2021-01-17 18:00:00,TS,-16.3,146.6,45,55,0,main
2021015S14147,2021,SP,KIMI,2021-01-17 21:00:00,TS,-16.6,146.6, ,55,0,main
2021015S14147,2021,SP,KIMI,2021-01-18 00:00:00,TS,-17.0,146.8,40,55,0,main
2021015S14147,2021,SP,KIMI,2021-01-18 03:00:00,TS,-17.4,146.9, ,55,0,main
2021015S14147,2021,SP,KIMI,2021-01-18 06:00:00,TS,-17.8,147.1,40,55,0,main
2021015S14147,2021,SP,KIMI,2021-01-18 09:00:00,TS,-18.1,147.4, ,50,0,main
2021015S14147,2021,SP,KIMI,2021-01-18 12:00:00,TS,-18.1,147.6,40,35,0,main
2021015S14147,2021,SP,KIMI,2021-01-18 15:00:00,TS,-18.1,147.6, ,35,0,main
2021015S14147,2021,SP,KIMI,2021-01-18 18:00:00,TS,-18.2,147.6,30,35,0,main
2021015S14147,2021,SP,KIMI,2021-01-18 21:00:00,TS,-18.2,147.5, ,33,-1,main
2021015S14147,2021,SP,KIMI,2021-01-19 00:00:00,TS,-18.2,147.4,25,30,-1,main
2021015S14147,2021,SP,KIMI,2021-01-19 03:00:00,TS,-18.0,147.2, ,28,-1,main
2021015S14147,2021,SP,KIMI,2021-01-19 06:00:00,MX,-17.7,146.9,25,25,-1,main
2021015S14147,2021,SP,KIMI,2021-01-19 09:00:00,TS,-17.5,146.7, ,23,-1,main
2021015S14147,2021,SP,KIMI,2021-01-19 12:00:00,DS,-17.4,146.6, ,20,-3,main
2021025S14138,2021,SP,LUCAS,2021-01-24 12:00:00,TS,-13.7,137.8,20, ,-5,main
2021025S14138,2021,SP,LUCAS,2021-01-24 15:00:00,TS,-13.9,138.0, , ,-5,main
2021025S14138,2021,SP,LUCAS,2021-01-24 18:00:00,TS,-14.2,138.3,20, ,-5,main
2021025S14138,2021,SP,LUCAS,2021-01-24 21:00:00,TS,-14.5,138.6, , ,-5,main
2021025S14138,2021,SP,LUCAS,2021-01-25 00:00:00,MX,-14.7,138.9,20,20,-3,main
2021025S14138,2021,SP,LUCAS,2021-01-25 03:00:00,MX,-14.8,138.9, ,23,-3,main
2021025S14138,2021,SP,LUCAS,2021-01-25 06:00:00,TS,-14.9,138.9,20,25,-1,main
2021025S14138,2021,SP,LUCAS,2021-01-25 09:00:00,TS,-15.1,138.9, ,25,-1,main
2021025S14138,2021,SP,LUCAS,2021-01-25 12:00:00,TS,-15.3,139.0,20,25,-1,main
2021025S14138,2021,SP,LUCAS,2021-01-25 15:00:00,TS,-15.3,139.2, ,25,-1,main
2021025S14138,2021,SP,LUCAS,2021-01-25 18:00:00,TS,-15.4,139.4,20,25,-1,main
2021025S14138,2021,SP,LUCAS,2021-01-25 21:00:00,TS,-15.3,139.5, ,20,-1,main
2021025S14138,2021,SP,LUCAS,2021-01-26 00:00:00,MX,-15.2,139.7,25,15,-3,main
2021025S14138,2021,SP,LUCAS,2021-01-26 03:00:00,MX,-15.2,139.8, ,15,-3,main
2021025S14138,2021,SP,LUCAS,2021-01-26 06:00:00,MX,-15.3,140.0,25,15,-3,main
2021025S14138,2021,SP,LUCAS,2021-01-26 09:00:00,MX,-15.3,140.1, ,15,-3,main
2021025S14138,2021,SP,LUCAS,2021-01-26 12:00:00,MX,-15.3,140.3,25,15,-3,main
2021025S14138,2021,SP,LUCAS,2021-01-26 15:00:00,MX,-15.2,140.5, ,15,-3,main
2021025S14138,2021,SP,LUCAS,2021-01-26 18:00:00,MX,-15.2,140.8,25,15,-3,main
2021025S14138,2021,SP,LUCAS,2021-01-26 21:00:00,MX,-15.0,141.1, ,18,-3,main
2021025S14138,2021,SP,LUCAS,2021-01-27 00:00:00,MX,-14.9,141.3,25,20,-3,main
2021025S14138,2021,SP,LUCAS,2021-01-27 03:00:00,MX,-14.9,141.5, ,20,-3,main
2021025S14138,2021,SP,LUCAS,2021-01-27 06:00:00,MX,-14.8,141.8,20,20,-3,main
2021025S14138,2021,SP,LUCAS,2021-01-27 09:00:00,MX,-14.7,141.9, ,15,-3,main
2021025S14138,2021,SP,LUCAS,2021-01-27 12:00:00,MX,-14.7,142.1,20,10,-3,main
2021025S14138,2021,SP,LUCAS,2021-01-27 15:00:00,MX,-14.6,142.3, ,10,-3,main
2021025S14138,2021,SP,LUCAS,2021-01-27 18:00:00,MX,-14.6,142.5,20,10,-3,main
2021025S14138,2021,SP,LUCAS,2021-01-27 21:00:00,MX,-14.5,142.6, ,13,-3,main
2021025S14138,2021,SP,LUCAS,2021-01-28 00:00:00,MX,-14.5,142.8,20,15,-3,main
2021025S14138,2021,SP,LUCAS,2021-01-28 03:00:00,MX,-14.5,142.9, ,13,-3,main
2021025S14138,2021,SP,LUCAS,2021-01-28 06:00:00,MX,-14.4,143.0,20,10,-3,main
2021025S14138,2021,SP,LUCAS,2021-01-28 09:00:00,MX,-14.3,143.2, ,13,-3,main
2021025S14138,2021,SP,LUCAS,2021-01-28 12:00:00,MX,-14.3,143.3,20,15,-3,main
2021025S14138,2021,SP,LUCAS,2021-01-28 15:00:00,MX,-14.3,143.4, ,15,-3,main
2021025S14138,2021,SP,LUCAS,2021-01-28 18:00:00,MX,-14.3,143.5,20,15,-3,main
2021025S14138,2021,SP,LUCAS,2021-01-28 21:00:00,MX,-14.2,143.7, ,18,-3,main
2021025S14138,2021,SP,LUCAS,2021-01-29 00:00:00,MX,-14.1,143.9,20,20,-3,main
2021025S14138,2021,SP,LUCAS,2021-01-29 03:00:00,MX,-13.9,144.3, ,20,-3,main
2021025S14138,2021,SP,LUCAS,2021-01-29 06:00:00,MX,-13.7,144.8,20,20,-3,main
2021025S14138,2021,SP,LUCAS,2021-01-29 09:00:00,MX,-13.5,145.3, ,23,-3,main
2021025S14138,2021,SP,LUCAS,2021-01-29 12:00:00,TS,-13.3,145.9,20,25,-1,main
2021025S14138,2021,SP,LUCAS,2021-01-29 15:00:00,TS,-13.2,146.5, ,25,-1,main
2021025S14138,2021,SP,LUCAS,2021-01-29 18:00:00,TS,-13.1,147.1,25,25,-1,main
2021025S14138,2021,SP,LUCAS,2021-01-29 21:00:00,TS,-13.1,147.6, ,28,-1,main
2021025S14138,2021,SP,LUCAS,2021-01-30 00:00:00,TS,-13.1,148.0,30,30,-1,main
2021025S14138,2021,SP,LUCAS,2021-01-30 03:00:00,TS,-13.1,148.5, ,30,-1,main
2021025S14138,2021,SP,LUCAS,2021-01-30 06:00:00,TS,-13.2,149.0,30,30,-1,main
2021025S14138,2021,SP,LUCAS,2021-01-30 09:00:00,TS,-13.3,149.5, ,30,-1,main
2021025S14138,2021,SP,LUCAS,2021-01-30 12:00:00,TS,-13.5,150.1,30,30,-1,main
2021025S14138,2021,SP,LUCAS,2021-01-30 15:00:00,TS,-13.6,150.8, ,30,-1,main
2021025S14138,2021,SP,LUCAS,2021-01-30 18:00:00,TS,-13.8,151.5,30,30,-1,main
2021025S14138,2021,SP,LUCAS,2021-01-30 21:00:00,TS,-13.9,151.9, ,33,-1,main
2021025S14138,2021,SP,LUCAS,2021-01-31 00:00:00,TS,-13.9,152.4,35,35,0,main
2021025S14138,2021,SP,LUCAS,2021-01-31 03:00:00,TS,-14.0,152.8, ,40,0,main
2021025S14138,2021,SP,LUCAS,2021-01-31 06:00:00,TS,-13.9,153.4,35,45,0,main
2021025S14138,2021,SP,LUCAS,2021-01-31 09:00:00,TS,-13.6,154.2, ,50,0,main
2021025S14138,2021,SP,LUCAS,2021-01-31 12:00:00,TS,-13.4,155.2,50,55,0,main
2021025S14138,2021,SP,LUCAS,2021-01-31 15:00:00,TS,-13.4,156.3, ,55,0,main
2021025S14138,2021,SP,LUCAS,2021-01-31 18:00:00,TS,-13.6,157.4,50,55,0,main
2021025S14138,2021,SP,LUCAS,2021-01-31 21:00:00,TS,-13.8,157.9, ,53,0,main
2021025S14138,2021,SP,LUCAS,2021-02-01 00:00:00,TS,-14.1,158.5,50,50,0,main
2021025S14138,2021,SP,LUCAS,2021-02-01 03:00:00,TS,-14.3,159.5, ,55,0,main
2021025S14138,2021,SP,LUCAS,2021-02-01 06:00:00,TS,-14.6,160.6,55,60,0,main
2021025S14138,2021,SP,LUCAS,2021-02-01 09:00:00,TS,-15.1,161.7, ,63,0,main
2021025S14138,2021,SP,LUCAS,2021-02-01 12:00:00,TS,-15.6,162.6,55,65,1,main
2021025S14138,2021,SP,LUCAS,2021-02-01 15:00:00,TS,-16.3,163.2, ,63,0,main
2021025S14138,2021,SP,LUCAS,2021-02-01 18:00:00,TS,-16.9,163.7,60,60,0,main
2021025S14138,2021,SP,LUCAS,2021-02-01 21:00:00,TS,-17.0,164.2, ,53,0,main
2021025S14138,2021,SP,LUCAS,2021-02-02 00:00:00,TS,-17.1,164.8,55,45,0,main
2021025S14138,2021,SP,LUCAS,2021-02-02 03:00:00,TS,-17.6,165.5, ,45,0,main
2021025S14138,2021,SP,LUCAS,2021-02-02 06:00:00,TS,-18.3,166.1,50,45,0,main
2021025S14138,2021,SP,LUCAS,2021-02-02 09:00:00,TS,-18.9,166.6, ,45,0,main
2021025S14138,2021,SP,LUCAS,2021-02-02 12:00:00,TS,-19.5,167.0,50,45,0,main
2021025S14138,2021,SP,LUCAS,2021-02-02 15:00:00,TS,-19.9,167.3, ,50,0,main
2021025S14138,2021,SP,LUCAS,2021-02-02 18:00:00,TS,-20.4,167.5,45,55,0,main
2021025S14138,2021,SP,LUCAS,2021-02-02 21:00:00,TS,-21.3,167.5, ,53,0,main
2021025S14138,2021,SP,LUCAS,2021-02-03 00:00:00,TS,-22.0,167.3,45,50,0,main
2021025S14138,2021,SP,LUCAS,2021-02-03 03:00:00,TS,-22.3,167.2, ,48,0,main
2021025S14138,2021,SP,LUCAS,2021-02-03 06:00:00,MX,-22.4,167.1,35,45,-2,main
2021025S14138,2021,SP,LUCAS,2021-02-03 09:00:00,MX,-22.6,166.8, ,40,-2,main
2021025S14138,2021,SP,LUCAS,2021-02-03 12:00:00,MX,-22.7,166.6,30,35,-2,main
2021025S14138,2021,SP,LUCAS,2021-02-03 15:00:00,SS,-22.7,166.6, ,30,-2,main
2021025S14138,2021,SP,LUCAS,2021-02-03 18:00:00,TS,-22.7,166.4, ,25,-1,main
2021025S14138,2021,SP,LUCAS,2021-02-03 21:00:00,TS,-22.7,166.0, ,23,-1,main
2021025S14138,2021,SP,LUCAS,2021-02-04 00:00:00,SS,-22.6,165.6, ,20,-2,main
2021058S14149,2021,SP,NIRAN,2021-02-26 18:00:00,TS,-14.4,148.9,20, ,-5,main
2021058S14149,2021,SP,NIRAN,2021-02-26 21:00:00,TS,-14.8,149.1, , ,-5,main
2021058S14149,2021,SP,NIRAN,2021-02-27 00:00:00,TS,-15.2,149.4,25, ,-5,main
2021058S14149,2021,SP,NIRAN,2021-02-27 03:00:00,TS,-15.5,149.7, , ,-5,main
2021058S14149,2021,SP,NIRAN,2021-02-27 06:00:00,MX,-15.7,149.9,25,20,-3,main
2021058S14149,2021,SP,NIRAN,2021-02-27 09:00:00,MX,-15.8,149.8, ,20,-3,main
2021058S14149,2021,SP,NIRAN,2021-02-27 12:00:00,MX,-16.0,149.5,25,20,-3,main
2021058S14149,2021,SP,NIRAN,2021-02-27 15:00:00,MX,-16.2,149.1, ,20,-3,main
2021058S14149,2021,SP,NIRAN,2021-02-27 18:00:00,MX,-16.5,148.8,30,20,-3,main
2021058S14149,2021,SP,NIRAN,2021-02-27 21:00:00,MX,-16.7,148.5, ,23,-3,main
2021058S14149,2021,SP,NIRAN,2021-02-28 00:00:00,TS,-17.0,148.3,30,25,-1,main
2021058S14149,2021,SP,NIRAN,2021-02-28 03:00:00,TS,-17.0,148.2, ,28,-1,main
2021058S14149,2021,SP,NIRAN,2021-02-28 06:00:00,TS,-17.0,148.3,35,30,-1,main
2021058S14149,2021,SP,NIRAN,2021-02-28 09:00:00,TS,-17.1,148.2, ,33,-1,main
2021058S14149,2021,SP,NIRAN,2021-02-28 12:00:00,TS,-17.2,148.2,35,35,0,main
2021058S14149,2021,SP,NIRAN,2021-02-28 15:00:00,TS,-17.2,147.9, ,33,-1,main
2021058S14149,2021,SP,NIRAN,2021-02-28 18:00:00,TS,-17.3,147.7,35,30,-1,main
2021058S14149,2021,SP,NIRAN,2021-02-28 21:00:00,TS,-17.3,147.5, ,33,-1,main
2021058S14149,2021,SP,NIRAN,2021-03-01 00:00:00,TS,-17.3,147.4,40,35,0,main
2021058S14149,2021,SP,NIRAN,2021-03-01 03:00:00,TS,-17.0,147.2, ,38,0,main
2021058S14149,2021,SP,NIRAN,2021-03-01 06:00:00,TS,-16.7,147.0,50,40,0,main
2021058S14149,2021,SP,NIRAN,2021-03-01 09:00:00,TS,-16.5,146.9, ,40,0,main
2021058S14149,2021,SP,NIRAN,2021-03-01 12:00:00,TS,-16.2,147.0,50,40,0,main
2021058S14149,2021,SP,NIRAN,2021-03-01 15:00:00,TS,-15.8,147.1, ,43,0,main
2021058S14149,2021,SP,NIRAN,2021-03-01 18:00:00,TS,-15.4,147.3,50,45,0,main
2021058S14149,2021,SP,NIRAN,2021-03-01 21:00:00,TS,-15.2,147.5, ,45,0,main
2021058S14149,2021,SP,NIRAN,2021-03-02 00:00:00,TS,-15.1,147.7,45,45,0,main
2021058S14149,2021,SP,NIRAN,2021-03-02 03:00:00,TS,-15.0,147.8, ,50,0,main
2021058S14149,2021,SP,NIRAN,2021-03-02 06:00:00,TS,-14.9,148.0,50,55,0,main
2021058S14149,2021,SP,NIRAN,2021-03-02 09:00:00,TS,-14.8,148.1, ,55,0,main
2021058S14149,2021,SP,NIRAN,2021-03-02 12:00:00,TS,-14.8,148.1,50,55,0,main
2021058S14149,2021,SP,NIRAN,2021-03-02 15:00:00,TS,-14.7,148.0, ,55,0,main
2021058S14149,2021,SP,NIRAN,2021-03-02 18:00:00,TS,-14.7,147.9,55,55,0,main
2021058S14149,2021,SP,NIRAN,2021-03-02 21:00:00,TS,-14.7,147.9, ,58,0,main
2021058S14149,2021,SP,NIRAN,2021-03-03 00:00:00,TS,-14.8,148.1,55,60,0,main
2021058S14149,2021,SP,NIRAN,2021-03-03 03:00:00,TS,-14.8,148.0, ,65,1,main
2021058S14149,2021,SP,NIRAN,2021-03-03 06:00:00,TS,-14.9,147.9,55,70,1,main
2021058S14149,2021,SP,NIRAN,2021-03-03 09:00:00,TS,-14.8,147.9, ,65,1,main
2021058S14149,2021,SP,NIRAN,2021-03-03 12:00:00,TS,-14.9,148.0,60,60,0,main
2021058S14149,2021,SP,NIRAN,2021-03-03 15:00:00,TS,-14.9,148.1, ,70,1,main
2021058S14149,2021,SP,NIRAN,2021-03-03 18:00:00,TS,-14.9,148.2,65,80,1,main
2021058S14149,2021,SP,NIRAN,2021-03-03 21:00:00,TS,-15.0,148.4, ,83,2,main
2021058S14149,2021,SP,NIRAN,2021-03-04 00:00:00,TS,-15.2,148.7,70,85,2,main
2021058S14149,2021,SP,NIRAN,2021-03-04 03:00:00,TS,-15.4,149.0, ,90,2,main
2021058S14149,2021,SP,NIRAN,2021-03-04 06:00:00,TS,-15.5,149.5,80,95,2,main
2021058S14149,2021,SP,NIRAN,2021-03-04 09:00:00,TS,-15.5,149.9, ,93,2,main
2021058S14149,2021,SP,NIRAN,2021-03-04 12:00:00,TS,-15.5,150.6,85,90,2,main
2021058S14149,2021,SP,NIRAN,2021-03-04 15:00:00,TS,-15.6,151.5, ,93,2,main
2021058S14149,2021,SP,NIRAN,2021-03-04 18:00:00,TS,-15.9,152.6,85,95,2,main
2021058S14149,2021,SP,NIRAN,2021-03-04 21:00:00,TS,-16.2,153.6, ,105,3,main
2021058S14149,2021,SP,NIRAN,2021-03-05 00:00:00,TS,-16.7,154.6,95,115,4,main
2021058S14149,2021,SP,NIRAN,2021-03-05 03:00:00,TS,-17.3,155.7, ,123,4,main
2021058S14149,2021,SP,NIRAN,2021-03-05 06:00:00,TS,-17.8,156.9,105,130,4,main
2021058S14149,2021,SP,NIRAN,2021-03-05 09:00:00,TS,-18.3,158.0, ,135,4,main
2021058S14149,2021,SP,NIRAN,2021-03-05 12:00:00,TS,-18.8,159.2,110,140,5,main
2021058S14149,2021,SP,NIRAN,2021-03-05 15:00:00,TS,-19.3,160.3, ,135,4,main
2021058S14149,2021,SP,NIRAN,2021-03-05 18:00:00,TS,-19.9,161.4,110,130,4,main
2021058S14149,2021,SP,NIRAN,2021-03-05 21:00:00,TS,-20.6,162.5, ,120,4,main
2021058S14149,2021,SP,NIRAN,2021-03-06 00:00:00,TS,-21.4,163.8,110,110,3,main
2021058S14149,2021,SP,NIRAN,2021-03-06 03:00:00,TS,-22.0,165.0, ,108,3,main
2021058S14149,2021,SP,NIRAN,2021-03-06 06:00:00,TS,-22.7,166.4,85,105,3,main
2021058S14149,2021,SP,NIRAN,2021-03-06 09:00:00,TS,-23.5,167.9, ,98,3,main
2021058S14149,2021,SP,NIRAN,2021-03-06 12:00:00,TS,-24.4,169.4,75,90,2,main
2021058S14149,2021,SP,NIRAN,2021-03-06 15:00:00,TS,-25.4,171.3, ,78,1,main
2021058S14149,2021,SP,NIRAN,2021-03-06 18:00:00,TS,-26.1,173.0,65,65,1,main
2021058S14149,2021,SP,NIRAN,2021-03-06 21:00:00,TS,-26.7,174.4, ,60,0,main
2021058S14149,2021,SP,NIRAN,2021-03-07 00:00:00,TS,-27.3,176.0, ,55,0,main
2021058S14149,2021,SP,NIRAN,2021-03-07 03:00:00,TS,-27.9,177.8, ,48,0,main
2021058S14149,2021,SP,NIRAN,2021-03-07 06:00:00,SS,-28.4,179.8, ,40,-2,main
2021058S14149,2021,SP,NIRAN,2021-03-07 09:00:00,NR,-28.5,181.9, , ,-2,main
2021058S14149,2021,SP,NIRAN,2021-03-07 12:00:00,NR,-28.6,183.8, , ,-5,main
2021058S14149,2021,SP,NIRAN,2021-03-07 15:00:00,NR,-28.7,185.6, , ,-5,main
2021058S14149,2021,SP,NIRAN,2021-03-07 18:00:00,NR,-28.8,187.4, , ,-5,main
2021358S09130,2022,SI,SETH,2021-12-23 12:00:00,TS,-8.7,130.0,15, ,-5,main
2021358S09130,2022,SI,SETH,2021-12-23 15:00:00,TS,-8.9,130.0, , ,-5,main
2021358S09130,2022,SI,SETH,2021-12-23 18:00:00,TS,-9.2,129.9,15, ,-5,main
2021358S09130,2022,SI,SETH,2021-12-23 21:00:00,TS,-9.5,129.8, , ,-5,main
2021358S09130,2022,SI,SETH,2021-12-24 00:00:00,MX,-9.8,129.8,15,20,-3,main
2021358S09130,2022,SI,SETH,2021-12-24 03:00:00,MX,-10.1,129.8, ,23,-3,main
2021358S09130,2022,SI,SETH,2021-12-24 06:00:00,TS,-10.3,129.8,15,25,-1,main
2021358S09130,2022,SI,SETH,2021-12-24 09:00:00,TS,-10.4,129.9, ,25,-1,main
2021358S09130,2022,SI,SETH,2021-12-24 12:00:00,TS,-10.6,130.0,15,25,-1,main
2021358S09130,2022,SI,SETH,2021-12-24 15:00:00,TS,-10.8,130.1, ,25,-1,main
2021358S09130,2022,SI,SETH,2021-12-24 18:00:00,TS,-11.1,130.1,20,25,-1,main
2021358S09130,2022,SI,SETH,2021-12-24 21:00:00,TS,-11.3,130.1, ,25,-1,main
2021358S09130,2022,SI,SETH,2021-12-25 00:00:00,TS,-11.5,130.1,25,25,-1,main
2021358S09130,2022,SI,SETH,2021-12-25 03:00:00,TS,-11.7,130.1, ,25,-1,main
2021358S09130,2022,SI,SETH,2021-12-25 06:00:00,TS,-11.9,130.1,25,25,-1,main
2021358S09130,2022,SI,SETH,2021-12-25 09:00:00,TS,-12.3,130.1, ,28,-1,main
2021358S09130,2022,SI,SETH,2021-12-25 12:00:00,TS,-12.6,130.2,25,30,-1,main
2021358S09130,2022,SI,SETH,2021-12-25 15:00:00,TS,-12.7,130.3, ,30,-1,main
2021358S09130,2022,SI,SETH,2021-12-25 18:00:00,TS,-12.8,130.4,25,30,-1,main
2021358S09130,2022,SI,SETH,2021-12-25 21:00:00,TS,-13.0,130.4, ,28,-1,main
2021358S09130,2022,SI,SETH,2021-12-26 00:00:00,TS,-13.3,130.5,20,25,-1,main
2021358S09130,2022,SI,SETH,2021-12-26 03:00:00,TS,-13.5,130.5, ,25,-1,main
2021358S09130,2022,SI,SETH,2021-12-26 06:00:00,TS,-13.8,130.6,20,25,-1,main
2021358S09130,2022,SI,SETH,2021-12-26 09:00:00,TS,-13.9,130.6, ,25,-1,main
2021358S09130,2022,SI,SETH,2021-12-26 12:00:00,TS,-14.0,130.6,20,25,-1,main
2021358S09130,2022,SI,SETH,2021-12-26 15:00:00,TS,-14.1,130.7, ,25,-1,main
2021358S09130,2022,SI,SETH,2021-12-26 18:00:00,TS,-14.2,130.7,20,25,-1,main
2021358S09130,2022,SI,SETH,2021-12-26 21:00:00,TS,-14.1,130.7, ,25,-1,main
2021358S09130,2022,SI,SETH,2021-12-27 00:00:00,TS,-13.9,130.7,20,25,-1,main
2021358S09130,2022,SI,SETH,2021-12-27 03:00:00,TS,-13.8,130.8, ,25,-1,main
2021358S09130,2022,SI,SETH,2021-12-27 06:00:00,TS,-13.8,131.0,15,25,-1,main
2021358S09130,2022,SI,SETH,2021-12-27 09:00:00,TS,-13.8,131.3, ,23,-1,main
2021358S09130,2022,SI,SETH,2021-12-27 12:00:00,MX,-13.9,131.8,15,20,-3,main
2021358S09130,2022,SI,SETH,2021-12-27 15:00:00,MX,-13.9,132.2, ,20,-3,main
2021358S09130,2022,SI,SETH,2021-12-27 18:00:00,MX,-14.0,132.8,15,20,-3,main
2021358S09130,2022,SI,SETH,2021-12-27 21:00:00,MX,-14.1,133.2, ,20,-3,main
2021358S09130,2022,SI,SETH,2021-12-28 00:00:00,MX,-14.2,133.8,15,20,-3,main
2021358S09130,2022,SI,SETH,2021-12-28 03:00:00,MX,-14.2,134.5, ,20,-3,main
2021358S09130,2022,SP,SETH,2021-12-28 06:00:00,MX,-14.3,135.3,15,20,-3,main
2021358S09130,2022,SP,SETH,2021-12-28 09:00:00,MX,-14.3,136.0, ,23,-3,main
2021358S09130,2022,SP,SETH,2021-12-28 12:00:00,TS,-14.3,136.8,20,25,-1,main
2021358S09130,2022,SP,SETH,2021-12-28 15:00:00,TS,-14.4,137.4, ,25,-1,main
2021358S09130,2022,SP,SETH,2021-12-28 18:00:00,TS,-14.5,138.1,25,25,-1,main
2021358S09130,2022,SP,SETH,2021-12-28 21:00:00,TS,-14.7,138.9, ,28,-1,main
2021358S09130,2022,SP,SETH,2021-12-29 00:00:00,TS,-14.9,139.9,25,30,-1,main
2021358S09130,2022,SP,SETH,2021-12-29 03:00:00,TS,-15.1,140.9, ,30,-1,main
2021358S09130,2022,SP,SETH,2021-12-29 06:00:00,TS,-15.3,141.9,25,30,-1,main
2021358S09130,2022,SP,SETH,2021-12-29 09:00:00,TS,-15.5,142.6, ,28,-1,main
2021358S09130,2022,SP,SETH,2021-12-29 12:00:00,TS,-15.9,143.4,15,25,-1,main
2021358S09130,2022,SP,SETH,2021-12-29 15:00:00,TS,-16.5,144.4, ,25,-1,main
2021358S09130,2022,SP,SETH,2021-12-29 18:00:00,TS,-17.1,145.5,15,25,-1,main
2021358S09130,2022,SP,SETH,2021-12-29 21:00:00,TS,-17.3,146.3, ,28,-1,main
2021358S09130,2022,SP,SETH,2021-12-30 00:00:00,TS,-17.5,147.2,30,30,-1,main
2021358S09130,2022,SP,SETH,2021-12-30 03:00:00,TS,-17.6,148.1, ,30,-1,main
2021358S09130,2022,SP,SETH,2021-12-30 06:00:00,TS,-17.7,149.0,30,30,-1,main
2021358S09130,2022,SP,SETH,2021-12-30 09:00:00,TS,-17.7,149.7, ,30,-1,main
2021358S09130,2022,SP,SETH,2021-12-30 12:00:00,TS,-17.7,150.4,30,30,-1,main
2021358S09130,2022,SP,SETH,2021-12-30 15:00:00,TS,-17.9,150.9, ,33,-1,main
2021358S09130,2022,SP,SETH,2021-12-30 18:00:00,TS,-18.3,151.4,30,35,0,main
2021358S09130,2022,SP,SETH,2021-12-30 21:00:00,TS,-18.7,152.1, ,38,0,main
2021358S09130,2022,SP,SETH,2021-12-31 00:00:00,TS,-19.3,152.9,40,40,0,main
2021358S09130,2022,SP,SETH,2021-12-31 03:00:00,TS,-19.7,153.6, ,45,0,main
2021358S09130,2022,SP,SETH,2021-12-31 06:00:00,TS,-20.0,154.2,50,50,0,main
2021358S09130,2022,SP,SETH,2021-12-31 09:00:00,TS,-20.4,154.8, ,50,0,main
2021358S09130,2022,SP,SETH,2021-12-31 12:00:00,TS,-20.7,155.3,55,50,0,main
2021358S09130,2022,SP,SETH,2021-12-31 15:00:00,TS,-20.9,155.6, ,48,0,main
2021358S09130,2022,SP,SETH,2021-12-31 18:00:00,TS,-21.0,155.9,45,45,0,main
2021358S09130,2022,SP,SETH,2021-12-31 21:00:00,TS,-21.1,156.3, ,43,0,main
2021358S09130,2022,SP,SETH,2022-01-01 00:00:00,TS,-21.3,156.7,45,40,0,main
2021358S09130,2022,SP,SETH,2022-01-01 03:00:00,TS,-21.5,157.1, ,40,0,main
2021358S09130,2022,SP,SETH,2022-01-01 06:00:00,MX,-21.7,157.5,45,40,-4,main
2021358S09130,2022,SP,SETH,2022-01-01 09:00:00,MX,-22.0,157.9, ,38,-4,main
2021358S09130,2022,SP,SETH,2022-01-01 12:00:00,MX,-22.5,158.3,40,35,-4,main
2021358S09130,2022,SP,SETH,2022-01-01 15:00:00,MX,-23.1,158.6, ,35,-4,main
2021358S09130,2022,SP,SETH,2022-01-01 18:00:00,MX,-23.9,158.8,40,35,-4,main
2021358S09130,2022,SP,SETH,2022-01-01 21:00:00,MX,-24.9,158.9, ,38,-4,main
2021358S09130,2022,SP,SETH,2022-01-02 00:00:00,MX,-25.8,159.0,40,40,-4,main
2021358S09130,2022,SP,SETH,2022-01-02 03:00:00,MX,-26.3,158.8, ,40,-4,main
2021358S09130,2022,SP,SETH,2022-01-02 06:00:00,MX,-26.5,158.6,40,40,-4,main
2021358S09130,2022,SP,SETH,2022-01-02 09:00:00,MX,-26.8,158.5, ,40,-4,main
2021358S09130,2022,SP,SETH,2022-01-02 12:00:00,MX,-27.1,158.3,35,40,-4,main
2021358S09130,2022,SP,SETH,2022-01-02 15:00:00,SS,-27.3,158.0, , ,-4,main
2021358S09130,2022,SP,SETH,2022-01-02 18:00:00,SS,-27.5,157.7,30, ,-5,main
2021358S09130,2022,SP,SETH,2022-01-02 21:00:00,SS,-27.7,157.5, , ,-5,main
2021358S09130,2022,SP,SETH,2022-01-03 00:00:00,SS,-27.9,157.3,25, ,-5,main
2021358S09130,2022,SP,SETH,2022-01-03 03:00:00,SS,-28.0,157.3, , ,-5,main
2021358S09130,2022,SP,SETH,2022-01-03 06:00:00,SS,-28.1,157.3,25, ,-5,main
2021358S09130,2022,SP,SETH,2022-01-03 09:00:00,SS,-28.1,157.2, , ,-5,main
2021358S09130,2022,SP,SETH,2022-01-03 12:00:00,SS,-28.1,157.0,25, ,-5,main
2021358S09130,2022,SP,SETH,2022-01-03 15:00:00,SS,-28.1,156.6, , ,-5,main
2021358S09130,2022,SP,SETH,2022-01-03 18:00:00,SS,-28.0,156.2,25, ,-5,main
2021358S09130,2022,SP,SETH,2022-01-03 21:00:00,SS,-27.8,156.1, , ,-5,main
2021358S09130,2022,SP,SETH,2022-01-04 00:00:00,SS,-27.6,156.0,30, ,-5,main
2021358S09130,2022,SP,SETH,2022-01-04 03:00:00,SS,-27.2,155.9, , ,-5,main
2021358S09130,2022,SP,SETH,2022-01-04 06:00:00,SS,-26.9,155.8,25, ,-5,main
2021358S09130,2022,SP,SETH,2022-01-04 09:00:00,SS,-26.7,155.4, , ,-5,main
2021358S09130,2022,SP,SETH,2022-01-04 12:00:00,SS,-26.6,155.2,25, ,-5,main
2021358S09130,2022,SP,SETH,2022-01-04 15:00:00,SS,-26.3,155.4, , ,-5,main
2021358S09130,2022,SP,SETH,2022-01-04 18:00:00,SS,-26.0,155.7,25, ,-5,main
2021358S09130,2022,SP,SETH,2022-01-04 21:00:00,SS,-25.8,155.7, , ,-5,main
2021358S09130,2022,SP,SETH,2022-01-05 00:00:00,SS,-25.6,155.7,25, ,-5,main
2021358S09130,2022,SP,SETH,2022-01-05 03:00:00,SS,-25.4,155.8, , ,-5,main
2021358S09130,2022,SP,SETH,2022-01-05 06:00:00,SS,-25.2,155.8,25, ,-5,main
2021358S09130,2022,SP,SETH,2022-01-05 09:00:00,SS,-25.2,155.5, , ,-5,main
2021358S09130,2022,SP,SETH,2022-01-05 12:00:00,SS,-25.2,155.2,25, ,-5,main
2021358S09130,2022,SP,SETH,2022-01-05 15:00:00,SS,-25.2,154.9, , ,-5,main
2021358S09130,2022,SP,SETH,2022-01-05 18:00:00,SS,-25.2,154.7,25, ,-5,main
2021358S09130,2022,SP,SETH,2022-01-05 21:00:00,SS,-25.1,154.5, , ,-5,main
2021358S09130,2022,SP,SETH,2022-01-06 00:00:00,SS,-25.0,154.3,25, ,-5,main
2021358S09130,2022,SP,SETH,2022-01-06 03:00:00,SS,-24.9,154.1, , ,-5,main
2021358S09130,2022,SP,SETH,2022-01-06 06:00:00,SS,-24.8,153.9,25, ,-5,main
2021358S09130,2022,SP,SETH,2022-01-06 09:00:00,SS,-24.9,153.6, , ,-5,main
2021358S09130,2022,SP,SETH,2022-01-06 12:00:00,SS,-25.0,153.3,20, ,-5,main
2021358S09130,2022,SP,SETH,2022-01-06 15:00:00,SS,-25.0,153.1, , ,-5,main
2021358S09130,2022,SP,SETH,2022-01-06 18:00:00,SS,-25.0,153.0,20, ,-5,main
2021358S09130,2022,SP,SETH,2022-01-06 21:00:00,SS,-25.3,152.8,20, ,-5,main
2021358S09130,2022,SP,SETH,2022-01-07 00:00:00,SS,-25.5,152.5,15, ,-5,main
2021358S09130,2022,SP,SETH,2022-01-07 03:00:00,SS,-25.7,152.3, , ,-5,main
2021358S09130,2022,SP,SETH,2022-01-07 06:00:00,SS,-25.8,152.2,15, ,-5,main
2022008S13148,2022,SP,TIFFANY,2022-01-08 00:00:00,MX,-12.6,147.7,25,20,-3,main
2022008S13148,2022,SP,TIFFANY,2022-01-08 03:00:00,MX,-12.9,147.8, ,20,-3,main
2022008S13148,2022,SP,TIFFANY,2022-01-08 06:00:00,MX,-13.1,147.9,25,20,-3,main
2022008S13148,2022,SP,TIFFANY,2022-01-08 09:00:00,MX,-13.2,147.9, ,23,-3,main
2022008S13148,2022,SP,TIFFANY,2022-01-08 12:00:00,TS,-13.3,148.0,30,25,-1,main
2022008S13148,2022,SP,TIFFANY,2022-01-08 15:00:00,TS,-13.5,148.0, ,28,-1,main
2022008S13148,2022,SP,TIFFANY,2022-01-08 18:00:00,TS,-13.7,147.9,30,30,-1,main
2022008S13148,2022,SP,TIFFANY,2022-01-08 21:00:00,TS,-13.8,147.5, ,33,-1,main
2022008S13148,2022,SP,TIFFANY,2022-01-09 00:00:00,TS,-14.0,147.2,30,35,0,main
2022008S13148,2022,SP,TIFFANY,2022-01-09 03:00:00,TS,-14.0,147.0, ,40,0,main
2022008S13148,2022,SP,TIFFANY,2022-01-09 06:00:00,TS,-14.1,146.8,40,45,0,main
2022008S13148,2022,SP,TIFFANY,2022-01-09 09:00:00,TS,-14.0,146.4, ,50,0,main
2022008S13148,2022,SP,TIFFANY,2022-01-09 12:00:00,TS,-14.0,145.9,50,55,0,main
2022008S13148,2022,SP,TIFFANY,2022-01-09 15:00:00,TS,-14.0,145.4, ,58,0,main
2022008S13148,2022,SP,TIFFANY,2022-01-09 18:00:00,TS,-14.1,144.9,50,60,0,main
2022008S13148,2022,SP,TIFFANY,2022-01-09 21:00:00,TS,-14.1,144.5,55,60,0,main
2022008S13148,2022,SP,TIFFANY,2022-01-10 00:00:00,TS,-14.3,144.2,55,60,0,main
2022008S13148,2022,SP,TIFFANY,2022-01-10 03:00:00,TS,-14.4,144.0,45,53,0,main
2022008S13148,2022,SP,TIFFANY,2022-01-10 06:00:00,TS,-14.6,143.7,35,45,0,main
2022008S13148,2022,SP,TIFFANY,2022-01-10 09:00:00,TS,-14.6,143.3, ,38,0,main
2022008S13148,2022,SP,TIFFANY,2022-01-10 12:00:00,TS,-14.6,142.8,30,30,-1,main
2022008S13148,2022,SP,TIFFANY,2022-01-10 15:00:00,TS,-14.6,142.2, ,30,-1,main
2022008S13148,2022,SP,TIFFANY,2022-01-10 18:00:00,TS,-14.6,141.7,30,30,-1,main
2022008S13148,2022,SP,TIFFANY,2022-01-10 21:00:00,TS,-14.5,141.4, ,35,0,main
2022008S13148,2022,SP,TIFFANY,2022-01-11 00:00:00,TS,-14.6,141.1,35,40,0,main
2022008S13148,2022,SP,TIFFANY,2022-01-11 03:00:00,TS,-14.8,140.6, ,40,0,main
2022008S13148,2022,SP,TIFFANY,2022-01-11 06:00:00,TS,-15.0,139.9,35,40,0,main
2022008S13148,2022,SP,TIFFANY,2022-01-11 09:00:00,TS,-15.0,139.0, ,45,0,main
2022008S13148,2022,SP,TIFFANY,2022-01-11 12:00:00,TS,-14.9,138.1,50,50,0,main
2022008S13148,2022,SP,TIFFANY,2022-01-11 15:00:00,TS,-14.9,137.4, ,53,0,main
2022008S13148,2022,SP,TIFFANY,2022-01-11 18:00:00,TS,-14.8,136.7,50,55,0,main
2022008S13148,2022,SP,TIFFANY,2022-01-11 21:00:00,TS,-14.7,136.1, ,55,0,main
2022008S13148,2022,SP,TIFFANY,2022-01-12 00:00:00,TS,-14.7,135.5,50,55,0,main
2022008S13148,2022,SI,TIFFANY,2022-01-12 03:00:00,TS,-14.5,134.6, ,45,0,main
2022008S13148,2022,SI,TIFFANY,2022-01-12 06:00:00,TS,-14.5,133.7,35,35,0,main
2022008S13148,2022,SI,TIFFANY,2022-01-12 09:00:00,TS,-14.6,133.2, ,30,-1,main
2022008S13148,2022,SI,TIFFANY,2022-01-12 12:00:00,TS,-14.8,132.8,30,25,-1,main
2022008S13148,2022,SI,TIFFANY,2022-01-12 15:00:00,TS,-14.9,132.2, ,25,-1,main
2022008S13148,2022,SI,TIFFANY,2022-01-12 18:00:00,TS,-15.1,131.7,20,25,-1,main
2022008S13148,2022,SI,TIFFANY,2022-01-12 21:00:00,TS,-15.3,131.2, ,25,-1,main
2022008S13148,2022,SI,TIFFANY,2022-01-13 00:00:00,TS,-15.4,130.6,15,25,-1,main
2022008S13148,2022,SI,TIFFANY,2022-01-13 03:00:00,TS,-15.5,130.0, ,23,-1,main
2022008S13148,2022,SI,TIFFANY,2022-01-13 06:00:00,MX,-15.6,129.4,15,20,-3,main
2022008S13148,2022,SI,TIFFANY,2022-01-13 09:00:00,MX,-15.7,128.7, ,20,-3,main
2022008S13148,2022,SI,TIFFANY,2022-01-13 12:00:00,MX,-15.9,128.0,15,20,-3,main
2022008S13148,2022,SI,TIFFANY,2022-01-13 15:00:00,MX,-15.9,127.4, ,20,-3,main
2022008S13148,2022,SI,TIFFANY,2022-01-13 18:00:00,MX,-16.0,127.0,15,20,-3,main
2022008S13148,2022,SI,TIFFANY,2022-01-13 21:00:00,MX,-16.0,126.6, ,20,-3,main
2022008S13148,2022,SI,TIFFANY,2022-01-14 00:00:00,MX,-16.1,126.3,15,20,-3,main
2022008S13148,2022,SI,TIFFANY,2022-01-14 03:00:00,MX,-16.3,126.0, ,23,-3,main
2022008S13148,2022,SI,TIFFANY,2022-01-14 06:00:00,TS,-16.6,125.8,15,25,-1,main
2022008S13148,2022,SI,TIFFANY,2022-01-14 09:00:00,TS,-16.7,125.7, ,25,-1,main
2022008S13148,2022,SI,TIFFANY,2022-01-14 12:00:00,TS,-16.8,125.6,15,25,-1,main
2022008S13148,2022,SI,TIFFANY,2022-01-14 15:00:00,TS,-17.0,125.4, ,25,-1,main
2022008S13148,2022,SI,TIFFANY,2022-01-14 18:00:00,TS,-17.2,125.2,15,25,-1,main
2022008S13148,2022,SI,TIFFANY,2022-01-14 21:00:00,TS,-17.4,125.0, ,23,-1,main
2022008S13148,2022,SI,TIFFANY,2022-01-15 00:00:00,MX,-17.8,124.9,15,20,-3,main
2022008S13148,2022,SI,TIFFANY,2022-01-15 03:00:00,MX,-18.3,124.8, ,18,-3,main
2022008S13148,2022,SI,TIFFANY,2022-01-15 06:00:00,MX,-18.8,124.7,20,15,-3,main
2022008S13148,2022,SI,TIFFANY,2022-01-15 09:00:00,TS,-19.2,124.8, , ,-3,main
2022008S13148,2022,SI,TIFFANY,2022-01-15 12:00:00,TS,-19.7,125.0,20, ,-5,main
2022008S13148,2022,SI,TIFFANY,2022-01-15 15:00:00,TS,-20.4,125.2, , ,-5,main
2022008S13148,2022,SI,TIFFANY,2022-01-15 18:00:00,TS,-21.0,125.6,20, ,-5,main
2022008S13148,2022,SI,TIFFANY,2022-01-15 21:00:00,TS,-21.4,125.9, , ,-5,main
2022008S13148,2022,SI,TIFFANY,2022-01-16 00:00:00,TS,-21.8,126.3,25, ,-5,main
2022008S13148,2022,SI,TIFFANY,2022-01-16 03:00:00,TS,-22.6,126.8, , ,-5,main
2022008S13148,2022,SI,TIFFANY,2022-01-16 06:00:00,TS,-23.3,127.3,25, ,-5,main
2022008S13148,2022,SI,TIFFANY,2022-01-16 09:00:00,TS,-23.8,127.6, , ,-5,main
2022008S13148,2022,SI,TIFFANY,2022-01-16 12:00:00,TS,-24.1,127.9,25, ,-5,main
2022008S13148,2022,SI,TIFFANY,2022-01-16 15:00:00,TS,-24.4,128.2, , ,-5,main
2022008S13148,2022,SI,TIFFANY,2022-01-16 18:00:00,TS,-24.7,128.4,25, ,-5,main
2022008S13148,2022,SI,TIFFANY,2022-01-16 21:00:00,TS,-25.0,128.7, , ,-5,main
2022008S13148,2022,SI,TIFFANY,2022-01-17 00:00:00,TS,-25.3,129.0,30, ,-5,main
2022008S13148,2022,SI,TIFFANY,2022-01-17 03:00:00,TS,-25.6,129.4, , ,-5,main
2022008S13148,2022,SI,TIFFANY,2022-01-17 06:00:00,TS,-26.0,129.9,30, ,-5,main
2022030S14147,2022,SP,UNNAMED,2022-01-29 18:00:00,MX,-14.2,147.4,20,20,-3,main
2022030S14147,2022,SP,UNNAMED,2022-01-29 21:00:00,MX,-14.0,147.7, ,23,-3,main
2022030S14147,2022,SP,UNNAMED,2022-01-30 00:00:00,TS,-13.9,148.0,25,25,-1,main
2022030S14147,2022,SP,UNNAMED,2022-01-30 03:00:00,TS,-13.7,148.2, ,25,-1,main
2022030S14147,2022,SP,UNNAMED,2022-01-30 06:00:00,TS,-13.6,148.6,30,25,-1,main
2022030S14147,2022,SP,UNNAMED,2022-01-30 09:00:00,TS,-13.7,149.0, ,28,-1,main
2022030S14147,2022,SP,UNNAMED,2022-01-30 12:00:00,TS,-14.0,149.4,30,30,-1,main
2022030S14147,2022,SP,UNNAMED,2022-01-30 15:00:00,TS,-14.1,149.7, ,33,-1,main
2022030S14147,2022,SP,UNNAMED,2022-01-30 18:00:00,TS,-14.2,149.9,30,35,0,main
2022030S14147,2022,SP,UNNAMED,2022-01-30 21:00:00,TS,-14.2,150.0, ,35,0,main
2022030S14147,2022,SP,UNNAMED,2022-01-31 00:00:00,TS,-14.2,150.1,30,35,0,main
2022030S14147,2022,SP,UNNAMED,2022-01-31 03:00:00,TS,-14.3,150.5, ,40,0,main
2022030S14147,2022,SP,UNNAMED,2022-01-31 06:00:00,TS,-14.4,150.9,35,45,0,main
2022030S14147,2022,SP,UNNAMED,2022-01-31 09:00:00,TS,-14.5,151.3, ,43,0,main
2022030S14147,2022,SP,UNNAMED,2022-01-31 12:00:00,TS,-14.8,151.7,35,40,0,main
2022030S14147,2022,SP,UNNAMED,2022-01-31 15:00:00,TS,-14.9,151.9, ,40,0,main
2022030S14147,2022,SP,UNNAMED,2022-01-31 18:00:00,TS,-14.9,152.2,35,40,0,main
2022030S14147,2022,SP,UNNAMED,2022-01-31 21:00:00,TS,-14.9,152.3, ,38,0,main
2022030S14147,2022,SP,UNNAMED,2022-02-01 00:00:00,TS,-15.0,152.5,30,35,0,main
2022030S14147,2022,SP,UNNAMED,2022-02-01 03:00:00,TS,-14.9,152.6, ,35,0,main
2022030S14147,2022,SP,UNNAMED,2022-02-01 06:00:00,TS,-14.9,152.8,30,35,0,main
2022030S14147,2022,SP,UNNAMED,2022-02-01 09:00:00,TS,-14.9,153.0, ,33,-1,main
2022030S14147,2022,SP,UNNAMED,2022-02-01 12:00:00,TS,-15.0,153.2,30,30,-1,main
2022030S14147,2022,SP,UNNAMED,2022-02-01 15:00:00,TS,-14.9,153.3, ,30,-1,main
2022030S14147,2022,SP,UNNAMED,2022-02-01 18:00:00,TS,-14.9,153.5,30,30,-1,main
2022030S14147,2022,SP,UNNAMED,2022-02-01 21:00:00,TS,-14.9,153.7, ,30,-1,main
2022030S14147,2022,SP,UNNAMED,2022-02-02 00:00:00,TS,-14.9,153.9,30,30,-1,main
2022030S14147,2022,SP,UNNAMED,2022-02-02 03:00:00,TS,-14.9,154.3, ,30,-1,main
2022030S14147,2022,SP,UNNAMED,2022-02-02 06:00:00,TS,-15.1,154.9,25,30,-1,main
2022030S14147,2022,SP,UNNAMED,2022-02-02 09:00:00,TS,-15.4,155.6, ,28,-1,main
2022030S14147,2022,SP,UNNAMED,2022-02-02 12:00:00,TS,-15.8,156.3,25,25,-1,main
2022030S14147,2022,SP,UNNAMED,2022-02-02 15:00:00,TS,-16.0,156.9, ,23,-1,main
2022030S14147,2022,SP,UNNAMED,2022-02-02 18:00:00,MX,-16.2,157.4,25,20,-3,main
2022030S14147,2022,SP,UNNAMED,2022-02-02 21:00:00,MX,-16.4,157.8, ,20,-3,main
2022030S14147,2022,SP,UNNAMED,2022-02-03 00:00:00,MX,-16.7,158.2,15,20,-3,main
2022030S14147,2022,SP,UNNAMED,2022-02-03 03:00:00,DS,-17.0,158.6, ,20,-3,main
2022030S14147,2022,SP,UNNAMED,2022-02-03 06:00:00,DS,-17.2,159.0, ,20,-3,main
2022030S14147,2022,SP,UNNAMED,2022-02-03 09:00:00,DS,-17.4,159.5, ,20,-3,main
2022030S14147,2022,SP,UNNAMED,2022-02-03 12:00:00,DS,-17.6,160.0, ,20,-3,main
2022030S14147,2022,SP,UNNAMED,2022-02-03 15:00:00,DS,-17.8,160.7, ,20,-3,main
2022030S14147,2022,SP,UNNAMED,2022-02-03 18:00:00,DS,-18.2,161.4, ,20,-3,main
2022030S14147,2022,SP,UNNAMED,2022-02-03 21:00:00,DS,-18.7,162.1, ,25,-3,main
2022030S14147,2022,SP,UNNAMED,2022-02-04 00:00:00,TS,-19.4,162.8, ,30,-1,main
2023005S18142,2023,SP,HALE,2023-01-04 18:00:00,DS,-18.2,142.0, ,20,-3,main
2023005S18142,2023,SP,HALE,2023-01-04 21:00:00,DS,-18.1,142.5, ,20,-3,main
2023005S18142,2023,SP,HALE,2023-01-05 00:00:00,DS,-18.1,143.0, ,20,-3,main
2023005S18142,2023,SP,HALE,2023-01-05 03:00:00,DS,-18.1,143.5, ,20,-3,main
2023005S18142,2023,SP,HALE,2023-01-05 06:00:00,DS,-18.1,144.1, ,20,-3,main
2023005S18142,2023,SP,HALE,2023-01-05 09:00:00,DS,-18.1,144.6, ,20,-3,main
2023005S18142,2023,SP,HALE,2023-01-05 12:00:00,DS,-18.1,145.3, ,20,-3,main
2023005S18142,2023,SP,HALE,2023-01-05 15:00:00,DS,-18.2,146.9, ,23,-3,main
2023005S18142,2023,SP,HALE,2023-01-05 18:00:00,TS,-18.3,148.4, ,25,-1,main
2023005S18142,2023,SP,HALE,2023-01-05 21:00:00,TS,-18.5,149.1, ,25,-1,main
2023005S18142,2023,SP,HALE,2023-01-06 00:00:00,TS,-18.5,149.2,30,25,-1,main
2023005S18142,2023,SP,HALE,2023-01-06 03:00:00,TS,-18.5,149.8, ,28,-1,main
2023005S18142,2023,SP,HALE,2023-01-06 06:00:00,TS,-18.5,150.5,30,30,-1,main
2023005S18142,2023,SP,HALE,2023-01-06 09:00:00,TS,-18.7,150.8, ,33,-1,main
2023005S18142,2023,SP,HALE,2023-01-06 12:00:00,TS,-19.0,151.3,30,35,0,main
2023005S18142,2023,SP,HALE,2023-01-06 15:00:00,TS,-19.3,152.0, ,38,0,main
2023005S18142,2023,SP,HALE,2023-01-06 18:00:00,TS,-19.7,152.8,30,40,0,main
2023005S18142,2023,SP,HALE,2023-01-06 21:00:00,TS,-20.1,153.7, ,40,0,main
2023005S18142,2023,SP,HALE,2023-01-07 00:00:00,TS,-20.6,154.7,35,40,0,main
2023005S18142,2023,SP,HALE,2023-01-07 03:00:00,TS,-20.8,155.6, ,45,0,main
2023005S18142,2023,SP,HALE,2023-01-07 06:00:00,TS,-21.1,156.7,35,50,0,main
2023005S18142,2023,SP,HALE,2023-01-07 09:00:00,TS,-21.6,158.0, ,48,0,main
2023005S18142,2023,SP,HALE,2023-01-07 12:00:00,TS,-22.1,159.5,35,45,0,main
2023005S18142,2023,SP,HALE,2023-01-07 15:00:00,TS,-22.7,161.2, ,43,0,main
2023005S18142,2023,SP,HALE,2023-01-07 18:00:00,TS,-23.3,162.6,30,40,0,main
2023005S18142,2023,SP,HALE,2023-01-07 21:00:00,TS,-24.0,163.4, ,38,0,main
2023005S18142,2023,SP,HALE,2023-01-08 00:00:00,TS,-24.6,164.3,30,35,0,main
2023005S18142,2023,SP,HALE,2023-01-08 03:00:00,TS,-25.0,165.5, ,35,0,main
2023005S18142,2023,SP,HALE,2023-01-08 06:00:00,MX,-25.3,166.7, ,35,0,main
2023005S18142,2023,SP,HALE,2023-01-08 09:00:00,TS,-25.4,167.6, ,30,-1,main
2023005S18142,2023,SP,HALE,2023-01-08 12:00:00,SS,-25.4,168.1, ,25,-2,main
2023005S18142,2023,SP,HALE,2023-01-08 15:00:00,SS,-25.2,168.9, ,25,-2,main
2023005S18142,2023,SP,HALE,2023-01-08 18:00:00,SS,-25.1,169.9, ,25,-2,main
2023005S18142,2023,SP,HALE,2023-01-08 21:00:00,SS,-25.1,171.1, ,23,-2,main
2023005S18142,2023,SP,HALE,2023-01-09 00:00:00,SS,-25.4,172.6, ,20,-2,main
2023005S18142,2023,SP,HALE,2023-01-09 03:00:00,SS,-25.8,174.2, ,20,-2,main
2023005S18142,2023,SP,HALE,2023-01-09 06:00:00,SS,-26.6,175.9, ,20,-2,main
2023005S18142,2023,SP,HALE,2023-01-09 09:00:00,NR,-28.6,178.0, , ,-2,main
2023005S18142,2023,SP,HALE,2023-01-09 12:00:00,NR,-30.7,179.5, , ,-5,main
2023005S18142,2023,SP,HALE,2023-01-09 15:00:00,NR,-32.3,179.6, , ,-5,main
2023005S18142,2023,SP,HALE,2023-01-09 18:00:00,NR,-33.5,178.9, , ,-5,main
2023005S18142,2023,SP,HALE,2023-01-09 21:00:00,NR,-34.3,178.3, , ,-5,main
2023005S18142,2023,SP,HALE,2023-01-10 00:00:00,NR,-34.9,177.6, , ,-5,main
2023005S18142,2023,SP,HALE,2023-01-10 03:00:00,NR,-35.5,176.8, , ,-5,main
2023005S18142,2023,SP,HALE,2023-01-10 06:00:00,NR,-35.9,176.1, , ,-5,main
2023005S18142,2023,SP,HALE,2023-01-10 09:00:00,NR,-36.2,175.8, , ,-5,main
2023005S18142,2023,SP,HALE,2023-01-10 12:00:00,NR,-36.5,175.7, , ,-5,main
2023005S18142,2023,SP,HALE,2023-01-10 15:00:00,NR,-37.0,175.4, , ,-5,main
2023005S18142,2023,SP,HALE,2023-01-10 18:00:00,NR,-37.5,175.1, , ,-5,main
2023005S18142,2023,SP,HALE,2023-01-10 21:00:00,NR,-37.8,175.0, , ,-5,main
2023005S18142,2023,SP,HALE,2023-01-11 00:00:00,NR,-38.0,175.0, , ,-5,main
2023005S18142,2023,SP,HALE,2023-01-11 03:00:00,NR,-38.5,174.8, , ,-5,main
2023005S18142,2023,SP,HALE,2023-01-11 06:00:00,NR,-38.9,175.2, , ,-5,main
2023005S18142,2023,SP,HALE,2023-01-11 09:00:00,NR,-39.2,176.5, , ,-5,main
2023005S18142,2023,SP,HALE,2023-01-11 12:00:00,NR,-39.3,178.5, , ,-5,main
2023337S08165,2024,SP,JASPER,2023-12-02 12:00:00,TS,-8.4,164.8,15, ,-5,main
2023337S08165,2024,SP,JASPER,2023-12-02 15:00:00,TS,-8.4,164.5, , ,-5,main
2023337S08165,2024,SP,JASPER,2023-12-02 18:00:00,TS,-8.4,164.0,20, ,-5,main
2023337S08165,2024,SP,JASPER,2023-12-02 21:00:00,TS,-8.5,163.3, , ,-5,main
2023337S08165,2024,SP,JASPER,2023-12-03 00:00:00,TS,-8.5,162.7,20, ,-5,main
2023337S08165,2024,SP,JASPER,2023-12-03 03:00:00,TS,-8.4,162.3, , ,-5,main
2023337S08165,2024,SP,JASPER,2023-12-03 06:00:00,TS,-8.2,162.0,20, ,-5,main
2023337S08165,2024,SP,JASPER,2023-12-03 09:00:00,TS,-8.1,161.5, , ,-5,main
2023337S08165,2024,SP,JASPER,2023-12-03 12:00:00,MX,-8.0,160.8,25,15,-3,main
2023337S08165,2024,SP,JASPER,2023-12-03 15:00:00,MX,-7.7,160.1, ,15,-3,main
2023337S08165,2024,SP,JASPER,2023-12-03 18:00:00,MX,-7.5,159.5,25,15,-3,main
2023337S08165,2024,SP,JASPER,2023-12-03 21:00:00,MX,-7.6,158.9, ,18,-3,main
2023337S08165,2024,SP,JASPER,2023-12-04 00:00:00,MX,-7.9,158.4,25,20,-3,main
2023337S08165,2024,SP,JASPER,2023-12-04 03:00:00,MX,-8.0,158.2, ,20,-3,main
2023337S08165,2024,SP,JASPER,2023-12-04 06:00:00,MX,-8.2,158.2,25,20,-3,main
2023337S08165,2024,SP,JASPER,2023-12-04 09:00:00,MX,-8.3,158.0, ,23,-3,main
2023337S08165,2024,SP,JASPER,2023-12-04 12:00:00,TS,-8.5,157.9,25,25,-1,main
2023337S08165,2024,SP,JASPER,2023-12-04 15:00:00,TS,-8.7,157.7, ,28,-1,main
2023337S08165,2024,SP,JASPER,2023-12-04 18:00:00,TS,-8.9,157.5,30,30,-1,main
2023337S08165,2024,SP,JASPER,2023-12-04 21:00:00,TS,-9.0,157.4, ,35,0,main
2023337S08165,2024,SP,JASPER,2023-12-05 00:00:00,TS,-9.1,157.4,30,40,0,main
2023337S08165,2024,SP,JASPER,2023-12-05 03:00:00,TS,-9.3,157.3, ,40,0,main
2023337S08165,2024,SP,JASPER,2023-12-05 06:00:00,TS,-9.4,157.2,35,40,0,main
2023337S08165,2024,SP,JASPER,2023-12-05 09:00:00,TS,-9.4,157.2, ,43,0,main
2023337S08165,2024,SP,JASPER,2023-12-05 12:00:00,TS,-9.5,157.3,40,45,0,main
2023337S08165,2024,SP,JASPER,2023-12-05 15:00:00,TS,-9.8,157.3, ,48,0,main
2023337S08165,2024,SP,JASPER,2023-12-05 18:00:00,TS,-10.1,157.3,45,50,0,main
2023337S08165,2024,SP,JASPER,2023-12-05 21:00:00,TS,-10.3,157.3, ,55,0,main
2023337S08165,2024,SP,JASPER,2023-12-06 00:00:00,TS,-10.6,157.3,50,60,0,main
2023337S08165,2024,SP,JASPER,2023-12-06 03:00:00,TS,-10.8,157.3, ,65,1,main
2023337S08165,2024,SP,JASPER,2023-12-06 06:00:00,TS,-11.1,157.2,60,70,1,main
2023337S08165,2024,SP,JASPER,2023-12-06 09:00:00,TS,-11.3,157.2, ,73,1,main
2023337S08165,2024,SP,JASPER,2023-12-06 12:00:00,TS,-11.5,157.2,70,75,1,main
2023337S08165,2024,SP,JASPER,2023-12-06 15:00:00,TS,-11.6,157.1, ,78,1,main
2023337S08165,2024,SP,JASPER,2023-12-06 18:00:00,TS,-11.7,157.0,75,80,1,main
2023337S08165,2024,SP,JASPER,2023-12-06 21:00:00,TS,-11.9,157.0, ,83,2,main
2023337S08165,2024,SP,JASPER,2023-12-07 00:00:00,TS,-12.1,157.0,80,85,2,main
2023337S08165,2024,SP,JASPER,2023-12-07 03:00:00,TS,-12.3,156.9, ,90,2,main
2023337S08165,2024,SP,JASPER,2023-12-07 06:00:00,TS,-12.6,156.9,85,95,2,main
2023337S08165,2024,SP,JASPER,2023-12-07 09:00:00,TS,-12.8,156.8, ,100,3,main
2023337S08165,2024,SP,JASPER,2023-12-07 12:00:00,TS,-13.1,156.8,95,105,3,main
2023337S08165,2024,SP,JASPER,2023-12-07 15:00:00,TS,-13.3,156.8, ,110,3,main
2023337S08165,2024,SP,JASPER,2023-12-07 18:00:00,TS,-13.6,156.8,110,115,4,main
2023337S08165,2024,SP,JASPER,2023-12-07 21:00:00,TS,-13.9,156.7, ,118,4,main
2023337S08165,2024,SP,JASPER,2023-12-08 00:00:00,TS,-14.2,156.6,115,120,4,main
2023337S08165,2024,SP,JASPER,2023-12-08 03:00:00,TS,-14.4,156.6, ,118,4,main
2023337S08165,2024,SP,JASPER,2023-12-08 06:00:00,TS,-14.5,156.6,115,115,4,main
2023337S08165,2024,SP,JASPER,2023-12-08 09:00:00,TS,-14.8,156.5, ,110,3,main
2023337S08165,2024,SP,JASPER,2023-12-08 12:00:00,TS,-15.0,156.5,110,105,3,main
2023337S08165,2024,SP,JASPER,2023-12-08 15:00:00,TS,-15.2,156.4, ,100,3,main
2023337S08165,2024,SP,JASPER,2023-12-08 18:00:00,TS,-15.3,156.2,100,95,2,main
2023337S08165,2024,SP,JASPER,2023-12-08 21:00:00,TS,-15.3,156.0, ,93,2,main
2023337S08165,2024,SP,JASPER,2023-12-09 00:00:00,TS,-15.4,155.9,90,90,2,main
2023337S08165,2024,SP,JASPER,2023-12-09 03:00:00,TS,-15.5,155.7, ,83,2,main
2023337S08165,2024,SP,JASPER,2023-12-09 06:00:00,TS,-15.6,155.6,85,75,1,main
2023337S08165,2024,SP,JASPER,2023-12-09 09:00:00,TS,-15.7,155.4, ,73,1,main
2023337S08165,2024,SP,JASPER,2023-12-09 12:00:00,TS,-15.8,155.2,70,70,1,main
2023337S08165,2024,SP,JASPER,2023-12-09 15:00:00,TS,-15.8,155.0, ,65,1,main
2023337S08165,2024,SP,JASPER,2023-12-09 18:00:00,TS,-15.9,154.9,60,60,0,main
2023337S08165,2024,SP,JASPER,2023-12-09 21:00:00,TS,-16.0,154.6, ,60,0,main
2023337S08165,2024,SP,JASPER,2023-12-10 00:00:00,TS,-16.3,154.3,55,60,0,main
2023337S08165,2024,SP,JASPER,2023-12-10 03:00:00,TS,-16.5,153.9, ,60,0,main
2023337S08165,2024,SP,JASPER,2023-12-10 06:00:00,TS,-16.8,153.6,50,60,0,main
2023337S08165,2024,SP,JASPER,2023-12-10 09:00:00,TS,-17.1,153.2, ,58,0,main
2023337S08165,2024,SP,JASPER,2023-12-10 12:00:00,TS,-17.3,152.7,50,55,0,main
2023337S08165,2024,SP,JASPER,2023-12-10 15:00:00,TS,-17.3,152.1, ,53,0,main
2023337S08165,2024,SP,JASPER,2023-12-10 18:00:00,TS,-17.4,151.4,45,50,0,main
2023337S08165,2024,SP,JASPER,2023-12-10 21:00:00,TS,-17.6,150.8, ,45,0,main
2023337S08165,2024,SP,JASPER,2023-12-11 00:00:00,TS,-17.8,150.3,45,40,0,main
2023337S08165,2024,SP,JASPER,2023-12-11 03:00:00,TS,-17.7,149.9, ,40,0,main
2023337S08165,2024,SP,JASPER,2023-12-11 06:00:00,TS,-17.5,149.7,45,40,0,main
2023337S08165,2024,SP,JASPER,2023-12-11 09:00:00,TS,-17.2,149.3, ,40,0,main
2023337S08165,2024,SP,JASPER,2023-12-11 12:00:00,TS,-17.0,149.0,45,40,0,main
2023337S08165,2024,SP,JASPER,2023-12-11 15:00:00,TS,-16.8,148.7, ,43,0,main
2023337S08165,2024,SP,JASPER,2023-12-11 18:00:00,TS,-16.6,148.4,50,45,0,main
2023337S08165,2024,SP,JASPER,2023-12-11 21:00:00,TS,-16.4,148.1, ,45,0,main
2023337S08165,2024,SP,JASPER,2023-12-12 00:00:00,TS,-16.2,148.0,45,45,0,main
2023337S08165,2024,SP,JASPER,2023-12-12 03:00:00,TS,-16.0,147.8, ,45,0,main
2023337S08165,2024,SP,JASPER,2023-12-12 06:00:00,TS,-15.9,147.7,45,45,0,main
2023337S08165,2024,SP,JASPER,2023-12-12 09:00:00,TS,-15.8,147.6, ,48,0,main
2023337S08165,2024,SP,JASPER,2023-12-12 12:00:00,TS,-15.7,147.5,45,50,0,main
2023337S08165,2024,SP,JASPER,2023-12-12 15:00:00,TS,-15.5,147.3, ,50,0,main
2023337S08165,2024,SP,JASPER,2023-12-12 18:00:00,TS,-15.4,147.0,50,50,0,main
2023337S08165,2024,SP,JASPER,2023-12-12 21:00:00,TS,-15.6,146.7, ,50,0,main
2023337S08165,2024,SP,JASPER,2023-12-13 00:00:00,TS,-15.7,146.4,50,50,0,main
2023337S08165,2024,SP,JASPER,2023-12-13 03:00:00,TS,-15.8,146.0, ,50,0,main
2023337S08165,2024,SP,JASPER,2023-12-13 06:00:00,TS,-15.8,145.8,50,50,0,main
2023337S08165,2024,SP,JASPER,2023-12-13 09:00:00,TS,-15.9,145.5, ,48,0,main
2023337S08165,2024,SP,JASPER,2023-12-13 10:00:00,TS,-15.9,145.4,50,47,0,main
2023337S08165,2024,SP,JASPER,2023-12-13 12:00:00,TS,-15.9,145.1,35,45,0,main
2023337S08165,2024,SP,JASPER,2023-12-13 15:00:00,TS,-16.0,144.7, ,40,0,main
2023337S08165,2024,SP,JASPER,2023-12-13 18:00:00,TS,-16.0,144.4,30,35,0,main
2023337S08165,2024,SP,JASPER,2023-12-13 21:00:00,TS,-16.0,144.2, ,30,-1,main
2023337S08165,2024,SP,JASPER,2023-12-14 00:00:00,TS,-16.0,144.1,30,25,-1,main
2023337S08165,2024,SP,JASPER,2023-12-14 03:00:00,TS,-16.0,143.9, ,25,-1,main
2023337S08165,2024,SP,JASPER,2023-12-14 06:00:00,TS,-16.0,143.7,25,25,-1,main
2023337S08165,2024,SP,JASPER,2023-12-14 09:00:00,TS,-15.9,143.5, ,25,-1,main
2023337S08165,2024,SP,JASPER,2023-12-14 12:00:00,TS,-15.9,143.4,20,25,-1,main
2023337S08165,2024,SP,JASPER,2023-12-14 15:00:00,TS,-15.8,143.3, ,25,-1,main
2023337S08165,2024,SP,JASPER,2023-12-14 18:00:00,TS,-15.9,143.2,20,25,-1,main
2023337S08165,2024,SP,JASPER,2023-12-14 21:00:00,TS,-15.9,143.1, ,23,-1,main
2023337S08165,2024,SP,JASPER,2023-12-15 00:00:00,DS,-15.9,143.0,15,20,-3,main
2023337S08165,2024,SP,JASPER,2023-12-15 03:00:00,DS,-15.8,142.7, ,20,-3,main
2023337S08165,2024,SP,JASPER,2023-12-15 06:00:00,DS,-15.8,142.5,15,20,-3,main
2023337S08165,2024,SP,JASPER,2023-12-15 09:00:00,DS,-15.8,142.4, ,20,-3,main
2023337S08165,2024,SP,JASPER,2023-12-15 12:00:00,DS,-15.8,142.4,15,20,-3,main
2023337S08165,2024,SP,JASPER,2023-12-15 15:00:00,DS,-15.8,142.3, ,20,-3,main
2023337S08165,2024,SP,JASPER,2023-12-15 18:00:00,DS,-15.9,142.2,20,20,-3,main
2023337S08165,2024,SP,JASPER,2023-12-15 21:00:00,DS,-15.9,142.0, ,20,-3,main
2023337S08165,2024,SP,JASPER,2023-12-16 00:00:00,DS,-16.0,141.8,20,20,-3,main
2023337S08165,2024,SP,JASPER,2023-12-16 03:00:00,DS,-15.9,141.7, ,20,-3,main
2023337S08165,2024,SP,JASPER,2023-12-16 06:00:00,DS,-15.8,141.6,20,20,-3,main
2023337S08165,2024,SP,JASPER,2023-12-16 09:00:00,DS,-15.6,141.6, ,20,-3,main
2023337S08165,2024,SP,JASPER,2023-12-16 12:00:00,DS,-15.4,141.6,20,20,-3,main
2023337S08165,2024,SP,JASPER,2023-12-16 15:00:00,NR,-15.5,141.4, , ,-3,main
2023337S08165,2024,SP,JASPER,2023-12-16 18:00:00,DS,-15.7,141.4,20, ,-5,main
2023337S08165,2024,SP,JASPER,2023-12-16 21:00:00,DS,-15.8,141.7, , ,-5,main
2023337S08165,2024,SP,JASPER,2023-12-17 00:00:00,DS,-15.9,142.3,20, ,-5,main
2024035S16188,2024,SP,NAT,2024-02-03 18:00:00,SS,-16.2,-172.3, ,20,-2,main
2024035S16188,2024,SP,NAT,2024-02-03 21:00:00,SS,-15.8,-172.0, ,20,-2,main
2024035S16188,2024,SP,NAT,2024-02-04 00:00:00,DS,-15.5,-171.7, ,20,-3,main
2024035S16188,2024,SP,NAT,2024-02-04 03:00:00,DS,-15.2,-171.3, ,25,-3,main
2024035S16188,2024,SP,NAT,2024-02-04 06:00:00,TS,-15.0,-170.9, ,30,-1,main
2024035S16188,2024,SP,NAT,2024-02-04 09:00:00,TS,-14.8,-170.5, ,30,-1,main
2024035S16188,2024,SP,NAT,2024-02-04 12:00:00,TS,-14.7,-170.0, ,30,-1,main
2024035S16188,2024,SP,NAT,2024-02-04 15:00:00,TS,-14.5,-169.4, ,30,-1,main
2024035S16188,2024,SP,NAT,2024-02-04 18:00:00,TS,-14.4,-168.8, ,30,-1,main
2024035S16188,2024,SP,NAT,2024-02-04 21:00:00,TS,-14.3,-168.2, ,30,-1,main
2024035S16188,2024,SP,NAT,2024-02-05 00:00:00,TS,-14.3,-167.6, ,30,-1,main
2024035S16188,2024,SP,NAT,2024-02-05 03:00:00,TS,-14.3,-167.0, ,30,-1,main
2024035S16188,2024,SP,NAT,2024-02-05 06:00:00,TS,-14.4,-166.5, ,30,-1,main
2024035S16188,2024,SP,NAT,2024-02-05 09:00:00,TS,-14.5,-166.1, ,33,-1,main
2024035S16188,2024,SP,NAT,2024-02-05 12:00:00,TS,-14.6,-165.5,30,35,0,main
2024035S16188,2024,SP,NAT,2024-02-05 15:00:00,TS,-14.8,-164.5, ,38,0,main
2024035S16188,2024,SP,NAT,2024-02-05 18:00:00,TS,-15.1,-163.3,35,40,0,main
2024035S16188,2024,SP,NAT,2024-02-05 21:00:00,TS,-15.3,-162.0, ,43,0,main
2024035S16188,2024,SP,NAT,2024-02-06 00:00:00,TS,-15.4,-160.6,35,45,0,main
2024035S16188,2024,SP,NAT,2024-02-06 03:00:00,TS,-15.7,-159.5, ,48,0,main
2024035S16188,2024,SP,NAT,2024-02-06 06:00:00,TS,-16.1,-158.6,40,50,0,main
2024035S16188,2024,SP,NAT,2024-02-06 09:00:00,TS,-16.5,-157.6, ,53,0,main
2024035S16188,2024,SP,NAT,2024-02-06 12:00:00,TS,-17.0,-156.8,50,55,0,main
2024035S16188,2024,SP,NAT,2024-02-06 15:00:00,TS,-17.4,-156.1, ,50,0,main
2024035S16188,2024,SP,NAT,2024-02-06 18:00:00,TS,-17.7,-155.4,50,45,0,main
2024035S16188,2024,SP,NAT,2024-02-06 21:00:00,TS,-18.0,-154.7, ,43,0,main
2024035S16188,2024,SP,NAT,2024-02-07 00:00:00,TS,-18.3,-154.1,40,40,0,main
2024035S16188,2024,SP,NAT,2024-02-07 03:00:00,TS,-18.6,-153.4, ,40,0,main
2024035S16188,2024,SP,NAT,2024-02-07 06:00:00,TS,-18.8,-152.8,35,40,0,main
2024035S16188,2024,SP,NAT,2024-02-07 09:00:00,TS,-19.0,-152.3, ,40,0,main
2024035S16188,2024,SP,NAT,2024-02-07 12:00:00,TS,-19.1,-151.9,35,40,0,main
2024035S16188,2024,SP,NAT,2024-02-07 15:00:00,TS,-19.2,-151.7, ,43,0,main
2024035S16188,2024,SP,NAT,2024-02-07 18:00:00,TS,-19.3,-151.6,35,45,0,main
2024035S16188,2024,SP,NAT,2024-02-07 21:00:00,TS,-19.3,-151.3, ,43,0,main
2024035S16188,2024,SP,NAT,2024-02-08 00:00:00,TS,-19.3,-151.0,30,40,0,main
2024035S16188,2024,SP,NAT,2024-02-08 03:00:00,TS,-19.3,-150.6, ,38,0,main
2024035S16188,2024,SP,NAT,2024-02-08 06:00:00,TS,-19.3,-150.0, ,35,0,main
2024035S16188,2024,SP,NAT,2024-02-08 09:00:00,TS,-19.3,-149.3, ,35,0,main
2024035S16188,2024,SP,NAT,2024-02-08 12:00:00,TS,-19.3,-148.6, ,35,0,main
2024035S16188,2024,SP,NAT,2024-02-08 15:00:00,TS,-19.3,-147.8, ,40,0,main
2024035S16188,2024,SP,NAT,2024-02-08 18:00:00,SS,-19.4,-147.0, ,45,-2,main
2024035S16188,2024,SP,NAT,2024-02-08 21:00:00,SS,-19.5,-146.1, ,48,-2,main
2024035S16188,2024,SP,NAT,2024-02-09 00:00:00,SS,-19.6,-145.2, ,50,-2,main
2024035S16188,2024,SP,NAT,2024-02-09 03:00:00,SS,-19.7,-144.3, ,48,-2,main
2024035S16188,2024,SP,NAT,2024-02-09 06:00:00,SS,-19.9,-143.3, ,45,-2,main
2024035S16188,2024,SP,NAT,2024-02-09 09:00:00,SS,-20.5,-142.0, ,45,-2,main
2024035S16188,2024,SP,NAT,2024-02-09 12:00:00,SS,-21.2,-140.6, ,45,-2,main
2025052S14148,2025,SP,ALFRED,2025-02-21 00:00:00,TS,-13.7,148.4,20, ,-5,US-PROVISIONAL
2025052S14148,2025,SP,ALFRED,2025-02-21 03:00:00,TS,-14.0,148.5, , ,-5,US-PROVISIONAL
2025052S14148,2025,SP,ALFRED,2025-02-21 06:00:00,TS,-14.3,148.6,30, ,-5,US-PROVISIONAL
2025052S14148,2025,SP,ALFRED,2025-02-21 09:00:00,TS,-14.5,148.8, , ,-5,US-PROVISIONAL
2025052S14148,2025,SP,ALFRED,2025-02-21 12:00:00,TS,-14.7,149.1,30, ,-5,US-PROVISIONAL
2025052S14148,2025,SP,ALFRED,2025-02-21 15:00:00,TS,-14.9,149.3, , ,-5,US-PROVISIONAL
2025052S14148,2025,SP,ALFRED,2025-02-21 18:00:00,TS,-15.0,149.4,30, ,-5,US-PROVISIONAL
2025052S14148,2025,SP,ALFRED,2025-02-21 21:00:00,TS,-15.1,149.5, , ,-5,US-PROVISIONAL
2025052S14148,2025,SP,ALFRED,2025-02-22 00:00:00,TS,-15.2,149.7,35, ,-5,US-PROVISIONAL
2025052S14148,2025,SP,ALFRED,2025-02-22 03:00:00,TS,-15.2,149.9, , ,-5,US-PROVISIONAL
2025052S14148,2025,SP,ALFRED,2025-02-22 06:00:00,TS,-15.2,150.0,40,35,0,US-PROVISIONAL
2025052S14148,2025,SP,ALFRED,2025-02-22 09:00:00,TS,-15.0,150.2, ,37,0,US-PROVISIONAL
2025052S14148,2025,SP,ALFRED,2025-02-22 12:00:00,TS,-14.7,150.4,40,39,0,US-PROVISIONAL
2025052S14148,2025,SP,ALFRED,2025-02-22 15:00:00,TS,-14.4,150.8, ,39,0,US-PROVISIONAL
2025052S14148,2025,SP,ALFRED,2025-02-22 18:00:00,TS,-14.1,151.3,40,39,0,US-PROVISIONAL
2025052S14148,2025,SP,ALFRED,2025-02-22 21:00:00,TS,-14.0,151.5, ,45,0,US-PROVISIONAL
2025052S14148,2025,SP,ALFRED,2025-02-23 00:00:00,TS,-14.0,151.8,40,51,0,US-PROVISIONAL
2025052S14148,2025,SP,ALFRED,2025-02-23 03:00:00,TS,-14.2,152.2, ,51,0,US-PROVISIONAL
2025052S14148,2025,SP,ALFRED,2025-02-23 06:00:00,TS,-14.5,152.6,45,51,0,US-PROVISIONAL
2025052S14148,2025,SP,ALFRED,2025-02-23 09:00:00,TS,-14.5,152.8, ,53,0,US-PROVISIONAL
2025052S14148,2025,SP,ALFRED,2025-02-23 12:00:00,TS,-14.5,153.0,50,54,0,US-PROVISIONAL
2025052S14148,2025,SP,ALFRED,2025-02-23 15:00:00,TS,-14.3,153.3, ,54,0,US-PROVISIONAL
2025052S14148,2025,SP,ALFRED,2025-02-23 18:00:00,TS,-14.1,153.6,50,54,0,US-PROVISIONAL
2025052S14148,2025,SP,ALFRED,2025-02-23 21:00:00,TS,-14.0,153.8, ,57,0,US-PROVISIONAL
2025052S14148,2025,SP,ALFRED,2025-02-24 00:00:00,TS,-13.9,154.0,50,60,0,US-PROVISIONAL
2025052S14148,2025,SP,ALFRED,2025-02-24 03:00:00,TS,-13.8,154.1, ,60,0,US-PROVISIONAL
2025052S14148,2025,SP,ALFRED,2025-02-24 06:00:00,TS,-13.6,154.2,50,60,0,US-PROVISIONAL
2025052S14148,2025,SP,ALFRED,2025-02-24 09:00:00,TS,-13.7,154.3, ,62,0,US-PROVISIONAL
2025052S14148,2025,SP,ALFRED,2025-02-24 12:00:00,TS,-13.8,154.5,50,64,1,US-PROVISIONAL
2025052S14148,2025,SP,ALFRED,2025-02-24 15:00:00,TS,-14.1,154.6, ,62,0,US-PROVISIONAL
2025052S14148,2025,SP,ALFRED,2025-02-24 18:00:00,TS,-14.3,154.6,55,60,0,US-PROVISIONAL
2025052S14148,2025,SP,ALFRED,2025-02-24 21:00:00,TS,-14.3,154.6, ,62,0,US-PROVISIONAL
2025052S14148,2025,SP,ALFRED,2025-02-25 00:00:00,TS,-14.4,154.5,55,64,1,US-PROVISIONAL
2025052S14148,2025,SP,ALFRED,2025-02-25 03:00:00,TS,-14.4,154.4, ,69,1,US-PROVISIONAL
2025052S14148,2025,SP,ALFRED,2025-02-25 06:00:00,TS,-14.4,154.3,55,74,1,US-PROVISIONAL
2025052S14148,2025,SP,ALFRED,2025-02-25 09:00:00,TS,-14.3,154.7, ,74,1,US-PROVISIONAL
2025052S14148,2025,SP,ALFRED,2025-02-25 12:00:00,TS,-14.3,155.0,50,74,1,US-PROVISIONAL
2025052S14148,2025,SP,ALFRED,2025-02-25 15:00:00,TS,-14.4,155.1, ,74,1,US-PROVISIONAL
2025052S14148,2025,SP,ALFRED,2025-02-25 18:00:00,TS,-14.6,155.0,55,74,1,US-PROVISIONAL
2025052S14148,2025,SP,ALFRED,2025-02-25 21:00:00,TS,-14.7,155.0, ,77,1,US-PROVISIONAL
2025052S14148,2025,SP,ALFRED,2025-02-26 00:00:00,TS,-14.9,155.1,55,79,1,US-PROVISIONAL
2025052S14148,2025,SP,ALFRED,2025-02-26 03:00:00,TS,-15.1,155.2, ,82,1,US-PROVISIONAL
2025052S14148,2025,SP,ALFRED,2025-02-26 06:00:00,TS,-15.3,155.2,60,84,2,US-PROVISIONAL
2025052S14148,2025,SP,ALFRED,2025-02-26 09:00:00,TS,-15.3,155.3, ,84,2,US-PROVISIONAL
2025052S14148,2025,SP,ALFRED,2025-02-26 12:00:00,TS,-15.5,155.4,65,84,2,US-PROVISIONAL
2025052S14148,2025,SP,ALFRED,2025-02-26 15:00:00,TS,-15.8,155.4, ,87,2,US-PROVISIONAL
2025052S14148,2025,SP,ALFRED,2025-02-26 18:00:00,TS,-16.2,155.3,70,89,2,US-PROVISIONAL
2025052S14148,2025,SP,ALFRED,2025-02-26 21:00:00,TS,-16.5,155.4, ,91,2,US-PROVISIONAL
2025052S14148,2025,SP,ALFRED,2025-02-27 00:00:00,TS,-16.7,155.4,75,93,2,US-PROVISIONAL
2025052S14148,2025,SP,ALFRED,2025-02-27 03:00:00,TS,-17.1,155.4, ,101,3,US-PROVISIONAL
2025052S14148,2025,SP,ALFRED,2025-02-27 06:00:00,TS,-17.5,155.4,80,109,3,US-PROVISIONAL
2025052S14148,2025,SP,ALFRED,2025-02-27 09:00:00,TS,-17.7,155.5, ,112,3,US-PROVISIONAL
2025052S14148,2025,SP,ALFRED,2025-02-27 12:00:00,TS,-17.9,155.7,85,115,4,US-PROVISIONAL
2025052S14148,2025,SP,ALFRED,2025-02-27 15:00:00,TS,-18.1,155.7, ,104,3,US-PROVISIONAL
2025052S14148,2025,SP,ALFRED,2025-02-27 18:00:00,TS,-18.4,155.6,85,93,2,US-PROVISIONAL
2025052S14148,2025,SP,ALFRED,2025-02-27 21:00:00,TS,-18.8,155.5, ,99,3,US-PROVISIONAL
2025052S14148,2025,SP,ALFRED,2025-02-28 00:00:00,TS,-19.1,155.5,85,105,3,US-PROVISIONAL
2025052S14148,2025,SP,ALFRED,2025-02-28 03:00:00,TS,-19.6,155.7, ,105,3,US-PROVISIONAL
2025052S14148,2025,SP,ALFRED,2025-02-28 06:00:00,TS,-20.0,155.8,85,105,3,US-PROVISIONAL
2025052S14148,2025,SP,ALFRED,2025-02-28 09:00:00,TS,-20.2,155.8, ,105,3,US-PROVISIONAL
2025052S14148,2025,SP,ALFRED,2025-02-28 12:00:00,TS,-20.4,155.7,90,105,3,US-PROVISIONAL
2025052S14148,2025,SP,ALFRED,2025-02-28 15:00:00,TS,-20.6,155.6, ,105,3,US-PROVISIONAL
2025052S14148,2025,SP,ALFRED,2025-02-28 18:00:00,TS,-20.9,155.6,80,105,3,US-PROVISIONAL
2025052S14148,2025,SP,ALFRED,2025-02-28 21:00:00,TS,-21.3,155.6, ,100,3,US-PROVISIONAL
2025052S14148,2025,SP,ALFRED,2025-03-01 00:00:00,TS,-21.6,155.5,80,95,2,US-PROVISIONAL
2025052S14148,2025,SP,ALFRED,2025-03-01 03:00:00,TS,-21.9,155.5, ,89,2,US-PROVISIONAL
2025052S14148,2025,SP,ALFRED,2025-03-01 06:00:00,TS,-22.1,155.5,65,84,2,US-PROVISIONAL
2025052S14148,2025,SP,ALFRED,2025-03-01 09:00:00,TS,-22.4,155.5, ,77,1,US-PROVISIONAL
2025052S14148,2025,SP,ALFRED,2025-03-01 12:00:00,TS,-22.5,155.4,60,70,1,US-PROVISIONAL
2025052S14148,2025,SP,ALFRED,2025-03-01 15:00:00,TS,-22.6,155.4, ,65,1,US-PROVISIONAL
2025052S14148,2025,SP,ALFRED,2025-03-01 18:00:00,TS,-22.7,155.4,55,60,0,US-PROVISIONAL
2025052S14148,2025,SP,ALFRED,2025-03-01 21:00:00,TS,-23.0,155.4, ,57,0,US-PROVISIONAL
2025052S14148,2025,SP,ALFRED,2025-03-02 00:00:00,TS,-23.4,155.5,45,54,0,US-PROVISIONAL
2025052S14148,2025,SP,ALFRED,2025-03-02 03:00:00,TS,-23.7,155.6, ,53,0,US-PROVISIONAL
2025052S14148,2025,SP,ALFRED,2025-03-02 06:00:00,TS,-24.0,155.8,50,51,0,US-PROVISIONAL
2025052S14148,2025,SP,ALFRED,2025-03-02 09:00:00,TS,-24.2,156.0, ,51,0,US-PROVISIONAL
2025052S14148,2025,SP,ALFRED,2025-03-02 12:00:00,TS,-24.4,156.2,55,51,0,US-PROVISIONAL
2025052S14148,2025,SP,ALFRED,2025-03-02 15:00:00,TS,-24.7,156.4, ,53,0,US-PROVISIONAL
2025052S14148,2025,SP,ALFRED,2025-03-02 18:00:00,TS,-25.0,156.7,50,54,0,US-PROVISIONAL
2025052S14148,2025,SP,ALFRED,2025-03-02 21:00:00,TS,-25.4,156.9, ,53,0,US-PROVISIONAL
2025052S14148,2025,SP,ALFRED,2025-03-03 00:00:00,TS,-25.8,157.2,50,51,0,US-PROVISIONAL
2025052S14148,2025,SP,ALFRED,2025-03-03 03:00:00,TS,-26.1,157.5, ,48,0,US-PROVISIONAL
2025052S14148,2025,SP,ALFRED,2025-03-03 06:00:00,SS,-26.3,157.8,50,45,0,US-PROVISIONAL
2025052S14148,2025,SP,ALFRED,2025-03-03 09:00:00,SS,-26.5,158.1, ,48,0,US-PROVISIONAL
2025052S14148,2025,SP,ALFRED,2025-03-03 12:00:00,SS,-26.7,158.2,50,51,0,US-PROVISIONAL
2025052S14148,2025,SP,ALFRED,2025-03-03 15:00:00,SS,-26.9,158.4, ,53,0,US-PROVISIONAL
2025052S14148,2025,SP,ALFRED,2025-03-03 18:00:00,SS,-27.0,158.5,50,54,0,US-PROVISIONAL
2025052S14148,2025,SP,ALFRED,2025-03-03 21:00:00,SS,-27.1,158.9, ,54,0,US-PROVISIONAL
2025052S14148,2025,SP,ALFRED,2025-03-04 00:00:00,SS,-27.3,159.1,50,54,0,US-PROVISIONAL
2025052S14148,2025,SP,ALFRED,2025-03-04 03:00:00,SS,-27.7,159.2, ,54,0,US-PROVISIONAL
2025052S14148,2025,SP,ALFRED,2025-03-04 06:00:00,SS,-28.1,159.0,55,54,0,US-PROVISIONAL
2025052S14148,2025,SP,ALFRED,2025-03-04 09:00:00,SS,-28.0,158.8, ,54,0,US-PROVISIONAL
2025052S14148,2025,SP,ALFRED,2025-03-04 12:00:00,SS,-27.8,158.5,50,54,0,US-PROVISIONAL
2025052S14148,2025,SP,ALFRED,2025-03-04 15:00:00,SS,-28.0,158.0, ,54,0,US-PROVISIONAL
2025052S14148,2025,SP,ALFRED,2025-03-04 18:00:00,SS,-28.1,157.5,45,54,0,US-PROVISIONAL
2025052S14148,2025,SP,ALFRED,2025-03-04 21:00:00,SS,-27.9,156.9, ,54,0,US-PROVISIONAL
2025052S14148,2025,SP,ALFRED,2025-03-05 00:00:00,SS,-27.6,156.4,45,54,0,US-PROVISIONAL
2025052S14148,2025,SP,ALFRED,2025-03-05 03:00:00,SS,-27.3,156.3, ,54,0,US-PROVISIONAL
2025052S14148,2025,SP,ALFRED,2025-03-05 06:00:00,SS,-27.2,156.4,45,54,0,US-PROVISIONAL
2025052S14148,2025,SP,ALFRED,2025-03-05 09:00:00,SS,-27.2,156.6, ,54,0,US-PROVISIONAL
2025052S14148,2025,SP,ALFRED,2025-03-05 12:00:00,TS,-27.3,156.7,45,54,0,US-PROVISIONAL
2025052S14148,2025,SP,ALFRED,2025-03-05 15:00:00,TS,-27.4,156.6, ,53,0,US-PROVISIONAL
2025052S14148,2025,SP,ALFRED,2025-03-05 18:00:00,TS,-27.5,156.3,50,51,0,US-PROVISIONAL
2025052S14148,2025,SP,ALFRED,2025-03-05 21:00:00,TS,-27.4,156.0, ,51,0,US-PROVISIONAL
2025052S14148,2025,SP,ALFRED,2025-03-06 00:00:00,TS,-27.3,155.7,50,51,0,US-PROVISIONAL
2025052S14148,2025,SP,ALFRED,2025-03-06 03:00:00,TS,-27.3,155.5, ,51,0,US-PROVISIONAL
2025052S14148,2025,SP,ALFRED,2025-03-06 06:00:00,TS,-27.3,155.3,50,51,0,US-PROVISIONAL
2025052S14148,2025,SP,ALFRED,2025-03-06 09:00:00,TS,-27.3,155.3, ,51,0,US-PROVISIONAL
2025052S14148,2025,SP,ALFRED,2025-03-06 12:00:00,TS,-27.3,155.3,50,51,0,US-PROVISIONAL
2025052S14148,2025,SP,ALFRED,2025-03-06 15:00:00,TS,-27.2,155.2, ,48,0,US-PROVISIONAL
2025052S14148,2025,SP,ALFRED,2025-03-06 18:00:00,TS,-27.2,155.0,50,45,0,US-PROVISIONAL
2025052S14148,2025,SP,ALFRED,2025-03-06 21:00:00,TS,-27.4,154.8, ,45,0,US-PROVISIONAL
2025052S14148,2025,SP,ALFRED,2025-03-07 00:00:00,TS,-27.6,154.5,45,45,0,US-PROVISIONAL
2025052S14148,2025,SP,ALFRED,2025-03-07 03:00:00,TS,-27.7,154.3, ,45,0,US-PROVISIONAL
2025052S14148,2025,SP,ALFRED,2025-03-07 06:00:00,TS,-27.7,154.1,45,45,0,US-PROVISIONAL
2025052S14148,2025,SP,ALFRED,2025-03-07 09:00:00,TS,-27.6,153.9, ,45,0,US-PROVISIONAL
2025052S14148,2025,SP,ALFRED,2025-03-07 12:00:00,TS,-27.5,153.7,45,45,0,US-PROVISIONAL
2025052S14148,2025,SP,ALFRED,2025-03-07 15:00:00,TS,-27.4,153.4,35,40,0,US-PROVISIONAL
2025052S14148,2025,SP,ALFRED,2025-03-07 18:00:00,TS,-27.2,153.3,35,35,0,US-PROVISIONAL
2025052S14148,2025,SP,ALFRED,2025-03-07 21:00:00,TS,-27.1,153.3, ,35,0,US-PROVISIONAL
2025052S14148,2025,SP,ALFRED,2025-03-08 00:00:00,SS,-27.0,153.3,30,35,0,US-PROVISIONAL
2025052S14148,2025,SP,ALFRED,2025-03-08 03:00:00,SS,-27.0,153.3, ,35,0,US-PROVISIONAL
2025052S14148,2025,SP,ALFRED,2025-03-08 06:00:00,SS,-27.0,153.3,30,35,0,US-PROVISIONAL
2025052S14148,2025,SP,ALFRED,2025-03-08 09:00:00,SS,-27.0,153.2, , ,-5,US-PROVISIONAL
2025052S14148,2025,SP,ALFRED,2025-03-08 10:00:00,SS,-27.0,153.2,40, ,-5,US-PROVISIONAL
2025052S14148,2025,SP,ALFRED,2025-03-08 11:00:00,SS,-27.0,153.1,40, ,-5,US-PROVISIONAL
2025052S14148,2025,SP,ALFRED,2025-03-08 12:00:00,SS,-27.0,153.0,40, ,-5,US-PROVISIONAL
2025052S14148,2025,SP,ALFRED,2025-03-08 15:00:00,SS,-26.8,152.4, , ,-5,US-PROVISIONAL
2025052S14148,2025,SP,ALFRED,2025-03-08 18:00:00,TS,-26.6,151.9,25, ,-5,US-PROVISIONAL
2025339S14210,2026,SP,UNNAMED,2025-12-05 00:00:00,NR,-13.9,-149.7, ,35,0,PROVISIONAL
2025339S14210,2026,SP,UNNAMED,2025-12-05 03:00:00,NR,-14.5,-149.2, ,37,0,PROVISIONAL
2025339S14210,2026,SP,UNNAMED,2025-12-05 06:00:00,NR,-15.0,-148.8, ,39,0,PROVISIONAL
2025339S14210,2026,SP,UNNAMED,2025-12-05 09:00:00,NR,-15.5,-148.4, ,39,0,PROVISIONAL
2025339S14210,2026,SP,UNNAMED,2025-12-05 12:00:00,NR,-16.0,-148.0, ,39,0,PROVISIONAL
2025339S14210,2026,SP,UNNAMED,2025-12-05 15:00:00,NR,-16.7,-147.5, ,39,0,PROVISIONAL
2025339S14210,2026,SP,UNNAMED,2025-12-05 18:00:00,NR,-17.4,-147.1, ,39,0,PROVISIONAL
2025339S14210,2026,SP,UNNAMED,2025-12-05 21:00:00,NR,-18.0,-147.0, ,37,0,PROVISIONAL
2025339S14210,2026,SP,UNNAMED,2025-12-06 00:00:00,NR,-18.7,-147.0, ,35,0,PROVISIONAL
2025339S14210,2026,SP,UNNAMED,2025-12-06 03:00:00,NR,-19.4,-146.8, ,35,0,PROVISIONAL
2025339S14210,2026,SP,UNNAMED,2025-12-06 06:00:00,NR,-20.2,-146.5, ,35,0,PROVISIONAL
2026010S17148,2026,SP,KOJI,2026-01-10 06:00:00,NR,-17.0,148.1, ,39,0,PROVISIONAL
2026010S17148,2026,SP,KOJI,2026-01-10 09:00:00,NR,-17.4,148.0, ,42,0,PROVISIONAL
2026010S17148,2026,SP,KOJI,2026-01-10 12:00:00,NR,-17.9,148.0, ,45,0,PROVISIONAL
2026010S17148,2026,SP,KOJI,2026-01-10 15:00:00,NR,-18.6,148.0, ,45,0,PROVISIONAL
2026010S17148,2026,SP,KOJI,2026-01-10 18:00:00,NR,-19.3,147.9, ,45,0,PROVISIONAL
2026010S17148,2026,SP,KOJI,2026-01-10 21:00:00,NR,-19.8,147.8, ,40,0,PROVISIONAL
2026010S17148,2026,SP,KOJI,2026-01-11 00:00:00,NR,-20.1,147.7, ,35,0,PROVISIONAL
2026010S17148,2026,SP,KOJI,2026-01-11 03:00:00,NR,-20.4,147.5, ,32,-1,PROVISIONAL
2026010S17148,2026,SP,KOJI,2026-01-11 06:00:00,NR,-20.7,147.3, ,29,-1,PROVISIONAL
2026063S14151,2026,SP,UNNAMED,2026-03-04 00:00:00,NR,-14.2,150.8, ,35,0,PROVISIONAL
2026063S14151,2026,SP,UNNAMED,2026-03-04 03:00:00,NR,-14.3,150.8, ,35,0,PROVISIONAL
2026063S14151,2026,SP,UNNAMED,2026-03-04 06:00:00,NR,-14.4,150.7, ,35,0,PROVISIONAL
2026063S14151,2026,SP,UNNAMED,2026-03-04 09:00:00,NR,-14.7,150.5, ,35,0,PROVISIONAL
2026063S14151,2026,SP,UNNAMED,2026-03-04 12:00:00,NR,-14.9,150.3, ,35,0,PROVISIONAL
2026063S14151,2026,SP,UNNAMED,2026-03-04 15:00:00,NR,-15.0,150.1, ,35,0,PROVISIONAL
2026063S14151,2026,SP,UNNAMED,2026-03-04 18:00:00,NR,-15.1,149.9, ,35,0,PROVISIONAL
2026063S14151,2026,SP,UNNAMED,2026-03-04 21:00:00,NR,-15.4,149.5, ,32,-1,PROVISIONAL
2026063S14151,2026,SP,UNNAMED,2026-03-05 00:00:00,NR,-15.7,148.9, ,29,-1,PROVISIONAL
2026063S14151,2026,SP,UNNAMED,2026-03-05 03:00:00,NR,-16.0,148.2, ,29,-1,PROVISIONAL
2026063S14151,2026,SP,UNNAMED,2026-03-05 06:00:00,NR,-16.1,147.5, ,29,-1,PROVISIONAL
2026063S14151,2026,SP,UNNAMED,2026-03-05 09:00:00,NR,-16.1,147.1, ,29,-1,PROVISIONAL
2026063S14151,2026,SP,UNNAMED,2026-03-05 12:00:00,NR,-16.0,146.9, ,29,-1,PROVISIONAL
2026063S14151,2026,SP,UNNAMED,2026-03-05 15:00:00,NR,-16.1,146.8, ,27,-1,PROVISIONAL
2026063S14151,2026,SP,UNNAMED,2026-03-05 18:00:00,NR,-16.2,146.8, ,25,-1,PROVISIONAL
2026063S14151,2026,SP,UNNAMED,2026-03-05 21:00:00,NR,-16.3,146.5, ,25,-1,PROVISIONAL
2026063S14151,2026,SP,UNNAMED,2026-03-06 00:00:00,NR,-16.5,146.2, ,25,-1,PROVISIONAL
2026063S14151,2026,SP,UNNAMED,2026-03-06 03:00:00,NR,-17.0,146.1, ,25,-1,PROVISIONAL
2026063S14151,2026,SP,UNNAMED,2026-03-06 06:00:00,NR,-17.7,146.0, ,25,-1,PROVISIONAL
2026063S14151,2026,SP,UNNAMED,2026-03-06 09:00:00,NR,-18.4,145.6, ,25,-1,PROVISIONAL
2026063S14151,2026,SP,UNNAMED,2026-03-06 12:00:00,NR,-18.9,145.1, ,25,-1,PROVISIONAL
2026063S14151,2026,SP,UNNAMED,2026-03-06 15:00:00,NR,-19.1,144.6, ,25,-1,PROVISIONAL
2026063S14151,2026,SP,UNNAMED,2026-03-06 18:00:00,NR,-19.3,143.9, ,25,-1,PROVISIONAL
2026063S14151,2026,SP,UNNAMED,2026-03-06 21:00:00,NR,-19.7,142.8, ,25,-1,PROVISIONAL
2026063S14151,2026,SP,UNNAMED,2026-03-07 00:00:00,NR,-19.9,141.8, ,25,-1,PROVISIONAL
2026063S14151,2026,SP,UNNAMED,2026-03-07 03:00:00,NR,-19.8,141.2, ,22,-1,PROVISIONAL
2026063S14151,2026,SP,UNNAMED,2026-03-07 06:00:00,NR,-19.6,140.8, ,19,-1,PROVISIONAL
2026063S14151,2026,SP,UNNAMED,2026-03-07 09:00:00,NR,-19.5,140.6, ,19,-1,PROVISIONAL
2026063S14151,2026,SP,UNNAMED,2026-03-07 12:00:00,NR,-19.5,140.6, ,19,-1,PROVISIONAL
2026063S14151,2026,SP,UNNAMED,2026-03-07 15:00:00,NR,-19.6,140.6, ,19,-1,PROVISIONAL
2026063S14151,2026,SP,UNNAMED,2026-03-07 18:00:00,NR,-19.8,140.7, ,19,-1,PROVISIONAL
2026076S12157,2026,SP,NARELLE,2026-03-17 00:00:00,NR,-12.3,156.6, ,39,0,PROVISIONAL
2026076S12157,2026,SP,NARELLE,2026-03-17 03:00:00,NR,-12.5,156.4, ,45,0,PROVISIONAL
2026076S12157,2026,SP,NARELLE,2026-03-17 06:00:00,NR,-12.6,156.2, ,51,0,PROVISIONAL
2026076S12157,2026,SP,NARELLE,2026-03-17 09:00:00,NR,-12.5,155.8, ,56,0,PROVISIONAL
2026076S12157,2026,SP,NARELLE,2026-03-17 12:00:00,NR,-12.4,155.3, ,60,0,PROVISIONAL
2026076S12157,2026,SP,NARELLE,2026-03-17 15:00:00,NR,-12.2,154.7, ,62,0,PROVISIONAL
2026076S12157,2026,SP,NARELLE,2026-03-17 18:00:00,NR,-12.1,154.1, ,64,1,PROVISIONAL
2026076S12157,2026,SP,NARELLE,2026-03-17 21:00:00,NR,-12.2,153.7, ,64,1,PROVISIONAL
2026076S12157,2026,SP,NARELLE,2026-03-18 00:00:00,NR,-12.4,153.3, ,64,1,PROVISIONAL
2026076S12157,2026,SP,NARELLE,2026-03-18 03:00:00,NR,-12.6,152.7, ,69,1,PROVISIONAL
2026076S12157,2026,SP,NARELLE,2026-03-18 06:00:00,NR,-12.7,152.0, ,74,1,PROVISIONAL
2026076S12157,2026,SP,NARELLE,2026-03-18 09:00:00,NR,-12.8,151.3, ,82,1,PROVISIONAL
2026076S12157,2026,SP,NARELLE,2026-03-18 12:00:00,NR,-13.0,150.6, ,89,2,PROVISIONAL
2026076S12157,2026,SP,NARELLE,2026-03-18 15:00:00,NR,-13.1,150.0, ,94,2,PROVISIONAL
2026076S12157,2026,SP,NARELLE,2026-03-18 18:00:00,NR,-13.3,149.3, ,99,3,PROVISIONAL
2026076S12157,2026,SP,NARELLE,2026-03-18 21:00:00,NR,-13.5,148.6, ,107,3,PROVISIONAL
2026076S12157,2026,SP,NARELLE,2026-03-19 00:00:00,NR,-13.6,147.8, ,115,4,PROVISIONAL
2026076S12157,2026,SP,NARELLE,2026-03-19 03:00:00,NR,-13.6,147.1, ,120,4,PROVISIONAL
2026076S12157,2026,SP,NARELLE,2026-03-19 06:00:00,NR,-13.6,146.5, ,124,4,PROVISIONAL
2026076S12157,2026,SP,NARELLE,2026-03-19 09:00:00,NR,-13.6,146.0, ,124,4,PROVISIONAL
2026076S12157,2026,SP,NARELLE,2026-03-19 12:00:00,NR,-13.6,145.4, ,124,4,PROVISIONAL
2026076S12157,2026,SP,NARELLE,2026-03-19 15:00:00,NR,-13.7,144.7, ,122,4,PROVISIONAL
2026076S12157,2026,SP,NARELLE,2026-03-19 18:00:00,NR,-13.8,144.0, ,119,4,PROVISIONAL
2026076S12157,2026,SP,NARELLE,2026-03-19 21:00:00,NR,-13.6,143.5, ,112,3,PROVISIONAL
2026076S12157,2026,SP,NARELLE,2026-03-20 00:00:00,NR,-13.4,143.0, ,105,3,PROVISIONAL
2026076S12157,2026,SP,NARELLE,2026-03-20 03:00:00,NR,-13.4,142.5, ,102,3,PROVISIONAL
2026076S12157,2026,SP,NARELLE,2026-03-20 06:00:00,NR,-13.4,142.0, ,99,3,PROVISIONAL
2026076S12157,2026,SP,NARELLE,2026-03-20 09:00:00,NR,-13.4,141.4, ,92,2,PROVISIONAL
2026076S12157,2026,SP,NARELLE,2026-03-20 12:00:00,NR,-13.4,140.8, ,84,2,PROVISIONAL
2026076S12157,2026,SP,NARELLE,2026-03-20 15:00:00,NR,-13.4,140.2, ,74,1,PROVISIONAL
2026076S12157,2026,SP,NARELLE,2026-03-20 18:00:00,NR,-13.3,139.6, ,64,1,PROVISIONAL
2026076S12157,2026,SP,NARELLE,2026-03-20 21:00:00,NR,-13.1,139.2, ,67,1,PROVISIONAL
2026076S12157,2026,SP,NARELLE,2026-03-21 00:00:00,NR,-12.9,138.8, ,70,1,PROVISIONAL
2026076S12157,2026,SP,NARELLE,2026-03-21 03:00:00,NR,-12.9,138.3, ,75,1,PROVISIONAL
2026076S12157,2026,SP,NARELLE,2026-03-21 06:00:00,NR,-13.0,137.8, ,80,1,PROVISIONAL
2026076S12157,2026,SP,NARELLE,2026-03-21 09:00:00,NR,-13.0,137.3, ,80,1,PROVISIONAL
2026076S12157,2026,SP,NARELLE,2026-03-21 12:00:00,NR,-13.1,136.8, ,80,1,PROVISIONAL
2026076S12157,2026,SP,NARELLE,2026-03-21 15:00:00,NR,-13.4,136.3, ,77,1,PROVISIONAL
2026076S12157,2026,SP,NARELLE,2026-03-21 18:00:00,NR,-13.6,135.7, ,74,1,PROVISIONAL
2026076S12157,2026,SI,NARELLE,2026-03-21 21:00:00,NR,-13.6,134.9, ,64,1,PROVISIONAL
2026076S12157,2026,SI,NARELLE,2026-03-22 00:00:00,NR,-13.6,134.1, ,54,0,PROVISIONAL
2026076S12157,2026,SI,NARELLE,2026-03-22 03:00:00,NR,-13.7,133.5, ,47,0,PROVISIONAL
2026076S12157,2026,SI,NARELLE,2026-03-22 06:00:00,NR,-13.8,132.9, ,39,0,PROVISIONAL
2026076S12157,2026,SI,NARELLE,2026-03-22 09:00:00,NR,-13.9,132.2, ,37,0,PROVISIONAL
2026076S12157,2026,SI,NARELLE,2026-03-22 12:00:00,NR,-14.1,131.5, ,35,0,PROVISIONAL
2026076S12157,2026,SI,NARELLE,2026-03-22 15:00:00,NR,-14.2,130.8, ,35,0,PROVISIONAL
2026076S12157,2026,SI,NARELLE,2026-03-22 18:00:00,NR,-14.3,130.1, ,35,0,PROVISIONAL
2026076S12157,2026,SI,NARELLE,2026-03-22 21:00:00,NR,-14.4,129.6, ,35,0,PROVISIONAL
2026076S12157,2026,SI,NARELLE,2026-03-23 00:00:00,NR,-14.5,129.2, ,35,0,PROVISIONAL
2026076S12157,2026,SI,NARELLE,2026-03-23 03:00:00,NR,-14.6,128.7, ,37,0,PROVISIONAL
2026076S12157,2026,SI,NARELLE,2026-03-23 06:00:00,NR,-14.7,128.1, ,39,0,PROVISIONAL
2026076S12157,2026,SI,NARELLE,2026-03-23 09:00:00,NR,-14.9,127.4, ,37,0,PROVISIONAL
2026076S12157,2026,SI,NARELLE,2026-03-23 12:00:00,NR,-15.1,126.8, ,35,0,PROVISIONAL
2026076S12157,2026,SI,NARELLE,2026-03-23 15:00:00,NR,-15.3,126.3, ,35,0,PROVISIONAL
2026076S12157,2026,SI,NARELLE,2026-03-23 18:00:00,NR,-15.5,125.8, ,35,0,PROVISIONAL
2026076S12157,2026,SI,NARELLE,2026-03-23 21:00:00,NR,-15.7,125.3, ,35,0,PROVISIONAL
2026076S12157,2026,SI,NARELLE,2026-03-24 00:00:00,NR,-15.8,124.8, ,35,0,PROVISIONAL
2026076S12157,2026,SI,NARELLE,2026-03-24 03:00:00,NR,-15.9,124.1, ,37,0,PROVISIONAL
2026076S12157,2026,SI,NARELLE,2026-03-24 06:00:00,NR,-16.0,123.4, ,39,0,PROVISIONAL
2026076S12157,2026,SI,NARELLE,2026-03-24 09:00:00,NR,-16.2,122.9, ,42,0,PROVISIONAL
2026076S12157,2026,SI,NARELLE,2026-03-24 12:00:00,NR,-16.4,122.4, ,45,0,PROVISIONAL
2026076S12157,2026,SI,NARELLE,2026-03-24 15:00:00,NR,-16.7,122.0, ,48,0,PROVISIONAL
2026076S12157,2026,SI,NARELLE,2026-03-24 18:00:00,NR,-17.0,121.5, ,51,0,PROVISIONAL
2026076S12157,2026,SI,NARELLE,2026-03-24 21:00:00,NR,-17.2,120.8, ,53,0,PROVISIONAL
2026076S12157,2026,SI,NARELLE,2026-03-25 00:00:00,NR,-17.4,120.0, ,54,0,PROVISIONAL
2026076S12157,2026,SI,NARELLE,2026-03-25 03:00:00,NR,-17.6,119.5, ,62,0,PROVISIONAL
2026076S12157,2026,SI,NARELLE,2026-03-25 06:00:00,NR,-17.8,119.0, ,70,1,PROVISIONAL
2026076S12157,2026,SI,NARELLE,2026-03-25 09:00:00,NR,-17.9,118.4, ,80,1,PROVISIONAL
2026076S12157,2026,SI,NARELLE,2026-03-25 12:00:00,NR,-17.9,117.9, ,89,2,PROVISIONAL
2026076S12157,2026,SI,NARELLE,2026-03-25 15:00:00,NR,-18.1,117.5, ,97,3,PROVISIONAL
2026076S12157,2026,SI,NARELLE,2026-03-25 18:00:00,NR,-18.3,117.2, ,105,3,PROVISIONAL
2026076S12157,2026,SI,NARELLE,2026-03-25 21:00:00,NR,-18.6,116.8, ,105,3,PROVISIONAL
2026076S12157,2026,SI,NARELLE,2026-03-26 00:00:00,NR,-18.9,116.3, ,105,3,PROVISIONAL
2026076S12157,2026,SI,NARELLE,2026-03-26 03:00:00,NR,-19.2,115.8, ,107,3,PROVISIONAL
2026076S12157,2026,SI,NARELLE,2026-03-26 06:00:00,NR,-19.6,115.4, ,109,3,PROVISIONAL
2026076S12157,2026,SI,NARELLE,2026-03-26 09:00:00,NR,-20.0,115.0, ,112,3,PROVISIONAL
2026076S12157,2026,SI,NARELLE,2026-03-26 12:00:00,NR,-20.4,114.6, ,115,4,PROVISIONAL
2026076S12157,2026,SI,NARELLE,2026-03-26 15:00:00,NR,-20.7,114.3, ,112,3,PROVISIONAL
2026076S12157,2026,SI,NARELLE,2026-03-26 18:00:00,NR,-21.1,114.0, ,109,3,PROVISIONAL
2026076S12157,2026,SI,NARELLE,2026-03-26 21:00:00,NR,-21.7,113.7, ,104,3,PROVISIONAL
2026076S12157,2026,SI,NARELLE,2026-03-27 00:00:00,NR,-22.4,113.6, ,99,3,PROVISIONAL
2026076S12157,2026,SI,NARELLE,2026-03-27 03:00:00,NR,-23.0,113.6, ,92,2,PROVISIONAL
2026076S12157,2026,SI,NARELLE,2026-03-27 06:00:00,NR,-23.6,113.7, ,84,2,PROVISIONAL
2026076S12157,2026,SI,NARELLE,2026-03-27 09:00:00,NR,-24.5,113.9, ,74,1,PROVISIONAL
2026076S12157,2026,SI,NARELLE,2026-03-27 12:00:00,NR,-25.4,114.2, ,64,1,PROVISIONAL
2026076S12157,2026,SI,NARELLE,2026-03-27 15:00:00,NR,-26.2,114.6, ,52,0,PROVISIONAL
2026076S12157,2026,SI,NARELLE,2026-03-27 18:00:00,NR,-27.1,115.3, ,39,0,PROVISIONAL
2026076S12157,2026,SI,NARELLE,2026-03-27 21:00:00,NR,-28.5,116.2, ,37,0,PROVISIONAL
2026076S12157,2026,SI,NARELLE,2026-03-28 00:00:00,NR,-30.0,117.2, ,35,0,PROVISIONAL
2026076S12157,2026,SI,NARELLE,2026-03-28 03:00:00,NR,-31.2,118.1, ,32,-1,PROVISIONAL
2026076S12157,2026,SI,NARELLE,2026-03-28 06:00:00,NR,-32.3,119.0, ,29,-1,PROVISIONAL
1989346S10133,1990,SI,FELICITY,1989-12-12 06:00:00,NR,-10.0,132.7, ,25,-1,main
1989346S10133,1990,SI,FELICITY,1989-12-12 09:00:00,NR,-10.3,132.8, ,25,-1,main
1989346S10133,1990,SI,FELICITY,1989-12-12 12:00:00,NR,-10.6,132.9, ,25,-1,main
1989346S10133,1990,SI,FELICITY,1989-12-12 15:00:00,NR,-10.8,133.0, ,25,-1,main
1989346S10133,1990,SI,FELICITY,1989-12-12 18:00:00,NR,-11.1,133.2, ,25,-1,main
1989346S10133,1990,SI,FELICITY,1989-12-12 21:00:00,NR,-11.4,133.4, ,25,-1,main
1989346S10133,1990,SI,FELICITY,1989-12-13 00:00:00,TS,-11.7,133.8,25,25,-1,main
1989346S10133,1990,SI,FELICITY,1989-12-13 03:00:00,TS,-12.0,134.0, ,25,-1,main
1989346S10133,1990,SI,FELICITY,1989-12-13 06:00:00,TS,-12.3,134.0,25,25,-1,main
1989346S10133,1990,SI,FELICITY,1989-12-13 09:00:00,TS,-12.6,134.1, ,25,-1,main
1989346S10133,1990,SI,FELICITY,1989-12-13 12:00:00,TS,-13.1,134.3,25,25,-1,main
1989346S10133,1990,SI,FELICITY,1989-12-13 15:00:00,TS,-13.5,134.5, ,25,-1,main
1989346S10133,1990,SI,FELICITY,1989-12-13 18:00:00,TS,-13.9,134.9,25,25,-1,main
1989346S10133,1990,SP,FELICITY,1989-12-13 21:00:00,TS,-14.2,135.1, ,25,-1,main
1989346S10133,1990,SP,FELICITY,1989-12-14 00:00:00,TS,-14.5,135.4,25,25,-1,main
1989346S10133,1990,SP,FELICITY,1989-12-14 03:00:00,TS,-14.6,135.8, ,25,-1,main
1989346S10133,1990,SP,FELICITY,1989-12-14 06:00:00,TS,-14.8,136.2,25,25,-1,main
1989346S10133,1990,SP,FELICITY,1989-12-14 09:00:00,TS,-15.0,136.6, ,25,-1,main
1989346S10133,1990,SP,FELICITY,1989-12-14 12:00:00,TS,-15.2,137.0,30,25,-1,main
1989346S10133,1990,SP,FELICITY,1989-12-14 15:00:00,TS,-15.4,137.5, ,28,-1,main
1989346S10133,1990,SP,FELICITY,1989-12-14 18:00:00,TS,-15.5,138.0,40,30,-1,main
1989346S10133,1990,SP,FELICITY,1989-12-14 21:00:00,TS,-15.7,138.5, ,40,0,main
1989346S10133,1990,SP,FELICITY,1989-12-15 00:00:00,TS,-15.8,139.1,50,50,0,main
1989346S10133,1990,SP,FELICITY,1989-12-15 03:00:00,TS,-16.0,139.8, ,55,0,main
1989346S10133,1990,SP,FELICITY,1989-12-15 06:00:00,TS,-16.2,140.5,65,60,0,main
1989346S10133,1990,SP,FELICITY,1989-12-15 09:00:00,TS,-16.5,141.1,75,60,0,main
1989346S10133,1990,SP,FELICITY,1989-12-15 10:30:00,TS,-16.6,141.4,75,60,0,main
1989346S10133,1990,SP,FELICITY,1989-12-15 12:00:00,TS,-16.7,141.6,65,60,0,main
1989346S10133,1990,SP,FELICITY,1989-12-15 15:00:00,TS,-16.9,142.2, ,53,0,main
1989346S10133,1990,SP,FELICITY,1989-12-15 18:00:00,TS,-17.2,142.7,40,45,0,main
1989346S10133,1990,SP,FELICITY,1989-12-15 21:00:00,TS,-17.3,143.3, ,38,0,main
1989346S10133,1990,SP,FELICITY,1989-12-16 00:00:00,TS,-17.3,144.0,25,30,-1,main
1989346S10133,1990,SP,FELICITY,1989-12-16 03:00:00,TS,-17.3,144.8, ,28,-1,main
1989346S10133,1990,SP,FELICITY,1989-12-16 06:00:00,TS,-17.3,145.6,25,25,-1,main
1989346S10133,1990,SP,FELICITY,1989-12-16 09:00:00,TS,-17.3,146.4, ,30,-1,main
1989346S10133,1990,SP,FELICITY,1989-12-16 12:00:00,TS,-17.3,147.1,45,35,0,main
1989346S10133,1990,SP,FELICITY,1989-12-16 15:00:00,TS,-17.2,147.9, ,38,0,main
1989346S10133,1990,SP,FELICITY,1989-12-16 18:00:00,TS,-17.1,148.5,45,40,0,main
1989346S10133,1990,SP,FELICITY,1989-12-16 21:00:00,TS,-16.9,148.9, ,43,0,main
1989346S10133,1990,SP,FELICITY,1989-12-17 00:00:00,TS,-16.8,149.3,60,45,0,main
1989346S10133,1990,SP,FELICITY,1989-12-17 03:00:00,TS,-16.6,149.7, ,48,0,main
1989346S10133,1990,SP,FELICITY,1989-12-17 06:00:00,TS,-16.3,150.2,60,50,0,main
1989346S10133,1990,SP,FELICITY,1989-12-17 09:00:00,TS,-16.2,150.6, ,53,0,main
1989346S10133,1990,SP,FELICITY,1989-12-17 12:00:00,TS,-16.0,151.0,55,55,0,main
1989346S10133,1990,SP,FELICITY,1989-12-17 15:00:00,TS,-15.8,151.5, ,53,0,main
1989346S10133,1990,SP,FELICITY,1989-12-17 18:00:00,TS,-15.6,152.2,55,50,0,main
1989346S10133,1990,SP,FELICITY,1989-12-17 21:00:00,TS,-15.4,152.9, ,48,0,main
1989346S10133,1990,SP,FELICITY,1989-12-18 00:00:00,TS,-15.4,153.6,50,45,0,main
1989346S10133,1990,SP,FELICITY,1989-12-18 03:00:00,TS,-15.5,154.4, ,43,0,main
1989346S10133,1990,SP,FELICITY,1989-12-18 06:00:00,TS,-15.8,155.1,35,40,0,main
1989346S10133,1990,SP,FELICITY,1989-12-18 09:00:00,TS,-16.0,155.7, ,38,0,main
1989346S10133,1990,SP,FELICITY,1989-12-18 12:00:00,TS,-16.3,156.3,30,35,0,main
1989346S10133,1990,SP,FELICITY,1989-12-18 15:00:00,TS,-16.6,156.9, ,33,-1,main
1989346S10133,1990,SP,FELICITY,1989-12-18 18:00:00,TS,-16.9,157.6,25,30,-1,main
1989346S10133,1990,SP,FELICITY,1989-12-18 21:00:00,TS,-17.2,158.2, ,30,-1,main
1989346S10133,1990,SP,FELICITY,1989-12-19 00:00:00,TS,-17.6,158.7,25,30,-1,main
1989346S10133,1990,SP,FELICITY,1989-12-19 03:00:00,TS,-18.2,159.1, ,30,-1,main
1989346S10133,1990,SP,FELICITY,1989-12-19 06:00:00,TS,-18.9,159.5,25,30,-1,main
1989346S10133,1990,SP,FELICITY,1989-12-19 09:00:00,TS,-19.4,159.9, ,30,-1,main
1989346S10133,1990,SP,FELICITY,1989-12-19 12:00:00,TS,-19.8,160.3,40,30,-1,main
1989346S10133,1990,SP,FELICITY,1989-12-19 15:00:00,NR,-20.4,160.7, ,28,-1,main
1989346S10133,1990,SP,FELICITY,1989-12-19 18:00:00,NR,-21.0,160.9,35,25,-1,main
1989346S10133,1990,SP,FELICITY,1989-12-19 21:00:00,NR,-21.6,161.1, ,25,-1,main
1989346S10133,1990,SP,FELICITY,1989-12-20 00:00:00,NR,-22.1,161.2,30,25,-1,main
1989346S10133,1990,SP,FELICITY,1989-12-20 03:00:00,NR,-22.7,161.2, , ,-5,main
1989346S10133,1990,SP,FELICITY,1989-12-20 06:00:00,NR,-23.1,161.5,30, ,-5,main
1989346S10133,1990,SP,FELICITY,1989-12-20 09:00:00,NR,-23.5,161.7, , ,-5,main
1989346S10133,1990,SP,FELICITY,1989-12-20 12:00:00,NR,-24.0,162.0,30, ,-5,main
1989346S10133,1990,SP,FELICITY,1989-12-20 15:00:00,NR,-24.6,162.3, , ,-5,main
1989346S10133,1990,SP,FELICITY,1989-12-20 18:00:00,NR,-25.3,162.7,30, ,-5,main
1989346S10133,1990,SP,FELICITY,1989-12-20 21:00:00,NR,-26.2,163.3, , ,-5,main
1989346S10133,1990,SP,FELICITY,1989-12-21 00:00:00,NR,-27.0,164.0,30, ,-5,main
1989346S10133,1990,SP,FELICITY,1989-12-21 03:00:00,NR,-27.6,164.6, , ,-5,main
1989346S10133,1990,SP,FELICITY,1989-12-21 06:00:00,NR,-28.0,165.1,30, ,-5,main
1989346S10133,1990,SP,FELICITY,1989-12-21 09:00:00,NR,-28.4,165.6, , ,-5,main
1989346S10133,1990,SP,FELICITY,1989-12-21 12:00:00,NR,-28.8,166.2,30, ,-5,main
1989346S10133,1990,SP,FELICITY,1989-12-21 15:00:00,NR,-29.3,166.8, , ,-5,main
1989346S10133,1990,SP,FELICITY,1989-12-21 18:00:00,NR,-29.7,167.5,30, ,-5,main
1989346S10133,1990,SP,FELICITY,1989-12-21 21:00:00,NR,-30.0,168.3, , ,-5,main
1989346S10133,1990,SP,FELICITY,1989-12-22 00:00:00,NR,-30.3,169.1,25, ,-5,main
1991046S18150,1991,SP,DAPHNE,1991-02-15 00:00:00,TS,-17.5,150.0, ,15,-1,main
1991046S18150,1991,SP,DAPHNE,1991-02-15 03:00:00,TS,-17.5,149.8, ,15,-1,main
1991046S18150,1991,SP,DAPHNE,1991-02-15 06:00:00,TS,-17.5,149.5, ,15,-1,main
1991046S18150,1991,SP,DAPHNE,1991-02-15 09:00:00,TS,-17.5,149.3, ,18,-1,main
1991046S18150,1991,SP,DAPHNE,1991-02-15 12:00:00,TS,-17.5,149.0, ,20,-1,main
1991046S18150,1991,SP,DAPHNE,1991-02-15 15:00:00,TS,-17.5,148.8, ,20,-1,main
1991046S18150,1991,SP,DAPHNE,1991-02-15 18:00:00,TS,-17.5,148.5, ,20,-1,main
1991046S18150,1991,SP,DAPHNE,1991-02-15 21:00:00,TS,-17.5,148.2, ,20,-1,main
1991046S18150,1991,SP,DAPHNE,1991-02-16 00:00:00,TS,-17.5,148.0, ,20,-1,main
1991046S18150,1991,SP,DAPHNE,1991-02-16 03:00:00,TS,-17.5,147.8, ,23,-1,main
1991046S18150,1991,SP,DAPHNE,1991-02-16 06:00:00,TS,-17.6,147.5, ,25,-1,main
1991046S18150,1991,SP,DAPHNE,1991-02-16 09:00:00,TS,-17.6,147.2, ,25,-1,main
1991046S18150,1991,SP,DAPHNE,1991-02-16 12:00:00,TS,-17.7,147.0, ,25,-1,main
1991046S18150,1991,SP,DAPHNE,1991-02-16 15:00:00,TS,-17.9,146.8, ,25,-1,main
1991046S18150,1991,SP,DAPHNE,1991-02-16 18:00:00,TS,-18.0,146.5, ,25,-1,main
1991046S18150,1991,SP,DAPHNE,1991-02-16 21:00:00,TS,-18.0,146.3, ,28,-1,main
1991046S18150,1991,SP,DAPHNE,1991-02-17 00:00:00,TS,-18.0,146.0, ,30,-1,main
1991046S18150,1991,SP,DAPHNE,1991-02-17 03:00:00,TS,-18.0,145.7, ,30,-1,main
1991046S18150,1991,SP,DAPHNE,1991-02-17 06:00:00,TS,-18.1,145.4, ,30,-1,main
1991046S18150,1991,SP,DAPHNE,1991-02-17 09:00:00,TS,-18.2,145.1, ,30,-1,main
1991046S18150,1991,SP,DAPHNE,1991-02-17 12:00:00,TS,-18.3,144.8, ,30,-1,main
1991046S18150,1991,SP,DAPHNE,1991-02-17 15:00:00,TS,-18.3,144.5, ,28,-1,main
1991046S18150,1991,SP,DAPHNE,1991-02-17 18:00:00,TS,-18.4,144.0, ,25,-1,main
1991046S18150,1991,SP,DAPHNE,1991-02-17 21:00:00,TS,-18.5,143.4, ,23,-1,main
1991046S18150,1991,SP,DAPHNE,1991-02-18 00:00:00,TS,-18.6,142.7, ,20,-1,main
1991046S18150,1991,SP,DAPHNE,1991-02-18 03:00:00,TS,-18.6,142.0, ,20,-1,main
1991046S18150,1991,SP,DAPHNE,1991-02-18 06:00:00,TS,-18.6,141.2, ,20,-1,main
1991046S18150,1991,SP,DAPHNE,1991-02-18 09:00:00,TS,-18.6,140.4, ,18,-1,main
1991046S18150,1991,SP,DAPHNE,1991-02-18 12:00:00,TS,-18.6,139.6, ,15,-1,main
1991046S18150,1991,SP,DAPHNE,1991-02-18 15:00:00,TS,-18.6,138.8, ,15,-1,main
1991046S18150,1991,SP,DAPHNE,1991-02-18 18:00:00,TS,-18.6,138.1, ,15,-1,main
1991046S18150,1991,SP,DAPHNE,1991-02-18 21:00:00,TS,-18.6,137.4, ,15,-1,main
1991046S18150,1991,SP,DAPHNE,1991-02-19 00:00:00,TS,-18.6,136.8, ,15,-1,main
1991046S18150,1991,SP,DAPHNE,1991-02-19 03:00:00,TS,-18.6,136.2, ,15,-1,main
1991046S18150,1991,SP,DAPHNE,1991-02-19 06:00:00,TS,-18.6,135.6, ,15,-1,main
1991046S18150,1991,SI,DAPHNE,1991-02-19 09:00:00,TS,-18.6,135.0, ,15,-1,main
1991046S18150,1991,SI,DAPHNE,1991-02-19 12:00:00,TS,-18.6,134.3, ,15,-1,main
1991046S18150,1991,SI,DAPHNE,1991-02-19 15:00:00,TS,-18.6,133.6, ,15,-1,main
1991046S18150,1991,SI,DAPHNE,1991-02-19 18:00:00,TS,-18.6,133.0, ,15,-1,main
1991046S18150,1991,SI,DAPHNE,1991-02-19 21:00:00,TS,-18.6,132.4, ,18,-1,main
1991046S18150,1991,SI,DAPHNE,1991-02-20 00:00:00,TS,-18.6,131.8, ,20,-1,main
1991046S18150,1991,SI,DAPHNE,1991-02-20 03:00:00,TS,-18.6,131.2, ,20,-1,main
1991046S18150,1991,SI,DAPHNE,1991-02-20 06:00:00,TS,-18.6,130.6, ,20,-1,main
1991046S18150,1991,SI,DAPHNE,1991-02-20 09:00:00,TS,-18.6,130.0, ,20,-1,main
1991046S18150,1991,SI,DAPHNE,1991-02-20 12:00:00,TS,-18.6,129.5, ,20,-1,main
1991046S18150,1991,SI,DAPHNE,1991-02-20 15:00:00,TS,-18.6,129.0, ,20,-1,main
1991046S18150,1991,SI,DAPHNE,1991-02-20 18:00:00,TS,-18.6,128.4, ,20,-1,main
1991046S18150,1991,SI,DAPHNE,1991-02-20 21:00:00,TS,-18.6,127.9, ,20,-1,main
1991046S18150,1991,SI,DAPHNE,1991-02-21 00:00:00,TS,-18.5,127.4,20,20,-1,main
1991046S18150,1991,SI,DAPHNE,1991-02-21 03:00:00,TS,-18.5,126.8, ,23,-1,main
1991046S18150,1991,SI,DAPHNE,1991-02-21 06:00:00,TS,-18.5,126.2,20,25,-1,main
1991046S18150,1991,SI,DAPHNE,1991-02-21 09:00:00,TS,-18.5,125.6, ,25,-1,main
1991046S18150,1991,SI,DAPHNE,1991-02-21 12:00:00,TS,-18.5,124.9,20,25,-1,main
1991046S18150,1991,SI,DAPHNE,1991-02-21 15:00:00,TS,-18.5,124.1, ,25,-1,main
1991046S18150,1991,SI,DAPHNE,1991-02-21 18:00:00,TS,-18.5,123.4,25,25,-1,main
1991046S18150,1991,SI,DAPHNE,1991-02-21 21:00:00,TS,-18.5,122.8, ,28,-1,main
1991046S18150,1991,SI,DAPHNE,1991-02-22 00:00:00,TS,-18.6,122.2,30,30,-1,main
1991046S18150,1991,SI,DAPHNE,1991-02-22 03:00:00,TS,-18.7,121.6,35,30,-1,main
1991046S18150,1991,SI,DAPHNE,1991-02-22 06:00:00,TS,-18.8,121.0,40,30,-1,main
1991046S18150,1991,SI,DAPHNE,1991-02-22 09:00:00,TS,-19.0,120.4,45,33,-1,main
1991046S18150,1991,SI,DAPHNE,1991-02-22 12:00:00,TS,-19.2,119.9,45,35,0,main
1991046S18150,1991,SI,DAPHNE,1991-02-22 15:00:00,TS,-19.3,119.3,50,38,0,main
1991046S18150,1991,SI,DAPHNE,1991-02-22 18:00:00,TS,-19.4,118.6,50,40,0,main
1991046S18150,1991,SI,DAPHNE,1991-02-22 21:00:00,TS,-19.5,118.0,50,45,0,main
1991046S18150,1991,SI,DAPHNE,1991-02-23 00:00:00,TS,-19.6,117.4,55,50,0,main
1991046S18150,1991,SI,DAPHNE,1991-02-23 03:00:00,TS,-19.8,116.7,55,53,0,main
1991046S18150,1991,SI,DAPHNE,1991-02-23 06:00:00,TS,-20.1,116.0,60,55,0,main
1991046S18150,1991,SI,DAPHNE,1991-02-23 09:00:00,TS,-20.3,115.3,60,55,0,main
1991046S18150,1991,SI,DAPHNE,1991-02-23 12:00:00,TS,-20.3,114.7,60,55,0,main
1991046S18150,1991,SI,DAPHNE,1991-02-23 15:00:00,TS,-20.4,114.1,55,58,0,main
1991046S18150,1991,SI,DAPHNE,1991-02-23 18:00:00,TS,-20.5,113.6,50,60,0,main
1991046S18150,1991,SI,DAPHNE,1991-02-23 21:00:00,TS,-20.5,113.2,50,60,0,main
1991046S18150,1991,SI,DAPHNE,1991-02-24 00:00:00,TS,-20.5,112.9,45,60,0,main
1991046S18150,1991,SI,DAPHNE,1991-02-24 03:00:00,TS,-20.5,112.6, ,58,0,main
1991046S18150,1991,SI,DAPHNE,1991-02-24 06:00:00,TS,-20.5,112.4,40,55,0,main
1991046S18150,1991,SI,DAPHNE,1991-02-24 09:00:00,TS,-20.4,112.3, ,53,0,main
1991046S18150,1991,SI,DAPHNE,1991-02-24 12:00:00,TS,-20.4,112.2,40,50,0,main
1991046S18150,1991,SI,DAPHNE,1991-02-24 15:00:00,TS,-20.3,112.2, ,48,0,main
1991046S18150,1991,SI,DAPHNE,1991-02-24 18:00:00,TS,-20.2,112.2,35,45,0,main
1991046S18150,1991,SI,DAPHNE,1991-02-24 21:00:00,TS,-20.1,112.2, ,43,0,main
1991046S18150,1991,SI,DAPHNE,1991-02-25 00:00:00,TS,-20.1,112.3,35,40,0,main
1991046S18150,1991,SI,DAPHNE,1991-02-25 03:00:00,TS,-20.1,112.4, ,40,0,main
1991046S18150,1991,SI,DAPHNE,1991-02-25 06:00:00,TS,-20.2,112.5,35,40,0,main
1991046S18150,1991,SI,DAPHNE,1991-02-25 09:00:00,TS,-20.3,112.5, ,38,0,main
1991046S18150,1991,SI,DAPHNE,1991-02-25 12:00:00,TS,-20.5,112.4,35,35,0,main
1991046S18150,1991,SI,DAPHNE,1991-02-25 15:00:00,TS,-20.8,112.3, ,35,0,main
1991046S18150,1991,SI,DAPHNE,1991-02-25 18:00:00,TS,-21.0,112.1,35,35,0,main
1991046S18150,1991,SI,DAPHNE,1991-02-25 21:00:00,TS,-21.3,111.9, ,35,0,main
1991046S18150,1991,SI,DAPHNE,1991-02-26 00:00:00,TS,-21.6,111.6,30,35,0,main
1991046S18150,1991,SI,DAPHNE,1991-02-26 03:00:00,TS,-22.0,111.4, ,35,0,main
1991046S18150,1991,SI,DAPHNE,1991-02-26 06:00:00,TS,-22.4,111.2,30,35,0,main
1991046S18150,1991,SI,DAPHNE,1991-02-26 09:00:00,TS,-22.9,111.0, ,33,-1,main
1991046S18150,1991,SI,DAPHNE,1991-02-26 12:00:00,TS,-23.4,110.6,30,30,-1,main
1991046S18150,1991,SI,DAPHNE,1991-02-26 15:00:00,TS,-23.9,110.2, ,30,-1,main
1991046S18150,1991,SI,DAPHNE,1991-02-26 18:00:00,TS,-24.3,109.7,30,30,-1,main
1991046S18150,1991,SI,DAPHNE,1991-02-26 21:00:00,TS,-24.6,109.1, ,28,-1,main
1991046S18150,1991,SI,DAPHNE,1991-02-27 00:00:00,TS,-24.8,108.6,25,25,-1,main
1991046S18150,1991,SI,DAPHNE,1991-02-27 03:00:00,TS,-24.9,108.0, , ,-5,main
1991046S18150,1991,SI,DAPHNE,1991-02-27 06:00:00,TS,-25.2,107.4,25, ,-5,main
1991046S18150,1991,SI,DAPHNE,1991-02-27 09:00:00,TS,-25.5,106.8, , ,-5,main
1991046S18150,1991,SI,DAPHNE,1991-02-27 12:00:00,TS,-25.8,106.1,25, ,-5,main
1991046S18150,1991,SI,DAPHNE,1991-02-27 15:00:00,TS,-26.1,105.4, , ,-5,main
1991046S18150,1991,SI,DAPHNE,1991-02-27 18:00:00,TS,-26.4,104.7,25, ,-5,main
1991046S18150,1991,SI,DAPHNE,1991-02-27 21:00:00,TS,-26.7,104.0, , ,-5,main
1991046S18150,1991,SI,DAPHNE,1991-02-28 00:00:00,TS,-27.1,103.4,25, ,-5,main
1991046S18150,1991,SI,DAPHNE,1991-02-28 03:00:00,TS,-27.5,102.8, , ,-5,main
1991046S18150,1991,SI,DAPHNE,1991-02-28 06:00:00,TS,-27.9,102.2,25, ,-5,main
1991046S18150,1991,SI,DAPHNE,1991-02-28 09:00:00,TS,-28.4,101.8, , ,-5,main
1991046S18150,1991,SI,DAPHNE,1991-02-28 12:00:00,TS,-28.9,101.5,25, ,-5,main
1992006S13134,1992,SI,MARK,1992-01-06 06:00:00,TS,-13.0,134.0, ,15,-1,main
1992006S13134,1992,SI,MARK,1992-01-06 09:00:00,TS,-13.1,134.2, ,18,-1,main
1992006S13134,1992,SI,MARK,1992-01-06 12:00:00,TS,-13.1,134.5, ,20,-1,main
1992006S13134,1992,SI,MARK,1992-01-06 15:00:00,TS,-13.1,134.8, ,20,-1,main
1992006S13134,1992,SP,MARK,1992-01-06 18:00:00,TS,-13.2,135.1, ,20,-1,main
1992006S13134,1992,SP,MARK,1992-01-06 21:00:00,TS,-13.3,135.5, ,20,-1,main
1992006S13134,1992,SP,MARK,1992-01-07 00:00:00,TS,-13.3,135.8,20,20,-1,main
1992006S13134,1992,SP,MARK,1992-01-07 03:00:00,TS,-13.3,136.1, ,23,-1,main
1992006S13134,1992,SP,MARK,1992-01-07 06:00:00,TS,-13.4,136.3,30,25,-1,main
1992006S13134,1992,SP,MARK,1992-01-07 09:00:00,TS,-13.4,136.4, ,25,-1,main
1992006S13134,1992,SP,MARK,1992-01-07 12:00:00,TS,-13.4,136.7,30,25,-1,main
1992006S13134,1992,SP,MARK,1992-01-07 15:00:00,TS,-13.6,136.9, ,25,-1,main
1992006S13134,1992,SP,MARK,1992-01-07 18:00:00,TS,-13.7,137.2,35,25,-1,main
1992006S13134,1992,SP,MARK,1992-01-07 21:00:00,TS,-13.8,137.5, ,28,-1,main
1992006S13134,1992,SP,MARK,1992-01-08 00:00:00,TS,-13.9,137.7,40,30,-1,main
1992006S13134,1992,SP,MARK,1992-01-08 03:00:00,TS,-14.0,137.9, ,30,-1,main
1992006S13134,1992,SP,MARK,1992-01-08 06:00:00,TS,-14.0,138.0,40,30,-1,main
1992006S13134,1992,SP,MARK,1992-01-08 09:00:00,TS,-14.0,138.2, ,33,-1,main
1992006S13134,1992,SP,MARK,1992-01-08 12:00:00,TS,-14.0,138.4,40,35,0,main
1992006S13134,1992,SP,MARK,1992-01-08 15:00:00,TS,-14.0,138.6, ,35,0,main
1992006S13134,1992,SP,MARK,1992-01-08 18:00:00,TS,-14.0,138.8,40,35,0,main
1992006S13134,1992,SP,MARK,1992-01-08 21:00:00,TS,-14.0,139.1, ,38,0,main
1992006S13134,1992,SP,MARK,1992-01-09 00:00:00,TS,-13.9,139.3,40,40,0,main
1992006S13134,1992,SP,MARK,1992-01-09 03:00:00,TS,-13.9,139.6, ,43,0,main
1992006S13134,1992,SP,MARK,1992-01-09 06:00:00,TS,-13.9,139.9,50,45,0,main
1992006S13134,1992,SP,MARK,1992-01-09 09:00:00,TS,-13.8,140.1, ,48,0,main
1992006S13134,1992,SP,MARK,1992-01-09 12:00:00,TS,-13.7,140.3,50,50,0,main
1992006S13134,1992,SP,MARK,1992-01-09 15:00:00,TS,-13.5,140.7, ,53,0,main
1992006S13134,1992,SP,MARK,1992-01-09 18:00:00,TS,-13.4,141.0,55,55,0,main
1992006S13134,1992,SP,MARK,1992-01-09 21:00:00,TS,-13.2,141.4, ,55,0,main
1992006S13134,1992,SP,MARK,1992-01-10 00:00:00,TS,-13.1,141.7,50,55,0,main
1992006S13134,1992,SP,MARK,1992-01-10 03:00:00,TS,-13.1,142.1, ,50,0,main
1992006S13134,1992,SP,MARK,1992-01-10 06:00:00,TS,-13.1,142.4,40,45,0,main
1992006S13134,1992,SP,MARK,1992-01-10 09:00:00,TS,-13.1,142.7, ,40,0,main
1992006S13134,1992,SP,MARK,1992-01-10 12:00:00,TS,-13.1,142.9,30,35,0,main
1992006S13134,1992,SP,MARK,1992-01-10 15:00:00,TS,-13.1,143.2, ,30,-1,main
1992006S13134,1992,SP,MARK,1992-01-10 18:00:00,TS,-13.2,143.5, ,25,-1,main
1992006S13134,1992,SP,MARK,1992-01-10 21:00:00,TS,-13.2,143.8, ,25,-1,main
1992006S13134,1992,SP,MARK,1992-01-11 00:00:00,TS,-13.3,144.0, ,25,-1,main
1992006S13134,1992,SP,MARK,1992-01-11 03:00:00,TS,-13.4,144.3, ,25,-1,main
1992006S13134,1992,SP,MARK,1992-01-11 06:00:00,TS,-13.5,144.5, ,25,-1,main
1992006S13134,1992,SP,MARK,1992-01-11 09:00:00,TS,-13.6,144.7, ,23,-1,main
1992006S13134,1992,SP,MARK,1992-01-11 12:00:00,TS,-13.7,145.0, ,20,-1,main
1996026S14143,1996,SP,JACOB,1996-01-25 12:00:00,TS,-14.0,142.7, ,15,-1,main
1996026S14143,1996,SP,JACOB,1996-01-25 15:00:00,TS,-14.0,142.6, ,15,-1,main
1996026S14143,1996,SP,JACOB,1996-01-25 18:00:00,TS,-14.0,142.4, ,15,-1,main
1996026S14143,1996,SP,JACOB,1996-01-25 21:00:00,TS,-14.0,142.2, ,15,-1,main
1996026S14143,1996,SP,JACOB,1996-01-26 00:00:00,TS,-14.0,142.0, ,15,-1,main
1996026S14143,1996,SP,JACOB,1996-01-26 03:00:00,TS,-14.0,141.7, ,18,-1,main
1996026S14143,1996,SP,JACOB,1996-01-26 06:00:00,TS,-14.0,141.3, ,20,-1,main
1996026S14143,1996,SP,JACOB,1996-01-26 09:00:00,TS,-14.0,141.1, ,20,-1,main
1996026S14143,1996,SP,JACOB,1996-01-26 12:00:00,TS,-14.0,140.9, ,20,-1,main
1996026S14143,1996,SP,JACOB,1996-01-26 15:00:00,TS,-14.0,140.7, ,20,-1,main
1996026S14143,1996,SP,JACOB,1996-01-26 18:00:00,TS,-14.0,140.5, ,20,-1,main
1996026S14143,1996,SP,JACOB,1996-01-26 21:00:00,TS,-14.0,140.4, ,20,-1,main
1996026S14143,1996,SP,JACOB,1996-01-27 00:00:00,TS,-14.0,140.2,25,20,-1,main
1996026S14143,1996,SP,JACOB,1996-01-27 03:00:00,TS,-14.1,140.0, ,20,-1,main
1996026S14143,1996,SP,JACOB,1996-01-27 06:00:00,TS,-14.2,139.7,25,20,-1,main
1996026S14143,1996,SP,JACOB,1996-01-27 09:00:00,TS,-14.4,139.4, ,23,-1,main
1996026S14143,1996,SP,JACOB,1996-01-27 12:00:00,TS,-14.7,139.0,30,25,-1,main
1996026S14143,1996,SP,JACOB,1996-01-27 15:00:00,TS,-14.9,138.6, ,28,-1,main
1996026S14143,1996,SP,JACOB,1996-01-27 18:00:00,TS,-15.0,138.3,35,30,-1,main
1996026S14143,1996,SP,JACOB,1996-01-27 21:00:00,TS,-15.2,138.0, ,35,0,main
1996026S14143,1996,SP,JACOB,1996-01-28 00:00:00,TS,-15.3,137.7,40,40,0,main
1996026S14143,1996,SP,JACOB,1996-01-28 03:00:00,TS,-15.5,137.4, ,45,0,main
1996026S14143,1996,SP,JACOB,1996-01-28 06:00:00,TS,-15.6,137.1,45,50,0,main
1996026S14143,1996,SP,JACOB,1996-01-28 09:00:00,TS,-15.7,136.8, ,50,0,main
1996026S14143,1996,SP,JACOB,1996-01-28 12:00:00,TS,-15.8,136.5,40,50,0,main
1996026S14143,1996,SP,JACOB,1996-01-28 15:00:00,TS,-16.0,136.3, ,45,0,main
1996026S14143,1996,SP,JACOB,1996-01-28 18:00:00,TS,-16.2,136.0,30,40,0,main
1996026S14143,1996,SP,JACOB,1996-01-28 21:00:00,TS,-16.4,135.5, ,38,0,main
1996026S14143,1996,SP,JACOB,1996-01-29 00:00:00,TS,-16.6,135.0,20,35,0,main
1996026S14143,1996,SI,JACOB,1996-01-29 03:00:00,TS,-16.7,134.4, ,33,-1,main
1996026S14143,1996,SI,JACOB,1996-01-29 06:00:00,TS,-16.7,133.9,15,30,-1,main
1996026S14143,1996,SI,JACOB,1996-01-29 09:00:00,TS,-16.7,133.6, ,30,-1,main
1996026S14143,1996,SI,JACOB,1996-01-29 12:00:00,TS,-16.8,133.3,15,30,-1,main
1996026S14143,1996,SI,JACOB,1996-01-29 15:00:00,TS,-16.8,133.0, ,30,-1,main
1996026S14143,1996,SI,JACOB,1996-01-29 18:00:00,TS,-16.9,132.7,15,30,-1,main
1996026S14143,1996,SI,JACOB,1996-01-29 21:00:00,TS,-17.0,132.3, ,30,-1,main
1996026S14143,1996,SI,JACOB,1996-01-30 00:00:00,TS,-17.0,131.8,15,30,-1,main
1996026S14143,1996,SI,JACOB,1996-01-30 03:00:00,TS,-17.0,131.4, ,28,-1,main
1996026S14143,1996,SI,JACOB,1996-01-30 06:00:00,TS,-16.9,131.1,15,25,-1,main
1996026S14143,1996,SI,JACOB,1996-01-30 09:00:00,TS,-16.8,130.7, ,25,-1,main
1996026S14143,1996,SI,JACOB,1996-01-30 12:00:00,TS,-16.7,130.4,15,25,-1,main
1996026S14143,1996,SI,JACOB,1996-01-30 15:00:00,TS,-16.5,130.2, ,25,-1,main
1996026S14143,1996,SI,JACOB,1996-01-30 18:00:00,TS,-16.4,130.1,15,25,-1,main
1996026S14143,1996,SI,JACOB,1996-01-30 21:00:00,TS,-16.3,130.0, ,25,-1,main
1996026S14143,1996,SI,JACOB,1996-01-31 00:00:00,TS,-16.2,129.9,15,25,-1,main
1996026S14143,1996,SI,JACOB,1996-01-31 03:00:00,TS,-16.1,129.7, ,25,-1,main
1996026S14143,1996,SI,JACOB,1996-01-31 06:00:00,TS,-16.0,129.5,15,25,-1,main
1996026S14143,1996,SI,JACOB,1996-01-31 09:00:00,TS,-15.9,129.3, ,25,-1,main
1996026S14143,1996,SI,JACOB,1996-01-31 12:00:00,TS,-15.7,129.1,15,25,-1,main
1996026S14143,1996,SI,JACOB,1996-01-31 15:00:00,TS,-15.5,128.8, ,25,-1,main
1996026S14143,1996,SI,JACOB,1996-01-31 18:00:00,TS,-15.3,128.5,15,25,-1,main
1996026S14143,1996,SI,JACOB,1996-01-31 21:00:00,TS,-15.0,128.3, ,25,-1,main
1996026S14143,1996,SI,JACOB,1996-02-01 00:00:00,TS,-14.8,128.0,20,25,-1,main
1996026S14143,1996,SI,JACOB,1996-02-01 03:00:00,TS,-14.6,127.7, ,25,-1,main
1996026S14143,1996,SI,JACOB,1996-02-01 06:00:00,TS,-14.4,127.4,20,25,-1,main
1996026S14143,1996,SI,JACOB,1996-02-01 09:00:00,TS,-14.2,127.0, ,28,-1,main
1996026S14143,1996,SI,JACOB,1996-02-01 12:00:00,TS,-14.0,126.5,30,30,-1,main
1996026S14143,1996,SI,JACOB,1996-02-01 13:00:00,TS,-14.0,126.3,30,30,-1,main
1996026S14143,1996,SI,JACOB,1996-02-01 15:00:00,TS,-14.0,125.9, ,30,-1,main
1996026S14143,1996,SI,JACOB,1996-02-01 16:00:00,TS,-14.0,125.6,30,30,-1,main
1996026S14143,1996,SI,JACOB,1996-02-01 18:00:00,TS,-14.1,125.3,35,30,-1,main
1996026S14143,1996,SI,JACOB,1996-02-01 19:00:00,TS,-14.2,125.1,35,31,-1,main
1996026S14143,1996,SI,JACOB,1996-02-01 21:00:00,TS,-14.4,124.7, ,33,-1,main
1996026S14143,1996,SI,JACOB,1996-02-01 22:00:00,TS,-14.5,124.6,35,33,-1,main
1996026S14143,1996,SI,JACOB,1996-02-02 00:00:00,TS,-14.7,124.2,40,35,0,main
1996026S14143,1996,SI,JACOB,1996-02-02 01:00:00,TS,-14.8,124.1,40,36,0,main
1996026S14143,1996,SI,JACOB,1996-02-02 03:00:00,TS,-15.0,123.6, ,38,0,main
1996026S14143,1996,SI,JACOB,1996-02-02 04:00:00,TS,-15.1,123.4,40,38,0,main
1996026S14143,1996,SI,JACOB,1996-02-02 06:00:00,TS,-15.4,123.2,50,40,0,main
1996026S14143,1996,SI,JACOB,1996-02-02 07:00:00,TS,-15.5,123.1,50,41,0,main
1996026S14143,1996,SI,JACOB,1996-02-02 09:00:00,TS,-15.7,122.7, ,43,0,main
1996026S14143,1996,SI,JACOB,1996-02-02 10:00:00,TS,-15.8,122.6,55,43,0,main
1996026S14143,1996,SI,JACOB,1996-02-02 12:00:00,TS,-16.0,122.2,60,45,0,main
1996026S14143,1996,SI,JACOB,1996-02-02 13:00:00,TS,-16.1,122.0,60,45,0,main
1996026S14143,1996,SI,JACOB,1996-02-02 15:00:00,TS,-16.3,121.6, ,45,0,main
1996026S14143,1996,SI,JACOB,1996-02-02 16:00:00,TS,-16.4,121.4,65,45,0,main
1996026S14143,1996,SI,JACOB,1996-02-02 18:00:00,TS,-16.5,121.0,65,45,0,main
1996026S14143,1996,SI,JACOB,1996-02-02 19:00:00,TS,-16.6,120.8,65,47,0,main
1996026S14143,1996,SI,JACOB,1996-02-02 21:00:00,TS,-16.8,120.4, ,50,0,main
1996026S14143,1996,SI,JACOB,1996-02-02 22:00:00,TS,-16.8,120.2,70,52,0,main
1996026S14143,1996,SI,JACOB,1996-02-03 00:00:00,TS,-16.9,119.9,70,55,0,main
1996026S14143,1996,SI,JACOB,1996-02-03 01:00:00,TS,-17.0,119.7,70,57,0,main
1996026S14143,1996,SI,JACOB,1996-02-03 03:00:00,TS,-17.1,119.4, ,60,0,main
1996026S14143,1996,SI,JACOB,1996-02-03 04:00:00,TS,-17.2,119.2,70,62,0,main
1996026S14143,1996,SI,JACOB,1996-02-03 06:00:00,TS,-17.3,118.9,70,65,1,main
1996026S14143,1996,SI,JACOB,1996-02-03 07:00:00,TS,-17.3,118.7,70,67,1,main
1996026S14143,1996,SI,JACOB,1996-02-03 09:00:00,TS,-17.4,118.4, ,70,1,main
1996026S14143,1996,SI,JACOB,1996-02-03 10:00:00,TS,-17.5,118.3,70,72,1,main
1996026S14143,1996,SI,JACOB,1996-02-03 12:00:00,TS,-17.6,118.1,70,75,1,main
1996026S14143,1996,SI,JACOB,1996-02-03 13:00:00,TS,-17.7,118.0,70,78,1,main
1996026S14143,1996,SI,JACOB,1996-02-03 15:00:00,TS,-17.8,117.7, ,83,2,main
1996026S14143,1996,SI,JACOB,1996-02-03 16:00:00,TS,-17.8,117.6,70,85,2,main
1996026S14143,1996,SI,JACOB,1996-02-03 18:00:00,TS,-17.9,117.4,75,90,2,main
1996026S14143,1996,SI,JACOB,1996-02-03 19:00:00,TS,-18.0,117.3,75,90,2,main
1996026S14143,1996,SI,JACOB,1996-02-03 21:00:00,TS,-18.1,117.1, ,90,2,main
1996026S14143,1996,SI,JACOB,1996-02-03 22:00:00,TS,-18.2,117.0,80,90,2,main
1996026S14143,1996,SI,JACOB,1996-02-04 00:00:00,TS,-18.3,116.8,80,90,2,main
1996026S14143,1996,SI,JACOB,1996-02-04 01:00:00,TS,-18.4,116.7,80,90,2,main
1996026S14143,1996,SI,JACOB,1996-02-04 03:00:00,TS,-18.5,116.5, ,90,2,main
1996026S14143,1996,SI,JACOB,1996-02-04 04:00:00,TS,-18.6,116.3,80,90,2,main
1996026S14143,1996,SI,JACOB,1996-02-04 06:00:00,TS,-18.8,116.1,80,90,2,main
1996026S14143,1996,SI,JACOB,1996-02-04 07:00:00,TS,-18.8,116.0,80,90,2,main
1996026S14143,1996,SI,JACOB,1996-02-04 09:00:00,TS,-19.0,115.7, ,90,2,main
1996026S14143,1996,SI,JACOB,1996-02-04 10:00:00,TS,-19.1,115.6,80,90,2,main
1996026S14143,1996,SI,JACOB,1996-02-04 12:00:00,TS,-19.3,115.3,80,90,2,main
1996026S14143,1996,SI,JACOB,1996-02-04 13:00:00,TS,-19.4,115.2,80,90,2,main
1996026S14143,1996,SI,JACOB,1996-02-04 15:00:00,TS,-19.6,114.8, ,90,2,main
1996026S14143,1996,SI,JACOB,1996-02-04 16:00:00,TS,-19.7,114.7,80,90,2,main
1996026S14143,1996,SI,JACOB,1996-02-04 18:00:00,TS,-19.9,114.3,80,90,2,main
1996026S14143,1996,SI,JACOB,1996-02-04 19:00:00,TS,-20.1,114.1,80,90,2,main
1996026S14143,1996,SI,JACOB,1996-02-04 21:00:00,TS,-20.3,113.8, ,90,2,main
1996026S14143,1996,SI,JACOB,1996-02-04 22:00:00,TS,-20.5,113.6,85,90,2,main
1996026S14143,1996,SI,JACOB,1996-02-05 00:00:00,TS,-20.8,113.3,85,90,2,main
1996026S14143,1996,SI,JACOB,1996-02-05 01:00:00,TS,-21.0,113.1,85,90,2,main
1996026S14143,1996,SI,JACOB,1996-02-05 03:00:00,TS,-21.4,112.7, ,90,2,main
1996026S14143,1996,SI,JACOB,1996-02-05 04:00:00,TS,-21.5,112.5,85,90,2,main
1996026S14143,1996,SI,JACOB,1996-02-05 06:00:00,TS,-21.8,112.1,85,90,2,main
1996026S14143,1996,SI,JACOB,1996-02-05 07:00:00,TS,-21.9,111.9,85,90,2,main
1996026S14143,1996,SI,JACOB,1996-02-05 09:00:00,TS,-22.1,111.6, ,90,2,main
1996026S14143,1996,SI,JACOB,1996-02-05 10:00:00,TS,-22.2,111.5,85,90,2,main
1996026S14143,1996,SI,JACOB,1996-02-05 12:00:00,TS,-22.4,111.2,85,90,2,main
1996026S14143,1996,SI,JACOB,1996-02-05 13:00:00,TS,-22.4,111.0,85,89,2,main
1996026S14143,1996,SI,JACOB,1996-02-05 15:00:00,TS,-22.6,110.8, ,88,2,main
1996026S14143,1996,SI,JACOB,1996-02-05 16:00:00,TS,-22.6,110.6,85,87,2,main
1996026S14143,1996,SI,JACOB,1996-02-05 18:00:00,TS,-22.7,110.4,75,85,2,main
1996026S14143,1996,SI,JACOB,1996-02-05 19:00:00,TS,-22.7,110.3,75,84,2,main
1996026S14143,1996,SI,JACOB,1996-02-05 21:00:00,TS,-22.8,110.1, ,83,2,main
1996026S14143,1996,SI,JACOB,1996-02-05 22:00:00,TS,-22.8,110.0,60,82,1,main
1996026S14143,1996,SI,JACOB,1996-02-06 00:00:00,TS,-22.9,109.8,55,80,1,main
1996026S14143,1996,SI,JACOB,1996-02-06 01:00:00,TS,-22.9,109.7,55,77,1,main
1996026S14143,1996,SI,JACOB,1996-02-06 03:00:00,TS,-23.0,109.6, ,70,1,main
1996026S14143,1996,SI,JACOB,1996-02-06 04:00:00,TS,-23.0,109.6,50,67,1,main
1996026S14143,1996,SI,JACOB,1996-02-06 06:00:00,TS,-23.1,109.5,50,60,0,main
1996026S14143,1996,SI,JACOB,1996-02-06 07:00:00,TS,-23.2,109.5,50,58,0,main
1996026S14143,1996,SI,JACOB,1996-02-06 09:00:00,TS,-23.3,109.5, ,55,0,main
1996026S14143,1996,SI,JACOB,1996-02-06 10:00:00,TS,-23.4,109.4,40,53,0,main
1996026S14143,1996,SI,JACOB,1996-02-06 12:00:00,TS,-23.5,109.4,40,50,0,main
1996026S14143,1996,SI,JACOB,1996-02-06 13:00:00,TS,-23.6,109.3,40,49,0,main
1996026S14143,1996,SI,JACOB,1996-02-06 15:00:00,TS,-23.7,109.2, ,48,0,main
1996026S14143,1996,SI,JACOB,1996-02-06 16:00:00,TS,-23.8,109.1,40,47,0,main
1996026S14143,1996,SI,JACOB,1996-02-06 18:00:00,TS,-24.0,109.0,35,45,0,main
1996026S14143,1996,SI,JACOB,1996-02-06 19:00:00,TS,-24.0,108.9,35,43,0,main
1996026S14143,1996,SI,JACOB,1996-02-06 21:00:00,TS,-24.1,108.7, ,40,0,main
1996026S14143,1996,SI,JACOB,1996-02-06 22:00:00,TS,-24.2,108.7,35,38,0,main
1996026S14143,1996,SI,JACOB,1996-02-07 00:00:00,TS,-24.2,108.5,35,35,0,main
1996026S14143,1996,SI,JACOB,1996-02-07 01:00:00,TS,-24.2,108.4,35,34,0,main
1996026S14143,1996,SI,JACOB,1996-02-07 03:00:00,TS,-24.2,108.2, ,33,-1,main
1996026S14143,1996,SI,JACOB,1996-02-07 04:00:00,TS,-24.2,108.1,35,32,-1,main
1996026S14143,1996,SI,JACOB,1996-02-07 06:00:00,TS,-24.3,107.9,30,30,-1,main
1996026S14143,1996,SI,JACOB,1996-02-07 07:00:00,TS,-24.3,107.8,30,29,-1,main
1996026S14143,1996,SI,JACOB,1996-02-07 09:00:00,TS,-24.3,107.6, ,28,-1,main
1996026S14143,1996,SI,JACOB,1996-02-07 10:00:00,TS,-24.4,107.5,25,27,-1,main
1996026S14143,1996,SI,JACOB,1996-02-07 12:00:00,TS,-24.5,107.3,20,25,-1,main
1996026S14143,1996,SI,JACOB,1996-02-07 13:00:00,TS,-24.5,107.2,20,25,-1,main
1996026S14143,1996,SI,JACOB,1996-02-07 15:00:00,TS,-24.6,107.1, ,25,-1,main
1996026S14143,1996,SI,JACOB,1996-02-07 16:00:00,TS,-24.6,107.0,20,25,-1,main
1996026S14143,1996,SI,JACOB,1996-02-07 18:00:00,TS,-24.7,106.9,20,25,-1,main
1996026S14143,1996,SI,JACOB,1996-02-07 19:00:00,TS,-24.7,106.8,20,25,-1,main
1996026S14143,1996,SI,JACOB,1996-02-07 21:00:00,TS,-24.8,106.7, ,25,-1,main
1996026S14143,1996,SI,JACOB,1996-02-07 22:00:00,TS,-24.8,106.7,20,25,-1,main
1996026S14143,1996,SI,JACOB,1996-02-08 00:00:00,TS,-24.9,106.6,20,25,-1,main
1996026S14143,1996,SI,JACOB,1996-02-08 01:00:00,TS,-25.0,106.5,20,24,-1,main
1996026S14143,1996,SI,JACOB,1996-02-08 03:00:00,TS,-25.1,106.2, ,23,-1,main
1996026S14143,1996,SI,JACOB,1996-02-08 04:00:00,TS,-25.2,106.1,20,22,-1,main
1996026S14143,1996,SI,JACOB,1996-02-08 06:00:00,TS,-25.4,105.9,20,20,-1,main
1996026S14143,1996,SI,JACOB,1996-02-08 07:00:00,TS,-25.5,105.8,20,20,-1,main
1996026S14143,1996,SI,JACOB,1996-02-08 09:00:00,TS,-25.6,105.6, ,20,-1,main
1996026S14143,1996,SI,JACOB,1996-02-08 12:00:00,TS,-25.7,105.4, ,20,-1,main
1996067S16138,1996,SP,ETHEL,1996-03-07 06:00:00,TS,-15.6,137.5, ,15,-1,main
1996067S16138,1996,SP,ETHEL,1996-03-07 09:00:00,TS,-15.5,137.8, ,18,-1,main
1996067S16138,1996,SP,ETHEL,1996-03-07 12:00:00,TS,-15.4,138.0,25,20,-1,main
1996067S16138,1996,SP,ETHEL,1996-03-07 15:00:00,TS,-15.3,138.2, ,20,-1,main
1996067S16138,1996,SP,ETHEL,1996-03-07 18:00:00,TS,-15.3,138.4,25,20,-1,main
1996067S16138,1996,SP,ETHEL,1996-03-07 21:00:00,TS,-15.4,138.6, ,20,-1,main
1996067S16138,1996,SP,ETHEL,1996-03-08 00:00:00,TS,-15.4,138.8,25,20,-1,main
1996067S16138,1996,SP,ETHEL,1996-03-08 03:00:00,TS,-15.3,138.9, ,23,-1,main
1996067S16138,1996,SP,ETHEL,1996-03-08 06:00:00,TS,-15.2,139.1,30,25,-1,main
1996067S16138,1996,SP,ETHEL,1996-03-08 09:00:00,TS,-15.0,139.5, ,28,-1,main
1996067S16138,1996,SP,ETHEL,1996-03-08 12:00:00,TS,-14.8,139.8,35,30,-1,main
1996067S16138,1996,SP,ETHEL,1996-03-08 15:00:00,TS,-14.5,140.0, ,33,-1,main
1996067S16138,1996,SP,ETHEL,1996-03-08 18:00:00,TS,-14.1,140.1,45,35,0,main
1996067S16138,1996,SP,ETHEL,1996-03-08 21:00:00,TS,-13.8,140.2, ,38,0,main
1996067S16138,1996,SP,ETHEL,1996-03-09 00:00:00,TS,-13.5,140.2,45,40,0,main
1996067S16138,1996,SP,ETHEL,1996-03-09 03:00:00,TS,-13.3,140.4, ,40,0,main
1996067S16138,1996,SP,ETHEL,1996-03-09 06:00:00,TS,-13.1,140.7,45,40,0,main
1996067S16138,1996,SP,ETHEL,1996-03-09 09:00:00,TS,-12.9,141.0, ,40,0,main
1996067S16138,1996,SP,ETHEL,1996-03-09 12:00:00,TS,-12.8,141.3,50,40,0,main
1996067S16138,1996,SP,ETHEL,1996-03-09 15:00:00,TS,-12.7,141.6, ,43,0,main
1996067S16138,1996,SP,ETHEL,1996-03-09 18:00:00,TS,-12.5,141.9,60,45,0,main
1996067S16138,1996,SP,ETHEL,1996-03-09 21:00:00,TS,-12.4,142.3, ,45,0,main
1996067S16138,1996,SP,ETHEL,1996-03-10 00:00:00,TS,-12.4,142.7,30,45,0,main
1996067S16138,1996,SP,ETHEL,1996-03-10 03:00:00,TS,-12.5,143.3, ,45,0,main
1996067S16138,1996,SP,ETHEL,1996-03-10 06:00:00,TS,-12.6,143.8,30,45,0,main
1996067S16138,1996,SP,ETHEL,1996-03-10 09:00:00,TS,-12.7,144.3, ,45,0,main
1996067S16138,1996,SP,ETHEL,1996-03-10 12:00:00,TS,-12.9,144.6,40,45,0,main
1996067S16138,1996,SP,ETHEL,1996-03-10 15:00:00,TS,-13.0,144.9, ,45,0,main
1996067S16138,1996,SP,ETHEL,1996-03-10 18:00:00,TS,-13.1,145.2,40,45,0,main
1996067S16138,1996,SP,ETHEL,1996-03-10 21:00:00,TS,-13.1,145.4, ,45,0,main
1996067S16138,1996,SP,ETHEL,1996-03-11 00:00:00,TS,-13.2,145.5,40,45,0,main
1996067S16138,1996,SP,ETHEL,1996-03-11 03:00:00,TS,-13.5,145.8, ,45,0,main
1996067S16138,1996,SP,ETHEL,1996-03-11 06:00:00,TS,-13.8,145.9,40,45,0,main
1996067S16138,1996,SP,ETHEL,1996-03-11 09:00:00,TS,-14.1,145.9, ,45,0,main
1996067S16138,1996,SP,ETHEL,1996-03-11 12:00:00,TS,-14.3,145.8,45,45,0,main
1996067S16138,1996,SP,ETHEL,1996-03-11 15:00:00,TS,-14.4,145.7, ,45,0,main
1996067S16138,1996,SP,ETHEL,1996-03-11 18:00:00,TS,-14.5,145.3,55,45,0,main
1996067S16138,1996,SP,ETHEL,1996-03-11 21:00:00,TS,-14.5,144.5, ,45,0,main
1996067S16138,1996,SP,ETHEL,1996-03-12 00:00:00,TS,-14.6,143.6,40,45,0,main
1996067S16138,1996,SP,ETHEL,1996-03-12 03:00:00,TS,-14.6,143.1, ,45,0,main
1996067S16138,1996,SP,ETHEL,1996-03-12 06:00:00,TS,-14.7,142.5,30,45,0,main
1996067S16138,1996,SP,ETHEL,1996-03-12 09:00:00,TS,-14.8,141.9, ,45,0,main
1996067S16138,1996,SP,ETHEL,1996-03-12 12:00:00,TS,-14.8,141.1,40,45,0,main
1996067S16138,1996,SP,ETHEL,1996-03-12 15:00:00,TS,-15.0,140.3, ,45,0,main
1996067S16138,1996,SP,ETHEL,1996-03-12 18:00:00,TS,-15.2,139.5,40,45,0,main
1996067S16138,1996,SP,ETHEL,1996-03-12 21:00:00,TS,-15.6,138.7, ,45,0,main
1996067S16138,1996,SP,ETHEL,1996-03-13 00:00:00,TS,-16.0,137.9,45,45,0,main
1996067S16138,1996,SP,ETHEL,1996-03-13 03:00:00,TS,-16.5,136.9, ,40,0,main
1996067S16138,1996,SP,ETHEL,1996-03-13 06:00:00,TS,-16.9,136.1,35,35,0,main
1996067S16138,1996,SP,ETHEL,1996-03-13 09:00:00,TS,-17.3,135.3, ,35,0,main
1996067S16138,1996,SI,ETHEL,1996-03-13 12:00:00,TS,-17.8,134.5,30,35,0,main
1996067S16138,1996,SI,ETHEL,1996-03-13 15:00:00,TS,-18.5,133.8, ,35,0,main
1996067S16138,1996,SI,ETHEL,1996-03-13 18:00:00,TS,-19.2,133.5, ,35,0,main
1996067S16138,1996,SI,ETHEL,1996-03-13 21:00:00,TS,-19.9,133.4, ,33,-1,main
1996067S16138,1996,SI,ETHEL,1996-03-14 00:00:00,TS,-20.6,133.4, ,30,-1,main
1996067S16138,1996,SI,ETHEL,1996-03-14 03:00:00,TS,-21.4,133.5, ,28,-1,main
1996067S16138,1996,SI,ETHEL,1996-03-14 06:00:00,TS,-22.2,133.8, ,25,-1,main
1996067S16138,1996,SI,ETHEL,1996-03-14 09:00:00,TS,-22.9,134.5, ,25,-1,main
1996067S16138,1996,SP,ETHEL,1996-03-14 12:00:00,TS,-23.4,135.3, ,25,-1,main
1996067S16138,1996,SP,ETHEL,1996-03-14 15:00:00,TS,-23.8,136.1, ,25,-1,main
1996067S16138,1996,SP,ETHEL,1996-03-14 18:00:00,TS,-24.1,137.0, ,25,-1,main
1996067S16138,1996,SP,ETHEL,1996-03-14 21:00:00,TS,-24.3,137.8, ,25,-1,main
1996067S16138,1996,SP,ETHEL,1996-03-15 00:00:00,TS,-24.5,138.6, ,25,-1,main
1996067S16138,1996,SP,ETHEL,1996-03-15 03:00:00,TS,-24.7,139.4, ,25,-1,main
1996067S16138,1996,SP,ETHEL,1996-03-15 06:00:00,TS,-24.9,140.2, ,25,-1,main
1996067S16138,1996,SP,ETHEL,1996-03-15 09:00:00,TS,-25.0,141.2, ,25,-1,main
1996067S16138,1996,SP,ETHEL,1996-03-15 12:00:00,TS,-24.9,142.3, ,25,-1,main
1996067S16138,1996,SP,ETHEL,1996-03-15 15:00:00,TS,-24.8,143.3, ,25,-1,main
1996067S16138,1996,SP,ETHEL,1996-03-15 18:00:00,TS,-24.6,144.3, ,25,-1,main
1996067S16138,1996,SP,ETHEL,1996-03-15 21:00:00,TS,-24.3,145.3, ,23,-1,main
1996067S16138,1996,SP,ETHEL,1996-03-16 00:00:00,TS,-23.9,146.1, ,20,-1,main
1996067S16138,1996,SP,ETHEL,1996-03-16 03:00:00,TS,-23.6,146.8, ,20,-1,main
1996067S16138,1996,SP,ETHEL,1996-03-16 06:00:00,TS,-23.2,147.4, ,20,-1,main
1996067S16138,1996,SP,ETHEL,1996-03-16 09:00:00,TS,-22.8,148.0, ,18,-1,main
1996067S16138,1996,SP,ETHEL,1996-03-16 12:00:00,TS,-22.3,148.6, ,15,-1,main
1996067S16138,1996,SP,ETHEL,1996-03-16 15:00:00,TS,-21.7,149.4, ,15,-1,main
1996067S16138,1996,SP,ETHEL,1996-03-16 18:00:00,TS,-21.1,150.2, ,15,-1,main
1996067S16138,1996,SP,ETHEL,1996-03-16 21:00:00,TS,-20.5,151.1, ,15,-1,main
1996067S16138,1996,SP,ETHEL,1996-03-17 00:00:00,TS,-19.8,152.0, ,15,-1,main
1998022S15143,1998,SP,LES,1998-01-21 18:00:00,NR,-14.9,143.0, ,15,-1,main
1998022S15143,1998,SP,LES,1998-01-21 21:00:00,NR,-14.8,142.9, ,18,-1,main
1998022S15143,1998,SP,LES,1998-01-22 00:00:00,TS,-15.0,142.6,25,20,-1,main
1998022S15143,1998,SP,LES,1998-01-22 03:00:00,TS,-15.0,142.5, ,20,-1,main
1998022S15143,1998,SP,LES,1998-01-22 06:00:00,TS,-15.0,142.5,25,20,-1,main
1998022S15143,1998,SP,LES,1998-01-22 09:00:00,TS,-14.9,142.5, ,20,-1,main
1998022S15143,1998,SP,LES,1998-01-22 12:00:00,TS,-14.7,142.6,25,20,-1,main
1998022S15143,1998,SP,LES,1998-01-22 15:00:00,TS,-14.4,142.5, ,20,-1,main
1998022S15143,1998,SP,LES,1998-01-22 18:00:00,TS,-14.1,142.5,25,20,-1,main
1998022S15143,1998,SP,LES,1998-01-22 21:00:00,TS,-13.9,142.4, ,20,-1,main
1998022S15143,1998,SP,LES,1998-01-23 00:00:00,TS,-13.9,142.4,25,20,-1,main
1998022S15143,1998,SP,LES,1998-01-23 03:00:00,TS,-14.0,142.2, ,20,-1,main
1998022S15143,1998,SP,LES,1998-01-23 06:00:00,TS,-14.2,141.8,25,20,-1,main
1998022S15143,1998,SP,LES,1998-01-23 09:00:00,TS,-14.3,141.5, ,23,-1,main
1998022S15143,1998,SP,LES,1998-01-23 12:00:00,TS,-14.3,141.0,30,25,-1,main
1998022S15143,1998,SP,LES,1998-01-23 15:00:00,TS,-14.2,140.5,30,28,-1,main
1998022S15143,1998,SP,LES,1998-01-23 18:00:00,TS,-14.1,139.9,40,30,-1,main
1998022S15143,1998,SP,LES,1998-01-23 21:00:00,TS,-14.0,139.4, ,33,-1,main
1998022S15143,1998,SP,LES,1998-01-24 00:00:00,TS,-13.8,139.0,45,35,0,main
1998022S15143,1998,SP,LES,1998-01-24 03:00:00,TS,-13.8,138.7, ,35,0,main
1998022S15143,1998,SP,LES,1998-01-24 06:00:00,TS,-13.8,138.4,50,35,0,main
1998022S15143,1998,SP,LES,1998-01-24 09:00:00,TS,-13.9,138.0, ,38,0,main
1998022S15143,1998,SP,LES,1998-01-24 12:00:00,TS,-14.0,137.5,50,40,0,main
1998022S15143,1998,SP,LES,1998-01-24 15:00:00,TS,-14.1,137.1, ,43,0,main
1998022S15143,1998,SP,LES,1998-01-24 18:00:00,TS,-14.3,136.6,55,45,0,main
1998022S15143,1998,SP,LES,1998-01-24 19:30:00,TS,-14.3,136.4,60,46,0,main
1998022S15143,1998,SP,LES,1998-01-24 21:00:00,TS,-14.3,136.2,60,48,0,main
1998022S15143,1998,SP,LES,1998-01-25 00:00:00,TS,-14.3,135.7,45,50,0,main
1998022S15143,1998,SP,LES,1998-01-25 03:00:00,TS,-14.4,135.3, ,48,0,main
1998022S15143,1998,SI,LES,1998-01-25 06:00:00,TS,-14.5,135.0,35,45,0,main
1998022S15143,1998,SI,LES,1998-01-25 09:00:00,TS,-14.5,134.6, ,40,0,main
1998022S15143,1998,SI,LES,1998-01-25 12:00:00,TS,-14.6,134.4,25,35,0,main
1998022S15143,1998,SI,LES,1998-01-25 15:00:00,TS,-14.6,134.2, ,33,-1,main
1998022S15143,1998,SI,LES,1998-01-25 18:00:00,TS,-14.7,134.0,20,30,-1,main
1998022S15143,1998,SI,LES,1998-01-25 21:00:00,TS,-14.8,133.7, ,30,-1,main
1998022S15143,1998,SI,LES,1998-01-26 00:00:00,TS,-14.9,133.4,15,30,-1,main
1998022S15143,1998,SI,LES,1998-01-26 03:00:00,TS,-15.1,133.2, ,28,-1,main
1998022S15143,1998,SI,LES,1998-01-26 06:00:00,TS,-15.3,133.1,15,25,-1,main
1998022S15143,1998,SI,LES,1998-01-26 09:00:00,TS,-15.4,133.0, ,25,-1,main
1998022S15143,1998,SI,LES,1998-01-26 12:00:00,TS,-15.4,132.9,15,25,-1,main
1998022S15143,1998,SI,LES,1998-01-26 15:00:00,TS,-15.5,132.9, ,25,-1,main
1998022S15143,1998,SI,LES,1998-01-26 18:00:00,TS,-15.6,132.8,15,25,-1,main
1998022S15143,1998,SI,LES,1998-01-26 21:00:00,TS,-15.6,132.7, ,23,-1,main
1998022S15143,1998,SI,LES,1998-01-27 00:00:00,TS,-15.6,132.6,15,20,-1,main
1998022S15143,1998,SI,LES,1998-01-27 03:00:00,TS,-15.7,132.4, ,20,-1,main
1998022S15143,1998,SI,LES,1998-01-27 06:00:00,TS,-15.8,132.1,15,20,-1,main
1998022S15143,1998,SI,LES,1998-01-27 09:00:00,TS,-15.7,131.7, ,20,-1,main
1998022S15143,1998,SI,LES,1998-01-27 12:00:00,TS,-15.5,131.4,15,20,-1,main
1998022S15143,1998,SI,LES,1998-01-27 15:00:00,TS,-15.4,131.1, ,20,-1,main
1998022S15143,1998,SI,LES,1998-01-27 18:00:00,TS,-15.2,130.8,20,20,-1,main
1998022S15143,1998,SI,LES,1998-01-27 21:00:00,TS,-15.0,130.6, ,23,-1,main
1998022S15143,1998,SI,LES,1998-01-28 00:00:00,TS,-14.9,130.4,20,25,-1,main
1998022S15143,1998,SI,LES,1998-01-28 03:00:00,TS,-14.7,130.2, ,25,-1,main
1998022S15143,1998,SI,LES,1998-01-28 06:00:00,TS,-14.5,130.0,25,25,-1,main
1998022S15143,1998,SI,LES,1998-01-28 09:00:00,TS,-14.3,129.9, ,25,-1,main
1998022S15143,1998,SI,LES,1998-01-28 12:00:00,TS,-14.2,129.8,35,25,-1,main
1998022S15143,1998,SI,LES,1998-01-28 15:00:00,TS,-14.1,129.6, ,30,-1,main
1998022S15143,1998,SI,LES,1998-01-28 18:00:00,TS,-14.1,129.3,40,35,0,main
1998022S15143,1998,SI,LES,1998-01-28 21:00:00,TS,-14.2,129.0, ,35,0,main
1998022S15143,1998,SI,LES,1998-01-29 00:00:00,TS,-14.2,128.7,40,35,0,main
1998022S15143,1998,SI,LES,1998-01-29 03:00:00,TS,-14.3,128.3, ,35,0,main
1998022S15143,1998,SI,LES,1998-01-29 06:00:00,TS,-14.3,127.9,40,35,0,main
1998022S15143,1998,SI,LES,1998-01-29 09:00:00,TS,-14.4,127.7, ,38,0,main
1998022S15143,1998,SI,LES,1998-01-29 12:00:00,TS,-14.6,127.5,35,40,0,main
1998022S15143,1998,SI,LES,1998-01-29 15:00:00,TS,-14.7,127.3, ,40,0,main
1998022S15143,1998,SI,LES,1998-01-29 18:00:00,TS,-14.8,127.1,35,40,0,main
1998022S15143,1998,SI,LES,1998-01-29 21:00:00,TS,-14.9,126.8, ,38,0,main
1998022S15143,1998,SI,LES,1998-01-30 00:00:00,TS,-15.1,126.5,35,35,0,main
1998022S15143,1998,SI,LES,1998-01-30 03:00:00,TS,-15.2,126.3, ,35,0,main
1998022S15143,1998,SI,LES,1998-01-30 06:00:00,TS,-15.4,126.1,35,35,0,main
1998022S15143,1998,SI,LES,1998-01-30 09:00:00,TS,-15.6,125.6, ,35,0,main
1998022S15143,1998,SI,LES,1998-01-30 12:00:00,TS,-15.9,125.1,35,35,0,main
1998022S15143,1998,SI,LES,1998-01-30 15:00:00,TS,-16.1,124.7, ,35,0,main
1998022S15143,1998,SI,LES,1998-01-30 18:00:00,TS,-16.2,124.3,35,35,0,main
1998022S15143,1998,SI,LES,1998-01-30 21:00:00,TS,-16.4,124.0, ,38,0,main
1998022S15143,1998,SI,LES,1998-01-31 00:00:00,TS,-16.6,123.7,35,40,0,main
1998022S15143,1998,SI,LES,1998-01-31 03:00:00,TS,-16.8,123.4, ,43,0,main
1998022S15143,1998,SI,LES,1998-01-31 06:00:00,TS,-16.9,123.3,35,45,0,main
1998022S15143,1998,SI,LES,1998-01-31 09:00:00,TS,-17.1,123.1, ,45,0,main
1998022S15143,1998,SI,LES,1998-01-31 12:00:00,TS,-17.3,122.9,30,45,0,main
1998022S15143,1998,SI,LES,1998-01-31 15:00:00,TS,-17.7,122.8, ,43,0,main
1998022S15143,1998,SI,LES,1998-01-31 18:00:00,TS,-18.2,122.7,30,40,0,main
1998022S15143,1998,SI,LES,1998-01-31 21:00:00,TS,-18.6,122.6, ,38,0,main
1998022S15143,1998,SI,LES,1998-02-01 00:00:00,TS,-18.9,122.6,30,35,0,main
1998022S15143,1998,SI,LES,1998-02-01 03:00:00,NR,-19.2,122.4, ,35,0,main
1998022S15143,1998,SI,LES,1998-02-01 06:00:00,NR,-19.6,122.3, ,35,0,main
1998022S15143,1998,SI,LES,1998-02-01 09:00:00,NR,-20.0,122.3, ,35,0,main
1998022S15143,1998,SI,LES,1998-02-01 12:00:00,NR,-20.3,122.4, ,35,0,main
1998022S15143,1998,SI,LES,1998-02-01 15:00:00,NR,-20.6,122.6, ,33,-1,main
1998022S15143,1998,SI,LES,1998-02-01 18:00:00,NR,-20.9,122.7, ,30,-1,main
1998022S15143,1998,SI,LES,1998-02-01 21:00:00,NR,-21.1,122.7, ,30,-1,main
1998022S15143,1998,SI,LES,1998-02-02 00:00:00,NR,-21.3,122.7, ,30,-1,main
1998022S15143,1998,SI,LES,1998-02-02 03:00:00,NR,-21.5,122.7, ,28,-1,main
1998022S15143,1998,SI,LES,1998-02-02 06:00:00,NR,-21.7,122.7, ,25,-1,main
2000056S17152,2000,SP,STEVE,2000-02-25 00:00:00,TS,-16.9,152.4,25, ,-5,main
2000056S17152,2000,SP,STEVE,2000-02-25 03:00:00,TS,-16.7,152.0, , ,-5,main
2000056S17152,2000,SP,STEVE,2000-02-25 06:00:00,TS,-16.5,151.4,25,25,-1,main
2000056S17152,2000,SP,STEVE,2000-02-25 09:00:00,TS,-16.5,151.0, ,25,-1,main
2000056S17152,2000,SP,STEVE,2000-02-25 12:00:00,TS,-16.4,150.7,25,25,-1,main
2000056S17152,2000,SP,STEVE,2000-02-25 15:00:00,TS,-16.5,150.5, ,25,-1,main
2000056S17152,2000,SP,STEVE,2000-02-25 18:00:00,TS,-16.5,150.2,30,25,-1,main
2000056S17152,2000,SP,STEVE,2000-02-25 21:00:00,TS,-16.5,150.0, ,25,-1,main
2000056S17152,2000,SP,STEVE,2000-02-26 00:00:00,TS,-16.5,149.7,30,25,-1,main
2000056S17152,2000,SP,STEVE,2000-02-26 03:00:00,TS,-16.5,149.4, ,25,-1,main
2000056S17152,2000,SP,STEVE,2000-02-26 06:00:00,TS,-16.5,149.1,30,25,-1,main
2000056S17152,2000,SP,STEVE,2000-02-26 09:00:00,TS,-16.5,148.8, ,28,-1,main
2000056S17152,2000,SP,STEVE,2000-02-26 12:00:00,TS,-16.5,148.5,30,30,-1,main
2000056S17152,2000,SP,STEVE,2000-02-26 15:00:00,TS,-16.5,148.2, ,33,-1,main
2000056S17152,2000,SP,STEVE,2000-02-26 18:00:00,TS,-16.5,147.8,30,35,0,main
2000056S17152,2000,SP,STEVE,2000-02-26 21:00:00,TS,-16.5,147.4,35,38,0,main
2000056S17152,2000,SP,STEVE,2000-02-27 00:00:00,TS,-16.5,147.1,40,40,0,main
2000056S17152,2000,SP,STEVE,2000-02-27 03:00:00,TS,-16.5,146.6, ,40,0,main
2000056S17152,2000,SP,STEVE,2000-02-27 06:00:00,TS,-16.6,146.1,50,40,0,main
2000056S17152,2000,SP,STEVE,2000-02-27 09:00:00,TS,-16.7,145.5,60,38,0,main
2000056S17152,2000,SP,STEVE,2000-02-27 09:30:00,TS,-16.7,145.4,60,37,0,main
2000056S17152,2000,SP,STEVE,2000-02-27 12:00:00,TS,-16.8,144.9,40,35,0,main
2000056S17152,2000,SP,STEVE,2000-02-27 15:00:00,TS,-17.0,144.3,30,33,-1,main
2000056S17152,2000,SP,STEVE,2000-02-27 18:00:00,TS,-17.2,143.6,30,30,-1,main
2000056S17152,2000,SP,STEVE,2000-02-27 21:00:00,TS,-17.3,143.1, ,28,-1,main
2000056S17152,2000,SP,STEVE,2000-02-28 00:00:00,TS,-17.4,142.7,30,25,-1,main
2000056S17152,2000,SP,STEVE,2000-02-28 03:00:00,TS,-17.5,142.1, ,25,-1,main
2000056S17152,2000,SP,STEVE,2000-02-28 06:00:00,TS,-17.6,141.6,30,25,-1,main
2000056S17152,2000,SP,STEVE,2000-02-28 09:00:00,TS,-17.4,141.1, ,25,-1,main
2000056S17152,2000,SP,STEVE,2000-02-28 12:00:00,TS,-17.2,140.5,35,25,-1,main
2000056S17152,2000,SP,STEVE,2000-02-28 15:00:00,TS,-17.0,140.1, ,25,-1,main
2000056S17152,2000,SP,STEVE,2000-02-28 18:00:00,TS,-16.8,139.8,35,25,-1,main
2000056S17152,2000,SP,STEVE,2000-02-28 21:00:00,TS,-16.6,139.4, ,28,-1,main
2000056S17152,2000,SP,STEVE,2000-02-29 00:00:00,TS,-16.5,139.2,40,30,-1,main
2000056S17152,2000,SP,STEVE,2000-02-29 03:00:00,TS,-16.3,138.8, ,33,-1,main
2000056S17152,2000,SP,STEVE,2000-02-29 06:00:00,TS,-16.2,138.5,40,35,0,main
2000056S17152,2000,SP,STEVE,2000-02-29 09:00:00,TS,-16.0,138.2, ,38,0,main
2000056S17152,2000,SP,STEVE,2000-02-29 12:00:00,TS,-15.9,137.9, ,40,0,main
2000056S17152,2000,SP,STEVE,2000-02-29 13:00:00,TS,-15.8,137.8,40,41,0,main
2000056S17152,2000,SP,STEVE,2000-02-29 15:00:00,TS,-15.8,137.5, ,43,0,main
2000056S17152,2000,SP,STEVE,2000-02-29 18:00:00,TS,-15.7,137.1,40,45,0,main
2000056S17152,2000,SP,STEVE,2000-02-29 21:00:00,TS,-15.7,136.7,40,40,0,main
2000056S17152,2000,SP,STEVE,2000-02-29 22:00:00,TS,-15.7,136.6,40,38,0,main
2000056S17152,2000,SP,STEVE,2000-03-01 00:00:00,TS,-15.7,136.3,40,35,0,main
2000056S17152,2000,SP,STEVE,2000-03-01 03:00:00,TS,-15.7,135.9,35,33,-1,main
2000056S17152,2000,SP,STEVE,2000-03-01 06:00:00,TS,-15.6,135.4,30,30,-1,main
2000056S17152,2000,SI,STEVE,2000-03-01 09:00:00,TS,-15.4,135.0, ,28,-1,main
2000056S17152,2000,SI,STEVE,2000-03-01 12:00:00,TS,-15.2,134.6,30,25,-1,main
2000056S17152,2000,SI,STEVE,2000-03-01 15:00:00,TS,-15.0,134.2, ,25,-1,main
2000056S17152,2000,SI,STEVE,2000-03-01 18:00:00,TS,-14.9,133.8,30,25,-1,main
2000056S17152,2000,SI,STEVE,2000-03-01 21:00:00,TS,-14.8,133.5, ,25,-1,main
2000056S17152,2000,SI,STEVE,2000-03-02 00:00:00,TS,-14.8,133.2,30,25,-1,main
2000056S17152,2000,SI,STEVE,2000-03-02 03:00:00,TS,-14.8,132.7, ,25,-1,main
2000056S17152,2000,SI,STEVE,2000-03-02 06:00:00,TS,-14.8,132.1,30,25,-1,main
2000056S17152,2000,SI,STEVE,2000-03-02 09:00:00,TS,-14.8,131.6, ,25,-1,main
2000056S17152,2000,SI,STEVE,2000-03-02 12:00:00,TS,-14.7,131.2,30,25,-1,main
2000056S17152,2000,SI,STEVE,2000-03-02 15:00:00,TS,-14.7,130.8, ,25,-1,main
2000056S17152,2000,SI,STEVE,2000-03-02 18:00:00,TS,-14.7,130.5,30,25,-1,main
2000056S17152,2000,SI,STEVE,2000-03-02 21:00:00,TS,-14.8,130.1, ,25,-1,main
2000056S17152,2000,SI,STEVE,2000-03-03 00:00:00,TS,-15.0,129.7,30,25,-1,main
2000056S17152,2000,SI,STEVE,2000-03-03 03:00:00,TS,-15.2,129.3, ,25,-1,main
2000056S17152,2000,SI,STEVE,2000-03-03 06:00:00,TS,-15.5,128.9,30,25,-1,main
2000056S17152,2000,SI,STEVE,2000-03-03 09:00:00,TS,-15.6,128.3, ,25,-1,main
2000056S17152,2000,SI,STEVE,2000-03-03 12:00:00,TS,-15.8,127.7,30,25,-1,main
2000056S17152,2000,SI,STEVE,2000-03-03 15:00:00,TS,-15.9,127.0, ,28,-1,main
2000056S17152,2000,SI,STEVE,2000-03-03 18:00:00,TS,-16.1,126.2,30,30,-1,main
2000056S17152,2000,SI,STEVE,2000-03-03 21:00:00,TS,-16.3,125.6, ,30,-1,main
2000056S17152,2000,SI,STEVE,2000-03-04 00:00:00,TS,-16.5,124.9,30,30,-1,main
2000056S17152,2000,SI,STEVE,2000-03-04 03:00:00,TS,-16.9,124.3, ,30,-1,main
2000056S17152,2000,SI,STEVE,2000-03-04 04:00:00,TS,-17.0,124.0,30,30,-1,main
2000056S17152,2000,SI,STEVE,2000-03-04 06:00:00,TS,-17.1,123.7, ,30,-1,main
2000056S17152,2000,SI,STEVE,2000-03-04 09:00:00,TS,-17.3,123.2, ,30,-1,main
2000056S17152,2000,SI,STEVE,2000-03-04 10:00:00,TS,-17.3,123.1,30,30,-1,main
2000056S17152,2000,SI,STEVE,2000-03-04 12:00:00,TS,-17.5,122.8, ,30,-1,main
2000056S17152,2000,SI,STEVE,2000-03-04 15:00:00,TS,-17.6,122.3, ,30,-1,main
2000056S17152,2000,SI,STEVE,2000-03-04 16:00:00,TS,-17.7,122.2,30,30,-1,main
2000056S17152,2000,SI,STEVE,2000-03-04 18:00:00,TS,-17.8,121.9, ,30,-1,main
2000056S17152,2000,SI,STEVE,2000-03-04 21:00:00,TS,-18.0,121.5, ,33,-1,main
2000056S17152,2000,SI,STEVE,2000-03-04 22:00:00,TS,-18.0,121.3,40,33,-1,main
2000056S17152,2000,SI,STEVE,2000-03-05 00:00:00,TS,-18.2,121.0, ,35,0,main
2000056S17152,2000,SI,STEVE,2000-03-05 03:00:00,TS,-18.4,120.6, ,38,0,main
2000056S17152,2000,SI,STEVE,2000-03-05 04:00:00,TS,-18.5,120.5,50,38,0,main
2000056S17152,2000,SI,STEVE,2000-03-05 06:00:00,TS,-18.7,120.2, ,40,0,main
2000056S17152,2000,SI,STEVE,2000-03-05 09:00:00,TS,-18.9,119.8, ,43,0,main
2000056S17152,2000,SI,STEVE,2000-03-05 10:00:00,TS,-19.0,119.7,50,43,0,main
2000056S17152,2000,SI,STEVE,2000-03-05 12:00:00,TS,-19.1,119.4, ,45,0,main
2000056S17152,2000,SI,STEVE,2000-03-05 13:00:00,TS,-19.2,119.3,50,47,0,main
2000056S17152,2000,SI,STEVE,2000-03-05 15:00:00,TS,-19.5,119.0, ,50,0,main
2000056S17152,2000,SI,STEVE,2000-03-05 16:00:00,TS,-19.6,118.9,50,52,0,main
2000056S17152,2000,SI,STEVE,2000-03-05 18:00:00,TS,-19.8,118.6, ,55,0,main
2000056S17152,2000,SI,STEVE,2000-03-05 19:00:00,TS,-19.8,118.5,55,55,0,main
2000056S17152,2000,SI,STEVE,2000-03-05 21:00:00,TS,-19.9,118.3, ,55,0,main
2000056S17152,2000,SI,STEVE,2000-03-05 22:00:00,TS,-20.0,118.1,60,55,0,main
2000056S17152,2000,SI,STEVE,2000-03-06 00:00:00,TS,-20.0,117.8, ,55,0,main
2000056S17152,2000,SI,STEVE,2000-03-06 01:00:00,TS,-20.1,117.6,60,57,0,main
2000056S17152,2000,SI,STEVE,2000-03-06 03:00:00,TS,-20.2,117.3, ,60,0,main
2000056S17152,2000,SI,STEVE,2000-03-06 04:00:00,TS,-20.2,117.1,60,62,0,main
2000056S17152,2000,SI,STEVE,2000-03-06 06:00:00,TS,-20.3,116.9, ,65,1,main
2000056S17152,2000,SI,STEVE,2000-03-06 07:00:00,TS,-20.4,116.8,60,65,1,main
2000056S17152,2000,SI,STEVE,2000-03-06 09:00:00,TS,-20.5,116.6, ,65,1,main
2000056S17152,2000,SI,STEVE,2000-03-06 10:00:00,TS,-20.6,116.5,60,65,1,main
2000056S17152,2000,SI,STEVE,2000-03-06 12:00:00,TS,-20.8,116.2, ,65,1,main
2000056S17152,2000,SI,STEVE,2000-03-06 13:00:00,TS,-20.9,116.1,60,63,0,main
2000056S17152,2000,SI,STEVE,2000-03-06 15:00:00,TS,-21.1,115.9, ,60,0,main
2000056S17152,2000,SI,STEVE,2000-03-06 16:00:00,TS,-21.3,115.8,55,58,0,main
2000056S17152,2000,SI,STEVE,2000-03-06 18:00:00,TS,-21.5,115.6, ,55,0,main
2000056S17152,2000,SI,STEVE,2000-03-06 19:00:00,TS,-21.6,115.5,55,55,0,main
2000056S17152,2000,SI,STEVE,2000-03-06 21:00:00,TS,-21.9,115.4, ,55,0,main
2000056S17152,2000,SI,STEVE,2000-03-06 22:00:00,TS,-22.0,115.3,55,55,0,main
2000056S17152,2000,SI,STEVE,2000-03-07 00:00:00,TS,-22.3,115.2, ,55,0,main
2000056S17152,2000,SI,STEVE,2000-03-07 01:00:00,TS,-22.4,115.1,50,55,0,main
2000056S17152,2000,SI,STEVE,2000-03-07 03:00:00,TS,-22.5,114.8, ,55,0,main
2000056S17152,2000,SI,STEVE,2000-03-07 04:00:00,TS,-22.6,114.7,45,55,0,main
2000056S17152,2000,SI,STEVE,2000-03-07 06:00:00,TS,-22.7,114.5, ,55,0,main
2000056S17152,2000,SI,STEVE,2000-03-07 07:00:00,TS,-22.8,114.4,45,55,0,main
2000056S17152,2000,SI,STEVE,2000-03-07 09:00:00,TS,-22.9,114.2, ,55,0,main
2000056S17152,2000,SI,STEVE,2000-03-07 10:00:00,TS,-22.9,114.1,45,55,0,main
2000056S17152,2000,SI,STEVE,2000-03-07 12:00:00,TS,-23.0,114.0, ,55,0,main
2000056S17152,2000,SI,STEVE,2000-03-07 13:00:00,TS,-23.1,113.9,45,55,0,main
2000056S17152,2000,SI,STEVE,2000-03-07 15:00:00,TS,-23.3,113.8, ,55,0,main
2000056S17152,2000,SI,STEVE,2000-03-07 16:00:00,TS,-23.4,113.8,45,55,0,main
2000056S17152,2000,SI,STEVE,2000-03-07 18:00:00,TS,-23.5,113.7, ,55,0,main
2000056S17152,2000,SI,STEVE,2000-03-07 19:00:00,TS,-23.6,113.6,50,55,0,main
2000056S17152,2000,SI,STEVE,2000-03-07 21:00:00,TS,-23.8,113.5, ,55,0,main
2000056S17152,2000,SI,STEVE,2000-03-07 22:00:00,TS,-23.9,113.4,50,55,0,main
2000056S17152,2000,SI,STEVE,2000-03-08 00:00:00,TS,-24.0,113.4, ,55,0,main
2000056S17152,2000,SI,STEVE,2000-03-08 01:00:00,TS,-24.1,113.3,50,54,0,main
2000056S17152,2000,SI,STEVE,2000-03-08 03:00:00,TS,-24.2,113.3, ,53,0,main
2000056S17152,2000,SI,STEVE,2000-03-08 04:00:00,TS,-24.3,113.2,50,52,0,main
2000056S17152,2000,SI,STEVE,2000-03-08 06:00:00,TS,-24.5,113.2, ,50,0,main
2000056S17152,2000,SI,STEVE,2000-03-08 07:00:00,TS,-24.6,113.1,50,50,0,main
2000056S17152,2000,SI,STEVE,2000-03-08 09:00:00,TS,-24.7,113.1, ,50,0,main
2000056S17152,2000,SI,STEVE,2000-03-08 10:00:00,TS,-24.7,113.1,50,50,0,main
2000056S17152,2000,SI,STEVE,2000-03-08 12:00:00,TS,-24.9,113.1, ,50,0,main
2000056S17152,2000,SI,STEVE,2000-03-08 13:00:00,TS,-24.9,113.1,50,50,0,main
2000056S17152,2000,SI,STEVE,2000-03-08 15:00:00,TS,-25.0,113.2, ,50,0,main
2000056S17152,2000,SI,STEVE,2000-03-08 16:00:00,TS,-25.1,113.2,50,50,0,main
2000056S17152,2000,SI,STEVE,2000-03-08 18:00:00,TS,-25.2,113.3, ,50,0,main
2000056S17152,2000,SI,STEVE,2000-03-08 19:00:00,TS,-25.2,113.3,50,49,0,main
2000056S17152,2000,SI,STEVE,2000-03-08 21:00:00,TS,-25.3,113.4, ,48,0,main
2000056S17152,2000,SI,STEVE,2000-03-08 22:00:00,TS,-25.3,113.5,50,47,0,main
2000056S17152,2000,SI,STEVE,2000-03-09 00:00:00,TS,-25.4,113.6, ,45,0,main
2000056S17152,2000,SI,STEVE,2000-03-09 01:00:00,TS,-25.4,113.6,45,45,0,main
2000056S17152,2000,SI,STEVE,2000-03-09 03:00:00,TS,-25.5,113.7, ,45,0,main
2000056S17152,2000,SI,STEVE,2000-03-09 04:00:00,TS,-25.6,113.7,40,45,0,main
2000056S17152,2000,SI,STEVE,2000-03-09 06:00:00,TS,-25.7,113.8, ,45,0,main
2000056S17152,2000,SI,STEVE,2000-03-09 07:00:00,TS,-25.7,113.9,35,46,0,main
2000056S17152,2000,SI,STEVE,2000-03-09 09:00:00,TS,-25.8,114.0, ,48,0,main
2000056S17152,2000,SI,STEVE,2000-03-09 10:00:00,TS,-25.8,114.1,35,48,0,main
2000056S17152,2000,SI,STEVE,2000-03-09 12:00:00,TS,-25.9,114.3, ,50,0,main
2000056S17152,2000,SI,STEVE,2000-03-09 13:00:00,TS,-25.9,114.4,35,48,0,main
2000056S17152,2000,SI,STEVE,2000-03-09 15:00:00,TS,-26.0,114.6, ,45,0,main
2000056S17152,2000,SI,STEVE,2000-03-09 16:00:00,TS,-26.1,114.7,35,43,0,main
2000056S17152,2000,SI,STEVE,2000-03-09 18:00:00,TS,-26.3,114.9, ,40,0,main
2000056S17152,2000,SI,STEVE,2000-03-09 21:00:00,TS,-26.7,115.4, ,38,0,main
2000056S17152,2000,SI,STEVE,2000-03-09 22:00:00,TS,-26.8,115.6,35,37,0,main
2000056S17152,2000,SI,STEVE,2000-03-10 00:00:00,TS,-27.1,116.0, ,35,0,main
2000056S17152,2000,SI,STEVE,2000-03-10 03:00:00,TS,-27.5,116.6, ,35,0,main
2000056S17152,2000,SI,STEVE,2000-03-10 04:00:00,TS,-27.6,116.8,35,35,0,main
2000056S17152,2000,SI,STEVE,2000-03-10 06:00:00,TS,-28.0,117.3, ,35,0,main
2000056S17152,2000,SI,STEVE,2000-03-10 09:00:00,TS,-28.4,118.1, ,33,-1,main
2000056S17152,2000,SI,STEVE,2000-03-10 10:00:00,TS,-28.6,118.3,40,32,-1,main
2000056S17152,2000,SI,STEVE,2000-03-10 12:00:00,TS,-29.0,118.8, ,30,-1,main
2000056S17152,2000,SI,STEVE,2000-03-10 15:00:00,TS,-29.5,119.5, ,28,-1,main
2000056S17152,2000,SI,STEVE,2000-03-10 16:00:00,TS,-29.7,119.7,40,27,-1,main
2000056S17152,2000,SI,STEVE,2000-03-10 18:00:00,TS,-30.2,120.1, ,25,-1,main
2000056S17152,2000,SI,STEVE,2000-03-10 21:00:00,TS,-31.0,120.8, ,23,-1,main
2000056S17152,2000,SI,STEVE,2000-03-10 22:00:00,TS,-31.3,121.1,40,22,-1,main
2000056S17152,2000,SI,STEVE,2000-03-11 00:00:00,TS,-31.8,121.7, ,20,-1,main
2000056S17152,2000,SI,STEVE,2000-03-11 03:00:00,TS,-32.3,122.8, , ,-5,main
2000056S17152,2000,SI,STEVE,2000-03-11 04:00:00,TS,-32.5,123.1,40, ,-5,main
2000056S17152,2000,SI,STEVE,2000-03-11 06:00:00,TS,-33.0,123.7, , ,-5,main
2000056S17152,2000,SI,STEVE,2000-03-11 09:00:00,TS,-33.7,124.5, , ,-5,main
2000056S17152,2000,SI,STEVE,2000-03-11 10:00:00,ET,-33.9,124.7,40, ,-5,main
2000056S17152,2000,SI,STEVE,2000-03-11 12:00:00,ET,-34.3,125.1, , ,-5,main
2000056S17152,2000,SI,STEVE,2000-03-11 15:00:00,ET,-34.9,125.8, , ,-5,main
2000056S17152,2000,SI,STEVE,2000-03-11 16:00:00,ET,-35.1,126.0,40, ,-5,main
2000056S17152,2000,SI,STEVE,2000-03-11 18:00:00,ET,-35.7,126.5, , ,-5,main
2000056S17152,2000,SI,STEVE,2000-03-11 21:00:00,ET,-36.7,127.2, , ,-5,main
2000056S17152,2000,SI,STEVE,2000-03-11 22:00:00,ET,-37.0,127.5,35, ,-5,main
2001054S15155,2001,SP,ABIGAIL,2001-02-23 00:00:00,TS,-15.5,154.9,30,25,-1,main
2001054S15155,2001,SP,ABIGAIL,2001-02-23 03:00:00,TS,-15.9,153.8, ,28,-1,main
2001054S15155,2001,SP,ABIGAIL,2001-02-23 06:00:00,TS,-16.2,152.7,30,30,-1,main
2001054S15155,2001,SP,ABIGAIL,2001-02-23 09:00:00,TS,-16.5,151.6, ,30,-1,main
2001054S15155,2001,SP,ABIGAIL,2001-02-23 12:00:00,TS,-16.6,150.5,30,30,-1,main
2001054S15155,2001,SP,ABIGAIL,2001-02-23 15:00:00,TS,-16.6,149.5, ,30,-1,main
2001054S15155,2001,SP,ABIGAIL,2001-02-23 18:00:00,TS,-16.6,148.7,35,30,-1,main
2001054S15155,2001,SP,ABIGAIL,2001-02-23 21:00:00,TS,-16.6,147.8, ,30,-1,main
2001054S15155,2001,SP,ABIGAIL,2001-02-24 00:00:00,TS,-16.6,147.0,40,30,-1,main
2001054S15155,2001,SP,ABIGAIL,2001-02-24 02:00:00,TS,-16.6,146.4,40,30,-1,main
2001054S15155,2001,SP,ABIGAIL,2001-02-24 03:00:00,TS,-16.6,146.1, ,30,-1,main
2001054S15155,2001,SP,ABIGAIL,2001-02-24 06:00:00,TS,-16.5,145.4,30,30,-1,main
2001054S15155,2001,SP,ABIGAIL,2001-02-24 09:00:00,TS,-16.5,144.7, ,30,-1,main
2001054S15155,2001,SP,ABIGAIL,2001-02-24 12:00:00,TS,-16.4,144.1,20,30,-1,main
2001054S15155,2001,SP,ABIGAIL,2001-02-24 15:00:00,TS,-16.3,143.5, ,30,-1,main
2001054S15155,2001,SP,ABIGAIL,2001-02-24 18:00:00,TS,-16.2,142.9,20,30,-1,main
2001054S15155,2001,SP,ABIGAIL,2001-02-24 21:00:00,TS,-16.2,142.4, ,30,-1,main
2001054S15155,2001,SP,ABIGAIL,2001-02-25 00:00:00,TS,-16.3,141.9,30,30,-1,main
2001054S15155,2001,SP,ABIGAIL,2001-02-25 03:00:00,TS,-16.5,141.4, ,30,-1,main
2001054S15155,2001,SP,ABIGAIL,2001-02-25 06:00:00,TS,-16.7,141.0,30,30,-1,main
2001054S15155,2001,SP,ABIGAIL,2001-02-25 09:00:00,TS,-16.5,140.6, ,33,-1,main
2001054S15155,2001,SP,ABIGAIL,2001-02-25 12:00:00,TS,-16.2,140.3,35,35,0,main
2001054S15155,2001,SP,ABIGAIL,2001-02-25 15:00:00,TS,-16.1,140.1, ,38,0,main
2001054S15155,2001,SP,ABIGAIL,2001-02-25 18:00:00,TS,-16.1,140.0,45,40,0,main
2001054S15155,2001,SP,ABIGAIL,2001-02-25 21:00:00,TS,-16.1,139.8, ,45,0,main
2001054S15155,2001,SP,ABIGAIL,2001-02-26 00:00:00,TS,-16.1,139.6,50,50,0,main
2001054S15155,2001,SP,ABIGAIL,2001-02-26 03:00:00,TS,-16.3,139.5, ,53,0,main
2001054S15155,2001,SP,ABIGAIL,2001-02-26 06:00:00,TS,-16.4,139.3,60,55,0,main
2001054S15155,2001,SP,ABIGAIL,2001-02-26 09:00:00,TS,-16.6,138.9,65,58,0,main
2001054S15155,2001,SP,ABIGAIL,2001-02-26 12:00:00,TS,-16.7,138.5,65,60,0,main
2001054S15155,2001,SP,ABIGAIL,2001-02-26 15:00:00,TS,-16.8,138.1,65,60,0,main
2001054S15155,2001,SP,ABIGAIL,2001-02-26 18:00:00,TS,-16.8,137.8,60,60,0,main
2001054S15155,2001,SP,ABIGAIL,2001-02-26 21:00:00,TS,-16.9,137.4, ,58,0,main
2001054S15155,2001,SP,ABIGAIL,2001-02-27 00:00:00,TS,-17.0,136.9,40,55,0,main
2001054S15155,2001,SP,ABIGAIL,2001-02-27 03:00:00,TS,-17.0,136.5, ,50,0,main
2001054S15155,2001,SP,ABIGAIL,2001-02-27 06:00:00,TS,-17.1,136.1,30,45,0,main
2001054S15155,2001,SP,ABIGAIL,2001-02-27 09:00:00,TS,-17.4,135.7, ,43,0,main
2001054S15155,2001,SP,ABIGAIL,2001-02-27 12:00:00,TS,-17.6,135.4,30,40,0,main
2001054S15155,2001,SI,ABIGAIL,2001-02-27 15:00:00,TS,-17.6,135.0, ,38,0,main
2001054S15155,2001,SI,ABIGAIL,2001-02-27 18:00:00,TS,-17.6,134.6,30,35,0,main
2001054S15155,2001,SI,ABIGAIL,2001-02-27 21:00:00,TS,-17.6,134.2, ,33,-1,main
2001054S15155,2001,SI,ABIGAIL,2001-02-28 00:00:00,TS,-17.6,133.7,30,30,-1,main
2001054S15155,2001,SI,ABIGAIL,2001-02-28 03:00:00,TS,-17.5,133.3, ,28,-1,main
2001054S15155,2001,SI,ABIGAIL,2001-02-28 06:00:00,TS,-17.5,132.9,30,25,-1,main
2001054S15155,2001,SI,ABIGAIL,2001-02-28 09:00:00,TS,-17.4,132.5, ,25,-1,main
2001054S15155,2001,SI,ABIGAIL,2001-02-28 12:00:00,TS,-17.4,132.1,30,25,-1,main
2001054S15155,2001,SI,ABIGAIL,2001-02-28 15:00:00,TS,-17.4,131.7, ,25,-1,main
2001054S15155,2001,SI,ABIGAIL,2001-02-28 18:00:00,TS,-17.4,131.2,30,25,-1,main
2001054S15155,2001,SI,ABIGAIL,2001-02-28 21:00:00,TS,-17.5,130.8, ,25,-1,main
2001054S15155,2001,SI,ABIGAIL,2001-03-01 00:00:00,TS,-17.5,130.4,30,25,-1,main
2001054S15155,2001,SI,ABIGAIL,2001-03-01 03:00:00,TS,-17.5,129.9, ,25,-1,main
2001054S15155,2001,SI,ABIGAIL,2001-03-01 06:00:00,TS,-17.6,129.4,30,25,-1,main
2001054S15155,2001,SI,ABIGAIL,2001-03-01 09:00:00,TS,-17.6,128.9, ,25,-1,main
2001054S15155,2001,SI,ABIGAIL,2001-03-01 12:00:00,TS,-17.7,128.5,30,25,-1,main
2001054S15155,2001,SI,ABIGAIL,2001-03-01 15:00:00,TS,-17.8,128.1, ,25,-1,main
2001054S15155,2001,SI,ABIGAIL,2001-03-01 18:00:00,TS,-18.0,127.8,30,25,-1,main
2001054S15155,2001,SI,ABIGAIL,2001-03-01 21:00:00,TS,-18.2,127.5, ,25,-1,main
2001054S15155,2001,SI,ABIGAIL,2001-03-02 00:00:00,TS,-18.4,127.2,30,25,-1,main
2001054S15155,2001,SI,ABIGAIL,2001-03-02 03:00:00,TS,-18.6,126.9, ,25,-1,main
2001054S15155,2001,SI,ABIGAIL,2001-03-02 06:00:00,TS,-18.8,126.7,25,25,-1,main
2001054S15155,2001,SI,ABIGAIL,2001-03-02 09:00:00,TS,-19.1,126.4, ,25,-1,main
2001054S15155,2001,SI,ABIGAIL,2001-03-02 12:00:00,TS,-19.3,126.1,25,25,-1,main
2001054S15155,2001,SI,ABIGAIL,2001-03-02 15:00:00,TS,-19.5,125.7, ,25,-1,main
2001054S15155,2001,SI,ABIGAIL,2001-03-02 18:00:00,TS,-19.5,125.4,25,25,-1,main
2001054S15155,2001,SI,ABIGAIL,2001-03-02 21:00:00,TS,-19.6,125.1, ,25,-1,main
2001054S15155,2001,SI,ABIGAIL,2001-03-03 00:00:00,TS,-19.7,124.8,25,25,-1,main
2001054S15155,2001,SI,ABIGAIL,2001-03-03 03:00:00,TS,-19.7,124.6, ,25,-1,main
2001054S15155,2001,SI,ABIGAIL,2001-03-03 06:00:00,TS,-19.8,124.5,25,25,-1,main
2001054S15155,2001,SI,ABIGAIL,2001-03-03 09:00:00,TS,-19.9,124.4, ,25,-1,main
2001054S15155,2001,SI,ABIGAIL,2001-03-03 12:00:00,TS,-19.9,124.3,25,25,-1,main
2001054S15155,2001,SI,ABIGAIL,2001-03-03 15:00:00,TS,-20.0,124.3, ,25,-1,main
2001054S15155,2001,SI,ABIGAIL,2001-03-03 18:00:00,TS,-20.0,124.2,25,25,-1,main
2001054S15155,2001,SI,ABIGAIL,2001-03-03 21:00:00,TS,-20.2,124.2, ,25,-1,main
2001054S15155,2001,SI,ABIGAIL,2001-03-04 00:00:00,TS,-20.4,124.3,25,25,-1,main
2001054S15155,2001,SI,ABIGAIL,2001-03-04 03:00:00,TS,-20.7,124.4, , ,-5,main
2001054S15155,2001,SI,ABIGAIL,2001-03-04 06:00:00,TS,-21.0,124.4,25, ,-5,main
2001054S15155,2001,SI,ABIGAIL,2001-03-04 09:00:00,TS,-21.2,124.4, , ,-5,main
2001054S15155,2001,SI,ABIGAIL,2001-03-04 12:00:00,TS,-21.5,124.3,20, ,-5,main
2001054S15155,2001,SI,ABIGAIL,2001-03-04 15:00:00,TS,-21.8,124.2, , ,-5,main
2001054S15155,2001,SI,ABIGAIL,2001-03-04 18:00:00,TS,-22.0,124.2,20, ,-5,main
2001054S15155,2001,SI,ABIGAIL,2001-03-04 21:00:00,TS,-22.2,124.2, , ,-5,main
2001054S15155,2001,SI,ABIGAIL,2001-03-05 00:00:00,TS,-22.4,124.2,20, ,-5,main
2001054S15155,2001,SI,ABIGAIL,2001-03-05 03:00:00,TS,-22.5,124.2, , ,-5,main
2001054S15155,2001,SI,ABIGAIL,2001-03-05 06:00:00,TS,-22.6,124.3,20, ,-5,main
2001054S15155,2001,SI,ABIGAIL,2001-03-05 09:00:00,TS,-22.8,124.6, , ,-5,main
2001054S15155,2001,SI,ABIGAIL,2001-03-05 12:00:00,TS,-23.0,125.0,20, ,-5,main
2001054S15155,2001,SI,ABIGAIL,2001-03-05 15:00:00,TS,-23.3,125.5, , ,-5,main
2001054S15155,2001,SI,ABIGAIL,2001-03-05 18:00:00,TS,-23.7,125.9,20, ,-5,main
2001054S15155,2001,SI,ABIGAIL,2001-03-05 21:00:00,TS,-24.0,126.3, , ,-5,main
2001054S15155,2001,SI,ABIGAIL,2001-03-06 00:00:00,TS,-24.3,126.5,20, ,-5,main
2001054S15155,2001,SI,ABIGAIL,2001-03-06 03:00:00,TS,-24.5,126.7, , ,-5,main
2001054S15155,2001,SI,ABIGAIL,2001-03-06 06:00:00,TS,-24.7,126.7,20, ,-5,main
2001054S15155,2001,SI,ABIGAIL,2001-03-06 09:00:00,TS,-24.9,126.6, , ,-5,main
2001054S15155,2001,SI,ABIGAIL,2001-03-06 12:00:00,TS,-25.0,126.5,20, ,-5,main
2001054S15155,2001,SI,ABIGAIL,2001-03-06 15:00:00,TS,-25.1,126.3, , ,-5,main
2001054S15155,2001,SI,ABIGAIL,2001-03-06 18:00:00,TS,-25.2,126.2,20, ,-5,main
2001054S15155,2001,SI,ABIGAIL,2001-03-06 21:00:00,TS,-25.4,126.1, , ,-5,main
2001054S15155,2001,SI,ABIGAIL,2001-03-07 00:00:00,TS,-25.5,126.0,20, ,-5,main
2001054S15155,2001,SI,ABIGAIL,2001-03-07 03:00:00,TS,-25.6,125.8, , ,-5,main
2001054S15155,2001,SI,ABIGAIL,2001-03-07 06:00:00,TS,-25.6,125.7,20, ,-5,main
2001054S15155,2001,SI,ABIGAIL,2001-03-07 09:00:00,TS,-25.6,125.6, , ,-5,main
2001054S15155,2001,SI,ABIGAIL,2001-03-07 12:00:00,TS,-25.7,125.5,20, ,-5,main
2001054S15155,2001,SI,ABIGAIL,2001-03-07 15:00:00,TS,-25.8,125.3, , ,-5,main
2001054S15155,2001,SI,ABIGAIL,2001-03-07 18:00:00,TS,-26.0,125.0,15, ,-5,main
2001054S15155,2001,SI,ABIGAIL,2001-03-07 21:00:00,TS,-26.2,124.7, , ,-5,main
2001054S15155,2001,SI,ABIGAIL,2001-03-08 00:00:00,TS,-26.5,124.5,15, ,-5,main
2004041S14147,2004,SP,FRITZ,2004-02-10 06:00:00,TS,-13.8,146.7,30, ,-5,main
2004041S14147,2004,SP,FRITZ,2004-02-10 09:00:00,TS,-14.1,146.0, , ,-5,main
2004041S14147,2004,SP,FRITZ,2004-02-10 12:00:00,TS,-14.2,145.5,35,20,-1,main
2004041S14147,2004,SP,FRITZ,2004-02-10 15:00:00,TS,-14.3,144.9, ,20,-1,main
2004041S14147,2004,SP,FRITZ,2004-02-10 18:00:00,TS,-14.6,144.3,35,20,-1,main
2004041S14147,2004,SP,FRITZ,2004-02-10 21:00:00,TS,-14.9,143.8, ,20,-1,main
2004041S14147,2004,SP,FRITZ,2004-02-11 00:00:00,TS,-15.4,143.4,25,20,-1,main
2004041S14147,2004,SP,FRITZ,2004-02-11 03:00:00,TS,-15.8,142.8, ,20,-1,main
2004041S14147,2004,SP,FRITZ,2004-02-11 06:00:00,TS,-16.1,142.3,25,20,-1,main
2004041S14147,2004,SP,FRITZ,2004-02-11 09:00:00,TS,-16.2,141.7, ,23,-1,main
2004041S14147,2004,SP,FRITZ,2004-02-11 12:00:00,TS,-16.3,141.3,30,25,-1,main
2004041S14147,2004,SP,FRITZ,2004-02-11 15:00:00,TS,-16.4,140.9, ,28,-1,main
2004041S14147,2004,SP,FRITZ,2004-02-11 18:00:00,TS,-16.6,140.6,40,30,-1,main
2004041S14147,2004,SP,FRITZ,2004-02-11 21:00:00,TS,-16.6,140.2, ,33,-1,main
2004041S14147,2004,SP,FRITZ,2004-02-12 00:00:00,TS,-16.7,139.9,50,35,0,main
2004041S14147,2004,SP,FRITZ,2004-02-12 03:00:00,TS,-16.7,139.4, ,35,0,main
2004041S14147,2004,SP,FRITZ,2004-02-12 06:00:00,TS,-16.7,139.0,40,35,0,main
2004041S14147,2004,SP,FRITZ,2004-02-12 09:00:00,TS,-16.7,138.8, ,30,-1,main
2004041S14147,2004,SP,FRITZ,2004-02-12 12:00:00,TS,-16.9,138.5,40,25,-1,main
2004041S14147,2004,SP,FRITZ,2004-02-12 15:00:00,TS,-17.0,137.9, ,25,-1,main
2004041S14147,2004,SP,FRITZ,2004-02-12 18:00:00,TS,-17.0,137.2,30,25,-1,main
2004041S14147,2004,SP,FRITZ,2004-02-12 21:00:00,NR,-17.0,136.7, , ,-5,main
2004041S14147,2004,SP,FRITZ,2004-02-13 00:00:00,NR,-17.1,136.3,25, ,-5,main
2004041S14147,2004,SP,FRITZ,2004-02-13 03:00:00,NR,-17.3,136.0, , ,-5,main
2004041S14147,2004,SP,FRITZ,2004-02-13 06:00:00,NR,-17.6,135.6,25, ,-5,main
2004041S14147,2004,SI,FRITZ,2004-02-13 09:00:00,NR,-17.8,134.9, , ,-5,main
2004041S14147,2004,SI,FRITZ,2004-02-13 12:00:00,NR,-18.0,134.1,25, ,-5,main
2004041S14147,2004,SI,FRITZ,2004-02-13 15:00:00,NR,-18.2,133.3, , ,-5,main
2004041S14147,2004,SI,FRITZ,2004-02-13 18:00:00,NR,-18.4,132.5,25, ,-5,main
2004041S14147,2004,SI,FRITZ,2004-02-13 21:00:00,NR,-18.7,131.9, , ,-5,main
2004041S14147,2004,SI,FRITZ,2004-02-14 00:00:00,NR,-19.1,131.3,25, ,-5,main
2004041S14147,2004,SI,FRITZ,2004-02-14 03:00:00,NR,-19.4,130.7, , ,-5,main
2004041S14147,2004,SI,FRITZ,2004-02-14 06:00:00,NR,-19.7,130.1,25, ,-5,main
2004041S14147,2004,SI,FRITZ,2004-02-14 09:00:00,NR,-19.7,129.5, , ,-5,main
2004041S14147,2004,SI,FRITZ,2004-02-14 12:00:00,NR,-19.8,128.9,25, ,-5,main
2004041S14147,2004,SI,FRITZ,2004-02-14 15:00:00,NR,-20.0,128.3, , ,-5,main
2004041S14147,2004,SI,FRITZ,2004-02-14 18:00:00,NR,-20.4,127.7,20, ,-5,main
2004041S14147,2004,SI,FRITZ,2004-02-14 21:00:00,NR,-20.8,127.0, , ,-5,main
2004041S14147,2004,SI,FRITZ,2004-02-15 00:00:00,NR,-21.2,126.3,20, ,-5,main
2005063S12141,2005,SP,INGRID,2005-03-03 23:00:00,NR,-11.6,140.7, , ,-5,main
2005063S12141,2005,SP,INGRID,2005-03-04 00:00:00,MX,-11.4,140.5,20,15,-3,main
2005063S12141,2005,SP,INGRID,2005-03-04 03:00:00,MX,-11.5,140.8, ,15,-3,main
2005063S12141,2005,SP,INGRID,2005-03-04 06:00:00,MX,-11.6,141.1,20,15,-3,main
2005063S12141,2005,SP,INGRID,2005-03-04 09:00:00,MX,-11.7,141.5, ,15,-3,main
2005063S12141,2005,SP,INGRID,2005-03-04 11:00:00,MX,-11.7,141.8, ,15,-3,main
2005063S12141,2005,SP,INGRID,2005-03-04 12:00:00,MX,-11.7,141.9,25,15,-3,main
2005063S12141,2005,SP,INGRID,2005-03-04 15:00:00,MX,-11.7,142.4, ,15,-3,main
2005063S12141,2005,SP,INGRID,2005-03-04 18:00:00,MX,-11.7,143.0,25,15,-3,main
2005063S12141,2005,SP,INGRID,2005-03-04 21:00:00,MX,-11.6,143.6, ,18,-3,main
2005063S12141,2005,SP,INGRID,2005-03-04 23:00:00,MX,-11.6,144.0, ,19,-3,main
2005063S12141,2005,SP,INGRID,2005-03-05 00:00:00,MX,-11.7,144.2,30,20,-3,main
2005063S12141,2005,SP,INGRID,2005-03-05 03:00:00,MX,-11.8,144.7, ,23,-3,main
2005063S12141,2005,SP,INGRID,2005-03-05 05:00:00,MX,-11.9,145.1, ,24,-3,main
2005063S12141,2005,SP,INGRID,2005-03-05 06:00:00,TS,-12.0,145.3,30,25,-1,main
2005063S12141,2005,SP,INGRID,2005-03-05 09:00:00,TS,-12.1,145.8, ,25,-1,main
2005063S12141,2005,SP,INGRID,2005-03-05 11:00:00,TS,-12.1,146.2, ,25,-1,main
2005063S12141,2005,SP,INGRID,2005-03-05 12:00:00,TS,-12.2,146.3,35,25,-1,main
2005063S12141,2005,SP,INGRID,2005-03-05 15:00:00,TS,-12.3,146.9, ,28,-1,main
2005063S12141,2005,SP,INGRID,2005-03-05 18:00:00,TS,-12.4,147.4,35,30,-1,main
2005063S12141,2005,SP,INGRID,2005-03-05 21:00:00,TS,-12.5,147.7, ,30,-1,main
2005063S12141,2005,SP,INGRID,2005-03-06 00:00:00,TS,-12.7,147.9,40,30,-1,main
2005063S12141,2005,SP,INGRID,2005-03-06 02:00:00,TS,-12.8,148.1, ,35,0,main
2005063S12141,2005,SP,INGRID,2005-03-06 03:00:00,TS,-12.9,148.1,45,38,0,main
2005063S12141,2005,SP,INGRID,2005-03-06 06:00:00,TS,-13.2,148.3,50,45,0,main
2005063S12141,2005,SP,INGRID,2005-03-06 09:00:00,TS,-13.4,148.6, ,55,0,main
2005063S12141,2005,SP,INGRID,2005-03-06 12:00:00,TS,-13.6,148.8,70,65,1,main
2005063S12141,2005,SP,INGRID,2005-03-06 15:00:00,TS,-13.7,148.9, ,70,1,main
2005063S12141,2005,SP,INGRID,2005-03-06 18:00:00,TS,-13.8,149.0,80,75,1,main
2005063S12141,2005,SP,INGRID,2005-03-06 21:00:00,TS,-14.0,148.9, ,80,1,main
2005063S12141,2005,SP,INGRID,2005-03-07 00:00:00,TS,-14.1,148.8,85,85,2,main
2005063S12141,2005,SP,INGRID,2005-03-07 03:00:00,TS,-14.2,148.7, ,103,3,main
2005063S12141,2005,SP,INGRID,2005-03-07 06:00:00,TS,-14.3,148.6,100,120,4,main
2005063S12141,2005,SP,INGRID,2005-03-07 09:00:00,TS,-14.3,148.5, ,120,4,main
2005063S12141,2005,SP,INGRID,2005-03-07 12:00:00,TS,-14.2,148.3,100,120,4,main
2005063S12141,2005,SP,INGRID,2005-03-07 15:00:00,TS,-14.1,148.1, ,125,4,main
2005063S12141,2005,SP,INGRID,2005-03-07 18:00:00,TS,-14.0,147.9,110,130,4,main
2005063S12141,2005,SP,INGRID,2005-03-07 21:00:00,TS,-13.9,147.6, ,130,4,main
2005063S12141,2005,SP,INGRID,2005-03-08 00:00:00,TS,-13.9,147.4,115,130,4,main
2005063S12141,2005,SP,INGRID,2005-03-08 03:00:00,TS,-13.9,147.1, ,130,4,main
2005063S12141,2005,SP,INGRID,2005-03-08 06:00:00,TS,-13.9,146.9,120,130,4,main
2005063S12141,2005,SP,INGRID,2005-03-08 09:00:00,TS,-14.0,146.7, ,130,4,main
2005063S12141,2005,SP,INGRID,2005-03-08 12:00:00,TS,-13.9,146.5,115,130,4,main
2005063S12141,2005,SP,INGRID,2005-03-08 15:00:00,TS,-13.8,146.3, ,118,4,main
2005063S12141,2005,SP,INGRID,2005-03-08 18:00:00,TS,-13.7,146.1,110,105,3,main
2005063S12141,2005,SP,INGRID,2005-03-08 21:00:00,TS,-13.6,145.8, ,105,3,main
2005063S12141,2005,SP,INGRID,2005-03-09 00:00:00,TS,-13.6,145.5,110,105,3,main
2005063S12141,2005,SP,INGRID,2005-03-09 03:00:00,TS,-13.5,145.3, ,105,3,main
2005063S12141,2005,SP,INGRID,2005-03-09 06:00:00,TS,-13.5,145.0,100,105,3,main
2005063S12141,2005,SP,INGRID,2005-03-09 09:00:00,TS,-13.4,144.7, ,103,3,main
2005063S12141,2005,SP,INGRID,2005-03-09 12:00:00,TS,-13.4,144.4,90,100,3,main
2005063S12141,2005,SP,INGRID,2005-03-09 15:00:00,TS,-13.3,144.0,90,100,3,main
2005063S12141,2005,SP,INGRID,2005-03-09 16:00:00,TS,-13.3,143.9,90,100,3,main
2005063S12141,2005,SP,INGRID,2005-03-09 18:00:00,TS,-13.3,143.7,95,100,3,main
2005063S12141,2005,SP,INGRID,2005-03-09 19:00:00,TS,-13.2,143.6,95,96,3,main
2005063S12141,2005,SP,INGRID,2005-03-09 20:00:00,TS,-13.2,143.4,95,92,2,main
2005063S12141,2005,SP,INGRID,2005-03-09 21:00:00,TS,-13.2,143.3,85,88,2,main
2005063S12141,2005,SP,INGRID,2005-03-10 00:00:00,TS,-13.2,142.8,60,75,1,main
2005063S12141,2005,SP,INGRID,2005-03-10 03:00:00,TS,-13.3,142.3, ,70,1,main
2005063S12141,2005,SP,INGRID,2005-03-10 06:00:00,TS,-13.4,142.0,40,65,1,main
2005063S12141,2005,SP,INGRID,2005-03-10 09:00:00,TS,-13.3,141.6, ,60,0,main
2005063S12141,2005,SP,INGRID,2005-03-10 12:00:00,TS,-13.2,141.3,40,55,0,main
2005063S12141,2005,SP,INGRID,2005-03-10 15:00:00,TS,-13.1,140.8, ,58,0,main
2005063S12141,2005,SP,INGRID,2005-03-10 18:00:00,TS,-12.9,140.3,60,60,0,main
2005063S12141,2005,SP,INGRID,2005-03-10 21:00:00,TS,-12.7,139.8, ,63,0,main
2005063S12141,2005,SP,INGRID,2005-03-11 00:00:00,TS,-12.5,139.5,70,65,1,main
2005063S12141,2005,SP,INGRID,2005-03-11 03:00:00,TS,-12.4,139.1,80,73,1,main
2005063S12141,2005,SP,INGRID,2005-03-11 06:00:00,TS,-12.3,138.7,85,80,1,main
2005063S12141,2005,SP,INGRID,2005-03-11 09:00:00,TS,-12.2,138.2,90,100,3,main
2005063S12141,2005,SP,INGRID,2005-03-11 12:00:00,TS,-12.2,137.8,100,120,4,main
2005063S12141,2005,SP,INGRID,2005-03-11 15:00:00,TS,-12.1,137.3,115,120,4,main
2005063S12141,2005,SP,INGRID,2005-03-11 18:00:00,TS,-12.0,136.8,125,120,4,main
2005063S12141,2005,SP,INGRID,2005-03-11 21:00:00,TS,-11.8,136.3,125,123,4,main
2005063S12141,2005,SP,INGRID,2005-03-12 00:00:00,TS,-11.7,135.9,125,125,4,main
2005063S12141,2005,SP,INGRID,2005-03-12 03:00:00,TS,-11.6,135.3,125,130,4,main
2005063S12141,2005,SI,INGRID,2005-03-12 06:00:00,TS,-11.5,134.9,125,135,4,main
2005063S12141,2005,SI,INGRID,2005-03-12 09:00:00,TS,-11.4,134.4,125,135,4,main
2005063S12141,2005,SI,INGRID,2005-03-12 12:00:00,TS,-11.3,133.9,125,135,4,main
2005063S12141,2005,SI,INGRID,2005-03-12 15:00:00,TS,-11.3,133.3,115,128,4,main
2005063S12141,2005,SI,INGRID,2005-03-12 18:00:00,TS,-11.2,132.8,100,120,4,main
2005063S12141,2005,SI,INGRID,2005-03-12 21:00:00,TS,-11.2,132.3,90,120,4,main
2005063S12141,2005,SI,INGRID,2005-03-13 00:00:00,TS,-11.2,131.8,90,120,4,main
2005063S12141,2005,SI,INGRID,2005-03-13 03:00:00,TS,-11.2,131.5,80,110,3,main
2005063S12141,2005,SI,INGRID,2005-03-13 06:00:00,TS,-11.2,131.3,80,100,3,main
2005063S12141,2005,SI,INGRID,2005-03-13 09:00:00,TS,-11.2,131.0,70,100,3,main
2005063S12141,2005,SI,INGRID,2005-03-13 12:00:00,TS,-11.3,130.8,70,100,3,main
2005063S12141,2005,SI,INGRID,2005-03-13 15:00:00,TS,-11.3,130.5,70,100,3,main
2005063S12141,2005,SI,INGRID,2005-03-13 18:00:00,TS,-11.5,130.3,60,100,3,main
2005063S12141,2005,SI,INGRID,2005-03-13 21:00:00,TS,-11.5,130.0,60,100,3,main
2005063S12141,2005,SI,INGRID,2005-03-14 00:00:00,TS,-11.5,129.8,70,100,3,main
2005063S12141,2005,SI,INGRID,2005-03-14 03:00:00,TS,-11.6,129.5,70,100,3,main
2005063S12141,2005,SI,INGRID,2005-03-14 06:00:00,TS,-11.8,129.3,70,100,3,main
2005063S12141,2005,SI,INGRID,2005-03-14 09:00:00,TS,-11.9,129.0,80,108,3,main
2005063S12141,2005,SI,INGRID,2005-03-14 12:00:00,TS,-12.0,128.7,90,115,4,main
2005063S12141,2005,SI,INGRID,2005-03-14 15:00:00,TS,-12.1,128.5,90,115,4,main
2005063S12141,2005,SI,INGRID,2005-03-14 18:00:00,TS,-12.2,128.3,90,115,4,main
2005063S12141,2005,SI,INGRID,2005-03-14 21:00:00,TS,-12.5,128.2,100,115,4,main
2005063S12141,2005,SI,INGRID,2005-03-15 00:00:00,TS,-12.8,127.9,100,115,4,main
2005063S12141,2005,SI,INGRID,2005-03-15 03:00:00,TS,-13.0,127.7,100,123,4,main
2005063S12141,2005,SI,INGRID,2005-03-15 06:00:00,TS,-13.3,127.5,100,130,4,main
2005063S12141,2005,SI,INGRID,2005-03-15 09:00:00,TS,-13.5,127.3,100,128,4,main
2005063S12141,2005,SI,INGRID,2005-03-15 12:00:00,TS,-13.8,127.1,100,125,4,main
2005063S12141,2005,SI,INGRID,2005-03-15 12:30:00,TS,-13.8,127.1,100,122,4,main
2005063S12141,2005,SI,INGRID,2005-03-15 15:00:00,TS,-14.0,126.9,80,108,3,main
2005063S12141,2005,SI,INGRID,2005-03-15 18:00:00,TS,-14.2,126.7,70,90,2,main
2005063S12141,2005,SI,INGRID,2005-03-15 21:00:00,TS,-14.3,126.6,60,90,2,main
2005063S12141,2005,SI,INGRID,2005-03-16 00:00:00,TS,-14.4,126.6,55,90,2,main
2005063S12141,2005,SI,INGRID,2005-03-16 03:00:00,TS,-14.6,126.7,50,83,2,main
2005063S12141,2005,SI,INGRID,2005-03-16 06:00:00,TS,-14.8,126.9,45,75,1,main
2005063S12141,2005,SI,INGRID,2005-03-16 09:00:00,TS,-15.0,127.0,40,70,1,main
2005063S12141,2005,SI,INGRID,2005-03-16 12:00:00,TS,-15.1,127.3,40,65,1,main
2005063S12141,2005,SI,INGRID,2005-03-16 15:00:00,TS,-15.4,127.6,35,65,1,main
2005063S12141,2005,SI,INGRID,2005-03-16 18:00:00,TS,-15.8,127.9,35,65,1,main
2005063S12141,2005,SI,INGRID,2005-03-16 21:00:00,TS,-16.1,128.1,30,65,1,main
2005063S12141,2005,SI,INGRID,2005-03-17 00:00:00,TS,-16.5,128.3, ,65,1,main
2005063S12141,2005,SI,INGRID,2005-03-17 03:00:00,TS,-17.0,128.7, ,65,1,main
2005063S12141,2005,SI,INGRID,2005-03-17 06:00:00,TS,-17.5,129.1, ,65,1,main
2006106S10153,2006,SP,MONICA,2006-04-16 00:00:00,TS,-9.5,152.5,25, ,-5,main
2006106S10153,2006,SP,MONICA,2006-04-16 03:00:00,TS,-10.4,151.8, , ,-5,main
2006106S10153,2006,SP,MONICA,2006-04-16 06:00:00,TS,-11.1,151.3,25, ,-5,main
2006106S10153,2006,SP,MONICA,2006-04-16 09:00:00,TS,-11.4,151.1, , ,-5,main
2006106S10153,2006,SP,MONICA,2006-04-16 12:00:00,TS,-11.5,151.0,25, ,-5,main
2006106S10153,2006,SP,MONICA,2006-04-16 15:00:00,TS,-11.5,151.0, , ,-5,main
2006106S10153,2006,SP,MONICA,2006-04-16 18:00:00,TS,-11.4,150.9,35,25,-1,main
2006106S10153,2006,SP,MONICA,2006-04-16 21:00:00,TS,-11.6,150.6, ,28,-1,main
2006106S10153,2006,SP,MONICA,2006-04-17 00:00:00,TS,-11.9,150.3,40,30,-1,main
2006106S10153,2006,SP,MONICA,2006-04-17 03:00:00,TS,-12.2,150.0, ,35,0,main
2006106S10153,2006,SP,MONICA,2006-04-17 06:00:00,TS,-12.4,149.7,40,40,0,main
2006106S10153,2006,SP,MONICA,2006-04-17 09:00:00,TS,-12.6,149.5, ,43,0,main
2006106S10153,2006,SP,MONICA,2006-04-17 12:00:00,TS,-12.7,149.2,45,45,0,main
2006106S10153,2006,SP,MONICA,2006-04-17 15:00:00,TS,-12.8,148.8, ,48,0,main
2006106S10153,2006,SP,MONICA,2006-04-17 18:00:00,TS,-12.8,148.4,50,50,0,main
2006106S10153,2006,SP,MONICA,2006-04-17 21:00:00,TS,-12.9,148.0, ,50,0,main
2006106S10153,2006,SP,MONICA,2006-04-18 00:00:00,TS,-12.9,147.5,60,50,0,main
2006106S10153,2006,SP,MONICA,2006-04-18 03:00:00,TS,-13.0,147.0, ,53,0,main
2006106S10153,2006,SP,MONICA,2006-04-18 06:00:00,TS,-13.0,146.6,65,55,0,main
2006106S10153,2006,SP,MONICA,2006-04-18 09:00:00,TS,-13.0,146.1, ,58,0,main
2006106S10153,2006,SP,MONICA,2006-04-18 12:00:00,TS,-12.9,145.6,70,60,0,main
2006106S10153,2006,SP,MONICA,2006-04-18 15:00:00,TS,-12.9,145.2, ,65,1,main
2006106S10153,2006,SP,MONICA,2006-04-18 18:00:00,TS,-12.8,144.9,75,70,1,main
2006106S10153,2006,SP,MONICA,2006-04-18 21:00:00,TS,-12.9,144.5, ,80,1,main
2006106S10153,2006,SP,MONICA,2006-04-19 00:00:00,TS,-12.9,144.2,75,90,2,main
2006106S10153,2006,SP,MONICA,2006-04-19 03:00:00,TS,-13.1,143.8, ,88,2,main
2006106S10153,2006,SP,MONICA,2006-04-19 06:00:00,TS,-13.3,143.4,75,85,2,main
2006106S10153,2006,SP,MONICA,2006-04-19 09:00:00,TS,-13.5,143.0, ,78,1,main
2006106S10153,2006,SP,MONICA,2006-04-19 12:00:00,TS,-13.6,142.7,60,70,1,main
2006106S10153,2006,SP,MONICA,2006-04-19 15:00:00,TS,-13.7,142.3, ,65,1,main
2006106S10153,2006,SP,MONICA,2006-04-19 18:00:00,TS,-13.7,142.0,40,60,0,main
2006106S10153,2006,SP,MONICA,2006-04-19 21:00:00,TS,-13.8,141.6, ,60,0,main
2006106S10153,2006,SP,MONICA,2006-04-20 00:00:00,TS,-13.9,141.3,40,60,0,main
2006106S10153,2006,SP,MONICA,2006-04-20 03:00:00,TS,-14.0,141.0, ,60,0,main
2006106S10153,2006,SP,MONICA,2006-04-20 06:00:00,TS,-14.2,140.7,40,60,0,main
2006106S10153,2006,SP,MONICA,2006-04-20 09:00:00,TS,-14.1,140.5, ,63,0,main
2006106S10153,2006,SP,MONICA,2006-04-20 12:00:00,TS,-13.9,140.4,50,65,1,main
2006106S10153,2006,SP,MONICA,2006-04-20 15:00:00,TS,-13.8,140.3, ,68,1,main
2006106S10153,2006,SP,MONICA,2006-04-20 18:00:00,TS,-13.7,140.1,55,70,1,main
2006106S10153,2006,SP,MONICA,2006-04-20 21:00:00,TS,-13.6,140.1, ,75,1,main
2006106S10153,2006,SP,MONICA,2006-04-21 00:00:00,TS,-13.5,140.0,65,80,1,main
2006106S10153,2006,SP,MONICA,2006-04-21 03:00:00,TS,-13.4,139.9, ,85,2,main
2006106S10153,2006,SP,MONICA,2006-04-21 06:00:00,TS,-13.4,139.8,80,90,2,main
2006106S10153,2006,SP,MONICA,2006-04-21 09:00:00,TS,-13.2,139.8, ,95,2,main
2006106S10153,2006,SP,MONICA,2006-04-21 12:00:00,TS,-13.1,139.7,90,100,3,main
2006106S10153,2006,SP,MONICA,2006-04-21 15:00:00,TS,-13.0,139.6, ,105,3,main
2006106S10153,2006,SP,MONICA,2006-04-21 18:00:00,TS,-12.9,139.5,90,110,3,main
2006106S10153,2006,SP,MONICA,2006-04-21 21:00:00,TS,-12.8,139.4, ,113,4,main
2006106S10153,2006,SP,MONICA,2006-04-22 00:00:00,TS,-12.7,139.3,100,115,4,main
2006106S10153,2006,SP,MONICA,2006-04-22 03:00:00,TS,-12.6,139.2, ,120,4,main
2006106S10153,2006,SP,MONICA,2006-04-22 06:00:00,TS,-12.5,139.1,110,125,4,main
2006106S10153,2006,SP,MONICA,2006-04-22 09:00:00,TS,-12.3,138.9, ,125,4,main
2006106S10153,2006,SP,MONICA,2006-04-22 12:00:00,TS,-12.1,138.7,125,125,4,main
2006106S10153,2006,SP,MONICA,2006-04-22 15:00:00,TS,-11.9,138.6, ,128,4,main
2006106S10153,2006,SP,MONICA,2006-04-22 18:00:00,TS,-11.7,138.4,125,130,4,main
2006106S10153,2006,SP,MONICA,2006-04-22 21:00:00,TS,-11.5,138.2, ,135,4,main
2006106S10153,2006,SP,MONICA,2006-04-23 00:00:00,TS,-11.4,138.0,125,140,5,main
2006106S10153,2006,SP,MONICA,2006-04-23 03:00:00,TS,-11.4,137.7, ,145,5,main
2006106S10153,2006,SP,MONICA,2006-04-23 06:00:00,TS,-11.4,137.4,135,150,5,main
2006106S10153,2006,SP,MONICA,2006-04-23 09:00:00,TS,-11.3,137.1, ,153,5,main
2006106S10153,2006,SP,MONICA,2006-04-23 12:00:00,TS,-11.3,136.7,135,155,5,main
2006106S10153,2006,SP,MONICA,2006-04-23 15:00:00,TS,-11.3,136.3, ,155,5,main
2006106S10153,2006,SP,MONICA,2006-04-23 18:00:00,TS,-11.3,135.8,135,155,5,main
2006106S10153,2006,SP,MONICA,2006-04-23 21:00:00,TS,-11.4,135.5, ,155,5,main
2006106S10153,2006,SP,MONICA,2006-04-24 00:00:00,TS,-11.5,135.1,135,155,5,main
2006106S10153,2006,SI,MONICA,2006-04-24 03:00:00,TS,-11.6,134.8, ,155,5,main
2006106S10153,2006,SI,MONICA,2006-04-24 06:00:00,TS,-11.7,134.4,135,155,5,main
2006106S10153,2006,SI,MONICA,2006-04-24 09:00:00,TS,-11.9,134.0,135,135,4,main
2006106S10153,2006,SI,MONICA,2006-04-24 10:15:00,TS,-11.9,133.9,135,127,4,main
2006106S10153,2006,SI,MONICA,2006-04-24 12:00:00,TS,-12.1,133.7,90,115,4,main
2006106S10153,2006,SI,MONICA,2006-04-24 15:00:00,TS,-12.4,133.3, ,85,2,main
2006106S10153,2006,SI,MONICA,2006-04-24 18:00:00,TS,-12.6,132.8,50,55,0,main
2006106S10153,2006,SI,MONICA,2006-04-24 21:00:00,TS,-12.6,132.1,30,48,0,main
2006106S10153,2006,SI,MONICA,2006-04-25 00:00:00,TS,-12.5,131.5,25,40,0,main
2006106S10153,2006,SI,MONICA,2006-04-25 03:00:00,TS,-12.3,131.1, ,35,0,main
2006106S10153,2006,SI,MONICA,2006-04-25 06:00:00,TS,-12.2,130.7,25,30,-1,main
2006106S10153,2006,SI,MONICA,2006-04-25 09:00:00,TS,-12.3,130.5, ,30,-1,main
2006106S10153,2006,SI,MONICA,2006-04-25 12:00:00,TS,-12.4,130.3,30,30,-1,main
2006106S10153,2006,SI,MONICA,2006-04-25 15:00:00,TS,-12.6,130.2, ,30,-1,main
2006106S10153,2006,SI,MONICA,2006-04-25 18:00:00,TS,-12.8,130.1,30,30,-1,main
2006106S10153,2006,SI,MONICA,2006-04-25 21:00:00,TS,-13.1,129.9, ,28,-1,main
2006106S10153,2006,SI,MONICA,2006-04-26 00:00:00,TS,-13.3,129.8,30,25,-1,main
2006106S10153,2006,SI,MONICA,2006-04-26 03:00:00,TS,-13.4,129.6, ,25,-1,main
2006106S10153,2006,SI,MONICA,2006-04-26 06:00:00,TS,-13.6,129.5,30,25,-1,main
2006106S10153,2006,SI,MONICA,2006-04-26 09:00:00,TS,-13.8,129.6, ,25,-1,main
2006106S10153,2006,SI,MONICA,2006-04-26 12:00:00,TS,-13.9,129.8,20,25,-1,main
2006106S10153,2006,SI,MONICA,2006-04-26 15:00:00,TS,-14.1,130.0, ,25,-1,main
2006106S10153,2006,SI,MONICA,2006-04-26 18:00:00,TS,-14.4,130.2,20,25,-1,main
2006106S10153,2006,SI,MONICA,2006-04-26 21:00:00,TS,-14.9,130.5, , ,-5,main
2006106S10153,2006,SI,MONICA,2006-04-27 00:00:00,TS,-15.4,130.8,20, ,-5,main
2006106S10153,2006,SI,MONICA,2006-04-27 03:00:00,TS,-16.3,131.1, , ,-5,main
2006106S10153,2006,SI,MONICA,2006-04-27 06:00:00,TS,-17.1,131.4,20, ,-5,main
2006106S10153,2006,SI,MONICA,2006-04-27 09:00:00,TS,-17.4,131.6, , ,-5,main
2006106S10153,2006,SI,MONICA,2006-04-27 12:00:00,TS,-17.5,131.9,20, ,-5,main
2006106S10153,2006,SI,MONICA,2006-04-27 15:00:00,TS,-17.6,132.2, , ,-5,main
2006106S10153,2006,SI,MONICA,2006-04-27 18:00:00,TS,-17.8,132.6,20, ,-5,main
2007365S15134,2008,SI,HELEN,2007-12-30 18:00:00,DS,-14.6,134.4, ,25,-3,main
2007365S15134,2008,SI,HELEN,2007-12-30 21:00:00,DS,-14.8,134.6, ,25,-3,main
2007365S15134,2008,SI,HELEN,2007-12-31 00:00:00,MX,-14.8,134.8,15,25,-3,main
2007365S15134,2008,SI,HELEN,2007-12-31 03:00:00,MX,-15.0,134.9, ,25,-3,main
2007365S15134,2008,SP,HELEN,2007-12-31 06:00:00,MX,-15.2,135.0,15,25,-3,main
2007365S15134,2008,SP,HELEN,2007-12-31 09:00:00,MX,-15.4,135.0, ,25,-3,main
2007365S15134,2008,SI,HELEN,2007-12-31 12:00:00,MX,-15.6,135.0,15,25,-3,main
2007365S15134,2008,SI,HELEN,2007-12-31 15:00:00,MX,-15.8,134.8, ,25,-3,main
2007365S15134,2008,SI,HELEN,2007-12-31 18:00:00,MX,-15.9,134.7,15,25,-3,main
2007365S15134,2008,SI,HELEN,2007-12-31 21:00:00,MX,-15.9,134.5, ,23,-3,main
2007365S15134,2008,SI,HELEN,2008-01-01 00:00:00,MX,-16.0,134.3,15,20,-3,main
2007365S15134,2008,SI,HELEN,2008-01-01 03:00:00,MX,-15.9,134.1, ,20,-3,main
2007365S15134,2008,SI,HELEN,2008-01-01 06:00:00,MX,-15.9,133.7,15,20,-3,main
2007365S15134,2008,SI,HELEN,2008-01-01 09:00:00,MX,-15.8,133.2, ,20,-3,main
2007365S15134,2008,SI,HELEN,2008-01-01 12:00:00,MX,-15.7,132.7,15,20,-3,main
2007365S15134,2008,SI,HELEN,2008-01-01 15:00:00,MX,-15.6,132.0, ,20,-3,main
2007365S15134,2008,SI,HELEN,2008-01-01 18:00:00,MX,-15.5,131.5,15,20,-3,main
2007365S15134,2008,SI,HELEN,2008-01-01 21:00:00,MX,-15.2,130.9, ,20,-3,main
2007365S15134,2008,SI,HELEN,2008-01-02 00:00:00,MX,-14.9,130.5,15,20,-3,main
2007365S15134,2008,SI,HELEN,2008-01-02 03:00:00,MX,-14.6,130.1, ,20,-3,main
2007365S15134,2008,SI,HELEN,2008-01-02 06:00:00,MX,-14.5,129.9,15,20,-3,main
2007365S15134,2008,SI,HELEN,2008-01-02 09:00:00,MX,-14.3,129.6, ,23,-3,main
2007365S15134,2008,SI,HELEN,2008-01-02 12:00:00,MX,-14.2,129.3,20,25,-3,main
2007365S15134,2008,SI,HELEN,2008-01-02 15:00:00,MX,-14.1,129.0, ,25,-3,main
2007365S15134,2008,SI,HELEN,2008-01-02 18:00:00,TS,-14.1,128.8,25,25,-1,main
2007365S15134,2008,SI,HELEN,2008-01-02 21:00:00,TS,-14.1,128.5, ,25,-1,main
2007365S15134,2008,SI,HELEN,2008-01-03 00:00:00,TS,-14.2,128.3,25,25,-1,main
2007365S15134,2008,SI,HELEN,2008-01-03 03:00:00,TS,-14.2,128.1, ,28,-1,main
2007365S15134,2008,SI,HELEN,2008-01-03 06:00:00,TS,-14.2,127.9,25,30,-1,main
2007365S15134,2008,SI,HELEN,2008-01-03 09:00:00,TS,-14.2,127.8, ,33,-1,main
2007365S15134,2008,SI,HELEN,2008-01-03 12:00:00,TS,-14.2,127.8,30,35,0,main
2007365S15134,2008,SI,HELEN,2008-01-03 15:00:00,TS,-14.1,127.7, ,35,0,main
2007365S15134,2008,SI,HELEN,2008-01-03 18:00:00,TS,-14.0,127.7,30,35,0,main
2007365S15134,2008,SI,HELEN,2008-01-03 21:00:00,TS,-13.7,127.8, ,35,0,main
2007365S15134,2008,SI,HELEN,2008-01-04 00:00:00,TS,-13.4,128.1,35,35,0,main
2007365S15134,2008,SI,HELEN,2008-01-04 03:00:00,TS,-13.3,128.5,40,40,0,main
2007365S15134,2008,SI,HELEN,2008-01-04 06:00:00,TS,-13.3,128.9,45,45,0,main
2007365S15134,2008,SI,HELEN,2008-01-04 09:00:00,TS,-13.2,129.4,50,48,0,main
2007365S15134,2008,SI,HELEN,2008-01-04 12:00:00,TS,-13.2,129.9,50,50,0,main
2007365S15134,2008,SI,HELEN,2008-01-04 15:00:00,TS,-13.2,130.4,50,48,0,main
2007365S15134,2008,SI,HELEN,2008-01-04 18:00:00,TS,-13.3,131.0,45,45,0,main
2007365S15134,2008,SI,HELEN,2008-01-04 21:00:00,TS,-13.3,131.5,35,43,0,main
2007365S15134,2008,SI,HELEN,2008-01-05 00:00:00,TS,-13.4,132.2,30,40,0,main
2007365S15134,2008,SI,HELEN,2008-01-05 03:00:00,TS,-13.3,132.9, ,35,0,main
2007365S15134,2008,SI,HELEN,2008-01-05 06:00:00,TS,-13.3,133.7,25,30,-1,main
2007365S15134,2008,SI,HELEN,2008-01-05 09:00:00,TS,-13.4,134.4, ,30,-1,main
2007365S15134,2008,SP,HELEN,2008-01-05 12:00:00,TS,-13.5,135.2,25,30,-1,main
2007365S15134,2008,SP,HELEN,2008-01-05 15:00:00,TS,-13.5,135.9, ,30,-1,main
2007365S15134,2008,SP,HELEN,2008-01-05 18:00:00,TS,-13.6,136.7,25,30,-1,main
2007365S15134,2008,SP,HELEN,2008-01-05 21:00:00,TS,-13.6,137.6, ,30,-1,main
2007365S15134,2008,SP,HELEN,2008-01-06 00:00:00,TS,-13.8,138.5,25,30,-1,main
2007365S15134,2008,SP,HELEN,2008-01-06 03:00:00,TS,-14.0,139.4, ,30,-1,main
2007365S15134,2008,SP,HELEN,2008-01-06 06:00:00,TS,-14.2,140.3,25,30,-1,main
2007365S15134,2008,SP,HELEN,2008-01-06 09:00:00,TS,-14.3,140.9, ,28,-1,main
2007365S15134,2008,SP,HELEN,2008-01-06 12:00:00,TS,-14.3,141.4, ,25,-1,main
2007365S15134,2008,SP,HELEN,2008-01-06 15:00:00,TS,-14.3,141.7, ,25,-1,main
2007365S15134,2008,SP,HELEN,2008-01-06 18:00:00,TS,-14.4,142.0, ,25,-1,main
2007365S15134,2008,SP,HELEN,2008-01-06 21:00:00,TS,-14.5,142.3, ,23,-1,main
2007365S15134,2008,SP,HELEN,2008-01-07 00:00:00,TS,-14.6,142.6, ,20,-1,main
2007365S15134,2008,SP,HELEN,2008-01-07 03:00:00,TS,-14.7,143.0, ,20,-1,main
2007365S15134,2008,SP,HELEN,2008-01-07 06:00:00,TS,-14.9,143.4, ,20,-1,main
2011028S13180,2011,SP,YASI,2011-01-28 00:00:00,NR,-13.2,179.7,20, ,-5,main
2011028S13180,2011,SP,YASI,2011-01-28 03:00:00,NR,-13.0,179.5, , ,-5,main
2011028S13180,2011,SP,YASI,2011-01-28 06:00:00,NR,-13.0,179.1,25, ,-5,main
2011028S13180,2011,SP,YASI,2011-01-28 09:00:00,NR,-13.3,178.2, , ,-5,main
2011028S13180,2011,SP,YASI,2011-01-28 12:00:00,NR,-13.8,177.0,25, ,-5,main
2011028S13180,2011,SP,YASI,2011-01-28 15:00:00,NR,-14.2,175.4, , ,-5,main
2011028S13180,2011,SP,YASI,2011-01-28 18:00:00,NR,-14.5,174.1,25, ,-5,main
2011028S13180,2011,SP,YASI,2011-01-28 21:00:00,NR,-14.4,173.7, , ,-5,main
2011028S13180,2011,SP,YASI,2011-01-29 00:00:00,TS,-14.3,173.7,25,20,-1,main
2011028S13180,2011,SP,YASI,2011-01-29 03:00:00,TS,-14.4,173.4, ,23,-1,main
2011028S13180,2011,SP,YASI,2011-01-29 06:00:00,TS,-14.3,172.9,25,25,-1,main
2011028S13180,2011,SP,YASI,2011-01-29 09:00:00,TS,-14.1,172.2, ,28,-1,main
2011028S13180,2011,SP,YASI,2011-01-29 12:00:00,TS,-13.8,171.6,25,30,-1,main
2011028S13180,2011,SP,YASI,2011-01-29 15:00:00,TS,-13.6,171.3, ,30,-1,main
2011028S13180,2011,SP,YASI,2011-01-29 18:00:00,TS,-13.4,171.1,30,30,-1,main
2011028S13180,2011,SP,YASI,2011-01-29 21:00:00,TS,-13.3,170.7, ,35,0,main
2011028S13180,2011,SP,YASI,2011-01-30 00:00:00,TS,-13.2,170.2,30,40,0,main
2011028S13180,2011,SP,YASI,2011-01-30 03:00:00,TS,-13.2,169.7, ,43,0,main
2011028S13180,2011,SP,YASI,2011-01-30 06:00:00,TS,-13.3,169.1,35,45,0,main
2011028S13180,2011,SP,YASI,2011-01-30 09:00:00,TS,-13.4,168.4, ,48,0,main
2011028S13180,2011,SP,YASI,2011-01-30 12:00:00,TS,-13.5,167.6,45,50,0,main
2011028S13180,2011,SP,YASI,2011-01-30 15:00:00,TS,-13.6,166.8, ,55,0,main
2011028S13180,2011,SP,YASI,2011-01-30 18:00:00,TS,-13.6,166.0,45,60,0,main
2011028S13180,2011,SP,YASI,2011-01-30 21:00:00,TS,-13.7,165.1, ,63,0,main
2011028S13180,2011,SP,YASI,2011-01-31 00:00:00,TS,-13.7,164.3,55,65,1,main
2011028S13180,2011,SP,YASI,2011-01-31 03:00:00,TS,-13.7,163.4, ,70,1,main
2011028S13180,2011,SP,YASI,2011-01-31 06:00:00,TS,-13.6,162.4,65,75,1,main
2011028S13180,2011,SP,YASI,2011-01-31 09:00:00,TS,-13.6,161.7, ,83,2,main
2011028S13180,2011,SP,YASI,2011-01-31 12:00:00,TS,-13.5,160.7,80,90,2,main
2011028S13180,2011,SP,YASI,2011-01-31 14:00:00,TS,-13.6,159.9, ,90,2,main
2011028S13180,2011,SP,YASI,2011-01-31 15:00:00,TS,-13.6,159.5, ,90,2,main
2011028S13180,2011,SP,YASI,2011-01-31 18:00:00,TS,-13.7,158.6,75,90,2,main
2011028S13180,2011,SP,YASI,2011-01-31 21:00:00,TS,-13.9,157.6, ,93,2,main
2011028S13180,2011,SP,YASI,2011-02-01 00:00:00,TS,-14.1,156.7,80,95,2,main
2011028S13180,2011,SP,YASI,2011-02-01 03:00:00,TS,-14.2,155.8, ,98,3,main
2011028S13180,2011,SP,YASI,2011-02-01 06:00:00,TS,-14.4,155.0,90,100,3,main
2011028S13180,2011,SP,YASI,2011-02-01 09:00:00,TS,-14.6,154.1, ,110,3,main
2011028S13180,2011,SP,YASI,2011-02-01 12:00:00,TS,-15.0,153.3,105,120,4,main
2011028S13180,2011,SP,YASI,2011-02-01 15:00:00,TS,-15.3,152.5, ,123,4,main
2011028S13180,2011,SP,YASI,2011-02-01 18:00:00,TS,-15.8,151.7,105,125,4,main
2011028S13180,2011,SP,YASI,2011-02-01 21:00:00,TS,-16.1,150.7, ,128,4,main
2011028S13180,2011,SP,YASI,2011-02-02 00:00:00,TS,-16.5,149.8,105,130,4,main
2011028S13180,2011,SP,YASI,2011-02-02 03:00:00,TS,-16.8,148.9, ,133,4,main
2011028S13180,2011,SP,YASI,2011-02-02 06:00:00,TS,-17.1,148.1,110,135,4,main
2011028S13180,2011,SP,YASI,2011-02-02 09:00:00,TS,-17.2,147.5, ,135,4,main
2011028S13180,2011,SP,YASI,2011-02-02 12:00:00,TS,-17.5,146.9,110,135,4,main
2011028S13180,2011,SP,YASI,2011-02-02 14:30:00,TS,-17.9,146.1,110,125,4,main
2011028S13180,2011,SP,YASI,2011-02-02 15:00:00,TS,-17.9,146.0, ,123,4,main
2011028S13180,2011,SP,YASI,2011-02-02 18:00:00,TS,-18.4,145.1,85,110,3,main
2011028S13180,2011,SP,YASI,2011-02-02 21:00:00,TS,-18.9,144.1, ,95,2,main
2011028S13180,2011,SP,YASI,2011-02-03 00:00:00,TS,-19.3,143.2,50,80,1,main
2011028S13180,2011,SP,YASI,2011-02-03 03:00:00,TS,-19.7,142.3, ,65,1,main
2011028S13180,2011,SP,YASI,2011-02-03 06:00:00,TS,-19.9,141.6,35,50,0,main
2011028S13180,2011,SP,YASI,2011-02-03 09:00:00,TS,-20.2,141.0, ,45,0,main
2011028S13180,2011,SP,YASI,2011-02-03 12:00:00,TS,-20.4,140.4,30,40,0,main
2011028S13180,2011,SP,YASI,2011-02-03 15:00:00,TS,-20.7,139.9, ,35,0,main
2011028S13180,2011,SP,YASI,2011-02-03 18:00:00,TS,-21.0,139.4, ,30,-1,main
2011028S13180,2011,SP,YASI,2011-02-03 21:00:00,TS,-21.3,138.9, ,30,-1,main
2011028S13180,2011,SP,YASI,2011-02-04 00:00:00,TS,-21.6,138.5, ,30,-1,main
2011028S13180,2011,SP,YASI,2011-02-04 03:00:00,TS,-22.0,138.1, ,28,-1,main
2011028S13180,2011,SP,YASI,2011-02-04 06:00:00,TS,-22.4,137.8, ,25,-1,main
2011028S13180,2011,SP,YASI,2011-02-04 09:00:00,TS,-22.8,137.4, ,25,-1,main
2011028S13180,2011,SP,YASI,2011-02-04 12:00:00,TS,-23.2,137.0, ,25,-1,main
2011028S13180,2011,SP,YASI,2011-02-04 15:00:00,TS,-23.7,136.7, ,25,-1,main
2011028S13180,2011,SP,YASI,2011-02-04 18:00:00,TS,-24.2,136.4, ,25,-1,main
2011028S13180,2011,SP,YASI,2011-02-04 21:00:00,TS,-24.6,135.9, ,25,-1,main
2011028S13180,2011,SP,YASI,2011-02-05 00:00:00,TS,-24.9,135.4, ,25,-1,main
2011028S13180,2011,SP,YASI,2011-02-05 03:00:00,TS,-25.2,135.2, ,25,-1,main
2011028S13180,2011,SP,YASI,2011-02-05 06:00:00,TS,-25.3,135.1, ,25,-1,main
2011028S13180,2011,SI,YASI,2011-02-05 09:00:00,TS,-25.3,134.8, ,25,-1,main
2011028S13180,2011,SI,YASI,2011-02-05 12:00:00,TS,-25.3,134.5, ,25,-1,main
2011028S13180,2011,SI,YASI,2011-02-05 15:00:00,TS,-25.2,134.2, ,25,-1,main
2011028S13180,2011,SI,YASI,2011-02-05 18:00:00,TS,-25.1,133.8, ,25,-1,main
2011028S13180,2011,SI,YASI,2011-02-05 21:00:00,TS,-25.0,133.3, ,25,-1,main
2011028S13180,2011,SI,YASI,2011-02-06 00:00:00,TS,-25.0,132.8, ,25,-1,main
2011028S13180,2011,SI,YASI,2011-02-06 03:00:00,TS,-24.9,132.2, ,25,-1,main
2011028S13180,2011,SI,YASI,2011-02-06 06:00:00,TS,-24.8,131.6, ,25,-1,main
2011028S13180,2011,SI,YASI,2011-02-06 09:00:00,TS,-24.7,131.2, ,25,-1,main
2011028S13180,2011,SI,YASI,2011-02-06 12:00:00,TS,-24.7,130.9, ,25,-1,main
2011028S13180,2011,SI,YASI,2011-02-06 15:00:00,TS,-24.7,130.4, ,25,-1,main
2011028S13180,2011,SI,YASI,2011-02-06 18:00:00,TS,-24.7,129.8, ,25,-1,main
2015068S12151,2015,SP,NATHAN,2015-03-09 00:00:00,DS,-12.4,151.3,20, ,-5,main
2015068S12151,2015,SP,NATHAN,2015-03-09 03:00:00,DS,-12.4,151.1, , ,-5,main
2015068S12151,2015,SP,NATHAN,2015-03-09 06:00:00,TS,-12.4,150.9,30, ,-5,main
2015068S12151,2015,SP,NATHAN,2015-03-09 09:00:00,TS,-12.4,150.7, , ,-5,main
2015068S12151,2015,SP,NATHAN,2015-03-09 12:00:00,TS,-12.5,150.6,30,25,-1,main
2015068S12151,2015,SP,NATHAN,2015-03-09 15:00:00,TS,-12.5,150.3, ,28,-1,main
2015068S12151,2015,SP,NATHAN,2015-03-09 18:00:00,TS,-12.6,150.1,30,30,-1,main
2015068S12151,2015,SP,NATHAN,2015-03-09 21:00:00,TS,-12.7,149.8, ,33,-1,main
2015068S12151,2015,SP,NATHAN,2015-03-10 00:00:00,TS,-12.8,149.6,30,35,0,main
2015068S12151,2015,SP,NATHAN,2015-03-10 03:00:00,TS,-12.9,149.3, ,35,0,main
2015068S12151,2015,SP,NATHAN,2015-03-10 06:00:00,TS,-13.1,148.9,35,35,0,main
2015068S12151,2015,SP,NATHAN,2015-03-10 09:00:00,TS,-13.2,148.5, ,38,0,main
2015068S12151,2015,SP,NATHAN,2015-03-10 12:00:00,TS,-13.3,148.2,45,40,0,main
2015068S12151,2015,SP,NATHAN,2015-03-10 15:00:00,TS,-13.4,147.9, ,43,0,main
2015068S12151,2015,SP,NATHAN,2015-03-10 18:00:00,TS,-13.6,147.5,45,45,0,main
2015068S12151,2015,SP,NATHAN,2015-03-10 21:00:00,TS,-13.7,147.1, ,45,0,main
2015068S12151,2015,SP,NATHAN,2015-03-11 00:00:00,TS,-13.8,146.8,50,45,0,main
2015068S12151,2015,SP,NATHAN,2015-03-11 03:00:00,TS,-13.8,146.6, ,45,0,main
2015068S12151,2015,SP,NATHAN,2015-03-11 06:00:00,TS,-13.8,146.4,50,45,0,main
2015068S12151,2015,SP,NATHAN,2015-03-11 09:00:00,TS,-13.8,146.2, ,48,0,main
2015068S12151,2015,SP,NATHAN,2015-03-11 12:00:00,TS,-13.8,146.0,50,50,0,main
2015068S12151,2015,SP,NATHAN,2015-03-11 15:00:00,TS,-13.8,145.9, ,53,0,main
2015068S12151,2015,SP,NATHAN,2015-03-11 18:00:00,TS,-13.8,145.8,50,55,0,main
2015068S12151,2015,SP,NATHAN,2015-03-11 21:00:00,TS,-13.9,145.6, ,55,0,main
2015068S12151,2015,SP,NATHAN,2015-03-12 00:00:00,TS,-14.0,145.4,55,55,0,main
2015068S12151,2015,SP,NATHAN,2015-03-12 03:00:00,TS,-13.9,145.2, ,55,0,main
2015068S12151,2015,SP,NATHAN,2015-03-12 06:00:00,TS,-13.9,145.1,55,55,0,main
2015068S12151,2015,SP,NATHAN,2015-03-12 09:00:00,TS,-13.8,145.0, ,55,0,main
2015068S12151,2015,SP,NATHAN,2015-03-12 12:00:00,TS,-13.7,145.0,55,55,0,main
2015068S12151,2015,SP,NATHAN,2015-03-12 15:00:00,TS,-13.6,145.0, ,55,0,main
2015068S12151,2015,SP,NATHAN,2015-03-12 18:00:00,TS,-13.5,145.1,50,55,0,main
2015068S12151,2015,SP,NATHAN,2015-03-12 21:00:00,TS,-13.4,145.1, ,55,0,main
2015068S12151,2015,SP,NATHAN,2015-03-13 00:00:00,TS,-13.4,145.2,50,55,0,main
2015068S12151,2015,SP,NATHAN,2015-03-13 03:00:00,TS,-13.3,145.2, ,55,0,main
2015068S12151,2015,SP,NATHAN,2015-03-13 06:00:00,TS,-13.3,145.2,50,55,0,main
2015068S12151,2015,SP,NATHAN,2015-03-13 09:00:00,TS,-13.2,145.1, ,55,0,main
2015068S12151,2015,SP,NATHAN,2015-03-13 12:00:00,TS,-13.2,145.1,45,55,0,main
2015068S12151,2015,SP,NATHAN,2015-03-13 15:00:00,TS,-13.1,145.1, ,53,0,main
2015068S12151,2015,SP,NATHAN,2015-03-13 18:00:00,TS,-13.1,145.2,45,50,0,main
2015068S12151,2015,SP,NATHAN,2015-03-13 21:00:00,TS,-13.2,145.3, ,48,0,main
2015068S12151,2015,SP,NATHAN,2015-03-14 00:00:00,TS,-13.2,145.5,45,45,0,main
2015068S12151,2015,SP,NATHAN,2015-03-14 03:00:00,TS,-13.1,145.7, ,45,0,main
2015068S12151,2015,SP,NATHAN,2015-03-14 06:00:00,TS,-13.1,146.0,40,45,0,main
2015068S12151,2015,SP,NATHAN,2015-03-14 09:00:00,TS,-13.2,146.4, ,43,0,main
2015068S12151,2015,SP,NATHAN,2015-03-14 12:00:00,TS,-13.3,146.9,40,40,0,main
2015068S12151,2015,SP,NATHAN,2015-03-14 15:00:00,TS,-13.3,147.2, ,40,0,main
2015068S12151,2015,SP,NATHAN,2015-03-14 18:00:00,TS,-13.3,147.6,40,40,0,main
2015068S12151,2015,SP,NATHAN,2015-03-14 21:00:00,TS,-13.3,148.1, ,43,0,main
2015068S12151,2015,SP,NATHAN,2015-03-15 00:00:00,TS,-13.4,148.5,40,45,0,main
2015068S12151,2015,SP,NATHAN,2015-03-15 03:00:00,TS,-13.4,148.8, ,45,0,main
2015068S12151,2015,SP,NATHAN,2015-03-15 06:00:00,TS,-13.5,149.0,45,45,0,main
2015068S12151,2015,SP,NATHAN,2015-03-15 09:00:00,TS,-13.5,149.2, ,45,0,main
2015068S12151,2015,SP,NATHAN,2015-03-15 12:00:00,TS,-13.6,149.5,50,45,0,main
2015068S12151,2015,SP,NATHAN,2015-03-15 15:00:00,TS,-13.6,149.7, ,48,0,main
2015068S12151,2015,SP,NATHAN,2015-03-15 18:00:00,TS,-13.8,149.8,50,50,0,main
2015068S12151,2015,SP,NATHAN,2015-03-15 21:00:00,TS,-13.8,149.8, ,53,0,main
2015068S12151,2015,SP,NATHAN,2015-03-16 00:00:00,TS,-13.9,149.9,55,55,0,main
2015068S12151,2015,SP,NATHAN,2015-03-16 03:00:00,TS,-14.0,149.9, ,53,0,main
2015068S12151,2015,SP,NATHAN,2015-03-16 06:00:00,TS,-14.1,150.0,55,50,0,main
2015068S12151,2015,SP,NATHAN,2015-03-16 09:00:00,TS,-14.1,149.9, ,50,0,main
2015068S12151,2015,SP,NATHAN,2015-03-16 12:00:00,TS,-14.2,149.8,50,45,0,main
2015068S12151,2015,SP,NATHAN,2015-03-16 15:00:00,TS,-14.2,149.7, ,45,0,main
2015068S12151,2015,SP,NATHAN,2015-03-16 18:00:00,TS,-14.3,149.7,45,45,0,main
2015068S12151,2015,SP,NATHAN,2015-03-16 21:00:00,TS,-14.3,149.7, ,45,0,main
2015068S12151,2015,SP,NATHAN,2015-03-17 00:00:00,TS,-14.4,149.7,40,45,0,main
2015068S12151,2015,SP,NATHAN,2015-03-17 03:00:00,TS,-14.5,149.7, ,43,0,main
2015068S12151,2015,SP,NATHAN,2015-03-17 06:00:00,TS,-14.7,149.7,40,40,0,main
2015068S12151,2015,SP,NATHAN,2015-03-17 09:00:00,TS,-14.8,149.7, ,40,0,main
2015068S12151,2015,SP,NATHAN,2015-03-17 12:00:00,TS,-14.9,149.7,35,40,0,main
2015068S12151,2015,SP,NATHAN,2015-03-17 15:00:00,TS,-15.0,149.6, ,43,0,main
2015068S12151,2015,SP,NATHAN,2015-03-17 18:00:00,TS,-15.0,149.4,40,45,0,main
2015068S12151,2015,SP,NATHAN,2015-03-17 21:00:00,TS,-15.0,149.3, ,48,0,main
2015068S12151,2015,SP,NATHAN,2015-03-18 00:00:00,TS,-15.0,149.2,50,50,0,main
2015068S12151,2015,SP,NATHAN,2015-03-18 03:00:00,TS,-15.0,149.1, ,58,0,main
2015068S12151,2015,SP,NATHAN,2015-03-18 06:00:00,TS,-15.0,149.1,65,65,1,main
2015068S12151,2015,SP,NATHAN,2015-03-18 09:00:00,TS,-14.9,148.9, ,70,1,main
2015068S12151,2015,SP,NATHAN,2015-03-18 12:00:00,TS,-14.8,148.8,75,75,1,main
2015068S12151,2015,SP,NATHAN,2015-03-18 15:00:00,TS,-14.7,148.5, ,78,1,main
2015068S12151,2015,SP,NATHAN,2015-03-18 18:00:00,TS,-14.7,148.2,75,80,1,main
2015068S12151,2015,SP,NATHAN,2015-03-18 21:00:00,TS,-14.7,147.8, ,83,2,main
2015068S12151,2015,SP,NATHAN,2015-03-19 00:00:00,TS,-14.7,147.5,70,85,2,main
2015068S12151,2015,SP,NATHAN,2015-03-19 03:00:00,TS,-14.7,147.2, ,88,2,main
2015068S12151,2015,SP,NATHAN,2015-03-19 06:00:00,TS,-14.7,146.9,75,90,2,main
2015068S12151,2015,SP,NATHAN,2015-03-19 09:00:00,TS,-14.7,146.5, ,93,2,main
2015068S12151,2015,SP,NATHAN,2015-03-19 12:00:00,TS,-14.8,146.0,80,95,2,main
2015068S12151,2015,SP,NATHAN,2015-03-19 15:00:00,TS,-14.8,145.5, ,98,3,main
2015068S12151,2015,SP,NATHAN,2015-03-19 18:00:00,TS,-14.7,145.1,80,100,3,main
2015068S12151,2015,SP,NATHAN,2015-03-19 18:30:00,TS,-14.7,145.0,80,98,3,main
2015068S12151,2015,SP,NATHAN,2015-03-19 21:00:00,TS,-14.6,144.6,65,90,2,main
2015068S12151,2015,SP,NATHAN,2015-03-20 00:00:00,TS,-14.5,144.2,55,80,1,main
2015068S12151,2015,SP,NATHAN,2015-03-20 03:00:00,TS,-14.5,143.7, ,73,1,main
2015068S12151,2015,SP,NATHAN,2015-03-20 06:00:00,TS,-14.4,143.2,45,65,1,main
2015068S12151,2015,SP,NATHAN,2015-03-20 09:00:00,TS,-14.4,142.7, ,58,0,main
2015068S12151,2015,SP,NATHAN,2015-03-20 12:00:00,TS,-14.4,142.3,35,50,0,main
2015068S12151,2015,SP,NATHAN,2015-03-20 15:00:00,TS,-14.2,141.8, ,45,0,main
2015068S12151,2015,SP,NATHAN,2015-03-20 18:00:00,TS,-14.0,141.3,30,40,0,main
2015068S12151,2015,SP,NATHAN,2015-03-20 21:00:00,TS,-13.8,140.7, ,43,0,main
2015068S12151,2015,SP,NATHAN,2015-03-21 00:00:00,TS,-13.7,140.2,40,45,0,main
2015068S12151,2015,SP,NATHAN,2015-03-21 03:00:00,TS,-13.7,139.7, ,48,0,main
2015068S12151,2015,SP,NATHAN,2015-03-21 06:00:00,TS,-13.7,139.3,40,50,0,main
2015068S12151,2015,SP,NATHAN,2015-03-21 09:00:00,TS,-13.6,138.8, ,53,0,main
2015068S12151,2015,SP,NATHAN,2015-03-21 12:00:00,TS,-13.4,138.4,50,55,0,main
2015068S12151,2015,SP,NATHAN,2015-03-21 15:00:00,TS,-13.2,137.9, ,58,0,main
2015068S12151,2015,SP,NATHAN,2015-03-21 18:00:00,TS,-13.0,137.6,60,60,0,main
2015068S12151,2015,SP,NATHAN,2015-03-21 21:00:00,TS,-12.8,137.2,60,63,0,main
2015068S12151,2015,SP,NATHAN,2015-03-22 00:00:00,TS,-12.7,136.8,70,65,1,main
2015068S12151,2015,SP,NATHAN,2015-03-22 03:00:00,TS,-12.4,136.4,55,65,1,main
2015068S12151,2015,SP,NATHAN,2015-03-22 06:00:00,TS,-12.2,136.1,55,65,1,main
2015068S12151,2015,SP,NATHAN,2015-03-22 09:00:00,TS,-11.9,135.9,50,63,0,main
2015068S12151,2015,SP,NATHAN,2015-03-22 12:00:00,TS,-11.8,135.7,55,60,0,main
2015068S12151,2015,SP,NATHAN,2015-03-22 15:00:00,TS,-11.7,135.5,60,65,1,main
2015068S12151,2015,SP,NATHAN,2015-03-22 18:00:00,TS,-11.7,135.2,60,65,1,main
2015068S12151,2015,SI,NATHAN,2015-03-22 21:00:00,TS,-11.7,134.9,60,65,1,main
2015068S12151,2015,SI,NATHAN,2015-03-23 00:00:00,TS,-11.6,134.7,55,65,1,main
2015068S12151,2015,SI,NATHAN,2015-03-23 03:00:00,TS,-11.5,134.5,55,65,1,main
2015068S12151,2015,SI,NATHAN,2015-03-23 06:00:00,TS,-11.5,134.4,55,65,1,main
2015068S12151,2015,SI,NATHAN,2015-03-23 09:00:00,TS,-11.4,134.2,50,60,0,main
2015068S12151,2015,SI,NATHAN,2015-03-23 12:00:00,TS,-11.5,134.0,50,55,0,main
2015068S12151,2015,SI,NATHAN,2015-03-23 15:00:00,TS,-11.6,133.8,50,53,0,main
2015068S12151,2015,SI,NATHAN,2015-03-23 18:00:00,TS,-11.7,133.7,45,50,0,main
2015068S12151,2015,SI,NATHAN,2015-03-23 21:00:00,TS,-11.9,133.5,35,43,0,main
2015068S12151,2015,SI,NATHAN,2015-03-24 00:00:00,TS,-12.2,133.2,30,35,0,main
2015068S12151,2015,SI,NATHAN,2015-03-24 03:00:00,TS,-12.4,133.0, ,33,-1,main
2015068S12151,2015,SI,NATHAN,2015-03-24 06:00:00,TS,-12.5,132.7,25,30,-1,main
2015068S12151,2015,SI,NATHAN,2015-03-24 09:00:00,TS,-12.5,132.5, , ,-5,main
2015068S12151,2015,SI,NATHAN,2015-03-24 12:00:00,TS,-12.5,132.3,20, ,-5,main
2015068S12151,2015,SI,NATHAN,2015-03-24 15:00:00,TS,-12.5,132.1, , ,-5,main
2015068S12151,2015,SI,NATHAN,2015-03-24 18:00:00,TS,-12.5,132.0,20, ,-5,main
2015068S12151,2015,SI,NATHAN,2015-03-24 21:00:00,TS,-12.6,131.9, , ,-5,main
2015068S12151,2015,SI,NATHAN,2015-03-25 00:00:00,TS,-12.8,131.7,20, ,-5,main
2015068S12151,2015,SI,NATHAN,2015-03-25 03:00:00,TS,-12.9,131.2, , ,-5,main
2015068S12151,2015,SI,NATHAN,2015-03-25 06:00:00,TS,-13.0,130.6,20, ,-5,main
2015068S12151,2015,SI,NATHAN,2015-03-25 09:00:00,TS,-13.3,130.3, , ,-5,main
2015068S12151,2015,SI,NATHAN,2015-03-25 12:00:00,TS,-13.5,130.1,20, ,-5,main
2015068S12151,2015,SI,NATHAN,2015-03-25 15:00:00,TS,-13.5,129.9, , ,-5,main
2015068S12151,2015,SI,NATHAN,2015-03-25 18:00:00,TS,-13.5,129.6,20, ,-5,main
2015068S12151,2015,SI,NATHAN,2015-03-25 21:00:00,TS,-13.4,129.4, , ,-5,main
2015068S12151,2015,SI,NATHAN,2015-03-26 00:00:00,TS,-13.4,129.2,20, ,-5,main
2015068S12151,2015,SI,NATHAN,2015-03-26 03:00:00,TS,-13.4,129.0, , ,-5,main
2015068S12151,2015,SI,NATHAN,2015-03-26 06:00:00,TS,-13.4,128.7,20, ,-5,main
2015068S12151,2015,SI,NATHAN,2015-03-26 09:00:00,TS,-13.4,128.4, , ,-5,main
2015068S12151,2015,SI,NATHAN,2015-03-26 12:00:00,TS,-13.5,128.0,20, ,-5,main
2015068S12151,2015,SI,NATHAN,2015-03-26 15:00:00,TS,-13.5,127.4, , ,-5,main
2015068S12151,2015,SI,NATHAN,2015-03-26 18:00:00,TS,-13.4,126.9,20, ,-5,main
2015068S12151,2015,SI,NATHAN,2015-03-26 21:00:00,TS,-13.3,126.5, , ,-5,main
2015068S12151,2015,SI,NATHAN,2015-03-27 00:00:00,TS,-13.3,126.2,20, ,-5,main
2019129S10160,2019,SP,ANN,2019-05-09 00:00:00,TS,-10.1,160.2,15, ,-5,main
2019129S10160,2019,SP,ANN,2019-05-09 03:00:00,TS,-10.5,160.1, , ,-5,main
2019129S10160,2019,SP,ANN,2019-05-09 06:00:00,TS,-10.8,160.1,15, ,-5,main
2019129S10160,2019,SP,ANN,2019-05-09 09:00:00,TS,-11.1,160.1, , ,-5,main
2019129S10160,2019,SP,ANN,2019-05-09 12:00:00,TS,-11.3,160.1,15, ,-5,main
2019129S10160,2019,SP,ANN,2019-05-09 15:00:00,TS,-11.6,160.1, , ,-5,main
2019129S10160,2019,SP,ANN,2019-05-09 18:00:00,TS,-11.8,160.0,15, ,-5,main
2019129S10160,2019,SP,ANN,2019-05-09 21:00:00,TS,-12.0,159.9, , ,-5,main
2019129S10160,2019,SP,ANN,2019-05-10 00:00:00,TS,-12.2,159.9,15, ,-5,main
2019129S10160,2019,SP,ANN,2019-05-10 03:00:00,TS,-12.6,159.9, , ,-5,main
2019129S10160,2019,SP,ANN,2019-05-10 06:00:00,TS,-13.0,159.9,20, ,-5,main
2019129S10160,2019,SP,ANN,2019-05-10 09:00:00,TS,-13.5,159.9, , ,-5,main
2019129S10160,2019,SP,ANN,2019-05-10 12:00:00,MX,-14.0,159.7,20,15,-3,main
2019129S10160,2019,SP,ANN,2019-05-10 15:00:00,MX,-14.4,159.6, ,18,-3,main
2019129S10160,2019,SP,ANN,2019-05-10 18:00:00,MX,-14.7,159.6,25,20,-3,main
2019129S10160,2019,SP,ANN,2019-05-10 21:00:00,MX,-15.0,159.6, ,23,-3,main
2019129S10160,2019,SP,ANN,2019-05-11 00:00:00,TS,-15.2,159.6,30,25,-1,main
2019129S10160,2019,SP,ANN,2019-05-11 03:00:00,TS,-15.5,159.7, ,28,-1,main
2019129S10160,2019,SP,ANN,2019-05-11 06:00:00,TS,-15.7,159.7,35,30,-1,main
2019129S10160,2019,SP,ANN,2019-05-11 09:00:00,TS,-15.9,159.6, ,33,-1,main
2019129S10160,2019,SP,ANN,2019-05-11 12:00:00,TS,-16.1,159.5,40,35,0,main
2019129S10160,2019,SP,ANN,2019-05-11 15:00:00,TS,-16.2,159.3, ,38,0,main
2019129S10160,2019,SP,ANN,2019-05-11 18:00:00,TS,-16.3,159.1,40,40,0,main
2019129S10160,2019,SP,ANN,2019-05-11 21:00:00,TS,-16.2,158.8, ,43,0,main
2019129S10160,2019,SP,ANN,2019-05-12 00:00:00,TS,-16.2,158.5,45,45,0,main
2019129S10160,2019,SP,ANN,2019-05-12 03:00:00,TS,-16.2,158.2, ,50,0,main
2019129S10160,2019,SP,ANN,2019-05-12 06:00:00,TS,-16.1,157.9,45,55,0,main
2019129S10160,2019,SP,ANN,2019-05-12 09:00:00,TS,-16.0,157.4, ,55,0,main
2019129S10160,2019,SP,ANN,2019-05-12 12:00:00,TS,-16.0,157.0,50,55,0,main
2019129S10160,2019,SP,ANN,2019-05-12 15:00:00,TS,-16.0,156.4, ,58,0,main
2019129S10160,2019,SP,ANN,2019-05-12 18:00:00,TS,-15.9,155.7,55,60,0,main
2019129S10160,2019,SP,ANN,2019-05-12 21:00:00,TS,-15.8,155.0, ,58,0,main
2019129S10160,2019,SP,ANN,2019-05-13 00:00:00,TS,-15.6,154.3,50,55,0,main
2019129S10160,2019,SP,ANN,2019-05-13 03:00:00,TS,-15.5,153.6, ,53,0,main
2019129S10160,2019,SP,ANN,2019-05-13 06:00:00,TS,-15.5,152.9,45,50,0,main
2019129S10160,2019,SP,ANN,2019-05-13 09:00:00,TS,-15.3,152.2, ,48,0,main
2019129S10160,2019,SP,ANN,2019-05-13 12:00:00,TS,-15.2,151.5,45,45,0,main
2019129S10160,2019,SP,ANN,2019-05-13 15:00:00,TS,-15.1,150.9, ,45,0,main
2019129S10160,2019,SP,ANN,2019-05-13 18:00:00,TS,-15.0,150.3,40,45,0,main
2019129S10160,2019,SP,ANN,2019-05-13 21:00:00,TS,-14.8,149.7, ,43,0,main
2019129S10160,2019,SP,ANN,2019-05-14 00:00:00,TS,-14.7,149.1,35,40,0,main
2019129S10160,2019,SP,ANN,2019-05-14 03:00:00,TS,-14.6,148.3, ,38,0,main
2019129S10160,2019,SP,ANN,2019-05-14 06:00:00,TS,-14.5,147.6,35,35,0,main
2019129S10160,2019,SP,ANN,2019-05-14 09:00:00,TS,-14.2,146.9, ,33,-1,main
2019129S10160,2019,SP,ANN,2019-05-14 12:00:00,TS,-13.9,146.3,30,30,-1,main
2019129S10160,2019,SP,ANN,2019-05-14 15:00:00,TS,-13.6,145.7, ,33,-1,main
2019129S10160,2019,SP,ANN,2019-05-14 18:00:00,TS,-13.3,145.1,30,35,0,main
2019129S10160,2019,SP,ANN,2019-05-14 21:00:00,TS,-13.0,144.5, ,33,-1,main
2019129S10160,2019,SP,ANN,2019-05-15 00:00:00,TS,-12.8,143.8,25,30,-1,main
2019129S10160,2019,SP,ANN,2019-05-15 03:00:00,TS,-12.7,143.1, ,28,-1,main
2019129S10160,2019,SP,ANN,2019-05-15 06:00:00,TS,-12.6,142.4,25,25,-1,main
2019129S10160,2019,SP,ANN,2019-05-15 09:00:00,TS,-12.4,141.7, ,25,-1,main
2019129S10160,2019,SP,ANN,2019-05-15 12:00:00,TS,-12.2,141.0,25,25,-1,main
2019129S10160,2019,SP,ANN,2019-05-15 15:00:00,TS,-11.9,140.3, ,25,-1,main
2019129S10160,2019,SP,ANN,2019-05-15 18:00:00,TS,-11.7,139.6,25,25,-1,main
2019129S10160,2019,SP,ANN,2019-05-15 21:00:00,TS,-11.4,139.0, ,25,-1,main
2019129S10160,2019,SP,ANN,2019-05-16 00:00:00,TS,-11.2,138.5,25,25,-1,main
2019129S10160,2019,SP,ANN,2019-05-16 03:00:00,TS,-11.1,137.9, ,23,-1,main
2019129S10160,2019,SP,ANN,2019-05-16 06:00:00,MX,-11.1,137.3,25,20,-3,main
2019129S10160,2019,SP,ANN,2019-05-16 09:00:00,MX,-11.0,136.7, ,20,-3,main
2019129S10160,2019,SP,ANN,2019-05-16 12:00:00,MX,-10.9,136.2,25,20,-3,main
2019129S10160,2019,SP,ANN,2019-05-16 15:00:00,MX,-10.6,135.7, ,23,-3,main
2019129S10160,2019,SP,ANN,2019-05-16 18:00:00,TS,-10.3,135.2,25,25,-1,main
2019129S10160,2019,SI,ANN,2019-05-16 21:00:00,TS,-10.1,134.6, ,25,-1,main
2019129S10160,2019,SI,ANN,2019-05-17 00:00:00,TS,-9.9,134.0,25,25,-1,main
2019129S10160,2019,SI,ANN,2019-05-17 03:00:00,TS,-9.8,133.3, ,23,-1,main
2019129S10160,2019,SI,ANN,2019-05-17 06:00:00,MX,-9.6,132.7,25,20,-3,main
2019129S10160,2019,SI,ANN,2019-05-17 09:00:00,MX,-9.2,132.2, ,20,-3,main
2019129S10160,2019,SI,ANN,2019-05-17 12:00:00,MX,-8.8,131.8,25,20,-3,main
2019129S10160,2019,SI,ANN,2019-05-17 15:00:00,MX,-8.5,131.3, ,20,-3,main
2019129S10160,2019,SI,ANN,2019-05-17 18:00:00,MX,-8.3,130.8,20,20,-3,main
2019129S10160,2019,SI,ANN,2019-05-17 21:00:00,MX,-8.0,130.3, ,18,-3,main
2019129S10160,2019,SI,ANN,2019-05-18 00:00:00,MX,-7.7,129.9,20,15,-3,main
2019129S10160,2019,SI,ANN,2019-05-18 03:00:00,TS,-7.5,129.5, , ,-3,main
2019129S10160,2019,SI,ANN,2019-05-18 06:00:00,TS,-7.4,129.0,20, ,-5,main
2019129S10160,2019,SI,ANN,2019-05-18 09:00:00,TS,-7.2,128.5, , ,-5,main
2019129S10160,2019,SI,ANN,2019-05-18 12:00:00,TS,-7.0,128.1,20, ,-5,main
2021358S09130,2022,SI,SETH,2021-12-23 12:00:00,TS,-8.7,130.0,15, ,-5,main
2021358S09130,2022,SI,SETH,2021-12-23 15:00:00,TS,-8.9,130.0, , ,-5,main
2021358S09130,2022,SI,SETH,2021-12-23 18:00:00,TS,-9.2,129.9,15, ,-5,main
2021358S09130,2022,SI,SETH,2021-12-23 21:00:00,TS,-9.5,129.8, , ,-5,main
2021358S09130,2022,SI,SETH,2021-12-24 00:00:00,MX,-9.8,129.8,15,20,-3,main
2021358S09130,2022,SI,SETH,2021-12-24 03:00:00,MX,-10.1,129.8, ,23,-3,main
2021358S09130,2022,SI,SETH,2021-12-24 06:00:00,TS,-10.3,129.8,15,25,-1,main
2021358S09130,2022,SI,SETH,2021-12-24 09:00:00,TS,-10.4,129.9, ,25,-1,main
2021358S09130,2022,SI,SETH,2021-12-24 12:00:00,TS,-10.6,130.0,15,25,-1,main
2021358S09130,2022,SI,SETH,2021-12-24 15:00:00,TS,-10.8,130.1, ,25,-1,main
2021358S09130,2022,SI,SETH,2021-12-24 18:00:00,TS,-11.1,130.1,20,25,-1,main
2021358S09130,2022,SI,SETH,2021-12-24 21:00:00,TS,-11.3,130.1, ,25,-1,main
2021358S09130,2022,SI,SETH,2021-12-25 00:00:00,TS,-11.5,130.1,25,25,-1,main
2021358S09130,2022,SI,SETH,2021-12-25 03:00:00,TS,-11.7,130.1, ,25,-1,main
2021358S09130,2022,SI,SETH,2021-12-25 06:00:00,TS,-11.9,130.1,25,25,-1,main
2021358S09130,2022,SI,SETH,2021-12-25 09:00:00,TS,-12.3,130.1, ,28,-1,main
2021358S09130,2022,SI,SETH,2021-12-25 12:00:00,TS,-12.6,130.2,25,30,-1,main
2021358S09130,2022,SI,SETH,2021-12-25 15:00:00,TS,-12.7,130.3, ,30,-1,main
2021358S09130,2022,SI,SETH,2021-12-25 18:00:00,TS,-12.8,130.4,25,30,-1,main
2021358S09130,2022,SI,SETH,2021-12-25 21:00:00,TS,-13.0,130.4, ,28,-1,main
2021358S09130,2022,SI,SETH,2021-12-26 00:00:00,TS,-13.3,130.5,20,25,-1,main
2021358S09130,2022,SI,SETH,2021-12-26 03:00:00,TS,-13.5,130.5, ,25,-1,main
2021358S09130,2022,SI,SETH,2021-12-26 06:00:00,TS,-13.8,130.6,20,25,-1,main
2021358S09130,2022,SI,SETH,2021-12-26 09:00:00,TS,-13.9,130.6, ,25,-1,main
2021358S09130,2022,SI,SETH,2021-12-26 12:00:00,TS,-14.0,130.6,20,25,-1,main
2021358S09130,2022,SI,SETH,2021-12-26 15:00:00,TS,-14.1,130.7, ,25,-1,main
2021358S09130,2022,SI,SETH,2021-12-26 18:00:00,TS,-14.2,130.7,20,25,-1,main
2021358S09130,2022,SI,SETH,2021-12-26 21:00:00,TS,-14.1,130.7, ,25,-1,main
2021358S09130,2022,SI,SETH,2021-12-27 00:00:00,TS,-13.9,130.7,20,25,-1,main
2021358S09130,2022,SI,SETH,2021-12-27 03:00:00,TS,-13.8,130.8, ,25,-1,main
2021358S09130,2022,SI,SETH,2021-12-27 06:00:00,TS,-13.8,131.0,15,25,-1,main
2021358S09130,2022,SI,SETH,2021-12-27 09:00:00,TS,-13.8,131.3, ,23,-1,main
2021358S09130,2022,SI,SETH,2021-12-27 12:00:00,MX,-13.9,131.8,15,20,-3,main
2021358S09130,2022,SI,SETH,2021-12-27 15:00:00,MX,-13.9,132.2, ,20,-3,main
2021358S09130,2022,SI,SETH,2021-12-27 18:00:00,MX,-14.0,132.8,15,20,-3,main
2021358S09130,2022,SI,SETH,2021-12-27 21:00:00,MX,-14.1,133.2, ,20,-3,main
2021358S09130,2022,SI,SETH,2021-12-28 00:00:00,MX,-14.2,133.8,15,20,-3,main
2021358S09130,2022,SI,SETH,2021-12-28 03:00:00,MX,-14.2,134.5, ,20,-3,main
2021358S09130,2022,SP,SETH,2021-12-28 06:00:00,MX,-14.3,135.3,15,20,-3,main
2021358S09130,2022,SP,SETH,2021-12-28 09:00:00,MX,-14.3,136.0, ,23,-3,main
2021358S09130,2022,SP,SETH,2021-12-28 12:00:00,TS,-14.3,136.8,20,25,-1,main
2021358S09130,2022,SP,SETH,2021-12-28 15:00:00,TS,-14.4,137.4, ,25,-1,main
2021358S09130,2022,SP,SETH,2021-12-28 18:00:00,TS,-14.5,138.1,25,25,-1,main
2021358S09130,2022,SP,SETH,2021-12-28 21:00:00,TS,-14.7,138.9, ,28,-1,main
2021358S09130,2022,SP,SETH,2021-12-29 00:00:00,TS,-14.9,139.9,25,30,-1,main
2021358S09130,2022,SP,SETH,2021-12-29 03:00:00,TS,-15.1,140.9, ,30,-1,main
2021358S09130,2022,SP,SETH,2021-12-29 06:00:00,TS,-15.3,141.9,25,30,-1,main
2021358S09130,2022,SP,SETH,2021-12-29 09:00:00,TS,-15.5,142.6, ,28,-1,main
2021358S09130,2022,SP,SETH,2021-12-29 12:00:00,TS,-15.9,143.4,15,25,-1,main
2021358S09130,2022,SP,SETH,2021-12-29 15:00:00,TS,-16.5,144.4, ,25,-1,main
2021358S09130,2022,SP,SETH,2021-12-29 18:00:00,TS,-17.1,145.5,15,25,-1,main
2021358S09130,2022,SP,SETH,2021-12-29 21:00:00,TS,-17.3,146.3, ,28,-1,main
2021358S09130,2022,SP,SETH,2021-12-30 00:00:00,TS,-17.5,147.2,30,30,-1,main
2021358S09130,2022,SP,SETH,2021-12-30 03:00:00,TS,-17.6,148.1, ,30,-1,main
2021358S09130,2022,SP,SETH,2021-12-30 06:00:00,TS,-17.7,149.0,30,30,-1,main
2021358S09130,2022,SP,SETH,2021-12-30 09:00:00,TS,-17.7,149.7, ,30,-1,main
2021358S09130,2022,SP,SETH,2021-12-30 12:00:00,TS,-17.7,150.4,30,30,-1,main
2021358S09130,2022,SP,SETH,2021-12-30 15:00:00,TS,-17.9,150.9, ,33,-1,main
2021358S09130,2022,SP,SETH,2021-12-30 18:00:00,TS,-18.3,151.4,30,35,0,main
2021358S09130,2022,SP,SETH,2021-12-30 21:00:00,TS,-18.7,152.1, ,38,0,main
2021358S09130,2022,SP,SETH,2021-12-31 00:00:00,TS,-19.3,152.9,40,40,0,main
2021358S09130,2022,SP,SETH,2021-12-31 03:00:00,TS,-19.7,153.6, ,45,0,main
2021358S09130,2022,SP,SETH,2021-12-31 06:00:00,TS,-20.0,154.2,50,50,0,main
2021358S09130,2022,SP,SETH,2021-12-31 09:00:00,TS,-20.4,154.8, ,50,0,main
2021358S09130,2022,SP,SETH,2021-12-31 12:00:00,TS,-20.7,155.3,55,50,0,main
2021358S09130,2022,SP,SETH,2021-12-31 15:00:00,TS,-20.9,155.6, ,48,0,main
2021358S09130,2022,SP,SETH,2021-12-31 18:00:00,TS,-21.0,155.9,45,45,0,main
2021358S09130,2022,SP,SETH,2021-12-31 21:00:00,TS,-21.1,156.3, ,43,0,main
2021358S09130,2022,SP,SETH,2022-01-01 00:00:00,TS,-21.3,156.7,45,40,0,main
2021358S09130,2022,SP,SETH,2022-01-01 03:00:00,TS,-21.5,157.1, ,40,0,main
2021358S09130,2022,SP,SETH,2022-01-01 06:00:00,MX,-21.7,157.5,45,40,-4,main
2021358S09130,2022,SP,SETH,2022-01-01 09:00:00,MX,-22.0,157.9, ,38,-4,main
2021358S09130,2022,SP,SETH,2022-01-01 12:00:00,MX,-22.5,158.3,40,35,-4,main
2021358S09130,2022,SP,SETH,2022-01-01 15:00:00,MX,-23.1,158.6, ,35,-4,main
2021358S09130,2022,SP,SETH,2022-01-01 18:00:00,MX,-23.9,158.8,40,35,-4,main
2021358S09130,2022,SP,SETH,2022-01-01 21:00:00,MX,-24.9,158.9, ,38,-4,main
2021358S09130,2022,SP,SETH,2022-01-02 00:00:00,MX,-25.8,159.0,40,40,-4,main
2021358S09130,2022,SP,SETH,2022-01-02 03:00:00,MX,-26.3,158.8, ,40,-4,main
2021358S09130,2022,SP,SETH,2022-01-02 06:00:00,MX,-26.5,158.6,40,40,-4,main
2021358S09130,2022,SP,SETH,2022-01-02 09:00:00,MX,-26.8,158.5, ,40,-4,main
2021358S09130,2022,SP,SETH,2022-01-02 12:00:00,MX,-27.1,158.3,35,40,-4,main
2021358S09130,2022,SP,SETH,2022-01-02 15:00:00,SS,-27.3,158.0, , ,-4,main
2021358S09130,2022,SP,SETH,2022-01-02 18:00:00,SS,-27.5,157.7,30, ,-5,main
2021358S09130,2022,SP,SETH,2022-01-02 21:00:00,SS,-27.7,157.5, , ,-5,main
2021358S09130,2022,SP,SETH,2022-01-03 00:00:00,SS,-27.9,157.3,25, ,-5,main
2021358S09130,2022,SP,SETH,2022-01-03 03:00:00,SS,-28.0,157.3, , ,-5,main
2021358S09130,2022,SP,SETH,2022-01-03 06:00:00,SS,-28.1,157.3,25, ,-5,main
2021358S09130,2022,SP,SETH,2022-01-03 09:00:00,SS,-28.1,157.2, , ,-5,main
2021358S09130,2022,SP,SETH,2022-01-03 12:00:00,SS,-28.1,157.0,25, ,-5,main
2021358S09130,2022,SP,SETH,2022-01-03 15:00:00,SS,-28.1,156.6, , ,-5,main
2021358S09130,2022,SP,SETH,2022-01-03 18:00:00,SS,-28.0,156.2,25, ,-5,main
2021358S09130,2022,SP,SETH,2022-01-03 21:00:00,SS,-27.8,156.1, , ,-5,main
2021358S09130,2022,SP,SETH,2022-01-04 00:00:00,SS,-27.6,156.0,30, ,-5,main
2021358S09130,2022,SP,SETH,2022-01-04 03:00:00,SS,-27.2,155.9, , ,-5,main
2021358S09130,2022,SP,SETH,2022-01-04 06:00:00,SS,-26.9,155.8,25, ,-5,main
2021358S09130,2022,SP,SETH,2022-01-04 09:00:00,SS,-26.7,155.4, , ,-5,main
2021358S09130,2022,SP,SETH,2022-01-04 12:00:00,SS,-26.6,155.2,25, ,-5,main
2021358S09130,2022,SP,SETH,2022-01-04 15:00:00,SS,-26.3,155.4, , ,-5,main
2021358S09130,2022,SP,SETH,2022-01-04 18:00:00,SS,-26.0,155.7,25, ,-5,main
2021358S09130,2022,SP,SETH,2022-01-04 21:00:00,SS,-25.8,155.7, , ,-5,main
2021358S09130,2022,SP,SETH,2022-01-05 00:00:00,SS,-25.6,155.7,25, ,-5,main
2021358S09130,2022,SP,SETH,2022-01-05 03:00:00,SS,-25.4,155.8, , ,-5,main
2021358S09130,2022,SP,SETH,2022-01-05 06:00:00,SS,-25.2,155.8,25, ,-5,main
2021358S09130,2022,SP,SETH,2022-01-05 09:00:00,SS,-25.2,155.5, , ,-5,main
2021358S09130,2022,SP,SETH,2022-01-05 12:00:00,SS,-25.2,155.2,25, ,-5,main
2021358S09130,2022,SP,SETH,2022-01-05 15:00:00,SS,-25.2,154.9, , ,-5,main
2021358S09130,2022,SP,SETH,2022-01-05 18:00:00,SS,-25.2,154.7,25, ,-5,main
2021358S09130,2022,SP,SETH,2022-01-05 21:00:00,SS,-25.1,154.5, , ,-5,main
2021358S09130,2022,SP,SETH,2022-01-06 00:00:00,SS,-25.0,154.3,25, ,-5,main
2021358S09130,2022,SP,SETH,2022-01-06 03:00:00,SS,-24.9,154.1, , ,-5,main
2021358S09130,2022,SP,SETH,2022-01-06 06:00:00,SS,-24.8,153.9,25, ,-5,main
2021358S09130,2022,SP,SETH,2022-01-06 09:00:00,SS,-24.9,153.6, , ,-5,main
2021358S09130,2022,SP,SETH,2022-01-06 12:00:00,SS,-25.0,153.3,20, ,-5,main
2021358S09130,2022,SP,SETH,2022-01-06 15:00:00,SS,-25.0,153.1, , ,-5,main
2021358S09130,2022,SP,SETH,2022-01-06 18:00:00,SS,-25.0,153.0,20, ,-5,main
2021358S09130,2022,SP,SETH,2022-01-06 21:00:00,SS,-25.3,152.8,20, ,-5,main
2021358S09130,2022,SP,SETH,2022-01-07 00:00:00,SS,-25.5,152.5,15, ,-5,main
2021358S09130,2022,SP,SETH,2022-01-07 03:00:00,SS,-25.7,152.3, , ,-5,main
2021358S09130,2022,SP,SETH,2022-01-07 06:00:00,SS,-25.8,152.2,15, ,-5,main
2022008S13148,2022,SP,TIFFANY,2022-01-08 00:00:00,MX,-12.6,147.7,25,20,-3,main
2022008S13148,2022,SP,TIFFANY,2022-01-08 03:00:00,MX,-12.9,147.8, ,20,-3,main
2022008S13148,2022,SP,TIFFANY,2022-01-08 06:00:00,MX,-13.1,147.9,25,20,-3,main
2022008S13148,2022,SP,TIFFANY,2022-01-08 09:00:00,MX,-13.2,147.9, ,23,-3,main
2022008S13148,2022,SP,TIFFANY,2022-01-08 12:00:00,TS,-13.3,148.0,30,25,-1,main
2022008S13148,2022,SP,TIFFANY,2022-01-08 15:00:00,TS,-13.5,148.0, ,28,-1,main
2022008S13148,2022,SP,TIFFANY,2022-01-08 18:00:00,TS,-13.7,147.9,30,30,-1,main
2022008S13148,2022,SP,TIFFANY,2022-01-08 21:00:00,TS,-13.8,147.5, ,33,-1,main
2022008S13148,2022,SP,TIFFANY,2022-01-09 00:00:00,TS,-14.0,147.2,30,35,0,main
2022008S13148,2022,SP,TIFFANY,2022-01-09 03:00:00,TS,-14.0,147.0, ,40,0,main
2022008S13148,2022,SP,TIFFANY,2022-01-09 06:00:00,TS,-14.1,146.8,40,45,0,main
2022008S13148,2022,SP,TIFFANY,2022-01-09 09:00:00,TS,-14.0,146.4, ,50,0,main
2022008S13148,2022,SP,TIFFANY,2022-01-09 12:00:00,TS,-14.0,145.9,50,55,0,main
2022008S13148,2022,SP,TIFFANY,2022-01-09 15:00:00,TS,-14.0,145.4, ,58,0,main
2022008S13148,2022,SP,TIFFANY,2022-01-09 18:00:00,TS,-14.1,144.9,50,60,0,main
2022008S13148,2022,SP,TIFFANY,2022-01-09 21:00:00,TS,-14.1,144.5,55,60,0,main
2022008S13148,2022,SP,TIFFANY,2022-01-10 00:00:00,TS,-14.3,144.2,55,60,0,main
2022008S13148,2022,SP,TIFFANY,2022-01-10 03:00:00,TS,-14.4,144.0,45,53,0,main
2022008S13148,2022,SP,TIFFANY,2022-01-10 06:00:00,TS,-14.6,143.7,35,45,0,main
2022008S13148,2022,SP,TIFFANY,2022-01-10 09:00:00,TS,-14.6,143.3, ,38,0,main
2022008S13148,2022,SP,TIFFANY,2022-01-10 12:00:00,TS,-14.6,142.8,30,30,-1,main
2022008S13148,2022,SP,TIFFANY,2022-01-10 15:00:00,TS,-14.6,142.2, ,30,-1,main
2022008S13148,2022,SP,TIFFANY,2022-01-10 18:00:00,TS,-14.6,141.7,30,30,-1,main
2022008S13148,2022,SP,TIFFANY,2022-01-10 21:00:00,TS,-14.5,141.4, ,35,0,main
2022008S13148,2022,SP,TIFFANY,2022-01-11 00:00:00,TS,-14.6,141.1,35,40,0,main
2022008S13148,2022,SP,TIFFANY,2022-01-11 03:00:00,TS,-14.8,140.6, ,40,0,main
2022008S13148,2022,SP,TIFFANY,2022-01-11 06:00:00,TS,-15.0,139.9,35,40,0,main
2022008S13148,2022,SP,TIFFANY,2022-01-11 09:00:00,TS,-15.0,139.0, ,45,0,main
2022008S13148,2022,SP,TIFFANY,2022-01-11 12:00:00,TS,-14.9,138.1,50,50,0,main
2022008S13148,2022,SP,TIFFANY,2022-01-11 15:00:00,TS,-14.9,137.4, ,53,0,main
2022008S13148,2022,SP,TIFFANY,2022-01-11 18:00:00,TS,-14.8,136.7,50,55,0,main
2022008S13148,2022,SP,TIFFANY,2022-01-11 21:00:00,TS,-14.7,136.1, ,55,0,main
2022008S13148,2022,SP,TIFFANY,2022-01-12 00:00:00,TS,-14.7,135.5,50,55,0,main
2022008S13148,2022,SI,TIFFANY,2022-01-12 03:00:00,TS,-14.5,134.6, ,45,0,main
2022008S13148,2022,SI,TIFFANY,2022-01-12 06:00:00,TS,-14.5,133.7,35,35,0,main
2022008S13148,2022,SI,TIFFANY,2022-01-12 09:00:00,TS,-14.6,133.2, ,30,-1,main
2022008S13148,2022,SI,TIFFANY,2022-01-12 12:00:00,TS,-14.8,132.8,30,25,-1,main
2022008S13148,2022,SI,TIFFANY,2022-01-12 15:00:00,TS,-14.9,132.2, ,25,-1,main
2022008S13148,2022,SI,TIFFANY,2022-01-12 18:00:00,TS,-15.1,131.7,20,25,-1,main
2022008S13148,2022,SI,TIFFANY,2022-01-12 21:00:00,TS,-15.3,131.2, ,25,-1,main
2022008S13148,2022,SI,TIFFANY,2022-01-13 00:00:00,TS,-15.4,130.6,15,25,-1,main
2022008S13148,2022,SI,TIFFANY,2022-01-13 03:00:00,TS,-15.5,130.0, ,23,-1,main
2022008S13148,2022,SI,TIFFANY,2022-01-13 06:00:00,MX,-15.6,129.4,15,20,-3,main
2022008S13148,2022,SI,TIFFANY,2022-01-13 09:00:00,MX,-15.7,128.7, ,20,-3,main
2022008S13148,2022,SI,TIFFANY,2022-01-13 12:00:00,MX,-15.9,128.0,15,20,-3,main
2022008S13148,2022,SI,TIFFANY,2022-01-13 15:00:00,MX,-15.9,127.4, ,20,-3,main
2022008S13148,2022,SI,TIFFANY,2022-01-13 18:00:00,MX,-16.0,127.0,15,20,-3,main
2022008S13148,2022,SI,TIFFANY,2022-01-13 21:00:00,MX,-16.0,126.6, ,20,-3,main
2022008S13148,2022,SI,TIFFANY,2022-01-14 00:00:00,MX,-16.1,126.3,15,20,-3,main
2022008S13148,2022,SI,TIFFANY,2022-01-14 03:00:00,MX,-16.3,126.0, ,23,-3,main
2022008S13148,2022,SI,TIFFANY,2022-01-14 06:00:00,TS,-16.6,125.8,15,25,-1,main
2022008S13148,2022,SI,TIFFANY,2022-01-14 09:00:00,TS,-16.7,125.7, ,25,-1,main
2022008S13148,2022,SI,TIFFANY,2022-01-14 12:00:00,TS,-16.8,125.6,15,25,-1,main
2022008S13148,2022,SI,TIFFANY,2022-01-14 15:00:00,TS,-17.0,125.4, ,25,-1,main
2022008S13148,2022,SI,TIFFANY,2022-01-14 18:00:00,TS,-17.2,125.2,15,25,-1,main
2022008S13148,2022,SI,TIFFANY,2022-01-14 21:00:00,TS,-17.4,125.0, ,23,-1,main
2022008S13148,2022,SI,TIFFANY,2022-01-15 00:00:00,MX,-17.8,124.9,15,20,-3,main
2022008S13148,2022,SI,TIFFANY,2022-01-15 03:00:00,MX,-18.3,124.8, ,18,-3,main
2022008S13148,2022,SI,TIFFANY,2022-01-15 06:00:00,MX,-18.8,124.7,20,15,-3,main
2022008S13148,2022,SI,TIFFANY,2022-01-15 09:00:00,TS,-19.2,124.8, , ,-3,main
2022008S13148,2022,SI,TIFFANY,2022-01-15 12:00:00,TS,-19.7,125.0,20, ,-5,main
2022008S13148,2022,SI,TIFFANY,2022-01-15 15:00:00,TS,-20.4,125.2, , ,-5,main
2022008S13148,2022,SI,TIFFANY,2022-01-15 18:00:00,TS,-21.0,125.6,20, ,-5,main
2022008S13148,2022,SI,TIFFANY,2022-01-15 21:00:00,TS,-21.4,125.9, , ,-5,main
2022008S13148,2022,SI,TIFFANY,2022-01-16 00:00:00,TS,-21.8,126.3,25, ,-5,main
2022008S13148,2022,SI,TIFFANY,2022-01-16 03:00:00,TS,-22.6,126.8, , ,-5,main
2022008S13148,2022,SI,TIFFANY,2022-01-16 06:00:00,TS,-23.3,127.3,25, ,-5,main
2022008S13148,2022,SI,TIFFANY,2022-01-16 09:00:00,TS,-23.8,127.6, , ,-5,main
2022008S13148,2022,SI,TIFFANY,2022-01-16 12:00:00,TS,-24.1,127.9,25, ,-5,main
2022008S13148,2022,SI,TIFFANY,2022-01-16 15:00:00,TS,-24.4,128.2, , ,-5,main
2022008S13148,2022,SI,TIFFANY,2022-01-16 18:00:00,TS,-24.7,128.4,25, ,-5,main
2022008S13148,2022,SI,TIFFANY,2022-01-16 21:00:00,TS,-25.0,128.7, , ,-5,main
2022008S13148,2022,SI,TIFFANY,2022-01-17 00:00:00,TS,-25.3,129.0,30, ,-5,main
2022008S13148,2022,SI,TIFFANY,2022-01-17 03:00:00,TS,-25.6,129.4, , ,-5,main
2022008S13148,2022,SI,TIFFANY,2022-01-17 06:00:00,TS,-26.0,129.9,30, ,-5,main
2026076S12157,2026,SP,NARELLE,2026-03-17 00:00:00,NR,-12.3,156.6, ,39,0,PROVISIONAL
2026076S12157,2026,SP,NARELLE,2026-03-17 03:00:00,NR,-12.5,156.4, ,45,0,PROVISIONAL
2026076S12157,2026,SP,NARELLE,2026-03-17 06:00:00,NR,-12.6,156.2, ,51,0,PROVISIONAL
2026076S12157,2026,SP,NARELLE,2026-03-17 09:00:00,NR,-12.5,155.8, ,56,0,PROVISIONAL
2026076S12157,2026,SP,NARELLE,2026-03-17 12:00:00,NR,-12.4,155.3, ,60,0,PROVISIONAL
2026076S12157,2026,SP,NARELLE,2026-03-17 15:00:00,NR,-12.2,154.7, ,62,0,PROVISIONAL
2026076S12157,2026,SP,NARELLE,2026-03-17 18:00:00,NR,-12.1,154.1, ,64,1,PROVISIONAL
2026076S12157,2026,SP,NARELLE,2026-03-17 21:00:00,NR,-12.2,153.7, ,64,1,PROVISIONAL
2026076S12157,2026,SP,NARELLE,2026-03-18 00:00:00,NR,-12.4,153.3, ,64,1,PROVISIONAL
2026076S12157,2026,SP,NARELLE,2026-03-18 03:00:00,NR,-12.6,152.7, ,69,1,PROVISIONAL
2026076S12157,2026,SP,NARELLE,2026-03-18 06:00:00,NR,-12.7,152.0, ,74,1,PROVISIONAL
2026076S12157,2026,SP,NARELLE,2026-03-18 09:00:00,NR,-12.8,151.3, ,82,1,PROVISIONAL
2026076S12157,2026,SP,NARELLE,2026-03-18 12:00:00,NR,-13.0,150.6, ,89,2,PROVISIONAL
2026076S12157,2026,SP,NARELLE,2026-03-18 15:00:00,NR,-13.1,150.0, ,94,2,PROVISIONAL
2026076S12157,2026,SP,NARELLE,2026-03-18 18:00:00,NR,-13.3,149.3, ,99,3,PROVISIONAL
2026076S12157,2026,SP,NARELLE,2026-03-18 21:00:00,NR,-13.5,148.6, ,107,3,PROVISIONAL
2026076S12157,2026,SP,NARELLE,2026-03-19 00:00:00,NR,-13.6,147.8, ,115,4,PROVISIONAL
2026076S12157,2026,SP,NARELLE,2026-03-19 03:00:00,NR,-13.6,147.1, ,120,4,PROVISIONAL
2026076S12157,2026,SP,NARELLE,2026-03-19 06:00:00,NR,-13.6,146.5, ,124,4,PROVISIONAL
2026076S12157,2026,SP,NARELLE,2026-03-19 09:00:00,NR,-13.6,146.0, ,124,4,PROVISIONAL
2026076S12157,2026,SP,NARELLE,2026-03-19 12:00:00,NR,-13.6,145.4, ,124,4,PROVISIONAL
2026076S12157,2026,SP,NARELLE,2026-03-19 15:00:00,NR,-13.7,144.7, ,122,4,PROVISIONAL
2026076S12157,2026,SP,NARELLE,2026-03-19 18:00:00,NR,-13.8,144.0, ,119,4,PROVISIONAL
2026076S12157,2026,SP,NARELLE,2026-03-19 21:00:00,NR,-13.6,143.5, ,112,3,PROVISIONAL
2026076S12157,2026,SP,NARELLE,2026-03-20 00:00:00,NR,-13.4,143.0, ,105,3,PROVISIONAL
2026076S12157,2026,SP,NARELLE,2026-03-20 03:00:00,NR,-13.4,142.5, ,102,3,PROVISIONAL
2026076S12157,2026,SP,NARELLE,2026-03-20 06:00:00,NR,-13.4,142.0, ,99,3,PROVISIONAL
2026076S12157,2026,SP,NARELLE,2026-03-20 09:00:00,NR,-13.4,141.4, ,92,2,PROVISIONAL
2026076S12157,2026,SP,NARELLE,2026-03-20 12:00:00,NR,-13.4,140.8, ,84,2,PROVISIONAL
2026076S12157,2026,SP,NARELLE,2026-03-20 15:00:00,NR,-13.4,140.2, ,74,1,PROVISIONAL
2026076S12157,2026,SP,NARELLE,2026-03-20 18:00:00,NR,-13.3,139.6, ,64,1,PROVISIONAL
2026076S12157,2026,SP,NARELLE,2026-03-20 21:00:00,NR,-13.1,139.2, ,67,1,PROVISIONAL
2026076S12157,2026,SP,NARELLE,2026-03-21 00:00:00,NR,-12.9,138.8, ,70,1,PROVISIONAL
2026076S12157,2026,SP,NARELLE,2026-03-21 03:00:00,NR,-12.9,138.3, ,75,1,PROVISIONAL
2026076S12157,2026,SP,NARELLE,2026-03-21 06:00:00,NR,-13.0,137.8, ,80,1,PROVISIONAL
2026076S12157,2026,SP,NARELLE,2026-03-21 09:00:00,NR,-13.0,137.3, ,80,1,PROVISIONAL
2026076S12157,2026,SP,NARELLE,2026-03-21 12:00:00,NR,-13.1,136.8, ,80,1,PROVISIONAL
2026076S12157,2026,SP,NARELLE,2026-03-21 15:00:00,NR,-13.4,136.3, ,77,1,PROVISIONAL
2026076S12157,2026,SP,NARELLE,2026-03-21 18:00:00,NR,-13.6,135.7, ,74,1,PROVISIONAL
2026076S12157,2026,SI,NARELLE,2026-03-21 21:00:00,NR,-13.6,134.9, ,64,1,PROVISIONAL
2026076S12157,2026,SI,NARELLE,2026-03-22 00:00:00,NR,-13.6,134.1, ,54,0,PROVISIONAL
2026076S12157,2026,SI,NARELLE,2026-03-22 03:00:00,NR,-13.7,133.5, ,47,0,PROVISIONAL
2026076S12157,2026,SI,NARELLE,2026-03-22 06:00:00,NR,-13.8,132.9, ,39,0,PROVISIONAL
2026076S12157,2026,SI,NARELLE,2026-03-22 09:00:00,NR,-13.9,132.2, ,37,0,PROVISIONAL
2026076S12157,2026,SI,NARELLE,2026-03-22 12:00:00,NR,-14.1,131.5, ,35,0,PROVISIONAL
2026076S12157,2026,SI,NARELLE,2026-03-22 15:00:00,NR,-14.2,130.8, ,35,0,PROVISIONAL
2026076S12157,2026,SI,NARELLE,2026-03-22 18:00:00,NR,-14.3,130.1, ,35,0,PROVISIONAL
2026076S12157,2026,SI,NARELLE,2026-03-22 21:00:00,NR,-14.4,129.6, ,35,0,PROVISIONAL
2026076S12157,2026,SI,NARELLE,2026-03-23 00:00:00,NR,-14.5,129.2, ,35,0,PROVISIONAL
2026076S12157,2026,SI,NARELLE,2026-03-23 03:00:00,NR,-14.6,128.7, ,37,0,PROVISIONAL
2026076S12157,2026,SI,NARELLE,2026-03-23 06:00:00,NR,-14.7,128.1, ,39,0,PROVISIONAL
2026076S12157,2026,SI,NARELLE,2026-03-23 09:00:00,NR,-14.9,127.4, ,37,0,PROVISIONAL
2026076S12157,2026,SI,NARELLE,2026-03-23 12:00:00,NR,-15.1,126.8, ,35,0,PROVISIONAL
2026076S12157,2026,SI,NARELLE,2026-03-23 15:00:00,NR,-15.3,126.3, ,35,0,PROVISIONAL
2026076S12157,2026,SI,NARELLE,2026-03-23 18:00:00,NR,-15.5,125.8, ,35,0,PROVISIONAL
2026076S12157,2026,SI,NARELLE,2026-03-23 21:00:00,NR,-15.7,125.3, ,35,0,PROVISIONAL
2026076S12157,2026,SI,NARELLE,2026-03-24 00:00:00,NR,-15.8,124.8, ,35,0,PROVISIONAL
2026076S12157,2026,SI,NARELLE,2026-03-24 03:00:00,NR,-15.9,124.1, ,37,0,PROVISIONAL
2026076S12157,2026,SI,NARELLE,2026-03-24 06:00:00,NR,-16.0,123.4, ,39,0,PROVISIONAL
2026076S12157,2026,SI,NARELLE,2026-03-24 09:00:00,NR,-16.2,122.9, ,42,0,PROVISIONAL
2026076S12157,2026,SI,NARELLE,2026-03-24 12:00:00,NR,-16.4,122.4, ,45,0,PROVISIONAL
2026076S12157,2026,SI,NARELLE,2026-03-24 15:00:00,NR,-16.7,122.0, ,48,0,PROVISIONAL
2026076S12157,2026,SI,NARELLE,2026-03-24 18:00:00,NR,-17.0,121.5, ,51,0,PROVISIONAL
2026076S12157,2026,SI,NARELLE,2026-03-24 21:00:00,NR,-17.2,120.8, ,53,0,PROVISIONAL
2026076S12157,2026,SI,NARELLE,2026-03-25 00:00:00,NR,-17.4,120.0, ,54,0,PROVISIONAL
2026076S12157,2026,SI,NARELLE,2026-03-25 03:00:00,NR,-17.6,119.5, ,62,0,PROVISIONAL
2026076S12157,2026,SI,NARELLE,2026-03-25 06:00:00,NR,-17.8,119.0, ,70,1,PROVISIONAL
2026076S12157,2026,SI,NARELLE,2026-03-25 09:00:00,NR,-17.9,118.4, ,80,1,PROVISIONAL
2026076S12157,2026,SI,NARELLE,2026-03-25 12:00:00,NR,-17.9,117.9, ,89,2,PROVISIONAL
2026076S12157,2026,SI,NARELLE,2026-03-25 15:00:00,NR,-18.1,117.5, ,97,3,PROVISIONAL
2026076S12157,2026,SI,NARELLE,2026-03-25 18:00:00,NR,-18.3,117.2, ,105,3,PROVISIONAL
2026076S12157,2026,SI,NARELLE,2026-03-25 21:00:00,NR,-18.6,116.8, ,105,3,PROVISIONAL
2026076S12157,2026,SI,NARELLE,2026-03-26 00:00:00,NR,-18.9,116.3, ,105,3,PROVISIONAL
2026076S12157,2026,SI,NARELLE,2026-03-26 03:00:00,NR,-19.2,115.8, ,107,3,PROVISIONAL
2026076S12157,2026,SI,NARELLE,2026-03-26 06:00:00,NR,-19.6,115.4, ,109,3,PROVISIONAL
2026076S12157,2026,SI,NARELLE,2026-03-26 09:00:00,NR,-20.0,115.0, ,112,3,PROVISIONAL
2026076S12157,2026,SI,NARELLE,2026-03-26 12:00:00,NR,-20.4,114.6, ,115,4,PROVISIONAL
2026076S12157,2026,SI,NARELLE,2026-03-26 15:00:00,NR,-20.7,114.3, ,112,3,PROVISIONAL
2026076S12157,2026,SI,NARELLE,2026-03-26 18:00:00,NR,-21.1,114.0, ,109,3,PROVISIONAL
2026076S12157,2026,SI,NARELLE,2026-03-26 21:00:00,NR,-21.7,113.7, ,104,3,PROVISIONAL
2026076S12157,2026,SI,NARELLE,2026-03-27 00:00:00,NR,-22.4,113.6, ,99,3,PROVISIONAL
2026076S12157,2026,SI,NARELLE,2026-03-27 03:00:00,NR,-23.0,113.6, ,92,2,PROVISIONAL
2026076S12157,2026,SI,NARELLE,2026-03-27 06:00:00,NR,-23.6,113.7, ,84,2,PROVISIONAL
2026076S12157,2026,SI,NARELLE,2026-03-27 09:00:00,NR,-24.5,113.9, ,74,1,PROVISIONAL
2026076S12157,2026,SI,NARELLE,2026-03-27 12:00:00,NR,-25.4,114.2, ,64,1,PROVISIONAL
2026076S12157,2026,SI,NARELLE,2026-03-27 15:00:00,NR,-26.2,114.6, ,52,0,PROVISIONAL
2026076S12157,2026,SI,NARELLE,2026-03-27 18:00:00,NR,-27.1,115.3, ,39,0,PROVISIONAL
2026076S12157,2026,SI,NARELLE,2026-03-27 21:00:00,NR,-28.5,116.2, ,37,0,PROVISIONAL
2026076S12157,2026,SI,NARELLE,2026-03-28 00:00:00,NR,-30.0,117.2, ,35,0,PROVISIONAL
2026076S12157,2026,SI,NARELLE,2026-03-28 03:00:00,NR,-31.2,118.1, ,32,-1,PROVISIONAL
2026076S12157,2026,SI,NARELLE,2026-03-28 06:00:00,NR,-32.3,119.0, ,29,-1,PROVISIONAL
1991015N02087,1991,NI,UNNAMED,1991-01-14 18:00:00,NR,2.3,86.5, ,20,-1,main
1991015N02087,1991,NI,UNNAMED,1991-01-14 21:00:00,NR,2.8,86.1, ,20,-1,main
1991015N02087,1991,NI,UNNAMED,1991-01-15 00:00:00,NR,3.3,85.6, ,20,-1,main
1991015N02087,1991,NI,UNNAMED,1991-01-15 03:00:00,NR,3.6,85.1, ,20,-1,main
1991015N02087,1991,NI,UNNAMED,1991-01-15 06:00:00,NR,3.9,84.6, ,20,-1,main
1991015N02087,1991,NI,UNNAMED,1991-01-15 09:00:00,NR,4.1,84.1, ,20,-1,main
1991015N02087,1991,NI,UNNAMED,1991-01-15 12:00:00,NR,4.3,83.6, ,20,-1,main
1991015N02087,1991,NI,UNNAMED,1991-01-15 15:00:00,NR,4.5,83.1, ,20,-1,main
1991015N02087,1991,NI,UNNAMED,1991-01-15 18:00:00,NR,4.6,82.6, ,20,-1,main
1991015N02087,1991,NI,UNNAMED,1991-01-15 21:00:00,NR,4.8,82.1, ,20,-1,main
1991015N02087,1991,NI,UNNAMED,1991-01-16 00:00:00,NR,4.9,81.5, ,20,-1,main
1991015N02087,1991,NI,UNNAMED,1991-01-16 03:00:00,NR,5.0,81.0, ,20,-1,main
1991015N02087,1991,NI,UNNAMED,1991-01-16 06:00:00,NR,5.0,80.4, ,20,-1,main
1991015N02087,1991,NI,UNNAMED,1991-01-16 09:00:00,NR,5.0,79.8, ,20,-1,main
1991015N02087,1991,NI,UNNAMED,1991-01-16 12:00:00,NR,4.9,79.3, ,20,-1,main
1991015N02087,1991,NI,UNNAMED,1991-01-16 15:00:00,NR,4.8,78.8, ,20,-1,main
1991015N02087,1991,NI,UNNAMED,1991-01-16 18:00:00,NR,4.7,78.2, ,20,-1,main
1991015N02087,1991,NI,UNNAMED,1991-01-16 21:00:00,NR,4.6,77.6, ,23,-1,main
1991015N02087,1991,NI,UNNAMED,1991-01-17 00:00:00,NR,4.4,77.1, ,25,-1,main
1991015N02087,1991,NI,UNNAMED,1991-01-17 03:00:00,NR,4.1,76.6, ,28,-1,main
1991015N02087,1991,NI,UNNAMED,1991-01-17 06:00:00,NR,3.9,76.1, ,30,-1,main
1991015N02087,1991,NI,UNNAMED,1991-01-17 09:00:00,NR,3.8,75.8, ,33,-1,main
1991015N02087,1991,NI,UNNAMED,1991-01-17 12:00:00,NR,3.7,75.5, ,35,0,main
1991015N02087,1991,NI,UNNAMED,1991-01-17 15:00:00,NR,3.6,75.2, ,35,0,main
1991015N02087,1991,NI,UNNAMED,1991-01-17 18:00:00,NR,3.6,75.0, ,35,0,main
1991015N02087,1991,NI,UNNAMED,1991-01-17 21:00:00,NR,3.6,74.8, ,35,0,main
1991015N02087,1991,NI,UNNAMED,1991-01-18 00:00:00,NR,3.6,74.5, ,35,0,main
1991015N02087,1991,NI,UNNAMED,1991-01-18 03:00:00,NR,3.6,74.3, ,35,0,main
1991015N02087,1991,NI,UNNAMED,1991-01-18 06:00:00,NR,3.6,74.0, ,35,0,main
1991015N02087,1991,NI,UNNAMED,1991-01-18 09:00:00,NR,3.7,73.7, ,35,0,main
1991015N02087,1991,NI,UNNAMED,1991-01-18 12:00:00,NR,3.9,73.3, ,35,0,main
1991015N02087,1991,NI,UNNAMED,1991-01-18 15:00:00,NR,4.2,72.8, ,35,0,main
1991015N02087,1991,NI,UNNAMED,1991-01-18 18:00:00,NR,4.5,72.3, ,35,0,main
1991015N02087,1991,NI,UNNAMED,1991-01-18 21:00:00,NR,4.7,71.8, ,35,0,main
1991015N02087,1991,NI,UNNAMED,1991-01-19 00:00:00,NR,4.9,71.2, ,35,0,main
1991015N02087,1991,NI,UNNAMED,1991-01-19 03:00:00,NR,5.0,70.5, ,33,-1,main
1991015N02087,1991,NI,UNNAMED,1991-01-19 06:00:00,NR,5.1,69.8, ,30,-1,main
1991015N02087,1991,NI,UNNAMED,1991-01-19 09:00:00,NR,5.1,69.1, ,30,-1,main
1991015N02087,1991,NI,UNNAMED,1991-01-19 12:00:00,NR,5.1,68.4, ,30,-1,main
1991015N02087,1991,NI,UNNAMED,1991-01-19 15:00:00,NR,5.1,67.8, ,30,-1,main
1991015N02087,1991,NI,UNNAMED,1991-01-19 18:00:00,NR,5.1,67.2, ,30,-1,main
1991015N02087,1991,NI,UNNAMED,1991-01-19 21:00:00,NR,5.1,66.6, ,30,-1,main
1991015N02087,1991,NI,UNNAMED,1991-01-20 00:00:00,NR,5.1,66.0, ,30,-1,main
1991015N02087,1991,NI,UNNAMED,1991-01-20 03:00:00,NR,5.2,65.6, ,28,-1,main
1991015N02087,1991,NI,UNNAMED,1991-01-20 06:00:00,NR,5.3,65.3, ,25,-1,main
1992335N03077,1992,NI,UNNAMED,1992-11-29 12:00:00,NR,2.8,76.5, ,15,-1,main
1992335N03077,1992,NI,UNNAMED,1992-11-29 15:00:00,NR,2.8,76.8, ,18,-1,main
1992335N03077,1992,NI,UNNAMED,1992-11-29 18:00:00,NR,2.9,77.1, ,20,-1,main
1992335N03077,1992,NI,UNNAMED,1992-11-29 21:00:00,NR,3.0,77.4, ,23,-1,main
1992335N03077,1992,NI,UNNAMED,1992-11-30 00:00:00,NR,3.1,77.7, ,25,-1,main
1992335N03077,1992,NI,UNNAMED,1992-11-30 03:00:00,NR,3.2,78.0, ,28,-1,main
1992335N03077,1992,NI,UNNAMED,1992-11-30 06:00:00,NR,3.3,78.3, ,30,-1,main
1992335N03077,1992,NI,UNNAMED,1992-11-30 09:00:00,NR,3.4,78.5, ,30,-1,main
1992335N03077,1992,NI,UNNAMED,1992-11-30 12:00:00,NR,3.6,78.7, ,30,-1,main
1992335N03077,1992,NI,UNNAMED,1992-11-30 15:00:00,NR,3.8,78.8, ,33,-1,main
1992335N03077,1992,NI,UNNAMED,1992-11-30 18:00:00,NR,4.0,78.8, ,35,0,main
1992335N03077,1992,NI,UNNAMED,1992-11-30 21:00:00,NR,4.2,78.7, ,35,0,main
1992335N03077,1992,NI,UNNAMED,1992-12-01 00:00:00,NR,4.5,78.6, ,35,0,main
1992335N03077,1992,NI,UNNAMED,1992-12-01 03:00:00,NR,4.7,78.4, ,38,0,main
1992335N03077,1992,NI,UNNAMED,1992-12-01 06:00:00,NR,4.9,78.1, ,40,0,main
1992335N03077,1992,NI,UNNAMED,1992-12-01 09:00:00,NR,5.0,77.8, ,40,0,main
1992335N03077,1992,NI,UNNAMED,1992-12-01 12:00:00,NR,5.1,77.5, ,40,0,main
1992335N03077,1992,NI,UNNAMED,1992-12-01 15:00:00,NR,5.2,77.2, ,43,0,main
1992335N03077,1992,NI,UNNAMED,1992-12-01 18:00:00,NR,5.2,77.0, ,45,0,main
1992335N03077,1992,NI,UNNAMED,1992-12-01 21:00:00,NR,5.2,76.9, ,48,0,main
1992335N03077,1992,NI,UNNAMED,1992-12-02 00:00:00,NR,5.3,76.8, ,50,0,main
1992335N03077,1992,NI,UNNAMED,1992-12-02 03:00:00,NR,5.3,76.7, ,48,0,main
1992335N03077,1992,NI,UNNAMED,1992-12-02 06:00:00,NR,5.4,76.6, ,45,0,main
1992335N03077,1992,NI,UNNAMED,1992-12-02 09:00:00,NR,5.4,76.5, ,45,0,main
1992335N03077,1992,NI,UNNAMED,1992-12-02 12:00:00,NR,5.5,76.3, ,45,0,main
1992335N03077,1992,NI,UNNAMED,1992-12-02 15:00:00,NR,5.6,76.1, ,43,0,main
1992335N03077,1992,NI,UNNAMED,1992-12-02 18:00:00,NR,5.6,75.9, ,40,0,main
1992335N03077,1992,NI,UNNAMED,1992-12-02 21:00:00,NR,5.6,75.7, ,38,0,main
1992335N03077,1992,NI,UNNAMED,1992-12-03 00:00:00,NR,5.7,75.5, ,35,0,main
1992335N03077,1992,NI,UNNAMED,1992-12-03 03:00:00,NR,5.8,75.3, ,33,-1,main
1992335N03077,1992,NI,UNNAMED,1992-12-03 06:00:00,NR,5.9,75.0, ,30,-1,main
1992335N03077,1992,NI,UNNAMED,1992-12-03 09:00:00,NR,6.0,74.7, ,30,-1,main
1992335N03077,1992,NI,UNNAMED,1992-12-03 12:00:00,NR,6.1,74.4, ,30,-1,main
1992335N03077,1992,NI,UNNAMED,1992-12-03 15:00:00,NR,6.2,74.1, ,28,-1,main
1992335N03077,1992,NI,UNNAMED,1992-12-03 18:00:00,NR,6.4,73.7, ,25,-1,main
1992335N03077,1992,NI,UNNAMED,1992-12-03 21:00:00,NR,6.6,73.3, ,23,-1,main
1992335N03077,1992,NI,UNNAMED,1992-12-04 00:00:00,NR,6.8,73.0, ,20,-1,main
1992354N03075,1992,NI,UNNAMED,1992-12-18 12:00:00,NR,2.6,74.5, ,25,-1,main
1992354N03075,1992,NI,UNNAMED,1992-12-18 15:00:00,NR,2.6,74.1, ,25,-1,main
1992354N03075,1992,NI,UNNAMED,1992-12-18 18:00:00,NR,2.7,73.7, ,25,-1,main
1992354N03075,1992,NI,UNNAMED,1992-12-18 21:00:00,NR,2.8,73.3, ,25,-1,main
1992354N03075,1992,NI,UNNAMED,1992-12-19 00:00:00,NR,2.9,72.9, ,25,-1,main
1992354N03075,1992,NI,UNNAMED,1992-12-19 03:00:00,NR,3.1,72.5, ,25,-1,main
1992354N03075,1992,NI,UNNAMED,1992-12-19 06:00:00,NR,3.3,72.2, ,25,-1,main
1992354N03075,1992,NI,UNNAMED,1992-12-19 09:00:00,NR,3.4,71.8, ,25,-1,main
1992354N03075,1992,NI,UNNAMED,1992-12-19 12:00:00,NR,3.6,71.5, ,25,-1,main
1992354N03075,1992,NI,UNNAMED,1992-12-19 15:00:00,NR,3.8,71.2, ,25,-1,main
1992354N03075,1992,NI,UNNAMED,1992-12-19 18:00:00,NR,4.0,70.9, ,25,-1,main
1992354N03075,1992,NI,UNNAMED,1992-12-19 21:00:00,NR,4.2,70.6, ,28,-1,main
1992354N03075,1992,NI,UNNAMED,1992-12-20 00:00:00,NR,4.4,70.4, ,30,-1,main
1992354N03075,1992,NI,UNNAMED,1992-12-20 03:00:00,NR,4.6,70.1, ,30,-1,main
1992354N03075,1992,NI,UNNAMED,1992-12-20 06:00:00,NR,4.7,69.9, ,30,-1,main
1992354N03075,1992,NI,UNNAMED,1992-12-20 09:00:00,NR,4.8,69.7, ,30,-1,main
1992354N03075,1992,NI,UNNAMED,1992-12-20 12:00:00,NR,5.0,69.4, ,30,-1,main
1992354N03075,1992,NI,UNNAMED,1992-12-20 15:00:00,NR,5.2,69.0, ,33,-1,main
1992354N03075,1992,NI,UNNAMED,1992-12-20 18:00:00,NR,5.5,68.6, ,35,0,main
1992354N03075,1992,NI,UNNAMED,1992-12-20 21:00:00,NR,5.7,68.1, ,38,0,main
1992354N03075,1992,NI,UNNAMED,1992-12-21 00:00:00,NR,5.8,67.6, ,40,0,main
1992354N03075,1992,NI,UNNAMED,1992-12-21 03:00:00,NR,5.9,67.0, ,40,0,main
1992354N03075,1992,NI,UNNAMED,1992-12-21 06:00:00,NR,6.0,66.4, ,40,0,main
1992354N03075,1992,NI,UNNAMED,1992-12-21 09:00:00,NR,6.1,65.7, ,40,0,main
1992354N03075,1992,NI,UNNAMED,1992-12-21 12:00:00,NR,6.2,65.0, ,40,0,main
1992354N03075,1992,NI,UNNAMED,1992-12-21 15:00:00,NR,6.3,64.3, ,40,0,main
1992354N03075,1992,NI,UNNAMED,1992-12-21 18:00:00,NR,6.3,63.6, ,40,0,main
1992354N03075,1992,NI,UNNAMED,1992-12-21 21:00:00,NR,6.3,62.9, ,40,0,main
1992354N03075,1992,NI,UNNAMED,1992-12-22 00:00:00,NR,6.2,62.1, ,40,0,main
1992354N03075,1992,NI,UNNAMED,1992-12-22 03:00:00,NR,6.1,61.3, ,40,0,main
1992354N03075,1992,NI,UNNAMED,1992-12-22 06:00:00,NR,6.0,60.5, ,40,0,main
1992354N03075,1992,NI,UNNAMED,1992-12-22 09:00:00,NR,6.0,59.7, ,40,0,main
1992354N03075,1992,NI,UNNAMED,1992-12-22 12:00:00,NR,6.1,58.9, ,40,0,main
1992354N03075,1992,NI,UNNAMED,1992-12-22 15:00:00,NR,6.2,58.1, ,43,0,main
1992354N03075,1992,NI,UNNAMED,1992-12-22 18:00:00,NR,6.4,57.4, ,45,0,main
1992354N03075,1992,NI,UNNAMED,1992-12-22 21:00:00,NR,6.6,56.7, ,45,0,main
1992354N03075,1992,NI,UNNAMED,1992-12-23 00:00:00,NR,6.9,56.0, ,45,0,main
1992354N03075,1992,NI,UNNAMED,1992-12-23 03:00:00,NR,7.1,55.3, ,45,0,main
1992354N03075,1992,NI,UNNAMED,1992-12-23 06:00:00,NR,7.3,54.6, ,45,0,main
1992354N03075,1992,NI,UNNAMED,1992-12-23 09:00:00,NR,7.4,53.9, ,48,0,main
1992354N03075,1992,NI,UNNAMED,1992-12-23 12:00:00,NR,7.6,53.3, ,50,0,main
1992354N03075,1992,NI,UNNAMED,1992-12-23 15:00:00,NR,7.8,52.6, ,50,0,main
1992354N03075,1992,NI,UNNAMED,1992-12-23 18:00:00,NR,8.0,52.0, ,50,0,main
1992354N03075,1992,NI,UNNAMED,1992-12-23 21:00:00,NR,8.1,51.6, ,50,0,main
1992354N03075,1992,NI,UNNAMED,1992-12-24 00:00:00,NR,8.2,51.2, ,50,0,main
1992354N03075,1992,NI,UNNAMED,1992-12-24 03:00:00,NR,8.4,50.7, ,48,0,main
1992354N03075,1992,NI,UNNAMED,1992-12-24 06:00:00,NR,8.6,50.3, ,45,0,main
1992354N03075,1992,NI,UNNAMED,1992-12-24 09:00:00,NR,8.8,49.9, ,35,0,main
1992354N03075,1992,NI,UNNAMED,1992-12-24 12:00:00,NR,9.0,49.6, ,25,-1,main
1992354N03075,1992,NI,UNNAMED,1992-12-24 15:00:00,NR,9.2,49.3, ,20,-1,main
1992354N03075,1992,NI,UNNAMED,1992-12-24 18:00:00,NR,9.4,49.0, ,15,-1,main
1993309N06072,1993,NI,UNNAMED,1993-11-05 00:00:00,NR,5.6,72.4, ,20,-1,spur-merge
1993309N06072,1993,NI,UNNAMED,1993-11-05 03:00:00,NR,5.7,72.5, ,20,-1,spur-merge
1993309N06072,1993,NI,UNNAMED,1993-11-05 06:00:00,NR,5.8,72.7, ,20,-1,spur-merge
1993309N06072,1993,NI,UNNAMED,1993-11-05 09:00:00,NR,5.9,72.9, ,23,-1,spur-merge
1993309N06072,1993,NI,UNNAMED,1993-11-05 12:00:00,NR,5.9,73.1, ,25,-1,spur-merge
1993309N06072,1993,NI,UNNAMED,1993-11-05 15:00:00,NR,6.0,73.3, ,25,-1,spur-merge
1993309N06072,1993,NI,UNNAMED,1993-11-05 18:00:00,NR,6.1,73.5, ,25,-1,spur-merge
1993309N06072,1993,NI,UNNAMED,1993-11-05 21:00:00,NR,6.2,73.7, ,25,-1,spur-merge
1993309N06072,1993,NI,UNNAMED,1993-11-06 00:00:00,NR,6.2,74.0, ,25,-1,spur-merge
1993309N06072,1993,NI,UNNAMED,1993-11-06 03:00:00,NR,6.2,74.3, ,25,-1,spur-merge
1993309N06072,1993,NI,UNNAMED,1993-11-06 06:00:00,NR,6.3,74.5, ,25,-1,spur-merge
1993309N06072,1993,NI,UNNAMED,1993-11-06 09:00:00,NR,6.3,74.8, ,28,-1,spur-merge
1993309N06072,1993,NI,UNNAMED,1993-11-06 12:00:00,NR,6.4,75.0, ,30,-1,spur-merge
1993309N06072,1993,NI,UNNAMED,1993-11-06 15:00:00,NR,6.4,75.3, ,30,-1,spur-merge
1993309N06072,1993,NI,UNNAMED,1993-11-06 18:00:00,NR,6.5,75.5, ,30,-1,spur-merge
1993309N06072,1993,NI,UNNAMED,1993-11-06 21:00:00,NR,6.5,75.8, ,30,-1,spur-merge
1993309N06072,1993,NI,UNNAMED,1993-11-07 00:00:00,NR,6.6,76.0, ,30,-1,spur-merge
1993309N06072,1993,NI,UNNAMED,1993-11-07 03:00:00,NR,6.7,76.3, ,30,-1,spur-merge
1993309N06072,1993,NI,UNNAMED,1993-11-07 06:00:00,NR,6.8,76.5, ,30,-1,spur-merge
1993309N06072,1993,NI,UNNAMED,1993-11-07 09:00:00,NR,6.9,76.8, ,30,-1,spur-merge
1993309N06072,1993,NI,UNNAMED,1993-11-07 12:00:00,NR,7.0,77.0, ,30,-1,spur-merge
1993309N06072,1993,NI,UNNAMED,1993-11-07 15:00:00,NR,7.1,77.2, ,28,-1,spur-merge
1993309N06072,1993,NI,UNNAMED,1993-11-07 18:00:00,NR,7.3,77.4, ,25,-1,spur-merge
1993309N06072,1993,NI,UNNAMED,1993-11-07 21:00:00,NR,7.5,77.5, ,25,-1,spur-merge
1993309N06072,1993,NI,UNNAMED,1993-11-08 00:00:00,NR,7.7,77.5, ,25,-1,spur-merge
1993309N06072,1993,NI,UNNAMED,1993-11-08 03:00:00,NR,7.9,77.6, ,25,-1,spur-merge
1993309N06072,1993,NI,UNNAMED,1993-11-08 06:00:00,NR,8.1,77.6, ,25,-1,spur-merge
1993309N06072,1993,NI,UNNAMED,1993-11-08 09:00:00,NR,8.3,77.6, ,23,-1,spur-merge
1993309N06072,1993,NI,UNNAMED,1993-11-08 12:00:00,NR,8.5,77.5, ,20,-1,spur-merge
1993309N06072,1993,NI,UNNAMED,1993-11-08 15:00:00,NR,8.7,77.4, ,20,-1,spur-merge
1993309N06072,1993,NI,UNNAMED,1993-11-08 18:00:00,NR,8.8,77.2, ,20,-1,spur-merge
1993309N06072,1993,NI,UNNAMED,1993-11-08 21:00:00,NR,9.0,77.1, ,20,-1,spur-merge
1993309N06072,1993,NI,UNNAMED,1993-11-09 00:00:00,NR,9.2,76.9, ,20,-1,spur-merge
1993309N06072,1993,NI,UNNAMED,1993-11-09 03:00:00,NR,9.4,76.7, ,20,-1,spur-merge
1993309N06072,1993,NI,UNNAMED,1993-11-09 06:00:00,NR,9.6,76.5, ,20,-1,spur-merge
1993309N06072,1993,NI,UNNAMED,1993-11-09 09:00:00,NR,9.8,76.2, ,20,-1,spur-merge
1993309N06072,1993,NI,UNNAMED,1993-11-09 12:00:00,NR,10.0,75.8, ,20,-1,spur-merge
1993309N06072,1993,NI,UNNAMED,1993-11-09 15:00:00,NR,10.2,75.4, ,20,-1,spur-merge
1993309N06072,1993,NI,UNNAMED,1993-11-09 18:00:00,NR,10.4,75.0, ,20,-1,spur-merge
1993309N06072,1993,NI,UNNAMED,1993-11-09 21:00:00,NR,10.5,74.6, ,20,-1,spur-merge
1993309N06072,1993,NI,UNNAMED,1993-11-10 00:00:00,NR,10.6,74.1, ,20,-1,spur-merge
1993309N06072,1993,NI,UNNAMED,1993-11-10 03:00:00,NR,10.7,73.6, ,20,-1,spur-merge
1993309N06072,1993,NI,UNNAMED,1993-11-10 06:00:00,NR,10.8,73.1, ,20,-1,spur-merge
1993309N06072,1993,NI,UNNAMED,1993-11-10 09:00:00,NR,10.9,72.6, ,20,-1,spur-merge
1993309N06072,1993,NI,UNNAMED,1993-11-10 12:00:00,NR,11.0,72.1, ,20,-1,spur-merge
1993309N06072,1993,NI,UNNAMED,1993-11-10 15:00:00,NR,11.1,71.6, ,20,-1,spur-merge
1993309N06072,1993,NI,UNNAMED,1993-11-10 18:00:00,NR,11.2,71.2, ,20,-1,spur-merge
1993309N06072,1993,NI,UNNAMED,1993-11-10 21:00:00,NR,11.3,70.7, ,23,-1,spur-merge
1993309N06072,1993,NI,UNNAMED,1993-11-11 00:00:00,NR,11.5,70.3, ,25,-1,spur-merge
1993309N06072,1993,NI,UNNAMED,1993-11-11 03:00:00,NR,11.6,69.8, ,25,-1,spur-merge
1993309N06072,1993,NI,UNNAMED,1993-11-11 06:00:00,NR,11.8,69.4, ,25,-1,spur-merge
1993309N06072,1993,NI,UNNAMED,1993-11-11 09:00:00,NR,11.9,68.9, ,25,-1,spur-merge
1993309N06072,1993,NI,UNNAMED,1993-11-11 12:00:00,NR,12.1,68.5, ,25,-1,spur-merge
1993309N06072,1993,NI,UNNAMED,1993-11-11 15:00:00,NR,12.3,68.1, ,25,-1,spur-merge
1993309N06072,1993,NI,UNNAMED,1993-11-11 18:00:00,NR,12.5,67.7, ,25,-1,spur-merge
1993309N06072,1993,NI,UNNAMED,1993-11-11 21:00:00,NR,12.8,67.3, ,28,-1,spur-merge
1993309N06072,1993,NI,UNNAMED,1993-11-12 00:00:00,NR,13.1,67.0, ,30,-1,spur-merge
1993309N06072,1993,NI,UNNAMED,1993-11-12 03:00:00,NR,13.4,66.6, ,30,-1,spur-merge
1993309N06072,1993,NI,UNNAMED,1993-11-12 06:00:00,NR,13.8,66.3, ,30,-1,spur-merge
1993309N06072,1993,NI,UNNAMED,1993-11-12 09:00:00,NR,14.1,65.9, ,33,-1,spur-merge
1993309N06072,1993,NI,UNNAMED,1993-11-12 12:00:00,NR,14.5,65.6, ,35,0,spur-merge
1993309N06072,1993,NI,UNNAMED,1993-11-12 15:00:00,NR,14.9,65.2, ,38,0,spur-merge
1993309N06072,1993,NI,UNNAMED,1993-11-12 18:00:00,NR,15.3,64.9, ,40,0,spur-merge
1993309N06072,1993,NI,UNNAMED,1993-11-12 21:00:00,NR,15.6,64.6, ,43,0,spur-merge
1993309N06072,1993,NI,UNNAMED,1993-11-13 00:00:00,NR,16.0,64.3, ,45,0,spur-merge
1993309N06072,1993,NI,UNNAMED,1993-11-13 03:00:00,NR,16.4,64.0, , ,-5,spur-merge
2004332N02072,2004,NI,UNNAMED,2004-11-27 00:00:00,TS,1.6,72.4, ,20,-1,main
2004332N02072,2004,NI,UNNAMED,2004-11-27 03:00:00,TS,1.6,71.9, ,20,-1,main
2004332N02072,2004,NI,UNNAMED,2004-11-27 06:00:00,TS,1.5,71.5, ,20,-1,main
2004332N02072,2004,NI,UNNAMED,2004-11-27 09:00:00,TS,1.4,71.1, ,20,-1,main
2004332N02072,2004,NI,UNNAMED,2004-11-27 12:00:00,TS,1.2,70.7, ,20,-1,main
2004332N02072,2004,NI,UNNAMED,2004-11-27 15:00:00,TS,1.0,70.3, ,25,-1,main
2004332N02072,2004,NI,UNNAMED,2004-11-27 18:00:00,TS,0.9,69.9, ,30,-1,main
2004332N02072,2004,NI,UNNAMED,2004-11-27 21:00:00,TS,0.8,69.4, ,33,-1,main
2004332N02072,2004,NI,UNNAMED,2004-11-28 00:00:00,TS,0.7,69.0, ,35,0,main
2004332N02072,2004,NI,UNNAMED,2004-11-28 03:00:00,TS,0.7,68.6, ,38,0,main
2004332N02072,2004,NI,UNNAMED,2004-11-28 06:00:00,TS,0.8,68.3, ,40,0,main
2004332N02072,2004,NI,UNNAMED,2004-11-28 09:00:00,TS,0.9,67.9, ,43,0,main
2004332N02072,2004,NI,UNNAMED,2004-11-28 12:00:00,TS,1.1,67.5, ,45,0,main
2004332N02072,2004,NI,UNNAMED,2004-11-28 15:00:00,TS,1.3,67.1, ,48,0,main
2004332N02072,2004,NI,UNNAMED,2004-11-28 18:00:00,TS,1.5,66.7, ,50,0,main
2004332N02072,2004,NI,UNNAMED,2004-11-28 21:00:00,TS,1.7,66.3, ,55,0,main
2004332N02072,2004,NI,UNNAMED,2004-11-29 00:00:00,TS,2.0,65.9, ,60,0,main
2004332N02072,2004,NI,UNNAMED,2004-11-29 03:00:00,TS,2.3,65.4, ,63,0,main
2004332N02072,2004,NI,UNNAMED,2004-11-29 06:00:00,TS,2.7,65.0, ,65,1,main
2004332N02072,2004,NI,UNNAMED,2004-11-29 09:00:00,TS,3.1,64.6, ,65,1,main
2004332N02072,2004,NI,UNNAMED,2004-11-29 12:00:00,TS,3.5,64.3, ,65,1,main
2004332N02072,2004,NI,UNNAMED,2004-11-29 15:00:00,TS,3.8,64.0,35,60,0,main
2004332N02072,2004,NI,UNNAMED,2004-11-29 18:00:00,TS,4.0,63.7,35,55,0,main
2004332N02072,2004,NI,UNNAMED,2004-11-29 21:00:00,TS,4.2,63.4,35,58,0,main
2004332N02072,2004,NI,UNNAMED,2004-11-30 00:00:00,TS,4.8,63.0,35,60,0,main
2004332N02072,2004,NI,UNNAMED,2004-11-30 03:00:00,TS,5.2,62.4,45,63,0,main
2004332N02072,2004,NI,UNNAMED,2004-11-30 06:00:00,TS,5.6,61.7,55,65,1,main
2004332N02072,2004,NI,UNNAMED,2004-11-30 09:00:00,TS,6.0,61.1,55,65,1,main
2004332N02072,2004,NI,UNNAMED,2004-11-30 12:00:00,TS,6.1,60.7,55,65,1,main
2004332N02072,2004,NI,UNNAMED,2004-11-30 15:00:00,TS,6.1,60.4,55,65,1,main
2004332N02072,2004,NI,UNNAMED,2004-11-30 18:00:00,TS,6.3,60.0,45,65,1,main
2004332N02072,2004,NI,UNNAMED,2004-11-30 21:00:00,TS,6.6,59.8,45,63,0,main
2004332N02072,2004,NI,UNNAMED,2004-12-01 00:00:00,TS,7.0,59.5,35,60,0,main
2004332N02072,2004,NI,UNNAMED,2004-12-01 03:00:00,TS,7.1,59.3,35,58,0,main
2004332N02072,2004,NI,UNNAMED,2004-12-01 06:00:00,TS,7.3,59.2,35,55,0,main
2004332N02072,2004,NI,UNNAMED,2004-12-01 09:00:00,TS,7.6,58.5,30,53,0,main
2004332N02072,2004,NI,UNNAMED,2004-12-01 12:00:00,TS,7.7,58.4,25,50,0,main
2004332N02072,2004,NI,UNNAMED,2004-12-01 15:00:00,TS,7.7,58.1, ,48,0,main
2004332N02072,2004,NI,UNNAMED,2004-12-01 18:00:00,TS,7.7,57.7, ,45,0,main
2004332N02072,2004,NI,UNNAMED,2004-12-01 21:00:00,TS,7.8,57.3, ,45,0,main
2004332N02072,2004,NI,UNNAMED,2004-12-02 00:00:00,TS,7.9,56.8, ,45,0,main
2004332N02072,2004,NI,UNNAMED,2004-12-02 03:00:00,TS,8.0,56.3,25,45,0,main
2004332N02072,2004,NI,UNNAMED,2004-12-02 06:00:00,TS,8.1,55.8, ,45,0,main
2004332N02072,2004,NI,UNNAMED,2004-12-02 09:00:00,TS,8.2,55.3, ,43,0,main
2004332N02072,2004,NI,UNNAMED,2004-12-02 12:00:00,TS,8.2,55.0,25,40,0,main
2004332N02072,2004,NI,UNNAMED,2004-12-02 15:00:00,TS,8.2,54.7, ,40,0,main
2004332N02072,2004,NI,UNNAMED,2004-12-02 18:00:00,TS,8.2,54.4, ,40,0,main
2004332N02072,2004,NI,UNNAMED,2004-12-02 21:00:00,TS,8.2,54.1, ,40,0,main
2004332N02072,2004,NI,UNNAMED,2004-12-03 00:00:00,TS,8.3,53.9, ,40,0,main
2004332N02072,2004,NI,UNNAMED,2004-12-03 03:00:00,TS,8.3,53.7, ,40,0,main
2004332N02072,2004,NI,UNNAMED,2004-12-03 06:00:00,TS,8.3,53.4, ,40,0,main
2004332N02072,2004,NI,UNNAMED,2004-12-03 09:00:00,TS,8.3,53.2, ,38,0,main
2004332N02072,2004,NI,UNNAMED,2004-12-03 12:00:00,TS,8.2,52.9, ,35,0,main
2004332N02072,2004,NI,UNNAMED,2004-12-03 15:00:00,TS,8.1,52.5, ,33,-1,main
2004332N02072,2004,NI,UNNAMED,2004-12-03 18:00:00,TS,7.9,52.1, ,30,-1,main
2004332N02072,2004,NI,UNNAMED,2004-12-03 21:00:00,TS,7.7,51.7, ,30,-1,main
2004332N02072,2004,NI,UNNAMED,2004-12-04 00:00:00,TS,7.5,51.3, ,30,-1,main
2004332N02072,2004,NI,UNNAMED,2004-12-04 03:00:00,TS,7.2,50.8, ,30,-1,main
2004332N02072,2004,NI,UNNAMED,2004-12-04 06:00:00,TS,6.9,50.3, ,30,-1,main
2004332N02072,2004,NI,UNNAMED,2004-12-04 09:00:00,TS,6.6,49.8, ,28,-1,main
2004332N02072,2004,NI,UNNAMED,2004-12-04 12:00:00,DS,6.1,49.2, ,25,-3,main
2004332N02072,2004,NI,UNNAMED,2004-12-04 15:00:00,DS,5.4,48.6, ,25,-3,main
2004332N02072,2004,NI,UNNAMED,2004-12-04 18:00:00,DS,4.6,47.9, ,25,-3,main
2004332N02072,2004,NI,UNNAMED,2004-12-04 21:00:00,DS,4.0,47.0, ,25,-3,main
2004332N02072,2004,NI,UNNAMED,2004-12-05 00:00:00,DS,3.4,46.4, ,25,-3,main
2004332N02072,2004,NI,UNNAMED,2004-12-05 03:00:00,DS,2.7,46.3, ,23,-3,main
2004332N02072,2004,NI,UNNAMED,2004-12-05 06:00:00,DS,1.9,46.5, ,20,-3,main
2005338N09093,2005,NI,FANOOS,2005-12-04 06:00:00,DS,8.7,93.0, ,20,-3,main
2005338N09093,2005,NI,FANOOS,2005-12-04 09:00:00,DS,8.9,92.7, ,20,-3,main
2005338N09093,2005,NI,FANOOS,2005-12-04 12:00:00,DS,9.1,92.4, ,20,-3,main
2005338N09093,2005,NI,FANOOS,2005-12-04 15:00:00,DS,9.4,92.2, ,20,-3,main
2005338N09093,2005,NI,FANOOS,2005-12-04 18:00:00,DS,9.6,92.0, ,20,-3,main
2005338N09093,2005,NI,FANOOS,2005-12-04 21:00:00,DS,9.8,91.8, ,20,-3,main
2005338N09093,2005,NI,FANOOS,2005-12-05 00:00:00,DS,9.9,91.5, ,20,-3,main
2005338N09093,2005,NI,FANOOS,2005-12-05 03:00:00,DS,10.1,91.3, ,23,-3,main
2005338N09093,2005,NI,FANOOS,2005-12-05 06:00:00,DS,10.2,91.0, ,25,-3,main
2005338N09093,2005,NI,FANOOS,2005-12-05 09:00:00,DS,10.3,90.7, ,28,-3,main
2005338N09093,2005,NI,FANOOS,2005-12-05 12:00:00,DS,10.4,90.4, ,30,-3,main
2005338N09093,2005,NI,FANOOS,2005-12-05 15:00:00,DS,10.6,90.2, ,30,-3,main
2005338N09093,2005,NI,FANOOS,2005-12-05 18:00:00,DS,10.9,90.0, ,30,-3,main
2005338N09093,2005,NI,FANOOS,2005-12-05 21:00:00,DS,11.2,89.8, ,33,-3,main
2005338N09093,2005,NI,FANOOS,2005-12-06 00:00:00,DS,11.4,89.5, ,35,-3,main
2005338N09093,2005,NI,FANOOS,2005-12-06 03:00:00,MX,11.4,89.3,25,35,-3,main
2005338N09093,2005,NI,FANOOS,2005-12-06 06:00:00,TS,11.3,89.1,25,35,0,main
2005338N09093,2005,NI,FANOOS,2005-12-06 09:00:00,TS,11.4,88.8,30,40,0,main
2005338N09093,2005,NI,FANOOS,2005-12-06 12:00:00,TS,11.3,88.7,30,45,0,main
2005338N09093,2005,NI,FANOOS,2005-12-06 15:00:00,TS,11.3,88.5,30,48,0,main
2005338N09093,2005,NI,FANOOS,2005-12-06 18:00:00,TS,11.2,88.1,30,50,0,main
2005338N09093,2005,NI,FANOOS,2005-12-06 21:00:00,TS,11.2,87.9,30,53,0,main
2005338N09093,2005,NI,FANOOS,2005-12-07 00:00:00,TS,11.1,87.8,30,55,0,main
2005338N09093,2005,NI,FANOOS,2005-12-07 03:00:00,TS,11.0,87.2,35,55,0,main
2005338N09093,2005,NI,FANOOS,2005-12-07 06:00:00,TS,10.9,86.9,40,55,0,main
2005338N09093,2005,NI,FANOOS,2005-12-07 09:00:00,TS,10.8,86.6,45,55,0,main
2005338N09093,2005,NI,FANOOS,2005-12-07 12:00:00,TS,10.8,86.6,45,55,0,main
2005338N09093,2005,NI,FANOOS,2005-12-07 15:00:00,TS,10.7,86.5,45,55,0,main
2005338N09093,2005,NI,FANOOS,2005-12-07 18:00:00,TS,10.7,86.2,45,55,0,main
2005338N09093,2005,NI,FANOOS,2005-12-07 21:00:00,TS,10.7,86.1,45,55,0,main
2005338N09093,2005,NI,FANOOS,2005-12-08 00:00:00,TS,10.7,86.0,45,55,0,main
2005338N09093,2005,NI,FANOOS,2005-12-08 03:00:00,TS,10.5,85.8,45,55,0,main
2005338N09093,2005,NI,FANOOS,2005-12-08 06:00:00,TS,10.6,85.5,45,55,0,main
2005338N09093,2005,NI,FANOOS,2005-12-08 09:00:00,TS,10.6,85.0,45,55,0,main
2005338N09093,2005,NI,FANOOS,2005-12-08 12:00:00,TS,10.6,84.6,45,55,0,main
2005338N09093,2005,NI,FANOOS,2005-12-08 15:00:00,TS,10.5,84.5,45,55,0,main
2005338N09093,2005,NI,FANOOS,2005-12-08 18:00:00,TS,10.4,84.1,45,55,0,main
2005338N09093,2005,NI,FANOOS,2005-12-08 21:00:00,TS,10.4,83.9,45,58,0,main
2005338N09093,2005,NI,FANOOS,2005-12-09 00:00:00,TS,10.4,83.4,45,60,0,main
2005338N09093,2005,NI,FANOOS,2005-12-09 03:00:00,TS,10.4,83.0,45,60,0,main
2005338N09093,2005,NI,FANOOS,2005-12-09 06:00:00,TS,10.4,82.8,45,60,0,main
2005338N09093,2005,NI,FANOOS,2005-12-09 09:00:00,TS,10.4,82.3,45,60,0,main
2005338N09093,2005,NI,FANOOS,2005-12-09 12:00:00,TS,10.4,81.9,45,60,0,main
2005338N09093,2005,NI,FANOOS,2005-12-09 15:00:00,TS,10.4,81.4,45,60,0,main
2005338N09093,2005,NI,FANOOS,2005-12-09 18:00:00,TS,10.4,81.2,35,60,0,main
2005338N09093,2005,NI,FANOOS,2005-12-09 21:00:00,TS,10.5,80.8,35,58,0,main
2005338N09093,2005,NI,FANOOS,2005-12-10 00:00:00,TS,10.5,80.5, ,55,0,main
2005338N09093,2005,NI,FANOOS,2005-12-10 03:00:00,TS,10.5,80.2, ,50,0,main
2005338N09093,2005,NI,FANOOS,2005-12-10 06:00:00,TS,10.4,79.9, ,45,0,main
2005338N09093,2005,NI,FANOOS,2005-12-10 09:00:00,TS,10.3,79.7, ,45,0,main
2005338N09093,2005,NI,FANOOS,2005-12-10 12:00:00,TS,10.2,79.5,30,45,0,main
2005338N09093,2005,NI,FANOOS,2005-12-10 15:00:00,TS,10.1,79.1, ,38,0,main
2005338N09093,2005,NI,FANOOS,2005-12-10 18:00:00,TS,10.2,78.7, ,30,-1,main
2005338N09093,2005,NI,FANOOS,2005-12-10 21:00:00,TS,10.2,78.2, ,30,-1,main
2005338N09093,2005,NI,FANOOS,2005-12-11 00:00:00,TS,10.0,77.8, ,30,-1,main
2005338N09093,2005,NI,FANOOS,2005-12-11 03:00:00,TS,9.7,77.5, ,28,-1,main
2005338N09093,2005,NI,FANOOS,2005-12-11 06:00:00,TS,9.4,77.2, ,25,-1,main
2005338N09093,2005,NI,FANOOS,2005-12-11 09:00:00,TS,9.1,76.9, ,25,-1,main
2005338N09093,2005,NI,FANOOS,2005-12-11 12:00:00,TS,8.7,76.6, ,25,-1,main
2005338N09093,2005,NI,FANOOS,2005-12-11 15:00:00,TS,8.3,76.4, ,25,-1,main
2005338N09093,2005,NI,FANOOS,2005-12-11 18:00:00,TS,8.0,76.2, ,25,-1,main
2005338N09093,2005,NI,FANOOS,2005-12-11 21:00:00,TS,7.9,76.0, ,25,-1,main
2005338N09093,2005,NI,FANOOS,2005-12-12 00:00:00,TS,7.8,75.7, ,25,-1,main
2005338N09093,2005,NI,FANOOS,2005-12-12 03:00:00,TS,7.6,75.4, ,25,-1,main
2005338N09093,2005,NI,FANOOS,2005-12-12 06:00:00,TS,7.4,75.1, ,25,-1,main
2005338N09093,2005,NI,FANOOS,2005-12-12 09:00:00,TS,7.2,74.8, ,25,-1,main
2005338N09093,2005,NI,FANOOS,2005-12-12 12:00:00,TS,7.1,74.5, ,25,-1,main
2005338N09093,2005,NI,FANOOS,2005-12-12 15:00:00,TS,7.0,74.3, ,20,-1,main
2005338N09093,2005,NI,FANOOS,2005-12-12 18:00:00,DS,6.8,74.2, ,15,-3,main
2006012N03081,2006,NI,UNNAMED,2006-01-12 00:00:00,DS,2.9,81.1, ,15,-3,main
2006012N03081,2006,NI,UNNAMED,2006-01-12 03:00:00,DS,2.9,80.8, ,15,-3,main
2006012N03081,2006,NI,UNNAMED,2006-01-12 06:00:00,DS,3.0,80.5, ,15,-3,main
2006012N03081,2006,NI,UNNAMED,2006-01-12 09:00:00,DS,3.1,80.2, ,18,-3,main
2006012N03081,2006,NI,UNNAMED,2006-01-12 12:00:00,DS,3.2,80.0, ,20,-3,main
2006012N03081,2006,NI,UNNAMED,2006-01-12 15:00:00,DS,3.3,79.8, ,23,-3,main
2006012N03081,2006,NI,UNNAMED,2006-01-12 18:00:00,DS,3.5,79.5, ,25,-3,main
2006012N03081,2006,NI,UNNAMED,2006-01-12 21:00:00,DS,3.6,79.2, ,25,-3,main
2006012N03081,2006,NI,UNNAMED,2006-01-13 00:00:00,DS,3.8,78.9, ,25,-3,main
2006012N03081,2006,NI,UNNAMED,2006-01-13 03:00:00,DS,4.0,78.5, ,28,-3,main
2006012N03081,2006,NI,UNNAMED,2006-01-13 06:00:00,DS,4.3,78.1, ,30,-3,main
2006012N03081,2006,NI,UNNAMED,2006-01-13 09:00:00,DS,4.6,77.6, ,33,-3,main
2006012N03081,2006,NI,UNNAMED,2006-01-13 12:00:00,TS,4.9,77.1,25,35,0,main
2006012N03081,2006,NI,UNNAMED,2006-01-13 15:00:00,TS,5.3,76.6, ,38,0,main
2006012N03081,2006,NI,UNNAMED,2006-01-13 18:00:00,TS,5.6,76.3, ,40,0,main
2006012N03081,2006,NI,UNNAMED,2006-01-13 21:00:00,TS,5.7,75.9, ,43,0,main
2006012N03081,2006,NI,UNNAMED,2006-01-14 00:00:00,TS,5.7,75.6,25,45,0,main
2006012N03081,2006,NI,UNNAMED,2006-01-14 03:00:00,TS,5.8,75.1,30,45,0,main
2006012N03081,2006,NI,UNNAMED,2006-01-14 06:00:00,TS,6.9,74.2,30,45,0,main
2006012N03081,2006,NI,UNNAMED,2006-01-14 09:00:00,TS,6.9,73.7,30,45,0,main
2006012N03081,2006,NI,UNNAMED,2006-01-14 12:00:00,TS,6.9,73.3,25,45,0,main
2006012N03081,2006,NI,UNNAMED,2006-01-14 15:00:00,TS,6.9,72.9,25,43,0,main
2006012N03081,2006,NI,UNNAMED,2006-01-14 18:00:00,TS,7.0,72.7,25,40,0,main
2006012N03081,2006,NI,UNNAMED,2006-01-14 21:00:00,TS,7.1,72.3,25,38,0,main
2006012N03081,2006,NI,UNNAMED,2006-01-15 00:00:00,TS,7.1,71.9, ,35,0,main
2006012N03081,2006,NI,UNNAMED,2006-01-15 03:00:00,TS,7.0,71.4, ,33,-1,main
2006012N03081,2006,NI,UNNAMED,2006-01-15 06:00:00,DS,6.9,71.0, ,30,-3,main
2006012N03081,2006,NI,UNNAMED,2006-01-15 09:00:00,DS,6.8,70.5, ,30,-3,main
2006012N03081,2006,NI,UNNAMED,2006-01-15 12:00:00,DS,6.8,70.1, ,30,-3,main
2006012N03081,2006,NI,UNNAMED,2006-01-15 15:00:00,DS,6.8,69.7, ,30,-3,main
2006012N03081,2006,NI,UNNAMED,2006-01-15 18:00:00,DS,6.9,69.3, ,30,-3,main
2006012N03081,2006,NI,UNNAMED,2006-01-15 21:00:00,DS,7.1,68.9, ,30,-3,main
2006012N03081,2006,NI,UNNAMED,2006-01-16 00:00:00,DS,7.3,68.6, ,30,-3,main
2006012N03081,2006,NI,UNNAMED,2006-01-16 03:00:00,DS,7.6,68.3, ,30,-3,main
2006012N03081,2006,NI,UNNAMED,2006-01-16 06:00:00,DS,7.9,68.0, ,30,-3,main
2006012N03081,2006,NI,UNNAMED,2006-01-16 09:00:00,DS,8.2,67.7, ,30,-3,main
2006012N03081,2006,NI,UNNAMED,2006-01-16 12:00:00,DS,8.4,67.3, ,30,-3,main
2006012N03081,2006,NI,UNNAMED,2006-01-16 15:00:00,DS,8.4,66.7, ,30,-3,main
2006012N03081,2006,NI,UNNAMED,2006-01-16 18:00:00,DS,8.5,66.1, ,30,-3,main
2006012N03081,2006,NI,UNNAMED,2006-01-16 21:00:00,DS,8.8,65.5, ,30,-3,main
2006012N03081,2006,NI,UNNAMED,2006-01-17 00:00:00,DS,9.2,64.8, ,30,-3,main
2006012N03081,2006,NI,UNNAMED,2006-01-17 03:00:00,DS,9.5,64.1, ,30,-3,main
2006012N03081,2006,NI,UNNAMED,2006-01-17 06:00:00,DS,9.8,63.4, ,30,-3,main
2006012N03081,2006,NI,UNNAMED,2006-01-17 09:00:00,DS,9.9,62.7, ,30,-3,main
2006012N03081,2006,NI,UNNAMED,2006-01-17 12:00:00,DS,9.9,62.1, ,30,-3,main
2006012N03081,2006,NI,UNNAMED,2006-01-17 15:00:00,DS,9.8,61.5, ,30,-3,main
2006012N03081,2006,NI,UNNAMED,2006-01-17 18:00:00,DS,9.6,61.0, ,30,-3,main
2006012N03081,2006,NI,UNNAMED,2006-01-17 21:00:00,DS,9.4,60.4, ,30,-3,main
2006012N03081,2006,NI,UNNAMED,2006-01-18 00:00:00,DS,9.3,59.9, ,30,-3,main
2006012N03081,2006,NI,UNNAMED,2006-01-18 03:00:00,DS,9.3,59.4, ,30,-3,main
2006012N03081,2006,NI,UNNAMED,2006-01-18 06:00:00,DS,9.3,58.8, ,30,-3,main
2006012N03081,2006,NI,UNNAMED,2006-01-18 09:00:00,DS,9.4,58.2, ,28,-3,main
2006012N03081,2006,NI,UNNAMED,2006-01-18 12:00:00,DS,9.4,57.5, ,25,-3,main
2006012N03081,2006,NI,UNNAMED,2006-01-18 15:00:00,DS,9.4,56.8, ,25,-3,main
2006012N03081,2006,NI,UNNAMED,2006-01-18 18:00:00,DS,9.3,56.2, ,25,-3,main
2006012N03081,2006,NI,UNNAMED,2006-01-18 21:00:00,DS,9.3,55.6, ,25,-3,main
2006012N03081,2006,NI,UNNAMED,2006-01-19 00:00:00,DS,9.2,54.9, ,25,-3,main
2006012N03081,2006,NI,UNNAMED,2006-01-19 03:00:00,DS,9.1,54.2, ,25,-3,main
2006012N03081,2006,NI,UNNAMED,2006-01-19 06:00:00,DS,8.9,53.6, ,25,-3,main
2008338N06092,2008,NI,UNNAMED,2008-12-03 00:00:00,DS,5.8,91.5, ,20,-3,main
2008338N06092,2008,NI,UNNAMED,2008-12-03 03:00:00,DS,5.9,91.4, ,20,-3,main
2008338N06092,2008,NI,UNNAMED,2008-12-03 06:00:00,DS,5.9,91.3, ,20,-3,main
2008338N06092,2008,NI,UNNAMED,2008-12-03 09:00:00,DS,5.9,91.2, ,23,-3,main
2008338N06092,2008,NI,UNNAMED,2008-12-03 12:00:00,TS,6.0,91.1, ,25,-1,main
2008338N06092,2008,NI,UNNAMED,2008-12-03 15:00:00,TS,6.1,91.0, ,28,-1,main
2008338N06092,2008,NI,UNNAMED,2008-12-03 18:00:00,TS,6.2,90.8, ,30,-1,main
2008338N06092,2008,NI,UNNAMED,2008-12-03 21:00:00,TS,6.3,90.6, ,30,-1,main
2008338N06092,2008,NI,UNNAMED,2008-12-04 00:00:00,TS,6.4,90.5, ,30,-1,main
2008338N06092,2008,NI,UNNAMED,2008-12-04 03:00:00,TS,6.5,90.3,25,30,-1,main
2008338N06092,2008,NI,UNNAMED,2008-12-04 06:00:00,TS,6.7,90.0, ,30,-1,main
2008338N06092,2008,NI,UNNAMED,2008-12-04 09:00:00,TS,6.9,89.8,25,30,-1,main
2008338N06092,2008,NI,UNNAMED,2008-12-04 12:00:00,TS,7.1,89.6,25,30,-1,main
2008338N06092,2008,NI,UNNAMED,2008-12-04 15:00:00,TS,7.1,89.4, ,30,-1,main
2008338N06092,2008,NI,UNNAMED,2008-12-04 18:00:00,TS,7.3,89.1,25,30,-1,main
2008338N06092,2008,NI,UNNAMED,2008-12-04 21:00:00,TS,7.5,88.8, ,30,-1,main
2008338N06092,2008,NI,UNNAMED,2008-12-05 00:00:00,TS,7.7,88.6,30,30,-1,main
2008338N06092,2008,NI,UNNAMED,2008-12-05 03:00:00,TS,7.7,88.5,30,33,-1,main
2008338N06092,2008,NI,UNNAMED,2008-12-05 06:00:00,TS,7.9,88.2, ,35,0,main
2008338N06092,2008,NI,UNNAMED,2008-12-05 09:00:00,TS,8.2,87.9,30,35,0,main
2008338N06092,2008,NI,UNNAMED,2008-12-05 12:00:00,TS,8.6,87.5,30,35,0,main
2008338N06092,2008,NI,UNNAMED,2008-12-05 15:00:00,TS,8.6,87.1, ,35,0,main
2008338N06092,2008,NI,UNNAMED,2008-12-05 18:00:00,TS,8.6,86.7,30,35,0,main
2008338N06092,2008,NI,UNNAMED,2008-12-05 21:00:00,TS,8.5,86.2, ,35,0,main
2008338N06092,2008,NI,UNNAMED,2008-12-06 00:00:00,TS,8.4,85.6, ,35,0,main
2008338N06092,2008,NI,UNNAMED,2008-12-06 03:00:00,TS,8.3,85.1,30,35,0,main
2008338N06092,2008,NI,UNNAMED,2008-12-06 06:00:00,TS,8.3,84.8, ,35,0,main
2008338N06092,2008,NI,UNNAMED,2008-12-06 09:00:00,TS,8.2,84.5,30,35,0,main
2008338N06092,2008,NI,UNNAMED,2008-12-06 12:00:00,TS,8.2,84.1,30,35,0,main
2008338N06092,2008,NI,UNNAMED,2008-12-06 15:00:00,TS,8.2,83.8, ,33,-1,main
2008338N06092,2008,NI,UNNAMED,2008-12-06 18:00:00,TS,8.2,83.6,30,30,-1,main
2008338N06092,2008,NI,UNNAMED,2008-12-06 21:00:00,TS,8.1,83.3, ,28,-1,main
2008338N06092,2008,NI,UNNAMED,2008-12-07 00:00:00,TS,8.2,83.1,25,25,-1,main
2008338N06092,2008,NI,UNNAMED,2008-12-07 03:00:00,TS,8.1,82.8,25,25,-1,main
2008338N06092,2008,NI,UNNAMED,2008-12-07 06:00:00,TS,8.1,82.6, ,25,-1,main
2008338N06092,2008,NI,UNNAMED,2008-12-07 09:00:00,TS,8.0,82.3,25,25,-1,main
2008338N06092,2008,NI,UNNAMED,2008-12-07 12:00:00,TS,7.9,81.9,25,25,-1,main
2008338N06092,2008,NI,UNNAMED,2008-12-07 15:00:00,TS,7.7,81.5, ,25,-1,main
2008338N06092,2008,NI,UNNAMED,2008-12-07 18:00:00,TS,7.5,81.0, ,25,-1,main
2008338N06092,2008,NI,UNNAMED,2008-12-07 21:00:00,TS,7.3,80.4, ,25,-1,main
2008338N06092,2008,NI,UNNAMED,2008-12-08 00:00:00,TS,7.0,79.9, ,25,-1,main
2008338N06092,2008,NI,UNNAMED,2008-12-08 03:00:00,TS,6.8,79.4, ,25,-1,main
2008338N06092,2008,NI,UNNAMED,2008-12-08 06:00:00,TS,6.7,79.1, ,25,-1,main
2008338N06092,2008,NI,UNNAMED,2008-12-08 09:00:00,TS,6.5,78.9, ,25,-1,main
2008338N06092,2008,NI,UNNAMED,2008-12-08 12:00:00,TS,6.4,78.7, ,25,-1,main
2008338N06092,2008,NI,UNNAMED,2008-12-08 15:00:00,TS,6.5,78.4, ,25,-1,main
2008338N06092,2008,NI,UNNAMED,2008-12-08 18:00:00,TS,6.6,78.1, ,25,-1,main
2008338N06092,2008,NI,UNNAMED,2008-12-08 21:00:00,TS,6.7,77.7, ,23,-1,main
2008338N06092,2008,NI,UNNAMED,2008-12-09 00:00:00,DS,6.7,77.3, ,20,-3,main
2008338N06092,2008,NI,UNNAMED,2008-12-09 03:00:00,DS,6.7,76.9, ,18,-3,main
2008338N06092,2008,NI,UNNAMED,2008-12-09 06:00:00,DS,6.7,76.5, ,15,-3,main
2008338N06092,2008,NI,UNNAMED,2008-12-09 09:00:00,DS,6.7,75.9, ,15,-3,main
2008338N06092,2008,NI,UNNAMED,2008-12-09 12:00:00,DS,6.7,75.3, ,15,-3,main
2008338N06092,2008,NI,UNNAMED,2008-12-09 15:00:00,DS,6.9,74.6, ,15,-3,main
2008338N06092,2008,NI,UNNAMED,2008-12-09 18:00:00,DS,7.1,73.9, ,15,-3,main
2018072N05076,2018,NI,UNNAMED,2018-03-13 03:00:00,TS,5.0,76.0,25, ,-5,main
2018072N05076,2018,NI,UNNAMED,2018-03-13 06:00:00,TS,5.5,75.8,25, ,-5,main
2018072N05076,2018,NI,UNNAMED,2018-03-13 09:00:00,TS,6.1,75.4, , ,-5,main
2018072N05076,2018,NI,UNNAMED,2018-03-13 12:00:00,TS,6.5,75.0,25, ,-5,main
2018072N05076,2018,NI,UNNAMED,2018-03-13 15:00:00,TS,6.7,74.9, , ,-5,main
2018072N05076,2018,NI,UNNAMED,2018-03-13 18:00:00,TS,6.7,74.8,25, ,-5,main
2018072N05076,2018,NI,UNNAMED,2018-03-13 21:00:00,TS,6.8,74.7, , ,-5,main
2018072N05076,2018,NI,UNNAMED,2018-03-14 00:00:00,TS,7.0,74.5,25, ,-5,main
2018072N05076,2018,NI,UNNAMED,2018-03-14 03:00:00,TS,7.5,74.0,25, ,-5,main
2018072N05076,2018,NI,UNNAMED,2018-03-14 06:00:00,TS,8.0,73.5,25, ,-5,main
2018072N05076,2018,NI,UNNAMED,2018-03-14 09:00:00,TS,8.4,73.1, , ,-5,main
2018072N05076,2018,NI,UNNAMED,2018-03-14 12:00:00,TS,8.7,72.8,25, ,-5,main
2018072N05076,2018,NI,UNNAMED,2018-03-14 15:00:00,TS,8.9,72.6, , ,-5,main
2018072N05076,2018,NI,UNNAMED,2018-03-14 18:00:00,TS,9.1,72.5,25, ,-5,main
2019301N05081,2019,NI,MAHA,2019-10-28 06:00:00,DS,4.9,81.2, ,15,-3,main
2019301N05081,2019,NI,MAHA,2019-10-28 09:00:00,DS,4.9,80.6, ,15,-3,main
2019301N05081,2019,NI,MAHA,2019-10-28 12:00:00,DS,4.8,80.0, ,15,-3,main
2019301N05081,2019,NI,MAHA,2019-10-28 15:00:00,DS,4.7,79.4, ,15,-3,main
2019301N05081,2019,NI,MAHA,2019-10-28 18:00:00,DS,4.6,78.8, ,15,-3,main
2019301N05081,2019,NI,MAHA,2019-10-28 21:00:00,DS,4.5,78.1, ,18,-3,main
2019301N05081,2019,NI,MAHA,2019-10-29 00:00:00,DS,4.5,77.5, ,20,-3,main
2019301N05081,2019,NI,MAHA,2019-10-29 03:00:00,DS,4.7,77.1, ,23,-3,main
2019301N05081,2019,NI,MAHA,2019-10-29 06:00:00,TS,5.1,76.8, ,25,-1,main
2019301N05081,2019,NI,MAHA,2019-10-29 09:00:00,TS,5.5,76.8, ,25,-1,main
2019301N05081,2019,NI,MAHA,2019-10-29 12:00:00,TS,5.9,76.8, ,25,-1,main
2019301N05081,2019,NI,MAHA,2019-10-29 15:00:00,TS,6.3,76.7, ,28,-1,main
2019301N05081,2019,NI,MAHA,2019-10-29 18:00:00,TS,6.7,76.4, ,30,-1,main
2019301N05081,2019,NI,MAHA,2019-10-29 21:00:00,TS,7.1,76.0, ,30,-1,main
2019301N05081,2019,NI,MAHA,2019-10-30 00:00:00,TS,7.4,75.7,25,30,-1,main
2019301N05081,2019,NI,MAHA,2019-10-30 03:00:00,TS,8.0,75.1,25,33,-1,main
2019301N05081,2019,NI,MAHA,2019-10-30 06:00:00,TS,8.3,74.9,25,35,0,main
2019301N05081,2019,NI,MAHA,2019-10-30 09:00:00,TS,8.7,74.5,30,40,0,main
2019301N05081,2019,NI,MAHA,2019-10-30 12:00:00,TS,9.3,74.1,35,45,0,main
2019301N05081,2019,NI,MAHA,2019-10-30 15:00:00,TS,9.8,73.8,40,45,0,main
2019301N05081,2019,NI,MAHA,2019-10-30 18:00:00,TS,10.3,73.4,40,45,0,main
2019301N05081,2019,NI,MAHA,2019-10-30 21:00:00,TS,10.7,73.3,40,45,0,main
2019301N05081,2019,NI,MAHA,2019-10-31 00:00:00,TS,11.1,73.3,45,45,0,main
2019301N05081,2019,NI,MAHA,2019-10-31 03:00:00,TS,11.6,73.1,45,48,0,main
2019301N05081,2019,NI,MAHA,2019-10-31 06:00:00,TS,12.0,73.1,50,50,0,main
2019301N05081,2019,NI,MAHA,2019-10-31 09:00:00,TS,12.5,73.1,50,53,0,main
2019301N05081,2019,NI,MAHA,2019-10-31 12:00:00,TS,13.0,72.9,50,55,0,main
2019301N05081,2019,NI,MAHA,2019-10-31 15:00:00,TS,13.5,72.6,55,53,0,main
2019301N05081,2019,NI,MAHA,2019-10-31 18:00:00,TS,13.9,72.3,55,50,0,main
2019301N05081,2019,NI,MAHA,2019-10-31 21:00:00,TS,14.1,72.0,55,48,0,main
2019301N05081,2019,NI,MAHA,2019-11-01 00:00:00,TS,14.6,71.6,55,45,0,main
2019301N05081,2019,NI,MAHA,2019-11-01 03:00:00,TS,14.8,70.9,55,45,0,main
2019301N05081,2019,NI,MAHA,2019-11-01 06:00:00,TS,15.2,70.4,55,45,0,main
2019301N05081,2019,NI,MAHA,2019-11-01 09:00:00,TS,15.3,70.0,55,45,0,main
2019301N05081,2019,NI,MAHA,2019-11-01 12:00:00,TS,15.5,69.7,50,45,0,main
2019301N05081,2019,NI,MAHA,2019-11-01 15:00:00,TS,15.7,69.4,50,45,0,main
2019301N05081,2019,NI,MAHA,2019-11-01 18:00:00,TS,15.9,69.1,50,45,0,main
2019301N05081,2019,NI,MAHA,2019-11-01 21:00:00,TS,16.0,68.9,50,48,0,main
2019301N05081,2019,NI,MAHA,2019-11-02 00:00:00,TS,16.2,68.6,50,50,0,main
2019301N05081,2019,NI,MAHA,2019-11-02 03:00:00,TS,16.3,68.4,50,53,0,main
2019301N05081,2019,NI,MAHA,2019-11-02 06:00:00,TS,16.6,68.2,50,55,0,main
2019301N05081,2019,NI,MAHA,2019-11-02 09:00:00,TS,16.8,67.9,50,55,0,main
2019301N05081,2019,NI,MAHA,2019-11-02 12:00:00,TS,17.0,67.6,55,55,0,main
2019301N05081,2019,NI,MAHA,2019-11-02 15:00:00,TS,17.1,67.3,55,58,0,main
2019301N05081,2019,NI,MAHA,2019-11-02 18:00:00,TS,17.2,67.1,60,60,0,main
2019301N05081,2019,NI,MAHA,2019-11-02 21:00:00,TS,17.4,66.8,60,63,0,main
2019301N05081,2019,NI,MAHA,2019-11-03 00:00:00,TS,17.5,66.6,60,65,1,main
2019301N05081,2019,NI,MAHA,2019-11-03 03:00:00,TS,17.5,66.4,60,68,1,main
2019301N05081,2019,NI,MAHA,2019-11-03 06:00:00,TS,17.6,66.2,60,70,1,main
2019301N05081,2019,NI,MAHA,2019-11-03 09:00:00,TS,17.6,65.9,65,75,1,main
2019301N05081,2019,NI,MAHA,2019-11-03 12:00:00,TS,17.7,65.7,70,80,1,main
2019301N05081,2019,NI,MAHA,2019-11-03 15:00:00,TS,17.8,65.5,75,88,2,main
2019301N05081,2019,NI,MAHA,2019-11-03 18:00:00,TS,17.9,65.4,80,95,2,main
2019301N05081,2019,NI,MAHA,2019-11-03 21:00:00,TS,18.0,65.1,85,98,3,main
2019301N05081,2019,NI,MAHA,2019-11-04 00:00:00,TS,18.1,64.9,90,100,3,main
2019301N05081,2019,NI,MAHA,2019-11-04 03:00:00,TS,18.3,64.6,90,100,3,main
2019301N05081,2019,NI,MAHA,2019-11-04 06:00:00,TS,18.6,64.4,90,100,3,main
2019301N05081,2019,NI,MAHA,2019-11-04 09:00:00,TS,18.7,64.2,95,103,3,main
2019301N05081,2019,NI,MAHA,2019-11-04 12:00:00,TS,18.9,64.1,100,105,3,main
2019301N05081,2019,NI,MAHA,2019-11-04 15:00:00,TS,19.2,63.9,100,105,3,main
2019301N05081,2019,NI,MAHA,2019-11-04 18:00:00,TS,19.3,63.7,100,105,3,main
2019301N05081,2019,NI,MAHA,2019-11-04 21:00:00,TS,19.4,63.6,100,103,3,main
2019301N05081,2019,NI,MAHA,2019-11-05 00:00:00,TS,19.5,63.5,90,100,3,main
2019301N05081,2019,NI,MAHA,2019-11-05 03:00:00,TS,19.6,63.5,85,95,2,main
2019301N05081,2019,NI,MAHA,2019-11-05 06:00:00,TS,19.7,63.6,80,90,2,main
2019301N05081,2019,NI,MAHA,2019-11-05 09:00:00,TS,19.7,63.7,80,88,2,main
2019301N05081,2019,NI,MAHA,2019-11-05 12:00:00,TS,19.8,64.0,70,85,2,main
2019301N05081,2019,NI,MAHA,2019-11-05 15:00:00,TS,19.8,64.3,70,78,1,main
2019301N05081,2019,NI,MAHA,2019-11-05 18:00:00,TS,19.8,64.8,70,70,1,main
2019301N05081,2019,NI,MAHA,2019-11-05 21:00:00,TS,19.8,65.3,70,63,0,main
2019301N05081,2019,NI,MAHA,2019-11-06 00:00:00,TS,19.8,65.6,60,55,0,main
2019301N05081,2019,NI,MAHA,2019-11-06 03:00:00,TS,19.7,66.0,55,50,0,main
2019301N05081,2019,NI,MAHA,2019-11-06 06:00:00,TS,19.7,66.4,50,45,0,main
2019301N05081,2019,NI,MAHA,2019-11-06 09:00:00,TS,19.6,66.9,50,43,0,main
2019301N05081,2019,NI,MAHA,2019-11-06 12:00:00,TS,19.6,67.5,45,40,0,main
2019301N05081,2019,NI,MAHA,2019-11-06 15:00:00,TS,19.6,68.1,40,35,0,main
2019301N05081,2019,NI,MAHA,2019-11-06 18:00:00,TS,19.6,68.5,40,30,-1,main
2019301N05081,2019,NI,MAHA,2019-11-06 21:00:00,TS,19.6,69.0,35,28,-1,main
2019301N05081,2019,NI,MAHA,2019-11-07 00:00:00,TS,19.7,69.6,30,25,-1,main
2019301N05081,2019,NI,MAHA,2019-11-07 03:00:00,TS,19.9,70.1,30,25,-1,main
2019301N05081,2019,NI,MAHA,2019-11-07 06:00:00,TS,20.1,70.4,25,25,-1,main
2019301N05081,2019,NI,MAHA,2019-11-07 09:00:00,TS,20.2,70.8,20,25,-1,main
2019301N05081,2019,NI,MAHA,2019-11-07 12:00:00,TS,20.2,71.3, ,25,-1,main
2019301N05081,2019,NI,MAHA,2019-11-07 15:00:00,TS,20.3,71.7, ,25,-1,main
2019301N05081,2019,NI,MAHA,2019-11-07 18:00:00,TS,20.4,72.0, ,25,-1,main
2019301N05081,2019,NI,MAHA,2019-11-07 21:00:00,TS,20.3,72.2, ,25,-1,main
2019301N05081,2019,NI,MAHA,2019-11-08 00:00:00,TS,20.2,72.3, ,25,-1,main
2019301N05081,2019,NI,MAHA,2019-11-08 03:00:00,TS,20.1,72.4, ,28,-1,main
2019301N05081,2019,NI,MAHA,2019-11-08 06:00:00,TS,20.1,72.5, ,30,-1,main
2019301N05081,2019,NI,MAHA,2019-11-08 09:00:00,TS,20.2,72.5, ,30,-1,main
2019301N05081,2019,NI,MAHA,2019-11-08 12:00:00,TS,20.3,72.5, ,30,-1,main
2019301N05081,2019,NI,MAHA,2019-11-08 15:00:00,TS,20.3,72.4, ,28,-1,main
2019301N05081,2019,NI,MAHA,2019-11-08 18:00:00,TS,20.3,72.3, ,25,-1,main
2019301N05081,2019,NI,MAHA,2019-11-08 21:00:00,TS,20.3,72.3, ,25,-1,main
2019301N05081,2019,NI,MAHA,2019-11-09 00:00:00,TS,20.2,72.3, ,25,-1,main
2019301N05081,2019,NI,MAHA,2019-11-09 03:00:00,TS,20.1,72.1, ,23,-1,main
2019301N05081,2019,NI,MAHA,2019-11-09 06:00:00,DS,19.9,71.9, ,20,-3,main
2019301N05081,2019,NI,MAHA,2019-11-09 09:00:00,DS,19.8,71.7, ,18,-3,main
2019301N05081,2019,NI,MAHA,2019-11-09 12:00:00,DS,19.8,71.4, ,15,-3,main
2019301N05081,2019,NI,MAHA,2019-11-09 15:00:00,DS,19.7,71.2, ,15,-3,main
2019301N05081,2019,NI,MAHA,2019-11-09 18:00:00,DS,19.5,70.9, ,15,-3,main
2019301N05081,2019,NI,MAHA,2019-11-09 21:00:00,DS,19.4,70.5, ,15,-3,main
2019301N05081,2019,NI,MAHA,2019-11-10 00:00:00,DS,19.3,70.1, ,15,-3,main
2019301N05081,2019,NI,MAHA,2019-11-10 03:00:00,DS,19.2,69.7, ,15,-3,main
2019301N05081,2019,NI,MAHA,2019-11-10 06:00:00,DS,19.2,69.3, ,15,-3,main
2019301N05081,2019,NI,MAHA,2019-11-10 09:00:00,DS,19.1,68.9, ,15,-3,main
2019301N05081,2019,NI,MAHA,2019-11-10 12:00:00,DS,19.0,68.5, ,15,-3,main
2019301N05081,2019,NI,MAHA,2019-11-10 15:00:00,DS,18.7,68.2, ,15,-3,main
2019301N05081,2019,NI,MAHA,2019-11-10 18:00:00,DS,18.4,67.9, ,15,-3,main
2019301N05081,2019,NI,MAHA,2019-11-10 21:00:00,DS,18.2,67.8, ,15,-3,main
2019301N05081,2019,NI,MAHA,2019-11-11 00:00:00,DS,18.1,67.7, ,15,-3,main
