year,habitat,site,transect,trophic,biomass_g_m2
2006,Backreef,LTER_1,1,Planktivore,1.166
2006,Backreef,LTER_1,1,Primary Consumer,4.020
2006,Backreef,LTER_1,1,Secondary Consumer,4.083
2006,Backreef,LTER_1,2,Piscivore_primarily,1.288
2006,Backreef,LTER_1,2,Planktivore,2.155
2006,Backreef,LTER_1,2,Primary Consumer,79.405
2006,Backreef,LTER_1,2,Secondary Consumer,11.532
2006,Backreef,LTER_1,3,Piscivore_primarily,21.312
2006,Backreef,LTER_1,3,Planktivore,1.226
2006,Backreef,LTER_1,3,Primary Consumer,45.061
2006,Backreef,LTER_1,3,Secondary Consumer,11.008
2006,Backreef,LTER_1,4,Piscivore_primarily,0.120
2006,Backreef,LTER_1,4,Planktivore,0.043
2006,Backreef,LTER_1,4,Primary Consumer,19.134
2006,Backreef,LTER_1,4,Secondary Consumer,3.456
2006,Backreef,LTER_2,1,Piscivore_primarily,1.301
2006,Backreef,LTER_2,1,Primary Consumer,7.619
2006,Backreef,LTER_2,1,Secondary Consumer,7.457
2006,Backreef,LTER_2,2,Piscivore_primarily,2.544
2006,Backreef,LTER_2,2,Planktivore,0.380
2006,Backreef,LTER_2,2,Primary Consumer,72.827
2006,Backreef,LTER_2,2,Secondary Consumer,24.849
2006,Backreef,LTER_2,3,Piscivore_primarily,0.582
2006,Backreef,LTER_2,3,Primary Consumer,40.989
2006,Backreef,LTER_2,3,Secondary Consumer,10.191
2006,Backreef,LTER_2,4,Planktivore,0.020
2006,Backreef,LTER_2,4,Primary Consumer,6.288
2006,Backreef,LTER_2,4,Secondary Consumer,2.145
2006,Backreef,LTER_3,1,Primary Consumer,8.357
2006,Backreef,LTER_3,1,Secondary Consumer,2.712
2006,Backreef,LTER_3,2,Piscivore_primarily,0.208
2006,Backreef,LTER_3,2,Planktivore,0.396
2006,Backreef,LTER_3,2,Primary Consumer,17.101
2006,Backreef,LTER_3,2,Secondary Consumer,8.272
2006,Backreef,LTER_3,3,Piscivore_primarily,3.428
2006,Backreef,LTER_3,3,Planktivore,0.152
2006,Backreef,LTER_3,3,Primary Consumer,3.421
2006,Backreef,LTER_3,3,Secondary Consumer,4.392
2006,Backreef,LTER_3,4,Planktivore,0.210
2006,Backreef,LTER_3,4,Primary Consumer,3.448
2006,Backreef,LTER_3,4,Secondary Consumer,2.817
2006,Backreef,LTER_4,1,Piscivore_primarily,0.064
2006,Backreef,LTER_4,1,Planktivore,1.062
2006,Backreef,LTER_4,1,Primary Consumer,4.374
2006,Backreef,LTER_4,1,Secondary Consumer,7.235
2006,Backreef,LTER_4,2,Piscivore_primarily,0.196
2006,Backreef,LTER_4,2,Planktivore,1.077
2006,Backreef,LTER_4,2,Primary Consumer,19.653
2006,Backreef,LTER_4,2,Secondary Consumer,21.373
2006,Backreef,LTER_4,3,Piscivore_primarily,0.470
2006,Backreef,LTER_4,3,Planktivore,0.700
2006,Backreef,LTER_4,3,Primary Consumer,6.414
2006,Backreef,LTER_4,3,Secondary Consumer,4.738
2006,Backreef,LTER_4,4,Piscivore_primarily,0.157
2006,Backreef,LTER_4,4,Planktivore,0.115
2006,Backreef,LTER_4,4,Primary Consumer,1.756
2006,Backreef,LTER_4,4,Secondary Consumer,2.724
2006,Backreef,LTER_5,1,Piscivore_primarily,0.132
2006,Backreef,LTER_5,1,Planktivore,0.111
2006,Backreef,LTER_5,1,Primary Consumer,4.956
2006,Backreef,LTER_5,1,Secondary Consumer,4.462
2006,Backreef,LTER_5,2,Piscivore_primarily,0.791
2006,Backreef,LTER_5,2,Planktivore,2.603
2006,Backreef,LTER_5,2,Primary Consumer,36.702
2006,Backreef,LTER_5,2,Secondary Consumer,10.100
2006,Backreef,LTER_5,3,Piscivore_primarily,8.954
2006,Backreef,LTER_5,3,Planktivore,0.004
2006,Backreef,LTER_5,3,Primary Consumer,25.215
2006,Backreef,LTER_5,3,Secondary Consumer,4.885
2006,Backreef,LTER_5,4,Planktivore,1.171
2006,Backreef,LTER_5,4,Primary Consumer,11.343
2006,Backreef,LTER_5,4,Secondary Consumer,4.175
2006,Backreef,LTER_6,1,Piscivore_primarily,0.095
2006,Backreef,LTER_6,1,Planktivore,0.209
2006,Backreef,LTER_6,1,Primary Consumer,3.685
2006,Backreef,LTER_6,1,Secondary Consumer,3.444
2006,Backreef,LTER_6,2,Piscivore_primarily,0.476
2006,Backreef,LTER_6,2,Planktivore,3.834
2006,Backreef,LTER_6,2,Primary Consumer,260.642
2006,Backreef,LTER_6,2,Secondary Consumer,27.949
2006,Backreef,LTER_6,3,Piscivore_primarily,1.002
2006,Backreef,LTER_6,3,Planktivore,1.683
2006,Backreef,LTER_6,3,Primary Consumer,41.654
2006,Backreef,LTER_6,3,Secondary Consumer,11.483
2006,Backreef,LTER_6,4,Piscivore_primarily,0.303
2006,Backreef,LTER_6,4,Planktivore,0.418
2006,Backreef,LTER_6,4,Primary Consumer,7.394
2006,Backreef,LTER_6,4,Secondary Consumer,5.814
2006,Forereef,LTER_1,1,Piscivore_primarily,6.177
2006,Forereef,LTER_1,1,Planktivore,0.367
2006,Forereef,LTER_1,1,Primary Consumer,4.824
2006,Forereef,LTER_1,1,Secondary Consumer,7.546
2006,Forereef,LTER_1,2,Piscivore_primarily,119.802
2006,Forereef,LTER_1,2,Planktivore,3.044
2006,Forereef,LTER_1,2,Primary Consumer,25.330
2006,Forereef,LTER_1,2,Secondary Consumer,13.315
2006,Forereef,LTER_1,3,Piscivore_primarily,32.185
2006,Forereef,LTER_1,3,Planktivore,10.311
2006,Forereef,LTER_1,3,Primary Consumer,184.022
2006,Forereef,LTER_1,3,Secondary Consumer,28.830
2006,Forereef,LTER_1,4,Piscivore_primarily,141.542
2006,Forereef,LTER_1,4,Planktivore,1.266
2006,Forereef,LTER_1,4,Primary Consumer,21.397
2006,Forereef,LTER_1,4,Secondary Consumer,8.848
2006,Forereef,LTER_2,1,Piscivore_primarily,1.942
2006,Forereef,LTER_2,1,Planktivore,1.563
2006,Forereef,LTER_2,1,Primary Consumer,5.667
2006,Forereef,LTER_2,1,Secondary Consumer,11.502
2006,Forereef,LTER_2,2,Piscivore_primarily,8.636
2006,Forereef,LTER_2,2,Planktivore,6.804
2006,Forereef,LTER_2,2,Primary Consumer,24.168
2006,Forereef,LTER_2,2,Secondary Consumer,19.373
2006,Forereef,LTER_2,3,Piscivore_primarily,26.239
2006,Forereef,LTER_2,3,Planktivore,5.406
2006,Forereef,LTER_2,3,Primary Consumer,70.331
2006,Forereef,LTER_2,3,Secondary Consumer,34.060
2006,Forereef,LTER_2,4,Piscivore_primarily,9.443
2006,Forereef,LTER_2,4,Planktivore,1.819
2006,Forereef,LTER_2,4,Primary Consumer,16.507
2006,Forereef,LTER_2,4,Secondary Consumer,8.016
2006,Forereef,LTER_3,1,Piscivore_primarily,4.024
2006,Forereef,LTER_3,1,Planktivore,0.554
2006,Forereef,LTER_3,1,Primary Consumer,3.531
2006,Forereef,LTER_3,1,Secondary Consumer,3.860
2006,Forereef,LTER_3,2,Piscivore_primarily,5.966
2006,Forereef,LTER_3,2,Planktivore,4.473
2006,Forereef,LTER_3,2,Primary Consumer,26.802
2006,Forereef,LTER_3,2,Secondary Consumer,14.203
2006,Forereef,LTER_3,3,Piscivore_primarily,15.392
2006,Forereef,LTER_3,3,Planktivore,36.189
2006,Forereef,LTER_3,3,Primary Consumer,78.980
2006,Forereef,LTER_3,3,Secondary Consumer,26.950
2006,Forereef,LTER_3,4,Piscivore_primarily,6.354
2006,Forereef,LTER_3,4,Planktivore,2.857
2006,Forereef,LTER_3,4,Primary Consumer,12.434
2006,Forereef,LTER_3,4,Secondary Consumer,7.105
2006,Forereef,LTER_4,1,Piscivore_primarily,2.837
2006,Forereef,LTER_4,1,Planktivore,1.931
2006,Forereef,LTER_4,1,Primary Consumer,6.759
2006,Forereef,LTER_4,1,Secondary Consumer,3.978
2006,Forereef,LTER_4,2,Piscivore_primarily,6.991
2006,Forereef,LTER_4,2,Planktivore,8.883
2006,Forereef,LTER_4,2,Primary Consumer,51.918
2006,Forereef,LTER_4,2,Secondary Consumer,20.471
2006,Forereef,LTER_4,3,Piscivore_primarily,20.687
2006,Forereef,LTER_4,3,Planktivore,8.234
2006,Forereef,LTER_4,3,Primary Consumer,65.434
2006,Forereef,LTER_4,3,Secondary Consumer,35.983
2006,Forereef,LTER_4,4,Piscivore_primarily,3.865
2006,Forereef,LTER_4,4,Planktivore,0.954
2006,Forereef,LTER_4,4,Primary Consumer,12.850
2006,Forereef,LTER_4,4,Secondary Consumer,9.986
2006,Forereef,LTER_5,1,Piscivore_primarily,1.107
2006,Forereef,LTER_5,1,Planktivore,0.412
2006,Forereef,LTER_5,1,Primary Consumer,1.660
2006,Forereef,LTER_5,1,Secondary Consumer,4.104
2006,Forereef,LTER_5,2,Piscivore_primarily,4.215
2006,Forereef,LTER_5,2,Planktivore,2.049
2006,Forereef,LTER_5,2,Primary Consumer,13.957
2006,Forereef,LTER_5,2,Secondary Consumer,9.460
2006,Forereef,LTER_5,3,Piscivore_primarily,3.405
2006,Forereef,LTER_5,3,Planktivore,0.758
2006,Forereef,LTER_5,3,Primary Consumer,21.767
2006,Forereef,LTER_5,3,Secondary Consumer,12.510
2006,Forereef,LTER_5,4,Piscivore_primarily,1.404
2006,Forereef,LTER_5,4,Planktivore,1.388
2006,Forereef,LTER_5,4,Primary Consumer,12.385
2006,Forereef,LTER_5,4,Secondary Consumer,8.339
2006,Forereef,LTER_6,1,Piscivore_primarily,1.215
2006,Forereef,LTER_6,1,Planktivore,1.515
2006,Forereef,LTER_6,1,Primary Consumer,3.368
2006,Forereef,LTER_6,1,Secondary Consumer,5.778
2006,Forereef,LTER_6,2,Piscivore_primarily,9.582
2006,Forereef,LTER_6,2,Planktivore,1.963
2006,Forereef,LTER_6,2,Primary Consumer,10.768
2006,Forereef,LTER_6,2,Secondary Consumer,9.287
2006,Forereef,LTER_6,3,Piscivore_primarily,17.383
2006,Forereef,LTER_6,3,Planktivore,23.423
2006,Forereef,LTER_6,3,Primary Consumer,117.295
2006,Forereef,LTER_6,3,Secondary Consumer,23.412
2006,Forereef,LTER_6,4,Piscivore_primarily,3.596
2006,Forereef,LTER_6,4,Planktivore,0.192
2006,Forereef,LTER_6,4,Primary Consumer,19.051
2006,Forereef,LTER_6,4,Secondary Consumer,16.672
2006,Fringing,LTER_1,1,Piscivore_primarily,0.130
2006,Fringing,LTER_1,1,Planktivore,4.421
2006,Fringing,LTER_1,1,Primary Consumer,2.482
2006,Fringing,LTER_1,1,Secondary Consumer,8.795
2006,Fringing,LTER_1,2,Piscivore_primarily,9.062
2006,Fringing,LTER_1,2,Planktivore,3.012
2006,Fringing,LTER_1,2,Primary Consumer,20.295
2006,Fringing,LTER_1,2,Secondary Consumer,14.505
2006,Fringing,LTER_1,3,Piscivore_primarily,4.862
2006,Fringing,LTER_1,3,Planktivore,4.809
2006,Fringing,LTER_1,3,Primary Consumer,19.353
2006,Fringing,LTER_1,3,Secondary Consumer,11.592
2006,Fringing,LTER_1,4,Piscivore_primarily,9.029
2006,Fringing,LTER_1,4,Planktivore,0.521
2006,Fringing,LTER_1,4,Primary Consumer,60.676
2006,Fringing,LTER_1,4,Secondary Consumer,7.477
2006,Fringing,LTER_2,1,Piscivore_primarily,1.633
2006,Fringing,LTER_2,1,Planktivore,1.525
2006,Fringing,LTER_2,1,Primary Consumer,2.821
2006,Fringing,LTER_2,1,Secondary Consumer,10.622
2006,Fringing,LTER_2,2,Piscivore_primarily,6.552
2006,Fringing,LTER_2,2,Planktivore,0.910
2006,Fringing,LTER_2,2,Primary Consumer,29.349
2006,Fringing,LTER_2,2,Secondary Consumer,21.543
2006,Fringing,LTER_2,3,Piscivore_primarily,1.000
2006,Fringing,LTER_2,3,Planktivore,3.940
2006,Fringing,LTER_2,3,Primary Consumer,46.687
2006,Fringing,LTER_2,3,Secondary Consumer,41.189
2006,Fringing,LTER_2,4,Piscivore_primarily,0.425
2006,Fringing,LTER_2,4,Planktivore,2.180
2006,Fringing,LTER_2,4,Primary Consumer,28.303
2006,Fringing,LTER_2,4,Secondary Consumer,8.081
2006,Fringing,LTER_3,1,Piscivore_primarily,4.180
2006,Fringing,LTER_3,1,Planktivore,1.743
2006,Fringing,LTER_3,1,Primary Consumer,3.206
2006,Fringing,LTER_3,1,Secondary Consumer,12.190
2006,Fringing,LTER_3,2,Piscivore_primarily,3.681
2006,Fringing,LTER_3,2,Planktivore,2.268
2006,Fringing,LTER_3,2,Primary Consumer,12.006
2006,Fringing,LTER_3,2,Secondary Consumer,16.716
2006,Fringing,LTER_3,3,Piscivore_primarily,8.698
2006,Fringing,LTER_3,3,Planktivore,11.801
2006,Fringing,LTER_3,3,Primary Consumer,19.942
2006,Fringing,LTER_3,3,Secondary Consumer,45.187
2006,Fringing,LTER_3,4,Piscivore_primarily,0.191
2006,Fringing,LTER_3,4,Planktivore,8.519
2006,Fringing,LTER_3,4,Primary Consumer,5.967
2006,Fringing,LTER_3,4,Secondary Consumer,6.311
2006,Fringing,LTER_4,1,Piscivore_primarily,3.175
2006,Fringing,LTER_4,1,Planktivore,0.178
2006,Fringing,LTER_4,1,Primary Consumer,1.096
2006,Fringing,LTER_4,1,Secondary Consumer,5.179
2006,Fringing,LTER_4,2,Piscivore_primarily,0.174
2006,Fringing,LTER_4,2,Planktivore,0.408
2006,Fringing,LTER_4,2,Primary Consumer,10.623
2006,Fringing,LTER_4,2,Secondary Consumer,15.813
2006,Fringing,LTER_4,3,Piscivore_primarily,35.115
2006,Fringing,LTER_4,3,Planktivore,1.104
2006,Fringing,LTER_4,3,Primary Consumer,4.082
2006,Fringing,LTER_4,3,Secondary Consumer,19.485
2006,Fringing,LTER_4,4,Piscivore_primarily,0.792
2006,Fringing,LTER_4,4,Planktivore,0.607
2006,Fringing,LTER_4,4,Primary Consumer,5.502
2006,Fringing,LTER_4,4,Secondary Consumer,7.497
2006,Fringing,LTER_5,1,Piscivore_primarily,4.701
2006,Fringing,LTER_5,1,Planktivore,2.634
2006,Fringing,LTER_5,1,Primary Consumer,3.698
2006,Fringing,LTER_5,1,Secondary Consumer,3.477
2006,Fringing,LTER_5,2,Piscivore_primarily,1.475
2006,Fringing,LTER_5,2,Planktivore,12.113
2006,Fringing,LTER_5,2,Primary Consumer,12.610
2006,Fringing,LTER_5,2,Secondary Consumer,16.707
2006,Fringing,LTER_5,3,Piscivore_primarily,7.378
2006,Fringing,LTER_5,3,Planktivore,13.894
2006,Fringing,LTER_5,3,Primary Consumer,16.702
2006,Fringing,LTER_5,3,Secondary Consumer,8.950
2006,Fringing,LTER_5,4,Piscivore_primarily,0.271
2006,Fringing,LTER_5,4,Planktivore,3.759
2006,Fringing,LTER_5,4,Primary Consumer,4.764
2006,Fringing,LTER_5,4,Secondary Consumer,11.252
2006,Fringing,LTER_6,1,Piscivore_primarily,0.692
2006,Fringing,LTER_6,1,Planktivore,1.551
2006,Fringing,LTER_6,1,Primary Consumer,2.096
2006,Fringing,LTER_6,1,Secondary Consumer,6.782
2006,Fringing,LTER_6,2,Piscivore_primarily,0.290
2006,Fringing,LTER_6,2,Planktivore,17.589
2006,Fringing,LTER_6,2,Primary Consumer,20.707
2006,Fringing,LTER_6,2,Secondary Consumer,19.796
2006,Fringing,LTER_6,3,Piscivore_primarily,4.380
2006,Fringing,LTER_6,3,Planktivore,11.161
2006,Fringing,LTER_6,3,Primary Consumer,21.539
2006,Fringing,LTER_6,3,Secondary Consumer,26.910
2006,Fringing,LTER_6,4,Piscivore_primarily,0.223
2006,Fringing,LTER_6,4,Planktivore,0.289
2006,Fringing,LTER_6,4,Primary Consumer,7.145
2006,Fringing,LTER_6,4,Secondary Consumer,20.071
2007,Backreef,LTER_1,1,Planktivore,4.739
2007,Backreef,LTER_1,1,Primary Consumer,14.638
2007,Backreef,LTER_1,1,Secondary Consumer,5.028
2007,Backreef,LTER_1,2,Piscivore_primarily,54.835
2007,Backreef,LTER_1,2,Planktivore,0.279
2007,Backreef,LTER_1,2,Primary Consumer,18.255
2007,Backreef,LTER_1,2,Secondary Consumer,2.552
2007,Backreef,LTER_1,3,Planktivore,0.943
2007,Backreef,LTER_1,3,Primary Consumer,42.865
2007,Backreef,LTER_1,3,Secondary Consumer,9.881
2007,Backreef,LTER_1,4,Planktivore,0.973
2007,Backreef,LTER_1,4,Primary Consumer,9.809
2007,Backreef,LTER_1,4,Secondary Consumer,3.100
2007,Backreef,LTER_2,1,Piscivore_primarily,0.334
2007,Backreef,LTER_2,1,Planktivore,1.196
2007,Backreef,LTER_2,1,Primary Consumer,24.535
2007,Backreef,LTER_2,1,Secondary Consumer,20.705
2007,Backreef,LTER_2,2,Planktivore,1.129
2007,Backreef,LTER_2,2,Primary Consumer,28.914
2007,Backreef,LTER_2,2,Secondary Consumer,10.620
2007,Backreef,LTER_2,3,Piscivore_primarily,1.670
2007,Backreef,LTER_2,3,Planktivore,0.003
2007,Backreef,LTER_2,3,Primary Consumer,46.667
2007,Backreef,LTER_2,3,Secondary Consumer,5.692
2007,Backreef,LTER_2,4,Piscivore_primarily,0.164
2007,Backreef,LTER_2,4,Planktivore,0.028
2007,Backreef,LTER_2,4,Primary Consumer,25.499
2007,Backreef,LTER_2,4,Secondary Consumer,2.697
2007,Backreef,LTER_3,1,Piscivore_primarily,0.100
2007,Backreef,LTER_3,1,Planktivore,0.016
2007,Backreef,LTER_3,1,Primary Consumer,3.901
2007,Backreef,LTER_3,1,Secondary Consumer,7.825
2007,Backreef,LTER_3,2,Piscivore_primarily,0.100
2007,Backreef,LTER_3,2,Planktivore,0.037
2007,Backreef,LTER_3,2,Primary Consumer,19.953
2007,Backreef,LTER_3,2,Secondary Consumer,7.954
2007,Backreef,LTER_3,3,Piscivore_primarily,0.041
2007,Backreef,LTER_3,3,Planktivore,0.083
2007,Backreef,LTER_3,3,Primary Consumer,17.802
2007,Backreef,LTER_3,3,Secondary Consumer,13.580
2007,Backreef,LTER_3,4,Primary Consumer,4.767
2007,Backreef,LTER_3,4,Secondary Consumer,1.172
2007,Backreef,LTER_4,1,Piscivore_primarily,0.243
2007,Backreef,LTER_4,1,Planktivore,2.492
2007,Backreef,LTER_4,1,Primary Consumer,5.258
2007,Backreef,LTER_4,1,Secondary Consumer,15.333
2007,Backreef,LTER_4,2,Planktivore,0.152
2007,Backreef,LTER_4,2,Primary Consumer,9.273
2007,Backreef,LTER_4,2,Secondary Consumer,3.466
2007,Backreef,LTER_4,3,Planktivore,0.361
2007,Backreef,LTER_4,3,Primary Consumer,7.210
2007,Backreef,LTER_4,3,Secondary Consumer,1.608
2007,Backreef,LTER_4,4,Piscivore_primarily,0.043
2007,Backreef,LTER_4,4,Primary Consumer,3.692
2007,Backreef,LTER_4,4,Secondary Consumer,4.226
2007,Backreef,LTER_5,1,Piscivore_primarily,0.664
2007,Backreef,LTER_5,1,Planktivore,0.150
2007,Backreef,LTER_5,1,Primary Consumer,4.004
2007,Backreef,LTER_5,1,Secondary Consumer,5.677
2007,Backreef,LTER_5,2,Planktivore,0.415
2007,Backreef,LTER_5,2,Primary Consumer,18.033
2007,Backreef,LTER_5,2,Secondary Consumer,2.420
2007,Backreef,LTER_5,3,Piscivore_primarily,121.130
2007,Backreef,LTER_5,3,Primary Consumer,36.458
2007,Backreef,LTER_5,3,Secondary Consumer,7.343
2007,Backreef,LTER_5,4,Piscivore_primarily,0.190
2007,Backreef,LTER_5,4,Planktivore,0.050
2007,Backreef,LTER_5,4,Primary Consumer,12.128
2007,Backreef,LTER_5,4,Secondary Consumer,5.515
2007,Backreef,LTER_6,1,Piscivore_primarily,0.043
2007,Backreef,LTER_6,1,Planktivore,0.274
2007,Backreef,LTER_6,1,Primary Consumer,13.150
2007,Backreef,LTER_6,1,Secondary Consumer,4.426
2007,Backreef,LTER_6,2,Piscivore_primarily,0.201
2007,Backreef,LTER_6,2,Planktivore,1.512
2007,Backreef,LTER_6,2,Primary Consumer,39.232
2007,Backreef,LTER_6,2,Secondary Consumer,4.286
2007,Backreef,LTER_6,3,Piscivore_primarily,0.528
2007,Backreef,LTER_6,3,Planktivore,1.054
2007,Backreef,LTER_6,3,Primary Consumer,29.238
2007,Backreef,LTER_6,3,Secondary Consumer,7.012
2007,Backreef,LTER_6,4,Piscivore_primarily,0.231
2007,Backreef,LTER_6,4,Primary Consumer,6.580
2007,Backreef,LTER_6,4,Secondary Consumer,5.145
2007,Forereef,LTER_1,1,Piscivore_primarily,4.099
2007,Forereef,LTER_1,1,Planktivore,0.155
2007,Forereef,LTER_1,1,Primary Consumer,31.567
2007,Forereef,LTER_1,1,Secondary Consumer,3.621
2007,Forereef,LTER_1,2,Piscivore_primarily,6.546
2007,Forereef,LTER_1,2,Planktivore,7.513
2007,Forereef,LTER_1,2,Primary Consumer,14.518
2007,Forereef,LTER_1,2,Secondary Consumer,9.031
2007,Forereef,LTER_1,3,Piscivore_primarily,7.492
2007,Forereef,LTER_1,3,Planktivore,6.547
2007,Forereef,LTER_1,3,Primary Consumer,151.578
2007,Forereef,LTER_1,3,Secondary Consumer,29.403
2007,Forereef,LTER_1,4,Piscivore_primarily,0.847
2007,Forereef,LTER_1,4,Planktivore,0.529
2007,Forereef,LTER_1,4,Primary Consumer,17.426
2007,Forereef,LTER_1,4,Secondary Consumer,5.794
2007,Forereef,LTER_2,1,Piscivore_primarily,3.407
2007,Forereef,LTER_2,1,Planktivore,0.874
2007,Forereef,LTER_2,1,Primary Consumer,16.388
2007,Forereef,LTER_2,1,Secondary Consumer,5.926
2007,Forereef,LTER_2,2,Piscivore_primarily,4.121
2007,Forereef,LTER_2,2,Planktivore,0.782
2007,Forereef,LTER_2,2,Primary Consumer,15.670
2007,Forereef,LTER_2,2,Secondary Consumer,7.997
2007,Forereef,LTER_2,3,Piscivore_primarily,2.335
2007,Forereef,LTER_2,3,Planktivore,1.628
2007,Forereef,LTER_2,3,Primary Consumer,22.929
2007,Forereef,LTER_2,3,Secondary Consumer,11.792
2007,Forereef,LTER_2,4,Piscivore_primarily,19.910
2007,Forereef,LTER_2,4,Planktivore,1.680
2007,Forereef,LTER_2,4,Primary Consumer,84.780
2007,Forereef,LTER_2,4,Secondary Consumer,22.858
2007,Forereef,LTER_3,1,Piscivore_primarily,8.731
2007,Forereef,LTER_3,1,Planktivore,1.180
2007,Forereef,LTER_3,1,Primary Consumer,14.948
2007,Forereef,LTER_3,1,Secondary Consumer,6.665
2007,Forereef,LTER_3,2,Piscivore_primarily,3.346
2007,Forereef,LTER_3,2,Planktivore,3.232
2007,Forereef,LTER_3,2,Primary Consumer,14.470
2007,Forereef,LTER_3,2,Secondary Consumer,6.812
2007,Forereef,LTER_3,3,Piscivore_primarily,19.462
2007,Forereef,LTER_3,3,Planktivore,11.628
2007,Forereef,LTER_3,3,Primary Consumer,81.225
2007,Forereef,LTER_3,3,Secondary Consumer,21.879
2007,Forereef,LTER_3,4,Piscivore_primarily,6.074
2007,Forereef,LTER_3,4,Planktivore,8.766
2007,Forereef,LTER_3,4,Primary Consumer,11.561
2007,Forereef,LTER_3,4,Secondary Consumer,10.430
2007,Forereef,LTER_4,1,Piscivore_primarily,1.595
2007,Forereef,LTER_4,1,Planktivore,0.363
2007,Forereef,LTER_4,1,Primary Consumer,5.771
2007,Forereef,LTER_4,1,Secondary Consumer,4.085
2007,Forereef,LTER_4,2,Piscivore_primarily,1.872
2007,Forereef,LTER_4,2,Planktivore,1.758
2007,Forereef,LTER_4,2,Primary Consumer,12.373
2007,Forereef,LTER_4,2,Secondary Consumer,8.061
2007,Forereef,LTER_4,3,Piscivore_primarily,8.683
2007,Forereef,LTER_4,3,Planktivore,8.045
2007,Forereef,LTER_4,3,Primary Consumer,45.156
2007,Forereef,LTER_4,3,Secondary Consumer,19.636
2007,Forereef,LTER_4,4,Piscivore_primarily,122.298
2007,Forereef,LTER_4,4,Planktivore,1.946
2007,Forereef,LTER_4,4,Primary Consumer,16.356
2007,Forereef,LTER_4,4,Secondary Consumer,8.383
2007,Forereef,LTER_5,1,Piscivore_primarily,1.258
2007,Forereef,LTER_5,1,Planktivore,0.070
2007,Forereef,LTER_5,1,Primary Consumer,1.214
2007,Forereef,LTER_5,1,Secondary Consumer,2.472
2007,Forereef,LTER_5,2,Piscivore_primarily,1.170
2007,Forereef,LTER_5,2,Planktivore,2.627
2007,Forereef,LTER_5,2,Primary Consumer,6.781
2007,Forereef,LTER_5,2,Secondary Consumer,6.444
2007,Forereef,LTER_5,3,Piscivore_primarily,7.850
2007,Forereef,LTER_5,3,Planktivore,0.638
2007,Forereef,LTER_5,3,Primary Consumer,48.967
2007,Forereef,LTER_5,3,Secondary Consumer,10.279
2007,Forereef,LTER_5,4,Piscivore_primarily,1.954
2007,Forereef,LTER_5,4,Planktivore,0.464
2007,Forereef,LTER_5,4,Primary Consumer,9.130
2007,Forereef,LTER_5,4,Secondary Consumer,13.524
2007,Forereef,LTER_6,1,Piscivore_primarily,1.330
2007,Forereef,LTER_6,1,Planktivore,0.273
2007,Forereef,LTER_6,1,Primary Consumer,4.496
2007,Forereef,LTER_6,1,Secondary Consumer,5.369
2007,Forereef,LTER_6,2,Piscivore_primarily,4.519
2007,Forereef,LTER_6,2,Planktivore,0.870
2007,Forereef,LTER_6,2,Primary Consumer,8.794
2007,Forereef,LTER_6,2,Secondary Consumer,11.995
2007,Forereef,LTER_6,3,Piscivore_primarily,9.382
2007,Forereef,LTER_6,3,Planktivore,6.400
2007,Forereef,LTER_6,3,Primary Consumer,135.159
2007,Forereef,LTER_6,3,Secondary Consumer,21.563
2007,Forereef,LTER_6,4,Piscivore_primarily,3.162
2007,Forereef,LTER_6,4,Planktivore,4.400
2007,Forereef,LTER_6,4,Primary Consumer,20.428
2007,Forereef,LTER_6,4,Secondary Consumer,7.289
2007,Fringing,LTER_1,1,Piscivore_primarily,1.764
2007,Fringing,LTER_1,1,Planktivore,0.806
2007,Fringing,LTER_1,1,Primary Consumer,14.313
2007,Fringing,LTER_1,1,Secondary Consumer,30.713
2007,Fringing,LTER_1,2,Piscivore_primarily,0.340
2007,Fringing,LTER_1,2,Planktivore,1.423
2007,Fringing,LTER_1,2,Primary Consumer,10.319
2007,Fringing,LTER_1,2,Secondary Consumer,6.930
2007,Fringing,LTER_1,3,Piscivore_primarily,5.732
2007,Fringing,LTER_1,3,Planktivore,0.315
2007,Fringing,LTER_1,3,Primary Consumer,37.454
2007,Fringing,LTER_1,3,Secondary Consumer,13.725
2007,Fringing,LTER_1,4,Piscivore_primarily,2.529
2007,Fringing,LTER_1,4,Planktivore,0.277
2007,Fringing,LTER_1,4,Primary Consumer,3.659
2007,Fringing,LTER_1,4,Secondary Consumer,2.136
2007,Fringing,LTER_2,1,Piscivore_primarily,4.746
2007,Fringing,LTER_2,1,Planktivore,1.397
2007,Fringing,LTER_2,1,Primary Consumer,10.441
2007,Fringing,LTER_2,1,Secondary Consumer,12.790
2007,Fringing,LTER_2,2,Piscivore_primarily,0.637
2007,Fringing,LTER_2,2,Planktivore,0.823
2007,Fringing,LTER_2,2,Primary Consumer,13.551
2007,Fringing,LTER_2,2,Secondary Consumer,6.001
2007,Fringing,LTER_2,3,Piscivore_primarily,4.540
2007,Fringing,LTER_2,3,Planktivore,0.321
2007,Fringing,LTER_2,3,Primary Consumer,35.847
2007,Fringing,LTER_2,3,Secondary Consumer,46.271
2007,Fringing,LTER_2,4,Piscivore_primarily,16.198
2007,Fringing,LTER_2,4,Planktivore,3.490
2007,Fringing,LTER_2,4,Primary Consumer,17.855
2007,Fringing,LTER_2,4,Secondary Consumer,9.636
2007,Fringing,LTER_3,1,Piscivore_primarily,2.105
2007,Fringing,LTER_3,1,Planktivore,1.666
2007,Fringing,LTER_3,1,Primary Consumer,4.163
2007,Fringing,LTER_3,1,Secondary Consumer,9.583
2007,Fringing,LTER_3,2,Piscivore_primarily,1.275
2007,Fringing,LTER_3,2,Planktivore,8.988
2007,Fringing,LTER_3,2,Primary Consumer,9.740
2007,Fringing,LTER_3,2,Secondary Consumer,13.668
2007,Fringing,LTER_3,3,Piscivore_primarily,17.066
2007,Fringing,LTER_3,3,Planktivore,3.612
2007,Fringing,LTER_3,3,Primary Consumer,28.223
2007,Fringing,LTER_3,3,Secondary Consumer,7.463
2007,Fringing,LTER_3,4,Piscivore_primarily,0.043
2007,Fringing,LTER_3,4,Planktivore,0.912
2007,Fringing,LTER_3,4,Primary Consumer,4.021
2007,Fringing,LTER_3,4,Secondary Consumer,5.687
2007,Fringing,LTER_4,1,Piscivore_primarily,157.452
2007,Fringing,LTER_4,1,Planktivore,0.216
2007,Fringing,LTER_4,1,Primary Consumer,1.088
2007,Fringing,LTER_4,1,Secondary Consumer,16.883
2007,Fringing,LTER_4,2,Piscivore_primarily,8.959
2007,Fringing,LTER_4,2,Planktivore,0.824
2007,Fringing,LTER_4,2,Primary Consumer,13.787
2007,Fringing,LTER_4,2,Secondary Consumer,19.952
2007,Fringing,LTER_4,3,Piscivore_primarily,2.780
2007,Fringing,LTER_4,3,Planktivore,0.340
2007,Fringing,LTER_4,3,Primary Consumer,3.280
2007,Fringing,LTER_4,3,Secondary Consumer,8.457
2007,Fringing,LTER_4,4,Piscivore_primarily,4.537
2007,Fringing,LTER_4,4,Planktivore,0.458
2007,Fringing,LTER_4,4,Primary Consumer,3.299
2007,Fringing,LTER_4,4,Secondary Consumer,4.424
2007,Fringing,LTER_5,1,Piscivore_primarily,1.156
2007,Fringing,LTER_5,1,Planktivore,1.971
2007,Fringing,LTER_5,1,Primary Consumer,5.008
2007,Fringing,LTER_5,1,Secondary Consumer,4.067
2007,Fringing,LTER_5,2,Piscivore_primarily,1.828
2007,Fringing,LTER_5,2,Planktivore,42.056
2007,Fringing,LTER_5,2,Primary Consumer,11.178
2007,Fringing,LTER_5,2,Secondary Consumer,8.648
2007,Fringing,LTER_5,3,Piscivore_primarily,0.898
2007,Fringing,LTER_5,3,Planktivore,2.569
2007,Fringing,LTER_5,3,Primary Consumer,22.409
2007,Fringing,LTER_5,3,Secondary Consumer,6.832
2007,Fringing,LTER_5,4,Piscivore_primarily,5.497
2007,Fringing,LTER_5,4,Planktivore,12.925
2007,Fringing,LTER_5,4,Primary Consumer,6.106
2007,Fringing,LTER_5,4,Secondary Consumer,11.179
2007,Fringing,LTER_6,1,Piscivore_primarily,0.845
2007,Fringing,LTER_6,1,Planktivore,5.534
2007,Fringing,LTER_6,1,Primary Consumer,8.273
2007,Fringing,LTER_6,1,Secondary Consumer,18.925
2007,Fringing,LTER_6,2,Piscivore_primarily,0.865
2007,Fringing,LTER_6,2,Planktivore,11.073
2007,Fringing,LTER_6,2,Primary Consumer,9.290
2007,Fringing,LTER_6,2,Secondary Consumer,23.690
2007,Fringing,LTER_6,3,Piscivore_primarily,7.961
2007,Fringing,LTER_6,3,Planktivore,15.786
2007,Fringing,LTER_6,3,Primary Consumer,26.803
2007,Fringing,LTER_6,3,Secondary Consumer,78.519
2007,Fringing,LTER_6,4,Piscivore_primarily,1.556
2007,Fringing,LTER_6,4,Planktivore,0.412
2007,Fringing,LTER_6,4,Primary Consumer,8.424
2007,Fringing,LTER_6,4,Secondary Consumer,30.933
2008,Backreef,LTER_1,1,Piscivore_primarily,0.158
2008,Backreef,LTER_1,1,Planktivore,0.695
2008,Backreef,LTER_1,1,Primary Consumer,5.159
2008,Backreef,LTER_1,1,Secondary Consumer,5.091
2008,Backreef,LTER_1,2,Piscivore_primarily,0.133
2008,Backreef,LTER_1,2,Planktivore,1.138
2008,Backreef,LTER_1,2,Primary Consumer,352.982
2008,Backreef,LTER_1,2,Secondary Consumer,5.448
2008,Backreef,LTER_1,3,Piscivore_primarily,0.095
2008,Backreef,LTER_1,3,Planktivore,0.542
2008,Backreef,LTER_1,3,Primary Consumer,8.141
2008,Backreef,LTER_1,3,Secondary Consumer,2.489
2008,Backreef,LTER_1,4,Piscivore_primarily,0.097
2008,Backreef,LTER_1,4,Planktivore,0.580
2008,Backreef,LTER_1,4,Primary Consumer,60.989
2008,Backreef,LTER_1,4,Secondary Consumer,2.584
2008,Backreef,LTER_2,1,Piscivore_primarily,0.370
2008,Backreef,LTER_2,1,Planktivore,0.096
2008,Backreef,LTER_2,1,Primary Consumer,7.794
2008,Backreef,LTER_2,1,Secondary Consumer,5.217
2008,Backreef,LTER_2,2,Piscivore_primarily,0.507
2008,Backreef,LTER_2,2,Planktivore,6.745
2008,Backreef,LTER_2,2,Primary Consumer,32.536
2008,Backreef,LTER_2,2,Secondary Consumer,5.412
2008,Backreef,LTER_2,3,Piscivore_primarily,0.137
2008,Backreef,LTER_2,3,Planktivore,0.033
2008,Backreef,LTER_2,3,Primary Consumer,12.918
2008,Backreef,LTER_2,3,Secondary Consumer,3.501
2008,Backreef,LTER_2,4,Planktivore,0.140
2008,Backreef,LTER_2,4,Primary Consumer,9.067
2008,Backreef,LTER_2,4,Secondary Consumer,1.763
2008,Backreef,LTER_3,1,Piscivore_primarily,0.236
2008,Backreef,LTER_3,1,Primary Consumer,8.790
2008,Backreef,LTER_3,1,Secondary Consumer,7.011
2008,Backreef,LTER_3,2,Piscivore_primarily,0.063
2008,Backreef,LTER_3,2,Planktivore,0.480
2008,Backreef,LTER_3,2,Primary Consumer,18.011
2008,Backreef,LTER_3,2,Secondary Consumer,5.807
2008,Backreef,LTER_3,3,Piscivore_primarily,0.043
2008,Backreef,LTER_3,3,Planktivore,0.096
2008,Backreef,LTER_3,3,Primary Consumer,2.841
2008,Backreef,LTER_3,3,Secondary Consumer,2.275
2008,Backreef,LTER_3,4,Primary Consumer,2.107
2008,Backreef,LTER_3,4,Secondary Consumer,1.432
2008,Backreef,LTER_4,1,Planktivore,1.954
2008,Backreef,LTER_4,1,Primary Consumer,4.451
2008,Backreef,LTER_4,1,Secondary Consumer,9.441
2008,Backreef,LTER_4,2,Piscivore_primarily,0.168
2008,Backreef,LTER_4,2,Planktivore,0.287
2008,Backreef,LTER_4,2,Primary Consumer,5.749
2008,Backreef,LTER_4,2,Secondary Consumer,4.769
2008,Backreef,LTER_4,3,Piscivore_primarily,0.129
2008,Backreef,LTER_4,3,Planktivore,0.012
2008,Backreef,LTER_4,3,Primary Consumer,2.534
2008,Backreef,LTER_4,3,Secondary Consumer,2.849
2008,Backreef,LTER_4,4,Piscivore_primarily,0.245
2008,Backreef,LTER_4,4,Primary Consumer,2.391
2008,Backreef,LTER_4,4,Secondary Consumer,12.325
2008,Backreef,LTER_5,1,Piscivore_primarily,2.806
2008,Backreef,LTER_5,1,Planktivore,0.205
2008,Backreef,LTER_5,1,Primary Consumer,10.709
2008,Backreef,LTER_5,1,Secondary Consumer,7.010
2008,Backreef,LTER_5,2,Piscivore_primarily,1.662
2008,Backreef,LTER_5,2,Planktivore,0.184
2008,Backreef,LTER_5,2,Primary Consumer,25.091
2008,Backreef,LTER_5,2,Secondary Consumer,2.640
2008,Backreef,LTER_5,3,Planktivore,0.006
2008,Backreef,LTER_5,3,Primary Consumer,6.011
2008,Backreef,LTER_5,3,Secondary Consumer,2.156
2008,Backreef,LTER_5,4,Planktivore,0.290
2008,Backreef,LTER_5,4,Primary Consumer,17.071
2008,Backreef,LTER_5,4,Secondary Consumer,2.743
2008,Backreef,LTER_6,1,Piscivore_primarily,0.158
2008,Backreef,LTER_6,1,Planktivore,0.096
2008,Backreef,LTER_6,1,Primary Consumer,12.217
2008,Backreef,LTER_6,1,Secondary Consumer,4.114
2008,Backreef,LTER_6,2,Piscivore_primarily,2.223
2008,Backreef,LTER_6,2,Planktivore,5.059
2008,Backreef,LTER_6,2,Primary Consumer,30.084
2008,Backreef,LTER_6,2,Secondary Consumer,5.205
2008,Backreef,LTER_6,3,Piscivore_primarily,0.289
2008,Backreef,LTER_6,3,Planktivore,0.176
2008,Backreef,LTER_6,3,Primary Consumer,6.193
2008,Backreef,LTER_6,3,Secondary Consumer,5.744
2008,Backreef,LTER_6,4,Piscivore_primarily,0.217
2008,Backreef,LTER_6,4,Planktivore,0.102
2008,Backreef,LTER_6,4,Primary Consumer,6.180
2008,Backreef,LTER_6,4,Secondary Consumer,3.717
2008,Forereef,LTER_1,1,Piscivore_primarily,11.220
2008,Forereef,LTER_1,1,Planktivore,0.076
2008,Forereef,LTER_1,1,Primary Consumer,30.530
2008,Forereef,LTER_1,1,Secondary Consumer,5.800
2008,Forereef,LTER_1,2,Piscivore_primarily,7.957
2008,Forereef,LTER_1,2,Planktivore,3.194
2008,Forereef,LTER_1,2,Primary Consumer,21.895
2008,Forereef,LTER_1,2,Secondary Consumer,9.404
2008,Forereef,LTER_1,3,Piscivore_primarily,5.759
2008,Forereef,LTER_1,3,Planktivore,3.728
2008,Forereef,LTER_1,3,Primary Consumer,37.797
2008,Forereef,LTER_1,3,Secondary Consumer,10.304
2008,Forereef,LTER_1,4,Piscivore_primarily,1.597
2008,Forereef,LTER_1,4,Planktivore,1.817
2008,Forereef,LTER_1,4,Primary Consumer,16.821
2008,Forereef,LTER_1,4,Secondary Consumer,46.383
2008,Forereef,LTER_2,1,Piscivore_primarily,5.542
2008,Forereef,LTER_2,1,Planktivore,0.429
2008,Forereef,LTER_2,1,Primary Consumer,22.554
2008,Forereef,LTER_2,1,Secondary Consumer,14.135
2008,Forereef,LTER_2,2,Piscivore_primarily,3.328
2008,Forereef,LTER_2,2,Planktivore,20.734
2008,Forereef,LTER_2,2,Primary Consumer,26.971
2008,Forereef,LTER_2,2,Secondary Consumer,10.360
2008,Forereef,LTER_2,3,Piscivore_primarily,4.663
2008,Forereef,LTER_2,3,Planktivore,9.454
2008,Forereef,LTER_2,3,Primary Consumer,31.557
2008,Forereef,LTER_2,3,Secondary Consumer,7.059
2008,Forereef,LTER_2,4,Piscivore_primarily,2.956
2008,Forereef,LTER_2,4,Planktivore,2.681
2008,Forereef,LTER_2,4,Primary Consumer,22.178
2008,Forereef,LTER_2,4,Secondary Consumer,7.340
2008,Forereef,LTER_3,1,Piscivore_primarily,0.977
2008,Forereef,LTER_3,1,Planktivore,1.036
2008,Forereef,LTER_3,1,Primary Consumer,11.628
2008,Forereef,LTER_3,1,Secondary Consumer,10.323
2008,Forereef,LTER_3,2,Piscivore_primarily,6.556
2008,Forereef,LTER_3,2,Planktivore,3.176
2008,Forereef,LTER_3,2,Primary Consumer,29.185
2008,Forereef,LTER_3,2,Secondary Consumer,5.851
2008,Forereef,LTER_3,3,Piscivore_primarily,5.316
2008,Forereef,LTER_3,3,Planktivore,2.338
2008,Forereef,LTER_3,3,Primary Consumer,11.711
2008,Forereef,LTER_3,3,Secondary Consumer,4.954
2008,Forereef,LTER_3,4,Piscivore_primarily,3.832
2008,Forereef,LTER_3,4,Planktivore,6.050
2008,Forereef,LTER_3,4,Primary Consumer,23.037
2008,Forereef,LTER_3,4,Secondary Consumer,7.645
2008,Forereef,LTER_4,1,Piscivore_primarily,1.945
2008,Forereef,LTER_4,1,Planktivore,0.280
2008,Forereef,LTER_4,1,Primary Consumer,8.105
2008,Forereef,LTER_4,1,Secondary Consumer,6.876
2008,Forereef,LTER_4,2,Piscivore_primarily,5.222
2008,Forereef,LTER_4,2,Planktivore,1.373
2008,Forereef,LTER_4,2,Primary Consumer,11.880
2008,Forereef,LTER_4,2,Secondary Consumer,16.545
2008,Forereef,LTER_4,3,Piscivore_primarily,2.128
2008,Forereef,LTER_4,3,Planktivore,1.092
2008,Forereef,LTER_4,3,Primary Consumer,11.628
2008,Forereef,LTER_4,3,Secondary Consumer,7.628
2008,Forereef,LTER_4,4,Piscivore_primarily,76.278
2008,Forereef,LTER_4,4,Planktivore,0.285
2008,Forereef,LTER_4,4,Primary Consumer,9.842
2008,Forereef,LTER_4,4,Secondary Consumer,11.207
2008,Forereef,LTER_5,1,Piscivore_primarily,1.193
2008,Forereef,LTER_5,1,Planktivore,0.031
2008,Forereef,LTER_5,1,Primary Consumer,1.638
2008,Forereef,LTER_5,1,Secondary Consumer,3.174
2008,Forereef,LTER_5,2,Piscivore_primarily,1.554
2008,Forereef,LTER_5,2,Planktivore,2.581
2008,Forereef,LTER_5,2,Primary Consumer,9.975
2008,Forereef,LTER_5,2,Secondary Consumer,11.880
2008,Forereef,LTER_5,3,Piscivore_primarily,2.088
2008,Forereef,LTER_5,3,Planktivore,0.598
2008,Forereef,LTER_5,3,Primary Consumer,7.497
2008,Forereef,LTER_5,3,Secondary Consumer,7.863
2008,Forereef,LTER_5,4,Piscivore_primarily,1.111
2008,Forereef,LTER_5,4,Planktivore,0.657
2008,Forereef,LTER_5,4,Primary Consumer,14.313
2008,Forereef,LTER_5,4,Secondary Consumer,12.679
2008,Forereef,LTER_6,1,Piscivore_primarily,6.618
2008,Forereef,LTER_6,1,Planktivore,0.209
2008,Forereef,LTER_6,1,Primary Consumer,16.415
2008,Forereef,LTER_6,1,Secondary Consumer,7.925
2008,Forereef,LTER_6,2,Piscivore_primarily,2.215
2008,Forereef,LTER_6,2,Planktivore,6.110
2008,Forereef,LTER_6,2,Primary Consumer,14.578
2008,Forereef,LTER_6,2,Secondary Consumer,6.832
2008,Forereef,LTER_6,3,Piscivore_primarily,2.035
2008,Forereef,LTER_6,3,Planktivore,0.622
2008,Forereef,LTER_6,3,Primary Consumer,17.994
2008,Forereef,LTER_6,3,Secondary Consumer,8.348
2008,Forereef,LTER_6,4,Piscivore_primarily,1.583
2008,Forereef,LTER_6,4,Planktivore,1.216
2008,Forereef,LTER_6,4,Primary Consumer,12.149
2008,Forereef,LTER_6,4,Secondary Consumer,6.929
2008,Fringing,LTER_1,1,Piscivore_primarily,1.444
2008,Fringing,LTER_1,1,Planktivore,0.766
2008,Fringing,LTER_1,1,Primary Consumer,5.914
2008,Fringing,LTER_1,1,Secondary Consumer,11.206
2008,Fringing,LTER_1,2,Piscivore_primarily,1.280
2008,Fringing,LTER_1,2,Planktivore,6.080
2008,Fringing,LTER_1,2,Primary Consumer,15.308
2008,Fringing,LTER_1,2,Secondary Consumer,5.191
2008,Fringing,LTER_1,3,Piscivore_primarily,0.304
2008,Fringing,LTER_1,3,Planktivore,1.392
2008,Fringing,LTER_1,3,Primary Consumer,6.455
2008,Fringing,LTER_1,3,Secondary Consumer,2.255
2008,Fringing,LTER_1,4,Piscivore_primarily,0.094
2008,Fringing,LTER_1,4,Planktivore,0.776
2008,Fringing,LTER_1,4,Primary Consumer,8.043
2008,Fringing,LTER_1,4,Secondary Consumer,5.041
2008,Fringing,LTER_2,1,Piscivore_primarily,0.382
2008,Fringing,LTER_2,1,Planktivore,1.311
2008,Fringing,LTER_2,1,Primary Consumer,5.967
2008,Fringing,LTER_2,1,Secondary Consumer,2.671
2008,Fringing,LTER_2,2,Piscivore_primarily,0.589
2008,Fringing,LTER_2,2,Planktivore,1.220
2008,Fringing,LTER_2,2,Primary Consumer,13.867
2008,Fringing,LTER_2,2,Secondary Consumer,24.242
2008,Fringing,LTER_2,3,Piscivore_primarily,13.071
2008,Fringing,LTER_2,3,Planktivore,1.249
2008,Fringing,LTER_2,3,Primary Consumer,13.902
2008,Fringing,LTER_2,3,Secondary Consumer,2.592
2008,Fringing,LTER_2,4,Piscivore_primarily,1.548
2008,Fringing,LTER_2,4,Planktivore,6.146
2008,Fringing,LTER_2,4,Primary Consumer,37.713
2008,Fringing,LTER_2,4,Secondary Consumer,5.028
2008,Fringing,LTER_3,1,Piscivore_primarily,67.117
2008,Fringing,LTER_3,1,Planktivore,4.070
2008,Fringing,LTER_3,1,Primary Consumer,3.117
2008,Fringing,LTER_3,1,Secondary Consumer,19.486
2008,Fringing,LTER_3,2,Piscivore_primarily,0.148
2008,Fringing,LTER_3,2,Planktivore,2.508
2008,Fringing,LTER_3,2,Primary Consumer,8.504
2008,Fringing,LTER_3,2,Secondary Consumer,5.505
2008,Fringing,LTER_3,3,Piscivore_primarily,0.041
2008,Fringing,LTER_3,3,Planktivore,0.695
2008,Fringing,LTER_3,3,Primary Consumer,6.031
2008,Fringing,LTER_3,3,Secondary Consumer,2.689
2008,Fringing,LTER_3,4,Piscivore_primarily,0.670
2008,Fringing,LTER_3,4,Planktivore,0.336
2008,Fringing,LTER_3,4,Primary Consumer,4.174
2008,Fringing,LTER_3,4,Secondary Consumer,4.195
2008,Fringing,LTER_4,1,Planktivore,0.145
2008,Fringing,LTER_4,1,Primary Consumer,1.684
2008,Fringing,LTER_4,1,Secondary Consumer,6.584
2008,Fringing,LTER_4,2,Piscivore_primarily,0.114
2008,Fringing,LTER_4,2,Planktivore,0.024
2008,Fringing,LTER_4,2,Primary Consumer,4.742
2008,Fringing,LTER_4,2,Secondary Consumer,5.900
2008,Fringing,LTER_4,3,Piscivore_primarily,2.772
2008,Fringing,LTER_4,3,Planktivore,0.870
2008,Fringing,LTER_4,3,Primary Consumer,3.812
2008,Fringing,LTER_4,3,Secondary Consumer,58.939
2008,Fringing,LTER_4,4,Piscivore_primarily,0.396
2008,Fringing,LTER_4,4,Planktivore,0.459
2008,Fringing,LTER_4,4,Primary Consumer,3.952
2008,Fringing,LTER_4,4,Secondary Consumer,4.471
2008,Fringing,LTER_5,1,Piscivore_primarily,1.959
2008,Fringing,LTER_5,1,Planktivore,2.797
2008,Fringing,LTER_5,1,Primary Consumer,12.531
2008,Fringing,LTER_5,1,Secondary Consumer,9.112
2008,Fringing,LTER_5,2,Piscivore_primarily,2.177
2008,Fringing,LTER_5,2,Planktivore,3.553
2008,Fringing,LTER_5,2,Primary Consumer,9.648
2008,Fringing,LTER_5,2,Secondary Consumer,2.536
2008,Fringing,LTER_5,3,Piscivore_primarily,0.478
2008,Fringing,LTER_5,3,Planktivore,0.892
2008,Fringing,LTER_5,3,Primary Consumer,5.427
2008,Fringing,LTER_5,3,Secondary Consumer,2.993
2008,Fringing,LTER_5,4,Piscivore_primarily,1.681
2008,Fringing,LTER_5,4,Planktivore,3.888
2008,Fringing,LTER_5,4,Primary Consumer,6.872
2008,Fringing,LTER_5,4,Secondary Consumer,7.460
2008,Fringing,LTER_6,1,Piscivore_primarily,4.367
2008,Fringing,LTER_6,1,Planktivore,23.156
2008,Fringing,LTER_6,1,Primary Consumer,13.177
2008,Fringing,LTER_6,1,Secondary Consumer,23.365
2008,Fringing,LTER_6,2,Piscivore_primarily,0.342
2008,Fringing,LTER_6,2,Planktivore,25.164
2008,Fringing,LTER_6,2,Primary Consumer,12.010
2008,Fringing,LTER_6,2,Secondary Consumer,23.913
2008,Fringing,LTER_6,3,Piscivore_primarily,2.592
2008,Fringing,LTER_6,3,Planktivore,4.009
2008,Fringing,LTER_6,3,Primary Consumer,10.610
2008,Fringing,LTER_6,3,Secondary Consumer,14.564
2008,Fringing,LTER_6,4,Piscivore_primarily,0.155
2008,Fringing,LTER_6,4,Planktivore,0.991
2008,Fringing,LTER_6,4,Primary Consumer,7.031
2008,Fringing,LTER_6,4,Secondary Consumer,11.543
2009,Backreef,LTER_1,1,Piscivore_primarily,0.248
2009,Backreef,LTER_1,1,Planktivore,1.743
2009,Backreef,LTER_1,1,Primary Consumer,7.177
2009,Backreef,LTER_1,1,Secondary Consumer,4.213
2009,Backreef,LTER_1,2,Piscivore_primarily,1.799
2009,Backreef,LTER_1,2,Planktivore,0.075
2009,Backreef,LTER_1,2,Primary Consumer,52.814
2009,Backreef,LTER_1,2,Secondary Consumer,11.801
2009,Backreef,LTER_1,3,Piscivore_primarily,0.541
2009,Backreef,LTER_1,3,Planktivore,0.950
2009,Backreef,LTER_1,3,Primary Consumer,11.252
2009,Backreef,LTER_1,3,Secondary Consumer,3.232
2009,Backreef,LTER_1,4,Piscivore_primarily,72.678
2009,Backreef,LTER_1,4,Planktivore,0.263
2009,Backreef,LTER_1,4,Primary Consumer,9.927
2009,Backreef,LTER_1,4,Secondary Consumer,2.894
2009,Backreef,LTER_2,1,Piscivore_primarily,0.219
2009,Backreef,LTER_2,1,Planktivore,0.055
2009,Backreef,LTER_2,1,Primary Consumer,7.890
2009,Backreef,LTER_2,1,Secondary Consumer,3.941
2009,Backreef,LTER_2,2,Piscivore_primarily,3.766
2009,Backreef,LTER_2,2,Planktivore,0.792
2009,Backreef,LTER_2,2,Primary Consumer,46.010
2009,Backreef,LTER_2,2,Secondary Consumer,20.972
2009,Backreef,LTER_2,3,Piscivore_primarily,0.090
2009,Backreef,LTER_2,3,Planktivore,1.029
2009,Backreef,LTER_2,3,Primary Consumer,12.183
2009,Backreef,LTER_2,3,Secondary Consumer,4.402
2009,Backreef,LTER_2,4,Piscivore_primarily,1.010
2009,Backreef,LTER_2,4,Planktivore,0.018
2009,Backreef,LTER_2,4,Primary Consumer,13.524
2009,Backreef,LTER_2,4,Secondary Consumer,4.049
2009,Backreef,LTER_3,1,Piscivore_primarily,8.957
2009,Backreef,LTER_3,1,Planktivore,0.007
2009,Backreef,LTER_3,1,Primary Consumer,4.799
2009,Backreef,LTER_3,1,Secondary Consumer,5.451
2009,Backreef,LTER_3,2,Piscivore_primarily,153.686
2009,Backreef,LTER_3,2,Planktivore,0.077
2009,Backreef,LTER_3,2,Primary Consumer,33.679
2009,Backreef,LTER_3,2,Secondary Consumer,7.266
2009,Backreef,LTER_3,3,Piscivore_primarily,0.078
2009,Backreef,LTER_3,3,Planktivore,0.119
2009,Backreef,LTER_3,3,Primary Consumer,2.503
2009,Backreef,LTER_3,3,Secondary Consumer,3.030
2009,Backreef,LTER_3,4,Planktivore,0.007
2009,Backreef,LTER_3,4,Primary Consumer,0.806
2009,Backreef,LTER_3,4,Secondary Consumer,1.718
2009,Backreef,LTER_4,1,Piscivore_primarily,227.397
2009,Backreef,LTER_4,1,Planktivore,0.557
2009,Backreef,LTER_4,1,Primary Consumer,5.673
2009,Backreef,LTER_4,1,Secondary Consumer,5.229
2009,Backreef,LTER_4,2,Piscivore_primarily,0.311
2009,Backreef,LTER_4,2,Planktivore,0.165
2009,Backreef,LTER_4,2,Primary Consumer,23.733
2009,Backreef,LTER_4,2,Secondary Consumer,9.295
2009,Backreef,LTER_4,3,Piscivore_primarily,0.049
2009,Backreef,LTER_4,3,Primary Consumer,3.690
2009,Backreef,LTER_4,3,Secondary Consumer,1.909
2009,Backreef,LTER_4,4,Piscivore_primarily,0.028
2009,Backreef,LTER_4,4,Primary Consumer,2.841
2009,Backreef,LTER_4,4,Secondary Consumer,3.392
2009,Backreef,LTER_5,1,Piscivore_primarily,0.118
2009,Backreef,LTER_5,1,Planktivore,0.065
2009,Backreef,LTER_5,1,Primary Consumer,9.468
2009,Backreef,LTER_5,1,Secondary Consumer,3.841
2009,Backreef,LTER_5,2,Piscivore_primarily,54.835
2009,Backreef,LTER_5,2,Planktivore,0.849
2009,Backreef,LTER_5,2,Primary Consumer,56.448
2009,Backreef,LTER_5,2,Secondary Consumer,7.596
2009,Backreef,LTER_5,3,Planktivore,0.348
2009,Backreef,LTER_5,3,Primary Consumer,8.128
2009,Backreef,LTER_5,3,Secondary Consumer,1.989
2009,Backreef,LTER_5,4,Piscivore_primarily,0.074
2009,Backreef,LTER_5,4,Planktivore,0.499
2009,Backreef,LTER_5,4,Primary Consumer,5.971
2009,Backreef,LTER_5,4,Secondary Consumer,3.889
2009,Backreef,LTER_6,1,Piscivore_primarily,0.176
2009,Backreef,LTER_6,1,Planktivore,0.226
2009,Backreef,LTER_6,1,Primary Consumer,9.103
2009,Backreef,LTER_6,1,Secondary Consumer,4.038
2009,Backreef,LTER_6,2,Piscivore_primarily,0.394
2009,Backreef,LTER_6,2,Planktivore,7.819
2009,Backreef,LTER_6,2,Primary Consumer,60.202
2009,Backreef,LTER_6,2,Secondary Consumer,3.479
2009,Backreef,LTER_6,3,Piscivore_primarily,22.466
2009,Backreef,LTER_6,3,Planktivore,0.248
2009,Backreef,LTER_6,3,Primary Consumer,16.733
2009,Backreef,LTER_6,3,Secondary Consumer,3.538
2009,Backreef,LTER_6,4,Piscivore_primarily,0.056
2009,Backreef,LTER_6,4,Primary Consumer,6.769
2009,Backreef,LTER_6,4,Secondary Consumer,5.049
2009,Forereef,LTER_1,1,Piscivore_primarily,27.781
2009,Forereef,LTER_1,1,Planktivore,1.837
2009,Forereef,LTER_1,1,Primary Consumer,38.068
2009,Forereef,LTER_1,1,Secondary Consumer,8.132
2009,Forereef,LTER_1,2,Piscivore_primarily,112.358
2009,Forereef,LTER_1,2,Planktivore,8.650
2009,Forereef,LTER_1,2,Primary Consumer,73.397
2009,Forereef,LTER_1,2,Secondary Consumer,16.346
2009,Forereef,LTER_1,3,Piscivore_primarily,3.119
2009,Forereef,LTER_1,3,Planktivore,4.659
2009,Forereef,LTER_1,3,Primary Consumer,50.768
2009,Forereef,LTER_1,3,Secondary Consumer,7.563
2009,Forereef,LTER_1,4,Piscivore_primarily,4.965
2009,Forereef,LTER_1,4,Planktivore,9.072
2009,Forereef,LTER_1,4,Primary Consumer,50.345
2009,Forereef,LTER_1,4,Secondary Consumer,10.833
2009,Forereef,LTER_2,1,Piscivore_primarily,54.009
2009,Forereef,LTER_2,1,Planktivore,0.975
2009,Forereef,LTER_2,1,Primary Consumer,25.257
2009,Forereef,LTER_2,1,Secondary Consumer,11.377
2009,Forereef,LTER_2,2,Piscivore_primarily,19.881
2009,Forereef,LTER_2,2,Planktivore,16.050
2009,Forereef,LTER_2,2,Primary Consumer,140.757
2009,Forereef,LTER_2,2,Secondary Consumer,39.697
2009,Forereef,LTER_2,3,Piscivore_primarily,3.946
2009,Forereef,LTER_2,3,Planktivore,2.249
2009,Forereef,LTER_2,3,Primary Consumer,22.260
2009,Forereef,LTER_2,3,Secondary Consumer,7.380
2009,Forereef,LTER_2,4,Piscivore_primarily,20.147
2009,Forereef,LTER_2,4,Planktivore,1.375
2009,Forereef,LTER_2,4,Primary Consumer,55.843
2009,Forereef,LTER_2,4,Secondary Consumer,51.191
2009,Forereef,LTER_3,1,Piscivore_primarily,5.253
2009,Forereef,LTER_3,1,Planktivore,1.075
2009,Forereef,LTER_3,1,Primary Consumer,23.896
2009,Forereef,LTER_3,1,Secondary Consumer,10.375
2009,Forereef,LTER_3,2,Piscivore_primarily,8.033
2009,Forereef,LTER_3,2,Planktivore,6.901
2009,Forereef,LTER_3,2,Primary Consumer,67.453
2009,Forereef,LTER_3,2,Secondary Consumer,15.204
2009,Forereef,LTER_3,3,Piscivore_primarily,3.602
2009,Forereef,LTER_3,3,Planktivore,1.389
2009,Forereef,LTER_3,3,Primary Consumer,24.001
2009,Forereef,LTER_3,3,Secondary Consumer,8.374
2009,Forereef,LTER_3,4,Piscivore_primarily,23.864
2009,Forereef,LTER_3,4,Planktivore,2.591
2009,Forereef,LTER_3,4,Primary Consumer,25.768
2009,Forereef,LTER_3,4,Secondary Consumer,141.796
2009,Forereef,LTER_4,1,Piscivore_primarily,50.253
2009,Forereef,LTER_4,1,Planktivore,0.847
2009,Forereef,LTER_4,1,Primary Consumer,22.296
2009,Forereef,LTER_4,1,Secondary Consumer,46.955
2009,Forereef,LTER_4,2,Piscivore_primarily,20.006
2009,Forereef,LTER_4,2,Planktivore,3.995
2009,Forereef,LTER_4,2,Primary Consumer,53.090
2009,Forereef,LTER_4,2,Secondary Consumer,20.823
2009,Forereef,LTER_4,3,Piscivore_primarily,7.118
2009,Forereef,LTER_4,3,Planktivore,3.994
2009,Forereef,LTER_4,3,Primary Consumer,10.750
2009,Forereef,LTER_4,3,Secondary Consumer,8.188
2009,Forereef,LTER_4,4,Piscivore_primarily,2.440
2009,Forereef,LTER_4,4,Planktivore,5.609
2009,Forereef,LTER_4,4,Primary Consumer,32.088
2009,Forereef,LTER_4,4,Secondary Consumer,9.688
2009,Forereef,LTER_5,1,Piscivore_primarily,4.133
2009,Forereef,LTER_5,1,Planktivore,2.002
2009,Forereef,LTER_5,1,Primary Consumer,495.921
2009,Forereef,LTER_5,1,Secondary Consumer,5.039
2009,Forereef,LTER_5,2,Piscivore_primarily,5.056
2009,Forereef,LTER_5,2,Planktivore,7.010
2009,Forereef,LTER_5,2,Primary Consumer,86.430
2009,Forereef,LTER_5,2,Secondary Consumer,12.081
2009,Forereef,LTER_5,3,Piscivore_primarily,1.795
2009,Forereef,LTER_5,3,Planktivore,0.683
2009,Forereef,LTER_5,3,Primary Consumer,11.340
2009,Forereef,LTER_5,3,Secondary Consumer,7.541
2009,Forereef,LTER_5,4,Piscivore_primarily,86.277
2009,Forereef,LTER_5,4,Planktivore,2.993
2009,Forereef,LTER_5,4,Primary Consumer,19.348
2009,Forereef,LTER_5,4,Secondary Consumer,9.298
2009,Forereef,LTER_6,1,Piscivore_primarily,2.840
2009,Forereef,LTER_6,1,Planktivore,1.195
2009,Forereef,LTER_6,1,Primary Consumer,12.740
2009,Forereef,LTER_6,1,Secondary Consumer,14.571
2009,Forereef,LTER_6,2,Piscivore_primarily,19.210
2009,Forereef,LTER_6,2,Planktivore,3.713
2009,Forereef,LTER_6,2,Primary Consumer,70.221
2009,Forereef,LTER_6,2,Secondary Consumer,14.139
2009,Forereef,LTER_6,3,Piscivore_primarily,3.992
2009,Forereef,LTER_6,3,Planktivore,6.123
2009,Forereef,LTER_6,3,Primary Consumer,38.680
2009,Forereef,LTER_6,3,Secondary Consumer,5.233
2009,Forereef,LTER_6,4,Piscivore_primarily,73.722
2009,Forereef,LTER_6,4,Planktivore,0.730
2009,Forereef,LTER_6,4,Primary Consumer,28.387
2009,Forereef,LTER_6,4,Secondary Consumer,62.007
2009,Fringing,LTER_1,1,Piscivore_primarily,42.752
2009,Fringing,LTER_1,1,Planktivore,14.019
2009,Fringing,LTER_1,1,Primary Consumer,8.186
2009,Fringing,LTER_1,1,Secondary Consumer,51.075
2009,Fringing,LTER_1,2,Piscivore_primarily,16.886
2009,Fringing,LTER_1,2,Planktivore,11.189
2009,Fringing,LTER_1,2,Primary Consumer,29.390
2009,Fringing,LTER_1,2,Secondary Consumer,29.863
2009,Fringing,LTER_1,3,Piscivore_primarily,1.247
2009,Fringing,LTER_1,3,Planktivore,6.368
2009,Fringing,LTER_1,3,Primary Consumer,6.535
2009,Fringing,LTER_1,3,Secondary Consumer,4.111
2009,Fringing,LTER_1,4,Piscivore_primarily,0.416
2009,Fringing,LTER_1,4,Planktivore,1.011
2009,Fringing,LTER_1,4,Primary Consumer,9.545
2009,Fringing,LTER_1,4,Secondary Consumer,4.020
2009,Fringing,LTER_2,1,Piscivore_primarily,1.282
2009,Fringing,LTER_2,1,Planktivore,2.775
2009,Fringing,LTER_2,1,Primary Consumer,7.162
2009,Fringing,LTER_2,1,Secondary Consumer,6.732
2009,Fringing,LTER_2,2,Piscivore_primarily,23.822
2009,Fringing,LTER_2,2,Planktivore,0.797
2009,Fringing,LTER_2,2,Primary Consumer,41.946
2009,Fringing,LTER_2,2,Secondary Consumer,32.857
2009,Fringing,LTER_2,3,Piscivore_primarily,0.954
2009,Fringing,LTER_2,3,Planktivore,0.676
2009,Fringing,LTER_2,3,Primary Consumer,9.995
2009,Fringing,LTER_2,3,Secondary Consumer,5.547
2009,Fringing,LTER_2,4,Piscivore_primarily,10.713
2009,Fringing,LTER_2,4,Planktivore,2.349
2009,Fringing,LTER_2,4,Primary Consumer,27.272
2009,Fringing,LTER_2,4,Secondary Consumer,11.867
2009,Fringing,LTER_3,1,Piscivore_primarily,47.452
2009,Fringing,LTER_3,1,Planktivore,0.682
2009,Fringing,LTER_3,1,Primary Consumer,6.798
2009,Fringing,LTER_3,1,Secondary Consumer,14.176
2009,Fringing,LTER_3,2,Piscivore_primarily,11.776
2009,Fringing,LTER_3,2,Planktivore,5.146
2009,Fringing,LTER_3,2,Primary Consumer,11.336
2009,Fringing,LTER_3,2,Secondary Consumer,15.912
2009,Fringing,LTER_3,3,Piscivore_primarily,0.158
2009,Fringing,LTER_3,3,Planktivore,2.770
2009,Fringing,LTER_3,3,Primary Consumer,7.060
2009,Fringing,LTER_3,3,Secondary Consumer,8.043
2009,Fringing,LTER_3,4,Planktivore,1.100
2009,Fringing,LTER_3,4,Primary Consumer,9.146
2009,Fringing,LTER_3,4,Secondary Consumer,14.013
2009,Fringing,LTER_4,1,Planktivore,0.114
2009,Fringing,LTER_4,1,Primary Consumer,3.099
2009,Fringing,LTER_4,1,Secondary Consumer,10.819
2009,Fringing,LTER_4,2,Piscivore_primarily,0.505
2009,Fringing,LTER_4,2,Planktivore,0.203
2009,Fringing,LTER_4,2,Primary Consumer,5.825
2009,Fringing,LTER_4,2,Secondary Consumer,12.490
2009,Fringing,LTER_4,3,Piscivore_primarily,0.136
2009,Fringing,LTER_4,3,Planktivore,0.696
2009,Fringing,LTER_4,3,Primary Consumer,4.290
2009,Fringing,LTER_4,3,Secondary Consumer,7.632
2009,Fringing,LTER_4,4,Piscivore_primarily,43.136
2009,Fringing,LTER_4,4,Planktivore,0.160
2009,Fringing,LTER_4,4,Primary Consumer,15.095
2009,Fringing,LTER_4,4,Secondary Consumer,16.121
2009,Fringing,LTER_5,1,Piscivore_primarily,0.553
2009,Fringing,LTER_5,1,Planktivore,1.339
2009,Fringing,LTER_5,1,Primary Consumer,3.739
2009,Fringing,LTER_5,1,Secondary Consumer,5.340
2009,Fringing,LTER_5,2,Piscivore_primarily,0.158
2009,Fringing,LTER_5,2,Planktivore,1.305
2009,Fringing,LTER_5,2,Primary Consumer,10.073
2009,Fringing,LTER_5,2,Secondary Consumer,3.948
2009,Fringing,LTER_5,3,Piscivore_primarily,0.102
2009,Fringing,LTER_5,3,Planktivore,1.852
2009,Fringing,LTER_5,3,Primary Consumer,1.871
2009,Fringing,LTER_5,3,Secondary Consumer,2.007
2009,Fringing,LTER_5,4,Piscivore_primarily,1.210
2009,Fringing,LTER_5,4,Planktivore,4.474
2009,Fringing,LTER_5,4,Primary Consumer,10.456
2009,Fringing,LTER_5,4,Secondary Consumer,17.827
2009,Fringing,LTER_6,1,Piscivore_primarily,0.144
2009,Fringing,LTER_6,1,Planktivore,2.658
2009,Fringing,LTER_6,1,Primary Consumer,5.153
2009,Fringing,LTER_6,1,Secondary Consumer,12.921
2009,Fringing,LTER_6,2,Planktivore,24.099
2009,Fringing,LTER_6,2,Primary Consumer,16.341
2009,Fringing,LTER_6,2,Secondary Consumer,34.495
2009,Fringing,LTER_6,3,Planktivore,0.662
2009,Fringing,LTER_6,3,Primary Consumer,3.952
2009,Fringing,LTER_6,3,Secondary Consumer,5.865
2009,Fringing,LTER_6,4,Planktivore,2.698
2009,Fringing,LTER_6,4,Primary Consumer,5.108
2009,Fringing,LTER_6,4,Secondary Consumer,8.487
2010,Backreef,LTER_1,1,Piscivore_primarily,0.310
2010,Backreef,LTER_1,1,Planktivore,0.392
2010,Backreef,LTER_1,1,Primary Consumer,11.492
2010,Backreef,LTER_1,1,Secondary Consumer,7.728
2010,Backreef,LTER_1,2,Planktivore,0.028
2010,Backreef,LTER_1,2,Primary Consumer,25.251
2010,Backreef,LTER_1,2,Secondary Consumer,9.212
2010,Backreef,LTER_1,3,Piscivore_primarily,0.163
2010,Backreef,LTER_1,3,Planktivore,0.691
2010,Backreef,LTER_1,3,Primary Consumer,26.394
2010,Backreef,LTER_1,3,Secondary Consumer,3.222
2010,Backreef,LTER_1,4,Piscivore_primarily,0.102
2010,Backreef,LTER_1,4,Planktivore,0.267
2010,Backreef,LTER_1,4,Primary Consumer,5.980
2010,Backreef,LTER_1,4,Secondary Consumer,2.077
2010,Backreef,LTER_2,1,Piscivore_primarily,3.624
2010,Backreef,LTER_2,1,Planktivore,0.043
2010,Backreef,LTER_2,1,Primary Consumer,23.535
2010,Backreef,LTER_2,1,Secondary Consumer,9.839
2010,Backreef,LTER_2,2,Piscivore_primarily,0.076
2010,Backreef,LTER_2,2,Planktivore,0.134
2010,Backreef,LTER_2,2,Primary Consumer,32.348
2010,Backreef,LTER_2,2,Secondary Consumer,6.277
2010,Backreef,LTER_2,3,Piscivore_primarily,0.023
2010,Backreef,LTER_2,3,Primary Consumer,43.528
2010,Backreef,LTER_2,3,Secondary Consumer,2.625
2010,Backreef,LTER_2,4,Planktivore,0.007
2010,Backreef,LTER_2,4,Primary Consumer,3.744
2010,Backreef,LTER_2,4,Secondary Consumer,2.048
2010,Backreef,LTER_3,1,Piscivore_primarily,0.471
2010,Backreef,LTER_3,1,Planktivore,0.013
2010,Backreef,LTER_3,1,Primary Consumer,10.608
2010,Backreef,LTER_3,1,Secondary Consumer,13.017
2010,Backreef,LTER_3,2,Piscivore_primarily,72.937
2010,Backreef,LTER_3,2,Planktivore,2.990
2010,Backreef,LTER_3,2,Primary Consumer,24.280
2010,Backreef,LTER_3,2,Secondary Consumer,11.058
2010,Backreef,LTER_3,3,Piscivore_primarily,0.816
2010,Backreef,LTER_3,3,Planktivore,0.004
2010,Backreef,LTER_3,3,Primary Consumer,4.919
2010,Backreef,LTER_3,3,Secondary Consumer,3.582
2010,Backreef,LTER_3,4,Piscivore_primarily,0.013
2010,Backreef,LTER_3,4,Planktivore,0.182
2010,Backreef,LTER_3,4,Primary Consumer,2.891
2010,Backreef,LTER_3,4,Secondary Consumer,2.658
2010,Backreef,LTER_4,1,Primary Consumer,5.241
2010,Backreef,LTER_4,1,Secondary Consumer,5.041
2010,Backreef,LTER_4,2,Piscivore_primarily,0.120
2010,Backreef,LTER_4,2,Planktivore,0.176
2010,Backreef,LTER_4,2,Primary Consumer,12.542
2010,Backreef,LTER_4,2,Secondary Consumer,4.498
2010,Backreef,LTER_4,3,Primary Consumer,3.036
2010,Backreef,LTER_4,3,Secondary Consumer,0.670
2010,Backreef,LTER_4,4,Piscivore_primarily,0.049
2010,Backreef,LTER_4,4,Planktivore,0.005
2010,Backreef,LTER_4,4,Primary Consumer,2.368
2010,Backreef,LTER_4,4,Secondary Consumer,3.112
2010,Backreef,LTER_5,1,Planktivore,0.226
2010,Backreef,LTER_5,1,Primary Consumer,14.836
2010,Backreef,LTER_5,1,Secondary Consumer,11.594
2010,Backreef,LTER_5,2,Planktivore,0.176
2010,Backreef,LTER_5,2,Primary Consumer,29.292
2010,Backreef,LTER_5,2,Secondary Consumer,4.377
2010,Backreef,LTER_5,3,Piscivore_primarily,3.680
2010,Backreef,LTER_5,3,Planktivore,0.020
2010,Backreef,LTER_5,3,Primary Consumer,19.968
2010,Backreef,LTER_5,3,Secondary Consumer,2.913
2010,Backreef,LTER_5,4,Piscivore_primarily,1.084
2010,Backreef,LTER_5,4,Planktivore,0.148
2010,Backreef,LTER_5,4,Primary Consumer,6.687
2010,Backreef,LTER_5,4,Secondary Consumer,1.441
2010,Backreef,LTER_6,1,Piscivore_primarily,0.200
2010,Backreef,LTER_6,1,Planktivore,0.277
2010,Backreef,LTER_6,1,Primary Consumer,19.218
2010,Backreef,LTER_6,1,Secondary Consumer,13.473
2010,Backreef,LTER_6,2,Planktivore,0.663
2010,Backreef,LTER_6,2,Primary Consumer,26.274
2010,Backreef,LTER_6,2,Secondary Consumer,3.707
2010,Backreef,LTER_6,3,Piscivore_primarily,0.179
2010,Backreef,LTER_6,3,Planktivore,0.046
2010,Backreef,LTER_6,3,Primary Consumer,21.355
2010,Backreef,LTER_6,3,Secondary Consumer,8.363
2010,Backreef,LTER_6,4,Primary Consumer,5.352
2010,Backreef,LTER_6,4,Secondary Consumer,1.688
2010,Forereef,LTER_1,1,Piscivore_primarily,122.952
2010,Forereef,LTER_1,1,Planktivore,0.569
2010,Forereef,LTER_1,1,Primary Consumer,38.079
2010,Forereef,LTER_1,1,Secondary Consumer,4.351
2010,Forereef,LTER_1,2,Piscivore_primarily,6.784
2010,Forereef,LTER_1,2,Planktivore,9.234
2010,Forereef,LTER_1,2,Primary Consumer,68.377
2010,Forereef,LTER_1,2,Secondary Consumer,10.245
2010,Forereef,LTER_1,3,Piscivore_primarily,6.142
2010,Forereef,LTER_1,3,Planktivore,7.359
2010,Forereef,LTER_1,3,Primary Consumer,24.114
2010,Forereef,LTER_1,3,Secondary Consumer,2.251
2010,Forereef,LTER_1,4,Piscivore_primarily,2.349
2010,Forereef,LTER_1,4,Planktivore,7.618
2010,Forereef,LTER_1,4,Primary Consumer,23.832
2010,Forereef,LTER_1,4,Secondary Consumer,4.977
2010,Forereef,LTER_2,1,Piscivore_primarily,6.514
2010,Forereef,LTER_2,1,Planktivore,7.438
2010,Forereef,LTER_2,1,Primary Consumer,91.493
2010,Forereef,LTER_2,1,Secondary Consumer,6.143
2010,Forereef,LTER_2,2,Piscivore_primarily,7.026
2010,Forereef,LTER_2,2,Planktivore,4.889
2010,Forereef,LTER_2,2,Primary Consumer,64.081
2010,Forereef,LTER_2,2,Secondary Consumer,8.505
2010,Forereef,LTER_2,3,Piscivore_primarily,4.806
2010,Forereef,LTER_2,3,Planktivore,3.354
2010,Forereef,LTER_2,3,Primary Consumer,120.518
2010,Forereef,LTER_2,3,Secondary Consumer,4.930
2010,Forereef,LTER_2,4,Piscivore_primarily,14.832
2010,Forereef,LTER_2,4,Planktivore,3.211
2010,Forereef,LTER_2,4,Primary Consumer,16.917
2010,Forereef,LTER_2,4,Secondary Consumer,27.034
2010,Forereef,LTER_3,1,Piscivore_primarily,3.465
2010,Forereef,LTER_3,1,Planktivore,0.254
2010,Forereef,LTER_3,1,Primary Consumer,16.158
2010,Forereef,LTER_3,1,Secondary Consumer,7.459
2010,Forereef,LTER_3,2,Piscivore_primarily,312.253
2010,Forereef,LTER_3,2,Planktivore,1.471
2010,Forereef,LTER_3,2,Primary Consumer,46.970
2010,Forereef,LTER_3,2,Secondary Consumer,11.216
2010,Forereef,LTER_3,3,Piscivore_primarily,3.219
2010,Forereef,LTER_3,3,Planktivore,6.634
2010,Forereef,LTER_3,3,Primary Consumer,36.679
2010,Forereef,LTER_3,3,Secondary Consumer,8.435
2010,Forereef,LTER_3,4,Piscivore_primarily,4.509
2010,Forereef,LTER_3,4,Planktivore,1.765
2010,Forereef,LTER_3,4,Primary Consumer,35.080
2010,Forereef,LTER_3,4,Secondary Consumer,5.113
2010,Forereef,LTER_4,1,Piscivore_primarily,4.092
2010,Forereef,LTER_4,1,Planktivore,1.467
2010,Forereef,LTER_4,1,Primary Consumer,15.965
2010,Forereef,LTER_4,1,Secondary Consumer,5.231
2010,Forereef,LTER_4,2,Piscivore_primarily,10.921
2010,Forereef,LTER_4,2,Planktivore,21.400
2010,Forereef,LTER_4,2,Primary Consumer,30.235
2010,Forereef,LTER_4,2,Secondary Consumer,9.451
2010,Forereef,LTER_4,3,Piscivore_primarily,1.229
2010,Forereef,LTER_4,3,Planktivore,1.104
2010,Forereef,LTER_4,3,Primary Consumer,28.341
2010,Forereef,LTER_4,3,Secondary Consumer,4.678
2010,Forereef,LTER_4,4,Piscivore_primarily,3.630
2010,Forereef,LTER_4,4,Planktivore,0.344
2010,Forereef,LTER_4,4,Primary Consumer,22.192
2010,Forereef,LTER_4,4,Secondary Consumer,159.980
2010,Forereef,LTER_5,1,Piscivore_primarily,2.077
2010,Forereef,LTER_5,1,Planktivore,1.531
2010,Forereef,LTER_5,1,Primary Consumer,26.767
2010,Forereef,LTER_5,1,Secondary Consumer,3.608
2010,Forereef,LTER_5,2,Piscivore_primarily,7.937
2010,Forereef,LTER_5,2,Planktivore,6.319
2010,Forereef,LTER_5,2,Primary Consumer,17.289
2010,Forereef,LTER_5,2,Secondary Consumer,31.389
2010,Forereef,LTER_5,3,Piscivore_primarily,5.368
2010,Forereef,LTER_5,3,Planktivore,1.980
2010,Forereef,LTER_5,3,Primary Consumer,26.131
2010,Forereef,LTER_5,3,Secondary Consumer,4.761
2010,Forereef,LTER_5,4,Piscivore_primarily,0.825
2010,Forereef,LTER_5,4,Planktivore,0.515
2010,Forereef,LTER_5,4,Primary Consumer,16.774
2010,Forereef,LTER_5,4,Secondary Consumer,5.086
2010,Forereef,LTER_6,1,Piscivore_primarily,9.992
2010,Forereef,LTER_6,1,Planktivore,2.305
2010,Forereef,LTER_6,1,Primary Consumer,24.540
2010,Forereef,LTER_6,1,Secondary Consumer,4.894
2010,Forereef,LTER_6,2,Piscivore_primarily,3.724
2010,Forereef,LTER_6,2,Planktivore,4.849
2010,Forereef,LTER_6,2,Primary Consumer,43.984
2010,Forereef,LTER_6,2,Secondary Consumer,19.411
2010,Forereef,LTER_6,3,Piscivore_primarily,1.104
2010,Forereef,LTER_6,3,Planktivore,1.693
2010,Forereef,LTER_6,3,Primary Consumer,57.260
2010,Forereef,LTER_6,3,Secondary Consumer,4.352
2010,Forereef,LTER_6,4,Piscivore_primarily,1.609
2010,Forereef,LTER_6,4,Planktivore,3.355
2010,Forereef,LTER_6,4,Primary Consumer,9.626
2010,Forereef,LTER_6,4,Secondary Consumer,17.319
2010,Fringing,LTER_1,1,Piscivore_primarily,52.366
2010,Fringing,LTER_1,1,Planktivore,1.282
2010,Fringing,LTER_1,1,Primary Consumer,16.442
2010,Fringing,LTER_1,1,Secondary Consumer,14.018
2010,Fringing,LTER_1,2,Piscivore_primarily,0.577
2010,Fringing,LTER_1,2,Planktivore,4.050
2010,Fringing,LTER_1,2,Primary Consumer,11.260
2010,Fringing,LTER_1,2,Secondary Consumer,6.904
2010,Fringing,LTER_1,3,Piscivore_primarily,0.349
2010,Fringing,LTER_1,3,Planktivore,0.977
2010,Fringing,LTER_1,3,Primary Consumer,14.557
2010,Fringing,LTER_1,3,Secondary Consumer,2.234
2010,Fringing,LTER_1,4,Piscivore_primarily,1.052
2010,Fringing,LTER_1,4,Planktivore,1.091
2010,Fringing,LTER_1,4,Primary Consumer,6.823
2010,Fringing,LTER_1,4,Secondary Consumer,3.343
2010,Fringing,LTER_2,1,Piscivore_primarily,1.752
2010,Fringing,LTER_2,1,Planktivore,2.497
2010,Fringing,LTER_2,1,Primary Consumer,14.652
2010,Fringing,LTER_2,1,Secondary Consumer,7.725
2010,Fringing,LTER_2,2,Piscivore_primarily,13.326
2010,Fringing,LTER_2,2,Planktivore,0.352
2010,Fringing,LTER_2,2,Primary Consumer,25.309
2010,Fringing,LTER_2,2,Secondary Consumer,16.228
2010,Fringing,LTER_2,3,Piscivore_primarily,1.859
2010,Fringing,LTER_2,3,Planktivore,0.928
2010,Fringing,LTER_2,3,Primary Consumer,36.945
2010,Fringing,LTER_2,3,Secondary Consumer,15.919
2010,Fringing,LTER_2,4,Piscivore_primarily,1.958
2010,Fringing,LTER_2,4,Planktivore,0.741
2010,Fringing,LTER_2,4,Primary Consumer,23.478
2010,Fringing,LTER_2,4,Secondary Consumer,7.432
2010,Fringing,LTER_3,1,Piscivore_primarily,6.371
2010,Fringing,LTER_3,1,Planktivore,1.189
2010,Fringing,LTER_3,1,Primary Consumer,9.583
2010,Fringing,LTER_3,1,Secondary Consumer,9.945
2010,Fringing,LTER_3,2,Piscivore_primarily,1.633
2010,Fringing,LTER_3,2,Planktivore,3.105
2010,Fringing,LTER_3,2,Primary Consumer,9.116
2010,Fringing,LTER_3,2,Secondary Consumer,8.387
2010,Fringing,LTER_3,3,Piscivore_primarily,0.207
2010,Fringing,LTER_3,3,Planktivore,1.930
2010,Fringing,LTER_3,3,Primary Consumer,29.471
2010,Fringing,LTER_3,3,Secondary Consumer,6.646
2010,Fringing,LTER_3,4,Planktivore,2.447
2010,Fringing,LTER_3,4,Primary Consumer,7.556
2010,Fringing,LTER_3,4,Secondary Consumer,4.713
2010,Fringing,LTER_4,1,Piscivore_primarily,2.495
2010,Fringing,LTER_4,1,Planktivore,0.309
2010,Fringing,LTER_4,1,Primary Consumer,2.009
2010,Fringing,LTER_4,1,Secondary Consumer,7.663
2010,Fringing,LTER_4,2,Piscivore_primarily,0.071
2010,Fringing,LTER_4,2,Planktivore,0.330
2010,Fringing,LTER_4,2,Primary Consumer,4.901
2010,Fringing,LTER_4,2,Secondary Consumer,22.750
2010,Fringing,LTER_4,3,Piscivore_primarily,1.880
2010,Fringing,LTER_4,3,Planktivore,1.451
2010,Fringing,LTER_4,3,Primary Consumer,11.786
2010,Fringing,LTER_4,3,Secondary Consumer,16.366
2010,Fringing,LTER_4,4,Piscivore_primarily,13.997
2010,Fringing,LTER_4,4,Planktivore,0.514
2010,Fringing,LTER_4,4,Primary Consumer,3.459
2010,Fringing,LTER_4,4,Secondary Consumer,6.870
2010,Fringing,LTER_5,1,Piscivore_primarily,3.638
2010,Fringing,LTER_5,1,Planktivore,2.224
2010,Fringing,LTER_5,1,Primary Consumer,12.165
2010,Fringing,LTER_5,1,Secondary Consumer,10.049
2010,Fringing,LTER_5,2,Piscivore_primarily,0.744
2010,Fringing,LTER_5,2,Planktivore,2.571
2010,Fringing,LTER_5,2,Primary Consumer,16.279
2010,Fringing,LTER_5,2,Secondary Consumer,10.128
2010,Fringing,LTER_5,3,Piscivore_primarily,0.554
2010,Fringing,LTER_5,3,Planktivore,2.396
2010,Fringing,LTER_5,3,Primary Consumer,15.228
2010,Fringing,LTER_5,3,Secondary Consumer,2.914
2010,Fringing,LTER_5,4,Piscivore_primarily,4.629
2010,Fringing,LTER_5,4,Planktivore,5.296
2010,Fringing,LTER_5,4,Primary Consumer,5.884
2010,Fringing,LTER_5,4,Secondary Consumer,19.768
2010,Fringing,LTER_6,1,Piscivore_primarily,0.460
2010,Fringing,LTER_6,1,Planktivore,3.773
2010,Fringing,LTER_6,1,Primary Consumer,22.521
2010,Fringing,LTER_6,1,Secondary Consumer,24.510
2010,Fringing,LTER_6,2,Piscivore_primarily,0.660
2010,Fringing,LTER_6,2,Planktivore,19.422
2010,Fringing,LTER_6,2,Primary Consumer,23.935
2010,Fringing,LTER_6,2,Secondary Consumer,16.785
2010,Fringing,LTER_6,3,Piscivore_primarily,0.433
2010,Fringing,LTER_6,3,Planktivore,3.052
2010,Fringing,LTER_6,3,Primary Consumer,24.143
2010,Fringing,LTER_6,3,Secondary Consumer,10.056
2010,Fringing,LTER_6,4,Piscivore_primarily,0.122
2010,Fringing,LTER_6,4,Planktivore,0.527
2010,Fringing,LTER_6,4,Primary Consumer,6.987
2010,Fringing,LTER_6,4,Secondary Consumer,9.644
2011,Backreef,LTER_1,1,Planktivore,0.167
2011,Backreef,LTER_1,1,Primary Consumer,5.273
2011,Backreef,LTER_1,1,Secondary Consumer,4.284
2011,Backreef,LTER_1,2,Piscivore_primarily,0.219
2011,Backreef,LTER_1,2,Planktivore,0.040
2011,Backreef,LTER_1,2,Primary Consumer,17.253
2011,Backreef,LTER_1,2,Secondary Consumer,1.840
2011,Backreef,LTER_1,3,Piscivore_primarily,0.128
2011,Backreef,LTER_1,3,Planktivore,0.261
2011,Backreef,LTER_1,3,Primary Consumer,34.050
2011,Backreef,LTER_1,3,Secondary Consumer,3.240
2011,Backreef,LTER_1,4,Planktivore,0.269
2011,Backreef,LTER_1,4,Primary Consumer,7.753
2011,Backreef,LTER_1,4,Secondary Consumer,2.561
2011,Backreef,LTER_2,1,Piscivore_primarily,0.051
2011,Backreef,LTER_2,1,Planktivore,0.120
2011,Backreef,LTER_2,1,Primary Consumer,36.724
2011,Backreef,LTER_2,1,Secondary Consumer,7.363
2011,Backreef,LTER_2,2,Piscivore_primarily,0.433
2011,Backreef,LTER_2,2,Planktivore,0.976
2011,Backreef,LTER_2,2,Primary Consumer,48.045
2011,Backreef,LTER_2,2,Secondary Consumer,11.098
2011,Backreef,LTER_2,3,Piscivore_primarily,0.152
2011,Backreef,LTER_2,3,Planktivore,0.041
2011,Backreef,LTER_2,3,Primary Consumer,34.389
2011,Backreef,LTER_2,3,Secondary Consumer,4.456
2011,Backreef,LTER_2,4,Piscivore_primarily,0.158
2011,Backreef,LTER_2,4,Planktivore,0.025
2011,Backreef,LTER_2,4,Primary Consumer,6.708
2011,Backreef,LTER_2,4,Secondary Consumer,1.918
2011,Backreef,LTER_3,1,Piscivore_primarily,0.471
2011,Backreef,LTER_3,1,Planktivore,0.002
2011,Backreef,LTER_3,1,Primary Consumer,20.236
2011,Backreef,LTER_3,1,Secondary Consumer,9.051
2011,Backreef,LTER_3,2,Planktivore,0.023
2011,Backreef,LTER_3,2,Primary Consumer,15.353
2011,Backreef,LTER_3,2,Secondary Consumer,7.745
2011,Backreef,LTER_3,3,Piscivore_primarily,0.676
2011,Backreef,LTER_3,3,Primary Consumer,5.603
2011,Backreef,LTER_3,3,Secondary Consumer,2.019
2011,Backreef,LTER_3,4,Piscivore_primarily,0.153
2011,Backreef,LTER_3,4,Primary Consumer,5.134
2011,Backreef,LTER_3,4,Secondary Consumer,0.944
2011,Backreef,LTER_4,1,Piscivore_primarily,0.472
2011,Backreef,LTER_4,1,Primary Consumer,9.725
2011,Backreef,LTER_4,1,Secondary Consumer,6.134
2011,Backreef,LTER_4,2,Planktivore,0.115
2011,Backreef,LTER_4,2,Primary Consumer,8.059
2011,Backreef,LTER_4,2,Secondary Consumer,1.900
2011,Backreef,LTER_4,3,Piscivore_primarily,0.182
2011,Backreef,LTER_4,3,Primary Consumer,6.109
2011,Backreef,LTER_4,3,Secondary Consumer,1.650
2011,Backreef,LTER_4,4,Piscivore_primarily,0.236
2011,Backreef,LTER_4,4,Primary Consumer,3.098
2011,Backreef,LTER_4,4,Secondary Consumer,4.623
2011,Backreef,LTER_5,1,Piscivore_primarily,0.237
2011,Backreef,LTER_5,1,Planktivore,0.401
2011,Backreef,LTER_5,1,Primary Consumer,30.296
2011,Backreef,LTER_5,1,Secondary Consumer,6.253
2011,Backreef,LTER_5,2,Piscivore_primarily,0.598
2011,Backreef,LTER_5,2,Planktivore,0.207
2011,Backreef,LTER_5,2,Primary Consumer,21.610
2011,Backreef,LTER_5,2,Secondary Consumer,3.071
2011,Backreef,LTER_5,3,Piscivore_primarily,0.118
2011,Backreef,LTER_5,3,Planktivore,0.016
2011,Backreef,LTER_5,3,Primary Consumer,12.232
2011,Backreef,LTER_5,3,Secondary Consumer,2.681
2011,Backreef,LTER_5,4,Piscivore_primarily,0.445
2011,Backreef,LTER_5,4,Planktivore,0.075
2011,Backreef,LTER_5,4,Primary Consumer,10.467
2011,Backreef,LTER_5,4,Secondary Consumer,4.992
2011,Backreef,LTER_6,1,Piscivore_primarily,1.274
2011,Backreef,LTER_6,1,Planktivore,0.104
2011,Backreef,LTER_6,1,Primary Consumer,25.227
2011,Backreef,LTER_6,1,Secondary Consumer,5.071
2011,Backreef,LTER_6,2,Piscivore_primarily,0.055
2011,Backreef,LTER_6,2,Planktivore,0.127
2011,Backreef,LTER_6,2,Primary Consumer,18.097
2011,Backreef,LTER_6,2,Secondary Consumer,3.275
2011,Backreef,LTER_6,3,Piscivore_primarily,0.118
2011,Backreef,LTER_6,3,Primary Consumer,16.847
2011,Backreef,LTER_6,3,Secondary Consumer,4.786
2011,Backreef,LTER_6,4,Piscivore_primarily,0.926
2011,Backreef,LTER_6,4,Primary Consumer,8.065
2011,Backreef,LTER_6,4,Secondary Consumer,3.092
2011,Forereef,LTER_1,1,Piscivore_primarily,4.234
2011,Forereef,LTER_1,1,Planktivore,0.188
2011,Forereef,LTER_1,1,Primary Consumer,19.906
2011,Forereef,LTER_1,1,Secondary Consumer,5.820
2011,Forereef,LTER_1,2,Piscivore_primarily,1.370
2011,Forereef,LTER_1,2,Planktivore,0.638
2011,Forereef,LTER_1,2,Primary Consumer,15.094
2011,Forereef,LTER_1,2,Secondary Consumer,1.539
2011,Forereef,LTER_1,3,Piscivore_primarily,0.404
2011,Forereef,LTER_1,3,Planktivore,1.306
2011,Forereef,LTER_1,3,Primary Consumer,26.755
2011,Forereef,LTER_1,3,Secondary Consumer,3.190
2011,Forereef,LTER_1,4,Piscivore_primarily,54.852
2011,Forereef,LTER_1,4,Planktivore,1.735
2011,Forereef,LTER_1,4,Primary Consumer,32.430
2011,Forereef,LTER_1,4,Secondary Consumer,5.957
2011,Forereef,LTER_2,1,Piscivore_primarily,5.065
2011,Forereef,LTER_2,1,Planktivore,10.709
2011,Forereef,LTER_2,1,Primary Consumer,34.048
2011,Forereef,LTER_2,1,Secondary Consumer,6.015
2011,Forereef,LTER_2,2,Piscivore_primarily,2.336
2011,Forereef,LTER_2,2,Planktivore,3.332
2011,Forereef,LTER_2,2,Primary Consumer,30.923
2011,Forereef,LTER_2,2,Secondary Consumer,2.126
2011,Forereef,LTER_2,3,Piscivore_primarily,4.246
2011,Forereef,LTER_2,3,Planktivore,3.853
2011,Forereef,LTER_2,3,Primary Consumer,36.623
2011,Forereef,LTER_2,3,Secondary Consumer,3.173
2011,Forereef,LTER_2,4,Piscivore_primarily,8.598
2011,Forereef,LTER_2,4,Planktivore,2.699
2011,Forereef,LTER_2,4,Primary Consumer,61.263
2011,Forereef,LTER_2,4,Secondary Consumer,40.301
2011,Forereef,LTER_3,1,Piscivore_primarily,14.750
2011,Forereef,LTER_3,1,Planktivore,0.904
2011,Forereef,LTER_3,1,Primary Consumer,30.405
2011,Forereef,LTER_3,1,Secondary Consumer,18.050
2011,Forereef,LTER_3,2,Piscivore_primarily,4.456
2011,Forereef,LTER_3,2,Planktivore,0.648
2011,Forereef,LTER_3,2,Primary Consumer,21.533
2011,Forereef,LTER_3,2,Secondary Consumer,9.100
2011,Forereef,LTER_3,3,Piscivore_primarily,1.569
2011,Forereef,LTER_3,3,Planktivore,1.008
2011,Forereef,LTER_3,3,Primary Consumer,39.920
2011,Forereef,LTER_3,3,Secondary Consumer,8.129
2011,Forereef,LTER_3,4,Piscivore_primarily,9.820
2011,Forereef,LTER_3,4,Planktivore,2.511
2011,Forereef,LTER_3,4,Primary Consumer,42.374
2011,Forereef,LTER_3,4,Secondary Consumer,111.396
2011,Forereef,LTER_4,1,Piscivore_primarily,9.306
2011,Forereef,LTER_4,1,Planktivore,0.531
2011,Forereef,LTER_4,1,Primary Consumer,20.026
2011,Forereef,LTER_4,1,Secondary Consumer,6.378
2011,Forereef,LTER_4,2,Piscivore_primarily,6.543
2011,Forereef,LTER_4,2,Planktivore,3.086
2011,Forereef,LTER_4,2,Primary Consumer,21.425
2011,Forereef,LTER_4,2,Secondary Consumer,4.598
2011,Forereef,LTER_4,3,Piscivore_primarily,56.116
2011,Forereef,LTER_4,3,Planktivore,0.789
2011,Forereef,LTER_4,3,Primary Consumer,33.624
2011,Forereef,LTER_4,3,Secondary Consumer,5.168
2011,Forereef,LTER_4,4,Piscivore_primarily,13.407
2011,Forereef,LTER_4,4,Planktivore,2.926
2011,Forereef,LTER_4,4,Primary Consumer,37.007
2011,Forereef,LTER_4,4,Secondary Consumer,58.788
2011,Forereef,LTER_5,1,Piscivore_primarily,1.112
2011,Forereef,LTER_5,1,Planktivore,0.298
2011,Forereef,LTER_5,1,Primary Consumer,12.247
2011,Forereef,LTER_5,1,Secondary Consumer,4.215
2011,Forereef,LTER_5,2,Piscivore_primarily,1.252
2011,Forereef,LTER_5,2,Planktivore,1.235
2011,Forereef,LTER_5,2,Primary Consumer,13.501
2011,Forereef,LTER_5,2,Secondary Consumer,3.175
2011,Forereef,LTER_5,3,Piscivore_primarily,0.470
2011,Forereef,LTER_5,3,Planktivore,0.991
2011,Forereef,LTER_5,3,Primary Consumer,20.794
2011,Forereef,LTER_5,3,Secondary Consumer,3.506
2011,Forereef,LTER_5,4,Piscivore_primarily,18.315
2011,Forereef,LTER_5,4,Planktivore,0.777
2011,Forereef,LTER_5,4,Primary Consumer,17.048
2011,Forereef,LTER_5,4,Secondary Consumer,40.934
2011,Forereef,LTER_6,1,Piscivore_primarily,47.380
2011,Forereef,LTER_6,1,Planktivore,0.150
2011,Forereef,LTER_6,1,Primary Consumer,43.791
2011,Forereef,LTER_6,1,Secondary Consumer,11.518
2011,Forereef,LTER_6,2,Piscivore_primarily,3.839
2011,Forereef,LTER_6,2,Planktivore,1.264
2011,Forereef,LTER_6,2,Primary Consumer,28.385
2011,Forereef,LTER_6,2,Secondary Consumer,4.323
2011,Forereef,LTER_6,3,Piscivore_primarily,0.836
2011,Forereef,LTER_6,3,Planktivore,1.189
2011,Forereef,LTER_6,3,Primary Consumer,47.185
2011,Forereef,LTER_6,3,Secondary Consumer,4.296
2011,Forereef,LTER_6,4,Piscivore_primarily,18.457
2011,Forereef,LTER_6,4,Planktivore,0.836
2011,Forereef,LTER_6,4,Primary Consumer,26.041
2011,Forereef,LTER_6,4,Secondary Consumer,4.354
2011,Fringing,LTER_1,1,Piscivore_primarily,1.907
2011,Fringing,LTER_1,1,Planktivore,1.074
2011,Fringing,LTER_1,1,Primary Consumer,13.531
2011,Fringing,LTER_1,1,Secondary Consumer,12.911
2011,Fringing,LTER_1,2,Piscivore_primarily,1.770
2011,Fringing,LTER_1,2,Planktivore,1.765
2011,Fringing,LTER_1,2,Primary Consumer,55.386
2011,Fringing,LTER_1,2,Secondary Consumer,4.356
2011,Fringing,LTER_1,3,Piscivore_primarily,0.567
2011,Fringing,LTER_1,3,Planktivore,1.414
2011,Fringing,LTER_1,3,Primary Consumer,29.814
2011,Fringing,LTER_1,3,Secondary Consumer,4.710
2011,Fringing,LTER_1,4,Piscivore_primarily,0.961
2011,Fringing,LTER_1,4,Planktivore,0.602
2011,Fringing,LTER_1,4,Primary Consumer,8.173
2011,Fringing,LTER_1,4,Secondary Consumer,3.031
2011,Fringing,LTER_2,1,Piscivore_primarily,5.551
2011,Fringing,LTER_2,1,Planktivore,1.734
2011,Fringing,LTER_2,1,Primary Consumer,36.755
2011,Fringing,LTER_2,1,Secondary Consumer,14.782
2011,Fringing,LTER_2,2,Piscivore_primarily,1.874
2011,Fringing,LTER_2,2,Planktivore,7.602
2011,Fringing,LTER_2,2,Primary Consumer,17.704
2011,Fringing,LTER_2,2,Secondary Consumer,7.189
2011,Fringing,LTER_2,3,Piscivore_primarily,0.573
2011,Fringing,LTER_2,3,Planktivore,0.313
2011,Fringing,LTER_2,3,Primary Consumer,43.994
2011,Fringing,LTER_2,3,Secondary Consumer,6.306
2011,Fringing,LTER_2,4,Piscivore_primarily,1.864
2011,Fringing,LTER_2,4,Planktivore,12.822
2011,Fringing,LTER_2,4,Primary Consumer,76.187
2011,Fringing,LTER_2,4,Secondary Consumer,19.714
2011,Fringing,LTER_3,1,Piscivore_primarily,0.716
2011,Fringing,LTER_3,1,Planktivore,4.154
2011,Fringing,LTER_3,1,Primary Consumer,20.210
2011,Fringing,LTER_3,1,Secondary Consumer,31.508
2011,Fringing,LTER_3,2,Piscivore_primarily,1.254
2011,Fringing,LTER_3,2,Planktivore,2.564
2011,Fringing,LTER_3,2,Primary Consumer,7.861
2011,Fringing,LTER_3,2,Secondary Consumer,5.191
2011,Fringing,LTER_3,3,Piscivore_primarily,0.518
2011,Fringing,LTER_3,3,Planktivore,3.689
2011,Fringing,LTER_3,3,Primary Consumer,24.902
2011,Fringing,LTER_3,3,Secondary Consumer,10.229
2011,Fringing,LTER_3,4,Piscivore_primarily,0.262
2011,Fringing,LTER_3,4,Planktivore,0.597
2011,Fringing,LTER_3,4,Primary Consumer,8.783
2011,Fringing,LTER_3,4,Secondary Consumer,4.558
2011,Fringing,LTER_4,1,Planktivore,2.380
2011,Fringing,LTER_4,1,Primary Consumer,8.245
2011,Fringing,LTER_4,1,Secondary Consumer,12.681
2011,Fringing,LTER_4,2,Piscivore_primarily,0.589
2011,Fringing,LTER_4,2,Planktivore,0.752
2011,Fringing,LTER_4,2,Primary Consumer,3.664
2011,Fringing,LTER_4,2,Secondary Consumer,13.034
2011,Fringing,LTER_4,3,Piscivore_primarily,5.722
2011,Fringing,LTER_4,3,Planktivore,0.059
2011,Fringing,LTER_4,3,Primary Consumer,8.848
2011,Fringing,LTER_4,3,Secondary Consumer,6.491
2011,Fringing,LTER_4,4,Piscivore_primarily,0.834
2011,Fringing,LTER_4,4,Planktivore,0.529
2011,Fringing,LTER_4,4,Primary Consumer,7.168
2011,Fringing,LTER_4,4,Secondary Consumer,9.707
2011,Fringing,LTER_5,1,Piscivore_primarily,2.223
2011,Fringing,LTER_5,1,Planktivore,3.600
2011,Fringing,LTER_5,1,Primary Consumer,21.407
2011,Fringing,LTER_5,1,Secondary Consumer,8.496
2011,Fringing,LTER_5,2,Piscivore_primarily,0.573
2011,Fringing,LTER_5,2,Planktivore,7.710
2011,Fringing,LTER_5,2,Primary Consumer,8.845
2011,Fringing,LTER_5,2,Secondary Consumer,8.074
2011,Fringing,LTER_5,3,Piscivore_primarily,1.278
2011,Fringing,LTER_5,3,Planktivore,1.182
2011,Fringing,LTER_5,3,Primary Consumer,21.277
2011,Fringing,LTER_5,3,Secondary Consumer,5.886
2011,Fringing,LTER_5,4,Piscivore_primarily,121.175
2011,Fringing,LTER_5,4,Planktivore,5.943
2011,Fringing,LTER_5,4,Primary Consumer,10.319
2011,Fringing,LTER_5,4,Secondary Consumer,23.052
2011,Fringing,LTER_6,1,Piscivore_primarily,1.497
2011,Fringing,LTER_6,1,Planktivore,7.534
2011,Fringing,LTER_6,1,Primary Consumer,13.528
2011,Fringing,LTER_6,1,Secondary Consumer,20.896
2011,Fringing,LTER_6,2,Piscivore_primarily,0.532
2011,Fringing,LTER_6,2,Planktivore,36.318
2011,Fringing,LTER_6,2,Primary Consumer,15.870
2011,Fringing,LTER_6,2,Secondary Consumer,15.053
2011,Fringing,LTER_6,3,Piscivore_primarily,0.724
2011,Fringing,LTER_6,3,Planktivore,3.539
2011,Fringing,LTER_6,3,Primary Consumer,23.551
2011,Fringing,LTER_6,3,Secondary Consumer,17.782
2011,Fringing,LTER_6,4,Piscivore_primarily,1.020
2011,Fringing,LTER_6,4,Planktivore,0.178
2011,Fringing,LTER_6,4,Primary Consumer,9.251
2011,Fringing,LTER_6,4,Secondary Consumer,13.264
2012,Backreef,LTER_1,1,Piscivore_primarily,2.559
2012,Backreef,LTER_1,1,Planktivore,0.861
2012,Backreef,LTER_1,1,Primary Consumer,19.275
2012,Backreef,LTER_1,1,Secondary Consumer,8.356
2012,Backreef,LTER_1,2,Piscivore_primarily,0.100
2012,Backreef,LTER_1,2,Planktivore,0.025
2012,Backreef,LTER_1,2,Primary Consumer,18.482
2012,Backreef,LTER_1,2,Secondary Consumer,2.200
2012,Backreef,LTER_1,3,Planktivore,0.313
2012,Backreef,LTER_1,3,Primary Consumer,29.573
2012,Backreef,LTER_1,3,Secondary Consumer,6.894
2012,Backreef,LTER_1,4,Piscivore_primarily,190.793
2012,Backreef,LTER_1,4,Planktivore,0.214
2012,Backreef,LTER_1,4,Primary Consumer,11.308
2012,Backreef,LTER_1,4,Secondary Consumer,3.819
2012,Backreef,LTER_2,1,Piscivore_primarily,0.338
2012,Backreef,LTER_2,1,Planktivore,0.120
2012,Backreef,LTER_2,1,Primary Consumer,21.787
2012,Backreef,LTER_2,1,Secondary Consumer,6.575
2012,Backreef,LTER_2,2,Piscivore_primarily,0.080
2012,Backreef,LTER_2,2,Planktivore,0.165
2012,Backreef,LTER_2,2,Primary Consumer,31.238
2012,Backreef,LTER_2,2,Secondary Consumer,3.751
2012,Backreef,LTER_2,3,Piscivore_primarily,0.190
2012,Backreef,LTER_2,3,Primary Consumer,23.332
2012,Backreef,LTER_2,3,Secondary Consumer,2.972
2012,Backreef,LTER_2,4,Planktivore,0.095
2012,Backreef,LTER_2,4,Primary Consumer,5.354
2012,Backreef,LTER_2,4,Secondary Consumer,1.795
2012,Backreef,LTER_3,1,Piscivore_primarily,28.926
2012,Backreef,LTER_3,1,Primary Consumer,14.716
2012,Backreef,LTER_3,1,Secondary Consumer,10.375
2012,Backreef,LTER_3,2,Piscivore_primarily,0.636
2012,Backreef,LTER_3,2,Planktivore,0.115
2012,Backreef,LTER_3,2,Primary Consumer,7.232
2012,Backreef,LTER_3,2,Secondary Consumer,4.011
2012,Backreef,LTER_3,3,Piscivore_primarily,0.526
2012,Backreef,LTER_3,3,Planktivore,0.228
2012,Backreef,LTER_3,3,Primary Consumer,6.317
2012,Backreef,LTER_3,3,Secondary Consumer,2.933
2012,Backreef,LTER_3,4,Planktivore,0.021
2012,Backreef,LTER_3,4,Primary Consumer,9.717
2012,Backreef,LTER_3,4,Secondary Consumer,1.570
2012,Backreef,LTER_4,1,Planktivore,0.012
2012,Backreef,LTER_4,1,Primary Consumer,9.206
2012,Backreef,LTER_4,1,Secondary Consumer,6.745
2012,Backreef,LTER_4,2,Piscivore_primarily,2.170
2012,Backreef,LTER_4,2,Planktivore,0.231
2012,Backreef,LTER_4,2,Primary Consumer,21.609
2012,Backreef,LTER_4,2,Secondary Consumer,18.165
2012,Backreef,LTER_4,3,Piscivore_primarily,0.137
2012,Backreef,LTER_4,3,Planktivore,0.022
2012,Backreef,LTER_4,3,Primary Consumer,7.843
2012,Backreef,LTER_4,3,Secondary Consumer,2.138
2012,Backreef,LTER_4,4,Piscivore_primarily,3.404
2012,Backreef,LTER_4,4,Primary Consumer,11.446
2012,Backreef,LTER_4,4,Secondary Consumer,9.032
2012,Backreef,LTER_5,1,Piscivore_primarily,73.810
2012,Backreef,LTER_5,1,Planktivore,0.436
2012,Backreef,LTER_5,1,Primary Consumer,22.426
2012,Backreef,LTER_5,1,Secondary Consumer,9.144
2012,Backreef,LTER_5,2,Piscivore_primarily,1269.213
2012,Backreef,LTER_5,2,Planktivore,0.590
2012,Backreef,LTER_5,2,Primary Consumer,26.797
2012,Backreef,LTER_5,2,Secondary Consumer,1.948
2012,Backreef,LTER_5,3,Planktivore,0.030
2012,Backreef,LTER_5,3,Primary Consumer,10.664
2012,Backreef,LTER_5,3,Secondary Consumer,2.354
2012,Backreef,LTER_5,4,Piscivore_primarily,0.049
2012,Backreef,LTER_5,4,Planktivore,0.004
2012,Backreef,LTER_5,4,Primary Consumer,6.948
2012,Backreef,LTER_5,4,Secondary Consumer,3.395
2012,Backreef,LTER_6,1,Piscivore_primarily,0.822
2012,Backreef,LTER_6,1,Planktivore,0.042
2012,Backreef,LTER_6,1,Primary Consumer,15.862
2012,Backreef,LTER_6,1,Secondary Consumer,8.990
2012,Backreef,LTER_6,2,Piscivore_primarily,0.116
2012,Backreef,LTER_6,2,Planktivore,0.363
2012,Backreef,LTER_6,2,Primary Consumer,21.535
2012,Backreef,LTER_6,2,Secondary Consumer,3.704
2012,Backreef,LTER_6,3,Piscivore_primarily,0.485
2012,Backreef,LTER_6,3,Planktivore,0.472
2012,Backreef,LTER_6,3,Primary Consumer,50.418
2012,Backreef,LTER_6,3,Secondary Consumer,5.769
2012,Backreef,LTER_6,4,Piscivore_primarily,0.520
2012,Backreef,LTER_6,4,Primary Consumer,4.454
2012,Backreef,LTER_6,4,Secondary Consumer,5.372
2012,Forereef,LTER_1,1,Piscivore_primarily,2.284
2012,Forereef,LTER_1,1,Planktivore,0.027
2012,Forereef,LTER_1,1,Primary Consumer,17.190
2012,Forereef,LTER_1,1,Secondary Consumer,4.205
2012,Forereef,LTER_1,2,Piscivore_primarily,2.906
2012,Forereef,LTER_1,2,Planktivore,2.343
2012,Forereef,LTER_1,2,Primary Consumer,26.530
2012,Forereef,LTER_1,2,Secondary Consumer,17.732
2012,Forereef,LTER_1,3,Piscivore_primarily,2.740
2012,Forereef,LTER_1,3,Planktivore,1.721
2012,Forereef,LTER_1,3,Primary Consumer,18.018
2012,Forereef,LTER_1,3,Secondary Consumer,3.728
2012,Forereef,LTER_1,4,Piscivore_primarily,122.716
2012,Forereef,LTER_1,4,Planktivore,3.232
2012,Forereef,LTER_1,4,Primary Consumer,30.789
2012,Forereef,LTER_1,4,Secondary Consumer,6.150
2012,Forereef,LTER_2,1,Piscivore_primarily,4.131
2012,Forereef,LTER_2,1,Planktivore,6.341
2012,Forereef,LTER_2,1,Primary Consumer,31.103
2012,Forereef,LTER_2,1,Secondary Consumer,9.239
2012,Forereef,LTER_2,2,Piscivore_primarily,2.959
2012,Forereef,LTER_2,2,Planktivore,0.733
2012,Forereef,LTER_2,2,Primary Consumer,18.956
2012,Forereef,LTER_2,2,Secondary Consumer,4.087
2012,Forereef,LTER_2,3,Piscivore_primarily,9.770
2012,Forereef,LTER_2,3,Planktivore,2.354
2012,Forereef,LTER_2,3,Primary Consumer,32.588
2012,Forereef,LTER_2,3,Secondary Consumer,9.030
2012,Forereef,LTER_2,4,Piscivore_primarily,45.291
2012,Forereef,LTER_2,4,Planktivore,1.732
2012,Forereef,LTER_2,4,Primary Consumer,71.854
2012,Forereef,LTER_2,4,Secondary Consumer,10.027
2012,Forereef,LTER_3,1,Piscivore_primarily,3.307
2012,Forereef,LTER_3,1,Planktivore,0.056
2012,Forereef,LTER_3,1,Primary Consumer,32.314
2012,Forereef,LTER_3,1,Secondary Consumer,7.039
2012,Forereef,LTER_3,2,Piscivore_primarily,4.059
2012,Forereef,LTER_3,2,Planktivore,2.049
2012,Forereef,LTER_3,2,Primary Consumer,23.608
2012,Forereef,LTER_3,2,Secondary Consumer,3.775
2012,Forereef,LTER_3,3,Piscivore_primarily,5.334
2012,Forereef,LTER_3,3,Planktivore,3.247
2012,Forereef,LTER_3,3,Primary Consumer,36.461
2012,Forereef,LTER_3,3,Secondary Consumer,12.704
2012,Forereef,LTER_3,4,Piscivore_primarily,3.140
2012,Forereef,LTER_3,4,Planktivore,3.015
2012,Forereef,LTER_3,4,Primary Consumer,36.990
2012,Forereef,LTER_3,4,Secondary Consumer,5.108
2012,Forereef,LTER_4,1,Piscivore_primarily,4.841
2012,Forereef,LTER_4,1,Planktivore,2.139
2012,Forereef,LTER_4,1,Primary Consumer,14.609
2012,Forereef,LTER_4,1,Secondary Consumer,2.829
2012,Forereef,LTER_4,2,Piscivore_primarily,5.575
2012,Forereef,LTER_4,2,Planktivore,2.751
2012,Forereef,LTER_4,2,Primary Consumer,11.571
2012,Forereef,LTER_4,2,Secondary Consumer,4.616
2012,Forereef,LTER_4,3,Piscivore_primarily,2.154
2012,Forereef,LTER_4,3,Planktivore,1.045
2012,Forereef,LTER_4,3,Primary Consumer,32.909
2012,Forereef,LTER_4,3,Secondary Consumer,8.570
2012,Forereef,LTER_4,4,Piscivore_primarily,29.539
2012,Forereef,LTER_4,4,Planktivore,0.967
2012,Forereef,LTER_4,4,Primary Consumer,22.804
2012,Forereef,LTER_4,4,Secondary Consumer,8.855
2012,Forereef,LTER_5,1,Piscivore_primarily,1.024
2012,Forereef,LTER_5,1,Planktivore,0.324
2012,Forereef,LTER_5,1,Primary Consumer,11.570
2012,Forereef,LTER_5,1,Secondary Consumer,3.305
2012,Forereef,LTER_5,2,Piscivore_primarily,2.286
2012,Forereef,LTER_5,2,Planktivore,0.966
2012,Forereef,LTER_5,2,Primary Consumer,23.220
2012,Forereef,LTER_5,2,Secondary Consumer,4.090
2012,Forereef,LTER_5,3,Piscivore_primarily,0.360
2012,Forereef,LTER_5,3,Planktivore,0.548
2012,Forereef,LTER_5,3,Primary Consumer,5.554
2012,Forereef,LTER_5,3,Secondary Consumer,3.818
2012,Forereef,LTER_5,4,Piscivore_primarily,13.306
2012,Forereef,LTER_5,4,Planktivore,1.084
2012,Forereef,LTER_5,4,Primary Consumer,17.848
2012,Forereef,LTER_5,4,Secondary Consumer,76.380
2012,Forereef,LTER_6,1,Piscivore_primarily,18.226
2012,Forereef,LTER_6,1,Planktivore,0.102
2012,Forereef,LTER_6,1,Primary Consumer,23.007
2012,Forereef,LTER_6,1,Secondary Consumer,6.145
2012,Forereef,LTER_6,2,Piscivore_primarily,31.520
2012,Forereef,LTER_6,2,Planktivore,0.898
2012,Forereef,LTER_6,2,Primary Consumer,39.191
2012,Forereef,LTER_6,2,Secondary Consumer,35.208
2012,Forereef,LTER_6,3,Piscivore_primarily,0.571
2012,Forereef,LTER_6,3,Planktivore,1.646
2012,Forereef,LTER_6,3,Primary Consumer,30.730
2012,Forereef,LTER_6,3,Secondary Consumer,32.848
2012,Forereef,LTER_6,4,Piscivore_primarily,4.016
2012,Forereef,LTER_6,4,Planktivore,0.630
2012,Forereef,LTER_6,4,Primary Consumer,23.047
2012,Forereef,LTER_6,4,Secondary Consumer,5.201
2012,Fringing,LTER_1,1,Piscivore_primarily,1.024
2012,Fringing,LTER_1,1,Planktivore,5.639
2012,Fringing,LTER_1,1,Primary Consumer,18.823
2012,Fringing,LTER_1,1,Secondary Consumer,10.025
2012,Fringing,LTER_1,2,Piscivore_primarily,6.477
2012,Fringing,LTER_1,2,Planktivore,2.155
2012,Fringing,LTER_1,2,Primary Consumer,17.119
2012,Fringing,LTER_1,2,Secondary Consumer,2.238
2012,Fringing,LTER_1,3,Piscivore_primarily,2.523
2012,Fringing,LTER_1,3,Planktivore,2.648
2012,Fringing,LTER_1,3,Primary Consumer,36.160
2012,Fringing,LTER_1,3,Secondary Consumer,4.619
2012,Fringing,LTER_1,4,Piscivore_primarily,0.506
2012,Fringing,LTER_1,4,Planktivore,0.550
2012,Fringing,LTER_1,4,Primary Consumer,11.522
2012,Fringing,LTER_1,4,Secondary Consumer,4.826
2012,Fringing,LTER_2,1,Piscivore_primarily,0.624
2012,Fringing,LTER_2,1,Planktivore,0.069
2012,Fringing,LTER_2,1,Primary Consumer,20.102
2012,Fringing,LTER_2,1,Secondary Consumer,8.338
2012,Fringing,LTER_2,2,Piscivore_primarily,2.322
2012,Fringing,LTER_2,2,Planktivore,0.342
2012,Fringing,LTER_2,2,Primary Consumer,19.677
2012,Fringing,LTER_2,2,Secondary Consumer,4.264
2012,Fringing,LTER_2,3,Piscivore_primarily,1.124
2012,Fringing,LTER_2,3,Planktivore,0.520
2012,Fringing,LTER_2,3,Primary Consumer,34.424
2012,Fringing,LTER_2,3,Secondary Consumer,7.190
2012,Fringing,LTER_2,4,Piscivore_primarily,3.845
2012,Fringing,LTER_2,4,Planktivore,0.386
2012,Fringing,LTER_2,4,Primary Consumer,25.015
2012,Fringing,LTER_2,4,Secondary Consumer,12.165
2012,Fringing,LTER_3,1,Piscivore_primarily,25.667
2012,Fringing,LTER_3,1,Planktivore,0.242
2012,Fringing,LTER_3,1,Primary Consumer,10.131
2012,Fringing,LTER_3,1,Secondary Consumer,45.429
2012,Fringing,LTER_3,2,Planktivore,3.264
2012,Fringing,LTER_3,2,Primary Consumer,5.897
2012,Fringing,LTER_3,2,Secondary Consumer,7.648
2012,Fringing,LTER_3,3,Piscivore_primarily,0.194
2012,Fringing,LTER_3,3,Planktivore,1.283
2012,Fringing,LTER_3,3,Primary Consumer,12.247
2012,Fringing,LTER_3,3,Secondary Consumer,4.945
2012,Fringing,LTER_3,4,Piscivore_primarily,4.023
2012,Fringing,LTER_3,4,Planktivore,0.134
2012,Fringing,LTER_3,4,Primary Consumer,3.888
2012,Fringing,LTER_3,4,Secondary Consumer,3.651
2012,Fringing,LTER_4,1,Piscivore_primarily,0.232
2012,Fringing,LTER_4,1,Planktivore,0.004
2012,Fringing,LTER_4,1,Primary Consumer,7.211
2012,Fringing,LTER_4,1,Secondary Consumer,12.163
2012,Fringing,LTER_4,2,Piscivore_primarily,1.686
2012,Fringing,LTER_4,2,Planktivore,0.614
2012,Fringing,LTER_4,2,Primary Consumer,3.670
2012,Fringing,LTER_4,2,Secondary Consumer,5.938
2012,Fringing,LTER_4,3,Piscivore_primarily,11.629
2012,Fringing,LTER_4,3,Planktivore,0.918
2012,Fringing,LTER_4,3,Primary Consumer,8.219
2012,Fringing,LTER_4,3,Secondary Consumer,18.943
2012,Fringing,LTER_4,4,Piscivore_primarily,4.922
2012,Fringing,LTER_4,4,Planktivore,0.183
2012,Fringing,LTER_4,4,Primary Consumer,3.997
2012,Fringing,LTER_4,4,Secondary Consumer,31.333
2012,Fringing,LTER_5,1,Piscivore_primarily,4.978
2012,Fringing,LTER_5,1,Planktivore,2.730
2012,Fringing,LTER_5,1,Primary Consumer,18.286
2012,Fringing,LTER_5,1,Secondary Consumer,8.905
2012,Fringing,LTER_5,2,Piscivore_primarily,0.251
2012,Fringing,LTER_5,2,Planktivore,2.463
2012,Fringing,LTER_5,2,Primary Consumer,8.725
2012,Fringing,LTER_5,2,Secondary Consumer,4.291
2012,Fringing,LTER_5,3,Piscivore_primarily,0.573
2012,Fringing,LTER_5,3,Planktivore,1.135
2012,Fringing,LTER_5,3,Primary Consumer,9.385
2012,Fringing,LTER_5,3,Secondary Consumer,2.465
2012,Fringing,LTER_5,4,Piscivore_primarily,96.006
2012,Fringing,LTER_5,4,Planktivore,23.013
2012,Fringing,LTER_5,4,Primary Consumer,10.231
2012,Fringing,LTER_5,4,Secondary Consumer,68.056
2012,Fringing,LTER_6,1,Piscivore_primarily,0.313
2012,Fringing,LTER_6,1,Planktivore,12.429
2012,Fringing,LTER_6,1,Primary Consumer,38.800
2012,Fringing,LTER_6,1,Secondary Consumer,24.653
2012,Fringing,LTER_6,2,Piscivore_primarily,0.091
2012,Fringing,LTER_6,2,Planktivore,10.293
2012,Fringing,LTER_6,2,Primary Consumer,10.352
2012,Fringing,LTER_6,2,Secondary Consumer,7.310
2012,Fringing,LTER_6,3,Piscivore_primarily,0.939
2012,Fringing,LTER_6,3,Planktivore,0.299
2012,Fringing,LTER_6,3,Primary Consumer,18.183
2012,Fringing,LTER_6,3,Secondary Consumer,6.735
2012,Fringing,LTER_6,4,Piscivore_primarily,1.098
2012,Fringing,LTER_6,4,Planktivore,0.703
2012,Fringing,LTER_6,4,Primary Consumer,12.535
2012,Fringing,LTER_6,4,Secondary Consumer,9.855
2013,Backreef,LTER_1,1,Piscivore_primarily,0.760
2013,Backreef,LTER_1,1,Planktivore,0.121
2013,Backreef,LTER_1,1,Primary Consumer,19.469
2013,Backreef,LTER_1,1,Secondary Consumer,10.542
2013,Backreef,LTER_1,2,Piscivore_primarily,0.134
2013,Backreef,LTER_1,2,Planktivore,0.115
2013,Backreef,LTER_1,2,Primary Consumer,19.667
2013,Backreef,LTER_1,2,Secondary Consumer,2.641
2013,Backreef,LTER_1,3,Planktivore,0.904
2013,Backreef,LTER_1,3,Primary Consumer,33.762
2013,Backreef,LTER_1,3,Secondary Consumer,3.143
2013,Backreef,LTER_1,4,Planktivore,0.090
2013,Backreef,LTER_1,4,Primary Consumer,20.021
2013,Backreef,LTER_1,4,Secondary Consumer,4.453
2013,Backreef,LTER_2,1,Piscivore_primarily,0.011
2013,Backreef,LTER_2,1,Planktivore,0.096
2013,Backreef,LTER_2,1,Primary Consumer,18.483
2013,Backreef,LTER_2,1,Secondary Consumer,6.857
2013,Backreef,LTER_2,2,Piscivore_primarily,0.036
2013,Backreef,LTER_2,2,Planktivore,0.964
2013,Backreef,LTER_2,2,Primary Consumer,34.645
2013,Backreef,LTER_2,2,Secondary Consumer,5.941
2013,Backreef,LTER_2,3,Piscivore_primarily,0.049
2013,Backreef,LTER_2,3,Primary Consumer,18.038
2013,Backreef,LTER_2,3,Secondary Consumer,3.668
2013,Backreef,LTER_2,4,Planktivore,0.215
2013,Backreef,LTER_2,4,Primary Consumer,7.459
2013,Backreef,LTER_2,4,Secondary Consumer,2.257
2013,Backreef,LTER_3,1,Piscivore_primarily,120.149
2013,Backreef,LTER_3,1,Planktivore,0.002
2013,Backreef,LTER_3,1,Primary Consumer,26.746
2013,Backreef,LTER_3,1,Secondary Consumer,17.978
2013,Backreef,LTER_3,2,Piscivore_primarily,0.091
2013,Backreef,LTER_3,2,Planktivore,0.048
2013,Backreef,LTER_3,2,Primary Consumer,18.972
2013,Backreef,LTER_3,2,Secondary Consumer,2.879
2013,Backreef,LTER_3,3,Piscivore_primarily,0.351
2013,Backreef,LTER_3,3,Primary Consumer,2.395
2013,Backreef,LTER_3,3,Secondary Consumer,3.151
2013,Backreef,LTER_3,4,Piscivore_primarily,0.101
2013,Backreef,LTER_3,4,Primary Consumer,7.532
2013,Backreef,LTER_3,4,Secondary Consumer,2.883
2013,Backreef,LTER_4,1,Piscivore_primarily,55.984
2013,Backreef,LTER_4,1,Primary Consumer,10.551
2013,Backreef,LTER_4,1,Secondary Consumer,47.319
2013,Backreef,LTER_4,2,Piscivore_primarily,0.056
2013,Backreef,LTER_4,2,Planktivore,0.094
2013,Backreef,LTER_4,2,Primary Consumer,11.552
2013,Backreef,LTER_4,2,Secondary Consumer,3.582
2013,Backreef,LTER_4,3,Primary Consumer,7.938
2013,Backreef,LTER_4,3,Secondary Consumer,5.010
2013,Backreef,LTER_4,4,Primary Consumer,5.819
2013,Backreef,LTER_4,4,Secondary Consumer,16.891
2013,Backreef,LTER_5,1,Piscivore_primarily,1.121
2013,Backreef,LTER_5,1,Planktivore,0.115
2013,Backreef,LTER_5,1,Primary Consumer,519.977
2013,Backreef,LTER_5,1,Secondary Consumer,22.942
2013,Backreef,LTER_5,2,Piscivore_primarily,0.028
2013,Backreef,LTER_5,2,Planktivore,0.107
2013,Backreef,LTER_5,2,Primary Consumer,20.874
2013,Backreef,LTER_5,2,Secondary Consumer,2.882
2013,Backreef,LTER_5,3,Planktivore,0.436
2013,Backreef,LTER_5,3,Primary Consumer,34.736
2013,Backreef,LTER_5,3,Secondary Consumer,8.399
2013,Backreef,LTER_5,4,Piscivore_primarily,0.322
2013,Backreef,LTER_5,4,Planktivore,0.100
2013,Backreef,LTER_5,4,Primary Consumer,33.207
2013,Backreef,LTER_5,4,Secondary Consumer,18.923
2013,Backreef,LTER_6,1,Planktivore,0.010
2013,Backreef,LTER_6,1,Primary Consumer,49.124
2013,Backreef,LTER_6,1,Secondary Consumer,4.159
2013,Backreef,LTER_6,2,Piscivore_primarily,0.376
2013,Backreef,LTER_6,2,Planktivore,0.590
2013,Backreef,LTER_6,2,Primary Consumer,33.607
2013,Backreef,LTER_6,2,Secondary Consumer,4.474
2013,Backreef,LTER_6,3,Piscivore_primarily,0.194
2013,Backreef,LTER_6,3,Primary Consumer,12.920
2013,Backreef,LTER_6,3,Secondary Consumer,2.560
2013,Backreef,LTER_6,4,Piscivore_primarily,0.965
2013,Backreef,LTER_6,4,Planktivore,0.004
2013,Backreef,LTER_6,4,Primary Consumer,23.524
2013,Backreef,LTER_6,4,Secondary Consumer,4.040
2013,Forereef,LTER_1,1,Piscivore_primarily,4.483
2013,Forereef,LTER_1,1,Planktivore,1.182
2013,Forereef,LTER_1,1,Primary Consumer,36.500
2013,Forereef,LTER_1,1,Secondary Consumer,6.964
2013,Forereef,LTER_1,2,Piscivore_primarily,9.920
2013,Forereef,LTER_1,2,Planktivore,11.578
2013,Forereef,LTER_1,2,Primary Consumer,36.937
2013,Forereef,LTER_1,2,Secondary Consumer,4.239
2013,Forereef,LTER_1,3,Piscivore_primarily,3.315
2013,Forereef,LTER_1,3,Planktivore,1.308
2013,Forereef,LTER_1,3,Primary Consumer,30.138
2013,Forereef,LTER_1,3,Secondary Consumer,5.474
2013,Forereef,LTER_1,4,Piscivore_primarily,17.734
2013,Forereef,LTER_1,4,Planktivore,2.336
2013,Forereef,LTER_1,4,Primary Consumer,66.548
2013,Forereef,LTER_1,4,Secondary Consumer,8.674
2013,Forereef,LTER_2,1,Piscivore_primarily,7.705
2013,Forereef,LTER_2,1,Planktivore,5.191
2013,Forereef,LTER_2,1,Primary Consumer,69.356
2013,Forereef,LTER_2,1,Secondary Consumer,6.653
2013,Forereef,LTER_2,2,Piscivore_primarily,4.264
2013,Forereef,LTER_2,2,Planktivore,2.422
2013,Forereef,LTER_2,2,Primary Consumer,35.605
2013,Forereef,LTER_2,2,Secondary Consumer,4.874
2013,Forereef,LTER_2,3,Piscivore_primarily,2.936
2013,Forereef,LTER_2,3,Planktivore,4.928
2013,Forereef,LTER_2,3,Primary Consumer,75.478
2013,Forereef,LTER_2,3,Secondary Consumer,6.578
2013,Forereef,LTER_2,4,Piscivore_primarily,7.596
2013,Forereef,LTER_2,4,Planktivore,1.750
2013,Forereef,LTER_2,4,Primary Consumer,58.803
2013,Forereef,LTER_2,4,Secondary Consumer,8.703
2013,Forereef,LTER_3,1,Piscivore_primarily,11.398
2013,Forereef,LTER_3,1,Planktivore,0.156
2013,Forereef,LTER_3,1,Primary Consumer,79.215
2013,Forereef,LTER_3,1,Secondary Consumer,12.766
2013,Forereef,LTER_3,2,Piscivore_primarily,3.678
2013,Forereef,LTER_3,2,Planktivore,0.519
2013,Forereef,LTER_3,2,Primary Consumer,22.215
2013,Forereef,LTER_3,2,Secondary Consumer,3.011
2013,Forereef,LTER_3,3,Piscivore_primarily,5.742
2013,Forereef,LTER_3,3,Planktivore,2.298
2013,Forereef,LTER_3,3,Primary Consumer,89.323
2013,Forereef,LTER_3,3,Secondary Consumer,135.852
2013,Forereef,LTER_3,4,Piscivore_primarily,10.182
2013,Forereef,LTER_3,4,Planktivore,1.145
2013,Forereef,LTER_3,4,Primary Consumer,84.812
2013,Forereef,LTER_3,4,Secondary Consumer,19.764
2013,Forereef,LTER_4,1,Piscivore_primarily,22.034
2013,Forereef,LTER_4,1,Planktivore,5.277
2013,Forereef,LTER_4,1,Primary Consumer,39.476
2013,Forereef,LTER_4,1,Secondary Consumer,13.611
2013,Forereef,LTER_4,2,Piscivore_primarily,2.740
2013,Forereef,LTER_4,2,Planktivore,2.368
2013,Forereef,LTER_4,2,Primary Consumer,14.644
2013,Forereef,LTER_4,2,Secondary Consumer,5.417
2013,Forereef,LTER_4,3,Piscivore_primarily,5.698
2013,Forereef,LTER_4,3,Planktivore,4.131
2013,Forereef,LTER_4,3,Primary Consumer,46.765
2013,Forereef,LTER_4,3,Secondary Consumer,4.655
2013,Forereef,LTER_4,4,Piscivore_primarily,3.291
2013,Forereef,LTER_4,4,Planktivore,1.509
2013,Forereef,LTER_4,4,Primary Consumer,39.623
2013,Forereef,LTER_4,4,Secondary Consumer,11.550
2013,Forereef,LTER_5,1,Piscivore_primarily,2.799
2013,Forereef,LTER_5,1,Planktivore,0.658
2013,Forereef,LTER_5,1,Primary Consumer,24.026
2013,Forereef,LTER_5,1,Secondary Consumer,7.823
2013,Forereef,LTER_5,2,Piscivore_primarily,14.083
2013,Forereef,LTER_5,2,Planktivore,1.058
2013,Forereef,LTER_5,2,Primary Consumer,25.214
2013,Forereef,LTER_5,2,Secondary Consumer,4.005
2013,Forereef,LTER_5,3,Piscivore_primarily,11.132
2013,Forereef,LTER_5,3,Planktivore,0.542
2013,Forereef,LTER_5,3,Primary Consumer,18.214
2013,Forereef,LTER_5,3,Secondary Consumer,5.711
2013,Forereef,LTER_5,4,Piscivore_primarily,34.174
2013,Forereef,LTER_5,4,Planktivore,1.365
2013,Forereef,LTER_5,4,Primary Consumer,37.161
2013,Forereef,LTER_5,4,Secondary Consumer,53.008
2013,Forereef,LTER_6,1,Piscivore_primarily,18.625
2013,Forereef,LTER_6,1,Planktivore,0.113
2013,Forereef,LTER_6,1,Primary Consumer,184.853
2013,Forereef,LTER_6,1,Secondary Consumer,10.776
2013,Forereef,LTER_6,2,Piscivore_primarily,2.010
2013,Forereef,LTER_6,2,Planktivore,1.078
2013,Forereef,LTER_6,2,Primary Consumer,33.174
2013,Forereef,LTER_6,2,Secondary Consumer,247.560
2013,Forereef,LTER_6,3,Piscivore_primarily,1.387
2013,Forereef,LTER_6,3,Planktivore,1.852
2013,Forereef,LTER_6,3,Primary Consumer,79.561
2013,Forereef,LTER_6,3,Secondary Consumer,8.915
2013,Forereef,LTER_6,4,Piscivore_primarily,6.718
2013,Forereef,LTER_6,4,Planktivore,3.032
2013,Forereef,LTER_6,4,Primary Consumer,22.159
2013,Forereef,LTER_6,4,Secondary Consumer,7.900
2013,Fringing,LTER_1,1,Piscivore_primarily,1.189
2013,Fringing,LTER_1,1,Planktivore,0.967
2013,Fringing,LTER_1,1,Primary Consumer,24.743
2013,Fringing,LTER_1,1,Secondary Consumer,28.228
2013,Fringing,LTER_1,2,Piscivore_primarily,211.942
2013,Fringing,LTER_1,2,Planktivore,1.562
2013,Fringing,LTER_1,2,Primary Consumer,17.294
2013,Fringing,LTER_1,2,Secondary Consumer,16.037
2013,Fringing,LTER_1,3,Piscivore_primarily,1.239
2013,Fringing,LTER_1,3,Planktivore,2.540
2013,Fringing,LTER_1,3,Primary Consumer,18.392
2013,Fringing,LTER_1,3,Secondary Consumer,3.573
2013,Fringing,LTER_1,4,Piscivore_primarily,0.936
2013,Fringing,LTER_1,4,Planktivore,1.608
2013,Fringing,LTER_1,4,Primary Consumer,12.796
2013,Fringing,LTER_1,4,Secondary Consumer,4.368
2013,Fringing,LTER_2,1,Piscivore_primarily,3.047
2013,Fringing,LTER_2,1,Planktivore,0.553
2013,Fringing,LTER_2,1,Primary Consumer,21.996
2013,Fringing,LTER_2,1,Secondary Consumer,17.514
2013,Fringing,LTER_2,2,Piscivore_primarily,0.523
2013,Fringing,LTER_2,2,Planktivore,0.883
2013,Fringing,LTER_2,2,Primary Consumer,11.671
2013,Fringing,LTER_2,2,Secondary Consumer,3.046
2013,Fringing,LTER_2,3,Piscivore_primarily,7.302
2013,Fringing,LTER_2,3,Planktivore,1.888
2013,Fringing,LTER_2,3,Primary Consumer,20.808
2013,Fringing,LTER_2,3,Secondary Consumer,18.304
2013,Fringing,LTER_2,4,Piscivore_primarily,2.908
2013,Fringing,LTER_2,4,Planktivore,2.499
2013,Fringing,LTER_2,4,Primary Consumer,36.414
2013,Fringing,LTER_2,4,Secondary Consumer,11.377
2013,Fringing,LTER_3,1,Piscivore_primarily,13.346
2013,Fringing,LTER_3,1,Planktivore,0.174
2013,Fringing,LTER_3,1,Primary Consumer,8.051
2013,Fringing,LTER_3,1,Secondary Consumer,24.031
2013,Fringing,LTER_3,2,Piscivore_primarily,1.043
2013,Fringing,LTER_3,2,Planktivore,1.429
2013,Fringing,LTER_3,2,Primary Consumer,12.717
2013,Fringing,LTER_3,2,Secondary Consumer,85.861
2013,Fringing,LTER_3,3,Piscivore_primarily,2.369
2013,Fringing,LTER_3,3,Planktivore,1.561
2013,Fringing,LTER_3,3,Primary Consumer,19.580
2013,Fringing,LTER_3,3,Secondary Consumer,7.668
2013,Fringing,LTER_3,4,Piscivore_primarily,0.134
2013,Fringing,LTER_3,4,Planktivore,2.441
2013,Fringing,LTER_3,4,Primary Consumer,12.042
2013,Fringing,LTER_3,4,Secondary Consumer,8.123
2013,Fringing,LTER_4,1,Piscivore_primarily,0.927
2013,Fringing,LTER_4,1,Planktivore,0.045
2013,Fringing,LTER_4,1,Primary Consumer,3.258
2013,Fringing,LTER_4,1,Secondary Consumer,121.489
2013,Fringing,LTER_4,2,Piscivore_primarily,0.179
2013,Fringing,LTER_4,2,Planktivore,0.682
2013,Fringing,LTER_4,2,Primary Consumer,5.718
2013,Fringing,LTER_4,2,Secondary Consumer,3.491
2013,Fringing,LTER_4,3,Piscivore_primarily,10.210
2013,Fringing,LTER_4,3,Planktivore,0.757
2013,Fringing,LTER_4,3,Primary Consumer,10.325
2013,Fringing,LTER_4,3,Secondary Consumer,6.735
2013,Fringing,LTER_4,4,Piscivore_primarily,5.341
2013,Fringing,LTER_4,4,Planktivore,0.242
2013,Fringing,LTER_4,4,Primary Consumer,4.209
2013,Fringing,LTER_4,4,Secondary Consumer,4.957
2013,Fringing,LTER_5,1,Piscivore_primarily,1.888
2013,Fringing,LTER_5,1,Planktivore,9.765
2013,Fringing,LTER_5,1,Primary Consumer,22.737
2013,Fringing,LTER_5,1,Secondary Consumer,13.255
2013,Fringing,LTER_5,2,Piscivore_primarily,1.002
2013,Fringing,LTER_5,2,Planktivore,1.541
2013,Fringing,LTER_5,2,Primary Consumer,8.032
2013,Fringing,LTER_5,2,Secondary Consumer,1.549
2013,Fringing,LTER_5,3,Piscivore_primarily,0.488
2013,Fringing,LTER_5,3,Planktivore,1.465
2013,Fringing,LTER_5,3,Primary Consumer,17.916
2013,Fringing,LTER_5,3,Secondary Consumer,3.881
2013,Fringing,LTER_5,4,Piscivore_primarily,7.651
2013,Fringing,LTER_5,4,Planktivore,11.703
2013,Fringing,LTER_5,4,Primary Consumer,17.982
2013,Fringing,LTER_5,4,Secondary Consumer,52.416
2013,Fringing,LTER_6,1,Piscivore_primarily,0.476
2013,Fringing,LTER_6,1,Planktivore,4.410
2013,Fringing,LTER_6,1,Primary Consumer,23.471
2013,Fringing,LTER_6,1,Secondary Consumer,29.873
2013,Fringing,LTER_6,2,Piscivore_primarily,0.094
2013,Fringing,LTER_6,2,Planktivore,5.478
2013,Fringing,LTER_6,2,Primary Consumer,12.909
2013,Fringing,LTER_6,2,Secondary Consumer,10.873
2013,Fringing,LTER_6,3,Piscivore_primarily,1.693
2013,Fringing,LTER_6,3,Planktivore,0.837
2013,Fringing,LTER_6,3,Primary Consumer,31.293
2013,Fringing,LTER_6,3,Secondary Consumer,21.682
2013,Fringing,LTER_6,4,Piscivore_primarily,0.521
2013,Fringing,LTER_6,4,Planktivore,1.660
2013,Fringing,LTER_6,4,Primary Consumer,11.297
2013,Fringing,LTER_6,4,Secondary Consumer,12.878
2014,Backreef,LTER_1,1,Piscivore_primarily,0.479
2014,Backreef,LTER_1,1,Planktivore,1.087
2014,Backreef,LTER_1,1,Primary Consumer,22.557
2014,Backreef,LTER_1,1,Secondary Consumer,8.178
2014,Backreef,LTER_1,2,Piscivore_primarily,0.088
2014,Backreef,LTER_1,2,Planktivore,0.018
2014,Backreef,LTER_1,2,Primary Consumer,30.211
2014,Backreef,LTER_1,2,Secondary Consumer,5.736
2014,Backreef,LTER_1,3,Piscivore_primarily,0.384
2014,Backreef,LTER_1,3,Planktivore,0.743
2014,Backreef,LTER_1,3,Primary Consumer,50.007
2014,Backreef,LTER_1,3,Secondary Consumer,6.734
2014,Backreef,LTER_1,4,Planktivore,1.160
2014,Backreef,LTER_1,4,Primary Consumer,21.815
2014,Backreef,LTER_1,4,Secondary Consumer,7.437
2014,Backreef,LTER_2,1,Piscivore_primarily,120.106
2014,Backreef,LTER_2,1,Planktivore,0.036
2014,Backreef,LTER_2,1,Primary Consumer,21.517
2014,Backreef,LTER_2,1,Secondary Consumer,10.940
2014,Backreef,LTER_2,2,Piscivore_primarily,2.437
2014,Backreef,LTER_2,2,Planktivore,0.104
2014,Backreef,LTER_2,2,Primary Consumer,54.775
2014,Backreef,LTER_2,2,Secondary Consumer,5.723
2014,Backreef,LTER_2,3,Piscivore_primarily,0.541
2014,Backreef,LTER_2,3,Planktivore,0.015
2014,Backreef,LTER_2,3,Primary Consumer,23.834
2014,Backreef,LTER_2,3,Secondary Consumer,4.110
2014,Backreef,LTER_2,4,Planktivore,0.036
2014,Backreef,LTER_2,4,Primary Consumer,14.400
2014,Backreef,LTER_2,4,Secondary Consumer,5.889
2014,Backreef,LTER_3,1,Piscivore_primarily,55.504
2014,Backreef,LTER_3,1,Planktivore,0.000
2014,Backreef,LTER_3,1,Primary Consumer,25.276
2014,Backreef,LTER_3,1,Secondary Consumer,11.886
2014,Backreef,LTER_3,2,Piscivore_primarily,0.011
2014,Backreef,LTER_3,2,Planktivore,0.361
2014,Backreef,LTER_3,2,Primary Consumer,38.134
2014,Backreef,LTER_3,2,Secondary Consumer,10.051
2014,Backreef,LTER_3,3,Primary Consumer,15.312
2014,Backreef,LTER_3,3,Secondary Consumer,1.674
2014,Backreef,LTER_3,4,Primary Consumer,26.359
2014,Backreef,LTER_3,4,Secondary Consumer,3.282
2014,Backreef,LTER_4,1,Piscivore_primarily,3.230
2014,Backreef,LTER_4,1,Primary Consumer,19.093
2014,Backreef,LTER_4,1,Secondary Consumer,19.284
2014,Backreef,LTER_4,2,Piscivore_primarily,0.137
2014,Backreef,LTER_4,2,Planktivore,0.115
2014,Backreef,LTER_4,2,Primary Consumer,12.348
2014,Backreef,LTER_4,2,Secondary Consumer,4.372
2014,Backreef,LTER_4,3,Piscivore_primarily,0.101
2014,Backreef,LTER_4,3,Planktivore,0.463
2014,Backreef,LTER_4,3,Primary Consumer,19.215
2014,Backreef,LTER_4,3,Secondary Consumer,5.821
2014,Backreef,LTER_4,4,Piscivore_primarily,3.884
2014,Backreef,LTER_4,4,Planktivore,0.083
2014,Backreef,LTER_4,4,Primary Consumer,25.814
2014,Backreef,LTER_4,4,Secondary Consumer,25.856
2014,Backreef,LTER_5,1,Piscivore_primarily,55.070
2014,Backreef,LTER_5,1,Planktivore,0.074
2014,Backreef,LTER_5,1,Primary Consumer,182.213
2014,Backreef,LTER_5,1,Secondary Consumer,17.482
2014,Backreef,LTER_5,2,Piscivore_primarily,0.478
2014,Backreef,LTER_5,2,Planktivore,0.389
2014,Backreef,LTER_5,2,Primary Consumer,41.825
2014,Backreef,LTER_5,2,Secondary Consumer,7.689
2014,Backreef,LTER_5,3,Piscivore_primarily,0.512
2014,Backreef,LTER_5,3,Planktivore,0.147
2014,Backreef,LTER_5,3,Primary Consumer,28.998
2014,Backreef,LTER_5,3,Secondary Consumer,4.675
2014,Backreef,LTER_5,4,Piscivore_primarily,4.004
2014,Backreef,LTER_5,4,Planktivore,0.001
2014,Backreef,LTER_5,4,Primary Consumer,19.207
2014,Backreef,LTER_5,4,Secondary Consumer,5.633
2014,Backreef,LTER_6,1,Piscivore_primarily,0.051
2014,Backreef,LTER_6,1,Planktivore,0.008
2014,Backreef,LTER_6,1,Primary Consumer,23.582
2014,Backreef,LTER_6,1,Secondary Consumer,13.268
2014,Backreef,LTER_6,2,Piscivore_primarily,0.761
2014,Backreef,LTER_6,2,Planktivore,4.252
2014,Backreef,LTER_6,2,Primary Consumer,76.897
2014,Backreef,LTER_6,2,Secondary Consumer,3.874
2014,Backreef,LTER_6,3,Piscivore_primarily,1.154
2014,Backreef,LTER_6,3,Planktivore,0.149
2014,Backreef,LTER_6,3,Primary Consumer,20.887
2014,Backreef,LTER_6,3,Secondary Consumer,9.715
2014,Backreef,LTER_6,4,Piscivore_primarily,0.692
2014,Backreef,LTER_6,4,Primary Consumer,24.202
2014,Backreef,LTER_6,4,Secondary Consumer,11.855
2014,Forereef,LTER_1,1,Piscivore_primarily,5.151
2014,Forereef,LTER_1,1,Planktivore,0.104
2014,Forereef,LTER_1,1,Primary Consumer,33.107
2014,Forereef,LTER_1,1,Secondary Consumer,11.609
2014,Forereef,LTER_1,2,Piscivore_primarily,3.187
2014,Forereef,LTER_1,2,Planktivore,4.595
2014,Forereef,LTER_1,2,Primary Consumer,23.970
2014,Forereef,LTER_1,2,Secondary Consumer,4.738
2014,Forereef,LTER_1,3,Piscivore_primarily,7.245
2014,Forereef,LTER_1,3,Planktivore,0.908
2014,Forereef,LTER_1,3,Primary Consumer,36.188
2014,Forereef,LTER_1,3,Secondary Consumer,5.155
2014,Forereef,LTER_1,4,Piscivore_primarily,24.746
2014,Forereef,LTER_1,4,Planktivore,1.615
2014,Forereef,LTER_1,4,Primary Consumer,19.960
2014,Forereef,LTER_1,4,Secondary Consumer,6.858
2014,Forereef,LTER_2,1,Piscivore_primarily,9.332
2014,Forereef,LTER_2,1,Planktivore,0.494
2014,Forereef,LTER_2,1,Primary Consumer,36.297
2014,Forereef,LTER_2,1,Secondary Consumer,7.240
2014,Forereef,LTER_2,2,Piscivore_primarily,13.590
2014,Forereef,LTER_2,2,Planktivore,1.267
2014,Forereef,LTER_2,2,Primary Consumer,49.751
2014,Forereef,LTER_2,2,Secondary Consumer,5.511
2014,Forereef,LTER_2,3,Piscivore_primarily,5.716
2014,Forereef,LTER_2,3,Planktivore,2.163
2014,Forereef,LTER_2,3,Primary Consumer,18.957
2014,Forereef,LTER_2,3,Secondary Consumer,4.379
2014,Forereef,LTER_2,4,Piscivore_primarily,7.510
2014,Forereef,LTER_2,4,Planktivore,20.740
2014,Forereef,LTER_2,4,Primary Consumer,50.164
2014,Forereef,LTER_2,4,Secondary Consumer,9.469
2014,Forereef,LTER_3,1,Piscivore_primarily,10.761
2014,Forereef,LTER_3,1,Planktivore,1.775
2014,Forereef,LTER_3,1,Primary Consumer,37.526
2014,Forereef,LTER_3,1,Secondary Consumer,13.519
2014,Forereef,LTER_3,2,Piscivore_primarily,241.967
2014,Forereef,LTER_3,2,Planktivore,4.404
2014,Forereef,LTER_3,2,Primary Consumer,24.559
2014,Forereef,LTER_3,2,Secondary Consumer,4.619
2014,Forereef,LTER_3,3,Piscivore_primarily,4.943
2014,Forereef,LTER_3,3,Planktivore,9.899
2014,Forereef,LTER_3,3,Primary Consumer,28.142
2014,Forereef,LTER_3,3,Secondary Consumer,5.981
2014,Forereef,LTER_3,4,Piscivore_primarily,4.790
2014,Forereef,LTER_3,4,Planktivore,11.601
2014,Forereef,LTER_3,4,Primary Consumer,32.234
2014,Forereef,LTER_3,4,Secondary Consumer,51.583
2014,Forereef,LTER_4,1,Piscivore_primarily,9.308
2014,Forereef,LTER_4,1,Planktivore,0.079
2014,Forereef,LTER_4,1,Primary Consumer,22.351
2014,Forereef,LTER_4,1,Secondary Consumer,4.463
2014,Forereef,LTER_4,2,Piscivore_primarily,3.122
2014,Forereef,LTER_4,2,Planktivore,3.752
2014,Forereef,LTER_4,2,Primary Consumer,21.986
2014,Forereef,LTER_4,2,Secondary Consumer,6.465
2014,Forereef,LTER_4,3,Piscivore_primarily,1.994
2014,Forereef,LTER_4,3,Planktivore,1.012
2014,Forereef,LTER_4,3,Primary Consumer,34.360
2014,Forereef,LTER_4,3,Secondary Consumer,5.190
2014,Forereef,LTER_4,4,Piscivore_primarily,19.925
2014,Forereef,LTER_4,4,Planktivore,4.239
2014,Forereef,LTER_4,4,Primary Consumer,33.775
2014,Forereef,LTER_4,4,Secondary Consumer,6.186
2014,Forereef,LTER_5,1,Piscivore_primarily,0.914
2014,Forereef,LTER_5,1,Planktivore,2.137
2014,Forereef,LTER_5,1,Primary Consumer,10.041
2014,Forereef,LTER_5,1,Secondary Consumer,4.071
2014,Forereef,LTER_5,2,Piscivore_primarily,0.431
2014,Forereef,LTER_5,2,Planktivore,9.379
2014,Forereef,LTER_5,2,Primary Consumer,12.948
2014,Forereef,LTER_5,2,Secondary Consumer,4.808
2014,Forereef,LTER_5,3,Piscivore_primarily,11.132
2014,Forereef,LTER_5,3,Planktivore,2.350
2014,Forereef,LTER_5,3,Primary Consumer,23.620
2014,Forereef,LTER_5,3,Secondary Consumer,5.776
2014,Forereef,LTER_5,4,Piscivore_primarily,87.374
2014,Forereef,LTER_5,4,Planktivore,3.195
2014,Forereef,LTER_5,4,Primary Consumer,30.170
2014,Forereef,LTER_5,4,Secondary Consumer,4.960
2014,Forereef,LTER_6,1,Piscivore_primarily,18.630
2014,Forereef,LTER_6,1,Planktivore,0.056
2014,Forereef,LTER_6,1,Primary Consumer,88.317
2014,Forereef,LTER_6,1,Secondary Consumer,17.435
2014,Forereef,LTER_6,2,Piscivore_primarily,5.933
2014,Forereef,LTER_6,2,Planktivore,0.708
2014,Forereef,LTER_6,2,Primary Consumer,28.942
2014,Forereef,LTER_6,2,Secondary Consumer,5.165
2014,Forereef,LTER_6,3,Piscivore_primarily,0.124
2014,Forereef,LTER_6,3,Planktivore,0.740
2014,Forereef,LTER_6,3,Primary Consumer,21.920
2014,Forereef,LTER_6,3,Secondary Consumer,4.858
2014,Forereef,LTER_6,4,Piscivore_primarily,1.164
2014,Forereef,LTER_6,4,Planktivore,5.108
2014,Forereef,LTER_6,4,Primary Consumer,40.918
2014,Forereef,LTER_6,4,Secondary Consumer,12.921
2014,Fringing,LTER_1,1,Piscivore_primarily,73.708
2014,Fringing,LTER_1,1,Planktivore,3.992
2014,Fringing,LTER_1,1,Primary Consumer,26.339
2014,Fringing,LTER_1,1,Secondary Consumer,23.775
2014,Fringing,LTER_1,2,Piscivore_primarily,7.446
2014,Fringing,LTER_1,2,Planktivore,6.465
2014,Fringing,LTER_1,2,Primary Consumer,55.145
2014,Fringing,LTER_1,2,Secondary Consumer,24.335
2014,Fringing,LTER_1,3,Piscivore_primarily,2.734
2014,Fringing,LTER_1,3,Planktivore,1.051
2014,Fringing,LTER_1,3,Primary Consumer,25.116
2014,Fringing,LTER_1,3,Secondary Consumer,17.244
2014,Fringing,LTER_1,4,Piscivore_primarily,4.095
2014,Fringing,LTER_1,4,Planktivore,0.814
2014,Fringing,LTER_1,4,Primary Consumer,12.082
2014,Fringing,LTER_1,4,Secondary Consumer,8.335
2014,Fringing,LTER_2,1,Piscivore_primarily,1.877
2014,Fringing,LTER_2,1,Planktivore,0.995
2014,Fringing,LTER_2,1,Primary Consumer,29.001
2014,Fringing,LTER_2,1,Secondary Consumer,15.186
2014,Fringing,LTER_2,2,Piscivore_primarily,0.804
2014,Fringing,LTER_2,2,Planktivore,1.110
2014,Fringing,LTER_2,2,Primary Consumer,36.823
2014,Fringing,LTER_2,2,Secondary Consumer,7.758
2014,Fringing,LTER_2,3,Piscivore_primarily,1.178
2014,Fringing,LTER_2,3,Planktivore,0.890
2014,Fringing,LTER_2,3,Primary Consumer,41.124
2014,Fringing,LTER_2,3,Secondary Consumer,22.070
2014,Fringing,LTER_2,4,Piscivore_primarily,6.132
2014,Fringing,LTER_2,4,Planktivore,0.886
2014,Fringing,LTER_2,4,Primary Consumer,45.397
2014,Fringing,LTER_2,4,Secondary Consumer,33.261
2014,Fringing,LTER_3,1,Piscivore_primarily,1.031
2014,Fringing,LTER_3,1,Planktivore,0.676
2014,Fringing,LTER_3,1,Primary Consumer,18.077
2014,Fringing,LTER_3,1,Secondary Consumer,280.846
2014,Fringing,LTER_3,2,Piscivore_primarily,0.285
2014,Fringing,LTER_3,2,Planktivore,2.867
2014,Fringing,LTER_3,2,Primary Consumer,21.829
2014,Fringing,LTER_3,2,Secondary Consumer,103.856
2014,Fringing,LTER_3,3,Piscivore_primarily,1.783
2014,Fringing,LTER_3,3,Planktivore,1.669
2014,Fringing,LTER_3,3,Primary Consumer,36.047
2014,Fringing,LTER_3,3,Secondary Consumer,10.805
2014,Fringing,LTER_3,4,Piscivore_primarily,1.454
2014,Fringing,LTER_3,4,Planktivore,3.899
2014,Fringing,LTER_3,4,Primary Consumer,23.965
2014,Fringing,LTER_3,4,Secondary Consumer,13.515
2014,Fringing,LTER_4,1,Piscivore_primarily,0.002
2014,Fringing,LTER_4,1,Planktivore,0.142
2014,Fringing,LTER_4,1,Primary Consumer,9.745
2014,Fringing,LTER_4,1,Secondary Consumer,52.998
2014,Fringing,LTER_4,2,Piscivore_primarily,0.344
2014,Fringing,LTER_4,2,Planktivore,0.624
2014,Fringing,LTER_4,2,Primary Consumer,10.937
2014,Fringing,LTER_4,2,Secondary Consumer,5.488
2014,Fringing,LTER_4,3,Piscivore_primarily,2.080
2014,Fringing,LTER_4,3,Planktivore,0.097
2014,Fringing,LTER_4,3,Primary Consumer,14.217
2014,Fringing,LTER_4,3,Secondary Consumer,11.624
2014,Fringing,LTER_4,4,Piscivore_primarily,4.377
2014,Fringing,LTER_4,4,Planktivore,1.049
2014,Fringing,LTER_4,4,Primary Consumer,16.755
2014,Fringing,LTER_4,4,Secondary Consumer,12.754
2014,Fringing,LTER_5,1,Piscivore_primarily,3.426
2014,Fringing,LTER_5,1,Planktivore,13.288
2014,Fringing,LTER_5,1,Primary Consumer,10.064
2014,Fringing,LTER_5,1,Secondary Consumer,6.578
2014,Fringing,LTER_5,2,Piscivore_primarily,2.198
2014,Fringing,LTER_5,2,Planktivore,0.274
2014,Fringing,LTER_5,2,Primary Consumer,19.326
2014,Fringing,LTER_5,2,Secondary Consumer,5.391
2014,Fringing,LTER_5,3,Piscivore_primarily,1.476
2014,Fringing,LTER_5,3,Planktivore,2.064
2014,Fringing,LTER_5,3,Primary Consumer,20.053
2014,Fringing,LTER_5,3,Secondary Consumer,10.426
2014,Fringing,LTER_5,4,Piscivore_primarily,129.886
2014,Fringing,LTER_5,4,Planktivore,9.715
2014,Fringing,LTER_5,4,Primary Consumer,24.831
2014,Fringing,LTER_5,4,Secondary Consumer,86.690
2014,Fringing,LTER_6,1,Piscivore_primarily,1.172
2014,Fringing,LTER_6,1,Planktivore,7.255
2014,Fringing,LTER_6,1,Primary Consumer,12.614
2014,Fringing,LTER_6,1,Secondary Consumer,17.906
2014,Fringing,LTER_6,2,Piscivore_primarily,8.336
2014,Fringing,LTER_6,2,Planktivore,41.075
2014,Fringing,LTER_6,2,Primary Consumer,28.102
2014,Fringing,LTER_6,2,Secondary Consumer,44.940
2014,Fringing,LTER_6,3,Piscivore_primarily,0.762
2014,Fringing,LTER_6,3,Planktivore,1.754
2014,Fringing,LTER_6,3,Primary Consumer,21.509
2014,Fringing,LTER_6,3,Secondary Consumer,8.940
2014,Fringing,LTER_6,4,Piscivore_primarily,0.400
2014,Fringing,LTER_6,4,Planktivore,1.982
2014,Fringing,LTER_6,4,Primary Consumer,18.924
2014,Fringing,LTER_6,4,Secondary Consumer,28.323
2015,Backreef,LTER_1,1,Piscivore_primarily,119.954
2015,Backreef,LTER_1,1,Planktivore,0.511
2015,Backreef,LTER_1,1,Primary Consumer,21.279
2015,Backreef,LTER_1,1,Secondary Consumer,7.461
2015,Backreef,LTER_1,2,Piscivore_primarily,0.560
2015,Backreef,LTER_1,2,Planktivore,0.033
2015,Backreef,LTER_1,2,Primary Consumer,50.061
2015,Backreef,LTER_1,2,Secondary Consumer,6.344
2015,Backreef,LTER_1,3,Piscivore_primarily,0.471
2015,Backreef,LTER_1,3,Planktivore,0.914
2015,Backreef,LTER_1,3,Primary Consumer,38.078
2015,Backreef,LTER_1,3,Secondary Consumer,3.336
2015,Backreef,LTER_1,4,Piscivore_primarily,76.784
2015,Backreef,LTER_1,4,Planktivore,0.375
2015,Backreef,LTER_1,4,Primary Consumer,12.442
2015,Backreef,LTER_1,4,Secondary Consumer,3.089
2015,Backreef,LTER_2,1,Piscivore_primarily,0.462
2015,Backreef,LTER_2,1,Primary Consumer,24.769
2015,Backreef,LTER_2,1,Secondary Consumer,10.256
2015,Backreef,LTER_2,2,Piscivore_primarily,0.274
2015,Backreef,LTER_2,2,Planktivore,0.095
2015,Backreef,LTER_2,2,Primary Consumer,56.386
2015,Backreef,LTER_2,2,Secondary Consumer,7.240
2015,Backreef,LTER_2,3,Piscivore_primarily,0.194
2015,Backreef,LTER_2,3,Primary Consumer,20.119
2015,Backreef,LTER_2,3,Secondary Consumer,2.855
2015,Backreef,LTER_2,4,Piscivore_primarily,30.818
2015,Backreef,LTER_2,4,Primary Consumer,5.893
2015,Backreef,LTER_2,4,Secondary Consumer,3.555
2015,Backreef,LTER_3,1,Piscivore_primarily,0.680
2015,Backreef,LTER_3,1,Primary Consumer,30.686
2015,Backreef,LTER_3,1,Secondary Consumer,20.389
2015,Backreef,LTER_3,2,Piscivore_primarily,0.331
2015,Backreef,LTER_3,2,Planktivore,0.325
2015,Backreef,LTER_3,2,Primary Consumer,61.091
2015,Backreef,LTER_3,2,Secondary Consumer,12.984
2015,Backreef,LTER_3,3,Piscivore_primarily,0.413
2015,Backreef,LTER_3,3,Primary Consumer,15.603
2015,Backreef,LTER_3,3,Secondary Consumer,4.584
2015,Backreef,LTER_3,4,Primary Consumer,6.148
2015,Backreef,LTER_3,4,Secondary Consumer,3.755
2015,Backreef,LTER_4,1,Piscivore_primarily,0.926
2015,Backreef,LTER_4,1,Planktivore,0.228
2015,Backreef,LTER_4,1,Primary Consumer,56.068
2015,Backreef,LTER_4,1,Secondary Consumer,27.832
2015,Backreef,LTER_4,2,Piscivore_primarily,0.656
2015,Backreef,LTER_4,2,Primary Consumer,54.311
2015,Backreef,LTER_4,2,Secondary Consumer,9.756
2015,Backreef,LTER_4,3,Piscivore_primarily,2.566
2015,Backreef,LTER_4,3,Planktivore,0.002
2015,Backreef,LTER_4,3,Primary Consumer,19.645
2015,Backreef,LTER_4,3,Secondary Consumer,10.403
2015,Backreef,LTER_4,4,Piscivore_primarily,0.624
2015,Backreef,LTER_4,4,Primary Consumer,14.233
2015,Backreef,LTER_4,4,Secondary Consumer,13.565
2015,Backreef,LTER_5,1,Piscivore_primarily,1.304
2015,Backreef,LTER_5,1,Planktivore,1.965
2015,Backreef,LTER_5,1,Primary Consumer,97.628
2015,Backreef,LTER_5,1,Secondary Consumer,18.724
2015,Backreef,LTER_5,2,Piscivore_primarily,0.323
2015,Backreef,LTER_5,2,Planktivore,0.003
2015,Backreef,LTER_5,2,Primary Consumer,45.494
2015,Backreef,LTER_5,2,Secondary Consumer,5.064
2015,Backreef,LTER_5,3,Piscivore_primarily,480.774
2015,Backreef,LTER_5,3,Planktivore,0.411
2015,Backreef,LTER_5,3,Primary Consumer,35.029
2015,Backreef,LTER_5,3,Secondary Consumer,9.528
2015,Backreef,LTER_5,4,Piscivore_primarily,0.413
2015,Backreef,LTER_5,4,Planktivore,0.004
2015,Backreef,LTER_5,4,Primary Consumer,29.393
2015,Backreef,LTER_5,4,Secondary Consumer,6.038
2015,Backreef,LTER_6,1,Piscivore_primarily,0.914
2015,Backreef,LTER_6,1,Planktivore,0.027
2015,Backreef,LTER_6,1,Primary Consumer,69.930
2015,Backreef,LTER_6,1,Secondary Consumer,11.929
2015,Backreef,LTER_6,2,Piscivore_primarily,0.201
2015,Backreef,LTER_6,2,Planktivore,1.307
2015,Backreef,LTER_6,2,Primary Consumer,73.066
2015,Backreef,LTER_6,2,Secondary Consumer,5.696
2015,Backreef,LTER_6,3,Piscivore_primarily,0.505
2015,Backreef,LTER_6,3,Primary Consumer,30.452
2015,Backreef,LTER_6,3,Secondary Consumer,9.940
2015,Backreef,LTER_6,4,Piscivore_primarily,0.572
2015,Backreef,LTER_6,4,Primary Consumer,20.927
2015,Backreef,LTER_6,4,Secondary Consumer,8.499
2015,Forereef,LTER_1,1,Piscivore_primarily,13.184
2015,Forereef,LTER_1,1,Planktivore,0.403
2015,Forereef,LTER_1,1,Primary Consumer,54.329
2015,Forereef,LTER_1,1,Secondary Consumer,6.896
2015,Forereef,LTER_1,2,Piscivore_primarily,3.926
2015,Forereef,LTER_1,2,Planktivore,1.740
2015,Forereef,LTER_1,2,Primary Consumer,40.383
2015,Forereef,LTER_1,2,Secondary Consumer,6.532
2015,Forereef,LTER_1,3,Piscivore_primarily,1.386
2015,Forereef,LTER_1,3,Planktivore,0.420
2015,Forereef,LTER_1,3,Primary Consumer,10.071
2015,Forereef,LTER_1,3,Secondary Consumer,9.505
2015,Forereef,LTER_1,4,Piscivore_primarily,4.407
2015,Forereef,LTER_1,4,Planktivore,12.493
2015,Forereef,LTER_1,4,Primary Consumer,25.890
2015,Forereef,LTER_1,4,Secondary Consumer,6.846
2015,Forereef,LTER_2,1,Piscivore_primarily,10.408
2015,Forereef,LTER_2,1,Planktivore,19.088
2015,Forereef,LTER_2,1,Primary Consumer,54.730
2015,Forereef,LTER_2,1,Secondary Consumer,6.257
2015,Forereef,LTER_2,2,Piscivore_primarily,10.897
2015,Forereef,LTER_2,2,Planktivore,12.505
2015,Forereef,LTER_2,2,Primary Consumer,38.219
2015,Forereef,LTER_2,2,Secondary Consumer,7.875
2015,Forereef,LTER_2,3,Piscivore_primarily,3.718
2015,Forereef,LTER_2,3,Planktivore,7.647
2015,Forereef,LTER_2,3,Primary Consumer,26.939
2015,Forereef,LTER_2,3,Secondary Consumer,6.426
2015,Forereef,LTER_2,4,Piscivore_primarily,3.600
2015,Forereef,LTER_2,4,Planktivore,16.303
2015,Forereef,LTER_2,4,Primary Consumer,35.594
2015,Forereef,LTER_2,4,Secondary Consumer,5.353
2015,Forereef,LTER_3,1,Piscivore_primarily,11.538
2015,Forereef,LTER_3,1,Planktivore,0.039
2015,Forereef,LTER_3,1,Primary Consumer,48.855
2015,Forereef,LTER_3,1,Secondary Consumer,9.012
2015,Forereef,LTER_3,2,Piscivore_primarily,3.727
2015,Forereef,LTER_3,2,Planktivore,1.510
2015,Forereef,LTER_3,2,Primary Consumer,63.582
2015,Forereef,LTER_3,2,Secondary Consumer,7.503
2015,Forereef,LTER_3,3,Piscivore_primarily,12.056
2015,Forereef,LTER_3,3,Planktivore,0.294
2015,Forereef,LTER_3,3,Primary Consumer,26.098
2015,Forereef,LTER_3,3,Secondary Consumer,8.146
2015,Forereef,LTER_3,4,Piscivore_primarily,4.722
2015,Forereef,LTER_3,4,Planktivore,2.020
2015,Forereef,LTER_3,4,Primary Consumer,21.972
2015,Forereef,LTER_3,4,Secondary Consumer,3.883
2015,Forereef,LTER_4,1,Piscivore_primarily,1.633
2015,Forereef,LTER_4,1,Planktivore,1.794
2015,Forereef,LTER_4,1,Primary Consumer,26.905
2015,Forereef,LTER_4,1,Secondary Consumer,11.707
2015,Forereef,LTER_4,2,Piscivore_primarily,24.596
2015,Forereef,LTER_4,2,Planktivore,1.381
2015,Forereef,LTER_4,2,Primary Consumer,26.856
2015,Forereef,LTER_4,2,Secondary Consumer,8.514
2015,Forereef,LTER_4,3,Piscivore_primarily,4.179
2015,Forereef,LTER_4,3,Planktivore,0.162
2015,Forereef,LTER_4,3,Primary Consumer,21.540
2015,Forereef,LTER_4,3,Secondary Consumer,4.718
2015,Forereef,LTER_4,4,Piscivore_primarily,0.746
2015,Forereef,LTER_4,4,Planktivore,1.009
2015,Forereef,LTER_4,4,Primary Consumer,17.754
2015,Forereef,LTER_4,4,Secondary Consumer,8.603
2015,Forereef,LTER_5,1,Piscivore_primarily,3.067
2015,Forereef,LTER_5,1,Planktivore,12.262
2015,Forereef,LTER_5,1,Primary Consumer,19.477
2015,Forereef,LTER_5,1,Secondary Consumer,11.152
2015,Forereef,LTER_5,2,Piscivore_primarily,0.610
2015,Forereef,LTER_5,2,Planktivore,4.925
2015,Forereef,LTER_5,2,Primary Consumer,17.034
2015,Forereef,LTER_5,2,Secondary Consumer,5.305
2015,Forereef,LTER_5,3,Piscivore_primarily,3.193
2015,Forereef,LTER_5,3,Planktivore,1.159
2015,Forereef,LTER_5,3,Primary Consumer,6.947
2015,Forereef,LTER_5,3,Secondary Consumer,14.016
2015,Forereef,LTER_5,4,Piscivore_primarily,7.556
2015,Forereef,LTER_5,4,Planktivore,7.821
2015,Forereef,LTER_5,4,Primary Consumer,18.050
2015,Forereef,LTER_5,4,Secondary Consumer,2.689
2015,Forereef,LTER_6,1,Piscivore_primarily,1.782
2015,Forereef,LTER_6,1,Planktivore,0.612
2015,Forereef,LTER_6,1,Primary Consumer,65.158
2015,Forereef,LTER_6,1,Secondary Consumer,9.080
2015,Forereef,LTER_6,2,Piscivore_primarily,11.607
2015,Forereef,LTER_6,2,Planktivore,0.648
2015,Forereef,LTER_6,2,Primary Consumer,49.540
2015,Forereef,LTER_6,2,Secondary Consumer,18.180
2015,Forereef,LTER_6,3,Piscivore_primarily,3.119
2015,Forereef,LTER_6,3,Planktivore,1.952
2015,Forereef,LTER_6,3,Primary Consumer,10.486
2015,Forereef,LTER_6,3,Secondary Consumer,8.711
2015,Forereef,LTER_6,4,Piscivore_primarily,8.389
2015,Forereef,LTER_6,4,Planktivore,2.094
2015,Forereef,LTER_6,4,Primary Consumer,34.478
2015,Forereef,LTER_6,4,Secondary Consumer,29.388
2015,Fringing,LTER_1,1,Piscivore_primarily,10.773
2015,Fringing,LTER_1,1,Planktivore,2.185
2015,Fringing,LTER_1,1,Primary Consumer,29.777
2015,Fringing,LTER_1,1,Secondary Consumer,20.330
2015,Fringing,LTER_1,2,Piscivore_primarily,4.649
2015,Fringing,LTER_1,2,Planktivore,2.257
2015,Fringing,LTER_1,2,Primary Consumer,41.639
2015,Fringing,LTER_1,2,Secondary Consumer,40.411
2015,Fringing,LTER_1,3,Piscivore_primarily,5.670
2015,Fringing,LTER_1,3,Planktivore,0.134
2015,Fringing,LTER_1,3,Primary Consumer,20.178
2015,Fringing,LTER_1,3,Secondary Consumer,11.445
2015,Fringing,LTER_1,4,Piscivore_primarily,0.118
2015,Fringing,LTER_1,4,Planktivore,0.708
2015,Fringing,LTER_1,4,Primary Consumer,4.260
2015,Fringing,LTER_1,4,Secondary Consumer,2.573
2015,Fringing,LTER_2,1,Piscivore_primarily,3.039
2015,Fringing,LTER_2,1,Planktivore,0.478
2015,Fringing,LTER_2,1,Primary Consumer,39.538
2015,Fringing,LTER_2,1,Secondary Consumer,5.145
2015,Fringing,LTER_2,2,Piscivore_primarily,1.458
2015,Fringing,LTER_2,2,Planktivore,1.364
2015,Fringing,LTER_2,2,Primary Consumer,18.744
2015,Fringing,LTER_2,2,Secondary Consumer,9.997
2015,Fringing,LTER_2,3,Piscivore_primarily,1.175
2015,Fringing,LTER_2,3,Planktivore,0.399
2015,Fringing,LTER_2,3,Primary Consumer,31.962
2015,Fringing,LTER_2,3,Secondary Consumer,32.090
2015,Fringing,LTER_2,4,Piscivore_primarily,1.559
2015,Fringing,LTER_2,4,Planktivore,1.014
2015,Fringing,LTER_2,4,Primary Consumer,40.562
2015,Fringing,LTER_2,4,Secondary Consumer,16.658
2015,Fringing,LTER_3,1,Piscivore_primarily,0.413
2015,Fringing,LTER_3,1,Planktivore,0.917
2015,Fringing,LTER_3,1,Primary Consumer,19.147
2015,Fringing,LTER_3,1,Secondary Consumer,58.102
2015,Fringing,LTER_3,2,Piscivore_primarily,1.317
2015,Fringing,LTER_3,2,Planktivore,0.688
2015,Fringing,LTER_3,2,Primary Consumer,27.172
2015,Fringing,LTER_3,2,Secondary Consumer,26.015
2015,Fringing,LTER_3,3,Piscivore_primarily,5.976
2015,Fringing,LTER_3,3,Planktivore,2.989
2015,Fringing,LTER_3,3,Primary Consumer,42.196
2015,Fringing,LTER_3,3,Secondary Consumer,15.058
2015,Fringing,LTER_3,4,Piscivore_primarily,0.190
2015,Fringing,LTER_3,4,Planktivore,0.776
2015,Fringing,LTER_3,4,Primary Consumer,10.080
2015,Fringing,LTER_3,4,Secondary Consumer,5.720
2015,Fringing,LTER_4,1,Piscivore_primarily,0.265
2015,Fringing,LTER_4,1,Planktivore,0.099
2015,Fringing,LTER_4,1,Primary Consumer,26.780
2015,Fringing,LTER_4,1,Secondary Consumer,20.830
2015,Fringing,LTER_4,2,Piscivore_primarily,1.051
2015,Fringing,LTER_4,2,Planktivore,0.711
2015,Fringing,LTER_4,2,Primary Consumer,24.761
2015,Fringing,LTER_4,2,Secondary Consumer,7.727
2015,Fringing,LTER_4,3,Piscivore_primarily,0.392
2015,Fringing,LTER_4,3,Planktivore,0.689
2015,Fringing,LTER_4,3,Primary Consumer,29.540
2015,Fringing,LTER_4,3,Secondary Consumer,24.899
2015,Fringing,LTER_4,4,Piscivore_primarily,2.886
2015,Fringing,LTER_4,4,Planktivore,0.649
2015,Fringing,LTER_4,4,Primary Consumer,6.787
2015,Fringing,LTER_4,4,Secondary Consumer,6.626
2015,Fringing,LTER_5,1,Piscivore_primarily,2.462
2015,Fringing,LTER_5,1,Planktivore,24.839
2015,Fringing,LTER_5,1,Primary Consumer,17.761
2015,Fringing,LTER_5,1,Secondary Consumer,22.733
2015,Fringing,LTER_5,2,Piscivore_primarily,0.862
2015,Fringing,LTER_5,2,Planktivore,2.889
2015,Fringing,LTER_5,2,Primary Consumer,21.403
2015,Fringing,LTER_5,2,Secondary Consumer,4.927
2015,Fringing,LTER_5,3,Piscivore_primarily,1.490
2015,Fringing,LTER_5,3,Planktivore,0.451
2015,Fringing,LTER_5,3,Primary Consumer,23.323
2015,Fringing,LTER_5,3,Secondary Consumer,18.396
2015,Fringing,LTER_5,4,Piscivore_primarily,32.975
2015,Fringing,LTER_5,4,Planktivore,3.595
2015,Fringing,LTER_5,4,Primary Consumer,120.753
2015,Fringing,LTER_5,4,Secondary Consumer,58.666
2015,Fringing,LTER_6,1,Piscivore_primarily,4.072
2015,Fringing,LTER_6,1,Planktivore,1.225
2015,Fringing,LTER_6,1,Primary Consumer,41.248
2015,Fringing,LTER_6,1,Secondary Consumer,49.843
2015,Fringing,LTER_6,2,Piscivore_primarily,0.473
2015,Fringing,LTER_6,2,Planktivore,17.816
2015,Fringing,LTER_6,2,Primary Consumer,9.534
2015,Fringing,LTER_6,2,Secondary Consumer,24.544
2015,Fringing,LTER_6,3,Piscivore_primarily,1.636
2015,Fringing,LTER_6,3,Planktivore,0.610
2015,Fringing,LTER_6,3,Primary Consumer,24.381
2015,Fringing,LTER_6,3,Secondary Consumer,33.010
2015,Fringing,LTER_6,4,Piscivore_primarily,1.670
2015,Fringing,LTER_6,4,Planktivore,0.680
2015,Fringing,LTER_6,4,Primary Consumer,14.801
2015,Fringing,LTER_6,4,Secondary Consumer,15.538
2016,Backreef,LTER_1,1,Piscivore_primarily,0.375
2016,Backreef,LTER_1,1,Planktivore,0.535
2016,Backreef,LTER_1,1,Primary Consumer,31.757
2016,Backreef,LTER_1,1,Secondary Consumer,10.343
2016,Backreef,LTER_1,2,Piscivore_primarily,0.930
2016,Backreef,LTER_1,2,Planktivore,0.072
2016,Backreef,LTER_1,2,Primary Consumer,92.299
2016,Backreef,LTER_1,2,Secondary Consumer,5.443
2016,Backreef,LTER_1,3,Piscivore_primarily,0.354
2016,Backreef,LTER_1,3,Planktivore,0.290
2016,Backreef,LTER_1,3,Primary Consumer,22.731
2016,Backreef,LTER_1,3,Secondary Consumer,1.740
2016,Backreef,LTER_1,4,Piscivore_primarily,0.400
2016,Backreef,LTER_1,4,Planktivore,0.122
2016,Backreef,LTER_1,4,Primary Consumer,16.279
2016,Backreef,LTER_1,4,Secondary Consumer,4.802
2016,Backreef,LTER_2,1,Piscivore_primarily,0.532
2016,Backreef,LTER_2,1,Planktivore,0.010
2016,Backreef,LTER_2,1,Primary Consumer,20.712
2016,Backreef,LTER_2,1,Secondary Consumer,6.439
2016,Backreef,LTER_2,2,Piscivore_primarily,0.308
2016,Backreef,LTER_2,2,Planktivore,0.029
2016,Backreef,LTER_2,2,Primary Consumer,81.914
2016,Backreef,LTER_2,2,Secondary Consumer,5.999
2016,Backreef,LTER_2,3,Primary Consumer,33.643
2016,Backreef,LTER_2,3,Secondary Consumer,2.208
2016,Backreef,LTER_2,4,Primary Consumer,6.562
2016,Backreef,LTER_2,4,Secondary Consumer,1.258
2016,Backreef,LTER_3,1,Piscivore_primarily,154.445
2016,Backreef,LTER_3,1,Primary Consumer,36.691
2016,Backreef,LTER_3,1,Secondary Consumer,11.871
2016,Backreef,LTER_3,2,Piscivore_primarily,150.809
2016,Backreef,LTER_3,2,Planktivore,0.139
2016,Backreef,LTER_3,2,Primary Consumer,46.197
2016,Backreef,LTER_3,2,Secondary Consumer,4.434
2016,Backreef,LTER_3,3,Piscivore_primarily,0.236
2016,Backreef,LTER_3,3,Primary Consumer,11.807
2016,Backreef,LTER_3,3,Secondary Consumer,1.532
2016,Backreef,LTER_3,4,Primary Consumer,10.019
2016,Backreef,LTER_3,4,Secondary Consumer,2.120
2016,Backreef,LTER_4,1,Piscivore_primarily,0.770
2016,Backreef,LTER_4,1,Planktivore,0.114
2016,Backreef,LTER_4,1,Primary Consumer,44.223
2016,Backreef,LTER_4,1,Secondary Consumer,93.599
2016,Backreef,LTER_4,2,Piscivore_primarily,0.121
2016,Backreef,LTER_4,2,Planktivore,0.133
2016,Backreef,LTER_4,2,Primary Consumer,15.209
2016,Backreef,LTER_4,2,Secondary Consumer,7.052
2016,Backreef,LTER_4,3,Piscivore_primarily,0.333
2016,Backreef,LTER_4,3,Planktivore,0.015
2016,Backreef,LTER_4,3,Primary Consumer,9.144
2016,Backreef,LTER_4,3,Secondary Consumer,2.360
2016,Backreef,LTER_4,4,Planktivore,0.557
2016,Backreef,LTER_4,4,Primary Consumer,21.918
2016,Backreef,LTER_4,4,Secondary Consumer,6.012
2016,Backreef,LTER_5,1,Piscivore_primarily,120.433
2016,Backreef,LTER_5,1,Planktivore,0.023
2016,Backreef,LTER_5,1,Primary Consumer,59.429
2016,Backreef,LTER_5,1,Secondary Consumer,7.563
2016,Backreef,LTER_5,2,Piscivore_primarily,0.575
2016,Backreef,LTER_5,2,Planktivore,0.134
2016,Backreef,LTER_5,2,Primary Consumer,60.157
2016,Backreef,LTER_5,2,Secondary Consumer,5.790
2016,Backreef,LTER_5,3,Primary Consumer,15.998
2016,Backreef,LTER_5,3,Secondary Consumer,2.544
2016,Backreef,LTER_5,4,Piscivore_primarily,0.178
2016,Backreef,LTER_5,4,Primary Consumer,8.263
2016,Backreef,LTER_5,4,Secondary Consumer,4.053
2016,Backreef,LTER_6,1,Piscivore_primarily,1.208
2016,Backreef,LTER_6,1,Planktivore,0.027
2016,Backreef,LTER_6,1,Primary Consumer,24.552
2016,Backreef,LTER_6,1,Secondary Consumer,7.935
2016,Backreef,LTER_6,2,Planktivore,0.523
2016,Backreef,LTER_6,2,Primary Consumer,64.700
2016,Backreef,LTER_6,2,Secondary Consumer,4.118
2016,Backreef,LTER_6,3,Piscivore_primarily,0.842
2016,Backreef,LTER_6,3,Planktivore,1.052
2016,Backreef,LTER_6,3,Primary Consumer,18.043
2016,Backreef,LTER_6,3,Secondary Consumer,3.467
2016,Backreef,LTER_6,4,Piscivore_primarily,0.303
2016,Backreef,LTER_6,4,Primary Consumer,19.922
2016,Backreef,LTER_6,4,Secondary Consumer,5.339
2016,Forereef,LTER_1,1,Piscivore_primarily,4.079
2016,Forereef,LTER_1,1,Planktivore,0.392
2016,Forereef,LTER_1,1,Primary Consumer,12.658
2016,Forereef,LTER_1,1,Secondary Consumer,6.167
2016,Forereef,LTER_1,2,Piscivore_primarily,245.881
2016,Forereef,LTER_1,2,Planktivore,19.940
2016,Forereef,LTER_1,2,Primary Consumer,14.245
2016,Forereef,LTER_1,2,Secondary Consumer,11.644
2016,Forereef,LTER_1,3,Piscivore_primarily,42.538
2016,Forereef,LTER_1,3,Planktivore,7.537
2016,Forereef,LTER_1,3,Primary Consumer,17.382
2016,Forereef,LTER_1,3,Secondary Consumer,7.610
2016,Forereef,LTER_1,4,Piscivore_primarily,4.245
2016,Forereef,LTER_1,4,Planktivore,0.847
2016,Forereef,LTER_1,4,Primary Consumer,52.360
2016,Forereef,LTER_1,4,Secondary Consumer,15.805
2016,Forereef,LTER_2,1,Piscivore_primarily,2.158
2016,Forereef,LTER_2,1,Planktivore,1.604
2016,Forereef,LTER_2,1,Primary Consumer,13.558
2016,Forereef,LTER_2,1,Secondary Consumer,9.567
2016,Forereef,LTER_2,2,Piscivore_primarily,190.126
2016,Forereef,LTER_2,2,Planktivore,2.966
2016,Forereef,LTER_2,2,Primary Consumer,12.736
2016,Forereef,LTER_2,2,Secondary Consumer,5.399
2016,Forereef,LTER_2,3,Piscivore_primarily,3.590
2016,Forereef,LTER_2,3,Planktivore,8.093
2016,Forereef,LTER_2,3,Primary Consumer,15.747
2016,Forereef,LTER_2,3,Secondary Consumer,6.008
2016,Forereef,LTER_2,4,Piscivore_primarily,1.340
2016,Forereef,LTER_2,4,Planktivore,1.041
2016,Forereef,LTER_2,4,Primary Consumer,30.748
2016,Forereef,LTER_2,4,Secondary Consumer,8.806
2016,Forereef,LTER_3,1,Piscivore_primarily,5.526
2016,Forereef,LTER_3,1,Planktivore,0.108
2016,Forereef,LTER_3,1,Primary Consumer,12.350
2016,Forereef,LTER_3,1,Secondary Consumer,8.208
2016,Forereef,LTER_3,2,Piscivore_primarily,5.194
2016,Forereef,LTER_3,2,Planktivore,4.175
2016,Forereef,LTER_3,2,Primary Consumer,33.836
2016,Forereef,LTER_3,2,Secondary Consumer,6.194
2016,Forereef,LTER_3,3,Piscivore_primarily,3.065
2016,Forereef,LTER_3,3,Planktivore,1.407
2016,Forereef,LTER_3,3,Primary Consumer,24.332
2016,Forereef,LTER_3,3,Secondary Consumer,3.136
2016,Forereef,LTER_3,4,Piscivore_primarily,7.639
2016,Forereef,LTER_3,4,Planktivore,5.787
2016,Forereef,LTER_3,4,Primary Consumer,26.678
2016,Forereef,LTER_3,4,Secondary Consumer,13.161
2016,Forereef,LTER_4,1,Piscivore_primarily,13.109
2016,Forereef,LTER_4,1,Planktivore,2.748
2016,Forereef,LTER_4,1,Primary Consumer,9.652
2016,Forereef,LTER_4,1,Secondary Consumer,5.732
2016,Forereef,LTER_4,2,Piscivore_primarily,1.079
2016,Forereef,LTER_4,2,Planktivore,0.480
2016,Forereef,LTER_4,2,Primary Consumer,13.329
2016,Forereef,LTER_4,2,Secondary Consumer,5.100
2016,Forereef,LTER_4,3,Piscivore_primarily,2.606
2016,Forereef,LTER_4,3,Planktivore,1.646
2016,Forereef,LTER_4,3,Primary Consumer,25.532
2016,Forereef,LTER_4,3,Secondary Consumer,13.002
2016,Forereef,LTER_4,4,Piscivore_primarily,5.107
2016,Forereef,LTER_4,4,Planktivore,4.349
2016,Forereef,LTER_4,4,Primary Consumer,13.316
2016,Forereef,LTER_4,4,Secondary Consumer,8.676
2016,Forereef,LTER_5,1,Piscivore_primarily,3.246
2016,Forereef,LTER_5,1,Planktivore,1.185
2016,Forereef,LTER_5,1,Primary Consumer,12.591
2016,Forereef,LTER_5,1,Secondary Consumer,5.533
2016,Forereef,LTER_5,2,Piscivore_primarily,4.825
2016,Forereef,LTER_5,2,Planktivore,3.214
2016,Forereef,LTER_5,2,Primary Consumer,19.228
2016,Forereef,LTER_5,2,Secondary Consumer,6.663
2016,Forereef,LTER_5,3,Piscivore_primarily,23.733
2016,Forereef,LTER_5,3,Planktivore,1.494
2016,Forereef,LTER_5,3,Primary Consumer,12.120
2016,Forereef,LTER_5,3,Secondary Consumer,3.423
2016,Forereef,LTER_5,4,Piscivore_primarily,196.447
2016,Forereef,LTER_5,4,Planktivore,0.843
2016,Forereef,LTER_5,4,Primary Consumer,26.834
2016,Forereef,LTER_5,4,Secondary Consumer,6.225
2016,Forereef,LTER_6,1,Piscivore_primarily,3.140
2016,Forereef,LTER_6,1,Planktivore,0.196
2016,Forereef,LTER_6,1,Primary Consumer,31.324
2016,Forereef,LTER_6,1,Secondary Consumer,8.272
2016,Forereef,LTER_6,2,Piscivore_primarily,6.391
2016,Forereef,LTER_6,2,Planktivore,1.336
2016,Forereef,LTER_6,2,Primary Consumer,11.743
2016,Forereef,LTER_6,2,Secondary Consumer,13.176
2016,Forereef,LTER_6,3,Piscivore_primarily,7.486
2016,Forereef,LTER_6,3,Planktivore,1.492
2016,Forereef,LTER_6,3,Primary Consumer,15.718
2016,Forereef,LTER_6,3,Secondary Consumer,194.706
2016,Forereef,LTER_6,4,Piscivore_primarily,8.123
2016,Forereef,LTER_6,4,Planktivore,1.774
2016,Forereef,LTER_6,4,Primary Consumer,33.910
2016,Forereef,LTER_6,4,Secondary Consumer,9.761
2016,Fringing,LTER_1,1,Piscivore_primarily,16.664
2016,Fringing,LTER_1,1,Planktivore,2.747
2016,Fringing,LTER_1,1,Primary Consumer,42.380
2016,Fringing,LTER_1,1,Secondary Consumer,13.700
2016,Fringing,LTER_1,2,Piscivore_primarily,2.790
2016,Fringing,LTER_1,2,Planktivore,1.984
2016,Fringing,LTER_1,2,Primary Consumer,57.829
2016,Fringing,LTER_1,2,Secondary Consumer,14.756
2016,Fringing,LTER_1,3,Piscivore_primarily,0.882
2016,Fringing,LTER_1,3,Planktivore,0.230
2016,Fringing,LTER_1,3,Primary Consumer,21.823
2016,Fringing,LTER_1,3,Secondary Consumer,6.760
2016,Fringing,LTER_1,4,Piscivore_primarily,1.050
2016,Fringing,LTER_1,4,Planktivore,1.225
2016,Fringing,LTER_1,4,Primary Consumer,11.296
2016,Fringing,LTER_1,4,Secondary Consumer,2.414
2016,Fringing,LTER_2,1,Piscivore_primarily,2.509
2016,Fringing,LTER_2,1,Planktivore,0.940
2016,Fringing,LTER_2,1,Primary Consumer,43.988
2016,Fringing,LTER_2,1,Secondary Consumer,9.894
2016,Fringing,LTER_2,2,Piscivore_primarily,16.565
2016,Fringing,LTER_2,2,Planktivore,2.662
2016,Fringing,LTER_2,2,Primary Consumer,46.969
2016,Fringing,LTER_2,2,Secondary Consumer,24.932
2016,Fringing,LTER_2,3,Piscivore_primarily,2.089
2016,Fringing,LTER_2,3,Planktivore,1.046
2016,Fringing,LTER_2,3,Primary Consumer,37.221
2016,Fringing,LTER_2,3,Secondary Consumer,15.737
2016,Fringing,LTER_2,4,Piscivore_primarily,7.311
2016,Fringing,LTER_2,4,Planktivore,1.242
2016,Fringing,LTER_2,4,Primary Consumer,49.547
2016,Fringing,LTER_2,4,Secondary Consumer,25.332
2016,Fringing,LTER_3,1,Piscivore_primarily,0.693
2016,Fringing,LTER_3,1,Planktivore,0.059
2016,Fringing,LTER_3,1,Primary Consumer,7.744
2016,Fringing,LTER_3,1,Secondary Consumer,22.262
2016,Fringing,LTER_3,2,Piscivore_primarily,0.311
2016,Fringing,LTER_3,2,Planktivore,2.657
2016,Fringing,LTER_3,2,Primary Consumer,15.193
2016,Fringing,LTER_3,2,Secondary Consumer,6.068
2016,Fringing,LTER_3,3,Piscivore_primarily,1.370
2016,Fringing,LTER_3,3,Planktivore,0.387
2016,Fringing,LTER_3,3,Primary Consumer,16.542
2016,Fringing,LTER_3,3,Secondary Consumer,3.824
2016,Fringing,LTER_3,4,Piscivore_primarily,0.306
2016,Fringing,LTER_3,4,Planktivore,0.574
2016,Fringing,LTER_3,4,Primary Consumer,11.795
2016,Fringing,LTER_3,4,Secondary Consumer,2.936
2016,Fringing,LTER_4,1,Piscivore_primarily,0.699
2016,Fringing,LTER_4,1,Planktivore,1.906
2016,Fringing,LTER_4,1,Primary Consumer,9.571
2016,Fringing,LTER_4,1,Secondary Consumer,18.126
2016,Fringing,LTER_4,2,Piscivore_primarily,0.939
2016,Fringing,LTER_4,2,Planktivore,2.931
2016,Fringing,LTER_4,2,Primary Consumer,28.399
2016,Fringing,LTER_4,2,Secondary Consumer,35.746
2016,Fringing,LTER_4,3,Piscivore_primarily,6.398
2016,Fringing,LTER_4,3,Planktivore,0.178
2016,Fringing,LTER_4,3,Primary Consumer,19.760
2016,Fringing,LTER_4,3,Secondary Consumer,19.347
2016,Fringing,LTER_4,4,Piscivore_primarily,0.750
2016,Fringing,LTER_4,4,Planktivore,0.340
2016,Fringing,LTER_4,4,Primary Consumer,6.564
2016,Fringing,LTER_4,4,Secondary Consumer,54.635
2016,Fringing,LTER_5,1,Piscivore_primarily,1.130
2016,Fringing,LTER_5,1,Planktivore,10.015
2016,Fringing,LTER_5,1,Primary Consumer,8.606
2016,Fringing,LTER_5,1,Secondary Consumer,10.785
2016,Fringing,LTER_5,2,Piscivore_primarily,1.542
2016,Fringing,LTER_5,2,Planktivore,4.018
2016,Fringing,LTER_5,2,Primary Consumer,14.320
2016,Fringing,LTER_5,2,Secondary Consumer,4.295
2016,Fringing,LTER_5,3,Piscivore_primarily,0.078
2016,Fringing,LTER_5,3,Planktivore,2.645
2016,Fringing,LTER_5,3,Primary Consumer,14.034
2016,Fringing,LTER_5,3,Secondary Consumer,6.703
2016,Fringing,LTER_5,4,Piscivore_primarily,18.530
2016,Fringing,LTER_5,4,Planktivore,6.996
2016,Fringing,LTER_5,4,Primary Consumer,16.383
2016,Fringing,LTER_5,4,Secondary Consumer,17.893
2016,Fringing,LTER_6,1,Planktivore,0.514
2016,Fringing,LTER_6,1,Primary Consumer,6.141
2016,Fringing,LTER_6,1,Secondary Consumer,4.315
2016,Fringing,LTER_6,2,Piscivore_primarily,0.168
2016,Fringing,LTER_6,2,Planktivore,5.292
2016,Fringing,LTER_6,2,Primary Consumer,16.991
2016,Fringing,LTER_6,2,Secondary Consumer,11.122
2016,Fringing,LTER_6,3,Piscivore_primarily,156.438
2016,Fringing,LTER_6,3,Planktivore,0.134
2016,Fringing,LTER_6,3,Primary Consumer,11.840
2016,Fringing,LTER_6,3,Secondary Consumer,12.066
2016,Fringing,LTER_6,4,Planktivore,0.394
2016,Fringing,LTER_6,4,Primary Consumer,7.156
2016,Fringing,LTER_6,4,Secondary Consumer,9.311
2017,Backreef,LTER_1,1,Planktivore,0.366
2017,Backreef,LTER_1,1,Primary Consumer,27.374
2017,Backreef,LTER_1,1,Secondary Consumer,6.602
2017,Backreef,LTER_1,2,Piscivore_primarily,0.051
2017,Backreef,LTER_1,2,Planktivore,0.031
2017,Backreef,LTER_1,2,Primary Consumer,24.945
2017,Backreef,LTER_1,2,Secondary Consumer,2.222
2017,Backreef,LTER_1,3,Piscivore_primarily,3.312
2017,Backreef,LTER_1,3,Planktivore,0.419
2017,Backreef,LTER_1,3,Primary Consumer,36.919
2017,Backreef,LTER_1,3,Secondary Consumer,2.349
2017,Backreef,LTER_1,4,Planktivore,0.443
2017,Backreef,LTER_1,4,Primary Consumer,18.726
2017,Backreef,LTER_1,4,Secondary Consumer,3.223
2017,Backreef,LTER_2,1,Piscivore_primarily,55.687
2017,Backreef,LTER_2,1,Planktivore,0.056
2017,Backreef,LTER_2,1,Primary Consumer,22.953
2017,Backreef,LTER_2,1,Secondary Consumer,14.335
2017,Backreef,LTER_2,2,Piscivore_primarily,135.082
2017,Backreef,LTER_2,2,Primary Consumer,57.009
2017,Backreef,LTER_2,2,Secondary Consumer,3.801
2017,Backreef,LTER_2,3,Piscivore_primarily,0.478
2017,Backreef,LTER_2,3,Primary Consumer,32.266
2017,Backreef,LTER_2,3,Secondary Consumer,3.763
2017,Backreef,LTER_2,4,Primary Consumer,8.348
2017,Backreef,LTER_2,4,Secondary Consumer,4.323
2017,Backreef,LTER_3,1,Piscivore_primarily,136.632
2017,Backreef,LTER_3,1,Planktivore,0.198
2017,Backreef,LTER_3,1,Primary Consumer,43.571
2017,Backreef,LTER_3,1,Secondary Consumer,16.122
2017,Backreef,LTER_3,2,Piscivore_primarily,0.092
2017,Backreef,LTER_3,2,Planktivore,0.169
2017,Backreef,LTER_3,2,Primary Consumer,73.443
2017,Backreef,LTER_3,2,Secondary Consumer,3.522
2017,Backreef,LTER_3,3,Planktivore,0.004
2017,Backreef,LTER_3,3,Primary Consumer,7.819
2017,Backreef,LTER_3,3,Secondary Consumer,1.657
2017,Backreef,LTER_3,4,Piscivore_primarily,0.841
2017,Backreef,LTER_3,4,Planktivore,0.012
2017,Backreef,LTER_3,4,Primary Consumer,8.444
2017,Backreef,LTER_3,4,Secondary Consumer,3.559
2017,Backreef,LTER_4,1,Piscivore_primarily,1.485
2017,Backreef,LTER_4,1,Primary Consumer,8.187
2017,Backreef,LTER_4,1,Secondary Consumer,9.100
2017,Backreef,LTER_4,2,Piscivore_primarily,0.625
2017,Backreef,LTER_4,2,Planktivore,0.121
2017,Backreef,LTER_4,2,Primary Consumer,20.123
2017,Backreef,LTER_4,2,Secondary Consumer,8.152
2017,Backreef,LTER_4,3,Piscivore_primarily,0.572
2017,Backreef,LTER_4,3,Planktivore,0.012
2017,Backreef,LTER_4,3,Primary Consumer,13.511
2017,Backreef,LTER_4,3,Secondary Consumer,5.190
2017,Backreef,LTER_4,4,Piscivore_primarily,0.683
2017,Backreef,LTER_4,4,Planktivore,0.033
2017,Backreef,LTER_4,4,Primary Consumer,14.792
2017,Backreef,LTER_4,4,Secondary Consumer,9.593
2017,Backreef,LTER_5,1,Piscivore_primarily,1.437
2017,Backreef,LTER_5,1,Planktivore,1.472
2017,Backreef,LTER_5,1,Primary Consumer,49.934
2017,Backreef,LTER_5,1,Secondary Consumer,16.146
2017,Backreef,LTER_5,2,Planktivore,0.013
2017,Backreef,LTER_5,2,Primary Consumer,36.380
2017,Backreef,LTER_5,2,Secondary Consumer,2.377
2017,Backreef,LTER_5,3,Piscivore_primarily,96.018
2017,Backreef,LTER_5,3,Primary Consumer,30.127
2017,Backreef,LTER_5,3,Secondary Consumer,2.354
2017,Backreef,LTER_5,4,Piscivore_primarily,4.249
2017,Backreef,LTER_5,4,Planktivore,0.173
2017,Backreef,LTER_5,4,Primary Consumer,18.436
2017,Backreef,LTER_5,4,Secondary Consumer,8.399
2017,Backreef,LTER_6,1,Piscivore_primarily,120.354
2017,Backreef,LTER_6,1,Planktivore,0.043
2017,Backreef,LTER_6,1,Primary Consumer,251.720
2017,Backreef,LTER_6,1,Secondary Consumer,4.530
2017,Backreef,LTER_6,2,Piscivore_primarily,0.232
2017,Backreef,LTER_6,2,Planktivore,1.281
2017,Backreef,LTER_6,2,Primary Consumer,28.500
2017,Backreef,LTER_6,2,Secondary Consumer,2.448
2017,Backreef,LTER_6,3,Piscivore_primarily,119.954
2017,Backreef,LTER_6,3,Planktivore,0.004
2017,Backreef,LTER_6,3,Primary Consumer,53.193
2017,Backreef,LTER_6,3,Secondary Consumer,1.426
2017,Backreef,LTER_6,4,Piscivore_primarily,0.292
2017,Backreef,LTER_6,4,Primary Consumer,16.391
2017,Backreef,LTER_6,4,Secondary Consumer,5.401
2017,Forereef,LTER_1,1,Piscivore_primarily,11.388
2017,Forereef,LTER_1,1,Planktivore,7.054
2017,Forereef,LTER_1,1,Primary Consumer,15.946
2017,Forereef,LTER_1,1,Secondary Consumer,14.221
2017,Forereef,LTER_1,2,Piscivore_primarily,8.908
2017,Forereef,LTER_1,2,Planktivore,3.996
2017,Forereef,LTER_1,2,Primary Consumer,13.456
2017,Forereef,LTER_1,2,Secondary Consumer,11.775
2017,Forereef,LTER_1,3,Piscivore_primarily,9.163
2017,Forereef,LTER_1,3,Planktivore,5.717
2017,Forereef,LTER_1,3,Primary Consumer,20.055
2017,Forereef,LTER_1,3,Secondary Consumer,10.362
2017,Forereef,LTER_1,4,Piscivore_primarily,2.482
2017,Forereef,LTER_1,4,Planktivore,1.242
2017,Forereef,LTER_1,4,Primary Consumer,64.810
2017,Forereef,LTER_1,4,Secondary Consumer,10.752
2017,Forereef,LTER_2,1,Piscivore_primarily,18.094
2017,Forereef,LTER_2,1,Planktivore,2.862
2017,Forereef,LTER_2,1,Primary Consumer,27.887
2017,Forereef,LTER_2,1,Secondary Consumer,10.356
2017,Forereef,LTER_2,2,Piscivore_primarily,4.180
2017,Forereef,LTER_2,2,Planktivore,1.706
2017,Forereef,LTER_2,2,Primary Consumer,18.279
2017,Forereef,LTER_2,2,Secondary Consumer,8.061
2017,Forereef,LTER_2,3,Piscivore_primarily,2.724
2017,Forereef,LTER_2,3,Planktivore,1.482
2017,Forereef,LTER_2,3,Primary Consumer,17.985
2017,Forereef,LTER_2,3,Secondary Consumer,11.375
2017,Forereef,LTER_2,4,Piscivore_primarily,7.224
2017,Forereef,LTER_2,4,Planktivore,1.801
2017,Forereef,LTER_2,4,Primary Consumer,20.032
2017,Forereef,LTER_2,4,Secondary Consumer,9.800
2017,Forereef,LTER_3,1,Piscivore_primarily,23.679
2017,Forereef,LTER_3,1,Planktivore,0.207
2017,Forereef,LTER_3,1,Primary Consumer,39.914
2017,Forereef,LTER_3,1,Secondary Consumer,9.480
2017,Forereef,LTER_3,2,Piscivore_primarily,3.143
2017,Forereef,LTER_3,2,Planktivore,1.280
2017,Forereef,LTER_3,2,Primary Consumer,27.844
2017,Forereef,LTER_3,2,Secondary Consumer,4.181
2017,Forereef,LTER_3,3,Piscivore_primarily,3.361
2017,Forereef,LTER_3,3,Planktivore,12.093
2017,Forereef,LTER_3,3,Primary Consumer,22.336
2017,Forereef,LTER_3,3,Secondary Consumer,3.780
2017,Forereef,LTER_3,4,Piscivore_primarily,5.156
2017,Forereef,LTER_3,4,Planktivore,25.458
2017,Forereef,LTER_3,4,Primary Consumer,23.992
2017,Forereef,LTER_3,4,Secondary Consumer,7.874
2017,Forereef,LTER_4,1,Piscivore_primarily,5.052
2017,Forereef,LTER_4,1,Planktivore,7.737
2017,Forereef,LTER_4,1,Primary Consumer,14.456
2017,Forereef,LTER_4,1,Secondary Consumer,10.374
2017,Forereef,LTER_4,2,Piscivore_primarily,3.246
2017,Forereef,LTER_4,2,Planktivore,2.950
2017,Forereef,LTER_4,2,Primary Consumer,13.988
2017,Forereef,LTER_4,2,Secondary Consumer,5.041
2017,Forereef,LTER_4,3,Piscivore_primarily,1.716
2017,Forereef,LTER_4,3,Planktivore,3.585
2017,Forereef,LTER_4,3,Primary Consumer,14.604
2017,Forereef,LTER_4,3,Secondary Consumer,4.921
2017,Forereef,LTER_4,4,Piscivore_primarily,4.805
2017,Forereef,LTER_4,4,Planktivore,12.702
2017,Forereef,LTER_4,4,Primary Consumer,15.966
2017,Forereef,LTER_4,4,Secondary Consumer,11.926
2017,Forereef,LTER_5,1,Piscivore_primarily,4.224
2017,Forereef,LTER_5,1,Planktivore,4.030
2017,Forereef,LTER_5,1,Primary Consumer,19.019
2017,Forereef,LTER_5,1,Secondary Consumer,21.436
2017,Forereef,LTER_5,2,Piscivore_primarily,0.346
2017,Forereef,LTER_5,2,Planktivore,8.039
2017,Forereef,LTER_5,2,Primary Consumer,12.170
2017,Forereef,LTER_5,2,Secondary Consumer,5.869
2017,Forereef,LTER_5,3,Piscivore_primarily,125.787
2017,Forereef,LTER_5,3,Planktivore,0.680
2017,Forereef,LTER_5,3,Primary Consumer,13.477
2017,Forereef,LTER_5,3,Secondary Consumer,5.632
2017,Forereef,LTER_5,4,Piscivore_primarily,180.340
2017,Forereef,LTER_5,4,Planktivore,4.884
2017,Forereef,LTER_5,4,Primary Consumer,22.705
2017,Forereef,LTER_5,4,Secondary Consumer,17.155
2017,Forereef,LTER_6,1,Piscivore_primarily,2.859
2017,Forereef,LTER_6,1,Planktivore,0.228
2017,Forereef,LTER_6,1,Primary Consumer,60.713
2017,Forereef,LTER_6,1,Secondary Consumer,11.124
2017,Forereef,LTER_6,2,Piscivore_primarily,2.377
2017,Forereef,LTER_6,2,Planktivore,0.634
2017,Forereef,LTER_6,2,Primary Consumer,21.968
2017,Forereef,LTER_6,2,Secondary Consumer,7.006
2017,Forereef,LTER_6,3,Piscivore_primarily,2.156
2017,Forereef,LTER_6,3,Planktivore,0.987
2017,Forereef,LTER_6,3,Primary Consumer,34.111
2017,Forereef,LTER_6,3,Secondary Consumer,7.919
2017,Forereef,LTER_6,4,Piscivore_primarily,13.066
2017,Forereef,LTER_6,4,Planktivore,15.878
2017,Forereef,LTER_6,4,Primary Consumer,33.647
2017,Forereef,LTER_6,4,Secondary Consumer,8.967
2017,Fringing,LTER_1,1,Piscivore_primarily,4.607
2017,Fringing,LTER_1,1,Planktivore,1.518
2017,Fringing,LTER_1,1,Primary Consumer,32.057
2017,Fringing,LTER_1,1,Secondary Consumer,18.380
2017,Fringing,LTER_1,2,Piscivore_primarily,3.082
2017,Fringing,LTER_1,2,Planktivore,1.040
2017,Fringing,LTER_1,2,Primary Consumer,29.229
2017,Fringing,LTER_1,2,Secondary Consumer,3.682
2017,Fringing,LTER_1,3,Piscivore_primarily,2.247
2017,Fringing,LTER_1,3,Planktivore,0.062
2017,Fringing,LTER_1,3,Primary Consumer,20.402
2017,Fringing,LTER_1,3,Secondary Consumer,4.369
2017,Fringing,LTER_1,4,Piscivore_primarily,1.442
2017,Fringing,LTER_1,4,Planktivore,0.714
2017,Fringing,LTER_1,4,Primary Consumer,10.886
2017,Fringing,LTER_1,4,Secondary Consumer,2.307
2017,Fringing,LTER_2,1,Piscivore_primarily,1.946
2017,Fringing,LTER_2,1,Planktivore,1.111
2017,Fringing,LTER_2,1,Primary Consumer,27.544
2017,Fringing,LTER_2,1,Secondary Consumer,7.710
2017,Fringing,LTER_2,2,Piscivore_primarily,2.193
2017,Fringing,LTER_2,2,Planktivore,0.918
2017,Fringing,LTER_2,2,Primary Consumer,17.293
2017,Fringing,LTER_2,2,Secondary Consumer,7.448
2017,Fringing,LTER_2,3,Piscivore_primarily,0.829
2017,Fringing,LTER_2,3,Planktivore,0.470
2017,Fringing,LTER_2,3,Primary Consumer,41.046
2017,Fringing,LTER_2,3,Secondary Consumer,9.268
2017,Fringing,LTER_2,4,Piscivore_primarily,1.072
2017,Fringing,LTER_2,4,Planktivore,0.454
2017,Fringing,LTER_2,4,Primary Consumer,62.883
2017,Fringing,LTER_2,4,Secondary Consumer,23.251
2017,Fringing,LTER_3,1,Piscivore_primarily,2.394
2017,Fringing,LTER_3,1,Planktivore,0.143
2017,Fringing,LTER_3,1,Primary Consumer,16.539
2017,Fringing,LTER_3,1,Secondary Consumer,20.390
2017,Fringing,LTER_3,2,Piscivore_primarily,0.451
2017,Fringing,LTER_3,2,Planktivore,0.553
2017,Fringing,LTER_3,2,Primary Consumer,12.285
2017,Fringing,LTER_3,2,Secondary Consumer,5.162
2017,Fringing,LTER_3,3,Piscivore_primarily,1.311
2017,Fringing,LTER_3,3,Planktivore,0.256
2017,Fringing,LTER_3,3,Primary Consumer,21.731
2017,Fringing,LTER_3,3,Secondary Consumer,8.096
2017,Fringing,LTER_3,4,Piscivore_primarily,0.829
2017,Fringing,LTER_3,4,Planktivore,1.667
2017,Fringing,LTER_3,4,Primary Consumer,8.020
2017,Fringing,LTER_3,4,Secondary Consumer,6.498
2017,Fringing,LTER_4,1,Piscivore_primarily,2.119
2017,Fringing,LTER_4,1,Planktivore,0.051
2017,Fringing,LTER_4,1,Primary Consumer,10.377
2017,Fringing,LTER_4,1,Secondary Consumer,33.243
2017,Fringing,LTER_4,2,Piscivore_primarily,0.798
2017,Fringing,LTER_4,2,Planktivore,0.211
2017,Fringing,LTER_4,2,Primary Consumer,7.944
2017,Fringing,LTER_4,2,Secondary Consumer,1.721
2017,Fringing,LTER_4,3,Piscivore_primarily,1.319
2017,Fringing,LTER_4,3,Planktivore,0.765
2017,Fringing,LTER_4,3,Primary Consumer,32.971
2017,Fringing,LTER_4,3,Secondary Consumer,12.559
2017,Fringing,LTER_4,4,Piscivore_primarily,2.295
2017,Fringing,LTER_4,4,Planktivore,2.539
2017,Fringing,LTER_4,4,Primary Consumer,6.869
2017,Fringing,LTER_4,4,Secondary Consumer,12.931
2017,Fringing,LTER_5,1,Piscivore_primarily,5.128
2017,Fringing,LTER_5,1,Planktivore,0.144
2017,Fringing,LTER_5,1,Primary Consumer,15.785
2017,Fringing,LTER_5,1,Secondary Consumer,11.664
2017,Fringing,LTER_5,2,Piscivore_primarily,1.281
2017,Fringing,LTER_5,2,Planktivore,1.831
2017,Fringing,LTER_5,2,Primary Consumer,11.230
2017,Fringing,LTER_5,2,Secondary Consumer,2.022
2017,Fringing,LTER_5,3,Piscivore_primarily,0.186
2017,Fringing,LTER_5,3,Planktivore,1.074
2017,Fringing,LTER_5,3,Primary Consumer,16.958
2017,Fringing,LTER_5,3,Secondary Consumer,2.089
2017,Fringing,LTER_5,4,Piscivore_primarily,26.824
2017,Fringing,LTER_5,4,Planktivore,5.933
2017,Fringing,LTER_5,4,Primary Consumer,17.237
2017,Fringing,LTER_5,4,Secondary Consumer,41.799
2017,Fringing,LTER_6,1,Piscivore_primarily,0.957
2017,Fringing,LTER_6,1,Planktivore,4.947
2017,Fringing,LTER_6,1,Primary Consumer,14.079
2017,Fringing,LTER_6,1,Secondary Consumer,5.855
2017,Fringing,LTER_6,2,Planktivore,5.681
2017,Fringing,LTER_6,2,Primary Consumer,8.253
2017,Fringing,LTER_6,2,Secondary Consumer,10.271
2017,Fringing,LTER_6,3,Piscivore_primarily,0.100
2017,Fringing,LTER_6,3,Planktivore,0.225
2017,Fringing,LTER_6,3,Primary Consumer,11.134
2017,Fringing,LTER_6,3,Secondary Consumer,4.082
2017,Fringing,LTER_6,4,Piscivore_primarily,0.770
2017,Fringing,LTER_6,4,Planktivore,1.231
2017,Fringing,LTER_6,4,Primary Consumer,29.419
2017,Fringing,LTER_6,4,Secondary Consumer,41.001
2018,Backreef,LTER_1,1,Planktivore,0.013
2018,Backreef,LTER_1,1,Primary Consumer,147.359
2018,Backreef,LTER_1,1,Secondary Consumer,8.378
2018,Backreef,LTER_1,2,Piscivore_primarily,0.363
2018,Backreef,LTER_1,2,Planktivore,0.009
2018,Backreef,LTER_1,2,Primary Consumer,42.056
2018,Backreef,LTER_1,2,Secondary Consumer,4.087
2018,Backreef,LTER_1,3,Planktivore,0.289
2018,Backreef,LTER_1,3,Primary Consumer,50.580
2018,Backreef,LTER_1,3,Secondary Consumer,5.205
2018,Backreef,LTER_1,4,Piscivore_primarily,0.704
2018,Backreef,LTER_1,4,Primary Consumer,24.253
2018,Backreef,LTER_1,4,Secondary Consumer,3.947
2018,Backreef,LTER_2,1,Piscivore_primarily,0.691
2018,Backreef,LTER_2,1,Planktivore,0.015
2018,Backreef,LTER_2,1,Primary Consumer,40.771
2018,Backreef,LTER_2,1,Secondary Consumer,15.691
2018,Backreef,LTER_2,2,Piscivore_primarily,0.127
2018,Backreef,LTER_2,2,Primary Consumer,67.908
2018,Backreef,LTER_2,2,Secondary Consumer,5.251
2018,Backreef,LTER_2,3,Piscivore_primarily,152.996
2018,Backreef,LTER_2,3,Primary Consumer,26.321
2018,Backreef,LTER_2,3,Secondary Consumer,3.270
2018,Backreef,LTER_2,4,Planktivore,0.075
2018,Backreef,LTER_2,4,Primary Consumer,8.572
2018,Backreef,LTER_2,4,Secondary Consumer,4.515
2018,Backreef,LTER_3,1,Piscivore_primarily,1.396
2018,Backreef,LTER_3,1,Primary Consumer,33.714
2018,Backreef,LTER_3,1,Secondary Consumer,12.295
2018,Backreef,LTER_3,2,Piscivore_primarily,282.084
2018,Backreef,LTER_3,2,Planktivore,0.248
2018,Backreef,LTER_3,2,Primary Consumer,66.970
2018,Backreef,LTER_3,2,Secondary Consumer,6.585
2018,Backreef,LTER_3,3,Primary Consumer,5.632
2018,Backreef,LTER_3,3,Secondary Consumer,2.423
2018,Backreef,LTER_3,4,Primary Consumer,6.910
2018,Backreef,LTER_3,4,Secondary Consumer,2.262
2018,Backreef,LTER_4,1,Piscivore_primarily,0.205
2018,Backreef,LTER_4,1,Primary Consumer,17.879
2018,Backreef,LTER_4,1,Secondary Consumer,7.028
2018,Backreef,LTER_4,2,Piscivore_primarily,0.430
2018,Backreef,LTER_4,2,Planktivore,0.070
2018,Backreef,LTER_4,2,Primary Consumer,23.890
2018,Backreef,LTER_4,2,Secondary Consumer,5.331
2018,Backreef,LTER_4,3,Piscivore_primarily,3.027
2018,Backreef,LTER_4,3,Primary Consumer,7.044
2018,Backreef,LTER_4,3,Secondary Consumer,1.456
2018,Backreef,LTER_4,4,Piscivore_primarily,0.190
2018,Backreef,LTER_4,4,Planktivore,0.017
2018,Backreef,LTER_4,4,Primary Consumer,3.839
2018,Backreef,LTER_4,4,Secondary Consumer,3.810
2018,Backreef,LTER_5,1,Piscivore_primarily,840.652
2018,Backreef,LTER_5,1,Planktivore,0.035
2018,Backreef,LTER_5,1,Primary Consumer,36.522
2018,Backreef,LTER_5,1,Secondary Consumer,6.643
2018,Backreef,LTER_5,2,Planktivore,0.174
2018,Backreef,LTER_5,2,Primary Consumer,32.881
2018,Backreef,LTER_5,2,Secondary Consumer,3.479
2018,Backreef,LTER_5,3,Piscivore_primarily,0.334
2018,Backreef,LTER_5,3,Planktivore,0.123
2018,Backreef,LTER_5,3,Primary Consumer,17.551
2018,Backreef,LTER_5,3,Secondary Consumer,3.061
2018,Backreef,LTER_5,4,Piscivore_primarily,40.954
2018,Backreef,LTER_5,4,Planktivore,0.305
2018,Backreef,LTER_5,4,Primary Consumer,11.194
2018,Backreef,LTER_5,4,Secondary Consumer,7.571
2018,Backreef,LTER_6,1,Piscivore_primarily,14.676
2018,Backreef,LTER_6,1,Planktivore,0.528
2018,Backreef,LTER_6,1,Primary Consumer,31.810
2018,Backreef,LTER_6,1,Secondary Consumer,17.453
2018,Backreef,LTER_6,2,Piscivore_primarily,0.850
2018,Backreef,LTER_6,2,Planktivore,0.999
2018,Backreef,LTER_6,2,Primary Consumer,26.951
2018,Backreef,LTER_6,2,Secondary Consumer,3.363
2018,Backreef,LTER_6,3,Piscivore_primarily,0.344
2018,Backreef,LTER_6,3,Planktivore,0.004
2018,Backreef,LTER_6,3,Primary Consumer,30.856
2018,Backreef,LTER_6,3,Secondary Consumer,5.994
2018,Backreef,LTER_6,4,Piscivore_primarily,0.644
2018,Backreef,LTER_6,4,Primary Consumer,16.467
2018,Backreef,LTER_6,4,Secondary Consumer,7.623
2018,Forereef,LTER_1,1,Piscivore_primarily,10.554
2018,Forereef,LTER_1,1,Planktivore,8.623
2018,Forereef,LTER_1,1,Primary Consumer,23.400
2018,Forereef,LTER_1,1,Secondary Consumer,15.363
2018,Forereef,LTER_1,2,Piscivore_primarily,5.994
2018,Forereef,LTER_1,2,Planktivore,1.835
2018,Forereef,LTER_1,2,Primary Consumer,11.057
2018,Forereef,LTER_1,2,Secondary Consumer,9.670
2018,Forereef,LTER_1,3,Piscivore_primarily,11.550
2018,Forereef,LTER_1,3,Planktivore,55.369
2018,Forereef,LTER_1,3,Primary Consumer,24.390
2018,Forereef,LTER_1,3,Secondary Consumer,18.424
2018,Forereef,LTER_1,4,Piscivore_primarily,5.116
2018,Forereef,LTER_1,4,Planktivore,15.455
2018,Forereef,LTER_1,4,Primary Consumer,11.401
2018,Forereef,LTER_1,4,Secondary Consumer,5.908
2018,Forereef,LTER_2,1,Piscivore_primarily,15.413
2018,Forereef,LTER_2,1,Planktivore,10.051
2018,Forereef,LTER_2,1,Primary Consumer,22.206
2018,Forereef,LTER_2,1,Secondary Consumer,12.677
2018,Forereef,LTER_2,2,Piscivore_primarily,6.145
2018,Forereef,LTER_2,2,Planktivore,4.621
2018,Forereef,LTER_2,2,Primary Consumer,33.569
2018,Forereef,LTER_2,2,Secondary Consumer,6.570
2018,Forereef,LTER_2,3,Piscivore_primarily,9.646
2018,Forereef,LTER_2,3,Planktivore,9.055
2018,Forereef,LTER_2,3,Primary Consumer,19.145
2018,Forereef,LTER_2,3,Secondary Consumer,10.772
2018,Forereef,LTER_2,4,Piscivore_primarily,7.486
2018,Forereef,LTER_2,4,Planktivore,12.205
2018,Forereef,LTER_2,4,Primary Consumer,17.260
2018,Forereef,LTER_2,4,Secondary Consumer,11.339
2018,Forereef,LTER_3,1,Piscivore_primarily,5.600
2018,Forereef,LTER_3,1,Planktivore,0.722
2018,Forereef,LTER_3,1,Primary Consumer,31.196
2018,Forereef,LTER_3,1,Secondary Consumer,24.800
2018,Forereef,LTER_3,2,Piscivore_primarily,9.355
2018,Forereef,LTER_3,2,Planktivore,2.682
2018,Forereef,LTER_3,2,Primary Consumer,31.105
2018,Forereef,LTER_3,2,Secondary Consumer,20.058
2018,Forereef,LTER_3,3,Piscivore_primarily,24.385
2018,Forereef,LTER_3,3,Planktivore,1.968
2018,Forereef,LTER_3,3,Primary Consumer,21.868
2018,Forereef,LTER_3,3,Secondary Consumer,4.798
2018,Forereef,LTER_3,4,Piscivore_primarily,483.596
2018,Forereef,LTER_3,4,Planktivore,6.253
2018,Forereef,LTER_3,4,Primary Consumer,17.919
2018,Forereef,LTER_3,4,Secondary Consumer,7.929
2018,Forereef,LTER_4,1,Piscivore_primarily,6.477
2018,Forereef,LTER_4,1,Planktivore,0.803
2018,Forereef,LTER_4,1,Primary Consumer,14.543
2018,Forereef,LTER_4,1,Secondary Consumer,10.213
2018,Forereef,LTER_4,2,Piscivore_primarily,11.313
2018,Forereef,LTER_4,2,Planktivore,0.787
2018,Forereef,LTER_4,2,Primary Consumer,18.904
2018,Forereef,LTER_4,2,Secondary Consumer,11.306
2018,Forereef,LTER_4,3,Piscivore_primarily,4.410
2018,Forereef,LTER_4,3,Planktivore,6.076
2018,Forereef,LTER_4,3,Primary Consumer,20.716
2018,Forereef,LTER_4,3,Secondary Consumer,10.031
2018,Forereef,LTER_4,4,Piscivore_primarily,1.562
2018,Forereef,LTER_4,4,Planktivore,8.968
2018,Forereef,LTER_4,4,Primary Consumer,12.364
2018,Forereef,LTER_4,4,Secondary Consumer,6.063
2018,Forereef,LTER_5,1,Piscivore_primarily,2.093
2018,Forereef,LTER_5,1,Planktivore,1.261
2018,Forereef,LTER_5,1,Primary Consumer,32.566
2018,Forereef,LTER_5,1,Secondary Consumer,13.155
2018,Forereef,LTER_5,2,Piscivore_primarily,5.835
2018,Forereef,LTER_5,2,Planktivore,1.039
2018,Forereef,LTER_5,2,Primary Consumer,13.581
2018,Forereef,LTER_5,2,Secondary Consumer,9.587
2018,Forereef,LTER_5,3,Piscivore_primarily,3.568
2018,Forereef,LTER_5,3,Planktivore,0.795
2018,Forereef,LTER_5,3,Primary Consumer,8.744
2018,Forereef,LTER_5,3,Secondary Consumer,11.090
2018,Forereef,LTER_5,4,Piscivore_primarily,2.312
2018,Forereef,LTER_5,4,Planktivore,4.544
2018,Forereef,LTER_5,4,Primary Consumer,10.752
2018,Forereef,LTER_5,4,Secondary Consumer,5.971
2018,Forereef,LTER_6,1,Piscivore_primarily,8.213
2018,Forereef,LTER_6,1,Planktivore,0.393
2018,Forereef,LTER_6,1,Primary Consumer,38.766
2018,Forereef,LTER_6,1,Secondary Consumer,20.694
2018,Forereef,LTER_6,2,Piscivore_primarily,4.660
2018,Forereef,LTER_6,2,Planktivore,0.838
2018,Forereef,LTER_6,2,Primary Consumer,31.855
2018,Forereef,LTER_6,2,Secondary Consumer,15.066
2018,Forereef,LTER_6,3,Piscivore_primarily,7.471
2018,Forereef,LTER_6,3,Planktivore,1.534
2018,Forereef,LTER_6,3,Primary Consumer,15.659
2018,Forereef,LTER_6,3,Secondary Consumer,12.694
2018,Forereef,LTER_6,4,Piscivore_primarily,4.860
2018,Forereef,LTER_6,4,Planktivore,4.657
2018,Forereef,LTER_6,4,Primary Consumer,34.364
2018,Forereef,LTER_6,4,Secondary Consumer,10.674
2018,Fringing,LTER_1,1,Piscivore_primarily,2.452
2018,Fringing,LTER_1,1,Planktivore,4.924
2018,Fringing,LTER_1,1,Primary Consumer,45.388
2018,Fringing,LTER_1,1,Secondary Consumer,16.728
2018,Fringing,LTER_1,2,Piscivore_primarily,2.103
2018,Fringing,LTER_1,2,Planktivore,1.521
2018,Fringing,LTER_1,2,Primary Consumer,26.833
2018,Fringing,LTER_1,2,Secondary Consumer,4.411
2018,Fringing,LTER_1,3,Piscivore_primarily,2.319
2018,Fringing,LTER_1,3,Planktivore,0.059
2018,Fringing,LTER_1,3,Primary Consumer,29.101
2018,Fringing,LTER_1,3,Secondary Consumer,1.568
2018,Fringing,LTER_1,4,Planktivore,1.035
2018,Fringing,LTER_1,4,Primary Consumer,8.234
2018,Fringing,LTER_1,4,Secondary Consumer,1.761
2018,Fringing,LTER_2,1,Piscivore_primarily,1.590
2018,Fringing,LTER_2,1,Planktivore,2.010
2018,Fringing,LTER_2,1,Primary Consumer,28.253
2018,Fringing,LTER_2,1,Secondary Consumer,15.891
2018,Fringing,LTER_2,2,Piscivore_primarily,2.281
2018,Fringing,LTER_2,2,Planktivore,0.266
2018,Fringing,LTER_2,2,Primary Consumer,25.529
2018,Fringing,LTER_2,2,Secondary Consumer,13.535
2018,Fringing,LTER_2,3,Piscivore_primarily,10.749
2018,Fringing,LTER_2,3,Planktivore,0.650
2018,Fringing,LTER_2,3,Primary Consumer,61.110
2018,Fringing,LTER_2,3,Secondary Consumer,21.406
2018,Fringing,LTER_2,4,Piscivore_primarily,1.970
2018,Fringing,LTER_2,4,Planktivore,0.081
2018,Fringing,LTER_2,4,Primary Consumer,91.943
2018,Fringing,LTER_2,4,Secondary Consumer,11.173
2018,Fringing,LTER_3,1,Planktivore,0.198
2018,Fringing,LTER_3,1,Primary Consumer,13.093
2018,Fringing,LTER_3,1,Secondary Consumer,11.233
2018,Fringing,LTER_3,2,Piscivore_primarily,0.426
2018,Fringing,LTER_3,2,Planktivore,2.440
2018,Fringing,LTER_3,2,Primary Consumer,14.407
2018,Fringing,LTER_3,2,Secondary Consumer,11.338
2018,Fringing,LTER_3,3,Piscivore_primarily,0.355
2018,Fringing,LTER_3,3,Planktivore,0.641
2018,Fringing,LTER_3,3,Primary Consumer,34.458
2018,Fringing,LTER_3,3,Secondary Consumer,10.486
2018,Fringing,LTER_3,4,Piscivore_primarily,1.726
2018,Fringing,LTER_3,4,Planktivore,0.923
2018,Fringing,LTER_3,4,Primary Consumer,12.631
2018,Fringing,LTER_3,4,Secondary Consumer,5.268
2018,Fringing,LTER_4,1,Planktivore,0.468
2018,Fringing,LTER_4,1,Primary Consumer,13.710
2018,Fringing,LTER_4,1,Secondary Consumer,24.456
2018,Fringing,LTER_4,2,Piscivore_primarily,0.272
2018,Fringing,LTER_4,2,Planktivore,0.472
2018,Fringing,LTER_4,2,Primary Consumer,11.211
2018,Fringing,LTER_4,2,Secondary Consumer,6.894
2018,Fringing,LTER_4,3,Piscivore_primarily,2.200
2018,Fringing,LTER_4,3,Planktivore,0.408
2018,Fringing,LTER_4,3,Primary Consumer,14.016
2018,Fringing,LTER_4,3,Secondary Consumer,258.264
2018,Fringing,LTER_4,4,Piscivore_primarily,7.648
2018,Fringing,LTER_4,4,Planktivore,2.668
2018,Fringing,LTER_4,4,Primary Consumer,5.743
2018,Fringing,LTER_4,4,Secondary Consumer,32.700
2018,Fringing,LTER_5,1,Piscivore_primarily,1.880
2018,Fringing,LTER_5,1,Planktivore,40.769
2018,Fringing,LTER_5,1,Primary Consumer,9.319
2018,Fringing,LTER_5,1,Secondary Consumer,10.970
2018,Fringing,LTER_5,2,Piscivore_primarily,0.278
2018,Fringing,LTER_5,2,Planktivore,0.979
2018,Fringing,LTER_5,2,Primary Consumer,12.800
2018,Fringing,LTER_5,2,Secondary Consumer,0.760
2018,Fringing,LTER_5,3,Piscivore_primarily,2.154
2018,Fringing,LTER_5,3,Planktivore,7.956
2018,Fringing,LTER_5,3,Primary Consumer,21.744
2018,Fringing,LTER_5,3,Secondary Consumer,8.250
2018,Fringing,LTER_5,4,Piscivore_primarily,38.159
2018,Fringing,LTER_5,4,Planktivore,8.118
2018,Fringing,LTER_5,4,Primary Consumer,12.326
2018,Fringing,LTER_5,4,Secondary Consumer,17.252
2018,Fringing,LTER_6,1,Piscivore_primarily,0.413
2018,Fringing,LTER_6,1,Planktivore,3.549
2018,Fringing,LTER_6,1,Primary Consumer,22.408
2018,Fringing,LTER_6,1,Secondary Consumer,10.322
2018,Fringing,LTER_6,2,Planktivore,0.733
2018,Fringing,LTER_6,2,Primary Consumer,17.610
2018,Fringing,LTER_6,2,Secondary Consumer,6.296
2018,Fringing,LTER_6,3,Piscivore_primarily,0.236
2018,Fringing,LTER_6,3,Primary Consumer,11.181
2018,Fringing,LTER_6,3,Secondary Consumer,9.059
2018,Fringing,LTER_6,4,Piscivore_primarily,3.487
2018,Fringing,LTER_6,4,Planktivore,0.204
2018,Fringing,LTER_6,4,Primary Consumer,9.410
2018,Fringing,LTER_6,4,Secondary Consumer,5.523
2019,Backreef,LTER_1,1,Piscivore_primarily,4.931
2019,Backreef,LTER_1,1,Planktivore,0.134
2019,Backreef,LTER_1,1,Primary Consumer,17.539
2019,Backreef,LTER_1,1,Secondary Consumer,3.855
2019,Backreef,LTER_1,2,Planktivore,0.220
2019,Backreef,LTER_1,2,Primary Consumer,39.726
2019,Backreef,LTER_1,2,Secondary Consumer,3.382
2019,Backreef,LTER_1,3,Planktivore,0.696
2019,Backreef,LTER_1,3,Primary Consumer,30.026
2019,Backreef,LTER_1,3,Secondary Consumer,2.421
2019,Backreef,LTER_1,4,Piscivore_primarily,0.666
2019,Backreef,LTER_1,4,Planktivore,0.746
2019,Backreef,LTER_1,4,Primary Consumer,15.261
2019,Backreef,LTER_1,4,Secondary Consumer,1.875
2019,Backreef,LTER_2,1,Primary Consumer,25.113
2019,Backreef,LTER_2,1,Secondary Consumer,10.699
2019,Backreef,LTER_2,2,Piscivore_primarily,40.516
2019,Backreef,LTER_2,2,Planktivore,0.676
2019,Backreef,LTER_2,2,Primary Consumer,69.773
2019,Backreef,LTER_2,2,Secondary Consumer,6.495
2019,Backreef,LTER_2,3,Piscivore_primarily,0.530
2019,Backreef,LTER_2,3,Primary Consumer,33.512
2019,Backreef,LTER_2,3,Secondary Consumer,3.419
2019,Backreef,LTER_2,4,Planktivore,0.062
2019,Backreef,LTER_2,4,Primary Consumer,6.813
2019,Backreef,LTER_2,4,Secondary Consumer,3.192
2019,Backreef,LTER_3,1,Piscivore_primarily,1.893
2019,Backreef,LTER_3,1,Primary Consumer,27.118
2019,Backreef,LTER_3,1,Secondary Consumer,6.233
2019,Backreef,LTER_3,2,Piscivore_primarily,0.416
2019,Backreef,LTER_3,2,Planktivore,0.142
2019,Backreef,LTER_3,2,Primary Consumer,45.735
2019,Backreef,LTER_3,2,Secondary Consumer,7.680
2019,Backreef,LTER_3,3,Piscivore_primarily,0.526
2019,Backreef,LTER_3,3,Primary Consumer,9.913
2019,Backreef,LTER_3,3,Secondary Consumer,2.009
2019,Backreef,LTER_3,4,Planktivore,0.014
2019,Backreef,LTER_3,4,Primary Consumer,9.592
2019,Backreef,LTER_3,4,Secondary Consumer,3.623
2019,Backreef,LTER_4,1,Planktivore,0.248
2019,Backreef,LTER_4,1,Primary Consumer,35.806
2019,Backreef,LTER_4,1,Secondary Consumer,10.816
2019,Backreef,LTER_4,2,Piscivore_primarily,1.836
2019,Backreef,LTER_4,2,Planktivore,0.097
2019,Backreef,LTER_4,2,Primary Consumer,21.025
2019,Backreef,LTER_4,2,Secondary Consumer,5.310
2019,Backreef,LTER_4,3,Piscivore_primarily,0.585
2019,Backreef,LTER_4,3,Planktivore,0.001
2019,Backreef,LTER_4,3,Primary Consumer,8.704
2019,Backreef,LTER_4,3,Secondary Consumer,2.125
2019,Backreef,LTER_4,4,Piscivore_primarily,9.369
2019,Backreef,LTER_4,4,Planktivore,3.070
2019,Backreef,LTER_4,4,Primary Consumer,5.040
2019,Backreef,LTER_4,4,Secondary Consumer,10.015
2019,Backreef,LTER_5,1,Piscivore_primarily,97.576
2019,Backreef,LTER_5,1,Planktivore,0.810
2019,Backreef,LTER_5,1,Primary Consumer,45.511
2019,Backreef,LTER_5,1,Secondary Consumer,15.343
2019,Backreef,LTER_5,2,Piscivore_primarily,0.158
2019,Backreef,LTER_5,2,Planktivore,0.066
2019,Backreef,LTER_5,2,Primary Consumer,33.330
2019,Backreef,LTER_5,2,Secondary Consumer,4.435
2019,Backreef,LTER_5,3,Primary Consumer,10.016
2019,Backreef,LTER_5,3,Secondary Consumer,2.473
2019,Backreef,LTER_5,4,Piscivore_primarily,0.130
2019,Backreef,LTER_5,4,Primary Consumer,15.824
2019,Backreef,LTER_5,4,Secondary Consumer,5.253
2019,Backreef,LTER_6,1,Piscivore_primarily,4.719
2019,Backreef,LTER_6,1,Planktivore,0.380
2019,Backreef,LTER_6,1,Primary Consumer,36.852
2019,Backreef,LTER_6,1,Secondary Consumer,19.938
2019,Backreef,LTER_6,2,Piscivore_primarily,1.453
2019,Backreef,LTER_6,2,Planktivore,2.532
2019,Backreef,LTER_6,2,Primary Consumer,54.052
2019,Backreef,LTER_6,2,Secondary Consumer,6.329
2019,Backreef,LTER_6,3,Piscivore_primarily,0.752
2019,Backreef,LTER_6,3,Primary Consumer,19.790
2019,Backreef,LTER_6,3,Secondary Consumer,2.376
2019,Backreef,LTER_6,4,Piscivore_primarily,0.793
2019,Backreef,LTER_6,4,Primary Consumer,9.967
2019,Backreef,LTER_6,4,Secondary Consumer,4.282
2019,Forereef,LTER_1,1,Piscivore_primarily,6.866
2019,Forereef,LTER_1,1,Planktivore,1.067
2019,Forereef,LTER_1,1,Primary Consumer,20.075
2019,Forereef,LTER_1,1,Secondary Consumer,8.221
2019,Forereef,LTER_1,2,Piscivore_primarily,11.269
2019,Forereef,LTER_1,2,Planktivore,2.825
2019,Forereef,LTER_1,2,Primary Consumer,34.723
2019,Forereef,LTER_1,2,Secondary Consumer,14.134
2019,Forereef,LTER_1,3,Piscivore_primarily,3.132
2019,Forereef,LTER_1,3,Planktivore,0.900
2019,Forereef,LTER_1,3,Primary Consumer,10.712
2019,Forereef,LTER_1,3,Secondary Consumer,6.960
2019,Forereef,LTER_1,4,Piscivore_primarily,4.594
2019,Forereef,LTER_1,4,Planktivore,4.368
2019,Forereef,LTER_1,4,Primary Consumer,19.080
2019,Forereef,LTER_1,4,Secondary Consumer,8.908
2019,Forereef,LTER_2,1,Piscivore_primarily,5.449
2019,Forereef,LTER_2,1,Planktivore,4.646
2019,Forereef,LTER_2,1,Primary Consumer,18.374
2019,Forereef,LTER_2,1,Secondary Consumer,13.118
2019,Forereef,LTER_2,2,Piscivore_primarily,11.587
2019,Forereef,LTER_2,2,Planktivore,2.818
2019,Forereef,LTER_2,2,Primary Consumer,37.904
2019,Forereef,LTER_2,2,Secondary Consumer,10.355
2019,Forereef,LTER_2,3,Piscivore_primarily,3.618
2019,Forereef,LTER_2,3,Planktivore,3.915
2019,Forereef,LTER_2,3,Primary Consumer,15.961
2019,Forereef,LTER_2,3,Secondary Consumer,7.532
2019,Forereef,LTER_2,4,Piscivore_primarily,5.841
2019,Forereef,LTER_2,4,Planktivore,6.506
2019,Forereef,LTER_2,4,Primary Consumer,13.833
2019,Forereef,LTER_2,4,Secondary Consumer,8.940
2019,Forereef,LTER_3,1,Piscivore_primarily,4.685
2019,Forereef,LTER_3,1,Planktivore,0.452
2019,Forereef,LTER_3,1,Primary Consumer,18.916
2019,Forereef,LTER_3,1,Secondary Consumer,6.059
2019,Forereef,LTER_3,2,Piscivore_primarily,6.345
2019,Forereef,LTER_3,2,Planktivore,1.826
2019,Forereef,LTER_3,2,Primary Consumer,33.931
2019,Forereef,LTER_3,2,Secondary Consumer,12.616
2019,Forereef,LTER_3,3,Piscivore_primarily,5.356
2019,Forereef,LTER_3,3,Planktivore,1.194
2019,Forereef,LTER_3,3,Primary Consumer,20.612
2019,Forereef,LTER_3,3,Secondary Consumer,5.470
2019,Forereef,LTER_3,4,Piscivore_primarily,10.048
2019,Forereef,LTER_3,4,Planktivore,4.164
2019,Forereef,LTER_3,4,Primary Consumer,17.625
2019,Forereef,LTER_3,4,Secondary Consumer,9.197
2019,Forereef,LTER_4,1,Piscivore_primarily,32.796
2019,Forereef,LTER_4,1,Planktivore,5.221
2019,Forereef,LTER_4,1,Primary Consumer,14.047
2019,Forereef,LTER_4,1,Secondary Consumer,14.694
2019,Forereef,LTER_4,2,Piscivore_primarily,16.869
2019,Forereef,LTER_4,2,Planktivore,5.547
2019,Forereef,LTER_4,2,Primary Consumer,39.686
2019,Forereef,LTER_4,2,Secondary Consumer,15.727
2019,Forereef,LTER_4,3,Piscivore_primarily,1.935
2019,Forereef,LTER_4,3,Planktivore,0.950
2019,Forereef,LTER_4,3,Primary Consumer,22.000
2019,Forereef,LTER_4,3,Secondary Consumer,9.270
2019,Forereef,LTER_4,4,Piscivore_primarily,5.051
2019,Forereef,LTER_4,4,Planktivore,2.092
2019,Forereef,LTER_4,4,Primary Consumer,19.101
2019,Forereef,LTER_4,4,Secondary Consumer,14.870
2019,Forereef,LTER_5,1,Piscivore_primarily,5.318
2019,Forereef,LTER_5,1,Planktivore,1.357
2019,Forereef,LTER_5,1,Primary Consumer,13.682
2019,Forereef,LTER_5,1,Secondary Consumer,8.253
2019,Forereef,LTER_5,2,Piscivore_primarily,1.205
2019,Forereef,LTER_5,2,Planktivore,1.376
2019,Forereef,LTER_5,2,Primary Consumer,11.037
2019,Forereef,LTER_5,2,Secondary Consumer,12.351
2019,Forereef,LTER_5,3,Piscivore_primarily,5.175
2019,Forereef,LTER_5,3,Planktivore,0.147
2019,Forereef,LTER_5,3,Primary Consumer,20.461
2019,Forereef,LTER_5,3,Secondary Consumer,7.482
2019,Forereef,LTER_5,4,Piscivore_primarily,4.698
2019,Forereef,LTER_5,4,Planktivore,1.443
2019,Forereef,LTER_5,4,Primary Consumer,13.181
2019,Forereef,LTER_5,4,Secondary Consumer,7.903
2019,Forereef,LTER_6,1,Piscivore_primarily,1.688
2019,Forereef,LTER_6,1,Planktivore,0.535
2019,Forereef,LTER_6,1,Primary Consumer,29.438
2019,Forereef,LTER_6,1,Secondary Consumer,12.383
2019,Forereef,LTER_6,2,Piscivore_primarily,4.171
2019,Forereef,LTER_6,2,Planktivore,1.851
2019,Forereef,LTER_6,2,Primary Consumer,30.967
2019,Forereef,LTER_6,2,Secondary Consumer,16.160
2019,Forereef,LTER_6,3,Piscivore_primarily,2.439
2019,Forereef,LTER_6,3,Planktivore,1.104
2019,Forereef,LTER_6,3,Primary Consumer,26.521
2019,Forereef,LTER_6,3,Secondary Consumer,9.093
2019,Forereef,LTER_6,4,Piscivore_primarily,8.365
2019,Forereef,LTER_6,4,Planktivore,7.018
2019,Forereef,LTER_6,4,Primary Consumer,36.703
2019,Forereef,LTER_6,4,Secondary Consumer,14.932
2019,Fringing,LTER_1,1,Piscivore_primarily,5.169
2019,Fringing,LTER_1,1,Planktivore,3.885
2019,Fringing,LTER_1,1,Primary Consumer,40.117
2019,Fringing,LTER_1,1,Secondary Consumer,18.097
2019,Fringing,LTER_1,2,Piscivore_primarily,1.646
2019,Fringing,LTER_1,2,Planktivore,0.210
2019,Fringing,LTER_1,2,Primary Consumer,25.195
2019,Fringing,LTER_1,2,Secondary Consumer,9.662
2019,Fringing,LTER_1,3,Piscivore_primarily,3.032
2019,Fringing,LTER_1,3,Planktivore,0.065
2019,Fringing,LTER_1,3,Primary Consumer,32.050
2019,Fringing,LTER_1,3,Secondary Consumer,2.829
2019,Fringing,LTER_1,4,Piscivore_primarily,0.682
2019,Fringing,LTER_1,4,Planktivore,0.590
2019,Fringing,LTER_1,4,Primary Consumer,7.684
2019,Fringing,LTER_1,4,Secondary Consumer,2.547
2019,Fringing,LTER_2,1,Piscivore_primarily,0.695
2019,Fringing,LTER_2,1,Planktivore,1.169
2019,Fringing,LTER_2,1,Primary Consumer,33.129
2019,Fringing,LTER_2,1,Secondary Consumer,7.947
2019,Fringing,LTER_2,2,Piscivore_primarily,3.938
2019,Fringing,LTER_2,2,Planktivore,0.428
2019,Fringing,LTER_2,2,Primary Consumer,23.164
2019,Fringing,LTER_2,2,Secondary Consumer,7.281
2019,Fringing,LTER_2,3,Piscivore_primarily,2.034
2019,Fringing,LTER_2,3,Planktivore,0.505
2019,Fringing,LTER_2,3,Primary Consumer,58.680
2019,Fringing,LTER_2,3,Secondary Consumer,27.960
2019,Fringing,LTER_2,4,Piscivore_primarily,0.659
2019,Fringing,LTER_2,4,Planktivore,0.630
2019,Fringing,LTER_2,4,Primary Consumer,37.562
2019,Fringing,LTER_2,4,Secondary Consumer,12.916
2019,Fringing,LTER_3,1,Piscivore_primarily,1.086
2019,Fringing,LTER_3,1,Planktivore,0.343
2019,Fringing,LTER_3,1,Primary Consumer,11.352
2019,Fringing,LTER_3,1,Secondary Consumer,12.106
2019,Fringing,LTER_3,2,Piscivore_primarily,0.622
2019,Fringing,LTER_3,2,Planktivore,3.474
2019,Fringing,LTER_3,2,Primary Consumer,20.212
2019,Fringing,LTER_3,2,Secondary Consumer,6.151
2019,Fringing,LTER_3,3,Piscivore_primarily,0.927
2019,Fringing,LTER_3,3,Planktivore,0.956
2019,Fringing,LTER_3,3,Primary Consumer,19.603
2019,Fringing,LTER_3,3,Secondary Consumer,5.650
2019,Fringing,LTER_3,4,Piscivore_primarily,0.910
2019,Fringing,LTER_3,4,Planktivore,1.184
2019,Fringing,LTER_3,4,Primary Consumer,28.906
2019,Fringing,LTER_3,4,Secondary Consumer,4.847
2019,Fringing,LTER_4,1,Piscivore_primarily,5.259
2019,Fringing,LTER_4,1,Planktivore,0.145
2019,Fringing,LTER_4,1,Primary Consumer,4.624
2019,Fringing,LTER_4,1,Secondary Consumer,18.199
2019,Fringing,LTER_4,2,Piscivore_primarily,3.591
2019,Fringing,LTER_4,2,Planktivore,0.379
2019,Fringing,LTER_4,2,Primary Consumer,18.050
2019,Fringing,LTER_4,2,Secondary Consumer,13.741
2019,Fringing,LTER_4,3,Piscivore_primarily,5.486
2019,Fringing,LTER_4,3,Planktivore,0.881
2019,Fringing,LTER_4,3,Primary Consumer,19.713
2019,Fringing,LTER_4,3,Secondary Consumer,79.895
2019,Fringing,LTER_4,4,Piscivore_primarily,2.842
2019,Fringing,LTER_4,4,Planktivore,3.330
2019,Fringing,LTER_4,4,Primary Consumer,8.099
2019,Fringing,LTER_4,4,Secondary Consumer,9.400
2019,Fringing,LTER_5,1,Piscivore_primarily,6.639
2019,Fringing,LTER_5,1,Planktivore,8.212
2019,Fringing,LTER_5,1,Primary Consumer,26.743
2019,Fringing,LTER_5,1,Secondary Consumer,3.959
2019,Fringing,LTER_5,2,Piscivore_primarily,0.357
2019,Fringing,LTER_5,2,Planktivore,5.821
2019,Fringing,LTER_5,2,Primary Consumer,15.048
2019,Fringing,LTER_5,2,Secondary Consumer,4.617
2019,Fringing,LTER_5,3,Piscivore_primarily,1.944
2019,Fringing,LTER_5,3,Planktivore,0.603
2019,Fringing,LTER_5,3,Primary Consumer,40.702
2019,Fringing,LTER_5,3,Secondary Consumer,6.113
2019,Fringing,LTER_5,4,Piscivore_primarily,32.838
2019,Fringing,LTER_5,4,Planktivore,25.082
2019,Fringing,LTER_5,4,Primary Consumer,17.266
2019,Fringing,LTER_5,4,Secondary Consumer,30.951
2019,Fringing,LTER_6,1,Planktivore,0.493
2019,Fringing,LTER_6,1,Primary Consumer,1.905
2019,Fringing,LTER_6,1,Secondary Consumer,4.719
2019,Fringing,LTER_6,2,Planktivore,2.275
2019,Fringing,LTER_6,2,Primary Consumer,11.638
2019,Fringing,LTER_6,2,Secondary Consumer,10.216
2019,Fringing,LTER_6,3,Piscivore_primarily,0.313
2019,Fringing,LTER_6,3,Primary Consumer,27.929
2019,Fringing,LTER_6,3,Secondary Consumer,7.236
2019,Fringing,LTER_6,4,Piscivore_primarily,1.983
2019,Fringing,LTER_6,4,Planktivore,0.900
2019,Fringing,LTER_6,4,Primary Consumer,12.580
2019,Fringing,LTER_6,4,Secondary Consumer,9.648
2020,Backreef,LTER_1,1,Planktivore,2.238
2020,Backreef,LTER_1,1,Primary Consumer,22.633
2020,Backreef,LTER_1,1,Secondary Consumer,4.081
2020,Backreef,LTER_1,2,Planktivore,0.004
2020,Backreef,LTER_1,2,Primary Consumer,32.569
2020,Backreef,LTER_1,2,Secondary Consumer,1.571
2020,Backreef,LTER_1,3,Piscivore_primarily,0.416
2020,Backreef,LTER_1,3,Planktivore,0.606
2020,Backreef,LTER_1,3,Primary Consumer,31.457
2020,Backreef,LTER_1,3,Secondary Consumer,4.349
2020,Backreef,LTER_1,4,Piscivore_primarily,0.572
2020,Backreef,LTER_1,4,Planktivore,1.005
2020,Backreef,LTER_1,4,Primary Consumer,32.808
2020,Backreef,LTER_1,4,Secondary Consumer,1.747
2020,Backreef,LTER_2,1,Piscivore_primarily,0.558
2020,Backreef,LTER_2,1,Planktivore,0.007
2020,Backreef,LTER_2,1,Primary Consumer,24.698
2020,Backreef,LTER_2,1,Secondary Consumer,8.903
2020,Backreef,LTER_2,2,Piscivore_primarily,0.279
2020,Backreef,LTER_2,2,Planktivore,0.163
2020,Backreef,LTER_2,2,Primary Consumer,165.520
2020,Backreef,LTER_2,2,Secondary Consumer,8.483
2020,Backreef,LTER_2,3,Piscivore_primarily,1.208
2020,Backreef,LTER_2,3,Primary Consumer,18.990
2020,Backreef,LTER_2,3,Secondary Consumer,11.086
2020,Backreef,LTER_2,4,Piscivore_primarily,79.677
2020,Backreef,LTER_2,4,Planktivore,0.075
2020,Backreef,LTER_2,4,Primary Consumer,5.665
2020,Backreef,LTER_2,4,Secondary Consumer,2.443
2020,Backreef,LTER_3,1,Piscivore_primarily,0.298
2020,Backreef,LTER_3,1,Planktivore,0.075
2020,Backreef,LTER_3,1,Primary Consumer,43.663
2020,Backreef,LTER_3,1,Secondary Consumer,5.623
2020,Backreef,LTER_3,2,Piscivore_primarily,0.640
2020,Backreef,LTER_3,2,Planktivore,0.396
2020,Backreef,LTER_3,2,Primary Consumer,47.559
2020,Backreef,LTER_3,2,Secondary Consumer,10.850
2020,Backreef,LTER_3,3,Piscivore_primarily,0.962
2020,Backreef,LTER_3,3,Planktivore,0.152
2020,Backreef,LTER_3,3,Primary Consumer,15.770
2020,Backreef,LTER_3,3,Secondary Consumer,5.963
2020,Backreef,LTER_3,4,Piscivore_primarily,3.374
2020,Backreef,LTER_3,4,Primary Consumer,8.466
2020,Backreef,LTER_3,4,Secondary Consumer,1.944
2020,Backreef,LTER_4,1,Planktivore,0.010
2020,Backreef,LTER_4,1,Primary Consumer,6.258
2020,Backreef,LTER_4,1,Secondary Consumer,6.046
2020,Backreef,LTER_4,2,Planktivore,0.315
2020,Backreef,LTER_4,2,Primary Consumer,19.041
2020,Backreef,LTER_4,2,Secondary Consumer,4.639
2020,Backreef,LTER_4,3,Planktivore,0.135
2020,Backreef,LTER_4,3,Primary Consumer,14.467
2020,Backreef,LTER_4,3,Secondary Consumer,3.531
2020,Backreef,LTER_4,4,Piscivore_primarily,0.205
2020,Backreef,LTER_4,4,Planktivore,0.226
2020,Backreef,LTER_4,4,Primary Consumer,22.905
2020,Backreef,LTER_4,4,Secondary Consumer,9.313
2020,Backreef,LTER_5,1,Piscivore_primarily,0.288
2020,Backreef,LTER_5,1,Planktivore,0.150
2020,Backreef,LTER_5,1,Primary Consumer,17.410
2020,Backreef,LTER_5,1,Secondary Consumer,6.152
2020,Backreef,LTER_5,2,Planktivore,0.309
2020,Backreef,LTER_5,2,Primary Consumer,26.509
2020,Backreef,LTER_5,2,Secondary Consumer,3.759
2020,Backreef,LTER_5,3,Primary Consumer,32.435
2020,Backreef,LTER_5,3,Secondary Consumer,10.234
2020,Backreef,LTER_5,4,Primary Consumer,35.482
2020,Backreef,LTER_5,4,Secondary Consumer,6.375
2020,Backreef,LTER_6,1,Piscivore_primarily,0.432
2020,Backreef,LTER_6,1,Planktivore,0.529
2020,Backreef,LTER_6,1,Primary Consumer,21.114
2020,Backreef,LTER_6,1,Secondary Consumer,9.403
2020,Backreef,LTER_6,2,Planktivore,0.715
2020,Backreef,LTER_6,2,Primary Consumer,36.088
2020,Backreef,LTER_6,2,Secondary Consumer,4.214
2020,Backreef,LTER_6,3,Piscivore_primarily,1.850
2020,Backreef,LTER_6,3,Planktivore,0.256
2020,Backreef,LTER_6,3,Primary Consumer,79.171
2020,Backreef,LTER_6,3,Secondary Consumer,4.055
2020,Backreef,LTER_6,4,Planktivore,2.204
2020,Backreef,LTER_6,4,Primary Consumer,16.167
2020,Backreef,LTER_6,4,Secondary Consumer,3.895
2020,Forereef,LTER_1,1,Piscivore_primarily,3.877
2020,Forereef,LTER_1,1,Planktivore,1.304
2020,Forereef,LTER_1,1,Primary Consumer,14.049
2020,Forereef,LTER_1,1,Secondary Consumer,8.754
2020,Forereef,LTER_1,2,Piscivore_primarily,16.852
2020,Forereef,LTER_1,2,Planktivore,8.627
2020,Forereef,LTER_1,2,Primary Consumer,24.583
2020,Forereef,LTER_1,2,Secondary Consumer,8.016
2020,Forereef,LTER_1,3,Piscivore_primarily,11.869
2020,Forereef,LTER_1,3,Planktivore,14.744
2020,Forereef,LTER_1,3,Primary Consumer,13.285
2020,Forereef,LTER_1,3,Secondary Consumer,12.411
2020,Forereef,LTER_1,4,Piscivore_primarily,7.684
2020,Forereef,LTER_1,4,Planktivore,5.930
2020,Forereef,LTER_1,4,Primary Consumer,26.566
2020,Forereef,LTER_1,4,Secondary Consumer,8.624
2020,Forereef,LTER_2,1,Piscivore_primarily,5.302
2020,Forereef,LTER_2,1,Planktivore,1.679
2020,Forereef,LTER_2,1,Primary Consumer,15.981
2020,Forereef,LTER_2,1,Secondary Consumer,13.315
2020,Forereef,LTER_2,2,Piscivore_primarily,9.351
2020,Forereef,LTER_2,2,Planktivore,4.105
2020,Forereef,LTER_2,2,Primary Consumer,35.885
2020,Forereef,LTER_2,2,Secondary Consumer,9.321
2020,Forereef,LTER_2,3,Piscivore_primarily,6.945
2020,Forereef,LTER_2,3,Planktivore,6.697
2020,Forereef,LTER_2,3,Primary Consumer,9.495
2020,Forereef,LTER_2,3,Secondary Consumer,17.008
2020,Forereef,LTER_2,4,Piscivore_primarily,18.467
2020,Forereef,LTER_2,4,Planktivore,12.152
2020,Forereef,LTER_2,4,Primary Consumer,42.012
2020,Forereef,LTER_2,4,Secondary Consumer,11.308
2020,Forereef,LTER_3,1,Piscivore_primarily,8.799
2020,Forereef,LTER_3,1,Planktivore,3.680
2020,Forereef,LTER_3,1,Primary Consumer,21.303
2020,Forereef,LTER_3,1,Secondary Consumer,8.107
2020,Forereef,LTER_3,2,Piscivore_primarily,9.562
2020,Forereef,LTER_3,2,Planktivore,3.558
2020,Forereef,LTER_3,2,Primary Consumer,37.407
2020,Forereef,LTER_3,2,Secondary Consumer,10.203
2020,Forereef,LTER_3,3,Piscivore_primarily,7.490
2020,Forereef,LTER_3,3,Planktivore,9.533
2020,Forereef,LTER_3,3,Primary Consumer,41.505
2020,Forereef,LTER_3,3,Secondary Consumer,13.307
2020,Forereef,LTER_3,4,Piscivore_primarily,7.166
2020,Forereef,LTER_3,4,Planktivore,6.172
2020,Forereef,LTER_3,4,Primary Consumer,61.564
2020,Forereef,LTER_3,4,Secondary Consumer,6.474
2020,Forereef,LTER_4,1,Piscivore_primarily,3.706
2020,Forereef,LTER_4,1,Planktivore,6.708
2020,Forereef,LTER_4,1,Primary Consumer,16.933
2020,Forereef,LTER_4,1,Secondary Consumer,8.860
2020,Forereef,LTER_4,2,Piscivore_primarily,3.918
2020,Forereef,LTER_4,2,Planktivore,11.051
2020,Forereef,LTER_4,2,Primary Consumer,22.871
2020,Forereef,LTER_4,2,Secondary Consumer,12.049
2020,Forereef,LTER_4,3,Piscivore_primarily,7.052
2020,Forereef,LTER_4,3,Planktivore,22.250
2020,Forereef,LTER_4,3,Primary Consumer,17.831
2020,Forereef,LTER_4,3,Secondary Consumer,21.058
2020,Forereef,LTER_4,4,Piscivore_primarily,5.536
2020,Forereef,LTER_4,4,Planktivore,10.564
2020,Forereef,LTER_4,4,Primary Consumer,21.439
2020,Forereef,LTER_4,4,Secondary Consumer,6.002
2020,Forereef,LTER_5,1,Piscivore_primarily,126.669
2020,Forereef,LTER_5,1,Planktivore,1.762
2020,Forereef,LTER_5,1,Primary Consumer,7.728
2020,Forereef,LTER_5,1,Secondary Consumer,13.951
2020,Forereef,LTER_5,2,Piscivore_primarily,1.053
2020,Forereef,LTER_5,2,Planktivore,0.363
2020,Forereef,LTER_5,2,Primary Consumer,16.105
2020,Forereef,LTER_5,2,Secondary Consumer,12.377
2020,Forereef,LTER_5,3,Piscivore_primarily,1.526
2020,Forereef,LTER_5,3,Planktivore,0.599
2020,Forereef,LTER_5,3,Primary Consumer,8.456
2020,Forereef,LTER_5,3,Secondary Consumer,6.740
2020,Forereef,LTER_5,4,Piscivore_primarily,8.231
2020,Forereef,LTER_5,4,Planktivore,0.402
2020,Forereef,LTER_5,4,Primary Consumer,12.327
2020,Forereef,LTER_5,4,Secondary Consumer,19.197
2020,Forereef,LTER_6,1,Piscivore_primarily,3.070
2020,Forereef,LTER_6,1,Planktivore,0.131
2020,Forereef,LTER_6,1,Primary Consumer,14.854
2020,Forereef,LTER_6,1,Secondary Consumer,8.149
2020,Forereef,LTER_6,2,Piscivore_primarily,5.072
2020,Forereef,LTER_6,2,Planktivore,3.277
2020,Forereef,LTER_6,2,Primary Consumer,50.910
2020,Forereef,LTER_6,2,Secondary Consumer,25.853
2020,Forereef,LTER_6,3,Piscivore_primarily,6.021
2020,Forereef,LTER_6,3,Planktivore,4.603
2020,Forereef,LTER_6,3,Primary Consumer,46.296
2020,Forereef,LTER_6,3,Secondary Consumer,15.186
2020,Forereef,LTER_6,4,Piscivore_primarily,8.059
2020,Forereef,LTER_6,4,Planktivore,1.711
2020,Forereef,LTER_6,4,Primary Consumer,46.023
2020,Forereef,LTER_6,4,Secondary Consumer,4.914
2020,Fringing,LTER_1,1,Piscivore_primarily,3.420
2020,Fringing,LTER_1,1,Planktivore,0.443
2020,Fringing,LTER_1,1,Primary Consumer,30.623
2020,Fringing,LTER_1,1,Secondary Consumer,12.661
2020,Fringing,LTER_1,2,Piscivore_primarily,3.520
2020,Fringing,LTER_1,2,Planktivore,0.257
2020,Fringing,LTER_1,2,Primary Consumer,49.280
2020,Fringing,LTER_1,2,Secondary Consumer,6.602
2020,Fringing,LTER_1,3,Planktivore,0.111
2020,Fringing,LTER_1,3,Primary Consumer,8.157
2020,Fringing,LTER_1,3,Secondary Consumer,9.736
2020,Fringing,LTER_1,4,Piscivore_primarily,0.194
2020,Fringing,LTER_1,4,Planktivore,0.684
2020,Fringing,LTER_1,4,Primary Consumer,20.909
2020,Fringing,LTER_1,4,Secondary Consumer,8.825
2020,Fringing,LTER_2,1,Planktivore,0.366
2020,Fringing,LTER_2,1,Primary Consumer,14.025
2020,Fringing,LTER_2,1,Secondary Consumer,6.467
2020,Fringing,LTER_2,2,Piscivore_primarily,1.958
2020,Fringing,LTER_2,2,Planktivore,0.656
2020,Fringing,LTER_2,2,Primary Consumer,32.860
2020,Fringing,LTER_2,2,Secondary Consumer,8.774
2020,Fringing,LTER_2,3,Piscivore_primarily,1.041
2020,Fringing,LTER_2,3,Planktivore,5.307
2020,Fringing,LTER_2,3,Primary Consumer,28.452
2020,Fringing,LTER_2,3,Secondary Consumer,18.558
2020,Fringing,LTER_2,4,Piscivore_primarily,1.785
2020,Fringing,LTER_2,4,Planktivore,0.455
2020,Fringing,LTER_2,4,Primary Consumer,41.273
2020,Fringing,LTER_2,4,Secondary Consumer,17.547
2020,Fringing,LTER_3,1,Piscivore_primarily,7.020
2020,Fringing,LTER_3,1,Planktivore,0.143
2020,Fringing,LTER_3,1,Primary Consumer,19.306
2020,Fringing,LTER_3,1,Secondary Consumer,42.975
2020,Fringing,LTER_3,2,Piscivore_primarily,2.748
2020,Fringing,LTER_3,2,Planktivore,0.985
2020,Fringing,LTER_3,2,Primary Consumer,15.786
2020,Fringing,LTER_3,2,Secondary Consumer,7.451
2020,Fringing,LTER_3,3,Piscivore_primarily,4.814
2020,Fringing,LTER_3,3,Planktivore,2.918
2020,Fringing,LTER_3,3,Primary Consumer,8.290
2020,Fringing,LTER_3,3,Secondary Consumer,11.895
2020,Fringing,LTER_3,4,Piscivore_primarily,329.656
2020,Fringing,LTER_3,4,Planktivore,1.309
2020,Fringing,LTER_3,4,Primary Consumer,31.575
2020,Fringing,LTER_3,4,Secondary Consumer,9.277
2020,Fringing,LTER_4,1,Piscivore_primarily,20.415
2020,Fringing,LTER_4,1,Planktivore,0.560
2020,Fringing,LTER_4,1,Primary Consumer,8.329
2020,Fringing,LTER_4,1,Secondary Consumer,19.010
2020,Fringing,LTER_4,2,Piscivore_primarily,0.217
2020,Fringing,LTER_4,2,Planktivore,1.343
2020,Fringing,LTER_4,2,Primary Consumer,21.532
2020,Fringing,LTER_4,2,Secondary Consumer,6.167
2020,Fringing,LTER_4,3,Piscivore_primarily,8.929
2020,Fringing,LTER_4,3,Planktivore,1.284
2020,Fringing,LTER_4,3,Primary Consumer,19.379
2020,Fringing,LTER_4,3,Secondary Consumer,29.877
2020,Fringing,LTER_4,4,Piscivore_primarily,3.628
2020,Fringing,LTER_4,4,Planktivore,0.664
2020,Fringing,LTER_4,4,Primary Consumer,68.619
2020,Fringing,LTER_4,4,Secondary Consumer,80.772
2020,Fringing,LTER_5,1,Piscivore_primarily,0.851
2020,Fringing,LTER_5,1,Planktivore,28.134
2020,Fringing,LTER_5,1,Primary Consumer,9.551
2020,Fringing,LTER_5,1,Secondary Consumer,15.158
2020,Fringing,LTER_5,2,Piscivore_primarily,0.127
2020,Fringing,LTER_5,2,Planktivore,2.449
2020,Fringing,LTER_5,2,Primary Consumer,6.596
2020,Fringing,LTER_5,2,Secondary Consumer,1.127
2020,Fringing,LTER_5,3,Piscivore_primarily,1.774
2020,Fringing,LTER_5,3,Planktivore,9.208
2020,Fringing,LTER_5,3,Primary Consumer,20.006
2020,Fringing,LTER_5,3,Secondary Consumer,16.192
2020,Fringing,LTER_5,4,Piscivore_primarily,51.772
2020,Fringing,LTER_5,4,Planktivore,7.956
2020,Fringing,LTER_5,4,Primary Consumer,48.451
2020,Fringing,LTER_5,4,Secondary Consumer,43.253
2020,Fringing,LTER_6,1,Planktivore,0.101
2020,Fringing,LTER_6,1,Primary Consumer,8.379
2020,Fringing,LTER_6,1,Secondary Consumer,10.594
2020,Fringing,LTER_6,2,Planktivore,0.383
2020,Fringing,LTER_6,2,Primary Consumer,2.883
2020,Fringing,LTER_6,2,Secondary Consumer,5.908
2020,Fringing,LTER_6,3,Piscivore_primarily,0.984
2020,Fringing,LTER_6,3,Primary Consumer,35.588
2020,Fringing,LTER_6,3,Secondary Consumer,13.295
2020,Fringing,LTER_6,4,Piscivore_primarily,0.346
2020,Fringing,LTER_6,4,Planktivore,0.289
2020,Fringing,LTER_6,4,Primary Consumer,31.572
2020,Fringing,LTER_6,4,Secondary Consumer,3.760
2021,Backreef,LTER_1,1,Piscivore_primarily,0.011
2021,Backreef,LTER_1,1,Primary Consumer,38.456
2021,Backreef,LTER_1,1,Secondary Consumer,9.752
2021,Backreef,LTER_1,2,Piscivore_primarily,2.786
2021,Backreef,LTER_1,2,Planktivore,0.079
2021,Backreef,LTER_1,2,Primary Consumer,47.076
2021,Backreef,LTER_1,2,Secondary Consumer,7.254
2021,Backreef,LTER_1,3,Piscivore_primarily,3.729
2021,Backreef,LTER_1,3,Planktivore,1.031
2021,Backreef,LTER_1,3,Primary Consumer,31.155
2021,Backreef,LTER_1,3,Secondary Consumer,9.766
2021,Backreef,LTER_1,4,Planktivore,0.502
2021,Backreef,LTER_1,4,Primary Consumer,18.459
2021,Backreef,LTER_1,4,Secondary Consumer,2.521
2021,Backreef,LTER_2,1,Piscivore_primarily,2.509
2021,Backreef,LTER_2,1,Planktivore,0.010
2021,Backreef,LTER_2,1,Primary Consumer,17.126
2021,Backreef,LTER_2,1,Secondary Consumer,7.692
2021,Backreef,LTER_2,2,Piscivore_primarily,0.069
2021,Backreef,LTER_2,2,Planktivore,0.020
2021,Backreef,LTER_2,2,Primary Consumer,47.615
2021,Backreef,LTER_2,2,Secondary Consumer,10.941
2021,Backreef,LTER_2,3,Piscivore_primarily,17.798
2021,Backreef,LTER_2,3,Primary Consumer,37.365
2021,Backreef,LTER_2,3,Secondary Consumer,11.060
2021,Backreef,LTER_2,4,Piscivore_primarily,1.579
2021,Backreef,LTER_2,4,Planktivore,0.146
2021,Backreef,LTER_2,4,Primary Consumer,17.855
2021,Backreef,LTER_2,4,Secondary Consumer,2.624
2021,Backreef,LTER_3,1,Piscivore_primarily,0.457
2021,Backreef,LTER_3,1,Primary Consumer,23.576
2021,Backreef,LTER_3,1,Secondary Consumer,10.756
2021,Backreef,LTER_3,2,Piscivore_primarily,2.176
2021,Backreef,LTER_3,2,Planktivore,0.451
2021,Backreef,LTER_3,2,Primary Consumer,58.453
2021,Backreef,LTER_3,2,Secondary Consumer,22.813
2021,Backreef,LTER_3,3,Piscivore_primarily,0.392
2021,Backreef,LTER_3,3,Primary Consumer,9.896
2021,Backreef,LTER_3,3,Secondary Consumer,2.422
2021,Backreef,LTER_3,4,Piscivore_primarily,0.236
2021,Backreef,LTER_3,4,Primary Consumer,14.324
2021,Backreef,LTER_3,4,Secondary Consumer,7.503
2021,Backreef,LTER_4,1,Planktivore,0.013
2021,Backreef,LTER_4,1,Primary Consumer,15.423
2021,Backreef,LTER_4,1,Secondary Consumer,6.787
2021,Backreef,LTER_4,2,Planktivore,0.079
2021,Backreef,LTER_4,2,Primary Consumer,30.097
2021,Backreef,LTER_4,2,Secondary Consumer,17.425
2021,Backreef,LTER_4,3,Planktivore,0.063
2021,Backreef,LTER_4,3,Primary Consumer,10.567
2021,Backreef,LTER_4,3,Secondary Consumer,6.884
2021,Backreef,LTER_4,4,Piscivore_primarily,3.687
2021,Backreef,LTER_4,4,Planktivore,0.179
2021,Backreef,LTER_4,4,Primary Consumer,31.939
2021,Backreef,LTER_4,4,Secondary Consumer,63.109
2021,Backreef,LTER_5,1,Piscivore_primarily,0.471
2021,Backreef,LTER_5,1,Planktivore,1.567
2021,Backreef,LTER_5,1,Primary Consumer,21.976
2021,Backreef,LTER_5,1,Secondary Consumer,4.361
2021,Backreef,LTER_5,2,Planktivore,0.565
2021,Backreef,LTER_5,2,Primary Consumer,40.079
2021,Backreef,LTER_5,2,Secondary Consumer,3.306
2021,Backreef,LTER_5,3,Piscivore_primarily,1.361
2021,Backreef,LTER_5,3,Planktivore,0.184
2021,Backreef,LTER_5,3,Primary Consumer,36.409
2021,Backreef,LTER_5,3,Secondary Consumer,13.466
2021,Backreef,LTER_5,4,Piscivore_primarily,0.118
2021,Backreef,LTER_5,4,Planktivore,0.368
2021,Backreef,LTER_5,4,Primary Consumer,37.992
2021,Backreef,LTER_5,4,Secondary Consumer,3.377
2021,Backreef,LTER_6,1,Piscivore_primarily,1.012
2021,Backreef,LTER_6,1,Planktivore,0.002
2021,Backreef,LTER_6,1,Primary Consumer,18.828
2021,Backreef,LTER_6,1,Secondary Consumer,12.772
2021,Backreef,LTER_6,2,Piscivore_primarily,0.288
2021,Backreef,LTER_6,2,Planktivore,1.140
2021,Backreef,LTER_6,2,Primary Consumer,48.975
2021,Backreef,LTER_6,2,Secondary Consumer,6.751
2021,Backreef,LTER_6,3,Piscivore_primarily,1.238
2021,Backreef,LTER_6,3,Planktivore,0.316
2021,Backreef,LTER_6,3,Primary Consumer,58.306
2021,Backreef,LTER_6,3,Secondary Consumer,11.079
2021,Backreef,LTER_6,4,Piscivore_primarily,0.582
2021,Backreef,LTER_6,4,Planktivore,6.670
2021,Backreef,LTER_6,4,Primary Consumer,14.904
2021,Backreef,LTER_6,4,Secondary Consumer,6.097
2021,Forereef,LTER_1,1,Piscivore_primarily,10.449
2021,Forereef,LTER_1,1,Planktivore,2.809
2021,Forereef,LTER_1,1,Primary Consumer,17.606
2021,Forereef,LTER_1,1,Secondary Consumer,6.318
2021,Forereef,LTER_1,2,Piscivore_primarily,16.256
2021,Forereef,LTER_1,2,Planktivore,3.031
2021,Forereef,LTER_1,2,Primary Consumer,47.321
2021,Forereef,LTER_1,2,Secondary Consumer,13.626
2021,Forereef,LTER_1,3,Piscivore_primarily,16.349
2021,Forereef,LTER_1,3,Planktivore,16.905
2021,Forereef,LTER_1,3,Primary Consumer,79.564
2021,Forereef,LTER_1,3,Secondary Consumer,6.344
2021,Forereef,LTER_1,4,Piscivore_primarily,8.284
2021,Forereef,LTER_1,4,Planktivore,0.940
2021,Forereef,LTER_1,4,Primary Consumer,31.812
2021,Forereef,LTER_1,4,Secondary Consumer,7.787
2021,Forereef,LTER_2,1,Piscivore_primarily,7.389
2021,Forereef,LTER_2,1,Planktivore,11.120
2021,Forereef,LTER_2,1,Primary Consumer,23.437
2021,Forereef,LTER_2,1,Secondary Consumer,7.734
2021,Forereef,LTER_2,2,Piscivore_primarily,12.994
2021,Forereef,LTER_2,2,Planktivore,5.149
2021,Forereef,LTER_2,2,Primary Consumer,29.395
2021,Forereef,LTER_2,2,Secondary Consumer,16.851
2021,Forereef,LTER_2,3,Piscivore_primarily,9.602
2021,Forereef,LTER_2,3,Planktivore,14.647
2021,Forereef,LTER_2,3,Primary Consumer,31.970
2021,Forereef,LTER_2,3,Secondary Consumer,14.013
2021,Forereef,LTER_2,4,Piscivore_primarily,5.546
2021,Forereef,LTER_2,4,Planktivore,4.852
2021,Forereef,LTER_2,4,Primary Consumer,37.655
2021,Forereef,LTER_2,4,Secondary Consumer,10.080
2021,Forereef,LTER_3,1,Piscivore_primarily,6.989
2021,Forereef,LTER_3,1,Planktivore,1.598
2021,Forereef,LTER_3,1,Primary Consumer,19.504
2021,Forereef,LTER_3,1,Secondary Consumer,9.648
2021,Forereef,LTER_3,2,Piscivore_primarily,6.520
2021,Forereef,LTER_3,2,Planktivore,4.028
2021,Forereef,LTER_3,2,Primary Consumer,19.227
2021,Forereef,LTER_3,2,Secondary Consumer,10.196
2021,Forereef,LTER_3,3,Piscivore_primarily,9.356
2021,Forereef,LTER_3,3,Planktivore,16.655
2021,Forereef,LTER_3,3,Primary Consumer,31.480
2021,Forereef,LTER_3,3,Secondary Consumer,18.247
2021,Forereef,LTER_3,4,Piscivore_primarily,3.974
2021,Forereef,LTER_3,4,Planktivore,11.822
2021,Forereef,LTER_3,4,Primary Consumer,22.495
2021,Forereef,LTER_3,4,Secondary Consumer,19.974
2021,Forereef,LTER_4,1,Piscivore_primarily,9.877
2021,Forereef,LTER_4,1,Planktivore,3.854
2021,Forereef,LTER_4,1,Primary Consumer,26.930
2021,Forereef,LTER_4,1,Secondary Consumer,12.884
2021,Forereef,LTER_4,2,Piscivore_primarily,1.243
2021,Forereef,LTER_4,2,Planktivore,8.449
2021,Forereef,LTER_4,2,Primary Consumer,22.537
2021,Forereef,LTER_4,2,Secondary Consumer,7.617
2021,Forereef,LTER_4,3,Piscivore_primarily,10.350
2021,Forereef,LTER_4,3,Planktivore,16.921
2021,Forereef,LTER_4,3,Primary Consumer,16.875
2021,Forereef,LTER_4,3,Secondary Consumer,15.218
2021,Forereef,LTER_4,4,Piscivore_primarily,2.470
2021,Forereef,LTER_4,4,Planktivore,18.726
2021,Forereef,LTER_4,4,Primary Consumer,17.771
2021,Forereef,LTER_4,4,Secondary Consumer,21.056
2021,Forereef,LTER_5,1,Piscivore_primarily,0.435
2021,Forereef,LTER_5,1,Planktivore,3.281
2021,Forereef,LTER_5,1,Primary Consumer,8.245
2021,Forereef,LTER_5,1,Secondary Consumer,5.425
2021,Forereef,LTER_5,2,Piscivore_primarily,1.574
2021,Forereef,LTER_5,2,Planktivore,6.121
2021,Forereef,LTER_5,2,Primary Consumer,27.662
2021,Forereef,LTER_5,2,Secondary Consumer,6.118
2021,Forereef,LTER_5,3,Piscivore_primarily,2.953
2021,Forereef,LTER_5,3,Planktivore,3.579
2021,Forereef,LTER_5,3,Primary Consumer,25.040
2021,Forereef,LTER_5,3,Secondary Consumer,10.573
2021,Forereef,LTER_5,4,Piscivore_primarily,0.798
2021,Forereef,LTER_5,4,Planktivore,2.859
2021,Forereef,LTER_5,4,Primary Consumer,24.712
2021,Forereef,LTER_5,4,Secondary Consumer,29.530
2021,Forereef,LTER_6,1,Piscivore_primarily,11.018
2021,Forereef,LTER_6,1,Planktivore,0.694
2021,Forereef,LTER_6,1,Primary Consumer,47.436
2021,Forereef,LTER_6,1,Secondary Consumer,12.936
2021,Forereef,LTER_6,2,Piscivore_primarily,10.343
2021,Forereef,LTER_6,2,Planktivore,2.014
2021,Forereef,LTER_6,2,Primary Consumer,65.891
2021,Forereef,LTER_6,2,Secondary Consumer,9.245
2021,Forereef,LTER_6,3,Piscivore_primarily,15.992
2021,Forereef,LTER_6,3,Planktivore,4.355
2021,Forereef,LTER_6,3,Primary Consumer,47.419
2021,Forereef,LTER_6,3,Secondary Consumer,12.903
2021,Forereef,LTER_6,4,Piscivore_primarily,21.880
2021,Forereef,LTER_6,4,Planktivore,1.306
2021,Forereef,LTER_6,4,Primary Consumer,52.904
2021,Forereef,LTER_6,4,Secondary Consumer,11.330
2021,Fringing,LTER_1,1,Piscivore_primarily,3.124
2021,Fringing,LTER_1,1,Planktivore,2.047
2021,Fringing,LTER_1,1,Primary Consumer,59.445
2021,Fringing,LTER_1,1,Secondary Consumer,26.995
2021,Fringing,LTER_1,2,Piscivore_primarily,1.816
2021,Fringing,LTER_1,2,Planktivore,0.012
2021,Fringing,LTER_1,2,Primary Consumer,35.139
2021,Fringing,LTER_1,2,Secondary Consumer,16.876
2021,Fringing,LTER_1,3,Piscivore_primarily,1.677
2021,Fringing,LTER_1,3,Planktivore,0.158
2021,Fringing,LTER_1,3,Primary Consumer,23.126
2021,Fringing,LTER_1,3,Secondary Consumer,8.290
2021,Fringing,LTER_1,4,Piscivore_primarily,8.845
2021,Fringing,LTER_1,4,Planktivore,1.677
2021,Fringing,LTER_1,4,Primary Consumer,31.888
2021,Fringing,LTER_1,4,Secondary Consumer,11.187
2021,Fringing,LTER_2,1,Piscivore_primarily,7.961
2021,Fringing,LTER_2,1,Planktivore,1.153
2021,Fringing,LTER_2,1,Primary Consumer,21.780
2021,Fringing,LTER_2,1,Secondary Consumer,10.485
2021,Fringing,LTER_2,2,Piscivore_primarily,2.298
2021,Fringing,LTER_2,2,Planktivore,0.424
2021,Fringing,LTER_2,2,Primary Consumer,43.343
2021,Fringing,LTER_2,2,Secondary Consumer,10.529
2021,Fringing,LTER_2,3,Piscivore_primarily,3.103
2021,Fringing,LTER_2,3,Planktivore,19.878
2021,Fringing,LTER_2,3,Primary Consumer,46.595
2021,Fringing,LTER_2,3,Secondary Consumer,21.357
2021,Fringing,LTER_2,4,Piscivore_primarily,5.738
2021,Fringing,LTER_2,4,Planktivore,0.319
2021,Fringing,LTER_2,4,Primary Consumer,74.665
2021,Fringing,LTER_2,4,Secondary Consumer,44.724
2021,Fringing,LTER_3,1,Piscivore_primarily,2.961
2021,Fringing,LTER_3,1,Planktivore,1.386
2021,Fringing,LTER_3,1,Primary Consumer,15.177
2021,Fringing,LTER_3,1,Secondary Consumer,42.951
2021,Fringing,LTER_3,2,Piscivore_primarily,4.039
2021,Fringing,LTER_3,2,Planktivore,0.568
2021,Fringing,LTER_3,2,Primary Consumer,27.140
2021,Fringing,LTER_3,2,Secondary Consumer,12.695
2021,Fringing,LTER_3,3,Piscivore_primarily,0.767
2021,Fringing,LTER_3,3,Planktivore,1.666
2021,Fringing,LTER_3,3,Primary Consumer,9.440
2021,Fringing,LTER_3,3,Secondary Consumer,7.384
2021,Fringing,LTER_3,4,Piscivore_primarily,1.670
2021,Fringing,LTER_3,4,Planktivore,1.446
2021,Fringing,LTER_3,4,Primary Consumer,12.446
2021,Fringing,LTER_3,4,Secondary Consumer,13.690
2021,Fringing,LTER_4,1,Piscivore_primarily,2.592
2021,Fringing,LTER_4,1,Planktivore,1.251
2021,Fringing,LTER_4,1,Primary Consumer,5.849
2021,Fringing,LTER_4,1,Secondary Consumer,108.553
2021,Fringing,LTER_4,2,Piscivore_primarily,1.322
2021,Fringing,LTER_4,2,Planktivore,0.558
2021,Fringing,LTER_4,2,Primary Consumer,10.274
2021,Fringing,LTER_4,2,Secondary Consumer,5.198
2021,Fringing,LTER_4,3,Piscivore_primarily,3.199
2021,Fringing,LTER_4,3,Planktivore,1.877
2021,Fringing,LTER_4,3,Primary Consumer,15.116
2021,Fringing,LTER_4,3,Secondary Consumer,172.714
2021,Fringing,LTER_4,4,Piscivore_primarily,2.578
2021,Fringing,LTER_4,4,Planktivore,0.863
2021,Fringing,LTER_4,4,Primary Consumer,17.436
2021,Fringing,LTER_4,4,Secondary Consumer,15.587
2021,Fringing,LTER_5,1,Piscivore_primarily,2.960
2021,Fringing,LTER_5,1,Planktivore,16.697
2021,Fringing,LTER_5,1,Primary Consumer,6.268
2021,Fringing,LTER_5,1,Secondary Consumer,5.896
2021,Fringing,LTER_5,2,Piscivore_primarily,0.333
2021,Fringing,LTER_5,2,Planktivore,12.655
2021,Fringing,LTER_5,2,Primary Consumer,15.843
2021,Fringing,LTER_5,2,Secondary Consumer,4.461
2021,Fringing,LTER_5,3,Planktivore,12.780
2021,Fringing,LTER_5,3,Primary Consumer,22.066
2021,Fringing,LTER_5,3,Secondary Consumer,11.716
2021,Fringing,LTER_5,4,Piscivore_primarily,63.026
2021,Fringing,LTER_5,4,Planktivore,14.788
2021,Fringing,LTER_5,4,Primary Consumer,38.876
2021,Fringing,LTER_5,4,Secondary Consumer,13.374
2021,Fringing,LTER_6,1,Planktivore,0.190
2021,Fringing,LTER_6,1,Primary Consumer,0.739
2021,Fringing,LTER_6,1,Secondary Consumer,1.299
2021,Fringing,LTER_6,2,Planktivore,3.684
2021,Fringing,LTER_6,2,Primary Consumer,2.627
2021,Fringing,LTER_6,2,Secondary Consumer,6.920
2021,Fringing,LTER_6,3,Planktivore,0.027
2021,Fringing,LTER_6,3,Primary Consumer,0.764
2021,Fringing,LTER_6,3,Secondary Consumer,1.953
2021,Fringing,LTER_6,4,Planktivore,0.484
2021,Fringing,LTER_6,4,Primary Consumer,2.346
2021,Fringing,LTER_6,4,Secondary Consumer,4.193
2022,Backreef,LTER_1,1,Piscivore_primarily,0.282
2022,Backreef,LTER_1,1,Planktivore,0.052
2022,Backreef,LTER_1,1,Primary Consumer,23.342
2022,Backreef,LTER_1,1,Secondary Consumer,6.942
2022,Backreef,LTER_1,2,Primary Consumer,16.263
2022,Backreef,LTER_1,2,Secondary Consumer,4.975
2022,Backreef,LTER_1,3,Piscivore_primarily,0.488
2022,Backreef,LTER_1,3,Planktivore,1.995
2022,Backreef,LTER_1,3,Primary Consumer,31.398
2022,Backreef,LTER_1,3,Secondary Consumer,2.194
2022,Backreef,LTER_1,4,Piscivore_primarily,0.287
2022,Backreef,LTER_1,4,Primary Consumer,43.197
2022,Backreef,LTER_1,4,Secondary Consumer,6.655
2022,Backreef,LTER_2,1,Piscivore_primarily,5.888
2022,Backreef,LTER_2,1,Planktivore,0.071
2022,Backreef,LTER_2,1,Primary Consumer,31.685
2022,Backreef,LTER_2,1,Secondary Consumer,5.919
2022,Backreef,LTER_2,2,Planktivore,0.578
2022,Backreef,LTER_2,2,Primary Consumer,33.581
2022,Backreef,LTER_2,2,Secondary Consumer,6.024
2022,Backreef,LTER_2,3,Piscivore_primarily,2.660
2022,Backreef,LTER_2,3,Planktivore,0.029
2022,Backreef,LTER_2,3,Primary Consumer,37.520
2022,Backreef,LTER_2,3,Secondary Consumer,7.616
2022,Backreef,LTER_2,4,Planktivore,0.176
2022,Backreef,LTER_2,4,Primary Consumer,17.011
2022,Backreef,LTER_2,4,Secondary Consumer,5.191
2022,Backreef,LTER_3,1,Piscivore_primarily,0.190
2022,Backreef,LTER_3,1,Primary Consumer,24.124
2022,Backreef,LTER_3,1,Secondary Consumer,10.494
2022,Backreef,LTER_3,2,Piscivore_primarily,186.340
2022,Backreef,LTER_3,2,Planktivore,1.561
2022,Backreef,LTER_3,2,Primary Consumer,81.538
2022,Backreef,LTER_3,2,Secondary Consumer,5.331
2022,Backreef,LTER_3,3,Piscivore_primarily,0.413
2022,Backreef,LTER_3,3,Primary Consumer,8.769
2022,Backreef,LTER_3,3,Secondary Consumer,4.090
2022,Backreef,LTER_3,4,Primary Consumer,6.769
2022,Backreef,LTER_3,4,Secondary Consumer,3.434
2022,Backreef,LTER_4,1,Piscivore_primarily,0.261
2022,Backreef,LTER_4,1,Planktivore,0.036
2022,Backreef,LTER_4,1,Primary Consumer,13.614
2022,Backreef,LTER_4,1,Secondary Consumer,1.545
2022,Backreef,LTER_4,2,Planktivore,0.271
2022,Backreef,LTER_4,2,Primary Consumer,27.614
2022,Backreef,LTER_4,2,Secondary Consumer,5.516
2022,Backreef,LTER_4,3,Piscivore_primarily,0.346
2022,Backreef,LTER_4,3,Planktivore,0.652
2022,Backreef,LTER_4,3,Primary Consumer,17.882
2022,Backreef,LTER_4,3,Secondary Consumer,6.232
2022,Backreef,LTER_4,4,Planktivore,0.350
2022,Backreef,LTER_4,4,Primary Consumer,29.357
2022,Backreef,LTER_4,4,Secondary Consumer,4.580
2022,Backreef,LTER_5,1,Piscivore_primarily,1.349
2022,Backreef,LTER_5,1,Planktivore,1.457
2022,Backreef,LTER_5,1,Primary Consumer,23.371
2022,Backreef,LTER_5,1,Secondary Consumer,6.132
2022,Backreef,LTER_5,2,Piscivore_primarily,0.575
2022,Backreef,LTER_5,2,Planktivore,1.240
2022,Backreef,LTER_5,2,Primary Consumer,27.108
2022,Backreef,LTER_5,2,Secondary Consumer,2.394
2022,Backreef,LTER_5,3,Piscivore_primarily,1.612
2022,Backreef,LTER_5,3,Planktivore,0.267
2022,Backreef,LTER_5,3,Primary Consumer,26.422
2022,Backreef,LTER_5,3,Secondary Consumer,7.507
2022,Backreef,LTER_5,4,Piscivore_primarily,0.545
2022,Backreef,LTER_5,4,Planktivore,0.071
2022,Backreef,LTER_5,4,Primary Consumer,72.081
2022,Backreef,LTER_5,4,Secondary Consumer,2.644
2022,Backreef,LTER_6,1,Piscivore_primarily,0.282
2022,Backreef,LTER_6,1,Planktivore,0.150
2022,Backreef,LTER_6,1,Primary Consumer,29.300
2022,Backreef,LTER_6,1,Secondary Consumer,5.548
2022,Backreef,LTER_6,2,Planktivore,0.947
2022,Backreef,LTER_6,2,Primary Consumer,15.314
2022,Backreef,LTER_6,2,Secondary Consumer,1.178
2022,Backreef,LTER_6,3,Planktivore,0.004
2022,Backreef,LTER_6,3,Primary Consumer,36.638
2022,Backreef,LTER_6,3,Secondary Consumer,5.238
2022,Backreef,LTER_6,4,Piscivore_primarily,0.325
2022,Backreef,LTER_6,4,Primary Consumer,18.546
2022,Backreef,LTER_6,4,Secondary Consumer,5.616
2022,Forereef,LTER_1,1,Piscivore_primarily,5.638
2022,Forereef,LTER_1,1,Planktivore,0.450
2022,Forereef,LTER_1,1,Primary Consumer,27.675
2022,Forereef,LTER_1,1,Secondary Consumer,9.738
2022,Forereef,LTER_1,2,Piscivore_primarily,7.029
2022,Forereef,LTER_1,2,Planktivore,3.859
2022,Forereef,LTER_1,2,Primary Consumer,24.937
2022,Forereef,LTER_1,2,Secondary Consumer,5.894
2022,Forereef,LTER_1,3,Piscivore_primarily,12.755
2022,Forereef,LTER_1,3,Planktivore,3.965
2022,Forereef,LTER_1,3,Primary Consumer,18.898
2022,Forereef,LTER_1,3,Secondary Consumer,11.231
2022,Forereef,LTER_1,4,Piscivore_primarily,83.538
2022,Forereef,LTER_1,4,Planktivore,6.361
2022,Forereef,LTER_1,4,Primary Consumer,25.844
2022,Forereef,LTER_1,4,Secondary Consumer,11.890
2022,Forereef,LTER_2,1,Piscivore_primarily,1.896
2022,Forereef,LTER_2,1,Planktivore,13.674
2022,Forereef,LTER_2,1,Primary Consumer,18.025
2022,Forereef,LTER_2,1,Secondary Consumer,8.887
2022,Forereef,LTER_2,2,Piscivore_primarily,5.205
2022,Forereef,LTER_2,2,Planktivore,7.470
2022,Forereef,LTER_2,2,Primary Consumer,17.745
2022,Forereef,LTER_2,2,Secondary Consumer,5.550
2022,Forereef,LTER_2,3,Piscivore_primarily,404.886
2022,Forereef,LTER_2,3,Planktivore,21.869
2022,Forereef,LTER_2,3,Primary Consumer,15.373
2022,Forereef,LTER_2,3,Secondary Consumer,13.443
2022,Forereef,LTER_2,4,Piscivore_primarily,401.791
2022,Forereef,LTER_2,4,Planktivore,2.628
2022,Forereef,LTER_2,4,Primary Consumer,47.548
2022,Forereef,LTER_2,4,Secondary Consumer,10.877
2022,Forereef,LTER_3,1,Piscivore_primarily,0.917
2022,Forereef,LTER_3,1,Planktivore,0.853
2022,Forereef,LTER_3,1,Primary Consumer,20.852
2022,Forereef,LTER_3,1,Secondary Consumer,6.721
2022,Forereef,LTER_3,2,Piscivore_primarily,1.541
2022,Forereef,LTER_3,2,Planktivore,3.403
2022,Forereef,LTER_3,2,Primary Consumer,17.961
2022,Forereef,LTER_3,2,Secondary Consumer,5.460
2022,Forereef,LTER_3,3,Piscivore_primarily,2.250
2022,Forereef,LTER_3,3,Planktivore,6.419
2022,Forereef,LTER_3,3,Primary Consumer,21.116
2022,Forereef,LTER_3,3,Secondary Consumer,7.036
2022,Forereef,LTER_3,4,Piscivore_primarily,3.461
2022,Forereef,LTER_3,4,Planktivore,13.218
2022,Forereef,LTER_3,4,Primary Consumer,32.638
2022,Forereef,LTER_3,4,Secondary Consumer,13.708
2022,Forereef,LTER_4,1,Piscivore_primarily,2.880
2022,Forereef,LTER_4,1,Planktivore,0.745
2022,Forereef,LTER_4,1,Primary Consumer,9.052
2022,Forereef,LTER_4,1,Secondary Consumer,9.036
2022,Forereef,LTER_4,2,Piscivore_primarily,5.726
2022,Forereef,LTER_4,2,Planktivore,3.022
2022,Forereef,LTER_4,2,Primary Consumer,12.811
2022,Forereef,LTER_4,2,Secondary Consumer,5.281
2022,Forereef,LTER_4,3,Piscivore_primarily,7.787
2022,Forereef,LTER_4,3,Planktivore,3.619
2022,Forereef,LTER_4,3,Primary Consumer,16.053
2022,Forereef,LTER_4,3,Secondary Consumer,6.704
2022,Forereef,LTER_4,4,Piscivore_primarily,5.549
2022,Forereef,LTER_4,4,Planktivore,5.116
2022,Forereef,LTER_4,4,Primary Consumer,36.460
2022,Forereef,LTER_4,4,Secondary Consumer,15.218
2022,Forereef,LTER_5,1,Piscivore_primarily,1.594
2022,Forereef,LTER_5,1,Planktivore,2.363
2022,Forereef,LTER_5,1,Primary Consumer,9.397
2022,Forereef,LTER_5,1,Secondary Consumer,6.426
2022,Forereef,LTER_5,2,Piscivore_primarily,0.624
2022,Forereef,LTER_5,2,Planktivore,1.355
2022,Forereef,LTER_5,2,Primary Consumer,69.332
2022,Forereef,LTER_5,2,Secondary Consumer,3.748
2022,Forereef,LTER_5,3,Planktivore,0.904
2022,Forereef,LTER_5,3,Primary Consumer,42.550
2022,Forereef,LTER_5,3,Secondary Consumer,2.717
2022,Forereef,LTER_5,4,Piscivore_primarily,4.222
2022,Forereef,LTER_5,4,Planktivore,0.093
2022,Forereef,LTER_5,4,Primary Consumer,52.781
2022,Forereef,LTER_5,4,Secondary Consumer,3.686
2022,Forereef,LTER_6,1,Piscivore_primarily,4.309
2022,Forereef,LTER_6,1,Planktivore,0.526
2022,Forereef,LTER_6,1,Primary Consumer,27.760
2022,Forereef,LTER_6,1,Secondary Consumer,8.339
2022,Forereef,LTER_6,2,Piscivore_primarily,4.888
2022,Forereef,LTER_6,2,Planktivore,0.616
2022,Forereef,LTER_6,2,Primary Consumer,73.016
2022,Forereef,LTER_6,2,Secondary Consumer,3.935
2022,Forereef,LTER_6,3,Piscivore_primarily,16.762
2022,Forereef,LTER_6,3,Planktivore,0.803
2022,Forereef,LTER_6,3,Primary Consumer,49.517
2022,Forereef,LTER_6,3,Secondary Consumer,7.049
2022,Forereef,LTER_6,4,Piscivore_primarily,18.062
2022,Forereef,LTER_6,4,Planktivore,1.475
2022,Forereef,LTER_6,4,Primary Consumer,31.791
2022,Forereef,LTER_6,4,Secondary Consumer,5.528
2022,Fringing,LTER_1,1,Piscivore_primarily,16.782
2022,Fringing,LTER_1,1,Planktivore,2.721
2022,Fringing,LTER_1,1,Primary Consumer,33.304
2022,Fringing,LTER_1,1,Secondary Consumer,16.251
2022,Fringing,LTER_1,2,Piscivore_primarily,0.796
2022,Fringing,LTER_1,2,Planktivore,0.140
2022,Fringing,LTER_1,2,Primary Consumer,38.922
2022,Fringing,LTER_1,2,Secondary Consumer,4.839
2022,Fringing,LTER_1,3,Piscivore_primarily,0.158
2022,Fringing,LTER_1,3,Planktivore,0.143
2022,Fringing,LTER_1,3,Primary Consumer,11.187
2022,Fringing,LTER_1,3,Secondary Consumer,3.306
2022,Fringing,LTER_1,4,Piscivore_primarily,0.227
2022,Fringing,LTER_1,4,Planktivore,0.598
2022,Fringing,LTER_1,4,Primary Consumer,41.644
2022,Fringing,LTER_1,4,Secondary Consumer,5.528
2022,Fringing,LTER_2,1,Piscivore_primarily,5.002
2022,Fringing,LTER_2,1,Planktivore,1.594
2022,Fringing,LTER_2,1,Primary Consumer,24.544
2022,Fringing,LTER_2,1,Secondary Consumer,8.142
2022,Fringing,LTER_2,2,Piscivore_primarily,6.883
2022,Fringing,LTER_2,2,Planktivore,0.237
2022,Fringing,LTER_2,2,Primary Consumer,40.046
2022,Fringing,LTER_2,2,Secondary Consumer,5.961
2022,Fringing,LTER_2,3,Piscivore_primarily,3.728
2022,Fringing,LTER_2,3,Planktivore,0.721
2022,Fringing,LTER_2,3,Primary Consumer,46.051
2022,Fringing,LTER_2,3,Secondary Consumer,9.707
2022,Fringing,LTER_2,4,Piscivore_primarily,2.653
2022,Fringing,LTER_2,4,Planktivore,0.347
2022,Fringing,LTER_2,4,Primary Consumer,63.378
2022,Fringing,LTER_2,4,Secondary Consumer,43.946
2022,Fringing,LTER_3,1,Piscivore_primarily,0.626
2022,Fringing,LTER_3,1,Planktivore,0.951
2022,Fringing,LTER_3,1,Primary Consumer,20.059
2022,Fringing,LTER_3,1,Secondary Consumer,15.831
2022,Fringing,LTER_3,2,Piscivore_primarily,0.936
2022,Fringing,LTER_3,2,Planktivore,1.566
2022,Fringing,LTER_3,2,Primary Consumer,29.975
2022,Fringing,LTER_3,2,Secondary Consumer,29.633
2022,Fringing,LTER_3,3,Piscivore_primarily,1.198
2022,Fringing,LTER_3,3,Planktivore,2.311
2022,Fringing,LTER_3,3,Primary Consumer,12.116
2022,Fringing,LTER_3,3,Secondary Consumer,16.598
2022,Fringing,LTER_3,4,Piscivore_primarily,5.715
2022,Fringing,LTER_3,4,Planktivore,1.547
2022,Fringing,LTER_3,4,Primary Consumer,22.816
2022,Fringing,LTER_3,4,Secondary Consumer,21.759
2022,Fringing,LTER_4,1,Piscivore_primarily,0.177
2022,Fringing,LTER_4,1,Planktivore,2.241
2022,Fringing,LTER_4,1,Primary Consumer,12.136
2022,Fringing,LTER_4,1,Secondary Consumer,11.634
2022,Fringing,LTER_4,2,Piscivore_primarily,1.019
2022,Fringing,LTER_4,2,Planktivore,0.878
2022,Fringing,LTER_4,2,Primary Consumer,8.897
2022,Fringing,LTER_4,2,Secondary Consumer,3.850
2022,Fringing,LTER_4,3,Piscivore_primarily,4.083
2022,Fringing,LTER_4,3,Planktivore,3.608
2022,Fringing,LTER_4,3,Primary Consumer,9.736
2022,Fringing,LTER_4,3,Secondary Consumer,6.936
2022,Fringing,LTER_4,4,Piscivore_primarily,2.181
2022,Fringing,LTER_4,4,Planktivore,0.674
2022,Fringing,LTER_4,4,Primary Consumer,26.009
2022,Fringing,LTER_4,4,Secondary Consumer,41.709
2022,Fringing,LTER_5,1,Piscivore_primarily,0.600
2022,Fringing,LTER_5,1,Planktivore,2.053
2022,Fringing,LTER_5,1,Primary Consumer,13.721
2022,Fringing,LTER_5,1,Secondary Consumer,7.795
2022,Fringing,LTER_5,2,Piscivore_primarily,0.488
2022,Fringing,LTER_5,2,Planktivore,3.965
2022,Fringing,LTER_5,2,Primary Consumer,16.992
2022,Fringing,LTER_5,2,Secondary Consumer,2.416
2022,Fringing,LTER_5,3,Piscivore_primarily,1.917
2022,Fringing,LTER_5,3,Planktivore,3.190
2022,Fringing,LTER_5,3,Primary Consumer,11.466
2022,Fringing,LTER_5,3,Secondary Consumer,8.256
2022,Fringing,LTER_5,4,Piscivore_primarily,31.955
2022,Fringing,LTER_5,4,Planktivore,25.609
2022,Fringing,LTER_5,4,Primary Consumer,49.058
2022,Fringing,LTER_5,4,Secondary Consumer,36.713
2022,Fringing,LTER_6,1,Planktivore,0.237
2022,Fringing,LTER_6,1,Primary Consumer,31.923
2022,Fringing,LTER_6,1,Secondary Consumer,9.196
2022,Fringing,LTER_6,2,Piscivore_primarily,0.236
2022,Fringing,LTER_6,2,Planktivore,1.011
2022,Fringing,LTER_6,2,Primary Consumer,19.560
2022,Fringing,LTER_6,2,Secondary Consumer,7.767
2022,Fringing,LTER_6,3,Piscivore_primarily,3.225
2022,Fringing,LTER_6,3,Planktivore,3.125
2022,Fringing,LTER_6,3,Primary Consumer,15.902
2022,Fringing,LTER_6,3,Secondary Consumer,9.702
2022,Fringing,LTER_6,4,Piscivore_primarily,0.190
2022,Fringing,LTER_6,4,Planktivore,0.120
2022,Fringing,LTER_6,4,Primary Consumer,55.157
2022,Fringing,LTER_6,4,Secondary Consumer,11.134
2023,Backreef,LTER_1,1,Piscivore_primarily,0.288
2023,Backreef,LTER_1,1,Planktivore,0.268
2023,Backreef,LTER_1,1,Primary Consumer,17.316
2023,Backreef,LTER_1,1,Secondary Consumer,7.734
2023,Backreef,LTER_1,2,Piscivore_primarily,0.194
2023,Backreef,LTER_1,2,Planktivore,0.012
2023,Backreef,LTER_1,2,Primary Consumer,38.000
2023,Backreef,LTER_1,2,Secondary Consumer,4.818
2023,Backreef,LTER_1,3,Piscivore_primarily,13.223
2023,Backreef,LTER_1,3,Planktivore,1.069
2023,Backreef,LTER_1,3,Primary Consumer,16.542
2023,Backreef,LTER_1,3,Secondary Consumer,4.322
2023,Backreef,LTER_1,4,Piscivore_primarily,179.374
2023,Backreef,LTER_1,4,Planktivore,0.903
2023,Backreef,LTER_1,4,Primary Consumer,45.588
2023,Backreef,LTER_1,4,Secondary Consumer,2.312
2023,Backreef,LTER_2,1,Piscivore_primarily,58.788
2023,Backreef,LTER_2,1,Planktivore,0.067
2023,Backreef,LTER_2,1,Primary Consumer,82.008
2023,Backreef,LTER_2,1,Secondary Consumer,3.498
2023,Backreef,LTER_2,2,Planktivore,6.195
2023,Backreef,LTER_2,2,Primary Consumer,34.691
2023,Backreef,LTER_2,2,Secondary Consumer,3.656
2023,Backreef,LTER_2,3,Piscivore_primarily,17.435
2023,Backreef,LTER_2,3,Planktivore,0.011
2023,Backreef,LTER_2,3,Primary Consumer,13.346
2023,Backreef,LTER_2,3,Secondary Consumer,5.103
2023,Backreef,LTER_2,4,Piscivore_primarily,0.754
2023,Backreef,LTER_2,4,Planktivore,0.426
2023,Backreef,LTER_2,4,Primary Consumer,13.693
2023,Backreef,LTER_2,4,Secondary Consumer,2.439
2023,Backreef,LTER_3,1,Piscivore_primarily,0.413
2023,Backreef,LTER_3,1,Primary Consumer,34.773
2023,Backreef,LTER_3,1,Secondary Consumer,7.001
2023,Backreef,LTER_3,2,Piscivore_primarily,1.139
2023,Backreef,LTER_3,2,Planktivore,2.110
2023,Backreef,LTER_3,2,Primary Consumer,55.368
2023,Backreef,LTER_3,2,Secondary Consumer,9.778
2023,Backreef,LTER_3,3,Piscivore_primarily,1.266
2023,Backreef,LTER_3,3,Planktivore,0.004
2023,Backreef,LTER_3,3,Primary Consumer,8.804
2023,Backreef,LTER_3,3,Secondary Consumer,4.453
2023,Backreef,LTER_3,4,Piscivore_primarily,0.363
2023,Backreef,LTER_3,4,Planktivore,0.003
2023,Backreef,LTER_3,4,Primary Consumer,7.181
2023,Backreef,LTER_3,4,Secondary Consumer,4.807
2023,Backreef,LTER_4,1,Planktivore,0.140
2023,Backreef,LTER_4,1,Primary Consumer,16.553
2023,Backreef,LTER_4,1,Secondary Consumer,7.703
2023,Backreef,LTER_4,2,Piscivore_primarily,0.598
2023,Backreef,LTER_4,2,Planktivore,0.094
2023,Backreef,LTER_4,2,Primary Consumer,19.520
2023,Backreef,LTER_4,2,Secondary Consumer,10.021
2023,Backreef,LTER_4,3,Piscivore_primarily,0.130
2023,Backreef,LTER_4,3,Planktivore,0.083
2023,Backreef,LTER_4,3,Primary Consumer,5.439
2023,Backreef,LTER_4,3,Secondary Consumer,4.760
2023,Backreef,LTER_4,4,Piscivore_primarily,2.051
2023,Backreef,LTER_4,4,Planktivore,0.017
2023,Backreef,LTER_4,4,Primary Consumer,64.585
2023,Backreef,LTER_4,4,Secondary Consumer,21.460
2023,Backreef,LTER_5,1,Piscivore_primarily,0.580
2023,Backreef,LTER_5,1,Planktivore,0.851
2023,Backreef,LTER_5,1,Primary Consumer,25.262
2023,Backreef,LTER_5,1,Secondary Consumer,10.001
2023,Backreef,LTER_5,2,Planktivore,0.186
2023,Backreef,LTER_5,2,Primary Consumer,33.344
2023,Backreef,LTER_5,2,Secondary Consumer,96.633
2023,Backreef,LTER_5,3,Piscivore_primarily,1.202
2023,Backreef,LTER_5,3,Planktivore,0.397
2023,Backreef,LTER_5,3,Primary Consumer,20.513
2023,Backreef,LTER_5,3,Secondary Consumer,5.632
2023,Backreef,LTER_5,4,Piscivore_primarily,0.309
2023,Backreef,LTER_5,4,Planktivore,0.202
2023,Backreef,LTER_5,4,Primary Consumer,33.647
2023,Backreef,LTER_5,4,Secondary Consumer,4.370
2023,Backreef,LTER_6,1,Piscivore_primarily,0.482
2023,Backreef,LTER_6,1,Primary Consumer,14.137
2023,Backreef,LTER_6,1,Secondary Consumer,7.679
2023,Backreef,LTER_6,2,Piscivore_primarily,0.413
2023,Backreef,LTER_6,2,Planktivore,0.629
2023,Backreef,LTER_6,2,Primary Consumer,39.499
2023,Backreef,LTER_6,2,Secondary Consumer,8.053
2023,Backreef,LTER_6,3,Piscivore_primarily,1.476
2023,Backreef,LTER_6,3,Planktivore,0.247
2023,Backreef,LTER_6,3,Primary Consumer,48.790
2023,Backreef,LTER_6,3,Secondary Consumer,6.028
2023,Backreef,LTER_6,4,Piscivore_primarily,0.242
2023,Backreef,LTER_6,4,Planktivore,0.121
2023,Backreef,LTER_6,4,Primary Consumer,17.118
2023,Backreef,LTER_6,4,Secondary Consumer,1.486
2023,Forereef,LTER_1,1,Piscivore_primarily,3.980
2023,Forereef,LTER_1,1,Planktivore,3.602
2023,Forereef,LTER_1,1,Primary Consumer,27.634
2023,Forereef,LTER_1,1,Secondary Consumer,5.991
2023,Forereef,LTER_1,2,Piscivore_primarily,2.945
2023,Forereef,LTER_1,2,Planktivore,2.317
2023,Forereef,LTER_1,2,Primary Consumer,11.645
2023,Forereef,LTER_1,2,Secondary Consumer,4.145
2023,Forereef,LTER_1,3,Piscivore_primarily,77.952
2023,Forereef,LTER_1,3,Planktivore,1.506
2023,Forereef,LTER_1,3,Primary Consumer,13.610
2023,Forereef,LTER_1,3,Secondary Consumer,5.264
2023,Forereef,LTER_1,4,Piscivore_primarily,4.017
2023,Forereef,LTER_1,4,Planktivore,4.057
2023,Forereef,LTER_1,4,Primary Consumer,26.669
2023,Forereef,LTER_1,4,Secondary Consumer,10.640
2023,Forereef,LTER_2,1,Piscivore_primarily,3.068
2023,Forereef,LTER_2,1,Planktivore,5.283
2023,Forereef,LTER_2,1,Primary Consumer,28.579
2023,Forereef,LTER_2,1,Secondary Consumer,9.632
2023,Forereef,LTER_2,2,Piscivore_primarily,4.401
2023,Forereef,LTER_2,2,Planktivore,6.990
2023,Forereef,LTER_2,2,Primary Consumer,20.757
2023,Forereef,LTER_2,2,Secondary Consumer,2.829
2023,Forereef,LTER_2,3,Piscivore_primarily,1.508
2023,Forereef,LTER_2,3,Planktivore,1.409
2023,Forereef,LTER_2,3,Primary Consumer,13.909
2023,Forereef,LTER_2,3,Secondary Consumer,14.658
2023,Forereef,LTER_2,4,Piscivore_primarily,6.233
2023,Forereef,LTER_2,4,Planktivore,2.878
2023,Forereef,LTER_2,4,Primary Consumer,48.732
2023,Forereef,LTER_2,4,Secondary Consumer,10.250
2023,Forereef,LTER_3,1,Piscivore_primarily,4.122
2023,Forereef,LTER_3,1,Planktivore,1.228
2023,Forereef,LTER_3,1,Primary Consumer,19.942
2023,Forereef,LTER_3,1,Secondary Consumer,10.858
2023,Forereef,LTER_3,2,Piscivore_primarily,5.843
2023,Forereef,LTER_3,2,Planktivore,1.796
2023,Forereef,LTER_3,2,Primary Consumer,56.674
2023,Forereef,LTER_3,2,Secondary Consumer,6.168
2023,Forereef,LTER_3,3,Piscivore_primarily,2.589
2023,Forereef,LTER_3,3,Planktivore,3.241
2023,Forereef,LTER_3,3,Primary Consumer,10.895
2023,Forereef,LTER_3,3,Secondary Consumer,5.695
2023,Forereef,LTER_3,4,Piscivore_primarily,5.292
2023,Forereef,LTER_3,4,Planktivore,15.830
2023,Forereef,LTER_3,4,Primary Consumer,26.116
2023,Forereef,LTER_3,4,Secondary Consumer,10.590
2023,Forereef,LTER_4,1,Piscivore_primarily,1.746
2023,Forereef,LTER_4,1,Planktivore,0.633
2023,Forereef,LTER_4,1,Primary Consumer,11.672
2023,Forereef,LTER_4,1,Secondary Consumer,4.424
2023,Forereef,LTER_4,2,Piscivore_primarily,1.580
2023,Forereef,LTER_4,2,Planktivore,0.817
2023,Forereef,LTER_4,2,Primary Consumer,21.140
2023,Forereef,LTER_4,2,Secondary Consumer,2.948
2023,Forereef,LTER_4,3,Piscivore_primarily,1.927
2023,Forereef,LTER_4,3,Planktivore,2.912
2023,Forereef,LTER_4,3,Primary Consumer,12.900
2023,Forereef,LTER_4,3,Secondary Consumer,4.326
2023,Forereef,LTER_4,4,Piscivore_primarily,3.763
2023,Forereef,LTER_4,4,Planktivore,7.906
2023,Forereef,LTER_4,4,Primary Consumer,16.313
2023,Forereef,LTER_4,4,Secondary Consumer,3.483
2023,Forereef,LTER_5,1,Piscivore_primarily,0.651
2023,Forereef,LTER_5,1,Planktivore,1.685
2023,Forereef,LTER_5,1,Primary Consumer,12.522
2023,Forereef,LTER_5,1,Secondary Consumer,14.944
2023,Forereef,LTER_5,2,Piscivore_primarily,0.192
2023,Forereef,LTER_5,2,Planktivore,1.071
2023,Forereef,LTER_5,2,Primary Consumer,22.608
2023,Forereef,LTER_5,2,Secondary Consumer,3.240
2023,Forereef,LTER_5,3,Planktivore,0.281
2023,Forereef,LTER_5,3,Primary Consumer,17.373
2023,Forereef,LTER_5,3,Secondary Consumer,2.683
2023,Forereef,LTER_5,4,Piscivore_primarily,42.947
2023,Forereef,LTER_5,4,Planktivore,1.773
2023,Forereef,LTER_5,4,Primary Consumer,15.864
2023,Forereef,LTER_5,4,Secondary Consumer,2.535
2023,Forereef,LTER_6,1,Piscivore_primarily,0.894
2023,Forereef,LTER_6,1,Planktivore,0.693
2023,Forereef,LTER_6,1,Primary Consumer,11.668
2023,Forereef,LTER_6,1,Secondary Consumer,8.445
2023,Forereef,LTER_6,2,Piscivore_primarily,7.231
2023,Forereef,LTER_6,2,Planktivore,0.129
2023,Forereef,LTER_6,2,Primary Consumer,41.344
2023,Forereef,LTER_6,2,Secondary Consumer,4.126
2023,Forereef,LTER_6,3,Piscivore_primarily,0.914
2023,Forereef,LTER_6,3,Planktivore,1.425
2023,Forereef,LTER_6,3,Primary Consumer,17.976
2023,Forereef,LTER_6,3,Secondary Consumer,21.310
2023,Forereef,LTER_6,4,Piscivore_primarily,0.753
2023,Forereef,LTER_6,4,Planktivore,0.184
2023,Forereef,LTER_6,4,Primary Consumer,30.772
2023,Forereef,LTER_6,4,Secondary Consumer,3.153
2023,Fringing,LTER_1,1,Piscivore_primarily,7.539
2023,Fringing,LTER_1,1,Planktivore,1.855
2023,Fringing,LTER_1,1,Primary Consumer,35.361
2023,Fringing,LTER_1,1,Secondary Consumer,15.448
2023,Fringing,LTER_1,2,Piscivore_primarily,3.850
2023,Fringing,LTER_1,2,Planktivore,0.631
2023,Fringing,LTER_1,2,Primary Consumer,37.651
2023,Fringing,LTER_1,2,Secondary Consumer,11.039
2023,Fringing,LTER_1,3,Piscivore_primarily,0.716
2023,Fringing,LTER_1,3,Planktivore,2.944
2023,Fringing,LTER_1,3,Primary Consumer,10.466
2023,Fringing,LTER_1,3,Secondary Consumer,3.598
2023,Fringing,LTER_1,4,Piscivore_primarily,3.525
2023,Fringing,LTER_1,4,Planktivore,0.493
2023,Fringing,LTER_1,4,Primary Consumer,19.866
2023,Fringing,LTER_1,4,Secondary Consumer,3.821
2023,Fringing,LTER_2,1,Piscivore_primarily,1.380
2023,Fringing,LTER_2,1,Planktivore,1.158
2023,Fringing,LTER_2,1,Primary Consumer,16.425
2023,Fringing,LTER_2,1,Secondary Consumer,17.617
2023,Fringing,LTER_2,2,Piscivore_primarily,6.448
2023,Fringing,LTER_2,2,Planktivore,10.815
2023,Fringing,LTER_2,2,Primary Consumer,18.754
2023,Fringing,LTER_2,2,Secondary Consumer,16.539
2023,Fringing,LTER_2,3,Piscivore_primarily,7.103
2023,Fringing,LTER_2,3,Planktivore,5.148
2023,Fringing,LTER_2,3,Primary Consumer,24.150
2023,Fringing,LTER_2,3,Secondary Consumer,22.534
2023,Fringing,LTER_2,4,Piscivore_primarily,4.029
2023,Fringing,LTER_2,4,Planktivore,0.474
2023,Fringing,LTER_2,4,Primary Consumer,53.387
2023,Fringing,LTER_2,4,Secondary Consumer,40.756
2023,Fringing,LTER_3,1,Piscivore_primarily,0.854
2023,Fringing,LTER_3,1,Planktivore,1.036
2023,Fringing,LTER_3,1,Primary Consumer,24.955
2023,Fringing,LTER_3,1,Secondary Consumer,12.425
2023,Fringing,LTER_3,2,Piscivore_primarily,6.455
2023,Fringing,LTER_3,2,Planktivore,1.651
2023,Fringing,LTER_3,2,Primary Consumer,20.830
2023,Fringing,LTER_3,2,Secondary Consumer,14.159
2023,Fringing,LTER_3,3,Piscivore_primarily,0.384
2023,Fringing,LTER_3,3,Planktivore,2.797
2023,Fringing,LTER_3,3,Primary Consumer,9.054
2023,Fringing,LTER_3,3,Secondary Consumer,15.352
2023,Fringing,LTER_3,4,Piscivore_primarily,1.910
2023,Fringing,LTER_3,4,Planktivore,2.540
2023,Fringing,LTER_3,4,Primary Consumer,17.150
2023,Fringing,LTER_3,4,Secondary Consumer,9.422
2023,Fringing,LTER_4,1,Piscivore_primarily,1.339
2023,Fringing,LTER_4,1,Planktivore,3.472
2023,Fringing,LTER_4,1,Primary Consumer,8.171
2023,Fringing,LTER_4,1,Secondary Consumer,220.571
2023,Fringing,LTER_4,2,Piscivore_primarily,3.285
2023,Fringing,LTER_4,2,Planktivore,1.278
2023,Fringing,LTER_4,2,Primary Consumer,14.486
2023,Fringing,LTER_4,2,Secondary Consumer,23.620
2023,Fringing,LTER_4,3,Piscivore_primarily,1.226
2023,Fringing,LTER_4,3,Planktivore,1.748
2023,Fringing,LTER_4,3,Primary Consumer,16.696
2023,Fringing,LTER_4,3,Secondary Consumer,6.669
2023,Fringing,LTER_4,4,Piscivore_primarily,0.503
2023,Fringing,LTER_4,4,Planktivore,0.785
2023,Fringing,LTER_4,4,Primary Consumer,31.257
2023,Fringing,LTER_4,4,Secondary Consumer,5.302
2023,Fringing,LTER_5,1,Planktivore,17.344
2023,Fringing,LTER_5,1,Primary Consumer,8.244
2023,Fringing,LTER_5,1,Secondary Consumer,7.169
2023,Fringing,LTER_5,2,Piscivore_primarily,0.466
2023,Fringing,LTER_5,2,Planktivore,0.783
2023,Fringing,LTER_5,2,Primary Consumer,6.419
2023,Fringing,LTER_5,2,Secondary Consumer,3.888
2023,Fringing,LTER_5,3,Piscivore_primarily,0.532
2023,Fringing,LTER_5,3,Planktivore,6.899
2023,Fringing,LTER_5,3,Primary Consumer,9.893
2023,Fringing,LTER_5,3,Secondary Consumer,11.331
2023,Fringing,LTER_5,4,Piscivore_primarily,485.022
2023,Fringing,LTER_5,4,Planktivore,15.648
2023,Fringing,LTER_5,4,Primary Consumer,72.629
2023,Fringing,LTER_5,4,Secondary Consumer,35.446
2023,Fringing,LTER_6,1,Piscivore_primarily,0.344
2023,Fringing,LTER_6,1,Planktivore,0.051
2023,Fringing,LTER_6,1,Primary Consumer,8.576
2023,Fringing,LTER_6,1,Secondary Consumer,5.638
2023,Fringing,LTER_6,2,Piscivore_primarily,0.068
2023,Fringing,LTER_6,2,Planktivore,2.620
2023,Fringing,LTER_6,2,Primary Consumer,9.035
2023,Fringing,LTER_6,2,Secondary Consumer,26.247
2023,Fringing,LTER_6,3,Piscivore_primarily,0.194
2023,Fringing,LTER_6,3,Planktivore,0.114
2023,Fringing,LTER_6,3,Primary Consumer,9.408
2023,Fringing,LTER_6,3,Secondary Consumer,4.582
2023,Fringing,LTER_6,4,Piscivore_primarily,0.117
2023,Fringing,LTER_6,4,Planktivore,0.237
2023,Fringing,LTER_6,4,Primary Consumer,19.152
2023,Fringing,LTER_6,4,Secondary Consumer,10.210
2024,Backreef,LTER_1,1,Planktivore,0.110
2024,Backreef,LTER_1,1,Primary Consumer,25.302
2024,Backreef,LTER_1,1,Secondary Consumer,9.590
2024,Backreef,LTER_1,2,Piscivore_primarily,0.100
2024,Backreef,LTER_1,2,Planktivore,0.046
2024,Backreef,LTER_1,2,Primary Consumer,55.603
2024,Backreef,LTER_1,2,Secondary Consumer,3.492
2024,Backreef,LTER_1,3,Piscivore_primarily,1.283
2024,Backreef,LTER_1,3,Planktivore,0.592
2024,Backreef,LTER_1,3,Primary Consumer,33.922
2024,Backreef,LTER_1,3,Secondary Consumer,10.332
2024,Backreef,LTER_1,4,Piscivore_primarily,97.302
2024,Backreef,LTER_1,4,Planktivore,1.334
2024,Backreef,LTER_1,4,Primary Consumer,41.030
2024,Backreef,LTER_1,4,Secondary Consumer,4.308
2024,Backreef,LTER_2,1,Planktivore,0.104
2024,Backreef,LTER_2,1,Primary Consumer,11.699
2024,Backreef,LTER_2,1,Secondary Consumer,6.064
2024,Backreef,LTER_2,2,Piscivore_primarily,232.902
2024,Backreef,LTER_2,2,Primary Consumer,28.355
2024,Backreef,LTER_2,2,Secondary Consumer,4.879
2024,Backreef,LTER_2,3,Piscivore_primarily,1.477
2024,Backreef,LTER_2,3,Planktivore,4.562
2024,Backreef,LTER_2,3,Primary Consumer,39.951
2024,Backreef,LTER_2,3,Secondary Consumer,11.767
2024,Backreef,LTER_2,4,Piscivore_primarily,0.100
2024,Backreef,LTER_2,4,Planktivore,0.580
2024,Backreef,LTER_2,4,Primary Consumer,20.888
2024,Backreef,LTER_2,4,Secondary Consumer,3.111
2024,Backreef,LTER_3,1,Piscivore_primarily,120.872
2024,Backreef,LTER_3,1,Primary Consumer,30.645
2024,Backreef,LTER_3,1,Secondary Consumer,12.623
2024,Backreef,LTER_3,2,Piscivore_primarily,1.895
2024,Backreef,LTER_3,2,Planktivore,0.335
2024,Backreef,LTER_3,2,Primary Consumer,49.189
2024,Backreef,LTER_3,2,Secondary Consumer,7.567
2024,Backreef,LTER_3,3,Planktivore,0.013
2024,Backreef,LTER_3,3,Primary Consumer,21.785
2024,Backreef,LTER_3,3,Secondary Consumer,15.131
2024,Backreef,LTER_3,4,Piscivore_primarily,0.236
2024,Backreef,LTER_3,4,Primary Consumer,11.656
2024,Backreef,LTER_3,4,Secondary Consumer,5.611
2024,Backreef,LTER_4,1,Planktivore,0.053
2024,Backreef,LTER_4,1,Primary Consumer,23.955
2024,Backreef,LTER_4,1,Secondary Consumer,4.428
2024,Backreef,LTER_4,2,Piscivore_primarily,1.041
2024,Backreef,LTER_4,2,Planktivore,0.362
2024,Backreef,LTER_4,2,Primary Consumer,14.214
2024,Backreef,LTER_4,2,Secondary Consumer,12.203
2024,Backreef,LTER_4,3,Planktivore,0.013
2024,Backreef,LTER_4,3,Primary Consumer,21.496
2024,Backreef,LTER_4,3,Secondary Consumer,35.604
2024,Backreef,LTER_4,4,Piscivore_primarily,2.498
2024,Backreef,LTER_4,4,Planktivore,1.220
2024,Backreef,LTER_4,4,Primary Consumer,15.538
2024,Backreef,LTER_4,4,Secondary Consumer,5.355
2024,Backreef,LTER_5,1,Piscivore_primarily,2.405
2024,Backreef,LTER_5,1,Planktivore,0.101
2024,Backreef,LTER_5,1,Primary Consumer,15.052
2024,Backreef,LTER_5,1,Secondary Consumer,8.573
2024,Backreef,LTER_5,2,Piscivore_primarily,1.157
2024,Backreef,LTER_5,2,Planktivore,0.610
2024,Backreef,LTER_5,2,Primary Consumer,53.785
2024,Backreef,LTER_5,2,Secondary Consumer,5.711
2024,Backreef,LTER_5,3,Piscivore_primarily,17.697
2024,Backreef,LTER_5,3,Planktivore,0.016
2024,Backreef,LTER_5,3,Primary Consumer,40.675
2024,Backreef,LTER_5,3,Secondary Consumer,6.574
2024,Backreef,LTER_5,4,Piscivore_primarily,119.954
2024,Backreef,LTER_5,4,Planktivore,0.215
2024,Backreef,LTER_5,4,Primary Consumer,27.287
2024,Backreef,LTER_5,4,Secondary Consumer,2.260
2024,Backreef,LTER_6,1,Piscivore_primarily,0.366
2024,Backreef,LTER_6,1,Primary Consumer,71.694
2024,Backreef,LTER_6,1,Secondary Consumer,5.004
2024,Backreef,LTER_6,2,Piscivore_primarily,0.200
2024,Backreef,LTER_6,2,Planktivore,0.479
2024,Backreef,LTER_6,2,Primary Consumer,39.194
2024,Backreef,LTER_6,2,Secondary Consumer,4.457
2024,Backreef,LTER_6,3,Piscivore_primarily,1.971
2024,Backreef,LTER_6,3,Planktivore,0.048
2024,Backreef,LTER_6,3,Primary Consumer,68.791
2024,Backreef,LTER_6,3,Secondary Consumer,19.016
2024,Backreef,LTER_6,4,Piscivore_primarily,1.006
2024,Backreef,LTER_6,4,Planktivore,0.289
2024,Backreef,LTER_6,4,Primary Consumer,28.074
2024,Backreef,LTER_6,4,Secondary Consumer,4.413
2024,Forereef,LTER_1,1,Piscivore_primarily,6.427
2024,Forereef,LTER_1,1,Planktivore,2.806
2024,Forereef,LTER_1,1,Primary Consumer,26.070
2024,Forereef,LTER_1,1,Secondary Consumer,7.083
2024,Forereef,LTER_1,2,Piscivore_primarily,8.819
2024,Forereef,LTER_1,2,Planktivore,3.145
2024,Forereef,LTER_1,2,Primary Consumer,30.293
2024,Forereef,LTER_1,2,Secondary Consumer,8.490
2024,Forereef,LTER_1,3,Piscivore_primarily,3.345
2024,Forereef,LTER_1,3,Planktivore,1.717
2024,Forereef,LTER_1,3,Primary Consumer,35.576
2024,Forereef,LTER_1,3,Secondary Consumer,6.766
2024,Forereef,LTER_1,4,Piscivore_primarily,13.712
2024,Forereef,LTER_1,4,Planktivore,3.907
2024,Forereef,LTER_1,4,Primary Consumer,38.357
2024,Forereef,LTER_1,4,Secondary Consumer,8.229
2024,Forereef,LTER_2,1,Piscivore_primarily,12.634
2024,Forereef,LTER_2,1,Planktivore,3.932
2024,Forereef,LTER_2,1,Primary Consumer,26.975
2024,Forereef,LTER_2,1,Secondary Consumer,3.073
2024,Forereef,LTER_2,2,Piscivore_primarily,2.804
2024,Forereef,LTER_2,2,Planktivore,2.336
2024,Forereef,LTER_2,2,Primary Consumer,23.867
2024,Forereef,LTER_2,2,Secondary Consumer,4.109
2024,Forereef,LTER_2,3,Piscivore_primarily,8.934
2024,Forereef,LTER_2,3,Planktivore,2.377
2024,Forereef,LTER_2,3,Primary Consumer,44.778
2024,Forereef,LTER_2,3,Secondary Consumer,12.776
2024,Forereef,LTER_2,4,Piscivore_primarily,7.198
2024,Forereef,LTER_2,4,Planktivore,3.716
2024,Forereef,LTER_2,4,Primary Consumer,63.400
2024,Forereef,LTER_2,4,Secondary Consumer,8.009
2024,Forereef,LTER_3,1,Piscivore_primarily,9.237
2024,Forereef,LTER_3,1,Planktivore,3.374
2024,Forereef,LTER_3,1,Primary Consumer,13.660
2024,Forereef,LTER_3,1,Secondary Consumer,9.593
2024,Forereef,LTER_3,2,Piscivore_primarily,4.195
2024,Forereef,LTER_3,2,Planktivore,3.005
2024,Forereef,LTER_3,2,Primary Consumer,33.317
2024,Forereef,LTER_3,2,Secondary Consumer,7.198
2024,Forereef,LTER_3,3,Piscivore_primarily,10.949
2024,Forereef,LTER_3,3,Planktivore,4.336
2024,Forereef,LTER_3,3,Primary Consumer,48.448
2024,Forereef,LTER_3,3,Secondary Consumer,5.816
2024,Forereef,LTER_3,3,na,3.580
2024,Forereef,LTER_3,4,Piscivore_primarily,5.192
2024,Forereef,LTER_3,4,Planktivore,15.578
2024,Forereef,LTER_3,4,Primary Consumer,33.556
2024,Forereef,LTER_3,4,Secondary Consumer,9.757
2024,Forereef,LTER_4,1,Piscivore_primarily,1.348
2024,Forereef,LTER_4,1,Planktivore,1.329
2024,Forereef,LTER_4,1,Primary Consumer,17.632
2024,Forereef,LTER_4,1,Secondary Consumer,5.690
2024,Forereef,LTER_4,2,Piscivore_primarily,3.643
2024,Forereef,LTER_4,2,Planktivore,1.924
2024,Forereef,LTER_4,2,Primary Consumer,41.057
2024,Forereef,LTER_4,2,Secondary Consumer,2.568
2024,Forereef,LTER_4,3,Piscivore_primarily,23.978
2024,Forereef,LTER_4,3,Planktivore,10.214
2024,Forereef,LTER_4,3,Primary Consumer,68.164
2024,Forereef,LTER_4,3,Secondary Consumer,13.639
2024,Forereef,LTER_4,4,Piscivore_primarily,2.415
2024,Forereef,LTER_4,4,Planktivore,37.551
2024,Forereef,LTER_4,4,Primary Consumer,34.654
2024,Forereef,LTER_4,4,Secondary Consumer,9.102
2024,Forereef,LTER_5,1,Piscivore_primarily,1.291
2024,Forereef,LTER_5,1,Planktivore,0.666
2024,Forereef,LTER_5,1,Primary Consumer,3.310
2024,Forereef,LTER_5,1,Secondary Consumer,5.422
2024,Forereef,LTER_5,2,Piscivore_primarily,11.966
2024,Forereef,LTER_5,2,Planktivore,2.069
2024,Forereef,LTER_5,2,Primary Consumer,5.067
2024,Forereef,LTER_5,2,Secondary Consumer,1.621
2024,Forereef,LTER_5,3,Piscivore_primarily,2.282
2024,Forereef,LTER_5,3,Planktivore,5.746
2024,Forereef,LTER_5,3,Primary Consumer,50.431
2024,Forereef,LTER_5,3,Secondary Consumer,6.253
2024,Forereef,LTER_5,4,Piscivore_primarily,1.425
2024,Forereef,LTER_5,4,Planktivore,2.654
2024,Forereef,LTER_5,4,Primary Consumer,16.269
2024,Forereef,LTER_5,4,Secondary Consumer,4.538
2024,Forereef,LTER_6,1,Piscivore_primarily,23.230
2024,Forereef,LTER_6,1,Planktivore,3.533
2024,Forereef,LTER_6,1,Primary Consumer,29.764
2024,Forereef,LTER_6,1,Secondary Consumer,13.976
2024,Forereef,LTER_6,2,Piscivore_primarily,80.375
2024,Forereef,LTER_6,2,Planktivore,0.862
2024,Forereef,LTER_6,2,Primary Consumer,23.563
2024,Forereef,LTER_6,2,Secondary Consumer,6.867
2024,Forereef,LTER_6,3,Piscivore_primarily,3.559
2024,Forereef,LTER_6,3,Planktivore,0.777
2024,Forereef,LTER_6,3,Primary Consumer,76.847
2024,Forereef,LTER_6,3,Secondary Consumer,7.908
2024,Forereef,LTER_6,4,Piscivore_primarily,4.777
2024,Forereef,LTER_6,4,Planktivore,3.783
2024,Forereef,LTER_6,4,Primary Consumer,33.021
2024,Forereef,LTER_6,4,Secondary Consumer,4.137
2024,Fringing,LTER_1,1,Piscivore_primarily,17.561
2024,Fringing,LTER_1,1,Planktivore,3.436
2024,Fringing,LTER_1,1,Primary Consumer,24.264
2024,Fringing,LTER_1,1,Secondary Consumer,13.433
2024,Fringing,LTER_1,2,Piscivore_primarily,5.783
2024,Fringing,LTER_1,2,Planktivore,0.856
2024,Fringing,LTER_1,2,Primary Consumer,92.829
2024,Fringing,LTER_1,2,Secondary Consumer,17.163
2024,Fringing,LTER_1,3,Piscivore_primarily,5.798
2024,Fringing,LTER_1,3,Planktivore,0.200
2024,Fringing,LTER_1,3,Primary Consumer,44.307
2024,Fringing,LTER_1,3,Secondary Consumer,5.711
2024,Fringing,LTER_1,4,Piscivore_primarily,1.849
2024,Fringing,LTER_1,4,Planktivore,0.822
2024,Fringing,LTER_1,4,Primary Consumer,13.222
2024,Fringing,LTER_1,4,Secondary Consumer,4.686
2024,Fringing,LTER_2,1,Piscivore_primarily,4.524
2024,Fringing,LTER_2,1,Planktivore,2.401
2024,Fringing,LTER_2,1,Primary Consumer,18.240
2024,Fringing,LTER_2,1,Secondary Consumer,5.533
2024,Fringing,LTER_2,2,Piscivore_primarily,3.790
2024,Fringing,LTER_2,2,Planktivore,4.370
2024,Fringing,LTER_2,2,Primary Consumer,14.886
2024,Fringing,LTER_2,2,Secondary Consumer,24.621
2024,Fringing,LTER_2,3,Piscivore_primarily,4.188
2024,Fringing,LTER_2,3,Planktivore,3.638
2024,Fringing,LTER_2,3,Primary Consumer,43.105
2024,Fringing,LTER_2,3,Secondary Consumer,18.561
2024,Fringing,LTER_2,4,Piscivore_primarily,3.143
2024,Fringing,LTER_2,4,Planktivore,3.310
2024,Fringing,LTER_2,4,Primary Consumer,53.152
2024,Fringing,LTER_2,4,Secondary Consumer,39.168
2024,Fringing,LTER_3,1,Piscivore_primarily,2.438
2024,Fringing,LTER_3,1,Planktivore,5.596
2024,Fringing,LTER_3,1,Primary Consumer,9.957
2024,Fringing,LTER_3,1,Secondary Consumer,13.682
2024,Fringing,LTER_3,2,Piscivore_primarily,0.200
2024,Fringing,LTER_3,2,Planktivore,0.374
2024,Fringing,LTER_3,2,Primary Consumer,11.553
2024,Fringing,LTER_3,2,Secondary Consumer,10.863
2024,Fringing,LTER_3,3,Piscivore_primarily,2.223
2024,Fringing,LTER_3,3,Planktivore,10.159
2024,Fringing,LTER_3,3,Primary Consumer,19.181
2024,Fringing,LTER_3,3,Secondary Consumer,16.017
2024,Fringing,LTER_3,4,Piscivore_primarily,1.579
2024,Fringing,LTER_3,4,Planktivore,4.842
2024,Fringing,LTER_3,4,Primary Consumer,11.726
2024,Fringing,LTER_3,4,Secondary Consumer,4.533
2024,Fringing,LTER_4,1,Piscivore_primarily,0.464
2024,Fringing,LTER_4,1,Planktivore,5.755
2024,Fringing,LTER_4,1,Primary Consumer,12.005
2024,Fringing,LTER_4,1,Secondary Consumer,9.846
2024,Fringing,LTER_4,2,Piscivore_primarily,0.443
2024,Fringing,LTER_4,2,Planktivore,1.282
2024,Fringing,LTER_4,2,Primary Consumer,7.493
2024,Fringing,LTER_4,2,Secondary Consumer,5.535
2024,Fringing,LTER_4,3,Piscivore_primarily,7.842
2024,Fringing,LTER_4,3,Planktivore,1.920
2024,Fringing,LTER_4,3,Primary Consumer,25.437
2024,Fringing,LTER_4,3,Secondary Consumer,31.846
2024,Fringing,LTER_4,4,Piscivore_primarily,1.686
2024,Fringing,LTER_4,4,Planktivore,0.583
2024,Fringing,LTER_4,4,Primary Consumer,33.962
2024,Fringing,LTER_4,4,Secondary Consumer,10.389
2024,Fringing,LTER_5,1,Piscivore_primarily,1.121
2024,Fringing,LTER_5,1,Planktivore,15.890
2024,Fringing,LTER_5,1,Primary Consumer,9.834
2024,Fringing,LTER_5,1,Secondary Consumer,10.765
2024,Fringing,LTER_5,2,Piscivore_primarily,0.855
2024,Fringing,LTER_5,2,Planktivore,1.153
2024,Fringing,LTER_5,2,Primary Consumer,26.439
2024,Fringing,LTER_5,2,Secondary Consumer,6.423
2024,Fringing,LTER_5,3,Piscivore_primarily,3.489
2024,Fringing,LTER_5,3,Planktivore,3.801
2024,Fringing,LTER_5,3,Primary Consumer,34.368
2024,Fringing,LTER_5,3,Secondary Consumer,8.240
2024,Fringing,LTER_5,4,Piscivore_primarily,83.410
2024,Fringing,LTER_5,4,Planktivore,32.479
2024,Fringing,LTER_5,4,Primary Consumer,49.385
2024,Fringing,LTER_5,4,Secondary Consumer,64.503
2024,Fringing,LTER_6,1,Piscivore_primarily,1.914
2024,Fringing,LTER_6,1,Planktivore,0.955
2024,Fringing,LTER_6,1,Primary Consumer,32.440
2024,Fringing,LTER_6,1,Secondary Consumer,27.682
2024,Fringing,LTER_6,2,Piscivore_primarily,0.288
2024,Fringing,LTER_6,2,Planktivore,0.176
2024,Fringing,LTER_6,2,Primary Consumer,32.781
2024,Fringing,LTER_6,2,Secondary Consumer,20.086
2024,Fringing,LTER_6,3,Planktivore,1.197
2024,Fringing,LTER_6,3,Primary Consumer,42.050
2024,Fringing,LTER_6,3,Secondary Consumer,23.440
2024,Fringing,LTER_6,4,Piscivore_primarily,1.836
2024,Fringing,LTER_6,4,Planktivore,0.042
2024,Fringing,LTER_6,4,Primary Consumer,29.385
2024,Fringing,LTER_6,4,Secondary Consumer,15.871
2025,Backreef,LTER_1,1,Piscivore_primarily,0.896
2025,Backreef,LTER_1,1,Planktivore,0.410
2025,Backreef,LTER_1,1,Primary Consumer,25.747
2025,Backreef,LTER_1,1,Secondary Consumer,3.311
2025,Backreef,LTER_1,2,Planktivore,0.014
2025,Backreef,LTER_1,2,Primary Consumer,40.942
2025,Backreef,LTER_1,2,Secondary Consumer,4.912
2025,Backreef,LTER_1,3,Piscivore_primarily,2.994
2025,Backreef,LTER_1,3,Planktivore,0.003
2025,Backreef,LTER_1,3,Primary Consumer,56.509
2025,Backreef,LTER_1,3,Secondary Consumer,12.990
2025,Backreef,LTER_1,4,Piscivore_primarily,41.278
2025,Backreef,LTER_1,4,Planktivore,0.226
2025,Backreef,LTER_1,4,Primary Consumer,64.048
2025,Backreef,LTER_1,4,Secondary Consumer,5.645
2025,Backreef,LTER_2,1,Piscivore_primarily,55.029
2025,Backreef,LTER_2,1,Planktivore,0.033
2025,Backreef,LTER_2,1,Primary Consumer,16.306
2025,Backreef,LTER_2,1,Secondary Consumer,5.249
2025,Backreef,LTER_2,2,Primary Consumer,37.075
2025,Backreef,LTER_2,2,Secondary Consumer,5.327
2025,Backreef,LTER_2,3,Piscivore_primarily,3.958
2025,Backreef,LTER_2,3,Planktivore,0.004
2025,Backreef,LTER_2,3,Primary Consumer,31.484
2025,Backreef,LTER_2,3,Secondary Consumer,9.967
2025,Backreef,LTER_2,4,Piscivore_primarily,3.147
2025,Backreef,LTER_2,4,Primary Consumer,7.939
2025,Backreef,LTER_2,4,Secondary Consumer,1.431
2025,Backreef,LTER_3,1,Planktivore,0.535
2025,Backreef,LTER_3,1,Primary Consumer,20.480
2025,Backreef,LTER_3,1,Secondary Consumer,3.315
2025,Backreef,LTER_3,2,Piscivore_primarily,233.339
2025,Backreef,LTER_3,2,Planktivore,1.738
2025,Backreef,LTER_3,2,Primary Consumer,31.546
2025,Backreef,LTER_3,2,Secondary Consumer,8.142
2025,Backreef,LTER_3,3,Primary Consumer,12.060
2025,Backreef,LTER_3,3,Secondary Consumer,9.275
2025,Backreef,LTER_3,4,Piscivore_primarily,0.488
2025,Backreef,LTER_3,4,Primary Consumer,18.452
2025,Backreef,LTER_3,4,Secondary Consumer,7.348
2025,Backreef,LTER_4,1,Planktivore,0.508
2025,Backreef,LTER_4,1,Primary Consumer,11.336
2025,Backreef,LTER_4,1,Secondary Consumer,16.498
2025,Backreef,LTER_4,2,Piscivore_primarily,0.572
2025,Backreef,LTER_4,2,Planktivore,0.449
2025,Backreef,LTER_4,2,Primary Consumer,17.564
2025,Backreef,LTER_4,2,Secondary Consumer,7.482
2025,Backreef,LTER_4,3,Planktivore,0.061
2025,Backreef,LTER_4,3,Primary Consumer,7.856
2025,Backreef,LTER_4,3,Secondary Consumer,7.906
2025,Backreef,LTER_4,4,Piscivore_primarily,0.488
2025,Backreef,LTER_4,4,Planktivore,0.391
2025,Backreef,LTER_4,4,Primary Consumer,33.703
2025,Backreef,LTER_4,4,Secondary Consumer,16.666
2025,Backreef,LTER_5,1,Piscivore_primarily,20.225
2025,Backreef,LTER_5,1,Planktivore,1.106
2025,Backreef,LTER_5,1,Primary Consumer,28.474
2025,Backreef,LTER_5,1,Secondary Consumer,65.710
2025,Backreef,LTER_5,2,Planktivore,0.642
2025,Backreef,LTER_5,2,Primary Consumer,28.927
2025,Backreef,LTER_5,2,Secondary Consumer,8.213
2025,Backreef,LTER_5,3,Piscivore_primarily,0.305
2025,Backreef,LTER_5,3,Planktivore,0.025
2025,Backreef,LTER_5,3,Primary Consumer,33.239
2025,Backreef,LTER_5,3,Secondary Consumer,7.468
2025,Backreef,LTER_5,4,Primary Consumer,44.756
2025,Backreef,LTER_5,4,Secondary Consumer,5.089
2025,Backreef,LTER_6,1,Piscivore_primarily,1.737
2025,Backreef,LTER_6,1,Planktivore,0.105
2025,Backreef,LTER_6,1,Primary Consumer,21.096
2025,Backreef,LTER_6,1,Secondary Consumer,4.675
2025,Backreef,LTER_6,2,Planktivore,0.312
2025,Backreef,LTER_6,2,Primary Consumer,95.248
2025,Backreef,LTER_6,2,Secondary Consumer,6.864
2025,Backreef,LTER_6,3,Piscivore_primarily,0.282
2025,Backreef,LTER_6,3,Planktivore,0.324
2025,Backreef,LTER_6,3,Primary Consumer,48.857
2025,Backreef,LTER_6,3,Secondary Consumer,7.466
2025,Backreef,LTER_6,4,Planktivore,0.093
2025,Backreef,LTER_6,4,Primary Consumer,57.009
2025,Backreef,LTER_6,4,Secondary Consumer,2.427
2025,Forereef,LTER_1,1,Piscivore_primarily,5.138
2025,Forereef,LTER_1,1,Planktivore,0.240
2025,Forereef,LTER_1,1,Primary Consumer,20.126
2025,Forereef,LTER_1,1,Secondary Consumer,3.536
2025,Forereef,LTER_1,2,Piscivore_primarily,4.637
2025,Forereef,LTER_1,2,Planktivore,1.182
2025,Forereef,LTER_1,2,Primary Consumer,16.528
2025,Forereef,LTER_1,2,Secondary Consumer,5.195
2025,Forereef,LTER_1,3,Piscivore_primarily,13.901
2025,Forereef,LTER_1,3,Planktivore,3.970
2025,Forereef,LTER_1,3,Primary Consumer,37.184
2025,Forereef,LTER_1,3,Secondary Consumer,8.502
2025,Forereef,LTER_1,4,Planktivore,0.007
2025,Forereef,LTER_1,4,Primary Consumer,0.963
2025,Forereef,LTER_1,4,Secondary Consumer,2.370
2025,Forereef,LTER_2,1,Piscivore_primarily,3.321
2025,Forereef,LTER_2,1,Planktivore,0.645
2025,Forereef,LTER_2,1,Primary Consumer,23.438
2025,Forereef,LTER_2,1,Secondary Consumer,6.235
2025,Forereef,LTER_2,2,Piscivore_primarily,6.370
2025,Forereef,LTER_2,2,Planktivore,3.196
2025,Forereef,LTER_2,2,Primary Consumer,103.871
2025,Forereef,LTER_2,2,Secondary Consumer,5.165
2025,Forereef,LTER_2,3,Piscivore_primarily,12.571
2025,Forereef,LTER_2,3,Planktivore,3.683
2025,Forereef,LTER_2,3,Primary Consumer,120.867
2025,Forereef,LTER_2,3,Secondary Consumer,6.733
2025,Forereef,LTER_2,4,Piscivore_primarily,3.788
2025,Forereef,LTER_2,4,Planktivore,4.855
2025,Forereef,LTER_2,4,Primary Consumer,63.575
2025,Forereef,LTER_2,4,Secondary Consumer,5.297
2025,Forereef,LTER_3,1,Piscivore_primarily,5.508
2025,Forereef,LTER_3,1,Planktivore,1.840
2025,Forereef,LTER_3,1,Primary Consumer,21.379
2025,Forereef,LTER_3,1,Secondary Consumer,4.267
2025,Forereef,LTER_3,2,Piscivore_primarily,4.995
2025,Forereef,LTER_3,2,Planktivore,0.150
2025,Forereef,LTER_3,2,Primary Consumer,21.062
2025,Forereef,LTER_3,2,Secondary Consumer,3.249
2025,Forereef,LTER_3,3,Piscivore_primarily,17.973
2025,Forereef,LTER_3,3,Planktivore,2.728
2025,Forereef,LTER_3,3,Primary Consumer,38.496
2025,Forereef,LTER_3,3,Secondary Consumer,6.814
2025,Forereef,LTER_3,4,Piscivore_primarily,2.438
2025,Forereef,LTER_3,4,Planktivore,2.258
2025,Forereef,LTER_3,4,Primary Consumer,45.470
2025,Forereef,LTER_3,4,Secondary Consumer,7.373
2025,Forereef,LTER_4,1,Piscivore_primarily,1.962
2025,Forereef,LTER_4,1,Planktivore,3.145
2025,Forereef,LTER_4,1,Primary Consumer,21.334
2025,Forereef,LTER_4,1,Secondary Consumer,3.501
2025,Forereef,LTER_4,2,Piscivore_primarily,477.210
2025,Forereef,LTER_4,2,Planktivore,2.224
2025,Forereef,LTER_4,2,Primary Consumer,37.995
2025,Forereef,LTER_4,2,Secondary Consumer,6.878
2025,Forereef,LTER_4,3,Piscivore_primarily,17.810
2025,Forereef,LTER_4,3,Planktivore,3.573
2025,Forereef,LTER_4,3,Primary Consumer,37.547
2025,Forereef,LTER_4,3,Secondary Consumer,7.119
2025,Forereef,LTER_4,4,Piscivore_primarily,8.601
2025,Forereef,LTER_4,4,Planktivore,0.478
2025,Forereef,LTER_4,4,Primary Consumer,35.825
2025,Forereef,LTER_4,4,Secondary Consumer,5.991
2025,Forereef,LTER_5,1,Piscivore_primarily,19.738
2025,Forereef,LTER_5,1,Planktivore,1.312
2025,Forereef,LTER_5,1,Primary Consumer,11.068
2025,Forereef,LTER_5,1,Secondary Consumer,4.861
2025,Forereef,LTER_5,2,Piscivore_primarily,3.590
2025,Forereef,LTER_5,2,Planktivore,3.529
2025,Forereef,LTER_5,2,Primary Consumer,18.858
2025,Forereef,LTER_5,2,Secondary Consumer,2.154
2025,Forereef,LTER_5,3,Piscivore_primarily,11.136
2025,Forereef,LTER_5,3,Planktivore,2.259
2025,Forereef,LTER_5,3,Primary Consumer,28.118
2025,Forereef,LTER_5,3,Secondary Consumer,4.119
2025,Forereef,LTER_5,4,Piscivore_primarily,1.553
2025,Forereef,LTER_5,4,Planktivore,7.294
2025,Forereef,LTER_5,4,Primary Consumer,30.421
2025,Forereef,LTER_5,4,Secondary Consumer,4.456
2025,Forereef,LTER_6,1,Piscivore_primarily,3.018
2025,Forereef,LTER_6,1,Planktivore,1.320
2025,Forereef,LTER_6,1,Primary Consumer,34.716
2025,Forereef,LTER_6,1,Secondary Consumer,7.412
2025,Forereef,LTER_6,2,Piscivore_primarily,3.699
2025,Forereef,LTER_6,2,Planktivore,0.519
2025,Forereef,LTER_6,2,Primary Consumer,28.003
2025,Forereef,LTER_6,2,Secondary Consumer,4.990
2025,Forereef,LTER_6,3,Piscivore_primarily,12.201
2025,Forereef,LTER_6,3,Planktivore,2.994
2025,Forereef,LTER_6,3,Primary Consumer,113.714
2025,Forereef,LTER_6,3,Secondary Consumer,21.336
2025,Forereef,LTER_6,4,Piscivore_primarily,1.858
2025,Forereef,LTER_6,4,Planktivore,1.558
2025,Forereef,LTER_6,4,Primary Consumer,32.927
2025,Forereef,LTER_6,4,Secondary Consumer,28.062
2025,Fringing,LTER_1,1,Piscivore_primarily,1.757
2025,Fringing,LTER_1,1,Planktivore,2.499
2025,Fringing,LTER_1,1,Primary Consumer,25.398
2025,Fringing,LTER_1,1,Secondary Consumer,15.372
2025,Fringing,LTER_1,2,Piscivore_primarily,3.855
2025,Fringing,LTER_1,2,Planktivore,0.979
2025,Fringing,LTER_1,2,Primary Consumer,37.006
2025,Fringing,LTER_1,2,Secondary Consumer,5.053
2025,Fringing,LTER_1,3,Piscivore_primarily,5.044
2025,Fringing,LTER_1,3,Planktivore,0.294
2025,Fringing,LTER_1,3,Primary Consumer,59.990
2025,Fringing,LTER_1,3,Secondary Consumer,5.040
2025,Fringing,LTER_1,4,Piscivore_primarily,2.824
2025,Fringing,LTER_1,4,Planktivore,0.486
2025,Fringing,LTER_1,4,Primary Consumer,16.226
2025,Fringing,LTER_1,4,Secondary Consumer,16.721
2025,Fringing,LTER_2,1,Piscivore_primarily,9.920
2025,Fringing,LTER_2,1,Planktivore,1.794
2025,Fringing,LTER_2,1,Primary Consumer,20.742
2025,Fringing,LTER_2,1,Secondary Consumer,7.154
2025,Fringing,LTER_2,2,Piscivore_primarily,0.620
2025,Fringing,LTER_2,2,Planktivore,0.741
2025,Fringing,LTER_2,2,Primary Consumer,11.090
2025,Fringing,LTER_2,2,Secondary Consumer,6.349
2025,Fringing,LTER_2,3,Piscivore_primarily,1.201
2025,Fringing,LTER_2,3,Planktivore,1.068
2025,Fringing,LTER_2,3,Primary Consumer,42.055
2025,Fringing,LTER_2,3,Secondary Consumer,34.750
2025,Fringing,LTER_2,4,Piscivore_primarily,8.436
2025,Fringing,LTER_2,4,Planktivore,0.228
2025,Fringing,LTER_2,4,Primary Consumer,83.181
2025,Fringing,LTER_2,4,Secondary Consumer,48.049
2025,Fringing,LTER_3,1,Piscivore_primarily,0.832
2025,Fringing,LTER_3,1,Planktivore,3.307
2025,Fringing,LTER_3,1,Primary Consumer,13.417
2025,Fringing,LTER_3,1,Secondary Consumer,25.926
2025,Fringing,LTER_3,1,na,1.292
2025,Fringing,LTER_3,2,Piscivore_primarily,1.086
2025,Fringing,LTER_3,2,Planktivore,5.394
2025,Fringing,LTER_3,2,Primary Consumer,11.411
2025,Fringing,LTER_3,2,Secondary Consumer,5.188
2025,Fringing,LTER_3,3,Piscivore_primarily,12.138
2025,Fringing,LTER_3,3,Planktivore,5.732
2025,Fringing,LTER_3,3,Primary Consumer,23.576
2025,Fringing,LTER_3,3,Secondary Consumer,8.656
2025,Fringing,LTER_3,4,Piscivore_primarily,2.188
2025,Fringing,LTER_3,4,Planktivore,2.824
2025,Fringing,LTER_3,4,Primary Consumer,29.899
2025,Fringing,LTER_3,4,Secondary Consumer,13.960
2025,Fringing,LTER_4,1,Piscivore_primarily,0.524
2025,Fringing,LTER_4,1,Planktivore,1.238
2025,Fringing,LTER_4,1,Primary Consumer,8.311
2025,Fringing,LTER_4,1,Secondary Consumer,4.701
2025,Fringing,LTER_4,2,Piscivore_primarily,0.282
2025,Fringing,LTER_4,2,Planktivore,1.483
2025,Fringing,LTER_4,2,Primary Consumer,7.024
2025,Fringing,LTER_4,2,Secondary Consumer,3.360
2025,Fringing,LTER_4,3,Piscivore_primarily,2.636
2025,Fringing,LTER_4,3,Planktivore,7.049
2025,Fringing,LTER_4,3,Primary Consumer,54.927
2025,Fringing,LTER_4,3,Secondary Consumer,80.784
2025,Fringing,LTER_4,4,Piscivore_primarily,4.263
2025,Fringing,LTER_4,4,Planktivore,0.203
2025,Fringing,LTER_4,4,Primary Consumer,57.452
2025,Fringing,LTER_4,4,Secondary Consumer,44.534
2025,Fringing,LTER_5,1,Piscivore_primarily,1.778
2025,Fringing,LTER_5,1,Planktivore,22.878
2025,Fringing,LTER_5,1,Primary Consumer,7.689
2025,Fringing,LTER_5,1,Secondary Consumer,3.565
2025,Fringing,LTER_5,2,Piscivore_primarily,0.962
2025,Fringing,LTER_5,2,Planktivore,3.364
2025,Fringing,LTER_5,2,Primary Consumer,6.378
2025,Fringing,LTER_5,2,Secondary Consumer,5.737
2025,Fringing,LTER_5,3,Piscivore_primarily,0.572
2025,Fringing,LTER_5,3,Planktivore,8.538
2025,Fringing,LTER_5,3,Primary Consumer,23.752
2025,Fringing,LTER_5,3,Secondary Consumer,30.229
2025,Fringing,LTER_5,4,Piscivore_primarily,107.694
2025,Fringing,LTER_5,4,Planktivore,3.214
2025,Fringing,LTER_5,4,Primary Consumer,45.689
2025,Fringing,LTER_5,4,Secondary Consumer,121.483
2025,Fringing,LTER_6,1,Planktivore,8.345
2025,Fringing,LTER_6,1,Primary Consumer,1.859
2025,Fringing,LTER_6,1,Secondary Consumer,8.456
2025,Fringing,LTER_6,2,Planktivore,0.051
2025,Fringing,LTER_6,2,Primary Consumer,3.457
2025,Fringing,LTER_6,2,Secondary Consumer,7.795
2025,Fringing,LTER_6,3,Piscivore_primarily,0.342
2025,Fringing,LTER_6,3,Planktivore,0.267
2025,Fringing,LTER_6,3,Primary Consumer,15.735
2025,Fringing,LTER_6,3,Secondary Consumer,11.389
2025,Fringing,LTER_6,4,Piscivore_primarily,0.389
2025,Fringing,LTER_6,4,Planktivore,0.121
2025,Fringing,LTER_6,4,Primary Consumer,13.237
2025,Fringing,LTER_6,4,Secondary Consumer,8.792
